venue_code,service_day,total_bookings,avg_party_size
V0001,03-Oct-2019,4,2.7
V0001,05-Jul-2019,18,4.1
V0001,08-Jul-2019,2,3.6
V0001,09-Sep-2019,9,3.2
V0001,10-Oct-2019,3,2.2
V0001,11-Jul-2019,4,2.2
V0001,13-Oct-2019,2,1.9
V0001,14-Sep-2019,12,3.9
V0001,20-Sep-2019,3,3.2
V0001,22-May-2019,2,3.5
V0001,24-Oct-2019,2,1.8
V0001,26-Jun-2019,9,4.1
V0002,01-Jun-2019,6,3.8
V0002,01-Nov-2019,1,2.3
V0002,01-Sep-2019,5,2.2
V0002,02-Dec-2019,10,2.2
V0002,02-Jun-2019,4,2.5
V0002,02-Nov-2019,9,3.1
V0002,02-Oct-2019,11,2.8
V0002,03-Aug-2019,10,2.5
V0002,03-Oct-2019,6,3.3
V0002,04-Aug-2019,2,2.1
V0002,05-Aug-2019,9,2.5
V0002,05-Jul-2019,2,2.7
V0002,05-Jun-2019,17,2.9
V0002,06-Jul-2019,15,3.7
V0002,06-Jun-2019,3,2.3
V0002,06-Oct-2019,9,3.0
V0002,06-Sep-2019,2,3.2
V0002,07-Aug-2019,6,1.9
V0002,07-Jul-2019,6,3.3
V0002,07-Jun-2019,2,2.2
V0002,08-Aug-2019,6,2.0
V0002,09-Jun-2019,13,4.1
V0002,09-Sep-2019,9,4.1
V0002,10-Aug-2019,2,3.7
V0002,10-Jul-2019,2,2.5
V0002,10-Nov-2019,26,2.0
V0002,11-Aug-2019,2,3.4
V0002,11-Oct-2019,11,2.9
V0002,11-Sep-2019,1,2.1
V0002,12-Jul-2019,2,3.0
V0002,12-Jun-2019,3,1.9
V0002,12-Sep-2019,6,4.0
V0002,13-Jul-2019,7,2.4
V0002,13-Jun-2019,9,3.4
V0002,13-Oct-2019,14,2.5
V0002,14-Aug-2019,11,3.0
V0002,14-Jul-2019,2,3.1
V0002,14-Nov-2019,3,2.2
V0002,15-Aug-2019,5,4.1
V0002,15-Jun-2019,2,3.7
V0002,15-Nov-2019,2,4.1
V0002,15-Sep-2019,4,3.9
V0002,16-Aug-2019,2,3.2
V0002,16-Nov-2019,4,4.0
V0002,16-Oct-2019,8,2.0
V0002,17-Aug-2019,16,2.3
V0002,17-Jul-2019,2,1.9
V0002,17-Jun-2019,10,2.6
V0002,17-Oct-2019,2,2.7
V0002,18-Aug-2019,1,2.5
V0002,18-Jul-2019,3,3.8
V0002,18-Oct-2019,4,2.7
V0002,18-Sep-2019,2,2.5
V0002,19-Jun-2019,2,3.1
V0002,19-May-2019,12,2.1
V0002,19-Oct-2019,8,3.7
V0002,19-Sep-2019,2,2.0
V0002,20-Nov-2019,3,4.2
V0002,20-Oct-2019,4,3.7
V0002,20-Sep-2019,4,2.3
V0002,21-Nov-2019,2,1.8
V0002,21-Sep-2019,6,3.8
V0002,22-Aug-2019,13,3.5
V0002,22-Sep-2019,3,3.5
V0002,23-Aug-2019,8,3.7
V0002,23-Jun-2019,3,2.0
V0002,23-May-2019,10,2.7
V0002,23-Oct-2019,8,2.1
V0002,24-May-2019,3,3.9
V0002,24-Nov-2019,2,3.3
V0002,25-Oct-2019,10,2.6
V0002,25-Sep-2019,4,2.0
V0002,26-Jun-2019,4,2.5
V0002,26-Sep-2019,3,2.6
V0002,27-Jun-2019,2,3.6
V0002,27-Sep-2019,6,3.3
V0002,28-Aug-2019,4,3.9
V0002,28-Jul-2019,3,2.9
V0002,28-Jun-2019,2,2.1
V0002,28-Nov-2019,3,3.5
V0002,29-Aug-2019,10,3.6
V0002,29-Jun-2019,9,3.1
V0002,29-Sep-2019,6,3.7
V0002,30-Aug-2019,5,3.0
V0002,30-May-2019,9,3.1
V0002,31-Aug-2019,13,2.8
V0005,01-Jun-2019,2,1.9
V0005,01-Oct-2019,3,2.1
V0005,03-Jun-2019,2,1.9
V0005,05-Sep-2019,5,3.3
V0005,07-Oct-2019,3,2.6
V0005,10-Sep-2019,50,3.0
V0005,17-Sep-2019,9,4.0
V0005,20-May-2019,3,2.4
V0005,24-May-2019,2,2.8
V0005,25-Aug-2019,3,3.6
V0005,27-May-2019,4,2.3
V0005,28-Jul-2019,5,2.0
V0005,28-Oct-2019,2,2.5
V0008,01-Aug-2018,24,2.2
V0008,01-Aug-2019,23,4.0
V0008,01-Dec-2018,32,3.7
V0008,01-Dec-2019,21,3.3
V0008,01-Jul-2019,62,3.9
V0008,01-Jun-2019,10,3.7
V0008,01-Nov-2019,40,2.2
V0008,01-Sep-2018,15,3.9
V0008,01-Sep-2019,60,3.1
V0008,02-Aug-2018,16,3.7
V0008,02-Aug-2019,14,4.0
V0008,02-Dec-2018,48,2.6
V0008,02-Jun-2019,8,2.1
V0008,02-Nov-2018,23,2.3
V0008,02-Nov-2019,33,2.8
V0008,02-Oct-2018,20,3.8
V0008,02-Oct-2019,23,3.9
V0008,02-Sep-2018,60,1.8
V0008,02-Sep-2019,62,3.0
V0008,03-Aug-2018,6,2.8
V0008,03-Aug-2019,37,2.3
V0008,03-Dec-2018,48,2.1
V0008,03-Jul-2019,22,2.6
V0008,03-Jun-2019,53,4.1
V0008,03-Nov-2018,43,2.6
V0008,03-Nov-2019,68,3.0
V0008,03-Oct-2018,25,3.5
V0008,03-Oct-2019,6,2.7
V0008,03-Sep-2018,43,4.1
V0008,04-Aug-2018,17,4.1
V0008,04-Aug-2019,39,2.4
V0008,04-Dec-2018,24,3.0
V0008,04-Dec-2019,5,2.5
V0008,04-Jul-2019,23,2.5
V0008,04-Nov-2018,27,1.9
V0008,04-Nov-2019,70,3.3
V0008,04-Oct-2018,7,3.0
V0008,04-Oct-2019,18,1.9
V0008,04-Sep-2018,10,2.5
V0008,04-Sep-2019,12,4.0
V0008,05-Aug-2018,70,2.4
V0008,05-Aug-2019,63,2.1
V0008,05-Jul-2019,4,3.0
V0008,05-Jun-2019,5,4.2
V0008,05-Nov-2018,27,2.4
V0008,05-Oct-2018,13,3.4
V0008,05-Oct-2019,53,3.6
V0008,05-Sep-2019,27,2.4
V0008,06-Aug-2018,14,3.5
V0008,06-Dec-2018,16,2.7
V0008,06-Jul-2019,65,3.3
V0008,06-Jun-2019,3,3.3
V0008,06-Nov-2018,4,3.1
V0008,06-Nov-2019,32,2.0
V0008,06-Oct-2018,44,3.8
V0008,06-Oct-2019,53,2.6
V0008,06-Sep-2018,8,2.2
V0008,06-Sep-2019,19,1.9
V0008,07-Aug-2018,36,3.2
V0008,07-Aug-2019,11,3.4
V0008,07-Jul-2019,30,1.8
V0008,07-Jun-2019,5,3.0
V0008,07-Nov-2018,10,2.3
V0008,07-Nov-2019,26,3.3
V0008,07-Oct-2018,91,2.2
V0008,07-Oct-2019,35,3.5
V0008,07-Sep-2018,8,2.7
V0008,07-Sep-2019,7,4.0
V0008,08-Aug-2018,31,2.1
V0008,08-Aug-2019,37,2.6
V0008,08-Dec-2018,10,2.1
V0008,08-Dec-2019,35,4.0
V0008,08-Jul-2019,22,3.9
V0008,08-Jun-2019,14,2.4
V0008,08-Nov-2018,11,3.4
V0008,08-Nov-2019,18,3.8
V0008,08-Oct-2018,64,3.1
V0008,08-Oct-2019,23,3.1
V0008,08-Sep-2018,28,2.4
V0008,08-Sep-2019,42,2.0
V0008,09-Jun-2019,53,4.0
V0008,09-Nov-2019,21,4.0
V0008,09-Oct-2018,19,3.3
V0008,09-Sep-2018,53,2.6
V0008,09-Sep-2019,60,2.6
V0008,10-Aug-2018,10,3.5
V0008,10-Aug-2019,2,4.0
V0008,10-Dec-2018,46,3.9
V0008,10-Jul-2019,44,3.7
V0008,10-Jun-2019,54,3.3
V0008,10-Nov-2018,27,2.0
V0008,10-Nov-2019,75,2.2
V0008,10-Oct-2019,23,4.0
V0008,10-Sep-2018,7,3.3
V0008,11-Aug-2018,39,1.8
V0008,11-Aug-2019,70,2.0
V0008,11-Dec-2018,12,3.4
V0008,11-Jul-2019,17,1.8
V0008,11-Nov-2018,73,2.2
V0008,11-Nov-2019,55,3.1
V0008,11-Oct-2018,34,3.5
V0008,11-Oct-2019,23,3.4
V0008,11-Sep-2018,2,2.3
V0008,11-Sep-2019,15,3.5
V0008,12-Aug-2018,53,2.4
V0008,12-Aug-2019,51,2.6
V0008,12-Dec-2018,7,3.6
V0008,12-Jul-2019,48,3.4
V0008,12-Jun-2019,5,3.8
V0008,12-Nov-2018,42,3.4
V0008,12-Oct-2018,57,3.2
V0008,12-Oct-2019,34,2.0
V0008,12-Sep-2018,2,2.7
V0008,12-Sep-2019,35,2.4
V0008,13-Aug-2018,61,2.4
V0008,13-Jul-2019,69,4.1
V0008,13-Jun-2019,49,2.7
V0008,13-Nov-2018,16,3.9
V0008,13-Nov-2019,8,3.3
V0008,13-Oct-2018,62,3.7
V0008,13-Oct-2019,78,3.0
V0008,13-Sep-2019,21,3.2
V0008,14-Aug-2018,9,3.0
V0008,14-Aug-2019,33,2.3
V0008,14-Jul-2019,39,3.5
V0008,14-Jun-2019,2,2.5
V0008,14-Oct-2018,72,1.9
V0008,14-Oct-2019,68,3.3
V0008,14-Sep-2018,30,2.2
V0008,14-Sep-2019,6,4.1
V0008,15-Aug-2018,34,4.1
V0008,15-Aug-2019,6,4.0
V0008,15-Dec-2019,31,2.7
V0008,15-Jul-2019,24,1.8
V0008,15-Jun-2019,8,4.0
V0008,15-Nov-2018,35,2.8
V0008,15-Nov-2019,24,4.1
V0008,15-Oct-2018,45,4.1
V0008,15-Sep-2019,47,3.8
V0008,16-Aug-2018,39,2.5
V0008,16-Aug-2019,33,2.7
V0008,16-Jun-2019,78,3.8
V0008,16-Nov-2018,27,2.6
V0008,16-Nov-2019,2,2.2
V0008,16-Oct-2018,2,3.1
V0008,16-Oct-2019,30,4.0
V0008,16-Sep-2018,29,3.5
V0008,16-Sep-2019,53,3.2
V0008,17-Aug-2018,14,2.0
V0008,17-Aug-2019,14,3.3
V0008,17-Jul-2019,24,4.2
V0008,17-Nov-2018,65,2.1
V0008,17-Nov-2019,32,3.0
V0008,17-Oct-2018,21,3.9
V0008,17-Oct-2019,9,3.6
V0008,17-Sep-2018,70,3.5
V0008,18-Aug-2018,32,3.5
V0008,18-Aug-2019,49,2.7
V0008,18-Jul-2019,11,2.5
V0008,18-May-2019,42,3.7
V0008,18-Nov-2018,32,3.7
V0008,18-Nov-2019,22,3.9
V0008,18-Oct-2018,36,4.0
V0008,18-Oct-2019,29,3.0
V0008,18-Sep-2018,3,3.0
V0008,18-Sep-2019,32,3.7
V0008,19-Aug-2018,53,3.4
V0008,19-Aug-2019,63,3.5
V0008,19-Jul-2019,37,3.7
V0008,19-Jun-2019,20,3.9
V0008,19-May-2019,54,2.6
V0008,19-Nov-2018,32,2.7
V0008,19-Oct-2018,38,2.0
V0008,19-Oct-2019,35,3.2
V0008,19-Sep-2019,17,1.9
V0008,20-Aug-2018,65,2.9
V0008,20-Jul-2019,83,3.1
V0008,20-Jun-2019,3,2.5
V0008,20-May-2019,4,3.2
V0008,20-Nov-2018,25,1.9
V0008,20-Nov-2019,28,1.9
V0008,20-Oct-2019,41,3.8
V0008,20-Sep-2018,9,2.7
V0008,20-Sep-2019,24,2.1
V0008,21-Aug-2018,14,3.1
V0008,21-Aug-2019,24,3.6
V0008,21-Jul-2019,9,2.3
V0008,21-Jun-2019,26,3.3
V0008,21-Nov-2018,4,2.0
V0008,21-Nov-2019,20,1.9
V0008,21-Oct-2018,16,3.1
V0008,21-Oct-2019,32,3.1
V0008,21-Sep-2018,19,3.3
V0008,21-Sep-2019,20,3.5
V0008,22-Aug-2018,14,4.1
V0008,22-Aug-2019,6,3.0
V0008,22-Jun-2019,21,2.6
V0008,22-May-2019,12,3.7
V0008,22-Nov-2018,23,2.4
V0008,22-Nov-2019,4,2.9
V0008,22-Oct-2018,23,2.0
V0008,22-Sep-2018,4,1.9
V0008,22-Sep-2019,51,4.1
V0008,23-Aug-2018,24,3.8
V0008,23-Aug-2019,2,3.5
V0008,23-Jun-2019,64,2.8
V0008,23-May-2019,12,2.2
V0008,23-Nov-2018,17,2.2
V0008,23-Nov-2019,2,2.4
V0008,23-Oct-2018,10,3.1
V0008,23-Oct-2019,15,3.5
V0008,23-Sep-2018,36,3.4
V0008,23-Sep-2019,47,2.5
V0008,24-Aug-2018,2,4.1
V0008,24-Aug-2019,29,3.6
V0008,24-Jun-2019,4,3.1
V0008,24-May-2019,21,3.3
V0008,24-Nov-2018,4,2.8
V0008,24-Nov-2019,2,2.4
V0008,24-Oct-2018,25,2.7
V0008,24-Oct-2019,31,3.6
V0008,24-Sep-2018,35,1.8
V0008,25-Aug-2018,2,2.1
V0008,25-Aug-2019,40,1.9
V0008,25-Jul-2019,23,1.9
V0008,25-May-2019,2,3.9
V0008,25-Nov-2018,32,3.5
V0008,25-Nov-2019,4,2.9
V0008,25-Oct-2018,22,2.0
V0008,25-Sep-2018,16,3.0
V0008,25-Sep-2019,3,2.9
V0008,26-Aug-2019,25,2.2
V0008,26-Jul-2019,5,2.8
V0008,26-Jun-2019,7,2.8
V0008,26-May-2019,52,3.3
V0008,26-Nov-2018,19,3.3
V0008,26-Oct-2018,43,1.9
V0008,26-Oct-2019,12,2.7
V0008,26-Sep-2018,19,3.3
V0008,26-Sep-2019,16,3.0
V0008,27-Aug-2018,58,3.9
V0008,27-Jul-2019,4,3.4
V0008,27-Jun-2019,10,2.2
V0008,27-May-2019,54,2.0
V0008,27-Nov-2018,7,3.3
V0008,27-Nov-2019,17,1.9
V0008,27-Oct-2018,26,3.2
V0008,27-Oct-2019,71,4.1
V0008,27-Sep-2018,34,3.2
V0008,27-Sep-2019,22,2.7
V0008,28-Aug-2018,5,3.3
V0008,28-Aug-2019,34,2.9
V0008,28-Jul-2018,17,3.1
V0008,28-Jul-2019,36,4.1
V0008,28-Jun-2019,49,2.7
V0008,28-Oct-2018,62,4.1
V0008,28-Oct-2019,58,4.0
V0008,28-Sep-2018,42,2.3
V0008,28-Sep-2019,27,2.0
V0008,29-Aug-2019,18,2.0
V0008,29-Jul-2018,62,1.8
V0008,29-Jul-2019,59,2.0
V0008,29-Jun-2019,31,3.4
V0008,29-May-2019,8,2.0
V0008,29-Nov-2018,7,2.6
V0008,29-Oct-2018,27,3.8
V0008,29-Sep-2018,13,1.9
V0008,29-Sep-2019,54,3.8
V0008,30-Aug-2019,18,2.5
V0008,30-Jul-2018,54,2.1
V0008,30-Jun-2019,22,3.5
V0008,30-May-2019,9,3.3
V0008,30-Nov-2018,41,3.9
V0008,30-Oct-2018,15,3.6
V0008,30-Oct-2019,26,3.7
V0008,30-Sep-2018,59,2.5
V0008,30-Sep-2019,15,2.2
V0008,31-Aug-2018,32,3.6
V0008,31-Aug-2019,17,3.7
V0008,31-Jul-2018,15,4.2
V0008,31-Jul-2019,5,2.8
V0008,31-May-2019,28,2.7
V0008,31-Oct-2018,35,3.7
V0008,31-Oct-2019,14,2.6
V0009,04-Jun-2019,6,4.0
V0009,07-Jun-2019,16,3.9
V0009,10-Jun-2019,37,2.8
V0009,13-Jun-2019,10,3.6
V0009,14-Jul-2019,13,3.6
V0009,15-Jun-2019,24,2.0
V0009,24-May-2019,29,4.0
V0009,25-May-2019,15,3.0
V0009,26-Jun-2019,10,3.8
V0009,27-May-2019,36,2.6
V0009,31-May-2019,12,3.9
V0011,01-Jul-2019,37,2.7
V0011,01-Jun-2019,7,1.8
V0011,01-Nov-2019,3,4.0
V0011,01-Oct-2019,10,2.0
V0011,01-Sep-2019,29,2.6
V0011,02-Jul-2019,7,4.1
V0011,02-Jun-2019,5,4.1
V0011,02-Sep-2019,38,3.2
V0011,03-Aug-2019,4,3.3
V0011,03-Jul-2019,4,2.9
V0011,03-Jun-2019,37,2.5
V0011,03-Nov-2019,51,2.6
V0011,03-Oct-2019,2,3.4
V0011,03-Sep-2019,6,3.6
V0011,04-Aug-2019,28,3.7
V0011,04-Jul-2019,16,3.7
V0011,04-Jun-2019,11,2.0
V0011,04-Nov-2019,15,3.0
V0011,04-Oct-2019,3,1.9
V0011,04-Sep-2019,18,3.1
V0011,05-Aug-2019,17,2.9
V0011,05-Jul-2019,17,3.9
V0011,05-Jun-2019,2,2.6
V0011,05-Nov-2019,4,2.1
V0011,05-Oct-2019,9,2.1
V0011,06-Aug-2019,6,3.6
V0011,06-Jul-2019,14,3.3
V0011,06-Jun-2019,4,2.0
V0011,06-Nov-2019,2,2.0
V0011,06-Oct-2019,13,3.5
V0011,06-Sep-2019,2,2.0
V0011,07-Jul-2019,23,3.8
V0011,07-Jun-2019,14,3.5
V0011,07-Nov-2019,1,2.0
V0011,07-Oct-2019,23,2.0
V0011,08-Aug-2019,2,4.2
V0011,08-Jul-2019,36,2.7
V0011,08-Jun-2019,24,2.7
V0011,08-Nov-2019,14,3.8
V0011,08-Oct-2019,19,4.1
V0011,08-Sep-2019,13,4.2
V0011,09-Aug-2019,21,3.6
V0011,09-Dec-2019,5,2.7
V0011,09-Jul-2019,4,2.0
V0011,09-Jun-2019,21,3.7
V0011,09-Nov-2019,5,3.1
V0011,09-Oct-2019,7,2.8
V0011,09-Sep-2019,21,4.0
V0011,10-Aug-2019,9,2.1
V0011,10-Jul-2019,4,3.0
V0011,10-Jun-2019,34,1.8
V0011,10-Nov-2019,14,2.9
V0011,10-Oct-2019,13,1.9
V0011,10-Sep-2019,20,2.1
V0011,11-Aug-2019,26,2.1
V0011,11-Jul-2019,12,3.4
V0011,11-Jun-2019,22,3.6
V0011,11-Nov-2019,16,3.2
V0011,11-Oct-2019,9,4.1
V0011,11-Sep-2019,6,2.7
V0011,12-Aug-2019,34,2.5
V0011,12-Jul-2019,10,3.9
V0011,12-Nov-2019,11,2.3
V0011,12-Sep-2019,2,4.1
V0011,13-Aug-2019,6,1.8
V0011,13-Jul-2019,42,4.1
V0011,13-Jun-2019,6,1.9
V0011,13-Oct-2019,34,3.9
V0011,13-Sep-2019,6,3.1
V0011,14-Aug-2019,26,4.2
V0011,14-Jul-2019,23,2.0
V0011,14-Jun-2019,3,3.1
V0011,14-Nov-2019,10,4.1
V0011,14-Oct-2019,37,3.1
V0011,15-Aug-2019,2,3.3
V0011,15-Jul-2019,24,3.5
V0011,15-Jun-2019,5,2.9
V0011,15-Nov-2019,2,3.3
V0011,15-Oct-2019,6,3.2
V0011,15-Sep-2019,28,4.0
V0011,16-Aug-2019,4,1.9
V0011,16-Jul-2019,3,2.5
V0011,16-Jun-2019,28,4.1
V0011,16-Oct-2019,7,3.9
V0011,16-Sep-2019,36,2.9
V0011,17-Aug-2019,11,3.3
V0011,17-Jul-2019,42,2.5
V0011,17-Jun-2019,24,2.3
V0011,17-Oct-2019,6,2.9
V0011,17-Sep-2019,16,2.6
V0011,18-Aug-2019,33,3.2
V0011,18-Jul-2019,42,2.0
V0011,18-Jun-2019,9,4.1
V0011,18-May-2019,4,4.2
V0011,18-Oct-2019,6,3.5
V0011,18-Sep-2019,7,3.1
V0011,19-Aug-2019,36,2.5
V0011,19-Jul-2019,38,3.8
V0011,19-Jun-2019,3,3.4
V0011,19-May-2019,23,2.2
V0011,19-Sep-2019,9,4.0
V0011,20-Aug-2019,2,3.8
V0011,20-Jul-2019,52,4.1
V0011,20-Jun-2019,6,3.5
V0011,20-May-2019,26,3.3
V0011,20-Oct-2019,25,2.8
V0011,20-Sep-2019,4,4.0
V0011,21-Aug-2019,9,3.9
V0011,21-Jul-2019,48,1.9
V0011,21-Jun-2019,18,1.9
V0011,21-May-2019,7,2.7
V0011,21-Oct-2019,36,3.7
V0011,21-Sep-2019,4,4.2
V0011,22-Aug-2019,14,2.2
V0011,22-Jun-2019,13,3.2
V0011,22-May-2019,13,2.7
V0011,22-Oct-2019,2,4.1
V0011,22-Sep-2019,15,3.8
V0011,23-Aug-2019,7,3.8
V0011,23-Jul-2019,19,2.9
V0011,23-Jun-2019,22,2.8
V0011,23-May-2019,8,2.5
V0011,23-Oct-2019,19,1.9
V0011,23-Sep-2019,36,3.9
V0011,24-Aug-2019,12,3.8
V0011,24-Jul-2019,31,4.2
V0011,24-Jun-2019,30,4.2
V0011,24-May-2019,19,3.1
V0011,24-Sep-2019,19,3.6
V0011,25-Aug-2019,13,4.1
V0011,25-Jul-2019,19,3.8
V0011,25-Jun-2019,6,2.4
V0011,25-May-2019,5,2.9
V0011,25-Oct-2019,4,2.1
V0011,25-Sep-2019,2,4.1
V0011,26-Aug-2019,37,3.3
V0011,26-Jul-2019,7,2.3
V0011,26-Jun-2019,9,3.4
V0011,26-May-2019,25,3.3
V0011,26-Sep-2019,2,2.7
V0011,27-Aug-2019,14,2.1
V0011,27-Jul-2019,12,3.4
V0011,27-May-2019,26,3.0
V0011,27-Oct-2019,29,3.7
V0011,27-Sep-2019,13,3.0
V0011,28-Aug-2019,7,3.8
V0011,28-Jul-2019,21,3.1
V0011,28-Jun-2019,15,3.1
V0011,28-May-2019,12,3.9
V0011,28-Oct-2019,23,2.8
V0011,28-Sep-2019,6,2.1
V0011,29-Jul-2019,25,1.9
V0011,29-May-2019,4,3.6
V0011,29-Sep-2019,9,3.3
V0011,30-Jun-2019,19,3.5
V0011,30-Sep-2019,30,2.3
V0011,31-Aug-2019,2,2.1
V0011,31-May-2019,11,1.8
V0011,31-Oct-2019,29,2.6
V0016,01-Jul-2019,13,3.2
V0016,01-Nov-2019,2,2.7
V0016,01-Sep-2019,2,2.8
V0016,02-Aug-2019,5,4.0
V0016,02-Jun-2019,10,2.6
V0016,02-Oct-2019,8,3.0
V0016,03-Jun-2019,6,3.7
V0016,04-Jul-2019,4,2.8
V0016,05-Aug-2019,7,3.3
V0016,05-Jun-2019,5,3.9
V0016,05-Oct-2019,2,4.1
V0016,06-Jul-2019,6,2.2
V0016,06-Oct-2019,21,4.0
V0016,07-Jul-2019,14,3.0
V0016,08-Jul-2019,24,2.4
V0016,08-Jun-2019,2,2.9
V0016,08-Sep-2019,7,4.2
V0016,09-Jun-2019,2,3.0
V0016,09-Sep-2019,4,2.6
V0016,10-Jun-2019,10,3.3
V0016,11-Aug-2019,19,2.4
V0016,11-Jul-2019,3,2.0
V0016,12-Aug-2019,6,2.1
V0016,13-Jun-2019,8,2.1
V0016,13-Oct-2019,6,2.2
V0016,16-Nov-2019,5,2.1
V0016,17-Jul-2019,11,3.3
V0016,17-Jun-2019,20,2.2
V0016,17-Nov-2019,11,2.6
V0016,18-Aug-2019,10,4.0
V0016,18-Jul-2019,10,2.9
V0016,19-Aug-2019,9,3.4
V0016,19-Jul-2019,19,2.2
V0016,19-May-2019,11,2.3
V0016,20-Jun-2019,13,1.9
V0016,20-May-2019,15,2.2
V0016,20-Oct-2019,10,2.5
V0016,21-Jul-2019,12,2.2
V0016,21-Jun-2019,11,2.0
V0016,21-Oct-2019,19,2.1
V0016,22-Aug-2019,4,2.9
V0016,22-Jun-2019,8,2.3
V0016,23-Jun-2019,7,2.7
V0016,24-Jun-2019,11,3.0
V0016,25-Jul-2019,8,3.5
V0016,25-May-2019,11,1.9
V0016,26-Jul-2019,7,3.7
V0016,26-May-2019,12,3.3
V0016,26-Oct-2019,8,2.0
V0016,27-Oct-2019,6,3.9
V0016,28-Aug-2019,3,4.0
V0016,28-Jul-2019,9,1.9
V0016,29-Sep-2019,9,2.5
V0016,30-Jun-2019,18,3.7
V0016,31-Aug-2019,10,3.6
V0016,31-May-2019,3,2.2
V0017,02-Aug-2019,8,2.3
V0017,03-Aug-2019,5,2.7
V0017,18-Aug-2019,18,3.0
V0022,01-Sep-2019,3,3.3
V0022,02-Oct-2018,12,2.7
V0022,02-Sep-2018,5,2.9
V0022,03-Oct-2018,2,3.6
V0022,04-Nov-2018,2,1.9
V0022,04-Oct-2018,6,2.4
V0022,05-Nov-2018,2,3.5
V0022,05-Oct-2018,2,3.9
V0022,05-Sep-2018,2,3.0
V0022,06-Oct-2018,7,3.1
V0022,07-Nov-2018,2,2.1
V0022,07-Oct-2018,7,2.9
V0022,08-Nov-2018,12,3.1
V0022,08-Sep-2018,2,2.4
V0022,09-Nov-2018,7,2.4
V0022,09-Sep-2018,3,2.7
V0022,10-Nov-2018,11,1.8
V0022,10-Nov-2019,12,2.6
V0022,10-Oct-2018,9,2.3
V0022,11-Nov-2018,5,2.6
V0022,11-Nov-2019,2,2.1
V0022,12-Oct-2018,8,3.9
V0022,13-Nov-2019,6,3.2
V0022,13-Sep-2018,2,3.4
V0022,14-Sep-2018,15,3.7
V0022,15-Nov-2019,14,3.0
V0022,16-Sep-2018,6,2.0
V0022,17-Sep-2018,2,3.1
V0022,19-Jul-2019,29,3.2
V0022,19-Sep-2018,10,3.6
V0022,20-Sep-2018,25,2.8
V0022,21-May-2019,4,2.1
V0022,22-Nov-2018,5,2.5
V0022,26-Aug-2018,2,2.7
V0022,27-Oct-2018,2,3.4
V0022,28-Oct-2018,10,3.2
V0022,28-Sep-2018,4,2.7
V0022,29-Aug-2018,3,4.2
V0022,29-Nov-2018,2,3.3
V0022,30-Aug-2019,2,2.4
V0022,30-Sep-2018,6,2.0
V0022,31-Oct-2018,4,2.2
V0025,01-Jun-2019,8,2.4
V0026,01-Aug-2019,8,2.2
V0026,01-Jul-2019,13,2.2
V0026,01-Jun-2019,3,2.5
V0026,01-Nov-2019,11,2.2
V0026,01-Oct-2019,2,4.0
V0026,01-Sep-2019,2,2.0
V0026,02-Jul-2019,3,3.1
V0026,02-Jun-2019,7,2.8
V0026,02-Nov-2019,6,4.2
V0026,02-Oct-2019,3,2.1
V0026,02-Sep-2019,2,2.8
V0026,03-Aug-2019,2,4.1
V0026,03-Jul-2019,3,3.9
V0026,03-Nov-2019,28,3.8
V0026,03-Oct-2019,2,2.4
V0026,03-Sep-2019,11,2.2
V0026,04-Aug-2019,3,3.4
V0026,04-Jul-2019,2,4.0
V0026,04-Jun-2019,20,3.1
V0026,04-Nov-2019,49,3.2
V0026,04-Sep-2019,2,2.5
V0026,05-Aug-2019,6,3.6
V0026,05-Jul-2019,12,2.2
V0026,05-Nov-2019,2,2.6
V0026,05-Sep-2019,2,2.8
V0026,06-Aug-2019,2,3.0
V0026,06-Oct-2019,11,2.4
V0026,07-Aug-2019,3,2.1
V0026,07-Jul-2019,50,3.3
V0026,07-Jun-2019,2,2.5
V0026,07-Nov-2019,4,3.2
V0026,07-Oct-2019,38,2.2
V0026,08-Jul-2019,33,3.0
V0026,08-Jun-2019,8,3.1
V0026,08-Oct-2019,12,1.9
V0026,08-Sep-2019,24,2.6
V0026,09-Aug-2019,3,2.1
V0026,09-Jul-2019,2,2.0
V0026,09-Jun-2019,2,4.2
V0026,09-Nov-2019,2,2.6
V0026,09-Oct-2019,4,3.7
V0026,09-Sep-2019,41,2.4
V0026,10-Aug-2019,22,3.4
V0026,10-Dec-2019,25,3.6
V0026,10-Jul-2019,15,3.2
V0026,10-Jun-2019,21,2.9
V0026,10-Nov-2019,23,2.8
V0026,10-Sep-2019,5,2.6
V0026,11-Aug-2019,4,4.0
V0026,11-Jul-2019,2,3.8
V0026,11-Jun-2019,31,4.1
V0026,11-Nov-2019,34,2.1
V0026,11-Oct-2019,27,3.6
V0026,11-Sep-2019,4,4.1
V0026,12-Aug-2019,17,2.2
V0026,12-Jul-2019,2,2.0
V0026,12-Jun-2019,2,3.6
V0026,12-Nov-2019,17,3.2
V0026,12-Oct-2019,16,3.8
V0026,13-Jul-2019,9,2.1
V0026,13-Jun-2019,6,3.7
V0026,13-Oct-2019,38,2.3
V0026,13-Sep-2019,12,2.2
V0026,14-Aug-2019,5,2.2
V0026,14-Jul-2019,27,3.8
V0026,14-Jun-2019,10,3.4
V0026,14-Oct-2019,6,3.1
V0026,14-Sep-2019,6,2.7
V0026,15-Jul-2019,16,3.9
V0026,15-Jun-2019,4,2.7
V0026,15-Oct-2019,14,3.8
V0026,15-Sep-2019,5,2.9
V0026,16-Aug-2019,3,2.7
V0026,16-Jul-2019,7,2.9
V0026,16-Jun-2019,24,2.5
V0026,16-Oct-2019,8,3.6
V0026,16-Sep-2019,41,3.0
V0026,17-Dec-2019,48,2.4
V0026,17-Jun-2019,44,4.0
V0026,17-Nov-2019,19,2.7
V0026,17-Oct-2019,35,3.1
V0026,18-Aug-2019,6,4.0
V0026,18-Jul-2019,13,3.3
V0026,18-May-2019,2,2.1
V0026,18-Nov-2019,18,4.1
V0026,18-Oct-2019,4,3.3
V0026,19-Aug-2019,43,2.6
V0026,19-Jul-2019,2,2.1
V0026,19-May-2019,2,3.7
V0026,19-Oct-2019,31,3.3
V0026,19-Sep-2019,2,3.1
V0026,20-Jun-2019,3,3.9
V0026,20-May-2019,3,3.7
V0026,20-Oct-2019,41,2.2
V0026,20-Sep-2019,3,2.5
V0026,21-Jul-2019,6,2.4
V0026,21-Jun-2019,2,3.6
V0026,21-May-2019,14,1.9
V0026,22-Aug-2019,4,3.2
V0026,22-Jul-2019,4,3.6
V0026,22-May-2019,2,3.9
V0026,22-Oct-2019,17,2.6
V0026,23-Aug-2019,4,3.8
V0026,23-Jun-2019,4,2.1
V0026,23-Oct-2019,6,3.8
V0026,23-Sep-2019,4,2.1
V0026,24-Aug-2019,1,2.8
V0026,24-Jul-2019,5,3.7
V0026,24-Jun-2019,50,2.2
V0026,24-May-2019,2,2.4
V0026,24-Oct-2019,18,3.5
V0026,24-Sep-2019,2,3.5
V0026,25-Jul-2019,14,3.3
V0026,25-May-2019,6,3.5
V0026,25-Nov-2019,37,3.1
V0026,25-Sep-2019,32,2.4
V0026,26-Aug-2019,8,2.6
V0026,26-May-2019,2,2.2
V0026,26-Oct-2019,2,4.0
V0026,26-Sep-2019,19,3.2
V0026,27-Jun-2019,2,2.8
V0026,27-May-2019,40,2.9
V0026,28-Jul-2019,2,4.1
V0026,28-May-2019,3,2.2
V0026,28-Oct-2019,2,3.2
V0026,28-Sep-2019,2,3.0
V0026,29-Aug-2019,4,3.3
V0026,29-Jul-2019,18,1.8
V0026,29-Jun-2019,5,3.9
V0026,29-Sep-2019,6,4.0
V0026,30-Aug-2019,2,3.2
V0026,30-Jul-2019,3,3.5
V0026,30-May-2019,2,4.0
V0026,30-Oct-2019,2,3.5
V0026,30-Sep-2019,72,2.2
V0026,31-Jul-2019,5,3.2
V0026,31-May-2019,9,3.3
V0028,01-Aug-2019,3,2.8
V0028,01-Jul-2019,20,3.6
V0028,01-Jun-2019,9,4.0
V0028,01-Oct-2019,8,4.0
V0028,01-Sep-2019,22,2.9
V0028,02-Aug-2019,2,2.1
V0028,02-Jul-2019,3,4.2
V0028,02-Jun-2019,9,3.8
V0028,02-Nov-2019,2,2.1
V0028,02-Oct-2019,2,4.0
V0028,02-Sep-2019,21,3.9
V0028,03-Aug-2019,22,3.0
V0028,03-Jul-2019,13,3.2
V0028,03-Jun-2019,14,2.8
V0028,03-Nov-2019,11,1.9
V0028,03-Oct-2019,3,2.6
V0028,03-Sep-2019,7,3.7
V0028,04-Aug-2019,20,1.8
V0028,04-Jul-2019,8,2.6
V0028,04-Jun-2019,4,2.8
V0028,04-Nov-2019,4,3.1
V0028,04-Oct-2019,7,4.0
V0028,04-Sep-2019,4,2.6
V0028,05-Aug-2019,21,2.6
V0028,05-Jul-2019,7,3.6
V0028,05-Nov-2019,4,2.9
V0028,05-Oct-2019,6,2.3
V0028,06-Aug-2019,4,2.9
V0028,06-Jul-2019,2,2.1
V0028,06-Jun-2019,2,2.2
V0028,06-Nov-2019,6,3.0
V0028,06-Oct-2019,4,2.8
V0028,07-Aug-2019,2,4.0
V0028,07-Jul-2019,22,2.7
V0028,07-Jun-2019,8,3.2
V0028,07-Nov-2019,6,3.3
V0028,07-Oct-2019,30,1.8
V0028,07-Sep-2019,8,3.4
V0028,08-Aug-2019,9,2.2
V0028,08-Jul-2019,22,4.1
V0028,08-Jun-2019,4,2.2
V0028,08-Oct-2019,18,2.8
V0028,08-Sep-2019,11,2.0
V0028,09-Aug-2019,14,4.2
V0028,09-Jul-2019,21,3.0
V0028,09-Jun-2019,4,3.2
V0028,09-Nov-2019,2,2.0
V0028,09-Sep-2019,9,3.6
V0028,10-Aug-2019,3,2.3
V0028,10-Jul-2019,4,4.0
V0028,10-Jun-2019,5,2.3
V0028,10-Nov-2019,18,2.3
V0028,10-Oct-2019,4,1.9
V0028,10-Sep-2019,3,2.9
V0028,11-Aug-2019,8,3.2
V0028,11-Jun-2019,21,2.0
V0028,11-Nov-2019,21,3.7
V0028,11-Oct-2019,9,2.9
V0028,12-Aug-2019,18,3.1
V0028,12-Jul-2019,22,2.9
V0028,12-Jun-2019,4,2.8
V0028,12-Nov-2019,2,3.1
V0028,13-Aug-2019,5,2.2
V0028,13-Jul-2019,26,2.2
V0028,13-Jun-2019,11,3.9
V0028,13-Nov-2019,2,4.1
V0028,13-Oct-2019,21,2.7
V0028,13-Sep-2019,9,2.4
V0028,14-Aug-2019,3,3.3
V0028,14-Jul-2019,16,2.8
V0028,14-Jun-2019,11,1.9
V0028,14-Oct-2019,10,2.2
V0028,14-Sep-2019,3,3.5
V0028,15-Aug-2019,4,3.4
V0028,15-Jul-2019,7,1.9
V0028,15-Jun-2019,2,2.3
V0028,15-Oct-2019,16,2.4
V0028,15-Sep-2019,4,3.4
V0028,16-Aug-2019,4,1.8
V0028,16-Jul-2019,10,2.0
V0028,16-Jun-2019,12,3.7
V0028,16-Oct-2019,17,2.2
V0028,16-Sep-2019,23,3.4
V0028,17-Aug-2019,5,2.4
V0028,17-Jul-2019,14,2.0
V0028,17-Jun-2019,22,2.4
V0028,17-Nov-2019,3,3.5
V0028,17-Oct-2019,11,3.9
V0028,17-Sep-2019,4,3.8
V0028,18-Aug-2019,2,2.8
V0028,18-Jul-2019,21,3.4
V0028,18-Nov-2019,2,2.3
V0028,18-Oct-2019,10,2.5
V0028,19-Aug-2019,19,4.0
V0028,19-Jul-2019,22,1.8
V0028,19-Jun-2019,2,2.0
V0028,19-May-2019,9,2.3
V0028,19-Oct-2019,5,1.9
V0028,19-Sep-2019,3,2.2
V0028,20-Aug-2019,2,3.2
V0028,20-Jul-2019,18,2.8
V0028,20-Jun-2019,2,3.9
V0028,20-May-2019,25,3.8
V0028,20-Oct-2019,10,2.6
V0028,20-Sep-2019,3,2.4
V0028,21-Aug-2019,5,2.7
V0028,21-Jul-2019,20,3.2
V0028,21-Jun-2019,2,2.4
V0028,21-May-2019,7,3.3
V0028,21-Nov-2019,4,2.8
V0028,21-Oct-2019,11,3.1
V0028,22-Aug-2019,17,2.8
V0028,22-Jul-2019,20,2.5
V0028,22-May-2019,20,4.1
V0028,22-Oct-2019,2,3.6
V0028,22-Sep-2019,5,2.1
V0028,23-Jul-2019,28,3.9
V0028,23-Jun-2019,15,3.0
V0028,23-Nov-2019,4,3.9
V0028,23-Sep-2019,8,3.7
V0028,24-Jul-2019,39,2.8
V0028,24-Jun-2019,13,1.9
V0028,24-May-2019,22,2.4
V0028,24-Nov-2019,2,3.1
V0028,24-Sep-2019,4,3.3
V0028,25-Aug-2019,9,2.4
V0028,25-Jul-2019,13,2.1
V0028,25-Jun-2019,19,3.8
V0028,25-May-2019,5,4.2
V0028,25-Sep-2019,2,3.1
V0028,26-Aug-2019,22,2.2
V0028,26-Jun-2019,2,2.5
V0028,26-Oct-2019,8,1.8
V0028,27-Aug-2019,2,4.0
V0028,27-Jul-2019,6,2.1
V0028,27-May-2019,12,3.2
V0028,27-Oct-2019,6,2.5
V0028,27-Sep-2019,5,3.1
V0028,28-Aug-2019,13,3.4
V0028,28-Jun-2019,2,3.8
V0028,28-May-2019,3,2.3
V0028,28-Oct-2019,12,1.8
V0028,28-Sep-2019,16,2.1
V0028,29-Jul-2019,5,4.0
V0028,29-May-2019,4,3.9
V0028,29-Oct-2019,7,3.2
V0028,29-Sep-2019,7,3.2
V0028,30-Aug-2019,5,3.4
V0028,30-Jul-2019,25,2.2
V0028,30-Jun-2019,17,4.0
V0028,30-Oct-2019,4,2.8
V0028,30-Sep-2019,20,2.7
V0028,31-Aug-2019,12,3.0
V0028,31-Jul-2019,14,1.9
V0029,01-Nov-2019,12,2.2
V0029,02-Nov-2019,3,3.6
V0029,03-Jul-2019,6,2.0
V0029,03-Nov-2019,14,3.2
V0029,04-Jul-2019,8,2.4
V0029,04-Oct-2019,2,2.7
V0029,05-Jun-2019,5,2.5
V0029,06-Oct-2019,5,2.7
V0029,06-Sep-2019,2,3.5
V0029,07-Jul-2019,13,2.5
V0029,08-Aug-2019,14,3.2
V0029,08-Jul-2019,3,2.9
V0029,08-Sep-2019,18,3.4
V0029,09-Aug-2019,2,4.0
V0029,09-Jun-2019,4,3.6
V0029,10-Jul-2019,6,2.3
V0029,10-Nov-2019,20,1.9
V0029,11-Aug-2019,5,2.4
V0029,11-Jul-2019,19,3.2
V0029,11-Nov-2019,14,1.9
V0029,11-Oct-2019,17,3.0
V0029,11-Sep-2019,9,3.2
V0029,12-Jul-2019,9,2.6
V0029,12-Jun-2019,9,3.7
V0029,13-Jul-2019,26,2.1
V0029,13-Oct-2019,17,2.0
V0029,13-Sep-2019,2,3.5
V0029,14-Sep-2019,15,3.0
V0029,15-Jun-2019,13,3.5
V0029,15-Sep-2019,11,2.8
V0029,17-Jul-2019,14,2.4
V0029,17-Nov-2019,7,3.8
V0029,18-Aug-2019,17,3.7
V0029,18-Jul-2019,7,3.5
V0029,19-Jul-2019,17,2.5
V0029,19-May-2019,2,3.2
V0029,19-Oct-2019,20,2.7
V0029,19-Sep-2019,14,2.0
V0029,20-Oct-2019,23,4.0
V0029,20-Sep-2019,14,2.1
V0029,21-Aug-2019,11,4.1
V0029,21-Jul-2019,2,2.9
V0029,21-Jun-2019,20,2.2
V0029,21-Sep-2019,5,3.1
V0029,23-Aug-2019,4,3.9
V0029,24-Jun-2019,2,3.6
V0029,24-May-2019,6,3.7
V0029,25-Aug-2019,2,3.4
V0029,25-Oct-2019,14,3.5
V0029,26-Jul-2019,14,3.8
V0029,26-May-2019,6,2.4
V0029,27-Oct-2019,5,3.0
V0029,27-Sep-2019,6,2.3
V0029,28-Jul-2019,4,4.2
V0029,28-Jun-2019,6,4.1
V0029,29-Jun-2019,7,1.9
V0029,29-Sep-2019,4,3.5
V0029,30-Jun-2019,17,4.0
V0029,30-Sep-2019,6,2.2
V0036,01-Aug-2019,17,3.2
V0036,01-Feb-2019,32,4.0
V0036,01-Jul-2019,37,1.9
V0036,01-Jun-2019,34,3.5
V0036,01-Nov-2019,11,2.5
V0036,01-Oct-2019,21,4.0
V0036,01-Sep-2019,48,4.1
V0036,02-Aug-2019,32,4.1
V0036,02-Feb-2019,18,2.9
V0036,02-Jun-2019,15,3.9
V0036,02-Nov-2019,21,3.8
V0036,02-Oct-2019,19,2.6
V0036,02-Sep-2019,63,3.8
V0036,03-Aug-2019,22,1.9
V0036,03-Feb-2019,33,3.2
V0036,03-Jul-2019,30,2.4
V0036,03-Jun-2019,29,2.1
V0036,03-Nov-2019,42,2.0
V0036,03-Oct-2019,45,3.5
V0036,03-Sep-2019,10,2.6
V0036,04-Aug-2019,37,3.5
V0036,04-Feb-2019,39,2.0
V0036,04-Jul-2019,47,2.6
V0036,04-Nov-2019,49,3.1
V0036,04-Oct-2019,26,3.7
V0036,04-Sep-2019,18,2.6
V0036,05-Aug-2019,42,3.3
V0036,05-Jul-2019,38,3.9
V0036,05-Jun-2019,15,3.3
V0036,05-Nov-2019,16,2.4
V0036,05-Oct-2019,46,1.9
V0036,05-Sep-2019,37,3.9
V0036,06-Aug-2019,5,1.9
V0036,06-Dec-2019,3,3.9
V0036,06-Feb-2019,27,3.1
V0036,06-Jul-2019,31,4.1
V0036,06-Jun-2019,26,3.7
V0036,06-Nov-2019,23,4.2
V0036,06-Oct-2019,40,2.6
V0036,06-Sep-2019,35,3.6
V0036,07-Aug-2019,23,2.8
V0036,07-Dec-2019,8,3.0
V0036,07-Feb-2019,13,3.3
V0036,07-Jul-2019,44,3.9
V0036,07-Jun-2019,20,4.2
V0036,07-Nov-2019,19,3.6
V0036,07-Oct-2019,47,2.8
V0036,07-Sep-2019,38,2.8
V0036,08-Aug-2019,18,3.6
V0036,08-Dec-2019,14,2.4
V0036,08-Jul-2019,67,2.1
V0036,08-Jun-2019,31,2.7
V0036,08-Nov-2019,28,2.5
V0036,08-Oct-2019,40,2.5
V0036,08-Sep-2019,40,2.4
V0036,09-Aug-2019,11,1.9
V0036,09-Jun-2019,40,1.8
V0036,09-Nov-2019,14,4.2
V0036,09-Oct-2019,43,2.8
V0036,09-Sep-2019,64,2.7
V0036,10-Aug-2019,39,3.4
V0036,10-Dec-2019,4,2.3
V0036,10-Jul-2019,38,4.1
V0036,10-Jun-2019,29,3.7
V0036,10-Nov-2019,25,2.0
V0036,10-Oct-2019,41,2.8
V0036,10-Sep-2019,15,3.9
V0036,11-Aug-2019,42,4.1
V0036,11-Jul-2019,45,2.9
V0036,11-Nov-2019,48,3.3
V0036,11-Oct-2019,34,2.2
V0036,11-Sep-2019,27,4.2
V0036,12-Aug-2019,52,2.4
V0036,12-Jul-2019,34,4.1
V0036,12-Jun-2019,22,3.4
V0036,12-Oct-2019,32,3.3
V0036,12-Sep-2019,14,3.0
V0036,13-Aug-2019,8,2.4
V0036,13-Dec-2019,3,2.2
V0036,13-Jul-2019,34,2.3
V0036,13-Jun-2019,47,2.2
V0036,13-Nov-2019,2,3.7
V0036,13-Oct-2019,48,2.6
V0036,13-Sep-2019,33,1.9
V0036,14-Aug-2019,23,4.1
V0036,14-Jul-2019,46,3.9
V0036,14-Jun-2019,24,4.0
V0036,14-Nov-2019,2,4.2
V0036,14-Oct-2019,36,2.2
V0036,14-Sep-2019,37,2.8
V0036,15-Aug-2019,30,3.6
V0036,15-Jul-2019,69,3.5
V0036,15-Jun-2019,27,2.2
V0036,15-Nov-2019,1,3.8
V0036,15-Oct-2019,41,2.3
V0036,15-Sep-2019,44,2.3
V0036,16-Aug-2019,27,3.1
V0036,16-Jul-2019,54,3.2
V0036,16-Jun-2019,38,3.2
V0036,16-Oct-2019,31,2.0
V0036,16-Sep-2019,46,3.9
V0036,17-Aug-2019,38,2.4
V0036,17-Jul-2019,38,2.1
V0036,17-Jun-2019,41,3.9
V0036,17-Nov-2019,2,4.1
V0036,17-Oct-2019,28,3.9
V0036,17-Sep-2019,12,3.7
V0036,18-Aug-2019,30,3.4
V0036,18-Jul-2019,50,3.1
V0036,18-May-2019,16,2.0
V0036,18-Nov-2019,2,2.8
V0036,18-Oct-2019,8,2.7
V0036,18-Sep-2019,23,2.4
V0036,19-Aug-2019,24,3.5
V0036,19-Jul-2019,41,3.0
V0036,19-Jun-2019,28,2.0
V0036,19-May-2019,39,2.3
V0036,19-Oct-2019,35,3.4
V0036,19-Sep-2019,22,2.0
V0036,20-Jan-2019,22,3.8
V0036,20-Jul-2019,70,3.0
V0036,20-Jun-2019,31,3.0
V0036,20-May-2019,42,3.2
V0036,20-Oct-2019,39,3.8
V0036,20-Sep-2019,26,2.6
V0036,21-Aug-2019,26,3.4
V0036,21-Jan-2019,29,3.2
V0036,21-Jul-2019,52,2.4
V0036,21-Jun-2019,34,3.9
V0036,21-Oct-2019,35,3.7
V0036,21-Sep-2019,21,3.4
V0036,22-Aug-2019,32,3.8
V0036,22-Jun-2019,15,3.9
V0036,22-May-2019,15,3.5
V0036,22-Oct-2019,18,3.8
V0036,22-Sep-2019,45,3.5
V0036,23-Aug-2019,32,3.4
V0036,23-Jan-2019,35,3.3
V0036,23-Jun-2019,30,3.6
V0036,23-May-2019,20,2.2
V0036,23-Oct-2019,25,3.9
V0036,23-Sep-2019,56,3.9
V0036,24-Aug-2019,47,1.9
V0036,24-Jan-2019,15,3.8
V0036,24-Jun-2019,35,2.1
V0036,24-May-2019,23,2.6
V0036,24-Nov-2019,4,3.6
V0036,24-Oct-2019,24,2.2
V0036,24-Sep-2019,21,3.8
V0036,25-Aug-2019,32,3.8
V0036,25-Jan-2019,6,3.0
V0036,25-May-2019,18,1.8
V0036,25-Oct-2019,28,2.5
V0036,25-Sep-2019,26,3.3
V0036,26-Aug-2019,44,4.2
V0036,26-Jan-2019,30,3.3
V0036,26-Jun-2019,32,2.4
V0036,26-May-2019,26,3.3
V0036,26-Oct-2019,24,3.1
V0036,26-Sep-2019,28,3.7
V0036,27-Aug-2019,32,2.1
V0036,27-Jan-2019,17,3.6
V0036,27-Jul-2019,32,3.1
V0036,27-Jun-2019,29,4.1
V0036,27-May-2019,46,2.6
V0036,27-Oct-2019,33,3.3
V0036,27-Sep-2019,22,4.0
V0036,28-Aug-2019,18,2.0
V0036,28-Jan-2019,39,4.0
V0036,28-Jul-2019,35,3.5
V0036,28-Jun-2019,25,2.0
V0036,28-Oct-2019,33,2.5
V0036,28-Sep-2019,30,3.5
V0036,29-Aug-2019,12,2.0
V0036,29-Jul-2019,48,3.2
V0036,29-Jun-2019,23,2.6
V0036,29-May-2019,7,3.3
V0036,29-Nov-2019,4,1.9
V0036,29-Oct-2019,18,3.9
V0036,29-Sep-2019,48,4.1
V0036,30-Aug-2019,8,4.1
V0036,30-Jan-2019,31,3.6
V0036,30-Jul-2019,10,2.1
V0036,30-Jun-2019,40,3.6
V0036,30-May-2019,35,1.9
V0036,30-Oct-2019,22,1.9
V0036,30-Sep-2019,45,2.6
V0036,31-Aug-2019,33,3.0
V0036,31-Jan-2019,18,3.6
V0036,31-Jul-2019,17,3.4
V0036,31-May-2019,18,2.9
V0036,31-Oct-2019,20,2.5
V0037,01-Jul-2019,6,4.2
V0037,01-Jun-2019,9,2.8
V0037,01-Nov-2018,10,2.9
V0037,01-Nov-2019,13,2.2
V0037,01-Oct-2018,2,3.7
V0037,01-Sep-2018,6,3.5
V0037,02-Aug-2018,2,2.3
V0037,02-Aug-2019,4,2.0
V0037,02-Jun-2019,7,3.4
V0037,02-Nov-2018,12,3.4
V0037,02-Nov-2019,13,2.5
V0037,02-Sep-2018,12,4.1
V0037,03-Aug-2018,4,2.2
V0037,03-Aug-2019,2,2.8
V0037,03-Jul-2019,8,4.1
V0037,03-Jun-2019,10,2.8
V0037,03-Nov-2018,23,3.3
V0037,03-Nov-2019,17,2.8
V0037,03-Oct-2019,4,2.5
V0037,04-Aug-2018,3,4.2
V0037,04-Jul-2019,6,2.8
V0037,04-Nov-2018,19,3.9
V0037,04-Nov-2019,7,2.4
V0037,04-Oct-2018,5,2.3
V0037,04-Oct-2019,9,1.9
V0037,04-Sep-2019,11,3.4
V0037,05-Jul-2019,4,2.7
V0037,05-Jun-2019,5,3.9
V0037,05-Nov-2019,4,2.9
V0037,05-Oct-2018,10,4.1
V0037,05-Oct-2019,2,2.2
V0037,05-Sep-2018,6,3.9
V0037,05-Sep-2019,4,3.7
V0037,06-Dec-2019,2,3.7
V0037,06-Jul-2019,6,3.8
V0037,06-Jun-2019,4,3.6
V0037,06-Nov-2019,13,3.3
V0037,06-Oct-2018,8,2.1
V0037,06-Oct-2019,8,1.9
V0037,06-Sep-2018,14,4.0
V0037,06-Sep-2019,6,3.3
V0037,07-Aug-2019,13,3.7
V0037,07-Jul-2019,12,3.0
V0037,07-Jun-2019,5,2.1
V0037,07-Nov-2018,28,2.1
V0037,07-Nov-2019,17,3.4
V0037,07-Oct-2018,8,2.8
V0037,07-Sep-2018,7,2.3
V0037,07-Sep-2019,15,3.0
V0037,08-Aug-2019,3,2.0
V0037,08-Jul-2019,2,3.2
V0037,08-Jun-2019,9,2.4
V0037,08-Nov-2018,13,3.7
V0037,08-Nov-2019,10,2.5
V0037,08-Sep-2018,5,2.9
V0037,08-Sep-2019,2,1.8
V0037,09-Aug-2018,4,2.0
V0037,09-Aug-2019,5,2.7
V0037,09-Jun-2019,4,3.0
V0037,09-Nov-2018,25,3.2
V0037,09-Nov-2019,5,2.5
V0037,09-Sep-2018,15,3.5
V0037,10-Aug-2018,4,3.9
V0037,10-Aug-2019,6,3.7
V0037,10-Jul-2019,16,1.9
V0037,10-Jun-2019,4,3.0
V0037,10-Nov-2018,21,2.1
V0037,10-Nov-2019,8,2.4
V0037,10-Oct-2019,12,4.2
V0037,11-Aug-2018,2,2.1
V0037,11-Jul-2019,11,3.0
V0037,11-Nov-2018,23,3.3
V0037,11-Oct-2018,12,3.5
V0037,11-Oct-2019,7,3.1
V0037,11-Sep-2019,9,1.8
V0037,12-Aug-2018,5,2.6
V0037,12-Aug-2019,10,3.0
V0037,12-Jul-2019,8,2.0
V0037,12-Jun-2019,9,2.6
V0037,12-Nov-2018,8,1.9
V0037,12-Oct-2018,2,2.0
V0037,12-Oct-2019,7,2.8
V0037,12-Sep-2018,10,2.1
V0037,12-Sep-2019,2,3.2
V0037,13-Jul-2019,13,3.5
V0037,13-Jun-2019,6,3.7
V0037,13-Nov-2019,5,2.3
V0037,13-Oct-2018,11,2.2
V0037,13-Oct-2019,2,2.1
V0037,13-Sep-2018,11,3.3
V0037,13-Sep-2019,12,3.5
V0037,14-Dec-2019,3,1.9
V0037,14-Jul-2019,10,4.0
V0037,14-Jun-2019,10,1.9
V0037,14-Nov-2018,9,3.1
V0037,14-Oct-2018,12,3.5
V0037,14-Oct-2019,2,3.9
V0037,14-Sep-2018,7,3.5
V0037,14-Sep-2019,12,3.7
V0037,15-Aug-2019,14,2.6
V0037,15-Jul-2019,13,3.8
V0037,15-Jun-2019,3,2.0
V0037,15-Nov-2018,7,3.9
V0037,15-Nov-2019,3,3.1
V0037,15-Oct-2018,8,3.8
V0037,15-Sep-2018,11,2.9
V0037,15-Sep-2019,4,3.3
V0037,16-Aug-2019,6,3.1
V0037,16-Jun-2019,11,3.6
V0037,16-Nov-2018,24,2.0
V0037,16-Nov-2019,2,1.9
V0037,16-Oct-2019,3,2.4
V0037,16-Sep-2018,12,2.2
V0037,16-Sep-2019,3,3.9
V0037,17-Aug-2018,6,2.3
V0037,17-Aug-2019,1,4.1
V0037,17-Jul-2019,18,2.6
V0037,17-Jun-2019,6,2.2
V0037,17-Nov-2018,22,3.7
V0037,17-Nov-2019,3,3.4
V0037,17-Oct-2018,3,3.0
V0037,17-Oct-2019,9,3.1
V0037,18-Aug-2018,3,3.5
V0037,18-Jul-2019,15,2.3
V0037,18-Nov-2018,11,4.2
V0037,18-Oct-2018,7,4.1
V0037,18-Oct-2019,5,3.4
V0037,18-Sep-2019,2,2.3
V0037,19-Jul-2019,7,3.4
V0037,19-Jun-2019,11,2.0
V0037,19-May-2019,4,1.9
V0037,19-Nov-2018,8,2.4
V0037,19-Oct-2018,13,2.9
V0037,19-Sep-2018,13,3.9
V0037,19-Sep-2019,8,3.5
V0037,20-Nov-2019,3,3.6
V0037,20-Oct-2018,15,2.8
V0037,20-Oct-2019,2,2.6
V0037,20-Sep-2018,7,2.7
V0037,20-Sep-2019,12,4.2
V0037,21-Jun-2019,6,1.9
V0037,21-Nov-2018,2,3.9
V0037,21-Nov-2019,5,3.2
V0037,21-Sep-2018,8,2.9
V0037,21-Sep-2019,2,3.5
V0037,22-Aug-2018,2,3.0
V0037,22-Aug-2019,2,3.9
V0037,22-Jun-2019,11,4.0
V0037,22-Oct-2018,15,2.8
V0037,22-Sep-2018,7,2.5
V0037,22-Sep-2019,10,3.2
V0037,23-Aug-2018,10,4.0
V0037,23-Aug-2019,3,2.3
V0037,23-Jun-2019,3,3.3
V0037,23-May-2019,7,3.3
V0037,23-Sep-2019,1,3.6
V0037,24-Aug-2018,11,2.1
V0037,24-Aug-2019,10,3.5
V0037,24-Oct-2018,16,4.0
V0037,24-Oct-2019,6,2.2
V0037,25-Aug-2018,11,2.4
V0037,25-May-2019,12,4.1
V0037,25-Oct-2018,13,2.2
V0037,25-Oct-2019,9,3.9
V0037,25-Sep-2019,8,3.0
V0037,26-Aug-2018,7,2.4
V0037,26-Aug-2019,2,3.9
V0037,26-Jun-2019,10,2.9
V0037,26-Oct-2018,16,3.0
V0037,26-Oct-2019,8,2.7
V0037,26-Sep-2018,4,3.2
V0037,26-Sep-2019,6,2.2
V0037,27-Jul-2019,16,2.7
V0037,27-Nov-2019,4,4.1
V0037,27-Oct-2018,3,2.4
V0037,27-Oct-2019,13,3.4
V0037,27-Sep-2018,8,2.6
V0037,27-Sep-2019,3,3.7
V0037,28-Jun-2019,14,2.1
V0037,28-Nov-2018,12,4.1
V0037,28-Oct-2018,27,2.9
V0037,28-Sep-2018,14,2.4
V0037,28-Sep-2019,4,2.0
V0037,29-Jun-2019,8,2.2
V0037,29-Oct-2018,3,3.0
V0037,29-Sep-2018,15,2.6
V0037,30-Aug-2018,7,3.8
V0037,30-Aug-2019,4,2.8
V0037,30-Jun-2019,5,2.4
V0037,30-May-2019,4,3.3
V0037,30-Oct-2019,8,3.5
V0037,30-Sep-2018,12,2.2
V0037,30-Sep-2019,6,2.2
V0037,31-Aug-2018,3,1.9
V0037,31-May-2019,6,3.6
V0037,31-Oct-2018,5,3.4
V0037,31-Oct-2019,3,2.9
V0038,01-Jul-2019,16,3.8
V0038,01-Nov-2019,9,3.7
V0038,01-Oct-2019,3,3.2
V0038,02-Jul-2019,6,3.9
V0038,02-Jun-2019,2,2.3
V0038,02-Nov-2019,7,2.1
V0038,02-Sep-2019,5,2.4
V0038,03-Nov-2019,4,1.9
V0038,03-Oct-2019,10,3.1
V0038,03-Sep-2019,9,4.0
V0038,04-Aug-2019,5,1.9
V0038,04-Jul-2019,2,2.1
V0038,04-Nov-2019,2,2.9
V0038,05-Aug-2019,7,4.0
V0038,05-Nov-2019,8,2.6
V0038,05-Sep-2019,3,3.0
V0038,06-Jul-2019,6,1.9
V0038,06-Oct-2019,10,2.2
V0038,06-Sep-2019,2,4.2
V0038,07-Sep-2019,3,4.1
V0038,08-Jul-2019,19,1.8
V0038,08-Nov-2019,6,4.1
V0038,08-Oct-2019,2,3.3
V0038,09-Jun-2019,9,3.9
V0038,09-Nov-2019,3,2.9
V0038,10-Sep-2019,3,3.0
V0038,11-Jul-2019,7,3.0
V0038,11-Jun-2019,23,3.4
V0038,11-Nov-2019,6,2.1
V0038,11-Oct-2019,6,1.9
V0038,11-Sep-2019,4,2.5
V0038,12-Aug-2019,3,3.5
V0038,12-Nov-2019,5,2.3
V0038,13-Aug-2019,2,3.4
V0038,13-Jul-2019,11,4.1
V0038,13-Jun-2019,2,2.0
V0038,13-Oct-2019,14,3.4
V0038,13-Sep-2019,4,2.9
V0038,14-Jul-2019,10,3.9
V0038,14-Jun-2019,10,2.2
V0038,14-Oct-2019,2,3.5
V0038,14-Sep-2019,2,3.8
V0038,15-Jun-2019,3,4.1
V0038,15-Oct-2019,8,3.4
V0038,15-Sep-2019,7,3.0
V0038,16-Jul-2019,5,3.3
V0038,16-Jun-2019,8,3.9
V0038,16-Sep-2019,5,3.2
V0038,17-Aug-2019,6,1.9
V0038,17-Sep-2019,8,4.0
V0038,18-Aug-2019,4,3.5
V0038,18-Jul-2019,2,3.4
V0038,18-May-2019,3,2.3
V0038,18-Oct-2019,4,3.4
V0038,19-Aug-2019,7,2.7
V0038,19-Jul-2019,5,3.4
V0038,19-May-2019,11,2.1
V0038,19-Nov-2019,10,3.4
V0038,19-Sep-2019,5,4.2
V0038,20-Aug-2019,11,1.9
V0038,20-Jun-2019,2,4.1
V0038,21-Jul-2019,17,2.8
V0038,21-Oct-2019,6,3.9
V0038,22-Jul-2019,26,3.7
V0038,22-Nov-2019,2,3.2
V0038,22-Oct-2019,15,3.6
V0038,23-Aug-2019,8,3.9
V0038,23-Jul-2019,12,2.8
V0038,23-Sep-2019,6,2.6
V0038,24-Jul-2019,2,3.4
V0038,24-Jun-2019,24,3.7
V0038,24-Sep-2019,12,3.6
V0038,25-Aug-2019,4,3.7
V0038,25-Jul-2019,8,2.8
V0038,25-May-2019,3,3.8
V0038,26-Aug-2019,4,2.1
V0038,26-Oct-2019,2,3.1
V0038,26-Sep-2019,7,1.8
V0038,27-Aug-2019,10,2.6
V0038,27-Jun-2019,6,2.7
V0038,27-May-2019,6,2.8
V0038,27-Oct-2019,13,3.5
V0038,28-Jul-2019,11,2.7
V0038,28-Jun-2019,9,2.9
V0038,28-Oct-2019,12,2.4
V0038,29-Jun-2019,5,2.7
V0038,29-Oct-2019,4,2.3
V0038,29-Sep-2019,9,2.0
V0038,30-Jul-2019,4,3.2
V0038,30-Jun-2019,4,3.4
V0038,31-Aug-2019,6,3.3
V0038,31-Jul-2019,2,2.9
V0038,31-May-2019,2,2.7
V0040,01-Aug-2019,1,3.9
V0040,01-Oct-2018,2,3.0
V0040,02-Aug-2019,1,3.0
V0040,02-Jun-2019,2,1.9
V0040,02-Oct-2018,2,2.6
V0040,02-Oct-2019,2,2.7
V0040,02-Sep-2019,1,2.8
V0040,03-Jul-2019,1,3.2
V0040,03-Jun-2019,1,3.1
V0040,03-Oct-2018,1,3.3
V0040,04-Aug-2019,1,3.6
V0040,04-Jul-2019,1,3.8
V0040,04-Oct-2019,2,3.5
V0040,04-Sep-2019,2,4.1
V0040,05-Aug-2019,1,1.8
V0040,05-Jul-2019,1,2.3
V0040,05-Jun-2019,1,1.8
V0040,05-Nov-2018,1,3.4
V0040,05-Sep-2018,1,4.0
V0040,05-Sep-2019,1,2.4
V0040,06-Aug-2018,1,4.0
V0040,06-Jun-2019,1,1.9
V0040,06-Sep-2019,1,4.0
V0040,07-Aug-2018,1,2.6
V0040,07-Aug-2019,1,2.0
V0040,07-Jul-2019,1,3.0
V0040,07-Jun-2019,1,2.4
V0040,07-Oct-2018,1,2.5
V0040,07-Oct-2019,1,2.5
V0040,07-Sep-2018,1,3.7
V0040,08-Aug-2018,1,3.1
V0040,08-Aug-2019,1,2.5
V0040,08-Jul-2019,1,3.3
V0040,08-Oct-2018,1,3.5
V0040,09-Aug-2019,2,2.5
V0040,09-Jun-2019,2,2.8
V0040,09-Oct-2019,1,2.1
V0040,09-Sep-2018,1,2.2
V0040,09-Sep-2019,1,3.4
V0040,10-Jul-2019,1,2.2
V0040,10-Jun-2019,2,3.1
V0040,10-Oct-2018,1,3.5
V0040,11-Aug-2018,1,2.1
V0040,11-Oct-2018,3,3.2
V0040,12-Aug-2018,2,2.4
V0040,12-Jun-2019,2,4.1
V0040,12-Sep-2018,2,3.0
V0040,12-Sep-2019,2,3.7
V0040,13-Aug-2018,1,3.1
V0040,13-Jun-2019,2,1.9
V0040,13-Sep-2019,2,3.3
V0040,14-Aug-2019,2,4.1
V0040,14-Nov-2018,1,3.2
V0040,15-Aug-2018,1,3.8
V0040,15-Jul-2019,1,3.9
V0040,16-Jul-2019,1,2.3
V0040,16-Jun-2019,3,2.3
V0040,17-Jul-2019,1,3.3
V0040,17-Jun-2019,2,2.8
V0040,17-Nov-2018,2,3.8
V0040,17-Oct-2018,1,4.0
V0040,17-Sep-2019,1,2.6
V0040,18-Jul-2019,1,2.4
V0040,18-Jun-2019,1,3.7
V0040,19-Jun-2019,4,2.5
V0040,19-May-2019,1,3.8
V0040,19-Nov-2018,1,2.8
V0040,19-Sep-2018,1,3.4
V0040,19-Sep-2019,3,2.0
V0040,20-Jul-2019,3,3.3
V0040,20-Sep-2018,1,2.9
V0040,21-Jul-2019,1,3.2
V0040,21-Jun-2019,1,2.2
V0040,21-Nov-2018,1,3.6
V0040,22-Aug-2019,1,3.9
V0040,22-Nov-2018,1,2.3
V0040,22-Oct-2018,1,2.0
V0040,23-Aug-2019,1,1.9
V0040,23-Nov-2018,1,3.3
V0040,23-Sep-2019,2,3.3
V0040,24-Jun-2019,1,3.1
V0040,24-Oct-2018,1,2.4
V0040,25-Aug-2019,3,2.7
V0040,25-Nov-2018,1,3.2
V0040,25-Oct-2018,1,3.0
V0040,25-Sep-2019,3,4.2
V0040,26-Jun-2019,2,2.1
V0040,26-May-2019,4,3.5
V0040,27-Jun-2019,2,2.8
V0040,27-Sep-2019,3,2.8
V0040,28-Aug-2019,2,3.5
V0040,28-Jun-2019,1,3.5
V0040,28-May-2019,1,4.2
V0040,28-Nov-2018,1,2.1
V0040,29-Aug-2018,1,2.0
V0040,29-Aug-2019,2,3.5
V0040,29-May-2019,2,3.2
V0040,30-Aug-2018,2,2.5
V0040,30-Aug-2019,2,2.0
V0040,30-Jul-2018,1,2.0
V0040,30-May-2019,3,3.9
V0040,30-Sep-2019,1,2.3
V0040,31-Aug-2018,1,2.6
V0040,31-Jul-2019,1,2.3
V0040,31-May-2019,2,2.7
V0040,31-Oct-2018,1,2.0
V0043,01-Aug-2019,10,3.0
V0043,01-Feb-2019,5,2.0
V0043,01-Jul-2019,54,3.7
V0043,01-Nov-2019,8,2.4
V0043,01-Oct-2019,11,3.1
V0043,01-Sep-2019,22,3.9
V0043,02-Dec-2019,9,3.4
V0043,02-Jul-2019,17,3.1
V0043,02-Jun-2019,4,2.6
V0043,02-Nov-2019,13,2.6
V0043,02-Sep-2019,6,3.4
V0043,03-Aug-2019,19,4.2
V0043,03-Dec-2019,3,3.4
V0043,03-Feb-2019,10,3.1
V0043,03-Jul-2019,30,3.6
V0043,03-Jun-2019,15,2.9
V0043,03-Nov-2019,34,1.9
V0043,03-Sep-2019,4,3.1
V0043,04-Aug-2019,28,4.1
V0043,04-Feb-2019,10,2.2
V0043,04-Jul-2019,6,3.5
V0043,04-Jun-2019,32,2.3
V0043,04-Nov-2019,41,3.1
V0043,04-Oct-2019,24,2.0
V0043,05-Aug-2019,11,2.9
V0043,05-Feb-2019,2,3.6
V0043,05-Jul-2019,6,2.6
V0043,05-Nov-2019,16,3.4
V0043,05-Oct-2019,19,3.7
V0043,05-Sep-2019,4,4.0
V0043,06-Aug-2019,15,2.4
V0043,06-Dec-2019,25,2.8
V0043,06-Oct-2019,11,2.2
V0043,06-Sep-2019,7,4.2
V0043,07-Jul-2019,42,4.0
V0043,07-Oct-2019,30,3.1
V0043,07-Sep-2019,5,3.8
V0043,08-Jul-2019,6,3.1
V0043,08-Jun-2019,3,3.3
V0043,08-Nov-2019,6,2.0
V0043,08-Oct-2019,31,3.6
V0043,08-Sep-2019,21,2.1
V0043,09-Aug-2019,16,3.8
V0043,09-Jul-2019,4,3.7
V0043,09-Jun-2019,30,3.5
V0043,09-Nov-2019,18,1.9
V0043,09-Oct-2019,16,2.5
V0043,09-Sep-2019,29,2.4
V0043,10-Aug-2019,3,2.7
V0043,10-Dec-2019,9,2.0
V0043,10-Feb-2019,7,4.0
V0043,10-Jun-2019,18,3.1
V0043,10-Nov-2019,15,2.5
V0043,10-Sep-2019,9,2.8
V0043,11-Aug-2019,39,2.9
V0043,11-Feb-2019,18,3.2
V0043,11-Jun-2019,4,3.0
V0043,11-Nov-2019,33,4.0
V0043,11-Oct-2019,13,3.0
V0043,11-Sep-2019,7,4.2
V0043,12-Aug-2019,12,3.8
V0043,12-Feb-2019,2,2.3
V0043,12-Nov-2019,31,4.0
V0043,12-Oct-2019,32,2.1
V0043,13-Aug-2019,14,3.8
V0043,13-Jun-2019,2,2.7
V0043,13-Nov-2019,31,3.9
V0043,13-Oct-2019,9,3.9
V0043,13-Sep-2019,19,3.7
V0043,14-Aug-2019,4,3.7
V0043,14-Jul-2019,49,2.5
V0043,14-Jun-2019,21,2.0
V0043,14-Oct-2019,11,2.8
V0043,14-Sep-2019,2,2.2
V0043,15-Jul-2019,24,3.5
V0043,15-Nov-2019,21,2.6
V0043,15-Oct-2019,19,4.1
V0043,15-Sep-2019,16,3.3
V0043,16-Aug-2019,5,3.8
V0043,16-Jul-2019,24,2.1
V0043,16-Jun-2019,3,3.9
V0043,16-Nov-2019,9,4.0
V0043,16-Oct-2019,13,3.0
V0043,16-Sep-2019,35,3.3
V0043,17-Jul-2019,22,3.6
V0043,17-Jun-2019,2,2.2
V0043,17-Nov-2019,25,3.0
V0043,17-Sep-2019,43,2.8
V0043,18-Aug-2019,19,2.2
V0043,18-Jul-2019,34,2.7
V0043,18-Jun-2019,2,2.0
V0043,18-May-2019,8,1.9
V0043,18-Nov-2019,23,2.1
V0043,18-Sep-2019,7,4.1
V0043,19-Aug-2019,30,3.1
V0043,19-Jul-2019,35,4.1
V0043,19-Oct-2019,19,2.8
V0043,20-Aug-2019,9,2.5
V0043,20-Jan-2019,3,3.0
V0043,20-Jul-2019,17,2.9
V0043,20-May-2019,2,2.1
V0043,20-Oct-2019,52,3.3
V0043,21-Aug-2019,5,2.3
V0043,21-Jul-2019,47,3.3
V0043,21-Jun-2019,4,3.4
V0043,21-May-2019,3,2.2
V0043,21-Oct-2019,15,1.9
V0043,21-Sep-2019,13,3.7
V0043,22-Nov-2019,15,2.9
V0043,22-Oct-2019,14,1.9
V0043,22-Sep-2019,17,4.2
V0043,23-Aug-2019,6,1.9
V0043,23-Jan-2019,10,3.5
V0043,23-Nov-2019,7,4.2
V0043,23-Oct-2019,2,2.4
V0043,23-Sep-2019,8,2.1
V0043,24-Aug-2019,3,2.1
V0043,24-Jun-2019,40,2.5
V0043,24-Nov-2019,13,2.0
V0043,24-Sep-2019,2,3.5
V0043,25-Aug-2019,12,1.9
V0043,25-Jan-2019,14,3.0
V0043,25-Jun-2019,4,4.2
V0043,25-May-2019,2,3.8
V0043,25-Oct-2019,3,3.3
V0043,25-Sep-2019,39,2.5
V0043,26-Aug-2019,32,3.3
V0043,26-Jul-2019,5,3.1
V0043,26-Oct-2019,3,2.8
V0043,27-Aug-2019,16,2.1
V0043,27-May-2019,12,3.9
V0043,27-Oct-2019,25,2.9
V0043,27-Sep-2019,34,2.3
V0043,28-Aug-2019,2,2.7
V0043,28-Jan-2019,11,2.8
V0043,28-Jul-2019,15,3.8
V0043,28-Oct-2019,18,3.6
V0043,28-Sep-2019,11,3.6
V0043,29-Jan-2019,12,1.8
V0043,29-Jul-2019,41,2.8
V0043,29-Nov-2019,10,3.0
V0043,29-Oct-2019,5,1.8
V0043,29-Sep-2019,25,2.4
V0043,30-Aug-2019,4,3.6
V0043,30-Jan-2019,3,2.1
V0043,30-Jun-2019,18,3.1
V0043,30-Oct-2019,3,2.3
V0043,30-Sep-2019,20,1.8
V0043,31-Jul-2019,21,2.4
V0046,01-Aug-2019,4,4.1
V0046,01-Dec-2019,9,3.7
V0046,01-Jul-2019,27,4.1
V0046,01-Jun-2019,2,3.0
V0046,01-Nov-2019,2,2.1
V0046,01-Oct-2019,8,3.1
V0046,01-Sep-2019,18,2.9
V0046,02-Aug-2019,6,3.8
V0046,02-Jul-2019,14,2.0
V0046,02-Jun-2019,8,3.0
V0046,02-Nov-2019,13,2.2
V0046,02-Oct-2019,2,2.6
V0046,02-Sep-2019,19,3.6
V0046,03-Aug-2019,2,2.9
V0046,03-Dec-2019,4,2.7
V0046,03-Jul-2019,11,2.7
V0046,03-Nov-2019,3,2.9
V0046,03-Oct-2019,16,3.7
V0046,03-Sep-2019,6,3.9
V0046,04-Aug-2019,18,4.1
V0046,04-Jul-2019,17,3.7
V0046,04-Jun-2019,2,2.6
V0046,04-Nov-2018,4,3.5
V0046,04-Nov-2019,8,2.9
V0046,04-Oct-2019,15,2.4
V0046,04-Sep-2019,10,3.8
V0046,05-Aug-2019,5,1.9
V0046,05-Dec-2019,4,4.0
V0046,05-Jul-2019,19,2.9
V0046,05-Jun-2019,3,3.3
V0046,05-Nov-2018,4,3.4
V0046,05-Nov-2019,3,3.9
V0046,05-Oct-2019,11,3.3
V0046,05-Sep-2019,8,3.3
V0046,06-Aug-2019,14,2.0
V0046,06-Dec-2019,7,3.0
V0046,06-Jul-2019,9,2.2
V0046,06-Nov-2019,4,3.6
V0046,06-Oct-2019,11,3.0
V0046,06-Sep-2019,18,3.4
V0046,07-Aug-2019,14,1.9
V0046,07-Jul-2019,16,2.0
V0046,07-Nov-2018,4,3.5
V0046,07-Nov-2019,11,2.0
V0046,07-Oct-2019,6,2.0
V0046,07-Sep-2019,15,1.8
V0046,08-Aug-2019,9,4.1
V0046,08-Jul-2019,14,3.6
V0046,08-Jun-2019,2,2.6
V0046,08-Nov-2018,6,2.5
V0046,08-Oct-2019,11,2.6
V0046,08-Sep-2019,16,3.7
V0046,09-Aug-2019,4,3.4
V0046,09-Dec-2019,2,2.2
V0046,09-Jul-2019,12,2.2
V0046,09-Jun-2019,4,2.0
V0046,09-Nov-2018,20,3.4
V0046,09-Nov-2019,17,3.6
V0046,09-Sep-2019,8,2.4
V0046,10-Aug-2019,11,1.9
V0046,10-Jul-2019,7,2.0
V0046,10-Jun-2019,4,4.1
V0046,10-Nov-2018,6,2.5
V0046,10-Nov-2019,2,3.6
V0046,10-Oct-2019,5,3.3
V0046,10-Sep-2019,3,2.7
V0046,11-Aug-2019,28,2.3
V0046,11-Jul-2019,14,2.1
V0046,11-Jun-2019,2,3.3
V0046,11-Nov-2018,14,3.7
V0046,11-Nov-2019,9,3.3
V0046,11-Oct-2019,17,3.1
V0046,11-Sep-2019,8,1.9
V0046,12-Aug-2019,8,4.1
V0046,12-Jul-2019,31,3.7
V0046,12-Jun-2019,4,2.5
V0046,12-Nov-2018,6,4.2
V0046,12-Oct-2019,2,3.2
V0046,12-Sep-2019,4,3.2
V0046,13-Aug-2019,6,3.6
V0046,13-Dec-2019,2,3.7
V0046,13-Jul-2019,29,3.4
V0046,13-Jun-2019,6,2.1
V0046,13-Nov-2019,5,2.6
V0046,13-Oct-2019,21,4.0
V0046,13-Sep-2019,9,2.3
V0046,14-Aug-2019,8,2.7
V0046,14-Jul-2019,12,2.8
V0046,14-Nov-2019,5,2.9
V0046,14-Oct-2019,2,3.3
V0046,14-Sep-2019,8,4.1
V0046,15-Aug-2019,9,2.4
V0046,15-Dec-2019,4,2.1
V0046,15-Jun-2019,5,2.3
V0046,15-Nov-2018,10,3.9
V0046,15-Nov-2019,2,3.3
V0046,15-Oct-2019,13,2.5
V0046,15-Sep-2019,2,3.8
V0046,16-Aug-2019,25,3.9
V0046,16-Jul-2019,14,3.8
V0046,16-Jun-2019,5,4.0
V0046,16-Nov-2018,17,2.4
V0046,16-Nov-2019,7,3.6
V0046,16-Oct-2019,9,2.9
V0046,16-Sep-2019,11,3.8
V0046,17-Aug-2019,9,3.5
V0046,17-Dec-2019,4,3.7
V0046,17-Jul-2019,20,3.4
V0046,17-Jun-2019,6,2.2
V0046,17-Nov-2018,2,3.1
V0046,17-Nov-2019,5,4.2
V0046,17-Oct-2019,11,4.0
V0046,17-Sep-2019,12,1.9
V0046,18-Aug-2019,24,2.2
V0046,18-Jul-2019,20,2.1
V0046,18-Jun-2019,5,3.5
V0046,18-May-2019,2,3.8
V0046,18-Nov-2018,6,2.3
V0046,18-Nov-2019,4,3.0
V0046,18-Sep-2019,10,3.8
V0046,19-Aug-2019,12,3.6
V0046,19-Dec-2019,8,3.1
V0046,19-Jul-2019,13,3.2
V0046,19-Jun-2019,17,3.0
V0046,19-May-2019,4,2.5
V0046,19-Nov-2018,10,3.2
V0046,19-Nov-2019,7,3.5
V0046,19-Oct-2019,9,3.9
V0046,19-Sep-2019,27,3.3
V0046,20-Aug-2019,6,3.6
V0046,20-Jul-2019,5,2.2
V0046,20-Jun-2019,6,2.9
V0046,20-May-2019,2,1.8
V0046,20-Oct-2019,20,2.4
V0046,20-Sep-2019,8,3.5
V0046,21-Aug-2019,11,4.2
V0046,21-Jul-2019,23,2.0
V0046,21-Jun-2019,19,2.8
V0046,21-May-2019,2,3.7
V0046,21-Nov-2018,8,2.3
V0046,21-Nov-2019,2,3.1
V0046,21-Oct-2019,5,3.6
V0046,21-Sep-2019,2,3.3
V0046,22-Jul-2019,14,2.3
V0046,22-Jun-2019,16,2.7
V0046,22-Nov-2019,4,3.7
V0046,22-Oct-2019,6,3.1
V0046,22-Sep-2019,17,1.8
V0046,23-Aug-2019,17,3.6
V0046,23-Jun-2019,3,1.9
V0046,23-Nov-2018,2,3.6
V0046,23-Nov-2019,4,2.3
V0046,23-Oct-2019,2,4.1
V0046,23-Sep-2019,8,2.7
V0046,24-Aug-2019,6,2.6
V0046,24-Jul-2019,12,2.2
V0046,24-Jun-2019,11,2.5
V0046,24-Sep-2019,6,3.9
V0046,25-Aug-2019,17,4.2
V0046,25-Jul-2019,8,2.7
V0046,25-Jun-2019,4,2.9
V0046,25-Nov-2018,2,3.5
V0046,25-Oct-2019,19,3.9
V0046,26-Aug-2019,21,3.2
V0046,26-Jul-2019,11,2.7
V0046,26-Jun-2019,8,2.8
V0046,26-May-2019,9,3.5
V0046,26-Nov-2019,5,1.8
V0046,26-Oct-2019,10,3.3
V0046,26-Sep-2019,20,2.7
V0046,27-Aug-2019,8,3.7
V0046,27-Jul-2019,2,2.0
V0046,27-Jun-2019,17,3.2
V0046,27-May-2019,3,3.0
V0046,27-Oct-2019,4,3.3
V0046,27-Sep-2019,16,2.0
V0046,28-Aug-2019,12,3.2
V0046,28-Jul-2019,17,3.1
V0046,28-Jun-2019,6,3.1
V0046,28-Oct-2019,4,3.2
V0046,28-Sep-2019,6,3.4
V0046,29-Aug-2019,6,3.7
V0046,29-Jul-2019,4,2.4
V0046,29-Jun-2019,8,3.8
V0046,29-Nov-2018,2,3.0
V0046,29-Nov-2019,6,2.0
V0046,29-Oct-2019,2,1.9
V0046,29-Sep-2019,21,2.6
V0046,30-Aug-2019,16,3.7
V0046,30-Jul-2019,10,3.5
V0046,30-Jun-2019,10,3.7
V0046,30-May-2019,2,3.0
V0046,30-Nov-2019,13,2.9
V0046,30-Sep-2019,16,2.2
V0046,31-Aug-2019,6,2.6
V0046,31-Jul-2019,10,2.8
V0046,31-May-2019,8,2.0
V0046,31-Oct-2019,24,2.3
V0050,25-Sep-2019,52,3.2
V0051,01-Aug-2019,4,3.6
V0051,01-Jul-2019,8,4.2
V0051,01-Jun-2019,7,4.0
V0051,01-Nov-2019,16,3.3
V0051,01-Oct-2019,5,2.8
V0051,01-Sep-2019,2,3.3
V0051,02-Aug-2019,2,3.7
V0051,02-Dec-2019,2,2.1
V0051,02-Jul-2019,9,2.8
V0051,02-Jun-2019,4,3.8
V0051,02-Nov-2019,10,2.7
V0051,02-Oct-2019,11,3.2
V0051,02-Sep-2019,4,3.2
V0051,03-Aug-2019,6,2.2
V0051,03-Jul-2019,6,2.7
V0051,03-Jun-2019,24,2.6
V0051,03-Nov-2019,5,1.9
V0051,03-Oct-2019,10,1.9
V0051,03-Sep-2019,3,3.8
V0051,04-Aug-2019,5,2.5
V0051,04-Jul-2019,11,3.0
V0051,04-Jun-2019,9,2.5
V0051,04-Nov-2019,11,4.1
V0051,04-Oct-2019,8,2.4
V0051,04-Sep-2019,2,2.8
V0051,05-Aug-2019,12,3.9
V0051,05-Jul-2019,10,3.8
V0051,05-Jun-2019,9,2.2
V0051,05-Nov-2019,3,3.7
V0051,05-Oct-2019,6,2.9
V0051,05-Sep-2019,7,3.0
V0051,06-Aug-2019,8,2.1
V0051,06-Jul-2019,14,2.0
V0051,06-Jun-2019,2,3.5
V0051,06-Nov-2019,5,3.0
V0051,06-Oct-2019,5,2.8
V0051,06-Sep-2019,6,3.6
V0051,07-Aug-2019,3,3.6
V0051,07-Jul-2019,19,2.2
V0051,07-Jun-2019,4,3.3
V0051,07-Nov-2019,5,2.1
V0051,07-Oct-2019,34,3.6
V0051,07-Sep-2019,11,3.4
V0051,08-Aug-2019,5,4.1
V0051,08-Jul-2019,16,2.0
V0051,08-Nov-2019,9,1.9
V0051,08-Oct-2019,6,2.5
V0051,08-Sep-2019,4,2.4
V0051,09-Aug-2019,4,2.4
V0051,09-Jun-2019,2,4.0
V0051,09-Nov-2019,6,2.4
V0051,09-Oct-2019,20,2.5
V0051,09-Sep-2019,12,3.6
V0051,10-Aug-2019,4,2.9
V0051,10-Jul-2019,7,3.7
V0051,10-Jun-2019,11,2.0
V0051,10-Nov-2019,2,3.0
V0051,10-Oct-2019,14,1.9
V0051,10-Sep-2019,7,2.0
V0051,11-Jul-2019,8,4.0
V0051,11-Jun-2019,8,2.1
V0051,11-Nov-2019,10,3.1
V0051,11-Sep-2019,4,2.8
V0051,12-Aug-2019,7,2.6
V0051,12-Jul-2019,6,4.0
V0051,12-Jun-2019,8,1.9
V0051,12-Nov-2019,5,3.4
V0051,12-Oct-2019,2,4.1
V0051,12-Sep-2019,2,3.1
V0051,13-Aug-2019,6,4.0
V0051,13-Jul-2019,4,1.9
V0051,13-Jun-2019,2,2.8
V0051,13-Oct-2019,5,2.4
V0051,13-Sep-2019,2,3.6
V0051,14-Aug-2019,2,4.2
V0051,14-Jul-2019,5,2.4
V0051,14-Jun-2019,17,3.4
V0051,14-Sep-2019,3,2.3
V0051,15-Jul-2019,2,3.2
V0051,15-Jun-2019,18,2.9
V0051,15-Oct-2019,8,4.1
V0051,15-Sep-2019,3,3.3
V0051,16-Jul-2019,4,2.6
V0051,16-Jun-2019,4,2.1
V0051,16-Nov-2019,8,2.2
V0051,16-Sep-2019,13,2.3
V0051,17-Aug-2019,2,2.4
V0051,17-Jul-2019,17,3.8
V0051,17-Oct-2019,2,3.1
V0051,17-Sep-2019,2,3.1
V0051,18-Dec-2019,9,2.1
V0051,18-Jun-2019,5,3.9
V0051,18-May-2019,2,3.5
V0051,18-Nov-2019,2,2.0
V0051,18-Sep-2019,5,3.5
V0051,19-Aug-2019,8,3.1
V0051,19-Jul-2019,5,2.0
V0051,19-Jun-2019,2,2.9
V0051,19-May-2019,11,3.0
V0051,19-Nov-2019,5,2.2
V0051,19-Oct-2019,8,4.1
V0051,19-Sep-2019,2,3.8
V0051,20-Aug-2019,5,3.4
V0051,20-Jul-2019,37,2.9
V0051,20-Jun-2019,5,2.8
V0051,20-Oct-2019,9,3.4
V0051,20-Sep-2019,6,3.1
V0051,21-Aug-2019,13,1.9
V0051,21-Jul-2019,8,3.0
V0051,21-Jun-2019,2,3.7
V0051,21-May-2019,9,2.9
V0051,21-Oct-2019,9,1.9
V0051,21-Sep-2019,2,3.7
V0051,22-Jun-2019,5,2.3
V0051,22-May-2019,4,2.4
V0051,22-Nov-2019,2,2.2
V0051,22-Oct-2019,10,2.6
V0051,22-Sep-2019,5,3.6
V0051,23-Aug-2019,8,3.0
V0051,23-Jun-2019,6,2.3
V0051,23-May-2019,2,3.9
V0051,23-Nov-2019,4,3.9
V0051,23-Oct-2019,2,3.9
V0051,23-Sep-2019,6,2.4
V0051,24-Aug-2019,2,2.9
V0051,24-Jul-2019,4,4.2
V0051,24-Jun-2019,6,3.7
V0051,24-May-2019,4,1.9
V0051,24-Nov-2019,4,2.0
V0051,24-Sep-2019,4,2.9
V0051,25-Aug-2019,2,4.0
V0051,25-Jul-2019,4,3.1
V0051,25-Jun-2019,5,3.0
V0051,25-May-2019,4,2.1
V0051,25-Oct-2019,9,3.4
V0051,25-Sep-2019,5,3.8
V0051,26-Aug-2019,12,2.7
V0051,26-Jul-2019,2,3.7
V0051,26-Jun-2019,3,4.1
V0051,26-May-2019,6,2.3
V0051,26-Sep-2019,5,3.1
V0051,27-Aug-2019,4,2.5
V0051,27-Jul-2019,15,3.7
V0051,27-Jun-2019,6,3.2
V0051,27-May-2019,4,3.3
V0051,27-Nov-2019,4,3.7
V0051,27-Oct-2019,11,2.8
V0051,27-Sep-2019,7,4.0
V0051,28-Jul-2019,8,3.1
V0051,28-May-2019,7,2.2
V0051,28-Oct-2019,1,3.5
V0051,28-Sep-2019,2,3.7
V0051,29-Aug-2019,6,2.6
V0051,29-Jul-2019,13,3.9
V0051,29-Jun-2019,7,4.0
V0051,29-May-2019,7,2.5
V0051,29-Oct-2019,4,4.2
V0051,29-Sep-2019,10,2.1
V0051,30-Aug-2019,2,2.3
V0051,30-Jul-2019,11,2.2
V0051,30-Jun-2019,8,3.9
V0051,30-May-2019,1,3.4
V0051,30-Oct-2019,2,2.2
V0051,30-Sep-2019,9,2.9
V0051,31-Aug-2019,4,3.3
V0051,31-Jul-2019,4,2.0
V0051,31-Oct-2019,8,3.9
V0053,01-Nov-2019,9,3.7
V0053,02-Aug-2019,5,3.0
V0053,02-Jun-2019,18,4.1
V0053,04-Aug-2019,12,2.8
V0053,04-Jul-2019,25,4.2
V0053,05-Jul-2019,5,3.4
V0053,06-Jul-2019,13,3.3
V0053,07-Jul-2019,11,2.2
V0053,08-Jul-2019,3,3.9
V0053,08-Jun-2019,5,2.8
V0053,11-Aug-2019,18,2.2
V0053,11-Jul-2019,24,1.8
V0053,11-Oct-2019,8,3.1
V0053,12-Aug-2019,20,3.1
V0053,12-Jul-2019,20,3.5
V0053,13-Jul-2019,29,3.9
V0053,13-Oct-2019,19,2.0
V0053,15-Jul-2019,7,3.6
V0053,15-Jun-2019,6,2.2
V0053,16-Jun-2019,15,3.9
V0053,17-Jul-2019,17,3.8
V0053,18-Aug-2019,6,3.1
V0053,18-Jul-2019,19,3.5
V0053,19-Aug-2019,10,2.6
V0053,19-Jul-2019,20,2.9
V0053,19-May-2019,4,3.8
V0053,21-Aug-2019,4,2.9
V0053,22-Jun-2019,6,2.7
V0053,24-Jun-2019,9,3.0
V0053,24-May-2019,4,3.8
V0053,26-May-2019,3,2.6
V0053,28-Jun-2019,16,2.2
V0053,29-Jul-2019,5,3.5
V0053,30-Jun-2019,16,3.8
V0054,01-Aug-2019,29,2.0
V0054,01-Jul-2019,82,2.4
V0054,01-Jun-2019,15,2.1
V0054,01-Nov-2019,25,2.6
V0054,01-Oct-2019,2,2.9
V0054,01-Sep-2019,49,3.6
V0054,02-Aug-2019,19,3.4
V0054,02-Jul-2019,18,3.3
V0054,02-Jun-2019,35,2.6
V0054,02-Nov-2019,17,3.8
V0054,02-Oct-2019,7,2.9
V0054,02-Sep-2019,45,4.1
V0054,03-Aug-2019,4,3.3
V0054,03-Jul-2019,46,2.1
V0054,03-Jun-2019,34,3.4
V0054,03-Nov-2019,25,2.6
V0054,03-Oct-2019,22,3.4
V0054,03-Sep-2019,11,2.0
V0054,04-Aug-2019,36,2.2
V0054,04-Jul-2019,57,3.9
V0054,04-Jun-2019,4,2.3
V0054,04-Nov-2019,47,3.8
V0054,04-Oct-2019,10,2.5
V0054,04-Sep-2019,2,3.3
V0054,05-Aug-2019,42,3.5
V0054,05-Jul-2019,15,3.0
V0054,05-Jun-2019,4,2.5
V0054,05-Oct-2019,25,2.3
V0054,05-Sep-2019,13,1.9
V0054,06-Aug-2019,11,2.5
V0054,06-Jul-2019,30,3.4
V0054,06-Jun-2019,13,4.1
V0054,06-Oct-2019,81,3.9
V0054,06-Sep-2019,14,3.6
V0054,07-Aug-2019,17,3.7
V0054,07-Jul-2019,74,3.4
V0054,07-Jun-2019,10,2.4
V0054,07-Nov-2019,4,4.0
V0054,07-Oct-2019,51,3.4
V0054,07-Sep-2019,17,3.1
V0054,08-Aug-2019,9,2.1
V0054,08-Jul-2019,81,2.9
V0054,08-Jun-2019,23,2.9
V0054,08-Nov-2019,21,3.9
V0054,08-Oct-2019,15,3.1
V0054,08-Sep-2019,45,2.7
V0054,09-Aug-2019,15,4.1
V0054,09-Jul-2019,75,2.1
V0054,09-Jun-2019,68,2.8
V0054,09-Oct-2019,11,1.9
V0054,09-Sep-2019,74,3.6
V0054,10-Aug-2019,9,4.0
V0054,10-Jul-2019,8,2.5
V0054,10-Jun-2019,50,3.9
V0054,10-Nov-2019,55,2.5
V0054,10-Oct-2019,18,4.0
V0054,10-Sep-2019,6,3.6
V0054,11-Aug-2019,85,3.7
V0054,11-Jul-2019,43,1.8
V0054,11-Jun-2019,7,4.1
V0054,11-Nov-2019,42,3.5
V0054,11-Oct-2019,43,2.5
V0054,11-Sep-2019,5,3.8
V0054,12-Aug-2019,73,2.5
V0054,12-Jul-2019,18,3.9
V0054,12-Oct-2019,24,2.1
V0054,12-Sep-2019,11,3.5
V0054,13-Aug-2019,2,3.1
V0054,13-Jul-2019,82,2.0
V0054,13-Jun-2019,47,2.4
V0054,13-Nov-2019,8,1.8
V0054,13-Oct-2019,76,2.9
V0054,14-Aug-2019,7,2.5
V0054,14-Jul-2019,16,3.2
V0054,14-Jun-2019,12,2.5
V0054,14-Nov-2019,16,2.5
V0054,14-Oct-2019,75,3.6
V0054,15-Aug-2019,18,1.9
V0054,15-Jul-2019,10,4.0
V0054,15-Jun-2019,27,3.8
V0054,15-Nov-2019,5,3.4
V0054,15-Oct-2019,7,3.2
V0054,15-Sep-2019,61,3.9
V0054,16-Aug-2019,14,2.2
V0054,16-Jul-2019,17,2.0
V0054,16-Jun-2019,41,2.4
V0054,16-Nov-2019,4,3.7
V0054,16-Oct-2019,39,1.9
V0054,16-Sep-2019,75,3.2
V0054,17-Aug-2019,16,4.2
V0054,17-Jul-2019,45,3.9
V0054,17-Jun-2019,57,3.1
V0054,17-Nov-2019,43,2.0
V0054,17-Oct-2019,21,3.8
V0054,17-Sep-2019,16,3.2
V0054,18-Aug-2019,47,2.1
V0054,18-Jul-2019,41,2.0
V0054,18-Jun-2019,12,4.0
V0054,18-May-2019,20,3.4
V0054,18-Nov-2019,3,3.8
V0054,18-Oct-2019,3,3.9
V0054,18-Sep-2019,6,3.2
V0054,19-Aug-2019,51,3.0
V0054,19-Jul-2019,76,2.8
V0054,19-Jun-2019,2,2.6
V0054,19-May-2019,60,2.8
V0054,19-Oct-2019,4,3.7
V0054,20-Aug-2019,9,3.2
V0054,20-Jan-2019,38,3.9
V0054,20-Jul-2019,85,2.9
V0054,20-Jun-2019,34,3.3
V0054,20-May-2019,44,3.3
V0054,20-Oct-2019,38,3.2
V0054,20-Sep-2019,7,3.5
V0054,21-Aug-2019,7,2.4
V0054,21-Jan-2019,31,3.0
V0054,21-Jul-2019,77,2.1
V0054,21-Jun-2019,17,2.7
V0054,21-May-2019,32,3.0
V0054,21-Oct-2019,20,3.4
V0054,21-Sep-2019,38,4.1
V0054,22-Aug-2019,2,3.2
V0054,22-Jul-2019,17,3.6
V0054,22-May-2019,12,3.0
V0054,22-Oct-2019,8,3.3
V0054,22-Sep-2019,20,2.0
V0054,23-Aug-2019,2,2.4
V0054,23-Jul-2019,43,2.7
V0054,23-Jun-2019,59,2.9
V0054,23-Nov-2019,2,1.9
V0054,23-Oct-2019,17,2.1
V0054,23-Sep-2019,35,2.5
V0054,24-Aug-2019,24,4.1
V0054,24-Jan-2019,8,2.6
V0054,24-Jul-2019,65,3.0
V0054,24-Jun-2019,29,2.3
V0054,24-May-2019,26,3.3
V0054,24-Sep-2019,9,2.5
V0054,25-Aug-2019,76,2.3
V0054,25-Jan-2019,17,3.0
V0054,25-Jul-2019,24,1.8
V0054,25-Jun-2019,10,1.8
V0054,25-Nov-2019,7,2.3
V0054,25-Sep-2019,6,1.9
V0054,26-Aug-2019,21,2.1
V0054,26-Jan-2019,11,2.6
V0054,26-Jul-2019,27,3.7
V0054,26-Jun-2019,3,3.2
V0054,26-May-2019,21,3.0
V0054,26-Oct-2019,4,2.5
V0054,26-Sep-2019,34,4.0
V0054,27-Jan-2019,28,2.8
V0054,27-Jul-2019,22,2.0
V0054,27-Jun-2019,16,3.3
V0054,27-May-2019,32,2.1
V0054,27-Oct-2019,36,2.6
V0054,27-Sep-2019,24,3.0
V0054,28-Aug-2019,2,3.9
V0054,28-Jan-2019,16,3.0
V0054,28-Jul-2019,31,3.5
V0054,28-Jun-2019,25,4.2
V0054,28-May-2019,12,2.1
V0054,28-Oct-2019,24,2.5
V0054,28-Sep-2019,24,2.7
V0054,29-Jan-2019,3,2.8
V0054,29-Jul-2019,59,2.8
V0054,29-Jun-2019,46,4.0
V0054,29-Oct-2019,9,3.5
V0054,29-Sep-2019,59,3.3
V0054,30-Aug-2019,2,2.5
V0054,30-Jul-2019,47,3.8
V0054,30-Jun-2019,74,4.1
V0054,30-May-2019,3,3.8
V0054,30-Oct-2019,27,1.8
V0054,30-Sep-2019,38,3.3
V0054,31-Aug-2019,30,1.9
V0054,31-Jul-2019,17,2.4
V0054,31-May-2019,16,1.9
V0055,01-Jul-2019,10,3.2
V0055,01-Jun-2019,4,3.4
V0055,01-Nov-2018,6,2.1
V0055,01-Oct-2019,10,2.7
V0055,01-Sep-2018,2,2.9
V0055,01-Sep-2019,10,2.7
V0055,02-Aug-2018,8,2.1
V0055,02-Aug-2019,1,2.8
V0055,02-Jul-2019,8,3.6
V0055,02-Jun-2019,5,2.0
V0055,02-Nov-2019,7,2.0
V0055,02-Sep-2018,5,2.7
V0055,02-Sep-2019,2,4.1
V0055,03-Aug-2018,5,3.4
V0055,03-Jul-2019,4,3.4
V0055,03-Jun-2019,5,2.7
V0055,03-Oct-2019,4,3.2
V0055,03-Sep-2019,3,1.8
V0055,04-Nov-2019,6,3.3
V0055,04-Oct-2018,9,4.0
V0055,04-Sep-2018,6,3.3
V0055,04-Sep-2019,7,3.9
V0055,05-Aug-2018,2,3.5
V0055,05-Aug-2019,3,2.1
V0055,05-Jun-2019,4,4.0
V0055,05-Nov-2019,5,2.0
V0055,05-Oct-2018,2,3.1
V0055,05-Sep-2018,4,2.1
V0055,06-Aug-2018,2,1.8
V0055,06-Aug-2019,4,2.8
V0055,06-Jul-2019,3,2.5
V0055,06-Jun-2019,2,3.0
V0055,06-Nov-2019,4,3.2
V0055,06-Oct-2019,3,1.9
V0055,06-Sep-2018,2,2.1
V0055,06-Sep-2019,8,3.1
V0055,07-Aug-2018,2,2.6
V0055,07-Jul-2019,8,3.6
V0055,07-Nov-2019,6,3.4
V0055,08-Aug-2018,3,3.8
V0055,08-Aug-2019,7,3.5
V0055,08-Jul-2019,2,2.8
V0055,08-Jun-2019,5,3.4
V0055,08-Nov-2018,2,2.5
V0055,08-Nov-2019,5,2.5
V0055,08-Oct-2018,3,3.7
V0055,08-Sep-2018,4,2.9
V0055,08-Sep-2019,6,3.7
V0055,09-Aug-2018,2,3.8
V0055,09-Jun-2019,11,3.9
V0055,09-Oct-2018,12,4.0
V0055,09-Sep-2018,9,2.8
V0055,10-Aug-2018,5,2.6
V0055,10-Aug-2019,2,3.2
V0055,10-Nov-2018,2,2.7
V0055,10-Nov-2019,4,3.2
V0055,10-Oct-2018,14,3.5
V0055,10-Oct-2019,5,3.5
V0055,10-Sep-2019,11,2.7
V0055,11-Aug-2018,6,2.2
V0055,11-Aug-2019,8,2.8
V0055,11-Jul-2019,2,2.1
V0055,11-Nov-2018,3,3.9
V0055,11-Nov-2019,8,2.6
V0055,11-Oct-2018,10,2.2
V0055,11-Oct-2019,2,1.9
V0055,11-Sep-2018,3,3.3
V0055,11-Sep-2019,3,3.3
V0055,12-Aug-2018,8,2.6
V0055,12-Aug-2019,8,2.0
V0055,12-Jun-2019,3,2.8
V0055,12-Nov-2018,7,2.5
V0055,12-Oct-2018,3,3.4
V0055,12-Sep-2018,4,3.3
V0055,12-Sep-2019,6,2.7
V0055,13-Aug-2019,4,2.3
V0055,13-Jul-2019,4,4.2
V0055,13-Jun-2019,9,2.9
V0055,13-Nov-2018,3,3.5
V0055,13-Nov-2019,2,2.1
V0055,13-Oct-2018,5,3.0
V0055,13-Oct-2019,2,1.9
V0055,13-Sep-2018,11,3.0
V0055,13-Sep-2019,2,4.1
V0055,14-Aug-2018,2,2.7
V0055,14-Jul-2019,3,1.9
V0055,14-Jun-2019,4,1.9
V0055,14-Nov-2018,10,2.7
V0055,14-Oct-2019,4,2.2
V0055,14-Sep-2018,11,1.9
V0055,14-Sep-2019,11,3.6
V0055,15-Aug-2018,5,2.9
V0055,15-Aug-2019,8,2.5
V0055,15-Jul-2019,8,4.0
V0055,15-Jun-2019,5,2.1
V0055,15-Nov-2018,2,4.1
V0055,15-Oct-2019,10,2.6
V0055,15-Sep-2018,10,3.9
V0055,15-Sep-2019,5,3.2
V0055,16-Jul-2019,12,3.8
V0055,16-Jun-2019,3,4.2
V0055,16-Oct-2018,3,2.5
V0055,16-Sep-2018,7,4.1
V0055,16-Sep-2019,4,2.7
V0055,17-Aug-2018,8,2.7
V0055,17-Aug-2019,6,2.6
V0055,17-Jun-2019,7,3.1
V0055,17-Nov-2019,3,2.2
V0055,17-Oct-2019,5,3.1
V0055,17-Sep-2018,7,3.1
V0055,18-Aug-2018,6,3.6
V0055,18-Aug-2019,4,3.8
V0055,18-Jul-2019,2,2.9
V0055,18-May-2019,2,2.5
V0055,18-Oct-2018,6,2.4
V0055,18-Oct-2019,2,2.3
V0055,18-Sep-2019,5,1.9
V0055,19-Aug-2018,5,2.6
V0055,19-Aug-2019,2,2.4
V0055,19-Jun-2019,2,4.1
V0055,19-May-2019,3,3.1
V0055,19-Nov-2018,8,2.6
V0055,19-Oct-2018,6,3.2
V0055,19-Oct-2019,6,2.1
V0055,19-Sep-2018,6,2.9
V0055,20-Aug-2018,2,3.3
V0055,20-Aug-2019,4,3.0
V0055,20-May-2019,8,2.8
V0055,20-Oct-2018,7,4.2
V0055,20-Oct-2019,5,3.9
V0055,20-Sep-2018,4,3.3
V0055,20-Sep-2019,4,3.2
V0055,21-Jul-2019,8,3.3
V0055,21-Nov-2018,2,2.3
V0055,21-Nov-2019,3,2.7
V0055,21-Sep-2019,6,1.9
V0055,22-Aug-2018,2,2.9
V0055,22-Aug-2019,10,3.1
V0055,22-Jun-2019,7,2.3
V0055,22-May-2019,6,4.1
V0055,22-Nov-2018,6,4.0
V0055,22-Oct-2018,9,3.5
V0055,22-Oct-2019,2,3.1
V0055,22-Sep-2018,2,3.9
V0055,22-Sep-2019,3,2.1
V0055,23-Aug-2018,2,3.7
V0055,23-Jul-2019,2,2.1
V0055,23-Jun-2019,4,3.7
V0055,23-May-2019,10,2.5
V0055,23-Nov-2018,2,3.9
V0055,23-Oct-2019,4,4.1
V0055,23-Sep-2018,3,2.2
V0055,23-Sep-2019,5,2.9
V0055,24-Aug-2018,2,4.2
V0055,24-Jul-2019,2,3.0
V0055,24-Jun-2019,3,3.9
V0055,24-Nov-2018,13,3.2
V0055,24-Oct-2019,16,2.7
V0055,25-Aug-2018,6,2.5
V0055,25-Jul-2018,2,2.3
V0055,25-Jul-2019,7,3.6
V0055,25-Jun-2019,8,2.7
V0055,25-Nov-2018,6,3.0
V0055,25-Oct-2018,5,3.0
V0055,25-Oct-2019,9,3.2
V0055,25-Sep-2018,2,3.9
V0055,26-Aug-2018,4,4.2
V0055,26-Aug-2019,4,2.8
V0055,26-Jul-2018,3,3.8
V0055,26-Jun-2019,6,3.6
V0055,26-May-2019,3,3.2
V0055,26-Oct-2018,4,4.1
V0055,26-Oct-2019,5,2.3
V0055,26-Sep-2018,2,2.1
V0055,26-Sep-2019,8,3.8
V0055,27-Jul-2018,3,2.9
V0055,27-Jun-2019,4,3.8
V0055,27-May-2019,6,3.9
V0055,27-Nov-2018,6,1.9
V0055,27-Oct-2018,8,3.9
V0055,27-Oct-2019,2,2.9
V0055,27-Sep-2018,5,3.0
V0055,27-Sep-2019,2,3.3
V0055,28-Aug-2018,2,4.0
V0055,28-Aug-2019,5,1.8
V0055,28-Jul-2018,2,2.9
V0055,28-May-2019,4,3.5
V0055,28-Nov-2018,4,3.5
V0055,28-Sep-2018,6,3.5
V0055,28-Sep-2019,8,2.1
V0055,29-Aug-2018,6,2.5
V0055,29-Aug-2019,2,2.7
V0055,29-Jul-2018,6,3.7
V0055,29-Jun-2019,2,2.5
V0055,29-Sep-2018,7,2.3
V0055,29-Sep-2019,3,4.1
V0055,30-Jul-2018,5,1.8
V0055,30-May-2019,6,4.2
V0055,30-Oct-2018,3,3.4
V0055,30-Sep-2018,5,3.8
V0055,30-Sep-2019,4,2.5
V0055,31-Aug-2018,2,1.8
V0055,31-Jul-2019,5,3.6
V0055,31-Oct-2018,2,3.8
V0055,31-Oct-2019,2,3.6
V0058,04-Aug-2019,8,2.1
V0058,19-Jun-2019,6,3.6
V0061,01-Dec-2018,12,3.6
V0061,01-Nov-2018,39,3.4
V0061,01-Oct-2018,25,3.6
V0061,02-Dec-2018,16,3.8
V0061,02-Nov-2018,25,3.3
V0061,02-Oct-2018,12,2.0
V0061,03-Aug-2018,39,3.0
V0061,03-Dec-2018,24,2.0
V0061,03-Nov-2018,16,2.8
V0061,03-Oct-2018,17,2.8
V0061,04-Aug-2018,14,2.0
V0061,04-Dec-2018,21,2.6
V0061,04-Jun-2019,29,2.1
V0061,04-Nov-2018,11,3.7
V0061,04-Oct-2018,24,4.1
V0061,05-Dec-2018,38,2.0
V0061,05-Nov-2018,2,4.1
V0061,05-Oct-2018,22,3.1
V0061,05-Sep-2018,7,2.5
V0061,06-Aug-2018,28,2.0
V0061,06-Jan-2019,36,3.0
V0061,06-Nov-2018,11,3.7
V0061,07-Nov-2018,10,3.5
V0061,07-Oct-2018,33,1.9
V0061,07-Sep-2018,4,2.0
V0061,08-Dec-2018,7,2.8
V0061,08-Oct-2018,25,2.5
V0061,08-Sep-2018,13,2.4
V0061,09-Dec-2018,38,2.5
V0061,09-Oct-2018,12,3.7
V0061,10-Jun-2019,7,4.0
V0061,10-Oct-2018,12,2.8
V0061,10-Sep-2019,29,4.0
V0061,11-Nov-2018,33,2.6
V0061,11-Oct-2018,9,2.9
V0061,12-Dec-2018,7,2.3
V0061,12-Nov-2018,16,3.3
V0061,12-Oct-2018,31,4.1
V0061,13-Nov-2018,4,3.2
V0061,14-Jun-2019,8,2.7
V0061,14-Nov-2018,7,3.4
V0061,14-Oct-2018,35,2.1
V0061,14-Sep-2018,3,3.9
V0061,15-Dec-2018,4,3.0
V0061,15-Nov-2018,19,2.9
V0061,15-Oct-2018,14,3.2
V0061,15-Sep-2018,45,3.3
V0061,16-Aug-2018,10,2.0
V0061,16-Oct-2018,8,3.4
V0061,16-Sep-2018,3,2.4
V0061,17-Jun-2019,11,3.5
V0061,17-Nov-2018,32,3.8
V0061,18-Aug-2018,20,3.7
V0061,18-Jun-2019,18,3.1
V0061,18-Nov-2018,7,3.0
V0061,18-Oct-2018,24,2.1
V0061,19-Aug-2018,18,3.7
V0061,19-Dec-2018,10,2.5
V0061,19-Nov-2018,30,3.0
V0061,19-Sep-2018,9,2.5
V0061,20-Dec-2018,20,2.1
V0061,20-Nov-2018,7,3.3
V0061,20-Oct-2018,16,1.9
V0061,21-May-2019,22,3.6
V0061,21-Oct-2018,28,2.6
V0061,22-Aug-2018,12,1.8
V0061,22-Oct-2018,39,3.0
V0061,22-Oct-2019,10,1.9
V0061,23-Dec-2018,19,2.5
V0061,23-Sep-2018,15,3.5
V0061,24-Dec-2018,15,2.0
V0061,24-May-2019,36,3.8
V0061,24-Sep-2018,34,1.8
V0061,25-Jul-2018,9,2.4
V0061,25-Sep-2018,24,3.6
V0061,26-Aug-2018,9,2.6
V0061,26-Dec-2018,27,2.0
V0061,26-Nov-2018,17,2.7
V0061,27-Dec-2018,9,2.4
V0061,27-Nov-2018,19,3.8
V0061,27-Oct-2018,2,2.6
V0061,28-Aug-2018,15,3.7
V0061,28-Jul-2018,2,3.9
V0061,28-May-2019,26,2.8
V0061,28-Oct-2018,38,4.0
V0061,29-Oct-2018,31,2.7
V0061,29-Sep-2018,2,4.1
V0061,30-Dec-2018,16,2.0
V0061,30-Jul-2018,17,3.4
V0061,30-Nov-2018,12,3.0
V0061,30-Sep-2018,33,2.7
V0061,31-Aug-2018,31,3.3
V0061,31-Dec-2018,23,3.5
V0065,01-Aug-2019,21,1.8
V0065,01-Jul-2019,32,2.2
V0065,01-Jun-2019,32,3.5
V0065,01-Nov-2019,28,3.4
V0065,01-Sep-2019,33,4.1
V0065,02-Aug-2019,25,3.6
V0065,02-Jun-2019,33,4.1
V0065,02-Nov-2019,10,3.5
V0065,02-Oct-2019,16,2.5
V0065,02-Sep-2019,20,2.1
V0065,03-Aug-2019,7,3.7
V0065,03-Jul-2019,22,3.3
V0065,03-Jun-2019,27,1.9
V0065,03-Nov-2019,40,2.7
V0065,03-Oct-2019,18,4.1
V0065,04-Aug-2019,20,3.0
V0065,04-Jul-2019,24,2.8
V0065,04-Nov-2019,29,2.9
V0065,04-Oct-2019,29,2.3
V0065,04-Sep-2019,19,2.7
V0065,05-Aug-2019,35,2.7
V0065,05-Jul-2019,20,1.9
V0065,05-Oct-2019,25,3.6
V0065,05-Sep-2019,14,2.8
V0065,06-Jul-2019,44,3.8
V0065,06-Jun-2019,3,3.8
V0065,06-Nov-2019,23,2.3
V0065,06-Oct-2019,44,3.4
V0065,06-Sep-2019,2,2.9
V0065,07-Aug-2019,17,3.9
V0065,07-Jul-2019,44,2.3
V0065,07-Jun-2019,20,3.4
V0065,07-Nov-2019,4,3.3
V0065,07-Oct-2019,27,2.5
V0065,07-Sep-2019,21,2.1
V0065,08-Aug-2019,30,3.4
V0065,08-Dec-2019,6,3.6
V0065,08-Jul-2019,40,2.6
V0065,08-Nov-2019,11,3.3
V0065,08-Oct-2019,24,2.7
V0065,08-Sep-2019,37,3.5
V0065,09-Aug-2019,24,2.3
V0065,09-Jun-2019,34,3.9
V0065,09-Nov-2019,33,2.5
V0065,09-Sep-2019,28,2.7
V0065,10-Aug-2019,17,1.9
V0065,10-Jul-2019,6,2.1
V0065,10-Jun-2019,28,3.0
V0065,10-Nov-2019,40,2.4
V0065,10-Oct-2019,27,3.8
V0065,11-Aug-2019,32,1.8
V0065,11-Jul-2019,40,2.7
V0065,11-Nov-2019,17,2.6
V0065,11-Oct-2019,38,1.8
V0065,11-Sep-2019,5,2.1
V0065,12-Aug-2019,32,2.8
V0065,12-Jul-2019,33,3.0
V0065,12-Jun-2019,9,2.8
V0065,12-Oct-2019,38,3.1
V0065,12-Sep-2019,11,3.2
V0065,13-Jul-2019,26,1.8
V0065,13-Jun-2019,22,2.9
V0065,13-Nov-2019,28,4.1
V0065,13-Oct-2019,51,3.0
V0065,13-Sep-2019,12,3.4
V0065,14-Aug-2019,24,2.5
V0065,14-Jul-2019,24,3.7
V0065,14-Nov-2019,7,3.7
V0065,14-Oct-2019,31,3.1
V0065,14-Sep-2019,23,4.1
V0065,15-Aug-2019,3,2.1
V0065,15-Jul-2019,18,1.8
V0065,15-Jun-2019,15,3.6
V0065,15-Nov-2019,18,3.7
V0065,15-Sep-2019,20,2.1
V0065,16-Aug-2019,29,2.4
V0065,16-Dec-2019,14,1.8
V0065,16-Jun-2019,45,2.5
V0065,16-Nov-2019,38,3.7
V0065,16-Oct-2019,30,3.0
V0065,16-Sep-2019,31,2.6
V0065,17-Aug-2019,30,2.7
V0065,17-Jul-2019,17,1.8
V0065,17-Jun-2019,38,2.5
V0065,17-Nov-2019,12,3.4
V0065,17-Oct-2019,31,4.1
V0065,18-Aug-2019,38,3.8
V0065,18-Jul-2019,28,1.9
V0065,18-May-2019,12,4.0
V0065,18-Oct-2019,29,3.7
V0065,18-Sep-2019,7,3.7
V0065,19-Aug-2019,30,2.9
V0065,19-Jul-2019,28,2.8
V0065,19-Jun-2019,4,2.5
V0065,19-May-2019,36,2.0
V0065,19-Oct-2019,34,2.3
V0065,19-Sep-2019,12,2.4
V0065,20-Jul-2019,32,3.0
V0065,20-Jun-2019,23,3.6
V0065,20-May-2019,17,2.9
V0065,20-Oct-2019,38,1.9
V0065,20-Sep-2019,32,4.1
V0065,21-Aug-2019,26,4.1
V0065,21-Jul-2019,36,3.7
V0065,21-Jun-2019,24,4.2
V0065,21-Oct-2019,32,3.1
V0065,21-Sep-2019,8,4.1
V0065,22-Aug-2019,31,2.0
V0065,22-Jun-2019,12,2.7
V0065,22-Sep-2019,35,2.3
V0065,23-Aug-2019,29,2.3
V0065,23-Jun-2019,47,2.1
V0065,23-May-2019,40,3.3
V0065,23-Oct-2019,35,3.7
V0065,23-Sep-2019,30,3.2
V0065,24-Aug-2019,32,2.2
V0065,24-Jun-2019,40,3.7
V0065,24-May-2019,32,3.3
V0065,24-Oct-2019,5,2.7
V0065,25-Aug-2019,36,3.4
V0065,25-May-2019,3,2.4
V0065,25-Oct-2019,33,2.6
V0065,25-Sep-2019,6,4.0
V0065,26-Aug-2019,30,2.5
V0065,26-Jun-2019,14,2.9
V0065,26-May-2019,6,3.9
V0065,26-Oct-2019,23,3.5
V0065,27-Jun-2019,15,1.9
V0065,27-May-2019,26,2.2
V0065,27-Oct-2019,35,1.8
V0065,27-Sep-2019,28,3.3
V0065,28-Aug-2019,4,2.9
V0065,28-Jul-2019,8,2.1
V0065,28-Jun-2019,38,4.1
V0065,28-Oct-2019,32,3.1
V0065,28-Sep-2019,15,2.4
V0065,29-Aug-2019,14,3.0
V0065,29-Jul-2019,43,3.4
V0065,29-Jun-2019,31,2.0
V0065,29-May-2019,20,2.5
V0065,29-Sep-2019,37,3.7
V0065,30-Aug-2019,12,2.9
V0065,30-Jul-2019,28,3.1
V0065,30-Jun-2019,42,2.8
V0065,30-May-2019,2,1.9
V0065,30-Oct-2019,14,2.2
V0065,30-Sep-2019,30,2.9
V0065,31-Aug-2019,21,2.3
V0065,31-May-2019,33,1.9
V0065,31-Oct-2019,30,3.8
V0071,07-Jun-2019,7,4.2
V0071,24-May-2019,4,3.7
V0072,01-Aug-2019,3,3.8
V0072,01-Jul-2019,11,2.4
V0072,01-Nov-2019,25,4.1
V0072,01-Oct-2019,2,2.3
V0072,01-Sep-2019,16,4.1
V0072,02-Jul-2019,6,4.2
V0072,02-Jun-2019,13,3.5
V0072,02-Nov-2019,18,4.2
V0072,02-Sep-2019,11,3.2
V0072,03-Jul-2019,6,2.4
V0072,03-Jun-2019,7,2.8
V0072,03-Nov-2019,12,3.2
V0072,03-Oct-2019,2,2.0
V0072,03-Sep-2019,2,3.3
V0072,04-Jul-2019,4,4.2
V0072,04-Jun-2019,7,2.3
V0072,04-Nov-2019,9,3.7
V0072,04-Oct-2019,9,4.0
V0072,05-Aug-2019,2,4.1
V0072,05-Nov-2019,18,4.1
V0072,05-Sep-2019,5,3.1
V0072,06-Aug-2019,13,4.1
V0072,06-Jun-2019,5,3.6
V0072,06-Oct-2019,5,2.2
V0072,06-Sep-2019,20,2.9
V0072,07-Jul-2019,17,3.5
V0072,07-Jun-2019,6,2.4
V0072,07-Nov-2019,25,3.3
V0072,07-Oct-2019,4,3.4
V0072,07-Sep-2019,10,2.2
V0072,08-Jul-2019,2,3.2
V0072,08-Sep-2019,12,3.7
V0072,09-Jul-2019,2,3.0
V0072,09-Jun-2019,14,1.8
V0072,09-Oct-2019,2,1.8
V0072,09-Sep-2019,4,2.7
V0072,10-Jul-2019,9,4.0
V0072,10-Jun-2019,8,2.3
V0072,10-Nov-2019,7,3.3
V0072,10-Oct-2019,13,2.3
V0072,10-Sep-2019,13,2.6
V0072,11-Aug-2019,5,3.8
V0072,11-Jul-2019,15,3.5
V0072,11-Jun-2019,9,2.0
V0072,12-Aug-2019,4,2.8
V0072,12-Jun-2019,14,1.9
V0072,12-Sep-2019,5,3.0
V0072,13-Aug-2019,23,3.4
V0072,13-Jul-2019,20,2.1
V0072,13-Jun-2019,10,2.5
V0072,14-Jul-2019,6,2.8
V0072,14-Jun-2019,2,4.0
V0072,14-Oct-2019,2,4.2
V0072,15-Jun-2019,6,1.9
V0072,15-Oct-2019,12,3.6
V0072,15-Sep-2019,19,2.7
V0072,16-Aug-2019,3,2.7
V0072,16-Jul-2019,10,3.6
V0072,16-Jun-2019,8,4.0
V0072,16-Nov-2019,2,4.1
V0072,16-Sep-2019,24,3.2
V0072,17-Aug-2019,14,2.7
V0072,17-Oct-2019,4,3.7
V0072,17-Sep-2019,8,2.4
V0072,18-Aug-2019,3,3.2
V0072,18-Jul-2019,6,2.7
V0072,18-Jun-2019,9,3.4
V0072,18-Nov-2019,2,2.4
V0072,19-Aug-2019,22,2.3
V0072,19-Jul-2019,16,4.0
V0072,19-Jun-2019,13,2.0
V0072,19-May-2019,4,3.0
V0072,19-Oct-2019,10,2.3
V0072,19-Sep-2019,1,1.9
V0072,20-Aug-2019,2,1.9
V0072,20-Jun-2019,14,2.2
V0072,20-Oct-2019,2,3.9
V0072,20-Sep-2019,3,2.5
V0072,21-Aug-2019,6,4.1
V0072,21-Jun-2019,4,3.2
V0072,21-Sep-2019,12,2.8
V0072,22-Aug-2019,9,3.2
V0072,22-Jun-2019,2,3.0
V0072,22-Nov-2019,3,3.6
V0072,22-Sep-2019,6,2.5
V0072,23-Aug-2019,4,2.6
V0072,23-Jun-2019,19,3.9
V0072,23-Sep-2019,8,4.1
V0072,24-Jun-2019,4,3.9
V0072,24-Oct-2019,29,2.8
V0072,25-Aug-2019,4,3.7
V0072,25-Jun-2019,8,2.9
V0072,25-May-2019,6,3.0
V0072,25-Nov-2019,2,2.3
V0072,26-Aug-2019,10,3.2
V0072,26-Jul-2019,11,2.2
V0072,26-May-2019,8,2.6
V0072,27-Aug-2019,21,3.9
V0072,27-Jul-2019,4,2.3
V0072,27-May-2019,3,2.0
V0072,27-Oct-2019,7,2.0
V0072,28-Jul-2019,8,4.1
V0072,28-May-2019,6,3.0
V0072,28-Oct-2019,19,2.8
V0072,29-May-2019,2,3.7
V0072,29-Sep-2019,9,3.8
V0072,30-May-2019,2,2.6
V0072,30-Oct-2019,2,3.5
V0072,30-Sep-2019,6,3.7
V0072,31-Aug-2019,10,3.4
V0072,31-Oct-2019,8,2.2
V0074,17-Jul-2019,4,3.9
V0074,31-May-2019,2,3.1
V0077,02-Aug-2019,5,2.5
V0077,03-Jun-2019,6,2.8
V0077,05-Sep-2019,3,1.9
V0077,09-Sep-2019,2,2.1
V0077,10-Jul-2019,4,3.6
V0077,11-Nov-2019,2,1.8
V0077,13-Jul-2019,5,2.8
V0077,13-Jun-2019,2,3.1
V0081,01-Jul-2019,2,1.9
V0081,01-Nov-2019,18,4.1
V0081,01-Sep-2019,20,2.3
V0081,02-Aug-2019,12,2.5
V0081,02-Jun-2019,11,2.5
V0081,02-Nov-2019,14,2.4
V0081,02-Oct-2019,17,1.8
V0081,02-Sep-2019,18,3.6
V0081,03-Aug-2019,7,4.1
V0081,03-Jul-2019,17,2.3
V0081,03-Jun-2019,13,3.4
V0081,03-Nov-2019,9,3.6
V0081,03-Oct-2019,6,3.8
V0081,03-Sep-2019,8,2.8
V0081,04-Aug-2019,13,2.5
V0081,04-Jul-2019,10,2.6
V0081,04-Nov-2019,6,3.5
V0081,04-Oct-2019,15,3.8
V0081,05-Aug-2019,16,2.2
V0081,05-Jul-2019,20,2.7
V0081,05-Jun-2019,6,4.0
V0081,05-Nov-2019,13,3.7
V0081,05-Oct-2019,2,4.2
V0081,05-Sep-2019,12,3.6
V0081,06-Jul-2019,18,2.7
V0081,06-Jun-2019,8,3.2
V0081,06-Oct-2019,12,3.4
V0081,06-Sep-2019,10,2.0
V0081,07-Aug-2019,14,3.1
V0081,07-Jul-2019,21,3.5
V0081,07-Jun-2019,14,2.2
V0081,07-Nov-2019,13,3.7
V0081,07-Oct-2019,8,3.2
V0081,07-Sep-2019,12,4.1
V0081,08-Aug-2019,16,1.9
V0081,08-Jul-2019,10,2.4
V0081,08-Jun-2019,4,3.2
V0081,08-Nov-2019,8,2.5
V0081,08-Oct-2019,13,3.5
V0081,08-Sep-2019,11,3.6
V0081,09-Aug-2019,19,2.0
V0081,09-Jun-2019,16,3.0
V0081,09-Nov-2019,13,3.0
V0081,09-Sep-2019,2,2.7
V0081,10-Aug-2019,19,4.0
V0081,10-Jul-2019,23,3.8
V0081,10-Jun-2019,18,3.5
V0081,10-Nov-2019,17,3.5
V0081,10-Sep-2019,2,2.9
V0081,11-Aug-2019,15,4.0
V0081,11-Jul-2019,19,3.5
V0081,11-Jun-2019,8,3.5
V0081,11-Nov-2019,7,3.9
V0081,11-Oct-2019,15,2.5
V0081,12-Aug-2019,15,3.7
V0081,12-Jul-2019,13,2.3
V0081,12-Oct-2019,14,2.6
V0081,12-Sep-2019,7,2.6
V0081,13-Aug-2019,19,4.1
V0081,13-Jul-2019,8,3.9
V0081,13-Jun-2019,18,3.5
V0081,13-Nov-2019,12,3.5
V0081,13-Oct-2019,8,3.1
V0081,13-Sep-2019,9,4.1
V0081,14-Jul-2019,14,3.0
V0081,14-Nov-2019,5,2.7
V0081,14-Oct-2019,4,2.2
V0081,14-Sep-2019,12,3.7
V0081,15-Aug-2019,9,3.6
V0081,15-Jul-2019,8,2.7
V0081,15-Jun-2019,19,1.9
V0081,15-Nov-2019,12,3.8
V0081,15-Sep-2019,19,1.8
V0081,16-Aug-2019,13,3.5
V0081,16-Jun-2019,19,4.1
V0081,16-Oct-2019,20,2.9
V0081,16-Sep-2019,14,2.4
V0081,17-Aug-2019,7,3.5
V0081,17-Jul-2019,17,3.8
V0081,17-Jun-2019,7,3.1
V0081,17-Oct-2019,15,4.1
V0081,18-Aug-2019,18,1.9
V0081,18-Jul-2019,20,3.0
V0081,18-Jun-2019,8,3.5
V0081,18-May-2019,6,3.9
V0081,18-Oct-2019,10,2.2
V0081,18-Sep-2019,17,3.7
V0081,19-Aug-2019,18,3.1
V0081,19-Jul-2019,16,2.8
V0081,19-May-2019,17,2.1
V0081,19-Oct-2019,16,3.9
V0081,19-Sep-2019,17,2.2
V0081,20-Aug-2019,11,2.5
V0081,20-Jul-2019,14,2.5
V0081,20-Jun-2019,9,3.9
V0081,20-May-2019,2,3.4
V0081,20-Oct-2019,6,3.7
V0081,20-Sep-2019,12,2.4
V0081,21-Jun-2019,16,3.3
V0081,21-May-2019,14,3.2
V0081,21-Oct-2019,17,3.8
V0081,21-Sep-2019,6,4.0
V0081,22-Aug-2019,2,1.8
V0081,22-Jun-2019,11,3.4
V0081,22-Sep-2019,15,1.9
V0081,23-Aug-2019,14,3.1
V0081,23-Jun-2019,10,2.5
V0081,23-May-2019,5,2.5
V0081,23-Oct-2019,11,2.6
V0081,23-Sep-2019,9,3.3
V0081,24-Aug-2019,1,2.6
V0081,24-Jun-2019,6,3.6
V0081,24-May-2019,11,2.8
V0081,24-Oct-2019,14,2.0
V0081,24-Sep-2019,12,3.7
V0081,25-Aug-2019,16,2.5
V0081,25-Jun-2019,10,2.8
V0081,25-Oct-2019,22,3.4
V0081,25-Sep-2019,10,2.6
V0081,26-Aug-2019,12,1.9
V0081,26-May-2019,15,2.7
V0081,26-Oct-2019,4,4.1
V0081,26-Sep-2019,17,3.3
V0081,27-Jun-2019,13,3.4
V0081,27-May-2019,10,3.3
V0081,27-Oct-2019,6,2.3
V0081,27-Sep-2019,9,2.8
V0081,28-Aug-2019,17,3.6
V0081,28-Jul-2019,16,2.0
V0081,28-Jun-2019,20,2.5
V0081,28-May-2019,8,2.5
V0081,28-Oct-2019,2,2.8
V0081,28-Sep-2019,17,4.2
V0081,29-Aug-2019,12,2.0
V0081,29-Jun-2019,14,3.0
V0081,29-May-2019,16,2.2
V0081,29-Sep-2019,1,4.1
V0081,30-Aug-2019,5,2.1
V0081,30-Jul-2019,4,2.8
V0081,30-Jun-2019,21,3.6
V0081,30-May-2019,5,3.5
V0081,30-Sep-2019,4,2.8
V0081,31-Aug-2019,9,2.6
V0081,31-May-2019,16,2.8
V0081,31-Oct-2019,7,2.4
V0082,22-Sep-2019,6,2.3
V0083,01-Aug-2019,5,3.0
V0083,01-Dec-2019,2,2.4
V0083,01-Jul-2019,8,2.5
V0083,01-Nov-2019,5,3.4
V0083,01-Sep-2019,11,4.1
V0083,02-Nov-2019,6,3.2
V0083,02-Oct-2019,4,2.0
V0083,03-Jun-2019,22,2.0
V0083,03-Nov-2019,11,4.1
V0083,04-Aug-2019,14,2.5
V0083,04-Dec-2019,2,2.0
V0083,04-Oct-2019,2,3.2
V0083,04-Sep-2019,3,3.3
V0083,05-Aug-2019,12,3.4
V0083,05-Jun-2019,2,2.4
V0083,05-Oct-2019,2,1.8
V0083,05-Sep-2019,9,4.1
V0083,06-Jul-2019,3,2.4
V0083,06-Jun-2019,3,3.4
V0083,06-Oct-2019,4,3.5
V0083,06-Sep-2019,4,3.3
V0083,07-Jul-2019,8,2.6
V0083,07-Jun-2019,8,2.5
V0083,07-Nov-2019,15,3.2
V0083,07-Oct-2019,17,3.9
V0083,08-Aug-2019,8,4.1
V0083,08-Dec-2019,2,2.1
V0083,08-Jul-2019,14,2.2
V0083,08-Nov-2019,8,4.1
V0083,09-Aug-2019,3,3.6
V0083,09-Jun-2019,4,3.9
V0083,09-Nov-2019,4,2.3
V0083,10-Aug-2019,2,3.2
V0083,10-Jul-2019,6,3.5
V0083,10-Jun-2019,15,3.4
V0083,10-Nov-2019,11,2.8
V0083,11-Jul-2019,8,1.8
V0083,11-Nov-2019,11,3.2
V0083,11-Sep-2019,1,2.4
V0083,12-Aug-2019,23,2.9
V0083,12-Jul-2019,9,4.1
V0083,12-Jun-2019,6,2.8
V0083,12-Oct-2019,7,3.8
V0083,13-Jul-2019,9,2.3
V0083,13-Jun-2019,7,3.4
V0083,13-Nov-2019,3,4.1
V0083,13-Oct-2019,4,2.0
V0083,14-Nov-2019,7,1.8
V0083,14-Sep-2019,2,2.8
V0083,15-Nov-2019,4,2.0
V0083,16-Aug-2019,7,3.6
V0083,16-Jun-2019,4,4.0
V0083,16-Nov-2019,2,2.8
V0083,16-Sep-2019,9,2.4
V0083,17-Aug-2019,7,2.8
V0083,17-Jul-2019,4,3.5
V0083,17-Nov-2019,6,1.8
V0083,17-Oct-2019,6,3.2
V0083,18-Aug-2019,2,3.3
V0083,18-Jul-2019,8,3.3
V0083,18-May-2019,2,2.4
V0083,18-Oct-2019,2,3.5
V0083,19-Aug-2019,15,2.0
V0083,19-Jul-2019,14,2.3
V0083,19-May-2019,1,3.9
V0083,19-Oct-2019,15,3.6
V0083,19-Sep-2019,9,1.8
V0083,20-Jun-2019,2,2.4
V0083,20-May-2019,9,2.3
V0083,20-Sep-2019,2,2.4
V0083,21-Aug-2019,9,2.4
V0083,21-Jun-2019,5,2.0
V0083,23-Jun-2019,8,2.9
V0083,23-Oct-2019,2,3.6
V0083,23-Sep-2019,3,3.3
V0083,24-Aug-2019,7,3.4
V0083,24-Jun-2019,12,2.0
V0083,24-May-2019,4,4.1
V0083,24-Oct-2019,5,3.8
V0083,25-Aug-2019,7,3.7
V0083,25-Oct-2019,6,3.8
V0083,26-Aug-2019,4,4.0
V0083,26-Jun-2019,2,3.1
V0083,26-Oct-2019,5,2.3
V0083,26-Sep-2019,1,3.3
V0083,27-Oct-2019,9,3.6
V0083,28-Jun-2019,6,3.6
V0083,28-Oct-2019,16,3.1
V0083,29-Aug-2019,8,2.0
V0083,29-Jun-2019,5,2.7
V0083,29-May-2019,2,4.0
V0083,30-Jun-2019,9,3.2
V0083,30-Nov-2019,2,3.1
V0083,30-Oct-2019,4,2.4
V0087,01-Aug-2019,13,2.7
V0087,01-Jul-2019,63,3.9
V0087,01-Oct-2019,35,3.4
V0087,01-Sep-2019,27,3.7
V0087,02-Aug-2019,5,2.9
V0087,02-Dec-2019,62,3.3
V0087,02-Jul-2019,17,2.4
V0087,02-Jun-2019,6,3.5
V0087,02-Nov-2019,12,2.8
V0087,02-Oct-2019,3,2.9
V0087,02-Sep-2019,16,3.4
V0087,03-Aug-2019,7,4.0
V0087,03-Dec-2019,3,2.0
V0087,03-Jun-2019,29,3.8
V0087,03-Nov-2019,28,2.5
V0087,03-Oct-2019,17,2.9
V0087,04-Aug-2019,29,1.9
V0087,04-Jul-2019,20,2.5
V0087,04-Jun-2019,5,3.0
V0087,04-Nov-2019,18,1.9
V0087,04-Oct-2019,16,3.0
V0087,04-Sep-2019,12,4.0
V0087,05-Aug-2019,23,2.1
V0087,05-Dec-2019,20,3.6
V0087,05-Jul-2019,16,2.8
V0087,05-Jun-2019,6,3.4
V0087,05-Nov-2019,4,2.4
V0087,05-Oct-2019,20,2.2
V0087,05-Sep-2019,2,2.2
V0087,06-Aug-2019,20,2.0
V0087,06-Jul-2019,64,2.2
V0087,06-Jun-2019,6,3.4
V0087,06-Nov-2019,20,3.9
V0087,06-Oct-2019,6,3.8
V0087,06-Sep-2019,20,3.4
V0087,07-Aug-2019,6,2.1
V0087,07-Dec-2019,30,2.5
V0087,07-Jul-2019,25,2.5
V0087,07-Jun-2019,21,2.4
V0087,07-Nov-2019,2,3.0
V0087,07-Oct-2019,60,3.1
V0087,07-Sep-2019,18,2.7
V0087,08-Aug-2019,18,2.6
V0087,08-Jul-2019,61,3.8
V0087,08-Nov-2019,32,3.7
V0087,08-Oct-2019,15,2.5
V0087,08-Sep-2019,6,4.0
V0087,09-Jul-2019,16,4.1
V0087,09-Jun-2019,14,2.6
V0087,09-Oct-2019,7,2.7
V0087,09-Sep-2019,13,3.0
V0087,10-Dec-2019,24,4.1
V0087,10-Jun-2019,31,3.9
V0087,10-Nov-2019,17,2.0
V0087,10-Oct-2019,30,2.7
V0087,10-Sep-2019,6,3.1
V0087,11-Aug-2019,33,3.0
V0087,11-Jun-2019,18,2.3
V0087,11-Nov-2019,33,3.9
V0087,11-Oct-2019,37,3.4
V0087,11-Sep-2019,18,3.8
V0087,12-Aug-2019,36,3.9
V0087,12-Jul-2019,30,3.6
V0087,12-Nov-2019,2,2.9
V0087,12-Oct-2019,31,3.3
V0087,12-Sep-2019,4,2.2
V0087,13-Aug-2019,4,3.4
V0087,13-Jul-2019,73,2.2
V0087,13-Jun-2019,38,3.5
V0087,13-Oct-2019,49,2.4
V0087,13-Sep-2019,6,2.1
V0087,14-Aug-2019,2,2.2
V0087,14-Jul-2019,29,1.8
V0087,14-Oct-2019,33,3.5
V0087,14-Sep-2019,7,3.6
V0087,15-Aug-2019,10,3.0
V0087,15-Dec-2019,7,2.2
V0087,15-Jul-2019,18,2.0
V0087,15-Nov-2019,1,1.8
V0087,15-Oct-2019,4,2.2
V0087,15-Sep-2019,36,3.9
V0087,16-Aug-2019,2,2.4
V0087,16-Jul-2019,11,2.7
V0087,16-Jun-2019,32,2.1
V0087,16-Nov-2019,12,2.3
V0087,16-Oct-2019,29,3.0
V0087,16-Sep-2019,28,3.3
V0087,17-Jul-2019,11,2.4
V0087,17-Jun-2019,42,1.9
V0087,17-Nov-2019,15,2.7
V0087,17-Oct-2019,48,2.4
V0087,17-Sep-2019,25,2.3
V0087,18-Aug-2019,12,4.1
V0087,18-Jul-2019,20,3.3
V0087,18-Jun-2019,11,3.1
V0087,18-May-2019,5,2.8
V0087,18-Nov-2019,23,2.8
V0087,18-Oct-2019,21,3.1
V0087,18-Sep-2019,8,3.5
V0087,19-Aug-2019,42,3.5
V0087,19-Jul-2019,55,2.2
V0087,19-May-2019,11,3.0
V0087,19-Oct-2019,16,2.8
V0087,19-Sep-2019,3,3.9
V0087,20-Aug-2019,27,3.3
V0087,20-Jul-2019,38,3.1
V0087,20-Jun-2019,10,2.1
V0087,20-May-2019,28,3.3
V0087,20-Nov-2019,4,2.1
V0087,20-Oct-2019,20,2.6
V0087,20-Sep-2019,24,2.1
V0087,21-Aug-2019,17,3.5
V0087,21-Jul-2019,54,2.3
V0087,21-May-2019,4,2.7
V0087,21-Nov-2019,12,3.9
V0087,21-Oct-2019,54,2.3
V0087,21-Sep-2019,6,3.0
V0087,22-Aug-2019,13,2.8
V0087,22-Jun-2019,13,1.8
V0087,22-Sep-2019,30,3.7
V0087,23-Aug-2019,24,2.0
V0087,23-Jun-2019,6,2.9
V0087,23-Oct-2019,7,3.1
V0087,23-Sep-2019,25,3.3
V0087,24-Aug-2019,6,3.5
V0087,24-Jul-2019,28,2.4
V0087,24-Jun-2019,30,1.8
V0087,24-May-2019,26,3.5
V0087,24-Oct-2019,5,3.1
V0087,24-Sep-2019,8,3.8
V0087,25-Aug-2019,3,3.8
V0087,25-Jul-2019,29,3.8
V0087,25-Jun-2019,51,3.0
V0087,25-May-2019,9,2.6
V0087,25-Oct-2019,9,3.7
V0087,26-Aug-2019,19,2.9
V0087,26-Jun-2019,7,2.2
V0087,26-May-2019,23,3.9
V0087,26-Sep-2019,14,3.9
V0087,27-Aug-2019,2,2.9
V0087,27-Jul-2019,20,2.0
V0087,27-Jun-2019,9,2.7
V0087,27-May-2019,23,3.7
V0087,27-Oct-2019,43,4.0
V0087,27-Sep-2019,2,2.3
V0087,28-Jul-2019,4,2.0
V0087,28-Jun-2019,10,3.9
V0087,28-May-2019,16,2.7
V0087,28-Oct-2019,34,3.1
V0087,28-Sep-2019,22,4.1
V0087,29-Aug-2019,10,2.0
V0087,29-Jul-2019,15,3.4
V0087,29-Jun-2019,2,2.0
V0087,29-Nov-2019,3,2.7
V0087,29-Oct-2019,4,3.7
V0087,29-Sep-2019,19,2.8
V0087,30-Jul-2019,25,4.2
V0087,30-Jun-2019,32,3.1
V0087,30-May-2019,2,2.6
V0087,30-Nov-2019,5,2.3
V0087,30-Oct-2019,20,2.6
V0087,30-Sep-2019,29,2.7
V0087,31-Jul-2019,4,2.0
V0087,31-Oct-2019,9,2.7
V0095,16-Oct-2018,2,2.9
V0095,19-Nov-2018,2,3.5
V0096,01-Aug-2019,4,3.4
V0096,01-Jul-2019,21,3.5
V0096,02-Oct-2019,2,1.8
V0096,02-Sep-2019,2,2.3
V0096,03-Aug-2019,2,3.4
V0096,03-Nov-2019,3,3.0
V0096,04-Jun-2019,2,1.8
V0096,04-Oct-2019,3,3.7
V0096,05-Nov-2019,2,3.7
V0096,05-Oct-2019,14,3.1
V0096,06-Nov-2019,5,2.0
V0096,07-Jul-2019,6,3.6
V0096,07-Oct-2019,8,3.2
V0096,08-Aug-2019,6,3.7
V0096,08-Jul-2019,7,3.6
V0096,08-Oct-2019,9,3.7
V0096,08-Sep-2019,6,3.0
V0096,09-Jul-2019,1,2.1
V0096,09-Jun-2019,3,3.4
V0096,09-Nov-2019,1,3.3
V0096,09-Sep-2019,9,3.6
V0096,10-Nov-2019,7,2.2
V0096,10-Oct-2019,11,2.3
V0096,11-Aug-2019,4,3.9
V0096,12-Jul-2019,4,3.6
V0096,12-Oct-2019,4,4.0
V0096,12-Sep-2019,3,3.6
V0096,13-Jul-2019,4,3.2
V0096,13-Nov-2019,14,3.4
V0096,13-Oct-2019,3,3.9
V0096,14-Jul-2019,2,3.2
V0096,14-Oct-2019,5,3.3
V0096,14-Sep-2019,15,2.2
V0096,15-Jul-2019,4,2.9
V0096,15-Sep-2019,12,3.5
V0096,16-Jul-2019,4,2.5
V0096,16-Sep-2019,4,2.3
V0096,17-Aug-2019,4,2.6
V0096,17-Nov-2019,1,2.4
V0096,17-Oct-2019,10,2.3
V0096,17-Sep-2019,4,2.8
V0096,18-Aug-2019,4,4.0
V0096,18-Jul-2019,4,3.0
V0096,18-Jun-2019,2,2.3
V0096,19-Aug-2019,3,2.0
V0096,19-Oct-2019,21,3.5
V0096,20-Aug-2019,3,2.7
V0096,20-May-2019,5,3.8
V0096,20-Oct-2019,5,3.4
V0096,21-Aug-2019,3,3.7
V0096,21-May-2019,4,2.5
V0096,21-Oct-2019,5,3.5
V0096,21-Sep-2019,3,2.4
V0096,22-Oct-2019,7,4.1
V0096,23-Sep-2019,7,3.3
V0096,24-Sep-2019,3,2.6
V0096,25-Oct-2019,5,2.4
V0096,25-Sep-2019,2,2.3
V0096,27-Aug-2019,2,3.5
V0096,27-Jun-2019,2,2.3
V0096,27-Oct-2019,25,3.2
V0096,28-Oct-2019,2,2.4
V0096,29-Aug-2019,5,3.4
V0096,30-Sep-2019,4,3.8
V0098,01-Aug-2019,14,3.7
V0098,01-Dec-2018,39,3.6
V0098,01-Feb-2019,38,2.3
V0098,01-Jul-2019,58,2.0
V0098,01-Jun-2019,26,3.5
V0098,01-Nov-2018,18,2.7
V0098,01-Nov-2019,20,2.8
V0098,01-Oct-2018,37,1.9
V0098,01-Oct-2019,6,2.4
V0098,01-Sep-2018,2,1.9
V0098,01-Sep-2019,28,3.9
V0098,02-Aug-2018,5,2.4
V0098,02-Dec-2019,19,3.1
V0098,02-Feb-2019,32,1.9
V0098,02-Jan-2019,12,3.4
V0098,02-Jul-2019,12,2.6
V0098,02-Jun-2019,21,4.0
V0098,02-Nov-2019,32,3.9
V0098,02-Oct-2019,11,2.6
V0098,02-Sep-2018,11,4.0
V0098,02-Sep-2019,17,4.2
V0098,03-Aug-2018,15,3.8
V0098,03-Aug-2019,2,3.8
V0098,03-Dec-2018,8,2.4
V0098,03-Feb-2019,42,3.2
V0098,03-Jul-2019,30,2.0
V0098,03-Jun-2019,18,2.0
V0098,03-Nov-2018,26,4.2
V0098,03-Nov-2019,47,2.6
V0098,03-Oct-2018,38,3.6
V0098,03-Oct-2019,6,3.7
V0098,04-Aug-2018,3,3.9
V0098,04-Aug-2019,40,4.2
V0098,04-Feb-2019,35,2.4
V0098,04-Jan-2019,9,1.9
V0098,04-Jul-2019,49,2.8
V0098,04-Nov-2018,42,2.1
V0098,04-Nov-2019,31,1.9
V0098,04-Oct-2018,4,2.7
V0098,04-Oct-2019,2,3.7
V0098,04-Sep-2019,6,3.2
V0098,05-Aug-2018,15,2.6
V0098,05-Aug-2019,29,3.4
V0098,05-Jan-2019,30,2.4
V0098,05-Jul-2019,51,1.8
V0098,05-Nov-2018,21,3.6
V0098,05-Oct-2019,31,3.3
V0098,05-Sep-2018,2,3.6
V0098,05-Sep-2019,8,1.9
V0098,06-Aug-2018,52,3.8
V0098,06-Feb-2019,15,3.3
V0098,06-Jan-2019,42,3.2
V0098,06-Jul-2019,38,3.3
V0098,06-Nov-2019,21,3.9
V0098,06-Oct-2019,31,3.2
V0098,06-Sep-2018,3,3.2
V0098,06-Sep-2019,18,4.2
V0098,07-Aug-2018,6,3.6
V0098,07-Aug-2019,8,2.9
V0098,07-Dec-2018,25,3.5
V0098,07-Jan-2019,27,2.7
V0098,07-Jul-2019,50,2.3
V0098,07-Jun-2019,23,3.2
V0098,07-Nov-2018,14,4.0
V0098,07-Nov-2019,8,4.0
V0098,07-Oct-2019,26,2.6
V0098,07-Sep-2019,20,3.1
V0098,08-Aug-2018,21,2.3
V0098,08-Aug-2019,12,4.2
V0098,08-Dec-2018,12,4.2
V0098,08-Feb-2019,28,3.4
V0098,08-Jul-2019,75,3.7
V0098,08-Jun-2019,10,3.5
V0098,08-Nov-2018,12,3.2
V0098,08-Nov-2019,39,1.9
V0098,08-Oct-2019,3,2.9
V0098,08-Sep-2018,15,3.4
V0098,08-Sep-2019,48,3.4
V0098,09-Aug-2018,28,2.7
V0098,09-Aug-2019,33,4.1
V0098,09-Feb-2019,10,2.2
V0098,09-Jan-2019,2,3.0
V0098,09-Jul-2019,8,3.5
V0098,09-Jun-2019,41,3.5
V0098,09-Nov-2018,22,3.4
V0098,09-Nov-2019,32,2.5
V0098,09-Oct-2019,33,2.2
V0098,09-Sep-2019,36,3.3
V0098,10-Aug-2018,16,3.2
V0098,10-Aug-2019,23,2.2
V0098,10-Dec-2018,22,3.5
V0098,10-Feb-2019,48,2.9
V0098,10-Jan-2019,15,3.4
V0098,10-Jul-2019,18,3.8
V0098,10-Jun-2019,42,2.2
V0098,10-Nov-2018,12,1.8
V0098,10-Nov-2019,28,3.7
V0098,10-Oct-2019,24,3.3
V0098,10-Sep-2019,12,3.5
V0098,11-Aug-2018,6,3.8
V0098,11-Aug-2019,40,3.7
V0098,11-Feb-2019,24,4.1
V0098,11-Jan-2019,34,3.1
V0098,11-Jul-2019,42,3.0
V0098,11-Jun-2019,12,2.8
V0098,11-Nov-2018,50,2.2
V0098,11-Nov-2019,25,3.2
V0098,11-Oct-2018,9,2.5
V0098,11-Oct-2019,15,4.0
V0098,11-Sep-2019,9,3.2
V0098,12-Aug-2018,21,3.2
V0098,12-Aug-2019,38,2.7
V0098,12-Dec-2018,6,1.9
V0098,12-Jan-2019,21,1.9
V0098,12-Jul-2019,18,2.8
V0098,12-Jun-2019,6,2.0
V0098,12-Nov-2018,26,3.3
V0098,12-Nov-2019,9,3.9
V0098,12-Oct-2018,29,3.9
V0098,12-Oct-2019,54,3.4
V0098,12-Sep-2019,8,2.3
V0098,13-Aug-2018,39,3.9
V0098,13-Dec-2018,9,3.9
V0098,13-Feb-2019,18,2.3
V0098,13-Jan-2019,52,3.6
V0098,13-Jul-2019,51,2.5
V0098,13-Jun-2019,34,3.7
V0098,13-Nov-2019,7,4.2
V0098,13-Oct-2018,35,1.9
V0098,13-Oct-2019,43,4.0
V0098,13-Sep-2019,25,3.3
V0098,14-Aug-2019,32,4.1
V0098,14-Dec-2018,42,2.9
V0098,14-Feb-2019,8,3.8
V0098,14-Jan-2019,42,1.9
V0098,14-Jul-2019,26,2.6
V0098,14-Jun-2019,11,2.0
V0098,14-Nov-2018,50,4.1
V0098,14-Nov-2019,30,3.8
V0098,14-Oct-2018,43,3.8
V0098,14-Oct-2019,58,4.1
V0098,14-Sep-2019,4,2.0
V0098,15-Aug-2018,4,2.7
V0098,15-Aug-2019,16,2.0
V0098,15-Dec-2018,25,2.3
V0098,15-Jul-2019,18,2.4
V0098,15-Jun-2019,12,2.9
V0098,15-Nov-2018,32,2.4
V0098,15-Nov-2019,22,2.0
V0098,15-Oct-2018,35,2.2
V0098,15-Oct-2019,11,2.2
V0098,15-Sep-2018,24,4.1
V0098,15-Sep-2019,28,3.6
V0098,16-Aug-2018,31,4.1
V0098,16-Aug-2019,13,2.9
V0098,16-Dec-2018,45,2.5
V0098,16-Jan-2019,11,3.7
V0098,16-Jun-2019,34,2.6
V0098,16-Nov-2018,32,2.5
V0098,16-Nov-2019,2,2.4
V0098,16-Oct-2019,24,2.1
V0098,16-Sep-2019,38,2.4
V0098,17-Aug-2018,27,2.7
V0098,17-Aug-2019,47,3.4
V0098,17-Dec-2018,40,2.0
V0098,17-Jan-2019,26,2.3
V0098,17-Jul-2019,48,3.7
V0098,17-Jun-2019,21,2.2
V0098,17-Nov-2018,37,2.6
V0098,17-Nov-2019,45,3.9
V0098,17-Oct-2018,12,2.2
V0098,17-Oct-2019,53,2.0
V0098,17-Sep-2018,15,3.0
V0098,18-Aug-2018,2,2.5
V0098,18-Aug-2019,52,3.2
V0098,18-Jan-2019,18,3.7
V0098,18-Jul-2019,47,2.1
V0098,18-May-2019,12,3.2
V0098,18-Nov-2018,19,3.0
V0098,18-Nov-2019,2,2.1
V0098,18-Oct-2018,25,3.3
V0098,18-Oct-2019,53,2.5
V0098,18-Sep-2019,14,3.0
V0098,19-Aug-2019,28,2.0
V0098,19-Dec-2018,25,2.9
V0098,19-Jan-2019,35,2.5
V0098,19-Jul-2019,40,3.8
V0098,19-Jun-2019,22,1.9
V0098,19-May-2019,30,2.8
V0098,19-Nov-2018,19,2.9
V0098,19-Oct-2018,39,3.5
V0098,19-Oct-2019,41,3.2
V0098,19-Sep-2019,2,3.4
V0098,20-Aug-2018,27,3.7
V0098,20-Dec-2018,25,3.9
V0098,20-Jan-2019,46,2.6
V0098,20-Jul-2019,58,3.1
V0098,20-Jun-2019,21,3.8
V0098,20-May-2019,21,4.2
V0098,20-Nov-2019,10,3.9
V0098,20-Oct-2019,29,2.7
V0098,20-Sep-2019,15,2.3
V0098,21-Aug-2019,6,3.0
V0098,21-Dec-2018,45,3.6
V0098,21-Jan-2019,26,3.0
V0098,21-Jul-2019,23,3.0
V0098,21-Jun-2019,23,3.8
V0098,21-Oct-2018,25,2.7
V0098,21-Oct-2019,18,3.9
V0098,21-Sep-2019,12,2.8
V0098,22-Aug-2018,5,2.6
V0098,22-Dec-2018,27,2.9
V0098,22-Jun-2019,38,3.6
V0098,22-Oct-2018,24,2.1
V0098,22-Sep-2019,31,2.3
V0098,23-Aug-2019,23,4.1
V0098,23-Dec-2018,16,2.2
V0098,23-Jan-2019,4,3.2
V0098,23-Jun-2019,20,3.2
V0098,23-May-2019,20,3.0
V0098,23-Oct-2019,10,3.3
V0098,23-Sep-2019,12,2.4
V0098,24-Aug-2018,2,3.1
V0098,24-Aug-2019,34,2.7
V0098,24-Dec-2018,24,3.4
V0098,24-Jan-2019,8,2.1
V0098,24-Jun-2019,50,3.2
V0098,24-May-2019,33,2.2
V0098,24-Nov-2019,3,2.5
V0098,24-Oct-2019,16,2.3
V0098,25-Aug-2018,23,2.2
V0098,25-Aug-2019,20,3.8
V0098,25-Jan-2019,4,2.5
V0098,25-Jul-2018,7,4.0
V0098,25-May-2019,6,4.1
V0098,25-Nov-2018,6,3.2
V0098,25-Nov-2019,8,2.1
V0098,25-Oct-2018,7,2.7
V0098,25-Oct-2019,37,3.7
V0098,25-Sep-2019,12,2.7
V0098,26-Aug-2018,23,2.0
V0098,26-Aug-2019,51,3.1
V0098,26-Dec-2018,20,3.8
V0098,26-Jan-2019,30,3.7
V0098,26-Jul-2019,16,2.2
V0098,26-Jun-2019,12,3.4
V0098,26-May-2019,51,2.3
V0098,26-Nov-2018,4,2.3
V0098,26-Oct-2018,2,3.9
V0098,26-Oct-2019,44,2.4
V0098,26-Sep-2019,35,2.4
V0098,27-Aug-2018,29,1.8
V0098,27-Dec-2018,24,3.9
V0098,27-Jan-2019,44,3.7
V0098,27-Jul-2019,24,3.3
V0098,27-Jun-2019,26,3.6
V0098,27-May-2019,12,2.2
V0098,27-Nov-2018,17,2.9
V0098,27-Oct-2018,43,2.6
V0098,27-Oct-2019,40,2.0
V0098,27-Sep-2018,5,3.0
V0098,28-Aug-2019,19,4.0
V0098,28-Dec-2018,7,1.9
V0098,28-Jan-2019,23,2.5
V0098,28-Jul-2018,7,2.3
V0098,28-Jul-2019,41,2.4
V0098,28-Jun-2019,41,4.0
V0098,28-Oct-2018,45,2.9
V0098,28-Oct-2019,16,2.9
V0098,28-Sep-2018,8,3.6
V0098,29-Aug-2018,5,2.2
V0098,29-Aug-2019,27,3.0
V0098,29-Dec-2018,21,2.8
V0098,29-Jan-2019,6,3.2
V0098,29-Jul-2018,10,4.2
V0098,29-Jul-2019,7,3.6
V0098,29-Jun-2019,37,2.8
V0098,29-May-2019,9,3.8
V0098,29-Nov-2018,7,2.2
V0098,29-Nov-2019,21,1.9
V0098,29-Oct-2018,27,2.3
V0098,29-Sep-2018,5,2.6
V0098,29-Sep-2019,40,3.0
V0098,30-Aug-2018,27,3.3
V0098,30-Aug-2019,19,4.0
V0098,30-Dec-2018,37,3.0
V0098,30-Jul-2019,17,3.0
V0098,30-Jun-2019,25,1.9
V0098,30-May-2019,16,1.9
V0098,30-Nov-2018,12,3.1
V0098,30-Oct-2019,9,2.9
V0098,30-Sep-2018,42,3.8
V0098,30-Sep-2019,15,2.2
V0098,31-Aug-2018,52,1.9
V0098,31-Aug-2019,17,2.9
V0098,31-Jan-2019,16,2.4
V0098,31-Jul-2018,3,1.9
V0098,31-May-2019,36,3.5
V0098,31-Oct-2019,19,2.1
V0101,28-Feb-2019,2,3.3
V0103,01-Nov-2019,45,2.5
V0103,03-Aug-2019,27,2.2
V0103,06-Sep-2019,5,2.7
V0103,13-Nov-2019,4,3.7
V0103,13-Oct-2019,36,2.7
V0103,14-Sep-2019,32,3.6
V0103,18-Nov-2019,14,2.1
V0103,19-Jul-2019,20,3.7
V0103,20-Sep-2019,15,2.4
V0103,26-May-2019,6,3.4
V0103,28-Oct-2019,13,3.2
V0103,29-Nov-2019,22,4.0
V0105,02-Jun-2019,5,2.7
V0105,04-Aug-2019,3,2.0
V0105,04-Jul-2019,4,1.8
V0105,05-Aug-2019,9,3.8
V0105,05-Jul-2019,13,3.1
V0105,07-Jul-2019,22,3.7
V0105,07-Nov-2019,15,2.4
V0105,08-Jul-2019,5,2.6
V0105,08-Nov-2019,23,1.9
V0105,09-Aug-2019,3,4.1
V0105,09-Jun-2019,2,3.4
V0105,09-Nov-2019,36,4.0
V0105,10-Nov-2019,23,2.4
V0105,11-Jul-2019,8,3.3
V0105,12-Aug-2019,10,3.4
V0105,12-Jul-2019,7,2.6
V0105,13-Jul-2019,7,3.8
V0105,14-Aug-2019,32,4.1
V0105,15-Jul-2019,7,3.9
V0105,16-Aug-2019,2,3.6
V0105,16-Jul-2019,2,2.5
V0105,17-Jul-2019,2,2.5
V0105,18-Aug-2019,3,4.1
V0105,18-Jul-2019,6,1.8
V0105,18-May-2019,23,3.5
V0105,19-Aug-2019,2,3.5
V0105,19-Jul-2019,7,3.3
V0105,19-May-2019,28,4.2
V0105,20-Jul-2019,3,2.5
V0105,20-Jun-2019,4,2.6
V0105,22-Jun-2019,8,2.0
V0105,22-May-2019,7,2.9
V0105,26-Jul-2019,19,2.4
V0105,26-Jun-2019,2,2.6
V0105,27-Jul-2019,4,3.8
V0105,27-Jun-2019,15,4.0
V0105,27-May-2019,3,2.2
V0105,28-Jul-2019,8,2.7
V0105,28-Oct-2019,2,4.0
V0105,29-Jul-2019,3,1.9
V0105,29-Jun-2019,23,2.0
V0105,30-Jun-2019,46,2.2
V0105,31-May-2019,4,3.2
V0110,01-Jul-2019,28,2.2
V0110,01-Jun-2019,19,4.1
V0110,01-Nov-2019,8,2.9
V0110,01-Oct-2019,2,3.0
V0110,01-Sep-2019,5,2.4
V0110,02-Jul-2019,23,2.9
V0110,02-Jun-2019,15,3.4
V0110,02-Nov-2019,17,3.6
V0110,02-Sep-2019,7,3.6
V0110,03-Jun-2019,2,3.2
V0110,03-Nov-2019,24,4.0
V0110,03-Oct-2019,5,3.8
V0110,03-Sep-2019,22,3.6
V0110,04-Jul-2019,5,1.9
V0110,04-Jun-2019,2,1.8
V0110,04-Nov-2019,5,2.3
V0110,04-Oct-2019,7,3.4
V0110,05-Jul-2019,4,2.8
V0110,05-Nov-2019,26,2.8
V0110,05-Oct-2019,11,3.9
V0110,05-Sep-2019,6,3.9
V0110,06-Jun-2019,6,4.0
V0110,06-Oct-2019,14,2.6
V0110,06-Sep-2019,13,3.5
V0110,07-Jul-2019,33,2.5
V0110,07-Oct-2019,13,2.3
V0110,08-Aug-2019,6,2.2
V0110,08-Jun-2019,2,2.6
V0110,08-Nov-2019,13,2.8
V0110,08-Oct-2019,19,3.8
V0110,08-Sep-2019,16,2.1
V0110,09-Aug-2019,10,3.6
V0110,09-Dec-2019,3,3.1
V0110,09-Jul-2019,14,2.5
V0110,09-Jun-2019,22,3.0
V0110,09-Nov-2019,15,2.5
V0110,09-Sep-2019,8,3.2
V0110,10-Aug-2019,7,2.8
V0110,10-Jun-2019,12,2.2
V0110,10-Nov-2019,17,2.1
V0110,10-Oct-2019,16,3.1
V0110,10-Sep-2019,10,4.0
V0110,11-Aug-2019,8,2.6
V0110,11-Jul-2019,27,3.6
V0110,11-Jun-2019,14,3.4
V0110,11-Nov-2019,12,4.0
V0110,11-Oct-2019,7,3.8
V0110,12-Aug-2019,10,3.2
V0110,12-Jul-2019,7,3.4
V0110,12-Oct-2019,9,4.0
V0110,12-Sep-2019,4,2.8
V0110,13-Aug-2019,6,2.6
V0110,13-Jul-2019,19,1.8
V0110,13-Jun-2019,11,3.8
V0110,13-Oct-2019,19,3.7
V0110,13-Sep-2019,20,2.1
V0110,14-Jul-2019,17,3.2
V0110,14-Jun-2019,19,2.9
V0110,14-Oct-2019,10,2.1
V0110,14-Sep-2019,16,4.2
V0110,15-Aug-2019,8,2.3
V0110,15-Jul-2019,26,2.0
V0110,15-Jun-2019,6,3.2
V0110,15-Nov-2019,2,3.6
V0110,15-Oct-2019,8,1.9
V0110,15-Sep-2019,10,3.4
V0110,16-Aug-2019,19,3.1
V0110,16-Jul-2019,24,2.0
V0110,16-Jun-2019,20,2.2
V0110,16-Nov-2019,11,3.2
V0110,17-Aug-2019,9,2.5
V0110,17-Jun-2019,15,4.1
V0110,17-Nov-2019,11,3.8
V0110,17-Oct-2019,4,4.2
V0110,17-Sep-2019,4,2.4
V0110,18-Aug-2019,26,4.1
V0110,18-Jul-2019,15,2.8
V0110,18-Jun-2019,16,2.6
V0110,18-Nov-2019,4,1.9
V0110,18-Oct-2019,11,1.9
V0110,19-Aug-2019,16,3.5
V0110,19-Jul-2019,29,2.9
V0110,19-May-2019,7,2.3
V0110,19-Nov-2019,7,3.3
V0110,19-Oct-2019,6,2.4
V0110,19-Sep-2019,2,3.2
V0110,20-Aug-2019,15,2.7
V0110,20-Jul-2019,15,3.8
V0110,20-Jun-2019,10,3.8
V0110,20-May-2019,11,2.9
V0110,20-Oct-2019,21,2.6
V0110,20-Sep-2019,9,2.7
V0110,21-Jul-2019,12,3.7
V0110,21-Jun-2019,17,2.6
V0110,21-May-2019,16,2.3
V0110,21-Oct-2019,5,2.0
V0110,21-Sep-2019,8,2.9
V0110,22-Aug-2019,2,3.0
V0110,22-Jun-2019,19,3.8
V0110,22-Oct-2019,8,2.3
V0110,22-Sep-2019,7,2.7
V0110,23-Aug-2019,8,3.7
V0110,23-Jun-2019,22,3.8
V0110,23-May-2019,4,2.7
V0110,23-Sep-2019,19,2.9
V0110,24-Aug-2019,20,2.5
V0110,24-Jun-2019,17,4.0
V0110,24-May-2019,4,2.1
V0110,24-Oct-2019,12,4.0
V0110,24-Sep-2019,9,3.4
V0110,25-Aug-2019,12,3.1
V0110,25-Jun-2019,12,1.9
V0110,25-May-2019,22,2.9
V0110,25-Oct-2019,4,2.8
V0110,26-Aug-2019,11,2.2
V0110,26-Jul-2019,10,3.4
V0110,26-May-2019,11,4.1
V0110,26-Oct-2019,10,3.1
V0110,26-Sep-2019,7,3.5
V0110,27-Jul-2019,5,2.0
V0110,27-Jun-2019,7,2.8
V0110,27-May-2019,5,2.1
V0110,27-Oct-2019,6,3.3
V0110,27-Sep-2019,6,4.1
V0110,28-Jun-2019,11,3.4
V0110,28-May-2019,17,2.0
V0110,28-Oct-2019,4,2.7
V0110,28-Sep-2019,15,3.1
V0110,29-Aug-2019,4,2.8
V0110,29-Jul-2019,4,3.8
V0110,29-Jun-2019,10,3.8
V0110,29-Oct-2019,22,3.3
V0110,29-Sep-2019,13,2.7
V0110,30-Aug-2019,17,2.4
V0110,30-Jul-2019,11,2.1
V0110,30-Jun-2019,24,2.7
V0110,30-May-2019,8,2.8
V0110,30-Nov-2019,3,3.4
V0110,30-Sep-2019,15,3.4
V0110,31-Aug-2019,31,2.0
V0110,31-May-2019,16,2.7
V0110,31-Oct-2019,6,2.2
V0114,01-Aug-2019,4,2.2
V0114,01-Jul-2019,7,3.8
V0114,02-Jul-2019,26,1.9
V0114,02-Nov-2019,19,2.8
V0114,02-Sep-2019,16,2.2
V0114,03-Jun-2019,20,3.9
V0114,03-Oct-2019,15,3.1
V0114,03-Sep-2019,12,2.4
V0114,04-Aug-2019,20,3.0
V0114,04-Jul-2019,19,3.6
V0114,04-Jun-2019,12,4.1
V0114,04-Oct-2019,15,2.3
V0114,04-Sep-2019,9,3.9
V0114,05-Aug-2019,5,4.0
V0114,05-Jul-2019,9,4.0
V0114,05-Oct-2019,8,3.3
V0114,05-Sep-2019,2,3.3
V0114,06-Oct-2019,20,2.8
V0114,06-Sep-2019,8,3.6
V0114,07-Jul-2019,23,3.1
V0114,07-Sep-2019,4,3.4
V0114,08-Dec-2019,7,2.8
V0114,08-Jul-2019,32,3.6
V0114,08-Jun-2019,14,3.8
V0114,08-Nov-2019,22,2.2
V0114,08-Oct-2019,10,3.8
V0114,08-Sep-2019,9,3.1
V0114,09-Aug-2019,2,3.8
V0114,09-Nov-2019,4,2.8
V0114,09-Oct-2019,4,2.7
V0114,10-Aug-2019,9,4.0
V0114,10-Dec-2019,18,2.4
V0114,10-Jul-2019,11,3.8
V0114,10-Jun-2019,9,3.0
V0114,10-Nov-2019,15,3.0
V0114,11-Jul-2019,4,2.5
V0114,11-Nov-2019,11,3.2
V0114,11-Oct-2019,12,2.6
V0114,12-Jul-2019,8,1.9
V0114,12-Sep-2019,2,2.5
V0114,13-Jul-2019,13,1.8
V0114,13-Jun-2019,13,4.1
V0114,13-Oct-2019,49,4.1
V0114,14-Aug-2019,11,2.7
V0114,14-Jun-2019,15,3.5
V0114,14-Oct-2019,6,2.6
V0114,15-Aug-2019,2,3.4
V0114,15-Jul-2019,20,3.7
V0114,15-Jun-2019,4,4.1
V0114,15-Sep-2019,4,2.8
V0114,16-Aug-2019,17,3.7
V0114,16-Jul-2019,8,2.4
V0114,16-Jun-2019,6,4.2
V0114,16-Oct-2019,16,1.9
V0114,17-Aug-2019,2,3.2
V0114,17-Jul-2019,8,3.4
V0114,17-Nov-2019,22,3.5
V0114,17-Sep-2019,7,2.1
V0114,18-Aug-2019,18,4.1
V0114,18-Jul-2019,23,2.2
V0114,18-Jun-2019,5,3.3
V0114,18-Nov-2019,11,2.3
V0114,18-Oct-2019,2,2.5
V0114,18-Sep-2019,6,3.1
V0114,19-Aug-2019,20,2.8
V0114,19-Jul-2019,26,2.2
V0114,19-Jun-2019,4,2.2
V0114,19-May-2019,3,2.8
V0114,19-Oct-2019,16,3.6
V0114,19-Sep-2019,2,4.0
V0114,20-Jul-2019,20,2.0
V0114,20-Jun-2019,9,2.7
V0114,20-May-2019,2,2.0
V0114,20-Oct-2019,24,1.8
V0114,20-Sep-2019,19,3.4
V0114,21-Jul-2019,8,3.2
V0114,21-Jun-2019,18,2.2
V0114,22-Aug-2019,8,2.4
V0114,22-Jun-2019,3,1.9
V0114,22-May-2019,6,3.8
V0114,23-Jun-2019,4,4.1
V0114,23-May-2019,15,2.1
V0114,24-Jun-2019,26,2.4
V0114,24-May-2019,9,3.9
V0114,24-Oct-2019,20,4.0
V0114,25-Aug-2019,22,2.8
V0114,25-Jul-2019,8,1.9
V0114,25-Sep-2019,4,1.9
V0114,26-Jul-2019,16,3.2
V0114,26-Jun-2019,6,2.7
V0114,26-Oct-2019,14,1.9
V0114,27-Aug-2019,9,3.2
V0114,27-Oct-2019,15,1.8
V0114,27-Sep-2019,23,3.7
V0114,28-Jul-2019,19,2.5
V0114,28-Jun-2019,16,1.9
V0114,28-Sep-2019,3,3.2
V0114,29-Aug-2019,29,2.8
V0114,29-May-2019,4,4.1
V0114,29-Sep-2019,11,3.1
V0114,30-Aug-2019,13,2.5
V0114,30-Jul-2019,11,3.5
V0114,30-Jun-2019,2,2.5
V0114,30-May-2019,8,4.0
V0114,30-Oct-2019,11,2.7
V0114,31-Jul-2019,9,3.1
V0114,31-May-2019,4,1.9
V0117,01-Nov-2019,18,2.8
V0117,01-Sep-2019,49,3.8
V0117,02-Oct-2019,6,3.7
V0117,02-Sep-2019,33,2.3
V0117,03-Nov-2019,30,2.3
V0117,03-Oct-2019,18,3.8
V0117,03-Sep-2019,13,4.0
V0117,04-Nov-2019,19,2.0
V0117,04-Oct-2019,12,2.9
V0117,05-Oct-2019,15,2.6
V0117,06-Oct-2019,44,3.9
V0117,06-Sep-2019,29,2.0
V0117,07-Oct-2019,4,2.3
V0117,07-Sep-2019,7,3.6
V0117,08-Oct-2019,4,1.9
V0117,08-Sep-2019,68,3.0
V0117,09-Sep-2019,18,2.9
V0117,10-Nov-2019,56,2.6
V0117,10-Sep-2019,10,2.7
V0117,11-Nov-2019,21,3.1
V0117,11-Sep-2019,40,2.2
V0117,12-Nov-2019,38,3.2
V0117,12-Sep-2019,14,3.7
V0117,13-Oct-2019,73,3.6
V0117,13-Sep-2019,9,2.2
V0117,14-Nov-2019,4,2.2
V0117,14-Oct-2019,24,2.4
V0117,17-Oct-2019,24,2.7
V0117,17-Sep-2019,9,2.8
V0117,18-Oct-2019,13,3.4
V0117,19-Oct-2019,20,1.9
V0117,20-Oct-2019,2,1.9
V0117,22-Oct-2019,8,2.7
V0117,22-Sep-2019,25,3.5
V0117,23-Sep-2019,27,2.3
V0117,24-Aug-2019,2,3.3
V0117,24-Sep-2019,24,2.4
V0117,25-Aug-2019,53,3.9
V0117,25-Sep-2019,2,3.9
V0117,26-Aug-2019,42,2.5
V0117,26-Nov-2019,14,2.4
V0117,27-Oct-2019,32,2.8
V0117,28-Aug-2019,10,2.4
V0117,28-Oct-2019,5,3.4
V0117,28-Sep-2019,5,3.8
V0117,29-Sep-2019,24,3.4
V0117,30-Oct-2019,5,3.8
V0117,31-Aug-2019,48,2.8
V0118,01-Aug-2019,13,2.2
V0118,01-Dec-2018,14,3.6
V0118,01-Jul-2019,3,2.7
V0118,01-Jun-2019,9,3.4
V0118,01-Nov-2019,7,2.4
V0118,01-Oct-2018,7,2.0
V0118,01-Sep-2019,13,4.2
V0118,02-Aug-2019,5,2.2
V0118,02-Dec-2018,9,4.2
V0118,02-Jan-2019,4,4.1
V0118,02-Jun-2019,6,3.7
V0118,02-Nov-2018,17,3.4
V0118,02-Nov-2019,6,3.2
V0118,02-Oct-2019,3,3.9
V0118,02-Sep-2018,8,2.5
V0118,02-Sep-2019,15,2.9
V0118,03-Aug-2018,12,3.3
V0118,03-Aug-2019,6,2.8
V0118,03-Jan-2019,11,2.8
V0118,03-Jul-2019,10,2.6
V0118,03-Jun-2019,11,3.2
V0118,03-Nov-2018,7,3.8
V0118,03-Nov-2019,15,2.3
V0118,03-Oct-2018,5,4.0
V0118,03-Oct-2019,13,3.5
V0118,03-Sep-2018,11,3.8
V0118,04-Aug-2018,6,3.1
V0118,04-Aug-2019,13,3.7
V0118,04-Jan-2019,8,1.8
V0118,04-Jul-2019,13,3.8
V0118,04-Nov-2018,10,1.9
V0118,04-Oct-2018,2,3.9
V0118,04-Oct-2019,17,4.2
V0118,04-Sep-2019,4,2.5
V0118,05-Aug-2018,13,2.3
V0118,05-Aug-2019,3,3.6
V0118,05-Dec-2018,9,2.4
V0118,05-Jan-2019,10,3.9
V0118,05-Jul-2019,12,2.0
V0118,05-Jun-2019,2,2.1
V0118,05-Nov-2018,11,4.1
V0118,05-Oct-2018,20,3.4
V0118,05-Oct-2019,6,3.8
V0118,05-Sep-2018,9,2.6
V0118,05-Sep-2019,15,3.4
V0118,06-Aug-2018,3,3.2
V0118,06-Dec-2018,4,3.2
V0118,06-Jan-2019,14,3.4
V0118,06-Jul-2019,19,3.2
V0118,06-Jun-2019,6,2.8
V0118,06-Nov-2019,8,2.5
V0118,06-Oct-2018,13,3.6
V0118,06-Oct-2019,15,2.3
V0118,06-Sep-2018,5,3.5
V0118,06-Sep-2019,11,2.4
V0118,07-Aug-2019,5,3.3
V0118,07-Dec-2018,12,3.6
V0118,07-Jul-2019,18,2.3
V0118,07-Nov-2018,6,1.9
V0118,07-Nov-2019,12,2.1
V0118,07-Oct-2018,18,3.3
V0118,07-Sep-2018,13,3.8
V0118,07-Sep-2019,5,1.9
V0118,08-Aug-2018,6,3.6
V0118,08-Aug-2019,9,2.6
V0118,08-Dec-2018,9,2.9
V0118,08-Jul-2019,10,4.0
V0118,08-Jun-2019,10,2.6
V0118,08-Nov-2018,10,2.9
V0118,08-Nov-2019,12,1.8
V0118,08-Sep-2018,5,2.0
V0118,08-Sep-2019,18,2.4
V0118,09-Aug-2018,4,1.9
V0118,09-Aug-2019,12,3.3
V0118,09-Dec-2018,15,2.8
V0118,09-Jun-2019,9,3.1
V0118,09-Nov-2018,2,2.2
V0118,09-Nov-2019,18,2.5
V0118,09-Sep-2018,13,3.4
V0118,09-Sep-2019,2,4.1
V0118,10-Aug-2018,19,1.9
V0118,10-Aug-2019,13,3.9
V0118,10-Jan-2019,13,3.2
V0118,10-Jul-2019,8,3.2
V0118,10-Jun-2019,13,3.0
V0118,10-Nov-2018,13,2.0
V0118,10-Nov-2019,14,2.0
V0118,10-Oct-2019,15,3.2
V0118,11-Aug-2018,16,2.6
V0118,11-Aug-2019,5,4.0
V0118,11-Jan-2019,20,2.8
V0118,11-Jul-2019,15,2.1
V0118,11-Nov-2018,16,3.5
V0118,11-Nov-2019,7,2.5
V0118,11-Oct-2018,2,3.1
V0118,11-Sep-2019,15,3.5
V0118,12-Aug-2019,2,4.0
V0118,12-Dec-2018,7,3.7
V0118,12-Jan-2019,11,3.4
V0118,12-Jul-2019,13,3.4
V0118,12-Nov-2018,10,4.1
V0118,12-Oct-2018,16,2.5
V0118,12-Oct-2019,9,1.8
V0118,13-Dec-2018,4,2.5
V0118,13-Jan-2019,19,2.3
V0118,13-Jul-2019,13,3.4
V0118,13-Jun-2019,14,3.3
V0118,13-Nov-2019,6,3.2
V0118,13-Oct-2018,6,1.8
V0118,13-Oct-2019,15,3.5
V0118,13-Sep-2018,5,2.6
V0118,13-Sep-2019,5,3.4
V0118,14-Dec-2018,15,3.1
V0118,14-Jul-2019,10,2.6
V0118,14-Nov-2018,2,2.1
V0118,14-Oct-2018,12,2.0
V0118,14-Oct-2019,8,3.8
V0118,14-Sep-2019,16,4.0
V0118,15-Aug-2018,10,3.4
V0118,15-Aug-2019,6,2.0
V0118,15-Dec-2018,4,2.8
V0118,15-Jul-2019,17,3.5
V0118,15-Jun-2019,8,3.7
V0118,15-Nov-2018,8,2.1
V0118,15-Nov-2019,6,1.8
V0118,15-Oct-2018,2,3.5
V0118,15-Sep-2018,7,2.7
V0118,15-Sep-2019,16,2.4
V0118,16-Aug-2018,4,1.8
V0118,16-Aug-2019,19,3.1
V0118,16-Dec-2018,11,3.8
V0118,16-Jun-2019,20,4.1
V0118,16-Nov-2018,8,3.2
V0118,16-Nov-2019,11,3.0
V0118,16-Oct-2019,16,2.0
V0118,16-Sep-2018,14,3.1
V0118,17-Aug-2018,5,2.7
V0118,17-Aug-2019,8,3.3
V0118,17-Jul-2019,6,2.7
V0118,17-Nov-2018,12,2.4
V0118,17-Oct-2018,13,2.0
V0118,17-Oct-2019,10,2.6
V0118,18-Aug-2019,13,2.0
V0118,18-Jan-2019,15,2.2
V0118,18-Jul-2019,5,4.2
V0118,18-Nov-2019,2,2.9
V0118,18-Oct-2018,17,3.1
V0118,18-Oct-2019,16,3.9
V0118,18-Sep-2019,11,4.2
V0118,19-Aug-2019,18,3.2
V0118,19-Dec-2018,11,3.7
V0118,19-Jan-2019,8,2.6
V0118,19-Jul-2019,22,2.5
V0118,19-Jun-2019,2,2.8
V0118,19-May-2019,8,3.4
V0118,19-Oct-2018,14,3.4
V0118,19-Oct-2019,9,2.6
V0118,19-Sep-2019,13,2.1
V0118,20-Aug-2018,14,3.3
V0118,20-Dec-2018,6,2.1
V0118,20-Jan-2019,15,3.2
V0118,20-Jul-2019,5,3.5
V0118,20-Jun-2019,6,3.5
V0118,20-Oct-2018,12,3.6
V0118,20-Oct-2019,20,3.9
V0118,20-Sep-2018,10,3.0
V0118,20-Sep-2019,4,3.6
V0118,21-Aug-2019,6,3.3
V0118,21-Dec-2018,10,2.2
V0118,21-Jan-2019,11,1.9
V0118,21-Jul-2019,8,2.5
V0118,21-Jun-2019,15,2.9
V0118,21-Oct-2018,17,3.3
V0118,21-Oct-2019,7,3.8
V0118,21-Sep-2018,15,2.3
V0118,21-Sep-2019,6,2.1
V0118,22-Aug-2018,5,4.1
V0118,22-Aug-2019,11,2.1
V0118,22-Dec-2018,9,2.9
V0118,22-Jun-2019,11,3.2
V0118,22-May-2019,7,3.1
V0118,22-Sep-2018,15,2.0
V0118,22-Sep-2019,9,1.9
V0118,23-Aug-2019,7,2.1
V0118,23-Dec-2018,7,3.2
V0118,23-Jun-2019,19,3.1
V0118,23-May-2019,14,2.4
V0118,23-Sep-2018,16,3.3
V0118,23-Sep-2019,2,3.8
V0118,24-Aug-2018,7,1.9
V0118,24-Aug-2019,4,3.0
V0118,24-Dec-2018,7,3.5
V0118,24-Jan-2019,16,2.4
V0118,24-Jun-2019,4,2.5
V0118,24-May-2019,2,3.3
V0118,24-Oct-2018,9,4.0
V0118,24-Oct-2019,4,3.7
V0118,24-Sep-2018,4,3.2
V0118,25-Aug-2018,6,3.6
V0118,25-Aug-2019,12,2.7
V0118,25-Jan-2019,12,3.3
V0118,25-Jul-2018,13,2.9
V0118,25-May-2019,11,2.3
V0118,25-Nov-2018,8,3.5
V0118,25-Oct-2018,9,3.1
V0118,25-Oct-2019,2,2.7
V0118,25-Sep-2019,10,4.0
V0118,26-Aug-2018,14,1.9
V0118,26-Dec-2018,13,2.6
V0118,26-Jul-2018,2,1.9
V0118,26-Jun-2019,2,3.6
V0118,26-May-2019,4,3.5
V0118,26-Nov-2018,3,2.6
V0118,26-Oct-2018,11,3.4
V0118,26-Oct-2019,6,2.8
V0118,26-Sep-2018,10,3.6
V0118,26-Sep-2019,6,2.9
V0118,27-Aug-2018,2,2.8
V0118,27-Dec-2018,6,4.0
V0118,27-Jan-2019,11,2.4
V0118,27-Jul-2018,5,2.1
V0118,27-Jul-2019,4,3.2
V0118,27-Jun-2019,7,4.1
V0118,27-Oct-2018,9,2.7
V0118,27-Oct-2019,18,1.9
V0118,27-Sep-2018,13,2.6
V0118,28-Dec-2018,3,3.0
V0118,28-Jan-2019,4,2.2
V0118,28-Jul-2019,8,3.4
V0118,28-Jun-2019,9,4.2
V0118,28-Nov-2018,13,2.9
V0118,28-Oct-2018,8,2.7
V0118,28-Sep-2018,12,2.8
V0118,28-Sep-2019,7,2.1
V0118,29-Aug-2018,8,3.9
V0118,29-Aug-2019,2,2.8
V0118,29-Dec-2018,8,2.7
V0118,29-Jul-2018,9,3.4
V0118,29-Jul-2019,4,2.9
V0118,29-Jun-2019,5,3.4
V0118,29-May-2019,11,1.9
V0118,29-Nov-2018,9,3.8
V0118,29-Oct-2018,2,4.1
V0118,29-Sep-2018,10,3.4
V0118,29-Sep-2019,15,4.1
V0118,30-Aug-2019,6,2.2
V0118,30-Dec-2018,17,2.9
V0118,30-Jan-2019,4,3.2
V0118,30-Jun-2019,17,3.2
V0118,30-May-2019,2,2.8
V0118,30-Nov-2018,9,2.6
V0118,30-Oct-2019,13,2.1
V0118,30-Sep-2018,15,2.7
V0118,31-Aug-2018,3,2.2
V0118,31-Aug-2019,7,3.6
V0118,31-Dec-2018,10,2.3
V0118,31-May-2019,8,1.9
V0118,31-Oct-2018,3,3.1
V0118,31-Oct-2019,3,3.2
V0122,01-Jul-2019,21,3.9
V0122,01-Jun-2019,3,3.2
V0122,01-Nov-2018,10,2.6
V0122,01-Nov-2019,22,3.7
V0122,01-Sep-2019,15,3.1
V0122,02-Aug-2019,2,2.0
V0122,02-Dec-2019,2,3.2
V0122,02-Jul-2019,16,4.0
V0122,02-Jun-2019,11,2.8
V0122,02-Nov-2019,18,2.5
V0122,02-Sep-2018,6,2.1
V0122,02-Sep-2019,15,2.2
V0122,03-Aug-2018,1,2.8
V0122,03-Aug-2019,13,3.2
V0122,03-Dec-2019,4,2.0
V0122,03-Jun-2019,13,4.1
V0122,03-Nov-2018,2,3.6
V0122,03-Nov-2019,9,3.2
V0122,03-Oct-2018,4,3.8
V0122,03-Oct-2019,8,2.0
V0122,03-Sep-2018,4,2.9
V0122,03-Sep-2019,17,3.3
V0122,04-Aug-2019,10,3.8
V0122,04-Jul-2019,13,3.7
V0122,04-Jun-2019,12,2.5
V0122,04-Nov-2018,4,4.1
V0122,04-Nov-2019,31,2.1
V0122,04-Oct-2018,5,3.9
V0122,04-Oct-2019,4,4.1
V0122,05-Aug-2019,21,2.2
V0122,05-Jul-2019,17,3.5
V0122,05-Nov-2019,21,1.9
V0122,05-Oct-2018,2,2.8
V0122,05-Oct-2019,23,3.0
V0122,05-Sep-2019,10,3.2
V0122,06-Aug-2019,6,4.0
V0122,06-Jul-2019,16,3.4
V0122,06-Jun-2019,10,3.0
V0122,06-Oct-2018,2,3.7
V0122,06-Oct-2019,16,4.1
V0122,06-Sep-2018,4,1.9
V0122,06-Sep-2019,14,4.2
V0122,07-Jul-2019,18,2.0
V0122,07-Jun-2019,9,3.8
V0122,07-Nov-2018,3,2.5
V0122,07-Nov-2019,4,2.1
V0122,07-Oct-2018,15,2.9
V0122,07-Oct-2019,7,3.3
V0122,07-Sep-2019,4,2.7
V0122,08-Jul-2019,20,1.9
V0122,08-Jun-2019,5,3.2
V0122,08-Nov-2019,2,4.0
V0122,08-Oct-2018,4,2.7
V0122,08-Oct-2019,23,2.3
V0122,08-Sep-2018,3,2.9
V0122,08-Sep-2019,8,1.9
V0122,09-Aug-2018,1,3.8
V0122,09-Aug-2019,15,3.8
V0122,09-Jul-2019,17,3.2
V0122,09-Jun-2019,18,2.6
V0122,09-Nov-2019,9,3.7
V0122,09-Sep-2018,3,3.1
V0122,09-Sep-2019,25,3.8
V0122,10-Aug-2019,17,3.3
V0122,10-Jun-2019,10,3.7
V0122,10-Nov-2018,7,3.2
V0122,10-Nov-2019,12,2.8
V0122,10-Oct-2019,27,4.1
V0122,10-Sep-2018,4,3.1
V0122,10-Sep-2019,12,3.3
V0122,11-Aug-2018,3,2.3
V0122,11-Jul-2019,8,3.3
V0122,11-Jun-2019,19,3.2
V0122,11-Nov-2018,7,2.2
V0122,11-Nov-2019,9,1.9
V0122,11-Oct-2019,14,3.3
V0122,12-Aug-2019,22,3.6
V0122,12-Jul-2019,23,3.1
V0122,12-Nov-2018,8,2.3
V0122,12-Nov-2019,9,3.4
V0122,12-Oct-2018,12,2.0
V0122,12-Oct-2019,4,2.9
V0122,12-Sep-2019,17,2.2
V0122,13-Aug-2019,13,2.2
V0122,13-Dec-2018,3,2.3
V0122,13-Jul-2019,9,2.7
V0122,13-Jun-2019,13,1.9
V0122,13-Oct-2018,9,2.8
V0122,13-Sep-2018,7,3.0
V0122,13-Sep-2019,11,3.0
V0122,14-Jul-2019,11,2.7
V0122,14-Jun-2019,6,3.8
V0122,14-Nov-2019,3,2.1
V0122,14-Oct-2019,34,3.0
V0122,14-Sep-2018,7,1.9
V0122,14-Sep-2019,25,2.0
V0122,15-Aug-2018,2,3.2
V0122,15-Aug-2019,14,3.2
V0122,15-Jul-2019,10,3.9
V0122,15-Jun-2019,3,3.1
V0122,15-Nov-2018,3,4.1
V0122,15-Nov-2019,2,1.9
V0122,15-Oct-2018,9,2.0
V0122,15-Oct-2019,12,1.9
V0122,15-Sep-2018,3,2.2
V0122,15-Sep-2019,11,3.1
V0122,16-Aug-2019,6,3.3
V0122,16-Jul-2019,60,1.9
V0122,16-Jun-2019,10,4.1
V0122,16-Nov-2018,2,3.8
V0122,16-Nov-2019,7,2.5
V0122,16-Sep-2019,18,2.0
V0122,17-Aug-2018,7,2.2
V0122,17-Aug-2019,10,2.1
V0122,17-Jul-2019,1,2.1
V0122,17-Jun-2019,22,3.0
V0122,17-Oct-2019,18,2.4
V0122,17-Sep-2018,9,2.7
V0122,17-Sep-2019,12,4.2
V0122,18-Aug-2019,10,3.4
V0122,18-Jul-2019,12,4.1
V0122,18-Jun-2019,15,2.1
V0122,18-May-2019,4,2.7
V0122,18-Nov-2019,1,3.1
V0122,18-Oct-2018,2,2.0
V0122,18-Oct-2019,7,1.8
V0122,19-Aug-2019,16,3.4
V0122,19-May-2019,8,3.3
V0122,19-Nov-2018,3,2.8
V0122,19-Nov-2019,20,3.0
V0122,19-Oct-2019,7,2.8
V0122,19-Sep-2018,2,1.9
V0122,19-Sep-2019,20,2.6
V0122,20-Aug-2018,5,2.2
V0122,20-Aug-2019,14,2.0
V0122,20-Jun-2019,14,4.1
V0122,20-May-2019,14,3.2
V0122,20-Oct-2019,17,3.5
V0122,20-Sep-2018,12,2.6
V0122,20-Sep-2019,18,2.7
V0122,21-Jun-2019,24,2.4
V0122,21-May-2019,6,2.0
V0122,21-Oct-2018,3,2.2
V0122,21-Oct-2019,8,3.7
V0122,21-Sep-2019,6,3.4
V0122,22-Aug-2019,6,3.1
V0122,22-Oct-2019,12,2.9
V0122,22-Sep-2018,4,4.0
V0122,22-Sep-2019,18,2.0
V0122,23-Aug-2019,2,2.5
V0122,23-Jun-2019,4,2.6
V0122,23-May-2019,4,3.7
V0122,23-Sep-2018,8,4.2
V0122,23-Sep-2019,22,2.4
V0122,24-Aug-2018,4,3.9
V0122,24-Aug-2019,4,3.8
V0122,24-Jun-2019,16,2.3
V0122,24-May-2019,2,2.8
V0122,24-Oct-2019,4,2.8
V0122,24-Sep-2019,17,4.1
V0122,25-Aug-2019,9,2.2
V0122,25-Jan-2019,2,3.7
V0122,25-Jun-2019,8,2.6
V0122,25-May-2019,12,3.6
V0122,25-Nov-2018,2,2.8
V0122,25-Oct-2019,9,3.2
V0122,26-Aug-2018,8,3.8
V0122,26-Aug-2019,6,3.7
V0122,26-Jul-2018,2,3.9
V0122,26-May-2019,14,1.9
V0122,26-Oct-2018,2,3.5
V0122,26-Oct-2019,4,2.1
V0122,26-Sep-2018,8,2.8
V0122,26-Sep-2019,12,3.1
V0122,27-Aug-2019,13,2.8
V0122,27-Jul-2019,4,3.0
V0122,27-Jun-2019,30,4.2
V0122,27-May-2019,10,2.1
V0122,27-Oct-2019,25,3.4
V0122,27-Sep-2018,2,2.8
V0122,27-Sep-2019,24,2.1
V0122,28-Jul-2018,3,2.2
V0122,28-Jul-2019,2,4.1
V0122,28-Jun-2019,8,3.9
V0122,28-May-2019,6,4.0
V0122,28-Oct-2019,25,4.2
V0122,28-Sep-2018,5,2.3
V0122,28-Sep-2019,9,2.7
V0122,29-Aug-2018,4,3.4
V0122,29-Aug-2019,11,3.0
V0122,29-Dec-2018,5,2.8
V0122,29-Jul-2019,13,2.7
V0122,29-Jun-2019,10,3.2
V0122,29-Oct-2018,2,3.2
V0122,29-Oct-2019,23,2.2
V0122,29-Sep-2018,3,2.9
V0122,29-Sep-2019,14,3.1
V0122,30-Aug-2018,3,3.2
V0122,30-Aug-2019,18,2.3
V0122,30-Jul-2019,23,3.6
V0122,30-Jun-2019,14,1.9
V0122,30-May-2019,7,2.7
V0122,30-Nov-2019,19,3.7
V0122,30-Sep-2018,2,3.2
V0122,30-Sep-2019,17,2.4
V0122,31-Aug-2018,13,3.5
V0122,31-Aug-2019,5,3.2
V0122,31-May-2019,17,3.7
V0122,31-Oct-2019,26,3.6
V0123,01-Aug-2019,2,3.3
V0123,01-Nov-2019,5,3.0
V0123,01-Oct-2019,33,2.1
V0123,01-Sep-2019,4,2.4
V0123,02-Jul-2019,8,2.8
V0123,03-Sep-2019,12,3.2
V0123,04-Aug-2019,3,3.0
V0123,04-Jul-2019,6,2.5
V0123,04-Nov-2019,40,1.8
V0123,04-Oct-2018,3,3.0
V0123,05-Aug-2019,10,2.5
V0123,05-Jan-2019,2,3.6
V0123,05-Jul-2019,4,1.9
V0123,06-Jan-2019,2,3.2
V0123,06-Jul-2019,26,4.1
V0123,06-Oct-2019,47,2.2
V0123,06-Sep-2019,6,2.9
V0123,07-Jul-2019,2,2.0
V0123,07-Nov-2019,2,3.3
V0123,07-Oct-2019,27,3.1
V0123,07-Sep-2019,3,2.8
V0123,08-Nov-2019,7,3.1
V0123,08-Oct-2019,33,4.0
V0123,08-Sep-2019,5,2.3
V0123,09-Aug-2019,1575,1.9
V0123,09-Jul-2019,36,3.9
V0123,09-Nov-2019,4,3.2
V0123,09-Sep-2019,20,3.9
V0123,10-Dec-2019,35,3.2
V0123,10-Nov-2019,4,3.7
V0123,10-Sep-2019,2,2.8
V0123,11-Aug-2019,18,3.6
V0123,12-Nov-2019,4,4.0
V0123,12-Oct-2019,4,3.2
V0123,12-Sep-2019,7,2.2
V0123,13-Aug-2019,58,2.4
V0123,13-Jul-2019,15,2.3
V0123,13-Oct-2019,2,2.4
V0123,14-Nov-2019,4,2.5
V0123,14-Oct-2019,37,3.1
V0123,14-Sep-2019,4,3.2
V0123,15-Aug-2019,2,2.8
V0123,15-Oct-2019,30,3.3
V0123,15-Sep-2018,2,2.0
V0123,16-Aug-2018,2,2.0
V0123,16-Aug-2019,3,2.2
V0123,16-Nov-2018,4,3.0
V0123,16-Sep-2019,69,2.3
V0123,18-Aug-2019,6,2.5
V0123,18-Jul-2019,1,2.8
V0123,18-Nov-2019,31,3.7
V0123,18-Oct-2019,6,1.8
V0123,19-Aug-2019,40,3.4
V0123,19-Nov-2019,20,3.4
V0123,19-Oct-2019,6,3.7
V0123,19-Sep-2019,3,4.0
V0123,20-Aug-2019,4,1.8
V0123,20-Jul-2019,9,2.2
V0123,20-Oct-2018,2,3.9
V0123,21-Aug-2019,2,2.9
V0123,21-Jul-2019,2,3.2
V0123,21-Sep-2019,2,3.4
V0123,22-Aug-2019,6,3.4
V0123,22-Jun-2019,3,4.0
V0123,22-Nov-2019,4,4.2
V0123,22-Oct-2019,36,3.5
V0123,22-Sep-2019,4,2.5
V0123,23-Aug-2019,2,3.9
V0123,23-Nov-2019,2,1.9
V0123,23-Sep-2019,35,2.4
V0123,24-Aug-2019,2,4.0
V0123,24-Jun-2019,4,2.4
V0123,25-Aug-2019,5,2.3
V0123,25-Jul-2019,2,2.1
V0123,25-Nov-2019,7,3.9
V0123,25-Oct-2019,4,3.0
V0123,26-Aug-2019,22,3.4
V0123,26-Jul-2019,3,2.4
V0123,26-Oct-2019,1,3.6
V0123,27-Jun-2019,1,3.6
V0123,27-Sep-2019,43,2.6
V0123,28-Oct-2019,8,2.8
V0123,29-Jul-2019,35,2.3
V0123,29-Jun-2019,2,4.1
V0123,29-Nov-2018,2,3.3
V0123,30-Aug-2019,2,4.0
V0123,30-Jun-2019,25,2.5
V0123,30-Sep-2019,6,3.7
V0123,31-Aug-2019,4,3.6
V0125,01-Dec-2018,5,3.5
V0125,01-Jul-2019,5,4.1
V0125,01-Jun-2019,18,2.7
V0125,01-Nov-2018,2,2.1
V0125,01-Nov-2019,12,3.4
V0125,01-Oct-2018,9,3.6
V0125,01-Sep-2018,4,3.2
V0125,01-Sep-2019,20,2.3
V0125,02-Aug-2019,4,3.0
V0125,02-Dec-2018,17,2.5
V0125,02-Jan-2019,4,2.8
V0125,02-Jun-2019,7,3.3
V0125,02-Nov-2018,6,3.6
V0125,02-Nov-2019,25,2.4
V0125,02-Oct-2019,4,2.8
V0125,02-Sep-2018,4,2.4
V0125,02-Sep-2019,6,2.3
V0125,03-Aug-2019,8,3.7
V0125,03-Dec-2018,5,4.0
V0125,03-Jan-2019,4,2.7
V0125,03-Jul-2019,13,3.6
V0125,03-Nov-2018,19,4.0
V0125,03-Nov-2019,11,3.8
V0125,03-Oct-2018,7,2.2
V0125,03-Oct-2019,4,4.1
V0125,04-Aug-2018,2,2.7
V0125,04-Aug-2019,9,2.6
V0125,04-Jan-2019,10,1.9
V0125,04-Jul-2019,8,3.0
V0125,04-Nov-2018,18,2.1
V0125,04-Nov-2019,4,2.4
V0125,04-Oct-2018,2,2.6
V0125,04-Oct-2019,6,3.7
V0125,05-Aug-2019,4,3.9
V0125,05-Dec-2018,3,2.5
V0125,05-Jan-2019,5,3.9
V0125,05-Jul-2019,19,3.9
V0125,05-Jun-2019,4,3.6
V0125,05-Nov-2018,10,2.2
V0125,05-Oct-2018,4,3.5
V0125,05-Oct-2019,2,4.1
V0125,05-Sep-2018,26,3.4
V0125,05-Sep-2019,9,2.6
V0125,06-Dec-2018,18,3.0
V0125,06-Jan-2019,10,3.3
V0125,06-Jul-2019,20,3.0
V0125,06-Jun-2019,8,2.1
V0125,06-Nov-2019,20,2.5
V0125,06-Oct-2018,3,3.7
V0125,06-Oct-2019,11,3.9
V0125,06-Sep-2019,5,2.1
V0125,07-Aug-2019,13,4.1
V0125,07-Dec-2018,2,2.6
V0125,07-Jan-2019,2,3.4
V0125,07-Jul-2019,27,3.6
V0125,07-Nov-2018,2,3.7
V0125,07-Nov-2019,6,4.1
V0125,07-Oct-2018,28,2.6
V0125,07-Oct-2019,3,3.9
V0125,07-Sep-2019,6,2.1
V0125,08-Aug-2019,7,3.5
V0125,08-Dec-2018,4,3.6
V0125,08-Jul-2019,2,3.4
V0125,08-Jun-2019,5,2.4
V0125,08-Nov-2018,23,3.9
V0125,08-Nov-2019,4,2.2
V0125,08-Oct-2018,16,1.9
V0125,08-Sep-2018,4,3.5
V0125,08-Sep-2019,14,2.9
V0125,09-Aug-2019,7,3.8
V0125,09-Dec-2018,29,2.7
V0125,09-Jan-2019,24,2.2
V0125,09-Jun-2019,27,3.8
V0125,09-Nov-2018,15,3.1
V0125,09-Nov-2019,5,2.3
V0125,09-Sep-2018,2,3.5
V0125,09-Sep-2019,4,3.0
V0125,10-Aug-2018,3,3.3
V0125,10-Dec-2018,10,2.9
V0125,10-Jan-2019,2,3.8
V0125,10-Jul-2019,11,3.8
V0125,10-Nov-2018,2,3.5
V0125,10-Nov-2019,19,2.1
V0125,10-Sep-2018,2,3.8
V0125,11-Aug-2019,11,3.4
V0125,11-Jan-2019,9,3.5
V0125,11-Jul-2019,12,2.7
V0125,11-Nov-2018,12,3.9
V0125,11-Nov-2019,4,3.5
V0125,11-Oct-2018,9,2.1
V0125,11-Oct-2019,13,2.8
V0125,11-Sep-2019,7,3.9
V0125,12-Aug-2018,2,1.9
V0125,12-Aug-2019,2,4.1
V0125,12-Jul-2019,22,3.4
V0125,12-Jun-2019,4,3.3
V0125,12-Nov-2018,5,2.4
V0125,12-Oct-2018,20,2.4
V0125,12-Oct-2019,6,4.1
V0125,12-Sep-2018,2,2.5
V0125,12-Sep-2019,13,3.7
V0125,13-Aug-2018,3,2.7
V0125,13-Dec-2018,12,2.1
V0125,13-Jan-2019,17,1.8
V0125,13-Jul-2019,33,3.1
V0125,13-Jun-2019,7,4.1
V0125,13-Oct-2018,19,2.7
V0125,13-Oct-2019,18,2.7
V0125,13-Sep-2018,2,2.6
V0125,13-Sep-2019,13,3.0
V0125,14-Dec-2018,7,2.9
V0125,14-Jul-2019,20,3.9
V0125,14-Nov-2019,2,3.0
V0125,14-Oct-2018,25,3.0
V0125,14-Oct-2019,2,2.1
V0125,14-Sep-2018,4,4.2
V0125,15-Aug-2018,9,2.4
V0125,15-Aug-2019,20,2.0
V0125,15-Dec-2018,8,3.4
V0125,15-Jul-2019,20,3.2
V0125,15-Nov-2018,3,2.8
V0125,15-Nov-2019,5,2.8
V0125,15-Oct-2018,14,3.7
V0125,15-Sep-2018,2,2.3
V0125,15-Sep-2019,25,3.8
V0125,16-Aug-2019,14,3.4
V0125,16-Dec-2018,27,2.8
V0125,16-Jun-2019,12,2.9
V0125,16-Nov-2018,2,2.4
V0125,16-Nov-2019,17,3.6
V0125,16-Oct-2019,6,3.0
V0125,16-Sep-2018,17,2.6
V0125,16-Sep-2019,5,3.2
V0125,17-Aug-2018,6,4.2
V0125,17-Aug-2019,9,2.8
V0125,17-Jan-2019,15,4.0
V0125,17-Jul-2019,15,2.6
V0125,17-Jun-2019,5,1.9
V0125,17-Nov-2018,17,2.3
V0125,17-Nov-2019,14,2.8
V0125,17-Oct-2018,7,2.3
V0125,17-Oct-2019,2,1.8
V0125,17-Sep-2018,6,4.0
V0125,18-Aug-2018,4,3.8
V0125,18-Aug-2019,17,3.6
V0125,18-Jan-2019,14,2.2
V0125,18-Jul-2019,13,2.1
V0125,18-May-2019,10,2.0
V0125,18-Nov-2018,5,3.5
V0125,18-Oct-2018,22,4.0
V0125,18-Oct-2019,22,2.8
V0125,18-Sep-2019,8,2.1
V0125,19-Aug-2019,2,3.0
V0125,19-Dec-2018,2,2.6
V0125,19-Jan-2019,5,2.7
V0125,19-Jul-2019,20,3.3
V0125,19-Jun-2019,13,3.5
V0125,19-May-2019,13,2.1
V0125,19-Nov-2018,5,1.9
V0125,19-Oct-2018,10,4.2
V0125,19-Oct-2019,3,2.4
V0125,19-Sep-2019,2,1.9
V0125,20-Dec-2018,4,2.3
V0125,20-Jan-2019,4,1.9
V0125,20-Jun-2019,7,2.7
V0125,20-May-2019,10,3.7
V0125,20-Oct-2018,8,2.6
V0125,20-Oct-2019,6,2.9
V0125,20-Sep-2018,2,3.4
V0125,20-Sep-2019,9,3.0
V0125,21-Aug-2019,8,3.9
V0125,21-Dec-2018,2,3.9
V0125,21-Jan-2019,2,1.8
V0125,21-Jun-2019,24,3.7
V0125,21-Nov-2019,2,2.9
V0125,21-Oct-2018,17,4.2
V0125,21-Sep-2018,10,3.0
V0125,21-Sep-2019,13,4.2
V0125,22-Aug-2018,10,3.6
V0125,22-Aug-2019,2,2.4
V0125,22-Dec-2018,16,3.1
V0125,22-Jun-2019,11,4.2
V0125,22-Oct-2018,3,3.9
V0125,22-Sep-2018,13,2.0
V0125,22-Sep-2019,17,3.5
V0125,23-Aug-2019,10,2.6
V0125,23-Dec-2018,21,1.8
V0125,23-Jan-2019,6,2.8
V0125,23-Jun-2019,15,2.4
V0125,23-Oct-2019,7,3.8
V0125,23-Sep-2018,25,2.6
V0125,24-Aug-2018,3,3.8
V0125,24-Aug-2019,4,1.8
V0125,24-Dec-2018,12,2.5
V0125,24-Jan-2019,2,2.4
V0125,24-Jun-2019,8,2.4
V0125,24-May-2019,6,2.0
V0125,24-Oct-2018,14,2.2
V0125,24-Sep-2018,9,3.1
V0125,25-Aug-2019,2,2.5
V0125,25-Jan-2019,9,2.8
V0125,25-May-2019,6,2.7
V0125,25-Nov-2018,2,3.9
V0125,25-Oct-2018,17,4.0
V0125,25-Oct-2019,9,3.0
V0125,26-Aug-2018,6,2.6
V0125,26-Aug-2019,28,2.1
V0125,26-Dec-2018,5,4.1
V0125,26-Jan-2019,13,1.9
V0125,26-Jun-2019,11,2.5
V0125,26-May-2019,12,2.5
V0125,26-Nov-2018,2,2.6
V0125,26-Oct-2018,15,2.2
V0125,26-Oct-2019,24,3.7
V0125,26-Sep-2018,3,2.1
V0125,26-Sep-2019,10,3.3
V0125,27-Dec-2018,2,2.1
V0125,27-Jan-2019,22,2.0
V0125,27-Jul-2018,5,4.0
V0125,27-Jul-2019,3,2.3
V0125,27-Jun-2019,16,3.8
V0125,27-May-2019,8,3.1
V0125,27-Oct-2018,6,2.0
V0125,27-Sep-2018,18,4.1
V0125,27-Sep-2019,2,2.4
V0125,28-Dec-2018,8,3.9
V0125,28-Jan-2019,4,2.2
V0125,28-Jul-2019,10,3.8
V0125,28-Jun-2019,9,1.8
V0125,28-Nov-2018,8,3.0
V0125,28-Oct-2018,13,3.6
V0125,28-Oct-2019,8,4.0
V0125,28-Sep-2018,5,4.0
V0125,28-Sep-2019,17,3.8
V0125,29-Aug-2019,8,3.9
V0125,29-Dec-2018,17,2.3
V0125,29-Jun-2019,19,2.5
V0125,29-May-2019,7,2.5
V0125,29-Nov-2018,6,2.7
V0125,29-Oct-2018,2,2.7
V0125,29-Sep-2018,11,3.1
V0125,29-Sep-2019,21,2.2
V0125,30-Aug-2018,19,3.5
V0125,30-Aug-2019,9,2.2
V0125,30-Dec-2018,14,2.5
V0125,30-Jun-2019,22,3.0
V0125,30-May-2019,14,3.7
V0125,30-Nov-2018,10,3.6
V0125,30-Oct-2019,9,3.3
V0125,30-Sep-2018,9,2.2
V0125,30-Sep-2019,7,3.1
V0125,31-Aug-2019,10,2.0
V0125,31-Dec-2018,4,2.7
V0125,31-May-2019,5,2.8
V0125,31-Oct-2018,13,1.9
V0125,31-Oct-2019,12,2.5
V0127,01-Dec-2018,4,4.1
V0127,01-Jul-2019,8,4.1
V0127,01-Oct-2018,11,2.6
V0127,01-Oct-2019,4,1.9
V0127,01-Sep-2019,8,2.2
V0127,02-Dec-2018,4,2.7
V0127,02-Jan-2019,2,4.1
V0127,02-Jul-2019,11,2.1
V0127,02-Oct-2019,6,3.6
V0127,02-Sep-2018,9,2.1
V0127,03-Aug-2018,10,4.2
V0127,03-Jul-2019,14,2.7
V0127,03-Nov-2018,6,3.7
V0127,03-Nov-2019,5,2.6
V0127,03-Sep-2019,20,3.3
V0127,04-Nov-2018,12,2.3
V0127,05-Aug-2018,4,2.2
V0127,05-Aug-2019,10,4.1
V0127,05-Dec-2018,2,4.0
V0127,05-Jan-2019,2,3.9
V0127,05-Nov-2018,2,3.3
V0127,05-Oct-2018,3,3.7
V0127,06-Aug-2018,9,2.0
V0127,06-Dec-2018,4,2.6
V0127,06-Jan-2019,4,2.6
V0127,06-Oct-2019,10,3.3
V0127,07-Jan-2019,10,2.7
V0127,07-Jul-2019,7,2.2
V0127,07-Nov-2018,2,3.2
V0127,07-Oct-2018,13,3.8
V0127,07-Oct-2019,5,2.7
V0127,08-Aug-2018,6,2.1
V0127,08-Jan-2019,3,2.3
V0127,08-Jul-2019,4,2.4
V0127,08-Oct-2018,14,2.5
V0127,08-Oct-2019,10,3.3
V0127,09-Dec-2018,2,3.2
V0127,09-Jan-2019,2,3.5
V0127,09-Jul-2019,6,2.7
V0127,09-Sep-2018,2,3.8
V0127,09-Sep-2019,5,2.3
V0127,10-Aug-2018,3,2.9
V0127,10-Dec-2018,7,3.7
V0127,10-Jun-2019,4,2.2
V0127,10-Nov-2018,2,2.1
V0127,10-Nov-2019,2,3.9
V0127,10-Sep-2018,7,2.6
V0127,11-Oct-2018,9,3.4
V0127,12-Aug-2018,4,1.9
V0127,12-Aug-2019,5,3.5
V0127,12-Dec-2018,3,2.6
V0127,12-Jan-2019,18,1.9
V0127,12-Nov-2018,4,3.3
V0127,12-Oct-2018,9,2.4
V0127,13-Aug-2018,2,2.7
V0127,13-Jan-2019,11,2.0
V0127,13-Jul-2019,9,2.2
V0127,13-Oct-2018,5,2.5
V0127,13-Oct-2019,11,2.0
V0127,14-Aug-2019,4,4.0
V0127,14-Dec-2018,3,1.8
V0127,14-Jan-2019,6,3.0
V0127,14-Jul-2019,6,2.1
V0127,14-Oct-2018,3,2.5
V0127,14-Oct-2019,8,4.0
V0127,14-Sep-2019,8,2.2
V0127,15-Aug-2018,6,4.1
V0127,15-Nov-2018,2,2.3
V0127,15-Oct-2018,13,3.6
V0127,15-Sep-2018,2,3.1
V0127,15-Sep-2019,14,3.9
V0127,16-Aug-2018,4,3.1
V0127,16-Dec-2018,5,3.1
V0127,16-Oct-2019,2,2.3
V0127,16-Sep-2019,11,2.2
V0127,17-Aug-2018,2,4.0
V0127,17-Dec-2018,5,2.6
V0127,17-Jan-2019,2,2.7
V0127,17-Jul-2019,2,3.6
V0127,17-Nov-2018,8,2.6
V0127,17-Oct-2018,6,4.1
V0127,17-Sep-2018,8,3.6
V0127,18-Aug-2019,8,3.2
V0127,18-Jul-2019,5,3.9
V0127,18-May-2019,2,1.9
V0127,18-Nov-2018,16,2.4
V0127,18-Oct-2018,7,2.9
V0127,19-Aug-2019,6,2.3
V0127,19-Dec-2018,2,3.6
V0127,19-Jul-2019,11,4.0
V0127,19-May-2019,5,2.8
V0127,19-Nov-2018,9,2.6
V0127,19-Oct-2018,9,4.1
V0127,20-Aug-2018,17,2.9
V0127,20-Dec-2018,12,3.0
V0127,20-Jan-2019,3,2.6
V0127,20-Jul-2019,7,4.0
V0127,20-May-2019,7,3.2
V0127,20-Nov-2018,11,3.6
V0127,20-Oct-2018,6,3.7
V0127,20-Sep-2018,5,2.6
V0127,21-Aug-2019,5,2.8
V0127,21-Jan-2019,11,3.8
V0127,21-Jul-2019,10,2.7
V0127,21-Jun-2019,2,3.7
V0127,21-Nov-2018,7,4.1
V0127,21-Nov-2019,17,3.3
V0127,21-Oct-2018,8,3.6
V0127,21-Oct-2019,3,3.7
V0127,22-Dec-2018,2,3.8
V0127,22-Jan-2019,2,2.7
V0127,22-Jul-2019,4,1.9
V0127,22-Oct-2018,4,2.8
V0127,22-Oct-2019,3,3.4
V0127,23-Aug-2018,2,2.9
V0127,23-Dec-2018,4,3.6
V0127,23-Jul-2018,6,2.7
V0127,23-Nov-2018,8,3.3
V0127,23-Nov-2019,8,2.2
V0127,23-Sep-2018,2,3.6
V0127,23-Sep-2019,9,3.1
V0127,24-Dec-2018,2,2.3
V0127,24-Jun-2019,7,2.5
V0127,24-May-2019,2,3.6
V0127,24-Nov-2018,4,3.0
V0127,24-Oct-2019,5,2.3
V0127,24-Sep-2018,16,4.1
V0127,25-Aug-2019,10,3.5
V0127,25-Jan-2019,7,4.1
V0127,25-Jul-2018,5,2.8
V0127,25-Jul-2019,10,2.9
V0127,25-Oct-2019,7,4.0
V0127,26-Aug-2019,11,3.1
V0127,26-Nov-2018,7,3.5
V0127,27-Aug-2019,8,2.4
V0127,27-Jul-2019,2,2.9
V0127,27-May-2019,3,2.1
V0127,27-Nov-2018,8,2.3
V0127,27-Sep-2018,14,1.8
V0127,27-Sep-2019,3,1.9
V0127,28-Jan-2019,16,4.1
V0127,28-Jul-2019,3,2.4
V0127,28-Oct-2018,10,3.4
V0127,28-Oct-2019,5,3.8
V0127,28-Sep-2019,7,3.1
V0127,29-Aug-2018,7,2.2
V0127,29-Jul-2018,2,3.5
V0127,29-Jul-2019,4,3.2
V0127,29-Nov-2018,7,3.6
V0127,29-Sep-2019,10,3.6
V0127,30-Dec-2018,8,4.1
V0127,30-Jul-2018,13,3.2
V0127,30-Jun-2019,8,2.6
V0127,30-Nov-2018,10,3.4
V0127,30-Oct-2019,2,2.0
V0127,30-Sep-2019,11,4.0
V0127,31-Dec-2018,7,2.1
V0129,23-May-2019,4,2.6
V0131,03-Oct-2019,6,3.8
V0131,22-Sep-2019,25,3.2
V0131,23-Sep-2019,7,2.7
V0131,26-Sep-2019,14,2.9
V0131,28-Sep-2019,20,3.9
V0131,29-Sep-2019,19,2.6
V0132,01-Aug-2019,6,3.9
V0132,01-Jul-2019,47,2.0
V0132,01-Jun-2019,2,3.7
V0132,01-Nov-2019,45,3.8
V0132,01-Oct-2019,4,2.2
V0132,01-Sep-2019,32,2.8
V0132,02-Aug-2019,14,2.2
V0132,02-Jul-2019,15,3.5
V0132,02-Jun-2019,28,3.1
V0132,02-Nov-2019,4,3.3
V0132,02-Oct-2019,3,2.3
V0132,02-Sep-2019,27,2.3
V0132,03-Jul-2019,6,1.9
V0132,03-Jun-2019,28,2.6
V0132,03-Nov-2019,10,3.1
V0132,03-Sep-2019,8,3.9
V0132,04-Aug-2019,17,3.4
V0132,04-Jul-2019,4,2.8
V0132,04-Jun-2019,6,4.1
V0132,04-Nov-2019,54,3.5
V0132,04-Oct-2019,6,4.0
V0132,04-Sep-2019,8,3.1
V0132,05-Aug-2019,34,2.4
V0132,05-Jul-2019,16,1.9
V0132,05-Jun-2019,2,3.5
V0132,05-Nov-2019,6,2.1
V0132,05-Oct-2019,18,2.5
V0132,06-Aug-2019,8,3.1
V0132,06-Jul-2019,12,3.2
V0132,06-Nov-2019,4,3.2
V0132,06-Oct-2019,47,2.2
V0132,06-Sep-2019,5,2.7
V0132,07-Aug-2019,5,3.3
V0132,07-Jul-2019,30,4.1
V0132,07-Jun-2019,4,3.5
V0132,07-Nov-2019,30,4.0
V0132,07-Oct-2019,29,3.6
V0132,08-Aug-2019,2,3.2
V0132,08-Dec-2019,8,2.3
V0132,08-Jul-2019,58,3.4
V0132,08-Nov-2019,6,3.3
V0132,08-Oct-2019,25,3.2
V0132,08-Sep-2019,16,3.0
V0132,09-Aug-2019,45,3.1
V0132,09-Jul-2019,25,2.6
V0132,09-Jun-2019,27,3.0
V0132,09-Sep-2019,19,2.3
V0132,10-Aug-2019,3,3.7
V0132,10-Jul-2019,33,2.2
V0132,10-Jun-2019,35,2.0
V0132,10-Nov-2019,27,2.8
V0132,10-Sep-2019,9,3.4
V0132,11-Aug-2019,18,2.9
V0132,11-Jul-2019,31,2.5
V0132,11-Jun-2019,4,3.1
V0132,11-Nov-2019,38,2.6
V0132,11-Oct-2019,7,4.0
V0132,11-Sep-2019,7,4.0
V0132,12-Aug-2019,44,3.0
V0132,12-Jul-2019,2,2.6
V0132,12-Jun-2019,2,3.6
V0132,12-Nov-2019,5,1.9
V0132,12-Oct-2019,4,2.9
V0132,12-Sep-2019,7,2.6
V0132,13-Aug-2019,14,4.0
V0132,13-Jul-2019,52,1.8
V0132,13-Jun-2019,24,3.1
V0132,13-Oct-2019,25,3.6
V0132,13-Sep-2019,5,3.0
V0132,14-Jul-2019,23,2.0
V0132,14-Oct-2019,2,4.1
V0132,15-Aug-2019,22,3.0
V0132,15-Jul-2019,29,3.3
V0132,15-Jun-2019,3,2.4
V0132,15-Nov-2019,16,3.0
V0132,15-Oct-2019,14,2.8
V0132,15-Sep-2019,21,2.0
V0132,16-Dec-2019,5,2.1
V0132,16-Oct-2019,11,3.8
V0132,16-Sep-2019,33,2.4
V0132,17-Aug-2019,5,2.3
V0132,17-Jul-2019,12,3.0
V0132,17-Jun-2019,43,3.6
V0132,17-Oct-2019,10,1.9
V0132,17-Sep-2019,30,3.2
V0132,18-Aug-2019,40,2.1
V0132,18-Jul-2019,20,1.9
V0132,18-May-2019,3,1.9
V0132,18-Oct-2019,6,3.8
V0132,18-Sep-2019,12,2.1
V0132,19-Aug-2019,17,1.9
V0132,19-Jul-2019,15,2.9
V0132,19-Jun-2019,4,3.8
V0132,19-May-2019,23,2.4
V0132,19-Oct-2019,8,2.8
V0132,19-Sep-2019,12,1.9
V0132,20-Aug-2019,18,2.9
V0132,20-Jul-2019,43,3.2
V0132,20-May-2019,50,3.2
V0132,20-Nov-2019,3,2.6
V0132,20-Oct-2019,31,2.6
V0132,21-Jul-2019,44,2.1
V0132,21-Jun-2019,17,2.7
V0132,21-Oct-2019,30,2.0
V0132,21-Sep-2019,5,3.6
V0132,22-Aug-2019,4,4.1
V0132,22-Jun-2019,39,4.1
V0132,22-May-2019,6,3.9
V0132,22-Sep-2019,27,3.2
V0132,23-Aug-2019,2,3.5
V0132,23-Jul-2019,13,2.5
V0132,23-Jun-2019,25,3.3
V0132,24-Aug-2019,6,2.9
V0132,24-Jul-2019,25,3.0
V0132,24-Jun-2019,65,3.6
V0132,24-May-2019,32,2.5
V0132,24-Nov-2019,2,2.6
V0132,25-Jul-2019,6,4.0
V0132,25-Jun-2019,5,1.9
V0132,25-Oct-2019,9,3.0
V0132,25-Sep-2019,14,4.0
V0132,26-Aug-2019,5,3.3
V0132,26-Jun-2019,14,3.1
V0132,26-May-2019,5,2.4
V0132,26-Oct-2019,20,2.6
V0132,27-Aug-2019,11,3.8
V0132,27-Jun-2019,8,3.1
V0132,27-May-2019,16,3.0
V0132,27-Oct-2019,15,2.0
V0132,27-Sep-2019,4,1.8
V0132,28-Aug-2019,2,4.1
V0132,28-Jul-2019,35,2.7
V0132,28-Jun-2019,2,3.2
V0132,28-May-2019,6,2.0
V0132,28-Oct-2019,19,3.4
V0132,28-Sep-2019,23,4.0
V0132,29-Aug-2019,4,3.2
V0132,29-Jul-2019,11,2.1
V0132,29-Jun-2019,8,3.2
V0132,29-May-2019,5,3.6
V0132,29-Oct-2019,27,2.8
V0132,29-Sep-2019,21,3.9
V0132,30-Aug-2019,8,3.4
V0132,30-Jul-2019,17,4.0
V0132,30-Jun-2019,42,3.3
V0132,31-Aug-2019,13,2.1
V0132,31-Jul-2019,2,2.5
V0132,31-May-2019,10,2.3
V0133,01-Jun-2019,4,4.0
V0133,02-Nov-2019,7,3.6
V0133,02-Sep-2018,13,3.4
V0133,04-Aug-2019,17,2.5
V0133,04-Oct-2019,11,2.2
V0133,05-Aug-2018,13,3.6
V0133,05-Jul-2019,12,2.9
V0133,05-Oct-2018,10,2.3
V0133,05-Oct-2019,3,3.3
V0133,06-Oct-2018,17,1.9
V0133,06-Oct-2019,9,2.6
V0133,06-Sep-2019,9,2.9
V0133,07-Jul-2019,20,2.2
V0133,07-Nov-2018,6,4.2
V0133,07-Sep-2019,3,2.3
V0133,08-Jun-2019,2,2.1
V0133,08-Sep-2018,8,2.3
V0133,09-Aug-2019,11,3.6
V0133,09-Jul-2019,15,2.8
V0133,09-Jun-2019,15,3.2
V0133,09-Nov-2019,3,1.9
V0133,10-Aug-2018,11,1.9
V0133,10-Aug-2019,3,2.9
V0133,10-Nov-2018,17,3.8
V0133,10-Nov-2019,15,3.9
V0133,11-Nov-2018,24,2.0
V0133,12-Jul-2019,11,3.1
V0133,12-Oct-2018,8,4.0
V0133,12-Oct-2019,13,2.7
V0133,13-Jul-2019,16,3.8
V0133,13-Nov-2019,2,2.1
V0133,13-Oct-2018,11,4.0
V0133,13-Oct-2019,5,3.6
V0133,13-Sep-2019,8,4.1
V0133,15-Jun-2019,3,3.4
V0133,15-Nov-2018,14,2.7
V0133,16-Jun-2019,7,4.1
V0133,16-Nov-2019,16,2.5
V0133,17-Nov-2018,12,2.6
V0133,17-Oct-2018,14,3.5
V0133,18-Aug-2019,7,3.6
V0133,18-Oct-2018,5,4.0
V0133,19-Oct-2018,12,2.3
V0133,20-Oct-2018,10,3.7
V0133,20-Oct-2019,10,3.6
V0133,20-Sep-2018,9,2.0
V0133,21-Jun-2019,13,2.7
V0133,21-Sep-2018,7,2.5
V0133,22-Jun-2019,11,2.5
V0133,23-Jun-2019,19,4.2
V0133,23-May-2019,13,3.3
V0133,24-Aug-2019,10,3.5
V0133,24-May-2019,7,4.1
V0133,26-May-2019,6,2.7
V0133,27-Oct-2019,6,3.7
V0133,27-Sep-2019,4,2.8
V0133,28-Aug-2019,10,3.9
V0133,28-Jul-2019,4,2.2
V0133,28-Jun-2019,13,4.1
V0133,28-Sep-2018,4,2.3
V0133,29-Jun-2019,11,2.6
V0133,29-Sep-2018,6,3.6
V0133,30-Jun-2019,3,2.7
V0133,31-Aug-2018,7,3.3
V0133,31-Aug-2019,6,2.9
V0133,31-May-2019,2,3.6
V0134,01-Aug-2019,6,2.3
V0134,01-Dec-2018,2,1.9
V0134,01-Jan-2019,26,2.5
V0134,01-Jul-2019,27,2.9
V0134,01-Jun-2019,7,2.2
V0134,01-Nov-2018,8,2.7
V0134,01-Oct-2018,26,2.8
V0134,01-Oct-2019,7,1.9
V0134,01-Sep-2018,2,3.2
V0134,01-Sep-2019,12,3.9
V0134,02-Aug-2018,2,2.2
V0134,02-Jul-2019,16,3.2
V0134,02-Jun-2019,9,3.4
V0134,02-Nov-2019,5,2.8
V0134,02-Oct-2018,28,3.5
V0134,02-Oct-2019,6,2.8
V0134,02-Sep-2018,9,3.0
V0134,02-Sep-2019,24,1.8
V0134,03-Aug-2019,4,3.5
V0134,03-Dec-2018,12,3.4
V0134,03-Jul-2019,6,1.9
V0134,03-Jun-2019,21,2.7
V0134,03-Nov-2019,9,4.1
V0134,03-Oct-2018,12,2.8
V0134,03-Oct-2019,7,3.0
V0134,03-Sep-2018,17,4.0
V0134,03-Sep-2019,17,3.5
V0134,04-Aug-2019,4,3.2
V0134,04-Dec-2018,24,3.7
V0134,04-Jul-2019,11,3.9
V0134,04-Jun-2019,10,2.9
V0134,04-Nov-2018,16,2.9
V0134,04-Nov-2019,13,2.7
V0134,04-Oct-2018,8,4.1
V0134,04-Sep-2018,23,3.5
V0134,04-Sep-2019,3,2.0
V0134,05-Aug-2018,9,3.9
V0134,05-Aug-2019,12,3.0
V0134,05-Dec-2018,4,2.0
V0134,05-Jun-2019,8,3.1
V0134,05-Nov-2018,25,2.8
V0134,05-Nov-2019,16,3.9
V0134,05-Oct-2019,7,2.3
V0134,05-Sep-2019,2,3.8
V0134,06-Aug-2018,27,3.1
V0134,06-Aug-2019,5,1.9
V0134,06-Dec-2018,2,4.1
V0134,06-Jun-2019,4,3.0
V0134,06-Nov-2018,9,2.5
V0134,06-Nov-2019,2,2.9
V0134,06-Oct-2018,3,3.9
V0134,06-Oct-2019,4,2.5
V0134,06-Sep-2018,2,2.3
V0134,07-Aug-2018,7,2.1
V0134,07-Jan-2019,20,2.5
V0134,07-Jul-2019,11,3.7
V0134,07-Nov-2018,4,2.9
V0134,07-Oct-2018,23,2.3
V0134,07-Oct-2019,12,2.2
V0134,07-Sep-2019,2,2.6
V0134,08-Jan-2019,17,4.1
V0134,08-Jul-2019,31,2.6
V0134,08-Jun-2019,4,4.2
V0134,08-Nov-2018,15,3.0
V0134,08-Oct-2018,28,2.2
V0134,08-Oct-2019,18,3.9
V0134,08-Sep-2019,17,2.9
V0134,09-Aug-2018,2,3.5
V0134,09-Dec-2018,5,4.2
V0134,09-Jul-2019,37,1.9
V0134,09-Jun-2019,9,2.0
V0134,09-Nov-2019,8,3.5
V0134,09-Oct-2018,21,2.5
V0134,09-Oct-2019,27,2.2
V0134,09-Sep-2018,11,1.9
V0134,09-Sep-2019,9,1.9
V0134,10-Aug-2019,5,3.7
V0134,10-Dec-2018,14,2.1
V0134,10-Jul-2019,9,2.9
V0134,10-Jun-2019,21,3.3
V0134,10-Nov-2019,11,2.8
V0134,10-Oct-2018,25,1.9
V0134,10-Sep-2018,26,3.7
V0134,10-Sep-2019,20,1.8
V0134,11-Aug-2018,9,3.6
V0134,11-Aug-2019,20,3.9
V0134,11-Dec-2018,9,2.8
V0134,11-Jul-2019,10,3.1
V0134,11-Jun-2019,5,2.9
V0134,11-Nov-2018,4,2.7
V0134,11-Nov-2019,15,3.9
V0134,11-Sep-2018,15,3.9
V0134,12-Aug-2018,8,2.6
V0134,12-Aug-2019,16,3.3
V0134,12-Jun-2019,2,4.0
V0134,12-Nov-2018,19,4.1
V0134,12-Nov-2019,11,3.0
V0134,12-Oct-2019,14,2.9
V0134,12-Sep-2018,9,2.5
V0134,13-Aug-2018,30,4.1
V0134,13-Aug-2019,22,2.1
V0134,13-Jul-2019,11,3.2
V0134,13-Jun-2019,3,2.5
V0134,13-Nov-2018,27,2.5
V0134,13-Oct-2018,4,2.8
V0134,13-Oct-2019,11,4.2
V0134,13-Sep-2018,6,1.9
V0134,14-Aug-2018,27,3.2
V0134,14-Aug-2019,2,2.0
V0134,14-Jul-2019,22,2.2
V0134,14-Oct-2018,7,2.9
V0134,14-Oct-2019,16,3.0
V0134,14-Sep-2019,2,2.4
V0134,15-Aug-2018,9,2.6
V0134,15-Aug-2019,8,2.0
V0134,15-Jul-2019,33,2.5
V0134,15-Jun-2019,13,4.1
V0134,15-Nov-2018,6,4.1
V0134,15-Oct-2018,21,2.6
V0134,15-Oct-2019,10,3.2
V0134,15-Sep-2018,12,4.0
V0134,15-Sep-2019,3,1.8
V0134,16-Aug-2018,4,3.7
V0134,16-Dec-2018,11,4.1
V0134,16-Jul-2019,20,2.0
V0134,16-Jun-2019,7,2.2
V0134,16-Oct-2018,17,4.1
V0134,16-Oct-2019,8,3.1
V0134,16-Sep-2018,20,1.8
V0134,16-Sep-2019,39,2.4
V0134,17-Aug-2019,7,2.9
V0134,17-Dec-2018,25,3.5
V0134,17-Jul-2019,6,3.6
V0134,17-Jun-2019,6,4.2
V0134,17-Nov-2018,2,2.5
V0134,17-Nov-2019,3,3.1
V0134,17-Oct-2018,5,3.1
V0134,17-Sep-2019,8,2.8
V0134,18-Aug-2019,8,2.2
V0134,18-Dec-2018,5,4.1
V0134,18-Jul-2019,6,3.8
V0134,18-Jun-2019,22,3.0
V0134,18-May-2019,16,3.2
V0134,18-Nov-2018,27,2.3
V0134,18-Nov-2019,5,3.1
V0134,18-Oct-2018,7,3.5
V0134,18-Sep-2018,8,3.0
V0134,18-Sep-2019,11,4.2
V0134,19-Aug-2018,8,3.3
V0134,19-Aug-2019,16,2.7
V0134,19-Jun-2019,13,3.7
V0134,19-May-2019,13,2.2
V0134,19-Nov-2018,10,2.7
V0134,19-Nov-2019,2,2.6
V0134,19-Oct-2019,8,2.8
V0134,19-Sep-2018,13,3.7
V0134,19-Sep-2019,5,3.0
V0134,20-Aug-2018,16,3.7
V0134,20-Aug-2019,11,3.2
V0134,20-Jun-2019,9,2.6
V0134,20-May-2019,17,3.7
V0134,20-Nov-2018,11,2.4
V0134,20-Oct-2019,2,2.3
V0134,20-Sep-2018,12,3.0
V0134,21-Aug-2018,19,2.4
V0134,21-Aug-2019,4,1.8
V0134,21-May-2019,9,3.4
V0134,21-Nov-2018,7,3.0
V0134,21-Nov-2019,9,2.9
V0134,21-Oct-2018,2,4.1
V0134,21-Oct-2019,12,3.2
V0134,21-Sep-2019,2,3.9
V0134,22-Aug-2018,6,2.1
V0134,22-Aug-2019,3,3.2
V0134,22-Dec-2018,4,3.9
V0134,22-May-2019,7,3.2
V0134,22-Nov-2018,13,3.5
V0134,22-Oct-2018,13,2.7
V0134,22-Oct-2019,26,2.0
V0134,22-Sep-2018,18,2.9
V0134,22-Sep-2019,14,2.7
V0134,23-Jun-2019,10,3.9
V0134,23-Oct-2018,17,2.4
V0134,23-Sep-2018,8,4.1
V0134,23-Sep-2019,30,4.1
V0134,24-Aug-2019,4,2.4
V0134,24-Dec-2018,2,2.6
V0134,24-Jun-2019,6,3.9
V0134,24-Nov-2018,15,4.1
V0134,24-Nov-2019,6,2.9
V0134,24-Sep-2018,21,2.6
V0134,24-Sep-2019,22,3.1
V0134,25-Aug-2018,4,3.5
V0134,25-Aug-2019,4,2.5
V0134,25-Dec-2018,17,3.6
V0134,25-Jun-2019,14,1.9
V0134,25-May-2019,16,1.9
V0134,25-Nov-2019,2,2.7
V0134,25-Oct-2018,11,2.6
V0134,25-Sep-2018,22,2.6
V0134,25-Sep-2019,7,3.0
V0134,26-Aug-2018,9,2.6
V0134,26-Aug-2019,22,2.3
V0134,26-Dec-2018,2,2.5
V0134,26-Jul-2018,2,4.1
V0134,26-Jun-2019,3,2.8
V0134,26-May-2019,7,2.9
V0134,26-Nov-2018,25,3.2
V0134,26-Nov-2019,2,4.2
V0134,26-Oct-2019,4,2.4
V0134,26-Sep-2018,2,3.4
V0134,26-Sep-2019,6,3.5
V0134,27-Aug-2018,15,3.3
V0134,27-Aug-2019,27,2.0
V0134,27-Dec-2018,3,3.4
V0134,27-Jul-2019,18,2.0
V0134,27-Jun-2019,2,3.2
V0134,27-May-2019,13,3.6
V0134,27-Nov-2018,10,2.3
V0134,27-Oct-2019,3,3.8
V0134,27-Sep-2018,2,1.9
V0134,28-Aug-2018,16,3.8
V0134,28-Aug-2019,2,2.9
V0134,28-Jul-2018,6,2.3
V0134,28-May-2019,12,2.1
V0134,28-Oct-2018,8,4.1
V0134,28-Oct-2019,14,2.0
V0134,28-Sep-2019,4,2.3
V0134,29-Aug-2018,11,2.6
V0134,29-Aug-2019,4,3.3
V0134,29-Jul-2018,6,3.1
V0134,29-Jul-2019,9,2.1
V0134,29-Jun-2019,14,2.5
V0134,29-May-2019,18,2.4
V0134,29-Oct-2018,24,2.3
V0134,29-Oct-2019,7,2.8
V0134,29-Sep-2018,2,3.5
V0134,29-Sep-2019,9,2.3
V0134,30-Aug-2018,13,2.7
V0134,30-Dec-2018,2,2.7
V0134,30-Jul-2018,15,4.1
V0134,30-Jul-2019,18,4.1
V0134,30-Jun-2019,6,3.7
V0134,30-May-2019,2,2.4
V0134,30-Oct-2018,24,2.0
V0134,30-Oct-2019,2,2.6
V0134,30-Sep-2018,19,2.4
V0134,30-Sep-2019,14,3.0
V0134,31-Dec-2018,6,3.7
V0134,31-Jul-2018,8,3.9
V0134,31-Jul-2019,6,3.8
V0134,31-Oct-2018,6,2.7
V0135,01-Aug-2019,4,3.4
V0135,01-Dec-2018,9,2.6
V0135,01-Jun-2019,17,1.9
V0135,01-Nov-2018,24,3.5
V0135,01-Nov-2019,5,1.8
V0135,01-Oct-2018,15,2.8
V0135,01-Sep-2018,4,2.6
V0135,02-Aug-2018,9,3.5
V0135,02-Dec-2018,8,3.6
V0135,02-Jun-2019,18,2.5
V0135,02-Nov-2018,2,3.7
V0135,02-Nov-2019,17,2.5
V0135,02-Oct-2019,13,2.9
V0135,02-Sep-2018,21,3.5
V0135,02-Sep-2019,18,3.5
V0135,03-Aug-2018,16,4.2
V0135,03-Aug-2019,3,2.3
V0135,03-Dec-2018,12,3.4
V0135,03-Jul-2019,17,3.3
V0135,03-Jun-2019,8,4.0
V0135,03-Nov-2018,8,2.2
V0135,03-Nov-2019,13,3.6
V0135,03-Oct-2018,17,3.2
V0135,03-Oct-2019,14,2.5
V0135,03-Sep-2018,19,2.9
V0135,04-Aug-2018,17,2.6
V0135,04-Aug-2019,18,3.2
V0135,04-Jul-2019,21,3.9
V0135,04-Nov-2018,17,3.2
V0135,04-Nov-2019,20,3.3
V0135,04-Oct-2018,16,3.0
V0135,04-Oct-2019,25,1.9
V0135,04-Sep-2019,10,2.4
V0135,05-Aug-2018,30,3.0
V0135,05-Aug-2019,10,2.5
V0135,05-Jul-2019,9,2.2
V0135,05-Jun-2019,16,3.0
V0135,05-Nov-2018,4,2.6
V0135,05-Oct-2018,12,2.4
V0135,05-Oct-2019,7,2.9
V0135,05-Sep-2018,19,2.1
V0135,05-Sep-2019,13,4.0
V0135,06-Aug-2018,24,3.9
V0135,06-Jul-2019,10,3.5
V0135,06-Jun-2019,15,2.1
V0135,06-Nov-2019,11,3.7
V0135,06-Oct-2018,7,3.7
V0135,06-Oct-2019,8,3.6
V0135,06-Sep-2018,13,2.1
V0135,06-Sep-2019,12,3.3
V0135,07-Aug-2019,2,3.8
V0135,07-Jun-2019,8,3.2
V0135,07-Nov-2018,11,3.4
V0135,07-Nov-2019,25,2.9
V0135,07-Oct-2018,9,3.1
V0135,07-Oct-2019,14,1.9
V0135,07-Sep-2018,8,3.3
V0135,07-Sep-2019,19,2.0
V0135,08-Aug-2018,2,2.8
V0135,08-Aug-2019,23,2.5
V0135,08-Jul-2019,4,3.1
V0135,08-Jun-2019,6,2.1
V0135,08-Nov-2018,31,3.5
V0135,08-Nov-2019,40,3.7
V0135,08-Oct-2018,8,2.2
V0135,08-Sep-2018,14,2.1
V0135,08-Sep-2019,16,2.1
V0135,09-Aug-2018,15,3.9
V0135,09-Aug-2019,8,3.1
V0135,09-Jun-2019,14,2.9
V0135,09-Nov-2018,18,2.1
V0135,09-Nov-2019,45,3.4
V0135,09-Oct-2019,4,3.9
V0135,09-Sep-2018,15,3.8
V0135,09-Sep-2019,15,3.3
V0135,10-Aug-2018,10,2.0
V0135,10-Aug-2019,20,2.1
V0135,10-Jul-2019,25,1.9
V0135,10-Jun-2019,17,2.4
V0135,10-Nov-2018,8,2.1
V0135,10-Nov-2019,8,2.4
V0135,10-Oct-2018,6,2.7
V0135,10-Oct-2019,16,4.1
V0135,10-Sep-2018,13,3.3
V0135,11-Aug-2018,11,3.8
V0135,11-Aug-2019,7,3.5
V0135,11-Jul-2019,29,2.1
V0135,11-Nov-2018,21,3.6
V0135,11-Nov-2019,17,2.5
V0135,11-Oct-2018,7,3.3
V0135,11-Oct-2019,23,2.6
V0135,11-Sep-2019,9,4.2
V0135,12-Aug-2018,8,2.4
V0135,12-Aug-2019,36,2.5
V0135,12-Jul-2019,15,4.0
V0135,12-Jun-2019,8,1.9
V0135,12-Nov-2018,3,3.5
V0135,12-Oct-2018,4,3.5
V0135,12-Oct-2019,16,3.8
V0135,12-Sep-2018,7,4.1
V0135,12-Sep-2019,12,4.1
V0135,13-Aug-2018,7,2.0
V0135,13-Jul-2019,20,3.8
V0135,13-Jun-2019,18,3.4
V0135,13-Oct-2018,19,3.4
V0135,13-Oct-2019,22,2.1
V0135,13-Sep-2018,6,3.4
V0135,13-Sep-2019,12,4.2
V0135,14-Aug-2019,9,4.0
V0135,14-Jul-2019,14,2.9
V0135,14-Jun-2019,11,1.9
V0135,14-Nov-2018,14,2.7
V0135,14-Oct-2018,26,3.8
V0135,14-Oct-2019,14,3.5
V0135,14-Sep-2018,13,2.9
V0135,14-Sep-2019,17,1.9
V0135,15-Aug-2018,14,2.8
V0135,15-Aug-2019,21,2.9
V0135,15-Jul-2019,8,4.0
V0135,15-Jun-2019,11,3.3
V0135,15-Nov-2018,13,2.5
V0135,15-Oct-2018,23,3.1
V0135,15-Sep-2018,22,2.0
V0135,15-Sep-2019,12,4.1
V0135,16-Aug-2018,24,2.7
V0135,16-Aug-2019,7,2.9
V0135,16-Jun-2019,16,2.7
V0135,16-Nov-2018,13,3.4
V0135,16-Oct-2019,29,3.4
V0135,16-Sep-2018,16,3.5
V0135,16-Sep-2019,2,2.4
V0135,17-Aug-2018,29,2.6
V0135,17-Jul-2019,11,2.1
V0135,17-Jun-2019,20,3.4
V0135,17-Nov-2018,9,1.9
V0135,17-Oct-2018,21,3.2
V0135,17-Oct-2019,4,3.9
V0135,17-Sep-2018,10,3.9
V0135,18-Aug-2018,20,2.9
V0135,18-May-2019,22,2.9
V0135,18-Nov-2018,3,2.0
V0135,18-Oct-2018,15,3.4
V0135,18-Oct-2019,27,3.8
V0135,18-Sep-2019,7,2.4
V0135,19-Aug-2018,10,2.8
V0135,19-Aug-2019,17,3.8
V0135,19-Jul-2019,15,3.9
V0135,19-Jun-2019,6,2.4
V0135,19-May-2019,24,3.1
V0135,19-Nov-2018,3,2.3
V0135,19-Oct-2018,20,2.0
V0135,19-Oct-2019,32,4.0
V0135,19-Sep-2018,10,3.8
V0135,19-Sep-2019,23,3.6
V0135,20-Aug-2018,20,1.9
V0135,20-Jun-2019,10,3.8
V0135,20-May-2019,26,2.9
V0135,20-Oct-2018,10,2.6
V0135,20-Oct-2019,12,3.1
V0135,20-Sep-2018,14,2.0
V0135,20-Sep-2019,17,3.6
V0135,21-Aug-2019,12,3.2
V0135,21-Jun-2019,16,2.2
V0135,21-Nov-2018,2,2.3
V0135,21-Oct-2018,10,2.2
V0135,21-Oct-2019,31,1.9
V0135,21-Sep-2018,5,3.2
V0135,22-Aug-2018,5,3.8
V0135,22-Jun-2019,11,1.8
V0135,22-May-2019,6,1.9
V0135,22-Nov-2018,4,3.2
V0135,22-Oct-2018,34,3.8
V0135,22-Sep-2018,23,2.6
V0135,22-Sep-2019,22,2.6
V0135,23-Aug-2018,4,3.2
V0135,23-Aug-2019,10,2.5
V0135,23-Jun-2019,21,1.9
V0135,23-May-2019,8,3.6
V0135,23-Nov-2018,24,3.3
V0135,23-Nov-2019,3,3.2
V0135,23-Oct-2019,9,3.6
V0135,23-Sep-2018,11,3.4
V0135,23-Sep-2019,19,2.3
V0135,24-Aug-2018,22,2.6
V0135,24-Aug-2019,4,2.1
V0135,24-Jun-2019,6,2.1
V0135,24-May-2019,4,3.4
V0135,24-Oct-2018,6,3.9
V0135,24-Oct-2019,16,4.1
V0135,24-Sep-2018,29,3.3
V0135,25-Aug-2018,10,2.2
V0135,25-Aug-2019,32,2.1
V0135,25-Jul-2018,13,3.8
V0135,25-May-2019,18,3.2
V0135,25-Nov-2018,4,3.3
V0135,25-Oct-2018,28,3.7
V0135,25-Oct-2019,12,3.5
V0135,25-Sep-2019,11,3.8
V0135,26-Aug-2018,14,1.9
V0135,26-Aug-2019,15,3.6
V0135,26-Jul-2018,8,3.8
V0135,26-Jun-2019,14,2.5
V0135,26-May-2019,9,3.3
V0135,26-Nov-2018,7,2.6
V0135,26-Oct-2018,5,4.1
V0135,26-Oct-2019,16,1.9
V0135,26-Sep-2018,21,3.2
V0135,26-Sep-2019,14,2.2
V0135,27-Aug-2018,7,3.5
V0135,27-Jul-2018,32,2.2
V0135,27-Jul-2019,6,2.4
V0135,27-Jun-2019,13,3.0
V0135,27-May-2019,31,4.0
V0135,27-Oct-2019,22,2.3
V0135,27-Sep-2018,21,2.1
V0135,27-Sep-2019,15,3.6
V0135,28-Aug-2019,14,3.0
V0135,28-Jul-2018,4,4.0
V0135,28-Jul-2019,20,2.2
V0135,28-Jun-2019,20,3.4
V0135,28-Nov-2018,12,2.4
V0135,28-Oct-2018,21,2.2
V0135,28-Oct-2019,8,3.4
V0135,28-Sep-2018,6,3.2
V0135,28-Sep-2019,18,3.6
V0135,29-Aug-2018,14,2.5
V0135,29-Aug-2019,13,2.9
V0135,29-Jul-2018,5,2.8
V0135,29-Jul-2019,24,4.2
V0135,29-May-2019,21,2.5
V0135,29-Nov-2018,12,2.5
V0135,29-Oct-2018,20,2.7
V0135,29-Sep-2018,7,3.2
V0135,29-Sep-2019,21,2.4
V0135,30-Aug-2018,9,4.0
V0135,30-Aug-2019,8,2.4
V0135,30-Jul-2018,19,3.9
V0135,30-Jun-2019,10,2.0
V0135,30-May-2019,7,3.4
V0135,30-Nov-2018,3,4.0
V0135,30-Oct-2019,12,2.2
V0135,30-Sep-2018,23,4.1
V0135,30-Sep-2019,16,2.9
V0135,31-Aug-2018,18,4.1
V0135,31-Aug-2019,13,3.4
V0135,31-Jul-2019,15,2.5
V0135,31-May-2019,14,2.3
V0135,31-Oct-2018,15,2.5
V0135,31-Oct-2019,12,2.0
V0140,01-Jul-2019,23,2.1
V0140,01-Jun-2019,7,2.1
V0140,01-Oct-2019,6,2.8
V0140,01-Sep-2019,22,3.7
V0140,02-Dec-2019,3,2.1
V0140,02-Jul-2019,8,2.1
V0140,02-Jun-2019,10,3.3
V0140,02-Oct-2019,7,2.3
V0140,02-Sep-2019,18,2.0
V0140,03-Aug-2019,5,2.2
V0140,03-Jun-2019,12,4.0
V0140,03-Nov-2019,17,3.8
V0140,03-Oct-2019,8,2.6
V0140,03-Sep-2019,4,3.4
V0140,04-Aug-2019,11,3.1
V0140,04-Jul-2019,6,3.4
V0140,04-Jun-2019,6,3.4
V0140,04-Nov-2019,20,3.3
V0140,04-Sep-2019,8,2.4
V0140,05-Aug-2019,12,1.9
V0140,05-Jul-2019,11,2.9
V0140,05-Nov-2019,6,3.9
V0140,05-Oct-2019,7,3.2
V0140,05-Sep-2019,6,3.8
V0140,06-Aug-2019,4,4.2
V0140,06-Jul-2019,8,2.2
V0140,06-Jun-2019,12,3.5
V0140,06-Nov-2019,8,3.4
V0140,06-Oct-2019,13,4.2
V0140,07-Aug-2019,2,4.2
V0140,07-Jul-2019,22,3.4
V0140,07-Nov-2019,2,2.4
V0140,07-Oct-2019,11,3.7
V0140,08-Aug-2019,2,2.1
V0140,08-Jul-2019,23,3.7
V0140,08-Jun-2019,2,4.0
V0140,08-Oct-2019,13,2.7
V0140,08-Sep-2019,10,3.3
V0140,09-Aug-2019,2,2.8
V0140,09-Jul-2019,9,2.9
V0140,09-Jun-2019,4,2.5
V0140,09-Nov-2019,10,3.6
V0140,09-Sep-2019,16,4.0
V0140,10-Aug-2019,7,4.1
V0140,10-Jul-2019,4,2.2
V0140,10-Jun-2019,6,3.9
V0140,10-Nov-2019,19,3.6
V0140,10-Oct-2019,17,2.4
V0140,10-Sep-2019,12,2.0
V0140,11-Aug-2019,10,2.4
V0140,11-Jul-2019,3,4.0
V0140,11-Jun-2019,9,3.3
V0140,11-Nov-2019,13,3.5
V0140,11-Sep-2019,2,2.4
V0140,12-Aug-2019,9,3.5
V0140,12-Jul-2019,4,1.9
V0140,12-Sep-2019,2,2.7
V0140,13-Aug-2019,15,3.3
V0140,13-Jul-2019,23,2.2
V0140,13-Jun-2019,12,3.8
V0140,13-Oct-2019,22,2.4
V0140,14-Jul-2019,17,3.4
V0140,14-Jun-2019,7,2.8
V0140,14-Nov-2019,8,3.2
V0140,14-Oct-2019,19,2.1
V0140,14-Sep-2019,10,1.8
V0140,15-Aug-2019,4,4.0
V0140,15-Jul-2019,18,2.4
V0140,15-Oct-2019,2,3.8
V0140,15-Sep-2019,22,4.2
V0140,16-Aug-2019,2,2.3
V0140,16-Jul-2019,14,2.4
V0140,16-Jun-2019,17,3.4
V0140,16-Nov-2019,2,4.1
V0140,16-Oct-2019,8,4.0
V0140,16-Sep-2019,19,3.0
V0140,17-Aug-2019,7,3.7
V0140,17-Jul-2019,15,2.1
V0140,17-Jun-2019,20,4.1
V0140,17-Nov-2019,2,4.1
V0140,17-Oct-2019,19,2.2
V0140,17-Sep-2019,9,2.5
V0140,18-Aug-2019,26,2.0
V0140,18-Jul-2019,14,2.5
V0140,18-Nov-2019,6,3.8
V0140,18-Sep-2019,2,2.7
V0140,19-Aug-2019,12,2.0
V0140,19-Jul-2019,21,2.6
V0140,19-May-2019,18,4.2
V0140,19-Nov-2019,4,3.3
V0140,19-Oct-2019,4,2.8
V0140,19-Sep-2019,12,2.2
V0140,20-Aug-2019,2,4.2
V0140,20-Jan-2019,4,3.8
V0140,20-Jul-2019,23,2.5
V0140,20-Jun-2019,8,2.0
V0140,20-May-2019,16,1.9
V0140,20-Oct-2019,4,2.1
V0140,21-Jan-2019,6,3.2
V0140,21-Jul-2019,18,4.0
V0140,21-May-2019,10,3.0
V0140,21-Oct-2019,16,3.8
V0140,21-Sep-2019,7,2.9
V0140,22-Aug-2019,2,3.5
V0140,22-May-2019,1,3.6
V0140,22-Nov-2019,2,2.2
V0140,22-Oct-2019,2,2.7
V0140,22-Sep-2019,14,3.3
V0140,23-Jun-2019,16,2.0
V0140,23-May-2019,6,2.7
V0140,23-Oct-2019,7,3.1
V0140,23-Sep-2019,7,4.2
V0140,24-Aug-2019,4,2.9
V0140,24-Jun-2019,8,3.8
V0140,24-May-2019,10,2.8
V0140,24-Sep-2019,2,3.7
V0140,25-Aug-2019,7,3.2
V0140,25-Jun-2019,2,3.9
V0140,25-Sep-2019,5,2.8
V0140,26-Aug-2019,16,3.3
V0140,26-Jun-2019,2,3.3
V0140,26-May-2019,2,2.8
V0140,26-Oct-2019,2,2.1
V0140,26-Sep-2019,6,2.0
V0140,27-Aug-2019,2,1.8
V0140,27-Jan-2019,9,3.9
V0140,27-Jun-2019,5,2.4
V0140,27-May-2019,6,2.3
V0140,27-Oct-2019,13,3.6
V0140,28-Jan-2019,15,2.6
V0140,28-Jul-2019,18,3.0
V0140,28-Jun-2019,2,2.2
V0140,28-May-2019,2,4.1
V0140,28-Oct-2019,12,3.8
V0140,28-Sep-2019,5,3.9
V0140,29-Aug-2019,18,2.8
V0140,29-Jul-2019,10,3.6
V0140,29-Jun-2019,6,2.1
V0140,29-Oct-2019,3,1.8
V0140,29-Sep-2019,17,1.8
V0140,30-Jan-2019,5,3.2
V0140,30-Jul-2019,9,2.9
V0140,30-Jun-2019,22,3.0
V0140,30-May-2019,2,1.8
V0140,30-Sep-2019,10,2.8
V0140,31-Jul-2019,5,3.5
V0140,31-Oct-2019,4,2.9
V0146,01-Dec-2019,4,3.6
V0146,01-Jul-2019,10,2.4
V0146,01-Jun-2019,7,3.8
V0146,01-Oct-2018,6,3.2
V0146,01-Sep-2019,11,2.3
V0146,02-Aug-2019,5,2.4
V0146,02-Dec-2018,4,3.3
V0146,02-Jun-2019,18,3.8
V0146,02-Nov-2018,3,2.8
V0146,02-Nov-2019,5,2.4
V0146,02-Oct-2019,14,3.9
V0146,02-Sep-2018,10,3.4
V0146,03-Aug-2018,17,2.9
V0146,03-Aug-2019,2,3.0
V0146,03-Jul-2019,12,2.3
V0146,03-Jun-2019,2,3.3
V0146,03-Nov-2018,7,2.7
V0146,03-Nov-2019,30,4.2
V0146,03-Oct-2018,3,3.0
V0146,03-Oct-2019,14,3.0
V0146,04-Aug-2019,8,3.2
V0146,04-Jul-2019,8,4.0
V0146,04-Nov-2018,8,3.7
V0146,04-Nov-2019,8,2.9
V0146,04-Oct-2018,16,3.5
V0146,04-Oct-2019,11,3.2
V0146,05-Jul-2019,20,3.0
V0146,05-Jun-2019,3,2.3
V0146,05-Nov-2018,9,2.9
V0146,05-Oct-2018,8,2.4
V0146,05-Oct-2019,25,4.0
V0146,05-Sep-2018,8,2.6
V0146,05-Sep-2019,2,4.1
V0146,06-Jul-2019,17,3.1
V0146,06-Nov-2019,28,3.3
V0146,06-Oct-2019,14,3.1
V0146,06-Sep-2019,5,2.1
V0146,07-Dec-2018,8,2.7
V0146,07-Dec-2019,15,2.0
V0146,07-Jul-2019,28,3.3
V0146,07-Nov-2018,2,2.9
V0146,07-Oct-2018,3,3.7
V0146,07-Oct-2019,3,2.3
V0146,07-Sep-2019,4,2.2
V0146,08-Jul-2019,8,2.8
V0146,08-Jun-2019,9,4.0
V0146,08-Nov-2018,3,3.5
V0146,08-Nov-2019,17,2.8
V0146,08-Sep-2018,4,3.0
V0146,08-Sep-2019,10,2.0
V0146,09-Dec-2018,11,4.2
V0146,09-Jun-2019,4,3.4
V0146,09-Nov-2018,14,2.5
V0146,09-Nov-2019,14,3.2
V0146,09-Oct-2019,7,2.1
V0146,09-Sep-2018,12,4.1
V0146,09-Sep-2019,6,2.2
V0146,10-Aug-2018,6,3.4
V0146,10-Aug-2019,17,2.4
V0146,10-Jul-2019,22,3.5
V0146,10-Jun-2019,21,3.7
V0146,10-Nov-2019,16,3.4
V0146,10-Oct-2019,13,3.3
V0146,11-Aug-2018,5,3.9
V0146,11-Aug-2019,17,2.0
V0146,11-Jul-2019,20,2.6
V0146,11-Nov-2019,9,2.4
V0146,11-Oct-2018,14,4.2
V0146,11-Oct-2019,9,2.7
V0146,12-Aug-2018,5,3.6
V0146,12-Aug-2019,6,3.4
V0146,12-Dec-2018,9,2.3
V0146,12-Jul-2019,24,2.4
V0146,12-Oct-2019,16,2.5
V0146,12-Sep-2019,4,2.8
V0146,13-Aug-2018,13,2.4
V0146,13-Dec-2018,3,1.8
V0146,13-Jul-2019,28,3.9
V0146,13-Jun-2019,14,4.1
V0146,13-Nov-2019,15,2.6
V0146,13-Oct-2019,8,2.6
V0146,13-Sep-2019,15,1.8
V0146,14-Aug-2019,2,3.4
V0146,14-Jul-2019,14,3.8
V0146,14-Nov-2018,3,2.2
V0146,14-Nov-2019,5,2.2
V0146,14-Oct-2018,2,3.7
V0146,14-Oct-2019,10,3.3
V0146,14-Sep-2018,2,1.9
V0146,14-Sep-2019,10,3.3
V0146,15-Aug-2018,2,2.5
V0146,15-Aug-2019,55,2.7
V0146,15-Jul-2019,15,3.6
V0146,15-Jun-2019,14,3.7
V0146,15-Nov-2018,6,2.8
V0146,15-Nov-2019,28,4.1
V0146,15-Sep-2019,12,2.8
V0146,16-Aug-2019,2,3.7
V0146,16-Jun-2019,23,3.0
V0146,16-Nov-2018,4,4.0
V0146,16-Nov-2019,8,4.0
V0146,16-Oct-2019,15,2.0
V0146,16-Sep-2019,20,4.0
V0146,17-Aug-2018,8,3.8
V0146,17-Aug-2019,3,3.7
V0146,17-Dec-2018,14,2.3
V0146,17-Jul-2019,19,3.7
V0146,17-Jun-2019,12,3.8
V0146,17-Nov-2018,5,2.5
V0146,17-Nov-2019,2,4.1
V0146,17-Oct-2018,2,1.9
V0146,17-Oct-2019,3,2.2
V0146,18-Aug-2019,18,3.1
V0146,18-Jul-2019,21,3.2
V0146,18-May-2019,4,3.3
V0146,18-Nov-2018,2,1.8
V0146,18-Nov-2019,4,4.1
V0146,18-Oct-2018,15,1.9
V0146,18-Oct-2019,24,2.1
V0146,19-Dec-2018,27,1.8
V0146,19-Jul-2019,15,3.2
V0146,19-May-2019,17,4.0
V0146,19-Oct-2018,19,3.4
V0146,19-Oct-2019,5,3.8
V0146,19-Sep-2019,13,1.8
V0146,20-Jul-2019,12,3.1
V0146,20-Jun-2019,21,2.9
V0146,20-May-2019,2,3.0
V0146,20-Oct-2019,21,2.0
V0146,21-Jul-2019,12,3.4
V0146,21-Nov-2019,2,3.0
V0146,21-Oct-2019,19,3.6
V0146,21-Sep-2019,4,3.0
V0146,22-Aug-2018,4,2.2
V0146,22-Aug-2019,10,3.4
V0146,22-Jun-2019,18,2.2
V0146,22-May-2019,9,3.9
V0146,22-Oct-2018,4,3.3
V0146,22-Sep-2019,45,2.2
V0146,23-Jun-2019,19,4.1
V0146,23-Nov-2019,4,3.0
V0146,23-Oct-2019,4,2.0
V0146,23-Sep-2018,19,3.3
V0146,23-Sep-2019,3,2.4
V0146,24-Aug-2019,18,3.7
V0146,24-May-2019,5,3.8
V0146,24-Sep-2018,3,4.1
V0146,25-Aug-2018,14,3.0
V0146,25-Aug-2019,16,2.9
V0146,25-May-2019,4,3.6
V0146,25-Oct-2018,9,2.1
V0146,25-Oct-2019,24,3.1
V0146,26-Aug-2018,23,3.1
V0146,26-Aug-2019,9,2.0
V0146,26-Jul-2019,3,2.8
V0146,26-Jun-2019,30,3.8
V0146,26-May-2019,6,3.9
V0146,26-Oct-2019,20,2.0
V0146,26-Sep-2019,4,2.0
V0146,27-Aug-2018,3,2.4
V0146,27-Jun-2019,12,3.9
V0146,27-Nov-2019,23,2.1
V0146,27-Oct-2018,15,3.5
V0146,27-Oct-2019,15,2.0
V0146,27-Sep-2018,5,3.3
V0146,27-Sep-2019,5,2.7
V0146,28-Jul-2019,7,3.7
V0146,28-Jun-2019,13,2.4
V0146,28-Nov-2018,2,3.3
V0146,28-Oct-2018,17,2.4
V0146,28-Sep-2019,5,3.5
V0146,29-Aug-2019,6,3.9
V0146,29-Jul-2018,10,2.1
V0146,29-Jul-2019,2,3.9
V0146,29-Jun-2019,16,3.2
V0146,29-Nov-2019,8,2.1
V0146,29-Sep-2019,18,2.8
V0146,30-Aug-2019,12,2.2
V0146,30-Jun-2019,35,3.5
V0146,30-May-2019,7,3.6
V0146,30-Oct-2019,18,2.1
V0146,30-Sep-2019,22,3.0
V0146,31-Aug-2019,11,3.8
V0146,31-May-2019,6,4.0
V0146,31-Oct-2018,14,3.0
V0146,31-Oct-2019,6,4.1
V0147,01-Jul-2019,22,3.1
V0147,02-Aug-2019,4,2.7
V0147,02-Jul-2019,7,3.8
V0147,02-Jun-2019,2,3.0
V0147,02-Sep-2019,9,2.9
V0147,03-Jul-2019,3,3.0
V0147,03-Jun-2019,6,3.8
V0147,03-Nov-2019,5,3.8
V0147,03-Oct-2019,5,2.8
V0147,03-Sep-2019,4,2.6
V0147,04-Aug-2019,9,3.0
V0147,04-Oct-2019,5,3.2
V0147,05-Aug-2019,13,2.4
V0147,05-Jul-2019,10,3.7
V0147,05-Oct-2019,6,3.0
V0147,05-Sep-2019,2,2.6
V0147,06-Jul-2019,6,2.1
V0147,07-Jul-2019,18,2.4
V0147,07-Jun-2019,8,4.1
V0147,07-Nov-2019,7,2.5
V0147,07-Sep-2019,2,2.2
V0147,08-Jul-2019,27,2.9
V0147,08-Jun-2019,7,2.5
V0147,08-Oct-2019,2,1.9
V0147,08-Sep-2019,9,2.6
V0147,09-Jul-2019,2,3.1
V0147,09-Jun-2019,9,3.1
V0147,09-Sep-2019,7,2.7
V0147,10-Aug-2019,2,2.9
V0147,10-Jun-2019,19,4.1
V0147,10-Nov-2019,19,2.7
V0147,10-Sep-2019,10,2.4
V0147,11-Aug-2019,4,2.4
V0147,11-Jul-2019,10,2.9
V0147,11-Jun-2019,6,3.6
V0147,11-Nov-2019,8,2.3
V0147,12-Oct-2019,7,3.5
V0147,13-Aug-2019,3,1.9
V0147,13-Jul-2019,30,2.8
V0147,13-Jun-2019,4,3.7
V0147,13-Oct-2019,22,2.6
V0147,13-Sep-2019,4,3.2
V0147,14-Jul-2019,22,2.3
V0147,14-Jun-2019,5,3.6
V0147,14-Oct-2019,14,1.9
V0147,15-Jul-2019,17,3.8
V0147,15-Oct-2019,3,2.3
V0147,15-Sep-2019,6,3.9
V0147,16-Aug-2019,5,2.6
V0147,16-Jul-2019,2,3.5
V0147,16-Jun-2019,9,2.6
V0147,16-Sep-2019,4,4.0
V0147,17-Aug-2019,5,2.1
V0147,17-Jun-2019,17,2.2
V0147,17-Nov-2019,5,3.0
V0147,17-Sep-2019,2,2.0
V0147,18-Aug-2019,6,2.3
V0147,18-Jul-2019,8,4.1
V0147,18-Jun-2019,6,4.1
V0147,18-Nov-2019,5,2.7
V0147,18-Oct-2019,9,4.0
V0147,19-Aug-2019,12,3.1
V0147,19-Jul-2019,23,2.4
V0147,19-May-2019,2,3.5
V0147,20-Jul-2019,13,3.4
V0147,20-May-2019,16,4.2
V0147,20-Oct-2019,13,2.4
V0147,20-Sep-2019,2,3.4
V0147,21-Jan-2019,14,1.9
V0147,21-Jul-2019,23,2.1
V0147,21-May-2019,11,1.8
V0147,21-Nov-2019,7,4.2
V0147,22-Aug-2019,2,3.7
V0147,22-Jul-2019,23,3.7
V0147,22-Sep-2019,7,3.0
V0147,23-Jul-2019,18,2.5
V0147,23-Jun-2019,4,2.2
V0147,23-Sep-2019,8,2.5
V0147,24-Aug-2019,4,2.7
V0147,24-Jul-2019,24,3.6
V0147,24-Jun-2019,23,3.1
V0147,24-Sep-2019,10,2.0
V0147,25-Jan-2019,3,1.8
V0147,25-Jul-2019,24,2.0
V0147,25-May-2019,4,2.8
V0147,25-Nov-2019,4,4.0
V0147,26-Aug-2019,13,3.3
V0147,26-May-2019,3,3.7
V0147,26-Oct-2019,15,2.9
V0147,27-Aug-2019,5,2.7
V0147,27-May-2019,16,2.1
V0147,27-Oct-2019,8,3.9
V0147,28-Oct-2019,4,3.7
V0147,29-Aug-2019,7,2.2
V0147,29-Jul-2019,3,3.0
V0147,29-Sep-2019,8,3.0
V0147,30-May-2019,2,3.3
V0148,01-Aug-2019,30,4.1
V0148,01-Dec-2018,3,3.2
V0148,01-Dec-2019,26,3.1
V0148,01-Jan-2019,11,1.9
V0148,01-Jul-2019,65,2.0
V0148,01-Jun-2019,17,2.2
V0148,01-Nov-2018,33,1.9
V0148,01-Nov-2019,22,3.6
V0148,01-Oct-2018,33,3.5
V0148,01-Oct-2019,18,2.1
V0148,01-Sep-2018,20,3.8
V0148,01-Sep-2019,37,2.2
V0148,02-Aug-2019,9,2.5
V0148,02-Dec-2018,26,2.4
V0148,02-Dec-2019,6,2.7
V0148,02-Feb-2019,15,2.4
V0148,02-Jul-2019,53,3.0
V0148,02-Jun-2019,3,2.8
V0148,02-Nov-2019,6,4.2
V0148,02-Oct-2018,60,1.9
V0148,02-Oct-2019,27,2.1
V0148,02-Sep-2018,18,1.9
V0148,02-Sep-2019,23,3.3
V0148,03-Aug-2018,3,1.9
V0148,03-Aug-2019,20,3.8
V0148,03-Dec-2018,16,3.0
V0148,03-Feb-2019,42,3.1
V0148,03-Jun-2019,21,3.1
V0148,03-Nov-2019,11,2.2
V0148,03-Oct-2018,45,2.3
V0148,03-Oct-2019,8,2.6
V0148,03-Sep-2018,22,3.2
V0148,03-Sep-2019,12,2.3
V0148,04-Aug-2018,28,2.1
V0148,04-Aug-2019,25,4.1
V0148,04-Dec-2018,5,1.9
V0148,04-Feb-2019,42,3.7
V0148,04-Jul-2019,24,3.7
V0148,04-Nov-2018,24,2.5
V0148,04-Nov-2019,26,2.1
V0148,04-Oct-2018,19,2.1
V0148,04-Oct-2019,21,3.5
V0148,04-Sep-2019,7,3.3
V0148,05-Aug-2018,5,3.7
V0148,05-Aug-2019,47,4.0
V0148,05-Feb-2019,24,3.5
V0148,05-Jan-2019,8,2.2
V0148,05-Jul-2019,41,2.4
V0148,05-Nov-2018,43,3.8
V0148,05-Nov-2019,24,2.3
V0148,05-Oct-2018,11,2.0
V0148,05-Oct-2019,23,3.5
V0148,05-Sep-2018,5,2.8
V0148,05-Sep-2019,7,4.0
V0148,06-Aug-2018,45,3.4
V0148,06-Dec-2018,9,2.0
V0148,06-Feb-2019,11,4.1
V0148,06-Jan-2019,26,2.4
V0148,06-Jul-2019,41,2.6
V0148,06-Jun-2019,20,2.8
V0148,06-Nov-2018,4,1.9
V0148,06-Oct-2018,28,3.0
V0148,06-Oct-2019,12,2.1
V0148,06-Sep-2018,23,2.8
V0148,06-Sep-2019,27,2.6
V0148,07-Aug-2018,9,3.7
V0148,07-Aug-2019,7,3.7
V0148,07-Dec-2018,10,2.2
V0148,07-Jan-2019,36,2.7
V0148,07-Jul-2019,64,2.7
V0148,07-Jun-2019,4,2.2
V0148,07-Nov-2019,12,3.7
V0148,07-Oct-2018,33,3.5
V0148,07-Oct-2019,60,2.3
V0148,07-Sep-2018,38,2.7
V0148,07-Sep-2019,5,2.1
V0148,08-Aug-2018,16,3.3
V0148,08-Aug-2019,29,2.1
V0148,08-Dec-2018,16,4.2
V0148,08-Jul-2019,80,3.7
V0148,08-Jun-2019,4,2.7
V0148,08-Nov-2018,11,3.2
V0148,08-Nov-2019,17,4.0
V0148,08-Oct-2018,42,3.1
V0148,08-Oct-2019,9,2.2
V0148,08-Sep-2018,2,2.7
V0148,08-Sep-2019,24,3.8
V0148,09-Aug-2019,6,3.3
V0148,09-Dec-2018,28,3.4
V0148,09-Jul-2019,23,3.9
V0148,09-Jun-2019,25,3.9
V0148,09-Nov-2018,10,4.0
V0148,09-Nov-2019,15,2.0
V0148,09-Oct-2018,79,3.1
V0148,09-Oct-2019,42,3.6
V0148,09-Sep-2018,35,3.6
V0148,09-Sep-2019,37,3.3
V0148,10-Aug-2018,8,2.2
V0148,10-Dec-2018,33,3.7
V0148,10-Jan-2019,5,3.5
V0148,10-Jun-2019,44,2.0
V0148,10-Nov-2018,33,2.9
V0148,10-Nov-2019,40,2.2
V0148,10-Oct-2018,20,2.6
V0148,10-Sep-2018,35,1.8
V0148,10-Sep-2019,14,2.8
V0148,11-Aug-2018,19,3.1
V0148,11-Aug-2019,36,3.3
V0148,11-Dec-2018,36,3.4
V0148,11-Jan-2019,37,3.8
V0148,11-Jul-2019,24,2.3
V0148,11-Jun-2019,16,2.1
V0148,11-Nov-2018,37,3.8
V0148,11-Nov-2019,31,2.2
V0148,11-Oct-2018,20,4.1
V0148,11-Oct-2019,8,3.8
V0148,11-Sep-2018,35,3.0
V0148,11-Sep-2019,12,4.2
V0148,12-Aug-2018,7,2.0
V0148,12-Aug-2019,37,2.5
V0148,12-Jan-2019,2,3.3
V0148,12-Jul-2019,32,2.6
V0148,12-Nov-2018,41,4.0
V0148,12-Nov-2019,22,2.0
V0148,12-Oct-2018,41,3.1
V0148,12-Oct-2019,12,3.2
V0148,12-Sep-2018,9,3.4
V0148,12-Sep-2019,16,2.4
V0148,13-Aug-2018,37,2.7
V0148,13-Aug-2019,9,3.8
V0148,13-Dec-2018,9,2.3
V0148,13-Jan-2019,37,3.8
V0148,13-Jul-2019,41,3.2
V0148,13-Jun-2019,13,3.6
V0148,13-Nov-2018,41,3.5
V0148,13-Nov-2019,3,2.3
V0148,13-Oct-2018,13,3.2
V0148,13-Oct-2019,41,3.9
V0148,13-Sep-2018,11,2.8
V0148,13-Sep-2019,21,4.1
V0148,14-Aug-2018,20,2.9
V0148,14-Aug-2019,10,2.1
V0148,14-Dec-2018,30,2.7
V0148,14-Jan-2019,50,4.1
V0148,14-Jul-2019,34,2.6
V0148,14-Jun-2019,40,3.9
V0148,14-Nov-2019,11,3.9
V0148,14-Oct-2018,69,2.6
V0148,14-Oct-2019,44,2.0
V0148,14-Sep-2018,35,3.5
V0148,14-Sep-2019,4,2.5
V0148,15-Aug-2018,5,3.7
V0148,15-Aug-2019,15,2.9
V0148,15-Dec-2018,9,3.0
V0148,15-Jan-2019,14,3.7
V0148,15-Jul-2019,45,2.7
V0148,15-Jun-2019,10,2.9
V0148,15-Nov-2018,12,2.7
V0148,15-Nov-2019,28,2.7
V0148,15-Oct-2018,65,3.1
V0148,15-Oct-2019,18,3.7
V0148,15-Sep-2018,11,2.7
V0148,15-Sep-2019,43,3.1
V0148,16-Aug-2018,42,3.4
V0148,16-Aug-2019,33,2.4
V0148,16-Dec-2018,22,2.5
V0148,16-Jan-2019,2,4.0
V0148,16-Jul-2019,21,3.5
V0148,16-Jun-2019,11,3.2
V0148,16-Nov-2018,19,3.4
V0148,16-Oct-2018,3,1.9
V0148,16-Oct-2019,5,3.3
V0148,16-Sep-2018,28,3.0
V0148,16-Sep-2019,46,3.1
V0148,17-Aug-2019,16,2.7
V0148,17-Dec-2018,18,2.0
V0148,17-Jul-2019,37,2.3
V0148,17-Jun-2019,36,4.1
V0148,17-Nov-2018,31,2.8
V0148,17-Nov-2019,28,2.9
V0148,17-Oct-2018,12,1.9
V0148,17-Oct-2019,14,1.9
V0148,17-Sep-2018,59,3.5
V0148,17-Sep-2019,10,3.1
V0148,18-Aug-2018,4,3.0
V0148,18-Aug-2019,25,2.4
V0148,18-Jan-2019,22,3.6
V0148,18-Jul-2019,43,2.2
V0148,18-Jun-2019,9,2.3
V0148,18-May-2019,15,2.9
V0148,18-Nov-2018,4,2.5
V0148,18-Nov-2019,16,2.4
V0148,18-Oct-2018,24,3.3
V0148,18-Oct-2019,66,3.4
V0148,18-Sep-2018,12,3.8
V0148,18-Sep-2019,29,2.8
V0148,19-Aug-2018,49,2.0
V0148,19-Aug-2019,44,2.5
V0148,19-Dec-2018,11,4.2
V0148,19-Jan-2019,9,3.2
V0148,19-Jul-2019,45,3.5
V0148,19-May-2019,14,1.8
V0148,19-Nov-2018,20,3.0
V0148,19-Nov-2019,26,1.9
V0148,19-Oct-2018,19,3.2
V0148,19-Oct-2019,21,4.0
V0148,19-Sep-2018,4,4.1
V0148,19-Sep-2019,10,3.1
V0148,20-Aug-2018,38,2.9
V0148,20-Aug-2019,11,4.1
V0148,20-Jan-2019,41,3.4
V0148,20-Jul-2019,65,2.0
V0148,20-Jun-2019,37,2.9
V0148,20-May-2019,17,2.4
V0148,20-Nov-2018,24,2.9
V0148,20-Nov-2019,4,2.9
V0148,20-Oct-2019,23,3.2
V0148,20-Sep-2018,4,2.7
V0148,20-Sep-2019,13,2.2
V0148,21-Aug-2018,5,3.0
V0148,21-Aug-2019,10,3.8
V0148,21-Dec-2018,10,3.4
V0148,21-Jan-2019,36,2.6
V0148,21-Jul-2019,79,4.0
V0148,21-Jun-2019,8,4.0
V0148,21-May-2019,19,2.3
V0148,21-Nov-2018,2,1.9
V0148,21-Nov-2019,45,3.6
V0148,21-Oct-2018,8,3.8
V0148,21-Oct-2019,23,4.1
V0148,21-Sep-2018,9,3.9
V0148,21-Sep-2019,5,3.2
V0148,22-Aug-2018,14,3.1
V0148,22-Aug-2019,7,1.9
V0148,22-Dec-2018,21,2.4
V0148,22-Jan-2019,15,2.9
V0148,22-Jul-2019,23,3.3
V0148,22-Nov-2018,42,3.1
V0148,22-Oct-2018,10,3.6
V0148,22-Oct-2019,16,2.5
V0148,22-Sep-2018,8,3.2
V0148,22-Sep-2019,15,2.0
V0148,23-Aug-2018,2,2.8
V0148,23-Aug-2019,2,3.6
V0148,23-Dec-2018,33,3.5
V0148,23-Jun-2019,36,4.2
V0148,23-May-2019,13,2.5
V0148,23-Nov-2018,31,3.0
V0148,23-Nov-2019,11,2.6
V0148,23-Oct-2018,6,2.9
V0148,23-Oct-2019,17,3.9
V0148,23-Sep-2018,29,3.4
V0148,23-Sep-2019,31,3.9
V0148,24-Aug-2018,3,2.3
V0148,24-Dec-2018,21,3.9
V0148,24-Jan-2019,25,1.9
V0148,24-Jul-2018,11,3.9
V0148,24-Jul-2019,42,2.6
V0148,24-Jun-2019,71,2.6
V0148,24-May-2019,12,3.0
V0148,24-Nov-2018,9,4.1
V0148,24-Oct-2018,11,1.9
V0148,24-Oct-2019,10,2.6
V0148,24-Sep-2018,36,3.9
V0148,24-Sep-2019,5,2.8
V0148,25-Aug-2018,6,2.3
V0148,25-Aug-2019,16,2.8
V0148,25-Dec-2018,3,2.7
V0148,25-Jan-2019,2,4.0
V0148,25-Jul-2018,19,3.6
V0148,25-Jul-2019,30,3.0
V0148,25-Jun-2019,2,4.2
V0148,25-Nov-2018,12,2.9
V0148,25-Oct-2018,15,1.9
V0148,25-Oct-2019,35,2.4
V0148,25-Sep-2018,37,2.8
V0148,25-Sep-2019,2,2.2
V0148,26-Aug-2018,7,4.1
V0148,26-Aug-2019,35,3.6
V0148,26-Jan-2019,2,2.4
V0148,26-Jul-2019,12,3.2
V0148,26-May-2019,19,3.5
V0148,26-Nov-2018,39,4.1
V0148,26-Oct-2018,2,3.9
V0148,26-Oct-2019,3,3.0
V0148,26-Sep-2018,17,3.7
V0148,26-Sep-2019,2,3.1
V0148,27-Aug-2018,21,3.1
V0148,27-Aug-2019,6,2.1
V0148,27-Dec-2018,16,2.1
V0148,27-Jan-2019,15,3.1
V0148,27-May-2019,29,2.4
V0148,27-Nov-2018,14,1.9
V0148,27-Nov-2019,4,3.5
V0148,27-Oct-2019,33,1.9
V0148,27-Sep-2019,8,3.2
V0148,28-Aug-2018,18,3.1
V0148,28-Aug-2019,19,4.1
V0148,28-Dec-2018,13,3.0
V0148,28-Jan-2019,36,2.0
V0148,28-Jul-2018,5,3.1
V0148,28-Jul-2019,23,3.8
V0148,28-Jun-2019,9,4.2
V0148,28-Oct-2018,60,2.8
V0148,28-Oct-2019,56,2.6
V0148,28-Sep-2019,2,4.0
V0148,29-Aug-2018,18,2.3
V0148,29-Dec-2018,5,3.3
V0148,29-Jan-2019,12,2.8
V0148,29-Jul-2019,38,1.9
V0148,29-Jun-2019,3,2.6
V0148,29-May-2019,10,2.4
V0148,29-Nov-2018,7,3.4
V0148,29-Oct-2018,48,4.1
V0148,29-Sep-2018,10,2.4
V0148,29-Sep-2019,41,3.7
V0148,30-Aug-2018,5,1.9
V0148,30-Aug-2019,5,3.1
V0148,30-Dec-2018,14,2.0
V0148,30-Jul-2018,22,4.0
V0148,30-Jul-2019,37,3.6
V0148,30-Jun-2019,31,3.4
V0148,30-May-2019,11,3.8
V0148,30-Nov-2018,8,3.4
V0148,30-Oct-2018,2,4.1
V0148,30-Oct-2019,13,3.5
V0148,30-Sep-2018,50,4.0
V0148,30-Sep-2019,26,3.0
V0148,31-Aug-2018,15,2.1
V0148,31-Aug-2019,16,3.1
V0148,31-Dec-2018,30,2.1
V0148,31-Jan-2019,10,3.2
V0148,31-Jul-2018,21,3.0
V0148,31-Jul-2019,3,3.3
V0148,31-Oct-2019,8,1.8
V0149,01-Sep-2019,11,2.3
V0149,02-Jun-2019,5,3.0
V0149,02-Nov-2019,6,4.1
V0149,03-Aug-2019,12,2.7
V0149,03-Jul-2019,69,2.8
V0149,04-Aug-2019,21,3.5
V0149,05-Jul-2019,20,3.2
V0149,06-Jul-2019,37,2.5
V0149,07-Aug-2019,29,2.8
V0149,07-Jul-2019,35,2.3
V0149,07-Jun-2019,13,4.1
V0149,08-Jul-2019,22,2.1
V0149,08-Jun-2019,5,2.7
V0149,09-Aug-2019,17,1.9
V0149,09-Sep-2019,30,2.3
V0149,10-Jul-2019,22,3.7
V0149,11-Jul-2019,66,2.3
V0149,12-Jul-2019,76,2.0
V0149,12-Jun-2019,13,2.9
V0149,13-Jul-2019,76,1.8
V0149,13-Sep-2019,2,2.0
V0149,14-Jul-2019,33,3.7
V0149,14-Oct-2019,3,3.7
V0149,16-Jun-2019,32,4.0
V0149,17-Jul-2019,48,3.9
V0149,17-Jun-2019,46,3.4
V0149,18-Aug-2019,13,1.9
V0149,18-Jul-2019,22,3.7
V0149,19-Jul-2019,108,3.8
V0149,19-Jun-2019,5,3.7
V0149,20-Jun-2019,11,3.0
V0149,21-Aug-2019,26,2.4
V0149,22-Aug-2019,30,3.8
V0149,22-Jun-2019,14,3.5
V0149,23-Jun-2019,31,4.2
V0149,23-Oct-2019,12,2.2
V0149,25-Oct-2019,17,2.3
V0149,26-Jun-2019,20,2.3
V0149,26-Sep-2019,3,3.7
V0149,27-Jun-2019,11,2.2
V0149,28-Jun-2019,26,2.0
V0149,29-Jun-2019,10,4.2
V0149,30-Jun-2019,44,1.9
V0152,01-Jul-2019,6,3.8
V0152,01-Sep-2019,8,2.7
V0152,02-Sep-2019,2,3.8
V0152,03-Jul-2019,3,3.1
V0152,03-Jun-2019,19,4.0
V0152,03-Nov-2019,26,4.0
V0152,04-Aug-2019,5,1.8
V0152,04-Jul-2019,5,2.0
V0152,06-Oct-2019,19,2.4
V0152,07-Jul-2019,12,3.4
V0152,07-Nov-2019,23,3.9
V0152,09-Aug-2019,2,2.9
V0152,13-Jul-2019,10,3.3
V0152,13-Jun-2019,20,2.3
V0152,13-Oct-2019,19,3.7
V0152,13-Sep-2019,16,4.1
V0152,14-Aug-2019,5,2.4
V0152,14-Jul-2019,13,3.0
V0152,15-Sep-2019,16,2.0
V0152,16-Aug-2019,10,3.1
V0152,16-Jun-2019,4,3.0
V0152,16-Oct-2019,17,2.1
V0152,17-Jul-2019,10,2.9
V0152,17-Nov-2019,11,2.6
V0152,18-Aug-2019,19,3.1
V0152,18-Oct-2019,8,3.2
V0152,20-May-2019,7,1.8
V0152,21-Oct-2019,3,3.6
V0152,22-Jun-2019,10,3.5
V0152,23-Jun-2019,17,2.7
V0152,23-May-2019,7,1.9
V0152,24-Jun-2019,13,3.6
V0152,24-May-2019,12,4.1
V0152,24-Oct-2019,2,2.4
V0152,26-Aug-2019,15,2.6
V0152,26-May-2019,8,2.2
V0152,27-May-2019,11,3.2
V0152,27-Sep-2019,6,2.2
V0152,28-Jun-2019,3,2.7
V0152,28-Oct-2019,8,3.5
V0152,29-Sep-2019,5,3.1
V0152,30-Oct-2019,13,2.7
V0152,30-Sep-2019,4,2.8
V0152,31-May-2019,21,3.1
V0153,01-Oct-2019,25,1.8
V0153,01-Sep-2019,8,2.0
V0153,02-Aug-2019,3,3.9
V0153,02-Jun-2019,7,2.0
V0153,02-Nov-2019,2,3.5
V0153,02-Oct-2019,29,4.0
V0153,02-Sep-2019,7,2.4
V0153,03-Aug-2019,2,2.7
V0153,03-Jun-2019,4,3.2
V0153,03-Nov-2019,24,3.9
V0153,03-Sep-2019,2,4.1
V0153,04-Aug-2019,2,3.6
V0153,04-Nov-2019,9,2.0
V0153,04-Sep-2019,15,3.4
V0153,05-Aug-2019,12,2.8
V0153,05-Jun-2019,12,2.9
V0153,05-Nov-2019,10,1.9
V0153,05-Oct-2019,18,2.3
V0153,06-Aug-2019,2,3.7
V0153,06-Oct-2019,26,2.9
V0153,07-Aug-2019,9,2.5
V0153,07-Jul-2019,20,2.7
V0153,07-Oct-2019,9,3.9
V0153,07-Sep-2019,2,3.6
V0153,08-Aug-2019,2,2.5
V0153,08-Jul-2019,11,2.1
V0153,08-Jun-2019,21,2.4
V0153,08-Sep-2019,18,4.0
V0153,09-Aug-2019,2,3.2
V0153,09-Jul-2019,5,3.1
V0153,09-Jun-2019,6,3.2
V0153,09-Nov-2019,6,2.7
V0153,09-Sep-2019,14,3.7
V0153,10-Jul-2019,6,3.1
V0153,10-Nov-2019,25,2.1
V0153,10-Sep-2019,11,2.1
V0153,11-Aug-2019,7,3.1
V0153,11-Jul-2019,24,4.0
V0153,11-Nov-2019,24,2.5
V0153,12-Aug-2019,31,3.9
V0153,12-Jul-2019,20,3.6
V0153,12-Oct-2019,2,2.4
V0153,13-Jul-2019,30,1.9
V0153,13-Oct-2019,17,2.0
V0153,14-Aug-2019,7,3.5
V0153,14-Jul-2019,4,2.3
V0153,14-Jun-2019,9,2.7
V0153,14-Oct-2019,27,3.0
V0153,14-Sep-2019,7,3.5
V0153,15-Jul-2019,24,2.1
V0153,15-Sep-2019,20,2.8
V0153,16-Jul-2019,11,3.0
V0153,16-Sep-2019,22,3.1
V0153,17-Jul-2019,21,3.8
V0153,17-Jun-2019,4,2.2
V0153,17-Oct-2019,6,3.7
V0153,17-Sep-2019,8,3.5
V0153,18-Aug-2019,7,3.1
V0153,18-Jun-2019,2,3.5
V0153,18-Sep-2019,7,2.8
V0153,19-Aug-2019,19,2.1
V0153,19-Jul-2019,3,3.4
V0153,19-May-2019,4,3.1
V0153,20-Jul-2019,13,3.3
V0153,20-May-2019,2,2.6
V0153,20-Oct-2019,31,4.0
V0153,21-Jul-2019,22,3.2
V0153,21-Jun-2019,15,2.0
V0153,21-May-2019,12,2.9
V0153,21-Oct-2019,6,3.6
V0153,21-Sep-2019,19,3.7
V0153,22-Jun-2019,6,3.0
V0153,22-May-2019,6,3.9
V0153,22-Sep-2019,22,2.4
V0153,23-Oct-2019,19,2.8
V0153,23-Sep-2019,16,4.0
V0153,24-Jun-2019,16,4.0
V0153,24-May-2019,9,3.4
V0153,24-Sep-2019,12,3.9
V0153,25-Aug-2019,4,2.0
V0153,25-Jun-2019,2,3.9
V0153,25-Oct-2019,2,2.6
V0153,25-Sep-2019,2,2.2
V0153,26-Aug-2019,4,2.4
V0153,26-May-2019,11,2.8
V0153,26-Oct-2019,2,2.4
V0153,27-Jul-2019,4,2.6
V0153,27-May-2019,2,2.1
V0153,27-Oct-2019,16,2.5
V0153,28-Oct-2019,4,3.2
V0153,28-Sep-2019,10,2.9
V0153,29-Aug-2019,10,2.6
V0153,29-May-2019,2,3.6
V0153,29-Oct-2019,4,3.9
V0153,29-Sep-2019,16,3.6
V0153,30-Jul-2019,4,2.6
V0153,30-Jun-2019,5,3.6
V0153,30-May-2019,6,2.2
V0153,30-Sep-2019,6,2.1
V0153,31-Jul-2019,4,2.6
V0153,31-May-2019,12,3.7
V0154,01-Aug-2019,4,2.4
V0154,01-Jul-2019,13,2.0
V0154,01-Nov-2018,9,2.1
V0154,01-Nov-2019,2,3.9
V0154,01-Oct-2018,17,3.3
V0154,01-Oct-2019,4,2.4
V0154,02-Aug-2018,14,3.1
V0154,02-Jun-2019,11,3.1
V0154,02-Oct-2018,5,3.4
V0154,02-Sep-2018,12,2.4
V0154,02-Sep-2019,4,3.9
V0154,03-Jul-2019,6,2.5
V0154,03-Jun-2019,4,3.5
V0154,03-Nov-2019,9,1.8
V0154,03-Oct-2018,5,2.7
V0154,04-Aug-2019,10,2.6
V0154,04-Jul-2019,6,3.1
V0154,04-Jun-2019,2,2.0
V0154,04-Nov-2019,16,3.7
V0154,04-Oct-2018,7,2.3
V0154,04-Oct-2019,2,3.4
V0154,04-Sep-2019,8,3.7
V0154,05-Aug-2018,10,3.1
V0154,05-Aug-2019,18,3.6
V0154,05-Jul-2019,15,3.4
V0154,05-Jun-2019,4,2.7
V0154,05-Nov-2018,4,3.7
V0154,05-Oct-2018,5,2.5
V0154,05-Sep-2018,2,3.2
V0154,05-Sep-2019,2,3.6
V0154,06-Aug-2019,2,2.7
V0154,06-Jul-2019,19,2.5
V0154,06-Jun-2019,10,2.9
V0154,06-Nov-2018,2,3.8
V0154,06-Nov-2019,2,4.0
V0154,06-Oct-2019,7,3.1
V0154,07-Aug-2019,5,3.4
V0154,07-Jul-2019,14,4.0
V0154,07-Nov-2018,9,2.0
V0154,07-Nov-2019,5,2.4
V0154,07-Oct-2018,8,3.5
V0154,07-Oct-2019,12,3.8
V0154,08-Jul-2019,14,3.9
V0154,08-Nov-2019,2,2.8
V0154,08-Oct-2018,11,2.0
V0154,08-Oct-2019,4,2.9
V0154,08-Sep-2018,4,2.4
V0154,08-Sep-2019,8,2.5
V0154,09-Aug-2018,2,3.7
V0154,09-Jul-2019,3,2.0
V0154,09-Nov-2018,8,3.8
V0154,09-Oct-2018,5,2.8
V0154,09-Sep-2019,12,3.2
V0154,10-Jun-2019,8,2.0
V0154,10-Nov-2019,4,2.6
V0154,10-Sep-2018,4,2.0
V0154,10-Sep-2019,6,4.1
V0154,11-Jul-2019,14,3.7
V0154,11-Jun-2019,8,2.9
V0154,11-Nov-2018,7,2.3
V0154,11-Nov-2019,6,4.0
V0154,11-Oct-2018,5,2.6
V0154,11-Oct-2019,8,2.2
V0154,11-Sep-2019,6,3.2
V0154,12-Aug-2019,17,4.1
V0154,12-Jul-2019,8,1.8
V0154,12-Jun-2019,2,2.4
V0154,12-Nov-2018,11,4.1
V0154,12-Nov-2019,8,2.2
V0154,12-Oct-2018,2,2.1
V0154,12-Sep-2018,2,3.2
V0154,12-Sep-2019,4,3.9
V0154,13-Aug-2018,2,2.9
V0154,13-Aug-2019,3,4.2
V0154,13-Jul-2019,10,3.4
V0154,13-Jun-2019,9,2.0
V0154,13-Nov-2018,3,4.2
V0154,13-Oct-2019,13,2.8
V0154,13-Sep-2018,8,2.5
V0154,13-Sep-2019,7,3.1
V0154,14-Aug-2019,10,2.5
V0154,14-Nov-2019,3,2.0
V0154,14-Oct-2018,6,1.8
V0154,14-Sep-2018,2,2.9
V0154,15-Aug-2018,5,3.8
V0154,15-Aug-2019,2,3.2
V0154,15-Jul-2019,11,4.2
V0154,15-Nov-2018,2,2.5
V0154,15-Oct-2018,2,2.5
V0154,15-Oct-2019,2,2.2
V0154,15-Sep-2019,5,2.2
V0154,16-Aug-2018,7,2.5
V0154,16-Aug-2019,7,3.7
V0154,16-Jul-2019,6,4.0
V0154,16-Jun-2019,3,4.1
V0154,16-Nov-2018,10,2.4
V0154,16-Oct-2018,4,3.9
V0154,16-Oct-2019,5,2.6
V0154,16-Sep-2018,2,2.1
V0154,16-Sep-2019,4,3.9
V0154,17-Aug-2018,4,3.3
V0154,17-Jul-2019,6,2.2
V0154,17-Jun-2019,7,2.8
V0154,17-Oct-2018,3,2.5
V0154,17-Oct-2019,2,3.6
V0154,17-Sep-2018,6,2.9
V0154,18-Aug-2018,4,4.2
V0154,18-Aug-2019,2,1.9
V0154,18-Jul-2019,2,2.7
V0154,18-Jun-2019,2,3.0
V0154,18-Oct-2019,8,3.0
V0154,18-Sep-2018,13,2.6
V0154,19-Aug-2018,6,3.6
V0154,19-Aug-2019,6,3.9
V0154,19-Jul-2019,2,4.1
V0154,19-Jun-2019,4,3.7
V0154,19-May-2019,4,3.8
V0154,19-Nov-2018,6,3.1
V0154,19-Oct-2018,9,3.8
V0154,19-Sep-2018,8,2.5
V0154,19-Sep-2019,10,2.8
V0154,20-Aug-2018,4,2.6
V0154,20-Jul-2019,8,2.9
V0154,20-Jun-2019,2,2.5
V0154,20-May-2019,2,4.1
V0154,20-Oct-2019,6,2.6
V0154,20-Sep-2018,5,2.0
V0154,20-Sep-2019,2,3.1
V0154,21-Aug-2019,2,1.9
V0154,21-Jul-2019,16,2.1
V0154,21-Jun-2019,2,2.3
V0154,21-Oct-2018,3,2.9
V0154,21-Oct-2019,2,2.8
V0154,22-Aug-2019,9,3.7
V0154,22-May-2019,9,3.6
V0154,22-Oct-2018,2,2.8
V0154,22-Oct-2019,2,2.6
V0154,22-Sep-2019,8,2.6
V0154,23-Jun-2019,2,3.7
V0154,23-May-2019,2,1.9
V0154,23-Sep-2018,2,1.8
V0154,23-Sep-2019,4,3.7
V0154,24-Aug-2018,5,2.9
V0154,24-Jun-2019,13,2.1
V0154,24-May-2019,3,2.4
V0154,24-Oct-2018,11,4.0
V0154,24-Oct-2019,4,3.9
V0154,24-Sep-2018,9,3.5
V0154,24-Sep-2019,2,3.0
V0154,25-Aug-2019,8,3.0
V0154,25-Nov-2018,4,4.1
V0154,25-Oct-2018,2,4.1
V0154,25-Oct-2019,2,2.3
V0154,26-Aug-2018,2,3.7
V0154,26-Aug-2019,13,2.3
V0154,26-Jun-2019,4,2.3
V0154,26-May-2019,2,3.4
V0154,26-Nov-2018,12,2.8
V0154,26-Sep-2019,13,4.0
V0154,27-Aug-2018,4,2.0
V0154,27-Jul-2019,14,3.0
V0154,27-Jun-2019,11,4.0
V0154,27-May-2019,12,4.0
V0154,27-Nov-2018,4,2.2
V0154,27-Oct-2018,4,2.7
V0154,27-Oct-2019,10,3.3
V0154,27-Sep-2018,8,2.2
V0154,27-Sep-2019,4,4.1
V0154,28-Aug-2018,2,4.0
V0154,28-Aug-2019,5,2.2
V0154,28-Jul-2019,7,2.1
V0154,28-Jun-2019,4,2.0
V0154,28-May-2019,4,4.0
V0154,28-Nov-2018,2,2.3
V0154,28-Oct-2018,2,2.8
V0154,28-Oct-2019,6,2.9
V0154,28-Sep-2018,2,3.2
V0154,29-Jul-2018,8,2.0
V0154,29-Jul-2019,2,2.3
V0154,29-May-2019,9,4.0
V0154,29-Nov-2018,1,4.0
V0154,29-Oct-2018,4,3.7
V0154,29-Sep-2019,8,1.8
V0154,30-Aug-2018,2,2.6
V0154,30-Jul-2018,6,3.3
V0154,30-Jun-2019,16,2.5
V0154,30-Oct-2018,6,4.0
V0154,30-Oct-2019,9,3.3
V0154,30-Sep-2018,2,2.0
V0154,30-Sep-2019,11,4.0
V0154,31-Aug-2018,2,4.1
V0154,31-Jul-2019,3,2.0
V0154,31-Oct-2018,5,3.1
V0154,31-Oct-2019,4,2.5
V0158,17-Sep-2018,12,2.7
V0161,01-Jul-2019,19,2.2
V0161,01-Jun-2019,2,3.2
V0161,01-Oct-2019,5,4.1
V0161,01-Sep-2019,8,3.0
V0161,02-Jul-2019,17,2.0
V0161,02-Jun-2019,6,3.3
V0161,02-Nov-2019,8,2.6
V0161,02-Oct-2019,13,3.9
V0161,02-Sep-2019,11,2.8
V0161,03-Jul-2019,32,2.3
V0161,03-Jun-2019,33,2.3
V0161,03-Nov-2019,31,3.6
V0161,03-Oct-2019,12,2.4
V0161,03-Sep-2019,7,3.6
V0161,04-Aug-2019,12,2.3
V0161,04-Jul-2019,9,2.6
V0161,04-Jun-2019,9,2.9
V0161,04-Nov-2019,23,4.1
V0161,04-Sep-2019,2,4.0
V0161,05-Aug-2019,29,2.3
V0161,05-Jun-2019,4,2.7
V0161,05-Nov-2019,7,2.2
V0161,05-Oct-2019,6,3.0
V0161,05-Sep-2019,8,2.9
V0161,06-Aug-2019,2,4.0
V0161,06-Jul-2019,8,4.0
V0161,06-Nov-2019,6,2.7
V0161,06-Oct-2019,36,3.0
V0161,07-Jul-2019,44,4.0
V0161,07-Nov-2019,3,3.7
V0161,07-Oct-2019,21,1.8
V0161,07-Sep-2019,10,2.6
V0161,08-Jul-2019,32,2.8
V0161,08-Jun-2019,12,2.4
V0161,08-Oct-2019,32,2.3
V0161,08-Sep-2019,9,1.9
V0161,09-Dec-2019,3,3.3
V0161,09-Jul-2019,15,2.4
V0161,09-Jun-2019,23,1.9
V0161,09-Oct-2019,6,2.4
V0161,09-Sep-2019,42,3.7
V0161,10-Aug-2019,25,3.8
V0161,10-Jul-2019,4,3.0
V0161,10-Jun-2019,40,2.8
V0161,10-Nov-2019,34,4.1
V0161,10-Oct-2019,8,2.3
V0161,10-Sep-2019,16,2.3
V0161,11-Aug-2019,23,2.5
V0161,11-Jul-2019,37,2.2
V0161,11-Jun-2019,8,2.7
V0161,11-Sep-2019,7,4.0
V0161,12-Aug-2019,15,3.3
V0161,12-Jun-2019,2,2.8
V0161,12-Nov-2019,32,4.0
V0161,12-Oct-2019,24,1.9
V0161,12-Sep-2019,22,2.3
V0161,13-Aug-2019,6,3.2
V0161,13-Jul-2019,52,3.3
V0161,13-Jun-2019,13,1.9
V0161,13-Oct-2019,32,2.8
V0161,14-Aug-2019,2,3.4
V0161,14-Jul-2019,20,3.5
V0161,14-Oct-2019,26,3.3
V0161,14-Sep-2019,22,2.6
V0161,15-Aug-2019,8,2.0
V0161,15-Jul-2019,31,2.8
V0161,15-Jun-2019,26,2.1
V0161,15-Oct-2019,5,4.1
V0161,15-Sep-2019,31,2.9
V0161,16-Jul-2019,18,2.6
V0161,16-Jun-2019,44,3.6
V0161,16-Oct-2019,18,3.0
V0161,16-Sep-2019,22,2.5
V0161,17-Aug-2019,4,3.7
V0161,17-Jul-2019,28,3.9
V0161,17-Jun-2019,45,3.4
V0161,17-Nov-2019,17,1.9
V0161,17-Oct-2019,7,3.2
V0161,17-Sep-2019,17,3.6
V0161,18-Aug-2019,22,2.1
V0161,18-Jul-2019,35,2.3
V0161,18-Jun-2019,10,3.9
V0161,18-Nov-2019,5,1.8
V0161,18-Sep-2019,9,3.6
V0161,19-Aug-2019,36,2.9
V0161,19-Jul-2019,31,2.9
V0161,19-Jun-2019,2,1.8
V0161,19-May-2019,12,3.8
V0161,19-Oct-2019,3,2.7
V0161,20-Aug-2019,2,3.1
V0161,20-Jul-2019,38,3.4
V0161,20-Jun-2019,2,3.5
V0161,20-May-2019,27,4.1
V0161,20-Oct-2019,16,3.1
V0161,21-Aug-2019,12,2.8
V0161,21-Jul-2019,31,4.1
V0161,21-Oct-2019,12,3.3
V0161,21-Sep-2019,6,2.5
V0161,22-Aug-2019,6,2.1
V0161,22-Jun-2019,21,3.8
V0161,22-May-2019,3,2.7
V0161,22-Oct-2019,15,3.4
V0161,22-Sep-2019,19,2.9
V0161,23-Jun-2019,14,2.3
V0161,23-Nov-2019,4,3.2
V0161,23-Sep-2019,24,1.9
V0161,24-Aug-2019,2,2.8
V0161,24-Jul-2019,33,3.1
V0161,24-Jun-2019,49,2.8
V0161,24-May-2019,8,3.6
V0161,24-Oct-2019,16,3.8
V0161,24-Sep-2019,18,3.7
V0161,25-Aug-2019,32,1.9
V0161,25-Jul-2019,18,2.3
V0161,25-Jun-2019,2,3.1
V0161,26-Aug-2019,29,4.0
V0161,26-Jul-2019,6,3.8
V0161,26-Jun-2019,10,3.8
V0161,26-May-2019,6,2.5
V0161,26-Sep-2019,36,2.8
V0161,27-Aug-2019,4,2.9
V0161,27-Jul-2019,8,2.2
V0161,27-Jun-2019,30,1.9
V0161,27-May-2019,10,4.1
V0161,27-Oct-2019,17,2.4
V0161,28-Aug-2019,13,2.4
V0161,28-Jul-2019,23,2.0
V0161,28-May-2019,5,4.0
V0161,28-Oct-2019,18,3.2
V0161,28-Sep-2019,33,3.4
V0161,29-Aug-2019,2,4.0
V0161,29-Jul-2019,9,2.6
V0161,29-Jun-2019,16,3.3
V0161,29-May-2019,7,1.9
V0161,29-Oct-2019,12,2.2
V0161,29-Sep-2019,23,3.8
V0161,30-Jun-2019,27,3.6
V0161,30-May-2019,6,2.6
V0161,30-Oct-2019,8,2.7
V0161,30-Sep-2019,16,3.1
V0161,31-Aug-2019,12,1.8
V0161,31-Oct-2019,2,2.4
V0163,01-Jun-2019,4,2.3
V0163,01-Nov-2018,6,2.4
V0163,01-Oct-2018,3,3.7
V0163,02-Jun-2019,8,2.5
V0163,02-Oct-2019,4,2.3
V0163,03-Feb-2019,2,3.0
V0163,03-Oct-2018,2,3.9
V0163,04-Feb-2019,2,2.4
V0163,04-Jan-2019,3,2.0
V0163,05-Jan-2019,2,2.7
V0163,05-Jul-2019,3,3.6
V0163,06-Jan-2019,4,3.1
V0163,06-Jul-2019,8,3.8
V0163,06-Nov-2019,2,4.1
V0163,06-Sep-2019,18,3.7
V0163,07-Jan-2019,6,3.2
V0163,07-Nov-2019,6,3.0
V0163,10-Dec-2018,2,1.9
V0163,10-Nov-2019,18,4.2
V0163,10-Oct-2018,2,2.7
V0163,11-Nov-2018,4,2.2
V0163,12-Feb-2019,8,3.4
V0163,12-Jun-2019,2,2.5
V0163,12-Nov-2019,6,3.2
V0163,13-Feb-2019,2,3.2
V0163,13-Nov-2018,4,2.9
V0163,13-Oct-2018,10,3.8
V0163,14-Jan-2019,8,2.4
V0163,16-Jun-2019,5,2.9
V0163,16-Nov-2018,3,3.1
V0163,16-Nov-2019,2,3.4
V0163,17-Dec-2018,2,3.7
V0163,17-Oct-2018,2,2.7
V0163,18-Nov-2018,4,3.4
V0163,19-May-2019,10,2.2
V0163,19-Nov-2018,8,4.0
V0163,19-Oct-2018,9,2.7
V0163,20-Nov-2018,2,3.6
V0163,21-Aug-2019,2,1.8
V0163,21-Jan-2019,2,2.3
V0163,21-May-2019,4,3.0
V0163,22-May-2019,3,3.9
V0163,22-Oct-2018,13,3.1
V0163,23-Dec-2018,4,4.0
V0163,23-Nov-2018,2,3.0
V0163,24-Dec-2018,4,3.0
V0163,25-Sep-2019,2,2.1
V0163,26-Jan-2019,3,3.7
V0163,26-Nov-2018,2,2.4
V0163,27-May-2019,6,4.0
V0163,28-Nov-2018,5,4.0
V0163,28-Oct-2018,7,4.1
V0163,29-Aug-2018,2,3.0
V0163,29-Jan-2019,4,3.4
V0163,30-Aug-2018,7,3.7
V0163,30-Dec-2018,11,2.1
V0163,31-Aug-2018,2,3.2
V0164,01-Dec-2019,13,1.9
V0164,01-Feb-2019,6,3.0
V0164,01-Jul-2019,11,2.2
V0164,01-Jun-2019,16,2.2
V0164,01-Sep-2019,3,2.7
V0164,02-Feb-2019,7,2.8
V0164,02-Jul-2019,3,3.3
V0164,02-Jun-2019,5,2.0
V0164,02-Oct-2019,3,3.0
V0164,02-Sep-2019,3,2.2
V0164,03-Feb-2019,9,3.2
V0164,03-Jun-2019,15,3.3
V0164,04-Aug-2019,7,3.1
V0164,04-Feb-2019,11,3.6
V0164,04-Jul-2019,1,2.6
V0164,05-Aug-2019,5,3.6
V0164,05-Jul-2019,10,2.8
V0164,05-Jun-2019,2,3.0
V0164,06-Feb-2019,11,3.4
V0164,06-Jul-2019,11,1.8
V0164,06-Jun-2019,3,3.4
V0164,06-Oct-2019,6,3.3
V0164,07-Aug-2019,2,2.5
V0164,07-Feb-2019,2,2.0
V0164,07-Jul-2019,2,2.0
V0164,07-Jun-2019,6,4.0
V0164,07-Oct-2019,8,3.5
V0164,08-Feb-2019,9,2.1
V0164,08-Jul-2019,12,2.7
V0164,08-Jun-2019,5,3.2
V0164,08-Nov-2019,5,3.8
V0164,08-Sep-2019,4,1.9
V0164,09-Feb-2019,8,2.4
V0164,09-Jul-2019,6,3.9
V0164,09-Jun-2019,7,1.8
V0164,09-Oct-2019,2,2.3
V0164,09-Sep-2019,2,4.1
V0164,10-Jun-2019,9,3.3
V0164,10-Nov-2019,1,2.4
V0164,11-Aug-2019,4,2.0
V0164,11-Oct-2019,2,1.9
V0164,11-Sep-2019,2,2.4
V0164,12-Aug-2019,6,3.9
V0164,12-Jul-2019,4,2.8
V0164,12-Jun-2019,10,3.5
V0164,13-Jul-2019,5,4.0
V0164,13-Jun-2019,17,2.8
V0164,14-Jul-2019,10,2.3
V0164,14-Jun-2019,7,3.0
V0164,14-Oct-2019,9,4.0
V0164,15-Aug-2019,5,3.7
V0164,15-Jul-2019,6,2.0
V0164,15-Jun-2019,11,3.5
V0164,15-Sep-2019,6,3.2
V0164,16-Jul-2019,9,4.0
V0164,16-Jun-2019,7,2.1
V0164,16-Oct-2019,4,3.1
V0164,16-Sep-2019,6,3.9
V0164,17-Jun-2019,7,2.8
V0164,17-Oct-2019,4,3.0
V0164,18-Aug-2019,4,2.0
V0164,18-May-2019,2,2.5
V0164,19-Aug-2019,8,2.6
V0164,19-Jul-2019,4,4.1
V0164,19-Jun-2019,4,2.5
V0164,19-May-2019,8,2.9
V0164,19-Oct-2019,6,3.4
V0164,20-Jan-2019,2,2.2
V0164,20-Jul-2019,4,3.0
V0164,20-Jun-2019,12,3.6
V0164,20-May-2019,14,3.9
V0164,20-Oct-2019,6,3.3
V0164,20-Sep-2019,6,3.4
V0164,21-Jan-2019,6,2.1
V0164,21-Jul-2019,7,4.1
V0164,21-Jun-2019,8,2.1
V0164,22-Aug-2019,8,3.7
V0164,22-Jul-2019,15,2.4
V0164,22-Jun-2019,10,4.0
V0164,23-Jan-2019,1,3.5
V0164,23-Jun-2019,12,3.6
V0164,23-Oct-2019,2,2.3
V0164,24-Aug-2019,5,2.9
V0164,24-Jun-2019,17,3.3
V0164,24-May-2019,6,3.6
V0164,24-Oct-2019,2,2.0
V0164,25-Aug-2019,8,4.1
V0164,25-Oct-2019,7,3.9
V0164,26-Jan-2019,4,2.4
V0164,26-Jun-2019,4,3.8
V0164,26-May-2019,8,3.0
V0164,26-Oct-2019,3,2.9
V0164,27-Jan-2019,9,2.6
V0164,27-Jun-2019,4,3.2
V0164,27-May-2019,8,3.6
V0164,27-Sep-2019,6,2.8
V0164,28-Aug-2019,4,3.3
V0164,28-Jan-2019,7,3.5
V0164,28-Jun-2019,5,3.5
V0164,28-Oct-2019,5,1.9
V0164,29-Jun-2019,7,3.9
V0164,30-Jan-2019,4,2.9
V0164,30-Jun-2019,6,2.4
V0164,30-May-2019,2,2.4
V0164,30-Sep-2019,3,3.0
V0164,31-Jan-2019,2,3.9
V0168,01-Aug-2019,2,2.7
V0168,01-Jul-2019,28,3.6
V0168,01-Oct-2019,6,2.0
V0168,01-Sep-2019,57,2.9
V0168,02-Jul-2019,5,4.2
V0168,02-Jun-2019,25,3.6
V0168,02-Nov-2019,3,2.3
V0168,02-Oct-2019,20,3.0
V0168,02-Sep-2019,8,2.4
V0168,03-Aug-2019,3,2.8
V0168,03-Jun-2019,16,3.7
V0168,03-Nov-2019,20,3.7
V0168,03-Oct-2019,4,2.3
V0168,04-Aug-2019,7,4.0
V0168,04-Jul-2019,24,3.2
V0168,04-Nov-2019,18,2.7
V0168,04-Sep-2019,3,3.0
V0168,05-Aug-2019,28,3.3
V0168,05-Jul-2019,10,3.1
V0168,05-Nov-2019,2,3.0
V0168,05-Oct-2019,15,3.0
V0168,06-Jul-2019,2,2.2
V0168,06-Jun-2019,5,3.8
V0168,06-Nov-2019,13,3.1
V0168,06-Oct-2019,46,2.1
V0168,06-Sep-2019,3,3.6
V0168,07-Jul-2019,36,4.0
V0168,07-Jun-2019,2,4.1
V0168,07-Nov-2019,21,2.7
V0168,07-Oct-2019,26,2.1
V0168,07-Sep-2019,11,3.0
V0168,08-Aug-2019,15,2.1
V0168,08-Jul-2019,17,4.0
V0168,08-Jun-2019,4,2.2
V0168,08-Nov-2019,16,2.4
V0168,08-Oct-2019,3,2.8
V0168,08-Sep-2019,33,2.7
V0168,09-Aug-2019,8,3.7
V0168,09-Jul-2019,9,2.9
V0168,09-Jun-2019,6,2.2
V0168,09-Nov-2019,8,2.4
V0168,09-Oct-2019,8,3.0
V0168,09-Sep-2019,13,2.2
V0168,10-Aug-2019,9,3.3
V0168,10-Jul-2019,2,3.2
V0168,10-Jun-2019,7,3.5
V0168,10-Nov-2019,31,4.1
V0168,10-Oct-2019,7,4.0
V0168,10-Sep-2019,36,4.1
V0168,11-Aug-2019,11,2.4
V0168,11-Nov-2019,29,2.1
V0168,11-Oct-2019,22,2.5
V0168,12-Aug-2019,13,3.9
V0168,12-Jul-2019,11,4.1
V0168,12-Jun-2019,6,3.9
V0168,12-Oct-2019,31,2.1
V0168,12-Sep-2019,11,4.1
V0168,13-Aug-2019,40,2.8
V0168,13-Jul-2019,27,1.8
V0168,13-Jun-2019,2,2.9
V0168,13-Oct-2019,28,1.9
V0168,13-Sep-2019,10,3.1
V0168,14-Aug-2019,2,2.6
V0168,14-Jul-2019,2,2.9
V0168,14-Jun-2019,2,3.3
V0168,14-Oct-2019,18,3.9
V0168,14-Sep-2019,7,3.4
V0168,15-Aug-2019,4,2.8
V0168,15-Jul-2019,8,3.8
V0168,15-Jun-2019,2,4.0
V0168,15-Nov-2019,6,2.1
V0168,15-Oct-2019,40,3.1
V0168,15-Sep-2019,25,2.5
V0168,16-Aug-2019,7,1.9
V0168,16-Jul-2019,8,3.4
V0168,16-Jun-2019,6,3.9
V0168,16-Oct-2019,17,2.2
V0168,16-Sep-2019,2,3.7
V0168,17-Aug-2019,4,3.8
V0168,17-Dec-2019,22,4.0
V0168,17-Jul-2019,19,2.4
V0168,17-Jun-2019,3,4.0
V0168,17-Nov-2019,36,2.6
V0168,17-Oct-2019,7,3.1
V0168,18-Aug-2019,14,1.9
V0168,18-Jul-2019,16,1.9
V0168,18-Oct-2019,9,3.5
V0168,18-Sep-2019,8,2.9
V0168,19-Aug-2019,39,2.4
V0168,19-Jul-2019,22,2.3
V0168,19-Jun-2019,4,3.4
V0168,19-May-2019,37,1.8
V0168,19-Oct-2019,18,3.7
V0168,19-Sep-2019,3,2.0
V0168,20-Aug-2019,4,2.3
V0168,20-Jan-2019,32,2.7
V0168,20-Jul-2019,40,3.0
V0168,20-Jun-2019,2,2.7
V0168,20-May-2019,25,2.6
V0168,20-Oct-2019,30,4.1
V0168,20-Sep-2019,21,3.3
V0168,21-Aug-2019,2,1.9
V0168,21-Jan-2019,8,2.8
V0168,21-Jul-2019,15,3.9
V0168,21-Jun-2019,4,2.5
V0168,21-May-2019,28,2.0
V0168,21-Nov-2019,14,3.6
V0168,21-Oct-2019,8,3.3
V0168,22-Aug-2019,11,3.2
V0168,22-Jul-2019,2,1.9
V0168,22-Jun-2019,8,2.1
V0168,22-May-2019,6,3.3
V0168,22-Nov-2019,7,2.3
V0168,22-Oct-2019,9,3.0
V0168,22-Sep-2019,26,3.1
V0168,23-Aug-2019,7,2.5
V0168,23-Jun-2019,31,4.1
V0168,23-Oct-2019,26,3.8
V0168,23-Sep-2019,16,3.5
V0168,24-Aug-2019,6,2.0
V0168,24-Jun-2019,14,2.1
V0168,24-May-2019,19,3.0
V0168,24-Oct-2019,19,2.2
V0168,24-Sep-2019,25,4.1
V0168,25-Aug-2019,14,2.2
V0168,25-May-2019,13,3.0
V0168,25-Oct-2019,10,2.7
V0168,25-Sep-2019,43,3.3
V0168,26-Aug-2019,10,2.1
V0168,26-May-2019,28,2.8
V0168,26-Nov-2019,3,2.5
V0168,26-Oct-2019,2,3.9
V0168,27-Jul-2019,12,1.9
V0168,27-Jun-2019,2,4.0
V0168,27-May-2019,13,3.8
V0168,27-Oct-2019,14,2.5
V0168,27-Sep-2019,15,3.7
V0168,28-Aug-2019,4,1.9
V0168,28-Jul-2019,4,4.1
V0168,28-Oct-2019,10,3.1
V0168,28-Sep-2019,11,2.5
V0168,29-Aug-2019,2,2.7
V0168,29-Jul-2019,35,2.0
V0168,29-Jun-2019,8,4.2
V0168,29-May-2019,3,1.9
V0168,29-Sep-2019,41,3.4
V0168,30-Aug-2019,8,2.9
V0168,30-Jul-2019,29,4.1
V0168,30-Jun-2019,12,2.4
V0168,30-May-2019,9,3.1
V0168,30-Oct-2019,2,3.0
V0168,30-Sep-2019,29,3.5
V0168,31-Aug-2019,8,2.0
V0168,31-Jul-2019,7,2.3
V0168,31-May-2019,9,2.3
V0168,31-Oct-2019,4,3.6
V0170,01-Nov-2019,16,2.3
V0170,01-Sep-2019,30,3.2
V0170,02-Aug-2019,12,2.3
V0170,02-Jun-2019,8,3.9
V0170,02-Nov-2019,34,4.1
V0170,03-Jun-2019,2,3.0
V0170,03-Nov-2019,27,2.6
V0170,03-Oct-2019,14,2.4
V0170,04-Aug-2019,3,1.9
V0170,04-Jul-2019,14,2.4
V0170,04-Nov-2019,5,3.4
V0170,04-Oct-2019,15,3.1
V0170,05-Jul-2019,6,4.1
V0170,05-Oct-2019,23,2.8
V0170,06-Jul-2019,2,3.5
V0170,06-Nov-2019,2,3.0
V0170,06-Oct-2019,14,3.0
V0170,06-Sep-2019,5,2.4
V0170,07-Aug-2019,5,2.9
V0170,07-Jul-2019,12,2.9
V0170,07-Jun-2019,16,3.5
V0170,07-Nov-2019,31,4.1
V0170,08-Aug-2019,3,2.6
V0170,08-Jul-2019,18,1.9
V0170,08-Nov-2019,38,3.0
V0170,08-Sep-2019,31,3.1
V0170,09-Aug-2019,6,2.2
V0170,09-Jun-2019,10,3.6
V0170,09-Nov-2019,14,4.2
V0170,09-Sep-2019,16,4.1
V0170,10-Aug-2019,3,2.3
V0170,10-Jul-2019,10,3.9
V0170,10-Jun-2019,15,3.5
V0170,10-Nov-2019,32,2.9
V0170,11-Aug-2019,18,3.1
V0170,11-Jul-2019,17,3.8
V0170,11-Nov-2019,14,3.0
V0170,11-Oct-2019,12,2.7
V0170,11-Sep-2019,6,3.0
V0170,12-Aug-2019,20,3.2
V0170,12-Jul-2019,18,2.3
V0170,12-Oct-2019,16,4.0
V0170,12-Sep-2019,7,3.4
V0170,13-Jul-2019,20,3.3
V0170,13-Jun-2019,11,2.0
V0170,13-Oct-2019,40,3.3
V0170,14-Nov-2019,7,2.1
V0170,14-Oct-2019,6,2.0
V0170,14-Sep-2019,19,3.1
V0170,15-Aug-2019,2,2.8
V0170,15-Jun-2019,15,3.2
V0170,15-Nov-2019,19,2.0
V0170,16-Aug-2019,16,2.8
V0170,16-Jun-2019,16,2.2
V0170,16-Nov-2019,3,4.2
V0170,16-Oct-2019,46,3.1
V0170,17-Aug-2019,13,3.4
V0170,17-Jul-2019,2,2.6
V0170,17-Oct-2019,7,2.0
V0170,18-Aug-2019,20,4.1
V0170,18-Jul-2019,6,2.5
V0170,18-May-2019,8,2.8
V0170,18-Oct-2019,13,3.4
V0170,19-Jun-2019,17,1.9
V0170,19-May-2019,12,3.7
V0170,19-Oct-2019,4,3.1
V0170,19-Sep-2019,3,2.5
V0170,20-Jun-2019,6,1.9
V0170,20-May-2019,16,2.2
V0170,20-Oct-2019,29,3.9
V0170,20-Sep-2019,10,3.4
V0170,21-Aug-2019,20,2.4
V0170,21-Jun-2019,12,2.0
V0170,21-Oct-2019,4,3.5
V0170,22-Aug-2019,17,3.2
V0170,22-Sep-2019,13,2.8
V0170,23-Aug-2019,11,2.7
V0170,23-Jun-2019,3,2.3
V0170,23-May-2019,8,3.4
V0170,23-Oct-2019,9,4.1
V0170,23-Sep-2019,2,2.2
V0170,24-Jun-2019,2,3.2
V0170,24-Oct-2019,20,2.8
V0170,25-Aug-2019,40,2.9
V0170,25-Oct-2019,6,2.4
V0170,25-Sep-2019,9,3.8
V0170,26-Aug-2019,8,3.0
V0170,26-Jun-2019,3,3.1
V0170,26-May-2019,10,2.5
V0170,26-Oct-2019,33,2.2
V0170,27-Oct-2019,30,2.0
V0170,27-Sep-2019,10,3.5
V0170,28-Aug-2019,5,2.3
V0170,28-Jul-2019,6,3.5
V0170,28-Oct-2019,5,2.7
V0170,28-Sep-2019,12,2.8
V0170,29-Aug-2019,6,2.9
V0170,29-Jul-2019,15,2.7
V0170,29-Jun-2019,6,2.0
V0170,29-May-2019,14,2.5
V0170,29-Sep-2019,20,3.4
V0170,30-Aug-2019,13,3.4
V0170,30-Jun-2019,28,2.5
V0170,30-May-2019,24,2.9
V0170,30-Oct-2019,11,2.3
V0170,30-Sep-2019,9,2.3
V0170,31-Aug-2019,28,1.9
V0170,31-May-2019,15,4.0
V0170,31-Oct-2019,16,2.3
V0171,01-Nov-2019,4,2.3
V0171,05-Jul-2019,2,2.5
V0171,06-Jun-2019,2,2.1
V0171,06-Oct-2019,3,3.3
V0171,06-Sep-2019,3,2.0
V0171,07-Aug-2019,7,2.1
V0171,07-Jul-2019,13,3.3
V0171,08-Jul-2019,8,2.6
V0171,09-Jun-2019,3,3.5
V0171,10-Jul-2019,14,3.1
V0171,10-Nov-2019,8,2.4
V0171,11-Aug-2019,11,3.4
V0171,12-Jul-2019,9,2.1
V0171,13-Jul-2019,7,3.1
V0171,13-Sep-2019,4,2.8
V0171,16-Jun-2019,3,2.4
V0171,18-Jul-2019,4,3.2
V0171,18-Oct-2019,11,3.9
V0171,19-Oct-2019,4,4.2
V0171,20-Sep-2019,4,3.3
V0171,21-Jun-2019,5,2.8
V0171,22-Jun-2019,5,2.3
V0171,23-Jun-2019,12,2.4
V0171,24-May-2019,5,3.0
V0171,24-Oct-2019,5,2.7
V0171,25-Aug-2019,9,4.0
V0171,26-May-2019,2,2.7
V0171,28-Jul-2019,2,2.7
V0171,28-Oct-2019,6,2.7
V0171,29-Jul-2019,6,3.8
V0171,29-Jun-2019,8,3.4
V0171,30-Jun-2019,10,3.3
V0173,01-Jul-2019,60,2.6
V0173,01-Jun-2019,10,3.8
V0173,01-Oct-2019,6,1.9
V0173,01-Sep-2019,10,3.9
V0173,02-Aug-2019,2,3.0
V0173,02-Jun-2019,16,2.8
V0173,02-Oct-2019,32,3.0
V0173,03-Aug-2019,2,3.4
V0173,03-Jun-2019,2,1.8
V0173,03-Sep-2019,9,3.9
V0173,04-Aug-2019,49,2.9
V0173,04-Jul-2019,6,2.6
V0173,04-Jun-2019,7,2.1
V0173,05-Aug-2019,16,2.9
V0173,05-Jul-2019,4,3.0
V0173,05-Jun-2019,2,2.8
V0173,05-Oct-2019,17,3.4
V0173,05-Sep-2019,8,2.8
V0173,06-Aug-2019,6,4.1
V0173,06-Jul-2019,14,3.2
V0173,06-Sep-2019,5,3.7
V0173,07-Aug-2019,2,2.1
V0173,07-Jul-2019,25,2.8
V0173,07-Jun-2019,4,2.6
V0173,07-Oct-2019,2,3.2
V0173,07-Sep-2019,17,3.9
V0173,08-Aug-2019,3,2.0
V0173,08-Jul-2019,13,2.0
V0173,08-Jun-2019,2,3.8
V0173,08-Sep-2019,25,2.3
V0173,09-Jul-2019,17,3.4
V0173,09-Jun-2019,22,3.1
V0173,09-Oct-2019,3,3.8
V0173,09-Sep-2019,2,2.1
V0173,10-Jul-2019,7,2.1
V0173,10-Jun-2019,19,3.1
V0173,10-Sep-2019,5,4.1
V0173,11-Jul-2019,5,2.8
V0173,12-Aug-2019,9,2.6
V0173,12-Jul-2019,18,3.3
V0173,12-Nov-2019,2,4.0
V0173,13-Aug-2019,2,3.8
V0173,13-Jul-2019,57,4.2
V0173,13-Oct-2019,23,1.9
V0173,14-Aug-2019,5,2.1
V0173,14-Jul-2019,12,3.3
V0173,14-Jun-2019,6,3.8
V0173,14-Sep-2019,2,2.5
V0173,15-Aug-2019,5,2.4
V0173,15-Jul-2019,26,3.7
V0173,15-Jun-2019,2,1.9
V0173,15-Sep-2019,27,2.7
V0173,16-Jul-2019,4,3.0
V0173,16-Jun-2019,13,3.1
V0173,16-Sep-2019,20,3.5
V0173,17-Aug-2019,13,2.7
V0173,17-Jul-2019,22,3.3
V0173,17-Jun-2019,9,3.2
V0173,17-Sep-2019,2,3.1
V0173,18-Aug-2019,25,3.3
V0173,18-Jun-2019,12,2.4
V0173,18-May-2019,15,2.0
V0173,18-Sep-2019,4,2.1
V0173,19-Aug-2019,20,2.3
V0173,19-Jun-2019,17,3.0
V0173,19-May-2019,17,3.8
V0173,20-Jul-2019,32,3.5
V0173,20-Jun-2019,10,3.7
V0173,20-Sep-2019,16,2.6
V0173,21-Jul-2019,50,2.8
V0173,21-Jun-2019,7,2.7
V0173,21-Oct-2019,2,2.3
V0173,21-Sep-2019,2,1.9
V0173,22-Aug-2019,10,3.2
V0173,22-Jun-2019,2,4.2
V0173,22-May-2019,10,2.2
V0173,22-Sep-2019,9,1.9
V0173,24-Jun-2019,12,3.7
V0173,24-Oct-2019,2,2.4
V0173,24-Sep-2019,6,3.8
V0173,25-Aug-2019,9,3.5
V0173,25-Jun-2019,8,4.1
V0173,26-Aug-2019,2,2.8
V0173,26-Jul-2019,7,3.4
V0173,26-May-2019,5,2.9
V0173,27-Aug-2019,4,3.3
V0173,27-Jun-2019,2,2.9
V0173,27-Sep-2019,24,2.3
V0173,28-Aug-2019,2,3.0
V0173,28-Jul-2019,11,3.1
V0173,28-Jun-2019,4,3.7
V0173,28-May-2019,10,3.6
V0173,28-Sep-2019,11,3.4
V0173,29-Aug-2019,3,2.1
V0173,29-Jun-2019,4,3.5
V0173,30-Jun-2019,40,3.0
V0173,31-Aug-2019,17,3.9
V0173,31-May-2019,2,4.0
V0180,01-Aug-2018,7,1.9
V0180,01-Aug-2019,2,3.8
V0180,01-Dec-2019,20,1.9
V0180,01-Jul-2019,47,2.7
V0180,01-Jun-2019,10,3.1
V0180,01-Nov-2018,7,2.2
V0180,01-Nov-2019,27,3.6
V0180,01-Oct-2018,51,1.8
V0180,01-Sep-2018,24,2.2
V0180,01-Sep-2019,53,3.2
V0180,02-Aug-2018,3,3.5
V0180,02-Aug-2019,36,4.0
V0180,02-Dec-2019,13,3.5
V0180,02-Jul-2019,9,3.4
V0180,02-Jun-2019,34,2.7
V0180,02-Nov-2018,23,1.8
V0180,02-Nov-2019,46,2.1
V0180,02-Oct-2018,25,3.1
V0180,02-Oct-2019,16,3.4
V0180,02-Sep-2018,43,2.8
V0180,02-Sep-2019,39,3.6
V0180,03-Aug-2018,53,3.1
V0180,03-Aug-2019,24,2.0
V0180,03-Jul-2019,40,2.3
V0180,03-Jun-2019,17,3.8
V0180,03-Nov-2019,50,3.5
V0180,03-Oct-2018,32,3.9
V0180,03-Oct-2019,18,2.1
V0180,03-Sep-2018,25,4.2
V0180,04-Aug-2018,38,2.3
V0180,04-Aug-2019,30,1.8
V0180,04-Jul-2019,29,4.2
V0180,04-Jun-2019,10,2.5
V0180,04-Nov-2018,37,3.4
V0180,04-Nov-2019,40,2.2
V0180,04-Oct-2018,15,3.2
V0180,04-Oct-2019,34,4.0
V0180,04-Sep-2019,17,2.6
V0180,05-Aug-2018,8,3.4
V0180,05-Aug-2019,40,2.3
V0180,05-Jul-2019,23,3.3
V0180,05-Jun-2019,31,2.6
V0180,05-Nov-2018,32,2.3
V0180,05-Oct-2018,21,2.6
V0180,05-Oct-2019,26,2.2
V0180,05-Sep-2018,3,4.0
V0180,05-Sep-2019,11,2.8
V0180,06-Aug-2018,27,2.4
V0180,06-Jul-2019,39,2.9
V0180,06-Jun-2019,5,2.6
V0180,06-Nov-2018,9,3.6
V0180,06-Nov-2019,37,4.1
V0180,06-Oct-2018,10,2.9
V0180,06-Sep-2018,40,3.9
V0180,06-Sep-2019,35,3.2
V0180,07-Aug-2018,22,2.2
V0180,07-Aug-2019,51,3.5
V0180,07-Jul-2019,40,3.0
V0180,07-Jun-2019,34,3.4
V0180,07-Nov-2019,17,3.9
V0180,07-Oct-2018,33,2.9
V0180,07-Oct-2019,55,4.0
V0180,07-Sep-2018,12,3.6
V0180,07-Sep-2019,22,3.0
V0180,08-Aug-2018,22,3.2
V0180,08-Aug-2019,28,2.6
V0180,08-Jul-2019,73,4.2
V0180,08-Jun-2019,34,3.4
V0180,08-Nov-2018,33,1.9
V0180,08-Nov-2019,30,2.6
V0180,08-Oct-2018,48,3.3
V0180,08-Oct-2019,39,1.9
V0180,08-Sep-2018,30,1.9
V0180,08-Sep-2019,23,2.9
V0180,09-Aug-2018,6,2.6
V0180,09-Aug-2019,20,2.9
V0180,09-Jul-2019,2,2.4
V0180,09-Jun-2019,35,2.2
V0180,09-Nov-2018,24,3.5
V0180,09-Nov-2019,34,3.0
V0180,09-Oct-2018,16,2.3
V0180,09-Sep-2018,41,2.6
V0180,09-Sep-2019,44,3.2
V0180,10-Aug-2018,22,2.0
V0180,10-Aug-2019,13,2.2
V0180,10-Jul-2019,38,2.0
V0180,10-Jun-2019,28,3.7
V0180,10-Nov-2018,29,3.6
V0180,10-Nov-2019,42,3.6
V0180,10-Oct-2019,34,3.5
V0180,10-Sep-2018,41,3.4
V0180,11-Aug-2018,32,2.9
V0180,11-Aug-2019,46,3.3
V0180,11-Jul-2019,20,1.9
V0180,11-Jun-2019,20,3.3
V0180,11-Nov-2019,45,3.7
V0180,11-Oct-2018,42,3.0
V0180,11-Oct-2019,22,2.7
V0180,11-Sep-2019,21,2.5
V0180,12-Aug-2018,47,3.3
V0180,12-Aug-2019,34,3.5
V0180,12-Jul-2019,38,3.9
V0180,12-Jun-2019,20,2.6
V0180,12-Nov-2018,45,3.6
V0180,12-Oct-2018,51,3.1
V0180,12-Oct-2019,11,3.9
V0180,12-Sep-2018,13,3.1
V0180,12-Sep-2019,37,3.0
V0180,13-Aug-2018,15,3.2
V0180,13-Jul-2019,51,3.6
V0180,13-Jun-2019,50,4.1
V0180,13-Nov-2018,2,2.0
V0180,13-Nov-2019,14,1.9
V0180,13-Oct-2018,39,4.1
V0180,13-Oct-2019,54,3.1
V0180,13-Sep-2018,29,3.3
V0180,13-Sep-2019,41,3.0
V0180,14-Aug-2018,9,2.0
V0180,14-Aug-2019,34,3.6
V0180,14-Jul-2019,26,3.6
V0180,14-Jun-2019,9,2.5
V0180,14-Nov-2018,15,2.5
V0180,14-Nov-2019,38,3.8
V0180,14-Oct-2018,51,2.0
V0180,14-Oct-2019,30,3.9
V0180,14-Sep-2018,41,2.4
V0180,14-Sep-2019,13,3.2
V0180,15-Aug-2018,5,4.0
V0180,15-Aug-2019,33,3.4
V0180,15-Jul-2019,16,2.8
V0180,15-Jun-2019,40,3.5
V0180,15-Nov-2018,32,2.6
V0180,15-Nov-2019,36,2.5
V0180,15-Oct-2018,28,4.2
V0180,15-Sep-2018,20,3.6
V0180,15-Sep-2019,7,3.3
V0180,16-Aug-2018,27,2.7
V0180,16-Aug-2019,42,1.9
V0180,16-Jun-2019,28,1.9
V0180,16-Nov-2018,43,3.1
V0180,16-Nov-2019,28,3.6
V0180,16-Oct-2018,35,3.1
V0180,16-Oct-2019,18,3.8
V0180,16-Sep-2018,39,1.9
V0180,16-Sep-2019,30,2.7
V0180,17-Aug-2019,17,2.4
V0180,17-Jul-2019,38,2.9
V0180,17-Jun-2019,43,2.0
V0180,17-Nov-2018,21,4.1
V0180,17-Nov-2019,35,2.3
V0180,17-Oct-2018,38,4.0
V0180,17-Oct-2019,34,2.8
V0180,18-Aug-2018,33,4.2
V0180,18-Aug-2019,54,3.1
V0180,18-Jul-2019,34,4.0
V0180,18-Jun-2019,23,1.8
V0180,18-May-2019,39,3.6
V0180,18-Nov-2018,19,4.0
V0180,18-Nov-2019,5,2.1
V0180,18-Oct-2018,10,2.0
V0180,18-Oct-2019,38,2.8
V0180,18-Sep-2018,16,4.0
V0180,18-Sep-2019,28,3.1
V0180,19-Aug-2018,32,3.1
V0180,19-Aug-2019,43,2.1
V0180,19-Jul-2019,38,1.8
V0180,19-Jun-2019,3,3.7
V0180,19-May-2019,35,2.0
V0180,19-Nov-2018,33,3.3
V0180,19-Oct-2018,41,4.0
V0180,19-Oct-2019,30,2.3
V0180,19-Sep-2018,35,3.4
V0180,19-Sep-2019,18,2.0
V0180,20-Jul-2019,49,3.2
V0180,20-Jun-2019,26,2.2
V0180,20-May-2019,31,3.6
V0180,20-Nov-2018,14,2.5
V0180,20-Oct-2018,17,2.9
V0180,20-Oct-2019,44,3.2
V0180,20-Sep-2018,43,2.2
V0180,20-Sep-2019,42,3.6
V0180,21-Aug-2018,3,2.5
V0180,21-Aug-2019,29,3.4
V0180,21-Jul-2019,45,2.2
V0180,21-Jun-2019,15,3.5
V0180,21-May-2019,14,2.1
V0180,21-Nov-2019,9,2.8
V0180,21-Oct-2018,2,2.4
V0180,21-Oct-2019,29,3.6
V0180,21-Sep-2018,36,2.4
V0180,21-Sep-2019,12,3.9
V0180,22-Aug-2018,26,3.9
V0180,22-Aug-2019,21,2.3
V0180,22-Jun-2019,33,3.3
V0180,22-May-2019,18,2.0
V0180,22-Sep-2018,21,2.7
V0180,22-Sep-2019,37,3.5
V0180,23-Aug-2018,37,3.4
V0180,23-Aug-2019,28,3.3
V0180,23-Jul-2018,4,2.5
V0180,23-Jun-2019,38,2.7
V0180,23-May-2019,7,2.0
V0180,23-Nov-2018,27,3.5
V0180,23-Nov-2019,5,3.0
V0180,23-Oct-2018,13,3.5
V0180,23-Oct-2019,32,2.4
V0180,23-Sep-2018,42,2.6
V0180,23-Sep-2019,45,2.6
V0180,24-Aug-2018,6,1.9
V0180,24-Aug-2019,18,2.6
V0180,24-Jun-2019,41,3.7
V0180,24-May-2019,32,4.0
V0180,24-Nov-2018,12,3.0
V0180,24-Oct-2018,5,2.9
V0180,24-Sep-2018,21,1.9
V0180,25-Aug-2019,36,3.9
V0180,25-Jul-2018,5,1.8
V0180,25-Jun-2019,13,4.1
V0180,25-May-2019,11,3.0
V0180,25-Nov-2018,33,2.6
V0180,25-Oct-2018,16,4.0
V0180,25-Oct-2019,11,1.9
V0180,25-Sep-2019,24,3.2
V0180,26-Aug-2018,38,3.1
V0180,26-Aug-2019,25,2.3
V0180,26-Jul-2019,17,2.8
V0180,26-Jun-2019,46,3.4
V0180,26-May-2019,10,3.5
V0180,26-Nov-2018,26,1.8
V0180,26-Oct-2019,16,4.0
V0180,26-Sep-2018,19,2.2
V0180,26-Sep-2019,12,2.4
V0180,27-Aug-2018,34,2.4
V0180,27-Jul-2018,11,1.9
V0180,27-Jul-2019,4,2.1
V0180,27-May-2019,23,4.2
V0180,27-Nov-2018,20,2.6
V0180,27-Nov-2019,16,2.1
V0180,27-Oct-2018,42,2.1
V0180,27-Oct-2019,44,3.5
V0180,27-Sep-2018,16,3.9
V0180,27-Sep-2019,8,2.4
V0180,28-Jul-2019,23,1.9
V0180,28-Jun-2019,24,2.3
V0180,28-May-2019,2,1.9
V0180,28-Nov-2018,19,2.0
V0180,28-Oct-2019,15,2.8
V0180,28-Sep-2018,22,2.4
V0180,28-Sep-2019,38,3.0
V0180,29-Aug-2018,34,2.4
V0180,29-Aug-2019,12,4.1
V0180,29-Jul-2018,28,4.0
V0180,29-Jul-2019,37,3.2
V0180,29-Jun-2019,38,2.7
V0180,29-May-2019,37,2.7
V0180,29-Oct-2018,19,2.8
V0180,29-Sep-2018,41,3.5
V0180,30-Aug-2018,6,2.9
V0180,30-Aug-2019,12,3.9
V0180,30-Jul-2018,11,4.1
V0180,30-Jul-2019,33,2.6
V0180,30-Jun-2019,61,3.1
V0180,30-May-2019,27,2.0
V0180,30-Oct-2018,13,2.3
V0180,30-Sep-2018,34,2.8
V0180,30-Sep-2019,33,2.3
V0180,31-Aug-2018,27,3.9
V0180,31-Aug-2019,5,2.2
V0180,31-Jul-2018,5,2.9
V0180,31-May-2019,5,3.3
V0180,31-Oct-2018,31,3.5
V0180,31-Oct-2019,23,2.7
V0182,01-Aug-2019,24,3.9
V0182,01-Jul-2019,54,3.2
V0182,01-Nov-2018,14,2.9
V0182,01-Nov-2019,26,2.0
V0182,01-Oct-2018,37,2.9
V0182,01-Oct-2019,19,3.8
V0182,01-Sep-2019,22,3.3
V0182,02-Aug-2018,27,3.8
V0182,02-Aug-2019,5,3.0
V0182,02-Dec-2018,38,2.1
V0182,02-Jul-2019,17,1.8
V0182,02-Jun-2019,19,2.5
V0182,02-Nov-2018,2,3.5
V0182,02-Oct-2019,13,3.7
V0182,02-Sep-2018,11,2.5
V0182,02-Sep-2019,32,3.0
V0182,03-Jul-2019,19,2.8
V0182,03-Jun-2019,30,2.8
V0182,03-Nov-2018,30,2.4
V0182,03-Nov-2019,34,2.1
V0182,03-Sep-2018,31,2.3
V0182,03-Sep-2019,17,1.9
V0182,04-Aug-2018,15,2.3
V0182,04-Aug-2019,38,1.8
V0182,04-Dec-2018,12,3.3
V0182,04-Jul-2019,9,2.6
V0182,04-Jun-2019,13,4.1
V0182,04-Nov-2018,53,2.3
V0182,04-Nov-2019,31,2.6
V0182,04-Oct-2018,8,2.7
V0182,04-Oct-2019,27,1.8
V0182,04-Sep-2019,14,3.8
V0182,05-Aug-2018,40,1.9
V0182,05-Aug-2019,25,4.1
V0182,05-Jul-2019,28,3.9
V0182,05-Nov-2018,37,3.1
V0182,05-Nov-2019,3,3.1
V0182,05-Oct-2019,24,3.4
V0182,05-Sep-2019,5,2.7
V0182,06-Aug-2019,8,3.4
V0182,06-Jul-2019,49,1.9
V0182,06-Jun-2019,14,1.9
V0182,06-Nov-2019,3,2.9
V0182,06-Oct-2018,39,3.1
V0182,06-Sep-2018,9,3.9
V0182,06-Sep-2019,22,2.1
V0182,07-Aug-2019,22,3.8
V0182,07-Jul-2019,40,2.3
V0182,07-Jun-2019,12,2.7
V0182,07-Nov-2019,17,2.6
V0182,07-Oct-2018,25,2.8
V0182,07-Sep-2019,4,2.2
V0182,08-Aug-2018,10,3.0
V0182,08-Aug-2019,24,3.7
V0182,08-Dec-2018,8,2.9
V0182,08-Jul-2019,38,3.0
V0182,08-Nov-2018,3,3.8
V0182,08-Nov-2019,4,3.5
V0182,08-Oct-2018,15,3.0
V0182,08-Oct-2019,25,2.4
V0182,08-Sep-2019,32,3.9
V0182,09-Aug-2018,23,3.2
V0182,09-Aug-2019,28,2.3
V0182,09-Jul-2019,30,2.4
V0182,09-Jun-2019,31,3.7
V0182,09-Nov-2019,6,1.9
V0182,09-Oct-2018,6,4.2
V0182,09-Oct-2019,14,2.1
V0182,09-Sep-2018,43,3.7
V0182,09-Sep-2019,30,2.7
V0182,10-Aug-2018,17,3.0
V0182,10-Aug-2019,12,3.9
V0182,10-Dec-2018,41,2.8
V0182,10-Jul-2019,27,3.1
V0182,10-Jun-2019,36,1.9
V0182,10-Nov-2019,39,1.8
V0182,10-Oct-2018,35,2.4
V0182,10-Oct-2019,28,3.4
V0182,10-Sep-2018,37,2.1
V0182,10-Sep-2019,11,2.1
V0182,11-Aug-2018,12,2.8
V0182,11-Aug-2019,25,3.4
V0182,11-Jul-2019,2,3.5
V0182,11-Jun-2019,4,2.2
V0182,11-Nov-2019,37,2.0
V0182,11-Oct-2018,23,4.1
V0182,11-Oct-2019,9,2.4
V0182,11-Sep-2018,15,3.8
V0182,11-Sep-2019,2,3.9
V0182,12-Aug-2019,41,3.7
V0182,12-Jul-2019,13,2.2
V0182,12-Jun-2019,15,3.8
V0182,12-Nov-2018,34,3.6
V0182,12-Oct-2019,16,3.2
V0182,12-Sep-2019,16,2.6
V0182,13-Aug-2018,23,2.4
V0182,13-Dec-2018,24,2.1
V0182,13-Jul-2019,43,3.0
V0182,13-Jun-2019,27,3.2
V0182,13-Oct-2018,37,2.7
V0182,13-Oct-2019,31,2.9
V0182,13-Sep-2019,29,2.7
V0182,14-Aug-2019,7,3.3
V0182,14-Jul-2019,33,4.0
V0182,14-Jun-2019,12,2.2
V0182,14-Nov-2018,7,2.7
V0182,14-Nov-2019,10,2.1
V0182,14-Oct-2018,41,3.3
V0182,14-Oct-2019,29,3.5
V0182,14-Sep-2019,6,4.0
V0182,15-Aug-2018,19,2.5
V0182,15-Aug-2019,3,4.1
V0182,15-Dec-2018,7,2.0
V0182,15-Jul-2019,25,3.2
V0182,15-Jun-2019,2,1.9
V0182,15-Nov-2018,2,3.9
V0182,15-Nov-2019,7,3.1
V0182,15-Oct-2018,37,3.4
V0182,15-Oct-2019,12,3.8
V0182,15-Sep-2018,3,2.2
V0182,15-Sep-2019,36,1.9
V0182,16-Aug-2018,10,3.9
V0182,16-Aug-2019,18,2.6
V0182,16-Dec-2018,36,2.1
V0182,16-Jul-2019,23,2.9
V0182,16-Jun-2019,23,3.2
V0182,16-Nov-2018,19,1.9
V0182,16-Nov-2019,3,2.5
V0182,16-Oct-2019,39,1.9
V0182,16-Sep-2018,40,2.8
V0182,16-Sep-2019,32,3.9
V0182,17-Aug-2018,22,4.2
V0182,17-Aug-2019,4,3.3
V0182,17-Dec-2018,28,2.2
V0182,17-Jul-2019,35,4.0
V0182,17-Jun-2019,33,3.0
V0182,17-Nov-2018,43,2.2
V0182,17-Nov-2019,24,4.0
V0182,17-Sep-2018,18,3.6
V0182,17-Sep-2019,19,3.6
V0182,18-Aug-2018,6,3.5
V0182,18-Aug-2019,36,2.3
V0182,18-Jul-2019,44,2.3
V0182,18-Jun-2019,16,3.5
V0182,18-May-2019,37,2.3
V0182,18-Nov-2019,4,2.9
V0182,18-Oct-2018,20,3.7
V0182,18-Oct-2019,38,3.7
V0182,18-Sep-2019,7,2.9
V0182,19-Aug-2018,36,3.7
V0182,19-Aug-2019,45,3.8
V0182,19-Jul-2019,48,3.4
V0182,19-Jun-2019,14,2.3
V0182,19-May-2019,27,2.5
V0182,19-Oct-2019,18,2.6
V0182,19-Sep-2018,3,2.1
V0182,19-Sep-2019,17,2.5
V0182,20-Aug-2018,47,2.3
V0182,20-Aug-2019,10,2.9
V0182,20-Dec-2018,20,4.0
V0182,20-Jul-2019,38,2.1
V0182,20-Jun-2019,20,3.5
V0182,20-May-2019,25,3.4
V0182,20-Oct-2018,7,2.0
V0182,20-Oct-2019,49,4.0
V0182,20-Sep-2019,6,3.2
V0182,21-Aug-2019,23,2.7
V0182,21-Dec-2018,8,3.6
V0182,21-Jul-2019,32,2.4
V0182,21-Jun-2019,13,3.5
V0182,21-Nov-2018,25,1.9
V0182,21-Nov-2019,9,3.8
V0182,21-Oct-2019,38,2.9
V0182,21-Sep-2019,4,3.3
V0182,22-Aug-2019,4,2.3
V0182,22-Dec-2018,18,3.4
V0182,22-Jun-2019,20,3.7
V0182,22-Nov-2018,10,2.9
V0182,22-Oct-2018,3,3.3
V0182,22-Oct-2019,4,2.9
V0182,22-Sep-2019,32,3.9
V0182,23-Aug-2018,8,3.0
V0182,23-Aug-2019,3,3.8
V0182,23-Jun-2019,51,3.7
V0182,23-Nov-2019,3,2.8
V0182,23-Sep-2019,22,2.4
V0182,24-Aug-2018,4,2.8
V0182,24-Aug-2019,7,3.8
V0182,24-Dec-2018,11,2.3
V0182,24-Jul-2019,37,3.1
V0182,24-Jun-2019,36,3.7
V0182,24-May-2019,22,2.6
V0182,24-Oct-2018,13,3.3
V0182,24-Oct-2019,8,2.4
V0182,24-Sep-2019,6,2.1
V0182,25-Aug-2019,38,3.7
V0182,25-Jul-2019,17,2.0
V0182,25-Jun-2019,15,2.5
V0182,25-May-2019,7,3.9
V0182,25-Nov-2018,21,2.6
V0182,25-Oct-2018,12,4.1
V0182,25-Oct-2019,10,4.2
V0182,26-Aug-2018,40,2.4
V0182,26-Aug-2019,36,1.9
V0182,26-Jul-2019,26,3.5
V0182,26-Jun-2019,31,2.9
V0182,26-May-2019,51,2.0
V0182,26-Nov-2018,45,3.5
V0182,26-Oct-2019,6,1.9
V0182,26-Sep-2018,28,3.9
V0182,26-Sep-2019,11,2.1
V0182,27-Aug-2018,32,2.1
V0182,27-Aug-2019,5,2.2
V0182,27-Dec-2018,25,4.1
V0182,27-Jul-2018,6,3.5
V0182,27-Jul-2019,11,3.7
V0182,27-Jun-2019,12,2.8
V0182,27-May-2019,36,2.6
V0182,27-Oct-2019,29,2.4
V0182,27-Sep-2018,8,3.0
V0182,27-Sep-2019,27,3.1
V0182,28-Dec-2018,30,3.3
V0182,28-Jul-2018,2,2.4
V0182,28-Jul-2019,34,4.1
V0182,28-Jun-2019,31,2.2
V0182,28-Nov-2018,11,4.1
V0182,28-Oct-2019,40,1.8
V0182,28-Sep-2018,20,3.0
V0182,29-Aug-2019,18,2.6
V0182,29-Jul-2019,36,2.9
V0182,29-Jun-2019,38,3.2
V0182,29-May-2019,8,2.8
V0182,29-Oct-2018,24,2.8
V0182,29-Oct-2019,8,3.6
V0182,29-Sep-2018,18,3.4
V0182,29-Sep-2019,25,3.8
V0182,30-Jul-2018,14,2.4
V0182,30-Jul-2019,24,3.3
V0182,30-Jun-2019,42,3.2
V0182,30-May-2019,6,2.7
V0182,30-Oct-2019,17,3.0
V0182,30-Sep-2018,39,2.6
V0182,30-Sep-2019,45,2.1
V0182,31-Aug-2018,35,2.3
V0182,31-Aug-2019,7,2.1
V0182,31-Jul-2018,9,3.4
V0182,31-Jul-2019,11,3.4
V0182,31-Oct-2018,4,4.1
V0182,31-Oct-2019,22,3.6
V0183,01-Jul-2019,58,1.9
V0183,01-Nov-2019,4,3.9
V0183,01-Oct-2019,2,3.9
V0183,02-Jul-2019,7,2.9
V0183,02-Nov-2019,5,3.2
V0183,02-Oct-2019,11,4.1
V0183,03-Aug-2019,15,3.1
V0183,03-Jun-2019,14,4.0
V0183,03-Nov-2019,16,2.0
V0183,04-Aug-2019,39,2.3
V0183,04-Jul-2019,28,2.9
V0183,04-Jun-2019,33,3.2
V0183,04-Nov-2019,31,3.8
V0183,04-Oct-2019,6,4.2
V0183,05-Aug-2019,4,2.7
V0183,05-Jul-2019,14,1.9
V0183,05-Jun-2019,15,3.7
V0183,05-Nov-2019,4,3.3
V0183,06-Jul-2019,26,2.3
V0183,06-Oct-2019,11,3.0
V0183,06-Sep-2019,23,3.6
V0183,07-Aug-2019,4,3.6
V0183,07-Jul-2019,26,3.0
V0183,07-Jun-2019,8,2.5
V0183,07-Nov-2019,28,4.1
V0183,07-Oct-2019,13,3.4
V0183,07-Sep-2019,23,2.8
V0183,08-Jul-2019,78,2.5
V0183,08-Jun-2019,22,3.6
V0183,08-Nov-2019,2,2.4
V0183,08-Oct-2019,33,2.2
V0183,08-Sep-2019,46,3.1
V0183,09-Aug-2019,10,2.5
V0183,09-Jul-2019,10,3.3
V0183,09-Jun-2019,33,2.1
V0183,09-Nov-2019,33,3.4
V0183,09-Oct-2019,16,2.5
V0183,09-Sep-2019,12,1.8
V0183,10-Aug-2019,21,2.1
V0183,10-Jul-2019,44,4.0
V0183,10-Jun-2019,15,3.9
V0183,10-Nov-2019,48,2.4
V0183,11-Aug-2019,37,3.7
V0183,11-Jul-2019,11,3.3
V0183,11-Jun-2019,9,4.1
V0183,11-Nov-2019,5,2.7
V0183,11-Oct-2019,15,3.4
V0183,12-Aug-2019,66,2.0
V0183,12-Jul-2019,53,2.8
V0183,12-Jun-2019,18,4.1
V0183,12-Oct-2019,10,3.1
V0183,13-Aug-2019,10,2.5
V0183,13-Jul-2019,59,2.1
V0183,13-Nov-2019,16,3.5
V0183,13-Oct-2019,66,3.3
V0183,14-Aug-2019,32,2.7
V0183,14-Jul-2019,5,4.1
V0183,14-Jun-2019,8,1.9
V0183,14-Oct-2019,20,2.5
V0183,14-Sep-2019,7,4.0
V0183,15-Aug-2019,39,2.6
V0183,15-Jun-2019,4,2.4
V0183,15-Oct-2019,14,3.1
V0183,15-Sep-2019,27,3.8
V0183,16-Aug-2019,5,2.0
V0183,16-Jun-2019,36,4.1
V0183,16-Oct-2019,33,3.7
V0183,16-Sep-2019,20,2.2
V0183,17-Aug-2019,30,3.5
V0183,17-Jul-2019,11,2.7
V0183,17-Jun-2019,51,2.8
V0183,17-Nov-2019,5,3.7
V0183,17-Sep-2019,8,4.1
V0183,18-Aug-2019,43,2.1
V0183,18-Jul-2019,47,2.8
V0183,18-Oct-2019,41,3.0
V0183,19-Aug-2019,23,2.7
V0183,19-Jul-2019,41,2.7
V0183,19-Jun-2019,11,1.9
V0183,19-May-2019,18,3.4
V0183,19-Oct-2019,35,2.8
V0183,20-Aug-2019,2,2.3
V0183,20-Jul-2019,23,3.8
V0183,20-Jun-2019,24,3.7
V0183,20-Oct-2019,39,3.0
V0183,21-Jul-2019,21,2.5
V0183,21-May-2019,12,3.3
V0183,21-Oct-2019,7,2.5
V0183,22-Jun-2019,5,2.4
V0183,22-May-2019,18,3.6
V0183,22-Nov-2019,2,1.9
V0183,22-Sep-2019,78,2.0
V0183,23-Aug-2019,7,1.8
V0183,23-Jun-2019,5,2.2
V0183,23-Nov-2019,13,2.0
V0183,23-Oct-2019,27,4.2
V0183,24-Aug-2019,11,2.5
V0183,24-Jun-2019,38,2.2
V0183,24-May-2019,29,2.4
V0183,25-Jun-2019,8,4.0
V0183,25-Sep-2019,5,3.0
V0183,26-Jul-2019,3,2.7
V0183,26-Jun-2019,21,3.9
V0183,26-May-2019,10,2.7
V0183,26-Oct-2019,3,2.6
V0183,27-Jul-2019,16,2.3
V0183,27-May-2019,12,2.7
V0183,27-Oct-2019,10,2.6
V0183,27-Sep-2019,25,3.4
V0183,28-Jul-2019,48,2.5
V0183,28-May-2019,11,3.2
V0183,28-Sep-2019,28,2.0
V0183,29-Jul-2019,6,2.3
V0183,29-Jun-2019,6,2.8
V0183,29-May-2019,2,4.0
V0183,29-Oct-2019,35,2.7
V0183,29-Sep-2019,21,3.4
V0183,30-Aug-2019,25,2.4
V0183,30-Jul-2019,12,2.1
V0183,30-Jun-2019,39,1.9
V0183,30-Sep-2019,7,2.5
V0183,31-Aug-2019,18,2.2
V0183,31-Jul-2019,4,2.2
V0183,31-May-2019,4,3.6
V0183,31-Oct-2019,45,1.8
V0184,01-Aug-2018,4,3.1
V0184,01-Dec-2018,10,2.7
V0184,01-Dec-2019,6,3.0
V0184,01-Jan-2019,4,3.2
V0184,01-Jul-2019,14,2.6
V0184,01-Nov-2019,12,2.5
V0184,01-Oct-2018,6,3.6
V0184,01-Oct-2019,2,3.9
V0184,01-Sep-2018,5,2.3
V0184,01-Sep-2019,8,2.0
V0184,02-Aug-2019,11,4.0
V0184,02-Dec-2018,8,2.6
V0184,02-Dec-2019,15,3.1
V0184,02-Jan-2019,9,2.7
V0184,02-Jul-2019,11,2.1
V0184,02-Jun-2019,9,3.2
V0184,02-Nov-2019,9,3.1
V0184,02-Oct-2018,6,2.3
V0184,02-Sep-2018,11,2.9
V0184,02-Sep-2019,5,3.7
V0184,03-Aug-2019,6,3.2
V0184,03-Dec-2018,12,2.0
V0184,03-Jun-2019,11,3.1
V0184,03-Nov-2018,9,3.5
V0184,03-Nov-2019,9,3.7
V0184,03-Oct-2018,11,3.3
V0184,03-Sep-2018,14,2.2
V0184,03-Sep-2019,4,3.5
V0184,04-Aug-2018,4,3.4
V0184,04-Aug-2019,8,1.9
V0184,04-Dec-2018,6,2.8
V0184,04-Jan-2019,8,2.6
V0184,04-Jun-2019,8,3.4
V0184,04-Nov-2018,10,2.3
V0184,04-Nov-2019,15,3.2
V0184,04-Sep-2018,9,4.0
V0184,04-Sep-2019,10,3.7
V0184,05-Aug-2018,11,4.0
V0184,05-Aug-2019,5,4.1
V0184,05-Jan-2019,9,1.8
V0184,05-Jul-2019,13,3.3
V0184,05-Jun-2019,8,2.8
V0184,05-Nov-2018,2,3.9
V0184,05-Nov-2019,3,2.4
V0184,05-Oct-2018,15,4.2
V0184,05-Oct-2019,9,3.3
V0184,06-Aug-2018,7,3.7
V0184,06-Aug-2019,10,2.0
V0184,06-Jan-2019,7,2.2
V0184,06-Jul-2019,11,3.6
V0184,06-Nov-2018,10,1.9
V0184,06-Nov-2019,11,3.8
V0184,06-Oct-2018,9,1.8
V0184,06-Oct-2019,12,3.4
V0184,06-Sep-2018,11,2.7
V0184,06-Sep-2019,6,3.3
V0184,07-Aug-2018,5,3.5
V0184,07-Aug-2019,12,2.6
V0184,07-Dec-2018,15,2.1
V0184,07-Jan-2019,6,2.0
V0184,07-Jul-2019,15,3.2
V0184,07-Jun-2019,9,3.0
V0184,07-Nov-2018,8,3.6
V0184,07-Oct-2018,10,3.0
V0184,07-Oct-2019,4,2.8
V0184,07-Sep-2018,9,2.8
V0184,07-Sep-2019,6,1.9
V0184,08-Aug-2018,7,2.6
V0184,08-Dec-2018,13,4.1
V0184,08-Jul-2019,10,3.9
V0184,08-Jun-2019,6,2.6
V0184,08-Nov-2019,9,3.2
V0184,08-Oct-2018,16,3.8
V0184,08-Oct-2019,6,2.9
V0184,08-Sep-2018,8,1.8
V0184,08-Sep-2019,16,2.0
V0184,09-Aug-2018,5,3.0
V0184,09-Aug-2019,14,4.1
V0184,09-Dec-2018,17,3.5
V0184,09-Jan-2019,14,2.0
V0184,09-Jul-2019,13,2.3
V0184,09-Jun-2019,9,3.7
V0184,09-Nov-2018,10,3.8
V0184,09-Nov-2019,6,3.3
V0184,09-Oct-2018,14,3.3
V0184,09-Oct-2019,10,1.9
V0184,09-Sep-2018,10,3.8
V0184,09-Sep-2019,10,3.7
V0184,10-Aug-2018,15,2.4
V0184,10-Aug-2019,8,3.5
V0184,10-Dec-2018,2,2.3
V0184,10-Jul-2019,11,1.9
V0184,10-Jun-2019,12,2.3
V0184,10-Nov-2018,4,2.2
V0184,10-Nov-2019,9,2.6
V0184,10-Oct-2018,3,2.8
V0184,10-Sep-2018,12,3.0
V0184,10-Sep-2019,12,2.9
V0184,11-Aug-2018,3,2.4
V0184,11-Aug-2019,8,1.9
V0184,11-Dec-2018,9,3.3
V0184,11-Jan-2019,12,2.7
V0184,11-Jun-2019,6,2.5
V0184,11-Nov-2018,9,3.9
V0184,11-Nov-2019,7,3.6
V0184,11-Oct-2019,9,3.9
V0184,11-Sep-2018,9,3.0
V0184,11-Sep-2019,7,2.1
V0184,12-Aug-2018,6,3.5
V0184,12-Aug-2019,8,2.3
V0184,12-Jan-2019,2,2.9
V0184,12-Jul-2019,11,2.0
V0184,12-Jun-2019,13,3.8
V0184,12-Nov-2018,14,2.1
V0184,12-Nov-2019,4,4.0
V0184,12-Oct-2018,11,3.9
V0184,12-Oct-2019,4,2.9
V0184,12-Sep-2018,11,3.6
V0184,13-Aug-2018,7,3.3
V0184,13-Aug-2019,4,3.7
V0184,13-Jan-2019,13,2.8
V0184,13-Jul-2019,12,3.7
V0184,13-Nov-2018,14,2.9
V0184,13-Nov-2019,14,4.1
V0184,13-Oct-2018,6,3.0
V0184,13-Oct-2019,14,2.9
V0184,13-Sep-2019,9,3.7
V0184,14-Dec-2018,12,3.8
V0184,14-Jan-2019,8,3.1
V0184,14-Jul-2019,11,2.2
V0184,14-Jun-2019,4,2.9
V0184,14-Nov-2018,10,4.1
V0184,14-Oct-2018,16,3.6
V0184,14-Oct-2019,2,3.7
V0184,14-Sep-2018,6,1.9
V0184,14-Sep-2019,14,2.9
V0184,15-Aug-2018,6,3.4
V0184,15-Dec-2018,9,3.8
V0184,15-Dec-2019,5,1.9
V0184,15-Jan-2019,10,3.8
V0184,15-Jul-2019,8,3.1
V0184,15-Jun-2019,10,2.3
V0184,15-Nov-2019,9,2.6
V0184,15-Oct-2018,12,2.5
V0184,15-Oct-2019,8,3.1
V0184,15-Sep-2018,2,1.9
V0184,15-Sep-2019,13,2.2
V0184,16-Aug-2018,10,3.8
V0184,16-Aug-2019,13,2.1
V0184,16-Dec-2018,10,2.4
V0184,16-Dec-2019,3,2.9
V0184,16-Jul-2019,8,3.0
V0184,16-Jun-2019,15,3.6
V0184,16-Nov-2019,13,2.9
V0184,16-Oct-2018,15,3.7
V0184,16-Oct-2019,12,3.3
V0184,16-Sep-2018,11,2.1
V0184,16-Sep-2019,9,2.2
V0184,17-Aug-2018,5,2.8
V0184,17-Aug-2019,9,2.8
V0184,17-Dec-2018,12,3.6
V0184,17-Jan-2019,12,3.2
V0184,17-Jul-2019,15,2.7
V0184,17-Jun-2019,9,2.2
V0184,17-Nov-2018,13,2.3
V0184,17-Oct-2018,10,3.2
V0184,17-Sep-2018,9,2.8
V0184,17-Sep-2019,8,3.0
V0184,18-Aug-2018,9,2.2
V0184,18-Aug-2019,12,3.4
V0184,18-Dec-2018,10,3.8
V0184,18-Jan-2019,3,2.4
V0184,18-Jul-2019,12,3.0
V0184,18-May-2019,12,4.1
V0184,18-Nov-2018,9,2.6
V0184,18-Nov-2019,5,3.2
V0184,18-Oct-2019,12,2.0
V0184,18-Sep-2018,4,3.3
V0184,18-Sep-2019,9,2.0
V0184,19-Aug-2018,13,4.1
V0184,19-Aug-2019,16,3.5
V0184,19-Dec-2018,7,3.7
V0184,19-Jan-2019,12,3.5
V0184,19-May-2019,6,3.2
V0184,19-Nov-2018,11,2.9
V0184,19-Oct-2018,12,3.9
V0184,19-Oct-2019,7,4.1
V0184,19-Sep-2018,8,3.0
V0184,20-Aug-2018,3,4.0
V0184,20-Aug-2019,8,3.2
V0184,20-Dec-2019,3,3.1
V0184,20-Jan-2019,14,2.9
V0184,20-Jul-2019,15,2.3
V0184,20-Nov-2018,12,1.8
V0184,20-Nov-2019,10,2.4
V0184,20-Oct-2018,12,3.0
V0184,20-Oct-2019,11,2.7
V0184,21-Aug-2019,8,2.9
V0184,21-Dec-2018,10,4.2
V0184,21-Jan-2019,12,2.6
V0184,21-Jul-2019,12,2.9
V0184,21-Jun-2019,10,2.1
V0184,21-May-2019,6,1.9
V0184,21-Nov-2018,6,3.7
V0184,21-Oct-2018,10,3.2
V0184,21-Oct-2019,12,3.6
V0184,21-Sep-2018,10,2.2
V0184,22-Dec-2018,7,3.2
V0184,22-Jan-2019,12,2.4
V0184,22-Jun-2019,4,2.3
V0184,22-Nov-2018,2,1.8
V0184,22-Oct-2018,7,2.1
V0184,22-Oct-2019,10,2.5
V0184,22-Sep-2018,2,2.1
V0184,22-Sep-2019,9,4.2
V0184,23-Aug-2019,12,2.5
V0184,23-Dec-2018,12,2.1
V0184,23-Jun-2019,15,2.3
V0184,23-Nov-2018,7,3.2
V0184,23-Oct-2018,8,2.0
V0184,23-Oct-2019,11,3.9
V0184,23-Sep-2018,14,4.1
V0184,23-Sep-2019,10,2.4
V0184,24-Aug-2018,9,2.9
V0184,24-Aug-2019,4,1.9
V0184,24-Dec-2018,15,3.3
V0184,24-Jun-2019,8,2.8
V0184,24-May-2019,6,2.4
V0184,24-Nov-2018,14,2.3
V0184,24-Oct-2018,12,3.4
V0184,24-Sep-2018,12,2.8
V0184,24-Sep-2019,4,2.2
V0184,25-Aug-2018,9,3.5
V0184,25-Aug-2019,10,3.2
V0184,25-Dec-2018,8,3.9
V0184,25-Jan-2019,7,2.1
V0184,25-Jun-2019,12,3.7
V0184,25-May-2019,14,3.4
V0184,25-Nov-2018,7,2.1
V0184,25-Nov-2019,6,3.5
V0184,25-Oct-2019,4,2.9
V0184,25-Sep-2018,9,4.1
V0184,26-Aug-2018,3,2.1
V0184,26-Aug-2019,3,3.3
V0184,26-Dec-2018,5,2.7
V0184,26-Jan-2019,8,4.1
V0184,26-May-2019,8,2.6
V0184,26-Nov-2018,12,4.1
V0184,26-Nov-2019,2,4.0
V0184,26-Oct-2018,4,2.4
V0184,26-Sep-2018,8,3.7
V0184,27-Aug-2018,13,4.2
V0184,27-Aug-2019,10,2.4
V0184,27-Jan-2019,15,2.8
V0184,27-Jul-2018,10,3.0
V0184,27-May-2019,9,2.5
V0184,27-Oct-2018,10,1.8
V0184,27-Oct-2019,9,2.3
V0184,27-Sep-2019,11,2.5
V0184,28-Aug-2018,5,2.9
V0184,28-Aug-2019,6,2.2
V0184,28-Dec-2018,11,3.9
V0184,28-Jan-2019,11,3.5
V0184,28-Jul-2019,6,2.0
V0184,28-Jun-2019,14,3.4
V0184,28-May-2019,12,3.4
V0184,28-Oct-2018,10,4.1
V0184,28-Oct-2019,5,1.8
V0184,28-Sep-2018,15,2.4
V0184,28-Sep-2019,8,4.0
V0184,29-Aug-2018,4,4.0
V0184,29-Dec-2018,16,3.5
V0184,29-Jan-2019,6,3.6
V0184,29-Jul-2018,2,2.0
V0184,29-Jul-2019,16,3.0
V0184,29-Jun-2019,5,2.4
V0184,29-May-2019,2,2.2
V0184,29-Oct-2018,9,3.7
V0184,29-Sep-2018,4,2.1
V0184,29-Sep-2019,8,2.9
V0184,30-Aug-2019,9,4.1
V0184,30-Dec-2018,10,2.2
V0184,30-Jul-2018,7,4.1
V0184,30-Jul-2019,6,4.2
V0184,30-Jun-2019,13,3.1
V0184,30-Nov-2018,10,2.2
V0184,30-Oct-2018,5,2.6
V0184,30-Oct-2019,5,2.8
V0184,30-Sep-2018,14,2.5
V0184,30-Sep-2019,14,2.5
V0184,31-Aug-2018,7,4.1
V0184,31-Dec-2018,9,2.2
V0184,31-Jul-2018,2,3.6
V0184,31-Jul-2019,5,1.8
V0184,31-May-2019,12,3.2
V0184,31-Oct-2018,6,4.0
V0188,01-Aug-2019,2,2.5
V0188,01-Jul-2019,13,2.2
V0188,01-Nov-2019,31,3.4
V0188,01-Sep-2019,19,3.5
V0188,02-Aug-2019,4,3.5
V0188,02-Jun-2019,6,2.6
V0188,02-Nov-2019,12,2.4
V0188,02-Oct-2019,26,4.1
V0188,02-Sep-2019,28,4.0
V0188,03-Jul-2019,4,2.9
V0188,03-Jun-2019,16,3.8
V0188,03-Nov-2019,29,2.9
V0188,03-Oct-2019,18,2.8
V0188,04-Aug-2019,4,2.2
V0188,04-Jul-2019,7,2.8
V0188,04-Nov-2019,23,3.1
V0188,04-Oct-2019,22,1.9
V0188,04-Sep-2019,4,2.9
V0188,05-Aug-2019,18,3.7
V0188,05-Jul-2019,8,3.4
V0188,05-Jun-2019,38,3.3
V0188,05-Oct-2019,16,4.0
V0188,05-Sep-2019,27,1.8
V0188,06-Jul-2019,8,3.1
V0188,06-Jun-2019,8,3.7
V0188,06-Nov-2019,5,3.1
V0188,06-Oct-2019,21,2.6
V0188,06-Sep-2019,9,2.1
V0188,07-Jul-2019,19,3.9
V0188,07-Jun-2019,14,2.9
V0188,07-Nov-2019,16,3.9
V0188,07-Oct-2019,6,3.2
V0188,07-Sep-2019,12,3.4
V0188,08-Aug-2019,7,3.7
V0188,08-Jul-2019,22,3.4
V0188,08-Oct-2019,28,2.8
V0188,08-Sep-2019,22,3.0
V0188,09-Jun-2019,19,3.7
V0188,09-Nov-2019,3,2.7
V0188,09-Sep-2019,19,2.7
V0188,10-Jul-2019,20,2.0
V0188,10-Jun-2019,13,4.0
V0188,10-Nov-2019,45,2.0
V0188,11-Aug-2019,17,3.4
V0188,11-Jul-2019,5,2.8
V0188,11-Nov-2019,25,2.8
V0188,11-Oct-2019,11,3.4
V0188,11-Sep-2019,5,2.0
V0188,12-Aug-2019,29,3.2
V0188,12-Jul-2019,14,3.7
V0188,12-Jun-2019,4,3.8
V0188,12-Oct-2019,27,2.2
V0188,12-Sep-2019,4,4.0
V0188,13-Jul-2019,45,3.4
V0188,13-Jun-2019,13,3.9
V0188,13-Nov-2019,28,3.0
V0188,13-Oct-2019,21,3.1
V0188,13-Sep-2019,11,4.0
V0188,14-Aug-2019,20,4.0
V0188,14-Jul-2019,58,2.9
V0188,14-Jun-2019,15,2.5
V0188,14-Sep-2019,20,2.7
V0188,15-Aug-2019,22,2.7
V0188,15-Jul-2019,20,2.5
V0188,15-Jun-2019,10,2.4
V0188,15-Nov-2019,38,3.9
V0188,15-Sep-2019,24,2.0
V0188,16-Aug-2019,25,3.4
V0188,16-Jun-2019,15,2.2
V0188,16-Oct-2019,8,2.6
V0188,16-Sep-2019,33,1.9
V0188,17-Aug-2019,16,2.4
V0188,17-Jul-2019,20,3.6
V0188,17-Jun-2019,10,3.9
V0188,17-Oct-2019,13,2.3
V0188,18-Aug-2019,27,2.9
V0188,18-Jul-2019,25,2.9
V0188,18-May-2019,12,3.9
V0188,18-Nov-2019,8,3.6
V0188,18-Oct-2019,11,3.0
V0188,18-Sep-2019,9,3.4
V0188,19-Aug-2019,37,3.8
V0188,19-Jul-2019,26,1.8
V0188,19-Jun-2019,4,2.8
V0188,19-May-2019,4,4.0
V0188,19-Oct-2019,24,3.6
V0188,19-Sep-2019,34,3.1
V0188,20-Jul-2019,24,3.1
V0188,20-Jun-2019,12,2.6
V0188,20-May-2019,17,3.0
V0188,20-Oct-2019,40,3.4
V0188,20-Sep-2019,15,2.8
V0188,21-Aug-2019,10,3.5
V0188,21-Jul-2019,24,3.9
V0188,21-Jun-2019,2,2.2
V0188,21-Nov-2019,8,2.9
V0188,21-Oct-2019,17,2.8
V0188,21-Sep-2019,16,3.4
V0188,22-Aug-2019,4,2.4
V0188,22-Jun-2019,3,3.3
V0188,22-Nov-2019,3,3.9
V0188,22-Sep-2019,17,2.8
V0188,23-Aug-2019,9,4.0
V0188,23-Jun-2019,14,4.2
V0188,23-May-2019,74,2.1
V0188,23-Oct-2019,8,2.4
V0188,23-Sep-2019,44,4.1
V0188,24-Aug-2019,5,4.1
V0188,24-May-2019,31,2.0
V0188,24-Oct-2019,9,1.8
V0188,25-Aug-2019,32,2.2
V0188,25-Oct-2019,4,4.2
V0188,26-Aug-2019,35,2.2
V0188,26-Jun-2019,4,3.0
V0188,26-May-2019,11,3.8
V0188,26-Oct-2019,10,1.8
V0188,26-Sep-2019,4,3.3
V0188,27-Jun-2019,5,2.5
V0188,27-May-2019,26,3.9
V0188,27-Oct-2019,22,2.5
V0188,27-Sep-2019,8,3.4
V0188,28-Aug-2019,4,3.4
V0188,28-Jul-2019,21,2.3
V0188,28-Jun-2019,9,1.9
V0188,28-Nov-2019,6,2.8
V0188,28-Oct-2019,20,2.5
V0188,28-Sep-2019,27,3.7
V0188,29-Aug-2019,4,3.7
V0188,29-Jul-2019,8,2.9
V0188,29-May-2019,2,3.3
V0188,29-Sep-2019,33,3.3
V0188,30-Aug-2019,12,3.8
V0188,30-Jul-2019,18,2.8
V0188,30-Jun-2019,39,2.5
V0188,30-Oct-2019,2,2.4
V0188,30-Sep-2019,21,3.1
V0188,31-Aug-2019,28,2.9
V0188,31-May-2019,4,2.9
V0188,31-Oct-2019,9,2.0
V0192,01-Aug-2019,7,3.5
V0192,01-Jul-2019,96,2.3
V0192,01-Jun-2019,17,2.3
V0192,01-Nov-2019,2,2.8
V0192,01-Oct-2019,12,2.3
V0192,01-Sep-2019,61,3.2
V0192,02-Aug-2019,13,2.7
V0192,02-Dec-2019,30,2.9
V0192,02-Jul-2019,58,3.1
V0192,02-Jun-2019,17,2.3
V0192,02-Nov-2019,8,2.2
V0192,02-Oct-2019,77,3.9
V0192,02-Sep-2019,28,2.8
V0192,03-Aug-2019,8,2.8
V0192,03-Dec-2019,42,1.9
V0192,03-Jul-2019,17,3.0
V0192,03-Nov-2019,4,3.1
V0192,03-Oct-2019,14,3.1
V0192,03-Sep-2019,21,3.5
V0192,04-Aug-2019,12,2.2
V0192,04-Dec-2019,2,2.4
V0192,04-Jul-2019,11,3.7
V0192,04-Jun-2019,17,4.1
V0192,04-Nov-2019,17,2.1
V0192,04-Oct-2019,10,3.0
V0192,04-Sep-2019,12,2.3
V0192,05-Aug-2019,17,1.9
V0192,05-Jul-2019,16,2.6
V0192,05-Jun-2019,74,2.1
V0192,05-Nov-2019,12,3.5
V0192,05-Oct-2019,9,3.1
V0192,05-Sep-2019,10,2.1
V0192,06-Aug-2019,27,1.8
V0192,06-Jul-2019,17,3.7
V0192,06-Jun-2019,6,2.2
V0192,06-Nov-2019,16,3.3
V0192,06-Oct-2019,26,2.6
V0192,06-Sep-2019,8,3.2
V0192,07-Aug-2019,23,2.6
V0192,07-Jul-2019,31,2.0
V0192,07-Jun-2019,6,2.3
V0192,07-Nov-2019,11,2.3
V0192,07-Oct-2019,56,2.8
V0192,07-Sep-2019,27,3.4
V0192,08-Jul-2019,7,2.4
V0192,08-Jun-2019,5,1.8
V0192,08-Nov-2019,23,3.0
V0192,08-Oct-2019,13,3.3
V0192,08-Sep-2019,29,4.1
V0192,09-Aug-2019,5,3.2
V0192,09-Jul-2019,27,2.9
V0192,09-Jun-2019,16,3.2
V0192,09-Nov-2019,9,4.0
V0192,09-Sep-2019,27,3.8
V0192,10-Aug-2019,18,2.6
V0192,10-Jul-2019,20,2.4
V0192,10-Jun-2019,95,2.4
V0192,10-Nov-2019,28,3.0
V0192,10-Oct-2019,5,3.6
V0192,11-Aug-2019,32,3.0
V0192,11-Jul-2019,15,2.0
V0192,11-Jun-2019,33,3.5
V0192,11-Sep-2019,11,3.7
V0192,12-Aug-2019,56,2.5
V0192,12-Jul-2019,43,3.4
V0192,12-Jun-2019,13,2.8
V0192,12-Oct-2019,5,3.9
V0192,12-Sep-2019,9,3.8
V0192,13-Aug-2019,21,3.1
V0192,13-Jul-2019,36,3.5
V0192,13-Jun-2019,30,3.9
V0192,13-Nov-2019,10,3.0
V0192,13-Oct-2019,17,2.6
V0192,13-Sep-2019,56,3.6
V0192,14-Aug-2019,9,2.3
V0192,14-Jul-2019,46,2.7
V0192,14-Jun-2019,28,3.9
V0192,14-Nov-2019,4,3.5
V0192,14-Oct-2019,33,2.8
V0192,14-Sep-2019,9,2.3
V0192,15-Aug-2019,8,2.7
V0192,15-Dec-2019,3,2.5
V0192,15-Jul-2019,34,2.2
V0192,15-Jun-2019,11,3.6
V0192,15-Nov-2019,2,2.4
V0192,15-Oct-2019,66,2.9
V0192,15-Sep-2019,23,2.7
V0192,16-Aug-2019,17,4.2
V0192,16-Dec-2019,47,2.7
V0192,16-Jul-2019,54,2.0
V0192,16-Jun-2019,9,2.0
V0192,16-Nov-2019,4,3.2
V0192,16-Oct-2019,14,3.2
V0192,16-Sep-2019,54,2.8
V0192,17-Aug-2019,11,2.8
V0192,17-Jul-2019,19,1.9
V0192,17-Jun-2019,9,3.0
V0192,17-Nov-2019,21,3.0
V0192,17-Oct-2019,5,2.2
V0192,17-Sep-2019,32,2.0
V0192,18-Aug-2019,14,2.1
V0192,18-Jul-2019,17,2.0
V0192,18-Jun-2019,65,3.3
V0192,18-May-2019,8,2.3
V0192,18-Nov-2019,6,2.4
V0192,18-Oct-2019,25,2.2
V0192,18-Sep-2019,20,4.1
V0192,19-Jun-2019,11,3.9
V0192,19-May-2019,21,2.4
V0192,19-Nov-2019,5,2.6
V0192,19-Oct-2019,7,2.3
V0192,19-Sep-2019,7,3.0
V0192,20-Aug-2019,29,1.8
V0192,20-Jul-2019,39,3.4
V0192,20-Jun-2019,5,3.1
V0192,20-Oct-2019,12,4.0
V0192,20-Sep-2019,17,2.2
V0192,21-Aug-2019,2,3.7
V0192,21-Jul-2019,22,3.7
V0192,21-Jun-2019,31,2.1
V0192,21-May-2019,26,2.8
V0192,21-Oct-2019,18,2.2
V0192,22-Jul-2019,10,2.4
V0192,22-Jun-2019,9,2.4
V0192,22-May-2019,19,3.1
V0192,22-Nov-2019,4,2.8
V0192,22-Oct-2019,12,4.1
V0192,22-Sep-2019,15,2.1
V0192,23-Aug-2019,7,4.1
V0192,23-May-2019,12,2.4
V0192,23-Oct-2019,2,3.7
V0192,24-Aug-2019,11,2.6
V0192,24-May-2019,18,2.1
V0192,24-Oct-2019,6,3.9
V0192,24-Sep-2019,30,2.5
V0192,25-Aug-2019,21,3.4
V0192,25-Jun-2019,27,3.2
V0192,25-May-2019,8,2.9
V0192,25-Oct-2019,10,3.0
V0192,25-Sep-2019,5,3.6
V0192,26-Aug-2019,31,2.0
V0192,26-Jul-2019,9,3.4
V0192,26-Jun-2019,13,3.9
V0192,26-May-2019,10,1.9
V0192,26-Nov-2019,2,2.1
V0192,26-Oct-2019,7,3.5
V0192,26-Sep-2019,5,2.8
V0192,27-Aug-2019,30,2.8
V0192,27-Jul-2019,4,2.1
V0192,27-May-2019,12,3.0
V0192,27-Oct-2019,16,2.1
V0192,27-Sep-2019,27,2.9
V0192,28-Aug-2019,15,3.6
V0192,28-Jul-2019,41,2.4
V0192,28-May-2019,8,3.0
V0192,28-Nov-2019,12,4.2
V0192,28-Oct-2019,72,3.4
V0192,28-Sep-2019,9,3.8
V0192,29-Aug-2019,21,2.8
V0192,29-Jun-2019,12,3.6
V0192,29-May-2019,5,1.9
V0192,29-Oct-2019,10,2.1
V0192,29-Sep-2019,12,2.3
V0192,30-Aug-2019,14,2.8
V0192,30-Jun-2019,21,3.8
V0192,30-May-2019,6,2.6
V0192,30-Oct-2019,4,3.4
V0192,31-Aug-2019,7,3.5
V0192,31-Jul-2019,40,3.2
V0192,31-May-2019,4,2.7
V0192,31-Oct-2019,2,3.2
V0194,01-Jul-2019,13,2.6
V0194,01-Oct-2019,13,2.0
V0194,01-Sep-2019,15,4.2
V0194,02-Dec-2019,7,2.1
V0194,02-Jul-2019,5,2.0
V0194,02-Jun-2019,2,3.9
V0194,02-Nov-2019,9,2.5
V0194,02-Oct-2019,6,3.4
V0194,02-Sep-2019,9,2.6
V0194,03-Aug-2019,9,2.7
V0194,03-Jul-2019,11,2.4
V0194,03-Jun-2019,4,2.6
V0194,03-Nov-2019,5,2.8
V0194,03-Oct-2019,14,3.5
V0194,03-Sep-2019,16,3.0
V0194,04-Aug-2019,2,4.1
V0194,04-Jul-2019,2,1.9
V0194,04-Jun-2019,7,3.0
V0194,04-Sep-2019,3,3.2
V0194,05-Aug-2019,8,4.0
V0194,05-Jun-2019,6,1.9
V0194,05-Nov-2019,18,3.2
V0194,05-Oct-2019,4,3.8
V0194,05-Sep-2019,15,2.4
V0194,06-Aug-2019,11,3.9
V0194,06-Jul-2019,2,1.8
V0194,06-Nov-2019,2,3.6
V0194,06-Oct-2019,2,4.0
V0194,07-Aug-2019,4,3.4
V0194,07-Jul-2019,19,2.9
V0194,07-Nov-2019,8,1.9
V0194,07-Oct-2019,25,4.0
V0194,07-Sep-2019,17,2.9
V0194,08-Aug-2019,4,1.9
V0194,08-Jul-2019,4,3.5
V0194,08-Jun-2019,2,3.0
V0194,08-Oct-2019,18,2.1
V0194,08-Sep-2019,3,2.3
V0194,09-Jul-2019,12,2.0
V0194,09-Nov-2019,2,3.2
V0194,09-Oct-2019,6,3.3
V0194,09-Sep-2019,3,3.0
V0194,10-Aug-2019,2,3.8
V0194,10-Jul-2019,7,3.9
V0194,10-Jun-2019,5,3.3
V0194,10-Oct-2019,8,1.8
V0194,10-Sep-2019,8,3.5
V0194,11-Dec-2019,10,2.8
V0194,11-Jul-2019,2,3.2
V0194,11-Jun-2019,12,3.4
V0194,11-Nov-2019,10,2.6
V0194,11-Sep-2019,5,4.0
V0194,12-Aug-2019,11,2.1
V0194,12-Jun-2019,11,3.4
V0194,12-Nov-2019,4,1.8
V0194,12-Oct-2019,6,4.0
V0194,12-Sep-2019,8,2.1
V0194,13-Aug-2019,2,2.0
V0194,13-Jul-2019,8,2.6
V0194,13-Jun-2019,2,2.7
V0194,13-Nov-2019,2,2.3
V0194,13-Oct-2019,14,3.2
V0194,14-Jul-2019,12,2.9
V0194,14-Jun-2019,13,1.9
V0194,14-Oct-2019,9,2.6
V0194,15-Aug-2019,14,3.7
V0194,15-Jul-2019,21,3.5
V0194,15-Oct-2019,15,3.5
V0194,15-Sep-2019,4,3.5
V0194,16-Jul-2019,15,2.5
V0194,16-Jun-2019,4,2.0
V0194,16-Nov-2019,4,2.5
V0194,16-Oct-2019,2,3.8
V0194,16-Sep-2019,7,4.2
V0194,17-Aug-2019,4,3.0
V0194,17-Jul-2019,20,1.8
V0194,17-Oct-2019,3,2.1
V0194,17-Sep-2019,3,2.6
V0194,18-Aug-2019,2,3.2
V0194,18-Jun-2019,7,2.0
V0194,18-May-2019,2,4.1
V0194,18-Sep-2019,5,2.7
V0194,19-Aug-2019,6,4.0
V0194,19-Jul-2019,8,3.7
V0194,19-May-2019,4,3.6
V0194,19-Sep-2019,2,3.3
V0194,20-Aug-2019,4,3.3
V0194,20-Jul-2019,4,3.3
V0194,20-Jun-2019,6,3.3
V0194,20-May-2019,3,3.1
V0194,20-Nov-2019,4,4.2
V0194,21-Aug-2019,2,3.6
V0194,21-Jul-2019,6,3.7
V0194,21-May-2019,8,3.9
V0194,21-Nov-2019,2,2.3
V0194,21-Oct-2019,6,2.0
V0194,21-Sep-2019,2,3.0
V0194,22-Aug-2019,4,3.0
V0194,22-Jul-2019,3,3.8
V0194,22-Jun-2019,9,2.9
V0194,22-May-2019,5,3.2
V0194,22-Nov-2019,2,3.1
V0194,22-Oct-2019,7,1.9
V0194,22-Sep-2019,2,3.3
V0194,23-Jul-2019,1,3.8
V0194,23-Jun-2019,4,2.2
V0194,23-May-2019,16,3.2
V0194,23-Nov-2019,3,3.2
V0194,23-Oct-2019,2,2.2
V0194,24-Jul-2019,6,2.1
V0194,24-Jun-2019,15,4.2
V0194,24-Nov-2019,2,2.7
V0194,24-Oct-2019,5,2.3
V0194,24-Sep-2019,13,2.2
V0194,25-Aug-2019,2,3.4
V0194,25-Jul-2019,6,3.3
V0194,25-Jun-2019,4,3.3
V0194,25-May-2019,4,2.0
V0194,25-Sep-2019,10,3.9
V0194,26-Aug-2019,2,2.7
V0194,26-Oct-2019,5,2.6
V0194,26-Sep-2019,2,2.9
V0194,27-Aug-2019,4,2.7
V0194,27-Jun-2019,5,3.9
V0194,27-May-2019,6,4.0
V0194,27-Oct-2019,6,2.5
V0194,28-Aug-2019,20,3.9
V0194,28-May-2019,5,3.7
V0194,28-Oct-2019,16,4.0
V0194,28-Sep-2019,4,2.4
V0194,29-Oct-2019,19,3.2
V0194,29-Sep-2019,4,2.5
V0194,30-Jun-2019,11,3.8
V0194,30-May-2019,6,1.8
V0194,30-Oct-2019,4,3.2
V0194,30-Sep-2019,7,2.6
V0194,31-Aug-2019,3,2.6
V0194,31-Jul-2019,2,3.3
V0199,01-Jul-2019,16,3.8
V0199,01-Jun-2019,21,3.3
V0199,01-Nov-2019,2,3.8
V0199,01-Oct-2019,33,2.4
V0199,01-Sep-2019,12,3.0
V0199,02-Aug-2019,16,2.9
V0199,02-Jul-2019,9,1.8
V0199,02-Jun-2019,6,3.1
V0199,02-Nov-2019,8,3.4
V0199,02-Oct-2019,11,3.2
V0199,02-Sep-2019,21,3.6
V0199,03-Aug-2019,7,3.2
V0199,03-Jul-2019,7,2.0
V0199,03-Jun-2019,20,2.1
V0199,03-Nov-2019,18,3.2
V0199,03-Sep-2019,9,2.5
V0199,04-Aug-2019,10,2.0
V0199,04-Jun-2019,14,2.8
V0199,04-Nov-2019,25,3.1
V0199,04-Oct-2019,8,2.6
V0199,05-Aug-2019,18,3.5
V0199,05-Jul-2019,11,3.3
V0199,05-Jun-2019,12,2.6
V0199,05-Nov-2019,26,3.6
V0199,05-Oct-2019,14,3.4
V0199,06-Aug-2019,8,3.3
V0199,06-Jul-2019,16,3.1
V0199,06-Nov-2019,16,1.8
V0199,06-Oct-2019,9,3.5
V0199,06-Sep-2019,12,2.7
V0199,07-Aug-2019,11,4.1
V0199,07-Jul-2019,7,3.8
V0199,07-Jun-2019,9,3.2
V0199,07-Oct-2019,26,2.4
V0199,07-Sep-2019,27,2.3
V0199,08-Dec-2019,18,2.6
V0199,08-Jul-2019,36,2.9
V0199,08-Jun-2019,6,2.5
V0199,08-Nov-2019,22,3.0
V0199,08-Oct-2019,23,2.2
V0199,08-Sep-2019,18,4.1
V0199,09-Aug-2019,10,2.1
V0199,09-Jul-2019,24,4.0
V0199,09-Jun-2019,6,4.0
V0199,09-Nov-2019,7,3.1
V0199,09-Oct-2019,29,3.5
V0199,09-Sep-2019,24,2.8
V0199,10-Aug-2019,4,3.3
V0199,10-Jul-2019,15,2.6
V0199,10-Jun-2019,21,2.5
V0199,10-Nov-2019,21,3.2
V0199,10-Sep-2019,40,3.0
V0199,11-Aug-2019,25,3.2
V0199,11-Jun-2019,8,2.5
V0199,11-Nov-2019,23,2.7
V0199,11-Oct-2019,5,2.0
V0199,11-Sep-2019,6,1.9
V0199,12-Aug-2019,4,2.4
V0199,12-Jul-2019,7,2.0
V0199,12-Jun-2019,9,2.0
V0199,12-Nov-2019,18,3.8
V0199,12-Oct-2019,9,1.9
V0199,13-Aug-2019,16,3.4
V0199,13-Jul-2019,27,2.5
V0199,13-Oct-2019,21,3.9
V0199,13-Sep-2019,4,3.0
V0199,14-Jul-2019,14,2.5
V0199,14-Jun-2019,14,3.0
V0199,14-Oct-2019,17,2.7
V0199,14-Sep-2019,10,3.2
V0199,15-Jul-2019,23,2.1
V0199,15-Jun-2019,5,4.2
V0199,15-Oct-2019,33,2.8
V0199,15-Sep-2019,11,2.6
V0199,16-Aug-2019,15,3.5
V0199,16-Jul-2019,37,2.7
V0199,16-Jun-2019,2,3.8
V0199,16-Nov-2019,2,2.9
V0199,16-Sep-2019,30,3.5
V0199,17-Aug-2019,10,2.1
V0199,17-Jul-2019,26,3.8
V0199,17-Jun-2019,22,3.6
V0199,17-Sep-2019,19,2.3
V0199,18-Aug-2019,16,2.1
V0199,18-Jun-2019,26,2.6
V0199,18-May-2019,7,4.1
V0199,18-Nov-2019,6,2.4
V0199,18-Oct-2019,18,2.9
V0199,18-Sep-2019,10,1.9
V0199,19-Aug-2019,18,2.8
V0199,19-Jul-2019,21,3.2
V0199,19-Jun-2019,21,4.1
V0199,19-May-2019,20,3.0
V0199,19-Nov-2019,23,3.8
V0199,19-Oct-2019,18,3.1
V0199,20-Aug-2019,23,1.9
V0199,20-Jul-2019,40,2.6
V0199,20-May-2019,17,3.2
V0199,20-Oct-2019,23,4.1
V0199,20-Sep-2019,12,3.9
V0199,21-Aug-2019,11,2.3
V0199,21-Jul-2019,25,2.3
V0199,21-Jun-2019,13,2.3
V0199,21-May-2019,7,4.0
V0199,21-Oct-2019,20,3.8
V0199,21-Sep-2019,8,3.7
V0199,22-Jul-2019,16,2.7
V0199,22-Jun-2019,6,3.0
V0199,22-Oct-2019,7,2.9
V0199,22-Sep-2019,12,2.4
V0199,23-Aug-2019,9,3.0
V0199,23-Jul-2019,12,1.9
V0199,23-Jun-2019,20,2.1
V0199,23-Nov-2019,4,3.9
V0199,23-Oct-2019,14,3.6
V0199,23-Sep-2019,14,2.8
V0199,24-Aug-2019,9,3.0
V0199,24-Jul-2019,32,2.7
V0199,24-Jun-2019,19,3.6
V0199,24-May-2019,12,3.7
V0199,24-Sep-2019,20,3.6
V0199,25-Aug-2019,12,3.5
V0199,25-Jul-2019,29,2.3
V0199,25-Jun-2019,18,2.6
V0199,25-May-2019,7,2.9
V0199,25-Nov-2019,2,2.6
V0199,25-Oct-2019,4,3.6
V0199,25-Sep-2019,10,2.6
V0199,26-Aug-2019,25,2.1
V0199,26-May-2019,3,2.8
V0199,26-Oct-2019,6,4.2
V0199,27-Aug-2019,13,2.3
V0199,27-May-2019,13,3.3
V0199,27-Oct-2019,11,2.8
V0199,27-Sep-2019,16,2.0
V0199,28-Aug-2019,9,3.0
V0199,28-Jul-2019,23,3.5
V0199,28-Jun-2019,12,3.0
V0199,28-May-2019,9,3.9
V0199,28-Oct-2019,8,2.5
V0199,28-Sep-2019,12,2.0
V0199,29-Jul-2019,21,4.0
V0199,29-Jun-2019,17,2.7
V0199,29-May-2019,4,3.2
V0199,29-Oct-2019,32,3.7
V0199,29-Sep-2019,31,2.6
V0199,30-Aug-2019,9,3.5
V0199,30-Jul-2019,11,2.1
V0199,30-Jun-2019,7,2.5
V0199,30-Oct-2019,2,2.1
V0199,30-Sep-2019,46,3.7
V0199,31-Aug-2019,14,2.3
V0199,31-Jul-2019,15,3.5
V0199,31-May-2019,13,4.1
V0200,01-Jul-2019,13,3.1
V0200,01-Jun-2019,3,3.1
V0200,01-Nov-2019,19,2.9
V0200,01-Oct-2019,4,2.6
V0200,01-Sep-2019,3,2.9
V0200,02-Jul-2019,2,3.2
V0200,02-Jun-2019,3,4.2
V0200,02-Sep-2019,22,4.1
V0200,03-Jun-2019,7,3.9
V0200,04-Aug-2019,6,3.9
V0200,04-Jul-2019,6,2.9
V0200,04-Jun-2019,4,3.4
V0200,04-Nov-2019,3,3.9
V0200,04-Sep-2019,4,2.7
V0200,05-Aug-2019,18,4.1
V0200,05-Sep-2019,12,2.8
V0200,06-Nov-2019,6,3.2
V0200,06-Oct-2019,3,3.5
V0200,07-Jul-2019,18,4.1
V0200,08-Aug-2019,4,2.4
V0200,08-Jun-2019,3,3.6
V0200,08-Nov-2019,3,3.0
V0200,08-Oct-2019,4,2.4
V0200,08-Sep-2019,7,3.7
V0200,09-Jul-2019,9,3.1
V0200,09-Jun-2019,3,3.4
V0200,09-Nov-2019,8,2.6
V0200,09-Oct-2019,3,3.0
V0200,09-Sep-2019,5,3.3
V0200,10-Aug-2019,9,2.8
V0200,10-Jun-2019,9,2.3
V0200,11-Aug-2019,4,4.1
V0200,11-Jun-2019,4,3.0
V0200,11-Nov-2019,7,3.6
V0200,11-Oct-2019,3,2.8
V0200,11-Sep-2019,3,2.7
V0200,12-Jul-2019,2,2.8
V0200,12-Nov-2019,2,2.8
V0200,12-Sep-2019,6,3.1
V0200,13-Jul-2019,16,3.1
V0200,13-Jun-2019,5,3.0
V0200,13-Oct-2019,4,2.1
V0200,13-Sep-2019,6,3.0
V0200,14-Jun-2019,6,2.2
V0200,14-Nov-2019,3,2.1
V0200,14-Oct-2019,3,4.0
V0200,15-Aug-2019,5,3.3
V0200,15-Jul-2019,11,3.4
V0200,15-Oct-2019,5,2.8
V0200,15-Sep-2019,7,4.0
V0200,16-Aug-2019,4,3.3
V0200,16-Jul-2019,4,3.6
V0200,16-Jun-2019,3,2.7
V0200,16-Sep-2019,8,4.1
V0200,17-Aug-2019,3,3.8
V0200,17-Jul-2019,16,3.8
V0200,17-Jun-2019,5,2.2
V0200,17-Oct-2019,6,2.5
V0200,17-Sep-2019,6,2.5
V0200,18-Jul-2019,3,2.5
V0200,18-Oct-2019,3,3.9
V0200,18-Sep-2019,2,1.9
V0200,19-Aug-2019,2,2.0
V0200,19-Jul-2019,2,2.5
V0200,19-Jun-2019,6,2.3
V0200,19-Oct-2019,4,2.4
V0200,19-Sep-2019,5,3.7
V0200,20-Aug-2019,6,3.2
V0200,20-May-2019,17,1.8
V0200,20-Oct-2019,7,2.8
V0200,21-Aug-2019,2,2.8
V0200,21-Jul-2019,2,2.1
V0200,21-Jun-2019,8,3.4
V0200,21-May-2019,5,3.5
V0200,21-Oct-2019,2,3.5
V0200,22-Aug-2019,3,3.5
V0200,22-Jul-2019,35,1.8
V0200,22-Jun-2019,2,4.1
V0200,22-May-2019,3,3.8
V0200,22-Oct-2019,3,4.0
V0200,22-Sep-2019,6,1.8
V0200,23-Aug-2019,3,4.0
V0200,23-Jun-2019,3,3.7
V0200,23-Oct-2019,3,3.8
V0200,24-Jul-2019,2,2.0
V0200,24-Jun-2019,7,3.6
V0200,24-May-2019,8,4.1
V0200,24-Oct-2019,5,3.4
V0200,24-Sep-2019,10,3.2
V0200,25-Aug-2019,7,4.1
V0200,25-Jul-2019,7,2.9
V0200,25-Jun-2019,4,3.2
V0200,25-May-2019,3,2.9
V0200,25-Sep-2019,15,4.0
V0200,26-Aug-2019,3,2.0
V0200,26-Oct-2019,5,3.0
V0200,27-Jun-2019,7,3.4
V0200,27-Oct-2019,11,3.7
V0200,28-Aug-2019,3,3.2
V0200,28-Jul-2019,2,4.0
V0200,28-Jun-2019,13,4.1
V0200,28-May-2019,9,2.0
V0200,28-Oct-2019,3,2.8
V0200,28-Sep-2019,3,1.9
V0200,29-Jun-2019,5,2.6
V0200,29-May-2019,4,3.1
V0200,29-Oct-2019,23,4.0
V0200,29-Sep-2019,9,3.8
V0200,30-Aug-2019,2,2.1
V0200,30-Jul-2019,6,2.0
V0200,30-Oct-2019,10,3.2
V0200,30-Sep-2019,27,3.1
V0200,31-Aug-2019,23,2.4
V0200,31-Oct-2019,9,4.0
V0201,01-Nov-2019,2,4.0
V0201,01-Sep-2019,20,2.8
V0201,02-Aug-2019,3,3.9
V0201,02-Jul-2019,9,2.7
V0201,02-Jun-2019,2,3.6
V0201,02-Oct-2019,2,2.9
V0201,02-Sep-2019,3,2.1
V0201,03-Aug-2019,2,4.0
V0201,03-Jul-2019,2,2.9
V0201,03-Jun-2019,4,3.6
V0201,03-Nov-2019,12,2.7
V0201,03-Oct-2019,5,1.8
V0201,04-Aug-2019,15,2.0
V0201,04-Nov-2019,7,3.0
V0201,04-Oct-2019,13,3.5
V0201,04-Sep-2019,2,2.6
V0201,05-Aug-2019,8,3.5
V0201,05-Jul-2019,6,3.5
V0201,05-Oct-2019,12,3.5
V0201,05-Sep-2019,3,3.0
V0201,07-Aug-2019,10,4.0
V0201,07-Jul-2019,15,3.0
V0201,07-Jun-2019,5,2.9
V0201,07-Nov-2019,4,2.3
V0201,07-Oct-2019,20,2.5
V0201,07-Sep-2019,6,1.9
V0201,08-Jul-2019,7,3.3
V0201,08-Nov-2019,5,2.4
V0201,08-Sep-2019,7,2.5
V0201,09-Aug-2019,6,3.6
V0201,09-Jul-2019,3,2.6
V0201,09-Jun-2019,14,2.4
V0201,09-Nov-2019,4,2.2
V0201,09-Oct-2019,2,3.7
V0201,09-Sep-2019,6,2.1
V0201,10-Jul-2019,5,2.9
V0201,10-Oct-2019,7,3.0
V0201,10-Sep-2019,4,3.4
V0201,11-Jul-2019,6,3.3
V0201,11-Nov-2019,4,3.7
V0201,11-Sep-2019,2,1.9
V0201,12-Aug-2019,12,2.5
V0201,12-Jul-2019,15,2.5
V0201,12-Sep-2019,4,2.2
V0201,13-Jul-2019,20,2.5
V0201,13-Jun-2019,8,2.5
V0201,13-Oct-2019,13,3.1
V0201,13-Sep-2019,4,3.4
V0201,14-Aug-2019,3,2.7
V0201,14-Jul-2019,10,3.5
V0201,14-Oct-2019,4,2.6
V0201,15-Jul-2019,18,2.5
V0201,15-Nov-2019,6,3.1
V0201,15-Oct-2019,2,1.9
V0201,15-Sep-2019,19,2.0
V0201,16-Aug-2019,21,2.8
V0201,16-Jul-2019,4,4.1
V0201,16-Jun-2019,18,3.5
V0201,16-Nov-2019,8,2.0
V0201,16-Oct-2019,6,3.8
V0201,16-Sep-2019,4,3.6
V0201,17-Aug-2019,2,3.3
V0201,17-Jul-2019,3,3.8
V0201,18-Aug-2019,12,2.8
V0201,18-Jul-2019,15,2.3
V0201,18-May-2019,4,3.0
V0201,19-Aug-2019,2,3.1
V0201,19-Jul-2019,12,3.1
V0201,19-Jun-2019,21,3.2
V0201,19-May-2019,13,4.1
V0201,19-Sep-2019,8,4.0
V0201,20-Jul-2019,6,3.9
V0201,20-May-2019,10,3.7
V0201,20-Oct-2019,5,4.1
V0201,20-Sep-2019,2,2.0
V0201,21-Jun-2019,2,2.4
V0201,21-Nov-2019,3,3.0
V0201,21-Oct-2019,6,3.8
V0201,21-Sep-2019,4,3.0
V0201,22-Nov-2019,2,3.6
V0201,22-Sep-2019,4,2.1
V0201,23-Jun-2019,17,2.4
V0201,23-Oct-2019,2,3.6
V0201,23-Sep-2019,4,2.2
V0201,24-Jun-2019,10,2.6
V0201,24-May-2019,2,2.4
V0201,24-Oct-2019,8,2.6
V0201,25-Aug-2019,6,3.5
V0201,25-May-2019,4,2.7
V0201,26-Aug-2019,3,3.1
V0201,26-Jun-2019,8,2.0
V0201,26-May-2019,3,3.7
V0201,26-Oct-2019,4,2.7
V0201,26-Sep-2019,7,3.4
V0201,27-Nov-2019,2,3.5
V0201,27-Oct-2019,9,2.3
V0201,27-Sep-2019,6,3.9
V0201,28-Aug-2019,2,3.3
V0201,28-Jul-2019,2,2.8
V0201,28-Jun-2019,6,2.2
V0201,28-Oct-2019,9,4.1
V0201,29-Aug-2019,2,3.6
V0201,29-Jun-2019,4,2.3
V0201,29-Sep-2019,7,2.6
V0201,30-Jun-2019,19,3.7
V0201,30-May-2019,5,3.5
V0201,30-Sep-2019,2,3.6
V0201,31-May-2019,2,2.9
V0201,31-Oct-2019,2,3.5
V0203,01-Jul-2019,2,2.7
V0203,15-Jun-2019,6,2.3
V0203,20-Sep-2019,4,3.3
V0204,01-Aug-2019,6,4.1
V0204,01-Jul-2019,15,2.5
V0204,01-Nov-2019,6,2.9
V0204,01-Oct-2019,3,3.4
V0204,01-Sep-2019,12,3.1
V0204,02-Aug-2019,10,3.8
V0204,02-Jul-2019,3,3.6
V0204,02-Jun-2019,14,1.9
V0204,02-Sep-2019,13,4.2
V0204,03-Aug-2019,4,3.6
V0204,03-Jul-2019,18,3.9
V0204,03-Jun-2019,2,3.4
V0204,03-Nov-2019,10,3.9
V0204,03-Oct-2019,2,2.1
V0204,04-Aug-2019,2,2.6
V0204,04-Jun-2019,2,3.9
V0204,04-Nov-2019,2,2.3
V0204,04-Oct-2019,5,2.0
V0204,05-Aug-2019,19,3.7
V0204,05-Jul-2019,5,3.8
V0204,05-Jun-2019,5,2.2
V0204,05-Nov-2019,6,3.9
V0204,05-Oct-2019,4,3.4
V0204,06-Jul-2019,12,3.0
V0204,06-Nov-2019,7,3.8
V0204,06-Oct-2019,17,2.8
V0204,06-Sep-2019,2,2.3
V0204,07-Jul-2019,16,2.5
V0204,07-Jun-2019,9,3.0
V0204,07-Nov-2019,2,3.1
V0204,07-Oct-2019,12,3.7
V0204,08-Aug-2019,4,3.7
V0204,08-Jul-2019,7,3.2
V0204,08-Jun-2019,2,3.7
V0204,08-Oct-2019,15,2.3
V0204,08-Sep-2019,11,1.9
V0204,09-Aug-2019,2,3.9
V0204,09-Jul-2019,13,2.0
V0204,09-Jun-2019,13,2.4
V0204,09-Nov-2019,2,3.5
V0204,09-Oct-2019,4,2.8
V0204,10-Jul-2019,9,3.9
V0204,10-Nov-2019,10,2.5
V0204,10-Oct-2019,6,1.8
V0204,11-Aug-2019,18,2.5
V0204,11-Jul-2019,5,3.2
V0204,11-Nov-2019,9,2.7
V0204,12-Oct-2019,16,3.1
V0204,12-Sep-2019,6,3.9
V0204,13-Jul-2019,8,4.0
V0204,13-Jun-2019,5,2.4
V0204,13-Oct-2019,6,2.9
V0204,14-Jul-2019,7,3.1
V0204,14-Nov-2019,3,4.1
V0204,14-Oct-2019,8,4.2
V0204,14-Sep-2019,9,2.4
V0204,15-Jul-2019,6,3.5
V0204,15-Jun-2019,3,2.7
V0204,15-Nov-2019,4,1.8
V0204,15-Oct-2019,9,1.8
V0204,15-Sep-2019,6,2.9
V0204,16-Aug-2019,8,3.0
V0204,16-Jul-2019,2,1.9
V0204,16-Jun-2019,14,3.4
V0204,16-Oct-2019,2,2.5
V0204,16-Sep-2019,9,3.1
V0204,17-Aug-2019,5,2.5
V0204,17-Jul-2019,2,2.2
V0204,17-Jun-2019,5,2.8
V0204,17-Oct-2019,2,2.4
V0204,17-Sep-2019,2,3.1
V0204,18-Aug-2019,9,2.3
V0204,18-Jul-2019,2,3.0
V0204,18-Jun-2019,11,2.2
V0204,18-Oct-2019,4,3.4
V0204,18-Sep-2019,4,3.6
V0204,19-Aug-2019,12,2.1
V0204,19-Jul-2019,20,2.9
V0204,19-Jun-2019,8,2.0
V0204,19-May-2019,14,3.2
V0204,19-Oct-2019,7,2.4
V0204,19-Sep-2019,18,3.1
V0204,20-Jul-2019,2,3.0
V0204,20-Jun-2019,4,4.0
V0204,20-Oct-2019,17,3.1
V0204,20-Sep-2019,7,3.2
V0204,21-Aug-2019,4,2.8
V0204,21-Jun-2019,13,4.1
V0204,21-May-2019,3,3.7
V0204,21-Oct-2019,9,2.5
V0204,21-Sep-2019,5,3.8
V0204,22-Aug-2019,7,2.8
V0204,22-Jun-2019,4,3.8
V0204,22-May-2019,2,3.8
V0204,22-Oct-2019,4,2.3
V0204,22-Sep-2019,8,3.5
V0204,23-Aug-2019,2,2.5
V0204,23-Jun-2019,8,2.5
V0204,23-May-2019,2,2.5
V0204,23-Oct-2019,6,3.5
V0204,23-Sep-2019,11,2.4
V0204,24-Aug-2019,3,1.8
V0204,24-Jun-2019,17,3.5
V0204,24-May-2019,7,2.2
V0204,24-Oct-2019,2,2.1
V0204,24-Sep-2019,9,2.4
V0204,25-Aug-2019,15,2.7
V0204,25-Jun-2019,2,2.9
V0204,25-May-2019,5,1.9
V0204,25-Oct-2019,5,4.1
V0204,25-Sep-2019,6,3.5
V0204,26-Aug-2019,3,2.6
V0204,26-May-2019,10,2.6
V0204,26-Sep-2019,4,2.9
V0204,27-Aug-2019,5,3.3
V0204,27-Jun-2019,8,2.2
V0204,27-May-2019,4,2.3
V0204,27-Oct-2019,18,3.9
V0204,27-Sep-2019,3,2.4
V0204,28-Aug-2019,2,2.7
V0204,28-Jul-2019,4,3.9
V0204,28-Jun-2019,6,3.4
V0204,28-Oct-2019,15,2.6
V0204,28-Sep-2019,2,3.4
V0204,29-Jul-2019,6,1.8
V0204,29-May-2019,3,3.6
V0204,29-Oct-2019,2,3.0
V0204,29-Sep-2019,4,3.8
V0204,30-Aug-2019,6,4.1
V0204,30-Jul-2019,6,4.0
V0204,30-Jun-2019,8,4.0
V0204,30-May-2019,23,3.0
V0204,30-Sep-2019,6,2.7
V0204,31-Aug-2019,23,2.9
V0204,31-May-2019,2,3.5
V0206,01-Jul-2019,1,3.9
V0206,01-Jun-2019,1,2.3
V0206,01-Nov-2019,5,4.0
V0206,02-Jul-2019,5,3.8
V0206,02-Jun-2019,4,4.1
V0206,02-Nov-2019,6,3.9
V0206,02-Oct-2019,8,2.5
V0206,02-Sep-2019,4,2.1
V0206,03-Aug-2019,1,2.1
V0206,03-Jul-2019,3,2.5
V0206,03-Nov-2019,6,3.3
V0206,03-Sep-2019,1,3.7
V0206,04-Aug-2019,1,4.0
V0206,04-Sep-2019,2,3.3
V0206,05-Aug-2019,5,1.8
V0206,05-Nov-2019,8,2.2
V0206,05-Oct-2019,8,2.0
V0206,06-Nov-2019,1,2.7
V0206,07-Jul-2019,2,3.0
V0206,07-Oct-2019,6,1.9
V0206,08-Jul-2019,8,2.6
V0206,08-Jun-2019,5,2.2
V0206,08-Nov-2019,4,3.4
V0206,08-Oct-2019,5,2.9
V0206,08-Sep-2019,1,3.0
V0206,09-Jul-2019,3,2.8
V0206,09-Jun-2019,3,4.1
V0206,09-Sep-2019,6,2.3
V0206,10-Jul-2019,1,3.0
V0206,10-Jun-2019,2,3.6
V0206,10-Sep-2019,2,3.1
V0206,11-Aug-2019,2,4.0
V0206,11-Sep-2019,2,2.7
V0206,12-Aug-2019,3,2.9
V0206,12-Jun-2019,1,2.0
V0206,13-Aug-2019,3,3.3
V0206,13-Jul-2019,1,2.5
V0206,13-Sep-2019,3,2.2
V0206,14-Jul-2019,5,3.1
V0206,14-Jun-2019,6,3.1
V0206,14-Oct-2019,4,2.0
V0206,14-Sep-2019,1,3.5
V0206,15-Jul-2019,5,3.3
V0206,15-Jun-2019,3,2.3
V0206,15-Oct-2019,2,2.9
V0206,15-Sep-2019,3,3.5
V0206,16-Jun-2019,1,3.1
V0206,16-Oct-2019,1,2.7
V0206,17-Aug-2019,3,2.6
V0206,17-Jun-2019,6,3.3
V0206,17-Sep-2019,1,4.1
V0206,18-Jun-2019,2,3.4
V0206,18-May-2019,2,2.0
V0206,18-Oct-2019,3,2.9
V0206,18-Sep-2019,3,3.9
V0206,19-Aug-2019,6,2.0
V0206,19-Jun-2019,1,4.2
V0206,19-May-2019,2,4.1
V0206,19-Oct-2019,11,2.0
V0206,20-Aug-2019,8,4.0
V0206,20-Jul-2019,7,2.7
V0206,20-May-2019,5,3.8
V0206,20-Oct-2019,2,2.8
V0206,20-Sep-2019,1,2.9
V0206,21-Aug-2019,6,3.3
V0206,21-Jul-2019,6,3.7
V0206,21-Oct-2019,5,1.9
V0206,22-Jul-2019,2,3.2
V0206,22-May-2019,6,2.2
V0206,22-Oct-2019,4,2.6
V0206,22-Sep-2019,2,2.6
V0206,23-Aug-2019,1,2.9
V0206,23-Jun-2019,5,2.6
V0206,23-Oct-2019,3,2.1
V0206,23-Sep-2019,7,2.1
V0206,24-Jun-2019,4,1.9
V0206,24-May-2019,1,2.9
V0206,24-Oct-2019,4,4.1
V0206,24-Sep-2019,1,2.1
V0206,25-Jun-2019,9,4.1
V0206,25-May-2019,4,3.6
V0206,25-Oct-2019,4,3.3
V0206,26-Aug-2019,1,3.3
V0206,26-Jul-2019,4,3.8
V0206,26-Jun-2019,4,2.1
V0206,26-May-2019,3,3.0
V0206,26-Oct-2019,10,3.5
V0206,27-May-2019,6,3.2
V0206,27-Oct-2019,5,3.8
V0206,28-Aug-2019,3,2.0
V0206,28-Jun-2019,1,3.5
V0206,28-May-2019,2,3.1
V0206,28-Oct-2019,5,2.7
V0206,29-Jun-2019,6,2.6
V0206,29-Oct-2019,2,3.3
V0206,29-Sep-2019,1,3.9
V0206,30-Aug-2019,1,3.0
V0206,30-Jul-2019,4,3.8
V0206,31-Aug-2019,1,2.8
V0206,31-May-2019,3,2.0
V0206,31-Oct-2019,2,1.9
V0208,01-Aug-2019,7,1.9
V0208,01-Jul-2019,14,2.7
V0208,01-Jun-2019,2,2.6
V0208,01-Nov-2019,16,3.5
V0208,01-Oct-2019,5,3.6
V0208,02-Jun-2019,8,1.9
V0208,02-Oct-2019,2,2.3
V0208,03-Aug-2019,3,2.5
V0208,03-Jul-2019,13,3.1
V0208,03-Jun-2019,8,2.1
V0208,03-Nov-2019,6,2.1
V0208,03-Sep-2019,3,4.1
V0208,04-Aug-2019,5,3.7
V0208,04-Jul-2019,13,2.2
V0208,04-Jun-2019,17,2.8
V0208,04-Nov-2019,4,2.7
V0208,05-Aug-2019,7,3.7
V0208,05-Jul-2019,16,3.0
V0208,05-Jun-2019,13,2.1
V0208,05-Oct-2019,13,3.6
V0208,06-Jun-2019,7,2.8
V0208,06-Nov-2019,5,2.4
V0208,06-Oct-2019,2,2.7
V0208,07-Aug-2019,9,3.0
V0208,07-Jul-2019,24,2.6
V0208,07-Jun-2019,2,2.4
V0208,07-Oct-2019,20,2.8
V0208,08-Aug-2019,6,1.8
V0208,08-Jul-2019,40,3.7
V0208,08-Oct-2019,23,2.2
V0208,09-Jul-2019,30,1.9
V0208,09-Jun-2019,23,3.4
V0208,09-Nov-2019,2,3.7
V0208,09-Oct-2019,7,3.8
V0208,09-Sep-2019,2,3.0
V0208,10-Jul-2019,10,2.3
V0208,10-Jun-2019,11,3.6
V0208,10-Oct-2019,25,3.5
V0208,10-Sep-2019,6,2.4
V0208,11-Jul-2019,12,4.0
V0208,11-Jun-2019,12,2.1
V0208,11-Nov-2019,11,4.2
V0208,11-Oct-2019,2,3.9
V0208,11-Sep-2019,7,3.5
V0208,12-Aug-2019,15,4.1
V0208,12-Jul-2019,10,3.5
V0208,13-Jul-2019,36,2.3
V0208,13-Jun-2019,12,2.9
V0208,13-Oct-2019,12,2.0
V0208,13-Sep-2019,3,2.7
V0208,14-Aug-2019,26,3.6
V0208,14-Jul-2019,20,2.7
V0208,14-Jun-2019,5,2.6
V0208,14-Oct-2019,8,3.2
V0208,14-Sep-2019,20,3.9
V0208,15-Nov-2019,11,1.9
V0208,15-Oct-2019,3,2.7
V0208,16-Jul-2019,11,2.2
V0208,16-Sep-2019,22,3.5
V0208,17-Jul-2019,12,2.1
V0208,17-Oct-2019,23,3.4
V0208,18-Jul-2019,9,2.5
V0208,19-Aug-2019,20,2.3
V0208,19-Jul-2019,14,4.0
V0208,19-Jun-2019,7,1.8
V0208,19-Oct-2019,2,2.9
V0208,20-Aug-2019,33,1.9
V0208,20-Jul-2019,17,3.0
V0208,20-Jun-2019,8,3.0
V0208,20-May-2019,8,2.6
V0208,21-Nov-2019,3,2.1
V0208,21-Oct-2019,2,2.7
V0208,22-Jun-2019,12,3.4
V0208,22-May-2019,8,3.7
V0208,22-Nov-2019,8,3.1
V0208,22-Sep-2019,14,3.2
V0208,23-Jun-2019,5,2.3
V0208,23-May-2019,2,2.5
V0208,23-Oct-2019,4,2.2
V0208,23-Sep-2019,11,2.4
V0208,24-Jun-2019,28,2.3
V0208,24-May-2019,6,3.0
V0208,24-Sep-2019,13,3.2
V0208,25-May-2019,2,4.1
V0208,25-Sep-2019,8,2.3
V0208,26-Jun-2019,8,3.3
V0208,26-Sep-2019,15,3.8
V0208,27-Aug-2019,8,3.1
V0208,27-Jul-2019,3,2.4
V0208,27-Jun-2019,10,2.4
V0208,27-May-2019,8,1.9
V0208,27-Sep-2019,9,2.5
V0208,28-Aug-2019,5,3.6
V0208,28-Oct-2019,3,1.9
V0208,28-Sep-2019,3,2.3
V0208,29-Aug-2019,35,3.5
V0208,29-Jul-2019,4,3.7
V0208,29-Jun-2019,2,2.9
V0208,29-Oct-2019,5,3.5
V0208,29-Sep-2019,30,2.7
V0208,30-Aug-2019,3,2.2
V0208,30-Jul-2019,6,2.8
V0208,30-Jun-2019,16,3.2
V0208,30-Sep-2019,2,4.1
V0208,31-Jul-2019,18,2.0
V0211,01-Jul-2019,56,3.0
V0211,01-Oct-2019,2,2.6
V0211,02-Jul-2019,40,3.0
V0211,02-Sep-2019,20,1.9
V0211,03-Jun-2019,22,2.6
V0211,03-Nov-2019,22,3.8
V0211,03-Oct-2019,2,3.1
V0211,03-Sep-2019,30,2.9
V0211,04-Nov-2019,20,2.5
V0211,04-Oct-2019,2,2.5
V0211,05-Aug-2019,23,2.7
V0211,05-Jul-2019,20,3.8
V0211,06-Aug-2019,32,4.1
V0211,06-Jul-2019,24,2.9
V0211,06-Jun-2019,13,2.7
V0211,06-Oct-2019,52,3.8
V0211,06-Sep-2019,13,2.8
V0211,07-Aug-2019,13,3.1
V0211,07-Jul-2019,20,2.4
V0211,07-Jun-2019,11,3.6
V0211,07-Nov-2019,17,3.1
V0211,08-Aug-2019,4,3.7
V0211,08-Jul-2019,32,3.7
V0211,08-Jun-2019,20,2.3
V0211,08-Oct-2019,27,3.5
V0211,09-Jul-2019,33,3.7
V0211,09-Jun-2019,10,2.6
V0211,09-Oct-2019,15,2.2
V0211,09-Sep-2019,30,1.8
V0211,10-Jun-2019,20,2.9
V0211,10-Nov-2019,8,2.6
V0211,10-Sep-2019,25,3.1
V0211,11-Aug-2019,20,2.3
V0211,11-Jul-2019,22,3.9
V0211,11-Nov-2019,8,2.4
V0211,11-Oct-2019,21,2.3
V0211,12-Aug-2019,40,3.0
V0211,12-Jul-2019,17,3.0
V0211,12-Sep-2019,12,2.3
V0211,13-Jun-2019,14,2.5
V0211,13-Nov-2019,16,2.2
V0211,13-Sep-2019,7,3.5
V0211,14-Jul-2019,65,3.6
V0211,14-Oct-2019,20,2.9
V0211,15-Jul-2019,63,3.5
V0211,15-Oct-2019,20,3.6
V0211,16-Aug-2019,10,2.1
V0211,16-Dec-2019,13,4.1
V0211,16-Jul-2019,55,3.8
V0211,16-Jun-2019,21,2.3
V0211,17-Jul-2019,20,2.2
V0211,17-Sep-2019,25,2.1
V0211,18-May-2019,19,2.1
V0211,19-Aug-2019,20,3.6
V0211,19-Jul-2019,20,2.9
V0211,19-Sep-2019,10,3.7
V0211,20-Aug-2019,50,3.6
V0211,20-Jun-2019,20,3.3
V0211,20-May-2019,90,3.4
V0211,21-May-2019,50,1.8
V0211,21-Oct-2019,2,2.5
V0211,21-Sep-2019,15,3.3
V0211,22-Aug-2019,21,1.8
V0211,22-Jul-2019,20,1.9
V0211,22-Oct-2019,14,3.8
V0211,23-Jun-2019,33,3.4
V0211,23-Oct-2019,2,2.4
V0211,23-Sep-2019,20,3.5
V0211,24-Aug-2019,29,3.7
V0211,24-Jun-2019,44,2.5
V0211,25-Jun-2019,10,1.9
V0211,25-Nov-2019,20,4.0
V0211,25-Oct-2019,2,2.6
V0211,25-Sep-2019,20,2.1
V0211,26-Aug-2019,15,3.0
V0211,26-Jun-2019,11,3.6
V0211,26-Oct-2019,2,2.3
V0211,27-Aug-2019,24,2.4
V0211,27-May-2019,23,2.4
V0211,27-Nov-2019,50,4.2
V0211,27-Oct-2019,20,2.3
V0211,27-Sep-2019,15,3.2
V0211,28-Jun-2019,24,4.0
V0211,28-May-2019,55,2.2
V0211,29-Aug-2019,1,4.1
V0211,29-Jul-2019,3,4.1
V0211,29-Jun-2019,3,3.9
V0211,29-Oct-2019,2,2.3
V0211,30-Oct-2019,2,3.3
V0211,30-Sep-2019,15,3.6
V0211,31-Jul-2019,466,4.2
V0217,01-Aug-2019,2,2.2
V0217,01-Dec-2018,10,3.6
V0217,01-Feb-2019,8,2.6
V0217,01-Jan-2019,28,2.2
V0217,01-Jul-2019,14,2.8
V0217,01-Nov-2019,12,3.7
V0217,01-Oct-2019,20,2.9
V0217,01-Sep-2019,18,3.1
V0217,02-Aug-2019,8,4.2
V0217,02-Dec-2018,8,2.8
V0217,02-Feb-2019,9,3.3
V0217,02-Jul-2019,11,2.7
V0217,02-Jun-2019,7,2.7
V0217,02-Nov-2019,21,3.5
V0217,02-Sep-2019,11,4.1
V0217,03-Aug-2019,5,3.1
V0217,03-Dec-2018,24,3.6
V0217,03-Feb-2019,15,2.0
V0217,03-Jan-2019,11,2.3
V0217,03-Jun-2019,15,3.0
V0217,03-Nov-2019,29,1.8
V0217,03-Oct-2019,14,2.4
V0217,03-Sep-2019,24,3.0
V0217,04-Aug-2019,11,1.8
V0217,04-Dec-2018,7,2.4
V0217,04-Feb-2019,13,3.0
V0217,04-Jan-2019,6,3.2
V0217,04-Jul-2019,2,4.0
V0217,04-Jun-2019,9,3.3
V0217,04-Nov-2019,23,2.8
V0217,04-Oct-2019,8,4.0
V0217,05-Aug-2019,25,3.7
V0217,05-Feb-2019,31,2.3
V0217,05-Jan-2019,12,2.1
V0217,05-Jul-2019,6,3.4
V0217,05-Nov-2019,26,3.1
V0217,05-Oct-2019,18,3.7
V0217,05-Sep-2019,10,3.6
V0217,06-Aug-2019,29,3.3
V0217,06-Dec-2018,2,4.2
V0217,06-Jan-2019,24,3.1
V0217,06-Jul-2019,11,2.1
V0217,06-Jun-2019,12,3.8
V0217,06-Oct-2019,16,2.4
V0217,06-Sep-2019,6,3.7
V0217,07-Dec-2018,4,4.1
V0217,07-Feb-2019,9,3.5
V0217,07-Jan-2019,36,3.2
V0217,07-Jul-2019,9,2.9
V0217,07-Jun-2019,10,2.7
V0217,07-Nov-2019,10,2.6
V0217,07-Oct-2019,29,3.3
V0217,07-Sep-2019,5,3.6
V0217,08-Aug-2019,2,3.4
V0217,08-Dec-2018,10,2.3
V0217,08-Feb-2019,4,3.0
V0217,08-Jan-2019,28,3.7
V0217,08-Jul-2019,15,2.9
V0217,08-Jun-2019,2,3.1
V0217,08-Nov-2019,8,3.7
V0217,08-Oct-2019,26,3.4
V0217,08-Sep-2019,4,2.8
V0217,09-Aug-2019,2,3.9
V0217,09-Dec-2018,6,2.2
V0217,09-Feb-2019,13,4.2
V0217,09-Jul-2019,15,2.1
V0217,09-Sep-2019,20,1.8
V0217,10-Aug-2019,7,3.9
V0217,10-Dec-2018,25,2.4
V0217,10-Feb-2019,15,3.6
V0217,10-Jan-2019,4,3.7
V0217,10-Jun-2019,10,3.9
V0217,10-Nov-2019,31,4.2
V0217,10-Sep-2019,12,2.5
V0217,11-Aug-2019,13,3.5
V0217,11-Dec-2018,23,2.1
V0217,11-Feb-2019,42,2.8
V0217,11-Jul-2019,2,3.8
V0217,11-Jun-2019,11,2.7
V0217,11-Nov-2019,19,3.2
V0217,11-Oct-2019,4,3.0
V0217,12-Aug-2019,17,3.4
V0217,12-Jan-2019,10,4.1
V0217,12-Jul-2019,16,1.9
V0217,12-Oct-2019,14,3.2
V0217,12-Sep-2019,2,3.9
V0217,13-Dec-2018,6,3.0
V0217,13-Jan-2019,13,2.0
V0217,13-Jul-2019,12,3.1
V0217,13-Jun-2019,19,2.6
V0217,13-Oct-2019,13,2.2
V0217,13-Sep-2019,4,3.8
V0217,14-Dec-2018,10,3.1
V0217,14-Jan-2019,24,4.0
V0217,14-Jul-2019,22,3.7
V0217,14-Jun-2019,6,3.5
V0217,14-Oct-2019,15,1.8
V0217,14-Sep-2019,8,2.8
V0217,15-Aug-2019,4,2.3
V0217,15-Dec-2018,6,4.0
V0217,15-Jan-2019,24,2.2
V0217,15-Jul-2019,16,2.5
V0217,15-Jun-2019,5,3.0
V0217,15-Oct-2019,27,2.4
V0217,15-Sep-2019,11,2.3
V0217,16-Aug-2019,8,3.2
V0217,16-Dec-2018,9,2.0
V0217,16-Jul-2019,22,1.9
V0217,16-Jun-2019,12,2.7
V0217,16-Sep-2019,22,3.5
V0217,17-Aug-2019,7,3.1
V0217,17-Dec-2018,30,2.8
V0217,17-Jan-2019,16,3.2
V0217,17-Jun-2019,13,2.7
V0217,17-Oct-2019,4,4.0
V0217,17-Sep-2019,30,1.9
V0217,18-Aug-2019,10,3.4
V0217,18-Dec-2018,23,3.9
V0217,18-Jan-2019,10,3.7
V0217,18-Jul-2019,10,2.2
V0217,18-Jun-2019,6,2.5
V0217,18-May-2019,11,3.5
V0217,18-Nov-2018,12,2.0
V0217,18-Oct-2019,4,3.7
V0217,19-Aug-2019,37,3.5
V0217,19-Jan-2019,15,3.6
V0217,19-Jul-2019,6,2.0
V0217,19-May-2019,12,3.5
V0217,19-Nov-2018,8,3.4
V0217,19-Oct-2019,22,3.8
V0217,19-Sep-2019,8,1.9
V0217,20-Aug-2019,25,1.9
V0217,20-Dec-2018,2,2.7
V0217,20-Jan-2019,12,2.2
V0217,20-Jul-2019,10,3.1
V0217,20-Jun-2019,4,4.0
V0217,20-May-2019,21,2.7
V0217,20-Nov-2018,5,3.8
V0217,20-Oct-2019,39,1.8
V0217,20-Sep-2019,4,2.2
V0217,21-Dec-2018,10,1.9
V0217,21-Jan-2019,19,2.6
V0217,21-Jul-2019,20,4.0
V0217,21-Jun-2019,4,2.0
V0217,21-May-2019,54,3.3
V0217,21-Oct-2019,27,2.9
V0217,21-Sep-2019,12,4.1
V0217,22-Aug-2019,10,2.1
V0217,22-Dec-2018,7,2.3
V0217,22-Jan-2019,34,1.9
V0217,22-Jun-2019,4,2.8
V0217,22-Nov-2018,10,2.5
V0217,22-Oct-2019,35,3.9
V0217,22-Sep-2019,20,3.3
V0217,23-Dec-2018,8,3.3
V0217,23-Jun-2019,10,3.1
V0217,23-Nov-2018,10,2.0
V0217,23-Sep-2019,26,2.9
V0217,24-Aug-2019,10,4.2
V0217,24-Dec-2018,28,3.8
V0217,24-Jun-2019,34,3.9
V0217,24-May-2019,8,3.8
V0217,24-Nov-2018,23,2.0
V0217,24-Oct-2019,25,2.3
V0217,24-Sep-2019,26,1.8
V0217,25-Aug-2019,6,2.5
V0217,25-Dec-2018,29,2.1
V0217,25-Jun-2019,26,2.9
V0217,25-May-2019,4,3.4
V0217,25-Nov-2018,6,3.9
V0217,25-Oct-2019,20,3.6
V0217,26-Aug-2019,22,4.1
V0217,26-May-2019,2,1.9
V0217,26-Nov-2018,15,1.8
V0217,26-Oct-2019,40,3.4
V0217,26-Sep-2019,8,2.5
V0217,27-Aug-2019,12,2.4
V0217,27-Dec-2018,11,2.6
V0217,27-Jan-2019,12,2.4
V0217,27-May-2019,11,3.0
V0217,27-Nov-2018,32,2.9
V0217,27-Oct-2019,32,3.0
V0217,27-Sep-2019,1,3.4
V0217,28-Jan-2019,9,2.7
V0217,28-Jul-2019,2,2.4
V0217,28-May-2019,14,2.2
V0217,28-Oct-2019,33,2.6
V0217,28-Sep-2019,14,3.6
V0217,29-Aug-2019,12,3.6
V0217,29-Dec-2018,9,3.4
V0217,29-Jan-2019,20,2.4
V0217,29-Jul-2019,12,3.2
V0217,29-Jun-2019,18,3.2
V0217,29-Nov-2018,2,3.0
V0217,29-Oct-2019,20,3.1
V0217,29-Sep-2019,13,3.0
V0217,30-Aug-2019,12,3.2
V0217,30-Dec-2018,22,3.5
V0217,30-Jul-2019,15,2.1
V0217,30-Jun-2019,6,3.6
V0217,30-May-2019,9,2.1
V0217,30-Nov-2018,5,2.0
V0217,30-Sep-2019,37,4.1
V0217,31-Aug-2019,6,4.1
V0217,31-Dec-2018,21,1.9
V0217,31-Jan-2019,3,2.9
V0217,31-May-2019,2,2.2
V0217,31-Oct-2019,10,3.0
V0218,01-Aug-2019,4,3.8
V0218,02-Nov-2019,8,4.1
V0218,02-Oct-2019,5,3.3
V0218,03-Jun-2019,25,2.6
V0218,10-Jun-2019,10,3.2
V0218,10-Sep-2018,10,2.5
V0218,13-Jun-2019,5,4.0
V0218,14-Jun-2019,26,3.9
V0218,15-Jun-2019,5,3.1
V0218,18-Jun-2019,10,2.6
V0218,27-Aug-2018,20,2.5
V0218,30-Jul-2019,2,1.9
V0219,01-Feb-2019,4,3.8
V0219,01-Jul-2019,11,2.9
V0219,01-Jun-2019,5,2.6
V0219,01-Oct-2019,13,2.9
V0219,01-Sep-2019,2,3.8
V0219,02-Feb-2019,2,2.1
V0219,02-Jun-2019,7,3.9
V0219,02-Oct-2019,11,4.0
V0219,02-Sep-2019,3,4.1
V0219,03-Jul-2019,5,2.8
V0219,03-Jun-2019,2,2.3
V0219,03-Nov-2019,9,2.7
V0219,03-Oct-2019,17,2.6
V0219,03-Sep-2019,9,2.2
V0219,04-Aug-2019,2,3.3
V0219,04-Feb-2019,4,2.9
V0219,04-Jun-2019,8,3.9
V0219,04-Nov-2019,19,1.9
V0219,04-Oct-2019,6,3.3
V0219,05-Aug-2019,22,3.6
V0219,05-Jul-2019,11,3.6
V0219,05-Jun-2019,2,3.9
V0219,05-Nov-2019,8,3.5
V0219,05-Oct-2019,10,4.0
V0219,05-Sep-2019,2,2.6
V0219,06-Aug-2019,6,3.0
V0219,06-Jun-2019,9,1.8
V0219,06-Nov-2019,2,1.8
V0219,06-Sep-2019,7,2.4
V0219,07-Oct-2019,5,2.0
V0219,07-Sep-2019,11,2.4
V0219,08-Aug-2019,2,2.2
V0219,08-Jul-2019,12,1.9
V0219,08-Nov-2019,9,4.0
V0219,08-Sep-2019,4,1.8
V0219,09-Jul-2019,2,3.6
V0219,09-Nov-2019,3,2.2
V0219,09-Oct-2019,13,4.0
V0219,09-Sep-2019,4,3.9
V0219,10-Jul-2019,2,3.4
V0219,10-Jun-2019,10,3.4
V0219,10-Nov-2019,7,1.8
V0219,11-Aug-2019,4,4.2
V0219,11-Jul-2019,4,3.9
V0219,11-Nov-2019,19,3.9
V0219,11-Oct-2019,2,3.4
V0219,11-Sep-2019,2,2.6
V0219,12-Aug-2019,10,3.9
V0219,12-Jul-2019,3,2.5
V0219,12-Jun-2019,2,3.2
V0219,12-Oct-2019,4,2.0
V0219,13-Jun-2019,3,4.0
V0219,13-Oct-2019,13,2.1
V0219,14-Aug-2019,2,2.3
V0219,14-Jul-2019,10,3.1
V0219,14-Jun-2019,7,3.6
V0219,14-Nov-2019,17,3.3
V0219,14-Oct-2019,7,2.4
V0219,14-Sep-2019,7,1.8
V0219,15-Jul-2019,4,3.6
V0219,15-Oct-2019,12,4.2
V0219,16-Aug-2019,2,3.7
V0219,16-Jul-2019,21,2.9
V0219,16-Jun-2019,16,4.0
V0219,16-Oct-2019,7,2.8
V0219,17-Aug-2019,2,3.1
V0219,17-Jul-2019,23,2.9
V0219,17-Jun-2019,20,2.9
V0219,17-Nov-2019,8,3.7
V0219,17-Sep-2019,4,3.1
V0219,18-Aug-2019,14,2.6
V0219,18-Jun-2019,2,2.4
V0219,18-May-2019,2,1.9
V0219,18-Nov-2019,10,3.2
V0219,18-Sep-2019,15,2.4
V0219,19-Jun-2019,4,2.2
V0219,19-Oct-2019,6,3.4
V0219,19-Sep-2019,4,3.4
V0219,20-Aug-2019,4,3.6
V0219,20-Jan-2019,6,3.0
V0219,20-Jul-2019,5,3.9
V0219,20-Jun-2019,2,4.0
V0219,20-May-2019,19,3.7
V0219,20-Nov-2019,2,3.3
V0219,20-Oct-2019,20,2.5
V0219,20-Sep-2019,3,4.2
V0219,21-Jan-2019,15,2.5
V0219,21-Jul-2019,4,2.3
V0219,21-Jun-2019,5,2.9
V0219,21-May-2019,3,1.9
V0219,21-Sep-2019,5,4.1
V0219,22-Aug-2019,5,3.2
V0219,22-Jan-2019,2,3.1
V0219,22-Oct-2019,4,3.4
V0219,23-Jun-2019,7,3.0
V0219,23-May-2019,4,1.9
V0219,23-Oct-2019,5,3.3
V0219,24-Aug-2019,2,3.5
V0219,24-Jan-2019,4,2.8
V0219,24-Jun-2019,8,3.6
V0219,24-May-2019,11,2.3
V0219,24-Sep-2019,12,2.3
V0219,25-Jul-2019,9,2.2
V0219,25-Jun-2019,4,2.7
V0219,25-May-2019,9,3.8
V0219,25-Oct-2019,2,3.8
V0219,25-Sep-2019,10,2.7
V0219,26-Aug-2019,2,3.2
V0219,26-Oct-2019,5,3.5
V0219,26-Sep-2019,2,2.4
V0219,27-Jan-2019,18,2.2
V0219,27-Jul-2019,5,4.1
V0219,27-May-2019,2,3.3
V0219,27-Oct-2019,2,4.2
V0219,27-Sep-2019,2,2.6
V0219,28-Aug-2019,8,3.5
V0219,28-Jan-2019,6,2.3
V0219,28-Jun-2019,8,2.4
V0219,28-Oct-2019,2,3.0
V0219,29-Jan-2019,4,2.6
V0219,29-Jul-2019,4,2.2
V0219,29-May-2019,2,2.4
V0219,29-Oct-2019,6,1.9
V0219,29-Sep-2019,12,3.5
V0219,30-Aug-2019,8,3.0
V0219,30-Jan-2019,4,2.0
V0219,30-Jul-2019,8,2.2
V0219,30-Nov-2019,4,2.0
V0219,30-Sep-2019,4,3.3
V0219,31-May-2019,2,2.0
V0219,31-Oct-2019,2,3.6
V0220,01-Oct-2019,4,1.8
V0220,01-Sep-2019,4,2.4
V0220,03-Nov-2019,2,3.9
V0220,05-Nov-2019,3,3.5
V0220,07-Jun-2019,2,2.0
V0220,08-Jul-2019,4,3.8
V0220,09-Sep-2019,7,3.0
V0220,10-Nov-2019,5,3.8
V0220,12-Jul-2019,3,3.2
V0220,12-Oct-2019,11,3.4
V0220,14-Jul-2019,10,4.2
V0220,15-Aug-2019,3,2.4
V0220,15-Jul-2019,6,3.3
V0220,15-Oct-2019,2,2.9
V0220,16-Jul-2019,10,1.9
V0220,20-Oct-2019,2,1.8
V0220,23-Jun-2019,4,2.1
V0220,24-Jun-2019,5,3.4
V0220,28-Jun-2019,4,3.2
V0220,29-Sep-2019,4,3.1
V0225,01-Aug-2019,3,1.9
V0225,01-Dec-2019,6,2.9
V0225,01-Jul-2019,33,4.0
V0225,01-Jun-2019,3,2.8
V0225,01-Nov-2019,9,3.3
V0225,01-Oct-2019,13,3.7
V0225,01-Sep-2019,12,3.7
V0225,02-Jul-2019,16,3.0
V0225,02-Jun-2019,17,3.9
V0225,02-Nov-2019,6,2.7
V0225,02-Oct-2019,16,3.9
V0225,02-Sep-2019,24,2.4
V0225,03-Aug-2019,11,2.5
V0225,03-Jul-2019,7,1.9
V0225,03-Jun-2019,25,3.7
V0225,03-Nov-2019,17,2.8
V0225,03-Oct-2019,4,2.3
V0225,03-Sep-2019,7,2.4
V0225,04-Aug-2019,26,4.0
V0225,04-Jul-2019,15,3.8
V0225,04-Jun-2019,16,3.1
V0225,04-Nov-2019,17,3.3
V0225,04-Oct-2019,11,2.9
V0225,04-Sep-2019,9,2.7
V0225,05-Aug-2019,31,4.0
V0225,05-Jul-2019,10,2.1
V0225,05-Jun-2019,13,2.8
V0225,05-Nov-2019,19,2.6
V0225,05-Oct-2019,6,3.0
V0225,05-Sep-2019,4,2.9
V0225,06-Aug-2019,7,3.0
V0225,06-Dec-2019,2,2.1
V0225,06-Jul-2019,21,3.0
V0225,06-Jun-2019,6,2.4
V0225,06-Nov-2019,9,2.2
V0225,06-Oct-2019,49,2.0
V0225,06-Sep-2019,11,3.6
V0225,07-Aug-2019,10,2.8
V0225,07-Jul-2019,27,3.3
V0225,07-Jun-2019,13,3.5
V0225,07-Oct-2019,25,3.4
V0225,07-Sep-2019,9,2.9
V0225,08-Aug-2019,11,2.7
V0225,08-Jul-2019,32,2.7
V0225,08-Jun-2019,7,3.3
V0225,08-Nov-2019,4,3.0
V0225,08-Oct-2019,51,3.8
V0225,08-Sep-2019,3,3.9
V0225,09-Aug-2019,12,2.2
V0225,09-Jul-2019,39,2.1
V0225,09-Jun-2019,5,3.3
V0225,09-Nov-2019,22,2.5
V0225,09-Oct-2019,7,1.8
V0225,09-Sep-2019,40,3.9
V0225,10-Jul-2019,7,2.3
V0225,10-Jun-2019,36,4.0
V0225,10-Nov-2019,16,3.5
V0225,10-Oct-2019,27,3.6
V0225,10-Sep-2019,25,2.3
V0225,11-Aug-2019,11,2.4
V0225,11-Jul-2019,5,3.1
V0225,11-Jun-2019,23,2.2
V0225,11-Nov-2019,18,2.5
V0225,11-Oct-2019,12,2.6
V0225,11-Sep-2019,9,2.2
V0225,12-Aug-2019,22,2.3
V0225,12-Jul-2019,8,3.7
V0225,12-Jun-2019,60,2.2
V0225,12-Nov-2019,23,1.9
V0225,12-Oct-2019,2,3.3
V0225,12-Sep-2019,5,4.1
V0225,13-Aug-2019,6,2.6
V0225,13-Jul-2019,39,2.1
V0225,13-Jun-2019,11,3.2
V0225,13-Nov-2019,8,4.0
V0225,13-Oct-2019,10,3.7
V0225,13-Sep-2019,8,3.3
V0225,14-Aug-2019,8,2.6
V0225,14-Jul-2019,31,3.1
V0225,14-Jun-2019,25,2.0
V0225,14-Nov-2019,3,3.4
V0225,14-Oct-2019,54,3.5
V0225,14-Sep-2019,14,4.1
V0225,15-Aug-2019,10,2.4
V0225,15-Jul-2019,46,1.8
V0225,15-Jun-2019,3,3.1
V0225,15-Oct-2019,23,3.5
V0225,15-Sep-2019,12,3.7
V0225,16-Aug-2019,10,2.3
V0225,16-Jul-2019,31,2.4
V0225,16-Jun-2019,31,3.0
V0225,16-Oct-2019,19,2.6
V0225,16-Sep-2019,56,3.9
V0225,17-Aug-2019,1,2.9
V0225,17-Jun-2019,29,3.7
V0225,17-May-2019,8,3.2
V0225,17-Nov-2019,16,3.7
V0225,17-Oct-2019,13,2.6
V0225,17-Sep-2019,41,3.8
V0225,18-Aug-2019,13,2.5
V0225,18-Jul-2019,19,3.1
V0225,18-Jun-2019,26,2.3
V0225,18-May-2019,29,2.9
V0225,18-Nov-2019,10,2.6
V0225,18-Oct-2019,38,2.4
V0225,18-Sep-2019,4,4.1
V0225,19-Aug-2019,29,2.2
V0225,19-Jul-2019,18,3.7
V0225,19-Jun-2019,10,4.2
V0225,19-May-2019,20,1.8
V0225,19-Nov-2019,2,3.5
V0225,19-Oct-2019,2,2.4
V0225,19-Sep-2019,9,1.9
V0225,20-Aug-2019,21,2.8
V0225,20-Jul-2019,30,4.0
V0225,20-May-2019,31,1.8
V0225,20-Oct-2019,27,3.2
V0225,20-Sep-2019,11,3.0
V0225,21-Aug-2019,7,3.9
V0225,21-Jul-2019,37,2.0
V0225,21-Jun-2019,11,3.4
V0225,21-May-2019,7,3.4
V0225,21-Oct-2019,15,3.4
V0225,22-Jun-2019,3,4.1
V0225,22-May-2019,20,3.8
V0225,22-Nov-2019,8,1.9
V0225,22-Oct-2019,15,2.9
V0225,22-Sep-2019,9,2.8
V0225,23-Aug-2019,2,2.5
V0225,23-Jun-2019,9,2.9
V0225,23-May-2019,2,2.7
V0225,23-Nov-2019,6,2.8
V0225,23-Oct-2019,6,4.2
V0225,23-Sep-2019,35,2.0
V0225,24-Aug-2019,8,4.0
V0225,24-Jul-2019,10,3.0
V0225,24-Jun-2019,42,3.3
V0225,24-May-2019,19,3.8
V0225,24-Oct-2019,13,2.7
V0225,24-Sep-2019,19,2.8
V0225,25-Aug-2019,11,2.8
V0225,25-Jul-2019,2,2.7
V0225,25-Jun-2019,17,4.0
V0225,25-May-2019,15,3.8
V0225,25-Sep-2019,15,2.1
V0225,26-Aug-2019,36,2.1
V0225,26-Jun-2019,6,2.8
V0225,26-May-2019,6,2.0
V0225,26-Oct-2019,8,3.3
V0225,26-Sep-2019,3,2.1
V0225,27-Aug-2019,4,3.1
V0225,27-Jul-2019,24,1.8
V0225,27-May-2019,14,2.6
V0225,27-Oct-2019,17,3.4
V0225,27-Sep-2019,16,3.0
V0225,28-Aug-2019,21,4.1
V0225,28-Jun-2019,2,3.9
V0225,28-May-2019,15,2.7
V0225,28-Oct-2019,42,1.9
V0225,28-Sep-2019,17,3.8
V0225,29-Jul-2019,18,4.0
V0225,29-Jun-2019,10,3.8
V0225,29-May-2019,16,2.1
V0225,29-Oct-2019,8,4.2
V0225,29-Sep-2019,15,2.4
V0225,30-Aug-2019,7,3.5
V0225,30-Jul-2019,35,4.0
V0225,30-Jun-2019,13,2.4
V0225,30-Oct-2019,3,4.0
V0225,30-Sep-2019,44,2.5
V0225,31-Aug-2019,11,4.1
V0225,31-Jul-2019,21,2.5
V0225,31-May-2019,4,4.1
V0227,01-Aug-2019,4,1.9
V0227,01-Dec-2019,26,3.5
V0227,01-Jul-2019,39,3.1
V0227,01-Jun-2019,5,2.9
V0227,01-Nov-2019,9,2.3
V0227,01-Oct-2019,13,3.5
V0227,01-Sep-2019,22,2.3
V0227,02-Jul-2019,6,3.1
V0227,02-Jun-2019,28,2.4
V0227,02-Nov-2019,9,4.1
V0227,02-Sep-2019,11,1.9
V0227,03-Jun-2019,22,2.3
V0227,03-Nov-2019,26,2.4
V0227,03-Sep-2019,6,2.8
V0227,04-Jul-2019,7,2.4
V0227,04-Jun-2019,4,3.0
V0227,04-Oct-2019,3,3.9
V0227,05-Aug-2019,39,3.5
V0227,05-Jul-2019,68,3.2
V0227,05-Nov-2019,2,2.0
V0227,05-Oct-2019,45,3.5
V0227,05-Sep-2019,13,2.2
V0227,06-Aug-2019,13,3.7
V0227,06-Jul-2019,13,2.4
V0227,06-Jun-2019,2,2.8
V0227,06-Oct-2019,41,2.6
V0227,06-Sep-2019,9,3.9
V0227,07-Jul-2019,41,2.1
V0227,07-Jun-2019,10,3.2
V0227,07-Sep-2019,23,2.1
V0227,08-Aug-2019,8,3.5
V0227,09-Aug-2019,25,4.0
V0227,09-Jul-2019,44,2.8
V0227,09-Jun-2019,29,3.0
V0227,09-Nov-2019,11,4.0
V0227,09-Oct-2019,15,3.1
V0227,09-Sep-2019,36,3.0
V0227,10-Jun-2019,22,3.2
V0227,10-Nov-2019,39,3.5
V0227,10-Oct-2019,2,2.1
V0227,10-Sep-2019,16,3.8
V0227,11-Aug-2019,39,2.8
V0227,11-Jul-2019,31,2.0
V0227,11-Jun-2019,2,3.7
V0227,11-Nov-2019,29,2.7
V0227,12-Aug-2019,22,2.0
V0227,12-Jul-2019,32,3.3
V0227,12-Oct-2019,6,3.9
V0227,12-Sep-2019,2,3.9
V0227,13-Aug-2019,8,4.1
V0227,13-Jul-2019,39,3.9
V0227,13-Sep-2019,22,1.8
V0227,14-Jul-2019,3,2.7
V0227,14-Jun-2019,12,3.8
V0227,14-Nov-2019,18,2.7
V0227,14-Oct-2019,24,3.2
V0227,15-Aug-2019,7,3.3
V0227,15-Jul-2019,16,2.7
V0227,15-Jun-2019,4,4.0
V0227,15-Oct-2019,26,3.0
V0227,16-Aug-2019,8,2.9
V0227,16-Jun-2019,26,4.2
V0227,16-Nov-2019,8,3.0
V0227,16-Sep-2019,39,2.2
V0227,17-Aug-2019,28,3.0
V0227,17-Jul-2019,20,3.8
V0227,17-Jun-2019,26,3.7
V0227,18-Aug-2019,40,3.7
V0227,18-Jul-2019,28,3.5
V0227,18-May-2019,4,2.4
V0227,18-Nov-2019,11,3.9
V0227,18-Oct-2019,27,3.9
V0227,19-Aug-2019,2,2.3
V0227,19-Jul-2019,34,2.1
V0227,19-May-2019,21,4.1
V0227,19-Oct-2019,45,3.9
V0227,20-Aug-2019,12,3.9
V0227,20-Jul-2019,40,3.9
V0227,20-Jun-2019,24,3.1
V0227,20-May-2019,36,3.4
V0227,20-Oct-2019,35,3.1
V0227,20-Sep-2019,18,1.9
V0227,21-Jul-2019,10,3.6
V0227,21-Jun-2019,2,3.0
V0227,21-May-2019,17,3.4
V0227,21-Oct-2019,6,3.0
V0227,22-Jun-2019,4,3.0
V0227,22-Nov-2019,4,2.2
V0227,22-Oct-2019,5,2.5
V0227,22-Sep-2019,22,2.2
V0227,23-Aug-2019,3,2.3
V0227,23-Jun-2019,40,4.1
V0227,23-May-2019,5,2.2
V0227,23-Sep-2019,44,2.4
V0227,24-Jun-2019,37,3.2
V0227,24-May-2019,11,3.3
V0227,24-Oct-2019,5,2.2
V0227,24-Sep-2019,18,3.7
V0227,25-Aug-2019,26,3.7
V0227,25-Jun-2019,29,2.4
V0227,25-May-2019,7,2.5
V0227,26-May-2019,11,4.1
V0227,26-Oct-2019,7,3.8
V0227,26-Sep-2019,19,3.5
V0227,27-Aug-2019,8,2.0
V0227,27-Jul-2019,6,2.8
V0227,27-May-2019,7,3.1
V0227,27-Oct-2019,26,2.2
V0227,27-Sep-2019,13,2.9
V0227,28-Jul-2019,31,3.2
V0227,28-Jun-2019,11,2.6
V0227,28-May-2019,3,3.7
V0227,28-Nov-2019,4,3.8
V0227,28-Oct-2019,2,2.6
V0227,28-Sep-2019,6,3.8
V0227,29-Aug-2019,15,2.0
V0227,29-Jul-2019,36,3.8
V0227,29-Jun-2019,11,2.2
V0227,29-Nov-2019,4,2.0
V0227,29-Oct-2019,10,3.3
V0227,29-Sep-2019,38,2.9
V0227,30-Jul-2019,16,4.0
V0227,30-Jun-2019,46,2.7
V0227,30-May-2019,21,2.5
V0227,31-Aug-2019,5,3.0
V0227,31-Jul-2019,4,2.9
V0227,31-May-2019,7,2.6
V0230,01-Jul-2019,11,3.5
V0230,01-Jun-2019,7,3.6
V0230,01-Nov-2019,13,3.8
V0230,01-Oct-2019,14,4.1
V0230,01-Sep-2019,16,2.4
V0230,02-Aug-2019,6,3.5
V0230,02-Jul-2019,7,2.7
V0230,02-Jun-2019,5,3.4
V0230,02-Nov-2019,2,2.9
V0230,02-Oct-2019,5,4.2
V0230,02-Sep-2019,10,3.5
V0230,03-Aug-2019,6,4.1
V0230,03-Jul-2019,6,3.8
V0230,03-Jun-2019,9,4.0
V0230,03-Nov-2019,10,3.8
V0230,03-Oct-2019,19,2.9
V0230,03-Sep-2019,22,2.4
V0230,04-Aug-2019,11,2.7
V0230,04-Jul-2019,5,1.8
V0230,04-Jun-2019,19,3.1
V0230,04-Nov-2019,14,3.0
V0230,04-Oct-2019,14,3.1
V0230,04-Sep-2019,2,4.1
V0230,05-Jul-2019,6,4.0
V0230,05-Jun-2019,5,2.2
V0230,05-Nov-2019,16,2.7
V0230,05-Oct-2019,14,2.8
V0230,05-Sep-2019,2,2.7
V0230,06-Aug-2019,7,3.7
V0230,06-Jul-2019,2,3.1
V0230,06-Jun-2019,13,3.2
V0230,06-Nov-2019,7,3.8
V0230,06-Oct-2019,23,3.7
V0230,06-Sep-2019,10,2.1
V0230,07-Aug-2019,4,3.5
V0230,07-Jul-2019,4,2.8
V0230,07-Jun-2019,10,2.5
V0230,07-Nov-2019,4,1.9
V0230,07-Oct-2019,9,3.0
V0230,07-Sep-2019,6,2.7
V0230,08-Aug-2019,4,2.4
V0230,08-Jul-2019,9,3.5
V0230,08-Jun-2019,2,3.6
V0230,08-Nov-2019,5,2.4
V0230,08-Oct-2019,10,1.9
V0230,08-Sep-2019,17,3.8
V0230,09-Aug-2019,10,1.8
V0230,09-Jun-2019,12,4.0
V0230,09-Nov-2019,13,3.3
V0230,09-Oct-2019,10,2.6
V0230,09-Sep-2019,4,2.4
V0230,10-Jul-2019,7,1.8
V0230,10-Jun-2019,14,2.4
V0230,10-Nov-2019,3,2.1
V0230,10-Oct-2019,6,3.3
V0230,10-Sep-2019,2,2.2
V0230,11-Aug-2019,2,3.1
V0230,11-Jul-2019,3,3.2
V0230,11-Jun-2019,2,2.5
V0230,11-Nov-2019,5,1.9
V0230,11-Oct-2019,14,1.9
V0230,11-Sep-2019,7,1.9
V0230,12-Aug-2019,6,3.6
V0230,12-Jul-2019,7,2.6
V0230,12-Jun-2019,9,3.7
V0230,12-Oct-2019,8,2.8
V0230,12-Sep-2019,9,2.9
V0230,13-Aug-2019,25,3.0
V0230,13-Jul-2019,5,3.5
V0230,13-Jun-2019,10,2.5
V0230,13-Oct-2019,13,2.1
V0230,13-Sep-2019,2,3.1
V0230,14-Aug-2019,5,2.6
V0230,14-Jul-2019,13,2.9
V0230,14-Jun-2019,13,3.4
V0230,14-Nov-2019,2,3.0
V0230,14-Oct-2019,13,3.3
V0230,14-Sep-2019,10,3.1
V0230,15-Aug-2019,7,3.6
V0230,15-Jul-2019,8,3.5
V0230,15-Jun-2019,9,3.1
V0230,15-Nov-2019,2,3.4
V0230,15-Oct-2019,2,3.9
V0230,15-Sep-2019,4,2.8
V0230,16-Aug-2019,9,2.8
V0230,16-Jul-2019,6,3.6
V0230,16-Jun-2019,6,3.2
V0230,16-Nov-2019,6,2.0
V0230,16-Oct-2019,10,3.9
V0230,16-Sep-2019,8,1.9
V0230,17-Aug-2019,12,3.6
V0230,17-Jul-2019,8,3.6
V0230,17-Jun-2019,7,4.1
V0230,17-Nov-2019,2,1.9
V0230,17-Oct-2019,4,3.2
V0230,18-Aug-2019,7,2.8
V0230,18-Jul-2019,9,2.6
V0230,18-Jun-2019,15,2.0
V0230,18-May-2019,3,3.2
V0230,18-Nov-2019,2,2.9
V0230,18-Oct-2019,12,2.1
V0230,18-Sep-2019,3,3.3
V0230,19-Jul-2019,5,3.6
V0230,19-Jun-2019,8,3.6
V0230,19-May-2019,2,4.0
V0230,19-Oct-2019,13,2.8
V0230,19-Sep-2019,7,4.1
V0230,20-Jul-2019,14,3.9
V0230,20-Jun-2019,4,2.5
V0230,20-May-2019,10,2.2
V0230,20-Oct-2019,10,2.8
V0230,20-Sep-2019,16,2.8
V0230,21-Aug-2019,3,3.2
V0230,21-Jun-2019,13,3.2
V0230,21-May-2019,4,3.6
V0230,21-Oct-2019,2,3.0
V0230,21-Sep-2019,10,2.1
V0230,22-Aug-2019,6,3.9
V0230,22-Jun-2019,12,2.5
V0230,22-May-2019,7,4.1
V0230,22-Oct-2019,11,2.1
V0230,22-Sep-2019,13,4.1
V0230,23-Aug-2019,10,2.0
V0230,23-Jun-2019,4,2.4
V0230,23-Oct-2019,4,1.9
V0230,23-Sep-2019,7,3.5
V0230,24-Aug-2019,12,3.8
V0230,24-Jun-2019,7,2.8
V0230,24-Oct-2019,3,4.0
V0230,24-Sep-2019,11,3.2
V0230,25-Aug-2019,2,3.3
V0230,25-Jun-2019,6,3.8
V0230,25-May-2019,9,2.5
V0230,25-Oct-2019,2,2.7
V0230,25-Sep-2019,8,4.0
V0230,26-Aug-2019,9,4.0
V0230,26-Jun-2019,13,4.1
V0230,26-May-2019,3,4.0
V0230,26-Oct-2019,6,2.1
V0230,26-Sep-2019,8,3.8
V0230,27-Aug-2019,12,2.8
V0230,27-Jul-2019,2,4.2
V0230,27-Jun-2019,10,2.9
V0230,27-May-2019,2,3.1
V0230,27-Oct-2019,19,3.1
V0230,27-Sep-2019,8,2.6
V0230,28-Aug-2019,10,2.0
V0230,28-Jun-2019,4,3.9
V0230,28-May-2019,19,3.7
V0230,28-Oct-2019,17,2.1
V0230,28-Sep-2019,20,3.7
V0230,29-Aug-2019,14,3.3
V0230,29-Jul-2019,9,2.8
V0230,29-Jun-2019,7,2.4
V0230,29-May-2019,12,3.9
V0230,29-Oct-2019,5,3.5
V0230,29-Sep-2019,8,3.1
V0230,30-Aug-2019,4,3.3
V0230,30-Jul-2019,6,2.0
V0230,30-Jun-2019,13,2.9
V0230,30-May-2019,12,2.3
V0230,30-Sep-2019,6,2.3
V0230,31-Aug-2019,12,3.4
V0230,31-Jul-2019,9,4.0
V0230,31-May-2019,7,2.8
V0230,31-Oct-2019,10,2.3
V0233,01-Sep-2019,2,3.4
V0233,02-Aug-2018,3,3.9
V0233,02-Oct-2018,16,3.6
V0233,03-Aug-2018,8,3.9
V0233,03-Oct-2018,28,3.1
V0233,03-Sep-2018,2,3.6
V0233,04-Sep-2018,2,2.1
V0233,06-Aug-2018,7,2.6
V0233,09-Aug-2018,9,2.7
V0233,09-Sep-2018,2,3.0
V0233,10-Aug-2018,3,4.0
V0233,11-Jun-2019,8,3.9
V0233,11-Nov-2019,2,2.1
V0233,11-Sep-2018,3,2.2
V0233,12-Aug-2019,11,2.7
V0233,12-Oct-2018,3,2.5
V0233,12-Sep-2018,10,3.3
V0233,13-Sep-2018,7,4.0
V0233,14-Aug-2018,8,4.1
V0233,14-Jul-2019,11,3.4
V0233,14-Oct-2018,10,3.8
V0233,14-Sep-2018,4,3.1
V0233,15-Oct-2018,18,2.3
V0233,16-Aug-2018,7,3.1
V0233,17-Jul-2019,6,3.1
V0233,17-Sep-2018,13,3.6
V0233,18-Aug-2018,4,2.3
V0233,18-Sep-2018,7,2.7
V0233,19-Aug-2018,15,2.7
V0233,19-Jul-2019,57,4.1
V0233,24-Aug-2019,3,2.9
V0233,24-Sep-2018,3,3.6
V0233,26-Aug-2018,5,3.6
V0233,27-Sep-2018,14,2.4
V0233,28-Jul-2018,2,3.2
V0233,28-Jun-2019,23,3.9
V0233,28-Oct-2018,3,2.9
V0234,01-Nov-2019,5,4.1
V0234,03-Nov-2018,4,2.3
V0234,05-Aug-2018,7,2.0
V0234,05-Nov-2018,2,3.9
V0234,05-Oct-2018,6,3.8
V0234,05-Sep-2018,7,4.2
V0234,06-Jun-2019,2,3.4
V0234,06-Oct-2018,4,4.0
V0234,06-Sep-2018,3,3.8
V0234,07-Nov-2019,8,3.8
V0234,07-Oct-2018,4,3.2
V0234,08-Jul-2019,7,2.7
V0234,10-Jul-2019,9,4.0
V0234,15-Sep-2019,15,2.8
V0234,17-Oct-2019,5,3.1
V0234,18-May-2019,6,2.9
V0234,20-Sep-2018,9,3.2
V0234,21-Oct-2018,3,2.9
V0234,23-Aug-2018,2,1.9
V0234,23-Aug-2019,3,3.9
V0234,23-Jun-2019,6,2.9
V0234,24-May-2019,3,3.2
V0234,26-Oct-2018,6,2.1
V0234,26-Sep-2018,2,1.8
V0234,27-Oct-2018,3,2.4
V0234,27-Oct-2019,12,3.5
V0234,28-Nov-2018,5,2.0
V0234,28-Sep-2018,3,4.0
V0234,29-May-2019,4,2.3
V0234,30-Jun-2019,16,2.3
V0234,31-Oct-2019,1,2.2
V0235,01-Aug-2019,17,1.8
V0235,01-Dec-2019,33,3.7
V0235,01-Jul-2019,51,3.9
V0235,01-Nov-2019,13,3.3
V0235,01-Sep-2019,36,2.3
V0235,02-Aug-2019,13,2.5
V0235,02-Dec-2019,28,2.9
V0235,02-Jul-2019,12,4.1
V0235,02-Jun-2019,8,2.4
V0235,02-Nov-2019,8,3.6
V0235,02-Oct-2019,6,2.9
V0235,02-Sep-2019,14,2.5
V0235,03-Jun-2019,4,2.9
V0235,03-Nov-2019,35,2.0
V0235,03-Oct-2019,24,3.7
V0235,03-Sep-2019,22,2.4
V0235,04-Aug-2019,20,3.5
V0235,04-Jul-2019,14,2.0
V0235,04-Jun-2019,8,4.1
V0235,04-Nov-2019,17,2.3
V0235,04-Oct-2019,15,3.9
V0235,05-Aug-2019,27,3.7
V0235,05-Jul-2019,43,4.1
V0235,05-Jun-2019,6,2.9
V0235,05-Oct-2019,11,3.5
V0235,05-Sep-2019,3,2.7
V0235,06-Jul-2019,21,2.2
V0235,06-Nov-2019,16,2.9
V0235,06-Oct-2019,41,2.2
V0235,06-Sep-2019,6,4.2
V0235,07-Aug-2019,5,2.0
V0235,07-Jul-2019,51,3.2
V0235,07-Jun-2019,3,3.3
V0235,07-Oct-2019,44,3.1
V0235,07-Sep-2019,1,3.4
V0235,08-Aug-2019,5,2.1
V0235,08-Jul-2019,48,3.1
V0235,08-Nov-2019,16,2.5
V0235,08-Oct-2019,11,4.1
V0235,08-Sep-2019,20,3.6
V0235,09-Aug-2019,19,4.1
V0235,09-Jul-2019,10,1.9
V0235,09-Jun-2019,44,2.5
V0235,09-Nov-2019,14,2.3
V0235,09-Sep-2019,17,1.8
V0235,10-Aug-2019,1,2.4
V0235,10-Jul-2019,5,3.4
V0235,10-Jun-2019,32,2.4
V0235,10-Nov-2019,38,3.0
V0235,10-Oct-2019,14,3.9
V0235,11-Aug-2019,19,3.5
V0235,11-Jul-2019,22,2.7
V0235,11-Jun-2019,11,2.7
V0235,11-Nov-2019,27,2.9
V0235,11-Oct-2019,38,2.2
V0235,11-Sep-2019,11,3.3
V0235,12-Aug-2019,21,2.7
V0235,12-Jul-2019,45,3.8
V0235,12-Jun-2019,15,3.6
V0235,12-Oct-2019,19,3.3
V0235,12-Sep-2019,5,2.7
V0235,13-Jul-2019,48,2.3
V0235,13-Jun-2019,31,3.7
V0235,13-Oct-2019,38,3.0
V0235,13-Sep-2019,2,2.3
V0235,14-Aug-2019,7,2.3
V0235,14-Jul-2019,35,2.2
V0235,14-Jun-2019,8,3.7
V0235,14-Nov-2019,4,2.3
V0235,14-Oct-2019,30,3.1
V0235,14-Sep-2019,5,2.9
V0235,15-Aug-2019,31,3.2
V0235,15-Jul-2019,36,3.9
V0235,15-Nov-2019,15,3.9
V0235,15-Sep-2019,11,2.9
V0235,16-Aug-2019,8,1.8
V0235,16-Jul-2019,51,2.8
V0235,16-Jun-2019,15,3.3
V0235,16-Nov-2019,5,3.1
V0235,16-Oct-2019,15,3.4
V0235,16-Sep-2019,15,2.2
V0235,17-Aug-2019,10,3.4
V0235,17-Jul-2019,30,2.2
V0235,17-Jun-2019,47,3.6
V0235,17-Nov-2019,16,2.6
V0235,17-Oct-2019,23,3.5
V0235,17-Sep-2019,12,1.9
V0235,18-Aug-2019,11,2.8
V0235,18-Jul-2019,36,3.5
V0235,18-Jun-2019,2,2.3
V0235,18-Nov-2019,11,3.7
V0235,18-Sep-2019,3,3.3
V0235,19-Aug-2019,23,3.2
V0235,19-Jul-2019,42,2.6
V0235,19-Jun-2019,10,3.0
V0235,19-May-2019,19,3.2
V0235,19-Oct-2019,19,2.9
V0235,19-Sep-2019,9,3.5
V0235,20-Jul-2019,29,2.8
V0235,20-Jun-2019,8,2.3
V0235,20-May-2019,16,2.3
V0235,20-Oct-2019,16,1.8
V0235,20-Sep-2019,10,2.5
V0235,21-Aug-2019,52,3.6
V0235,21-Jul-2019,19,3.7
V0235,21-Jun-2019,13,2.3
V0235,21-May-2019,2,4.1
V0235,21-Oct-2019,17,3.0
V0235,21-Sep-2019,10,4.0
V0235,22-May-2019,3,3.5
V0235,22-Sep-2019,16,3.5
V0235,23-Aug-2019,2,2.0
V0235,23-Jun-2019,10,2.3
V0235,23-May-2019,21,1.8
V0235,23-Oct-2019,6,3.5
V0235,23-Sep-2019,23,2.6
V0235,24-Aug-2019,8,3.7
V0235,24-Jun-2019,52,2.6
V0235,24-May-2019,42,3.8
V0235,24-Oct-2019,2,2.1
V0235,24-Sep-2019,8,2.2
V0235,25-Aug-2019,13,2.6
V0235,25-Oct-2019,4,2.8
V0235,25-Sep-2019,3,2.6
V0235,26-Aug-2019,37,3.6
V0235,26-Jul-2019,2,2.0
V0235,26-Jun-2019,19,2.6
V0235,26-May-2019,27,3.8
V0235,26-Oct-2019,1,2.0
V0235,26-Sep-2019,10,4.1
V0235,27-Jul-2019,4,4.2
V0235,27-Jun-2019,21,2.0
V0235,27-May-2019,24,2.5
V0235,27-Oct-2019,34,2.7
V0235,27-Sep-2019,13,3.7
V0235,28-Aug-2019,6,3.2
V0235,28-Jul-2019,13,3.3
V0235,28-Jun-2019,22,3.6
V0235,28-Oct-2019,37,2.1
V0235,28-Sep-2019,10,3.8
V0235,29-Jul-2019,38,3.5
V0235,29-Jun-2019,26,3.2
V0235,29-Sep-2019,33,3.9
V0235,30-Aug-2019,17,3.5
V0235,30-Jul-2019,11,2.3
V0235,30-Jun-2019,39,2.8
V0235,30-Oct-2019,9,3.0
V0235,30-Sep-2019,19,1.9
V0235,31-Aug-2019,19,4.1
V0235,31-May-2019,8,2.1
V0235,31-Oct-2019,2,3.5
V0238,12-Oct-2019,4,3.0
V0245,01-Aug-2019,4,1.9
V0245,01-Jul-2019,19,4.0
V0245,01-Nov-2019,2,3.8
V0245,03-Jun-2019,26,3.1
V0245,04-Aug-2019,10,2.3
V0245,05-Aug-2019,11,2.1
V0245,05-Jun-2019,2,2.7
V0245,06-Jul-2019,12,2.4
V0245,07-Jul-2019,22,3.0
V0245,07-Jun-2019,11,4.1
V0245,07-Nov-2019,10,3.2
V0245,08-Aug-2019,5,3.9
V0245,08-Jul-2019,24,3.4
V0245,08-Jun-2019,12,2.9
V0245,08-Nov-2019,4,3.9
V0245,09-Aug-2019,3,2.9
V0245,09-Nov-2019,12,3.9
V0245,10-Jun-2019,2,2.5
V0245,10-Nov-2019,5,2.1
V0245,11-Aug-2019,4,3.9
V0245,11-Nov-2019,5,3.2
V0245,13-Jun-2019,8,3.9
V0245,13-Oct-2019,7,4.1
V0245,14-Oct-2019,15,1.9
V0245,16-Jul-2019,2,3.0
V0245,16-Jun-2019,6,2.7
V0245,17-Jun-2019,7,3.3
V0245,17-Oct-2019,6,3.7
V0245,18-Aug-2019,4,2.5
V0245,18-Jul-2019,15,3.1
V0245,19-Jul-2019,8,3.5
V0245,19-Oct-2019,2,2.1
V0245,20-May-2019,4,3.8
V0245,20-Oct-2019,3,3.3
V0245,21-Jul-2019,6,4.1
V0245,22-Jun-2019,4,2.6
V0245,22-May-2019,6,2.1
V0245,23-Jun-2019,3,3.0
V0245,23-May-2019,3,2.0
V0245,24-Jun-2019,23,4.1
V0245,24-Oct-2019,4,1.9
V0245,26-Jun-2019,5,3.6
V0245,26-Oct-2019,6,3.1
V0245,27-May-2019,2,2.7
V0245,28-Jul-2019,2,2.0
V0245,28-Oct-2019,8,3.3
V0245,29-Jul-2019,7,3.2
V0245,30-Jun-2019,4,2.5
V0245,31-May-2019,16,4.0
V0246,18-Jul-2019,2,2.5
V0246,19-Jul-2019,6,2.9
V0246,20-Jul-2019,9,3.1
V0246,21-Jul-2019,11,2.0
V0252,25-Mar-2019,2,4.0
V0253,03-Nov-2019,4,2.7
V0253,04-Nov-2019,2,2.0
V0253,06-Jul-2019,28,2.7
V0253,06-Sep-2019,2,3.2
V0253,09-Dec-2019,2,3.0
V0253,12-Dec-2018,2,3.5
V0253,17-Oct-2019,7,1.9
V0253,25-May-2019,2,2.5
V0253,27-Jun-2019,10,3.8
V0253,29-Oct-2019,2,2.0
V0253,30-Oct-2019,2,3.9
V0254,01-Aug-2019,8,2.0
V0254,01-Dec-2018,17,3.8
V0254,01-Dec-2019,10,2.7
V0254,01-Jun-2019,7,3.3
V0254,01-Nov-2018,4,2.2
V0254,01-Nov-2019,9,2.0
V0254,01-Sep-2019,6,2.3
V0254,02-Aug-2019,5,2.1
V0254,02-Dec-2018,10,2.5
V0254,02-Jun-2019,18,3.0
V0254,02-Nov-2018,7,3.2
V0254,02-Nov-2019,4,3.7
V0254,02-Sep-2018,16,3.4
V0254,03-Aug-2018,21,3.3
V0254,03-Aug-2019,4,2.8
V0254,03-Jan-2019,4,2.9
V0254,03-Jul-2019,4,2.8
V0254,03-Nov-2018,15,3.8
V0254,03-Nov-2019,15,2.4
V0254,03-Oct-2018,9,1.8
V0254,03-Oct-2019,10,3.4
V0254,04-Aug-2018,5,2.3
V0254,04-Aug-2019,13,3.9
V0254,04-Jan-2019,12,3.9
V0254,04-Jul-2019,13,2.0
V0254,04-Nov-2018,16,2.1
V0254,04-Oct-2018,14,3.0
V0254,04-Oct-2019,12,3.3
V0254,05-Aug-2018,10,2.5
V0254,05-Dec-2018,14,3.5
V0254,05-Dec-2019,5,3.2
V0254,05-Jan-2019,16,2.6
V0254,05-Oct-2018,9,1.9
V0254,05-Oct-2019,8,3.6
V0254,05-Sep-2018,5,2.3
V0254,06-Dec-2018,12,3.8
V0254,06-Jan-2019,14,2.8
V0254,06-Jul-2019,11,3.2
V0254,06-Jun-2019,5,3.9
V0254,06-Oct-2018,6,3.9
V0254,06-Oct-2019,16,2.7
V0254,06-Sep-2018,17,2.3
V0254,07-Jul-2019,22,3.7
V0254,07-Jun-2019,7,2.8
V0254,07-Nov-2018,12,2.3
V0254,07-Nov-2019,2,4.0
V0254,07-Oct-2018,22,2.3
V0254,07-Sep-2018,12,1.9
V0254,07-Sep-2019,8,1.8
V0254,08-Aug-2018,9,3.3
V0254,08-Aug-2019,18,3.4
V0254,08-Dec-2018,8,2.5
V0254,08-Jun-2019,17,2.6
V0254,08-Nov-2018,10,2.6
V0254,08-Nov-2019,3,3.4
V0254,08-Sep-2018,8,1.9
V0254,08-Sep-2019,2,4.0
V0254,09-Aug-2018,3,2.3
V0254,09-Dec-2018,19,4.2
V0254,09-Jun-2019,12,2.2
V0254,09-Sep-2018,20,3.7
V0254,10-Aug-2018,10,2.3
V0254,10-Jul-2019,20,2.0
V0254,10-Nov-2018,18,3.9
V0254,10-Nov-2019,8,3.9
V0254,10-Oct-2019,14,2.8
V0254,11-Aug-2018,17,3.5
V0254,11-Aug-2019,28,3.1
V0254,11-Jul-2019,3,3.8
V0254,11-Nov-2018,22,2.6
V0254,11-Oct-2018,20,3.1
V0254,11-Oct-2019,21,3.0
V0254,11-Sep-2019,4,2.6
V0254,12-Aug-2018,15,3.9
V0254,12-Dec-2018,7,2.2
V0254,12-Jul-2019,15,2.2
V0254,12-Jun-2019,7,3.2
V0254,12-Oct-2018,15,3.4
V0254,12-Oct-2019,8,2.3
V0254,12-Sep-2019,13,2.7
V0254,13-Dec-2018,6,4.1
V0254,13-Jul-2019,26,2.4
V0254,13-Jun-2019,13,3.4
V0254,13-Nov-2019,14,3.6
V0254,13-Oct-2018,16,2.9
V0254,13-Oct-2019,19,4.1
V0254,13-Sep-2018,17,3.6
V0254,13-Sep-2019,13,2.9
V0254,14-Dec-2018,14,3.2
V0254,14-Nov-2018,7,3.5
V0254,14-Nov-2019,7,3.2
V0254,14-Oct-2018,18,3.9
V0254,14-Sep-2018,16,2.7
V0254,14-Sep-2019,13,2.5
V0254,15-Aug-2018,8,2.3
V0254,15-Aug-2019,2,1.9
V0254,15-Dec-2018,5,1.9
V0254,15-Jun-2019,7,3.9
V0254,15-Nov-2018,6,3.4
V0254,15-Sep-2018,17,3.4
V0254,15-Sep-2019,6,3.3
V0254,16-Aug-2018,10,3.8
V0254,16-Dec-2018,9,3.0
V0254,16-Jun-2019,17,3.9
V0254,16-Nov-2018,18,2.7
V0254,16-Oct-2019,14,4.0
V0254,16-Sep-2018,17,3.5
V0254,16-Sep-2019,12,2.4
V0254,17-Aug-2018,19,3.2
V0254,17-Aug-2019,23,3.1
V0254,17-Jul-2019,22,2.1
V0254,17-Nov-2018,19,3.2
V0254,17-Nov-2019,14,2.6
V0254,17-Oct-2018,13,1.9
V0254,17-Oct-2019,19,4.1
V0254,18-Aug-2018,3,3.3
V0254,18-Aug-2019,11,3.9
V0254,18-Jul-2019,21,3.4
V0254,18-May-2019,9,2.7
V0254,18-Oct-2018,4,3.0
V0254,18-Oct-2019,19,3.4
V0254,18-Sep-2019,3,4.1
V0254,19-Aug-2018,9,2.4
V0254,19-Jul-2019,21,3.9
V0254,19-Jun-2019,9,4.0
V0254,19-May-2019,14,3.4
V0254,19-Oct-2018,15,4.0
V0254,19-Oct-2019,12,2.8
V0254,19-Sep-2018,14,4.1
V0254,19-Sep-2019,19,3.5
V0254,20-Dec-2018,10,1.9
V0254,20-Jun-2019,18,4.0
V0254,20-Oct-2018,22,3.0
V0254,20-Oct-2019,15,2.9
V0254,21-Dec-2018,9,3.2
V0254,21-Jun-2019,21,2.2
V0254,21-Oct-2018,7,2.9
V0254,21-Sep-2018,18,3.8
V0254,21-Sep-2019,4,1.8
V0254,22-Aug-2019,17,2.5
V0254,22-Dec-2018,4,1.8
V0254,22-Sep-2018,12,2.8
V0254,22-Sep-2019,20,3.5
V0254,23-Aug-2019,9,3.7
V0254,23-Dec-2018,10,4.1
V0254,23-Jun-2019,16,3.3
V0254,23-May-2019,11,2.4
V0254,23-Oct-2019,6,4.0
V0254,23-Sep-2018,17,3.7
V0254,24-Aug-2018,10,3.2
V0254,24-Aug-2019,13,3.5
V0254,24-May-2019,17,4.0
V0254,24-Oct-2019,6,3.5
V0254,25-Aug-2018,19,2.7
V0254,25-Aug-2019,20,3.5
V0254,25-Jul-2018,7,1.9
V0254,25-Nov-2018,2,2.7
V0254,25-Oct-2018,4,2.8
V0254,25-Oct-2019,4,2.2
V0254,25-Sep-2019,10,1.9
V0254,26-Aug-2018,21,2.1
V0254,26-Aug-2019,6,3.4
V0254,26-Dec-2018,13,3.7
V0254,26-Jun-2019,16,4.2
V0254,26-May-2019,2,2.6
V0254,26-Oct-2018,10,3.2
V0254,26-Oct-2019,5,4.0
V0254,26-Sep-2018,6,2.2
V0254,26-Sep-2019,15,3.5
V0254,27-Dec-2018,3,3.6
V0254,27-Jul-2019,12,2.0
V0254,27-Jun-2019,11,3.9
V0254,27-Oct-2018,6,3.8
V0254,27-Oct-2019,19,1.9
V0254,27-Sep-2018,14,2.0
V0254,27-Sep-2019,14,1.9
V0254,28-Aug-2019,4,2.6
V0254,28-Dec-2018,13,3.0
V0254,28-Jul-2018,5,3.1
V0254,28-Jun-2019,9,2.4
V0254,28-Nov-2018,7,4.0
V0254,28-Oct-2018,6,2.7
V0254,28-Sep-2018,19,1.9
V0254,28-Sep-2019,18,2.5
V0254,29-Aug-2018,10,3.1
V0254,29-Aug-2019,4,2.8
V0254,29-Dec-2018,7,2.5
V0254,29-Jul-2018,15,2.1
V0254,29-Jun-2019,12,3.8
V0254,29-Nov-2018,6,4.2
V0254,29-Nov-2019,26,2.6
V0254,29-Sep-2018,12,2.7
V0254,29-Sep-2019,8,3.3
V0254,30-Aug-2018,11,3.5
V0254,30-Aug-2019,10,2.7
V0254,30-Dec-2018,19,4.0
V0254,30-Jul-2018,5,3.1
V0254,30-May-2019,4,2.9
V0254,30-Nov-2018,18,3.4
V0254,30-Oct-2019,16,4.1
V0254,31-Aug-2018,27,3.7
V0254,31-Aug-2019,14,1.9
V0254,31-May-2019,5,2.6
V0254,31-Oct-2018,13,2.9
V0254,31-Oct-2019,5,2.6
V0256,01-Aug-2019,6,3.5
V0256,01-Jul-2019,17,3.8
V0256,01-Sep-2019,12,3.6
V0256,02-Aug-2019,10,4.2
V0256,02-Dec-2019,2,2.5
V0256,02-Nov-2019,8,3.9
V0256,02-Oct-2019,14,3.6
V0256,02-Sep-2019,5,2.7
V0256,03-Aug-2019,13,3.6
V0256,03-Nov-2019,7,2.0
V0256,03-Oct-2019,11,3.7
V0256,04-Aug-2019,10,3.1
V0256,04-Jul-2019,17,2.5
V0256,04-Nov-2019,14,3.4
V0256,04-Oct-2019,14,3.3
V0256,04-Sep-2019,2,2.3
V0256,05-Aug-2019,6,1.9
V0256,05-Oct-2019,11,2.8
V0256,05-Sep-2019,2,3.2
V0256,06-Aug-2019,4,3.9
V0256,06-Jul-2019,9,4.0
V0256,06-Nov-2019,2,3.1
V0256,06-Oct-2019,3,3.6
V0256,06-Sep-2019,4,2.9
V0256,07-Aug-2019,8,3.6
V0256,07-Dec-2019,3,2.3
V0256,07-Jul-2019,12,2.7
V0256,07-Nov-2019,2,3.3
V0256,07-Oct-2019,28,1.8
V0256,07-Sep-2019,4,3.5
V0256,08-Aug-2019,4,3.8
V0256,08-Jul-2019,17,2.8
V0256,08-Nov-2019,5,2.9
V0256,08-Sep-2019,12,3.8
V0256,09-Dec-2019,2,3.7
V0256,09-Oct-2019,2,2.5
V0256,09-Sep-2019,17,2.6
V0256,10-Jul-2019,10,3.4
V0256,10-Jun-2019,4,3.2
V0256,10-Nov-2019,2,2.2
V0256,10-Oct-2019,2,2.5
V0256,11-Aug-2019,12,4.0
V0256,11-Jul-2019,9,3.5
V0256,11-Nov-2019,4,4.2
V0256,11-Oct-2019,13,3.6
V0256,11-Sep-2019,8,4.1
V0256,12-Aug-2019,3,2.3
V0256,12-Jul-2019,2,3.7
V0256,12-Oct-2019,4,1.8
V0256,13-Jul-2019,14,3.4
V0256,13-Nov-2019,6,2.9
V0256,13-Oct-2019,10,2.6
V0256,13-Sep-2019,2,3.9
V0256,14-Jul-2019,14,3.9
V0256,14-Jun-2019,11,1.9
V0256,14-Oct-2019,15,3.3
V0256,14-Sep-2019,10,2.7
V0256,15-Aug-2019,12,2.8
V0256,15-Jul-2019,25,3.8
V0256,15-Jun-2019,2,2.5
V0256,15-Sep-2019,15,4.1
V0256,16-Aug-2019,9,2.2
V0256,16-Sep-2019,14,3.4
V0256,17-Aug-2019,6,3.4
V0256,17-Jul-2019,2,2.4
V0256,17-Jun-2019,12,2.6
V0256,17-Nov-2019,4,3.8
V0256,17-Oct-2019,5,3.6
V0256,18-Aug-2019,8,2.6
V0256,18-Jul-2019,9,3.1
V0256,18-Nov-2019,2,1.9
V0256,18-Oct-2019,4,2.3
V0256,18-Sep-2019,18,3.0
V0256,19-Aug-2019,13,2.0
V0256,19-Jul-2019,7,3.8
V0256,19-Oct-2019,9,3.5
V0256,19-Sep-2019,9,4.1
V0256,20-Jul-2019,16,3.5
V0256,20-Jun-2019,8,4.1
V0256,20-Oct-2019,16,3.1
V0256,20-Sep-2019,2,3.2
V0256,21-Aug-2019,7,4.1
V0256,21-Jul-2019,12,3.3
V0256,21-Jun-2019,3,1.9
V0256,21-Oct-2019,12,3.5
V0256,21-Sep-2019,4,4.0
V0256,22-Aug-2019,9,3.7
V0256,22-Jun-2019,2,3.2
V0256,22-Nov-2019,2,3.4
V0256,22-Sep-2019,10,4.2
V0256,23-Jun-2019,16,2.0
V0256,23-Oct-2019,10,3.4
V0256,23-Sep-2019,18,2.5
V0256,24-Aug-2019,6,3.3
V0256,24-Jun-2019,18,3.3
V0256,25-Aug-2019,4,2.2
V0256,25-Jul-2019,2,2.3
V0256,25-Oct-2019,2,3.3
V0256,25-Sep-2019,6,2.1
V0256,26-Aug-2019,8,2.4
V0256,26-Jul-2019,2,3.8
V0256,26-Oct-2019,7,2.6
V0256,26-Sep-2019,2,3.0
V0256,27-Jun-2019,59,4.1
V0256,27-Oct-2019,15,2.3
V0256,27-Sep-2019,11,2.7
V0256,28-Jul-2019,14,3.3
V0256,28-Jun-2019,5,3.6
V0256,28-Oct-2019,29,4.0
V0256,28-Sep-2019,9,4.0
V0256,29-Jul-2019,13,3.7
V0256,29-Jun-2019,10,2.3
V0256,29-Sep-2019,14,1.9
V0256,30-Aug-2019,2,2.7
V0256,30-Jun-2019,10,2.1
V0256,30-Sep-2019,11,3.5
V0256,31-Oct-2019,2,3.4
V0259,01-Aug-2019,3,1.9
V0259,01-Feb-2019,7,3.8
V0259,01-Jul-2019,66,2.4
V0259,01-Jun-2019,15,2.8
V0259,01-Oct-2019,30,3.4
V0259,01-Sep-2019,19,2.8
V0259,02-Aug-2019,8,2.9
V0259,02-Jul-2019,24,2.0
V0259,02-Jun-2019,37,2.8
V0259,02-Nov-2019,34,3.6
V0259,02-Oct-2019,7,4.0
V0259,02-Sep-2019,56,2.8
V0259,03-Aug-2019,17,2.8
V0259,03-Jul-2019,9,3.5
V0259,03-Jun-2019,19,4.1
V0259,03-Nov-2019,37,2.4
V0259,03-Oct-2019,22,2.9
V0259,03-Sep-2019,10,3.7
V0259,04-Aug-2019,12,3.3
V0259,04-Jun-2019,3,2.1
V0259,04-Nov-2019,8,3.3
V0259,04-Oct-2019,12,2.2
V0259,04-Sep-2019,6,3.0
V0259,05-Aug-2019,24,3.1
V0259,05-Jul-2019,5,3.9
V0259,05-Jun-2019,2,2.9
V0259,05-Nov-2019,3,2.5
V0259,05-Oct-2019,11,2.4
V0259,06-Aug-2019,15,3.9
V0259,06-Jul-2019,7,2.2
V0259,06-Jun-2019,8,2.8
V0259,06-Nov-2019,18,2.2
V0259,06-Sep-2019,5,3.7
V0259,07-Aug-2019,4,2.9
V0259,07-Jul-2019,35,2.6
V0259,07-Jun-2019,2,2.7
V0259,07-Nov-2019,10,3.8
V0259,07-Oct-2019,33,3.1
V0259,07-Sep-2019,8,3.5
V0259,08-Aug-2019,4,4.0
V0259,08-Jul-2019,116,4.0
V0259,08-Jun-2019,2,2.6
V0259,08-Oct-2019,104,4.1
V0259,08-Sep-2019,27,1.9
V0259,09-Aug-2019,6,2.7
V0259,09-Jul-2019,11,3.9
V0259,09-Jun-2019,29,2.5
V0259,09-Nov-2019,2,2.5
V0259,09-Oct-2019,48,2.5
V0259,09-Sep-2019,8,3.3
V0259,10-Aug-2019,3,2.9
V0259,10-Jul-2019,25,3.5
V0259,10-Jun-2019,50,3.9
V0259,10-Nov-2019,27,3.4
V0259,10-Oct-2019,37,2.3
V0259,10-Sep-2019,2,4.0
V0259,11-Aug-2019,38,2.4
V0259,11-Jul-2019,63,2.2
V0259,11-Jun-2019,64,2.0
V0259,11-Nov-2019,7,3.2
V0259,11-Oct-2019,51,2.1
V0259,11-Sep-2019,4,2.1
V0259,12-Aug-2019,5,2.5
V0259,12-Jul-2019,2,2.5
V0259,12-Jun-2019,2,3.3
V0259,12-Nov-2019,50,3.8
V0259,12-Oct-2019,2,3.6
V0259,12-Sep-2019,8,2.4
V0259,13-Aug-2019,15,2.4
V0259,13-Jul-2019,50,4.1
V0259,13-Jun-2019,11,1.8
V0259,13-Oct-2019,44,3.9
V0259,13-Sep-2019,8,2.3
V0259,14-Aug-2019,2,4.1
V0259,14-Jul-2019,34,2.6
V0259,14-Jun-2019,12,2.9
V0259,14-Nov-2019,2,3.5
V0259,14-Oct-2019,82,3.2
V0259,14-Sep-2019,25,2.6
V0259,15-Aug-2019,4,3.1
V0259,15-Jul-2019,39,3.6
V0259,15-Jun-2019,10,1.9
V0259,15-Nov-2019,2,1.8
V0259,15-Oct-2019,39,2.9
V0259,15-Sep-2019,14,2.1
V0259,16-Aug-2019,11,3.4
V0259,16-Jul-2019,13,2.3
V0259,16-Jun-2019,55,2.8
V0259,16-Nov-2019,20,2.3
V0259,16-Oct-2019,47,3.1
V0259,16-Sep-2019,56,2.1
V0259,17-Aug-2019,23,1.9
V0259,17-Jul-2019,5,1.9
V0259,17-Jun-2019,16,4.1
V0259,17-Oct-2019,4,2.1
V0259,17-Sep-2019,35,3.5
V0259,18-Aug-2019,45,2.0
V0259,18-Jul-2019,56,2.1
V0259,18-May-2019,6,3.0
V0259,18-Oct-2019,6,2.9
V0259,18-Sep-2019,41,4.1
V0259,19-Aug-2019,24,4.1
V0259,19-Jul-2019,53,3.7
V0259,19-May-2019,39,3.2
V0259,19-Oct-2019,30,2.9
V0259,19-Sep-2019,11,2.7
V0259,20-Aug-2019,3,4.1
V0259,20-Jan-2019,44,3.2
V0259,20-Jul-2019,18,3.2
V0259,20-May-2019,32,2.4
V0259,20-Nov-2019,2,1.9
V0259,20-Oct-2019,19,4.1
V0259,20-Sep-2019,5,2.6
V0259,21-Aug-2019,6,2.9
V0259,21-Jan-2019,13,2.1
V0259,21-Jul-2019,33,3.8
V0259,21-Jun-2019,24,1.9
V0259,21-May-2019,19,3.8
V0259,22-Aug-2019,33,2.1
V0259,22-Jul-2019,4,3.9
V0259,22-May-2019,17,3.6
V0259,22-Oct-2019,2,2.2
V0259,22-Sep-2019,3,3.2
V0259,23-Jan-2019,12,2.6
V0259,23-Jun-2019,84,2.2
V0259,23-May-2019,10,3.9
V0259,23-Sep-2019,2,2.8
V0259,24-Jan-2019,4,2.8
V0259,24-Jul-2019,18,2.2
V0259,24-Jun-2019,47,2.7
V0259,24-May-2019,36,3.9
V0259,24-Nov-2019,2,2.7
V0259,24-Oct-2019,34,4.1
V0259,24-Sep-2019,2,4.1
V0259,25-Aug-2019,20,2.1
V0259,25-Jan-2019,4,2.2
V0259,25-Jun-2019,19,3.9
V0259,25-May-2019,8,2.7
V0259,25-Nov-2019,2,1.8
V0259,25-Oct-2019,9,2.5
V0259,26-Aug-2019,42,3.2
V0259,26-Jan-2019,10,3.7
V0259,26-Jul-2019,6,2.1
V0259,26-Jun-2019,23,2.1
V0259,26-May-2019,13,4.0
V0259,26-Nov-2019,2,3.6
V0259,26-Oct-2019,8,3.2
V0259,27-Aug-2019,6,3.6
V0259,27-Jan-2019,16,2.8
V0259,27-Jul-2019,3,3.6
V0259,27-Jun-2019,24,2.7
V0259,27-May-2019,25,2.4
V0259,27-Oct-2019,2,3.5
V0259,28-Jan-2019,5,2.8
V0259,28-Jul-2019,9,4.2
V0259,28-Jun-2019,9,2.6
V0259,28-May-2019,25,4.0
V0259,28-Nov-2019,4,4.0
V0259,28-Oct-2019,9,2.4
V0259,28-Sep-2019,24,3.7
V0259,29-Aug-2019,2,2.8
V0259,29-Jan-2019,6,4.0
V0259,29-Jul-2019,8,2.9
V0259,29-Jun-2019,24,3.6
V0259,29-May-2019,21,2.9
V0259,29-Oct-2019,10,2.3
V0259,29-Sep-2019,42,2.3
V0259,30-Aug-2019,21,2.8
V0259,30-Jan-2019,8,3.6
V0259,30-Jul-2019,7,3.3
V0259,30-Jun-2019,36,3.5
V0259,30-May-2019,24,2.5
V0259,30-Oct-2019,2,3.0
V0259,30-Sep-2019,8,1.9
V0259,31-Jul-2019,43,3.8
V0259,31-May-2019,3,4.2
V0259,31-Oct-2019,3,2.8
V0267,01-Aug-2019,2,1.8
V0267,01-Jul-2019,2,2.2
V0267,01-Jun-2019,8,3.4
V0267,01-Sep-2019,30,3.3
V0267,02-Aug-2019,28,3.7
V0267,02-Jun-2019,3,2.4
V0267,02-Nov-2019,14,3.6
V0267,02-Sep-2019,18,3.5
V0267,03-Aug-2019,3,2.6
V0267,03-Nov-2019,22,3.1
V0267,03-Oct-2019,7,2.2
V0267,04-Aug-2019,3,2.9
V0267,04-Jul-2019,19,3.9
V0267,04-Nov-2019,3,2.8
V0267,04-Oct-2019,16,3.8
V0267,04-Sep-2019,3,3.2
V0267,05-Aug-2019,6,2.3
V0267,05-Jul-2019,12,3.2
V0267,05-Jun-2019,17,3.0
V0267,05-Oct-2019,10,2.8
V0267,05-Sep-2019,8,2.1
V0267,06-Jul-2019,3,2.8
V0267,06-Jun-2019,15,2.0
V0267,06-Nov-2019,13,2.0
V0267,06-Oct-2019,21,2.8
V0267,06-Sep-2019,9,2.5
V0267,07-Aug-2019,16,4.0
V0267,07-Jul-2019,21,2.7
V0267,07-Jun-2019,5,3.6
V0267,07-Nov-2019,17,3.1
V0267,07-Oct-2019,7,3.5
V0267,07-Sep-2019,3,2.4
V0267,08-Aug-2019,10,4.1
V0267,08-Jul-2019,35,3.1
V0267,08-Jun-2019,5,3.8
V0267,08-Nov-2019,2,2.7
V0267,08-Oct-2019,20,2.0
V0267,08-Sep-2019,16,3.4
V0267,09-Aug-2019,25,1.8
V0267,09-Sep-2019,2,2.9
V0267,10-Aug-2019,6,2.3
V0267,10-Jul-2019,16,3.3
V0267,10-Jun-2019,9,4.2
V0267,10-Nov-2019,32,2.9
V0267,10-Oct-2019,29,3.8
V0267,11-Aug-2019,6,3.0
V0267,11-Jul-2019,21,3.0
V0267,11-Nov-2019,5,4.0
V0267,11-Oct-2019,13,3.9
V0267,11-Sep-2019,13,3.7
V0267,12-Aug-2019,7,2.5
V0267,12-Jul-2019,7,3.1
V0267,12-Oct-2019,6,2.3
V0267,13-Jul-2019,7,2.9
V0267,13-Jun-2019,5,3.0
V0267,13-Oct-2019,28,3.8
V0267,14-Aug-2019,11,4.0
V0267,14-Jul-2019,3,2.8
V0267,14-Nov-2019,23,1.8
V0267,14-Oct-2019,18,3.9
V0267,15-Jul-2019,4,2.2
V0267,15-Jun-2019,17,3.3
V0267,15-Sep-2019,11,1.9
V0267,16-Aug-2019,10,2.8
V0267,16-Jun-2019,36,4.2
V0267,16-Nov-2019,27,2.0
V0267,16-Oct-2019,3,2.8
V0267,16-Sep-2019,4,2.5
V0267,17-Aug-2019,12,4.0
V0267,17-Jul-2019,3,3.9
V0267,17-Jun-2019,15,2.4
V0267,17-Oct-2019,9,2.0
V0267,18-Aug-2019,20,3.3
V0267,18-Jul-2019,14,2.6
V0267,18-Oct-2019,28,3.4
V0267,19-Aug-2019,2,1.9
V0267,19-Jul-2019,34,2.1
V0267,19-May-2019,7,3.4
V0267,19-Oct-2019,2,2.3
V0267,19-Sep-2019,4,3.9
V0267,20-Jul-2019,25,1.9
V0267,20-Jun-2019,10,2.3
V0267,20-May-2019,15,4.2
V0267,20-Oct-2019,24,2.8
V0267,21-Jul-2019,5,3.5
V0267,21-Jun-2019,7,2.2
V0267,21-Sep-2019,14,3.3
V0267,22-Aug-2019,3,3.5
V0267,22-Jun-2019,2,2.6
V0267,22-May-2019,43,3.8
V0267,22-Sep-2019,23,3.2
V0267,23-Aug-2019,5,2.7
V0267,23-Jun-2019,9,3.1
V0267,23-Oct-2019,31,3.2
V0267,24-Aug-2019,5,2.2
V0267,24-Jun-2019,8,2.8
V0267,24-Oct-2019,7,2.6
V0267,25-May-2019,6,2.8
V0267,25-Sep-2019,7,3.6
V0267,26-Aug-2019,7,3.0
V0267,26-Jul-2019,22,4.1
V0267,26-Jun-2019,7,2.5
V0267,26-May-2019,29,2.8
V0267,26-Oct-2019,21,3.7
V0267,27-Jun-2019,2,3.1
V0267,27-May-2019,5,3.1
V0267,27-Oct-2019,2,1.9
V0267,27-Sep-2019,4,2.8
V0267,28-Aug-2019,2,2.4
V0267,28-Jul-2019,3,4.2
V0267,28-Jun-2019,21,2.5
V0267,28-Oct-2019,5,3.9
V0267,28-Sep-2019,13,3.4
V0267,29-Aug-2019,10,2.6
V0267,29-May-2019,17,3.1
V0267,30-Jul-2019,6,3.8
V0267,30-Jun-2019,25,3.9
V0267,30-May-2019,4,2.2
V0267,30-Sep-2019,19,2.6
V0267,31-Aug-2019,3,2.6
V0268,01-Jul-2019,6,1.9
V0268,01-Jun-2019,3,3.2
V0268,01-Oct-2019,4,3.9
V0268,01-Sep-2019,21,2.7
V0268,02-Aug-2019,2,3.6
V0268,02-Dec-2019,23,3.3
V0268,02-Jun-2019,7,2.7
V0268,02-Sep-2019,2,2.1
V0268,03-Nov-2019,33,3.5
V0268,03-Oct-2019,36,3.9
V0268,04-Aug-2019,16,3.4
V0268,04-Jul-2019,14,1.8
V0268,04-Nov-2019,2,2.3
V0268,04-Oct-2019,6,2.0
V0268,05-Jul-2019,1,3.2
V0268,05-Nov-2019,2,3.6
V0268,05-Oct-2019,8,2.1
V0268,06-Dec-2019,5,3.8
V0268,06-Jul-2019,7,3.1
V0268,06-Sep-2019,13,3.5
V0268,07-Jul-2019,18,4.1
V0268,08-Aug-2019,10,2.0
V0268,08-Jul-2019,41,4.0
V0268,08-Nov-2019,9,2.1
V0268,08-Oct-2019,9,2.7
V0268,08-Sep-2019,12,3.8
V0268,09-Aug-2019,11,4.0
V0268,09-Jul-2019,11,3.0
V0268,09-Jun-2019,17,3.2
V0268,09-Nov-2019,10,3.5
V0268,09-Sep-2019,6,3.8
V0268,10-Jun-2019,15,2.1
V0268,10-Nov-2019,12,3.7
V0268,11-Aug-2019,19,3.0
V0268,11-Jul-2019,15,2.9
V0268,11-Jun-2019,21,2.8
V0268,11-Nov-2019,2,3.0
V0268,11-Oct-2019,26,4.1
V0268,12-Jul-2019,7,3.1
V0268,12-Oct-2019,12,4.1
V0268,12-Sep-2019,2,2.2
V0268,13-Jul-2019,14,3.5
V0268,13-Oct-2019,8,3.7
V0268,13-Sep-2019,6,3.4
V0268,14-Jul-2019,19,3.3
V0268,14-Nov-2019,19,3.2
V0268,14-Oct-2019,9,3.9
V0268,15-Oct-2019,10,3.8
V0268,16-Jun-2019,11,2.1
V0268,17-Jun-2019,10,3.8
V0268,17-Nov-2019,7,2.8
V0268,18-Aug-2019,9,2.4
V0268,18-Jul-2019,16,3.9
V0268,18-Jun-2019,2,2.8
V0268,18-May-2019,9,3.7
V0268,18-Nov-2019,13,2.4
V0268,18-Oct-2019,10,1.8
V0268,19-Aug-2019,9,3.0
V0268,19-Jul-2019,22,2.0
V0268,19-May-2019,32,3.6
V0268,20-Aug-2019,6,2.5
V0268,20-Jul-2019,7,2.9
V0268,20-Jun-2019,9,2.0
V0268,20-May-2019,12,2.5
V0268,20-Oct-2019,2,3.7
V0268,21-Jul-2019,11,2.2
V0268,21-Nov-2019,10,3.4
V0268,21-Oct-2019,6,4.0
V0268,22-Nov-2019,5,3.4
V0268,22-Oct-2019,8,3.7
V0268,22-Sep-2019,10,2.1
V0268,23-Jun-2019,24,2.4
V0268,23-Sep-2019,4,3.9
V0268,24-Jun-2019,22,3.5
V0268,24-May-2019,4,3.3
V0268,25-Aug-2019,28,3.4
V0268,25-Jun-2019,21,2.8
V0268,25-Oct-2019,8,1.9
V0268,26-Jul-2019,4,3.7
V0268,26-Oct-2019,17,3.4
V0268,27-Jul-2019,3,2.9
V0268,27-Jun-2019,15,4.0
V0268,27-Sep-2019,13,2.6
V0268,28-Jun-2019,15,2.5
V0268,28-Oct-2019,3,3.9
V0268,28-Sep-2019,3,3.7
V0268,29-Jul-2019,2,3.0
V0268,29-Jun-2019,13,2.1
V0268,30-Aug-2019,3,2.3
V0268,30-Jul-2019,9,3.4
V0268,30-Jun-2019,21,2.7
V0268,30-Sep-2019,2,3.8
V0268,31-May-2019,10,4.1
V0268,31-Oct-2019,2,3.7
V0272,07-Sep-2019,3,2.7
V0272,12-Jul-2019,4,3.7
V0275,04-Jun-2019,8,2.6
V0275,04-Oct-2018,7,2.2
V0275,05-Nov-2018,5,1.9
V0275,06-Jul-2019,6,2.7
V0275,07-Jul-2019,2,4.0
V0275,08-Jul-2019,17,2.4
V0275,09-Jun-2019,3,2.3
V0275,09-Sep-2018,15,4.1
V0275,10-Sep-2018,2,1.9
V0275,13-Nov-2018,3,3.7
V0275,13-Oct-2018,4,2.6
V0275,13-Sep-2018,14,1.9
V0275,18-Sep-2018,12,4.0
V0275,19-Aug-2018,4,2.1
V0275,19-Oct-2019,6,3.1
V0275,20-Aug-2018,2,2.5
V0275,22-Jun-2019,2,2.0
V0275,29-Oct-2018,4,1.9
V0275,30-Sep-2018,17,2.1
V0283,01-Sep-2019,5,2.0
V0283,02-Aug-2019,2,3.6
V0283,02-Jul-2019,2,3.0
V0283,04-Aug-2019,4,2.6
V0283,05-Oct-2019,2,2.8
V0283,06-Sep-2019,6,4.0
V0283,07-Jul-2019,2,4.0
V0283,08-Oct-2018,2,3.5
V0283,08-Sep-2019,3,3.9
V0283,09-Sep-2019,2,2.6
V0283,10-Aug-2019,2,2.7
V0283,10-Sep-2019,11,3.3
V0283,11-Jun-2019,2,3.3
V0283,11-Nov-2019,2,3.0
V0283,13-Jul-2019,2,2.8
V0283,13-Sep-2019,2,4.2
V0283,14-Jul-2019,3,3.8
V0283,17-Jun-2019,7,2.8
V0283,17-Nov-2019,6,3.5
V0283,18-May-2019,3,2.4
V0283,19-May-2019,2,2.0
V0283,20-May-2019,7,2.6
V0283,20-Oct-2018,5,2.8
V0283,20-Oct-2019,4,1.8
V0283,20-Sep-2019,2,3.8
V0283,21-Jun-2019,2,2.7
V0283,21-May-2019,2,3.2
V0283,21-Oct-2019,7,2.0
V0283,22-May-2019,3,2.2
V0283,24-Aug-2019,2,3.9
V0283,24-Oct-2018,2,3.3
V0283,25-Jul-2019,2,4.1
V0283,25-Jun-2019,8,4.2
V0283,25-May-2019,2,2.7
V0283,27-Jul-2019,2,2.5
V0283,27-Oct-2019,7,3.9
V0283,28-Jul-2019,4,4.2
V0283,29-Jul-2018,4,3.3
V0283,29-Oct-2019,2,3.7
V0283,30-Jul-2019,3,3.7
V0283,30-Jun-2019,7,2.7
V0283,30-Sep-2019,3,3.2
V0283,31-Aug-2019,4,3.8
V0286,04-Sep-2019,13,3.5
V0286,07-Jul-2019,15,1.9
V0286,14-Nov-2019,10,2.6
V0286,15-Dec-2018,4,2.1
V0286,17-Oct-2019,4,2.4
V0286,24-Aug-2019,4,4.0
V0286,28-Aug-2019,3,1.9
V0287,01-Aug-2019,12,2.3
V0287,01-Feb-2019,13,2.5
V0287,01-Jul-2019,48,3.3
V0287,01-Jun-2019,8,3.1
V0287,01-Nov-2019,24,2.3
V0287,01-Oct-2019,18,2.2
V0287,01-Sep-2019,28,2.4
V0287,02-Aug-2019,23,3.0
V0287,02-Feb-2019,4,2.5
V0287,02-Jul-2019,35,4.1
V0287,02-Jun-2019,20,2.9
V0287,02-Sep-2019,20,1.9
V0287,03-Aug-2019,20,3.6
V0287,03-Feb-2019,22,2.6
V0287,03-Jun-2019,20,3.4
V0287,03-Nov-2019,18,2.5
V0287,03-Oct-2019,26,3.2
V0287,03-Sep-2019,24,3.7
V0287,04-Aug-2019,29,4.0
V0287,04-Feb-2019,32,2.4
V0287,04-Jul-2019,13,2.6
V0287,04-Jun-2019,17,2.9
V0287,04-Nov-2019,18,4.0
V0287,04-Oct-2019,35,4.0
V0287,05-Aug-2019,40,2.0
V0287,05-Feb-2019,33,2.1
V0287,05-Jul-2019,16,3.0
V0287,05-Nov-2019,12,2.1
V0287,05-Oct-2019,12,2.6
V0287,06-Aug-2019,13,2.2
V0287,06-Jul-2019,33,3.3
V0287,06-Jun-2019,18,4.1
V0287,06-Oct-2019,29,4.2
V0287,06-Sep-2019,14,2.7
V0287,07-Jul-2019,23,3.2
V0287,07-Jun-2019,17,3.9
V0287,07-Nov-2019,5,2.1
V0287,07-Oct-2019,26,3.5
V0287,07-Sep-2019,16,2.8
V0287,08-Feb-2019,2,2.3
V0287,08-Jul-2019,35,2.8
V0287,08-Jun-2019,20,2.0
V0287,08-Nov-2019,26,3.5
V0287,08-Oct-2019,28,2.4
V0287,08-Sep-2019,26,2.5
V0287,09-Aug-2019,6,2.1
V0287,09-Jul-2019,22,3.9
V0287,09-Jun-2019,14,3.0
V0287,09-Nov-2019,5,3.2
V0287,09-Sep-2019,26,3.2
V0287,10-Aug-2019,15,2.8
V0287,10-Jun-2019,36,2.3
V0287,10-Nov-2019,28,3.6
V0287,10-Sep-2019,17,2.1
V0287,11-Aug-2019,26,2.0
V0287,11-Jul-2019,27,3.5
V0287,11-Jun-2019,15,2.3
V0287,11-Nov-2019,27,2.5
V0287,11-Oct-2019,32,2.9
V0287,12-Aug-2019,29,2.9
V0287,12-Jul-2019,23,3.5
V0287,12-Nov-2019,6,3.3
V0287,12-Oct-2019,19,3.3
V0287,12-Sep-2019,18,3.5
V0287,13-Jul-2019,44,2.5
V0287,13-Jun-2019,31,2.6
V0287,13-Oct-2019,38,2.9
V0287,13-Sep-2019,12,2.5
V0287,14-Jul-2019,32,4.2
V0287,14-Jun-2019,13,3.8
V0287,14-Nov-2019,9,2.2
V0287,14-Oct-2019,23,1.8
V0287,14-Sep-2019,31,1.9
V0287,15-Aug-2019,15,2.4
V0287,15-Dec-2019,3,2.1
V0287,15-Jul-2019,35,3.1
V0287,15-Jun-2019,8,3.9
V0287,15-Nov-2019,9,3.6
V0287,15-Oct-2019,8,2.3
V0287,15-Sep-2019,30,2.8
V0287,16-Aug-2019,23,3.0
V0287,16-Jul-2019,11,3.7
V0287,16-Jun-2019,37,3.8
V0287,16-Sep-2019,45,4.0
V0287,17-Aug-2019,14,3.0
V0287,17-Jul-2019,24,3.5
V0287,17-Jun-2019,34,2.1
V0287,17-Nov-2019,15,3.2
V0287,17-Oct-2019,14,2.4
V0287,17-Sep-2019,14,2.8
V0287,18-Aug-2019,39,3.3
V0287,18-Jul-2019,16,2.4
V0287,18-Jun-2019,11,1.9
V0287,18-May-2019,3,1.8
V0287,18-Nov-2019,13,1.9
V0287,18-Oct-2019,28,1.8
V0287,19-Aug-2019,39,2.1
V0287,19-Jul-2019,51,2.4
V0287,19-May-2019,26,2.3
V0287,19-Oct-2019,13,4.2
V0287,19-Sep-2019,4,2.5
V0287,20-Aug-2019,8,2.1
V0287,20-Jan-2019,25,3.1
V0287,20-Jul-2019,25,3.9
V0287,20-Jun-2019,10,3.4
V0287,20-May-2019,27,2.5
V0287,20-Oct-2019,29,3.1
V0287,20-Sep-2019,27,3.5
V0287,21-Jan-2019,22,3.5
V0287,21-Jul-2019,32,3.4
V0287,21-Jun-2019,15,3.9
V0287,21-May-2019,8,3.9
V0287,21-Nov-2019,2,3.2
V0287,21-Oct-2019,21,2.8
V0287,21-Sep-2019,21,3.3
V0287,22-Aug-2019,15,3.8
V0287,22-Jan-2019,7,1.8
V0287,22-Jun-2019,14,4.2
V0287,22-Nov-2019,4,2.2
V0287,22-Oct-2019,18,2.9
V0287,22-Sep-2019,22,3.9
V0287,23-Aug-2019,9,2.3
V0287,23-Jun-2019,25,2.9
V0287,23-Sep-2019,41,2.1
V0287,24-Aug-2019,26,2.7
V0287,24-Jan-2019,12,2.2
V0287,24-Jun-2019,32,2.7
V0287,24-May-2019,18,2.7
V0287,24-Nov-2019,7,4.2
V0287,24-Sep-2019,7,4.2
V0287,25-Aug-2019,17,2.1
V0287,25-Jan-2019,10,3.5
V0287,25-Jun-2019,4,1.9
V0287,25-May-2019,8,1.9
V0287,25-Oct-2019,8,2.1
V0287,26-Aug-2019,19,4.1
V0287,26-Jan-2019,15,4.1
V0287,26-May-2019,9,2.3
V0287,26-Oct-2019,15,2.2
V0287,26-Sep-2019,22,2.4
V0287,27-Aug-2019,11,3.0
V0287,27-Jan-2019,34,3.2
V0287,27-Jul-2019,13,2.3
V0287,27-Jun-2019,11,3.6
V0287,27-May-2019,12,2.5
V0287,27-Oct-2019,31,4.0
V0287,27-Sep-2019,16,3.4
V0287,28-Jan-2019,24,2.8
V0287,28-Jul-2019,12,3.7
V0287,28-Jun-2019,21,3.8
V0287,28-May-2019,3,2.5
V0287,28-Oct-2019,37,2.6
V0287,28-Sep-2019,12,4.0
V0287,29-Aug-2019,20,2.2
V0287,29-Jul-2019,30,1.9
V0287,29-Jun-2019,22,2.9
V0287,29-Oct-2019,17,3.7
V0287,29-Sep-2019,31,3.7
V0287,30-Aug-2019,25,4.0
V0287,30-Jul-2019,29,3.1
V0287,30-Jun-2019,20,2.0
V0287,30-May-2019,19,3.2
V0287,30-Sep-2019,42,3.7
V0287,31-Aug-2019,18,2.0
V0287,31-Jan-2019,18,2.2
V0287,31-May-2019,12,1.8
V0287,31-Oct-2019,20,3.2
V0289,01-Jul-2019,2,3.9
V0289,01-Nov-2019,1,3.4
V0289,01-Oct-2019,1,4.2
V0289,02-Aug-2019,4,2.0
V0289,02-Jul-2019,5,4.0
V0289,02-Jun-2019,2,3.8
V0289,02-Nov-2019,4,2.6
V0289,02-Sep-2019,6,4.1
V0289,03-Oct-2019,2,2.5
V0289,03-Sep-2019,3,3.9
V0289,04-Jul-2019,2,3.9
V0289,04-Jun-2019,9,3.6
V0289,04-Nov-2019,3,3.2
V0289,04-Oct-2019,4,2.1
V0289,05-Jul-2019,3,3.1
V0289,05-Nov-2019,1,2.7
V0289,05-Oct-2019,2,3.7
V0289,05-Sep-2019,1,3.6
V0289,06-Jul-2019,2,4.0
V0289,06-Jun-2019,2,1.8
V0289,06-Sep-2019,1,3.7
V0289,07-Jun-2019,2,4.1
V0289,07-Nov-2019,1,3.7
V0289,07-Oct-2019,2,2.1
V0289,08-Aug-2019,3,2.0
V0289,08-Jun-2019,4,1.9
V0289,08-Oct-2019,3,3.3
V0289,08-Sep-2019,1,3.3
V0289,09-Aug-2019,2,4.2
V0289,09-Jul-2019,3,2.8
V0289,09-Jun-2019,1,2.6
V0289,09-Nov-2019,1,3.3
V0289,09-Sep-2019,7,3.8
V0289,10-Aug-2019,2,4.0
V0289,10-Jun-2019,3,3.7
V0289,10-Sep-2019,1,2.8
V0289,11-Aug-2019,3,3.3
V0289,11-Jul-2019,3,3.9
V0289,12-Jul-2019,2,3.0
V0289,12-Oct-2019,1,2.3
V0289,13-Aug-2019,5,2.2
V0289,13-Sep-2019,2,1.8
V0289,14-Nov-2019,1,3.5
V0289,14-Oct-2019,2,2.1
V0289,15-Aug-2019,3,2.4
V0289,15-Jul-2019,6,2.5
V0289,15-Jun-2019,1,3.1
V0289,15-Oct-2019,4,2.8
V0289,15-Sep-2019,1,3.4
V0289,16-Aug-2019,7,1.9
V0289,16-Jul-2019,5,2.1
V0289,16-Sep-2019,1,3.0
V0289,17-Aug-2019,4,2.6
V0289,17-Jun-2019,3,2.5
V0289,17-Oct-2019,1,2.0
V0289,17-Sep-2019,8,3.9
V0289,18-Jun-2019,8,3.5
V0289,19-Jul-2019,1,2.1
V0289,19-May-2019,1,2.0
V0289,19-Sep-2019,1,4.1
V0289,20-Jul-2019,3,3.4
V0289,20-Oct-2019,2,2.8
V0289,21-Jul-2019,4,3.5
V0289,21-May-2019,14,3.6
V0289,21-Oct-2019,2,3.7
V0289,22-Oct-2019,6,2.9
V0289,23-Jun-2019,5,2.8
V0289,23-May-2019,4,1.8
V0289,23-Sep-2019,3,4.0
V0289,24-Jun-2019,4,3.2
V0289,24-May-2019,2,2.3
V0289,24-Oct-2019,5,4.0
V0289,24-Sep-2019,4,4.0
V0289,25-May-2019,2,4.2
V0289,25-Oct-2019,1,3.9
V0289,26-May-2019,2,4.2
V0289,26-Sep-2019,2,2.4
V0289,27-Aug-2019,5,3.8
V0289,27-May-2019,5,3.8
V0289,27-Oct-2019,3,2.4
V0289,28-Jul-2019,2,2.0
V0289,28-Jun-2019,3,4.2
V0289,28-Oct-2019,8,2.5
V0289,29-Jul-2019,11,3.9
V0289,29-Oct-2019,4,1.8
V0289,30-Jul-2019,5,1.9
V0289,30-May-2019,4,2.9
V0289,31-Aug-2019,2,2.4
V0289,31-Jul-2019,2,3.5
V0294,01-Aug-2018,10,3.2
V0294,01-Jul-2019,2,2.0
V0294,01-Nov-2018,6,2.2
V0294,01-Nov-2019,3,2.7
V0294,01-Oct-2018,9,2.2
V0294,01-Oct-2019,6,3.7
V0294,01-Sep-2018,6,2.8
V0294,01-Sep-2019,5,2.0
V0294,02-Aug-2019,2,3.0
V0294,02-Jul-2019,6,2.0
V0294,02-Jun-2019,1,2.1
V0294,02-Nov-2019,8,2.4
V0294,02-Oct-2018,2,3.9
V0294,02-Sep-2018,7,4.0
V0294,02-Sep-2019,8,3.8
V0294,03-Aug-2019,8,2.6
V0294,03-Jun-2019,7,2.5
V0294,03-Nov-2018,3,3.1
V0294,03-Nov-2019,6,3.5
V0294,03-Sep-2018,5,4.2
V0294,03-Sep-2019,2,2.1
V0294,04-Aug-2018,6,1.9
V0294,04-Aug-2019,6,3.5
V0294,04-Nov-2018,1,3.8
V0294,04-Nov-2019,6,3.8
V0294,04-Sep-2018,2,3.4
V0294,05-Aug-2018,5,4.1
V0294,05-Aug-2019,6,3.0
V0294,05-Jul-2019,6,4.0
V0294,05-Nov-2018,9,4.1
V0294,05-Nov-2019,4,3.8
V0294,05-Sep-2019,15,2.5
V0294,06-Aug-2019,10,2.3
V0294,06-Jul-2019,9,3.1
V0294,06-Nov-2018,3,2.9
V0294,06-Oct-2019,5,3.9
V0294,07-Jul-2019,2,2.0
V0294,07-Oct-2018,2,2.4
V0294,07-Oct-2019,6,3.6
V0294,07-Sep-2018,5,2.0
V0294,08-Jul-2019,3,2.6
V0294,08-Jun-2019,6,2.7
V0294,08-Nov-2019,4,3.3
V0294,08-Oct-2018,1,2.2
V0294,08-Oct-2019,7,3.9
V0294,08-Sep-2018,6,2.9
V0294,08-Sep-2019,6,4.0
V0294,09-Aug-2018,4,2.9
V0294,09-Jul-2019,8,2.5
V0294,09-Jun-2019,7,2.1
V0294,09-Nov-2019,7,1.8
V0294,09-Oct-2018,13,3.1
V0294,09-Sep-2018,2,2.1
V0294,10-Nov-2018,7,2.7
V0294,10-Nov-2019,4,3.2
V0294,10-Sep-2018,13,2.5
V0294,10-Sep-2019,14,2.2
V0294,11-Aug-2019,8,3.7
V0294,11-Jul-2019,9,4.1
V0294,11-Nov-2018,3,2.0
V0294,11-Nov-2019,6,2.2
V0294,11-Oct-2019,4,4.1
V0294,11-Sep-2018,10,1.9
V0294,12-Aug-2018,6,4.1
V0294,12-Jul-2019,6,1.8
V0294,12-Nov-2018,4,3.9
V0294,12-Oct-2018,3,2.5
V0294,13-Aug-2019,2,4.1
V0294,13-Jul-2019,8,2.6
V0294,13-Jun-2019,3,3.4
V0294,13-Nov-2018,2,2.0
V0294,13-Oct-2018,6,2.4
V0294,13-Sep-2018,4,3.7
V0294,14-Aug-2018,7,3.1
V0294,14-Jul-2019,9,4.0
V0294,14-Jun-2019,2,2.8
V0294,14-Oct-2018,12,3.9
V0294,14-Oct-2019,5,2.9
V0294,14-Sep-2018,2,4.2
V0294,15-Aug-2019,3,4.1
V0294,15-Jul-2019,6,2.6
V0294,15-Jun-2019,7,3.9
V0294,15-Nov-2018,4,3.8
V0294,15-Oct-2018,11,2.3
V0294,15-Oct-2019,6,3.3
V0294,15-Sep-2018,10,2.0
V0294,15-Sep-2019,8,3.8
V0294,16-Aug-2018,3,2.2
V0294,16-Aug-2019,2,2.0
V0294,16-Jul-2019,13,2.8
V0294,16-Jun-2019,6,3.2
V0294,16-Nov-2018,6,3.9
V0294,16-Oct-2018,5,4.1
V0294,16-Sep-2018,9,2.9
V0294,16-Sep-2019,2,1.9
V0294,17-Aug-2019,2,3.6
V0294,17-Nov-2018,8,3.2
V0294,17-Sep-2018,8,2.9
V0294,17-Sep-2019,8,2.5
V0294,18-Aug-2019,6,3.0
V0294,18-May-2019,2,2.6
V0294,18-Oct-2018,8,3.6
V0294,18-Sep-2018,5,3.1
V0294,19-Aug-2019,14,3.9
V0294,19-Jul-2019,4,3.1
V0294,19-Nov-2018,5,2.4
V0294,19-Oct-2018,8,3.8
V0294,19-Sep-2019,5,3.1
V0294,20-Aug-2018,7,2.3
V0294,20-Aug-2019,10,3.3
V0294,20-Jul-2019,6,2.7
V0294,20-May-2019,4,3.8
V0294,20-Nov-2018,12,2.9
V0294,20-Oct-2019,7,3.5
V0294,20-Sep-2018,6,2.0
V0294,21-Aug-2018,7,2.8
V0294,21-Jul-2019,8,4.2
V0294,21-Jun-2019,2,3.7
V0294,21-May-2019,8,2.2
V0294,21-Oct-2018,4,2.5
V0294,21-Sep-2018,9,2.6
V0294,21-Sep-2019,8,3.4
V0294,22-Aug-2019,3,3.6
V0294,22-Jul-2019,5,3.6
V0294,22-Nov-2018,3,3.0
V0294,22-Oct-2019,2,3.7
V0294,22-Sep-2018,4,2.8
V0294,23-Jun-2019,2,2.1
V0294,23-May-2019,2,3.2
V0294,23-Nov-2018,5,4.1
V0294,23-Oct-2018,8,3.7
V0294,23-Sep-2018,8,3.2
V0294,23-Sep-2019,5,3.4
V0294,24-Aug-2018,8,4.0
V0294,24-Aug-2019,3,2.8
V0294,24-Jun-2019,7,2.6
V0294,24-May-2019,3,4.1
V0294,24-Sep-2018,2,3.9
V0294,24-Sep-2019,4,2.6
V0294,25-Jun-2019,5,2.9
V0294,25-Nov-2018,7,2.8
V0294,25-Oct-2019,2,2.2
V0294,25-Sep-2018,2,4.1
V0294,26-Aug-2018,6,2.8
V0294,26-Aug-2019,2,3.9
V0294,26-Jul-2018,4,2.3
V0294,26-May-2019,5,3.1
V0294,26-Nov-2018,3,1.9
V0294,26-Oct-2018,1,3.6
V0294,27-Aug-2018,6,3.2
V0294,27-Aug-2019,8,3.3
V0294,27-Jul-2018,2,1.9
V0294,27-May-2019,7,2.3
V0294,27-Nov-2018,3,2.0
V0294,27-Oct-2018,11,2.5
V0294,27-Oct-2019,6,3.3
V0294,27-Sep-2019,4,3.2
V0294,28-Aug-2018,2,3.3
V0294,28-Jul-2018,2,3.1
V0294,28-Jul-2019,9,2.5
V0294,28-Jun-2019,13,2.4
V0294,28-May-2019,5,2.1
V0294,28-Oct-2019,10,3.8
V0294,29-Aug-2019,4,3.3
V0294,29-Jul-2019,8,2.2
V0294,29-Nov-2018,2,2.2
V0294,29-Oct-2018,12,3.9
V0294,29-Sep-2018,2,3.6
V0294,29-Sep-2019,2,3.4
V0294,30-Aug-2018,2,2.8
V0294,30-Jul-2018,2,2.4
V0294,30-Jul-2019,4,4.2
V0294,30-Jun-2019,5,3.7
V0294,30-May-2019,7,2.5
V0294,30-Oct-2018,2,3.8
V0294,30-Sep-2018,5,3.6
V0294,31-Aug-2018,5,2.5
V0294,31-Jul-2018,4,2.8
V0294,31-Oct-2019,4,2.2
V0297,02-Sep-2018,2,2.1
V0297,03-Jul-2019,4,3.5
V0297,06-Aug-2018,2,2.4
V0297,10-Jun-2019,2,3.8
V0297,13-Jun-2019,1,4.2
V0297,19-Aug-2018,3,2.0
V0297,30-Jun-2019,4,2.9
V0297,31-Aug-2018,3,3.7
V0298,01-Nov-2018,10,3.7
V0298,01-Nov-2019,8,3.6
V0298,01-Oct-2018,78,2.6
V0298,01-Oct-2019,20,2.9
V0298,01-Sep-2018,22,3.2
V0298,02-Nov-2019,7,4.1
V0298,02-Oct-2018,8,2.6
V0298,02-Sep-2018,9,4.0
V0298,03-Nov-2019,29,2.4
V0298,03-Oct-2018,17,4.2
V0298,03-Sep-2018,57,3.4
V0298,04-Nov-2018,42,2.9
V0298,04-Nov-2019,24,3.3
V0298,04-Oct-2019,44,2.5
V0298,05-Nov-2018,49,2.5
V0298,05-Nov-2019,7,2.1
V0298,05-Oct-2018,19,2.1
V0298,05-Sep-2018,5,2.6
V0298,06-Aug-2018,22,3.6
V0298,06-Oct-2018,28,3.3
V0298,06-Oct-2019,69,2.0
V0298,07-Aug-2018,2,3.8
V0298,07-Dec-2018,12,3.2
V0298,07-Nov-2018,19,4.1
V0298,07-Oct-2018,82,3.4
V0298,07-Oct-2019,2,2.2
V0298,08-Aug-2018,4,2.9
V0298,08-Aug-2019,2,3.4
V0298,08-Dec-2018,38,1.9
V0298,08-Nov-2019,52,1.8
V0298,08-Oct-2018,46,2.1
V0298,08-Oct-2019,23,2.4
V0298,08-Sep-2018,6,2.8
V0298,09-Aug-2018,10,3.0
V0298,09-Oct-2018,18,2.1
V0298,09-Sep-2018,7,3.4
V0298,10-Aug-2018,3,3.2
V0298,10-Nov-2019,22,2.5
V0298,10-Oct-2019,4,1.8
V0298,10-Sep-2018,43,2.0
V0298,11-Aug-2018,4,2.7
V0298,11-Dec-2018,21,2.2
V0298,11-Nov-2018,76,2.7
V0298,11-Nov-2019,45,3.3
V0298,11-Oct-2018,57,3.1
V0298,11-Oct-2019,16,2.4
V0298,12-Aug-2018,2,2.6
V0298,12-Oct-2019,14,3.3
V0298,13-Aug-2018,31,3.9
V0298,13-Nov-2018,2,3.6
V0298,13-Oct-2019,39,3.1
V0298,14-Nov-2018,7,2.7
V0298,14-Nov-2019,4,2.7
V0298,14-Oct-2018,89,3.9
V0298,14-Oct-2019,39,1.9
V0298,15-Oct-2018,80,4.2
V0298,15-Oct-2019,8,3.4
V0298,15-Sep-2019,2,3.4
V0298,16-Sep-2018,4,1.9
V0298,17-Nov-2019,5,3.3
V0298,17-Oct-2018,58,3.0
V0298,17-Oct-2019,15,2.1
V0298,17-Sep-2018,32,2.5
V0298,18-Oct-2019,4,3.9
V0298,19-Aug-2018,9,3.1
V0298,19-Dec-2018,9,2.8
V0298,19-Oct-2019,17,2.0
V0298,20-Aug-2018,86,3.5
V0298,20-Oct-2019,24,3.5
V0298,21-Nov-2019,2,3.3
V0298,21-Oct-2018,21,3.0
V0298,21-Oct-2019,31,2.8
V0298,21-Sep-2018,3,3.2
V0298,21-Sep-2019,5,2.4
V0298,22-Oct-2018,59,4.1
V0298,22-Sep-2018,6,3.2
V0298,22-Sep-2019,63,2.5
V0298,23-Sep-2018,43,2.9
V0298,23-Sep-2019,4,3.7
V0298,24-Nov-2018,5,2.2
V0298,24-Oct-2019,13,2.5
V0298,24-Sep-2018,92,3.4
V0298,25-Aug-2018,2,2.6
V0298,25-Jul-2018,22,3.7
V0298,25-Nov-2019,6,2.1
V0298,25-Oct-2018,13,3.6
V0298,25-Oct-2019,7,2.0
V0298,26-Aug-2018,19,1.8
V0298,26-Oct-2018,6,4.0
V0298,26-Oct-2019,30,3.2
V0298,26-Sep-2018,4,2.6
V0298,26-Sep-2019,2,2.4
V0298,27-Aug-2018,15,3.3
V0298,27-Oct-2019,55,3.0
V0298,27-Sep-2019,2,4.2
V0298,28-Jul-2018,18,4.2
V0298,28-Oct-2018,63,3.3
V0298,28-Oct-2019,42,2.9
V0298,28-Sep-2018,29,3.0
V0298,28-Sep-2019,14,3.4
V0298,29-Jul-2018,21,2.0
V0298,29-Oct-2018,47,2.6
V0298,29-Sep-2018,2,2.0
V0298,29-Sep-2019,67,2.0
V0298,30-Oct-2018,18,2.3
V0298,30-Oct-2019,11,3.0
V0298,30-Sep-2019,65,3.7
V0298,31-Aug-2018,38,3.0
V0298,31-Jul-2018,53,2.6
V0298,31-Oct-2019,8,2.0
V0299,01-Aug-2019,5,3.1
V0299,01-Nov-2019,6,2.5
V0299,01-Sep-2019,2,3.3
V0299,02-Jun-2019,8,4.1
V0299,02-Nov-2019,2,2.1
V0299,02-Sep-2019,4,2.3
V0299,03-Jun-2019,2,2.9
V0299,03-Nov-2019,6,4.1
V0299,04-Aug-2019,6,3.7
V0299,04-Nov-2019,20,4.0
V0299,05-Jun-2019,2,2.6
V0299,05-Oct-2019,2,4.2
V0299,05-Sep-2019,4,2.0
V0299,06-Nov-2019,2,1.9
V0299,06-Oct-2019,8,3.9
V0299,07-Aug-2019,2,4.0
V0299,07-Jul-2019,10,2.0
V0299,07-Jun-2019,4,2.1
V0299,07-Nov-2019,5,1.9
V0299,07-Oct-2019,2,2.1
V0299,08-Jul-2019,4,2.3
V0299,08-Oct-2019,11,4.1
V0299,09-Aug-2019,4,3.4
V0299,09-Jun-2019,2,3.7
V0299,09-Nov-2019,2,3.7
V0299,10-Aug-2019,4,3.1
V0299,10-Jul-2019,5,3.7
V0299,10-Jun-2019,2,3.2
V0299,10-Nov-2019,10,2.6
V0299,11-Aug-2019,6,3.1
V0299,11-Jul-2019,11,3.1
V0299,11-Nov-2019,6,3.8
V0299,11-Oct-2019,3,4.2
V0299,11-Sep-2019,6,2.8
V0299,12-Aug-2019,8,3.6
V0299,12-Jun-2019,2,2.0
V0299,12-Oct-2019,2,3.7
V0299,13-Jul-2019,9,2.7
V0299,13-Jun-2019,4,1.9
V0299,13-Oct-2019,5,2.7
V0299,14-Aug-2019,2,3.3
V0299,14-Jul-2019,6,2.1
V0299,14-Jun-2019,2,4.0
V0299,14-Sep-2019,6,2.0
V0299,15-Jul-2019,2,4.0
V0299,15-Sep-2019,9,3.5
V0299,16-Jun-2019,8,2.6
V0299,16-Sep-2019,10,2.7
V0299,17-Aug-2019,2,3.6
V0299,17-Jun-2019,10,3.2
V0299,17-Oct-2019,2,3.4
V0299,18-Aug-2019,6,2.7
V0299,18-Oct-2019,4,3.0
V0299,19-Aug-2019,4,4.2
V0299,19-Jul-2019,6,2.3
V0299,19-Jun-2019,2,2.8
V0299,20-Jul-2019,10,2.5
V0299,20-May-2019,2,3.6
V0299,20-Oct-2019,4,3.6
V0299,21-Aug-2019,3,2.5
V0299,21-Jul-2019,6,2.0
V0299,21-Sep-2019,2,1.8
V0299,22-Jun-2019,3,2.8
V0299,22-May-2019,2,2.8
V0299,22-Nov-2019,2,4.2
V0299,22-Sep-2019,4,2.9
V0299,23-Jun-2019,6,2.4
V0299,23-Sep-2019,4,3.9
V0299,24-Aug-2019,2,3.0
V0299,24-Jul-2019,2,3.2
V0299,24-Jun-2019,11,2.0
V0299,24-May-2019,2,2.7
V0299,25-Aug-2019,6,4.1
V0299,25-Jul-2019,2,3.2
V0299,25-Jun-2019,2,2.6
V0299,25-May-2019,10,3.3
V0299,25-Sep-2019,4,4.0
V0299,26-Aug-2019,4,2.5
V0299,26-Jul-2019,3,3.0
V0299,26-May-2019,2,4.1
V0299,26-Oct-2019,6,2.2
V0299,26-Sep-2019,5,3.5
V0299,27-Jul-2019,2,3.3
V0299,29-Jul-2019,4,3.4
V0299,29-Sep-2019,3,2.6
V0299,30-Aug-2019,2,2.6
V0299,30-Jul-2019,2,3.4
V0299,30-Jun-2019,2,2.3
V0299,30-Oct-2019,2,2.8
V0299,31-Aug-2019,2,2.3
V0300,19-Aug-2019,5,1.8
V0302,01-Aug-2018,2,4.1
V0302,01-Oct-2018,4,2.8
V0302,01-Sep-2018,2,4.1
V0302,01-Sep-2019,7,2.1
V0302,02-Aug-2019,2,3.2
V0302,02-Jul-2019,3,2.3
V0302,02-Oct-2018,3,3.7
V0302,02-Sep-2019,5,3.7
V0302,03-Aug-2019,2,2.1
V0302,03-Nov-2019,9,4.0
V0302,03-Sep-2018,27,2.3
V0302,03-Sep-2019,10,3.3
V0302,04-Aug-2018,2,4.2
V0302,04-Aug-2019,7,3.9
V0302,04-Nov-2018,5,4.1
V0302,04-Nov-2019,3,2.6
V0302,04-Sep-2018,26,2.1
V0302,04-Sep-2019,2,2.3
V0302,05-Aug-2018,2,3.0
V0302,05-Jul-2019,5,3.7
V0302,05-Nov-2018,23,2.2
V0302,05-Oct-2019,2,3.4
V0302,06-Aug-2018,8,2.6
V0302,06-Jul-2019,2,2.6
V0302,06-Nov-2018,24,3.4
V0302,06-Nov-2019,4,2.9
V0302,06-Oct-2018,5,3.7
V0302,06-Oct-2019,6,2.2
V0302,06-Sep-2019,4,3.7
V0302,07-Aug-2018,30,2.0
V0302,07-Jul-2019,10,2.3
V0302,07-Jun-2019,3,3.4
V0302,07-Oct-2019,12,3.9
V0302,07-Sep-2019,2,2.4
V0302,08-Jul-2019,5,2.6
V0302,08-Jun-2019,8,3.1
V0302,08-Nov-2019,6,2.3
V0302,08-Oct-2018,24,3.7
V0302,08-Oct-2019,12,3.7
V0302,08-Sep-2018,2,2.1
V0302,09-Aug-2019,11,2.9
V0302,09-Jul-2019,2,3.7
V0302,09-Jun-2019,5,2.6
V0302,09-Nov-2018,4,3.3
V0302,09-Oct-2018,22,1.9
V0302,09-Oct-2019,8,3.3
V0302,09-Sep-2018,3,2.2
V0302,09-Sep-2019,5,3.8
V0302,10-Aug-2018,4,2.7
V0302,10-Jul-2019,4,2.5
V0302,10-Jun-2019,14,3.8
V0302,10-Nov-2019,8,1.9
V0302,10-Oct-2018,17,2.8
V0302,11-Jun-2019,11,2.7
V0302,11-Nov-2018,4,2.5
V0302,11-Nov-2019,7,4.0
V0302,11-Sep-2018,4,3.6
V0302,11-Sep-2019,2,2.0
V0302,12-Aug-2018,4,3.5
V0302,12-Aug-2019,4,3.1
V0302,12-Dec-2018,2,4.0
V0302,12-Jul-2019,3,2.6
V0302,12-Nov-2019,8,3.2
V0302,12-Oct-2018,2,3.0
V0302,12-Oct-2019,6,3.0
V0302,13-Aug-2019,4,2.9
V0302,13-Jul-2019,12,2.3
V0302,13-Nov-2018,2,3.6
V0302,13-Nov-2019,6,2.9
V0302,13-Oct-2018,2,4.1
V0302,13-Oct-2019,9,2.4
V0302,13-Sep-2019,2,3.4
V0302,14-Aug-2018,4,4.1
V0302,14-Jul-2019,23,3.4
V0302,14-Nov-2018,3,3.9
V0302,14-Oct-2018,8,3.8
V0302,14-Oct-2019,5,2.7
V0302,15-Jul-2019,22,3.2
V0302,15-Oct-2018,8,2.2
V0302,15-Oct-2019,2,3.1
V0302,15-Sep-2019,9,2.4
V0302,16-Jul-2019,16,3.6
V0302,16-Nov-2018,2,3.1
V0302,16-Nov-2019,4,2.8
V0302,16-Oct-2018,4,2.4
V0302,16-Oct-2019,2,4.2
V0302,16-Sep-2018,8,2.0
V0302,16-Sep-2019,9,1.9
V0302,17-Aug-2018,10,2.3
V0302,17-Jun-2019,11,4.1
V0302,17-Nov-2018,4,4.2
V0302,17-Oct-2018,4,3.4
V0302,17-Sep-2018,10,3.9
V0302,17-Sep-2019,13,2.3
V0302,18-May-2019,7,4.1
V0302,18-Nov-2018,3,2.1
V0302,18-Sep-2019,6,2.0
V0302,19-Aug-2019,11,2.1
V0302,19-Jun-2019,2,3.2
V0302,19-May-2019,2,3.7
V0302,19-Nov-2018,2,2.7
V0302,19-Oct-2018,4,4.1
V0302,20-Aug-2019,14,2.8
V0302,20-May-2019,2,2.2
V0302,20-Nov-2018,6,2.9
V0302,20-Oct-2018,2,3.4
V0302,21-Aug-2018,6,3.8
V0302,21-Aug-2019,2,2.9
V0302,21-May-2019,2,3.2
V0302,21-Nov-2018,4,2.4
V0302,21-Oct-2018,3,3.4
V0302,22-Sep-2018,4,4.2
V0302,23-Aug-2019,7,1.9
V0302,23-Jun-2019,7,3.9
V0302,23-Sep-2019,8,3.1
V0302,24-Jun-2019,3,2.4
V0302,24-Nov-2018,2,4.1
V0302,24-Sep-2018,5,3.0
V0302,24-Sep-2019,2,2.6
V0302,25-Jun-2019,2,2.2
V0302,25-Oct-2019,4,2.4
V0302,25-Sep-2019,2,3.8
V0302,26-Aug-2018,9,3.3
V0302,26-Aug-2019,11,4.0
V0302,26-May-2019,2,2.4
V0302,26-Oct-2019,4,2.1
V0302,27-Aug-2018,3,1.8
V0302,27-Aug-2019,6,3.0
V0302,27-Jul-2018,4,4.2
V0302,27-Nov-2018,4,3.5
V0302,27-Oct-2018,7,2.5
V0302,28-Aug-2018,2,3.9
V0302,28-Aug-2019,2,3.7
V0302,28-Jun-2019,5,1.8
V0302,28-May-2019,4,3.8
V0302,28-Sep-2018,2,2.5
V0302,28-Sep-2019,6,2.2
V0302,29-Jul-2018,8,2.3
V0302,29-Jul-2019,2,2.9
V0302,29-May-2019,2,2.8
V0302,29-Oct-2018,4,2.5
V0302,29-Sep-2018,4,2.2
V0302,30-Aug-2019,2,3.6
V0302,30-Jul-2019,7,4.2
V0302,30-Jun-2019,9,3.7
V0302,30-Sep-2018,2,2.5
V0302,30-Sep-2019,2,2.4
V0302,31-Aug-2018,6,2.3
V0302,31-May-2019,3,2.1
V0303,07-Nov-2019,4,3.1
V0303,11-Nov-2019,2,3.3
V0303,14-Jun-2019,2,3.5
V0303,17-Nov-2019,3,3.4
V0304,01-Jul-2019,42,2.5
V0304,02-Aug-2019,2,2.6
V0304,02-Jul-2019,24,3.4
V0304,02-Jun-2019,5,2.6
V0304,02-Oct-2018,2,2.3
V0304,03-Jun-2019,18,2.7
V0304,03-Oct-2019,2,2.5
V0304,04-Jul-2019,20,2.0
V0304,04-Jun-2019,17,3.8
V0304,04-Nov-2019,3,3.8
V0304,05-Jul-2019,10,2.3
V0304,05-Sep-2019,2,2.0
V0304,06-Aug-2019,2,3.6
V0304,06-Jul-2019,8,2.3
V0304,06-Jun-2019,4,2.7
V0304,07-Jul-2019,5,2.0
V0304,07-Jun-2019,8,2.3
V0304,07-Nov-2019,2,3.7
V0304,08-Jul-2019,23,3.7
V0304,08-Jun-2019,8,2.3
V0304,08-Oct-2019,42,2.6
V0304,09-Jul-2019,14,2.1
V0304,09-Jun-2019,7,2.0
V0304,09-Sep-2019,2,4.2
V0304,10-Aug-2018,2,3.4
V0304,10-Aug-2019,3,3.1
V0304,10-Jun-2019,12,3.6
V0304,10-Oct-2018,4,3.8
V0304,10-Sep-2019,4,3.7
V0304,11-Jul-2019,2,1.8
V0304,11-Jun-2019,6,2.2
V0304,11-Nov-2019,17,3.4
V0304,12-Aug-2018,2,2.7
V0304,12-Jul-2019,18,4.2
V0304,12-Nov-2019,2,3.4
V0304,13-Aug-2019,5,4.1
V0304,13-Jul-2019,3,2.3
V0304,13-Jun-2019,3,3.9
V0304,13-Oct-2018,7,2.6
V0304,14-Jul-2019,2,4.2
V0304,14-Jun-2019,2,2.2
V0304,14-Oct-2019,25,3.0
V0304,15-Aug-2019,2,3.7
V0304,15-Jul-2019,12,2.8
V0304,15-Oct-2019,5,2.9
V0304,16-Aug-2019,2,4.2
V0304,16-Dec-2019,3,2.8
V0304,16-Jul-2019,4,3.2
V0304,16-Jun-2019,12,1.9
V0304,16-Oct-2018,1,3.8
V0304,16-Sep-2019,3,3.4
V0304,17-Jun-2019,23,2.8
V0304,17-Nov-2018,3,1.8
V0304,17-Sep-2019,4,3.2
V0304,18-Jul-2019,2,1.8
V0304,18-Nov-2018,2,1.8
V0304,19-Aug-2019,2,3.3
V0304,19-May-2019,2,2.3
V0304,19-Nov-2018,6,2.3
V0304,20-Jun-2019,2,3.4
V0304,20-May-2019,2,1.9
V0304,20-Oct-2018,1,2.6
V0304,21-Aug-2018,2,2.2
V0304,21-Nov-2019,3,3.2
V0304,22-Aug-2019,4,3.4
V0304,22-Oct-2019,2,3.5
V0304,22-Sep-2019,2,2.4
V0304,23-Jun-2019,2,2.0
V0304,23-May-2019,4,2.0
V0304,24-Aug-2019,2,2.8
V0304,24-Jun-2019,6,4.1
V0304,24-Nov-2018,4,2.3
V0304,24-Nov-2019,2,2.4
V0304,24-Sep-2018,2,2.0
V0304,24-Sep-2019,7,3.3
V0304,25-Aug-2018,2,3.4
V0304,25-Sep-2018,3,3.3
V0304,27-Aug-2019,8,3.9
V0304,27-May-2019,2,3.0
V0304,27-Nov-2018,5,2.1
V0304,28-May-2019,3,2.5
V0304,28-Oct-2018,3,3.4
V0304,28-Sep-2019,7,3.3
V0304,29-Jul-2019,4,3.1
V0304,29-Jun-2019,23,3.4
V0304,29-Oct-2019,3,3.3
V0304,29-Sep-2018,2,3.9
V0304,29-Sep-2019,48,3.2
V0304,30-Jul-2019,2,3.7
V0304,30-Jun-2019,33,2.4
V0304,30-Sep-2018,11,3.4
V0304,31-Jul-2019,1,4.0
V0306,01-Sep-2019,10,2.7
V0306,02-Sep-2019,14,3.7
V0306,03-Oct-2019,6,3.5
V0306,05-Oct-2019,24,1.9
V0306,15-Sep-2019,6,3.2
V0306,16-Sep-2019,6,2.1
V0306,17-Sep-2019,15,4.1
V0306,18-Sep-2019,28,3.7
V0306,19-Sep-2019,2,2.1
V0306,20-Sep-2019,14,2.1
V0306,21-Sep-2019,7,3.2
V0306,22-Sep-2019,8,2.6
V0306,23-Sep-2019,16,1.9
V0306,25-Sep-2019,14,3.1
V0306,27-Oct-2019,4,2.7
V0306,27-Sep-2019,8,2.0
V0306,28-Oct-2019,14,3.7
V0306,30-Sep-2019,6,4.0
V0307,26-Jul-2018,6,3.6
V0308,01-Jul-2019,12,3.8
V0308,01-Jun-2019,18,2.3
V0308,01-Nov-2019,13,2.4
V0308,01-Sep-2019,33,2.3
V0308,02-Aug-2019,11,3.6
V0308,02-Dec-2019,3,4.1
V0308,02-Jul-2019,27,3.5
V0308,02-Jun-2019,20,3.9
V0308,02-Nov-2019,6,3.3
V0308,02-Oct-2019,10,2.7
V0308,02-Sep-2019,11,2.8
V0308,03-Aug-2019,35,2.0
V0308,03-Jul-2019,21,1.9
V0308,03-Jun-2019,13,3.5
V0308,03-Nov-2019,18,2.9
V0308,03-Oct-2019,2,3.1
V0308,03-Sep-2019,18,3.1
V0308,04-Jul-2019,33,2.5
V0308,04-Jun-2019,6,2.9
V0308,04-Nov-2019,19,2.9
V0308,04-Oct-2019,4,2.7
V0308,04-Sep-2019,19,3.8
V0308,05-Aug-2019,21,2.9
V0308,05-Jul-2019,12,3.2
V0308,05-Nov-2019,8,3.9
V0308,05-Oct-2019,5,3.9
V0308,05-Sep-2019,4,3.9
V0308,06-Aug-2019,11,2.4
V0308,06-Jul-2019,8,1.9
V0308,06-Jun-2019,3,2.4
V0308,06-Oct-2019,13,2.5
V0308,06-Sep-2019,16,4.0
V0308,07-Aug-2019,11,3.4
V0308,07-Jul-2019,48,2.0
V0308,07-Jun-2019,37,2.1
V0308,07-Nov-2019,11,2.2
V0308,07-Oct-2019,3,3.3
V0308,07-Sep-2019,14,3.6
V0308,08-Aug-2019,7,3.9
V0308,08-Jul-2019,14,4.1
V0308,08-Jun-2019,10,2.3
V0308,08-Nov-2019,33,2.5
V0308,08-Oct-2019,4,2.4
V0308,08-Sep-2019,11,2.7
V0308,09-Aug-2019,4,4.0
V0308,09-Jul-2019,30,3.2
V0308,09-Jun-2019,20,3.6
V0308,09-Nov-2019,13,3.0
V0308,09-Oct-2019,8,1.9
V0308,09-Sep-2019,14,2.0
V0308,10-Aug-2019,10,3.1
V0308,10-Jun-2019,18,3.5
V0308,10-Nov-2019,34,2.3
V0308,10-Sep-2019,8,3.5
V0308,11-Aug-2019,42,3.7
V0308,11-Jul-2019,34,2.8
V0308,11-Nov-2019,12,3.6
V0308,11-Oct-2019,10,2.8
V0308,11-Sep-2019,4,3.4
V0308,12-Aug-2019,14,3.6
V0308,12-Jul-2019,49,4.2
V0308,12-Jun-2019,4,2.6
V0308,12-Nov-2019,2,2.8
V0308,12-Oct-2019,2,2.2
V0308,12-Sep-2019,22,2.3
V0308,13-Aug-2019,4,3.5
V0308,13-Jul-2019,20,4.0
V0308,13-Jun-2019,6,2.7
V0308,13-Nov-2019,8,2.2
V0308,13-Oct-2019,42,2.5
V0308,13-Sep-2019,2,2.9
V0308,14-Nov-2019,12,2.5
V0308,14-Oct-2019,19,2.4
V0308,14-Sep-2019,16,3.6
V0308,15-Aug-2019,9,1.8
V0308,15-Jun-2019,4,3.1
V0308,15-Nov-2019,6,3.7
V0308,15-Oct-2019,4,2.4
V0308,15-Sep-2019,33,3.2
V0308,16-Aug-2019,18,3.4
V0308,16-Jul-2019,30,3.4
V0308,16-Jun-2019,6,2.9
V0308,16-Nov-2019,4,2.6
V0308,16-Oct-2019,2,3.8
V0308,16-Sep-2019,23,3.6
V0308,17-Aug-2019,37,2.6
V0308,17-Jul-2019,11,2.0
V0308,17-Jun-2019,17,2.0
V0308,17-Oct-2019,14,2.0
V0308,17-Sep-2019,13,3.2
V0308,18-Aug-2019,25,1.9
V0308,18-Jul-2019,30,2.6
V0308,18-Jun-2019,15,3.6
V0308,18-May-2019,27,2.5
V0308,18-Nov-2019,10,3.6
V0308,18-Oct-2019,7,3.6
V0308,18-Sep-2019,15,2.4
V0308,19-Aug-2019,7,3.5
V0308,19-Jul-2019,29,3.6
V0308,19-Jun-2019,2,2.8
V0308,19-May-2019,11,2.3
V0308,19-Nov-2019,6,3.1
V0308,19-Oct-2019,16,4.0
V0308,19-Sep-2019,12,3.3
V0308,20-Aug-2019,16,2.2
V0308,20-Jun-2019,2,3.4
V0308,20-May-2019,16,2.8
V0308,20-Nov-2019,2,3.2
V0308,20-Oct-2019,15,3.6
V0308,20-Sep-2019,30,3.0
V0308,21-Aug-2019,6,3.8
V0308,21-Jul-2019,6,3.5
V0308,21-Jun-2019,2,3.3
V0308,21-Nov-2019,2,2.2
V0308,21-Oct-2019,8,3.8
V0308,21-Sep-2019,25,4.0
V0308,22-Aug-2019,23,2.1
V0308,22-Nov-2019,2,3.0
V0308,22-Oct-2019,4,2.4
V0308,23-Aug-2019,14,3.6
V0308,23-Jun-2019,30,3.5
V0308,23-May-2019,3,2.1
V0308,23-Nov-2019,2,3.9
V0308,23-Sep-2019,12,2.2
V0308,24-Aug-2019,6,3.7
V0308,24-Jun-2019,8,2.9
V0308,24-May-2019,9,2.6
V0308,24-Sep-2019,6,2.2
V0308,25-Aug-2019,2,2.2
V0308,25-Jun-2019,4,3.4
V0308,25-May-2019,10,3.1
V0308,25-Nov-2019,2,2.1
V0308,25-Oct-2019,2,2.1
V0308,25-Sep-2019,8,2.0
V0308,26-Aug-2019,18,3.6
V0308,26-Jun-2019,2,3.5
V0308,26-May-2019,27,1.9
V0308,26-Oct-2019,2,3.1
V0308,26-Sep-2019,5,2.0
V0308,27-Aug-2019,8,4.0
V0308,27-Jul-2019,14,4.0
V0308,27-Jun-2019,4,3.5
V0308,27-May-2019,2,4.0
V0308,27-Oct-2019,34,3.7
V0308,27-Sep-2019,4,3.8
V0308,28-Aug-2019,8,3.2
V0308,28-Jul-2019,30,2.5
V0308,28-Nov-2019,5,2.3
V0308,28-Oct-2019,23,2.6
V0308,28-Sep-2019,2,3.3
V0308,29-Aug-2019,4,2.2
V0308,29-Jul-2019,8,2.4
V0308,29-Jun-2019,18,2.9
V0308,29-May-2019,18,2.4
V0308,29-Oct-2019,10,3.2
V0308,29-Sep-2019,8,4.0
V0308,30-Aug-2019,14,3.6
V0308,30-Jul-2019,12,3.4
V0308,30-Jun-2019,28,3.2
V0308,30-May-2019,11,3.0
V0308,30-Oct-2019,7,2.2
V0308,30-Sep-2019,10,3.9
V0308,31-Aug-2019,14,2.4
V0308,31-Jul-2019,4,2.0
V0310,05-Nov-2019,2,3.6
V0310,09-Jun-2019,6,2.2
V0310,10-Jun-2019,11,2.7
V0310,31-Jul-2019,3,1.9
V0311,01-Feb-2019,2,2.1
V0311,01-Jul-2019,11,2.2
V0311,01-Jun-2019,2,1.9
V0311,02-Sep-2019,11,3.4
V0311,03-Nov-2019,5,3.8
V0311,03-Oct-2019,12,2.7
V0311,04-Jul-2019,9,3.9
V0311,04-Nov-2019,4,2.3
V0311,05-Aug-2019,11,2.6
V0311,05-Jul-2019,2,2.2
V0311,06-Oct-2019,2,3.3
V0311,07-Feb-2019,7,2.8
V0311,07-Sep-2019,7,3.3
V0311,08-Aug-2019,2,3.6
V0311,08-Feb-2019,6,3.1
V0311,09-Aug-2019,10,3.3
V0311,09-Feb-2019,6,4.0
V0311,09-Jun-2019,2,2.5
V0311,09-Nov-2019,10,2.7
V0311,09-Sep-2019,4,3.5
V0311,10-Aug-2019,17,3.3
V0311,10-Jul-2019,74,2.2
V0311,10-Jun-2019,15,2.7
V0311,10-Nov-2019,2,2.9
V0311,11-Jul-2019,16,2.8
V0311,11-Nov-2019,4,2.2
V0311,11-Oct-2019,2,4.0
V0311,12-Aug-2019,10,3.6
V0311,12-Sep-2019,3,3.0
V0311,13-Jul-2019,2,3.4
V0311,13-Jun-2019,10,4.0
V0311,13-Oct-2019,2,2.1
V0311,14-Aug-2019,15,2.4
V0311,14-Jul-2019,13,3.1
V0311,14-Nov-2019,5,3.7
V0311,15-Jul-2019,6,1.9
V0311,15-Nov-2019,4,4.2
V0311,15-Sep-2019,3,2.9
V0311,16-Sep-2019,4,2.7
V0311,17-Jun-2019,9,2.5
V0311,17-Oct-2019,8,2.2
V0311,18-Aug-2019,7,3.7
V0311,18-Jul-2019,4,4.1
V0311,18-Oct-2019,3,2.8
V0311,18-Sep-2019,4,4.1
V0311,19-Jul-2019,22,3.8
V0311,19-May-2019,2,3.0
V0311,19-Sep-2019,12,3.4
V0311,20-Jul-2019,6,2.8
V0311,20-Jun-2019,4,3.1
V0311,20-May-2019,2,1.9
V0311,20-Oct-2019,4,3.5
V0311,21-Jan-2019,10,1.9
V0311,21-Jul-2019,24,3.8
V0311,21-Nov-2019,6,3.8
V0311,22-Jul-2019,2,2.4
V0311,22-Jun-2019,15,2.6
V0311,22-Sep-2019,2,3.0
V0311,23-Jul-2019,11,3.2
V0311,23-Jun-2019,4,2.5
V0311,23-Sep-2019,5,3.2
V0311,24-Jul-2019,4,2.5
V0311,24-Jun-2019,14,1.9
V0311,25-Aug-2019,15,1.8
V0311,25-Jul-2019,10,2.0
V0311,25-Oct-2019,4,3.7
V0311,26-Jul-2019,2,4.1
V0311,26-Jun-2019,2,2.8
V0311,26-May-2019,9,3.0
V0311,27-Jan-2019,2,2.2
V0311,27-Jun-2019,6,3.1
V0311,27-Oct-2019,10,2.1
V0311,28-Jun-2019,12,3.3
V0311,28-Sep-2019,2,4.0
V0311,29-Aug-2019,2,2.3
V0311,29-Jul-2019,22,3.6
V0311,29-Jun-2019,5,1.9
V0311,29-Sep-2019,3,2.7
V0311,30-Aug-2019,3,2.1
V0311,30-Jan-2019,12,2.6
V0311,30-Jun-2019,6,2.2
V0311,30-May-2019,9,2.7
V0311,30-Nov-2019,8,2.8
V0311,30-Sep-2019,2,2.5
V0318,01-Aug-2018,4,3.4
V0318,01-Aug-2019,20,4.0
V0318,01-Nov-2019,3,2.8
V0318,01-Sep-2019,12,2.3
V0318,02-Aug-2018,4,2.4
V0318,02-Aug-2019,3,3.8
V0318,02-Dec-2019,10,3.2
V0318,02-Jun-2019,7,2.9
V0318,02-Nov-2018,5,2.2
V0318,02-Nov-2019,10,2.9
V0318,02-Oct-2018,3,2.5
V0318,02-Sep-2018,10,4.1
V0318,02-Sep-2019,32,3.9
V0318,03-Aug-2018,9,2.0
V0318,03-Aug-2019,7,3.0
V0318,03-Nov-2018,4,2.3
V0318,03-Nov-2019,5,2.8
V0318,03-Oct-2019,13,3.9
V0318,03-Sep-2018,2,3.1
V0318,04-Aug-2018,6,2.6
V0318,04-Aug-2019,11,2.3
V0318,04-Jul-2019,12,3.7
V0318,04-Nov-2018,17,3.3
V0318,04-Nov-2019,14,2.9
V0318,04-Oct-2018,6,2.3
V0318,04-Oct-2019,3,2.6
V0318,04-Sep-2019,16,4.1
V0318,05-Aug-2018,9,3.0
V0318,05-Aug-2019,6,2.8
V0318,05-Jul-2019,2,3.1
V0318,05-Nov-2018,7,3.7
V0318,05-Oct-2019,6,2.6
V0318,05-Sep-2018,9,2.2
V0318,05-Sep-2019,7,3.2
V0318,06-Aug-2018,4,3.4
V0318,06-Jul-2019,6,3.5
V0318,06-Jun-2019,13,3.9
V0318,06-Nov-2018,8,2.7
V0318,06-Nov-2019,5,2.0
V0318,06-Oct-2018,12,4.1
V0318,06-Oct-2019,12,2.8
V0318,06-Sep-2018,4,3.3
V0318,06-Sep-2019,11,3.4
V0318,07-Aug-2019,4,3.1
V0318,07-Jul-2019,13,2.3
V0318,07-Jun-2019,5,3.6
V0318,07-Nov-2018,2,3.7
V0318,07-Nov-2019,27,3.1
V0318,07-Oct-2018,16,3.0
V0318,07-Oct-2019,6,2.1
V0318,07-Sep-2018,5,2.0
V0318,07-Sep-2019,10,2.6
V0318,08-Aug-2018,7,2.5
V0318,08-Jun-2019,13,4.1
V0318,08-Nov-2018,6,3.7
V0318,08-Nov-2019,5,3.4
V0318,08-Oct-2018,13,3.0
V0318,08-Oct-2019,10,2.2
V0318,08-Sep-2019,9,4.1
V0318,09-Aug-2018,9,2.7
V0318,09-Aug-2019,8,2.1
V0318,09-Jun-2019,17,3.0
V0318,09-Oct-2018,21,3.9
V0318,09-Oct-2019,21,3.9
V0318,09-Sep-2018,15,1.8
V0318,09-Sep-2019,15,3.9
V0318,10-Aug-2018,13,2.5
V0318,10-Jul-2019,18,1.9
V0318,10-Nov-2019,21,3.8
V0318,10-Oct-2018,5,3.9
V0318,10-Oct-2019,6,3.2
V0318,10-Sep-2018,7,3.2
V0318,11-Aug-2018,5,3.8
V0318,11-Aug-2019,4,3.7
V0318,11-Jul-2019,3,3.9
V0318,11-Nov-2018,10,3.1
V0318,11-Nov-2019,3,4.1
V0318,11-Oct-2018,17,4.2
V0318,11-Oct-2019,15,2.1
V0318,12-Aug-2018,10,3.8
V0318,12-Aug-2019,14,3.0
V0318,12-Jul-2019,10,2.7
V0318,12-Jun-2019,3,3.3
V0318,12-Nov-2018,4,1.9
V0318,12-Oct-2018,16,3.0
V0318,12-Oct-2019,5,3.9
V0318,12-Sep-2018,3,2.3
V0318,12-Sep-2019,14,2.8
V0318,13-Jul-2019,24,4.1
V0318,13-Jun-2019,16,2.8
V0318,13-Oct-2018,18,2.7
V0318,13-Oct-2019,6,2.9
V0318,13-Sep-2018,22,3.0
V0318,13-Sep-2019,17,3.3
V0318,14-Aug-2019,6,3.7
V0318,14-Nov-2018,14,2.9
V0318,14-Oct-2018,4,3.8
V0318,14-Sep-2018,11,3.1
V0318,14-Sep-2019,15,2.6
V0318,15-Aug-2018,2,3.4
V0318,15-Aug-2019,8,3.5
V0318,15-Jun-2019,8,3.1
V0318,15-Nov-2018,6,1.9
V0318,15-Oct-2018,20,2.2
V0318,15-Sep-2018,9,2.5
V0318,15-Sep-2019,15,2.5
V0318,16-Aug-2019,7,3.4
V0318,16-Jun-2019,21,1.8
V0318,16-Nov-2018,10,3.6
V0318,16-Oct-2018,15,2.4
V0318,16-Oct-2019,8,2.5
V0318,16-Sep-2018,14,3.1
V0318,16-Sep-2019,2,2.3
V0318,17-Aug-2018,9,3.9
V0318,17-Aug-2019,21,2.0
V0318,17-Jul-2019,2,2.9
V0318,17-Jun-2019,9,3.8
V0318,17-Nov-2018,14,3.3
V0318,17-Sep-2018,11,2.5
V0318,18-Aug-2018,8,2.8
V0318,18-Aug-2019,16,3.5
V0318,18-Jul-2019,10,4.1
V0318,18-Nov-2018,2,3.9
V0318,18-Oct-2018,8,2.6
V0318,18-Oct-2019,14,4.2
V0318,18-Sep-2019,17,1.8
V0318,19-Aug-2018,13,1.9
V0318,19-Jul-2019,6,3.8
V0318,19-Jun-2019,9,2.3
V0318,19-May-2019,6,1.9
V0318,19-Oct-2018,17,2.4
V0318,19-Oct-2019,9,2.8
V0318,19-Sep-2018,6,3.6
V0318,20-Aug-2018,6,3.3
V0318,20-Jul-2019,15,2.4
V0318,20-Jun-2019,12,3.0
V0318,20-May-2019,19,4.0
V0318,20-Oct-2018,16,3.8
V0318,20-Oct-2019,14,2.6
V0318,20-Sep-2018,7,4.2
V0318,20-Sep-2019,10,3.5
V0318,21-Aug-2019,19,1.9
V0318,21-Jul-2019,16,1.9
V0318,21-Jun-2019,2,2.2
V0318,21-May-2019,3,3.5
V0318,21-Nov-2018,9,2.2
V0318,21-Oct-2018,6,3.0
V0318,21-Oct-2019,7,2.0
V0318,21-Sep-2018,9,4.0
V0318,21-Sep-2019,22,2.6
V0318,22-Aug-2019,7,4.0
V0318,22-Jun-2019,9,4.1
V0318,22-May-2019,2,1.8
V0318,22-Nov-2018,5,2.9
V0318,22-Oct-2019,9,1.9
V0318,22-Sep-2018,11,4.0
V0318,22-Sep-2019,13,3.0
V0318,23-Aug-2019,7,2.0
V0318,23-Nov-2018,10,2.1
V0318,23-Oct-2019,16,2.7
V0318,23-Sep-2018,14,4.1
V0318,23-Sep-2019,3,3.5
V0318,24-Aug-2018,17,3.9
V0318,24-Aug-2019,7,2.7
V0318,24-May-2019,5,1.9
V0318,24-Nov-2018,3,4.1
V0318,24-Oct-2019,4,1.8
V0318,24-Sep-2018,8,4.1
V0318,25-Aug-2018,8,2.7
V0318,25-Aug-2019,10,1.8
V0318,25-Nov-2018,12,3.5
V0318,25-Oct-2019,6,4.2
V0318,25-Sep-2019,11,4.1
V0318,26-Jul-2018,2,2.2
V0318,26-Jun-2019,3,2.2
V0318,26-May-2019,11,3.2
V0318,26-Nov-2018,16,3.3
V0318,26-Oct-2019,4,3.6
V0318,26-Sep-2018,2,2.2
V0318,26-Sep-2019,5,4.1
V0318,27-Aug-2018,29,3.3
V0318,27-Jul-2018,2,3.8
V0318,27-Jun-2019,16,3.1
V0318,27-May-2019,5,2.8
V0318,27-Oct-2018,25,4.1
V0318,27-Oct-2019,8,3.2
V0318,27-Sep-2019,11,3.9
V0318,28-Jun-2019,5,4.1
V0318,28-Nov-2018,11,3.4
V0318,28-Oct-2018,9,3.1
V0318,28-Oct-2019,2,1.8
V0318,28-Sep-2018,6,1.9
V0318,28-Sep-2019,13,2.3
V0318,29-Aug-2018,11,2.2
V0318,29-Jul-2018,2,2.4
V0318,29-Jul-2019,6,2.5
V0318,29-Jun-2019,13,2.7
V0318,29-Oct-2018,17,2.8
V0318,29-Sep-2018,9,2.0
V0318,29-Sep-2019,2,1.9
V0318,30-Aug-2018,2,3.4
V0318,30-Aug-2019,11,3.1
V0318,30-Jul-2018,2,2.9
V0318,30-Jun-2019,13,3.3
V0318,30-May-2019,8,3.8
V0318,30-Oct-2019,9,2.8
V0318,30-Sep-2018,15,3.3
V0318,30-Sep-2019,4,4.1
V0318,31-Aug-2018,14,3.8
V0318,31-Jul-2018,5,2.8
V0318,31-May-2019,5,3.3
V0320,01-Dec-2018,2,2.2
V0320,01-Feb-2019,4,3.1
V0320,01-Nov-2018,5,4.2
V0320,01-Nov-2019,2,3.0
V0320,01-Sep-2019,1,4.0
V0320,02-Feb-2019,5,2.8
V0320,02-Jan-2019,3,4.2
V0320,02-Jun-2019,10,3.2
V0320,02-Sep-2019,4,1.9
V0320,03-Dec-2018,3,3.2
V0320,03-Nov-2018,7,2.5
V0320,03-Oct-2019,1,1.9
V0320,04-Jan-2019,19,3.8
V0320,04-Jul-2019,2,2.5
V0320,04-Nov-2018,3,3.7
V0320,04-Nov-2019,2,2.5
V0320,04-Oct-2018,11,2.3
V0320,04-Sep-2019,1,4.1
V0320,05-Dec-2018,1,2.7
V0320,05-Jan-2019,3,3.2
V0320,05-Jun-2019,9,3.3
V0320,05-Nov-2018,1,3.1
V0320,05-Oct-2019,2,4.0
V0320,05-Sep-2019,2,3.4
V0320,06-Aug-2018,2,2.8
V0320,06-Jan-2019,6,3.9
V0320,06-Jun-2019,9,2.2
V0320,06-Nov-2019,3,3.1
V0320,06-Sep-2018,2,4.1
V0320,07-Aug-2019,2,3.3
V0320,07-Jan-2019,4,3.8
V0320,07-Nov-2018,2,3.4
V0320,07-Nov-2019,2,3.8
V0320,07-Oct-2018,7,4.1
V0320,07-Oct-2019,2,2.5
V0320,07-Sep-2019,8,2.2
V0320,08-Aug-2019,6,3.0
V0320,08-Dec-2018,3,3.5
V0320,08-Jul-2019,2,2.3
V0320,08-Nov-2019,2,1.8
V0320,08-Oct-2018,2,2.6
V0320,08-Sep-2019,8,4.1
V0320,09-Nov-2019,5,3.5
V0320,09-Sep-2019,2,2.8
V0320,10-Nov-2018,3,2.3
V0320,11-Aug-2019,2,2.7
V0320,11-Jul-2019,4,2.2
V0320,11-Nov-2019,3,2.1
V0320,11-Oct-2018,9,4.0
V0320,11-Oct-2019,2,4.2
V0320,11-Sep-2019,2,2.2
V0320,12-Dec-2018,4,1.9
V0320,12-Nov-2018,2,2.6
V0320,12-Sep-2019,4,2.9
V0320,13-Nov-2019,2,2.3
V0320,13-Oct-2019,2,2.5
V0320,13-Sep-2018,6,2.3
V0320,14-Aug-2019,1,3.7
V0320,14-Dec-2018,11,3.5
V0320,14-Jan-2019,4,3.3
V0320,14-Jul-2019,4,2.7
V0320,14-Oct-2019,1,4.0
V0320,15-Aug-2018,8,4.1
V0320,15-Dec-2018,1,2.2
V0320,15-Jul-2019,4,2.3
V0320,15-Jun-2019,2,3.1
V0320,15-Nov-2018,2,2.0
V0320,15-Oct-2018,2,2.8
V0320,15-Sep-2018,4,3.2
V0320,16-Dec-2018,5,3.1
V0320,16-Sep-2018,2,2.6
V0320,16-Sep-2019,6,3.1
V0320,17-Nov-2018,13,4.1
V0320,17-Sep-2018,5,2.3
V0320,18-Aug-2018,3,3.4
V0320,18-Jan-2019,2,1.9
V0320,18-Jul-2019,1,2.0
V0320,18-May-2019,2,3.1
V0320,18-Oct-2018,10,2.1
V0320,18-Sep-2019,3,1.9
V0320,19-Jan-2019,3,2.2
V0320,19-Jul-2019,2,3.2
V0320,19-Jun-2019,2,3.5
V0320,19-May-2019,1,2.3
V0320,19-Nov-2018,2,3.4
V0320,19-Oct-2018,6,2.2
V0320,19-Oct-2019,2,3.3
V0320,19-Sep-2018,5,2.8
V0320,19-Sep-2019,2,3.4
V0320,20-Aug-2018,4,4.2
V0320,20-Dec-2018,1,4.1
V0320,20-Jan-2019,3,1.8
V0320,20-May-2019,5,3.9
V0320,21-Jan-2019,6,2.0
V0320,21-Nov-2018,1,4.1
V0320,21-Sep-2019,4,2.5
V0320,22-Aug-2019,2,2.7
V0320,22-Jul-2019,10,2.0
V0320,22-Jun-2019,4,2.1
V0320,22-Sep-2019,2,3.5
V0320,23-Dec-2018,3,4.1
V0320,23-Jun-2019,3,3.3
V0320,23-May-2019,3,3.5
V0320,23-Sep-2019,3,3.6
V0320,24-Aug-2018,9,2.4
V0320,24-Dec-2018,4,1.9
V0320,24-Oct-2018,2,1.8
V0320,25-Aug-2018,2,2.6
V0320,25-Aug-2019,4,2.4
V0320,25-Jan-2019,5,1.9
V0320,25-Nov-2018,7,2.2
V0320,26-Aug-2019,2,2.1
V0320,26-Dec-2018,2,4.0
V0320,26-Sep-2018,2,2.1
V0320,27-Dec-2018,6,3.1
V0320,27-Jan-2019,2,3.2
V0320,27-Jul-2019,2,3.1
V0320,27-Oct-2018,2,2.0
V0320,27-Oct-2019,4,2.6
V0320,28-Dec-2018,1,1.9
V0320,28-Jan-2019,2,2.7
V0320,28-Jun-2019,2,2.3
V0320,28-Oct-2018,1,3.1
V0320,28-Sep-2018,5,3.5
V0320,28-Sep-2019,4,3.1
V0320,29-Aug-2018,2,2.8
V0320,29-Dec-2018,7,2.7
V0320,29-Jun-2019,4,3.8
V0320,29-May-2019,2,2.3
V0320,29-Sep-2018,1,3.6
V0320,29-Sep-2019,6,3.6
V0320,30-Jan-2019,3,2.8
V0320,30-Sep-2019,3,2.5
V0320,31-Aug-2018,6,2.9
V0320,31-Dec-2018,2,2.0
V0320,31-Jan-2019,2,1.9
V0323,01-Jun-2019,14,2.1
V0323,02-Jul-2019,3,2.2
V0323,02-Jun-2019,19,3.0
V0323,03-Jul-2019,11,3.8
V0323,03-Jun-2019,11,2.4
V0323,03-Oct-2019,9,4.0
V0323,04-Jul-2019,20,4.1
V0323,04-Jun-2019,8,4.1
V0323,04-Sep-2019,3,3.8
V0323,06-Jul-2019,27,2.7
V0323,06-Jun-2019,11,2.0
V0323,07-Jul-2019,23,3.2
V0323,07-Jun-2019,2,3.1
V0323,07-Sep-2019,10,3.8
V0323,08-Jun-2019,18,4.2
V0323,09-Jul-2019,28,3.0
V0323,09-Jun-2019,16,2.6
V0323,10-Aug-2019,4,2.2
V0323,10-Jul-2019,10,1.8
V0323,10-Jun-2019,15,3.0
V0323,11-Jul-2019,16,3.1
V0323,11-Jun-2019,31,3.8
V0323,11-Nov-2019,23,3.0
V0323,13-Jun-2019,18,4.0
V0323,13-Sep-2019,2,3.3
V0323,14-Jun-2019,24,3.8
V0323,15-Jul-2019,33,2.2
V0323,16-Aug-2019,5,3.9
V0323,16-Jun-2019,10,3.4
V0323,17-Jun-2019,31,2.2
V0323,18-Jul-2019,28,2.3
V0323,18-May-2019,7,4.0
V0323,19-May-2019,19,1.9
V0323,20-May-2019,30,2.9
V0323,21-May-2019,28,2.6
V0323,22-Jun-2019,11,3.4
V0323,23-May-2019,12,3.8
V0323,24-May-2019,26,2.7
V0323,25-Jun-2019,14,2.8
V0323,25-May-2019,17,4.2
V0323,26-May-2019,16,3.7
V0323,26-Sep-2019,14,4.0
V0323,27-Jun-2019,11,2.9
V0323,27-May-2019,29,2.4
V0323,28-Jun-2019,30,2.8
V0323,28-May-2019,29,3.5
V0323,29-Jun-2019,17,2.1
V0323,29-May-2019,8,2.4
V0323,30-Jun-2019,14,1.9
V0323,30-May-2019,22,2.8
V0323,31-Aug-2019,9,3.8
V0323,31-May-2019,6,1.9
V0327,02-Jan-2019,2,3.4
V0327,07-Sep-2019,4,4.0
V0327,10-Jan-2019,4,2.4
V0327,16-Aug-2019,2,3.5
V0327,21-Aug-2018,7,4.1
V0328,01-Aug-2019,37,4.1
V0328,01-Jul-2019,45,2.4
V0328,01-Jun-2019,24,2.0
V0328,01-Oct-2019,24,2.2
V0328,01-Sep-2019,41,3.5
V0328,02-Jul-2019,34,3.5
V0328,02-Jun-2019,8,3.4
V0328,02-Oct-2019,19,2.6
V0328,02-Sep-2019,30,2.2
V0328,03-Aug-2019,37,3.2
V0328,03-Dec-2019,11,3.0
V0328,03-Jun-2019,24,3.5
V0328,03-Nov-2019,24,2.9
V0328,03-Oct-2019,21,2.6
V0328,03-Sep-2019,19,2.5
V0328,04-Aug-2019,14,2.3
V0328,04-Jul-2019,30,2.4
V0328,04-Jun-2019,45,2.0
V0328,04-Nov-2019,27,2.6
V0328,04-Oct-2019,17,1.9
V0328,05-Aug-2019,21,2.2
V0328,05-Jul-2019,18,3.6
V0328,05-Nov-2019,17,2.6
V0328,05-Oct-2019,20,3.4
V0328,06-Aug-2019,24,3.5
V0328,06-Dec-2019,6,3.2
V0328,06-Jul-2019,15,4.1
V0328,06-Jun-2019,14,1.9
V0328,06-Oct-2019,61,3.6
V0328,06-Sep-2019,23,4.1
V0328,07-Jul-2019,31,3.9
V0328,07-Jun-2019,2,2.2
V0328,07-Nov-2019,8,2.6
V0328,07-Oct-2018,12,2.2
V0328,07-Oct-2019,24,3.2
V0328,07-Sep-2019,20,3.5
V0328,08-Dec-2019,17,2.6
V0328,08-Jul-2019,52,3.1
V0328,08-Jun-2019,34,3.5
V0328,08-Nov-2019,39,2.8
V0328,08-Oct-2018,3,3.8
V0328,08-Oct-2019,69,3.7
V0328,08-Sep-2019,16,2.0
V0328,09-Aug-2019,11,3.3
V0328,09-Jul-2019,51,2.4
V0328,09-Jun-2019,2,3.1
V0328,09-Nov-2019,33,4.1
V0328,09-Oct-2018,35,3.9
V0328,09-Oct-2019,23,2.8
V0328,09-Sep-2019,14,2.5
V0328,10-Aug-2019,32,2.4
V0328,10-Jun-2019,49,3.1
V0328,10-Nov-2019,16,2.1
V0328,10-Oct-2019,43,3.1
V0328,10-Sep-2019,41,1.8
V0328,11-Aug-2019,40,2.6
V0328,11-Jul-2019,31,2.3
V0328,11-Jun-2019,19,4.1
V0328,11-Nov-2019,21,3.5
V0328,11-Oct-2019,12,2.6
V0328,12-Aug-2019,33,2.0
V0328,12-Dec-2019,5,3.0
V0328,12-Jul-2019,18,2.3
V0328,12-Nov-2019,34,3.1
V0328,12-Oct-2019,2,3.8
V0328,12-Sep-2019,17,3.3
V0328,13-Aug-2019,2,3.3
V0328,13-Jul-2019,37,3.1
V0328,13-Oct-2018,14,4.0
V0328,13-Oct-2019,36,4.0
V0328,13-Sep-2019,6,3.0
V0328,14-Jul-2019,28,2.5
V0328,14-Jun-2019,32,2.9
V0328,14-Nov-2019,10,2.2
V0328,14-Oct-2019,43,3.3
V0328,14-Sep-2019,4,3.0
V0328,15-Aug-2019,12,2.0
V0328,15-Jul-2019,31,2.3
V0328,15-Jun-2019,10,3.0
V0328,15-Nov-2019,10,3.9
V0328,15-Oct-2018,6,3.2
V0328,15-Oct-2019,19,3.4
V0328,15-Sep-2019,13,2.6
V0328,16-Aug-2019,15,3.2
V0328,16-Jul-2019,20,2.9
V0328,16-Jun-2019,13,3.4
V0328,16-Nov-2019,9,1.9
V0328,16-Sep-2019,40,3.0
V0328,17-Aug-2019,10,2.5
V0328,17-Dec-2019,6,2.6
V0328,17-Jun-2019,49,4.1
V0328,17-Nov-2019,18,2.2
V0328,17-Oct-2019,12,2.5
V0328,17-Sep-2019,38,3.0
V0328,18-Aug-2019,13,3.9
V0328,18-Jul-2019,26,2.8
V0328,18-Jun-2019,37,3.6
V0328,18-May-2019,42,3.9
V0328,18-Nov-2019,8,2.5
V0328,18-Oct-2019,34,2.7
V0328,19-Aug-2019,17,2.7
V0328,19-Jul-2019,42,3.8
V0328,19-May-2019,30,1.9
V0328,19-Nov-2019,42,2.5
V0328,19-Oct-2019,21,3.4
V0328,19-Sep-2019,35,3.2
V0328,20-Aug-2019,39,2.8
V0328,20-Jul-2019,42,3.1
V0328,20-Jun-2019,8,2.3
V0328,20-May-2019,16,2.8
V0328,20-Oct-2019,7,3.0
V0328,20-Sep-2018,11,4.0
V0328,20-Sep-2019,30,2.4
V0328,21-Jun-2019,10,3.9
V0328,21-May-2019,49,3.3
V0328,21-Nov-2019,18,1.8
V0328,21-Oct-2019,43,3.5
V0328,21-Sep-2019,2,1.9
V0328,22-Aug-2019,11,4.2
V0328,22-Jun-2019,23,3.9
V0328,22-Nov-2019,26,2.5
V0328,22-Oct-2019,20,2.4
V0328,22-Sep-2019,21,2.7
V0328,23-Aug-2019,7,2.7
V0328,23-Jun-2019,58,2.7
V0328,23-Nov-2019,44,2.6
V0328,23-Sep-2019,38,3.3
V0328,24-Aug-2019,3,2.2
V0328,24-Jun-2019,30,3.8
V0328,24-May-2019,34,3.7
V0328,24-Nov-2019,15,2.9
V0328,24-Oct-2019,20,3.8
V0328,24-Sep-2019,33,2.4
V0328,25-Aug-2019,19,1.8
V0328,25-Jun-2019,38,3.3
V0328,25-May-2019,33,2.9
V0328,25-Oct-2019,35,3.2
V0328,25-Sep-2018,9,4.0
V0328,26-Aug-2019,22,4.1
V0328,26-May-2019,21,3.3
V0328,26-Nov-2019,16,3.6
V0328,26-Oct-2019,25,2.0
V0328,27-Aug-2019,34,2.2
V0328,27-Jul-2019,35,3.6
V0328,27-Jun-2019,12,2.8
V0328,27-May-2019,6,2.9
V0328,27-Oct-2019,3,2.5
V0328,27-Sep-2019,12,3.3
V0328,28-Jul-2019,29,2.2
V0328,28-Jun-2019,46,3.3
V0328,28-May-2019,49,2.2
V0328,28-Nov-2019,5,2.0
V0328,28-Oct-2019,23,2.6
V0328,28-Sep-2019,13,2.4
V0328,29-Aug-2019,26,3.9
V0328,29-Jul-2019,24,1.9
V0328,29-Jun-2019,33,2.2
V0328,29-Oct-2019,28,3.1
V0328,29-Sep-2018,30,3.0
V0328,29-Sep-2019,30,1.9
V0328,30-Aug-2019,3,1.8
V0328,30-Jul-2019,32,4.2
V0328,30-Jun-2019,20,3.4
V0328,30-Nov-2019,4,2.7
V0328,30-Sep-2019,14,2.9
V0328,31-Aug-2019,15,2.4
V0328,31-Jul-2019,13,2.6
V0328,31-May-2019,16,3.4
V0328,31-Oct-2019,31,3.9
V0329,01-Aug-2019,2,2.2
V0329,01-Jul-2019,16,3.8
V0329,01-Jun-2019,28,2.1
V0329,01-Sep-2019,19,2.3
V0329,02-Aug-2019,4,1.9
V0329,02-Jul-2019,2,2.1
V0329,02-Jun-2019,16,4.0
V0329,03-Aug-2019,2,2.9
V0329,03-Jul-2019,13,2.0
V0329,03-Nov-2019,12,4.1
V0329,03-Oct-2019,11,3.9
V0329,04-Aug-2019,15,3.6
V0329,04-Jul-2019,6,4.0
V0329,04-Jun-2019,7,2.3
V0329,04-Nov-2019,5,3.8
V0329,04-Oct-2019,14,3.5
V0329,05-Aug-2019,13,3.9
V0329,05-Jul-2019,7,3.7
V0329,05-Jun-2019,3,2.6
V0329,05-Oct-2019,7,3.7
V0329,06-Aug-2019,2,2.4
V0329,06-Jul-2019,11,2.6
V0329,06-Jun-2019,17,2.1
V0329,06-Nov-2019,2,4.0
V0329,06-Oct-2019,17,2.5
V0329,07-Aug-2019,11,3.0
V0329,07-Jul-2019,11,2.7
V0329,07-Jun-2019,7,4.1
V0329,07-Nov-2019,4,2.6
V0329,07-Oct-2019,14,3.7
V0329,07-Sep-2019,15,3.9
V0329,08-Aug-2019,8,2.8
V0329,08-Jul-2019,12,2.7
V0329,08-Oct-2019,8,3.6
V0329,08-Sep-2019,2,4.0
V0329,09-Jul-2019,13,3.6
V0329,09-Nov-2019,2,2.3
V0329,09-Oct-2019,10,3.9
V0329,09-Sep-2019,26,2.7
V0329,10-Jul-2019,14,3.2
V0329,10-Jun-2019,14,3.8
V0329,10-Nov-2019,21,2.3
V0329,11-Aug-2019,3,3.7
V0329,11-Jul-2019,5,3.2
V0329,11-Jun-2019,6,3.9
V0329,11-Oct-2019,22,2.2
V0329,11-Sep-2019,12,2.8
V0329,12-Aug-2019,6,3.8
V0329,12-Jul-2019,6,1.8
V0329,12-Jun-2019,9,2.1
V0329,12-Oct-2019,3,4.2
V0329,12-Sep-2019,6,2.5
V0329,13-Aug-2019,6,4.1
V0329,13-Jul-2019,15,2.2
V0329,13-Jun-2019,10,2.7
V0329,13-Oct-2019,5,3.6
V0329,14-Aug-2019,13,3.4
V0329,14-Jul-2019,6,3.2
V0329,14-Jun-2019,2,3.1
V0329,14-Oct-2019,13,3.8
V0329,15-Aug-2019,15,2.4
V0329,15-Jul-2019,21,2.9
V0329,15-Jun-2019,4,2.2
V0329,16-Aug-2019,11,3.2
V0329,16-Jul-2019,8,2.4
V0329,16-Jun-2019,11,2.6
V0329,16-Oct-2019,3,2.9
V0329,16-Sep-2019,8,1.9
V0329,17-Aug-2019,4,2.0
V0329,17-Jun-2019,4,3.4
V0329,17-Nov-2019,7,2.8
V0329,17-Oct-2019,2,3.9
V0329,17-Sep-2019,15,3.5
V0329,18-Aug-2019,8,1.8
V0329,18-Jul-2019,13,3.3
V0329,18-Jun-2019,6,2.0
V0329,18-Nov-2019,3,3.7
V0329,18-Oct-2019,4,4.2
V0329,18-Sep-2019,6,3.1
V0329,19-Aug-2019,13,3.4
V0329,19-Jul-2019,11,2.4
V0329,19-Jun-2019,6,2.9
V0329,19-May-2019,8,3.9
V0329,20-Jul-2019,7,2.2
V0329,20-Jun-2019,7,2.4
V0329,20-May-2019,4,2.9
V0329,20-Oct-2019,12,3.5
V0329,20-Sep-2019,5,2.7
V0329,21-Aug-2019,13,4.0
V0329,21-Jul-2019,14,2.0
V0329,21-Jun-2019,3,2.7
V0329,21-Nov-2019,7,3.5
V0329,21-Oct-2019,8,2.3
V0329,22-Jul-2019,8,3.4
V0329,22-Oct-2019,2,2.2
V0329,23-Jun-2019,19,1.9
V0329,23-May-2019,1,2.1
V0329,23-Oct-2019,3,4.0
V0329,23-Sep-2019,5,3.1
V0329,24-Aug-2019,14,3.7
V0329,24-Jun-2019,8,2.6
V0329,24-May-2019,2,3.2
V0329,25-Jul-2019,6,3.0
V0329,25-May-2019,3,4.1
V0329,25-Oct-2019,8,3.6
V0329,25-Sep-2019,2,3.6
V0329,26-Aug-2019,8,1.9
V0329,26-May-2019,8,3.1
V0329,26-Oct-2019,8,2.9
V0329,26-Sep-2019,5,4.0
V0329,27-Jun-2019,3,2.4
V0329,27-May-2019,7,2.4
V0329,27-Oct-2019,7,2.8
V0329,27-Sep-2019,2,2.4
V0329,28-Jul-2019,6,2.1
V0329,28-Jun-2019,4,3.9
V0329,28-May-2019,4,3.1
V0329,28-Oct-2019,5,3.9
V0329,28-Sep-2019,11,3.8
V0329,29-Aug-2019,2,2.5
V0329,29-Jul-2019,7,3.1
V0329,29-Jun-2019,8,2.0
V0329,29-Sep-2019,14,4.0
V0329,30-Jul-2019,13,2.8
V0329,30-Jun-2019,6,2.7
V0329,30-Sep-2019,18,2.5
V0329,31-Aug-2019,3,2.9
V0329,31-Jul-2019,2,2.4
V0331,01-Aug-2019,12,2.7
V0331,01-Jul-2019,29,3.7
V0331,01-Jun-2019,10,3.8
V0331,01-Nov-2019,7,2.5
V0331,01-Oct-2018,7,2.9
V0331,01-Oct-2019,8,3.9
V0331,01-Sep-2019,20,1.9
V0331,02-Aug-2019,3,3.9
V0331,02-Dec-2018,5,2.3
V0331,02-Jul-2019,13,3.4
V0331,02-Nov-2018,8,3.2
V0331,02-Nov-2019,9,3.1
V0331,02-Sep-2018,6,3.9
V0331,02-Sep-2019,9,2.0
V0331,03-Aug-2018,12,2.6
V0331,03-Aug-2019,30,3.1
V0331,03-Dec-2018,9,3.7
V0331,03-Nov-2018,35,2.3
V0331,03-Nov-2019,20,3.7
V0331,03-Oct-2019,23,2.8
V0331,03-Sep-2018,22,2.3
V0331,03-Sep-2019,10,3.6
V0331,04-Aug-2019,6,2.0
V0331,04-Jul-2019,7,3.0
V0331,04-Jun-2019,10,2.0
V0331,04-Nov-2018,19,2.7
V0331,04-Nov-2019,14,3.2
V0331,04-Oct-2018,10,3.1
V0331,04-Oct-2019,16,2.8
V0331,05-Aug-2019,25,2.8
V0331,05-Jul-2019,15,2.3
V0331,05-Nov-2018,1,2.9
V0331,05-Nov-2019,8,4.1
V0331,05-Sep-2019,5,3.8
V0331,06-Aug-2018,25,2.1
V0331,06-Aug-2019,22,1.9
V0331,06-Dec-2018,7,4.0
V0331,06-Jul-2019,28,3.1
V0331,06-Oct-2018,12,3.1
V0331,06-Oct-2019,8,3.7
V0331,06-Sep-2018,14,2.6
V0331,06-Sep-2019,8,3.0
V0331,07-Jul-2019,17,4.1
V0331,07-Oct-2018,4,3.4
V0331,07-Oct-2019,31,2.2
V0331,07-Sep-2018,8,2.1
V0331,07-Sep-2019,12,2.3
V0331,08-Aug-2019,16,3.6
V0331,08-Jul-2019,6,2.5
V0331,08-Nov-2018,10,1.9
V0331,08-Nov-2019,11,4.1
V0331,08-Oct-2018,7,2.2
V0331,08-Sep-2018,5,1.8
V0331,08-Sep-2019,7,2.4
V0331,09-Aug-2019,10,2.4
V0331,09-Jul-2019,27,2.8
V0331,09-Jun-2019,10,4.0
V0331,09-Sep-2019,21,3.9
V0331,10-Aug-2018,7,2.9
V0331,10-Jun-2019,26,2.8
V0331,10-Nov-2018,15,3.1
V0331,10-Nov-2019,12,2.4
V0331,11-Aug-2018,4,1.9
V0331,11-Jul-2019,26,4.1
V0331,11-Nov-2018,14,2.2
V0331,11-Nov-2019,10,2.3
V0331,12-Aug-2019,18,2.9
V0331,12-Jul-2019,21,3.0
V0331,12-Nov-2018,15,1.8
V0331,12-Nov-2019,6,2.2
V0331,12-Oct-2018,22,2.7
V0331,13-Aug-2018,11,3.4
V0331,13-Aug-2019,8,2.3
V0331,13-Dec-2018,4,2.8
V0331,13-Jul-2019,11,3.1
V0331,13-Jun-2019,21,3.9
V0331,13-Nov-2018,8,2.6
V0331,13-Sep-2019,23,2.1
V0331,14-Jul-2019,21,3.0
V0331,14-Nov-2019,23,3.6
V0331,14-Oct-2018,24,2.1
V0331,14-Sep-2018,22,2.8
V0331,14-Sep-2019,9,1.8
V0331,15-Jun-2019,9,1.9
V0331,15-Nov-2019,12,3.0
V0331,15-Oct-2018,19,2.5
V0331,16-Aug-2018,6,3.8
V0331,16-Dec-2018,7,3.2
V0331,16-Jul-2019,6,2.9
V0331,16-Jun-2019,10,2.8
V0331,16-Nov-2018,4,3.0
V0331,16-Nov-2019,13,1.9
V0331,16-Sep-2018,10,3.9
V0331,16-Sep-2019,18,4.2
V0331,17-Aug-2019,13,2.2
V0331,17-Dec-2018,8,2.1
V0331,17-Jun-2019,28,2.1
V0331,17-Sep-2018,12,3.4
V0331,18-Aug-2019,14,3.4
V0331,18-Dec-2018,10,3.8
V0331,18-Jul-2019,9,3.6
V0331,18-May-2019,7,2.9
V0331,18-Oct-2018,22,3.3
V0331,18-Sep-2018,22,3.5
V0331,19-Aug-2018,5,3.0
V0331,19-Aug-2019,19,2.9
V0331,19-May-2019,27,3.3
V0331,19-Nov-2018,19,3.1
V0331,19-Oct-2018,6,3.3
V0331,20-Jun-2019,18,3.3
V0331,20-May-2019,9,3.5
V0331,20-Sep-2019,8,3.3
V0331,21-May-2019,4,3.0
V0331,21-Oct-2018,4,3.4
V0331,21-Sep-2018,5,2.9
V0331,22-Dec-2018,18,2.4
V0331,22-Nov-2018,26,1.8
V0331,23-Aug-2019,24,3.1
V0331,23-Jun-2019,8,3.2
V0331,23-Sep-2018,1,4.1
V0331,23-Sep-2019,6,2.7
V0331,24-Jun-2019,9,2.7
V0331,24-May-2019,9,2.3
V0331,25-Aug-2019,26,2.0
V0331,25-Jul-2019,25,3.7
V0331,25-May-2019,3,2.4
V0331,25-Oct-2019,8,3.3
V0331,25-Sep-2018,16,3.5
V0331,26-Aug-2018,19,2.9
V0331,26-May-2019,9,3.9
V0331,26-Nov-2018,9,2.9
V0331,26-Oct-2018,16,2.5
V0331,27-Aug-2018,23,4.0
V0331,27-Aug-2019,7,3.9
V0331,27-Jun-2019,8,2.2
V0331,27-May-2019,4,1.9
V0331,27-Nov-2018,11,2.0
V0331,27-Oct-2019,7,2.5
V0331,28-Jun-2019,9,4.1
V0331,28-May-2019,18,3.1
V0331,28-Oct-2018,6,2.7
V0331,28-Oct-2019,29,3.9
V0331,28-Sep-2018,15,2.9
V0331,28-Sep-2019,10,2.6
V0331,29-Aug-2019,17,4.1
V0331,29-Jul-2018,19,3.8
V0331,29-Jul-2019,27,3.8
V0331,29-Jun-2019,5,3.0
V0331,29-Oct-2018,17,3.7
V0331,29-Oct-2019,8,2.2
V0331,29-Sep-2018,6,3.2
V0331,29-Sep-2019,24,4.2
V0331,30-Aug-2018,9,2.5
V0331,30-Aug-2019,25,3.7
V0331,30-Jul-2018,33,3.0
V0331,30-Jul-2019,10,1.9
V0331,30-Jun-2019,11,3.6
V0331,30-Oct-2018,13,2.2
V0331,30-Sep-2018,19,3.3
V0331,30-Sep-2019,11,2.0
V0331,31-Aug-2018,28,4.1
V0331,31-Oct-2019,3,2.5
V0335,02-Sep-2019,8,2.3
V0335,04-Aug-2019,13,2.1
V0335,05-Aug-2019,2,4.1
V0335,05-Sep-2019,2,3.5
V0335,07-Aug-2019,3,3.6
V0335,08-Aug-2019,6,3.0
V0335,08-Sep-2019,4,2.9
V0335,10-Aug-2019,3,2.1
V0335,10-Sep-2019,6,3.1
V0335,14-Aug-2019,5,2.4
V0335,14-Jul-2019,2,4.1
V0335,15-Aug-2019,4,3.7
V0335,15-Jul-2019,12,2.8
V0335,15-Sep-2019,3,2.2
V0335,16-Jul-2019,11,3.7
V0335,16-Sep-2019,2,2.1
V0335,17-Jul-2019,10,2.3
V0335,18-Aug-2019,8,2.3
V0335,18-Jul-2019,5,3.1
V0335,19-Aug-2019,2,3.7
V0335,20-Aug-2019,4,2.6
V0335,20-Jul-2019,18,2.0
V0335,21-Aug-2019,20,2.9
V0335,21-Jul-2019,23,3.6
V0335,22-Aug-2019,3,2.3
V0335,22-Jul-2019,13,2.3
V0335,22-Oct-2019,25,4.1
V0335,24-Aug-2019,10,4.1
V0335,25-Aug-2019,2,4.2
V0335,25-Jul-2019,7,3.7
V0335,26-Aug-2019,4,2.3
V0335,26-Jul-2019,5,2.3
V0335,27-Aug-2019,3,2.6
V0335,27-Jul-2019,15,2.6
V0335,28-Aug-2019,1,4.1
V0335,28-Jul-2019,6,3.7
V0335,29-Aug-2019,2,3.5
V0335,29-Jul-2019,18,2.2
V0335,30-Jul-2019,6,4.0
V0335,31-Jul-2019,10,3.8
V0337,01-Aug-2018,2,2.2
V0337,01-Dec-2018,6,3.9
V0337,01-Jul-2019,24,2.5
V0337,01-Jun-2019,10,2.0
V0337,01-Nov-2019,2,3.4
V0337,01-Oct-2018,35,3.4
V0337,01-Oct-2019,4,2.0
V0337,01-Sep-2018,8,2.6
V0337,01-Sep-2019,10,4.2
V0337,02-Aug-2018,4,3.4
V0337,02-Aug-2019,4,3.6
V0337,02-Dec-2018,26,2.3
V0337,02-Jul-2019,14,2.0
V0337,02-Jun-2019,18,2.5
V0337,02-Nov-2018,4,2.4
V0337,02-Nov-2019,11,2.4
V0337,02-Oct-2018,6,2.3
V0337,02-Oct-2019,7,3.2
V0337,02-Sep-2018,25,2.6
V0337,02-Sep-2019,16,3.8
V0337,03-Aug-2018,2,2.2
V0337,03-Dec-2018,28,2.9
V0337,03-Jul-2019,10,1.8
V0337,03-Jun-2019,22,3.0
V0337,03-Nov-2018,4,1.9
V0337,03-Nov-2019,31,4.1
V0337,03-Oct-2018,3,3.7
V0337,03-Oct-2019,14,3.0
V0337,03-Sep-2018,16,2.0
V0337,04-Aug-2019,28,3.2
V0337,04-Dec-2018,19,3.6
V0337,04-Jul-2019,5,2.3
V0337,04-Jun-2019,6,3.2
V0337,04-Nov-2018,3,3.8
V0337,04-Nov-2019,20,3.6
V0337,04-Oct-2018,4,3.7
V0337,04-Sep-2018,15,3.9
V0337,04-Sep-2019,7,4.1
V0337,05-Aug-2018,10,2.8
V0337,05-Aug-2019,30,3.2
V0337,05-Dec-2018,6,3.7
V0337,05-Jul-2019,6,3.5
V0337,05-Nov-2018,19,4.2
V0337,05-Nov-2019,2,1.8
V0337,05-Oct-2018,9,2.7
V0337,05-Oct-2019,9,2.5
V0337,05-Sep-2018,14,2.4
V0337,05-Sep-2019,2,2.3
V0337,06-Aug-2018,16,3.5
V0337,06-Aug-2019,15,2.0
V0337,06-Dec-2018,2,3.6
V0337,06-Jun-2019,18,3.5
V0337,06-Nov-2018,38,2.4
V0337,06-Nov-2019,6,2.4
V0337,06-Oct-2018,7,3.3
V0337,06-Oct-2019,24,3.6
V0337,06-Sep-2018,4,3.9
V0337,06-Sep-2019,8,3.8
V0337,07-Aug-2018,10,4.1
V0337,07-Dec-2018,4,3.2
V0337,07-Jul-2019,24,4.0
V0337,07-Jun-2019,7,3.7
V0337,07-Nov-2018,4,3.9
V0337,07-Oct-2018,14,1.8
V0337,07-Oct-2019,25,4.1
V0337,07-Sep-2018,2,2.9
V0337,07-Sep-2019,5,3.7
V0337,08-Jul-2019,46,2.1
V0337,08-Jun-2019,4,2.8
V0337,08-Nov-2018,11,2.5
V0337,08-Oct-2018,9,2.5
V0337,08-Oct-2019,23,2.1
V0337,08-Sep-2019,28,3.7
V0337,09-Jul-2019,22,1.8
V0337,09-Jun-2019,21,2.6
V0337,09-Nov-2018,10,2.2
V0337,09-Nov-2019,2,3.2
V0337,09-Oct-2018,21,2.4
V0337,09-Oct-2019,15,2.4
V0337,09-Sep-2018,10,3.0
V0337,09-Sep-2019,25,3.4
V0337,10-Aug-2018,7,2.1
V0337,10-Dec-2018,14,2.2
V0337,10-Jul-2019,2,2.4
V0337,10-Jun-2019,37,4.1
V0337,10-Nov-2018,3,2.8
V0337,10-Nov-2019,13,3.2
V0337,10-Oct-2018,3,2.4
V0337,10-Sep-2018,29,3.0
V0337,10-Sep-2019,12,2.0
V0337,11-Aug-2019,2,1.9
V0337,11-Dec-2018,13,2.9
V0337,11-Jul-2019,7,2.8
V0337,11-Jun-2019,12,2.1
V0337,11-Nov-2018,15,3.5
V0337,11-Nov-2019,23,4.2
V0337,11-Oct-2018,4,2.7
V0337,11-Oct-2019,7,3.3
V0337,11-Sep-2018,23,4.1
V0337,11-Sep-2019,6,3.8
V0337,12-Aug-2018,23,2.9
V0337,12-Aug-2019,27,3.6
V0337,12-Jul-2019,30,2.1
V0337,12-Jun-2019,11,3.0
V0337,12-Nov-2018,26,2.5
V0337,12-Nov-2019,38,2.2
V0337,12-Oct-2019,19,2.8
V0337,12-Sep-2018,6,2.1
V0337,12-Sep-2019,19,3.5
V0337,13-Aug-2018,11,2.9
V0337,13-Aug-2019,11,3.1
V0337,13-Dec-2018,14,2.2
V0337,13-Jul-2019,8,2.1
V0337,13-Jun-2019,30,3.2
V0337,13-Nov-2018,4,4.2
V0337,13-Oct-2018,8,2.0
V0337,13-Oct-2019,18,2.5
V0337,13-Sep-2018,4,3.9
V0337,13-Sep-2019,6,2.0
V0337,14-Aug-2018,9,3.9
V0337,14-Dec-2018,10,3.1
V0337,14-Jul-2019,18,2.8
V0337,14-Jun-2019,7,2.5
V0337,14-Nov-2019,2,2.5
V0337,14-Oct-2018,40,2.5
V0337,14-Oct-2019,27,3.9
V0337,14-Sep-2018,4,3.5
V0337,15-Aug-2018,2,3.4
V0337,15-Aug-2019,12,3.7
V0337,15-Dec-2018,8,2.4
V0337,15-Jul-2019,55,3.3
V0337,15-Jun-2019,7,2.9
V0337,15-Oct-2018,25,3.7
V0337,15-Oct-2019,11,2.5
V0337,15-Sep-2018,7,3.3
V0337,15-Sep-2019,9,3.9
V0337,16-Aug-2018,2,2.8
V0337,16-Aug-2019,9,2.0
V0337,16-Dec-2019,6,3.0
V0337,16-Jul-2019,32,2.6
V0337,16-Jun-2019,24,3.4
V0337,16-Nov-2018,18,4.1
V0337,16-Nov-2019,9,3.0
V0337,16-Oct-2018,9,2.9
V0337,16-Oct-2019,2,3.4
V0337,16-Sep-2018,10,2.0
V0337,16-Sep-2019,21,2.4
V0337,17-Aug-2018,5,4.0
V0337,17-Dec-2019,16,3.4
V0337,17-Jul-2019,6,1.8
V0337,17-Jun-2019,14,2.3
V0337,17-Nov-2018,24,3.4
V0337,17-Nov-2019,10,3.6
V0337,17-Oct-2018,9,3.8
V0337,17-Oct-2019,4,2.5
V0337,17-Sep-2018,40,4.0
V0337,17-Sep-2019,12,3.1
V0337,18-Aug-2019,12,3.5
V0337,18-Jul-2019,23,3.2
V0337,18-Jun-2019,4,2.1
V0337,18-Nov-2018,30,4.1
V0337,18-Oct-2018,7,2.1
V0337,18-Oct-2019,18,2.4
V0337,18-Sep-2018,2,3.8
V0337,18-Sep-2019,30,3.3
V0337,19-Aug-2018,19,3.8
V0337,19-Aug-2019,14,3.0
V0337,19-Jul-2019,26,2.7
V0337,19-Jun-2019,7,4.0
V0337,19-May-2019,4,1.9
V0337,19-Nov-2018,31,3.9
V0337,19-Nov-2019,3,2.4
V0337,19-Oct-2018,2,3.8
V0337,19-Sep-2018,2,2.1
V0337,19-Sep-2019,8,3.2
V0337,20-Aug-2018,32,3.9
V0337,20-Aug-2019,15,2.9
V0337,20-Jul-2019,39,3.6
V0337,20-Jun-2019,11,3.7
V0337,20-May-2019,6,3.6
V0337,20-Nov-2018,5,4.0
V0337,20-Oct-2018,9,2.9
V0337,20-Oct-2019,12,2.2
V0337,20-Sep-2018,10,1.9
V0337,20-Sep-2019,2,2.4
V0337,21-Aug-2018,7,2.1
V0337,21-Jul-2019,35,3.1
V0337,21-Jun-2019,6,2.2
V0337,21-May-2019,7,1.9
V0337,21-Nov-2018,14,1.9
V0337,21-Oct-2018,7,3.8
V0337,21-Sep-2018,6,3.2
V0337,21-Sep-2019,4,2.7
V0337,22-Aug-2018,2,3.9
V0337,22-Aug-2019,4,2.0
V0337,22-May-2019,5,4.2
V0337,22-Nov-2018,33,3.3
V0337,22-Oct-2018,39,2.2
V0337,22-Oct-2019,6,3.4
V0337,22-Sep-2018,16,3.6
V0337,22-Sep-2019,15,2.8
V0337,23-Aug-2018,4,3.9
V0337,23-Aug-2019,2,2.2
V0337,23-Jul-2018,11,2.5
V0337,23-Jun-2019,3,2.0
V0337,23-Nov-2018,24,2.3
V0337,23-Oct-2018,8,2.4
V0337,23-Oct-2019,9,4.0
V0337,23-Sep-2018,10,2.0
V0337,23-Sep-2019,7,2.8
V0337,24-Aug-2019,6,3.1
V0337,24-Jul-2018,11,4.0
V0337,24-Jul-2019,29,4.2
V0337,24-Jun-2019,41,3.6
V0337,24-Nov-2018,5,4.1
V0337,24-Oct-2018,7,3.7
V0337,24-Oct-2019,6,4.1
V0337,24-Sep-2018,18,3.5
V0337,24-Sep-2019,25,2.0
V0337,25-Aug-2019,13,2.8
V0337,25-Jul-2018,2,3.4
V0337,25-Jul-2019,27,2.6
V0337,25-Jun-2019,25,2.5
V0337,25-May-2019,7,3.2
V0337,25-Nov-2018,10,4.0
V0337,25-Nov-2019,6,1.9
V0337,25-Oct-2018,4,3.6
V0337,25-Oct-2019,17,3.5
V0337,25-Sep-2018,24,4.1
V0337,25-Sep-2019,4,4.0
V0337,26-Aug-2018,18,3.6
V0337,26-Aug-2019,13,3.0
V0337,26-Jul-2018,5,2.3
V0337,26-Jul-2019,10,3.1
V0337,26-May-2019,16,3.6
V0337,26-Nov-2018,28,3.9
V0337,26-Oct-2018,4,3.7
V0337,26-Sep-2018,2,2.3
V0337,26-Sep-2019,2,3.2
V0337,27-Aug-2018,21,2.6
V0337,27-Aug-2019,15,1.8
V0337,27-Jul-2018,2,2.3
V0337,27-Jun-2019,2,2.1
V0337,27-May-2019,23,3.8
V0337,27-Nov-2018,4,2.4
V0337,27-Oct-2018,2,2.5
V0337,27-Sep-2018,18,4.1
V0337,27-Sep-2019,10,2.7
V0337,28-Aug-2018,4,1.8
V0337,28-Aug-2019,2,2.5
V0337,28-Jul-2019,5,2.1
V0337,28-Jun-2019,10,2.0
V0337,28-May-2019,5,2.0
V0337,28-Nov-2018,4,3.2
V0337,28-Oct-2018,20,2.3
V0337,28-Oct-2019,23,2.7
V0337,28-Sep-2018,2,3.9
V0337,29-Aug-2019,8,2.8
V0337,29-Jul-2018,5,4.0
V0337,29-Jul-2019,22,3.0
V0337,29-Jun-2019,24,2.8
V0337,29-May-2019,5,3.6
V0337,29-Oct-2018,29,2.0
V0337,29-Oct-2019,4,2.0
V0337,29-Sep-2018,14,3.4
V0337,29-Sep-2019,19,3.0
V0337,30-Aug-2018,15,3.7
V0337,30-Jul-2018,8,4.0
V0337,30-Jul-2019,21,2.7
V0337,30-Jun-2019,31,3.2
V0337,30-May-2019,7,3.0
V0337,30-Nov-2018,19,4.2
V0337,30-Oct-2018,8,3.8
V0337,30-Oct-2019,21,4.0
V0337,30-Sep-2018,18,2.4
V0337,30-Sep-2019,23,3.7
V0337,31-Aug-2018,13,2.4
V0337,31-Jul-2018,2,2.3
V0337,31-Jul-2019,7,4.1
V0337,31-May-2019,6,1.8
V0337,31-Oct-2018,2,4.1
V0337,31-Oct-2019,6,2.2
V0338,05-Jun-2019,2,3.8
V0338,19-Aug-2019,5,2.5
V0338,19-Jul-2019,5,2.6
V0338,20-May-2019,2,2.3
V0338,21-Oct-2019,2,3.2
V0338,23-Jun-2019,3,2.6
V0338,27-Oct-2019,2,3.4
V0338,28-Oct-2019,2,1.8
V0338,29-May-2019,2,2.0
V0338,31-Jul-2019,3,2.0
V0339,12-Sep-2019,7,2.8
V0339,16-Sep-2019,3,3.8
V0339,18-Oct-2019,4,3.9
V0341,01-Jul-2019,18,2.4
V0341,01-Jun-2019,7,3.2
V0341,01-Sep-2019,5,3.6
V0341,02-Nov-2019,25,2.5
V0341,02-Sep-2019,6,2.8
V0341,03-Nov-2019,23,3.1
V0341,03-Oct-2019,10,2.1
V0341,04-Aug-2019,9,1.9
V0341,04-Jul-2019,4,2.2
V0341,04-Nov-2019,6,3.3
V0341,05-Aug-2019,15,2.0
V0341,05-Oct-2019,14,2.3
V0341,05-Sep-2019,5,2.6
V0341,06-Jul-2019,4,2.0
V0341,06-Jun-2019,13,2.3
V0341,06-Oct-2019,6,4.0
V0341,07-Jul-2019,17,1.8
V0341,08-Aug-2019,20,3.4
V0341,08-Jul-2019,24,2.7
V0341,09-Jun-2019,4,3.4
V0341,09-Sep-2019,25,3.2
V0341,10-Aug-2019,8,2.3
V0341,10-Nov-2019,19,3.8
V0341,10-Oct-2019,7,3.0
V0341,11-Aug-2019,12,3.8
V0341,11-Oct-2019,10,2.8
V0341,12-Aug-2019,22,4.2
V0341,12-Jul-2019,10,3.6
V0341,13-Jul-2019,12,4.1
V0341,13-Nov-2019,12,3.0
V0341,13-Sep-2019,5,2.9
V0341,14-Jul-2019,13,3.6
V0341,14-Nov-2019,2,3.9
V0341,16-Jun-2019,10,4.1
V0341,16-Sep-2019,20,2.6
V0341,17-Jun-2019,5,3.7
V0341,17-Nov-2019,15,2.3
V0341,18-Aug-2019,6,3.1
V0341,18-May-2019,15,2.2
V0341,19-Aug-2019,22,2.6
V0341,19-Jul-2019,20,4.0
V0341,19-May-2019,20,2.2
V0341,20-Jul-2019,13,3.3
V0341,20-Oct-2019,13,3.2
V0341,20-Sep-2019,2,2.1
V0341,21-Jul-2019,26,2.6
V0341,21-Jun-2019,2,3.2
V0341,21-Sep-2019,12,2.2
V0341,23-Jun-2019,17,3.7
V0341,23-May-2019,3,4.1
V0341,24-Jun-2019,8,2.3
V0341,24-May-2019,15,2.2
V0341,25-Aug-2019,22,2.9
V0341,26-Aug-2019,6,3.6
V0341,26-May-2019,11,2.5
V0341,26-Oct-2019,3,1.8
V0341,27-Jun-2019,17,3.1
V0341,27-Oct-2019,2,4.1
V0341,28-Jun-2019,17,2.7
V0341,29-Jun-2019,7,2.8
V0341,30-Jun-2019,7,4.1
V0341,30-Sep-2019,11,3.5
V0341,31-Aug-2019,8,3.5
V0342,01-Aug-2019,2,3.2
V0342,01-Jul-2019,2,4.1
V0342,01-Jun-2019,7,3.5
V0342,01-Nov-2018,6,3.9
V0342,01-Oct-2018,11,3.5
V0342,01-Sep-2019,6,3.6
V0342,02-Aug-2019,4,2.5
V0342,02-Jun-2019,4,2.5
V0342,02-Nov-2018,16,3.7
V0342,02-Nov-2019,7,2.5
V0342,02-Oct-2019,8,3.2
V0342,02-Sep-2018,2,2.4
V0342,02-Sep-2019,2,3.8
V0342,03-Aug-2018,2,2.1
V0342,03-Jul-2019,2,3.8
V0342,03-Jun-2019,2,3.2
V0342,03-Nov-2018,2,2.2
V0342,03-Nov-2019,8,3.1
V0342,03-Oct-2018,2,2.5
V0342,03-Sep-2018,2,2.6
V0342,04-Aug-2018,5,2.6
V0342,04-Aug-2019,8,2.0
V0342,04-Jul-2019,2,4.2
V0342,04-Nov-2018,10,1.9
V0342,04-Nov-2019,2,3.4
V0342,04-Oct-2018,2,2.7
V0342,04-Oct-2019,5,3.4
V0342,04-Sep-2019,6,2.7
V0342,05-Aug-2019,12,3.4
V0342,05-Jul-2019,11,3.6
V0342,05-Nov-2018,9,3.5
V0342,05-Oct-2018,3,2.1
V0342,05-Sep-2019,5,3.4
V0342,06-Jul-2019,3,2.5
V0342,06-Jun-2019,5,1.9
V0342,06-Nov-2019,4,2.8
V0342,06-Oct-2018,14,2.8
V0342,06-Oct-2019,4,2.9
V0342,06-Sep-2019,2,3.5
V0342,07-Jul-2019,20,2.5
V0342,07-Jun-2019,7,2.6
V0342,07-Nov-2018,4,1.9
V0342,07-Oct-2018,11,3.4
V0342,07-Oct-2019,2,3.2
V0342,07-Sep-2018,14,2.6
V0342,07-Sep-2019,15,3.5
V0342,08-Aug-2019,2,3.1
V0342,08-Jul-2019,4,2.9
V0342,08-Jun-2019,3,3.0
V0342,08-Nov-2019,3,3.3
V0342,08-Oct-2018,4,3.4
V0342,08-Sep-2018,8,2.5
V0342,08-Sep-2019,12,2.1
V0342,09-Aug-2018,10,2.2
V0342,09-Nov-2018,5,3.3
V0342,09-Sep-2018,10,3.9
V0342,09-Sep-2019,2,2.8
V0342,10-Aug-2019,2,2.2
V0342,10-Jul-2019,4,3.6
V0342,10-Jun-2019,2,3.8
V0342,10-Nov-2018,3,3.9
V0342,10-Oct-2019,4,3.3
V0342,10-Sep-2018,4,3.9
V0342,11-Aug-2018,8,1.8
V0342,11-Aug-2019,8,2.1
V0342,11-Jul-2019,4,2.0
V0342,11-Nov-2018,3,3.5
V0342,11-Nov-2019,5,2.0
V0342,11-Oct-2019,2,3.0
V0342,11-Sep-2019,5,2.9
V0342,12-Aug-2018,6,2.5
V0342,12-Aug-2019,6,3.9
V0342,12-Jul-2019,10,2.2
V0342,12-Jun-2019,8,2.6
V0342,12-Nov-2018,9,3.7
V0342,12-Oct-2018,7,1.9
V0342,12-Oct-2019,10,3.4
V0342,13-Aug-2018,4,3.8
V0342,13-Dec-2019,4,4.0
V0342,13-Jul-2019,6,3.9
V0342,13-Jun-2019,4,2.6
V0342,13-Oct-2018,4,3.2
V0342,13-Oct-2019,6,2.0
V0342,13-Sep-2019,4,2.4
V0342,14-Aug-2019,6,2.0
V0342,14-Jul-2019,2,2.6
V0342,14-Nov-2018,4,3.9
V0342,14-Nov-2019,2,2.6
V0342,14-Oct-2018,6,3.1
V0342,14-Oct-2019,2,2.8
V0342,14-Sep-2018,6,2.9
V0342,14-Sep-2019,2,4.1
V0342,15-Aug-2018,4,2.5
V0342,15-Aug-2019,10,3.3
V0342,15-Jun-2019,6,2.8
V0342,15-Nov-2018,5,1.9
V0342,15-Oct-2018,8,3.0
V0342,15-Sep-2018,14,3.8
V0342,15-Sep-2019,12,2.0
V0342,16-Aug-2018,6,2.0
V0342,16-Aug-2019,2,2.2
V0342,16-Jul-2019,4,3.6
V0342,16-Jun-2019,7,3.5
V0342,16-Nov-2018,6,3.2
V0342,16-Oct-2019,2,2.9
V0342,16-Sep-2018,10,3.9
V0342,16-Sep-2019,9,3.6
V0342,17-Aug-2018,14,3.7
V0342,17-Aug-2019,10,3.8
V0342,17-Jul-2019,2,3.3
V0342,17-Jun-2019,2,2.9
V0342,17-Nov-2019,5,3.9
V0342,17-Oct-2019,6,4.0
V0342,18-Aug-2018,2,1.9
V0342,18-Aug-2019,4,1.9
V0342,18-Jul-2019,2,4.1
V0342,18-Oct-2018,8,2.5
V0342,18-Oct-2019,15,3.9
V0342,18-Sep-2019,20,2.7
V0342,19-Aug-2019,2,2.1
V0342,19-Jul-2019,12,2.0
V0342,19-Jun-2019,4,2.2
V0342,19-May-2019,7,2.4
V0342,19-Oct-2018,10,3.0
V0342,19-Oct-2019,2,3.5
V0342,19-Sep-2018,11,4.2
V0342,19-Sep-2019,6,2.9
V0342,20-Aug-2018,2,3.0
V0342,20-Aug-2019,4,3.1
V0342,20-Jul-2019,4,3.1
V0342,20-Jun-2019,2,3.0
V0342,20-May-2019,2,1.8
V0342,20-Oct-2018,4,1.8
V0342,20-Oct-2019,4,2.0
V0342,20-Sep-2019,11,2.0
V0342,21-Aug-2019,8,3.5
V0342,21-Jun-2019,8,2.3
V0342,21-Nov-2018,2,3.9
V0342,21-Nov-2019,6,4.0
V0342,21-Oct-2018,8,4.1
V0342,21-Oct-2019,5,4.1
V0342,21-Sep-2018,2,2.5
V0342,21-Sep-2019,2,3.0
V0342,22-Aug-2019,4,2.2
V0342,22-Jun-2019,4,3.7
V0342,22-May-2019,4,3.9
V0342,22-Oct-2018,10,3.8
V0342,22-Sep-2018,8,2.8
V0342,22-Sep-2019,2,3.6
V0342,23-Oct-2019,6,2.0
V0342,23-Sep-2018,7,1.9
V0342,23-Sep-2019,2,3.6
V0342,24-Aug-2018,2,2.8
V0342,24-Jun-2019,4,4.2
V0342,24-May-2019,6,2.0
V0342,24-Oct-2019,2,3.9
V0342,24-Sep-2018,4,3.0
V0342,25-Aug-2018,5,3.8
V0342,25-Aug-2019,2,3.8
V0342,25-May-2019,4,4.0
V0342,25-Nov-2018,10,2.5
V0342,25-Oct-2019,7,4.1
V0342,25-Sep-2019,6,2.2
V0342,26-Aug-2018,28,2.0
V0342,26-Aug-2019,4,2.8
V0342,26-Jun-2019,6,3.8
V0342,26-May-2019,6,2.9
V0342,26-Oct-2019,2,3.8
V0342,26-Sep-2018,2,3.6
V0342,26-Sep-2019,2,2.3
V0342,27-Aug-2018,2,4.1
V0342,27-Jul-2018,2,1.9
V0342,27-May-2019,2,4.0
V0342,27-Oct-2019,13,2.5
V0342,27-Sep-2018,6,3.0
V0342,28-Jul-2018,2,2.8
V0342,28-Jul-2019,2,2.2
V0342,28-Jun-2019,17,2.7
V0342,28-Nov-2018,2,2.3
V0342,28-Oct-2018,12,2.3
V0342,28-Oct-2019,2,2.2
V0342,28-Sep-2018,5,3.0
V0342,28-Sep-2019,2,3.7
V0342,29-Aug-2019,2,3.2
V0342,29-Jul-2018,12,3.9
V0342,29-Jun-2019,4,3.3
V0342,29-May-2019,2,3.5
V0342,29-Nov-2018,2,3.4
V0342,29-Sep-2018,2,2.9
V0342,29-Sep-2019,4,3.5
V0342,30-Aug-2018,10,2.0
V0342,30-Aug-2019,4,3.9
V0342,30-Jun-2019,6,3.7
V0342,30-Oct-2018,2,2.4
V0342,30-Oct-2019,4,3.6
V0342,30-Sep-2018,10,1.8
V0342,30-Sep-2019,10,2.3
V0342,31-Aug-2018,20,2.0
V0342,31-Aug-2019,2,3.7
V0342,31-May-2019,7,3.6
V0342,31-Oct-2019,11,3.8
V0344,01-Jul-2019,4,1.8
V0344,01-Oct-2018,2,3.0
V0344,01-Oct-2019,2,3.5
V0344,02-Dec-2018,7,2.2
V0344,02-Jul-2019,1,3.4
V0344,02-Oct-2018,2,2.0
V0344,02-Oct-2019,4,2.2
V0344,02-Sep-2018,6,2.9
V0344,02-Sep-2019,7,3.4
V0344,03-Aug-2019,5,2.2
V0344,03-Dec-2018,12,2.2
V0344,03-Nov-2018,2,2.3
V0344,03-Oct-2019,5,2.4
V0344,03-Sep-2018,5,2.3
V0344,04-Aug-2019,4,2.7
V0344,04-Jun-2019,2,3.4
V0344,04-Nov-2018,7,2.9
V0344,04-Nov-2019,2,3.7
V0344,05-Aug-2018,3,3.5
V0344,05-Aug-2019,2,2.1
V0344,05-Jul-2019,2,1.9
V0344,05-Nov-2018,3,3.9
V0344,05-Nov-2019,2,2.0
V0344,05-Oct-2018,2,2.2
V0344,05-Oct-2019,2,1.9
V0344,06-Aug-2019,9,3.3
V0344,06-Oct-2018,8,3.2
V0344,06-Oct-2019,2,4.2
V0344,06-Sep-2018,4,3.9
V0344,07-Aug-2018,10,2.8
V0344,07-Dec-2018,2,2.7
V0344,07-Jul-2019,5,2.5
V0344,07-Oct-2019,5,2.2
V0344,08-Dec-2018,2,2.1
V0344,08-Jul-2019,11,2.1
V0344,08-Oct-2018,5,2.1
V0344,08-Oct-2019,2,2.4
V0344,08-Sep-2018,17,2.5
V0344,09-Aug-2018,2,4.1
V0344,09-Aug-2019,5,3.2
V0344,09-Dec-2018,3,4.2
V0344,09-Jul-2019,6,2.7
V0344,09-Jun-2019,6,2.9
V0344,09-Nov-2018,6,2.6
V0344,09-Oct-2018,2,2.2
V0344,09-Sep-2018,5,2.1
V0344,09-Sep-2019,6,4.1
V0344,10-Aug-2018,2,4.2
V0344,10-Dec-2018,9,1.9
V0344,10-Jun-2019,8,2.2
V0344,10-Nov-2018,3,2.8
V0344,10-Oct-2018,11,2.2
V0344,10-Sep-2018,6,2.7
V0344,10-Sep-2019,2,2.1
V0344,11-Aug-2018,2,2.9
V0344,11-Dec-2018,6,2.5
V0344,11-Jun-2019,3,2.6
V0344,11-Nov-2018,5,2.0
V0344,11-Sep-2018,6,2.8
V0344,12-Aug-2018,7,4.2
V0344,12-Aug-2019,5,2.6
V0344,12-Jul-2019,4,3.9
V0344,12-Nov-2018,2,3.8
V0344,12-Sep-2018,2,4.1
V0344,13-Aug-2018,8,3.7
V0344,13-Aug-2019,7,3.4
V0344,13-Jul-2019,4,3.9
V0344,13-Jun-2019,5,2.0
V0344,13-Nov-2018,8,2.9
V0344,13-Sep-2018,6,4.2
V0344,14-Aug-2018,2,3.6
V0344,14-Jul-2019,6,4.1
V0344,14-Jun-2019,5,3.7
V0344,14-Oct-2018,13,3.9
V0344,14-Oct-2019,4,3.5
V0344,15-Jul-2019,12,3.6
V0344,15-Jun-2019,11,3.1
V0344,15-Nov-2018,3,4.0
V0344,15-Oct-2018,11,3.8
V0344,16-Aug-2019,2,3.8
V0344,16-Jul-2019,4,3.4
V0344,16-Jun-2019,3,2.5
V0344,16-Sep-2018,3,1.9
V0344,16-Sep-2019,2,4.0
V0344,17-Aug-2018,3,3.2
V0344,17-Aug-2019,6,2.5
V0344,17-Jun-2019,11,2.2
V0344,17-Nov-2018,4,3.8
V0344,17-Sep-2018,3,3.8
V0344,17-Sep-2019,2,3.8
V0344,18-Aug-2019,10,3.3
V0344,18-Jun-2019,7,2.7
V0344,18-Nov-2018,8,2.5
V0344,18-Nov-2019,4,1.8
V0344,18-Sep-2018,8,3.8
V0344,19-Aug-2018,6,2.0
V0344,19-May-2019,7,3.3
V0344,19-Oct-2019,2,3.0
V0344,20-Aug-2018,2,3.1
V0344,20-Jul-2019,4,4.0
V0344,20-Jun-2019,2,1.9
V0344,20-May-2019,5,3.7
V0344,20-Oct-2018,2,1.9
V0344,21-Aug-2018,4,1.9
V0344,21-Jul-2019,16,2.8
V0344,21-Oct-2018,6,2.0
V0344,21-Oct-2019,3,3.7
V0344,22-Aug-2019,7,3.1
V0344,22-Nov-2018,7,1.9
V0344,23-Aug-2018,2,1.9
V0344,23-Nov-2018,5,3.3
V0344,23-Oct-2018,4,3.7
V0344,23-Sep-2019,6,2.9
V0344,24-Jul-2018,4,3.1
V0344,24-Jun-2019,6,3.7
V0344,24-May-2019,2,3.3
V0344,24-Sep-2019,2,2.3
V0344,25-Jul-2019,8,3.3
V0344,25-May-2019,2,3.3
V0344,25-Nov-2018,2,3.6
V0344,25-Oct-2018,6,3.3
V0344,26-Aug-2018,10,4.1
V0344,26-Jul-2018,4,2.3
V0344,26-Jul-2019,10,4.1
V0344,26-May-2019,4,3.1
V0344,26-Nov-2018,8,3.4
V0344,26-Oct-2018,5,2.0
V0344,26-Sep-2019,4,2.7
V0344,27-Aug-2018,9,3.6
V0344,27-Jul-2019,6,3.5
V0344,27-May-2019,2,1.9
V0344,27-Nov-2018,2,3.1
V0344,28-Aug-2018,2,2.0
V0344,28-May-2019,2,4.2
V0344,28-Sep-2018,2,4.0
V0344,29-Jul-2018,4,1.9
V0344,29-Jul-2019,7,3.9
V0344,29-Jun-2019,3,4.0
V0344,29-Nov-2018,4,2.6
V0344,29-Oct-2018,15,3.5
V0344,30-Aug-2018,2,2.9
V0344,30-Jul-2018,3,3.4
V0344,30-Nov-2018,2,2.6
V0344,30-Oct-2018,3,2.6
V0344,30-Sep-2019,4,2.8
V0344,31-Aug-2018,2,2.1
V0344,31-Aug-2019,2,3.8
V0344,31-Jul-2018,3,2.6
V0344,31-Jul-2019,2,2.8
V0346,01-Aug-2019,5,3.9
V0346,01-Jul-2019,6,3.0
V0346,01-Oct-2019,8,3.1
V0346,01-Sep-2019,29,4.1
V0346,02-Aug-2019,5,3.9
V0346,02-Oct-2019,14,2.2
V0346,02-Sep-2019,24,2.9
V0346,03-Aug-2019,2,4.1
V0346,03-Oct-2019,16,2.7
V0346,04-Aug-2019,24,2.7
V0346,04-Nov-2019,18,2.3
V0346,04-Oct-2019,18,2.1
V0346,04-Sep-2019,11,3.6
V0346,05-Aug-2019,22,3.6
V0346,05-Oct-2019,11,4.1
V0346,05-Sep-2019,9,3.7
V0346,06-Oct-2019,25,2.4
V0346,06-Sep-2019,15,1.9
V0346,07-Jul-2019,43,4.2
V0346,07-Nov-2019,9,2.6
V0346,07-Oct-2019,43,2.5
V0346,07-Sep-2019,17,4.0
V0346,08-Aug-2019,6,3.2
V0346,08-Jul-2019,44,2.3
V0346,08-Oct-2019,21,3.9
V0346,08-Sep-2019,22,4.2
V0346,09-Jul-2019,28,2.0
V0346,09-Nov-2019,15,3.9
V0346,09-Oct-2019,11,2.7
V0346,09-Sep-2019,22,3.1
V0346,10-Aug-2019,2,4.0
V0346,10-Jul-2019,9,4.1
V0346,10-Nov-2019,43,2.4
V0346,10-Oct-2019,29,2.3
V0346,11-Aug-2019,17,2.0
V0346,11-Jun-2019,2,3.1
V0346,11-Nov-2019,19,1.8
V0346,11-Oct-2019,34,2.8
V0346,12-Aug-2019,29,2.0
V0346,12-Jul-2019,8,2.8
V0346,12-Nov-2019,12,1.9
V0346,12-Oct-2019,24,3.8
V0346,12-Sep-2019,26,2.3
V0346,13-Aug-2019,9,2.6
V0346,13-Jul-2019,62,3.9
V0346,13-Nov-2019,2,3.6
V0346,13-Oct-2019,37,2.3
V0346,13-Sep-2019,9,2.0
V0346,14-Aug-2019,12,3.5
V0346,14-Jul-2019,27,2.7
V0346,14-Oct-2019,22,3.6
V0346,14-Sep-2019,11,2.9
V0346,15-Jul-2019,23,2.6
V0346,16-Jul-2019,15,2.9
V0346,16-Oct-2019,12,3.6
V0346,16-Sep-2019,11,4.0
V0346,17-Aug-2019,25,1.9
V0346,17-Jul-2019,13,3.1
V0346,17-Oct-2019,2,1.9
V0346,17-Sep-2019,16,2.9
V0346,18-Aug-2019,27,3.9
V0346,18-Jul-2019,34,2.7
V0346,18-Nov-2019,7,4.0
V0346,18-Sep-2019,4,3.3
V0346,19-Aug-2019,21,4.0
V0346,19-Jul-2019,36,3.6
V0346,19-Oct-2019,4,2.0
V0346,19-Sep-2019,19,2.4
V0346,20-Aug-2019,5,2.7
V0346,20-Jul-2019,44,2.2
V0346,20-Nov-2019,7,3.0
V0346,20-Oct-2019,38,2.9
V0346,20-Sep-2019,6,4.1
V0346,21-Aug-2019,4,2.8
V0346,21-Jul-2019,38,3.7
V0346,21-Nov-2019,8,4.1
V0346,21-Oct-2019,18,3.9
V0346,21-Sep-2019,8,2.3
V0346,22-Nov-2019,12,3.0
V0346,22-Oct-2019,14,2.6
V0346,22-Sep-2019,15,2.8
V0346,24-May-2019,6,2.7
V0346,24-Oct-2019,15,3.8
V0346,24-Sep-2019,4,2.9
V0346,25-Aug-2019,35,3.1
V0346,25-Oct-2019,18,4.2
V0346,25-Sep-2019,8,1.9
V0346,26-Jul-2019,9,3.0
V0346,26-May-2019,2,3.7
V0346,26-Oct-2019,6,2.2
V0346,26-Sep-2019,16,3.3
V0346,27-Aug-2019,4,2.4
V0346,27-Jul-2019,24,3.9
V0346,27-Oct-2019,39,2.6
V0346,27-Sep-2019,20,2.6
V0346,28-Aug-2019,2,3.2
V0346,28-Jul-2019,21,2.2
V0346,28-May-2019,2,2.5
V0346,28-Oct-2019,28,2.8
V0346,29-Aug-2019,8,2.6
V0346,29-Jul-2019,31,3.1
V0346,29-Oct-2019,4,3.2
V0346,29-Sep-2019,38,3.2
V0346,30-Aug-2019,6,3.4
V0346,30-Jul-2019,3,2.5
V0346,30-Sep-2019,34,2.1
V0346,31-Aug-2019,17,3.6
V0346,31-Oct-2019,4,3.8
V0347,01-Jul-2019,2,2.4
V0347,02-Aug-2019,15,2.8
V0347,02-Jun-2019,8,3.0
V0347,03-Aug-2019,7,3.1
V0347,03-Oct-2019,11,3.4
V0347,04-Aug-2019,2,1.9
V0347,04-Jul-2019,3,3.5
V0347,04-Oct-2019,2,1.9
V0347,05-Jun-2019,14,2.9
V0347,06-Jul-2019,2,3.8
V0347,06-Sep-2019,5,2.9
V0347,07-Oct-2019,2,2.2
V0347,07-Sep-2019,2,4.2
V0347,08-Jul-2019,3,3.9
V0347,08-Jun-2019,2,3.7
V0347,08-Oct-2019,10,2.8
V0347,08-Sep-2019,6,2.2
V0347,10-Nov-2019,7,4.1
V0347,10-Oct-2019,8,3.1
V0347,11-Aug-2019,3,3.8
V0347,11-Oct-2019,2,2.6
V0347,11-Sep-2019,4,2.6
V0347,12-Oct-2019,4,4.2
V0347,13-Jul-2019,17,3.1
V0347,13-Jun-2019,3,2.1
V0347,14-Jun-2019,2,2.3
V0347,15-Jul-2019,4,3.0
V0347,15-Sep-2019,12,1.9
V0347,17-Nov-2019,2,2.9
V0347,17-Oct-2019,14,2.8
V0347,18-Oct-2019,5,3.7
V0347,19-Aug-2019,6,2.7
V0347,20-Jul-2019,2,4.2
V0347,20-May-2019,3,2.2
V0347,21-Oct-2019,2,3.2
V0347,22-May-2019,5,2.0
V0347,22-Sep-2019,2,3.6
V0347,23-Oct-2019,3,4.2
V0347,23-Sep-2019,6,3.8
V0347,24-Jun-2019,7,3.1
V0347,24-May-2019,4,3.0
V0347,25-Aug-2019,2,3.8
V0347,25-Sep-2019,8,4.0
V0347,26-Aug-2019,16,4.2
V0347,26-May-2019,3,2.8
V0347,26-Oct-2019,10,4.2
V0347,26-Sep-2019,3,2.2
V0347,27-Jul-2019,5,2.4
V0347,27-Oct-2019,20,2.0
V0347,28-Aug-2019,4,2.5
V0347,28-Oct-2019,11,3.6
V0347,29-Sep-2019,3,3.8
V0347,30-Jul-2019,8,3.7
V0347,30-Jun-2019,10,3.3
V0347,30-Sep-2019,3,3.0
V0348,01-Sep-2019,7,3.5
V0348,03-Nov-2019,20,2.7
V0348,04-Aug-2019,15,3.8
V0348,04-Jul-2019,4,3.4
V0348,04-Sep-2019,2,3.5
V0348,05-Dec-2019,12,3.1
V0348,06-Dec-2019,11,3.9
V0348,07-Jul-2019,10,2.4
V0348,08-Jun-2019,15,2.7
V0348,09-Nov-2019,4,3.7
V0348,10-Jul-2019,14,3.0
V0348,10-Oct-2019,19,3.9
V0348,11-Aug-2019,4,2.6
V0348,11-Oct-2019,8,2.7
V0348,12-Jul-2019,4,3.9
V0348,13-Jul-2019,12,2.9
V0348,13-Jun-2019,5,3.0
V0348,14-Jul-2019,4,2.6
V0348,15-Aug-2019,4,2.5
V0348,15-Sep-2019,10,3.4
V0348,16-Jun-2019,6,2.1
V0348,17-Aug-2019,6,3.9
V0348,17-Jul-2019,12,3.7
V0348,17-Jun-2019,10,2.3
V0348,18-Aug-2019,7,3.5
V0348,19-Jul-2019,12,3.2
V0348,19-Jun-2019,15,2.2
V0348,22-Sep-2019,3,2.5
V0348,23-Jun-2019,18,2.8
V0348,24-Aug-2019,7,3.5
V0348,24-Jun-2019,15,3.3
V0348,27-Oct-2019,7,3.1
V0348,27-Sep-2019,4,3.6
V0348,30-Jun-2019,10,3.6
V0348,31-Aug-2019,11,3.3
V0350,01-Aug-2018,22,3.7
V0350,01-Aug-2019,2,2.6
V0350,01-Jul-2019,37,3.9
V0350,01-Jun-2019,14,3.3
V0350,01-Nov-2018,14,3.8
V0350,01-Nov-2019,16,3.1
V0350,01-Oct-2018,33,2.3
V0350,01-Oct-2019,23,3.1
V0350,01-Sep-2019,22,2.7
V0350,02-Aug-2018,7,3.5
V0350,02-Aug-2019,7,2.9
V0350,02-Dec-2019,4,3.8
V0350,02-Jul-2019,16,3.4
V0350,02-Jun-2019,12,3.4
V0350,02-Nov-2018,20,2.3
V0350,02-Nov-2019,12,4.2
V0350,02-Oct-2018,11,3.8
V0350,02-Sep-2018,18,3.7
V0350,02-Sep-2019,40,2.6
V0350,03-Aug-2018,19,3.1
V0350,03-Aug-2019,14,2.1
V0350,03-Dec-2019,4,3.1
V0350,03-Jun-2019,24,2.2
V0350,03-Nov-2018,17,3.1
V0350,03-Nov-2019,14,3.4
V0350,03-Oct-2018,18,2.7
V0350,03-Oct-2019,14,3.0
V0350,03-Sep-2018,13,3.9
V0350,03-Sep-2019,23,2.1
V0350,04-Aug-2019,16,3.7
V0350,04-Jul-2019,10,2.2
V0350,04-Jun-2019,18,1.9
V0350,04-Nov-2018,9,2.2
V0350,04-Nov-2019,27,3.6
V0350,04-Oct-2018,21,2.8
V0350,04-Oct-2019,22,3.9
V0350,04-Sep-2018,8,3.1
V0350,05-Aug-2018,3,1.9
V0350,05-Aug-2019,24,3.5
V0350,05-Dec-2019,2,2.1
V0350,05-Jul-2019,16,3.7
V0350,05-Nov-2018,27,2.2
V0350,05-Nov-2019,18,2.6
V0350,05-Oct-2018,19,3.6
V0350,05-Oct-2019,10,4.1
V0350,05-Sep-2018,22,2.7
V0350,05-Sep-2019,17,3.8
V0350,06-Aug-2018,4,2.3
V0350,06-Aug-2019,16,3.7
V0350,06-Jul-2019,14,3.4
V0350,06-Jun-2019,7,2.3
V0350,06-Nov-2018,16,2.5
V0350,06-Oct-2019,16,2.1
V0350,06-Sep-2018,8,2.7
V0350,06-Sep-2019,15,2.3
V0350,07-Aug-2018,16,3.3
V0350,07-Jul-2019,8,4.2
V0350,07-Jun-2019,4,1.8
V0350,07-Nov-2019,15,3.1
V0350,07-Oct-2018,23,3.2
V0350,07-Oct-2019,26,4.0
V0350,07-Sep-2018,18,3.0
V0350,07-Sep-2019,10,3.1
V0350,08-Aug-2018,10,2.9
V0350,08-Aug-2019,16,2.4
V0350,08-Jul-2019,38,1.9
V0350,08-Jun-2019,16,2.8
V0350,08-Nov-2018,14,1.9
V0350,08-Nov-2019,26,3.1
V0350,08-Oct-2018,34,2.5
V0350,08-Oct-2019,21,3.1
V0350,08-Sep-2019,18,2.1
V0350,09-Aug-2018,3,4.0
V0350,09-Aug-2019,17,3.9
V0350,09-Jul-2019,38,2.3
V0350,09-Jun-2019,27,2.6
V0350,09-Nov-2018,19,3.3
V0350,09-Nov-2019,11,2.0
V0350,09-Oct-2018,32,2.7
V0350,09-Oct-2019,16,2.4
V0350,09-Sep-2018,25,4.0
V0350,09-Sep-2019,33,3.8
V0350,10-Aug-2018,9,3.2
V0350,10-Aug-2019,7,3.0
V0350,10-Jun-2019,17,4.0
V0350,10-Nov-2018,12,4.0
V0350,10-Nov-2019,14,4.1
V0350,10-Oct-2018,23,2.1
V0350,10-Oct-2019,26,2.2
V0350,10-Sep-2018,23,3.4
V0350,10-Sep-2019,23,3.1
V0350,11-Aug-2019,10,1.8
V0350,11-Jul-2019,19,1.9
V0350,11-Jun-2019,24,3.9
V0350,11-Nov-2018,25,3.9
V0350,11-Nov-2019,24,2.7
V0350,11-Oct-2018,9,3.9
V0350,11-Oct-2019,27,3.2
V0350,11-Sep-2018,16,3.7
V0350,12-Aug-2018,23,2.8
V0350,12-Aug-2019,22,2.1
V0350,12-Jul-2019,28,2.8
V0350,12-Nov-2018,17,2.9
V0350,12-Nov-2019,10,3.1
V0350,12-Oct-2018,10,2.1
V0350,12-Oct-2019,9,4.2
V0350,12-Sep-2018,8,2.4
V0350,12-Sep-2019,12,2.3
V0350,13-Aug-2018,16,3.1
V0350,13-Aug-2019,29,3.1
V0350,13-Jul-2019,28,2.9
V0350,13-Jun-2019,22,3.7
V0350,13-Nov-2018,4,3.0
V0350,13-Oct-2019,27,3.3
V0350,13-Sep-2018,16,3.5
V0350,13-Sep-2019,17,1.9
V0350,14-Aug-2018,23,3.2
V0350,14-Jul-2019,35,3.9
V0350,14-Jun-2019,21,1.8
V0350,14-Nov-2019,10,2.8
V0350,14-Oct-2018,23,4.0
V0350,14-Oct-2019,22,2.6
V0350,14-Sep-2018,7,2.9
V0350,14-Sep-2019,13,4.2
V0350,15-Aug-2018,5,2.3
V0350,15-Aug-2019,18,2.0
V0350,15-Jul-2019,20,3.9
V0350,15-Jun-2019,16,3.9
V0350,15-Nov-2018,12,2.9
V0350,15-Nov-2019,4,3.0
V0350,15-Oct-2018,33,3.8
V0350,15-Sep-2019,20,3.6
V0350,16-Aug-2018,12,2.4
V0350,16-Aug-2019,14,1.8
V0350,16-Jul-2019,22,3.0
V0350,16-Jun-2019,4,3.9
V0350,16-Nov-2018,14,4.0
V0350,16-Oct-2018,34,4.1
V0350,16-Sep-2018,6,3.9
V0350,16-Sep-2019,27,3.2
V0350,17-Aug-2018,2,2.9
V0350,17-Aug-2019,7,3.7
V0350,17-Jun-2019,31,3.6
V0350,17-Nov-2018,26,3.1
V0350,17-Nov-2019,7,2.0
V0350,17-Oct-2018,33,4.0
V0350,17-Oct-2019,24,2.9
V0350,17-Sep-2018,26,2.7
V0350,17-Sep-2019,13,3.3
V0350,18-Aug-2019,33,3.4
V0350,18-Jul-2019,14,2.3
V0350,18-Jun-2019,29,3.8
V0350,18-May-2019,17,2.5
V0350,18-Nov-2018,31,2.2
V0350,18-Nov-2019,9,2.8
V0350,18-Oct-2018,29,3.6
V0350,18-Oct-2019,15,4.1
V0350,18-Sep-2018,15,3.7
V0350,19-Aug-2018,15,4.1
V0350,19-Aug-2019,32,2.1
V0350,19-Jul-2019,22,2.0
V0350,19-May-2019,25,3.1
V0350,19-Nov-2018,33,2.5
V0350,19-Nov-2019,4,3.8
V0350,19-Oct-2018,10,3.4
V0350,19-Oct-2019,10,4.1
V0350,19-Sep-2018,19,2.4
V0350,19-Sep-2019,20,3.0
V0350,20-Aug-2018,16,3.0
V0350,20-Aug-2019,2,2.4
V0350,20-Jul-2019,15,3.2
V0350,20-Jun-2019,14,2.9
V0350,20-May-2019,25,2.9
V0350,20-Nov-2018,21,2.7
V0350,20-Oct-2019,9,1.8
V0350,20-Sep-2018,15,3.1
V0350,20-Sep-2019,17,2.6
V0350,21-Aug-2018,20,1.8
V0350,21-Jul-2019,28,2.5
V0350,21-Jun-2019,14,2.5
V0350,21-May-2019,21,2.7
V0350,21-Oct-2018,10,2.1
V0350,21-Oct-2019,20,3.0
V0350,21-Sep-2018,23,3.5
V0350,21-Sep-2019,16,3.3
V0350,22-Aug-2018,6,3.7
V0350,22-Aug-2019,13,2.9
V0350,22-Jun-2019,7,3.0
V0350,22-Nov-2018,27,3.7
V0350,22-Nov-2019,2,2.8
V0350,22-Oct-2018,18,3.5
V0350,22-Oct-2019,22,2.8
V0350,22-Sep-2019,15,2.8
V0350,23-Aug-2018,9,3.6
V0350,23-Aug-2019,2,2.2
V0350,23-Jun-2019,13,2.6
V0350,23-May-2019,8,2.3
V0350,23-Nov-2018,22,2.7
V0350,23-Nov-2019,3,2.4
V0350,23-Oct-2018,13,3.2
V0350,23-Sep-2018,5,3.7
V0350,23-Sep-2019,34,3.7
V0350,24-Aug-2018,5,2.7
V0350,24-Aug-2019,12,4.2
V0350,24-Jun-2019,22,3.2
V0350,24-May-2019,17,2.8
V0350,24-Nov-2018,12,3.8
V0350,24-Oct-2019,12,3.6
V0350,24-Sep-2018,16,3.6
V0350,24-Sep-2019,21,2.3
V0350,25-Aug-2019,16,2.9
V0350,25-Jul-2018,5,3.9
V0350,25-Jun-2019,19,3.0
V0350,25-May-2019,18,3.4
V0350,25-Nov-2018,24,3.2
V0350,25-Nov-2019,15,3.8
V0350,25-Oct-2018,5,2.5
V0350,25-Sep-2018,13,3.2
V0350,26-Aug-2018,25,2.1
V0350,26-Aug-2019,34,3.5
V0350,26-Jul-2018,8,3.6
V0350,26-Jul-2019,29,1.9
V0350,26-May-2019,12,3.4
V0350,26-Nov-2018,28,2.8
V0350,26-Oct-2019,19,2.1
V0350,26-Sep-2018,20,2.8
V0350,26-Sep-2019,16,2.3
V0350,27-Aug-2018,20,2.8
V0350,27-Aug-2019,27,2.7
V0350,27-Jul-2018,5,3.6
V0350,27-Jul-2019,23,3.7
V0350,27-Jun-2019,8,3.3
V0350,27-May-2019,31,1.9
V0350,27-Nov-2018,25,4.0
V0350,27-Oct-2018,2,3.4
V0350,27-Oct-2019,14,1.9
V0350,27-Sep-2018,13,3.8
V0350,27-Sep-2019,7,2.3
V0350,28-Aug-2018,24,3.2
V0350,28-Jul-2019,12,2.9
V0350,28-Jun-2019,9,2.8
V0350,28-May-2019,11,3.9
V0350,28-Oct-2018,15,2.8
V0350,28-Oct-2019,23,2.0
V0350,28-Sep-2018,16,4.1
V0350,28-Sep-2019,20,4.0
V0350,29-Aug-2018,10,3.4
V0350,29-Aug-2019,12,2.9
V0350,29-Jul-2018,12,2.0
V0350,29-Jul-2019,14,3.7
V0350,29-Jun-2019,21,2.0
V0350,29-Nov-2019,7,2.0
V0350,29-Oct-2018,40,3.1
V0350,29-Oct-2019,12,2.2
V0350,29-Sep-2019,7,1.8
V0350,30-Aug-2018,15,2.8
V0350,30-Aug-2019,16,2.1
V0350,30-Jul-2018,17,2.2
V0350,30-Jul-2019,20,2.0
V0350,30-Jun-2019,13,2.3
V0350,30-May-2019,18,3.5
V0350,30-Oct-2018,18,3.7
V0350,30-Sep-2018,19,2.9
V0350,30-Sep-2019,13,3.0
V0350,31-Aug-2018,31,1.9
V0350,31-Aug-2019,15,2.0
V0350,31-Jul-2018,9,2.4
V0350,31-Jul-2019,5,3.1
V0350,31-May-2019,11,3.6
V0350,31-Oct-2019,14,3.3
V0355,01-Aug-2019,3,2.7
V0355,01-Jul-2019,5,2.1
V0355,01-Jun-2019,7,3.7
V0355,01-Nov-2019,10,2.7
V0355,01-Sep-2019,7,3.6
V0355,02-Dec-2019,3,3.0
V0355,02-Jun-2019,7,3.6
V0355,02-Nov-2019,8,4.0
V0355,02-Oct-2019,1,4.0
V0355,03-Jul-2019,8,3.1
V0355,03-Jun-2019,2,3.0
V0355,03-Nov-2019,8,2.4
V0355,03-Oct-2019,5,4.0
V0355,04-Jul-2019,3,2.9
V0355,04-Nov-2019,5,2.1
V0355,04-Oct-2019,8,2.8
V0355,04-Sep-2019,2,2.1
V0355,05-Jul-2019,8,3.0
V0355,05-Jun-2019,2,3.1
V0355,05-Oct-2019,3,2.6
V0355,05-Sep-2019,5,2.0
V0355,06-Jul-2019,6,4.1
V0355,06-Nov-2019,9,3.7
V0355,06-Oct-2019,4,3.8
V0355,06-Sep-2019,2,2.7
V0355,07-Aug-2019,8,3.6
V0355,07-Jul-2019,9,3.0
V0355,07-Jun-2019,9,2.3
V0355,07-Nov-2019,7,2.1
V0355,07-Oct-2019,3,2.6
V0355,07-Sep-2019,8,2.1
V0355,08-Aug-2019,10,4.2
V0355,08-Jul-2019,17,1.9
V0355,08-Jun-2019,4,2.9
V0355,08-Nov-2019,7,2.9
V0355,08-Sep-2019,10,2.5
V0355,09-Aug-2019,6,3.2
V0355,09-Jun-2019,7,2.2
V0355,09-Nov-2019,1,3.7
V0355,09-Sep-2019,12,2.6
V0355,10-Aug-2019,5,3.2
V0355,10-Jul-2019,9,3.5
V0355,10-Jun-2019,11,3.9
V0355,10-Nov-2019,7,3.8
V0355,10-Oct-2019,2,3.3
V0355,11-Aug-2019,5,2.7
V0355,11-Jul-2019,5,3.0
V0355,11-Nov-2019,4,3.6
V0355,11-Oct-2019,4,3.9
V0355,11-Sep-2019,8,2.0
V0355,12-Aug-2019,10,2.7
V0355,12-Jul-2019,2,3.7
V0355,12-Jun-2019,4,2.8
V0355,12-Oct-2019,12,2.6
V0355,12-Sep-2019,4,2.8
V0355,13-Jul-2019,6,3.2
V0355,13-Nov-2019,10,4.2
V0355,13-Oct-2019,2,3.0
V0355,13-Sep-2019,8,2.3
V0355,14-Aug-2019,1,2.2
V0355,14-Jul-2019,9,1.9
V0355,14-Nov-2019,2,3.1
V0355,14-Oct-2019,6,3.1
V0355,14-Sep-2019,2,2.3
V0355,15-Aug-2019,5,3.5
V0355,15-Jul-2019,14,3.6
V0355,15-Jun-2019,4,2.4
V0355,15-Sep-2019,4,2.6
V0355,16-Aug-2019,1,4.2
V0355,16-Jun-2019,4,2.7
V0355,16-Oct-2019,9,3.6
V0355,16-Sep-2019,2,2.9
V0355,17-Aug-2019,1,3.7
V0355,17-Jul-2019,13,3.6
V0355,17-Jun-2019,7,3.4
V0355,17-Nov-2019,3,3.9
V0355,17-Oct-2019,4,4.1
V0355,18-Aug-2019,4,3.2
V0355,18-Jul-2019,7,2.4
V0355,18-May-2019,3,2.8
V0355,18-Oct-2019,8,3.6
V0355,19-Aug-2019,9,3.4
V0355,19-Jul-2019,12,2.2
V0355,19-Jun-2019,6,1.9
V0355,19-May-2019,6,3.4
V0355,19-Oct-2019,4,2.4
V0355,20-Jul-2019,13,3.0
V0355,20-Jun-2019,12,3.6
V0355,20-May-2019,13,3.2
V0355,20-Oct-2019,10,2.0
V0355,20-Sep-2019,4,2.2
V0355,21-Aug-2019,6,2.3
V0355,21-Jul-2019,10,2.4
V0355,21-Jun-2019,2,3.2
V0355,21-Oct-2019,7,3.0
V0355,21-Sep-2019,10,2.3
V0355,22-Aug-2019,9,2.0
V0355,22-Jun-2019,4,2.2
V0355,22-May-2019,4,4.2
V0355,22-Sep-2019,6,2.9
V0355,23-Aug-2019,10,3.9
V0355,23-Jun-2019,8,3.8
V0355,23-May-2019,9,3.0
V0355,23-Oct-2019,3,3.5
V0355,23-Sep-2019,9,2.3
V0355,24-Jun-2019,4,3.5
V0355,24-May-2019,9,2.5
V0355,24-Oct-2019,2,3.8
V0355,25-Aug-2019,2,2.0
V0355,25-Oct-2019,2,3.7
V0355,25-Sep-2019,11,2.0
V0355,26-Aug-2019,10,3.9
V0355,26-Jun-2019,4,2.5
V0355,26-May-2019,6,3.4
V0355,26-Oct-2019,6,3.0
V0355,26-Sep-2019,2,2.7
V0355,27-Jul-2019,5,3.3
V0355,27-Jun-2019,9,4.1
V0355,27-May-2019,3,1.9
V0355,27-Oct-2019,8,4.0
V0355,27-Sep-2019,2,3.3
V0355,28-Aug-2019,6,3.7
V0355,28-Oct-2019,9,2.7
V0355,28-Sep-2019,14,2.9
V0355,29-Jul-2019,4,3.9
V0355,29-Jun-2019,8,2.8
V0355,29-May-2019,6,3.1
V0355,29-Sep-2019,2,1.8
V0355,30-Aug-2019,3,2.2
V0355,30-Jun-2019,14,3.3
V0355,30-May-2019,2,3.5
V0355,30-Oct-2019,3,3.2
V0355,30-Sep-2019,7,2.1
V0355,31-May-2019,2,2.9
V0355,31-Oct-2019,2,2.7
V0356,01-Jul-2019,41,3.0
V0356,01-Jun-2019,5,3.9
V0356,01-Nov-2019,25,3.7
V0356,01-Oct-2019,6,2.0
V0356,01-Sep-2019,22,3.9
V0356,02-Aug-2019,35,2.9
V0356,02-Jul-2019,4,3.6
V0356,02-Jun-2019,28,2.1
V0356,02-Nov-2019,31,3.4
V0356,02-Oct-2019,7,2.4
V0356,02-Sep-2019,39,2.9
V0356,03-Aug-2019,11,1.8
V0356,03-Jul-2019,24,2.2
V0356,03-Jun-2019,36,2.0
V0356,03-Nov-2019,7,2.4
V0356,03-Oct-2019,14,2.0
V0356,03-Sep-2019,8,3.5
V0356,04-Aug-2019,21,1.9
V0356,04-Oct-2019,2,3.3
V0356,04-Sep-2019,25,2.1
V0356,05-Jul-2019,27,4.1
V0356,05-Jun-2019,28,4.0
V0356,05-Oct-2019,8,2.3
V0356,05-Sep-2019,5,3.3
V0356,06-Jul-2019,44,1.9
V0356,06-Nov-2019,3,4.0
V0356,06-Oct-2019,9,3.1
V0356,06-Sep-2019,9,1.9
V0356,07-Aug-2019,6,2.6
V0356,07-Dec-2019,36,2.0
V0356,07-Jul-2019,26,2.7
V0356,07-Jun-2019,6,3.4
V0356,07-Nov-2019,43,2.9
V0356,07-Sep-2019,18,2.7
V0356,08-Aug-2019,14,2.1
V0356,08-Jul-2019,50,2.4
V0356,08-Jun-2019,2,2.0
V0356,08-Nov-2019,36,3.7
V0356,08-Oct-2019,30,2.1
V0356,08-Sep-2019,37,3.2
V0356,09-Jul-2019,56,2.6
V0356,09-Jun-2019,25,2.3
V0356,09-Nov-2019,18,3.3
V0356,09-Oct-2019,11,2.9
V0356,09-Sep-2019,14,2.8
V0356,10-Aug-2019,28,3.2
V0356,10-Jul-2019,43,3.0
V0356,10-Jun-2019,12,2.5
V0356,10-Nov-2019,11,3.1
V0356,10-Oct-2019,2,3.4
V0356,10-Sep-2019,26,1.9
V0356,11-Aug-2019,25,2.9
V0356,11-Jul-2019,40,1.9
V0356,11-Jun-2019,6,2.2
V0356,11-Nov-2019,7,3.1
V0356,11-Oct-2019,9,3.9
V0356,11-Sep-2019,5,3.9
V0356,12-Aug-2019,20,2.0
V0356,12-Jul-2019,31,2.8
V0356,12-Jun-2019,29,3.2
V0356,12-Oct-2019,14,2.2
V0356,12-Sep-2019,25,3.6
V0356,13-Jul-2019,92,3.6
V0356,13-Jun-2019,38,4.0
V0356,13-Oct-2019,22,1.8
V0356,14-Aug-2019,15,2.3
V0356,14-Oct-2019,19,3.8
V0356,14-Sep-2019,17,3.4
V0356,15-Aug-2019,3,3.9
V0356,15-Jul-2019,2,1.9
V0356,15-Jun-2019,20,3.2
V0356,15-Nov-2019,22,3.2
V0356,15-Oct-2019,80,1.9
V0356,15-Sep-2019,33,3.0
V0356,16-Aug-2019,26,3.3
V0356,16-Dec-2019,14,2.3
V0356,16-Jul-2019,5,2.5
V0356,16-Jun-2019,27,3.3
V0356,16-Nov-2019,33,2.9
V0356,16-Oct-2019,8,3.9
V0356,16-Sep-2019,30,2.6
V0356,17-Jul-2019,16,2.4
V0356,17-Jun-2019,7,4.2
V0356,17-Nov-2019,5,4.0
V0356,17-Oct-2019,20,1.9
V0356,17-Sep-2019,10,3.6
V0356,18-Aug-2019,6,2.1
V0356,18-Jul-2019,28,1.9
V0356,18-Jun-2019,6,2.5
V0356,18-May-2019,12,2.4
V0356,18-Nov-2019,18,3.8
V0356,18-Oct-2019,26,3.5
V0356,18-Sep-2019,3,4.2
V0356,19-Aug-2019,26,3.5
V0356,19-Jul-2019,39,2.8
V0356,19-Jun-2019,33,3.5
V0356,19-May-2019,18,4.2
V0356,19-Oct-2019,13,3.5
V0356,19-Sep-2019,19,3.6
V0356,20-Aug-2019,9,4.1
V0356,20-Jul-2019,25,2.1
V0356,20-Jun-2019,9,3.5
V0356,20-May-2019,33,3.8
V0356,20-Oct-2019,51,4.1
V0356,20-Sep-2019,29,2.3
V0356,21-Aug-2019,9,3.0
V0356,21-Jul-2019,20,3.4
V0356,21-Jun-2019,6,2.4
V0356,21-Sep-2019,18,3.2
V0356,22-Aug-2019,9,2.4
V0356,22-Jun-2019,8,2.6
V0356,22-May-2019,21,2.9
V0356,22-Nov-2019,3,3.1
V0356,22-Sep-2019,31,2.9
V0356,23-Aug-2019,5,3.0
V0356,23-Jun-2019,43,2.5
V0356,23-May-2019,10,2.2
V0356,23-Oct-2019,37,1.9
V0356,24-Aug-2019,23,2.3
V0356,24-May-2019,12,3.2
V0356,24-Oct-2019,30,3.7
V0356,25-Aug-2019,4,2.2
V0356,25-Jun-2019,2,2.1
V0356,25-May-2019,43,3.6
V0356,25-Sep-2019,12,2.5
V0356,26-Aug-2019,12,4.1
V0356,26-Jul-2019,6,3.5
V0356,26-Jun-2019,7,2.6
V0356,26-May-2019,24,2.5
V0356,26-Oct-2019,22,3.1
V0356,26-Sep-2019,12,2.0
V0356,27-Aug-2019,10,2.1
V0356,27-Jul-2019,9,2.2
V0356,27-Jun-2019,36,3.7
V0356,27-May-2019,16,3.0
V0356,27-Oct-2019,58,1.8
V0356,27-Sep-2019,12,3.4
V0356,28-Aug-2019,11,2.8
V0356,28-Jul-2019,28,3.0
V0356,28-May-2019,10,2.3
V0356,28-Sep-2019,9,3.1
V0356,29-Aug-2019,3,4.1
V0356,29-Jul-2019,76,2.0
V0356,29-Jun-2019,28,2.5
V0356,29-Nov-2019,17,2.4
V0356,29-Oct-2019,10,2.4
V0356,29-Sep-2019,41,2.7
V0356,30-Aug-2019,15,3.8
V0356,30-Jul-2019,19,4.0
V0356,30-Jun-2019,10,2.3
V0356,30-Nov-2019,13,3.1
V0356,30-Oct-2019,21,3.3
V0356,30-Sep-2019,9,3.1
V0356,31-May-2019,27,2.8
V0356,31-Oct-2019,26,2.3
V0358,02-Sep-2019,5,3.0
V0358,05-Aug-2019,13,2.8
V0358,07-Oct-2018,2,3.7
V0358,09-Jun-2019,13,3.6
V0358,10-Jul-2019,9,2.1
V0358,10-Nov-2019,10,2.0
V0358,11-Jul-2019,3,4.0
V0358,11-Oct-2019,3,3.1
V0358,14-Oct-2019,2,3.9
V0358,15-Jun-2019,6,1.9
V0358,15-Sep-2019,5,3.1
V0358,21-Sep-2019,3,3.1
V0358,23-Aug-2019,2,3.9
V0358,23-Jun-2019,2,2.0
V0358,27-Aug-2019,12,2.4
V0358,27-May-2019,5,2.8
V0358,27-Oct-2019,3,3.9
V0358,28-Jul-2019,3,4.1
V0358,29-Jul-2019,14,4.2
V0358,30-Aug-2019,2,4.1
V0358,30-Sep-2018,7,1.8
V0358,31-Aug-2019,2,1.9
V0360,01-Jul-2019,24,2.2
V0360,01-Nov-2019,11,2.6
V0360,01-Oct-2019,31,3.8
V0360,02-Aug-2019,3,3.9
V0360,02-Jul-2019,30,2.2
V0360,02-Jun-2019,11,3.3
V0360,02-Sep-2019,9,4.0
V0360,03-Jul-2019,16,2.9
V0360,03-Jun-2019,17,2.0
V0360,03-Nov-2019,41,2.9
V0360,03-Sep-2019,56,2.7
V0360,04-Aug-2019,3,3.2
V0360,04-Jul-2019,4,2.9
V0360,04-Jun-2019,11,1.8
V0360,04-Nov-2019,11,4.2
V0360,05-Aug-2019,19,3.1
V0360,05-Nov-2019,30,2.9
V0360,05-Oct-2019,2,4.1
V0360,05-Sep-2019,5,2.2
V0360,06-Aug-2019,15,2.3
V0360,06-Jul-2019,4,3.7
V0360,06-Jun-2019,1,2.4
V0360,06-Oct-2019,10,3.7
V0360,06-Sep-2019,4,2.5
V0360,07-Aug-2019,4,1.9
V0360,07-Jul-2019,33,3.0
V0360,07-Jun-2019,16,2.3
V0360,07-Nov-2019,5,3.6
V0360,07-Oct-2019,13,3.3
V0360,07-Sep-2019,22,4.0
V0360,08-Aug-2019,2,3.7
V0360,08-Jul-2019,55,2.2
V0360,08-Jun-2019,1,3.7
V0360,08-Nov-2019,12,3.3
V0360,08-Oct-2019,56,3.4
V0360,08-Sep-2019,8,3.8
V0360,09-Aug-2019,5,3.2
V0360,09-Dec-2019,8,2.9
V0360,09-Jul-2019,56,3.3
V0360,09-Jun-2019,11,2.5
V0360,09-Nov-2019,50,2.2
V0360,09-Oct-2019,31,3.3
V0360,09-Sep-2019,20,2.4
V0360,10-Aug-2019,4,2.0
V0360,10-Jul-2019,20,1.8
V0360,10-Jun-2019,5,3.3
V0360,10-Nov-2019,23,2.7
V0360,10-Sep-2019,25,3.6
V0360,11-Jul-2019,4,2.7
V0360,11-Jun-2019,14,3.0
V0360,11-Nov-2019,24,2.8
V0360,11-Oct-2019,2,3.4
V0360,12-Aug-2019,49,2.7
V0360,12-Jul-2019,29,4.1
V0360,12-Jun-2019,5,4.0
V0360,12-Nov-2019,26,3.8
V0360,12-Oct-2019,5,4.0
V0360,12-Sep-2019,11,2.9
V0360,13-Aug-2019,32,3.1
V0360,13-Jul-2019,33,3.6
V0360,13-Nov-2019,14,3.5
V0360,14-Aug-2019,6,3.9
V0360,14-Jul-2019,19,3.5
V0360,14-Jun-2019,11,4.2
V0360,14-Oct-2019,45,2.6
V0360,14-Sep-2019,15,3.8
V0360,15-Aug-2019,16,3.5
V0360,15-Jul-2019,16,3.5
V0360,15-Jun-2019,8,2.6
V0360,15-Nov-2019,7,3.7
V0360,15-Sep-2019,18,4.0
V0360,16-Aug-2019,3,2.3
V0360,16-Jul-2019,25,3.3
V0360,16-Jun-2019,2,2.7
V0360,16-Sep-2019,19,4.2
V0360,17-Jun-2019,17,2.9
V0360,17-Nov-2019,31,2.3
V0360,17-Oct-2019,4,2.7
V0360,17-Sep-2019,11,3.4
V0360,18-Jul-2019,17,2.0
V0360,18-Jun-2019,14,3.2
V0360,18-May-2019,2,4.0
V0360,18-Nov-2019,2,3.8
V0360,18-Sep-2019,12,2.0
V0360,19-Aug-2019,38,4.2
V0360,19-Jul-2019,29,3.5
V0360,19-May-2019,16,2.2
V0360,19-Nov-2019,8,1.8
V0360,20-Aug-2019,28,2.2
V0360,20-Jul-2019,15,3.8
V0360,20-Jun-2019,27,1.9
V0360,20-May-2019,14,2.4
V0360,20-Oct-2019,13,3.6
V0360,20-Sep-2019,7,3.2
V0360,21-May-2019,47,3.7
V0360,21-Oct-2019,24,3.6
V0360,21-Sep-2019,7,1.9
V0360,22-Aug-2019,2,3.9
V0360,22-May-2019,3,2.3
V0360,22-Oct-2019,3,3.1
V0360,22-Sep-2019,9,3.3
V0360,23-Aug-2019,4,2.2
V0360,23-Jun-2019,13,4.1
V0360,23-May-2019,6,3.0
V0360,23-Sep-2019,3,1.9
V0360,24-Aug-2019,22,4.0
V0360,24-Jun-2019,40,3.2
V0360,24-May-2019,4,3.5
V0360,24-Sep-2019,7,3.1
V0360,25-Aug-2019,23,3.8
V0360,25-Jun-2019,6,1.9
V0360,25-Nov-2019,9,2.4
V0360,25-Sep-2019,16,2.9
V0360,26-Aug-2019,39,2.0
V0360,26-May-2019,25,3.5
V0360,27-Aug-2019,12,2.7
V0360,27-May-2019,19,2.5
V0360,27-Oct-2019,11,1.8
V0360,27-Sep-2019,2,3.5
V0360,28-Aug-2019,2,3.8
V0360,28-Jul-2019,3,2.7
V0360,28-May-2019,2,3.2
V0360,28-Oct-2019,6,2.3
V0360,29-Jul-2019,17,3.3
V0360,29-Oct-2019,28,1.8
V0360,29-Sep-2019,4,3.0
V0360,30-Aug-2019,8,3.3
V0360,30-Jul-2019,7,4.0
V0360,30-Sep-2019,25,2.7
V0360,31-Jul-2019,2,3.6
V0360,31-May-2019,8,3.2
V0363,01-Nov-2018,3,4.0
V0363,03-Jul-2019,2,2.8
V0363,05-Nov-2019,20,2.6
V0363,08-Aug-2019,21,3.9
V0363,09-Oct-2019,4,1.9
V0363,11-Oct-2019,5,2.1
V0363,12-Nov-2018,3,2.0
V0363,13-Nov-2019,3,3.8
V0363,13-Oct-2019,4,1.8
V0363,14-Aug-2019,3,3.9
V0363,14-Jul-2019,2,2.9
V0363,16-Oct-2019,14,1.8
V0363,17-Aug-2019,5,2.8
V0363,23-Nov-2018,3,2.2
V0363,24-Oct-2019,5,3.3
V0363,25-Aug-2018,3,3.4
V0363,26-Aug-2018,3,3.0
V0363,27-Oct-2019,4,1.9
V0363,30-Jun-2019,2,3.4
V0363,30-Oct-2019,5,3.8
V0363,30-Sep-2019,4,3.5
V0363,31-Oct-2019,8,3.8
V0368,01-Nov-2019,6,2.3
V0368,01-Oct-2019,4,3.9
V0368,01-Sep-2019,18,2.6
V0368,02-Nov-2019,10,1.8
V0368,02-Oct-2019,2,3.8
V0368,03-Nov-2019,16,4.1
V0368,04-Nov-2019,15,3.4
V0368,04-Oct-2019,18,2.4
V0368,05-Nov-2019,8,2.4
V0368,05-Oct-2019,11,2.9
V0368,06-Nov-2019,16,4.0
V0368,06-Oct-2019,20,2.2
V0368,06-Sep-2019,9,3.8
V0368,07-Oct-2019,19,2.5
V0368,07-Sep-2019,31,3.7
V0368,08-Nov-2019,6,4.0
V0368,08-Oct-2019,19,2.8
V0368,08-Sep-2019,28,2.7
V0368,09-Jul-2019,10,3.7
V0368,09-Nov-2019,7,3.1
V0368,09-Oct-2019,16,3.4
V0368,09-Sep-2019,14,3.3
V0368,10-Nov-2019,21,2.2
V0368,10-Oct-2019,12,3.8
V0368,10-Sep-2019,10,2.3
V0368,11-Nov-2019,19,4.0
V0368,11-Oct-2019,17,2.4
V0368,11-Sep-2019,21,3.6
V0368,12-Nov-2019,2,2.5
V0368,12-Oct-2019,27,2.6
V0368,13-Nov-2019,12,2.5
V0368,13-Oct-2019,17,3.6
V0368,13-Sep-2019,13,3.1
V0368,14-Aug-2019,3,3.9
V0368,14-Nov-2019,18,2.5
V0368,14-Oct-2019,25,3.5
V0368,14-Sep-2019,16,3.6
V0368,15-Aug-2019,10,2.2
V0368,15-Nov-2019,14,2.8
V0368,15-Oct-2019,9,3.0
V0368,15-Sep-2019,4,2.7
V0368,16-Aug-2019,5,2.6
V0368,16-Nov-2019,6,3.4
V0368,16-Oct-2019,12,2.3
V0368,16-Sep-2019,6,3.5
V0368,17-Aug-2019,18,4.0
V0368,17-Jun-2019,13,3.2
V0368,17-Nov-2019,4,3.3
V0368,17-Oct-2019,18,2.0
V0368,18-Aug-2019,16,3.9
V0368,18-Nov-2019,28,2.5
V0368,18-Oct-2019,15,3.3
V0368,18-Sep-2019,3,4.1
V0368,19-Aug-2019,11,3.2
V0368,19-Nov-2019,7,3.5
V0368,19-Oct-2019,2,2.9
V0368,19-Sep-2019,11,1.9
V0368,20-Jul-2019,7,3.7
V0368,20-Oct-2019,21,1.9
V0368,21-Aug-2019,13,3.5
V0368,21-Jul-2019,5,1.9
V0368,21-Nov-2019,3,3.9
V0368,21-Oct-2019,30,2.2
V0368,21-Sep-2019,9,3.0
V0368,22-Oct-2019,9,3.2
V0368,22-Sep-2019,18,2.9
V0368,23-May-2019,4,2.6
V0368,23-Nov-2019,4,2.9
V0368,23-Oct-2019,28,2.5
V0368,23-Sep-2019,32,2.9
V0368,24-Aug-2019,11,2.7
V0368,24-Jun-2019,6,3.2
V0368,24-Oct-2019,3,2.4
V0368,24-Sep-2019,12,4.2
V0368,25-Aug-2019,15,3.0
V0368,25-May-2019,2,2.3
V0368,25-Oct-2019,6,2.9
V0368,26-Aug-2019,7,3.9
V0368,26-Oct-2019,9,1.9
V0368,27-Nov-2019,13,3.4
V0368,27-Oct-2019,13,3.1
V0368,27-Sep-2019,12,2.2
V0368,28-Oct-2019,23,3.8
V0368,28-Sep-2019,18,2.7
V0368,29-Jun-2019,7,2.5
V0368,29-Oct-2019,4,3.8
V0368,30-Aug-2019,4,3.3
V0368,30-Oct-2019,11,4.0
V0368,30-Sep-2019,25,3.3
V0368,31-Aug-2019,10,3.6
V0368,31-Oct-2019,2,3.8
V0372,01-Jul-2019,86,1.9
V0372,01-Oct-2019,11,3.7
V0372,02-Jul-2019,17,3.3
V0372,02-Jun-2019,17,2.0
V0372,02-Oct-2019,16,3.0
V0372,03-Oct-2019,32,2.0
V0372,04-Jul-2019,8,3.6
V0372,04-Jun-2019,34,3.1
V0372,05-Aug-2019,14,4.1
V0372,05-Jul-2019,50,2.2
V0372,05-Sep-2019,6,3.3
V0372,06-Aug-2019,75,2.3
V0372,07-Oct-2019,69,3.3
V0372,08-Jul-2019,107,3.5
V0372,08-Sep-2019,20,3.5
V0372,09-Jul-2019,109,3.8
V0372,10-Sep-2019,23,3.8
V0372,11-Jun-2019,94,2.0
V0372,12-Aug-2019,35,2.6
V0372,12-Sep-2019,16,3.4
V0372,13-Jun-2019,20,3.0
V0372,14-Jul-2019,20,2.3
V0372,15-Sep-2019,10,3.1
V0372,16-Aug-2019,26,2.8
V0372,16-Oct-2019,13,2.7
V0372,17-Jul-2019,21,3.7
V0372,18-Jun-2019,98,2.8
V0372,18-Nov-2019,27,1.9
V0372,18-Sep-2019,32,1.9
V0372,20-Jul-2019,45,3.9
V0372,20-May-2019,18,4.1
V0372,21-Jul-2019,32,3.5
V0372,21-Jun-2019,30,2.7
V0372,21-Oct-2019,41,4.1
V0372,22-Jul-2019,21,3.4
V0372,23-Jun-2019,47,3.8
V0372,24-Jun-2019,29,3.6
V0372,24-Oct-2019,20,2.7
V0372,24-Sep-2019,37,2.9
V0372,25-Jun-2019,88,2.2
V0372,26-Jul-2019,6,2.5
V0372,27-Sep-2019,47,3.7
V0372,28-Oct-2019,17,3.9
V0372,29-May-2019,48,3.5
V0372,31-May-2019,12,2.9
V0373,01-Jul-2019,15,2.0
V0373,01-Jun-2019,8,1.9
V0373,01-Sep-2019,3,2.7
V0373,02-Aug-2019,15,2.9
V0373,02-Dec-2019,5,3.3
V0373,02-Jun-2019,17,1.8
V0373,02-Oct-2019,3,4.2
V0373,03-Jul-2019,22,2.7
V0373,03-Jun-2019,26,3.8
V0373,03-Nov-2019,2,3.1
V0373,03-Sep-2019,6,2.1
V0373,04-Aug-2019,6,3.7
V0373,04-Nov-2019,20,3.5
V0373,04-Sep-2019,10,3.1
V0373,06-Aug-2019,4,3.0
V0373,06-Sep-2019,20,2.0
V0373,07-Jul-2019,17,3.4
V0373,07-Oct-2019,31,4.0
V0373,07-Sep-2019,16,2.0
V0373,08-Jul-2019,3,2.4
V0373,08-Nov-2019,6,4.0
V0373,08-Oct-2019,50,2.5
V0373,08-Sep-2019,8,3.4
V0373,09-Aug-2019,2,3.1
V0373,09-Jul-2019,15,3.2
V0373,09-Sep-2019,11,2.8
V0373,10-Sep-2019,18,2.5
V0373,11-Jun-2019,9,1.9
V0373,11-Nov-2019,28,3.6
V0373,11-Oct-2019,2,3.6
V0373,12-Aug-2019,12,3.4
V0373,12-Jul-2019,20,3.3
V0373,12-Jun-2019,3,2.4
V0373,13-Jul-2019,4,1.9
V0373,13-Jun-2019,7,3.7
V0373,13-Oct-2019,17,3.0
V0373,13-Sep-2019,8,2.5
V0373,14-Aug-2019,7,2.0
V0373,14-Jul-2019,17,2.0
V0373,14-Oct-2019,32,2.6
V0373,15-Jul-2019,33,3.7
V0373,15-Jun-2019,2,4.0
V0373,16-Jul-2019,3,4.0
V0373,17-Jun-2019,36,4.0
V0373,17-Nov-2019,24,4.0
V0373,17-Sep-2019,4,3.1
V0373,18-Jun-2019,9,2.3
V0373,18-Oct-2019,18,3.7
V0373,18-Sep-2019,4,2.3
V0373,19-Aug-2019,4,2.4
V0373,19-Jul-2019,2,2.4
V0373,19-Jun-2019,14,3.0
V0373,20-May-2019,3,2.6
V0373,20-Nov-2019,5,2.2
V0373,21-Aug-2019,8,2.9
V0373,21-Jul-2019,16,3.9
V0373,21-Jun-2019,6,3.2
V0373,21-May-2019,4,3.9
V0373,21-Sep-2019,11,2.3
V0373,22-May-2019,10,2.2
V0373,22-Oct-2019,16,3.2
V0373,22-Sep-2019,22,2.9
V0373,23-May-2019,7,3.4
V0373,23-Oct-2019,24,3.7
V0373,23-Sep-2019,5,3.6
V0373,24-Jun-2019,42,4.1
V0373,24-Nov-2019,3,2.8
V0373,24-Sep-2019,5,2.3
V0373,25-Jun-2019,20,3.1
V0373,26-Aug-2019,9,2.1
V0373,26-Oct-2019,27,2.5
V0373,27-Jul-2019,17,2.3
V0373,28-Jul-2019,3,2.8
V0373,28-Oct-2019,38,2.1
V0373,28-Sep-2019,6,1.9
V0373,29-Jul-2019,7,3.4
V0373,29-May-2019,9,3.3
V0373,29-Sep-2019,2,3.5
V0373,30-Jun-2019,8,3.4
V0373,30-Sep-2019,20,2.1
V0373,31-Aug-2019,3,2.5
V0379,01-Aug-2018,3,2.1
V0379,01-Aug-2019,5,3.8
V0379,01-Dec-2018,4,3.6
V0379,01-Jul-2019,37,2.3
V0379,01-Jun-2019,6,2.6
V0379,01-Nov-2018,9,4.1
V0379,01-Nov-2019,12,3.2
V0379,01-Oct-2018,14,3.7
V0379,01-Sep-2018,12,2.4
V0379,01-Sep-2019,23,2.3
V0379,02-Aug-2018,6,3.7
V0379,02-Aug-2019,15,3.4
V0379,02-Dec-2018,11,3.4
V0379,02-Jul-2019,4,3.1
V0379,02-Jun-2019,33,3.2
V0379,02-Nov-2019,13,3.6
V0379,02-Oct-2019,12,2.4
V0379,02-Sep-2018,5,2.6
V0379,02-Sep-2019,29,3.9
V0379,03-Aug-2018,9,2.5
V0379,03-Aug-2019,7,3.1
V0379,03-Dec-2018,19,3.5
V0379,03-Jul-2019,14,4.2
V0379,03-Jun-2019,24,2.8
V0379,03-Nov-2018,3,2.8
V0379,03-Nov-2019,44,3.8
V0379,03-Oct-2018,6,3.7
V0379,03-Sep-2018,24,3.6
V0379,04-Aug-2018,20,2.9
V0379,04-Aug-2019,21,2.6
V0379,04-Dec-2018,2,3.3
V0379,04-Jul-2019,24,3.9
V0379,04-Jun-2019,9,3.9
V0379,04-Nov-2018,9,2.1
V0379,04-Nov-2019,27,2.8
V0379,04-Oct-2018,6,2.9
V0379,04-Oct-2019,11,4.1
V0379,04-Sep-2019,16,3.4
V0379,05-Aug-2018,14,2.8
V0379,05-Aug-2019,31,1.9
V0379,05-Dec-2019,4,3.2
V0379,05-Jul-2019,28,2.0
V0379,05-Jun-2019,4,3.8
V0379,05-Nov-2018,20,3.6
V0379,05-Oct-2018,4,2.9
V0379,05-Oct-2019,14,2.8
V0379,05-Sep-2018,2,4.0
V0379,05-Sep-2019,8,2.5
V0379,06-Aug-2018,29,2.4
V0379,06-Aug-2019,3,4.1
V0379,06-Jul-2019,11,3.7
V0379,06-Nov-2018,14,3.8
V0379,06-Oct-2018,9,2.3
V0379,06-Oct-2019,33,2.1
V0379,06-Sep-2019,21,1.9
V0379,07-Dec-2018,4,2.4
V0379,07-Jul-2019,43,3.7
V0379,07-Jun-2019,4,2.4
V0379,07-Nov-2018,7,3.5
V0379,07-Nov-2019,3,2.4
V0379,07-Oct-2018,20,2.7
V0379,07-Oct-2019,49,4.2
V0379,07-Sep-2018,4,2.4
V0379,07-Sep-2019,3,2.7
V0379,08-Aug-2018,6,2.5
V0379,08-Aug-2019,5,2.1
V0379,08-Jul-2019,20,3.0
V0379,08-Jun-2019,7,2.7
V0379,08-Nov-2018,19,3.5
V0379,08-Nov-2019,2,3.8
V0379,08-Oct-2018,42,3.1
V0379,08-Oct-2019,15,1.9
V0379,08-Sep-2018,6,3.3
V0379,08-Sep-2019,71,1.9
V0379,09-Aug-2019,8,3.3
V0379,09-Dec-2018,25,3.4
V0379,09-Jun-2019,20,2.3
V0379,09-Nov-2018,9,3.8
V0379,09-Nov-2019,8,4.0
V0379,09-Oct-2018,28,3.8
V0379,09-Sep-2018,24,2.5
V0379,09-Sep-2019,39,3.2
V0379,10-Aug-2018,16,4.0
V0379,10-Aug-2019,29,2.6
V0379,10-Dec-2018,39,3.8
V0379,10-Jun-2019,14,1.8
V0379,10-Nov-2018,4,1.8
V0379,10-Nov-2019,37,3.6
V0379,10-Oct-2018,3,3.6
V0379,10-Sep-2018,31,3.7
V0379,11-Aug-2018,10,4.0
V0379,11-Aug-2019,24,2.1
V0379,11-Jun-2019,16,2.4
V0379,11-Nov-2018,10,4.0
V0379,11-Nov-2019,19,2.2
V0379,11-Oct-2018,11,3.4
V0379,11-Oct-2019,11,3.1
V0379,11-Sep-2019,11,2.0
V0379,12-Aug-2018,23,2.5
V0379,12-Aug-2019,21,3.0
V0379,12-Jul-2019,7,3.8
V0379,12-Jun-2019,6,3.5
V0379,12-Nov-2018,23,3.3
V0379,12-Nov-2019,4,3.0
V0379,12-Oct-2018,19,2.5
V0379,12-Oct-2019,31,2.1
V0379,12-Sep-2018,4,2.8
V0379,13-Aug-2018,24,1.9
V0379,13-Aug-2019,5,2.3
V0379,13-Dec-2018,5,2.8
V0379,13-Jul-2019,32,2.8
V0379,13-Jun-2019,33,1.9
V0379,13-Nov-2019,4,3.2
V0379,13-Oct-2018,4,3.1
V0379,13-Oct-2019,28,2.0
V0379,13-Sep-2018,13,4.1
V0379,13-Sep-2019,3,2.0
V0379,14-Aug-2019,26,3.9
V0379,14-Dec-2018,10,1.8
V0379,14-Jul-2019,14,3.9
V0379,14-Nov-2018,4,1.8
V0379,14-Nov-2019,3,3.6
V0379,14-Oct-2018,24,2.7
V0379,14-Oct-2019,53,3.6
V0379,14-Sep-2018,3,2.8
V0379,14-Sep-2019,10,2.0
V0379,15-Aug-2019,15,3.6
V0379,15-Dec-2018,2,2.0
V0379,15-Jul-2019,6,4.0
V0379,15-Jun-2019,8,1.9
V0379,15-Nov-2019,3,3.0
V0379,15-Oct-2018,39,3.5
V0379,15-Oct-2019,20,2.7
V0379,15-Sep-2018,3,2.3
V0379,15-Sep-2019,20,3.6
V0379,16-Aug-2019,5,3.7
V0379,16-Dec-2018,22,4.0
V0379,16-Jul-2019,36,2.7
V0379,16-Jun-2019,22,3.0
V0379,16-Nov-2019,6,2.7
V0379,16-Oct-2019,8,2.4
V0379,16-Sep-2018,29,3.6
V0379,16-Sep-2019,42,2.6
V0379,17-Dec-2018,27,2.8
V0379,17-Jul-2019,10,2.8
V0379,17-Jun-2019,38,3.5
V0379,17-Nov-2018,18,4.0
V0379,17-Nov-2019,43,3.4
V0379,17-Oct-2018,9,2.9
V0379,17-Oct-2019,36,3.7
V0379,17-Sep-2018,5,3.3
V0379,18-Aug-2018,22,1.9
V0379,18-Aug-2019,28,2.0
V0379,18-Jul-2019,26,1.9
V0379,18-May-2019,10,2.9
V0379,18-Nov-2018,14,3.8
V0379,18-Nov-2019,5,2.6
V0379,18-Oct-2018,10,2.7
V0379,18-Oct-2019,33,4.0
V0379,18-Sep-2018,11,3.8
V0379,19-Aug-2018,7,3.4
V0379,19-Aug-2019,23,2.4
V0379,19-Dec-2018,8,2.1
V0379,19-Jul-2019,42,1.8
V0379,19-Jun-2019,3,2.1
V0379,19-May-2019,17,2.5
V0379,19-Nov-2018,32,3.1
V0379,19-Nov-2019,6,2.0
V0379,19-Oct-2018,11,2.1
V0379,19-Sep-2018,7,2.2
V0379,19-Sep-2019,3,3.3
V0379,20-Aug-2018,16,3.3
V0379,20-Dec-2018,5,3.1
V0379,20-Jul-2019,20,2.4
V0379,20-Jun-2019,5,2.7
V0379,20-May-2019,20,2.0
V0379,20-Oct-2018,2,2.3
V0379,20-Oct-2019,34,4.0
V0379,21-Aug-2019,14,4.2
V0379,21-Jul-2019,38,3.4
V0379,21-May-2019,6,4.0
V0379,21-Nov-2018,15,3.3
V0379,21-Nov-2019,11,1.9
V0379,21-Oct-2018,7,4.2
V0379,21-Oct-2019,38,2.0
V0379,21-Sep-2018,7,3.4
V0379,21-Sep-2019,7,2.4
V0379,22-Aug-2018,4,2.7
V0379,22-Aug-2019,5,3.4
V0379,22-Jun-2019,4,2.8
V0379,22-May-2019,1,2.4
V0379,22-Nov-2019,10,2.6
V0379,22-Oct-2018,18,2.6
V0379,22-Sep-2018,8,4.1
V0379,22-Sep-2019,8,3.7
V0379,23-Aug-2018,2,2.9
V0379,23-Aug-2019,2,2.3
V0379,23-Jun-2019,27,3.7
V0379,23-May-2019,11,2.2
V0379,23-Nov-2019,9,2.3
V0379,23-Oct-2019,20,2.7
V0379,23-Sep-2018,17,3.9
V0379,23-Sep-2019,36,2.1
V0379,24-Aug-2018,15,2.1
V0379,24-Aug-2019,8,3.0
V0379,24-Jul-2019,37,2.5
V0379,24-Jun-2019,35,3.2
V0379,24-May-2019,17,2.9
V0379,24-Oct-2018,16,2.8
V0379,24-Oct-2019,15,2.1
V0379,24-Sep-2018,25,2.1
V0379,24-Sep-2019,21,3.8
V0379,25-Aug-2018,8,3.9
V0379,25-Aug-2019,26,2.4
V0379,25-Jun-2019,5,2.1
V0379,25-May-2019,3,1.9
V0379,25-Nov-2018,12,3.3
V0379,25-Oct-2018,2,3.5
V0379,25-Oct-2019,12,2.7
V0379,25-Sep-2019,14,3.4
V0379,26-Aug-2018,17,3.5
V0379,26-Aug-2019,35,4.0
V0379,26-Jun-2019,2,2.0
V0379,26-May-2019,8,2.3
V0379,26-Nov-2018,23,2.0
V0379,26-Oct-2019,9,3.9
V0379,26-Sep-2019,25,3.7
V0379,27-Aug-2018,6,3.2
V0379,27-Aug-2019,25,2.0
V0379,27-Jul-2019,15,2.5
V0379,27-Jun-2019,4,2.5
V0379,27-May-2019,21,3.1
V0379,27-Nov-2018,4,2.4
V0379,27-Oct-2019,37,2.0
V0379,27-Sep-2019,15,3.6
V0379,28-Aug-2019,4,2.5
V0379,28-Jul-2018,27,2.9
V0379,28-Jul-2019,2,2.1
V0379,28-Jun-2019,11,3.7
V0379,28-Oct-2018,16,3.2
V0379,28-Oct-2019,25,4.0
V0379,28-Sep-2018,4,3.0
V0379,28-Sep-2019,4,4.1
V0379,29-Aug-2018,10,3.9
V0379,29-Aug-2019,19,3.2
V0379,29-Jul-2018,4,4.0
V0379,29-Jul-2019,21,2.6
V0379,29-Jun-2019,36,2.7
V0379,29-May-2019,3,1.9
V0379,29-Oct-2019,56,3.2
V0379,29-Sep-2019,38,3.5
V0379,30-Aug-2018,3,3.7
V0379,30-Aug-2019,23,2.2
V0379,30-Jul-2018,14,2.9
V0379,30-Jun-2019,26,2.2
V0379,30-May-2019,10,3.4
V0379,30-Nov-2018,9,2.2
V0379,30-Oct-2018,7,4.0
V0379,30-Sep-2018,35,2.4
V0379,30-Sep-2019,46,2.5
V0379,31-Aug-2018,13,3.8
V0379,31-Aug-2019,12,2.9
V0379,31-Jul-2018,14,1.9
V0379,31-Jul-2019,25,3.0
V0379,31-May-2019,11,2.0
V0381,01-Jul-2019,51,4.2
V0381,01-Sep-2019,28,3.2
V0381,02-Aug-2019,11,2.4
V0381,02-Nov-2018,30,3.2
V0381,02-Sep-2018,7,2.0
V0381,03-Aug-2018,21,3.7
V0381,03-Jun-2019,13,4.0
V0381,03-Nov-2019,42,3.9
V0381,03-Sep-2018,30,2.6
V0381,04-Aug-2019,13,2.6
V0381,04-Nov-2019,23,1.9
V0381,05-Aug-2018,24,3.4
V0381,05-Aug-2019,39,3.1
V0381,05-Jul-2019,3,2.9
V0381,06-Aug-2018,44,4.0
V0381,06-Aug-2019,6,2.2
V0381,06-Jun-2019,2,1.8
V0381,06-Oct-2018,4,2.0
V0381,07-Aug-2019,18,2.3
V0381,07-Jul-2019,49,1.9
V0381,07-Jun-2019,5,3.0
V0381,07-Oct-2018,30,2.6
V0381,07-Sep-2018,8,2.2
V0381,08-Aug-2018,7,3.6
V0381,08-Aug-2019,2,2.3
V0381,08-Jul-2019,40,3.5
V0381,08-Nov-2019,9,2.6
V0381,08-Oct-2019,30,3.0
V0381,08-Sep-2019,32,4.0
V0381,09-Jul-2019,25,1.9
V0381,09-Jun-2019,10,3.0
V0381,09-Oct-2018,34,3.9
V0381,09-Sep-2019,37,3.2
V0381,10-Aug-2019,3,2.5
V0381,10-Nov-2019,52,2.8
V0381,10-Oct-2018,22,3.4
V0381,10-Sep-2019,57,3.9
V0381,11-Aug-2018,9,1.9
V0381,11-Aug-2019,2,2.0
V0381,11-Jun-2019,4,2.6
V0381,11-Nov-2018,15,2.4
V0381,11-Oct-2018,27,2.4
V0381,11-Oct-2019,36,2.3
V0381,12-Aug-2018,22,2.3
V0381,12-Aug-2019,40,2.1
V0381,12-Jul-2019,45,4.0
V0381,12-Nov-2018,39,2.1
V0381,13-Aug-2018,23,2.3
V0381,13-Jul-2019,59,2.4
V0381,13-Jun-2019,6,4.0
V0381,13-Oct-2019,50,3.6
V0381,14-Jul-2019,9,3.7
V0381,14-Jun-2019,4,2.1
V0381,14-Oct-2018,48,3.8
V0381,14-Oct-2019,11,2.8
V0381,15-Aug-2018,14,2.4
V0381,15-Jun-2019,10,3.2
V0381,15-Oct-2018,5,3.8
V0381,15-Oct-2019,9,3.7
V0381,15-Sep-2018,2,3.9
V0381,16-Aug-2018,41,4.0
V0381,16-Jun-2019,14,2.4
V0381,16-Sep-2018,13,2.8
V0381,16-Sep-2019,35,1.8
V0381,17-Jul-2019,12,3.9
V0381,17-Jun-2019,5,2.2
V0381,17-Nov-2018,14,3.9
V0381,17-Sep-2018,43,2.6
V0381,18-Aug-2018,9,2.7
V0381,18-Aug-2019,30,1.9
V0381,18-Jul-2019,24,2.6
V0381,18-Nov-2018,2,3.9
V0381,18-Oct-2019,17,1.9
V0381,19-Aug-2018,39,2.8
V0381,19-Aug-2019,42,1.9
V0381,19-Jul-2019,59,2.7
V0381,19-May-2019,9,2.2
V0381,19-Oct-2018,27,2.4
V0381,20-Aug-2018,33,3.9
V0381,20-Jul-2019,50,2.8
V0381,20-Jun-2019,5,2.5
V0381,20-May-2019,12,3.2
V0381,20-Oct-2018,2,2.1
V0381,20-Oct-2019,62,2.4
V0381,20-Sep-2018,2,3.1
V0381,21-Jul-2019,50,2.4
V0381,21-May-2019,2,3.4
V0381,21-Nov-2018,13,3.0
V0381,21-Oct-2019,24,3.7
V0381,22-Aug-2019,40,4.1
V0381,22-Oct-2018,2,2.1
V0381,23-Aug-2018,3,2.6
V0381,23-Jul-2018,67,2.6
V0381,23-Jun-2019,46,2.2
V0381,23-Nov-2018,7,3.7
V0381,23-Sep-2018,15,3.6
V0381,23-Sep-2019,2,3.0
V0381,24-Jun-2019,47,3.1
V0381,24-May-2019,2,1.9
V0381,24-Sep-2018,4,3.1
V0381,25-Jul-2018,4,3.7
V0381,25-Jul-2019,7,3.2
V0381,25-May-2019,8,2.4
V0381,25-Nov-2018,12,3.4
V0381,25-Oct-2018,10,2.7
V0381,26-Aug-2018,30,3.1
V0381,26-Jul-2019,2,3.0
V0381,26-May-2019,21,2.7
V0381,26-Nov-2018,27,3.5
V0381,26-Oct-2018,22,3.9
V0381,27-Aug-2018,21,1.8
V0381,27-Jul-2018,10,4.0
V0381,27-May-2019,6,3.0
V0381,27-Oct-2018,19,3.5
V0381,27-Oct-2019,39,3.9
V0381,28-Jul-2019,2,2.9
V0381,28-Jun-2019,10,3.8
V0381,28-Oct-2019,22,2.2
V0381,28-Sep-2018,12,2.2
V0381,28-Sep-2019,3,3.4
V0381,29-Jul-2018,32,3.9
V0381,29-Jul-2019,47,3.9
V0381,29-Jun-2019,4,3.3
V0381,29-Oct-2018,27,3.1
V0381,29-Sep-2019,14,2.6
V0381,30-Aug-2019,8,4.2
V0381,30-Jul-2019,5,2.6
V0381,30-Jun-2019,51,3.6
V0381,30-Sep-2018,10,3.1
V0381,30-Sep-2019,21,3.3
V0381,31-Aug-2018,11,2.7
V0381,31-Jul-2018,8,4.1
V0381,31-Oct-2019,17,3.2
V0390,04-Nov-2019,2,4.1
V0390,07-Aug-2019,2,1.8
V0390,07-Nov-2019,2,3.2
V0390,07-Sep-2019,4,3.5
V0390,08-Jul-2019,2,3.6
V0390,08-Jun-2019,3,4.0
V0390,09-Sep-2019,4,1.8
V0390,10-Nov-2019,2,1.8
V0390,11-Nov-2019,4,2.9
V0390,13-Jun-2019,3,1.9
V0390,13-Sep-2019,5,4.1
V0390,15-Jul-2019,2,2.3
V0390,15-Sep-2019,2,2.9
V0390,19-Sep-2019,3,1.9
V0390,22-Sep-2019,2,3.1
V0390,25-Aug-2019,7,2.7
V0390,26-Jun-2019,5,1.9
V0390,27-May-2019,2,2.6
V0390,27-Sep-2019,2,2.7
V0390,28-Sep-2019,2,4.2
V0390,31-Aug-2019,2,2.3
V0391,01-Jul-2019,28,3.1
V0391,01-Oct-2019,6,4.2
V0391,01-Sep-2019,2,3.7
V0391,02-Jul-2019,20,4.2
V0391,02-Jun-2019,2,4.1
V0391,02-Sep-2019,13,3.0
V0391,03-Aug-2019,5,3.5
V0391,03-Jun-2019,4,2.1
V0391,03-Sep-2019,10,2.9
V0391,04-Jul-2019,3,3.7
V0391,04-Jun-2019,12,3.0
V0391,04-Nov-2019,25,3.5
V0391,05-Aug-2019,3,3.6
V0391,05-Nov-2019,19,2.4
V0391,05-Sep-2019,2,3.9
V0391,06-Sep-2019,2,2.9
V0391,07-Jul-2019,58,2.3
V0391,07-Nov-2019,2,3.9
V0391,07-Oct-2019,2,2.8
V0391,08-Aug-2019,4,3.6
V0391,08-Jan-2019,2,3.1
V0391,08-Jul-2019,4,2.7
V0391,08-Nov-2019,2,3.7
V0391,08-Oct-2019,3,3.2
V0391,09-Jul-2019,7,2.7
V0391,09-Jun-2019,2,2.1
V0391,09-Oct-2019,7,3.9
V0391,09-Sep-2019,10,1.9
V0391,10-Jun-2019,15,3.9
V0391,10-Nov-2019,3,2.7
V0391,10-Sep-2019,4,3.3
V0391,11-Jun-2019,22,4.0
V0391,11-Nov-2019,32,2.2
V0391,12-Aug-2019,8,3.2
V0391,12-Nov-2019,14,3.6
V0391,13-Aug-2019,4,3.6
V0391,13-Jul-2019,17,3.1
V0391,13-Jun-2019,3,3.3
V0391,14-Jul-2019,4,3.6
V0391,14-Jun-2019,8,3.8
V0391,14-Nov-2019,1,3.6
V0391,14-Oct-2019,23,2.6
V0391,15-Aug-2019,4,4.2
V0391,15-Jul-2019,11,2.8
V0391,15-Oct-2019,5,1.9
V0391,15-Sep-2019,2,2.7
V0391,16-Jul-2019,13,2.1
V0391,16-Jun-2019,21,2.1
V0391,16-Nov-2019,2,2.5
V0391,16-Oct-2019,3,1.9
V0391,16-Sep-2019,2,3.5
V0391,17-Jun-2019,15,2.0
V0391,17-Sep-2019,6,2.3
V0391,18-Jun-2019,18,2.0
V0391,18-Nov-2019,1,2.0
V0391,19-Aug-2019,2,2.4
V0391,19-Jul-2019,8,3.2
V0391,19-May-2019,5,4.1
V0391,19-Nov-2019,29,3.9
V0391,20-Aug-2019,16,3.9
V0391,20-Jul-2019,5,2.2
V0391,20-Oct-2019,6,2.4
V0391,21-May-2019,30,2.0
V0391,21-Oct-2019,2,3.7
V0391,22-Nov-2019,2,2.0
V0391,22-Sep-2019,2,3.1
V0391,23-Jun-2019,12,2.4
V0391,23-Nov-2019,25,2.4
V0391,23-Sep-2019,4,4.2
V0391,24-Jun-2019,36,3.6
V0391,24-Oct-2019,5,3.8
V0391,24-Sep-2018,4,3.2
V0391,24-Sep-2019,5,3.9
V0391,25-Jul-2019,5,3.3
V0391,25-May-2019,5,4.1
V0391,25-Sep-2019,8,2.5
V0391,26-Aug-2019,7,3.2
V0391,27-Aug-2019,10,3.5
V0391,27-May-2019,35,2.7
V0391,28-Jul-2019,2,3.9
V0391,28-Jun-2019,6,4.2
V0391,28-May-2019,4,3.0
V0391,28-Oct-2019,9,2.7
V0391,29-Jul-2019,4,2.9
V0391,29-Oct-2019,4,3.8
V0391,30-Jul-2019,5,3.3
V0391,30-Sep-2019,15,1.9
V0391,31-May-2019,4,3.1
V0394,01-Jun-2019,17,1.8
V0394,01-Nov-2019,13,3.7
V0394,01-Sep-2019,14,2.6
V0394,02-Aug-2019,6,2.9
V0394,02-Jun-2019,11,3.7
V0394,02-Nov-2019,16,1.9
V0394,02-Oct-2019,2,2.2
V0394,03-Nov-2019,4,2.8
V0394,03-Oct-2019,2,2.4
V0394,04-Jul-2019,9,2.6
V0394,05-Jul-2019,10,4.2
V0394,05-Jun-2019,7,3.8
V0394,05-Oct-2019,10,3.9
V0394,06-Oct-2019,7,4.0
V0394,07-Jul-2019,15,2.6
V0394,08-Aug-2019,4,2.5
V0394,08-Jun-2019,8,2.4
V0394,08-Sep-2019,9,3.8
V0394,09-Aug-2019,4,3.4
V0394,09-Jun-2019,11,2.4
V0394,09-Nov-2019,5,2.7
V0394,10-Aug-2019,5,3.0
V0394,10-Jul-2019,7,3.1
V0394,10-Nov-2019,5,3.9
V0394,10-Oct-2019,3,2.7
V0394,11-Aug-2019,6,4.0
V0394,11-Jul-2019,2,2.9
V0394,11-Oct-2019,2,3.6
V0394,11-Sep-2019,2,4.0
V0394,12-Jul-2019,12,4.0
V0394,12-Jun-2019,2,1.9
V0394,12-Oct-2019,2,2.3
V0394,12-Sep-2019,7,2.9
V0394,13-Jul-2019,12,2.8
V0394,13-Jun-2019,2,3.3
V0394,13-Sep-2019,7,4.1
V0394,14-Aug-2019,3,2.1
V0394,14-Nov-2019,12,2.9
V0394,15-Nov-2019,6,2.3
V0394,15-Sep-2019,14,3.9
V0394,16-Aug-2019,3,4.1
V0394,16-Nov-2019,6,2.9
V0394,16-Oct-2019,6,2.0
V0394,17-Aug-2019,10,3.7
V0394,17-Nov-2019,8,3.5
V0394,17-Oct-2019,11,2.7
V0394,18-Jul-2019,16,3.9
V0394,18-May-2019,16,4.1
V0394,18-Oct-2019,2,3.1
V0394,18-Sep-2019,2,3.2
V0394,19-Jul-2019,17,2.5
V0394,19-May-2019,16,3.2
V0394,19-Oct-2019,2,2.9
V0394,19-Sep-2019,5,2.5
V0394,20-Aug-2019,9,2.0
V0394,20-Jul-2019,2,2.4
V0394,20-Jun-2019,11,2.3
V0394,20-Oct-2019,11,3.1
V0394,20-Sep-2019,7,3.2
V0394,21-Aug-2019,2,3.3
V0394,21-Jun-2019,6,2.7
V0394,21-Oct-2019,7,2.8
V0394,21-Sep-2019,6,3.8
V0394,22-Jun-2019,3,2.9
V0394,22-Sep-2019,11,4.2
V0394,23-Aug-2019,11,2.9
V0394,23-Jun-2019,8,3.4
V0394,23-Oct-2019,10,1.9
V0394,25-Aug-2019,5,3.4
V0394,25-Sep-2019,3,3.8
V0394,26-Jul-2019,12,4.1
V0394,26-Sep-2019,3,4.2
V0394,27-Jun-2019,2,2.5
V0394,27-Oct-2019,9,3.2
V0394,27-Sep-2019,4,2.9
V0394,28-Jul-2019,5,3.2
V0394,28-Sep-2019,2,2.2
V0394,29-Sep-2019,18,3.9
V0394,30-Aug-2019,9,4.0
V0394,30-Jun-2019,8,2.9
V0394,30-May-2019,7,2.5
V0394,30-Sep-2019,21,2.1
V0394,31-Aug-2019,8,3.4
V0395,01-Jun-2019,18,2.5
V0395,01-Nov-2019,18,4.0
V0395,01-Sep-2019,13,3.4
V0395,02-Aug-2019,7,3.3
V0395,02-Jul-2019,2,3.1
V0395,02-Jun-2019,18,1.9
V0395,02-Nov-2019,9,4.0
V0395,02-Oct-2019,8,3.3
V0395,03-Aug-2019,11,4.2
V0395,03-Jul-2019,23,3.1
V0395,03-Nov-2019,15,3.5
V0395,03-Oct-2019,6,1.9
V0395,03-Sep-2019,4,3.3
V0395,04-Aug-2019,20,3.6
V0395,04-Jul-2019,13,3.7
V0395,04-Jun-2019,2,3.6
V0395,04-Oct-2019,7,2.3
V0395,04-Sep-2019,11,4.1
V0395,05-Jul-2019,16,4.2
V0395,05-Jun-2019,19,2.0
V0395,05-Oct-2019,16,4.0
V0395,05-Sep-2019,10,2.5
V0395,06-Jul-2019,20,3.5
V0395,06-Nov-2019,11,2.6
V0395,06-Oct-2019,8,4.1
V0395,06-Sep-2019,18,2.0
V0395,07-Aug-2019,15,3.0
V0395,07-Jul-2019,20,2.8
V0395,07-Nov-2019,3,2.6
V0395,07-Sep-2019,19,3.3
V0395,08-Aug-2019,15,2.1
V0395,08-Jul-2019,9,3.5
V0395,08-Nov-2019,5,4.2
V0395,08-Sep-2019,4,3.7
V0395,09-Aug-2019,15,3.9
V0395,09-Jul-2019,3,2.7
V0395,09-Jun-2019,19,2.6
V0395,10-Aug-2019,10,3.0
V0395,10-Jul-2019,13,1.9
V0395,10-Nov-2019,11,4.1
V0395,10-Oct-2019,9,2.1
V0395,11-Aug-2019,12,4.0
V0395,11-Jul-2019,23,2.0
V0395,11-Oct-2019,20,3.8
V0395,11-Sep-2019,7,2.2
V0395,12-Jul-2019,17,1.9
V0395,12-Jun-2019,8,3.5
V0395,12-Sep-2019,8,2.5
V0395,13-Aug-2019,7,3.5
V0395,13-Jul-2019,25,3.1
V0395,13-Jun-2019,15,2.1
V0395,13-Oct-2019,9,4.0
V0395,13-Sep-2019,16,2.9
V0395,14-Aug-2019,4,3.6
V0395,14-Jul-2019,11,3.0
V0395,14-Jun-2019,5,3.3
V0395,14-Sep-2019,12,2.5
V0395,15-Jun-2019,8,2.3
V0395,15-Sep-2019,19,3.1
V0395,16-Aug-2019,4,2.9
V0395,16-Jun-2019,8,2.7
V0395,16-Oct-2019,15,3.4
V0395,17-Aug-2019,12,3.5
V0395,17-Jul-2019,17,1.9
V0395,18-Aug-2019,21,2.6
V0395,18-Jul-2019,23,2.8
V0395,18-Jun-2019,3,2.0
V0395,18-May-2019,8,2.4
V0395,18-Oct-2019,8,1.9
V0395,18-Sep-2019,4,4.2
V0395,19-Jul-2019,16,3.6
V0395,19-Jun-2019,6,2.0
V0395,19-May-2019,10,1.8
V0395,19-Oct-2019,13,3.5
V0395,20-Jul-2019,6,2.9
V0395,20-Jun-2019,10,3.7
V0395,20-Oct-2019,11,4.0
V0395,20-Sep-2019,14,3.2
V0395,21-Aug-2019,21,2.2
V0395,21-Jul-2019,3,3.7
V0395,21-Jun-2019,23,4.1
V0395,21-May-2019,2,3.2
V0395,22-Aug-2019,6,3.4
V0395,22-Jun-2019,17,2.6
V0395,22-Sep-2019,20,2.7
V0395,23-Aug-2019,16,3.6
V0395,23-Jun-2019,23,4.0
V0395,23-Oct-2019,12,3.3
V0395,24-Aug-2019,5,3.7
V0395,24-May-2019,7,2.2
V0395,24-Oct-2019,2,2.3
V0395,24-Sep-2019,16,3.1
V0395,25-Aug-2019,18,2.2
V0395,25-Jun-2019,5,3.3
V0395,25-May-2019,3,2.5
V0395,25-Oct-2019,14,3.7
V0395,25-Sep-2019,6,3.7
V0395,26-Jun-2019,6,2.9
V0395,26-Sep-2019,20,2.2
V0395,27-Oct-2019,4,3.4
V0395,27-Sep-2019,18,4.2
V0395,28-Aug-2019,5,3.3
V0395,28-Jul-2019,9,1.9
V0395,28-Jun-2019,16,1.8
V0395,28-Sep-2019,9,2.6
V0395,29-Aug-2019,9,2.3
V0395,29-Jun-2019,16,3.8
V0395,29-May-2019,10,3.8
V0395,29-Oct-2019,5,2.4
V0395,29-Sep-2019,11,2.6
V0395,30-Aug-2019,14,2.4
V0395,30-Jun-2019,22,4.0
V0395,30-Oct-2019,6,3.0
V0395,31-Aug-2019,10,3.4
V0395,31-Jul-2019,7,2.8
V0395,31-Oct-2019,7,3.3
V0397,01-Jul-2019,22,2.7
V0397,01-Jun-2019,20,2.6
V0397,01-Nov-2019,2,3.3
V0397,01-Oct-2019,10,3.2
V0397,01-Sep-2019,25,2.5
V0397,02-Jun-2019,5,2.2
V0397,02-Oct-2019,10,2.7
V0397,02-Sep-2019,8,2.8
V0397,03-Jun-2019,15,3.3
V0397,03-Nov-2019,4,4.0
V0397,03-Oct-2019,6,1.9
V0397,04-Aug-2019,5,2.4
V0397,04-Jul-2019,15,2.3
V0397,04-Jun-2019,3,3.0
V0397,04-Nov-2019,18,2.8
V0397,04-Oct-2019,3,3.5
V0397,04-Sep-2019,2,2.4
V0397,05-Jul-2019,7,3.2
V0397,05-Jun-2019,7,3.9
V0397,05-Sep-2019,4,4.0
V0397,06-Aug-2019,4,4.1
V0397,06-Jul-2019,3,3.7
V0397,06-Nov-2019,2,4.0
V0397,06-Oct-2019,13,2.4
V0397,06-Sep-2019,11,2.3
V0397,07-Jul-2019,15,1.8
V0397,07-Jun-2019,19,3.5
V0397,07-Nov-2019,4,4.0
V0397,07-Oct-2019,11,2.2
V0397,07-Sep-2019,4,3.3
V0397,08-Aug-2019,9,3.6
V0397,08-Jul-2019,36,4.0
V0397,08-Jun-2019,2,3.4
V0397,08-Nov-2019,2,4.1
V0397,08-Oct-2019,22,2.6
V0397,08-Sep-2019,10,2.6
V0397,09-Aug-2019,4,3.1
V0397,09-Jul-2019,2,2.7
V0397,09-Jun-2019,6,1.8
V0397,09-Oct-2019,2,3.6
V0397,09-Sep-2019,13,3.6
V0397,10-Aug-2019,4,3.6
V0397,10-Jul-2019,4,2.6
V0397,10-Jun-2019,9,3.1
V0397,10-Nov-2019,7,2.7
V0397,10-Sep-2019,6,1.8
V0397,11-Aug-2019,17,3.1
V0397,11-Jul-2019,4,2.1
V0397,11-Jun-2019,3,2.0
V0397,11-Nov-2019,9,3.6
V0397,11-Oct-2019,12,1.8
V0397,12-Aug-2019,11,4.1
V0397,12-Jul-2019,11,3.0
V0397,12-Jun-2019,2,4.2
V0397,12-Oct-2019,8,1.9
V0397,12-Sep-2019,8,3.2
V0397,13-Aug-2019,5,2.6
V0397,13-Jul-2019,13,3.8
V0397,13-Jun-2019,10,2.7
V0397,13-Nov-2019,3,2.4
V0397,13-Oct-2019,13,3.9
V0397,13-Sep-2019,2,2.7
V0397,14-Aug-2019,2,1.8
V0397,14-Jul-2019,10,2.7
V0397,14-Jun-2019,2,3.4
V0397,14-Nov-2019,2,2.4
V0397,14-Oct-2019,14,2.8
V0397,14-Sep-2019,6,1.9
V0397,15-Jul-2019,20,3.2
V0397,15-Jun-2019,6,3.6
V0397,15-Sep-2019,19,2.8
V0397,16-Aug-2019,7,2.8
V0397,16-Jul-2019,18,2.0
V0397,16-Jun-2019,13,2.3
V0397,16-Oct-2019,12,2.2
V0397,16-Sep-2019,20,3.0
V0397,17-Aug-2019,9,3.1
V0397,17-Jul-2019,10,4.1
V0397,17-Jun-2019,2,2.0
V0397,17-Oct-2019,8,3.2
V0397,17-Sep-2019,9,3.1
V0397,18-Aug-2019,9,3.0
V0397,18-Jul-2019,16,3.9
V0397,18-Jun-2019,4,2.3
V0397,18-May-2019,9,1.9
V0397,18-Oct-2019,4,3.4
V0397,19-Aug-2019,11,2.6
V0397,19-Jul-2019,23,1.8
V0397,19-Jun-2019,11,2.4
V0397,19-May-2019,17,2.5
V0397,19-Oct-2019,12,3.3
V0397,19-Sep-2019,3,2.2
V0397,20-Aug-2019,3,2.8
V0397,20-Jan-2019,2,3.0
V0397,20-Jul-2019,49,2.9
V0397,20-Jun-2019,9,4.1
V0397,20-May-2019,11,1.9
V0397,20-Oct-2019,6,4.1
V0397,21-Aug-2019,3,3.2
V0397,21-Jan-2019,10,3.7
V0397,21-Jul-2019,23,2.8
V0397,21-May-2019,10,2.9
V0397,21-Oct-2019,14,3.9
V0397,21-Sep-2019,11,4.0
V0397,22-Aug-2019,8,2.4
V0397,22-Jan-2019,4,2.3
V0397,22-Jul-2019,7,3.0
V0397,22-Oct-2019,2,4.0
V0397,22-Sep-2019,2,2.6
V0397,23-Aug-2019,7,3.4
V0397,23-Jun-2019,4,3.5
V0397,23-Sep-2019,15,3.7
V0397,24-Aug-2019,4,3.2
V0397,24-Jul-2019,15,2.8
V0397,24-Jun-2019,15,4.1
V0397,24-May-2019,7,3.3
V0397,24-Oct-2019,15,3.5
V0397,25-Aug-2019,10,2.6
V0397,25-Jan-2019,2,3.4
V0397,25-Jul-2019,3,2.4
V0397,25-Jun-2019,2,2.4
V0397,25-May-2019,5,3.5
V0397,25-Oct-2019,2,3.1
V0397,25-Sep-2019,2,3.4
V0397,26-Aug-2019,9,2.4
V0397,26-Jul-2019,7,3.2
V0397,26-Jun-2019,6,2.9
V0397,26-May-2019,18,3.2
V0397,26-Oct-2019,2,2.5
V0397,26-Sep-2019,6,3.5
V0397,27-Jan-2019,20,3.7
V0397,27-Jul-2019,14,2.4
V0397,27-Jun-2019,4,2.5
V0397,27-May-2019,4,3.4
V0397,27-Oct-2019,6,3.5
V0397,28-Jan-2019,14,3.5
V0397,28-Jul-2019,11,3.4
V0397,28-Jun-2019,11,2.7
V0397,28-May-2019,3,2.7
V0397,28-Oct-2019,8,2.4
V0397,28-Sep-2019,6,2.2
V0397,29-Aug-2019,11,3.5
V0397,29-Jan-2019,4,2.0
V0397,29-Jul-2019,13,4.1
V0397,29-Jun-2019,8,3.8
V0397,29-May-2019,2,3.9
V0397,29-Oct-2019,13,4.0
V0397,29-Sep-2019,18,2.8
V0397,30-Aug-2019,4,3.8
V0397,30-Jan-2019,2,2.2
V0397,30-Jul-2019,5,1.9
V0397,30-Jun-2019,21,3.7
V0397,30-Oct-2019,18,2.0
V0397,30-Sep-2019,24,4.2
V0397,31-Aug-2019,5,3.4
V0397,31-May-2019,3,3.6
V0402,01-Aug-2018,9,2.4
V0402,01-Aug-2019,16,3.4
V0402,01-Jul-2019,22,1.9
V0402,01-Jun-2019,6,3.8
V0402,01-Nov-2018,39,2.2
V0402,01-Nov-2019,13,3.5
V0402,01-Oct-2018,6,2.3
V0402,01-Oct-2019,13,2.0
V0402,01-Sep-2018,15,3.0
V0402,01-Sep-2019,34,2.2
V0402,02-Aug-2018,20,3.6
V0402,02-Aug-2019,34,2.4
V0402,02-Jul-2019,27,2.6
V0402,02-Jun-2019,34,3.2
V0402,02-Nov-2018,10,2.5
V0402,02-Nov-2019,20,2.7
V0402,02-Oct-2018,10,3.8
V0402,02-Oct-2019,17,2.2
V0402,02-Sep-2018,42,2.0
V0402,02-Sep-2019,22,2.6
V0402,03-Aug-2018,26,2.8
V0402,03-Aug-2019,34,3.1
V0402,03-Jul-2019,26,2.7
V0402,03-Jun-2019,30,3.7
V0402,03-Nov-2018,10,1.9
V0402,03-Nov-2019,38,2.8
V0402,03-Oct-2018,20,2.7
V0402,03-Oct-2019,22,3.4
V0402,03-Sep-2018,20,4.1
V0402,03-Sep-2019,11,3.0
V0402,04-Aug-2018,27,4.2
V0402,04-Aug-2019,36,2.5
V0402,04-Jul-2019,22,1.9
V0402,04-Jun-2019,18,2.2
V0402,04-Nov-2018,38,2.7
V0402,04-Nov-2019,12,2.6
V0402,04-Oct-2018,24,2.0
V0402,04-Oct-2019,34,2.8
V0402,04-Sep-2018,10,2.6
V0402,04-Sep-2019,13,2.1
V0402,05-Aug-2018,33,2.5
V0402,05-Aug-2019,34,3.9
V0402,05-Jul-2019,49,2.5
V0402,05-Jun-2019,28,3.5
V0402,05-Nov-2018,19,3.3
V0402,05-Nov-2019,18,2.8
V0402,05-Oct-2018,29,2.4
V0402,05-Oct-2019,27,2.7
V0402,05-Sep-2018,21,3.2
V0402,05-Sep-2019,13,2.6
V0402,06-Aug-2018,11,2.3
V0402,06-Aug-2019,18,2.1
V0402,06-Jul-2019,44,3.9
V0402,06-Jun-2019,29,2.9
V0402,06-Nov-2018,12,3.3
V0402,06-Nov-2019,25,3.0
V0402,06-Oct-2018,35,3.9
V0402,06-Oct-2019,35,3.1
V0402,06-Sep-2018,20,3.0
V0402,06-Sep-2019,35,4.0
V0402,07-Aug-2018,19,3.5
V0402,07-Aug-2019,21,2.1
V0402,07-Jul-2019,65,2.2
V0402,07-Jun-2019,25,3.7
V0402,07-Nov-2018,13,3.8
V0402,07-Nov-2019,6,3.1
V0402,07-Oct-2018,55,3.1
V0402,07-Oct-2019,32,3.3
V0402,07-Sep-2018,19,2.9
V0402,07-Sep-2019,13,3.4
V0402,08-Aug-2018,7,2.1
V0402,08-Aug-2019,14,4.1
V0402,08-Jul-2019,25,3.6
V0402,08-Jun-2019,26,3.3
V0402,08-Nov-2018,30,2.6
V0402,08-Nov-2019,24,2.2
V0402,08-Oct-2018,20,2.8
V0402,08-Oct-2019,23,3.4
V0402,08-Sep-2018,17,3.3
V0402,08-Sep-2019,54,2.7
V0402,09-Aug-2018,21,3.3
V0402,09-Aug-2019,39,3.8
V0402,09-Jul-2019,32,1.9
V0402,09-Jun-2019,28,2.9
V0402,09-Nov-2018,33,3.6
V0402,09-Nov-2019,39,3.1
V0402,09-Oct-2018,33,3.4
V0402,09-Oct-2019,15,3.0
V0402,09-Sep-2018,18,4.2
V0402,09-Sep-2019,24,1.9
V0402,10-Aug-2018,26,3.0
V0402,10-Aug-2019,32,2.0
V0402,10-Jul-2019,27,2.2
V0402,10-Jun-2019,15,2.7
V0402,10-Nov-2018,24,2.2
V0402,10-Nov-2019,29,4.1
V0402,10-Oct-2018,2,4.1
V0402,10-Oct-2019,17,2.6
V0402,10-Sep-2018,16,3.3
V0402,10-Sep-2019,10,3.1
V0402,11-Aug-2018,19,3.8
V0402,11-Aug-2019,36,3.3
V0402,11-Jul-2019,21,1.8
V0402,11-Jun-2019,18,3.6
V0402,11-Nov-2018,50,3.6
V0402,11-Nov-2019,37,3.0
V0402,11-Oct-2018,33,4.0
V0402,11-Oct-2019,31,4.0
V0402,11-Sep-2018,10,3.1
V0402,11-Sep-2019,19,3.3
V0402,12-Aug-2018,39,4.2
V0402,12-Aug-2019,15,2.5
V0402,12-Jul-2019,45,2.6
V0402,12-Jun-2019,6,2.2
V0402,12-Nov-2018,15,4.0
V0402,12-Nov-2019,8,3.6
V0402,12-Oct-2018,38,2.1
V0402,12-Oct-2019,36,4.2
V0402,12-Sep-2018,8,3.6
V0402,12-Sep-2019,23,3.8
V0402,13-Aug-2018,24,1.9
V0402,13-Aug-2019,33,3.0
V0402,13-Jul-2019,55,3.5
V0402,13-Jun-2019,40,3.1
V0402,13-Nov-2018,8,3.4
V0402,13-Nov-2019,27,3.8
V0402,13-Oct-2018,41,2.7
V0402,13-Oct-2019,51,3.8
V0402,13-Sep-2018,21,2.2
V0402,13-Sep-2019,38,2.5
V0402,14-Aug-2018,8,1.9
V0402,14-Aug-2019,16,2.7
V0402,14-Jul-2019,32,2.7
V0402,14-Jun-2019,19,3.7
V0402,14-Nov-2018,26,3.4
V0402,14-Nov-2019,12,2.8
V0402,14-Oct-2018,57,3.4
V0402,14-Oct-2019,16,1.9
V0402,14-Sep-2018,36,2.2
V0402,14-Sep-2019,21,3.3
V0402,15-Aug-2018,6,3.3
V0402,15-Aug-2019,29,3.7
V0402,15-Jul-2019,26,2.8
V0402,15-Jun-2019,10,3.5
V0402,15-Nov-2018,32,3.4
V0402,15-Nov-2019,16,4.1
V0402,15-Oct-2018,25,2.3
V0402,15-Oct-2019,13,3.1
V0402,15-Sep-2018,19,3.2
V0402,15-Sep-2019,46,4.2
V0402,16-Aug-2018,15,2.3
V0402,16-Aug-2019,28,3.1
V0402,16-Jul-2019,28,2.6
V0402,16-Jun-2019,40,3.1
V0402,16-Nov-2018,44,2.4
V0402,16-Nov-2019,26,1.9
V0402,16-Oct-2018,2,3.2
V0402,16-Oct-2019,28,2.6
V0402,16-Sep-2018,55,2.2
V0402,16-Sep-2019,27,2.6
V0402,17-Aug-2018,28,1.9
V0402,17-Aug-2019,23,4.1
V0402,17-Dec-2019,7,3.2
V0402,17-Jul-2019,54,3.8
V0402,17-Jun-2019,25,2.8
V0402,17-Nov-2018,36,4.0
V0402,17-Nov-2019,36,3.0
V0402,17-Oct-2018,23,3.2
V0402,17-Oct-2019,29,3.0
V0402,17-Sep-2018,17,3.6
V0402,17-Sep-2019,7,3.2
V0402,18-Aug-2018,23,2.5
V0402,18-Aug-2019,40,2.1
V0402,18-Jul-2019,40,3.3
V0402,18-Jun-2019,10,3.0
V0402,18-May-2019,34,2.0
V0402,18-Nov-2018,20,2.7
V0402,18-Nov-2019,2,3.0
V0402,18-Oct-2018,27,3.8
V0402,18-Oct-2019,32,2.0
V0402,18-Sep-2018,8,2.6
V0402,18-Sep-2019,26,3.8
V0402,19-Aug-2018,47,3.4
V0402,19-Aug-2019,18,2.5
V0402,19-Jul-2019,32,3.8
V0402,19-Jun-2019,29,3.0
V0402,19-May-2019,37,3.0
V0402,19-Nov-2018,10,4.1
V0402,19-Oct-2018,39,4.1
V0402,19-Oct-2019,43,2.7
V0402,19-Sep-2018,29,2.1
V0402,19-Sep-2019,18,2.6
V0402,20-Aug-2018,20,1.9
V0402,20-Aug-2019,12,1.8
V0402,20-Jul-2019,40,2.7
V0402,20-Jun-2019,32,4.1
V0402,20-May-2019,32,3.9
V0402,20-Nov-2018,20,3.0
V0402,20-Oct-2018,28,3.2
V0402,20-Oct-2019,53,1.8
V0402,20-Sep-2018,6,2.3
V0402,20-Sep-2019,27,1.9
V0402,21-Aug-2018,3,3.6
V0402,21-Aug-2019,33,2.1
V0402,21-Jul-2019,33,3.9
V0402,21-Jun-2019,27,3.3
V0402,21-May-2019,8,2.4
V0402,21-Nov-2018,26,2.2
V0402,21-Nov-2019,6,3.3
V0402,21-Oct-2018,37,4.0
V0402,21-Oct-2019,8,3.5
V0402,21-Sep-2018,20,2.6
V0402,21-Sep-2019,25,3.2
V0402,22-Aug-2018,17,2.5
V0402,22-Aug-2019,30,4.2
V0402,22-Jun-2019,21,3.6
V0402,22-May-2019,14,3.3
V0402,22-Nov-2018,15,2.8
V0402,22-Nov-2019,9,3.3
V0402,22-Oct-2018,6,2.6
V0402,22-Oct-2019,3,1.9
V0402,22-Sep-2018,19,2.7
V0402,22-Sep-2019,28,4.0
V0402,23-Aug-2018,14,3.3
V0402,23-Aug-2019,22,2.0
V0402,23-Jun-2019,37,3.9
V0402,23-May-2019,20,2.4
V0402,23-Nov-2018,12,2.4
V0402,23-Nov-2019,2,2.5
V0402,23-Oct-2018,25,3.2
V0402,23-Oct-2019,10,3.1
V0402,23-Sep-2018,46,3.0
V0402,23-Sep-2019,19,3.5
V0402,24-Aug-2018,14,2.6
V0402,24-Aug-2019,20,3.7
V0402,24-Jun-2019,14,2.2
V0402,24-May-2019,54,3.7
V0402,24-Nov-2018,10,3.4
V0402,24-Nov-2019,11,3.4
V0402,24-Oct-2018,7,3.0
V0402,24-Oct-2019,13,3.4
V0402,24-Sep-2018,2,2.0
V0402,24-Sep-2019,15,3.8
V0402,25-Aug-2018,34,1.9
V0402,25-Aug-2019,23,2.2
V0402,25-Jun-2019,10,3.2
V0402,25-May-2019,19,3.6
V0402,25-Nov-2018,29,2.0
V0402,25-Oct-2018,19,4.0
V0402,25-Oct-2019,34,4.1
V0402,25-Sep-2018,7,3.3
V0402,25-Sep-2019,38,3.0
V0402,26-Aug-2018,51,3.6
V0402,26-Aug-2019,18,2.6
V0402,26-Jun-2019,25,3.0
V0402,26-May-2019,56,4.0
V0402,26-Nov-2018,14,4.1
V0402,26-Oct-2018,31,4.0
V0402,26-Oct-2019,27,2.4
V0402,26-Sep-2018,19,2.4
V0402,26-Sep-2019,9,2.5
V0402,27-Aug-2018,18,2.9
V0402,27-Aug-2019,8,2.6
V0402,27-Jul-2018,24,2.7
V0402,27-Jul-2019,20,3.3
V0402,27-Jun-2019,30,3.6
V0402,27-May-2019,13,3.6
V0402,27-Nov-2018,6,3.8
V0402,27-Nov-2019,2,1.9
V0402,27-Oct-2018,35,1.9
V0402,27-Oct-2019,33,3.7
V0402,27-Sep-2018,7,3.1
V0402,27-Sep-2019,29,3.2
V0402,28-Aug-2018,10,1.9
V0402,28-Aug-2019,16,2.4
V0402,28-Jul-2018,11,3.3
V0402,28-Jul-2019,23,3.9
V0402,28-Jun-2019,26,4.0
V0402,28-May-2019,5,3.0
V0402,28-Nov-2018,34,3.1
V0402,28-Oct-2018,38,3.8
V0402,28-Oct-2019,22,3.1
V0402,28-Sep-2018,11,3.0
V0402,28-Sep-2019,45,4.0
V0402,29-Aug-2018,26,3.7
V0402,29-Aug-2019,6,4.0
V0402,29-Jul-2018,22,2.3
V0402,29-Jul-2019,26,3.1
V0402,29-Jun-2019,40,3.8
V0402,29-May-2019,9,2.1
V0402,29-Nov-2018,11,3.7
V0402,29-Oct-2018,26,2.2
V0402,29-Oct-2019,7,3.7
V0402,29-Sep-2018,17,3.3
V0402,29-Sep-2019,32,2.3
V0402,30-Aug-2018,28,2.9
V0402,30-Aug-2019,26,3.4
V0402,30-Jul-2018,13,3.3
V0402,30-Jul-2019,22,2.8
V0402,30-Jun-2019,47,4.0
V0402,30-May-2019,11,3.0
V0402,30-Nov-2018,28,3.0
V0402,30-Oct-2018,6,1.9
V0402,30-Oct-2019,25,4.0
V0402,30-Sep-2018,24,2.2
V0402,30-Sep-2019,10,3.1
V0402,31-Aug-2018,37,3.7
V0402,31-Aug-2019,37,2.3
V0402,31-Jul-2018,24,3.1
V0402,31-Jul-2019,15,2.4
V0402,31-May-2019,31,3.6
V0402,31-Oct-2018,25,3.2
V0402,31-Oct-2019,18,3.9
V0403,23-Aug-2019,7,3.9
V0408,01-Aug-2018,3,3.4
V0408,01-Jul-2019,4,3.5
V0408,01-Oct-2018,9,3.1
V0408,02-Nov-2018,35,2.7
V0408,02-Oct-2018,7,3.4
V0408,02-Sep-2018,8,4.0
V0408,04-Jul-2019,4,2.8
V0408,04-Nov-2018,4,2.6
V0408,04-Oct-2018,15,2.7
V0408,05-Aug-2018,5,2.8
V0408,07-Jun-2019,11,2.0
V0408,07-Nov-2018,3,3.0
V0408,07-Oct-2018,4,3.0
V0408,08-Nov-2018,18,3.2
V0408,09-Oct-2018,20,2.7
V0408,09-Sep-2018,9,3.3
V0408,11-Nov-2018,17,3.9
V0408,12-Aug-2018,18,4.1
V0408,12-Nov-2018,9,3.2
V0408,13-Aug-2018,16,1.9
V0408,13-Jul-2019,2,4.1
V0408,14-Aug-2018,4,3.5
V0408,14-Jun-2019,3,2.6
V0408,14-Nov-2018,9,2.2
V0408,15-Aug-2018,12,2.1
V0408,15-Oct-2018,28,2.2
V0408,16-Aug-2018,17,1.9
V0408,16-Jul-2019,2,4.0
V0408,16-Nov-2018,6,3.1
V0408,16-Oct-2018,11,3.5
V0408,16-Oct-2019,10,3.8
V0408,17-Nov-2018,9,3.7
V0408,17-Oct-2018,61,3.9
V0408,18-Nov-2018,5,4.1
V0408,19-Aug-2018,12,2.9
V0408,21-Nov-2018,8,4.1
V0408,21-Oct-2018,3,3.5
V0408,21-Sep-2018,4,2.0
V0408,22-Nov-2018,6,3.4
V0408,23-Nov-2018,5,3.4
V0408,23-Sep-2018,9,4.0
V0408,24-Nov-2018,10,2.7
V0408,24-Sep-2018,3,3.2
V0408,27-Nov-2018,8,1.8
V0408,28-Nov-2018,4,2.6
V0408,28-Sep-2018,7,1.9
V0408,29-Oct-2018,6,3.1
V0408,29-Sep-2018,4,3.8
V0408,30-Jul-2018,4,2.3
V0408,30-Jun-2019,5,3.1
V0408,30-Sep-2018,18,2.3
V0411,01-Jul-2019,7,2.1
V0411,01-Sep-2019,8,3.0
V0411,03-Jul-2019,4,2.0
V0411,03-Jun-2019,5,3.2
V0411,03-Nov-2019,4,1.9
V0411,04-Jul-2019,5,2.1
V0411,04-Nov-2019,3,3.1
V0411,05-Aug-2019,6,3.2
V0411,05-Jul-2019,2,1.9
V0411,05-Jun-2019,9,3.2
V0411,05-Oct-2019,9,3.8
V0411,08-Jul-2019,2,3.5
V0411,08-Sep-2019,16,2.1
V0411,09-Aug-2019,12,3.2
V0411,09-Jun-2019,3,3.4
V0411,09-Nov-2019,2,1.9
V0411,10-Jun-2019,13,3.9
V0411,10-Nov-2019,3,4.0
V0411,11-Aug-2019,4,3.8
V0411,11-Jul-2019,3,3.8
V0411,11-Nov-2019,6,3.6
V0411,12-Aug-2019,4,3.3
V0411,12-Sep-2019,2,3.4
V0411,13-Jul-2019,14,3.7
V0411,13-Sep-2019,18,3.4
V0411,14-Oct-2019,2,2.6
V0411,15-Jul-2019,5,2.7
V0411,15-Nov-2019,5,4.0
V0411,15-Sep-2019,4,1.8
V0411,16-Aug-2019,15,3.5
V0411,16-Oct-2019,4,4.1
V0411,16-Sep-2019,5,3.5
V0411,17-Oct-2019,4,4.2
V0411,18-Aug-2019,6,3.5
V0411,18-Jul-2019,4,1.9
V0411,19-Aug-2019,2,3.8
V0411,20-Jul-2019,4,2.5
V0411,20-Oct-2019,2,2.9
V0411,21-Oct-2019,4,2.5
V0411,21-Sep-2019,6,2.4
V0411,22-May-2019,6,2.8
V0411,23-Jun-2019,8,2.7
V0411,23-Oct-2019,14,3.3
V0411,23-Sep-2019,17,3.8
V0411,24-May-2019,4,2.5
V0411,24-Oct-2019,4,2.3
V0411,25-Oct-2019,4,3.4
V0411,27-Jun-2019,3,3.4
V0411,27-May-2019,2,4.0
V0411,27-Oct-2019,2,1.8
V0411,28-Jul-2019,4,3.8
V0411,28-Oct-2019,7,3.1
V0411,29-Jul-2019,2,3.3
V0411,29-Sep-2019,19,2.0
V0411,30-Aug-2019,5,2.8
V0411,31-May-2019,3,2.3
V0411,31-Oct-2019,5,2.4
V0413,01-Aug-2019,2,3.0
V0413,01-Jul-2019,4,3.7
V0413,01-Jun-2019,4,3.6
V0413,01-Oct-2019,4,3.2
V0413,01-Sep-2019,6,3.1
V0413,02-Aug-2019,3,2.8
V0413,02-Nov-2019,8,4.1
V0413,02-Sep-2019,13,3.1
V0413,03-Aug-2019,2,2.4
V0413,03-Jul-2019,3,2.4
V0413,03-Nov-2019,6,3.3
V0413,03-Oct-2019,2,3.1
V0413,04-Jul-2019,4,1.8
V0413,04-Jun-2019,2,3.8
V0413,04-Oct-2019,2,3.5
V0413,04-Sep-2019,5,3.4
V0413,05-Jul-2019,8,2.0
V0413,05-Jun-2019,4,2.7
V0413,05-Sep-2019,4,4.0
V0413,06-Aug-2019,2,3.9
V0413,06-Nov-2019,2,2.5
V0413,06-Oct-2019,3,2.2
V0413,06-Sep-2019,9,2.9
V0413,07-Jul-2019,8,2.7
V0413,07-Jun-2019,4,3.4
V0413,07-Oct-2019,2,4.1
V0413,08-Aug-2019,2,2.7
V0413,08-Jul-2019,10,1.9
V0413,08-Jun-2019,2,4.0
V0413,08-Sep-2019,10,1.9
V0413,09-Jul-2019,5,4.1
V0413,09-Jun-2019,5,3.4
V0413,09-Sep-2019,4,4.1
V0413,10-Aug-2019,6,2.3
V0413,10-Dec-2019,8,1.9
V0413,10-Jul-2019,3,3.0
V0413,10-Jun-2019,5,2.9
V0413,10-Nov-2019,5,2.6
V0413,11-Aug-2019,4,4.1
V0413,11-Jul-2019,2,3.8
V0413,11-Jun-2019,2,3.4
V0413,11-Nov-2019,2,2.2
V0413,11-Oct-2019,4,3.6
V0413,12-Jul-2019,8,3.5
V0413,12-Nov-2019,3,2.8
V0413,12-Oct-2019,8,4.0
V0413,12-Sep-2019,2,2.2
V0413,13-Aug-2019,8,2.4
V0413,13-Jul-2019,7,2.0
V0413,13-Jun-2019,5,3.7
V0413,13-Nov-2019,4,3.3
V0413,13-Oct-2019,5,2.6
V0413,13-Sep-2019,10,2.2
V0413,14-Aug-2019,3,1.9
V0413,14-Jul-2019,19,2.2
V0413,14-Oct-2019,14,2.9
V0413,14-Sep-2019,2,2.4
V0413,15-Jul-2019,6,2.4
V0413,15-Jun-2019,2,3.9
V0413,15-Sep-2019,2,3.0
V0413,16-Aug-2019,3,3.6
V0413,16-Jul-2019,6,1.9
V0413,16-Oct-2019,6,2.7
V0413,16-Sep-2019,9,3.0
V0413,17-Jul-2019,2,2.2
V0413,17-Jun-2019,8,2.1
V0413,17-Oct-2019,9,3.9
V0413,18-Aug-2019,4,4.1
V0413,18-Jul-2019,2,2.0
V0413,18-Oct-2019,5,2.6
V0413,18-Sep-2019,6,4.1
V0413,19-Aug-2019,11,2.0
V0413,19-Jul-2019,5,3.3
V0413,19-Jun-2019,3,4.1
V0413,19-May-2019,5,4.1
V0413,19-Nov-2019,4,2.9
V0413,19-Oct-2019,9,2.2
V0413,19-Sep-2019,6,2.3
V0413,20-Jul-2019,2,3.9
V0413,20-May-2019,2,4.0
V0413,20-Oct-2019,2,3.3
V0413,21-Jul-2019,17,3.6
V0413,21-Jun-2019,2,3.6
V0413,21-Oct-2019,5,3.4
V0413,22-May-2019,5,3.8
V0413,22-Oct-2019,6,3.4
V0413,23-Aug-2019,4,3.1
V0413,23-Jun-2019,4,2.4
V0413,23-Nov-2019,2,3.6
V0413,23-Oct-2019,5,2.9
V0413,24-Jun-2019,9,2.5
V0413,24-May-2019,2,3.7
V0413,25-Aug-2019,2,3.5
V0413,25-Jun-2019,4,4.0
V0413,25-Nov-2019,5,2.2
V0413,25-Sep-2019,2,3.4
V0413,26-Aug-2019,2,2.4
V0413,26-May-2019,3,4.0
V0413,27-Jun-2019,10,2.0
V0413,27-May-2019,4,3.4
V0413,27-Nov-2019,5,3.7
V0413,27-Oct-2019,3,2.7
V0413,28-Aug-2019,6,4.1
V0413,28-Jul-2019,2,3.8
V0413,28-Jun-2019,3,2.5
V0413,28-Oct-2019,4,1.8
V0413,29-Jul-2019,2,2.5
V0413,29-Jun-2019,2,2.5
V0413,29-May-2019,5,3.9
V0413,29-Sep-2019,7,4.1
V0413,30-Aug-2019,2,2.0
V0413,30-Jul-2019,10,2.9
V0413,30-Jun-2019,11,3.1
V0413,30-May-2019,5,2.0
V0413,30-Sep-2019,2,2.7
V0413,31-Aug-2019,5,2.6
V0416,01-Jul-2019,26,3.1
V0416,01-Jun-2019,8,3.4
V0416,01-Nov-2019,7,3.5
V0416,01-Oct-2019,9,2.1
V0416,01-Sep-2019,15,3.8
V0416,02-Aug-2019,3,3.4
V0416,02-Jul-2019,13,3.9
V0416,02-Jun-2019,5,2.9
V0416,02-Sep-2019,26,3.9
V0416,03-Aug-2019,12,3.9
V0416,03-Jun-2019,10,2.9
V0416,03-Nov-2019,22,2.7
V0416,03-Oct-2019,20,4.0
V0416,03-Sep-2019,14,3.5
V0416,04-Aug-2019,18,4.0
V0416,04-Jul-2019,6,3.7
V0416,04-Jun-2019,2,3.3
V0416,04-Nov-2019,15,2.1
V0416,04-Oct-2019,23,2.5
V0416,05-Aug-2019,6,4.1
V0416,05-Jul-2019,13,2.6
V0416,05-Nov-2019,6,2.0
V0416,05-Oct-2019,6,3.5
V0416,05-Sep-2019,4,3.6
V0416,06-Aug-2019,4,2.5
V0416,06-Jul-2019,5,2.5
V0416,06-Jun-2019,14,2.9
V0416,06-Oct-2019,11,1.9
V0416,06-Sep-2019,3,3.7
V0416,07-Jul-2019,12,2.6
V0416,07-Jun-2019,13,3.8
V0416,07-Nov-2019,4,3.7
V0416,07-Oct-2019,14,3.4
V0416,07-Sep-2019,15,2.6
V0416,08-Aug-2019,5,3.0
V0416,08-Jul-2019,14,2.9
V0416,08-Jun-2019,8,2.6
V0416,08-Oct-2019,12,3.8
V0416,08-Sep-2019,31,3.0
V0416,09-Aug-2019,17,3.8
V0416,09-Jul-2019,2,2.1
V0416,09-Jun-2019,8,2.1
V0416,09-Nov-2019,3,4.1
V0416,09-Oct-2019,15,3.2
V0416,09-Sep-2019,19,3.0
V0416,10-Aug-2019,5,3.1
V0416,10-Jun-2019,15,2.3
V0416,10-Nov-2019,10,3.5
V0416,10-Sep-2019,2,2.0
V0416,11-Aug-2019,17,3.2
V0416,11-Jul-2019,5,3.2
V0416,11-Jun-2019,4,4.0
V0416,11-Nov-2019,18,3.1
V0416,11-Oct-2019,14,2.1
V0416,12-Aug-2019,20,3.2
V0416,12-Jul-2019,12,2.0
V0416,12-Oct-2019,4,2.3
V0416,12-Sep-2019,5,1.9
V0416,13-Aug-2019,14,3.0
V0416,13-Jul-2019,25,2.0
V0416,13-Jun-2019,19,2.9
V0416,13-Oct-2019,22,4.0
V0416,13-Sep-2019,6,3.5
V0416,14-Jul-2019,14,2.0
V0416,14-Jun-2019,11,2.3
V0416,14-Oct-2019,2,3.4
V0416,14-Sep-2019,8,3.9
V0416,15-Jul-2019,22,1.9
V0416,15-Jun-2019,2,3.7
V0416,15-Nov-2019,7,3.1
V0416,15-Oct-2019,15,3.1
V0416,15-Sep-2019,22,4.1
V0416,16-Aug-2019,10,3.6
V0416,16-Jul-2019,20,3.8
V0416,16-Jun-2019,12,2.6
V0416,16-Sep-2019,16,3.1
V0416,17-Jun-2019,14,3.3
V0416,17-Nov-2019,15,2.6
V0416,17-Oct-2019,5,3.2
V0416,17-Sep-2019,7,2.4
V0416,18-Aug-2019,13,2.1
V0416,18-Jul-2019,24,2.7
V0416,18-Jun-2019,14,3.6
V0416,18-May-2019,11,4.0
V0416,18-Oct-2019,13,2.9
V0416,19-Aug-2019,18,3.3
V0416,19-Jul-2019,19,2.0
V0416,19-May-2019,16,4.0
V0416,19-Oct-2019,6,3.2
V0416,19-Sep-2019,2,3.7
V0416,20-Jul-2019,8,3.7
V0416,20-Jun-2019,7,2.4
V0416,20-May-2019,11,3.1
V0416,20-Oct-2019,16,4.1
V0416,20-Sep-2019,2,2.0
V0416,21-Jul-2019,23,3.4
V0416,21-Jun-2019,7,4.1
V0416,21-May-2019,12,2.5
V0416,21-Oct-2019,14,3.9
V0416,21-Sep-2019,9,4.0
V0416,22-Aug-2019,4,3.6
V0416,22-Jun-2019,20,2.4
V0416,22-Oct-2019,14,2.6
V0416,22-Sep-2019,27,1.9
V0416,23-Aug-2019,2,3.8
V0416,23-Jun-2019,22,3.8
V0416,23-May-2019,9,3.3
V0416,23-Sep-2019,15,2.6
V0416,24-Jun-2019,7,2.0
V0416,24-May-2019,19,3.6
V0416,24-Oct-2019,3,3.5
V0416,24-Sep-2019,17,4.0
V0416,25-Aug-2019,7,3.6
V0416,25-Jul-2019,8,3.8
V0416,25-Jun-2019,5,3.6
V0416,25-May-2019,7,3.3
V0416,26-Aug-2019,24,2.8
V0416,26-Jul-2019,14,4.0
V0416,26-May-2019,8,3.4
V0416,26-Oct-2019,3,2.8
V0416,26-Sep-2019,8,2.0
V0416,27-Jul-2019,13,2.5
V0416,27-Jun-2019,5,3.1
V0416,27-May-2019,14,2.5
V0416,27-Oct-2019,19,2.3
V0416,27-Sep-2019,8,3.1
V0416,28-Jul-2019,5,2.2
V0416,28-Jun-2019,4,3.7
V0416,28-May-2019,13,3.0
V0416,28-Oct-2019,15,3.2
V0416,28-Sep-2019,3,2.2
V0416,29-Aug-2019,5,2.6
V0416,29-Jul-2019,8,2.8
V0416,29-Jun-2019,2,3.7
V0416,29-Oct-2019,14,3.6
V0416,29-Sep-2019,8,2.3
V0416,30-Aug-2019,23,3.3
V0416,30-Jul-2019,4,2.4
V0416,30-Jun-2019,14,4.2
V0416,30-May-2019,2,4.1
V0416,30-Sep-2019,21,3.2
V0416,31-Aug-2019,2,3.5
V0416,31-Jul-2019,11,3.7
V0416,31-May-2019,2,3.5
V0416,31-Oct-2019,5,3.5
V0418,28-May-2019,2,4.1
V0424,11-Jul-2019,4,3.2
V0426,16-Jun-2019,10,3.3
V0426,26-Jun-2019,4,3.8
V0427,01-Aug-2019,10,3.4
V0427,01-Dec-2019,5,3.6
V0427,01-Jul-2019,13,2.4
V0427,01-Jun-2019,14,2.7
V0427,01-Nov-2018,12,2.2
V0427,01-Nov-2019,17,3.0
V0427,01-Oct-2018,8,2.9
V0427,01-Sep-2019,11,4.2
V0427,02-Aug-2018,6,3.3
V0427,02-Aug-2019,8,3.7
V0427,02-Jun-2019,13,2.6
V0427,02-Nov-2018,11,3.8
V0427,02-Nov-2019,7,3.3
V0427,02-Oct-2019,6,3.5
V0427,02-Sep-2018,12,2.5
V0427,03-Aug-2018,8,3.1
V0427,03-Aug-2019,13,3.3
V0427,03-Jul-2019,13,3.2
V0427,03-Jun-2019,12,4.0
V0427,03-Nov-2018,7,4.0
V0427,03-Nov-2019,18,4.1
V0427,03-Oct-2018,12,3.4
V0427,03-Oct-2019,14,4.1
V0427,04-Aug-2018,8,3.8
V0427,04-Aug-2019,12,2.4
V0427,04-Jul-2019,14,2.8
V0427,04-Nov-2018,18,2.4
V0427,04-Nov-2019,7,1.8
V0427,04-Oct-2018,4,2.3
V0427,04-Oct-2019,16,1.8
V0427,04-Sep-2019,12,3.5
V0427,05-Aug-2018,19,2.8
V0427,05-Jul-2019,12,2.6
V0427,05-Jun-2019,8,3.6
V0427,05-Nov-2018,6,3.8
V0427,05-Oct-2018,8,4.1
V0427,05-Oct-2019,15,3.3
V0427,05-Sep-2018,9,2.9
V0427,05-Sep-2019,6,2.5
V0427,06-Aug-2018,8,2.3
V0427,06-Jul-2019,13,2.3
V0427,06-Jun-2019,12,2.8
V0427,06-Nov-2019,6,4.2
V0427,06-Oct-2018,10,1.8
V0427,06-Oct-2019,15,2.3
V0427,06-Sep-2018,6,2.3
V0427,06-Sep-2019,16,3.5
V0427,07-Aug-2019,11,2.6
V0427,07-Jul-2019,16,2.9
V0427,07-Jun-2019,10,2.2
V0427,07-Nov-2018,13,2.8
V0427,07-Nov-2019,12,2.0
V0427,07-Oct-2018,11,3.1
V0427,07-Oct-2019,16,2.0
V0427,07-Sep-2018,6,3.7
V0427,07-Sep-2019,11,3.2
V0427,08-Aug-2018,21,3.5
V0427,08-Dec-2019,9,2.8
V0427,08-Jul-2019,9,2.7
V0427,08-Jun-2019,16,2.0
V0427,08-Nov-2018,7,3.1
V0427,08-Nov-2019,11,3.0
V0427,08-Oct-2018,11,2.9
V0427,08-Sep-2018,2,3.6
V0427,08-Sep-2019,17,3.8
V0427,09-Aug-2018,11,3.6
V0427,09-Aug-2019,13,2.1
V0427,09-Jun-2019,21,3.3
V0427,09-Nov-2018,10,2.0
V0427,09-Nov-2019,16,3.5
V0427,09-Sep-2018,14,2.7
V0427,09-Sep-2019,19,2.1
V0427,10-Aug-2018,12,3.9
V0427,10-Aug-2019,12,3.3
V0427,10-Jul-2019,6,2.7
V0427,10-Jun-2019,13,1.9
V0427,10-Nov-2018,15,3.1
V0427,10-Nov-2019,14,4.0
V0427,10-Oct-2019,14,3.2
V0427,10-Sep-2018,4,4.1
V0427,11-Aug-2018,9,2.1
V0427,11-Aug-2019,9,3.2
V0427,11-Jul-2019,16,3.7
V0427,11-Nov-2018,19,3.1
V0427,11-Nov-2019,5,2.0
V0427,11-Oct-2018,10,3.2
V0427,11-Oct-2019,17,3.3
V0427,11-Sep-2019,4,3.5
V0427,12-Aug-2018,8,3.6
V0427,12-Aug-2019,12,3.6
V0427,12-Jul-2019,16,3.4
V0427,12-Jun-2019,6,2.3
V0427,12-Nov-2018,12,2.8
V0427,12-Oct-2018,16,3.7
V0427,12-Oct-2019,9,4.1
V0427,12-Sep-2018,2,2.0
V0427,12-Sep-2019,8,3.1
V0427,13-Jul-2019,16,2.6
V0427,13-Jun-2019,12,2.3
V0427,13-Nov-2019,5,3.0
V0427,13-Oct-2018,16,3.3
V0427,13-Oct-2019,13,1.8
V0427,13-Sep-2018,13,3.7
V0427,13-Sep-2019,15,3.8
V0427,14-Aug-2019,9,4.1
V0427,14-Dec-2019,3,2.2
V0427,14-Jul-2019,14,3.2
V0427,14-Jun-2019,14,2.8
V0427,14-Nov-2018,11,2.6
V0427,14-Nov-2019,5,3.2
V0427,14-Oct-2018,11,3.7
V0427,14-Oct-2019,6,1.9
V0427,14-Sep-2018,8,4.1
V0427,14-Sep-2019,15,3.7
V0427,15-Aug-2018,16,3.6
V0427,15-Aug-2019,8,3.6
V0427,15-Jul-2019,15,2.7
V0427,15-Jun-2019,12,3.6
V0427,15-Nov-2018,9,2.7
V0427,15-Nov-2019,8,4.0
V0427,15-Oct-2018,6,2.2
V0427,15-Sep-2018,8,2.5
V0427,15-Sep-2019,15,3.1
V0427,16-Aug-2018,8,2.6
V0427,16-Aug-2019,7,2.8
V0427,16-Jun-2019,13,3.0
V0427,16-Nov-2018,15,3.9
V0427,16-Nov-2019,5,3.1
V0427,16-Oct-2019,11,2.7
V0427,16-Sep-2018,13,2.4
V0427,16-Sep-2019,8,2.8
V0427,17-Aug-2018,6,3.0
V0427,17-Aug-2019,14,3.6
V0427,17-Jul-2019,5,2.1
V0427,17-Jun-2019,8,2.3
V0427,17-Nov-2018,10,2.7
V0427,17-Nov-2019,5,2.7
V0427,17-Oct-2018,14,2.7
V0427,17-Oct-2019,10,3.7
V0427,17-Sep-2018,15,2.6
V0427,18-Aug-2018,10,3.0
V0427,18-Aug-2019,13,3.3
V0427,18-Jul-2019,14,2.4
V0427,18-May-2019,8,3.5
V0427,18-Nov-2018,11,3.1
V0427,18-Oct-2018,5,2.9
V0427,18-Oct-2019,14,3.7
V0427,18-Sep-2019,15,2.4
V0427,19-Aug-2018,8,3.9
V0427,19-Aug-2019,5,3.1
V0427,19-Jul-2019,17,3.3
V0427,19-Jun-2019,6,3.9
V0427,19-May-2019,8,3.8
V0427,19-Nov-2018,9,3.2
V0427,19-Oct-2018,5,3.6
V0427,19-Oct-2019,17,2.8
V0427,19-Sep-2018,11,3.1
V0427,19-Sep-2019,9,1.9
V0427,20-Aug-2018,15,2.0
V0427,20-Dec-2019,3,3.8
V0427,20-Jul-2019,12,1.9
V0427,20-Jun-2019,14,2.2
V0427,20-May-2019,4,3.7
V0427,20-Oct-2018,14,1.8
V0427,20-Oct-2019,11,2.5
V0427,20-Sep-2018,2,3.2
V0427,20-Sep-2019,15,3.2
V0427,21-Aug-2019,12,3.7
V0427,21-Jul-2019,15,3.0
V0427,21-Jun-2019,15,3.0
V0427,21-Nov-2018,14,3.5
V0427,21-Nov-2019,3,3.0
V0427,21-Oct-2018,10,3.3
V0427,21-Oct-2019,6,4.0
V0427,21-Sep-2018,7,2.8
V0427,21-Sep-2019,15,2.7
V0427,22-Aug-2018,6,1.8
V0427,22-Aug-2019,12,3.3
V0427,22-Jul-2018,3,1.9
V0427,22-Jul-2019,14,3.0
V0427,22-Jun-2019,18,3.7
V0427,22-May-2019,11,3.1
V0427,22-Nov-2018,17,2.4
V0427,22-Oct-2018,5,3.7
V0427,22-Sep-2018,12,2.4
V0427,22-Sep-2019,12,3.6
V0427,23-Aug-2018,8,3.3
V0427,23-Aug-2019,9,2.2
V0427,23-Jul-2018,4,4.0
V0427,23-Jul-2019,12,2.3
V0427,23-Jun-2019,16,4.2
V0427,23-May-2019,10,1.8
V0427,23-Nov-2019,3,2.4
V0427,23-Oct-2019,4,2.3
V0427,23-Sep-2018,13,1.8
V0427,23-Sep-2019,4,3.6
V0427,24-Aug-2018,7,3.5
V0427,24-Aug-2019,10,3.7
V0427,24-Jul-2019,13,2.4
V0427,24-Jun-2019,16,2.9
V0427,24-May-2019,6,3.4
V0427,24-Nov-2018,12,2.9
V0427,24-Oct-2018,13,3.5
V0427,24-Oct-2019,15,3.3
V0427,24-Sep-2018,2,2.1
V0427,25-Aug-2018,17,3.7
V0427,25-Aug-2019,16,3.5
V0427,25-Jul-2019,14,3.4
V0427,25-May-2019,6,2.2
V0427,25-Nov-2018,14,2.4
V0427,25-Oct-2018,11,2.7
V0427,25-Oct-2019,11,2.5
V0427,25-Sep-2019,14,2.3
V0427,26-Aug-2018,14,3.7
V0427,26-Aug-2019,3,3.3
V0427,26-Jun-2019,13,3.2
V0427,26-May-2019,13,2.3
V0427,26-Oct-2018,15,4.0
V0427,26-Oct-2019,15,2.3
V0427,26-Sep-2018,11,3.7
V0427,26-Sep-2019,15,4.1
V0427,27-Aug-2018,7,3.5
V0427,27-Jun-2019,6,4.2
V0427,27-May-2019,2,3.4
V0427,27-Nov-2019,4,2.3
V0427,27-Oct-2018,12,2.3
V0427,27-Oct-2019,14,2.6
V0427,27-Sep-2018,7,1.8
V0427,27-Sep-2019,12,3.4
V0427,28-Aug-2019,6,2.4
V0427,28-Jun-2019,17,3.8
V0427,28-Nov-2018,13,2.7
V0427,28-Oct-2018,11,3.0
V0427,28-Oct-2019,6,4.1
V0427,28-Sep-2018,14,2.4
V0427,28-Sep-2019,15,3.5
V0427,29-Aug-2018,12,3.6
V0427,29-Aug-2019,13,2.3
V0427,29-Jul-2018,7,3.0
V0427,29-Jun-2019,14,2.6
V0427,29-May-2019,5,3.7
V0427,29-Nov-2018,11,3.3
V0427,29-Nov-2019,6,2.9
V0427,29-Oct-2018,6,3.7
V0427,29-Sep-2018,14,2.4
V0427,29-Sep-2019,11,3.6
V0427,30-Aug-2018,11,3.9
V0427,30-Aug-2019,12,3.9
V0427,30-Jul-2018,8,3.7
V0427,30-Jun-2019,14,2.8
V0427,30-May-2019,6,4.2
V0427,30-Oct-2019,15,2.7
V0427,30-Sep-2018,14,3.3
V0427,30-Sep-2019,17,2.2
V0427,31-Aug-2018,12,4.2
V0427,31-Aug-2019,9,3.5
V0427,31-May-2019,18,3.6
V0427,31-Oct-2018,13,2.0
V0427,31-Oct-2019,15,3.6
V0429,01-Aug-2018,3,3.7
V0429,01-Oct-2019,5,3.4
V0429,04-Nov-2018,3,2.5
V0429,07-Oct-2019,3,3.0
V0429,08-Jul-2019,5,2.1
V0429,08-Oct-2019,3,2.9
V0429,09-Aug-2018,6,2.4
V0429,09-Nov-2018,2,2.6
V0429,09-Nov-2019,2,2.2
V0429,11-Nov-2019,2,2.4
V0429,12-Sep-2018,2,2.0
V0429,12-Sep-2019,4,4.0
V0429,13-Nov-2019,2,3.1
V0429,14-Oct-2018,6,2.8
V0429,14-Oct-2019,2,3.1
V0429,16-Aug-2018,6,3.3
V0429,17-Jul-2019,3,4.0
V0429,17-Nov-2018,4,2.2
V0429,18-Aug-2018,4,2.5
V0429,27-Aug-2018,2,4.1
V0429,30-Jun-2019,2,2.7
V0429,31-Aug-2018,3,1.9
V0430,21-Jul-2019,10,2.2
V0435,01-Dec-2019,5,1.9
V0435,01-Jul-2019,20,4.2
V0435,01-Jun-2019,2,2.5
V0435,01-Oct-2019,8,4.0
V0435,02-Dec-2019,7,4.2
V0435,02-Jul-2019,15,3.2
V0435,02-Jun-2019,10,1.9
V0435,02-Nov-2019,11,2.0
V0435,02-Oct-2019,3,3.0
V0435,02-Sep-2019,4,2.8
V0435,03-Jul-2019,7,3.3
V0435,03-Jun-2019,15,2.9
V0435,03-Sep-2019,8,4.0
V0435,04-Aug-2019,10,3.1
V0435,04-Jun-2019,4,3.5
V0435,04-Nov-2019,17,4.0
V0435,05-Aug-2019,20,2.2
V0435,05-Jun-2019,2,2.4
V0435,05-Nov-2019,24,2.1
V0435,06-Aug-2019,7,2.1
V0435,06-Jul-2019,7,3.0
V0435,06-Oct-2019,7,2.6
V0435,07-Jul-2019,21,2.8
V0435,07-Oct-2019,8,4.2
V0435,07-Sep-2019,2,2.2
V0435,08-Jul-2019,20,3.1
V0435,08-Jun-2019,7,2.0
V0435,08-Oct-2019,19,2.6
V0435,08-Sep-2019,9,3.1
V0435,09-Jul-2019,8,4.1
V0435,09-Jun-2019,3,2.7
V0435,09-Nov-2019,9,2.0
V0435,09-Oct-2019,7,2.7
V0435,09-Sep-2019,15,2.1
V0435,10-Jul-2019,4,2.4
V0435,10-Jun-2019,8,3.3
V0435,10-Sep-2019,14,2.0
V0435,11-Nov-2019,19,2.9
V0435,12-Aug-2019,2,3.3
V0435,12-Jun-2019,11,2.8
V0435,12-Nov-2019,31,1.8
V0435,12-Oct-2019,18,4.2
V0435,13-Aug-2019,6,2.7
V0435,13-Jul-2019,7,3.7
V0435,13-Nov-2019,15,2.6
V0435,13-Oct-2019,6,2.9
V0435,14-Aug-2019,6,2.7
V0435,14-Jul-2019,23,2.6
V0435,14-Jun-2019,2,1.9
V0435,14-Oct-2019,22,2.7
V0435,15-Jul-2019,17,3.9
V0435,15-Jun-2019,15,3.5
V0435,15-Oct-2019,7,2.1
V0435,15-Sep-2019,4,3.2
V0435,16-Jul-2019,14,3.9
V0435,16-Jun-2019,4,3.5
V0435,16-Nov-2019,17,2.2
V0435,16-Oct-2019,9,3.9
V0435,16-Sep-2019,7,2.5
V0435,17-Aug-2019,10,2.9
V0435,17-Jul-2019,13,3.1
V0435,17-Jun-2019,45,3.8
V0435,17-Sep-2019,10,4.0
V0435,18-Jul-2019,6,4.0
V0435,18-Jun-2019,8,1.8
V0435,18-Sep-2019,11,4.0
V0435,19-Aug-2019,8,1.9
V0435,19-Jun-2019,4,2.4
V0435,19-May-2019,17,3.0
V0435,19-Nov-2019,4,3.0
V0435,19-Oct-2019,6,3.3
V0435,20-Aug-2019,5,3.0
V0435,20-May-2019,20,4.0
V0435,20-Oct-2019,8,2.4
V0435,21-May-2019,17,2.5
V0435,21-Oct-2019,20,4.0
V0435,21-Sep-2019,3,2.0
V0435,22-Jun-2019,8,3.3
V0435,22-May-2019,3,3.4
V0435,22-Nov-2019,2,3.0
V0435,22-Oct-2019,7,3.5
V0435,22-Sep-2019,3,2.2
V0435,23-Jun-2019,2,3.8
V0435,23-Nov-2019,2,2.1
V0435,23-Oct-2019,6,2.8
V0435,23-Sep-2019,10,2.0
V0435,24-Aug-2019,13,3.1
V0435,24-Jun-2019,8,3.4
V0435,24-Sep-2019,13,4.1
V0435,25-Aug-2019,5,3.6
V0435,25-Jun-2019,7,3.1
V0435,25-May-2019,8,4.0
V0435,26-Aug-2019,15,2.9
V0435,26-Jul-2019,20,3.1
V0435,26-May-2019,5,3.2
V0435,26-Oct-2019,4,2.8
V0435,27-Aug-2019,7,3.8
V0435,27-May-2019,5,2.2
V0435,28-Aug-2019,3,3.1
V0435,28-May-2019,6,3.5
V0435,28-Oct-2019,3,4.0
V0435,29-Jul-2019,5,3.9
V0435,29-Jun-2019,2,3.0
V0435,29-May-2019,8,3.3
V0435,29-Oct-2019,16,2.7
V0435,29-Sep-2019,6,2.9
V0435,30-Jul-2019,7,4.0
V0435,30-Jun-2019,2,4.0
V0435,30-Sep-2019,21,3.9
V0435,31-Jul-2019,2,2.1
V0439,01-Dec-2019,8,3.8
V0439,01-Jul-2019,42,4.1
V0439,01-Jun-2019,2,2.7
V0439,01-Sep-2019,35,3.0
V0439,02-Jul-2019,4,3.7
V0439,02-Nov-2019,12,3.1
V0439,02-Sep-2019,16,4.2
V0439,03-Aug-2019,4,2.9
V0439,03-Feb-2019,12,3.5
V0439,03-Jun-2019,5,3.7
V0439,03-Oct-2019,7,3.0
V0439,03-Sep-2019,6,3.9
V0439,04-Aug-2019,16,3.1
V0439,04-Jul-2019,4,2.8
V0439,04-Nov-2019,8,2.1
V0439,05-Aug-2019,9,2.7
V0439,05-Jul-2019,2,3.6
V0439,06-Aug-2019,3,4.0
V0439,06-Oct-2019,20,2.4
V0439,07-Oct-2019,9,2.7
V0439,07-Sep-2019,2,2.2
V0439,08-Aug-2019,2,3.5
V0439,08-Feb-2019,6,4.1
V0439,08-Jul-2019,60,3.3
V0439,08-Oct-2019,11,3.3
V0439,08-Sep-2019,3,3.1
V0439,09-Jun-2019,34,2.0
V0439,10-Aug-2019,2,3.6
V0439,10-Feb-2019,24,3.2
V0439,10-Jun-2019,18,3.4
V0439,10-Nov-2019,51,4.0
V0439,10-Oct-2019,2,3.7
V0439,10-Sep-2019,10,3.7
V0439,11-Aug-2019,12,4.0
V0439,11-Feb-2019,2,4.2
V0439,11-Jul-2019,2,3.2
V0439,11-Jun-2019,5,2.1
V0439,11-Nov-2019,7,2.9
V0439,12-Aug-2019,10,3.7
V0439,12-Feb-2019,4,1.9
V0439,12-Jun-2019,4,1.9
V0439,12-Nov-2019,2,2.0
V0439,13-Aug-2019,4,3.6
V0439,13-Jun-2019,6,3.0
V0439,14-Jul-2019,28,2.7
V0439,14-Jun-2019,8,2.1
V0439,14-Nov-2019,2,3.6
V0439,14-Oct-2019,22,2.6
V0439,15-Aug-2019,15,2.4
V0439,15-Jul-2019,14,3.4
V0439,16-Aug-2019,3,3.1
V0439,16-Jun-2019,22,2.7
V0439,16-Oct-2019,11,3.3
V0439,16-Sep-2019,23,2.5
V0439,17-Aug-2019,5,3.7
V0439,17-Jul-2019,3,2.4
V0439,17-Jun-2019,24,2.2
V0439,17-Nov-2019,40,3.7
V0439,17-Oct-2019,6,3.5
V0439,17-Sep-2019,4,2.2
V0439,18-Aug-2019,11,2.1
V0439,18-Jun-2019,10,3.8
V0439,18-Nov-2019,7,3.7
V0439,19-Aug-2019,12,2.6
V0439,19-Oct-2019,2,3.4
V0439,20-May-2019,17,2.1
V0439,20-Oct-2019,9,3.0
V0439,21-Jan-2019,2,1.8
V0439,21-Oct-2019,14,2.7
V0439,22-Jul-2019,3,2.0
V0439,23-Jun-2019,13,2.9
V0439,23-Sep-2019,4,2.8
V0439,24-Jun-2019,17,2.9
V0439,24-May-2019,29,1.9
V0439,24-Oct-2019,2,2.7
V0439,25-Jul-2019,13,3.6
V0439,25-May-2019,5,2.7
V0439,26-Aug-2019,2,3.5
V0439,26-Jul-2019,2,2.7
V0439,26-May-2019,3,2.8
V0439,27-Aug-2019,2,3.2
V0439,27-Jan-2019,7,4.1
V0439,27-Jun-2019,3,2.1
V0439,27-May-2019,2,1.9
V0439,27-Oct-2019,7,3.3
V0439,27-Sep-2019,2,4.1
V0439,28-Jan-2019,18,4.2
V0439,28-Jul-2019,6,3.0
V0439,28-Jun-2019,6,2.9
V0439,28-Oct-2019,2,3.3
V0439,28-Sep-2019,10,3.1
V0439,29-Jul-2019,28,3.3
V0439,29-Sep-2019,40,3.9
V0439,30-Oct-2019,5,3.6
V0439,30-Sep-2019,41,3.0
V0442,02-Aug-2019,5,2.9
V0448,01-Jun-2019,4,3.3
V0448,01-Nov-2019,30,2.9
V0448,02-Jul-2019,25,2.9
V0448,02-Nov-2019,26,1.8
V0448,03-Nov-2019,4,2.2
V0448,03-Sep-2019,20,3.0
V0448,05-Dec-2019,27,3.8
V0448,05-Oct-2019,4,2.5
V0448,06-Aug-2019,29,3.1
V0448,06-Dec-2019,13,2.6
V0448,08-Nov-2019,18,2.1
V0448,09-Jul-2019,22,4.1
V0448,11-Aug-2019,7,3.9
V0448,11-Jul-2019,10,2.0
V0448,12-Aug-2019,4,3.5
V0448,13-Jun-2019,13,2.6
V0448,14-Jun-2019,5,4.2
V0448,15-Nov-2019,15,2.5
V0448,16-Aug-2019,6,2.4
V0448,18-Jun-2019,42,3.2
V0448,23-Jul-2019,72,3.8
V0448,23-Oct-2019,10,2.3
V0448,23-Sep-2019,34,3.5
V0448,24-Jul-2019,97,1.9
V0448,24-Nov-2019,21,4.0
V0448,25-Aug-2019,18,2.0
V0448,27-Aug-2019,18,4.0
V0448,27-Nov-2019,4,3.0
V0448,28-May-2019,53,2.9
V0448,30-Sep-2019,18,4.1
V0448,31-May-2019,20,4.2
V0452,01-Aug-2019,2,3.4
V0452,01-Jul-2019,2,2.1
V0452,03-Sep-2019,2,3.0
V0452,04-Aug-2019,1,3.1
V0452,06-Aug-2019,2,3.0
V0452,07-Jul-2019,2,3.2
V0452,10-Sep-2019,3,1.8
V0452,13-Aug-2019,2,3.5
V0452,14-Aug-2019,2,3.5
V0452,18-Jul-2019,4,2.1
V0452,20-Jul-2019,2,3.2
V0452,22-Aug-2019,2,3.2
V0452,25-Jul-2019,4,3.4
V0452,29-May-2019,6,2.0
V0452,29-Oct-2019,2,3.3
V0452,31-Jul-2019,2,2.5
V0452,31-Oct-2019,2,3.0
V0453,01-Aug-2019,3,3.7
V0453,01-Oct-2019,2,3.5
V0453,01-Sep-2019,4,2.1
V0453,02-Sep-2019,2,3.2
V0453,03-Jun-2019,7,4.1
V0453,03-Nov-2019,2,2.2
V0453,04-Aug-2019,2,3.8
V0453,04-Jul-2019,2,3.5
V0453,05-Aug-2019,1,3.7
V0453,05-Jul-2019,1,2.5
V0453,06-Jul-2019,3,2.5
V0453,06-Jun-2019,6,4.0
V0453,07-Jul-2019,6,2.7
V0453,07-Jun-2019,2,2.0
V0453,08-Jul-2019,1,3.2
V0453,08-Sep-2019,5,2.1
V0453,09-Aug-2019,2,3.7
V0453,09-Jun-2019,8,3.3
V0453,10-Jul-2019,4,3.9
V0453,10-Jun-2019,8,3.7
V0453,11-Aug-2019,4,2.1
V0453,11-Jun-2019,2,2.7
V0453,12-Jul-2019,4,3.7
V0453,12-Jun-2019,3,2.8
V0453,13-Aug-2019,2,4.1
V0453,13-Jul-2019,8,3.6
V0453,13-Jun-2019,2,1.8
V0453,13-Oct-2019,10,3.9
V0453,13-Sep-2019,3,2.0
V0453,14-Jul-2019,2,2.1
V0453,14-Oct-2019,4,3.6
V0453,15-Jul-2019,2,3.9
V0453,15-Sep-2019,4,3.1
V0453,16-Jun-2019,4,2.5
V0453,16-Sep-2019,6,2.6
V0453,17-Jun-2019,15,2.6
V0453,18-Aug-2019,8,2.6
V0453,18-Jun-2019,5,2.4
V0453,19-Jul-2019,4,3.3
V0453,19-May-2019,2,4.0
V0453,20-May-2019,7,2.5
V0453,20-Oct-2019,3,2.2
V0453,21-May-2019,2,3.8
V0453,21-Oct-2019,2,3.6
V0453,21-Sep-2019,3,4.0
V0453,22-Aug-2019,5,2.2
V0453,23-Aug-2019,2,2.1
V0453,23-Jun-2019,4,3.1
V0453,24-Jun-2019,7,3.3
V0453,24-May-2019,2,3.0
V0453,24-Sep-2019,2,3.2
V0453,25-Aug-2019,6,2.2
V0453,25-Jun-2019,4,3.0
V0453,26-Jun-2019,2,3.4
V0453,26-May-2019,2,2.8
V0453,27-Aug-2019,2,3.4
V0453,27-Jun-2019,3,2.9
V0453,27-May-2019,2,2.6
V0453,28-Aug-2019,3,2.5
V0453,28-Jun-2019,2,2.8
V0453,28-May-2019,1,1.9
V0453,29-Jul-2019,5,3.4
V0453,29-May-2019,2,3.8
V0453,29-Sep-2019,4,2.7
V0453,30-Jun-2019,4,1.9
V0454,01-Dec-2019,12,4.2
V0454,01-Nov-2019,30,2.4
V0454,01-Oct-2019,96,2.1
V0454,02-Nov-2019,32,2.7
V0454,03-Nov-2019,22,3.6
V0454,04-Dec-2019,22,2.5
V0454,04-Nov-2019,58,3.2
V0454,05-Nov-2019,19,2.8
V0454,06-Dec-2019,6,2.1
V0454,06-Sep-2019,15,2.6
V0454,07-Dec-2019,9,3.5
V0454,07-Nov-2019,33,3.3
V0454,07-Sep-2019,37,2.1
V0454,08-Dec-2019,6,2.2
V0454,08-Nov-2019,34,3.3
V0454,09-Dec-2019,2,3.8
V0454,09-Nov-2019,21,2.6
V0454,09-Sep-2019,52,3.2
V0454,10-Nov-2019,27,2.2
V0454,10-Sep-2019,37,2.5
V0454,11-Nov-2019,39,1.8
V0454,11-Oct-2019,6,3.6
V0454,12-Nov-2019,8,2.8
V0454,12-Oct-2019,26,3.8
V0454,13-Oct-2019,146,3.5
V0454,13-Sep-2019,61,3.8
V0454,14-Nov-2019,32,2.5
V0454,14-Oct-2019,30,2.2
V0454,15-Nov-2019,4,4.1
V0454,15-Oct-2019,3,3.5
V0454,16-Nov-2019,11,3.8
V0454,16-Sep-2019,78,1.8
V0454,17-Nov-2019,26,2.7
V0454,17-Oct-2019,30,3.6
V0454,18-Nov-2019,9,2.0
V0454,18-Oct-2019,12,3.2
V0454,19-Nov-2019,2,2.8
V0454,19-Oct-2019,22,1.8
V0454,20-Dec-2019,10,2.4
V0454,21-Nov-2019,9,2.5
V0454,21-Oct-2019,9,2.1
V0454,21-Sep-2019,32,3.3
V0454,22-Nov-2019,7,2.4
V0454,22-Oct-2019,18,2.5
V0454,22-Sep-2019,103,4.0
V0454,23-Nov-2019,6,2.9
V0454,24-Oct-2019,13,2.7
V0454,25-Jul-2019,3,3.5
V0454,25-Nov-2019,4,4.0
V0454,25-Oct-2019,16,1.9
V0454,25-Sep-2019,40,2.9
V0454,26-Oct-2019,19,3.3
V0454,26-Sep-2019,165,2.6
V0454,27-Oct-2019,36,3.7
V0454,28-Oct-2019,39,4.1
V0454,29-Oct-2019,32,4.1
V0454,31-Oct-2019,13,2.4
V0456,03-Jul-2019,20,2.3
V0456,05-Jun-2019,7,4.1
V0456,06-Jun-2019,14,2.9
V0456,07-Jun-2019,12,2.3
V0456,09-Jun-2019,5,3.5
V0456,10-Jun-2019,18,2.5
V0456,12-Jun-2019,3,2.4
V0456,13-Jul-2019,2,3.9
V0456,13-Jun-2019,9,2.2
V0456,15-Jul-2019,5,2.0
V0456,17-Jul-2019,18,2.4
V0456,18-Jun-2019,25,3.3
V0456,18-May-2019,6,2.1
V0456,19-Jun-2019,13,2.9
V0456,20-Jun-2019,6,3.3
V0456,21-Jun-2019,9,3.8
V0456,22-May-2019,3,2.4
V0456,23-Jun-2019,20,3.8
V0456,25-Jun-2019,7,2.4
V0456,26-Sep-2019,7,3.4
V0456,27-Jun-2019,16,2.8
V0459,01-Jul-2019,14,2.1
V0459,01-Sep-2019,8,3.5
V0459,02-Jul-2019,9,2.3
V0459,02-Jun-2019,14,2.2
V0459,02-Nov-2019,6,2.7
V0459,03-Jul-2019,30,3.4
V0459,03-Jun-2019,18,2.4
V0459,03-Nov-2019,3,2.2
V0459,04-Jun-2019,10,1.8
V0459,04-Nov-2019,21,2.9
V0459,04-Sep-2019,5,2.8
V0459,05-Aug-2019,7,2.4
V0459,06-Aug-2019,20,1.9
V0459,06-Oct-2019,9,2.8
V0459,07-Aug-2019,16,3.7
V0459,07-Jul-2019,29,3.5
V0459,07-Nov-2019,5,3.9
V0459,08-Aug-2019,2,1.8
V0459,08-Jul-2019,16,4.1
V0459,09-Nov-2019,4,2.6
V0459,09-Sep-2019,2,4.2
V0459,10-Jul-2019,31,2.4
V0459,10-Jun-2019,2,2.9
V0459,10-Oct-2019,14,2.6
V0459,10-Sep-2019,2,2.7
V0459,11-Aug-2019,14,3.8
V0459,11-Jul-2019,35,3.6
V0459,11-Jun-2019,8,4.2
V0459,11-Nov-2019,14,3.3
V0459,11-Sep-2019,5,2.9
V0459,12-Aug-2019,2,2.0
V0459,12-Jul-2019,7,4.2
V0459,12-Jun-2019,2,3.1
V0459,12-Nov-2019,2,3.5
V0459,12-Oct-2019,24,2.8
V0459,13-Aug-2019,2,3.1
V0459,13-Jul-2019,12,4.1
V0459,13-Jun-2019,18,2.2
V0459,13-Oct-2019,36,2.5
V0459,14-Jul-2019,2,2.2
V0459,14-Oct-2019,24,3.7
V0459,14-Sep-2019,6,1.9
V0459,15-Aug-2019,11,2.0
V0459,15-Jul-2019,7,2.5
V0459,16-Jul-2019,11,3.0
V0459,16-Jun-2019,6,2.8
V0459,16-Oct-2019,2,1.9
V0459,16-Sep-2019,10,4.1
V0459,17-Jul-2019,5,4.1
V0459,17-Oct-2019,19,2.5
V0459,18-Aug-2019,27,3.6
V0459,18-Jul-2019,21,3.2
V0459,18-Jun-2019,19,2.4
V0459,18-Nov-2019,5,2.4
V0459,18-Sep-2019,14,3.0
V0459,19-Aug-2019,17,2.8
V0459,19-Jul-2019,6,2.5
V0459,19-May-2019,4,3.7
V0459,19-Oct-2019,3,3.0
V0459,19-Sep-2019,3,3.4
V0459,20-Aug-2019,35,2.3
V0459,20-Jul-2019,19,3.1
V0459,20-Jun-2019,2,2.6
V0459,20-May-2019,12,3.1
V0459,20-Oct-2019,15,3.7
V0459,21-Aug-2019,12,3.6
V0459,21-Jul-2019,19,2.7
V0459,21-May-2019,8,3.5
V0459,21-Oct-2019,2,4.1
V0459,22-Oct-2019,3,3.3
V0459,22-Sep-2019,12,2.2
V0459,23-Aug-2019,2,3.4
V0459,23-Jun-2019,5,2.1
V0459,23-Sep-2019,2,3.9
V0459,24-Jun-2019,13,3.0
V0459,25-Aug-2019,7,2.7
V0459,25-Jun-2019,4,1.9
V0459,25-May-2019,6,2.7
V0459,26-Aug-2019,12,4.0
V0459,26-May-2019,2,1.9
V0459,27-Aug-2019,2,2.9
V0459,27-Jul-2019,2,4.0
V0459,28-Jul-2019,9,2.7
V0459,28-Jun-2019,5,2.8
V0459,28-May-2019,17,3.2
V0459,28-Oct-2019,34,2.9
V0459,28-Sep-2019,18,2.2
V0459,29-Jul-2019,2,1.8
V0459,29-Jun-2019,22,3.3
V0459,29-Sep-2019,3,4.0
V0459,30-Jul-2019,8,2.1
V0459,30-Jun-2019,12,2.3
V0459,30-Oct-2019,33,2.7
V0459,30-Sep-2019,2,3.7
V0459,31-Aug-2019,3,2.4
V0459,31-Oct-2019,17,3.9
V0464,03-Jun-2019,30,1.9
V0464,18-Oct-2019,2,4.1
V0464,22-Oct-2019,40,3.1
V0464,23-Aug-2019,2,3.4
V0464,26-Aug-2019,55,2.7
V0464,26-May-2019,6,3.7
V0464,27-May-2019,33,2.2
V0464,28-Sep-2019,36,1.9
V0466,01-Dec-2018,3,2.7
V0466,01-Jul-2019,6,3.8
V0466,01-Sep-2019,6,3.6
V0466,02-Dec-2018,4,3.0
V0466,02-Jun-2019,2,3.2
V0466,02-Oct-2018,8,2.1
V0466,02-Sep-2018,3,3.8
V0466,02-Sep-2019,2,3.7
V0466,03-Jul-2019,13,3.4
V0466,03-Nov-2019,17,2.9
V0466,03-Oct-2019,15,4.1
V0466,04-Aug-2019,11,3.9
V0466,04-Jul-2019,7,3.3
V0466,04-Nov-2018,6,2.7
V0466,04-Nov-2019,2,3.3
V0466,05-Aug-2019,7,3.2
V0466,05-Jun-2019,3,2.7
V0466,06-Dec-2018,2,2.5
V0466,07-Nov-2019,2,2.8
V0466,07-Oct-2018,17,3.2
V0466,07-Oct-2019,7,2.8
V0466,08-Jul-2019,8,2.4
V0466,08-Sep-2019,6,3.6
V0466,09-Dec-2018,7,3.1
V0466,09-Jun-2019,2,2.0
V0466,09-Oct-2018,10,2.7
V0466,09-Sep-2019,12,3.9
V0466,10-Dec-2018,2,3.6
V0466,10-Jun-2019,15,2.6
V0466,10-Nov-2019,7,4.1
V0466,10-Oct-2018,4,2.0
V0466,11-Aug-2019,17,4.1
V0466,11-Dec-2018,23,2.4
V0466,11-Jun-2019,20,1.8
V0466,11-Nov-2019,6,2.8
V0466,11-Sep-2019,8,2.7
V0466,12-Dec-2018,10,3.1
V0466,12-Nov-2018,10,3.7
V0466,12-Sep-2019,2,3.8
V0466,14-Jul-2019,8,2.8
V0466,14-Oct-2018,16,2.8
V0466,15-Oct-2018,5,2.2
V0466,15-Sep-2019,2,1.9
V0466,16-Nov-2019,12,3.3
V0466,16-Sep-2019,4,2.0
V0466,17-Dec-2018,19,3.6
V0466,17-Nov-2018,13,3.1
V0466,17-Sep-2019,2,2.3
V0466,19-Aug-2019,2,3.1
V0466,19-Jul-2019,2,2.2
V0466,19-Jun-2019,2,2.9
V0466,19-May-2019,19,3.7
V0466,19-Nov-2018,2,2.9
V0466,20-May-2019,10,2.2
V0466,20-Oct-2018,8,3.5
V0466,21-Jul-2019,11,2.2
V0466,21-Sep-2019,2,3.6
V0466,22-Oct-2019,6,3.0
V0466,23-Sep-2018,2,2.9
V0466,24-Jun-2019,8,3.8
V0466,25-Dec-2018,4,3.5
V0466,25-Nov-2018,3,1.9
V0466,25-Sep-2018,14,2.5
V0466,26-Aug-2018,3,3.9
V0466,26-Aug-2019,2,1.8
V0466,26-Nov-2018,4,3.1
V0466,27-Aug-2019,3,3.5
V0466,27-Oct-2019,12,3.3
V0466,28-Jul-2019,7,3.6
V0466,29-Oct-2018,17,3.5
V0466,29-Oct-2019,3,3.5
V0466,30-Jul-2019,2,3.8
V0466,31-Aug-2019,2,3.3
V0469,02-Oct-2018,11,2.8
V0469,11-Sep-2018,24,2.9
V0469,12-Nov-2018,2,3.5
V0469,23-Oct-2018,4,3.9
V0469,26-Oct-2018,1,2.5
V0471,01-Jun-2019,4,2.6
V0471,01-Nov-2019,2,4.0
V0471,01-Sep-2019,8,3.2
V0471,02-Oct-2019,2,2.2
V0471,02-Sep-2019,2,3.4
V0471,03-Nov-2019,5,4.2
V0471,03-Oct-2019,2,3.8
V0471,03-Sep-2019,10,3.6
V0471,04-Aug-2019,2,2.3
V0471,04-Nov-2019,14,3.9
V0471,05-Jul-2019,3,3.1
V0471,05-Nov-2019,3,3.9
V0471,06-Jul-2019,6,2.6
V0471,06-Oct-2019,2,1.9
V0471,07-Jul-2019,21,2.9
V0471,07-Jun-2019,8,2.4
V0471,07-Nov-2019,2,3.5
V0471,07-Oct-2019,16,4.1
V0471,07-Sep-2019,3,3.5
V0471,08-Nov-2019,2,3.9
V0471,08-Oct-2019,12,2.9
V0471,08-Sep-2019,5,3.7
V0471,09-Nov-2019,5,3.8
V0471,09-Oct-2019,3,3.5
V0471,09-Sep-2019,8,3.0
V0471,10-Jul-2019,3,3.3
V0471,11-Nov-2019,10,3.5
V0471,12-Jul-2019,5,2.4
V0471,12-Nov-2019,2,3.7
V0471,12-Oct-2019,2,4.1
V0471,12-Sep-2019,4,2.9
V0471,13-Aug-2019,1,3.5
V0471,13-Jun-2019,2,3.6
V0471,13-Sep-2019,5,3.4
V0471,14-Aug-2019,9,3.1
V0471,14-Jul-2019,6,3.9
V0471,15-Aug-2019,4,2.9
V0471,15-Jul-2019,10,1.9
V0471,15-Jun-2019,10,3.8
V0471,16-Jul-2019,9,3.4
V0471,17-Jul-2019,2,3.8
V0471,17-Oct-2019,4,2.1
V0471,18-Aug-2019,6,1.9
V0471,18-Jul-2019,4,4.0
V0471,18-Oct-2019,2,2.2
V0471,19-May-2019,3,3.7
V0471,19-Sep-2019,2,3.8
V0471,20-Jun-2019,2,3.5
V0471,20-May-2019,6,2.1
V0471,21-Aug-2019,6,3.4
V0471,21-Jul-2019,7,3.9
V0471,21-Jun-2019,6,2.8
V0471,21-May-2019,2,2.8
V0471,22-Jun-2019,7,2.9
V0471,22-Sep-2019,17,2.0
V0471,23-Aug-2019,2,3.9
V0471,23-Oct-2019,4,3.9
V0471,24-Aug-2019,2,4.2
V0471,24-Jul-2019,5,3.2
V0471,24-Jun-2019,6,3.6
V0471,24-Oct-2019,2,2.3
V0471,25-Aug-2019,3,3.4
V0471,25-Jul-2019,2,3.4
V0471,25-Jun-2019,6,4.0
V0471,25-May-2019,2,3.8
V0471,25-Oct-2019,10,4.1
V0471,26-Aug-2019,12,3.9
V0471,26-May-2019,8,3.9
V0471,27-Aug-2019,4,2.0
V0471,27-Oct-2019,4,3.8
V0471,28-Jul-2019,8,3.3
V0471,28-May-2019,7,2.7
V0471,28-Oct-2019,6,1.9
V0471,29-Oct-2019,2,3.4
V0471,29-Sep-2019,7,2.6
V0471,30-Jul-2019,8,2.9
V0471,30-Sep-2019,6,3.4
V0471,31-Aug-2019,5,4.0
V0471,31-Jul-2019,16,3.8
V0471,31-May-2019,2,2.9
V0471,31-Oct-2019,2,2.7
V0473,21-Jan-2019,2,2.4
V0475,08-Nov-2019,6,2.7
V0475,08-Sep-2019,2,2.1
V0475,28-Oct-2019,4,4.1
V0479,03-Jul-2019,7,3.2
V0482,30-Jun-2019,2,2.1
V0483,01-Nov-2019,24,2.6
V0483,01-Oct-2019,4,3.1
V0483,01-Sep-2019,24,3.1
V0483,02-Aug-2019,9,1.9
V0483,02-Jul-2019,14,4.1
V0483,02-Jun-2019,5,2.5
V0483,02-Nov-2019,25,1.8
V0483,02-Oct-2019,17,2.0
V0483,02-Sep-2019,22,3.2
V0483,03-Aug-2019,4,2.1
V0483,03-Jul-2019,10,1.9
V0483,03-Jun-2019,15,2.7
V0483,03-Nov-2019,23,3.3
V0483,03-Oct-2019,30,2.1
V0483,03-Sep-2019,20,2.6
V0483,04-Aug-2019,15,2.8
V0483,04-Dec-2019,4,2.2
V0483,04-Jul-2019,5,3.0
V0483,04-Jun-2019,4,2.0
V0483,04-Nov-2019,35,1.9
V0483,04-Oct-2019,22,3.0
V0483,04-Sep-2019,15,2.4
V0483,05-Aug-2019,21,2.0
V0483,05-Jul-2019,5,2.8
V0483,05-Nov-2019,20,4.0
V0483,05-Oct-2019,19,3.5
V0483,05-Sep-2019,10,3.8
V0483,06-Aug-2019,9,3.9
V0483,06-Jul-2019,15,4.1
V0483,06-Jun-2019,8,3.6
V0483,06-Oct-2019,25,3.3
V0483,06-Sep-2019,19,2.7
V0483,07-Jul-2019,9,2.2
V0483,07-Jun-2019,22,3.4
V0483,07-Nov-2019,10,4.2
V0483,07-Oct-2019,16,2.9
V0483,07-Sep-2019,22,3.5
V0483,08-Jul-2019,24,3.0
V0483,08-Jun-2019,18,2.8
V0483,08-Nov-2019,11,2.8
V0483,08-Oct-2019,18,3.0
V0483,08-Sep-2019,21,2.7
V0483,09-Aug-2019,11,3.6
V0483,09-Jul-2019,9,3.9
V0483,09-Jun-2019,15,3.9
V0483,09-Nov-2019,19,2.3
V0483,09-Oct-2019,24,4.0
V0483,09-Sep-2019,11,2.6
V0483,10-Aug-2019,13,2.5
V0483,10-Jul-2019,18,3.5
V0483,10-Jun-2019,2,2.5
V0483,10-Nov-2019,34,1.9
V0483,10-Oct-2019,17,2.7
V0483,10-Sep-2019,8,3.5
V0483,11-Aug-2019,17,2.6
V0483,11-Jul-2019,6,3.3
V0483,11-Nov-2019,31,3.4
V0483,11-Oct-2019,31,3.6
V0483,11-Sep-2019,20,4.0
V0483,12-Aug-2019,19,2.8
V0483,12-Jul-2019,9,2.2
V0483,12-Oct-2019,14,2.6
V0483,12-Sep-2019,16,2.8
V0483,13-Aug-2019,9,3.5
V0483,13-Jul-2019,17,1.8
V0483,13-Jun-2019,12,2.6
V0483,13-Oct-2019,12,3.7
V0483,13-Sep-2019,19,3.4
V0483,14-Aug-2019,16,3.6
V0483,14-Jul-2019,23,3.7
V0483,14-Nov-2019,2,3.7
V0483,14-Oct-2019,27,3.4
V0483,14-Sep-2019,26,2.9
V0483,15-Jul-2019,12,4.2
V0483,15-Nov-2019,11,3.2
V0483,15-Oct-2019,24,2.3
V0483,15-Sep-2019,37,2.5
V0483,16-Aug-2019,26,3.5
V0483,16-Jul-2019,7,4.0
V0483,16-Jun-2019,10,2.2
V0483,16-Nov-2019,2,2.0
V0483,16-Oct-2019,25,3.9
V0483,16-Sep-2019,29,4.0
V0483,17-Aug-2019,6,2.5
V0483,17-Jul-2019,14,2.7
V0483,17-Jun-2019,12,3.4
V0483,17-May-2019,5,2.6
V0483,17-Nov-2019,8,3.9
V0483,17-Oct-2019,19,2.1
V0483,17-Sep-2019,15,1.9
V0483,18-Aug-2019,16,2.3
V0483,18-Jul-2019,23,2.5
V0483,18-Oct-2019,26,2.1
V0483,18-Sep-2019,14,2.0
V0483,19-Aug-2019,27,3.6
V0483,19-Jul-2019,9,2.2
V0483,19-Nov-2019,5,4.0
V0483,19-Oct-2019,24,2.7
V0483,19-Sep-2019,5,3.4
V0483,20-Aug-2019,12,2.3
V0483,20-Jul-2019,30,2.4
V0483,20-May-2019,7,3.2
V0483,20-Oct-2019,30,3.1
V0483,20-Sep-2019,10,3.6
V0483,21-Aug-2019,13,3.6
V0483,21-Jul-2019,5,3.4
V0483,21-Jun-2019,4,2.9
V0483,21-Oct-2019,17,3.9
V0483,21-Sep-2019,9,3.3
V0483,22-Aug-2019,11,4.2
V0483,22-Jun-2019,6,3.8
V0483,22-May-2019,18,1.9
V0483,22-Nov-2019,2,2.6
V0483,22-Oct-2019,25,3.2
V0483,22-Sep-2019,31,3.5
V0483,23-Aug-2019,4,3.1
V0483,23-Jun-2019,2,3.7
V0483,23-Oct-2019,17,2.5
V0483,23-Sep-2019,19,2.2
V0483,24-Aug-2019,5,1.9
V0483,24-Jun-2019,20,3.2
V0483,24-May-2019,3,3.5
V0483,24-Oct-2019,33,2.6
V0483,24-Sep-2019,13,3.3
V0483,25-Aug-2019,26,1.9
V0483,25-Jun-2019,3,2.0
V0483,25-Oct-2019,22,3.5
V0483,25-Sep-2019,17,2.7
V0483,26-Aug-2019,26,3.4
V0483,26-Jul-2019,7,3.8
V0483,26-Jun-2019,7,3.8
V0483,26-May-2019,12,2.2
V0483,26-Oct-2019,10,3.0
V0483,26-Sep-2019,7,3.6
V0483,27-Aug-2019,2,3.7
V0483,27-Jul-2019,6,3.7
V0483,27-Jun-2019,7,2.3
V0483,27-Oct-2019,19,2.3
V0483,27-Sep-2019,16,3.2
V0483,28-Jul-2019,6,3.6
V0483,28-Jun-2019,12,2.6
V0483,28-May-2019,8,2.1
V0483,28-Oct-2019,25,3.5
V0483,28-Sep-2019,13,2.5
V0483,29-Aug-2019,10,2.2
V0483,29-Jul-2019,10,2.2
V0483,29-Jun-2019,5,2.6
V0483,29-Oct-2019,13,3.2
V0483,29-Sep-2019,27,2.7
V0483,30-Aug-2019,23,1.8
V0483,30-Jul-2019,12,2.0
V0483,30-Jun-2019,21,2.5
V0483,30-May-2019,9,3.4
V0483,30-Oct-2019,22,2.0
V0483,30-Sep-2019,32,3.1
V0483,31-Aug-2019,10,2.1
V0483,31-Oct-2019,35,2.3
V0484,01-Aug-2019,5,2.2
V0484,01-Dec-2018,17,2.0
V0484,01-Jul-2019,25,3.4
V0484,01-Jun-2019,4,2.9
V0484,01-Nov-2018,12,3.8
V0484,01-Nov-2019,2,2.0
V0484,01-Oct-2018,30,2.1
V0484,01-Sep-2018,4,2.5
V0484,01-Sep-2019,17,3.6
V0484,02-Aug-2018,2,2.5
V0484,02-Aug-2019,4,2.8
V0484,02-Dec-2018,8,2.5
V0484,02-Jun-2019,9,2.0
V0484,02-Nov-2018,13,4.1
V0484,02-Nov-2019,4,3.1
V0484,02-Oct-2019,11,3.7
V0484,02-Sep-2018,6,3.4
V0484,02-Sep-2019,19,3.0
V0484,03-Aug-2018,14,2.0
V0484,03-Aug-2019,9,3.3
V0484,03-Dec-2018,19,2.2
V0484,03-Jul-2019,9,2.8
V0484,03-Jun-2019,20,3.3
V0484,03-Nov-2018,9,3.7
V0484,03-Nov-2019,9,3.4
V0484,03-Oct-2018,20,3.4
V0484,03-Sep-2018,24,2.2
V0484,04-Aug-2018,13,2.6
V0484,04-Aug-2019,19,1.9
V0484,04-Jul-2019,13,3.5
V0484,04-Nov-2018,11,4.1
V0484,04-Nov-2019,14,2.4
V0484,04-Oct-2018,3,2.0
V0484,04-Oct-2019,9,2.9
V0484,04-Sep-2019,14,3.9
V0484,05-Aug-2018,8,3.1
V0484,05-Aug-2019,11,1.9
V0484,05-Dec-2018,7,4.1
V0484,05-Jul-2019,12,3.8
V0484,05-Jun-2019,2,2.1
V0484,05-Nov-2018,18,4.0
V0484,05-Oct-2018,5,2.9
V0484,05-Oct-2019,12,2.7
V0484,05-Sep-2018,6,2.9
V0484,05-Sep-2019,4,3.8
V0484,06-Aug-2018,16,3.4
V0484,06-Jul-2019,11,1.9
V0484,06-Jun-2019,14,4.1
V0484,06-Oct-2018,8,2.2
V0484,06-Oct-2019,24,3.6
V0484,06-Sep-2018,12,3.3
V0484,06-Sep-2019,5,2.3
V0484,07-Aug-2019,3,2.2
V0484,07-Jul-2019,25,3.9
V0484,07-Nov-2018,5,2.8
V0484,07-Nov-2019,6,3.4
V0484,07-Oct-2018,17,3.0
V0484,07-Oct-2019,28,3.5
V0484,07-Sep-2019,13,3.0
V0484,08-Aug-2019,2,2.5
V0484,08-Jul-2019,23,2.7
V0484,08-Jun-2019,18,3.9
V0484,08-Nov-2018,11,2.9
V0484,08-Nov-2019,12,2.3
V0484,08-Oct-2018,21,4.0
V0484,08-Oct-2019,8,3.7
V0484,08-Sep-2018,13,1.9
V0484,08-Sep-2019,18,4.2
V0484,09-Aug-2018,4,3.5
V0484,09-Aug-2019,11,2.2
V0484,09-Jun-2019,11,2.4
V0484,09-Nov-2018,2,3.5
V0484,09-Nov-2019,7,3.7
V0484,09-Oct-2018,19,2.4
V0484,09-Sep-2018,18,2.4
V0484,09-Sep-2019,4,2.5
V0484,10-Aug-2018,22,3.2
V0484,10-Aug-2019,20,2.2
V0484,10-Jul-2019,14,2.1
V0484,10-Jun-2019,14,3.4
V0484,10-Nov-2018,5,3.7
V0484,10-Nov-2019,22,3.0
V0484,10-Oct-2019,24,2.7
V0484,10-Sep-2018,13,2.8
V0484,11-Aug-2019,28,2.7
V0484,11-Nov-2018,14,4.1
V0484,11-Nov-2019,9,3.6
V0484,11-Oct-2018,11,2.3
V0484,11-Oct-2019,6,2.7
V0484,11-Sep-2019,5,3.1
V0484,12-Aug-2018,10,3.3
V0484,12-Aug-2019,23,2.9
V0484,12-Jul-2019,22,3.7
V0484,12-Jun-2019,17,3.6
V0484,12-Nov-2018,12,3.0
V0484,12-Oct-2018,10,3.9
V0484,12-Oct-2019,12,3.6
V0484,12-Sep-2018,5,3.7
V0484,12-Sep-2019,7,4.1
V0484,13-Aug-2018,24,2.4
V0484,13-Jul-2019,24,2.4
V0484,13-Jun-2019,7,3.9
V0484,13-Nov-2019,13,3.7
V0484,13-Oct-2018,11,4.0
V0484,13-Oct-2019,24,2.0
V0484,13-Sep-2018,10,3.3
V0484,13-Sep-2019,11,2.1
V0484,14-Aug-2019,10,3.0
V0484,14-Jul-2019,21,2.2
V0484,14-Nov-2018,10,2.1
V0484,14-Oct-2018,9,1.8
V0484,14-Oct-2019,24,3.3
V0484,14-Sep-2018,7,2.7
V0484,14-Sep-2019,17,2.1
V0484,15-Aug-2018,5,2.6
V0484,15-Aug-2019,5,2.2
V0484,15-Jul-2019,18,4.1
V0484,15-Jun-2019,2,2.6
V0484,15-Nov-2018,5,2.6
V0484,15-Nov-2019,3,3.8
V0484,15-Oct-2018,26,3.4
V0484,15-Sep-2018,12,3.5
V0484,15-Sep-2019,16,3.3
V0484,16-Aug-2018,6,4.1
V0484,16-Aug-2019,4,2.3
V0484,16-Jun-2019,11,4.2
V0484,16-Nov-2018,13,3.8
V0484,16-Oct-2019,15,3.2
V0484,16-Sep-2018,14,3.4
V0484,16-Sep-2019,17,3.4
V0484,17-Aug-2018,16,1.9
V0484,17-Aug-2019,7,2.3
V0484,17-Jul-2019,7,4.1
V0484,17-Jun-2019,24,3.1
V0484,17-Nov-2018,5,2.7
V0484,17-Nov-2019,4,3.6
V0484,17-Oct-2018,10,3.1
V0484,17-Oct-2019,9,1.8
V0484,17-Sep-2018,29,3.6
V0484,18-Aug-2018,6,3.6
V0484,18-Aug-2019,14,2.2
V0484,18-Jul-2019,28,4.1
V0484,18-May-2019,4,2.3
V0484,18-Nov-2018,20,2.9
V0484,18-Nov-2019,9,2.1
V0484,18-Oct-2018,8,3.2
V0484,18-Oct-2019,24,2.7
V0484,18-Sep-2019,13,2.6
V0484,19-Aug-2018,18,3.8
V0484,19-Aug-2019,25,1.8
V0484,19-Jul-2019,25,3.7
V0484,19-Jun-2019,12,3.2
V0484,19-May-2019,26,4.2
V0484,19-Nov-2018,11,3.2
V0484,19-Nov-2019,2,1.9
V0484,19-Oct-2018,7,1.9
V0484,19-Oct-2019,10,3.9
V0484,19-Sep-2018,13,3.8
V0484,19-Sep-2019,10,2.6
V0484,20-Aug-2018,17,3.3
V0484,20-Jul-2019,30,3.0
V0484,20-Jun-2019,21,4.1
V0484,20-May-2019,16,4.1
V0484,20-Nov-2018,4,4.2
V0484,20-Nov-2019,2,3.9
V0484,20-Oct-2018,5,4.0
V0484,20-Oct-2019,27,2.3
V0484,20-Sep-2018,4,3.8
V0484,20-Sep-2019,9,3.5
V0484,21-Aug-2019,7,4.1
V0484,21-Jul-2019,21,3.2
V0484,21-Jun-2019,12,2.0
V0484,21-Nov-2018,21,3.2
V0484,21-Oct-2018,7,3.4
V0484,21-Oct-2019,9,2.3
V0484,21-Sep-2018,7,2.7
V0484,21-Sep-2019,5,3.2
V0484,22-Aug-2019,10,2.7
V0484,22-Jun-2019,5,2.7
V0484,22-Nov-2018,10,2.1
V0484,22-Nov-2019,4,4.1
V0484,22-Oct-2018,18,3.6
V0484,22-Sep-2018,9,1.8
V0484,22-Sep-2019,18,3.6
V0484,23-Aug-2018,2,3.6
V0484,23-Aug-2019,12,1.8
V0484,23-Jun-2019,30,2.7
V0484,23-May-2019,13,3.3
V0484,23-Nov-2018,17,2.9
V0484,23-Nov-2019,4,3.7
V0484,23-Oct-2019,8,2.8
V0484,23-Sep-2018,7,2.2
V0484,23-Sep-2019,23,4.1
V0484,24-Aug-2019,15,2.4
V0484,24-Jun-2019,28,3.5
V0484,24-May-2019,8,2.1
V0484,24-Nov-2019,4,2.6
V0484,24-Oct-2018,15,2.9
V0484,24-Oct-2019,7,2.3
V0484,24-Sep-2018,9,2.9
V0484,25-Aug-2019,10,2.2
V0484,25-Nov-2018,11,3.1
V0484,25-Nov-2019,2,3.4
V0484,25-Oct-2018,5,1.9
V0484,25-Oct-2019,10,3.9
V0484,25-Sep-2019,4,2.2
V0484,26-Aug-2018,15,2.3
V0484,26-Aug-2019,28,3.4
V0484,26-Jun-2019,11,2.9
V0484,26-May-2019,10,3.0
V0484,26-Oct-2018,8,2.1
V0484,26-Oct-2019,7,3.7
V0484,26-Sep-2018,6,3.3
V0484,26-Sep-2019,19,2.1
V0484,27-Aug-2018,20,2.7
V0484,27-Jul-2018,3,3.7
V0484,27-Jul-2019,8,3.2
V0484,27-Jun-2019,12,2.1
V0484,27-May-2019,20,2.7
V0484,27-Oct-2018,9,2.4
V0484,27-Oct-2019,7,3.0
V0484,27-Sep-2019,17,3.8
V0484,28-Jul-2018,4,2.8
V0484,28-Jul-2019,20,2.8
V0484,28-Jun-2019,8,4.0
V0484,28-Oct-2018,8,3.2
V0484,28-Oct-2019,19,3.2
V0484,28-Sep-2018,3,2.4
V0484,28-Sep-2019,4,3.3
V0484,29-Aug-2018,4,3.2
V0484,29-Aug-2019,16,2.8
V0484,29-Jul-2018,7,4.2
V0484,29-Jul-2019,21,3.9
V0484,29-Jun-2019,2,3.6
V0484,29-May-2019,14,3.1
V0484,29-Oct-2018,13,2.9
V0484,29-Sep-2018,14,2.2
V0484,29-Sep-2019,24,2.5
V0484,30-Aug-2018,25,3.7
V0484,30-Aug-2019,2,2.9
V0484,30-Jul-2018,6,3.9
V0484,30-Jul-2019,7,2.2
V0484,30-Jun-2019,13,3.0
V0484,30-May-2019,26,3.4
V0484,30-Nov-2018,2,3.0
V0484,30-Nov-2019,4,3.9
V0484,30-Oct-2019,12,4.2
V0484,30-Sep-2018,11,2.1
V0484,30-Sep-2019,25,2.1
V0484,31-Aug-2018,10,2.1
V0484,31-Aug-2019,9,3.4
V0484,31-Jul-2018,8,2.7
V0484,31-May-2019,4,3.6
V0484,31-Oct-2018,15,2.8
V0484,31-Oct-2019,5,3.3
V0485,01-Jul-2019,2,3.6
V0485,02-Nov-2019,6,3.1
V0485,02-Oct-2019,6,3.1
V0485,03-Dec-2019,33,2.0
V0485,03-Nov-2019,8,2.8
V0485,03-Oct-2019,7,3.1
V0485,04-Aug-2019,9,2.9
V0485,04-Oct-2019,13,4.0
V0485,04-Sep-2019,2,4.0
V0485,05-Oct-2019,2,3.8
V0485,06-Jul-2019,2,2.7
V0485,06-Nov-2019,18,3.5
V0485,06-Oct-2019,20,2.7
V0485,07-Jul-2019,11,2.4
V0485,07-Nov-2019,10,2.6
V0485,07-Oct-2019,10,2.0
V0485,08-Aug-2019,21,2.6
V0485,08-Jul-2019,3,2.9
V0485,08-Sep-2019,10,4.1
V0485,09-Aug-2019,16,2.6
V0485,09-Nov-2019,9,4.0
V0485,10-Jul-2019,2,2.3
V0485,10-Nov-2019,18,2.3
V0485,12-Aug-2019,8,3.0
V0485,12-Jul-2019,16,3.4
V0485,12-Oct-2019,4,1.9
V0485,13-Oct-2019,23,2.3
V0485,13-Sep-2019,9,2.9
V0485,14-Jul-2019,2,2.6
V0485,14-Oct-2019,13,3.5
V0485,14-Sep-2019,13,3.0
V0485,15-Sep-2019,19,2.2
V0485,16-Oct-2019,5,3.9
V0485,17-Aug-2019,6,2.5
V0485,17-Jul-2019,7,3.6
V0485,17-Jun-2019,4,3.7
V0485,17-Oct-2019,7,4.1
V0485,18-Aug-2019,6,3.0
V0485,19-Aug-2019,11,3.3
V0485,19-Jul-2019,4,2.6
V0485,19-Oct-2019,6,3.4
V0485,19-Sep-2019,4,2.9
V0485,20-Oct-2019,8,2.9
V0485,21-Jun-2019,4,3.9
V0485,21-Oct-2019,4,1.9
V0485,21-Sep-2019,9,3.9
V0485,22-Aug-2019,2,3.8
V0485,23-Aug-2019,8,3.0
V0485,23-Jun-2019,8,3.0
V0485,23-May-2019,17,2.7
V0485,23-Oct-2019,8,4.2
V0485,23-Sep-2019,2,2.1
V0485,24-Jun-2019,2,3.2
V0485,24-May-2019,13,3.4
V0485,25-Jun-2019,10,4.0
V0485,25-Oct-2019,7,3.7
V0485,26-Aug-2019,13,3.3
V0485,26-Sep-2019,3,2.1
V0485,27-Oct-2019,12,2.7
V0485,27-Sep-2019,7,2.1
V0485,28-Aug-2019,13,3.9
V0485,28-Jul-2019,2,3.6
V0485,28-May-2019,3,3.6
V0485,28-Oct-2019,6,3.4
V0485,28-Sep-2019,2,3.0
V0485,29-Sep-2019,6,2.2
V0485,30-Aug-2019,19,2.6
V0485,30-Jul-2019,4,2.1
V0485,31-Oct-2019,10,3.5
V0489,01-Jul-2019,22,2.2
V0489,01-Jun-2019,4,3.5
V0489,01-Nov-2019,9,3.5
V0489,01-Oct-2019,9,2.9
V0489,01-Sep-2019,5,2.1
V0489,02-Aug-2019,11,2.6
V0489,02-Dec-2018,12,2.6
V0489,02-Jul-2019,6,3.5
V0489,02-Jun-2019,4,2.1
V0489,02-Nov-2019,2,3.8
V0489,02-Oct-2018,2,3.6
V0489,02-Sep-2018,2,2.2
V0489,02-Sep-2019,7,3.5
V0489,03-Aug-2019,4,3.4
V0489,03-Dec-2018,13,3.6
V0489,03-Feb-2019,17,2.3
V0489,03-Jun-2019,16,2.2
V0489,03-Nov-2019,15,2.4
V0489,03-Oct-2019,7,2.7
V0489,03-Sep-2018,2,3.7
V0489,03-Sep-2019,11,3.6
V0489,04-Aug-2019,14,4.0
V0489,04-Feb-2019,13,1.9
V0489,04-Jun-2019,12,1.8
V0489,04-Nov-2018,9,3.5
V0489,04-Nov-2019,21,2.5
V0489,04-Oct-2019,21,2.6
V0489,05-Jan-2019,2,3.1
V0489,05-Jul-2019,17,2.0
V0489,05-Nov-2018,19,3.3
V0489,05-Nov-2019,4,2.6
V0489,05-Oct-2018,4,3.3
V0489,05-Oct-2019,11,3.8
V0489,05-Sep-2019,2,2.2
V0489,06-Aug-2019,5,4.0
V0489,06-Jan-2019,10,3.1
V0489,06-Jul-2019,11,4.0
V0489,06-Jun-2019,3,2.3
V0489,06-Nov-2018,16,3.3
V0489,06-Oct-2018,5,2.8
V0489,06-Oct-2019,13,3.7
V0489,06-Sep-2018,4,3.3
V0489,06-Sep-2019,6,3.0
V0489,07-Aug-2018,3,4.0
V0489,07-Dec-2018,12,2.7
V0489,07-Jan-2019,9,2.3
V0489,07-Jul-2019,20,3.3
V0489,07-Nov-2019,5,3.3
V0489,07-Oct-2018,16,2.9
V0489,07-Oct-2019,22,3.0
V0489,07-Sep-2018,12,4.1
V0489,07-Sep-2019,5,3.6
V0489,08-Aug-2019,13,2.1
V0489,08-Jan-2019,7,2.3
V0489,08-Jul-2019,19,4.1
V0489,08-Nov-2019,2,3.5
V0489,08-Oct-2018,13,4.0
V0489,08-Oct-2019,12,2.5
V0489,08-Sep-2019,19,3.6
V0489,09-Aug-2019,8,3.5
V0489,09-Jul-2019,2,2.5
V0489,09-Jun-2019,9,3.1
V0489,09-Nov-2018,2,3.3
V0489,09-Nov-2019,8,3.0
V0489,09-Oct-2018,13,3.8
V0489,09-Sep-2019,18,3.8
V0489,10-Aug-2018,5,3.8
V0489,10-Aug-2019,2,3.7
V0489,10-Dec-2018,2,3.0
V0489,10-Jan-2019,2,2.7
V0489,10-Jun-2019,10,3.8
V0489,10-Nov-2019,9,3.0
V0489,10-Oct-2019,5,2.4
V0489,10-Sep-2019,15,3.0
V0489,11-Aug-2019,8,2.1
V0489,11-Jul-2019,7,3.5
V0489,11-Jun-2019,12,2.6
V0489,11-Nov-2018,2,2.4
V0489,11-Nov-2019,20,4.1
V0489,11-Oct-2018,2,3.7
V0489,11-Oct-2019,4,3.7
V0489,11-Sep-2018,3,3.3
V0489,12-Aug-2019,17,3.8
V0489,12-Jul-2019,24,3.6
V0489,12-Nov-2018,8,3.2
V0489,12-Oct-2019,3,4.1
V0489,13-Aug-2018,9,2.3
V0489,13-Aug-2019,12,4.1
V0489,13-Dec-2018,3,2.8
V0489,13-Jan-2019,13,3.1
V0489,13-Jul-2019,19,2.1
V0489,13-Jun-2019,13,3.1
V0489,13-Nov-2018,2,3.3
V0489,13-Oct-2019,20,4.2
V0489,13-Sep-2018,14,4.1
V0489,14-Aug-2018,5,4.1
V0489,14-Dec-2018,7,2.6
V0489,14-Jul-2019,11,4.2
V0489,14-Jun-2019,9,2.9
V0489,14-Oct-2018,2,3.8
V0489,14-Oct-2019,20,2.3
V0489,14-Sep-2019,4,3.0
V0489,15-Aug-2019,6,4.1
V0489,15-Dec-2018,2,4.1
V0489,15-Dec-2019,2,3.4
V0489,15-Jan-2019,6,3.7
V0489,15-Jul-2019,4,2.2
V0489,15-Jun-2019,2,3.5
V0489,15-Oct-2018,2,3.3
V0489,15-Oct-2019,6,2.0
V0489,15-Sep-2019,12,2.1
V0489,16-Dec-2018,14,2.1
V0489,16-Jul-2019,2,3.5
V0489,16-Jun-2019,6,2.1
V0489,16-Nov-2018,14,2.9
V0489,16-Nov-2019,3,2.7
V0489,16-Sep-2019,20,3.1
V0489,17-Aug-2019,6,3.5
V0489,17-Dec-2018,2,3.4
V0489,17-Jan-2019,6,3.0
V0489,17-Jul-2019,8,2.9
V0489,17-Jun-2019,10,2.8
V0489,17-Nov-2019,4,3.9
V0489,17-Oct-2019,12,2.6
V0489,17-Sep-2019,2,2.4
V0489,18-Aug-2018,16,3.6
V0489,18-Aug-2019,17,2.7
V0489,18-Dec-2018,4,3.8
V0489,18-Jan-2019,2,2.6
V0489,18-Jul-2019,8,3.5
V0489,18-Jun-2019,3,1.9
V0489,18-May-2019,5,2.7
V0489,18-Nov-2018,2,2.6
V0489,18-Nov-2019,5,3.8
V0489,19-Aug-2019,21,4.1
V0489,19-Jan-2019,2,2.9
V0489,19-Jul-2019,9,3.8
V0489,19-Nov-2018,19,3.5
V0489,19-Nov-2019,4,4.1
V0489,19-Oct-2019,4,3.7
V0489,19-Sep-2019,4,2.0
V0489,20-Aug-2018,2,3.5
V0489,20-Aug-2019,9,3.1
V0489,20-Jul-2019,22,1.8
V0489,20-Jun-2019,2,2.4
V0489,20-May-2019,13,4.0
V0489,20-Nov-2018,9,4.0
V0489,20-Oct-2018,4,3.7
V0489,20-Oct-2019,9,4.2
V0489,21-Jul-2019,26,3.7
V0489,21-May-2019,3,1.8
V0489,21-Nov-2018,10,2.5
V0489,21-Oct-2019,12,1.9
V0489,21-Sep-2018,2,2.0
V0489,21-Sep-2019,6,2.3
V0489,22-Dec-2018,13,3.0
V0489,22-Nov-2018,14,3.8
V0489,22-Oct-2018,2,3.9
V0489,22-Oct-2019,5,3.3
V0489,22-Sep-2019,21,4.0
V0489,23-Dec-2018,7,3.0
V0489,23-Jun-2019,2,3.9
V0489,23-Nov-2018,7,2.9
V0489,23-Oct-2018,11,2.5
V0489,23-Sep-2018,10,4.0
V0489,23-Sep-2019,16,2.7
V0489,24-Aug-2019,5,3.0
V0489,24-Dec-2018,7,2.6
V0489,24-Jun-2019,17,3.4
V0489,24-May-2019,2,4.2
V0489,24-Nov-2018,4,1.9
V0489,24-Oct-2019,2,4.0
V0489,24-Sep-2018,10,1.8
V0489,24-Sep-2019,10,2.7
V0489,25-Aug-2018,9,2.2
V0489,25-Aug-2019,12,3.6
V0489,25-Dec-2018,9,1.9
V0489,25-Jun-2019,8,3.1
V0489,25-Nov-2018,4,2.5
V0489,25-Oct-2019,2,2.1
V0489,26-Aug-2019,16,3.7
V0489,26-Jan-2019,3,2.3
V0489,26-Jul-2019,8,2.3
V0489,26-May-2019,2,2.5
V0489,26-Nov-2018,2,3.2
V0489,27-Aug-2019,2,3.4
V0489,27-Jul-2019,8,1.8
V0489,27-Jun-2019,6,2.4
V0489,27-May-2019,10,2.8
V0489,27-Oct-2019,12,2.6
V0489,28-Aug-2018,2,3.9
V0489,28-Jan-2019,3,3.7
V0489,28-Jul-2019,13,3.3
V0489,28-Jun-2019,3,2.6
V0489,28-Oct-2018,4,3.5
V0489,28-Oct-2019,20,3.8
V0489,28-Sep-2018,2,3.2
V0489,28-Sep-2019,9,3.7
V0489,29-Aug-2019,12,3.6
V0489,29-Jul-2019,18,3.2
V0489,29-Jun-2019,12,2.5
V0489,29-Oct-2019,8,3.6
V0489,29-Sep-2018,3,2.3
V0489,29-Sep-2019,7,3.7
V0489,30-Aug-2018,2,3.7
V0489,30-Aug-2019,2,3.8
V0489,30-Dec-2018,8,2.9
V0489,30-Jul-2019,4,2.3
V0489,30-Jun-2019,15,2.0
V0489,30-May-2019,4,3.6
V0489,30-Oct-2018,2,3.9
V0489,30-Sep-2018,15,3.4
V0489,30-Sep-2019,20,2.1
V0489,31-Aug-2018,5,4.0
V0489,31-Aug-2019,6,4.2
V0489,31-Dec-2018,5,2.8
V0489,31-May-2019,11,3.2
V0489,31-Oct-2019,2,3.7
V0490,04-Nov-2019,20,3.6
V0490,06-Nov-2019,5,4.1
V0490,08-Jul-2019,20,2.1
V0490,13-Nov-2019,2,3.2
V0490,27-Jul-2019,2,3.5
V0491,01-Aug-2019,22,3.9
V0491,01-Jul-2019,41,3.9
V0491,01-Jun-2019,6,4.1
V0491,01-Nov-2019,17,3.0
V0491,01-Oct-2019,36,3.8
V0491,01-Sep-2019,38,2.8
V0491,02-Aug-2019,25,2.8
V0491,02-Dec-2019,6,2.4
V0491,02-Jul-2019,32,3.8
V0491,02-Jun-2019,43,4.2
V0491,02-Nov-2019,21,2.4
V0491,02-Oct-2019,23,1.9
V0491,02-Sep-2019,37,3.8
V0491,03-Aug-2019,4,3.3
V0491,03-Jul-2019,44,4.1
V0491,03-Jun-2019,21,2.4
V0491,03-Nov-2019,34,2.0
V0491,03-Oct-2019,8,3.0
V0491,03-Sep-2019,23,2.0
V0491,04-Aug-2019,30,2.4
V0491,04-Jul-2019,21,2.1
V0491,04-Jun-2019,12,2.3
V0491,04-Nov-2019,47,2.1
V0491,04-Oct-2019,30,4.1
V0491,04-Sep-2019,2,2.5
V0491,05-Aug-2019,46,2.9
V0491,05-Jul-2019,20,4.0
V0491,05-Jun-2019,4,3.4
V0491,05-Nov-2019,4,3.3
V0491,05-Oct-2019,17,3.5
V0491,05-Sep-2019,7,3.8
V0491,06-Aug-2019,8,3.9
V0491,06-Jul-2019,17,3.3
V0491,06-Jun-2019,11,3.9
V0491,06-Nov-2019,15,3.1
V0491,06-Oct-2019,27,2.5
V0491,06-Sep-2019,13,3.9
V0491,07-Aug-2019,10,3.1
V0491,07-Jul-2019,59,4.0
V0491,07-Jun-2019,6,1.9
V0491,07-Nov-2019,6,2.8
V0491,07-Oct-2019,14,4.1
V0491,07-Sep-2019,13,2.4
V0491,08-Aug-2019,25,4.1
V0491,08-Jul-2019,43,4.1
V0491,08-Jun-2019,25,3.9
V0491,08-Nov-2019,11,3.2
V0491,08-Oct-2019,38,3.4
V0491,08-Sep-2019,38,3.9
V0491,09-Aug-2019,13,3.7
V0491,09-Jul-2019,8,3.3
V0491,09-Jun-2019,32,4.2
V0491,09-Nov-2019,12,3.4
V0491,09-Oct-2019,11,4.1
V0491,09-Sep-2019,11,1.9
V0491,10-Aug-2019,13,2.1
V0491,10-Jul-2019,2,2.9
V0491,10-Jun-2019,18,2.7
V0491,10-Nov-2019,48,3.7
V0491,10-Oct-2019,5,2.2
V0491,10-Sep-2019,19,4.1
V0491,11-Aug-2019,32,2.6
V0491,11-Jul-2019,39,2.8
V0491,11-Jun-2019,18,2.5
V0491,11-Nov-2019,21,3.2
V0491,11-Oct-2019,43,1.9
V0491,11-Sep-2019,16,2.2
V0491,12-Aug-2019,34,3.6
V0491,12-Jul-2019,23,2.2
V0491,12-Jun-2019,8,2.4
V0491,12-Nov-2019,6,3.7
V0491,12-Sep-2019,10,2.0
V0491,13-Aug-2019,23,2.8
V0491,13-Jul-2019,40,1.9
V0491,13-Jun-2019,33,2.6
V0491,13-Nov-2019,12,3.5
V0491,13-Oct-2019,34,2.0
V0491,13-Sep-2019,15,3.9
V0491,14-Aug-2019,8,4.0
V0491,14-Jul-2019,36,2.1
V0491,14-Jun-2019,7,4.2
V0491,14-Nov-2019,10,2.5
V0491,14-Oct-2019,27,2.0
V0491,14-Sep-2019,5,1.8
V0491,15-Aug-2019,20,2.8
V0491,15-Jul-2019,26,3.3
V0491,15-Oct-2019,13,2.6
V0491,15-Sep-2019,14,3.8
V0491,16-Aug-2019,18,3.5
V0491,16-Jul-2019,19,2.6
V0491,16-Jun-2019,52,3.6
V0491,16-Nov-2019,10,4.1
V0491,16-Oct-2019,4,2.0
V0491,16-Sep-2019,42,2.5
V0491,17-Aug-2019,9,2.9
V0491,17-Jul-2019,11,3.0
V0491,17-Jun-2019,34,3.1
V0491,17-Nov-2019,17,2.5
V0491,17-Oct-2019,8,3.4
V0491,17-Sep-2019,12,3.3
V0491,18-Aug-2019,33,3.2
V0491,18-Jul-2019,48,2.1
V0491,18-Jun-2019,14,2.9
V0491,18-May-2019,15,2.7
V0491,18-Nov-2019,8,3.0
V0491,18-Oct-2019,14,4.0
V0491,18-Sep-2019,12,3.0
V0491,19-Aug-2019,51,1.8
V0491,19-Jul-2019,60,2.9
V0491,19-Jun-2019,13,3.8
V0491,19-May-2019,20,3.7
V0491,19-Nov-2019,17,3.0
V0491,19-Oct-2019,42,2.4
V0491,19-Sep-2019,8,2.9
V0491,20-Aug-2019,21,3.2
V0491,20-Jul-2019,23,4.2
V0491,20-Jun-2019,3,3.3
V0491,20-May-2019,26,3.5
V0491,20-Oct-2019,36,3.0
V0491,20-Sep-2019,23,2.7
V0491,21-Aug-2019,4,3.8
V0491,21-Jul-2019,20,3.0
V0491,21-Jun-2019,7,4.2
V0491,21-May-2019,18,2.9
V0491,21-Nov-2019,11,2.0
V0491,21-Oct-2019,30,3.4
V0491,21-Sep-2019,12,1.9
V0491,22-Aug-2019,8,2.4
V0491,22-Jun-2019,14,2.6
V0491,22-May-2019,2,3.6
V0491,22-Oct-2019,4,3.0
V0491,22-Sep-2019,13,1.9
V0491,23-Aug-2019,17,3.3
V0491,23-Jun-2019,58,2.8
V0491,23-May-2019,4,4.0
V0491,23-Nov-2019,2,3.0
V0491,23-Oct-2019,6,3.5
V0491,23-Sep-2019,30,2.3
V0491,24-Aug-2019,11,3.6
V0491,24-Jul-2019,8,3.5
V0491,24-Jun-2019,20,4.0
V0491,24-May-2019,6,1.9
V0491,24-Oct-2019,9,2.9
V0491,24-Sep-2019,10,3.4
V0491,25-Aug-2019,29,2.0
V0491,25-Jul-2019,3,2.8
V0491,25-Jun-2019,9,4.1
V0491,25-May-2019,9,2.8
V0491,25-Sep-2019,4,4.2
V0491,26-Aug-2019,15,1.9
V0491,26-May-2019,6,3.5
V0491,26-Oct-2019,8,3.2
V0491,27-Aug-2019,16,3.0
V0491,27-Jun-2019,14,4.1
V0491,27-May-2019,24,2.1
V0491,27-Oct-2019,24,4.0
V0491,27-Sep-2019,5,3.5
V0491,28-Jul-2019,24,2.4
V0491,28-Jun-2019,12,4.0
V0491,28-May-2019,4,2.8
V0491,28-Sep-2019,6,3.8
V0491,29-Aug-2019,10,2.7
V0491,29-Jul-2019,13,3.8
V0491,29-Jun-2019,13,3.3
V0491,29-May-2019,2,2.1
V0491,29-Oct-2019,13,3.4
V0491,29-Sep-2019,35,2.3
V0491,30-Aug-2019,2,2.8
V0491,30-Jul-2019,12,2.2
V0491,30-Jun-2019,41,1.9
V0491,30-May-2019,5,2.3
V0491,30-Oct-2019,4,3.1
V0491,30-Sep-2019,32,3.0
V0491,31-Aug-2019,25,3.0
V0491,31-Jul-2019,13,2.4
V0491,31-May-2019,14,3.4
V0491,31-Oct-2019,11,3.5
V0492,01-Aug-2019,2,2.7
V0492,01-Dec-2019,11,3.9
V0492,01-Jul-2019,17,3.3
V0492,01-Jun-2019,2,3.5
V0492,01-Oct-2019,15,2.5
V0492,01-Sep-2019,11,1.8
V0492,02-Feb-2019,3,3.9
V0492,02-Jul-2019,20,3.8
V0492,02-Jun-2019,6,2.1
V0492,02-Nov-2019,13,2.7
V0492,02-Oct-2019,5,3.4
V0492,02-Sep-2019,9,3.4
V0492,03-Aug-2019,4,3.9
V0492,03-Feb-2019,7,2.1
V0492,03-Jun-2019,20,2.8
V0492,03-Nov-2019,7,2.0
V0492,03-Oct-2019,2,2.7
V0492,03-Sep-2019,7,1.8
V0492,04-Aug-2019,8,4.0
V0492,04-Feb-2019,12,3.1
V0492,04-Jul-2019,11,3.8
V0492,04-Jun-2019,3,1.9
V0492,04-Nov-2019,20,2.3
V0492,04-Sep-2019,2,2.4
V0492,05-Aug-2019,21,2.7
V0492,05-Feb-2019,26,3.7
V0492,05-Jun-2019,5,2.7
V0492,05-Nov-2019,15,2.3
V0492,05-Sep-2019,3,2.0
V0492,06-Nov-2019,13,2.0
V0492,06-Oct-2019,3,3.6
V0492,07-Aug-2019,2,2.9
V0492,07-Jul-2019,14,3.5
V0492,07-Nov-2019,4,3.4
V0492,07-Oct-2019,19,2.1
V0492,07-Sep-2019,3,2.1
V0492,08-Aug-2019,17,3.6
V0492,08-Jul-2019,27,3.5
V0492,08-Jun-2019,4,2.7
V0492,08-Oct-2019,13,2.0
V0492,08-Sep-2019,13,1.8
V0492,09-Jul-2019,16,2.5
V0492,09-Jun-2019,2,1.8
V0492,09-Nov-2019,2,2.4
V0492,09-Oct-2019,3,2.8
V0492,09-Sep-2019,11,2.1
V0492,10-Aug-2019,2,2.1
V0492,10-Jul-2019,13,4.0
V0492,10-Jun-2019,9,3.2
V0492,10-Nov-2019,6,4.0
V0492,10-Oct-2019,7,2.6
V0492,10-Sep-2019,7,3.4
V0492,11-Aug-2019,11,2.3
V0492,11-Jul-2019,2,3.3
V0492,11-Jun-2019,13,2.1
V0492,11-Nov-2019,6,1.8
V0492,12-Oct-2019,5,4.0
V0492,12-Sep-2019,17,3.1
V0492,13-Aug-2019,15,4.0
V0492,13-Jul-2019,11,2.6
V0492,13-Jun-2019,7,2.6
V0492,13-Nov-2019,6,2.8
V0492,13-Oct-2019,5,3.5
V0492,14-Jul-2019,20,3.2
V0492,14-Jun-2019,2,4.0
V0492,14-Oct-2019,4,1.9
V0492,14-Sep-2019,3,3.5
V0492,15-Aug-2019,4,2.6
V0492,15-Jul-2019,19,2.2
V0492,15-Jun-2019,4,3.0
V0492,15-Oct-2019,6,3.0
V0492,15-Sep-2019,11,2.1
V0492,16-Jul-2019,20,2.3
V0492,16-Sep-2019,17,2.8
V0492,17-Aug-2019,2,2.8
V0492,17-Jul-2019,16,2.6
V0492,17-Jun-2019,5,2.2
V0492,17-Nov-2019,19,1.8
V0492,17-Oct-2019,24,4.1
V0492,17-Sep-2019,13,4.1
V0492,18-Aug-2019,16,3.0
V0492,18-Jul-2019,12,4.2
V0492,18-Jun-2019,14,3.4
V0492,18-Sep-2019,2,2.0
V0492,19-Aug-2019,17,2.1
V0492,19-Jul-2019,13,4.0
V0492,19-May-2019,12,3.3
V0492,19-Oct-2019,5,3.8
V0492,20-Aug-2019,6,4.0
V0492,20-Jan-2019,4,2.9
V0492,20-Jul-2019,23,1.9
V0492,20-Jun-2019,5,2.3
V0492,20-May-2019,6,2.0
V0492,20-Nov-2019,4,2.3
V0492,20-Oct-2019,7,2.8
V0492,21-Aug-2019,6,2.1
V0492,21-Jan-2019,9,2.2
V0492,21-Jul-2019,35,2.9
V0492,21-May-2019,8,2.6
V0492,21-Oct-2019,9,2.9
V0492,22-Aug-2019,7,2.8
V0492,22-Jan-2019,7,3.3
V0492,22-Jul-2019,23,4.0
V0492,22-Jun-2019,13,2.1
V0492,22-May-2019,4,2.0
V0492,22-Nov-2019,4,3.8
V0492,22-Sep-2019,11,3.0
V0492,23-Jan-2019,4,3.6
V0492,23-Jul-2019,14,2.3
V0492,23-Jun-2019,2,3.8
V0492,23-Sep-2019,28,4.0
V0492,24-Aug-2019,2,3.3
V0492,24-Jul-2019,26,2.1
V0492,24-Jun-2019,21,3.9
V0492,24-Sep-2019,7,3.7
V0492,25-Aug-2019,18,3.6
V0492,25-Jun-2019,22,1.9
V0492,25-May-2019,10,3.7
V0492,26-Jan-2019,9,2.1
V0492,26-Jun-2019,11,2.3
V0492,26-May-2019,9,3.2
V0492,26-Oct-2019,5,2.4
V0492,26-Sep-2019,2,3.4
V0492,27-Aug-2019,8,3.3
V0492,27-Jan-2019,2,2.1
V0492,27-May-2019,4,3.4
V0492,27-Oct-2019,2,4.0
V0492,28-Aug-2019,2,2.2
V0492,28-Jan-2019,11,3.2
V0492,28-Jul-2019,8,2.6
V0492,28-May-2019,9,2.9
V0492,28-Oct-2019,25,2.5
V0492,28-Sep-2019,5,2.6
V0492,29-Aug-2019,2,1.9
V0492,29-Jan-2019,5,4.2
V0492,29-Jul-2019,12,3.3
V0492,29-May-2019,4,3.0
V0492,29-Oct-2019,4,2.7
V0492,29-Sep-2019,5,3.1
V0492,30-Jan-2019,8,2.7
V0492,30-Jul-2019,10,2.7
V0492,30-Jun-2019,19,2.9
V0492,30-Sep-2019,19,2.5
V0492,31-Jan-2019,4,2.2
V0492,31-Jul-2019,6,3.1
V0492,31-Oct-2019,2,3.8
V0493,01-Nov-2019,6,2.2
V0493,03-Dec-2019,2,1.9
V0493,03-Nov-2019,2,2.4
V0493,04-Nov-2019,4,4.2
V0493,05-Nov-2019,3,3.8
V0493,07-Oct-2019,21,3.2
V0493,08-Oct-2019,18,4.0
V0493,09-Oct-2019,2,2.9
V0493,10-Oct-2019,6,4.2
V0493,11-Nov-2019,4,2.5
V0493,11-Oct-2019,9,2.4
V0493,13-Oct-2019,8,3.3
V0493,14-Oct-2019,2,2.7
V0493,15-Oct-2019,16,3.3
V0493,17-Oct-2019,4,2.5
V0493,18-Oct-2019,2,3.3
V0493,20-Oct-2019,10,2.5
V0493,24-Oct-2019,5,1.9
V0493,29-Oct-2019,6,4.0
V0499,01-Nov-2019,2,3.9
V0499,02-Jul-2019,2,4.1
V0499,03-Jun-2019,3,3.5
V0499,03-Nov-2019,2,3.4
V0499,05-Nov-2019,2,3.1
V0499,07-Oct-2019,3,2.1
V0499,08-Oct-2019,6,2.3
V0499,09-Sep-2019,2,2.5
V0499,10-Jun-2019,2,3.9
V0499,11-Nov-2019,2,2.2
V0499,11-Oct-2019,7,4.0
V0499,15-Jul-2019,2,3.1
V0499,15-Oct-2019,2,3.5
V0499,16-Jun-2019,6,2.1
V0499,17-Aug-2019,3,2.4
V0499,18-Jul-2019,2,4.1
V0499,18-Oct-2019,4,2.4
V0499,19-Jul-2019,2,2.5
V0499,20-Oct-2019,10,2.3
V0499,23-Jun-2019,2,2.1
V0499,23-Sep-2019,6,2.4
V0499,24-May-2019,3,3.3
V0499,25-May-2019,10,2.9
V0499,27-May-2019,6,3.1
V0499,27-Oct-2019,5,2.1
V0499,28-Jul-2019,2,3.7
V0499,28-Oct-2019,7,3.7
V0499,28-Sep-2019,2,1.9
V0499,30-Sep-2019,2,2.7
V0503,01-Jun-2019,19,2.0
V0503,02-Jun-2019,23,3.7
V0503,05-Jun-2019,13,3.6
V0503,06-Jun-2019,2,4.0
V0503,10-Jun-2019,5,2.4
V0503,13-Jun-2019,18,2.9
V0503,16-Jun-2019,18,2.2
V0503,18-May-2019,9,2.7
V0503,19-Jun-2019,16,3.1
V0503,19-May-2019,17,1.9
V0503,21-Jun-2019,12,3.5
V0503,22-Jun-2019,12,3.1
V0503,22-May-2019,2,3.8
V0503,23-Jun-2019,11,2.5
V0503,23-May-2019,7,4.0
V0503,24-Jun-2019,13,4.2
V0503,24-May-2019,9,4.0
V0503,26-May-2019,6,3.7
V0503,27-May-2019,15,3.7
V0503,31-May-2019,10,3.2
V0507,01-Aug-2019,41,2.3
V0507,01-Dec-2019,41,3.4
V0507,01-Jul-2019,74,3.5
V0507,01-Jun-2019,35,4.2
V0507,01-Nov-2019,10,3.1
V0507,01-Oct-2019,24,2.5
V0507,01-Sep-2019,43,3.4
V0507,02-Aug-2019,56,4.2
V0507,02-Jul-2019,11,2.2
V0507,02-Jun-2019,39,2.6
V0507,02-Nov-2019,25,3.1
V0507,02-Oct-2019,8,2.2
V0507,02-Sep-2019,37,1.9
V0507,03-Aug-2019,28,2.6
V0507,03-Jul-2019,41,3.9
V0507,03-Jun-2019,43,1.9
V0507,03-Nov-2019,43,2.8
V0507,03-Oct-2019,31,3.6
V0507,03-Sep-2019,9,4.1
V0507,04-Aug-2019,55,4.2
V0507,04-Jul-2019,25,2.8
V0507,04-Jun-2019,17,4.1
V0507,04-Nov-2019,44,1.9
V0507,04-Oct-2019,23,3.6
V0507,04-Sep-2019,15,3.3
V0507,05-Aug-2019,57,2.4
V0507,05-Jul-2019,23,3.0
V0507,05-Nov-2019,15,2.1
V0507,05-Oct-2019,19,3.9
V0507,05-Sep-2019,9,2.7
V0507,06-Aug-2019,10,3.3
V0507,06-Jul-2019,50,2.2
V0507,06-Jun-2019,13,2.3
V0507,06-Nov-2019,18,4.2
V0507,06-Oct-2019,27,3.6
V0507,06-Sep-2019,36,4.1
V0507,07-Aug-2019,4,2.5
V0507,07-Jul-2019,75,2.2
V0507,07-Jun-2019,29,3.0
V0507,07-Oct-2019,35,3.0
V0507,07-Sep-2019,8,2.2
V0507,08-Aug-2019,17,3.6
V0507,08-Jul-2019,87,2.7
V0507,08-Jun-2019,25,2.2
V0507,08-Nov-2019,15,2.6
V0507,08-Oct-2019,21,3.2
V0507,08-Sep-2019,52,3.5
V0507,09-Aug-2019,12,3.0
V0507,09-Dec-2019,2,3.1
V0507,09-Jul-2019,36,2.1
V0507,09-Jun-2019,55,4.0
V0507,09-Nov-2019,6,4.0
V0507,09-Oct-2019,22,3.4
V0507,09-Sep-2019,38,1.8
V0507,10-Aug-2019,29,3.1
V0507,10-Jul-2019,29,3.3
V0507,10-Jun-2019,42,4.2
V0507,10-Nov-2019,54,4.2
V0507,10-Oct-2019,23,3.9
V0507,10-Sep-2019,26,2.0
V0507,11-Aug-2019,46,4.1
V0507,11-Jul-2019,44,3.3
V0507,11-Jun-2019,14,3.7
V0507,11-Nov-2019,38,2.8
V0507,11-Oct-2019,39,2.6
V0507,11-Sep-2019,11,2.9
V0507,12-Aug-2019,36,2.2
V0507,12-Jul-2019,36,2.7
V0507,12-Jun-2019,13,3.9
V0507,12-Nov-2019,12,1.9
V0507,12-Oct-2019,46,2.2
V0507,12-Sep-2019,13,2.1
V0507,13-Aug-2019,14,2.8
V0507,13-Jul-2019,67,4.2
V0507,13-Jun-2019,46,2.2
V0507,13-Nov-2019,9,2.1
V0507,13-Oct-2019,50,4.0
V0507,13-Sep-2019,35,3.9
V0507,14-Aug-2019,26,1.9
V0507,14-Jul-2019,69,3.6
V0507,14-Jun-2019,22,3.4
V0507,14-Nov-2019,31,3.6
V0507,14-Oct-2019,44,3.0
V0507,14-Sep-2019,11,4.2
V0507,15-Aug-2019,34,1.9
V0507,15-Jul-2019,20,2.4
V0507,15-Jun-2019,10,2.8
V0507,15-Nov-2019,20,2.9
V0507,15-Sep-2019,54,4.0
V0507,16-Aug-2019,21,3.1
V0507,16-Dec-2019,32,1.9
V0507,16-Jul-2019,14,2.8
V0507,16-Jun-2019,48,2.8
V0507,16-Oct-2019,19,4.1
V0507,16-Sep-2019,42,3.2
V0507,17-Aug-2019,8,3.3
V0507,17-Jul-2019,16,3.5
V0507,17-Jun-2019,61,3.6
V0507,17-Nov-2019,58,3.3
V0507,17-Oct-2019,21,2.4
V0507,17-Sep-2019,24,3.9
V0507,18-Aug-2019,59,3.6
V0507,18-Jul-2019,53,3.6
V0507,18-Jun-2019,17,4.2
V0507,18-May-2019,16,3.7
V0507,18-Nov-2019,40,3.8
V0507,18-Oct-2019,21,4.1
V0507,18-Sep-2019,24,2.2
V0507,19-Aug-2019,50,3.0
V0507,19-Jul-2019,47,3.2
V0507,19-Jun-2019,17,2.6
V0507,19-May-2019,65,3.8
V0507,19-Nov-2019,2,3.6
V0507,19-Oct-2019,13,3.5
V0507,19-Sep-2019,12,4.2
V0507,20-Aug-2019,6,2.4
V0507,20-Jul-2019,45,3.6
V0507,20-Jun-2019,15,3.1
V0507,20-May-2019,56,2.6
V0507,20-Oct-2019,38,2.2
V0507,20-Sep-2019,6,4.0
V0507,21-Aug-2019,23,3.2
V0507,21-Jul-2019,53,3.8
V0507,21-Jun-2019,26,3.1
V0507,21-May-2019,21,2.3
V0507,21-Nov-2019,10,2.6
V0507,21-Oct-2019,42,2.7
V0507,21-Sep-2019,3,4.1
V0507,22-Aug-2019,24,1.8
V0507,22-Jul-2019,33,4.2
V0507,22-Jun-2019,26,4.2
V0507,22-May-2019,14,4.2
V0507,22-Nov-2019,13,2.9
V0507,22-Oct-2019,6,4.1
V0507,22-Sep-2019,32,2.7
V0507,23-Aug-2019,12,1.9
V0507,23-Jul-2019,19,2.3
V0507,23-Jun-2019,65,4.1
V0507,23-May-2019,11,1.8
V0507,23-Nov-2019,11,3.1
V0507,23-Oct-2019,16,2.0
V0507,23-Sep-2019,39,2.5
V0507,24-Aug-2019,28,2.0
V0507,24-Jul-2019,49,3.9
V0507,24-Jun-2019,69,3.2
V0507,24-May-2019,58,4.0
V0507,24-Oct-2019,14,3.5
V0507,24-Sep-2019,2,4.1
V0507,25-Aug-2019,56,3.0
V0507,25-Jul-2019,25,3.3
V0507,25-Jun-2019,2,3.2
V0507,25-May-2019,14,3.0
V0507,25-Nov-2019,14,3.8
V0507,25-Oct-2019,2,3.3
V0507,25-Sep-2019,29,3.7
V0507,26-Aug-2019,36,3.7
V0507,26-Jul-2019,24,2.3
V0507,26-Jun-2019,28,3.4
V0507,26-May-2019,39,2.3
V0507,26-Oct-2019,17,3.2
V0507,26-Sep-2019,19,3.4
V0507,27-Aug-2019,4,4.2
V0507,27-Jun-2019,37,1.9
V0507,27-May-2019,56,2.0
V0507,27-Oct-2019,43,2.0
V0507,27-Sep-2019,12,2.8
V0507,28-Aug-2019,11,3.8
V0507,28-Jul-2019,42,3.8
V0507,28-Jun-2019,54,3.6
V0507,28-May-2019,5,4.0
V0507,28-Oct-2019,31,2.6
V0507,28-Sep-2019,26,2.0
V0507,29-Aug-2019,16,1.9
V0507,29-Jul-2019,62,3.8
V0507,29-Jun-2019,31,3.6
V0507,29-May-2019,4,3.5
V0507,29-Oct-2019,2,2.6
V0507,29-Sep-2019,66,2.7
V0507,30-Aug-2019,10,4.1
V0507,30-Jul-2019,51,2.0
V0507,30-Jun-2019,73,3.7
V0507,30-May-2019,2,2.5
V0507,30-Oct-2019,12,1.9
V0507,30-Sep-2019,31,3.6
V0507,31-Aug-2019,4,2.6
V0507,31-Jul-2019,10,3.5
V0507,31-May-2019,3,3.5
V0507,31-Oct-2019,12,3.1
V0512,18-May-2019,10,3.7
V0516,01-Jul-2019,7,3.2
V0516,01-Jun-2019,7,2.5
V0516,01-Nov-2018,9,3.6
V0516,01-Nov-2019,2,3.2
V0516,01-Oct-2018,12,1.8
V0516,01-Oct-2019,10,4.0
V0516,01-Sep-2018,8,3.1
V0516,01-Sep-2019,6,3.9
V0516,02-Jul-2019,3,3.9
V0516,02-Jun-2019,4,2.9
V0516,02-Nov-2019,8,3.0
V0516,02-Sep-2018,2,2.8
V0516,02-Sep-2019,10,2.9
V0516,03-Aug-2018,2,3.9
V0516,03-Aug-2019,3,3.7
V0516,03-Jul-2019,13,2.1
V0516,03-Nov-2019,4,3.3
V0516,03-Oct-2018,2,4.2
V0516,03-Sep-2019,5,3.2
V0516,04-Aug-2019,4,3.7
V0516,04-Nov-2019,8,3.6
V0516,04-Oct-2019,10,2.6
V0516,04-Sep-2018,2,2.7
V0516,05-Jul-2019,5,3.5
V0516,05-Jun-2019,4,3.0
V0516,05-Nov-2019,6,3.2
V0516,05-Oct-2019,8,3.5
V0516,05-Sep-2018,6,3.7
V0516,06-Aug-2019,2,2.5
V0516,06-Jul-2019,3,2.2
V0516,06-Oct-2019,9,2.5
V0516,06-Sep-2018,5,3.0
V0516,07-Aug-2018,2,2.6
V0516,07-Aug-2019,2,3.2
V0516,07-Jul-2019,11,1.9
V0516,07-Jun-2019,3,3.0
V0516,07-Nov-2018,4,2.7
V0516,07-Oct-2019,9,3.1
V0516,08-Jul-2019,9,2.8
V0516,08-Jun-2019,2,2.5
V0516,08-Nov-2019,20,4.0
V0516,08-Oct-2019,12,2.2
V0516,08-Sep-2019,14,3.4
V0516,09-Aug-2018,21,4.0
V0516,09-Aug-2019,2,3.1
V0516,09-Dec-2019,30,3.9
V0516,09-Jul-2019,7,2.1
V0516,09-Jun-2019,9,3.0
V0516,09-Nov-2019,12,2.9
V0516,09-Oct-2018,28,1.8
V0516,09-Oct-2019,11,2.9
V0516,09-Sep-2019,8,2.7
V0516,10-Aug-2018,6,3.4
V0516,10-Aug-2019,3,4.1
V0516,10-Jul-2019,12,2.0
V0516,10-Jun-2019,7,2.6
V0516,10-Oct-2018,7,2.9
V0516,10-Sep-2018,4,2.9
V0516,10-Sep-2019,16,3.7
V0516,11-Aug-2018,4,2.9
V0516,11-Aug-2019,2,1.9
V0516,11-Jul-2019,10,3.5
V0516,11-Jun-2019,7,3.9
V0516,11-Nov-2018,4,3.0
V0516,11-Nov-2019,2,3.2
V0516,11-Oct-2018,8,2.2
V0516,11-Sep-2019,3,2.3
V0516,12-Aug-2018,2,2.4
V0516,12-Aug-2019,2,2.8
V0516,12-Jul-2019,5,4.0
V0516,12-Jun-2019,3,3.1
V0516,12-Nov-2018,24,2.3
V0516,12-Oct-2019,2,2.4
V0516,13-Aug-2018,3,2.7
V0516,13-Aug-2019,2,3.3
V0516,13-Jul-2019,8,2.9
V0516,13-Jun-2019,4,2.7
V0516,13-Nov-2018,2,3.2
V0516,13-Nov-2019,4,2.4
V0516,13-Oct-2019,4,2.0
V0516,14-Aug-2018,3,1.9
V0516,14-Aug-2019,2,2.4
V0516,14-Jul-2019,16,2.0
V0516,14-Jun-2019,7,2.6
V0516,14-Nov-2018,5,3.7
V0516,14-Oct-2018,19,3.5
V0516,14-Oct-2019,4,3.3
V0516,14-Sep-2019,4,3.8
V0516,15-Aug-2018,22,2.5
V0516,15-Aug-2019,9,3.9
V0516,15-Dec-2019,2,2.8
V0516,15-Jul-2019,25,2.8
V0516,15-Oct-2018,16,2.8
V0516,15-Oct-2019,11,2.0
V0516,15-Sep-2019,2,4.1
V0516,16-Jul-2019,14,2.1
V0516,16-Jun-2019,20,2.6
V0516,16-Oct-2018,2,2.6
V0516,16-Oct-2019,4,2.0
V0516,16-Sep-2019,11,2.2
V0516,17-Aug-2018,7,1.9
V0516,17-Jul-2019,19,2.5
V0516,17-Jun-2019,4,3.9
V0516,17-Nov-2019,2,2.6
V0516,17-Sep-2018,11,2.1
V0516,18-Aug-2019,6,3.3
V0516,18-Jul-2019,3,4.2
V0516,18-Jun-2019,3,2.4
V0516,18-May-2019,2,2.5
V0516,18-Nov-2018,40,4.1
V0516,18-Sep-2019,4,2.2
V0516,19-Aug-2018,11,3.0
V0516,19-Aug-2019,3,2.4
V0516,19-Jul-2019,26,4.0
V0516,19-Jun-2019,10,4.2
V0516,19-May-2019,12,3.8
V0516,20-Aug-2018,4,2.6
V0516,20-Jul-2019,4,2.8
V0516,20-May-2019,3,2.4
V0516,20-Oct-2018,8,3.9
V0516,20-Oct-2019,13,4.0
V0516,21-Aug-2019,3,2.8
V0516,21-Jul-2019,16,3.4
V0516,21-Jun-2019,2,2.2
V0516,21-Nov-2018,3,2.8
V0516,21-Nov-2019,2,3.3
V0516,21-Sep-2018,2,2.7
V0516,22-Jul-2019,7,2.7
V0516,22-Nov-2019,25,1.8
V0516,22-Sep-2018,2,3.7
V0516,22-Sep-2019,4,3.9
V0516,23-Aug-2019,2,4.1
V0516,23-Jun-2019,30,3.5
V0516,23-Oct-2018,3,3.1
V0516,23-Oct-2019,7,2.4
V0516,23-Sep-2019,17,4.2
V0516,24-Aug-2018,2,3.2
V0516,24-Aug-2019,7,3.4
V0516,24-Jun-2019,4,3.4
V0516,24-May-2019,6,3.8
V0516,24-Sep-2018,3,1.8
V0516,24-Sep-2019,5,2.3
V0516,25-Aug-2019,2,3.4
V0516,25-Jun-2019,4,3.9
V0516,25-May-2019,12,3.4
V0516,25-Nov-2018,4,2.8
V0516,25-Oct-2018,3,2.7
V0516,25-Oct-2019,2,3.6
V0516,25-Sep-2018,6,3.6
V0516,26-Aug-2019,9,3.3
V0516,26-Jun-2019,4,2.5
V0516,26-May-2019,4,4.0
V0516,26-Oct-2018,2,3.1
V0516,26-Oct-2019,3,3.7
V0516,27-Aug-2019,8,2.3
V0516,27-Jul-2019,3,2.6
V0516,27-Nov-2018,8,3.9
V0516,27-Oct-2018,3,1.9
V0516,27-Oct-2019,4,3.0
V0516,28-Aug-2019,4,3.0
V0516,28-Jul-2019,2,3.6
V0516,28-May-2019,2,2.5
V0516,28-Nov-2018,3,2.3
V0516,28-Oct-2019,8,4.0
V0516,28-Sep-2019,4,3.2
V0516,29-Jul-2019,10,2.1
V0516,29-Jun-2019,2,2.3
V0516,29-Oct-2018,8,4.2
V0516,29-Oct-2019,4,2.3
V0516,29-Sep-2018,4,3.3
V0516,29-Sep-2019,6,2.8
V0516,30-Aug-2019,2,3.9
V0516,30-Jul-2018,4,3.6
V0516,30-Jul-2019,5,3.2
V0516,30-Jun-2019,18,1.8
V0516,30-Sep-2018,8,3.9
V0516,30-Sep-2019,4,2.9
V0516,31-Jul-2018,2,4.0
V0517,01-Jul-2019,11,3.0
V0517,01-Nov-2019,7,3.5
V0517,02-Aug-2019,4,2.0
V0517,02-Jun-2019,15,3.6
V0517,02-Sep-2019,6,2.6
V0517,03-Aug-2019,12,2.6
V0517,03-Jul-2019,9,2.1
V0517,03-Jun-2019,8,2.2
V0517,03-Nov-2019,6,2.2
V0517,03-Oct-2019,2,2.6
V0517,04-Aug-2019,8,3.9
V0517,04-Jul-2019,3,2.7
V0517,05-Jul-2019,11,3.5
V0517,05-Jun-2019,2,2.0
V0517,05-Oct-2019,8,3.2
V0517,06-Jul-2019,14,3.0
V0517,06-Jun-2019,2,4.1
V0517,06-Oct-2019,5,3.8
V0517,06-Sep-2019,2,2.9
V0517,07-Aug-2019,4,3.7
V0517,07-Jul-2019,4,2.3
V0517,07-Jun-2019,6,3.1
V0517,07-Oct-2019,2,2.0
V0517,08-Jul-2019,3,2.6
V0517,08-Jun-2019,15,2.3
V0517,08-Nov-2019,6,3.5
V0517,08-Sep-2019,2,3.0
V0517,09-Jun-2019,8,3.6
V0517,10-Aug-2019,2,3.0
V0517,10-Jul-2019,4,2.0
V0517,10-Jun-2019,5,3.6
V0517,10-Nov-2019,3,3.8
V0517,10-Oct-2019,4,4.0
V0517,11-Aug-2019,4,3.2
V0517,11-Oct-2019,6,3.6
V0517,12-Aug-2019,14,3.6
V0517,12-Jul-2019,7,2.2
V0517,12-Jun-2019,5,2.2
V0517,12-Oct-2019,2,2.0
V0517,12-Sep-2019,4,2.6
V0517,13-Jun-2019,11,2.9
V0517,13-Oct-2019,5,4.2
V0517,13-Sep-2019,4,2.8
V0517,14-Aug-2019,4,3.5
V0517,14-Jul-2019,8,3.5
V0517,14-Jun-2019,6,2.3
V0517,14-Oct-2019,2,1.9
V0517,14-Sep-2019,4,3.1
V0517,15-Aug-2019,10,3.5
V0517,15-Jul-2019,6,4.2
V0517,15-Jun-2019,4,2.7
V0517,15-Sep-2019,2,4.0
V0517,16-Aug-2019,6,2.7
V0517,16-Jun-2019,8,3.5
V0517,16-Oct-2019,6,3.2
V0517,16-Sep-2019,2,1.9
V0517,17-Aug-2019,8,2.0
V0517,17-Jul-2019,6,1.8
V0517,17-Jun-2019,2,2.7
V0517,17-Oct-2019,4,3.6
V0517,18-Aug-2019,2,2.2
V0517,18-Jul-2019,7,3.3
V0517,18-May-2019,3,2.5
V0517,18-Oct-2019,6,3.7
V0517,18-Sep-2019,2,3.7
V0517,19-Aug-2019,3,3.7
V0517,19-Jul-2019,5,3.1
V0517,19-Jun-2019,5,2.5
V0517,19-May-2019,14,3.7
V0517,19-Oct-2019,2,2.2
V0517,19-Sep-2019,5,2.5
V0517,20-Jun-2019,6,2.2
V0517,20-Oct-2019,7,3.4
V0517,20-Sep-2019,4,3.4
V0517,21-Aug-2019,3,3.4
V0517,21-Oct-2019,1,2.8
V0517,22-Aug-2019,2,2.0
V0517,22-Jun-2019,4,4.0
V0517,22-May-2019,4,3.0
V0517,22-Sep-2019,4,2.8
V0517,23-Aug-2019,7,3.2
V0517,23-Jun-2019,6,2.3
V0517,23-Oct-2019,2,2.1
V0517,23-Sep-2019,2,2.8
V0517,24-Jun-2019,4,2.3
V0517,24-May-2019,9,2.4
V0517,25-Oct-2019,2,3.9
V0517,26-Jun-2019,12,3.1
V0517,26-May-2019,8,3.0
V0517,27-Jul-2019,3,3.5
V0517,27-Jun-2019,8,4.1
V0517,27-May-2019,5,2.1
V0517,27-Oct-2019,4,3.8
V0517,27-Sep-2019,5,3.2
V0517,28-Aug-2019,2,2.2
V0517,28-Jul-2019,2,2.5
V0517,28-Sep-2019,2,3.0
V0517,29-Jun-2019,6,3.5
V0517,29-Sep-2019,2,2.4
V0517,30-Aug-2019,2,3.1
V0517,30-Jun-2019,11,3.4
V0517,30-Oct-2019,2,2.9
V0517,30-Sep-2019,3,3.9
V0517,31-May-2019,6,3.9
V0519,01-Aug-2018,7,2.9
V0519,01-Aug-2019,2,4.1
V0519,01-Jul-2019,19,2.0
V0519,01-Jun-2019,16,1.8
V0519,01-Nov-2019,2,2.7
V0519,01-Sep-2019,12,3.2
V0519,02-Aug-2019,2,3.3
V0519,02-Jun-2019,6,2.9
V0519,02-Nov-2019,4,2.1
V0519,02-Oct-2019,6,2.2
V0519,02-Sep-2019,14,3.8
V0519,03-Aug-2019,12,3.9
V0519,03-Jul-2019,9,3.4
V0519,03-Jun-2019,10,3.4
V0519,03-Nov-2018,2,3.2
V0519,03-Nov-2019,9,2.3
V0519,03-Oct-2019,4,2.8
V0519,04-Aug-2019,5,3.5
V0519,04-Jul-2019,4,3.1
V0519,04-Nov-2019,16,1.8
V0519,04-Oct-2019,12,4.1
V0519,05-Aug-2018,10,3.8
V0519,05-Aug-2019,4,2.4
V0519,05-Jul-2019,12,3.3
V0519,05-Jun-2019,2,4.0
V0519,05-Oct-2019,6,2.0
V0519,05-Sep-2019,6,3.0
V0519,06-Aug-2018,10,2.9
V0519,06-Jul-2019,11,2.8
V0519,06-Jun-2019,12,3.8
V0519,06-Oct-2019,12,2.7
V0519,06-Sep-2019,16,2.0
V0519,07-Aug-2019,2,2.0
V0519,07-Jul-2019,8,1.9
V0519,07-Jun-2019,16,2.8
V0519,07-Nov-2019,6,3.5
V0519,07-Oct-2019,18,2.3
V0519,07-Sep-2019,11,3.4
V0519,08-Aug-2019,4,3.4
V0519,08-Jul-2019,22,2.4
V0519,08-Jun-2019,4,3.2
V0519,08-Nov-2019,12,3.4
V0519,08-Oct-2018,1,2.9
V0519,08-Sep-2019,12,2.6
V0519,09-Jun-2019,7,3.3
V0519,09-Nov-2018,6,4.1
V0519,09-Nov-2019,4,2.8
V0519,09-Sep-2019,8,2.7
V0519,10-Aug-2018,2,2.9
V0519,10-Aug-2019,3,2.0
V0519,10-Jul-2019,8,3.1
V0519,10-Jun-2019,10,2.6
V0519,10-Nov-2018,8,2.1
V0519,10-Nov-2019,18,2.9
V0519,10-Oct-2019,7,1.8
V0519,10-Sep-2018,1,2.8
V0519,11-Jul-2019,6,2.1
V0519,11-Nov-2018,16,1.9
V0519,11-Nov-2019,14,3.8
V0519,11-Oct-2018,2,4.0
V0519,11-Oct-2019,6,2.3
V0519,12-Aug-2019,9,3.1
V0519,12-Jul-2019,4,2.5
V0519,12-Nov-2018,18,3.0
V0519,12-Oct-2019,7,2.8
V0519,12-Sep-2019,7,2.4
V0519,13-Aug-2018,1,3.5
V0519,13-Jul-2019,11,2.1
V0519,13-Jun-2019,10,1.9
V0519,13-Nov-2019,8,3.6
V0519,13-Oct-2019,12,3.4
V0519,13-Sep-2019,9,3.0
V0519,14-Aug-2019,8,2.9
V0519,14-Jul-2019,9,3.0
V0519,14-Jun-2019,12,2.8
V0519,14-Nov-2018,15,2.7
V0519,14-Nov-2019,6,3.0
V0519,14-Oct-2019,10,3.1
V0519,14-Sep-2019,13,3.5
V0519,15-Jul-2019,12,3.5
V0519,15-Jun-2019,7,2.7
V0519,15-Nov-2018,16,2.8
V0519,15-Nov-2019,4,2.7
V0519,15-Sep-2019,11,3.1
V0519,16-Aug-2019,9,2.9
V0519,16-Jul-2019,8,3.9
V0519,16-Jun-2019,8,3.5
V0519,16-Nov-2018,8,4.0
V0519,16-Oct-2019,7,3.5
V0519,16-Sep-2019,10,4.1
V0519,17-Aug-2019,5,3.3
V0519,17-Jun-2019,12,4.1
V0519,17-Nov-2018,18,2.2
V0519,17-Oct-2019,10,1.9
V0519,18-Aug-2018,9,3.2
V0519,18-Aug-2019,11,4.2
V0519,18-Jul-2019,10,2.8
V0519,18-May-2019,4,2.3
V0519,18-Nov-2018,12,3.1
V0519,18-Nov-2019,2,3.4
V0519,18-Oct-2019,3,2.6
V0519,19-Aug-2018,2,3.5
V0519,19-Aug-2019,14,4.1
V0519,19-Jul-2019,10,4.0
V0519,19-Jun-2019,2,2.5
V0519,19-May-2019,2,2.6
V0519,19-Nov-2018,12,2.7
V0519,19-Oct-2019,2,2.7
V0519,20-Aug-2018,4,2.0
V0519,20-Jul-2019,14,3.6
V0519,20-Jun-2019,2,2.7
V0519,20-May-2019,9,3.9
V0519,20-Oct-2019,10,4.0
V0519,20-Sep-2019,16,1.9
V0519,21-Aug-2019,2,4.2
V0519,21-Nov-2018,8,3.5
V0519,21-Oct-2019,12,3.0
V0519,21-Sep-2019,2,2.7
V0519,22-Aug-2018,4,3.0
V0519,22-Aug-2019,7,2.6
V0519,22-Jun-2019,5,3.3
V0519,22-Nov-2018,15,2.0
V0519,22-Sep-2019,8,3.3
V0519,23-Aug-2018,8,2.5
V0519,23-Jun-2019,2,1.8
V0519,23-May-2019,2,3.1
V0519,23-Nov-2018,6,3.2
V0519,23-Oct-2019,2,2.8
V0519,23-Sep-2019,10,2.0
V0519,24-Aug-2019,2,3.9
V0519,24-Jun-2019,14,3.3
V0519,24-Nov-2018,9,2.1
V0519,24-Oct-2019,4,3.0
V0519,24-Sep-2018,2,3.0
V0519,25-Aug-2019,4,1.9
V0519,25-May-2019,8,3.3
V0519,25-Nov-2018,14,3.7
V0519,25-Sep-2019,6,3.6
V0519,26-Aug-2019,12,2.3
V0519,26-Jun-2019,12,3.9
V0519,26-May-2019,9,2.6
V0519,26-Nov-2018,13,4.1
V0519,26-Oct-2019,9,2.0
V0519,26-Sep-2019,13,3.0
V0519,27-Jul-2019,9,3.2
V0519,27-Jun-2019,6,2.4
V0519,27-May-2019,2,3.7
V0519,27-Oct-2018,2,3.3
V0519,27-Oct-2019,10,1.8
V0519,27-Sep-2019,5,3.3
V0519,28-Aug-2019,8,3.0
V0519,28-Jul-2018,2,2.3
V0519,28-Jul-2019,13,4.2
V0519,28-Jun-2019,11,4.0
V0519,28-Nov-2018,2,2.5
V0519,28-Oct-2019,6,3.1
V0519,29-Aug-2019,2,2.6
V0519,29-Jul-2019,4,3.7
V0519,29-Jun-2019,2,4.0
V0519,29-May-2019,4,2.7
V0519,29-Sep-2019,15,3.7
V0519,30-Aug-2019,4,3.0
V0519,30-Jun-2019,14,2.8
V0519,30-May-2019,4,4.1
V0519,30-Oct-2019,2,3.0
V0519,30-Sep-2019,10,2.9
V0519,31-Aug-2019,3,3.4
V0519,31-Jul-2019,2,2.4
V0519,31-May-2019,8,2.6
V0519,31-Oct-2019,13,4.0
V0523,01-Jul-2019,47,3.4
V0523,01-Jun-2019,1,3.8
V0523,01-Sep-2019,7,2.5
V0523,02-Jun-2019,21,3.1
V0523,03-Jul-2019,3,4.1
V0523,03-Jun-2019,12,2.6
V0523,04-Aug-2019,3,2.2
V0523,04-Nov-2019,6,3.0
V0523,06-Jul-2019,22,2.7
V0523,06-Jun-2019,5,2.2
V0523,07-Jul-2019,16,3.9
V0523,07-Jun-2019,6,4.2
V0523,08-Jun-2019,12,3.2
V0523,09-Aug-2019,7,3.7
V0523,09-Dec-2019,10,3.9
V0523,10-Jul-2019,3,3.5
V0523,10-Jun-2019,9,1.9
V0523,11-Aug-2019,3,2.2
V0523,11-Oct-2019,1,2.0
V0523,12-Aug-2019,3,1.8
V0523,13-Jul-2019,3,2.5
V0523,13-Sep-2019,2,2.7
V0523,14-Aug-2019,7,2.4
V0523,14-Sep-2019,12,2.0
V0523,15-Jul-2019,7,3.1
V0523,16-Aug-2019,10,2.5
V0523,17-Jul-2019,3,3.7
V0523,17-Jun-2019,14,1.8
V0523,18-May-2019,2,3.8
V0523,19-Jul-2019,2,4.1
V0523,19-May-2019,3,3.5
V0523,19-Oct-2019,2,3.6
V0523,20-Jul-2019,17,4.0
V0523,20-Nov-2019,4,2.3
V0523,21-Jul-2019,4,4.2
V0523,21-Jun-2019,2,3.7
V0523,21-Oct-2019,2,3.5
V0523,23-Aug-2019,2,2.7
V0523,24-Jun-2019,20,3.1
V0523,26-Aug-2019,3,3.4
V0523,26-May-2019,6,3.3
V0523,27-May-2019,10,3.5
V0523,29-Aug-2019,3,2.0
V0523,29-Sep-2019,5,2.7
V0523,30-Aug-2019,3,2.8
V0523,30-Jun-2019,36,2.4
V0523,30-Sep-2019,11,2.2
V0526,01-Dec-2018,9,2.1
V0526,01-Jul-2019,43,2.7
V0526,01-Jun-2019,28,3.0
V0526,01-Nov-2018,7,2.0
V0526,01-Nov-2019,2,4.1
V0526,01-Oct-2018,31,3.6
V0526,01-Oct-2019,13,3.6
V0526,01-Sep-2018,11,2.2
V0526,01-Sep-2019,40,3.2
V0526,02-Aug-2018,2,3.1
V0526,02-Aug-2019,11,4.2
V0526,02-Dec-2018,11,3.6
V0526,02-Dec-2019,17,3.2
V0526,02-Jul-2019,27,3.8
V0526,02-Jun-2019,36,2.2
V0526,02-Nov-2018,11,1.8
V0526,02-Nov-2019,7,3.5
V0526,02-Oct-2018,7,2.0
V0526,02-Oct-2019,17,2.1
V0526,02-Sep-2018,32,3.6
V0526,02-Sep-2019,17,2.4
V0526,03-Aug-2018,10,3.3
V0526,03-Aug-2019,3,4.0
V0526,03-Dec-2018,11,2.6
V0526,03-Jul-2019,4,2.3
V0526,03-Jun-2019,40,2.1
V0526,03-Nov-2019,32,2.1
V0526,03-Oct-2019,4,1.9
V0526,03-Sep-2018,19,2.0
V0526,03-Sep-2019,19,2.8
V0526,04-Aug-2019,40,2.6
V0526,04-Jul-2019,33,3.5
V0526,04-Nov-2018,50,3.9
V0526,04-Nov-2019,3,3.7
V0526,04-Oct-2018,11,3.1
V0526,04-Oct-2019,5,2.0
V0526,04-Sep-2018,3,3.5
V0526,05-Aug-2018,7,2.7
V0526,05-Aug-2019,34,2.0
V0526,05-Jul-2019,47,3.8
V0526,05-Jun-2019,19,2.6
V0526,05-Nov-2018,31,2.3
V0526,05-Nov-2019,18,3.9
V0526,05-Oct-2018,13,4.0
V0526,05-Sep-2018,5,2.6
V0526,05-Sep-2019,4,2.7
V0526,06-Aug-2018,34,3.2
V0526,06-Aug-2019,2,3.6
V0526,06-Dec-2018,7,2.0
V0526,06-Jul-2019,45,3.2
V0526,06-Jun-2019,2,4.1
V0526,06-Nov-2018,3,2.4
V0526,06-Oct-2019,36,4.0
V0526,06-Sep-2019,18,4.1
V0526,07-Aug-2018,26,2.4
V0526,07-Aug-2019,8,3.6
V0526,07-Jul-2019,53,2.4
V0526,07-Jun-2019,14,3.6
V0526,07-Nov-2019,23,3.7
V0526,07-Oct-2018,38,2.4
V0526,07-Oct-2019,12,3.5
V0526,07-Sep-2018,5,3.7
V0526,07-Sep-2019,16,2.7
V0526,08-Dec-2018,2,2.2
V0526,08-Jul-2019,46,2.0
V0526,08-Jun-2019,2,3.2
V0526,08-Oct-2018,28,4.1
V0526,08-Oct-2019,7,3.8
V0526,08-Sep-2018,13,2.8
V0526,08-Sep-2019,40,3.1
V0526,09-Aug-2018,17,2.5
V0526,09-Aug-2019,30,2.2
V0526,09-Dec-2018,37,3.0
V0526,09-Jul-2019,28,2.9
V0526,09-Jun-2019,31,3.1
V0526,09-Nov-2018,21,4.1
V0526,09-Oct-2018,2,3.2
V0526,09-Oct-2019,12,3.3
V0526,09-Sep-2018,33,2.1
V0526,09-Sep-2019,34,4.2
V0526,10-Aug-2018,5,3.7
V0526,10-Aug-2019,2,3.9
V0526,10-Dec-2018,34,2.8
V0526,10-Jul-2019,28,3.0
V0526,10-Jun-2019,29,3.1
V0526,10-Nov-2019,53,2.3
V0526,10-Oct-2018,4,3.5
V0526,10-Oct-2019,12,4.0
V0526,10-Sep-2018,29,2.2
V0526,10-Sep-2019,8,2.0
V0526,11-Aug-2018,13,3.6
V0526,11-Aug-2019,25,2.5
V0526,11-Dec-2018,9,3.3
V0526,11-Jul-2019,39,3.5
V0526,11-Nov-2018,46,2.6
V0526,11-Nov-2019,12,3.8
V0526,11-Oct-2019,35,3.1
V0526,11-Sep-2018,2,3.9
V0526,11-Sep-2019,5,3.6
V0526,12-Aug-2018,31,3.9
V0526,12-Aug-2019,20,1.8
V0526,12-Jul-2019,21,2.4
V0526,12-Jun-2019,6,2.0
V0526,12-Nov-2018,12,2.9
V0526,12-Nov-2019,5,3.9
V0526,12-Oct-2018,4,2.9
V0526,12-Oct-2019,14,3.8
V0526,12-Sep-2019,4,2.6
V0526,13-Aug-2018,30,2.6
V0526,13-Aug-2019,14,3.9
V0526,13-Jul-2019,99,2.8
V0526,13-Jun-2019,34,3.7
V0526,13-Nov-2019,20,2.4
V0526,13-Oct-2018,4,4.1
V0526,13-Oct-2019,44,3.2
V0526,13-Sep-2018,3,3.6
V0526,13-Sep-2019,4,2.0
V0526,14-Aug-2018,8,3.0
V0526,14-Aug-2019,6,4.0
V0526,14-Dec-2018,34,3.9
V0526,14-Jul-2019,41,1.9
V0526,14-Jun-2019,10,2.5
V0526,14-Nov-2018,25,2.9
V0526,14-Oct-2018,49,2.2
V0526,14-Oct-2019,15,3.6
V0526,14-Sep-2018,6,2.2
V0526,14-Sep-2019,12,2.6
V0526,15-Aug-2018,4,3.4
V0526,15-Dec-2018,6,3.0
V0526,15-Jul-2019,19,3.6
V0526,15-Jun-2019,2,4.1
V0526,15-Nov-2018,50,2.1
V0526,15-Nov-2019,12,3.5
V0526,15-Oct-2018,17,2.4
V0526,15-Oct-2019,13,2.8
V0526,15-Sep-2018,4,1.9
V0526,15-Sep-2019,30,2.1
V0526,16-Aug-2018,10,2.6
V0526,16-Aug-2019,13,2.6
V0526,16-Dec-2018,25,4.0
V0526,16-Jul-2019,4,3.6
V0526,16-Jun-2019,25,4.1
V0526,16-Nov-2018,6,3.2
V0526,16-Oct-2019,24,2.4
V0526,16-Sep-2018,20,2.6
V0526,16-Sep-2019,48,2.6
V0526,17-Aug-2018,31,2.6
V0526,17-Jul-2019,26,3.4
V0526,17-Jun-2019,40,3.1
V0526,17-Nov-2018,32,2.7
V0526,17-Nov-2019,3,2.2
V0526,17-Oct-2018,14,1.9
V0526,17-Oct-2019,14,2.3
V0526,17-Sep-2018,19,2.1
V0526,17-Sep-2019,19,3.7
V0526,18-Aug-2018,18,2.1
V0526,18-Aug-2019,16,3.5
V0526,18-Jul-2019,43,2.7
V0526,18-Jun-2019,10,2.0
V0526,18-May-2019,19,3.8
V0526,18-Nov-2018,7,3.2
V0526,18-Nov-2019,6,2.4
V0526,18-Oct-2018,4,3.9
V0526,18-Oct-2019,9,1.9
V0526,18-Sep-2019,12,2.3
V0526,19-Aug-2018,43,3.6
V0526,19-Aug-2019,34,3.5
V0526,19-Jul-2019,47,2.5
V0526,19-May-2019,32,1.9
V0526,19-Nov-2018,27,3.9
V0526,19-Nov-2019,3,2.6
V0526,19-Oct-2018,18,2.3
V0526,19-Sep-2019,38,3.0
V0526,20-Aug-2018,33,4.0
V0526,20-Aug-2019,7,1.9
V0526,20-Jul-2019,48,3.6
V0526,20-Jun-2019,4,3.2
V0526,20-May-2019,25,2.8
V0526,20-Nov-2018,12,3.6
V0526,20-Oct-2019,26,4.1
V0526,20-Sep-2018,11,2.4
V0526,20-Sep-2019,7,2.1
V0526,21-Aug-2019,6,4.0
V0526,21-Jul-2019,41,3.4
V0526,21-Jun-2019,34,2.9
V0526,21-Nov-2018,4,3.2
V0526,21-Oct-2018,16,3.6
V0526,21-Oct-2019,10,3.7
V0526,21-Sep-2018,11,4.0
V0526,21-Sep-2019,5,2.8
V0526,22-Aug-2019,18,2.5
V0526,22-Jun-2019,2,3.3
V0526,22-May-2019,6,2.8
V0526,22-Nov-2018,6,3.2
V0526,22-Nov-2019,2,2.8
V0526,22-Oct-2018,2,2.2
V0526,22-Oct-2019,2,2.9
V0526,22-Sep-2019,11,3.5
V0526,23-Aug-2019,13,3.7
V0526,23-Jun-2019,40,3.0
V0526,23-May-2019,28,2.2
V0526,23-Nov-2018,4,2.8
V0526,23-Oct-2019,2,3.7
V0526,23-Sep-2018,13,2.8
V0526,23-Sep-2019,37,3.5
V0526,24-Aug-2018,2,3.0
V0526,24-Aug-2019,3,2.4
V0526,24-Jul-2018,4,3.7
V0526,24-Jul-2019,30,2.0
V0526,24-Jun-2019,46,3.1
V0526,24-May-2019,25,2.3
V0526,24-Oct-2019,2,2.0
V0526,24-Sep-2018,6,3.0
V0526,24-Sep-2019,4,3.0
V0526,25-Aug-2018,6,3.5
V0526,25-Aug-2019,31,3.6
V0526,25-Jul-2018,2,3.5
V0526,25-Jul-2019,29,2.8
V0526,25-Jun-2019,38,3.3
V0526,25-May-2019,3,3.2
V0526,25-Nov-2018,3,2.8
V0526,25-Oct-2018,31,3.2
V0526,26-Aug-2018,37,4.1
V0526,26-Aug-2019,33,2.3
V0526,26-Jul-2018,8,4.0
V0526,26-May-2019,12,1.9
V0526,26-Nov-2018,2,2.5
V0526,26-Oct-2018,10,2.5
V0526,26-Oct-2019,7,3.3
V0526,26-Sep-2019,17,2.1
V0526,27-Aug-2018,43,3.9
V0526,27-Aug-2019,10,3.8
V0526,27-Jul-2019,7,3.4
V0526,27-Jun-2019,14,2.9
V0526,27-May-2019,23,4.0
V0526,27-Oct-2019,47,3.8
V0526,27-Sep-2018,2,3.0
V0526,28-Aug-2018,6,3.5
V0526,28-Aug-2019,4,3.2
V0526,28-Jul-2018,2,3.2
V0526,28-Jul-2019,19,2.6
V0526,28-Jun-2019,26,2.9
V0526,28-May-2019,2,2.0
V0526,28-Nov-2018,4,2.7
V0526,28-Oct-2018,22,3.5
V0526,28-Oct-2019,15,4.1
V0526,28-Sep-2018,5,4.1
V0526,28-Sep-2019,7,3.1
V0526,29-Jul-2018,36,3.3
V0526,29-Jul-2019,46,2.2
V0526,29-Jun-2019,11,3.5
V0526,29-May-2019,12,2.0
V0526,29-Nov-2018,3,2.5
V0526,29-Oct-2018,2,3.4
V0526,29-Oct-2019,2,2.5
V0526,29-Sep-2018,8,1.9
V0526,29-Sep-2019,38,3.8
V0526,30-Aug-2018,14,2.5
V0526,30-Aug-2019,9,2.0
V0526,30-Jul-2018,26,2.0
V0526,30-Jul-2019,27,2.4
V0526,30-Jun-2019,42,2.2
V0526,30-Nov-2018,13,3.7
V0526,30-Oct-2018,8,2.6
V0526,30-Oct-2019,8,3.7
V0526,30-Sep-2018,39,2.2
V0526,30-Sep-2019,15,3.0
V0526,31-Aug-2018,42,3.5
V0526,31-Aug-2019,8,3.4
V0526,31-Jul-2018,28,3.2
V0526,31-Jul-2019,15,4.0
V0526,31-May-2019,18,2.3
V0526,31-Oct-2019,13,3.0
V0528,01-Jun-2019,2241,3.9
V0528,02-Jul-2019,20,2.0
V0528,02-Jun-2019,550,1.9
V0528,02-Sep-2019,97,2.4
V0528,03-Jun-2019,17,3.3
V0528,04-Jul-2019,9,2.4
V0528,05-Jun-2019,2,2.3
V0528,05-Nov-2019,2,2.9
V0528,05-Oct-2019,142,3.3
V0528,06-Sep-2019,3,2.4
V0528,07-Aug-2019,45,2.5
V0528,07-Jun-2019,4,3.3
V0528,08-Aug-2019,18,4.1
V0528,08-Sep-2019,4,3.4
V0528,09-Jul-2019,200,3.7
V0528,09-Jun-2019,5,2.7
V0528,10-Aug-2019,21,2.5
V0528,10-Jun-2019,2,2.9
V0528,11-Aug-2019,16,3.7
V0528,11-Sep-2019,81,2.9
V0528,13-Sep-2019,16,3.8
V0528,14-Aug-2019,20,4.2
V0528,15-Aug-2019,12,2.0
V0528,15-Sep-2019,37,1.9
V0528,16-Aug-2019,19,2.2
V0528,16-Jun-2019,8,2.7
V0528,16-Nov-2019,6,2.1
V0528,17-Aug-2019,5,3.9
V0528,17-Jun-2019,17,1.9
V0528,17-Nov-2019,2,2.6
V0528,17-Sep-2019,42,2.2
V0528,18-Jun-2019,35,4.0
V0528,19-Aug-2019,4,3.4
V0528,20-Aug-2019,18,4.0
V0528,20-Jun-2019,11,4.1
V0528,22-Aug-2019,11,3.0
V0528,22-Jun-2019,19,2.4
V0528,23-Jun-2019,4,2.3
V0528,24-Aug-2019,43,2.3
V0528,24-Jun-2019,11,3.5
V0528,25-Jun-2019,23,1.9
V0528,26-Aug-2019,13,1.9
V0528,26-Jun-2019,18,3.3
V0528,27-Aug-2019,3,3.3
V0528,27-Jul-2019,300,3.4
V0528,27-Nov-2019,511,2.7
V0528,29-Jul-2019,25,3.7
V0528,30-Aug-2019,15,3.1
V0528,30-Jun-2019,19,2.1
V0528,31-Jul-2019,45,3.7
V0533,01-Jul-2019,36,4.1
V0533,01-Jun-2019,3,1.9
V0533,01-Sep-2019,12,2.7
V0533,02-Jun-2019,17,3.0
V0533,02-Oct-2019,3,2.2
V0533,02-Sep-2019,10,3.9
V0533,03-Aug-2019,8,2.5
V0533,03-Jun-2019,16,3.7
V0533,03-Nov-2019,25,3.4
V0533,03-Oct-2019,2,3.2
V0533,04-Aug-2019,29,2.3
V0533,04-Nov-2019,16,2.3
V0533,04-Oct-2019,26,1.9
V0533,04-Sep-2019,5,2.4
V0533,05-Aug-2019,24,2.6
V0533,05-Jul-2019,2,3.8
V0533,05-Oct-2019,4,2.7
V0533,06-Jul-2019,7,3.6
V0533,06-Nov-2019,4,2.9
V0533,06-Oct-2019,3,3.7
V0533,06-Sep-2019,7,4.1
V0533,07-Jul-2019,27,2.4
V0533,07-Nov-2019,16,3.9
V0533,07-Oct-2019,18,3.3
V0533,07-Sep-2019,6,3.8
V0533,08-Aug-2019,14,3.4
V0533,08-Jul-2019,33,2.8
V0533,08-Nov-2019,2,2.3
V0533,08-Oct-2019,30,2.0
V0533,08-Sep-2019,12,3.1
V0533,09-Aug-2019,2,4.2
V0533,09-Jul-2019,29,3.6
V0533,09-Jun-2019,24,2.6
V0533,09-Oct-2019,6,3.8
V0533,09-Sep-2019,23,3.6
V0533,10-Jul-2019,14,2.5
V0533,10-Jun-2019,32,1.8
V0533,10-Nov-2019,2,2.1
V0533,10-Oct-2019,3,3.9
V0533,11-Aug-2019,17,3.8
V0533,11-Jul-2019,9,2.5
V0533,11-Nov-2019,17,2.5
V0533,11-Sep-2019,6,3.7
V0533,12-Aug-2019,2,4.1
V0533,12-Jul-2019,8,3.7
V0533,12-Oct-2019,5,3.3
V0533,13-Jul-2019,26,2.4
V0533,13-Oct-2019,5,3.1
V0533,13-Sep-2019,2,2.4
V0533,14-Aug-2019,4,3.7
V0533,14-Jul-2019,6,2.7
V0533,14-Oct-2019,16,3.8
V0533,14-Sep-2019,28,2.7
V0533,15-Jul-2019,13,3.8
V0533,15-Sep-2019,8,2.6
V0533,16-Jul-2019,11,2.9
V0533,16-Jun-2019,12,3.3
V0533,16-Oct-2019,7,2.0
V0533,16-Sep-2019,23,4.1
V0533,17-Jul-2019,10,3.2
V0533,17-Jun-2019,19,3.0
V0533,17-Oct-2019,2,3.8
V0533,18-Aug-2019,5,3.9
V0533,18-Jul-2019,13,3.1
V0533,18-Oct-2019,12,4.0
V0533,19-Aug-2019,21,2.0
V0533,19-Jul-2019,30,2.1
V0533,19-May-2019,8,3.2
V0533,19-Oct-2019,4,2.6
V0533,19-Sep-2019,2,2.9
V0533,20-Jul-2019,39,2.6
V0533,20-May-2019,36,2.8
V0533,20-Nov-2019,18,3.8
V0533,20-Oct-2019,24,3.2
V0533,21-Jul-2019,44,4.2
V0533,21-Jun-2019,10,3.7
V0533,21-Oct-2019,2,2.5
V0533,21-Sep-2019,4,2.4
V0533,22-Aug-2019,16,2.6
V0533,22-Jun-2019,4,3.8
V0533,22-Sep-2019,11,1.9
V0533,23-Jun-2019,11,2.4
V0533,23-Nov-2019,15,4.0
V0533,23-Sep-2019,17,3.3
V0533,24-Jun-2019,34,2.3
V0533,24-May-2019,5,2.3
V0533,25-Aug-2019,4,3.9
V0533,25-Jul-2019,18,3.9
V0533,25-Nov-2019,8,2.4
V0533,25-Oct-2019,3,2.8
V0533,25-Sep-2019,18,3.8
V0533,26-Aug-2019,24,3.7
V0533,26-Jun-2019,18,3.8
V0533,26-May-2019,9,3.0
V0533,26-Oct-2019,13,4.0
V0533,26-Sep-2019,18,2.6
V0533,27-Jan-2019,10,2.2
V0533,27-Jul-2019,29,3.5
V0533,27-Jun-2019,10,3.1
V0533,27-May-2019,2,3.9
V0533,27-Oct-2019,28,2.0
V0533,27-Sep-2019,12,3.8
V0533,28-Aug-2019,3,2.5
V0533,28-Jan-2019,7,3.4
V0533,28-Jul-2019,26,1.9
V0533,28-Jun-2019,5,3.3
V0533,28-Oct-2019,11,3.5
V0533,28-Sep-2019,6,2.7
V0533,29-Jul-2019,8,2.3
V0533,29-Jun-2019,14,3.1
V0533,29-Sep-2019,23,3.8
V0533,30-Aug-2019,11,2.6
V0533,30-Jan-2019,12,2.4
V0533,30-Jun-2019,25,2.5
V0533,30-Sep-2019,18,4.1
V0535,01-Jul-2019,27,2.7
V0535,01-Jun-2019,13,1.8
V0535,01-Sep-2019,6,3.7
V0535,02-Jul-2019,8,3.5
V0535,02-Jun-2019,8,2.1
V0535,02-Oct-2019,8,4.2
V0535,02-Sep-2019,7,3.3
V0535,03-Aug-2019,3,3.0
V0535,03-Jul-2019,21,2.7
V0535,03-Jun-2019,26,4.0
V0535,03-Nov-2019,25,2.4
V0535,04-Aug-2019,12,2.5
V0535,04-Jul-2019,12,2.1
V0535,04-Jun-2019,12,3.6
V0535,04-Nov-2019,10,3.2
V0535,05-Aug-2019,15,3.3
V0535,05-Oct-2019,17,2.3
V0535,05-Sep-2019,3,3.4
V0535,06-Jul-2019,16,3.6
V0535,06-Jun-2019,2,2.7
V0535,06-Nov-2019,3,3.7
V0535,06-Oct-2019,2,2.6
V0535,07-Jul-2019,5,3.6
V0535,07-Nov-2019,3,1.9
V0535,07-Sep-2019,6,3.1
V0535,08-Jul-2019,28,4.1
V0535,08-Jun-2019,5,4.2
V0535,08-Sep-2019,14,2.5
V0535,09-Jun-2019,7,2.9
V0535,09-Nov-2019,2,2.0
V0535,09-Sep-2019,38,3.9
V0535,10-Aug-2019,6,3.2
V0535,10-Jun-2019,14,2.7
V0535,10-Nov-2019,24,2.1
V0535,10-Oct-2019,3,4.1
V0535,11-Aug-2019,3,3.1
V0535,11-Nov-2019,28,2.5
V0535,12-Aug-2019,18,2.6
V0535,12-Jun-2019,5,2.4
V0535,12-Oct-2019,15,3.2
V0535,13-Aug-2019,8,4.0
V0535,13-Jul-2019,5,3.9
V0535,13-Jun-2019,13,2.9
V0535,13-Oct-2019,22,3.8
V0535,14-Jul-2019,12,2.8
V0535,14-Jun-2019,6,2.4
V0535,14-Oct-2019,22,4.2
V0535,14-Sep-2019,3,2.5
V0535,15-Jul-2019,14,2.6
V0535,15-Sep-2019,29,4.2
V0535,16-Aug-2019,13,2.1
V0535,16-Jul-2019,6,3.6
V0535,16-Jun-2019,8,4.0
V0535,16-Oct-2019,2,3.0
V0535,16-Sep-2019,32,1.8
V0535,17-Jul-2019,17,2.7
V0535,17-Jun-2019,30,2.1
V0535,17-Oct-2019,18,2.8
V0535,18-Aug-2019,2,3.7
V0535,18-Nov-2019,2,2.9
V0535,19-Aug-2019,15,2.8
V0535,19-Jul-2019,21,3.1
V0535,19-Jun-2019,3,3.2
V0535,19-Nov-2019,5,3.9
V0535,19-Oct-2019,5,2.5
V0535,19-Sep-2019,3,3.8
V0535,20-Jul-2019,12,3.2
V0535,20-Jun-2019,3,2.5
V0535,20-May-2019,4,2.5
V0535,20-Oct-2019,16,2.7
V0535,21-Aug-2019,4,3.3
V0535,21-Jul-2019,16,2.4
V0535,21-Oct-2019,38,4.0
V0535,22-Aug-2019,3,3.2
V0535,22-May-2019,5,4.0
V0535,22-Oct-2019,18,1.9
V0535,23-Jun-2019,3,2.6
V0535,23-Sep-2019,5,1.9
V0535,24-Jul-2019,13,2.5
V0535,24-Jun-2019,14,3.9
V0535,24-Oct-2019,11,1.9
V0535,24-Sep-2019,9,2.8
V0535,25-Aug-2019,7,2.1
V0535,25-Jul-2019,8,2.8
V0535,25-Sep-2019,6,3.8
V0535,26-Oct-2019,3,3.3
V0535,27-Aug-2019,12,3.6
V0535,27-Jul-2019,3,2.6
V0535,27-May-2019,22,4.1
V0535,27-Oct-2019,14,3.5
V0535,28-Jul-2019,2,2.8
V0535,28-Jun-2019,3,2.8
V0535,28-May-2019,15,4.0
V0535,28-Oct-2019,28,3.2
V0535,28-Sep-2019,8,3.5
V0535,29-Jul-2019,5,2.8
V0535,29-May-2019,10,2.3
V0535,29-Oct-2019,7,3.5
V0535,29-Sep-2019,2,3.3
V0535,30-Jul-2019,5,3.0
V0535,30-Jun-2019,3,3.3
V0535,30-May-2019,8,2.3
V0535,30-Oct-2019,6,3.7
V0535,30-Sep-2019,4,4.1
V0535,31-Oct-2019,4,3.9
V0537,01-Aug-2019,2,2.6
V0537,01-Jul-2019,23,2.8
V0537,01-Jun-2019,4,3.7
V0537,01-Nov-2019,12,3.2
V0537,01-Oct-2019,8,3.1
V0537,01-Sep-2019,11,4.0
V0537,02-Aug-2019,4,3.1
V0537,02-Dec-2019,16,3.0
V0537,02-Jul-2019,2,1.9
V0537,02-Jun-2019,2,2.0
V0537,02-Nov-2019,26,1.8
V0537,02-Sep-2019,12,4.0
V0537,03-Jun-2019,4,2.8
V0537,04-Aug-2019,10,2.9
V0537,04-Jun-2019,27,3.8
V0537,04-Nov-2019,33,3.3
V0537,04-Oct-2019,23,3.3
V0537,04-Sep-2019,15,2.5
V0537,05-Aug-2019,12,3.8
V0537,05-Jul-2019,5,2.2
V0537,05-Jun-2019,10,1.9
V0537,05-Nov-2019,29,2.3
V0537,05-Oct-2019,2,2.4
V0537,05-Sep-2019,2,2.5
V0537,06-Aug-2019,7,3.4
V0537,06-Jul-2019,5,2.3
V0537,06-Nov-2019,5,3.4
V0537,06-Oct-2019,4,2.0
V0537,06-Sep-2019,9,2.2
V0537,07-Jul-2019,26,3.0
V0537,07-Jun-2019,5,4.0
V0537,07-Nov-2019,11,3.9
V0537,07-Oct-2019,16,4.1
V0537,07-Sep-2019,7,3.4
V0537,08-Aug-2019,2,3.4
V0537,08-Jul-2019,32,3.3
V0537,08-Nov-2019,14,3.3
V0537,08-Oct-2019,11,2.2
V0537,08-Sep-2019,14,3.1
V0537,09-Aug-2019,2,2.7
V0537,09-Jul-2019,5,2.9
V0537,09-Jun-2019,11,3.1
V0537,09-Nov-2019,8,2.1
V0537,09-Sep-2019,17,2.7
V0537,10-Aug-2019,5,2.0
V0537,10-Jul-2019,20,4.2
V0537,10-Jun-2019,13,2.1
V0537,10-Nov-2019,12,2.4
V0537,10-Oct-2019,12,3.9
V0537,10-Sep-2019,12,3.0
V0537,11-Aug-2019,12,2.1
V0537,11-Jul-2019,16,2.7
V0537,11-Jun-2019,43,2.1
V0537,11-Nov-2019,9,2.3
V0537,11-Oct-2019,17,1.9
V0537,11-Sep-2019,4,2.9
V0537,12-Aug-2019,25,3.7
V0537,12-Jul-2019,8,3.2
V0537,12-Jun-2019,8,3.3
V0537,12-Oct-2019,11,2.3
V0537,12-Sep-2019,8,2.6
V0537,13-Aug-2019,6,3.8
V0537,13-Jul-2019,18,2.0
V0537,13-Jun-2019,16,3.9
V0537,13-Oct-2019,16,3.0
V0537,13-Sep-2019,22,3.8
V0537,14-Jul-2019,38,2.6
V0537,14-Jun-2019,15,2.6
V0537,14-Nov-2019,2,3.6
V0537,14-Oct-2019,17,3.7
V0537,14-Sep-2019,9,2.4
V0537,15-Jul-2019,31,4.1
V0537,15-Nov-2019,12,2.0
V0537,15-Sep-2019,24,2.0
V0537,16-Aug-2019,7,3.2
V0537,16-Jul-2019,17,3.5
V0537,16-Jun-2019,4,4.1
V0537,16-Nov-2019,4,2.8
V0537,16-Oct-2019,32,1.9
V0537,16-Sep-2019,17,3.2
V0537,17-Aug-2019,2,2.5
V0537,17-Jul-2019,10,2.8
V0537,17-Jun-2019,3,3.0
V0537,17-Nov-2019,2,2.0
V0537,17-Oct-2019,9,3.0
V0537,17-Sep-2019,8,2.8
V0537,18-Aug-2019,20,3.5
V0537,18-Jun-2019,10,3.3
V0537,18-May-2019,2,2.2
V0537,18-Nov-2019,9,2.3
V0537,18-Oct-2019,23,2.4
V0537,18-Sep-2019,2,2.2
V0537,19-Aug-2019,5,3.4
V0537,19-Jul-2019,54,4.2
V0537,19-May-2019,4,3.4
V0537,19-Nov-2019,4,3.3
V0537,19-Oct-2019,19,2.8
V0537,19-Sep-2019,10,2.6
V0537,20-Aug-2019,20,4.0
V0537,20-Jul-2019,13,4.1
V0537,20-Jun-2019,12,3.0
V0537,20-May-2019,23,2.5
V0537,20-Oct-2019,17,3.6
V0537,20-Sep-2019,11,2.1
V0537,21-Jul-2019,25,3.6
V0537,21-May-2019,7,3.8
V0537,21-Nov-2019,2,2.1
V0537,21-Oct-2019,4,4.1
V0537,21-Sep-2019,8,4.2
V0537,22-Aug-2019,10,4.0
V0537,22-Jul-2019,4,3.0
V0537,22-May-2019,12,2.4
V0537,22-Oct-2019,7,3.2
V0537,22-Sep-2019,24,2.8
V0537,23-Aug-2019,14,2.3
V0537,23-Jun-2019,5,2.8
V0537,23-Sep-2019,8,3.4
V0537,24-Aug-2019,12,2.0
V0537,24-Jun-2019,4,2.6
V0537,24-May-2019,6,1.8
V0537,24-Nov-2019,2,3.6
V0537,24-Oct-2019,4,3.3
V0537,25-Aug-2019,15,2.0
V0537,25-Jul-2019,15,4.1
V0537,25-Jun-2019,6,1.9
V0537,25-May-2019,3,3.2
V0537,25-Oct-2019,7,3.7
V0537,26-Aug-2019,23,3.7
V0537,26-Jul-2019,22,1.9
V0537,26-May-2019,7,4.0
V0537,26-Nov-2019,2,4.0
V0537,26-Oct-2019,4,3.1
V0537,26-Sep-2019,7,3.0
V0537,27-Jul-2019,2,1.9
V0537,27-May-2019,6,3.1
V0537,27-Oct-2019,12,2.8
V0537,27-Sep-2019,8,3.7
V0537,28-Aug-2019,16,2.8
V0537,28-Jul-2019,10,3.4
V0537,28-Jun-2019,2,2.0
V0537,28-May-2019,7,2.1
V0537,28-Oct-2019,7,2.1
V0537,28-Sep-2019,4,1.9
V0537,29-Aug-2019,4,3.1
V0537,29-Jul-2019,8,3.7
V0537,29-Jun-2019,3,3.3
V0537,29-May-2019,4,3.2
V0537,29-Oct-2019,4,3.4
V0537,29-Sep-2019,6,2.6
V0537,30-Aug-2019,7,2.7
V0537,30-Jul-2019,7,2.6
V0537,30-Jun-2019,11,3.5
V0537,30-Sep-2019,14,2.2
V0537,31-Aug-2019,13,1.8
V0537,31-Jul-2019,1,3.2
V0537,31-May-2019,4,4.1
V0537,31-Oct-2019,1,3.3
V0541,01-Aug-2019,17,3.7
V0541,01-Jun-2019,21,3.4
V0541,01-Nov-2019,31,3.0
V0541,01-Oct-2019,4,3.5
V0541,01-Sep-2019,37,3.8
V0541,02-Jul-2019,24,2.3
V0541,02-Jun-2019,28,2.6
V0541,02-Nov-2019,39,2.3
V0541,02-Oct-2019,28,2.9
V0541,02-Sep-2019,13,3.9
V0541,03-Aug-2019,51,2.6
V0541,03-Jul-2019,17,2.7
V0541,03-Jun-2019,20,3.9
V0541,03-Nov-2019,51,3.0
V0541,03-Oct-2019,8,3.1
V0541,04-Aug-2019,86,3.9
V0541,04-Jul-2019,13,3.0
V0541,04-Jun-2019,12,3.4
V0541,04-Nov-2019,30,2.0
V0541,04-Oct-2019,31,2.2
V0541,04-Sep-2019,5,2.8
V0541,05-Aug-2019,25,3.0
V0541,05-Jul-2019,19,4.1
V0541,05-Jun-2019,4,4.1
V0541,05-Oct-2019,35,3.8
V0541,05-Sep-2019,4,2.6
V0541,06-Aug-2019,2,4.1
V0541,06-Jul-2019,63,3.5
V0541,06-Jun-2019,5,2.7
V0541,06-Oct-2019,25,3.5
V0541,06-Sep-2019,17,1.8
V0541,07-Aug-2019,13,2.2
V0541,07-Jul-2019,62,3.8
V0541,07-Jun-2019,38,3.3
V0541,07-Nov-2019,35,2.7
V0541,07-Sep-2019,9,3.0
V0541,08-Aug-2019,55,4.0
V0541,08-Jul-2019,11,3.3
V0541,08-Jun-2019,31,2.8
V0541,08-Nov-2019,39,2.1
V0541,08-Sep-2019,34,2.5
V0541,09-Aug-2019,29,4.1
V0541,09-Jun-2019,15,2.8
V0541,09-Nov-2019,16,2.9
V0541,09-Oct-2019,2,3.0
V0541,09-Sep-2019,32,3.9
V0541,10-Aug-2019,19,3.2
V0541,10-Jul-2019,39,3.5
V0541,10-Nov-2019,52,2.7
V0541,10-Oct-2019,12,1.9
V0541,10-Sep-2019,32,4.0
V0541,11-Aug-2019,65,4.1
V0541,11-Jul-2019,45,4.1
V0541,11-Jun-2019,2,4.1
V0541,11-Nov-2019,3,3.8
V0541,11-Oct-2019,15,3.4
V0541,12-Jul-2019,48,3.8
V0541,12-Jun-2019,5,3.2
V0541,12-Oct-2019,6,2.1
V0541,12-Sep-2019,18,2.7
V0541,13-Jul-2019,66,4.1
V0541,13-Jun-2019,41,2.6
V0541,13-Nov-2019,18,3.9
V0541,13-Oct-2019,46,2.0
V0541,13-Sep-2019,9,2.6
V0541,14-Aug-2019,14,2.6
V0541,14-Jul-2019,2,1.9
V0541,14-Jun-2019,10,2.1
V0541,14-Nov-2019,8,2.3
V0541,14-Sep-2019,47,3.8
V0541,15-Aug-2019,41,2.0
V0541,15-Jun-2019,25,2.5
V0541,15-Nov-2019,12,1.8
V0541,15-Oct-2019,29,3.5
V0541,15-Sep-2019,47,3.3
V0541,16-Aug-2019,3,3.3
V0541,16-Jun-2019,17,2.7
V0541,16-Nov-2019,83,2.3
V0541,16-Oct-2019,52,3.5
V0541,17-Aug-2019,39,3.7
V0541,17-Jul-2019,18,2.1
V0541,17-Jun-2019,17,3.0
V0541,17-Nov-2019,37,2.4
V0541,17-Oct-2019,25,2.2
V0541,18-Aug-2019,21,3.6
V0541,18-Jul-2019,30,3.1
V0541,18-May-2019,52,2.3
V0541,18-Oct-2019,19,2.5
V0541,18-Sep-2019,41,4.1
V0541,19-Jul-2019,70,3.8
V0541,19-Jun-2019,9,3.9
V0541,19-May-2019,36,2.9
V0541,19-Oct-2019,61,3.3
V0541,19-Sep-2019,75,2.7
V0541,20-Jul-2019,8,2.0
V0541,20-Oct-2019,93,2.8
V0541,20-Sep-2019,26,3.2
V0541,21-Jul-2019,26,2.5
V0541,21-Jun-2019,21,3.8
V0541,21-Oct-2019,5,2.2
V0541,21-Sep-2019,9,2.7
V0541,22-Aug-2019,30,2.1
V0541,22-Jun-2019,41,2.8
V0541,22-May-2019,41,1.9
V0541,22-Oct-2019,15,2.5
V0541,22-Sep-2019,8,2.8
V0541,23-Aug-2019,15,2.9
V0541,23-Jun-2019,42,3.1
V0541,23-May-2019,4,2.5
V0541,23-Oct-2019,10,3.1
V0541,23-Sep-2019,19,3.0
V0541,24-Aug-2019,9,2.6
V0541,24-May-2019,8,3.8
V0541,24-Oct-2019,4,3.1
V0541,24-Sep-2019,7,2.6
V0541,25-Aug-2019,53,4.1
V0541,25-Jun-2019,5,3.8
V0541,25-May-2019,7,4.2
V0541,25-Oct-2019,45,3.5
V0541,25-Sep-2019,13,2.7
V0541,26-Jul-2019,12,2.5
V0541,26-Jun-2019,19,3.4
V0541,26-May-2019,12,4.2
V0541,26-Oct-2019,18,3.3
V0541,26-Sep-2019,16,3.9
V0541,27-Aug-2019,5,2.6
V0541,27-Jul-2019,5,2.8
V0541,27-Jun-2019,21,4.0
V0541,27-May-2019,14,3.6
V0541,27-Oct-2019,54,4.2
V0541,27-Sep-2019,25,3.7
V0541,28-Jul-2019,30,2.9
V0541,28-Jun-2019,45,3.1
V0541,28-May-2019,47,4.0
V0541,28-Sep-2019,23,3.1
V0541,29-Aug-2019,47,2.4
V0541,29-Jun-2019,22,2.8
V0541,29-Sep-2019,17,3.0
V0541,30-Aug-2019,9,2.0
V0541,30-Jul-2019,6,3.6
V0541,30-Jun-2019,73,2.1
V0541,30-May-2019,4,2.8
V0541,30-Oct-2019,25,3.7
V0541,30-Sep-2019,2,2.9
V0541,31-Aug-2019,2,3.8
V0541,31-May-2019,19,2.6
V0541,31-Oct-2019,9,4.1
V0544,01-Jul-2019,15,2.3
V0544,02-Feb-2019,2,1.9
V0544,03-Feb-2019,6,3.9
V0544,03-Jul-2019,7,3.6
V0544,04-Aug-2019,2,2.4
V0544,04-Oct-2019,2,4.2
V0544,05-Feb-2019,2,3.0
V0544,06-Oct-2019,8,4.1
V0544,07-Jul-2019,12,3.0
V0544,07-Oct-2019,2,2.9
V0544,08-Jul-2019,20,2.9
V0544,09-Jul-2019,4,2.6
V0544,09-Sep-2019,6,3.1
V0544,10-Jul-2019,5,2.9
V0544,12-Aug-2019,12,1.9
V0544,12-Jul-2019,6,2.4
V0544,12-Oct-2019,2,2.3
V0544,13-Jul-2019,28,3.9
V0544,13-Jun-2019,4,3.2
V0544,13-Nov-2019,2,3.6
V0544,14-Jul-2019,5,4.1
V0544,14-Oct-2019,2,3.3
V0544,15-Jul-2019,6,4.2
V0544,15-Oct-2019,2,2.5
V0544,15-Sep-2019,2,2.2
V0544,16-Oct-2019,3,2.8
V0544,16-Sep-2019,6,2.9
V0544,17-Aug-2019,2,3.9
V0544,18-Aug-2019,4,3.1
V0544,18-Jul-2019,11,2.5
V0544,18-Sep-2019,2,3.6
V0544,19-Jul-2019,20,3.0
V0544,19-Jun-2019,2,2.2
V0544,20-Jan-2019,14,3.2
V0544,20-Oct-2019,1,4.0
V0544,21-Jul-2019,2,3.8
V0544,23-Jan-2019,2,3.2
V0544,26-Aug-2019,2,2.7
V0544,26-Jan-2019,4,2.0
V0544,26-Jun-2019,8,2.9
V0544,27-Jun-2019,3,3.6
V0544,28-Sep-2019,18,2.7
V0544,29-May-2019,4,2.4
V0544,30-Jun-2019,17,4.0
V0544,31-May-2019,2,3.8
V0545,07-Apr-2019,2,3.3
V0545,07-Jun-2019,2,2.1
V0545,07-Oct-2019,2,2.1
V0545,08-Jun-2019,7,2.0
V0545,11-Oct-2019,6,3.3
V0545,20-Jun-2019,6,2.1
V0545,27-Apr-2019,5,3.8
V0545,27-Mar-2019,4,4.2
V0546,26-Nov-2018,10,2.7
V0547,01-Aug-2018,4,2.9
V0547,01-Jul-2019,9,3.5
V0547,01-Jun-2019,2,4.0
V0547,01-Oct-2018,2,3.9
V0547,01-Oct-2019,2,1.9
V0547,01-Sep-2019,18,2.2
V0547,02-Aug-2019,2,3.6
V0547,02-Dec-2019,6,3.5
V0547,02-Jul-2019,6,2.1
V0547,02-Jun-2019,4,3.0
V0547,02-Nov-2019,15,3.7
V0547,02-Oct-2018,2,2.3
V0547,02-Sep-2019,4,3.9
V0547,03-Aug-2019,3,1.9
V0547,03-Sep-2019,3,3.7
V0547,04-Aug-2019,4,3.3
V0547,04-Jul-2019,2,2.6
V0547,04-Oct-2018,5,3.5
V0547,05-Aug-2018,3,3.7
V0547,05-Aug-2019,2,4.0
V0547,05-Jul-2019,2,2.7
V0547,05-Nov-2019,3,3.4
V0547,05-Oct-2019,22,3.2
V0547,05-Sep-2019,5,3.1
V0547,06-Aug-2019,12,3.9
V0547,06-Jul-2019,17,1.8
V0547,06-Jun-2019,10,2.5
V0547,06-Oct-2019,13,3.1
V0547,06-Sep-2019,12,2.2
V0547,07-Jul-2019,8,4.0
V0547,07-Oct-2019,6,3.4
V0547,07-Sep-2018,2,2.9
V0547,07-Sep-2019,2,3.8
V0547,08-Aug-2019,3,2.9
V0547,08-Oct-2018,2,3.1
V0547,08-Oct-2019,16,1.8
V0547,08-Sep-2018,3,2.7
V0547,08-Sep-2019,4,2.1
V0547,09-Aug-2019,3,3.5
V0547,09-Nov-2018,5,2.9
V0547,09-Sep-2018,2,2.5
V0547,09-Sep-2019,7,2.9
V0547,10-Aug-2018,6,2.3
V0547,10-Nov-2018,5,4.0
V0547,10-Nov-2019,8,1.9
V0547,10-Oct-2018,2,3.9
V0547,10-Oct-2019,3,3.0
V0547,11-Aug-2018,8,3.3
V0547,11-Jun-2019,4,2.5
V0547,11-Nov-2018,7,4.1
V0547,11-Nov-2019,9,2.5
V0547,11-Oct-2019,6,3.2
V0547,12-Aug-2018,5,4.2
V0547,12-Aug-2019,2,3.9
V0547,12-Nov-2018,11,3.1
V0547,12-Oct-2018,5,4.2
V0547,12-Sep-2019,11,3.5
V0547,13-Aug-2018,7,2.3
V0547,13-Jul-2019,27,2.8
V0547,13-Jun-2019,4,2.6
V0547,13-Nov-2019,5,2.6
V0547,13-Oct-2019,2,3.6
V0547,13-Sep-2019,8,3.2
V0547,14-Aug-2018,9,1.9
V0547,14-Jul-2019,13,3.9
V0547,14-Nov-2019,6,2.5
V0547,14-Oct-2018,4,4.2
V0547,14-Oct-2019,6,4.1
V0547,15-Jul-2019,8,4.1
V0547,15-Nov-2019,10,3.7
V0547,15-Sep-2018,4,2.3
V0547,15-Sep-2019,5,3.1
V0547,16-Aug-2019,4,2.3
V0547,16-Jul-2019,2,2.4
V0547,16-Jun-2019,8,3.3
V0547,16-Sep-2018,6,1.9
V0547,17-Jul-2019,8,4.1
V0547,17-Nov-2019,2,4.0
V0547,17-Oct-2019,2,2.7
V0547,18-Aug-2019,16,3.0
V0547,18-Nov-2019,13,2.9
V0547,18-Oct-2019,11,3.9
V0547,19-Aug-2019,16,3.5
V0547,19-Oct-2019,15,2.5
V0547,20-Aug-2018,7,2.9
V0547,20-Aug-2019,5,2.8
V0547,20-Jul-2019,20,4.1
V0547,20-Jun-2019,2,2.2
V0547,20-May-2019,12,2.0
V0547,20-Oct-2018,13,3.9
V0547,20-Oct-2019,14,4.0
V0547,20-Sep-2019,9,3.9
V0547,21-Aug-2018,2,3.0
V0547,21-Oct-2018,4,3.4
V0547,21-Oct-2019,3,3.2
V0547,21-Sep-2018,11,2.0
V0547,21-Sep-2019,10,3.2
V0547,22-Jun-2019,8,1.8
V0547,22-Sep-2019,8,2.6
V0547,23-Sep-2019,5,4.0
V0547,24-Aug-2019,11,2.5
V0547,24-May-2019,11,4.1
V0547,24-Oct-2019,5,2.4
V0547,24-Sep-2018,6,2.6
V0547,24-Sep-2019,5,3.3
V0547,25-Aug-2018,5,3.6
V0547,25-Aug-2019,8,3.0
V0547,25-May-2019,10,3.9
V0547,25-Nov-2019,4,1.9
V0547,25-Oct-2019,9,4.0
V0547,26-Aug-2018,2,2.3
V0547,26-Aug-2019,10,3.9
V0547,26-Nov-2018,3,2.8
V0547,27-Aug-2018,7,3.8
V0547,27-Aug-2019,2,3.4
V0547,27-Jun-2019,4,2.2
V0547,27-Nov-2018,9,4.0
V0547,27-Oct-2019,5,2.4
V0547,27-Sep-2019,6,2.4
V0547,28-Jun-2019,3,3.8
V0547,28-Sep-2019,4,2.1
V0547,29-Jul-2018,2,2.3
V0547,29-Jul-2019,3,3.0
V0547,29-Jun-2019,15,3.8
V0547,29-Sep-2019,13,2.2
V0547,30-Aug-2018,12,3.1
V0547,30-Aug-2019,4,3.5
V0547,30-Jul-2019,43,3.9
V0547,30-Jun-2019,10,4.0
V0547,30-May-2019,2,3.7
V0547,30-Sep-2019,4,3.4
V0547,31-Aug-2018,2,2.8
V0547,31-May-2019,10,2.1
V0551,02-Sep-2019,30,3.5
V0551,03-Jun-2019,6,4.2
V0551,03-Oct-2019,19,3.6
V0551,05-Aug-2019,24,1.8
V0551,05-Oct-2019,20,3.0
V0551,08-Oct-2019,10,3.3
V0551,09-Sep-2019,3,3.5
V0551,10-Oct-2019,33,3.5
V0551,11-Aug-2019,10,3.1
V0551,11-Jun-2019,21,2.3
V0551,11-Nov-2019,5,4.1
V0551,13-Jun-2019,21,3.5
V0551,13-Oct-2019,10,2.4
V0551,14-Jul-2019,30,2.6
V0551,14-Sep-2019,12,4.0
V0551,16-Aug-2019,16,3.9
V0551,16-Jun-2019,16,2.8
V0551,16-Sep-2019,13,1.9
V0551,18-Jun-2019,3,1.9
V0551,19-Aug-2019,12,2.5
V0551,20-Sep-2019,13,3.3
V0551,21-Nov-2019,40,3.2
V0551,22-Sep-2019,3,3.3
V0551,23-Jun-2019,7,3.5
V0551,23-Sep-2019,20,1.8
V0551,24-Jun-2019,20,2.1
V0551,24-Sep-2019,27,2.7
V0551,27-May-2019,35,2.2
V0551,28-Aug-2019,11,2.0
V0551,28-Jun-2019,14,3.3
V0553,01-Dec-2019,8,3.8
V0553,01-Jul-2019,46,3.6
V0553,01-Jun-2019,13,3.8
V0553,01-Nov-2019,54,3.4
V0553,01-Sep-2019,44,3.6
V0553,02-Jul-2019,12,2.5
V0553,02-Jun-2019,48,4.2
V0553,02-Nov-2019,40,2.2
V0553,02-Oct-2019,54,2.3
V0553,02-Sep-2019,48,2.5
V0553,03-Aug-2019,31,4.1
V0553,03-Jul-2019,5,4.2
V0553,03-Jun-2019,16,3.7
V0553,03-Nov-2019,45,3.3
V0553,03-Oct-2019,24,3.0
V0553,03-Sep-2019,2,4.1
V0553,04-Aug-2019,34,3.5
V0553,04-Jul-2019,27,4.1
V0553,04-Nov-2019,36,2.6
V0553,04-Sep-2019,31,2.6
V0553,05-Aug-2019,26,3.9
V0553,05-Jul-2019,46,2.2
V0553,05-Jun-2019,27,4.1
V0553,05-Oct-2019,22,3.0
V0553,05-Sep-2019,19,4.0
V0553,06-Aug-2019,19,2.6
V0553,06-Jul-2019,39,3.5
V0553,06-Jun-2019,37,3.0
V0553,06-Nov-2019,21,3.3
V0553,06-Oct-2019,16,3.0
V0553,06-Sep-2019,12,4.1
V0553,07-Aug-2019,5,3.5
V0553,07-Jul-2019,43,2.4
V0553,07-Jun-2019,3,4.0
V0553,07-Nov-2019,33,2.5
V0553,07-Oct-2019,16,2.7
V0553,07-Sep-2019,31,2.0
V0553,08-Aug-2019,38,4.0
V0553,08-Jul-2019,53,2.5
V0553,08-Jun-2019,11,2.4
V0553,08-Nov-2019,47,4.0
V0553,08-Sep-2019,19,3.7
V0553,09-Aug-2019,21,2.1
V0553,09-Dec-2019,23,3.6
V0553,09-Jul-2019,4,4.0
V0553,09-Jun-2019,52,2.0
V0553,09-Nov-2019,70,3.8
V0553,09-Sep-2019,41,3.1
V0553,10-Aug-2019,10,3.4
V0553,10-Jul-2019,19,3.0
V0553,10-Jun-2019,20,3.5
V0553,10-Nov-2019,40,1.9
V0553,10-Oct-2019,31,3.6
V0553,10-Sep-2019,5,1.9
V0553,11-Aug-2019,30,2.9
V0553,11-Jul-2019,38,2.2
V0553,11-Nov-2019,28,3.8
V0553,11-Oct-2019,62,2.6
V0553,11-Sep-2019,6,2.9
V0553,12-Aug-2019,55,2.8
V0553,12-Jul-2019,59,3.7
V0553,12-Jun-2019,8,3.0
V0553,12-Oct-2019,36,3.7
V0553,12-Sep-2019,14,2.0
V0553,13-Jul-2019,70,2.3
V0553,13-Jun-2019,39,3.1
V0553,13-Nov-2019,14,4.1
V0553,13-Oct-2019,78,2.0
V0553,13-Sep-2019,18,1.9
V0553,14-Aug-2019,43,2.2
V0553,14-Jul-2019,39,3.3
V0553,14-Nov-2019,24,2.8
V0553,14-Oct-2019,32,3.8
V0553,14-Sep-2019,19,2.0
V0553,15-Aug-2019,5,2.3
V0553,15-Jul-2019,17,2.5
V0553,15-Jun-2019,12,3.3
V0553,15-Nov-2019,41,3.4
V0553,15-Sep-2019,46,2.1
V0553,16-Aug-2019,44,4.1
V0553,16-Jul-2019,9,2.6
V0553,16-Jun-2019,56,3.5
V0553,16-Oct-2019,46,3.1
V0553,16-Sep-2019,46,2.3
V0553,17-Aug-2019,32,3.8
V0553,17-Jul-2019,49,3.8
V0553,17-Jun-2019,44,2.8
V0553,17-Nov-2019,36,3.2
V0553,17-Oct-2019,40,2.4
V0553,18-Aug-2019,45,3.5
V0553,18-Jul-2019,26,2.5
V0553,18-May-2019,27,3.8
V0553,18-Nov-2019,12,2.3
V0553,18-Oct-2019,58,1.8
V0553,18-Sep-2019,10,2.4
V0553,19-Aug-2019,49,2.3
V0553,19-Jul-2019,57,3.0
V0553,19-Jun-2019,38,2.3
V0553,19-May-2019,50,3.6
V0553,19-Oct-2019,44,2.4
V0553,19-Sep-2019,6,3.5
V0553,20-Aug-2019,14,3.2
V0553,20-Jul-2019,34,4.2
V0553,20-Jun-2019,57,4.2
V0553,20-May-2019,36,3.9
V0553,20-Oct-2019,65,3.6
V0553,20-Sep-2019,56,2.7
V0553,21-Aug-2019,27,3.6
V0553,21-Jul-2019,15,4.1
V0553,21-Jun-2019,47,1.9
V0553,21-Nov-2019,17,3.1
V0553,21-Oct-2019,18,2.3
V0553,22-Aug-2019,35,3.1
V0553,22-Jun-2019,15,2.9
V0553,22-Nov-2019,9,3.2
V0553,22-Sep-2019,49,3.1
V0553,23-Aug-2019,37,4.1
V0553,23-Jun-2019,56,3.1
V0553,23-May-2019,37,3.8
V0553,23-Oct-2019,38,2.6
V0553,23-Sep-2019,17,2.9
V0553,24-Aug-2019,27,2.9
V0553,24-Jun-2019,16,2.5
V0553,24-May-2019,33,2.7
V0553,25-Aug-2019,30,3.2
V0553,25-Jun-2019,2,3.2
V0553,25-May-2019,10,3.3
V0553,25-Oct-2019,50,2.6
V0553,25-Sep-2019,16,2.6
V0553,26-Aug-2019,60,3.3
V0553,26-Jul-2019,18,2.1
V0553,26-Jun-2019,16,2.4
V0553,26-May-2019,18,1.9
V0553,26-Oct-2019,2,2.0
V0553,26-Sep-2019,27,2.4
V0553,27-Aug-2019,3,1.8
V0553,27-Jul-2019,5,2.4
V0553,27-Jun-2019,4,3.4
V0553,27-May-2019,27,1.9
V0553,27-Oct-2019,48,2.8
V0553,27-Sep-2019,31,4.0
V0553,28-Aug-2019,6,3.7
V0553,28-Jul-2019,23,2.5
V0553,28-Jun-2019,4,4.0
V0553,28-Oct-2019,43,2.6
V0553,28-Sep-2019,14,2.0
V0553,29-Aug-2019,22,4.2
V0553,29-Jul-2019,22,3.9
V0553,29-Jun-2019,49,2.9
V0553,29-May-2019,3,3.4
V0553,29-Sep-2019,33,3.4
V0553,30-Aug-2019,10,2.3
V0553,30-Jun-2019,54,2.3
V0553,30-May-2019,39,2.9
V0553,30-Sep-2019,30,4.0
V0553,31-Aug-2019,12,1.8
V0553,31-May-2019,29,3.7
V0553,31-Oct-2019,6,1.9
V0554,12-Oct-2019,6,2.9
V0554,25-Jun-2019,3,3.3
V0555,01-Aug-2019,2,3.4
V0555,01-Jul-2019,2,1.9
V0555,01-Jun-2019,2,2.8
V0555,01-Sep-2019,8,3.2
V0555,02-Aug-2019,7,2.0
V0555,02-Nov-2019,6,2.1
V0555,02-Oct-2019,4,3.4
V0555,03-Aug-2019,8,3.1
V0555,03-Jul-2019,3,2.2
V0555,03-Nov-2019,12,3.1
V0555,03-Oct-2019,4,4.0
V0555,04-Aug-2019,7,1.8
V0555,04-Jul-2019,12,3.3
V0555,04-Oct-2019,5,2.0
V0555,05-Nov-2019,5,1.8
V0555,06-Jul-2019,8,2.2
V0555,06-Jun-2019,2,2.8
V0555,06-Oct-2019,9,3.7
V0555,06-Sep-2019,2,2.5
V0555,07-Aug-2019,6,3.3
V0555,07-Jul-2019,9,2.8
V0555,07-Nov-2019,6,2.4
V0555,07-Oct-2019,3,3.0
V0555,07-Sep-2019,4,3.7
V0555,08-Aug-2019,2,3.8
V0555,08-Jul-2019,2,3.8
V0555,08-Nov-2019,3,2.6
V0555,08-Sep-2019,8,3.7
V0555,09-Aug-2019,9,2.3
V0555,09-Jul-2019,3,3.6
V0555,09-Jun-2019,10,4.1
V0555,09-Nov-2019,6,1.8
V0555,09-Sep-2019,4,2.9
V0555,10-Jul-2019,10,3.4
V0555,10-Jun-2019,10,3.5
V0555,10-Nov-2019,9,2.2
V0555,10-Oct-2019,3,4.1
V0555,11-Aug-2019,8,3.3
V0555,11-Jul-2019,2,2.2
V0555,11-Nov-2019,6,1.8
V0555,11-Oct-2019,7,3.7
V0555,11-Sep-2019,4,2.0
V0555,12-Aug-2019,12,2.1
V0555,12-Jul-2019,4,3.2
V0555,12-Jun-2019,3,3.2
V0555,12-Oct-2019,11,3.4
V0555,12-Sep-2019,4,2.7
V0555,13-Jul-2019,8,3.7
V0555,13-Jun-2019,4,4.1
V0555,13-Oct-2019,4,2.5
V0555,13-Sep-2019,2,3.5
V0555,14-Aug-2019,2,4.0
V0555,14-Oct-2019,4,3.4
V0555,14-Sep-2019,5,3.4
V0555,15-Aug-2019,8,2.3
V0555,15-Jun-2019,3,3.1
V0555,15-Sep-2019,7,3.2
V0555,16-Jul-2019,2,3.5
V0555,16-Jun-2019,7,4.2
V0555,16-Oct-2019,4,1.9
V0555,16-Sep-2019,8,2.0
V0555,17-Aug-2019,19,2.0
V0555,17-Jul-2019,8,3.6
V0555,17-Oct-2019,2,2.1
V0555,18-Aug-2019,6,3.3
V0555,18-Jul-2019,14,2.6
V0555,18-Sep-2019,2,2.9
V0555,19-Aug-2019,2,2.3
V0555,19-Jul-2019,11,3.9
V0555,19-Jun-2019,3,3.2
V0555,19-Sep-2019,7,4.1
V0555,20-Jul-2019,3,3.2
V0555,20-Jun-2019,4,2.1
V0555,21-Aug-2019,7,2.2
V0555,21-Jul-2019,6,4.2
V0555,21-Sep-2019,2,3.5
V0555,22-Aug-2019,2,1.9
V0555,23-Aug-2019,7,3.5
V0555,23-Jun-2019,2,2.8
V0555,23-May-2019,3,2.5
V0555,23-Oct-2019,4,2.2
V0555,23-Sep-2019,5,3.8
V0555,24-Jun-2019,6,2.0
V0555,24-Oct-2019,4,2.5
V0555,25-Aug-2019,13,2.5
V0555,25-Oct-2019,9,2.2
V0555,25-Sep-2019,2,3.0
V0555,26-Jun-2019,3,1.8
V0555,26-Oct-2019,7,2.5
V0555,26-Sep-2019,9,4.0
V0555,27-Jun-2019,7,2.5
V0555,27-Oct-2019,2,2.7
V0555,27-Sep-2019,1,2.9
V0555,28-Aug-2019,4,3.1
V0555,28-Jul-2019,9,3.7
V0555,28-Jun-2019,4,2.3
V0555,28-Sep-2019,4,3.9
V0555,29-Aug-2019,2,3.6
V0555,29-Jun-2019,8,3.5
V0555,29-May-2019,2,2.0
V0555,29-Sep-2019,4,1.9
V0555,30-Aug-2019,7,3.2
V0555,30-Jun-2019,10,3.9
V0555,30-May-2019,3,3.2
V0555,30-Sep-2019,4,2.3
V0555,31-Aug-2019,4,2.0
V0555,31-Oct-2019,3,3.5
V0558,01-Nov-2019,6,3.5
V0558,01-Sep-2019,6,2.2
V0558,02-Aug-2019,2,1.9
V0558,02-Jun-2019,11,2.8
V0558,02-Nov-2019,8,3.2
V0558,02-Oct-2019,13,3.5
V0558,02-Sep-2019,8,3.7
V0558,03-Aug-2019,2,3.3
V0558,03-Jul-2019,6,2.1
V0558,03-Jun-2019,5,3.4
V0558,03-Nov-2019,28,4.2
V0558,03-Oct-2019,5,4.0
V0558,04-Aug-2019,2,3.9
V0558,04-Jul-2019,22,2.5
V0558,04-Nov-2019,3,3.6
V0558,04-Oct-2019,15,3.8
V0558,04-Sep-2019,8,3.4
V0558,05-Aug-2019,2,2.4
V0558,06-Oct-2019,42,4.1
V0558,07-Jul-2019,33,2.9
V0558,07-Jun-2019,4,2.1
V0558,07-Nov-2019,3,2.1
V0558,07-Oct-2019,5,3.4
V0558,07-Sep-2019,17,2.9
V0558,08-Aug-2019,17,2.0
V0558,08-Dec-2018,3,3.6
V0558,08-Dec-2019,20,3.7
V0558,08-Jul-2019,5,3.5
V0558,08-Jun-2019,8,2.3
V0558,08-Nov-2019,4,3.5
V0558,08-Sep-2019,7,1.8
V0558,09-Aug-2019,21,2.5
V0558,09-Dec-2018,4,2.8
V0558,09-Jul-2019,8,3.8
V0558,09-Jun-2019,2,2.7
V0558,09-Nov-2019,4,1.8
V0558,09-Sep-2019,14,2.6
V0558,10-Aug-2019,10,3.0
V0558,10-Dec-2018,9,4.1
V0558,10-Jul-2019,14,4.1
V0558,10-Jun-2019,12,2.2
V0558,10-Oct-2019,3,2.2
V0558,11-Aug-2019,21,2.2
V0558,11-Jul-2019,30,3.7
V0558,11-Oct-2019,25,1.8
V0558,12-Aug-2019,12,2.1
V0558,12-Dec-2018,8,3.1
V0558,12-Jul-2019,29,2.4
V0558,12-Jun-2019,26,2.0
V0558,12-Oct-2019,6,2.7
V0558,13-Dec-2018,27,2.5
V0558,13-Jul-2019,11,3.0
V0558,13-Jun-2019,27,4.2
V0558,13-Oct-2019,10,2.1
V0558,13-Sep-2019,4,2.7
V0558,14-Aug-2019,4,4.0
V0558,14-Dec-2018,6,3.9
V0558,14-Jul-2019,7,2.7
V0558,14-Jun-2019,7,3.5
V0558,14-Oct-2019,5,2.0
V0558,14-Sep-2019,14,3.5
V0558,15-Aug-2019,4,4.1
V0558,15-Jul-2019,16,3.1
V0558,15-Sep-2019,3,3.0
V0558,16-Dec-2018,9,2.2
V0558,16-Jul-2019,2,3.3
V0558,16-Sep-2019,6,3.2
V0558,17-Aug-2019,4,3.4
V0558,17-Jul-2019,31,1.9
V0558,18-Aug-2019,7,3.1
V0558,18-Dec-2018,1,3.2
V0558,18-May-2019,25,2.3
V0558,18-Nov-2019,2,2.3
V0558,18-Oct-2019,18,2.5
V0558,18-Sep-2019,5,3.5
V0558,19-Aug-2019,7,3.3
V0558,19-Jul-2019,32,3.8
V0558,19-May-2019,2,2.5
V0558,20-Jul-2019,8,4.0
V0558,20-May-2019,7,3.6
V0558,20-Nov-2019,2,2.7
V0558,20-Oct-2019,10,2.0
V0558,21-Aug-2019,11,2.4
V0558,21-Jul-2019,2,4.1
V0558,21-Jun-2019,7,2.5
V0558,21-Sep-2019,18,2.6
V0558,22-Aug-2019,12,2.3
V0558,22-Nov-2019,4,3.7
V0558,22-Sep-2019,5,2.5
V0558,23-Jun-2019,9,2.6
V0558,23-May-2019,13,2.8
V0558,23-Oct-2019,2,2.8
V0558,24-Aug-2019,4,2.8
V0558,25-Aug-2019,4,3.0
V0558,25-Jun-2019,2,3.8
V0558,25-May-2019,3,3.8
V0558,25-Sep-2019,22,3.7
V0558,26-Aug-2019,3,2.0
V0558,26-May-2019,2,3.7
V0558,26-Oct-2019,3,2.1
V0558,27-Jun-2019,11,2.1
V0558,27-May-2019,2,4.1
V0558,27-Nov-2019,8,3.8
V0558,27-Oct-2019,3,3.1
V0558,27-Sep-2019,14,3.9
V0558,28-Jul-2019,8,4.2
V0558,28-May-2019,9,3.3
V0558,29-Aug-2019,4,3.3
V0558,29-Jul-2019,4,3.6
V0558,29-Jun-2019,10,2.4
V0558,29-Sep-2019,6,2.2
V0558,30-Aug-2019,45,3.6
V0558,30-Jun-2019,7,2.6
V0558,30-Oct-2019,8,2.1
V0558,31-Jul-2019,4,2.6
V0558,31-May-2019,8,2.7
V0559,27-Mar-2019,2,4.1
V0567,09-Sep-2019,7,3.5
V0567,11-Aug-2019,2,3.1
V0567,16-Aug-2019,3,4.1
V0567,25-Oct-2019,4,4.0
V0567,26-Jun-2019,2,3.0
V0567,27-Sep-2019,2,4.0
V0568,03-Apr-2019,2,2.8
V0568,04-Feb-2019,3,2.4
V0569,01-Jun-2019,20,2.4
V0569,08-Aug-2019,19,3.4
V0569,12-Aug-2019,2,3.0
V0569,19-May-2019,2,3.4
V0569,26-Aug-2019,12,3.4
V0569,26-Jun-2019,3,1.9
V0571,01-Jul-2019,29,1.9
V0571,01-Jun-2019,2,3.1
V0571,01-Nov-2019,12,2.3
V0571,01-Oct-2019,15,3.3
V0571,01-Sep-2019,16,3.1
V0571,02-Jul-2019,22,3.2
V0571,02-Jun-2019,30,2.5
V0571,02-Nov-2019,13,3.3
V0571,02-Oct-2019,10,3.8
V0571,02-Sep-2019,19,4.2
V0571,03-Aug-2019,8,3.8
V0571,03-Jul-2019,11,3.1
V0571,03-Jun-2019,35,2.3
V0571,03-Nov-2019,26,3.4
V0571,03-Sep-2019,19,4.1
V0571,04-Aug-2019,28,2.3
V0571,04-Jun-2019,11,2.4
V0571,04-Nov-2019,34,2.2
V0571,04-Oct-2019,12,3.6
V0571,04-Sep-2019,6,2.8
V0571,05-Aug-2019,21,2.0
V0571,05-Jul-2019,13,3.9
V0571,05-Jun-2019,17,3.1
V0571,05-Nov-2019,8,2.6
V0571,05-Oct-2019,6,2.6
V0571,06-Aug-2019,20,2.5
V0571,06-Jul-2019,20,2.9
V0571,06-Nov-2019,2,2.6
V0571,06-Oct-2019,26,3.1
V0571,06-Sep-2019,12,3.7
V0571,07-Aug-2019,4,3.4
V0571,07-Jul-2019,27,2.5
V0571,07-Jun-2019,6,3.1
V0571,07-Oct-2019,26,3.8
V0571,07-Sep-2019,11,2.0
V0571,08-Jul-2019,21,2.0
V0571,08-Jun-2019,2,3.1
V0571,08-Nov-2019,7,3.3
V0571,08-Oct-2019,23,2.3
V0571,08-Sep-2019,19,3.6
V0571,09-Aug-2019,23,3.4
V0571,09-Jul-2019,21,4.0
V0571,09-Jun-2019,21,2.2
V0571,09-Nov-2019,25,3.6
V0571,09-Oct-2019,4,2.0
V0571,09-Sep-2019,24,3.2
V0571,10-Aug-2019,8,3.1
V0571,10-Jun-2019,19,2.7
V0571,10-Nov-2019,31,3.8
V0571,10-Sep-2019,15,1.8
V0571,11-Aug-2019,27,3.0
V0571,11-Jul-2019,15,2.3
V0571,11-Jun-2019,16,3.6
V0571,11-Nov-2019,34,1.9
V0571,11-Oct-2019,15,3.8
V0571,11-Sep-2019,2,3.8
V0571,12-Aug-2019,24,3.8
V0571,12-Jul-2019,12,2.2
V0571,12-Nov-2019,3,3.3
V0571,12-Oct-2019,24,1.8
V0571,13-Aug-2019,5,3.8
V0571,13-Jul-2019,17,3.5
V0571,13-Jun-2019,19,3.1
V0571,13-Nov-2019,4,3.6
V0571,13-Oct-2019,15,2.0
V0571,13-Sep-2019,16,3.1
V0571,14-Aug-2019,10,2.5
V0571,14-Jul-2019,18,4.1
V0571,14-Jun-2019,12,3.9
V0571,14-Oct-2019,28,3.6
V0571,14-Sep-2019,18,4.0
V0571,15-Jul-2019,23,2.6
V0571,15-Jun-2019,12,4.0
V0571,15-Oct-2019,20,2.6
V0571,15-Sep-2019,28,3.6
V0571,16-Aug-2019,20,3.6
V0571,16-Jul-2019,15,1.8
V0571,16-Jun-2019,24,2.7
V0571,16-Nov-2019,6,1.8
V0571,16-Oct-2019,14,4.2
V0571,16-Sep-2019,32,2.1
V0571,17-Aug-2019,26,3.1
V0571,17-Jul-2019,19,3.7
V0571,17-Jun-2019,27,2.3
V0571,17-Nov-2019,3,3.0
V0571,17-Sep-2019,21,3.3
V0571,18-Aug-2019,21,2.2
V0571,18-Jul-2019,12,3.7
V0571,18-Jun-2019,21,2.5
V0571,18-May-2019,7,2.3
V0571,18-Oct-2019,16,3.1
V0571,18-Sep-2019,15,2.8
V0571,19-Aug-2019,32,4.0
V0571,19-Jul-2019,19,3.9
V0571,19-Jun-2019,12,3.0
V0571,19-May-2019,25,2.7
V0571,19-Oct-2019,23,2.6
V0571,20-Aug-2019,13,2.4
V0571,20-Jul-2019,27,3.1
V0571,20-May-2019,19,3.7
V0571,20-Oct-2019,28,2.5
V0571,20-Sep-2019,7,2.3
V0571,21-Aug-2019,13,2.9
V0571,21-Jun-2019,2,2.0
V0571,21-May-2019,21,3.5
V0571,21-Nov-2019,3,3.0
V0571,21-Oct-2019,25,3.0
V0571,21-Sep-2019,6,2.5
V0571,22-Jun-2019,10,4.0
V0571,22-May-2019,6,2.0
V0571,22-Oct-2019,8,3.9
V0571,22-Sep-2019,15,2.7
V0571,23-Aug-2019,7,3.9
V0571,23-Jun-2019,26,3.5
V0571,23-Oct-2019,4,2.1
V0571,23-Sep-2019,23,3.8
V0571,24-Aug-2019,13,3.4
V0571,24-Jun-2019,29,1.9
V0571,24-May-2019,21,2.1
V0571,24-Sep-2019,15,3.3
V0571,25-Aug-2019,21,3.4
V0571,25-Jun-2019,12,3.6
V0571,25-May-2019,8,3.5
V0571,25-Oct-2019,20,3.4
V0571,25-Sep-2019,10,3.6
V0571,26-Aug-2019,27,3.2
V0571,26-Jun-2019,8,2.4
V0571,26-May-2019,23,4.0
V0571,26-Oct-2019,8,1.8
V0571,27-Aug-2019,10,2.7
V0571,27-May-2019,19,3.5
V0571,27-Oct-2019,27,2.8
V0571,27-Sep-2019,17,1.9
V0571,28-Aug-2019,5,2.0
V0571,28-Jul-2019,11,3.4
V0571,28-Jun-2019,6,4.1
V0571,28-May-2019,10,3.1
V0571,28-Oct-2019,31,3.0
V0571,28-Sep-2019,4,2.6
V0571,29-Jul-2019,25,2.4
V0571,29-Jun-2019,17,1.9
V0571,29-May-2019,6,2.5
V0571,29-Oct-2019,6,2.9
V0571,29-Sep-2019,21,2.3
V0571,30-Aug-2019,12,2.0
V0571,30-Jul-2019,23,3.5
V0571,30-Jun-2019,29,3.9
V0571,30-Oct-2019,4,4.0
V0571,30-Sep-2019,27,3.3
V0571,31-Aug-2019,9,1.9
V0571,31-Jul-2019,14,3.6
V0571,31-May-2019,17,2.1
V0576,01-Jul-2019,22,3.4
V0576,01-Jun-2019,4,3.7
V0576,02-Jul-2019,6,3.5
V0576,02-Jun-2019,8,4.1
V0576,02-Sep-2019,6,3.6
V0576,04-Jul-2019,9,3.5
V0576,07-Jul-2019,16,2.4
V0576,07-Jun-2019,11,4.0
V0576,08-Jul-2019,5,2.2
V0576,09-Aug-2019,10,4.0
V0576,10-Jul-2019,10,2.6
V0576,10-Jun-2019,4,2.1
V0576,10-Oct-2019,4,3.8
V0576,10-Sep-2019,13,1.8
V0576,11-Aug-2019,13,3.8
V0576,11-Jul-2019,11,2.4
V0576,11-Jun-2019,2,3.9
V0576,11-Sep-2019,9,3.5
V0576,12-Jul-2019,4,3.4
V0576,13-Jul-2019,2,2.7
V0576,13-Jun-2019,11,1.9
V0576,14-Jul-2019,2,3.8
V0576,15-Aug-2019,15,2.2
V0576,15-Jul-2019,4,2.7
V0576,15-Jun-2019,13,3.2
V0576,16-Aug-2019,16,3.0
V0576,16-Jul-2019,38,2.3
V0576,16-Jun-2019,3,2.1
V0576,17-Jul-2019,6,2.1
V0576,17-Jun-2019,12,3.9
V0576,18-Jun-2019,5,1.9
V0576,18-May-2019,16,4.1
V0576,19-Sep-2019,27,2.3
V0576,20-Sep-2019,11,2.1
V0576,21-Sep-2019,7,3.2
V0576,22-Jun-2019,28,2.0
V0576,22-May-2019,8,3.2
V0576,23-Aug-2019,27,3.8
V0576,23-Jun-2019,55,1.9
V0576,24-May-2019,17,3.7
V0576,24-Sep-2019,7,2.7
V0576,25-Aug-2019,7,2.2
V0576,25-Jul-2019,11,2.2
V0576,26-Jul-2019,44,4.0
V0576,26-May-2019,13,2.1
V0576,27-May-2019,3,3.9
V0576,28-Aug-2019,3,3.1
V0576,28-Jun-2019,3,1.9
V0576,28-May-2019,5,2.9
V0576,28-Oct-2019,6,3.8
V0576,28-Sep-2019,31,3.5
V0576,29-Jul-2019,3,3.0
V0576,29-Sep-2019,2,3.9
V0576,30-Jun-2019,13,2.1
V0576,31-Jul-2019,2,4.0
V0576,31-May-2019,4,3.8
V0578,01-Jul-2019,9,3.5
V0578,01-Jun-2019,3,3.8
V0578,02-Aug-2019,9,3.1
V0578,02-Jun-2019,5,3.4
V0578,02-Nov-2019,2,3.1
V0578,03-Jul-2019,17,2.7
V0578,03-Nov-2019,4,3.2
V0578,04-Nov-2019,1,2.4
V0578,04-Oct-2019,4,2.9
V0578,04-Sep-2019,3,2.5
V0578,05-Jul-2019,3,2.1
V0578,05-Jun-2019,10,2.6
V0578,05-Sep-2019,4,3.8
V0578,06-Jun-2019,3,2.7
V0578,07-Jul-2019,9,3.6
V0578,08-Jun-2019,7,2.2
V0578,08-Nov-2019,6,2.8
V0578,08-Sep-2019,6,2.1
V0578,09-Aug-2019,3,2.1
V0578,09-Sep-2019,3,3.3
V0578,10-Jul-2019,2,3.3
V0578,10-Nov-2019,2,2.3
V0578,10-Sep-2019,10,2.9
V0578,11-Jul-2019,7,3.9
V0578,12-Aug-2019,2,2.2
V0578,12-Jun-2019,3,1.8
V0578,12-Sep-2019,2,3.4
V0578,13-Jul-2019,2,1.9
V0578,13-Jun-2019,8,4.2
V0578,13-Nov-2019,2,3.3
V0578,14-Aug-2019,4,2.9
V0578,14-Sep-2019,6,2.8
V0578,15-Aug-2019,2,3.2
V0578,15-Jun-2019,5,2.0
V0578,16-Aug-2019,9,4.0
V0578,16-Jun-2019,3,3.3
V0578,16-Oct-2019,4,2.2
V0578,16-Sep-2019,5,3.2
V0578,17-Jul-2019,8,2.1
V0578,17-Jun-2019,13,1.8
V0578,18-Jul-2019,8,3.3
V0578,18-May-2019,2,3.4
V0578,19-Jul-2019,18,3.2
V0578,19-Jun-2019,3,2.2
V0578,19-Oct-2019,10,3.2
V0578,20-Jul-2019,10,1.9
V0578,20-Jun-2019,2,3.3
V0578,20-Oct-2019,5,3.1
V0578,21-Aug-2019,4,3.4
V0578,21-Jun-2019,11,3.9
V0578,21-Oct-2019,1,3.8
V0578,22-Jun-2019,4,4.2
V0578,22-Sep-2019,4,4.1
V0578,23-Aug-2019,4,3.7
V0578,23-Jun-2019,2,4.1
V0578,23-Oct-2019,1,3.9
V0578,23-Sep-2019,7,3.5
V0578,24-Aug-2019,13,2.0
V0578,25-Oct-2019,4,1.9
V0578,25-Sep-2019,2,3.8
V0578,26-Aug-2019,2,3.0
V0578,26-Oct-2019,3,3.8
V0578,26-Sep-2019,4,2.6
V0578,27-Jul-2019,2,2.8
V0578,27-Sep-2019,3,3.5
V0578,28-Jul-2019,6,4.0
V0578,28-Jun-2019,2,2.0
V0578,28-Oct-2019,9,3.9
V0578,29-Jul-2019,2,3.7
V0578,29-May-2019,2,2.6
V0578,29-Nov-2019,4,2.7
V0578,29-Sep-2019,8,1.9
V0578,30-May-2019,5,1.8
V0578,30-Oct-2019,13,2.9
V0578,30-Sep-2019,18,2.0
V0578,31-Aug-2019,2,2.3
V0578,31-May-2019,2,3.8
V0578,31-Oct-2019,6,3.2
V0579,01-Aug-2019,8,3.3
V0579,01-Dec-2019,8,2.2
V0579,01-Feb-2019,6,3.8
V0579,01-Jul-2019,44,3.9
V0579,01-Jun-2019,20,3.1
V0579,01-Oct-2019,8,4.0
V0579,01-Sep-2019,8,3.8
V0579,02-Aug-2019,5,3.6
V0579,02-Jul-2019,64,3.6
V0579,02-Jun-2019,2,2.1
V0579,02-Nov-2019,8,2.5
V0579,02-Oct-2019,3,2.0
V0579,02-Sep-2019,22,1.8
V0579,03-Aug-2019,5,2.2
V0579,03-Jul-2019,27,3.9
V0579,03-Nov-2019,16,2.4
V0579,03-Oct-2019,5,4.1
V0579,04-Aug-2019,9,3.2
V0579,04-Feb-2019,6,2.4
V0579,04-Jul-2019,14,3.0
V0579,04-Jun-2019,24,2.3
V0579,04-Nov-2019,14,4.2
V0579,04-Oct-2019,21,3.8
V0579,04-Sep-2019,2,1.9
V0579,05-Aug-2019,47,4.1
V0579,05-Nov-2019,2,3.5
V0579,05-Oct-2019,57,2.0
V0579,05-Sep-2019,20,3.4
V0579,06-Aug-2019,7,3.4
V0579,06-Jun-2019,8,2.3
V0579,06-Nov-2019,3,3.6
V0579,06-Oct-2019,18,2.0
V0579,06-Sep-2019,23,3.0
V0579,07-Aug-2019,15,1.8
V0579,07-Dec-2019,25,4.1
V0579,07-Jul-2019,155,3.6
V0579,07-Jun-2019,4,2.2
V0579,07-Nov-2019,8,2.6
V0579,07-Oct-2019,23,2.2
V0579,08-Jul-2019,110,3.6
V0579,08-Jun-2019,18,1.9
V0579,08-Nov-2019,17,3.8
V0579,08-Oct-2019,3,4.1
V0579,08-Sep-2019,2,3.4
V0579,09-Aug-2019,12,2.3
V0579,09-Dec-2019,51,2.7
V0579,09-Jul-2019,16,2.9
V0579,09-Nov-2019,55,3.3
V0579,09-Oct-2019,87,3.4
V0579,09-Sep-2019,25,3.1
V0579,10-Jul-2019,13,2.6
V0579,10-Jun-2019,148,3.9
V0579,10-Nov-2019,23,2.0
V0579,10-Oct-2019,13,2.9
V0579,10-Sep-2019,55,3.7
V0579,11-Aug-2019,19,1.9
V0579,11-Jul-2019,2,3.5
V0579,11-Nov-2019,7,3.8
V0579,11-Oct-2019,21,3.4
V0579,11-Sep-2019,23,1.8
V0579,12-Aug-2019,53,2.2
V0579,12-Jul-2019,50,2.6
V0579,12-Jun-2019,153,2.4
V0579,12-Nov-2019,28,4.1
V0579,12-Oct-2019,25,3.4
V0579,12-Sep-2019,12,2.5
V0579,13-Jul-2019,68,4.0
V0579,13-Jun-2019,38,3.6
V0579,13-Oct-2019,59,2.5
V0579,13-Sep-2019,25,2.7
V0579,14-Aug-2019,38,2.3
V0579,14-Jul-2019,10,4.1
V0579,14-Jun-2019,8,3.0
V0579,14-Nov-2019,7,4.0
V0579,14-Oct-2019,25,2.6
V0579,15-Aug-2019,20,3.9
V0579,15-Dec-2019,40,1.9
V0579,15-Jul-2019,37,4.2
V0579,15-Jun-2019,16,4.0
V0579,15-Oct-2019,27,2.7
V0579,15-Sep-2019,36,3.7
V0579,16-Aug-2019,6,3.6
V0579,16-Jul-2019,31,4.0
V0579,16-Jun-2019,22,2.5
V0579,16-Nov-2019,9,2.9
V0579,16-Oct-2019,15,3.9
V0579,16-Sep-2019,59,3.7
V0579,17-Aug-2019,7,2.7
V0579,17-Jul-2019,50,3.8
V0579,17-Jun-2019,50,1.9
V0579,17-Nov-2019,14,3.7
V0579,17-Oct-2019,15,2.3
V0579,17-Sep-2019,8,2.5
V0579,18-Aug-2019,24,3.0
V0579,18-Jul-2019,80,2.9
V0579,18-Oct-2019,11,3.0
V0579,18-Sep-2019,17,3.1
V0579,19-Aug-2019,31,2.6
V0579,19-Jul-2019,8,2.2
V0579,19-May-2019,9,3.6
V0579,19-Nov-2019,2,2.8
V0579,19-Oct-2019,9,3.0
V0579,19-Sep-2019,17,3.3
V0579,20-Aug-2019,63,4.0
V0579,20-Jan-2019,14,3.5
V0579,20-May-2019,14,1.9
V0579,20-Nov-2019,3,3.8
V0579,21-Jan-2019,23,4.2
V0579,21-Jul-2019,85,2.9
V0579,21-Jun-2019,9,4.1
V0579,21-May-2019,4,3.1
V0579,21-Oct-2019,27,2.9
V0579,22-May-2019,10,2.6
V0579,22-Nov-2019,30,3.4
V0579,22-Oct-2019,15,2.4
V0579,22-Sep-2019,14,2.1
V0579,23-Aug-2019,13,1.9
V0579,23-Jun-2019,17,2.5
V0579,23-May-2019,11,2.7
V0579,23-Nov-2019,11,3.1
V0579,23-Oct-2019,8,2.5
V0579,23-Sep-2019,82,4.2
V0579,24-Aug-2019,26,2.5
V0579,24-Sep-2019,6,2.9
V0579,25-Aug-2019,34,2.0
V0579,25-Jun-2019,7,2.4
V0579,25-Nov-2019,52,1.9
V0579,25-Oct-2019,15,3.1
V0579,26-Aug-2019,21,3.6
V0579,26-Jul-2019,22,2.3
V0579,26-Oct-2019,23,2.7
V0579,26-Sep-2019,5,1.8
V0579,27-Aug-2019,36,3.8
V0579,27-Jan-2019,19,3.7
V0579,27-Jun-2019,50,2.0
V0579,27-May-2019,8,2.7
V0579,27-Oct-2019,4,4.1
V0579,28-Jul-2019,15,2.7
V0579,28-Jun-2019,17,3.1
V0579,28-May-2019,14,2.7
V0579,28-Oct-2019,4,3.2
V0579,28-Sep-2019,7,4.1
V0579,29-Sep-2019,18,4.2
V0579,30-Aug-2019,18,3.7
V0579,30-Jul-2019,17,2.8
V0579,30-Jun-2019,49,3.0
V0579,30-Sep-2019,51,2.7
V0579,31-Jan-2019,8,4.2
V0579,31-Jul-2019,4,3.5
V0579,31-Oct-2019,13,2.9
V0584,01-Jun-2019,17,1.8
V0584,03-Sep-2019,3,3.0
V0584,13-Aug-2019,4,4.2
V0584,21-Jan-2019,13,3.1
V0584,22-Jan-2019,2,2.2
V0588,01-Dec-2019,2,1.9
V0588,05-Dec-2019,3,2.7
V0588,05-Nov-2019,2,4.0
V0588,10-Dec-2019,6,4.2
V0588,10-Nov-2019,6,4.1
V0588,11-Nov-2019,2,3.6
V0588,12-Nov-2019,8,3.1
V0588,14-Nov-2019,8,3.2
V0588,15-Nov-2019,4,3.1
V0588,17-Nov-2019,6,3.5
V0588,21-Nov-2019,2,2.8
V0588,28-Nov-2019,3,3.4
V0588,30-Nov-2019,2,2.1
V0589,01-Aug-2019,9,2.4
V0589,01-Jul-2019,4,3.8
V0589,01-Jun-2019,6,4.0
V0589,01-Oct-2019,12,3.1
V0589,01-Sep-2019,3,1.9
V0589,02-Aug-2019,10,4.0
V0589,02-Jul-2019,2,3.5
V0589,02-Nov-2019,3,2.8
V0589,02-Oct-2019,3,3.2
V0589,03-Jul-2019,9,2.8
V0589,03-Jun-2019,22,2.9
V0589,03-Nov-2019,8,3.9
V0589,03-Oct-2019,4,2.2
V0589,03-Sep-2019,14,2.0
V0589,04-Jul-2019,6,1.8
V0589,04-Jun-2019,14,2.6
V0589,04-Nov-2019,8,2.2
V0589,04-Oct-2019,5,2.3
V0589,05-Aug-2019,26,1.8
V0589,05-Jul-2019,6,2.3
V0589,05-Nov-2019,7,2.6
V0589,05-Oct-2019,6,1.9
V0589,05-Sep-2019,2,3.3
V0589,06-Aug-2019,7,3.2
V0589,06-Jul-2019,8,2.0
V0589,06-Nov-2019,2,3.2
V0589,06-Sep-2019,5,4.2
V0589,07-Jul-2019,19,4.1
V0589,07-Jun-2019,2,1.8
V0589,07-Nov-2019,2,3.7
V0589,07-Oct-2019,11,2.6
V0589,08-Jul-2019,100,2.0
V0589,08-Jun-2019,6,2.5
V0589,08-Nov-2019,4,2.6
V0589,08-Oct-2019,13,3.1
V0589,09-Jul-2019,9,3.4
V0589,09-Jun-2019,9,3.6
V0589,09-Oct-2019,8,2.4
V0589,09-Sep-2019,4,2.6
V0589,10-Aug-2019,10,2.5
V0589,10-Jul-2019,4,2.7
V0589,11-Aug-2019,12,4.2
V0589,11-Jul-2019,2,3.7
V0589,11-Jun-2019,15,4.1
V0589,11-Nov-2019,23,3.5
V0589,11-Oct-2019,13,2.8
V0589,12-Dec-2019,8,2.7
V0589,12-Jul-2019,27,3.0
V0589,12-Oct-2019,5,2.8
V0589,13-Aug-2019,3,3.8
V0589,13-Jul-2019,12,2.9
V0589,13-Oct-2019,12,2.5
V0589,13-Sep-2019,15,3.7
V0589,14-Jul-2019,2,3.9
V0589,14-Nov-2019,3,2.8
V0589,14-Oct-2019,22,3.4
V0589,14-Sep-2019,104,1.9
V0589,15-Aug-2019,5,3.1
V0589,15-Jun-2019,2,1.9
V0589,15-Oct-2019,10,1.9
V0589,15-Sep-2019,10,3.3
V0589,16-Dec-2019,8,2.5
V0589,16-Jun-2019,22,3.6
V0589,16-Oct-2019,12,4.0
V0589,17-Aug-2019,9,2.1
V0589,17-Jul-2019,2,3.5
V0589,17-Jun-2019,3,3.0
V0589,17-Oct-2019,4,2.1
V0589,18-Aug-2019,12,3.4
V0589,18-Jul-2019,23,3.3
V0589,18-Jun-2019,12,3.0
V0589,18-May-2019,6,4.0
V0589,18-Oct-2019,4,3.1
V0589,19-Aug-2019,4,4.2
V0589,19-Jun-2019,5,3.0
V0589,19-Oct-2019,4,2.1
V0589,20-May-2019,20,2.9
V0589,21-Aug-2019,2,2.2
V0589,21-Jun-2019,2,3.2
V0589,22-May-2019,4,3.5
V0589,23-Jun-2019,3,2.9
V0589,24-May-2019,6,2.0
V0589,24-Oct-2019,4,2.9
V0589,25-Aug-2019,5,2.0
V0589,25-Jun-2019,9,3.4
V0589,26-Aug-2019,5,3.7
V0589,26-Oct-2019,2,4.1
V0589,26-Sep-2019,8,2.2
V0589,27-Aug-2019,4,3.1
V0589,27-Jun-2019,6,3.2
V0589,27-May-2019,6,4.0
V0589,28-Jun-2019,4,3.3
V0589,28-Nov-2019,13,2.1
V0589,28-Sep-2019,7,2.8
V0589,29-Jun-2019,8,3.4
V0589,29-May-2019,6,3.5
V0589,29-Sep-2019,2,3.9
V0589,30-Jul-2019,4,2.2
V0589,30-Nov-2019,7,4.1
V0589,30-Oct-2019,16,1.9
V0589,30-Sep-2019,11,4.2
V0589,31-Jul-2019,4,3.9
V0590,01-Feb-2019,2,3.4
V0590,01-Jul-2019,7,3.6
V0590,01-Sep-2019,7,2.0
V0590,02-Aug-2019,2,1.9
V0590,02-Jul-2019,2,2.0
V0590,02-Jun-2019,11,2.0
V0590,02-Nov-2019,6,3.1
V0590,02-Sep-2019,20,2.3
V0590,03-Aug-2019,14,3.9
V0590,03-Feb-2019,10,2.9
V0590,03-Jul-2019,6,3.5
V0590,03-Jun-2019,4,3.4
V0590,03-Nov-2019,18,2.6
V0590,03-Oct-2019,4,2.4
V0590,04-Aug-2019,9,2.6
V0590,04-Feb-2019,4,3.7
V0590,04-Jul-2019,2,3.2
V0590,04-Nov-2019,17,2.4
V0590,04-Sep-2019,6,3.8
V0590,05-Aug-2019,14,1.9
V0590,05-Feb-2019,12,3.5
V0590,05-Jul-2019,6,2.9
V0590,05-Jun-2019,3,3.6
V0590,05-Oct-2019,6,4.0
V0590,05-Sep-2019,2,3.6
V0590,06-Jul-2019,13,2.9
V0590,06-Nov-2019,6,2.2
V0590,06-Oct-2019,7,3.7
V0590,07-Jul-2019,12,2.9
V0590,07-Oct-2019,2,2.0
V0590,07-Sep-2019,2,3.5
V0590,08-Aug-2019,4,2.5
V0590,08-Jul-2019,12,1.9
V0590,08-Jun-2019,3,4.0
V0590,08-Nov-2019,4,3.0
V0590,08-Oct-2019,10,2.5
V0590,08-Sep-2019,16,3.5
V0590,09-Feb-2019,15,3.9
V0590,09-Jul-2019,3,1.8
V0590,09-Jun-2019,8,3.5
V0590,09-Sep-2019,16,3.6
V0590,10-Jul-2019,5,2.3
V0590,10-Jun-2019,7,3.0
V0590,10-Nov-2019,10,2.0
V0590,10-Oct-2019,13,3.6
V0590,11-Aug-2019,9,3.8
V0590,11-Feb-2019,12,2.1
V0590,11-Jul-2019,3,3.8
V0590,11-Nov-2019,10,3.7
V0590,11-Oct-2019,2,2.6
V0590,12-Aug-2019,15,3.5
V0590,12-Jul-2019,9,1.8
V0590,12-Sep-2019,2,4.0
V0590,13-Jul-2019,21,3.1
V0590,13-Jun-2019,8,3.3
V0590,13-Oct-2019,15,3.4
V0590,14-Aug-2019,15,3.1
V0590,14-Jul-2019,12,3.9
V0590,14-Sep-2019,2,3.3
V0590,15-Aug-2019,2,4.0
V0590,15-Jul-2019,12,3.2
V0590,15-Nov-2019,4,2.2
V0590,15-Sep-2019,17,4.0
V0590,16-Aug-2019,6,3.4
V0590,16-Jul-2019,4,3.5
V0590,16-Jun-2019,6,4.2
V0590,16-Oct-2019,4,2.0
V0590,16-Sep-2019,9,2.8
V0590,17-Jun-2019,6,2.4
V0590,17-Nov-2019,18,3.3
V0590,17-Oct-2019,17,3.7
V0590,18-Aug-2019,15,4.1
V0590,18-Jul-2019,2,2.9
V0590,18-May-2019,2,3.7
V0590,18-Nov-2019,5,4.0
V0590,18-Sep-2019,2,3.4
V0590,19-Aug-2019,14,2.4
V0590,19-Jul-2019,16,3.3
V0590,19-Oct-2019,13,4.1
V0590,20-Jan-2019,6,4.2
V0590,20-Jul-2019,19,3.3
V0590,20-May-2019,20,3.9
V0590,20-Oct-2019,9,2.3
V0590,21-Jan-2019,2,2.4
V0590,21-Jul-2019,14,4.1
V0590,21-Jun-2019,9,2.1
V0590,21-Oct-2019,10,2.3
V0590,22-Aug-2019,3,2.8
V0590,22-Jun-2019,6,3.2
V0590,23-Aug-2019,2,3.2
V0590,23-Jun-2019,5,2.5
V0590,23-Sep-2019,7,4.0
V0590,24-Aug-2019,2,4.0
V0590,24-Jan-2019,6,2.7
V0590,24-Jul-2019,11,2.8
V0590,24-Jun-2019,15,3.5
V0590,24-May-2019,3,3.4
V0590,24-Oct-2019,7,2.7
V0590,25-Aug-2019,9,2.8
V0590,25-Jan-2019,11,2.6
V0590,25-May-2019,2,2.4
V0590,25-Oct-2019,10,2.9
V0590,25-Sep-2019,8,3.4
V0590,26-Aug-2019,10,3.6
V0590,26-Jul-2019,12,3.7
V0590,26-Jun-2019,7,2.7
V0590,26-May-2019,14,3.6
V0590,26-Oct-2019,2,1.8
V0590,26-Sep-2019,2,2.9
V0590,27-Jan-2019,10,3.7
V0590,27-Jul-2019,4,3.3
V0590,27-May-2019,4,2.9
V0590,27-Oct-2019,17,3.3
V0590,27-Sep-2019,6,4.0
V0590,28-Jan-2019,8,3.2
V0590,28-Jul-2019,2,3.7
V0590,28-Jun-2019,4,4.2
V0590,28-Oct-2019,22,3.5
V0590,28-Sep-2019,5,3.2
V0590,29-Jul-2019,11,1.9
V0590,29-May-2019,7,2.7
V0590,29-Sep-2019,21,3.2
V0590,30-Aug-2019,6,3.7
V0590,30-Jul-2019,3,2.9
V0590,30-Jun-2019,11,4.1
V0590,30-Oct-2019,11,2.5
V0590,30-Sep-2019,8,3.6
V0590,31-Aug-2019,6,2.8
V0590,31-May-2019,2,3.0
V0591,01-Dec-2018,16,3.7
V0591,01-Jul-2019,37,2.5
V0591,01-Sep-2019,30,2.0
V0591,02-Feb-2019,3,3.0
V0591,02-Jan-2019,2,3.1
V0591,02-Jul-2019,7,3.7
V0591,02-Oct-2018,3,4.1
V0591,02-Sep-2019,25,1.9
V0591,03-Dec-2018,29,3.2
V0591,03-Feb-2019,20,3.4
V0591,03-Jun-2019,40,4.2
V0591,03-Oct-2018,2,4.1
V0591,03-Sep-2018,51,3.5
V0591,04-Feb-2019,40,3.1
V0591,04-Jul-2019,16,2.2
V0591,04-Jun-2019,54,2.7
V0591,04-Nov-2018,24,3.2
V0591,04-Sep-2018,40,3.5
V0591,05-Aug-2019,6,3.3
V0591,05-Feb-2019,82,3.5
V0591,05-Jan-2019,30,2.8
V0591,05-Jun-2019,13,3.5
V0591,05-Oct-2018,15,2.1
V0591,05-Oct-2019,19,2.2
V0591,05-Sep-2018,2,2.2
V0591,06-Feb-2019,20,3.9
V0591,06-Jan-2019,21,2.0
V0591,06-Oct-2018,32,3.7
V0591,06-Oct-2019,49,2.4
V0591,06-Sep-2019,50,2.9
V0591,07-Jul-2019,26,4.0
V0591,07-Oct-2018,25,3.2
V0591,07-Oct-2019,6,2.3
V0591,08-Jan-2019,35,2.5
V0591,08-Jul-2019,80,4.0
V0591,08-Oct-2018,50,2.8
V0591,08-Oct-2019,60,3.2
V0591,08-Sep-2019,15,2.9
V0591,09-Dec-2018,15,2.7
V0591,09-Jan-2019,3,2.3
V0591,09-Jul-2019,29,3.4
V0591,09-Oct-2018,58,3.5
V0591,10-Dec-2018,51,2.5
V0591,10-Jul-2019,40,3.7
V0591,10-Jun-2019,43,3.9
V0591,10-Sep-2018,40,4.0
V0591,11-Feb-2019,65,2.2
V0591,11-Jan-2019,3,2.5
V0591,11-Nov-2019,91,3.9
V0591,11-Oct-2018,35,2.3
V0591,11-Oct-2019,55,1.8
V0591,12-Aug-2019,35,3.9
V0591,12-Feb-2019,40,2.6
V0591,12-Jul-2019,4,2.8
V0591,12-Nov-2018,40,2.9
V0591,12-Oct-2019,16,3.8
V0591,12-Sep-2019,16,2.6
V0591,13-Aug-2019,21,3.9
V0591,13-Feb-2019,26,3.3
V0591,13-Jan-2019,4,3.1
V0591,13-Jul-2019,43,2.6
V0591,13-Nov-2018,20,2.4
V0591,13-Oct-2018,17,3.3
V0591,13-Oct-2019,24,2.9
V0591,13-Sep-2019,6,4.0
V0591,14-Jan-2019,50,3.0
V0591,14-Jul-2019,40,3.0
V0591,14-Jun-2019,18,2.8
V0591,14-Nov-2018,43,3.7
V0591,14-Oct-2018,23,2.8
V0591,14-Oct-2019,25,2.4
V0591,15-Dec-2018,7,3.9
V0591,15-Jul-2019,2,3.2
V0591,15-Oct-2018,26,3.2
V0591,15-Sep-2018,24,3.3
V0591,16-Jan-2019,20,3.5
V0591,16-Oct-2018,56,2.6
V0591,16-Sep-2018,8,1.9
V0591,16-Sep-2019,38,3.7
V0591,17-Dec-2018,30,2.1
V0591,17-Jul-2019,7,3.5
V0591,17-Jun-2019,30,2.0
V0591,17-Oct-2018,3,2.7
V0591,17-Oct-2019,27,2.0
V0591,17-Sep-2018,57,3.1
V0591,18-Aug-2019,20,3.4
V0591,18-Jan-2019,2,2.2
V0591,18-Jul-2019,20,2.7
V0591,18-May-2019,13,4.0
V0591,18-Nov-2018,4,2.9
V0591,18-Nov-2019,55,3.7
V0591,18-Oct-2019,31,4.0
V0591,18-Sep-2018,35,4.1
V0591,19-Aug-2019,35,4.0
V0591,19-Jul-2019,17,2.6
V0591,19-Nov-2019,37,4.1
V0591,20-Jan-2019,10,3.7
V0591,20-Jul-2019,6,3.8
V0591,20-May-2019,31,1.8
V0591,21-Dec-2018,2,4.1
V0591,21-Jul-2019,54,3.7
V0591,21-May-2019,6,3.6
V0591,22-Aug-2018,2,2.0
V0591,22-Jan-2019,30,2.4
V0591,22-Nov-2019,28,4.1
V0591,22-Oct-2018,28,3.0
V0591,23-Aug-2019,6,2.8
V0591,23-Jan-2019,3,3.8
V0591,23-Jun-2019,21,2.0
V0591,23-Sep-2019,50,2.8
V0591,24-Aug-2019,24,2.7
V0591,24-Dec-2018,75,2.6
V0591,24-Jul-2019,20,2.5
V0591,24-Jun-2019,55,2.3
V0591,24-May-2019,27,2.2
V0591,24-Nov-2019,33,3.3
V0591,24-Oct-2018,2,4.0
V0591,24-Sep-2018,40,3.0
V0591,24-Sep-2019,25,2.5
V0591,25-Aug-2019,40,2.2
V0591,25-Jun-2019,4,3.8
V0591,25-May-2019,54,4.1
V0591,25-Nov-2019,44,2.6
V0591,26-Aug-2019,40,2.5
V0591,26-Dec-2018,2,3.2
V0591,26-Nov-2018,40,3.7
V0591,26-Oct-2018,50,2.9
V0591,27-Aug-2018,32,3.3
V0591,27-Aug-2019,7,3.5
V0591,27-May-2019,45,4.1
V0591,27-Oct-2018,32,2.2
V0591,27-Sep-2019,18,4.2
V0591,28-Dec-2018,2,2.7
V0591,28-Jan-2019,5,3.5
V0591,28-Jul-2019,36,3.2
V0591,28-Jun-2019,20,3.0
V0591,28-Sep-2019,25,3.5
V0591,29-Jun-2019,30,2.7
V0591,29-Oct-2018,30,2.1
V0591,29-Sep-2019,12,3.0
V0591,30-Aug-2019,19,3.1
V0591,30-Jul-2019,34,2.3
V0591,30-Oct-2018,40,4.0
V0591,30-Sep-2019,40,2.3
V0594,27-Oct-2019,4,2.8
V0599,02-Jun-2019,7,2.2
V0599,06-Jun-2019,8,3.1
V0599,07-Jul-2019,10,2.5
V0599,10-Jun-2019,6,3.0
V0599,14-Jul-2019,6,2.3
V0599,15-Jul-2019,2,1.9
V0599,16-Jun-2019,8,3.7
V0599,17-Jun-2019,6,3.3
V0599,20-Jul-2019,6,2.6
V0599,20-May-2019,10,1.9
V0600,01-Jul-2019,4,3.9
V0600,01-Oct-2019,9,2.2
V0600,02-Aug-2019,3,4.0
V0600,02-Jul-2019,15,2.9
V0600,02-Jun-2019,2,2.6
V0600,02-Sep-2019,2,3.6
V0600,03-Jun-2019,9,3.9
V0600,03-Nov-2019,6,2.7
V0600,03-Oct-2019,4,2.8
V0600,03-Sep-2019,8,2.8
V0600,04-Jun-2019,4,4.0
V0600,04-Nov-2019,4,3.5
V0600,05-Aug-2019,3,2.4
V0600,05-Oct-2019,5,2.2
V0600,06-Aug-2019,11,2.4
V0600,07-Jul-2019,2,2.4
V0600,07-Oct-2019,11,2.4
V0600,07-Sep-2019,2,3.4
V0600,08-Jul-2019,4,2.1
V0600,08-Jun-2019,3,2.7
V0600,08-Oct-2019,17,3.3
V0600,08-Sep-2019,2,2.5
V0600,09-Jul-2019,4,2.0
V0600,09-Jun-2019,2,2.0
V0600,09-Oct-2019,12,2.1
V0600,09-Sep-2019,2,3.8
V0600,10-Jul-2019,2,3.4
V0600,10-Jun-2019,11,2.0
V0600,10-Sep-2019,2,2.7
V0600,11-Jul-2019,2,2.5
V0600,11-Jun-2019,18,3.2
V0600,11-Nov-2019,2,3.1
V0600,11-Sep-2019,1,3.0
V0600,12-Aug-2019,4,2.6
V0600,12-Jun-2019,8,2.1
V0600,12-Oct-2019,4,3.6
V0600,13-Aug-2019,4,3.9
V0600,13-Oct-2019,5,4.1
V0600,14-Jul-2019,11,1.9
V0600,14-Jun-2019,6,3.6
V0600,14-Oct-2019,3,3.5
V0600,15-Jul-2019,2,4.1
V0600,15-Oct-2019,10,2.4
V0600,16-Jul-2019,7,3.6
V0600,16-Nov-2019,5,1.9
V0600,16-Sep-2019,4,3.3
V0600,17-Sep-2019,3,2.6
V0600,18-Jul-2019,6,3.6
V0600,18-May-2019,2,3.9
V0600,18-Nov-2019,4,2.7
V0600,19-Aug-2019,10,3.1
V0600,19-Jul-2019,5,2.1
V0600,20-Jul-2019,9,2.8
V0600,20-May-2019,8,2.7
V0600,20-Oct-2019,6,2.2
V0600,21-May-2019,2,3.9
V0600,22-Oct-2019,5,2.2
V0600,23-May-2019,2,3.3
V0600,23-Oct-2019,7,3.9
V0600,23-Sep-2019,5,4.0
V0600,24-Jul-2019,4,3.7
V0600,24-Jun-2019,4,2.2
V0600,24-Sep-2019,4,3.8
V0600,25-May-2019,2,2.5
V0600,25-Oct-2019,4,4.0
V0600,26-Aug-2019,6,3.5
V0600,26-Jul-2019,2,3.7
V0600,26-Oct-2019,2,2.0
V0600,27-Aug-2019,5,3.2
V0600,27-May-2019,7,3.8
V0600,27-Sep-2019,5,3.9
V0600,28-May-2019,4,1.9
V0600,28-Oct-2019,5,4.1
V0600,29-Jul-2019,2,1.9
V0600,29-May-2019,2,3.3
V0600,29-Oct-2019,12,3.5
V0600,30-Jul-2019,2,2.1
V0600,30-Jun-2019,26,1.9
V0600,30-Oct-2019,2,3.7
V0600,30-Sep-2019,5,2.7
V0600,31-Jul-2019,11,2.1
V0600,31-Oct-2019,7,3.6
V0602,01-Aug-2019,3,3.8
V0602,01-Jul-2019,6,3.2
V0602,01-Jun-2019,10,2.2
V0602,01-Nov-2018,2,1.8
V0602,01-Oct-2018,14,3.5
V0602,02-Aug-2018,2,3.1
V0602,02-Aug-2019,4,3.4
V0602,02-Jun-2019,14,3.8
V0602,02-Nov-2018,3,2.8
V0602,02-Nov-2019,4,2.1
V0602,02-Sep-2018,20,4.1
V0602,03-Aug-2018,17,3.1
V0602,03-Jul-2019,10,3.3
V0602,03-Nov-2018,4,4.0
V0602,03-Nov-2019,14,4.0
V0602,03-Oct-2018,2,3.2
V0602,04-Aug-2019,14,2.5
V0602,04-Dec-2019,5,4.2
V0602,04-Jul-2019,19,3.4
V0602,04-Oct-2019,7,2.8
V0602,05-Aug-2018,12,3.1
V0602,05-Aug-2019,2,2.8
V0602,05-Jul-2019,27,3.9
V0602,05-Oct-2018,6,3.0
V0602,05-Oct-2019,11,3.8
V0602,05-Sep-2018,10,3.8
V0602,06-Jul-2019,13,3.8
V0602,06-Jun-2019,5,3.5
V0602,06-Oct-2018,12,3.9
V0602,06-Oct-2019,14,2.7
V0602,06-Sep-2018,6,2.1
V0602,06-Sep-2019,2,3.8
V0602,07-Aug-2019,6,3.0
V0602,07-Jul-2019,14,2.1
V0602,07-Jun-2019,2,2.1
V0602,07-Nov-2018,4,2.2
V0602,07-Nov-2019,8,3.6
V0602,07-Oct-2018,12,3.5
V0602,07-Sep-2018,11,2.3
V0602,07-Sep-2019,15,3.8
V0602,08-Aug-2018,5,2.5
V0602,08-Aug-2019,7,3.7
V0602,08-Jul-2019,7,3.0
V0602,08-Jun-2019,3,3.6
V0602,08-Nov-2018,6,2.7
V0602,08-Nov-2019,11,2.6
V0602,08-Sep-2018,4,3.8
V0602,08-Sep-2019,10,1.9
V0602,09-Aug-2018,5,4.1
V0602,09-Aug-2019,5,3.4
V0602,09-Jun-2019,12,2.8
V0602,09-Nov-2018,2,3.3
V0602,09-Nov-2019,9,2.1
V0602,09-Sep-2018,5,3.0
V0602,10-Aug-2019,4,4.2
V0602,10-Jul-2019,9,2.4
V0602,10-Nov-2018,4,3.5
V0602,10-Nov-2019,6,2.8
V0602,10-Oct-2018,10,3.4
V0602,10-Oct-2019,6,2.3
V0602,11-Aug-2019,4,2.9
V0602,11-Nov-2018,8,4.2
V0602,11-Oct-2018,5,2.3
V0602,11-Sep-2019,8,3.3
V0602,12-Aug-2018,4,3.2
V0602,12-Jul-2019,18,3.2
V0602,12-Jun-2019,4,3.3
V0602,12-Sep-2019,21,3.0
V0602,13-Aug-2018,22,1.8
V0602,13-Jul-2019,20,4.0
V0602,13-Oct-2018,6,3.8
V0602,13-Oct-2019,8,2.2
V0602,13-Sep-2019,4,2.8
V0602,14-Jul-2019,3,3.6
V0602,14-Nov-2018,4,4.2
V0602,14-Nov-2019,18,4.1
V0602,14-Oct-2018,9,4.0
V0602,14-Oct-2019,14,2.2
V0602,14-Sep-2018,12,4.0
V0602,14-Sep-2019,2,3.9
V0602,15-Aug-2018,17,2.7
V0602,15-Jul-2019,15,2.7
V0602,15-Jun-2019,4,2.9
V0602,15-Nov-2018,2,3.4
V0602,15-Nov-2019,8,2.4
V0602,15-Sep-2018,2,1.9
V0602,15-Sep-2019,20,2.1
V0602,16-Aug-2018,6,2.9
V0602,16-Jun-2019,5,2.5
V0602,16-Nov-2018,6,3.6
V0602,16-Oct-2019,16,2.1
V0602,16-Sep-2018,10,4.0
V0602,16-Sep-2019,14,3.9
V0602,17-Aug-2018,18,4.0
V0602,17-Aug-2019,6,3.6
V0602,17-Jul-2019,10,2.1
V0602,17-Jun-2019,8,2.9
V0602,17-Nov-2018,15,2.1
V0602,17-Nov-2019,23,4.2
V0602,17-Oct-2018,8,2.6
V0602,17-Oct-2019,12,3.2
V0602,18-Aug-2018,10,3.7
V0602,18-Aug-2019,12,4.0
V0602,18-Jul-2019,7,3.6
V0602,18-Nov-2018,2,3.4
V0602,18-Oct-2018,20,2.9
V0602,18-Oct-2019,18,3.3
V0602,18-Sep-2019,5,2.0
V0602,19-Aug-2018,16,3.9
V0602,19-Aug-2019,10,3.1
V0602,19-May-2019,18,1.9
V0602,19-Oct-2018,3,4.0
V0602,19-Oct-2019,21,3.0
V0602,19-Sep-2019,19,3.9
V0602,20-Oct-2018,7,3.9
V0602,20-Oct-2019,10,3.8
V0602,20-Sep-2019,10,1.9
V0602,21-Aug-2019,11,2.4
V0602,21-Nov-2018,2,3.9
V0602,21-Sep-2019,9,4.0
V0602,22-Aug-2018,24,2.9
V0602,22-Aug-2019,3,2.9
V0602,22-Jun-2019,20,2.2
V0602,22-May-2019,19,4.1
V0602,22-Sep-2018,10,2.3
V0602,22-Sep-2019,6,2.3
V0602,23-Aug-2018,6,3.4
V0602,23-Aug-2019,6,2.4
V0602,23-Jun-2019,17,4.1
V0602,23-Sep-2018,5,1.8
V0602,24-Aug-2018,2,1.8
V0602,24-Aug-2019,8,3.0
V0602,24-May-2019,2,3.0
V0602,24-Oct-2018,13,2.2
V0602,25-Aug-2019,19,3.0
V0602,25-May-2019,4,2.8
V0602,25-Oct-2019,10,3.9
V0602,25-Sep-2019,5,1.8
V0602,26-Aug-2018,13,4.1
V0602,26-Jul-2018,5,3.3
V0602,26-May-2019,5,2.2
V0602,26-Oct-2019,3,1.9
V0602,26-Sep-2019,16,3.1
V0602,27-Oct-2018,16,2.4
V0602,27-Oct-2019,9,2.5
V0602,28-Jul-2018,6,2.4
V0602,28-Jun-2019,2,3.4
V0602,28-Oct-2018,13,3.1
V0602,28-Oct-2019,2,2.0
V0602,28-Sep-2018,8,3.1
V0602,28-Sep-2019,2,3.7
V0602,29-Jul-2018,2,2.0
V0602,29-Jun-2019,10,3.9
V0602,29-May-2019,2,3.2
V0602,29-Oct-2018,4,4.1
V0602,30-Aug-2018,8,2.2
V0602,30-Aug-2019,11,4.2
V0602,30-Jul-2018,14,3.3
V0602,30-Jun-2019,23,3.2
V0602,30-Oct-2019,8,3.0
V0602,30-Sep-2018,6,1.9
V0602,30-Sep-2019,5,4.1
V0602,31-Aug-2018,13,3.3
V0602,31-Aug-2019,16,2.0
V0602,31-May-2019,3,1.9
V0607,01-Jul-2019,20,1.9
V0607,01-Sep-2019,12,3.3
V0607,02-Aug-2019,4,3.3
V0607,02-Jul-2019,12,3.0
V0607,02-Jun-2019,6,2.5
V0607,02-Oct-2019,6,3.1
V0607,02-Sep-2019,11,3.0
V0607,03-Aug-2019,17,1.8
V0607,03-Jul-2019,7,2.5
V0607,03-Jun-2019,3,1.9
V0607,03-Nov-2019,23,4.0
V0607,04-Aug-2019,2,3.5
V0607,04-Jun-2019,10,4.2
V0607,04-Nov-2019,6,2.5
V0607,04-Sep-2019,16,3.9
V0607,05-Aug-2019,8,3.2
V0607,05-Jun-2019,4,2.9
V0607,05-Nov-2019,5,2.3
V0607,05-Oct-2019,3,3.6
V0607,06-Jul-2019,5,4.0
V0607,06-Oct-2019,12,2.4
V0607,06-Sep-2019,8,2.2
V0607,07-Aug-2019,13,3.5
V0607,07-Sep-2019,12,4.1
V0607,08-Jul-2019,44,3.6
V0607,08-Jun-2019,4,2.5
V0607,08-Nov-2019,10,2.8
V0607,08-Oct-2019,14,2.7
V0607,08-Sep-2019,30,3.8
V0607,09-Jul-2019,8,3.7
V0607,09-Jun-2019,10,3.2
V0607,09-Nov-2019,18,2.5
V0607,09-Oct-2019,10,4.1
V0607,09-Sep-2019,19,3.4
V0607,10-Jul-2019,17,4.1
V0607,10-Jun-2019,3,3.2
V0607,10-Nov-2019,19,3.8
V0607,10-Sep-2019,19,3.8
V0607,11-Aug-2019,15,2.6
V0607,11-Jun-2019,9,4.1
V0607,11-Nov-2019,25,1.9
V0607,11-Oct-2019,3,3.6
V0607,11-Sep-2019,10,4.1
V0607,12-Aug-2019,6,2.6
V0607,12-Jul-2019,24,3.4
V0607,12-Jun-2019,14,3.1
V0607,12-Oct-2019,24,3.6
V0607,13-Aug-2019,19,3.9
V0607,13-Jul-2019,33,3.2
V0607,13-Jun-2019,16,3.8
V0607,13-Oct-2019,13,2.5
V0607,13-Sep-2019,6,2.3
V0607,14-Aug-2019,9,2.8
V0607,14-Jul-2019,22,3.4
V0607,14-Oct-2019,20,2.2
V0607,14-Sep-2019,12,3.4
V0607,15-Jul-2019,6,2.7
V0607,15-Jun-2019,9,3.7
V0607,15-Sep-2019,18,1.9
V0607,16-Jul-2019,20,3.4
V0607,16-Jun-2019,14,3.4
V0607,16-Oct-2019,14,4.1
V0607,16-Sep-2019,15,3.5
V0607,17-Jul-2019,19,3.7
V0607,17-Nov-2019,3,4.0
V0607,18-Aug-2019,6,3.4
V0607,18-May-2019,7,2.5
V0607,18-Oct-2019,6,3.9
V0607,18-Sep-2019,10,3.6
V0607,19-Aug-2019,13,2.8
V0607,19-Jul-2019,22,3.5
V0607,19-May-2019,2,3.9
V0607,19-Oct-2019,10,4.1
V0607,20-Aug-2019,16,4.1
V0607,20-Jul-2019,5,2.6
V0607,20-May-2019,22,2.8
V0607,20-Oct-2019,3,2.1
V0607,20-Sep-2019,11,2.4
V0607,21-Jul-2019,10,3.9
V0607,21-Jun-2019,6,2.7
V0607,21-May-2019,16,3.3
V0607,21-Nov-2019,13,3.4
V0607,21-Oct-2019,9,3.7
V0607,22-Sep-2019,13,2.2
V0607,23-Aug-2019,9,2.5
V0607,23-Jun-2019,14,2.9
V0607,23-Oct-2019,7,2.7
V0607,23-Sep-2019,10,4.2
V0607,24-Aug-2019,8,3.8
V0607,24-Jun-2019,15,3.0
V0607,24-May-2019,14,3.9
V0607,24-Sep-2019,7,2.6
V0607,25-Aug-2019,8,3.7
V0607,25-Jul-2019,7,2.3
V0607,25-Jun-2019,12,3.7
V0607,25-Sep-2019,30,2.9
V0607,26-Aug-2019,12,2.1
V0607,26-Jul-2019,7,2.5
V0607,26-May-2019,15,2.8
V0607,26-Oct-2019,2,3.6
V0607,27-May-2019,17,2.0
V0607,27-Oct-2019,11,3.4
V0607,28-Jul-2019,24,3.5
V0607,28-Oct-2019,3,3.4
V0607,28-Sep-2019,24,3.6
V0607,29-Oct-2019,12,2.2
V0607,29-Sep-2019,7,3.2
V0607,30-Aug-2019,8,4.1
V0607,30-Jul-2019,9,3.3
V0607,30-Jun-2019,13,3.3
V0607,30-Oct-2019,12,3.6
V0607,30-Sep-2019,7,2.6
V0607,31-Aug-2019,2,3.5
V0607,31-Jul-2019,7,4.0
V0609,19-Feb-2019,6,1.8
V0611,01-Dec-2019,40,3.9
V0611,01-Feb-2019,19,2.3
V0611,01-Jul-2019,39,2.9
V0611,01-Nov-2019,2,3.8
V0611,01-Sep-2019,22,3.8
V0611,02-Aug-2019,2,3.9
V0611,02-Dec-2019,7,4.1
V0611,02-Jul-2019,8,2.9
V0611,02-Jun-2019,23,3.4
V0611,02-Nov-2019,2,2.7
V0611,02-Oct-2019,4,2.6
V0611,02-Sep-2019,20,2.8
V0611,03-Feb-2019,7,3.6
V0611,03-Jul-2019,6,3.0
V0611,03-Jun-2019,11,3.8
V0611,03-Nov-2019,10,3.6
V0611,03-Oct-2019,2,1.8
V0611,04-Aug-2019,35,3.3
V0611,04-Feb-2019,20,2.8
V0611,04-Jun-2019,13,2.9
V0611,04-Nov-2019,33,3.8
V0611,04-Oct-2019,3,3.1
V0611,05-Aug-2019,3,3.9
V0611,05-Feb-2019,14,3.5
V0611,05-Jul-2019,12,3.1
V0611,05-Nov-2019,7,3.6
V0611,05-Oct-2019,7,1.9
V0611,05-Sep-2019,6,1.9
V0611,06-Feb-2019,18,2.0
V0611,06-Jul-2019,15,2.9
V0611,06-Jun-2019,6,2.4
V0611,06-Nov-2019,24,4.2
V0611,06-Oct-2019,37,3.1
V0611,06-Sep-2019,10,3.4
V0611,07-Aug-2019,10,2.5
V0611,07-Jul-2019,45,2.6
V0611,07-Jun-2019,6,2.6
V0611,07-Nov-2019,16,3.5
V0611,07-Oct-2019,18,2.9
V0611,07-Sep-2019,9,3.0
V0611,08-Aug-2019,11,3.2
V0611,08-Jul-2019,41,3.6
V0611,08-Jun-2019,6,2.0
V0611,08-Oct-2019,55,3.7
V0611,09-Aug-2019,22,3.2
V0611,09-Jul-2019,12,3.4
V0611,09-Jun-2019,4,2.6
V0611,09-Nov-2019,9,2.8
V0611,09-Oct-2019,5,2.4
V0611,09-Sep-2019,33,4.2
V0611,10-Jul-2019,21,3.0
V0611,10-Jun-2019,26,4.2
V0611,10-Nov-2019,27,3.0
V0611,10-Oct-2019,41,2.3
V0611,10-Sep-2019,5,3.0
V0611,11-Aug-2019,13,1.9
V0611,11-Jul-2019,12,4.0
V0611,11-Jun-2019,18,3.8
V0611,11-Nov-2019,48,3.5
V0611,11-Oct-2019,18,3.3
V0611,11-Sep-2019,6,3.2
V0611,12-Jul-2019,33,4.2
V0611,12-Jun-2019,4,2.5
V0611,12-Nov-2019,14,3.7
V0611,12-Oct-2019,28,3.2
V0611,12-Sep-2019,23,4.1
V0611,13-Aug-2019,33,3.8
V0611,13-Jul-2019,48,4.2
V0611,13-Jun-2019,18,3.2
V0611,13-Oct-2019,19,2.3
V0611,13-Sep-2019,2,3.0
V0611,14-Aug-2019,4,3.5
V0611,14-Jul-2019,16,3.7
V0611,14-Jun-2019,5,1.8
V0611,14-Nov-2019,4,3.0
V0611,14-Oct-2019,35,2.4
V0611,14-Sep-2019,2,3.9
V0611,15-Aug-2019,8,2.2
V0611,15-Jul-2019,18,3.4
V0611,15-Jun-2019,3,2.4
V0611,15-Nov-2019,4,2.7
V0611,15-Oct-2019,35,4.1
V0611,15-Sep-2019,13,2.4
V0611,16-Aug-2019,22,2.0
V0611,16-Jun-2019,13,2.0
V0611,16-Nov-2019,6,3.0
V0611,16-Oct-2019,5,3.3
V0611,16-Sep-2019,34,2.6
V0611,17-Aug-2019,18,3.5
V0611,17-Jul-2019,11,1.9
V0611,17-Jun-2019,28,3.9
V0611,17-Nov-2019,14,3.8
V0611,17-Oct-2019,4,4.2
V0611,18-Aug-2019,33,4.0
V0611,18-Jul-2019,28,2.7
V0611,18-May-2019,16,2.8
V0611,18-Nov-2019,55,3.6
V0611,18-Oct-2019,21,2.1
V0611,19-Aug-2019,26,2.6
V0611,19-Jul-2019,36,2.1
V0611,19-Jun-2019,12,2.9
V0611,19-May-2019,21,3.1
V0611,19-Oct-2019,3,2.3
V0611,20-Jan-2019,17,1.9
V0611,20-Jul-2019,39,3.5
V0611,20-May-2019,23,1.8
V0611,20-Oct-2019,33,4.1
V0611,20-Sep-2019,25,2.3
V0611,21-Jan-2019,7,3.4
V0611,21-Jul-2019,37,2.8
V0611,21-Oct-2019,39,1.9
V0611,22-Aug-2019,8,2.9
V0611,22-Jul-2019,7,3.0
V0611,22-Jun-2019,2,3.9
V0611,22-May-2019,5,3.6
V0611,22-Nov-2019,4,2.0
V0611,22-Sep-2019,9,2.3
V0611,23-Aug-2019,16,2.5
V0611,23-Jan-2019,4,2.1
V0611,23-Jun-2019,11,2.9
V0611,23-Oct-2019,15,4.2
V0611,23-Sep-2019,38,3.0
V0611,24-Aug-2019,7,3.6
V0611,24-Jun-2019,33,3.4
V0611,24-May-2019,5,3.8
V0611,24-Nov-2019,7,2.3
V0611,24-Oct-2019,9,3.6
V0611,24-Sep-2019,24,3.9
V0611,25-Aug-2019,6,2.2
V0611,25-Oct-2019,18,2.6
V0611,25-Sep-2019,5,4.1
V0611,26-Aug-2019,35,3.7
V0611,26-Jan-2019,2,2.5
V0611,26-Jul-2019,5,3.2
V0611,26-May-2019,14,2.8
V0611,26-Sep-2019,6,3.0
V0611,27-Aug-2019,5,2.7
V0611,27-Jan-2019,12,2.5
V0611,27-Jun-2019,7,3.4
V0611,27-May-2019,18,3.7
V0611,27-Oct-2019,39,3.9
V0611,27-Sep-2019,2,2.2
V0611,28-Aug-2019,19,3.8
V0611,28-Jan-2019,18,2.4
V0611,28-Jul-2019,12,2.8
V0611,28-Jun-2019,41,4.0
V0611,28-May-2019,10,2.9
V0611,28-Oct-2019,33,2.3
V0611,29-Aug-2019,10,2.2
V0611,29-Jul-2019,16,2.9
V0611,29-Jun-2019,16,3.6
V0611,29-Oct-2019,10,4.2
V0611,29-Sep-2019,33,3.7
V0611,30-Aug-2019,12,3.9
V0611,30-Jan-2019,4,3.6
V0611,30-Jul-2019,32,3.9
V0611,30-Jun-2019,15,2.0
V0611,30-May-2019,5,4.0
V0611,30-Oct-2019,10,2.8
V0611,30-Sep-2019,40,4.0
V0611,31-Aug-2019,2,2.0
V0611,31-Jan-2019,15,3.5
V0611,31-May-2019,8,3.6
V0611,31-Oct-2019,11,4.2
V0613,01-Aug-2019,9,3.6
V0613,01-Jul-2019,8,2.7
V0613,01-Oct-2019,2,3.1
V0613,01-Sep-2019,12,2.7
V0613,02-Jun-2019,2,2.3
V0613,03-Nov-2019,9,2.4
V0613,04-Aug-2019,9,2.3
V0613,05-Aug-2019,12,3.1
V0613,07-Sep-2019,3,4.0
V0613,08-Nov-2019,4,4.0
V0613,08-Sep-2019,4,1.9
V0613,09-Aug-2019,2,2.0
V0613,09-Sep-2019,2,2.4
V0613,10-Jul-2019,7,2.4
V0613,10-Nov-2019,8,2.0
V0613,11-Aug-2019,10,2.7
V0613,12-Aug-2019,11,3.2
V0613,13-Aug-2019,8,3.2
V0613,13-Oct-2019,5,3.1
V0613,14-Nov-2019,2,2.6
V0613,15-Nov-2019,2,3.5
V0613,15-Oct-2019,3,3.8
V0613,16-Jul-2019,2,2.6
V0613,17-Aug-2019,14,2.0
V0613,17-Nov-2019,39,2.5
V0613,18-Aug-2019,8,2.1
V0613,18-Jun-2019,7,2.9
V0613,19-Aug-2019,14,2.2
V0613,19-May-2019,12,2.9
V0613,20-Jul-2019,11,2.3
V0613,20-May-2019,2,3.6
V0613,22-Jun-2019,9,1.9
V0613,23-Sep-2019,17,3.1
V0613,26-Jun-2019,6,2.2
V0613,28-Aug-2019,18,1.8
V0613,29-Oct-2019,2,3.9
V0613,30-Jun-2019,2,3.4
V0613,30-Oct-2019,4,2.0
V0616,01-Aug-2019,4,3.4
V0616,01-Jul-2019,8,3.3
V0616,01-Jun-2019,3,2.9
V0616,01-Nov-2019,4,2.8
V0616,01-Oct-2019,2,3.9
V0616,02-Jul-2019,4,2.4
V0616,03-Aug-2019,2,2.8
V0616,03-Jul-2019,4,2.6
V0616,03-Jun-2019,19,3.7
V0616,03-Sep-2019,4,4.0
V0616,04-Feb-2019,4,3.8
V0616,04-Jul-2019,3,3.7
V0616,04-Nov-2019,8,4.2
V0616,04-Oct-2019,4,3.5
V0616,05-Aug-2019,2,3.6
V0616,05-Jul-2019,2,4.2
V0616,05-Nov-2019,15,1.8
V0616,06-Aug-2019,5,3.3
V0616,07-Aug-2019,2,3.6
V0616,07-Jul-2019,11,4.0
V0616,07-Oct-2019,10,3.9
V0616,07-Sep-2019,2,3.8
V0616,08-Jul-2019,11,4.1
V0616,08-Oct-2019,4,3.1
V0616,08-Sep-2019,6,1.8
V0616,09-Jul-2019,22,1.8
V0616,09-Jun-2019,6,3.1
V0616,09-Sep-2019,4,2.8
V0616,10-Jul-2019,2,2.9
V0616,10-Jun-2019,10,2.8
V0616,11-Jul-2019,5,4.0
V0616,11-Jun-2019,2,2.7
V0616,12-Jul-2019,4,3.9
V0616,12-Nov-2019,4,4.0
V0616,13-Jul-2019,14,3.0
V0616,13-Nov-2019,5,2.9
V0616,14-Jul-2019,8,3.6
V0616,14-Oct-2019,10,3.5
V0616,15-Jul-2019,14,2.6
V0616,15-Nov-2019,3,2.0
V0616,15-Oct-2019,8,2.4
V0616,15-Sep-2019,5,2.1
V0616,16-Jul-2019,11,2.5
V0616,16-Jun-2019,2,2.4
V0616,16-Sep-2019,6,3.3
V0616,17-Jun-2019,9,4.1
V0616,17-Oct-2019,4,3.4
V0616,18-Oct-2019,11,4.0
V0616,19-Aug-2019,5,3.7
V0616,19-Oct-2019,5,3.5
V0616,20-Jul-2019,9,2.8
V0616,20-May-2019,7,2.6
V0616,21-Jul-2019,21,3.8
V0616,21-Oct-2019,6,4.0
V0616,22-Jul-2019,4,2.9
V0616,22-May-2019,8,1.8
V0616,23-Jul-2019,8,3.7
V0616,24-Jun-2019,10,2.5
V0616,25-Jul-2019,7,1.8
V0616,26-Aug-2019,4,3.7
V0616,26-May-2019,8,3.0
V0616,26-Sep-2019,5,3.4
V0616,27-Jul-2019,15,4.0
V0616,27-May-2019,4,3.1
V0616,27-Oct-2019,2,3.0
V0616,28-Oct-2019,4,2.5
V0616,29-Jul-2019,2,2.5
V0616,30-Jul-2019,4,3.7
V0616,30-Jun-2019,8,2.9
V0616,30-Sep-2019,6,2.2
V0616,31-Aug-2019,2,2.0
V0618,01-Aug-2019,4,2.9
V0618,01-Dec-2019,6,2.9
V0618,01-Jul-2019,13,3.4
V0618,01-Jun-2019,2,2.9
V0618,01-Nov-2019,4,2.1
V0618,01-Sep-2019,17,3.0
V0618,02-Aug-2019,15,4.0
V0618,02-Oct-2019,16,2.2
V0618,03-Aug-2019,4,3.5
V0618,03-Jul-2019,8,3.2
V0618,03-Nov-2019,10,3.6
V0618,03-Oct-2019,7,2.2
V0618,04-Aug-2019,4,4.1
V0618,04-Jul-2019,23,3.3
V0618,04-Nov-2019,34,3.8
V0618,04-Oct-2019,14,2.4
V0618,04-Sep-2019,5,3.6
V0618,05-Aug-2019,22,3.7
V0618,05-Jul-2019,16,2.8
V0618,05-Oct-2019,15,2.7
V0618,05-Sep-2019,2,3.4
V0618,06-Jul-2019,17,2.0
V0618,06-Oct-2019,29,3.6
V0618,06-Sep-2019,22,1.9
V0618,07-Aug-2019,30,2.3
V0618,07-Jul-2019,20,3.4
V0618,07-Jun-2019,8,2.0
V0618,07-Nov-2019,15,4.1
V0618,07-Sep-2019,10,3.9
V0618,08-Aug-2019,13,3.3
V0618,08-Dec-2019,4,3.8
V0618,08-Jun-2019,7,3.9
V0618,08-Nov-2019,4,2.4
V0618,08-Sep-2019,5,3.8
V0618,09-Jun-2019,20,2.3
V0618,09-Nov-2019,2,2.8
V0618,09-Oct-2019,4,3.1
V0618,09-Sep-2019,25,3.5
V0618,10-Aug-2019,2,1.9
V0618,10-Jul-2019,30,2.5
V0618,10-Jun-2019,16,3.3
V0618,10-Nov-2019,14,2.7
V0618,11-Aug-2019,23,3.7
V0618,11-Jul-2019,25,3.4
V0618,11-Oct-2019,16,2.4
V0618,11-Sep-2019,6,2.2
V0618,12-Aug-2019,9,3.3
V0618,12-Dec-2019,4,2.9
V0618,12-Jul-2019,26,2.2
V0618,12-Jun-2019,9,2.6
V0618,12-Oct-2019,6,2.5
V0618,12-Sep-2019,2,2.1
V0618,13-Jul-2019,22,3.1
V0618,13-Jun-2019,12,3.6
V0618,13-Oct-2019,3,3.2
V0618,13-Sep-2019,5,3.8
V0618,14-Aug-2019,24,2.1
V0618,14-Jul-2019,8,2.8
V0618,14-Sep-2019,2,3.3
V0618,15-Aug-2019,2,3.4
V0618,15-Jul-2019,5,3.5
V0618,15-Jun-2019,10,3.5
V0618,15-Sep-2019,21,3.4
V0618,16-Aug-2019,15,2.0
V0618,16-Jun-2019,21,3.5
V0618,16-Nov-2019,11,3.5
V0618,16-Oct-2019,9,4.2
V0618,16-Sep-2019,4,3.5
V0618,17-Aug-2019,8,3.4
V0618,17-Jul-2019,12,3.0
V0618,17-Jun-2019,29,3.9
V0618,17-Nov-2019,2,4.2
V0618,17-Oct-2019,13,3.7
V0618,18-Aug-2019,10,3.3
V0618,18-Jul-2019,17,2.0
V0618,18-May-2019,19,3.5
V0618,18-Oct-2019,15,3.5
V0618,18-Sep-2019,8,3.7
V0618,19-Jul-2019,22,2.1
V0618,19-Jun-2019,6,3.4
V0618,19-May-2019,5,2.5
V0618,19-Oct-2019,9,3.6
V0618,19-Sep-2019,20,2.4
V0618,20-Jul-2019,20,3.4
V0618,20-Jun-2019,10,2.5
V0618,20-May-2019,2,1.8
V0618,20-Oct-2019,13,3.3
V0618,20-Sep-2019,5,2.1
V0618,21-Jun-2019,18,3.4
V0618,21-Sep-2019,26,4.0
V0618,22-Aug-2019,7,4.1
V0618,22-Jun-2019,5,2.4
V0618,22-May-2019,2,3.7
V0618,22-Sep-2019,4,2.6
V0618,23-Aug-2019,15,4.0
V0618,23-Jun-2019,12,3.7
V0618,23-May-2019,3,2.0
V0618,23-Sep-2019,12,2.8
V0618,24-Aug-2019,4,2.6
V0618,24-Jun-2019,22,3.7
V0618,24-May-2019,16,2.8
V0618,24-Nov-2019,20,3.4
V0618,24-Oct-2019,4,3.2
V0618,25-Aug-2019,3,4.1
V0618,25-Oct-2019,7,4.1
V0618,26-Aug-2019,13,2.8
V0618,26-Jun-2019,21,3.5
V0618,26-May-2019,5,3.8
V0618,26-Oct-2019,7,4.0
V0618,26-Sep-2019,8,2.0
V0618,27-Jul-2019,3,2.5
V0618,27-Jun-2019,13,2.6
V0618,27-May-2019,13,2.8
V0618,27-Oct-2019,17,2.2
V0618,27-Sep-2019,11,3.0
V0618,28-Aug-2019,5,3.4
V0618,28-Jul-2019,6,3.0
V0618,28-Jun-2019,24,3.4
V0618,28-Sep-2019,7,2.0
V0618,29-Aug-2019,4,3.9
V0618,29-Jul-2019,4,4.1
V0618,29-Jun-2019,32,3.3
V0618,29-May-2019,2,3.9
V0618,29-Sep-2019,14,2.1
V0618,30-Aug-2019,11,3.7
V0618,30-Jun-2019,26,2.1
V0618,30-May-2019,18,2.8
V0618,30-Oct-2019,5,2.6
V0618,30-Sep-2019,4,3.2
V0618,31-Aug-2019,2,2.5
V0618,31-Jul-2019,10,3.3
V0618,31-May-2019,14,2.7
V0618,31-Oct-2019,3,3.9
V0621,01-Jul-2019,11,3.3
V0621,01-Jun-2019,2,2.3
V0621,01-Nov-2019,1,2.6
V0621,01-Oct-2019,2,3.8
V0621,01-Sep-2019,4,2.7
V0621,02-Jul-2019,2,3.1
V0621,02-Sep-2019,4,3.4
V0621,03-Nov-2019,4,2.6
V0621,03-Oct-2019,2,2.5
V0621,03-Sep-2019,3,2.9
V0621,04-Aug-2019,4,2.3
V0621,04-Nov-2019,4,2.5
V0621,05-Aug-2019,2,1.9
V0621,05-Jul-2019,2,2.5
V0621,05-Nov-2019,7,2.6
V0621,05-Oct-2019,6,4.1
V0621,05-Sep-2019,6,3.2
V0621,06-Aug-2019,4,3.7
V0621,06-Jun-2019,3,1.9
V0621,07-Jul-2019,4,2.1
V0621,07-Nov-2019,5,3.8
V0621,07-Oct-2019,2,3.3
V0621,08-Aug-2019,2,2.3
V0621,08-Jul-2019,3,2.8
V0621,08-Oct-2019,6,3.1
V0621,08-Sep-2019,2,3.8
V0621,09-Aug-2019,2,1.9
V0621,09-Nov-2019,4,3.2
V0621,09-Oct-2019,7,3.5
V0621,09-Sep-2019,4,4.1
V0621,10-Aug-2019,3,3.7
V0621,10-Jun-2019,7,2.5
V0621,10-Sep-2019,4,3.5
V0621,11-Jun-2019,3,3.6
V0621,11-Oct-2019,5,3.6
V0621,12-Aug-2019,6,3.8
V0621,12-Nov-2019,4,4.0
V0621,12-Oct-2019,5,2.0
V0621,13-Aug-2019,9,2.1
V0621,13-Jul-2019,2,3.7
V0621,13-Jun-2019,2,2.4
V0621,13-Sep-2019,3,1.9
V0621,14-Jul-2019,3,2.8
V0621,14-Oct-2019,8,3.8
V0621,14-Sep-2019,5,2.1
V0621,15-Aug-2019,5,3.4
V0621,15-Jul-2019,8,1.8
V0621,15-Oct-2019,2,2.1
V0621,15-Sep-2019,6,2.6
V0621,16-Aug-2019,2,2.0
V0621,16-Jul-2019,9,3.8
V0621,16-Oct-2019,5,3.9
V0621,16-Sep-2019,2,3.6
V0621,17-Jun-2019,5,2.4
V0621,17-Nov-2019,2,3.1
V0621,17-Sep-2019,2,2.2
V0621,18-Aug-2019,5,2.5
V0621,18-Jun-2019,8,3.0
V0621,18-Nov-2019,5,3.6
V0621,18-Oct-2019,5,2.0
V0621,19-Aug-2019,2,2.5
V0621,19-Jul-2019,2,4.0
V0621,19-Oct-2019,2,2.8
V0621,19-Sep-2019,2,4.1
V0621,20-Jul-2019,2,4.2
V0621,20-Oct-2019,2,3.1
V0621,20-Sep-2019,4,2.5
V0621,21-Jul-2019,5,3.7
V0621,21-Jun-2019,4,2.2
V0621,21-May-2019,8,2.4
V0621,22-Oct-2019,8,3.7
V0621,22-Sep-2019,2,2.8
V0621,23-Jun-2019,2,2.3
V0621,23-Sep-2019,7,3.4
V0621,24-Aug-2019,2,3.6
V0621,24-Jul-2019,4,2.1
V0621,24-May-2019,2,2.5
V0621,24-Sep-2019,7,2.3
V0621,25-Jun-2019,4,2.7
V0621,25-May-2019,7,3.6
V0621,26-Aug-2019,10,3.5
V0621,26-Sep-2019,2,3.4
V0621,27-Aug-2019,6,1.8
V0621,27-Jun-2019,2,2.1
V0621,27-May-2019,4,2.3
V0621,28-Jun-2019,2,2.5
V0621,28-Nov-2019,2,2.2
V0621,28-Oct-2019,7,2.8
V0621,29-Jun-2019,2,2.0
V0621,29-Oct-2019,5,3.6
V0621,29-Sep-2019,2,3.7
V0621,30-Aug-2019,3,3.2
V0621,30-Jul-2019,4,2.0
V0621,30-Jun-2019,2,3.9
V0621,30-Sep-2019,7,4.1
V0621,31-Aug-2019,4,2.3
V0621,31-May-2019,5,3.5
V0623,01-Aug-2019,1,3.8
V0623,01-Jul-2019,3,3.1
V0623,01-Jun-2019,7,2.6
V0623,01-Nov-2018,14,2.9
V0623,01-Nov-2019,10,3.0
V0623,01-Oct-2018,7,2.8
V0623,01-Oct-2019,13,4.0
V0623,01-Sep-2018,20,3.6
V0623,01-Sep-2019,4,2.4
V0623,02-Jul-2019,7,3.2
V0623,02-Nov-2018,6,3.5
V0623,02-Nov-2019,2,2.1
V0623,02-Sep-2018,9,2.7
V0623,02-Sep-2019,4,4.0
V0623,03-Aug-2019,5,3.2
V0623,03-Nov-2018,3,2.3
V0623,03-Nov-2019,4,2.1
V0623,03-Oct-2019,14,3.0
V0623,03-Sep-2018,14,3.1
V0623,03-Sep-2019,18,2.6
V0623,04-Aug-2019,6,3.3
V0623,04-Jul-2019,12,2.0
V0623,04-Jun-2019,6,2.1
V0623,04-Nov-2018,2,3.1
V0623,04-Nov-2019,24,1.9
V0623,04-Oct-2018,4,3.9
V0623,04-Oct-2019,12,2.1
V0623,04-Sep-2018,7,3.4
V0623,05-Aug-2019,26,2.7
V0623,05-Jun-2019,12,2.8
V0623,05-Nov-2018,12,3.6
V0623,05-Nov-2019,18,3.0
V0623,05-Oct-2018,12,3.5
V0623,05-Oct-2019,6,3.0
V0623,06-Aug-2019,8,3.2
V0623,06-Jul-2019,15,3.6
V0623,06-Jun-2019,13,3.3
V0623,06-Nov-2018,17,3.3
V0623,06-Oct-2018,10,3.7
V0623,06-Oct-2019,9,4.1
V0623,06-Sep-2018,6,2.7
V0623,06-Sep-2019,4,3.2
V0623,07-Jul-2019,10,2.0
V0623,07-Jun-2019,6,2.7
V0623,07-Nov-2019,17,2.8
V0623,07-Oct-2018,5,3.8
V0623,07-Oct-2019,22,3.0
V0623,07-Sep-2018,6,3.6
V0623,08-Aug-2019,2,1.8
V0623,08-Jul-2019,18,2.9
V0623,08-Jun-2019,10,4.0
V0623,08-Nov-2018,17,2.3
V0623,08-Nov-2019,14,1.9
V0623,08-Oct-2018,14,2.8
V0623,08-Oct-2019,20,3.5
V0623,08-Sep-2018,13,2.9
V0623,08-Sep-2019,10,2.9
V0623,09-Jul-2019,5,3.4
V0623,09-Jun-2019,17,2.4
V0623,09-Oct-2018,16,3.6
V0623,09-Oct-2019,16,2.2
V0623,09-Sep-2019,20,2.7
V0623,10-Aug-2019,12,3.4
V0623,10-Jun-2019,12,3.8
V0623,10-Nov-2018,8,3.7
V0623,10-Nov-2019,5,3.5
V0623,10-Oct-2018,4,2.7
V0623,10-Sep-2018,13,2.1
V0623,10-Sep-2019,8,2.3
V0623,11-Aug-2019,2,3.9
V0623,11-Jul-2019,6,3.9
V0623,11-Nov-2018,4,4.1
V0623,11-Oct-2019,22,2.0
V0623,11-Sep-2018,9,3.1
V0623,12-Aug-2019,29,3.4
V0623,12-Nov-2018,2,3.5
V0623,12-Oct-2018,4,3.3
V0623,12-Oct-2019,12,3.6
V0623,12-Sep-2019,9,2.7
V0623,13-Aug-2019,13,2.2
V0623,13-Jul-2019,7,2.3
V0623,13-Jun-2019,7,1.8
V0623,13-Nov-2018,15,2.6
V0623,13-Oct-2018,5,2.0
V0623,13-Oct-2019,8,2.6
V0623,13-Sep-2018,10,3.3
V0623,14-Jul-2019,3,3.9
V0623,14-Jun-2019,16,3.8
V0623,14-Oct-2018,8,2.4
V0623,14-Oct-2019,13,2.1
V0623,14-Sep-2019,2,2.3
V0623,15-Jul-2019,15,4.1
V0623,15-Jun-2019,6,3.1
V0623,15-Nov-2018,5,2.2
V0623,15-Oct-2018,7,3.8
V0623,15-Oct-2019,15,2.7
V0623,15-Sep-2018,10,4.0
V0623,15-Sep-2019,20,2.4
V0623,16-Aug-2019,6,2.7
V0623,16-Jul-2019,28,3.0
V0623,16-Jun-2019,15,3.9
V0623,16-Oct-2018,13,3.9
V0623,16-Sep-2018,10,3.2
V0623,16-Sep-2019,4,2.3
V0623,17-Jul-2019,15,2.8
V0623,17-Nov-2018,12,4.1
V0623,17-Oct-2019,17,3.3
V0623,17-Sep-2018,20,3.7
V0623,17-Sep-2019,13,2.9
V0623,18-Aug-2019,7,3.1
V0623,18-Jun-2019,13,2.8
V0623,18-May-2019,2,3.5
V0623,18-Nov-2018,24,3.8
V0623,18-Oct-2018,8,3.0
V0623,18-Oct-2019,6,3.0
V0623,18-Sep-2018,11,2.6
V0623,19-Aug-2019,13,2.2
V0623,19-Jul-2019,20,4.1
V0623,19-Oct-2018,3,2.6
V0623,19-Oct-2019,1,3.7
V0623,19-Sep-2019,14,3.5
V0623,20-Aug-2019,7,3.7
V0623,20-Jul-2019,4,4.0
V0623,20-Jun-2019,13,3.3
V0623,20-May-2019,43,4.0
V0623,20-Nov-2018,19,2.2
V0623,20-Oct-2018,12,3.3
V0623,20-Oct-2019,10,3.7
V0623,20-Sep-2018,3,2.5
V0623,20-Sep-2019,5,3.6
V0623,21-Jul-2019,26,3.7
V0623,21-Jun-2019,2,3.8
V0623,21-May-2019,19,2.6
V0623,21-Nov-2018,8,3.4
V0623,21-Oct-2018,6,2.5
V0623,21-Oct-2019,9,3.6
V0623,21-Sep-2018,3,2.9
V0623,22-Aug-2019,22,3.2
V0623,22-Jun-2019,3,2.8
V0623,22-Nov-2018,24,2.2
V0623,22-Oct-2018,4,2.2
V0623,22-Oct-2019,19,2.0
V0623,22-Sep-2018,4,3.3
V0623,22-Sep-2019,11,3.8
V0623,23-Aug-2018,4,1.9
V0623,23-Aug-2019,2,2.0
V0623,23-Jun-2019,3,2.9
V0623,23-May-2019,8,3.6
V0623,23-Oct-2018,20,2.2
V0623,23-Sep-2018,6,2.5
V0623,23-Sep-2019,5,2.4
V0623,24-Aug-2018,10,2.8
V0623,24-Aug-2019,4,2.3
V0623,24-Jun-2019,7,2.6
V0623,24-May-2019,4,3.5
V0623,24-Sep-2018,16,3.3
V0623,24-Sep-2019,14,2.0
V0623,25-Aug-2018,10,3.3
V0623,25-Aug-2019,10,2.9
V0623,25-Jun-2019,6,4.0
V0623,25-May-2019,12,2.5
V0623,25-Nov-2018,2,3.5
V0623,25-Oct-2018,2,3.6
V0623,25-Oct-2019,11,2.3
V0623,25-Sep-2018,19,4.0
V0623,26-Aug-2018,6,3.0
V0623,26-Aug-2019,3,3.4
V0623,26-May-2019,6,2.2
V0623,26-Oct-2018,4,2.4
V0623,26-Oct-2019,1,3.2
V0623,26-Sep-2019,19,2.6
V0623,27-Aug-2018,17,3.0
V0623,27-Aug-2019,10,2.7
V0623,27-Jun-2019,3,3.3
V0623,27-May-2019,5,3.0
V0623,27-Nov-2018,20,1.8
V0623,27-Oct-2018,1,3.4
V0623,27-Oct-2019,9,2.8
V0623,27-Sep-2018,2,2.6
V0623,28-Aug-2018,1,2.0
V0623,28-May-2019,13,2.3
V0623,28-Oct-2018,6,2.3
V0623,28-Oct-2019,6,4.0
V0623,28-Sep-2018,3,2.8
V0623,28-Sep-2019,12,1.9
V0623,29-Aug-2019,11,2.1
V0623,29-Jul-2019,7,2.0
V0623,29-Nov-2018,8,3.2
V0623,29-Oct-2018,14,2.2
V0623,29-Oct-2019,23,3.0
V0623,29-Sep-2018,2,2.7
V0623,29-Sep-2019,4,3.7
V0623,30-Aug-2018,10,2.6
V0623,30-Aug-2019,4,2.9
V0623,30-Jul-2019,1,3.5
V0623,30-Jun-2019,12,2.8
V0623,30-May-2019,8,3.7
V0623,30-Nov-2018,4,3.4
V0623,30-Oct-2018,14,2.8
V0623,30-Sep-2018,5,3.0
V0623,30-Sep-2019,4,4.1
V0623,31-Aug-2018,10,3.4
V0623,31-Aug-2019,5,4.0
V0623,31-Jul-2019,10,2.2
V0623,31-May-2019,15,3.0
V0623,31-Oct-2019,11,4.0
V0626,01-Aug-2019,4,2.6
V0626,01-Jul-2019,38,4.1
V0626,01-Jun-2019,13,2.0
V0626,01-Nov-2019,4,4.0
V0626,01-Oct-2019,6,2.9
V0626,01-Sep-2019,6,2.0
V0626,02-Aug-2019,22,3.9
V0626,02-Dec-2019,30,2.4
V0626,02-Jul-2019,6,1.9
V0626,02-Jun-2019,12,2.1
V0626,02-Nov-2019,15,3.4
V0626,02-Sep-2019,13,4.1
V0626,03-Aug-2019,13,2.1
V0626,03-Jul-2019,12,2.9
V0626,03-Jun-2019,17,2.2
V0626,03-Nov-2019,31,3.6
V0626,03-Oct-2019,21,2.1
V0626,03-Sep-2019,19,2.4
V0626,04-Aug-2019,34,2.3
V0626,04-Jul-2019,3,3.1
V0626,04-Jun-2019,8,3.9
V0626,04-Nov-2019,32,3.0
V0626,04-Oct-2019,19,1.9
V0626,04-Sep-2019,4,3.2
V0626,05-Aug-2019,21,3.7
V0626,05-Jul-2019,35,2.1
V0626,05-Jun-2019,13,2.0
V0626,05-Nov-2019,17,2.3
V0626,05-Oct-2019,13,3.6
V0626,05-Sep-2019,2,3.2
V0626,06-Aug-2019,4,3.1
V0626,06-Dec-2019,4,2.4
V0626,06-Jul-2019,17,2.6
V0626,06-Jun-2019,3,4.1
V0626,06-Oct-2019,28,2.4
V0626,06-Sep-2019,15,4.0
V0626,07-Jul-2019,39,3.2
V0626,07-Jun-2019,11,2.1
V0626,07-Nov-2019,25,2.9
V0626,07-Oct-2019,30,4.1
V0626,07-Sep-2019,14,2.8
V0626,08-Aug-2019,3,3.9
V0626,08-Dec-2019,3,2.4
V0626,08-Jul-2019,17,3.2
V0626,08-Jun-2019,15,3.8
V0626,08-Nov-2019,29,4.0
V0626,08-Oct-2019,25,3.0
V0626,08-Sep-2019,29,3.3
V0626,09-Aug-2019,6,1.8
V0626,09-Jul-2019,8,2.4
V0626,09-Jun-2019,32,2.5
V0626,09-Nov-2019,3,2.0
V0626,09-Sep-2019,19,2.5
V0626,10-Aug-2019,23,2.6
V0626,10-Jul-2019,6,4.1
V0626,10-Jun-2019,15,3.4
V0626,10-Nov-2019,32,2.8
V0626,10-Oct-2019,22,4.2
V0626,10-Sep-2019,15,2.2
V0626,11-Aug-2019,11,2.9
V0626,11-Jul-2019,22,3.4
V0626,11-Jun-2019,3,1.9
V0626,11-Nov-2019,5,3.5
V0626,11-Oct-2019,16,2.0
V0626,11-Sep-2019,8,2.1
V0626,12-Aug-2019,27,2.2
V0626,12-Jul-2019,40,4.0
V0626,12-Jun-2019,20,3.4
V0626,12-Nov-2019,4,3.4
V0626,12-Oct-2019,9,3.1
V0626,12-Sep-2019,2,2.5
V0626,13-Aug-2019,17,3.3
V0626,13-Jul-2019,43,2.8
V0626,13-Jun-2019,14,2.1
V0626,13-Oct-2019,36,3.5
V0626,13-Sep-2019,15,2.1
V0626,14-Aug-2019,2,2.3
V0626,14-Jul-2019,18,3.8
V0626,14-Jun-2019,13,3.4
V0626,14-Nov-2019,2,3.3
V0626,14-Oct-2019,32,2.8
V0626,14-Sep-2019,14,2.8
V0626,15-Aug-2019,8,3.5
V0626,15-Jul-2019,32,3.6
V0626,15-Jun-2019,10,3.0
V0626,15-Oct-2019,9,4.1
V0626,15-Sep-2019,33,4.1
V0626,16-Aug-2019,27,2.8
V0626,16-Dec-2019,6,3.8
V0626,16-Jul-2019,28,3.1
V0626,16-Jun-2019,40,3.0
V0626,16-Nov-2019,12,1.9
V0626,16-Sep-2019,20,3.2
V0626,17-Aug-2019,15,4.0
V0626,17-Jul-2019,5,3.7
V0626,17-Jun-2019,27,3.7
V0626,17-Nov-2019,13,2.2
V0626,17-Oct-2019,23,2.7
V0626,17-Sep-2019,14,2.4
V0626,18-Aug-2019,26,2.6
V0626,18-Jul-2019,20,3.2
V0626,18-Jun-2019,9,2.7
V0626,18-May-2019,12,3.1
V0626,18-Oct-2019,30,2.9
V0626,18-Sep-2019,12,2.5
V0626,19-Aug-2019,33,2.0
V0626,19-Jul-2019,24,3.9
V0626,19-Jun-2019,9,1.8
V0626,19-May-2019,22,1.8
V0626,19-Oct-2019,7,3.8
V0626,19-Sep-2019,17,4.2
V0626,20-Aug-2019,25,3.5
V0626,20-Jul-2019,14,1.8
V0626,20-Jun-2019,8,2.3
V0626,20-May-2019,12,4.1
V0626,20-Oct-2019,32,3.7
V0626,20-Sep-2019,4,3.2
V0626,21-Aug-2019,7,2.4
V0626,21-Jul-2019,12,1.8
V0626,21-Jun-2019,6,1.9
V0626,21-May-2019,20,3.3
V0626,21-Oct-2019,27,1.9
V0626,21-Sep-2019,13,4.2
V0626,22-Aug-2019,7,2.2
V0626,22-May-2019,2,3.5
V0626,22-Oct-2019,10,2.2
V0626,22-Sep-2019,9,3.1
V0626,23-Aug-2019,10,2.0
V0626,23-Jun-2019,31,3.6
V0626,23-May-2019,2,3.2
V0626,23-Sep-2019,19,2.0
V0626,24-Aug-2019,5,3.8
V0626,24-Jun-2019,26,3.1
V0626,24-May-2019,8,4.0
V0626,24-Oct-2019,15,4.0
V0626,25-Aug-2019,12,4.0
V0626,25-Jun-2019,34,2.0
V0626,25-May-2019,5,2.1
V0626,25-Nov-2019,4,4.2
V0626,26-Aug-2019,20,3.0
V0626,26-Jul-2019,15,2.4
V0626,26-Jun-2019,2,3.6
V0626,26-May-2019,17,2.4
V0626,26-Oct-2019,7,3.5
V0626,27-Aug-2019,2,3.8
V0626,27-Jul-2019,3,3.7
V0626,27-Jun-2019,29,2.5
V0626,27-May-2019,17,2.8
V0626,27-Oct-2019,17,2.8
V0626,27-Sep-2019,18,3.0
V0626,28-Aug-2019,2,2.2
V0626,28-Jul-2019,20,2.9
V0626,28-Jun-2019,19,3.0
V0626,28-May-2019,13,3.1
V0626,28-Oct-2019,21,3.8
V0626,28-Sep-2019,7,3.0
V0626,29-Aug-2019,13,2.4
V0626,29-Jul-2019,8,3.4
V0626,29-Jun-2019,5,3.7
V0626,29-May-2019,11,2.6
V0626,29-Oct-2019,4,3.3
V0626,29-Sep-2019,36,2.2
V0626,30-Aug-2019,6,2.6
V0626,30-Jul-2019,10,4.0
V0626,30-Jun-2019,34,4.0
V0626,30-Sep-2019,21,3.2
V0626,31-Aug-2019,17,3.5
V0626,31-Jul-2019,8,3.8
V0626,31-May-2019,3,4.1
V0626,31-Oct-2019,20,3.0
V0629,01-Jun-2019,6,3.1
V0629,02-Jun-2019,2,2.8
V0629,08-Jun-2019,2,2.0
V0629,11-Jul-2019,3,2.8
V0629,14-Jun-2019,3,3.7
V0629,15-Aug-2019,2,3.7
V0629,15-Jul-2019,4,3.9
V0629,16-Jul-2019,4,1.9
V0629,17-Jun-2019,4,3.1
V0629,20-May-2019,4,2.1
V0629,23-Jun-2019,4,2.3
V0629,24-May-2019,2,4.0
V0629,27-Jun-2019,2,3.0
V0629,28-Jun-2019,2,3.6
V0629,28-Oct-2019,5,2.0
V0629,30-Aug-2019,2,2.8
V0629,31-Oct-2019,1,3.4
V0633,01-Dec-2019,35,2.1
V0633,01-Sep-2019,13,2.6
V0633,02-Aug-2019,4,2.0
V0633,02-Sep-2019,4,3.4
V0633,03-Aug-2019,7,4.1
V0633,03-Jul-2019,2,3.8
V0633,03-Nov-2019,22,4.1
V0633,04-Aug-2019,5,3.8
V0633,04-Jul-2019,16,3.9
V0633,04-Nov-2019,9,3.2
V0633,05-Aug-2018,10,3.0
V0633,05-Aug-2019,9,2.8
V0633,06-Aug-2018,10,3.8
V0633,06-Jul-2019,7,2.2
V0633,06-Jun-2019,3,1.9
V0633,06-Oct-2019,40,4.1
V0633,07-Jul-2019,23,1.8
V0633,07-Oct-2019,4,4.1
V0633,08-Aug-2019,9,3.5
V0633,08-Oct-2019,4,2.6
V0633,08-Sep-2019,44,3.5
V0633,09-Aug-2019,14,3.8
V0633,09-Jun-2019,11,2.4
V0633,09-Sep-2019,22,3.7
V0633,10-Aug-2018,2,3.7
V0633,10-Aug-2019,5,2.4
V0633,10-Jun-2019,6,1.9
V0633,10-Nov-2019,10,2.3
V0633,11-Aug-2019,11,2.3
V0633,11-Jul-2019,4,2.0
V0633,11-Nov-2019,28,3.5
V0633,11-Oct-2019,3,2.7
V0633,11-Sep-2019,2,3.9
V0633,12-Jul-2019,22,2.4
V0633,12-Jun-2019,2,2.9
V0633,13-Aug-2018,41,3.3
V0633,13-Jul-2019,4,3.9
V0633,13-Jun-2019,19,3.1
V0633,13-Oct-2019,3,2.7
V0633,14-Aug-2019,14,3.9
V0633,14-Oct-2019,6,2.5
V0633,14-Sep-2019,19,2.0
V0633,15-Nov-2019,7,2.9
V0633,15-Oct-2018,44,3.7
V0633,15-Sep-2019,12,1.9
V0633,16-Aug-2019,4,3.2
V0633,16-Jun-2019,3,3.2
V0633,16-Nov-2019,12,4.0
V0633,16-Oct-2019,4,2.5
V0633,16-Sep-2018,10,2.5
V0633,16-Sep-2019,37,2.9
V0633,17-Aug-2019,9,2.7
V0633,17-Jul-2019,4,3.6
V0633,17-Jun-2019,3,3.3
V0633,17-Nov-2019,43,3.6
V0633,17-Oct-2018,16,3.8
V0633,17-Oct-2019,6,4.0
V0633,18-Aug-2019,18,2.8
V0633,18-Jul-2019,28,4.2
V0633,18-May-2019,7,2.3
V0633,18-Nov-2019,14,3.5
V0633,18-Sep-2019,9,3.1
V0633,19-Jul-2019,16,3.8
V0633,19-Jun-2019,2,2.9
V0633,19-May-2019,11,3.7
V0633,20-Jul-2019,20,4.0
V0633,20-Oct-2019,8,3.6
V0633,20-Sep-2019,2,3.7
V0633,21-Jul-2019,18,2.0
V0633,21-Nov-2019,2,2.3
V0633,23-Jun-2019,26,4.1
V0633,23-Sep-2019,2,3.5
V0633,24-Aug-2019,4,3.1
V0633,24-Jun-2019,10,2.7
V0633,25-Aug-2019,9,1.9
V0633,25-May-2019,4,2.7
V0633,25-Oct-2019,11,3.0
V0633,25-Sep-2019,3,2.3
V0633,26-Aug-2018,2,2.2
V0633,26-Jul-2019,14,3.0
V0633,26-May-2019,12,3.2
V0633,26-Sep-2019,16,2.4
V0633,27-Jul-2019,9,3.2
V0633,27-May-2019,22,4.0
V0633,27-Sep-2019,3,2.9
V0633,28-Jul-2019,7,3.9
V0633,28-Jun-2019,3,4.0
V0633,28-Oct-2019,17,2.0
V0633,29-Aug-2019,3,2.0
V0633,29-Jul-2018,16,2.9
V0633,29-Jul-2019,28,3.2
V0633,29-Jun-2019,18,2.8
V0633,29-May-2019,6,2.6
V0633,29-Oct-2018,9,3.3
V0633,29-Sep-2018,12,1.8
V0633,29-Sep-2019,2,4.1
V0633,30-Aug-2019,6,2.4
V0633,30-Jul-2019,20,4.0
V0633,30-Sep-2019,20,2.1
V0633,31-Aug-2018,7,2.4
V0635,02-Jul-2019,23,2.4
V0635,03-Nov-2019,2,4.2
V0635,04-Aug-2019,8,1.8
V0635,04-Nov-2019,12,3.3
V0635,05-Oct-2019,4,3.9
V0635,07-Aug-2019,5,3.4
V0635,07-Jul-2019,16,2.7
V0635,07-Jun-2019,8,4.1
V0635,08-Oct-2019,2,3.9
V0635,09-Jul-2019,19,2.8
V0635,09-Jun-2019,6,3.2
V0635,10-Nov-2019,11,4.1
V0635,10-Oct-2019,12,4.2
V0635,11-Jun-2019,2,2.9
V0635,12-Jul-2019,24,3.8
V0635,12-Oct-2019,16,2.5
V0635,13-Jul-2019,7,2.7
V0635,14-Jul-2019,3,2.2
V0635,14-Oct-2019,3,2.3
V0635,14-Sep-2019,2,3.4
V0635,15-Aug-2019,2,3.0
V0635,15-Jun-2019,7,2.4
V0635,16-Jun-2019,4,2.8
V0635,16-Sep-2019,31,2.7
V0635,17-Sep-2019,4,4.2
V0635,18-Jul-2019,16,3.8
V0635,18-Nov-2019,9,2.7
V0635,19-Oct-2019,6,4.0
V0635,20-Jul-2019,5,2.6
V0635,20-Oct-2019,6,3.4
V0635,21-Aug-2019,8,4.1
V0635,21-Jul-2019,14,2.7
V0635,22-May-2019,5,3.4
V0635,23-Jun-2019,5,2.5
V0635,24-Jul-2019,10,2.4
V0635,26-Aug-2019,7,3.2
V0635,26-Jun-2019,4,4.2
V0635,30-Jul-2019,2,2.9
V0635,30-Jun-2019,22,4.1
V0638,01-Aug-2019,7,4.0
V0638,01-Dec-2019,6,2.4
V0638,01-Jul-2019,25,2.8
V0638,01-Jun-2019,2,3.3
V0638,01-Nov-2019,6,3.0
V0638,01-Oct-2019,22,2.0
V0638,01-Sep-2019,16,4.2
V0638,02-Aug-2019,4,3.6
V0638,02-Jul-2019,27,2.9
V0638,02-Jun-2019,23,3.3
V0638,02-Oct-2019,10,2.0
V0638,02-Sep-2019,15,3.0
V0638,03-Aug-2019,16,4.0
V0638,03-Jul-2019,67,4.0
V0638,03-Jun-2019,16,2.6
V0638,03-Nov-2019,39,3.1
V0638,03-Oct-2019,13,3.5
V0638,03-Sep-2019,2,2.6
V0638,04-Aug-2019,13,2.0
V0638,04-Jul-2019,20,3.0
V0638,04-Jun-2019,35,3.2
V0638,04-Nov-2019,33,1.8
V0638,04-Oct-2019,17,2.0
V0638,04-Sep-2019,4,2.3
V0638,05-Aug-2019,21,2.6
V0638,05-Jun-2019,19,3.1
V0638,05-Nov-2019,8,2.5
V0638,05-Oct-2019,6,2.5
V0638,05-Sep-2019,7,3.9
V0638,06-Jul-2019,30,2.1
V0638,06-Jun-2019,33,3.0
V0638,06-Nov-2019,9,4.1
V0638,06-Oct-2019,36,3.3
V0638,06-Sep-2019,11,3.5
V0638,07-Aug-2019,9,2.8
V0638,07-Jul-2019,28,1.8
V0638,07-Jun-2019,12,3.4
V0638,07-Oct-2019,15,3.3
V0638,07-Sep-2019,5,2.1
V0638,08-Aug-2019,2,2.9
V0638,08-Jul-2019,38,4.0
V0638,08-Jun-2019,8,2.3
V0638,08-Nov-2019,9,2.9
V0638,08-Oct-2019,15,2.9
V0638,08-Sep-2019,24,3.7
V0638,09-Aug-2019,16,3.8
V0638,09-Jun-2019,14,3.6
V0638,09-Nov-2019,4,2.7
V0638,09-Sep-2019,40,2.0
V0638,10-Jul-2019,21,2.6
V0638,10-Jun-2019,33,3.4
V0638,10-Nov-2019,27,3.5
V0638,10-Oct-2019,6,4.1
V0638,10-Sep-2019,2,2.9
V0638,11-Aug-2019,35,3.3
V0638,11-Jul-2019,22,3.1
V0638,11-Nov-2019,24,2.2
V0638,11-Oct-2019,18,2.9
V0638,11-Sep-2019,7,3.1
V0638,12-Aug-2019,24,4.1
V0638,12-Jul-2019,13,2.7
V0638,12-Nov-2019,4,4.2
V0638,12-Oct-2019,6,3.1
V0638,12-Sep-2019,4,2.4
V0638,13-Jul-2019,40,2.3
V0638,13-Oct-2019,55,2.1
V0638,13-Sep-2019,10,2.9
V0638,14-Jul-2019,35,1.9
V0638,14-Nov-2019,8,2.9
V0638,14-Oct-2019,21,4.2
V0638,14-Sep-2019,9,3.4
V0638,15-Aug-2019,4,3.6
V0638,15-Jul-2019,14,2.1
V0638,15-Jun-2019,12,2.9
V0638,15-Nov-2019,5,2.5
V0638,15-Oct-2019,11,3.9
V0638,15-Sep-2019,32,2.2
V0638,16-Aug-2019,7,2.9
V0638,16-Jun-2019,23,3.2
V0638,16-Nov-2019,4,3.0
V0638,16-Oct-2019,6,3.8
V0638,16-Sep-2019,37,2.4
V0638,17-Aug-2019,27,2.7
V0638,17-Jul-2019,22,3.7
V0638,17-Jun-2019,23,3.1
V0638,17-Nov-2019,23,2.8
V0638,17-Oct-2019,38,1.9
V0638,17-Sep-2019,12,3.6
V0638,18-Aug-2019,29,4.1
V0638,18-Jul-2019,58,3.3
V0638,18-May-2019,23,3.9
V0638,18-Oct-2019,3,3.0
V0638,18-Sep-2019,20,2.4
V0638,19-Aug-2019,42,1.8
V0638,19-Jul-2019,30,3.4
V0638,19-Jun-2019,11,3.0
V0638,19-May-2019,20,3.7
V0638,19-Nov-2019,3,3.5
V0638,19-Oct-2019,17,4.2
V0638,20-Jul-2019,35,3.0
V0638,20-Jun-2019,15,2.8
V0638,20-May-2019,20,2.5
V0638,20-Oct-2019,30,2.9
V0638,20-Sep-2019,4,3.9
V0638,21-Aug-2019,11,1.9
V0638,21-Jul-2019,37,4.1
V0638,21-Jun-2019,4,4.2
V0638,21-Oct-2019,35,3.2
V0638,21-Sep-2019,11,2.6
V0638,22-Jun-2019,9,2.3
V0638,22-May-2019,5,2.5
V0638,22-Nov-2019,4,1.9
V0638,23-Jun-2019,19,2.9
V0638,23-May-2019,2,1.9
V0638,23-Nov-2019,4,3.5
V0638,23-Oct-2019,2,2.7
V0638,23-Sep-2019,18,2.3
V0638,24-Aug-2019,7,3.1
V0638,24-Jun-2019,31,4.1
V0638,24-May-2019,27,3.5
V0638,24-Nov-2019,4,3.0
V0638,24-Sep-2019,7,3.7
V0638,25-Aug-2019,24,3.6
V0638,25-Jun-2019,34,3.9
V0638,25-May-2019,4,2.3
V0638,25-Oct-2019,4,3.9
V0638,25-Sep-2019,17,2.5
V0638,26-Aug-2019,32,4.1
V0638,26-May-2019,4,2.5
V0638,26-Oct-2019,10,4.0
V0638,27-Jul-2019,8,4.1
V0638,27-Jun-2019,30,2.1
V0638,27-May-2019,24,4.1
V0638,27-Oct-2019,16,2.0
V0638,27-Sep-2019,33,2.3
V0638,28-Aug-2019,2,2.9
V0638,28-Jul-2019,8,4.2
V0638,28-Jun-2019,19,3.0
V0638,28-May-2019,4,3.1
V0638,28-Oct-2019,38,3.5
V0638,28-Sep-2019,11,4.1
V0638,29-Aug-2019,2,3.7
V0638,29-Jul-2019,13,2.3
V0638,29-Jun-2019,29,2.5
V0638,29-May-2019,12,2.0
V0638,29-Sep-2019,19,3.3
V0638,30-Aug-2019,8,2.2
V0638,30-Jul-2019,12,2.4
V0638,30-Jun-2019,41,3.9
V0638,30-May-2019,38,2.6
V0638,30-Nov-2019,4,3.2
V0638,30-Oct-2019,3,2.8
V0638,30-Sep-2019,14,2.0
V0638,31-Aug-2019,20,2.7
V0638,31-May-2019,14,2.8
V0638,31-Oct-2019,2,3.9
V0643,01-Aug-2019,2,2.6
V0643,01-Jul-2019,9,2.7
V0643,01-Nov-2019,2,3.7
V0643,01-Sep-2019,15,3.6
V0643,02-Sep-2019,2,3.7
V0643,03-Aug-2019,2,4.1
V0643,03-Jul-2019,4,3.7
V0643,03-Jun-2019,2,2.8
V0643,03-Oct-2019,2,3.8
V0643,04-Aug-2019,20,3.0
V0643,04-Jul-2019,9,2.5
V0643,04-Nov-2019,6,2.5
V0643,04-Oct-2019,2,2.3
V0643,05-Aug-2019,8,2.1
V0643,05-Jul-2019,2,2.2
V0643,05-Oct-2019,5,2.0
V0643,05-Sep-2019,2,3.9
V0643,06-Jul-2019,3,4.0
V0643,06-Jun-2019,2,3.2
V0643,06-Nov-2019,3,3.8
V0643,07-Jul-2019,20,2.2
V0643,07-Oct-2019,8,4.0
V0643,08-Aug-2019,2,3.0
V0643,08-Jul-2019,12,2.0
V0643,08-Jun-2019,4,2.1
V0643,08-Sep-2019,4,2.5
V0643,09-Sep-2019,9,1.9
V0643,10-Jul-2019,6,2.5
V0643,10-Nov-2019,22,1.9
V0643,11-Aug-2019,11,2.4
V0643,11-Jul-2019,7,2.4
V0643,11-Nov-2019,5,4.2
V0643,11-Oct-2019,5,2.4
V0643,12-Aug-2019,7,2.4
V0643,12-Jul-2019,8,3.4
V0643,12-Oct-2019,3,3.9
V0643,12-Sep-2019,2,2.7
V0643,13-Jul-2019,24,3.9
V0643,13-Jun-2019,2,2.6
V0643,13-Oct-2019,6,2.3
V0643,14-Jul-2019,21,2.6
V0643,14-Oct-2019,4,3.3
V0643,15-Aug-2019,2,2.7
V0643,15-Jul-2019,45,3.4
V0643,15-Jun-2019,3,2.4
V0643,15-Sep-2019,9,3.5
V0643,16-Jul-2019,20,2.6
V0643,16-Jun-2019,5,2.9
V0643,16-Oct-2019,4,3.1
V0643,16-Sep-2019,16,3.4
V0643,17-Jul-2019,6,2.4
V0643,17-Jun-2019,2,3.8
V0643,18-Aug-2019,14,3.5
V0643,18-Jul-2019,14,2.4
V0643,18-May-2019,2,4.1
V0643,18-Oct-2019,15,3.4
V0643,19-Aug-2019,7,2.9
V0643,19-Jul-2019,15,2.2
V0643,19-May-2019,7,3.1
V0643,19-Sep-2019,7,2.2
V0643,20-Jul-2019,30,2.8
V0643,20-Jun-2019,3,2.8
V0643,20-May-2019,2,3.5
V0643,20-Oct-2019,18,2.3
V0643,20-Sep-2019,2,3.8
V0643,21-Jun-2019,4,2.6
V0643,21-Oct-2019,11,2.9
V0643,22-Sep-2019,7,3.7
V0643,23-Jun-2019,3,3.3
V0643,23-Sep-2019,9,2.5
V0643,24-Jun-2019,7,2.7
V0643,26-Aug-2019,8,2.5
V0643,26-May-2019,2,3.2
V0643,26-Oct-2019,4,2.6
V0643,26-Sep-2019,2,3.5
V0643,27-Oct-2019,2,3.2
V0643,28-Jun-2019,2,2.1
V0643,28-Oct-2019,4,2.5
V0643,29-Aug-2019,9,2.3
V0643,29-Jul-2019,2,2.7
V0643,29-Jun-2019,2,3.0
V0643,29-Sep-2019,9,3.0
V0643,30-Jun-2019,9,3.6
V0643,30-May-2019,3,2.3
V0643,30-Oct-2019,2,4.1
V0643,30-Sep-2019,12,2.6
V0643,31-Aug-2019,4,2.5
V0643,31-May-2019,2,3.4
V0646,01-Aug-2018,8,3.7
V0646,01-Jul-2019,4,2.7
V0646,02-Jun-2019,2,3.6
V0646,02-Sep-2018,18,3.9
V0646,02-Sep-2019,3,3.6
V0646,03-Nov-2019,4,1.9
V0646,03-Oct-2018,3,3.8
V0646,03-Sep-2018,12,3.7
V0646,04-Aug-2019,17,3.4
V0646,04-Nov-2018,12,3.6
V0646,04-Nov-2019,2,4.2
V0646,04-Oct-2019,3,2.8
V0646,05-Aug-2018,2,2.0
V0646,05-Aug-2019,6,2.9
V0646,05-Jul-2019,5,1.9
V0646,05-Nov-2018,2,2.5
V0646,05-Oct-2019,2,3.2
V0646,05-Sep-2018,3,2.5
V0646,06-Oct-2019,15,3.4
V0646,07-Aug-2019,7,3.8
V0646,07-Jul-2019,8,2.8
V0646,07-Nov-2019,7,4.0
V0646,07-Oct-2018,5,2.0
V0646,07-Oct-2019,9,3.8
V0646,08-Jul-2019,14,3.8
V0646,08-Jun-2019,6,2.6
V0646,08-Oct-2018,18,2.5
V0646,08-Sep-2019,4,2.5
V0646,09-Aug-2018,11,3.7
V0646,09-Jun-2019,8,3.8
V0646,09-Oct-2019,2,2.6
V0646,09-Sep-2018,9,3.2
V0646,10-Aug-2018,6,2.1
V0646,10-Nov-2019,16,2.9
V0646,10-Oct-2018,6,4.2
V0646,10-Sep-2018,2,2.2
V0646,11-Nov-2018,5,4.1
V0646,11-Oct-2018,10,3.8
V0646,11-Oct-2019,2,4.1
V0646,12-Nov-2018,14,2.2
V0646,12-Oct-2018,6,2.3
V0646,13-Jul-2019,20,1.8
V0646,13-Oct-2019,16,3.5
V0646,14-Jul-2019,17,3.3
V0646,14-Oct-2019,2,2.2
V0646,14-Sep-2019,2,3.7
V0646,15-Jul-2019,9,2.5
V0646,15-Nov-2018,6,2.1
V0646,15-Sep-2018,4,2.8
V0646,15-Sep-2019,10,2.0
V0646,16-Aug-2019,4,2.4
V0646,16-Jun-2019,11,2.7
V0646,16-Nov-2018,11,3.8
V0646,16-Sep-2019,7,3.7
V0646,17-Aug-2018,11,2.9
V0646,17-Aug-2019,2,3.5
V0646,17-Jul-2019,10,3.2
V0646,17-Nov-2018,13,2.6
V0646,17-Oct-2018,16,3.5
V0646,17-Oct-2019,4,3.4
V0646,18-Aug-2018,5,3.3
V0646,18-Jul-2019,6,3.3
V0646,19-Aug-2018,20,3.4
V0646,19-Aug-2019,10,2.7
V0646,19-Jul-2019,17,3.9
V0646,19-May-2019,9,2.2
V0646,19-Nov-2018,6,3.9
V0646,19-Oct-2018,10,2.6
V0646,19-Oct-2019,2,2.1
V0646,20-Jul-2019,22,3.2
V0646,20-May-2019,6,2.7
V0646,20-Oct-2019,14,3.8
V0646,21-Jul-2019,5,2.8
V0646,21-Nov-2018,8,3.4
V0646,21-Oct-2018,7,2.5
V0646,21-Oct-2019,4,2.3
V0646,22-Nov-2018,2,2.7
V0646,22-Oct-2018,7,3.3
V0646,22-Sep-2019,9,3.4
V0646,23-May-2019,2,3.2
V0646,23-Sep-2018,8,4.2
V0646,23-Sep-2019,4,3.5
V0646,24-Aug-2018,4,4.0
V0646,24-Oct-2019,4,2.1
V0646,25-Aug-2019,2,1.9
V0646,25-Oct-2019,9,2.5
V0646,26-Aug-2019,5,2.1
V0646,26-Jul-2019,2,3.1
V0646,26-Jun-2019,4,3.0
V0646,26-Nov-2018,5,3.2
V0646,26-Sep-2019,2,3.6
V0646,27-May-2019,2,4.1
V0646,27-Oct-2018,5,3.9
V0646,27-Oct-2019,2,2.1
V0646,27-Sep-2019,13,2.6
V0646,28-Jun-2019,5,2.4
V0646,28-Oct-2018,12,2.2
V0646,28-Oct-2019,2,3.1
V0646,28-Sep-2018,2,3.1
V0646,29-Jul-2018,20,2.3
V0646,29-Jul-2019,5,3.5
V0646,29-May-2019,2,3.6
V0646,29-Sep-2019,14,1.9
V0646,30-Jun-2019,16,2.7
V0646,30-May-2019,2,3.9
V0646,30-Sep-2018,16,3.0
V0646,31-Aug-2018,11,2.6
V0646,31-Aug-2019,4,2.4
V0646,31-Oct-2019,13,2.4
V0647,01-Jul-2019,44,2.0
V0647,01-Oct-2018,20,3.8
V0647,02-Sep-2018,5,2.0
V0647,03-Nov-2018,1,2.5
V0647,04-Oct-2018,11,1.9
V0647,05-Aug-2019,11,3.7
V0647,06-Jul-2019,8,1.9
V0647,06-Oct-2018,1,2.5
V0647,06-Oct-2019,40,3.2
V0647,07-Jul-2019,13,2.8
V0647,07-Oct-2018,15,2.5
V0647,07-Oct-2019,25,2.5
V0647,08-Jul-2019,61,3.7
V0647,08-Jun-2019,1,4.1
V0647,08-Oct-2018,5,2.6
V0647,08-Oct-2019,30,1.9
V0647,08-Sep-2019,14,1.9
V0647,09-Nov-2018,15,3.6
V0647,09-Nov-2019,2,3.1
V0647,10-Jul-2019,35,3.7
V0647,10-Jun-2019,30,3.5
V0647,10-Nov-2019,18,4.0
V0647,10-Sep-2018,3,3.9
V0647,10-Sep-2019,20,3.7
V0647,11-Nov-2018,19,2.9
V0647,11-Nov-2019,21,2.5
V0647,13-Jul-2019,36,3.0
V0647,13-Oct-2018,25,3.0
V0647,13-Oct-2019,35,3.3
V0647,14-Jul-2019,4,2.2
V0647,14-Oct-2018,15,3.4
V0647,14-Oct-2019,12,2.9
V0647,15-Jul-2019,2,3.3
V0647,15-Jun-2019,5,2.4
V0647,15-Oct-2018,22,2.8
V0647,15-Sep-2018,1,2.3
V0647,16-Jun-2019,9,3.9
V0647,16-Sep-2019,22,3.0
V0647,17-Aug-2019,8,2.3
V0647,17-Oct-2019,10,1.9
V0647,18-Jul-2019,25,3.4
V0647,19-Aug-2019,17,2.3
V0647,19-Jul-2019,5,4.2
V0647,19-May-2019,8,3.1
V0647,20-Jul-2019,30,2.5
V0647,20-Oct-2019,4,3.4
V0647,20-Sep-2018,2,2.5
V0647,21-Jul-2019,24,3.8
V0647,21-Oct-2018,5,2.5
V0647,21-Oct-2019,27,4.2
V0647,22-Nov-2018,11,3.3
V0647,23-Jun-2019,15,3.8
V0647,23-Nov-2018,1,2.0
V0647,23-Sep-2019,3,2.6
V0647,24-Jun-2019,42,3.6
V0647,24-May-2019,10,3.4
V0647,25-Aug-2019,45,2.3
V0647,25-Oct-2018,14,2.7
V0647,26-Aug-2018,2,2.4
V0647,26-Aug-2019,24,3.3
V0647,26-Nov-2018,1,2.6
V0647,27-Aug-2018,2,2.5
V0647,27-May-2019,3,2.3
V0647,28-Oct-2018,24,2.8
V0647,28-Oct-2019,9,2.3
V0647,29-Jul-2019,1,4.1
V0647,29-Sep-2019,10,2.2
V0647,30-Aug-2019,17,4.0
V0647,30-Jul-2019,3,2.8
V0647,30-Jun-2019,38,2.7
V0647,30-Sep-2018,1,2.4
V0650,01-Dec-2019,4,3.3
V0650,01-Jul-2019,15,3.4
V0650,01-Nov-2019,4,2.9
V0650,01-Sep-2019,6,1.9
V0650,02-Aug-2019,6,4.0
V0650,02-Jun-2019,16,4.2
V0650,02-Nov-2019,12,2.8
V0650,03-Aug-2019,11,3.3
V0650,03-Jun-2019,6,2.9
V0650,03-Nov-2019,22,2.6
V0650,03-Oct-2019,19,2.0
V0650,04-Aug-2019,17,2.9
V0650,04-Jul-2019,17,3.8
V0650,04-Oct-2019,7,1.8
V0650,04-Sep-2019,20,3.2
V0650,05-Jul-2019,6,3.9
V0650,05-Oct-2019,26,2.3
V0650,06-Jun-2019,5,2.2
V0650,06-Oct-2019,6,3.7
V0650,06-Sep-2019,6,2.4
V0650,07-Aug-2019,3,2.3
V0650,07-Jul-2019,26,2.7
V0650,08-Aug-2019,8,2.7
V0650,08-Jun-2019,3,3.9
V0650,08-Nov-2019,5,3.3
V0650,08-Sep-2019,23,2.8
V0650,09-Aug-2019,8,3.1
V0650,09-Jun-2019,20,4.1
V0650,09-Sep-2019,16,2.1
V0650,10-Aug-2019,26,2.3
V0650,10-Jul-2019,6,4.1
V0650,10-Nov-2019,21,4.1
V0650,11-Aug-2019,16,2.2
V0650,11-Jul-2019,2,2.1
V0650,11-Oct-2019,9,2.8
V0650,11-Sep-2019,5,1.9
V0650,12-Aug-2019,4,3.4
V0650,12-Dec-2019,11,2.0
V0650,12-Jul-2019,24,1.9
V0650,12-Jun-2019,8,3.0
V0650,12-Oct-2019,7,4.1
V0650,12-Sep-2019,8,2.8
V0650,13-Jul-2019,31,2.7
V0650,13-Jun-2019,8,4.2
V0650,13-Oct-2019,10,3.1
V0650,13-Sep-2019,9,2.7
V0650,15-Aug-2019,5,2.7
V0650,15-Jul-2019,10,2.3
V0650,15-Jun-2019,4,3.0
V0650,15-Sep-2019,10,2.9
V0650,16-Aug-2019,9,2.4
V0650,16-Oct-2019,4,2.2
V0650,17-Aug-2019,14,2.5
V0650,17-Jul-2019,40,3.0
V0650,17-Nov-2019,17,1.9
V0650,17-Oct-2019,5,2.2
V0650,18-Aug-2019,23,4.1
V0650,18-Jul-2019,26,3.1
V0650,18-May-2019,29,2.0
V0650,18-Oct-2019,27,3.5
V0650,18-Sep-2019,11,1.9
V0650,19-Aug-2019,15,3.6
V0650,19-Jul-2019,30,3.6
V0650,19-Oct-2019,11,3.4
V0650,19-Sep-2019,12,3.6
V0650,20-Jul-2019,16,2.0
V0650,20-Oct-2019,18,3.5
V0650,20-Sep-2019,12,2.1
V0650,21-Aug-2019,12,2.6
V0650,21-Jul-2019,10,4.1
V0650,21-Jun-2019,8,3.0
V0650,21-Sep-2019,15,4.1
V0650,22-Aug-2019,21,2.0
V0650,22-Jun-2019,15,2.9
V0650,22-Sep-2019,20,1.9
V0650,23-Aug-2019,24,3.3
V0650,23-Jun-2019,21,2.0
V0650,23-May-2019,14,2.2
V0650,23-Oct-2019,21,2.4
V0650,24-Aug-2019,3,3.6
V0650,24-Jun-2019,10,2.2
V0650,24-May-2019,15,3.8
V0650,24-Oct-2019,5,2.1
V0650,25-Aug-2019,23,1.9
V0650,25-Oct-2019,7,2.7
V0650,26-Aug-2019,7,4.2
V0650,26-Oct-2019,4,2.1
V0650,26-Sep-2019,3,2.0
V0650,28-Aug-2019,2,3.6
V0650,28-Jul-2019,4,2.5
V0650,28-Jun-2019,18,3.5
V0650,28-Sep-2019,10,2.3
V0650,29-Aug-2019,5,2.9
V0650,29-Jun-2019,11,2.4
V0650,29-Sep-2019,25,2.9
V0650,30-Aug-2019,6,3.6
V0650,30-Jun-2019,16,3.6
V0650,30-Oct-2019,3,3.0
V0650,31-Aug-2019,8,4.0
V0650,31-Oct-2019,23,2.4
V0651,04-Oct-2019,2,2.4
V0651,14-Jul-2019,4,3.3
V0651,17-Oct-2019,2,3.3
V0651,21-Jul-2019,17,1.9
V0651,21-Sep-2019,4,3.3
V0651,23-Jun-2019,10,2.7
V0651,26-Oct-2019,4,3.6
V0651,30-Jun-2019,6,3.7
V0651,31-Oct-2019,2,3.1
V0652,01-Aug-2019,12,1.8
V0652,01-Jul-2019,24,3.3
V0652,01-Jun-2019,10,3.6
V0652,01-Nov-2019,6,2.4
V0652,01-Oct-2019,9,2.9
V0652,01-Sep-2019,7,4.1
V0652,02-Aug-2019,17,2.5
V0652,02-Jul-2019,4,2.3
V0652,02-Jun-2019,14,2.3
V0652,02-Nov-2019,7,3.1
V0652,02-Sep-2019,11,4.1
V0652,03-Aug-2019,2,3.3
V0652,03-Jun-2019,15,2.5
V0652,03-Nov-2019,5,3.3
V0652,03-Oct-2019,7,3.3
V0652,03-Sep-2019,21,3.2
V0652,04-Jul-2019,4,2.2
V0652,04-Jun-2019,14,3.3
V0652,04-Nov-2019,12,2.8
V0652,04-Oct-2019,12,1.8
V0652,05-Aug-2019,19,3.1
V0652,05-Jul-2019,19,4.2
V0652,05-Nov-2019,14,2.6
V0652,05-Oct-2019,17,4.1
V0652,05-Sep-2019,10,2.0
V0652,06-Aug-2019,9,3.6
V0652,06-Jul-2019,9,2.1
V0652,06-Jun-2019,6,2.5
V0652,06-Oct-2019,6,3.2
V0652,06-Sep-2019,2,3.2
V0652,07-Jul-2019,19,3.7
V0652,07-Jun-2019,12,3.3
V0652,07-Nov-2019,10,3.2
V0652,07-Oct-2019,9,4.0
V0652,07-Sep-2019,9,2.9
V0652,08-Aug-2019,2,2.3
V0652,08-Jul-2019,14,2.2
V0652,08-Jun-2019,4,2.8
V0652,08-Nov-2019,10,3.5
V0652,08-Oct-2019,10,1.9
V0652,08-Sep-2019,6,2.1
V0652,09-Aug-2019,16,2.1
V0652,09-Jul-2019,16,3.2
V0652,09-Jun-2019,10,2.4
V0652,09-Nov-2019,19,2.2
V0652,09-Sep-2019,5,3.2
V0652,10-Aug-2019,5,3.6
V0652,10-Jun-2019,10,2.6
V0652,10-Nov-2019,17,3.2
V0652,10-Oct-2019,16,2.0
V0652,10-Sep-2019,22,4.0
V0652,11-Aug-2019,10,2.6
V0652,11-Jul-2019,3,4.2
V0652,11-Jun-2019,11,4.1
V0652,11-Nov-2019,14,3.7
V0652,11-Oct-2019,16,1.8
V0652,12-Aug-2019,6,3.1
V0652,12-Jul-2019,14,2.0
V0652,12-Nov-2019,21,3.9
V0652,12-Oct-2019,6,3.7
V0652,12-Sep-2019,10,4.1
V0652,13-Aug-2019,14,3.3
V0652,13-Jul-2019,9,3.1
V0652,13-Jun-2019,3,3.0
V0652,13-Oct-2019,9,2.7
V0652,13-Sep-2019,4,2.9
V0652,14-Jul-2019,10,3.3
V0652,14-Oct-2019,19,4.0
V0652,14-Sep-2019,6,3.2
V0652,15-Aug-2019,16,3.9
V0652,15-Jul-2019,15,3.9
V0652,15-Jun-2019,15,3.0
V0652,15-Oct-2019,19,2.6
V0652,15-Sep-2019,20,3.3
V0652,16-Aug-2019,10,2.9
V0652,16-Jul-2019,14,2.0
V0652,16-Jun-2019,6,2.7
V0652,16-Sep-2019,2,4.2
V0652,17-Aug-2019,8,1.9
V0652,17-Jun-2019,16,3.5
V0652,17-Oct-2019,7,3.8
V0652,17-Sep-2019,11,3.4
V0652,18-Aug-2019,10,3.2
V0652,18-Jul-2019,6,3.5
V0652,18-Jun-2019,5,2.8
V0652,18-May-2019,9,2.0
V0652,18-Oct-2019,14,4.1
V0652,19-Jul-2019,20,2.8
V0652,19-May-2019,10,3.4
V0652,19-Oct-2019,22,3.1
V0652,19-Sep-2019,12,1.9
V0652,20-Jun-2019,12,4.1
V0652,20-May-2019,13,3.7
V0652,20-Oct-2019,5,2.2
V0652,20-Sep-2019,14,4.2
V0652,21-Jun-2019,8,3.6
V0652,21-May-2019,3,2.9
V0652,21-Oct-2019,10,3.3
V0652,21-Sep-2019,26,2.1
V0652,22-Aug-2019,3,3.1
V0652,22-Jun-2019,7,2.0
V0652,22-Oct-2019,20,3.1
V0652,22-Sep-2019,17,3.1
V0652,23-Aug-2019,11,3.9
V0652,23-Jun-2019,11,3.5
V0652,23-Sep-2019,5,2.4
V0652,24-Aug-2019,2,3.9
V0652,24-Jun-2019,15,3.2
V0652,24-May-2019,14,3.3
V0652,25-Jun-2019,21,2.2
V0652,25-May-2019,7,3.9
V0652,25-Oct-2019,2,4.0
V0652,26-Aug-2019,11,3.7
V0652,26-May-2019,12,4.1
V0652,26-Oct-2019,21,2.5
V0652,27-Aug-2019,7,3.9
V0652,27-Jul-2019,6,3.0
V0652,27-May-2019,4,2.2
V0652,27-Oct-2019,5,3.4
V0652,27-Sep-2019,12,3.4
V0652,28-Jul-2019,8,2.5
V0652,28-Jun-2019,18,1.9
V0652,28-May-2019,20,2.3
V0652,28-Oct-2019,16,2.8
V0652,28-Sep-2019,17,2.2
V0652,29-Jul-2019,7,2.3
V0652,29-Jun-2019,5,2.7
V0652,29-Oct-2019,4,4.1
V0652,29-Sep-2019,5,3.6
V0652,30-Aug-2019,10,2.6
V0652,30-Jul-2019,14,4.1
V0652,30-Jun-2019,11,3.3
V0652,30-May-2019,2,2.9
V0652,30-Sep-2019,18,2.9
V0652,31-Aug-2019,12,2.8
V0652,31-May-2019,3,2.4
V0652,31-Oct-2019,8,2.7
V0653,01-Aug-2019,1,3.1
V0653,01-Jul-2019,10,3.1
V0653,01-Jun-2019,6,3.6
V0653,01-Oct-2018,12,2.7
V0653,01-Sep-2018,4,3.5
V0653,01-Sep-2019,12,3.2
V0653,02-Aug-2018,4,4.1
V0653,02-Aug-2019,5,2.7
V0653,02-Jun-2019,8,4.0
V0653,02-Nov-2018,5,3.8
V0653,02-Nov-2019,4,3.3
V0653,02-Oct-2019,6,3.4
V0653,03-Aug-2018,6,2.0
V0653,03-Aug-2019,4,4.1
V0653,03-Jul-2019,3,2.1
V0653,03-Jun-2019,3,3.2
V0653,03-Nov-2018,5,2.6
V0653,03-Nov-2019,9,2.8
V0653,03-Oct-2018,11,3.3
V0653,03-Oct-2019,2,4.0
V0653,03-Sep-2018,10,2.9
V0653,04-Aug-2018,3,4.2
V0653,04-Aug-2019,8,3.2
V0653,04-Jul-2019,5,2.2
V0653,04-Oct-2018,7,2.3
V0653,04-Oct-2019,7,3.5
V0653,04-Sep-2019,2,1.9
V0653,05-Aug-2018,9,3.0
V0653,05-Aug-2019,7,2.2
V0653,05-Jul-2019,5,2.8
V0653,05-Jun-2019,8,3.6
V0653,05-Oct-2018,8,2.9
V0653,05-Oct-2019,3,2.2
V0653,05-Sep-2018,4,2.4
V0653,06-Aug-2018,4,2.7
V0653,06-Jun-2019,9,2.0
V0653,06-Nov-2019,22,3.2
V0653,06-Oct-2018,15,3.3
V0653,06-Oct-2019,12,1.9
V0653,06-Sep-2019,3,2.8
V0653,07-Aug-2019,2,2.8
V0653,07-Jul-2019,7,2.6
V0653,07-Jun-2019,6,3.1
V0653,07-Nov-2018,8,2.6
V0653,07-Oct-2019,8,2.8
V0653,07-Sep-2018,12,3.7
V0653,08-Aug-2018,9,2.2
V0653,08-Aug-2019,8,3.3
V0653,08-Jul-2019,38,3.0
V0653,08-Jun-2019,14,2.5
V0653,08-Nov-2019,8,3.5
V0653,08-Oct-2018,17,3.1
V0653,08-Sep-2018,2,2.9
V0653,08-Sep-2019,6,3.4
V0653,09-Aug-2018,4,3.7
V0653,09-Aug-2019,9,4.1
V0653,09-Jun-2019,8,3.3
V0653,09-Nov-2018,11,3.9
V0653,09-Nov-2019,5,1.8
V0653,09-Sep-2018,7,3.1
V0653,09-Sep-2019,12,2.3
V0653,10-Aug-2018,9,2.0
V0653,10-Aug-2019,5,3.1
V0653,10-Jun-2019,4,3.6
V0653,10-Nov-2018,5,2.8
V0653,10-Oct-2019,11,3.4
V0653,10-Sep-2018,7,3.0
V0653,11-Aug-2018,18,2.8
V0653,11-Aug-2019,4,2.5
V0653,11-Jul-2019,3,2.7
V0653,11-Nov-2018,7,2.6
V0653,11-Oct-2018,8,3.4
V0653,11-Sep-2019,4,2.1
V0653,12-Aug-2018,17,2.0
V0653,12-Aug-2019,12,3.4
V0653,12-Jul-2019,9,3.1
V0653,12-Jun-2019,10,2.8
V0653,12-Nov-2018,14,2.2
V0653,12-Oct-2018,6,2.8
V0653,12-Oct-2019,6,3.7
V0653,12-Sep-2018,6,3.9
V0653,12-Sep-2019,3,3.5
V0653,13-Aug-2018,4,1.9
V0653,13-Jul-2019,15,3.4
V0653,13-Jun-2019,8,2.4
V0653,13-Nov-2019,3,2.6
V0653,13-Oct-2018,6,2.3
V0653,13-Oct-2019,4,3.7
V0653,13-Sep-2018,18,3.4
V0653,13-Sep-2019,8,3.3
V0653,14-Aug-2019,11,3.4
V0653,14-Nov-2018,2,2.4
V0653,14-Oct-2018,11,2.9
V0653,14-Oct-2019,6,3.3
V0653,14-Sep-2018,14,3.3
V0653,14-Sep-2019,11,3.7
V0653,15-Aug-2018,5,2.5
V0653,15-Aug-2019,4,3.6
V0653,15-Jul-2019,10,2.9
V0653,15-Jun-2019,4,3.4
V0653,15-Nov-2018,4,2.9
V0653,15-Oct-2018,8,4.1
V0653,15-Sep-2018,12,2.2
V0653,15-Sep-2019,10,3.4
V0653,16-Aug-2018,6,3.2
V0653,16-Aug-2019,2,2.2
V0653,16-Jun-2019,12,2.0
V0653,16-Oct-2019,4,3.7
V0653,16-Sep-2018,4,2.2
V0653,16-Sep-2019,11,2.2
V0653,17-Aug-2018,17,4.1
V0653,17-Aug-2019,3,3.5
V0653,17-Jul-2019,7,2.4
V0653,17-Jun-2019,7,3.2
V0653,17-Nov-2018,9,3.1
V0653,17-Nov-2019,6,3.8
V0653,17-Oct-2018,6,3.6
V0653,17-Oct-2019,8,3.8
V0653,17-Sep-2018,11,2.3
V0653,18-Aug-2018,9,3.3
V0653,18-Aug-2019,10,1.9
V0653,18-Jul-2019,2,2.0
V0653,18-May-2019,3,3.5
V0653,18-Nov-2019,3,1.9
V0653,18-Oct-2018,10,3.2
V0653,18-Sep-2019,4,3.8
V0653,19-Aug-2018,6,2.7
V0653,19-Aug-2019,11,1.9
V0653,19-Jul-2019,8,3.5
V0653,19-Jun-2019,8,4.0
V0653,19-May-2019,1,3.5
V0653,19-Nov-2018,2,3.2
V0653,19-Oct-2018,8,2.4
V0653,19-Sep-2018,8,1.8
V0653,20-Aug-2018,4,3.5
V0653,20-Jun-2019,5,2.4
V0653,20-May-2019,6,3.9
V0653,20-Oct-2018,14,2.9
V0653,20-Oct-2019,13,3.1
V0653,20-Sep-2018,2,3.6
V0653,20-Sep-2019,7,3.7
V0653,21-Aug-2019,9,3.3
V0653,21-Jun-2019,8,4.1
V0653,21-Nov-2018,4,4.2
V0653,21-Oct-2018,6,4.1
V0653,21-Oct-2019,3,3.8
V0653,21-Sep-2019,4,3.5
V0653,22-Aug-2018,2,3.4
V0653,22-Aug-2019,2,2.0
V0653,22-Jun-2019,10,2.5
V0653,22-May-2019,4,1.8
V0653,22-Nov-2018,4,2.1
V0653,22-Oct-2018,3,2.9
V0653,22-Sep-2018,7,2.2
V0653,22-Sep-2019,16,4.0
V0653,23-Aug-2018,4,3.7
V0653,23-Aug-2019,9,2.0
V0653,23-Jun-2019,18,2.4
V0653,23-Sep-2018,13,3.8
V0653,23-Sep-2019,8,3.7
V0653,24-Aug-2018,8,4.1
V0653,24-Aug-2019,3,4.2
V0653,24-Jun-2019,10,4.1
V0653,24-May-2019,4,2.8
V0653,24-Sep-2018,11,2.4
V0653,25-Aug-2018,2,3.6
V0653,25-Aug-2019,4,2.5
V0653,25-Sep-2019,6,3.7
V0653,26-Aug-2018,8,3.1
V0653,26-Aug-2019,3,3.7
V0653,26-Jul-2018,1,2.5
V0653,26-Jun-2019,12,3.0
V0653,26-May-2019,12,3.2
V0653,26-Nov-2018,4,4.1
V0653,26-Sep-2018,2,2.4
V0653,26-Sep-2019,6,4.0
V0653,27-Aug-2018,9,3.7
V0653,27-Jul-2019,5,3.6
V0653,27-Jun-2019,2,3.7
V0653,27-May-2019,10,3.3
V0653,27-Sep-2018,11,2.4
V0653,27-Sep-2019,2,2.3
V0653,28-Jul-2019,4,3.9
V0653,28-Jun-2019,6,3.5
V0653,28-Nov-2018,5,2.3
V0653,28-Sep-2018,6,3.3
V0653,29-Aug-2019,2,2.9
V0653,29-Jul-2018,5,2.2
V0653,29-Jun-2019,14,3.1
V0653,29-May-2019,5,2.5
V0653,29-Nov-2018,7,2.0
V0653,29-Oct-2018,14,2.9
V0653,29-Sep-2018,9,3.2
V0653,29-Sep-2019,7,1.9
V0653,30-Aug-2018,2,2.8
V0653,30-Aug-2019,11,2.4
V0653,30-Jul-2018,4,1.9
V0653,30-Jun-2019,11,2.1
V0653,30-May-2019,4,2.1
V0653,30-Sep-2018,8,2.2
V0653,30-Sep-2019,2,3.7
V0653,31-Aug-2018,5,2.9
V0653,31-Aug-2019,4,2.2
V0653,31-May-2019,5,2.0
V0660,01-Jul-2019,27,2.5
V0660,01-Jun-2019,25,3.7
V0660,01-Nov-2019,2,2.7
V0660,01-Sep-2019,13,2.2
V0660,02-Aug-2019,20,2.8
V0660,02-Jul-2019,7,3.1
V0660,02-Nov-2019,7,1.9
V0660,02-Oct-2019,15,3.3
V0660,02-Sep-2019,5,2.7
V0660,03-Aug-2019,13,1.8
V0660,03-Jul-2019,4,3.4
V0660,03-Jun-2019,11,3.5
V0660,03-Oct-2019,6,3.3
V0660,04-Aug-2019,13,2.6
V0660,04-Jul-2019,6,3.1
V0660,04-Jun-2019,4,2.7
V0660,04-Nov-2019,10,3.5
V0660,04-Oct-2019,26,3.2
V0660,04-Sep-2019,3,2.0
V0660,05-Aug-2019,12,3.3
V0660,05-Jul-2019,8,3.4
V0660,05-Jun-2019,12,2.7
V0660,05-Oct-2019,5,3.9
V0660,05-Sep-2019,4,3.8
V0660,06-Nov-2019,3,2.2
V0660,06-Oct-2019,16,4.0
V0660,06-Sep-2019,12,2.9
V0660,07-Jul-2019,40,3.5
V0660,07-Oct-2019,23,3.8
V0660,07-Sep-2019,29,3.0
V0660,08-Aug-2019,12,2.8
V0660,08-Jul-2019,20,4.0
V0660,08-Nov-2019,2,2.4
V0660,08-Sep-2019,11,2.4
V0660,09-Jul-2019,11,2.7
V0660,09-Oct-2019,8,3.9
V0660,09-Sep-2019,17,4.1
V0660,10-Jun-2019,7,2.3
V0660,10-Nov-2019,24,3.9
V0660,11-Aug-2019,32,2.4
V0660,11-Jul-2019,22,4.1
V0660,11-Nov-2019,58,3.2
V0660,11-Oct-2019,20,1.8
V0660,11-Sep-2019,4,1.9
V0660,12-Aug-2019,32,2.2
V0660,12-Jul-2019,7,2.3
V0660,12-Jun-2019,6,3.6
V0660,12-Oct-2019,13,2.3
V0660,13-Aug-2019,4,4.1
V0660,13-Jul-2019,35,3.3
V0660,13-Jun-2019,20,3.5
V0660,13-Oct-2019,7,2.3
V0660,14-Jul-2019,4,3.9
V0660,14-Jun-2019,4,3.4
V0660,14-Oct-2019,19,3.9
V0660,14-Sep-2019,13,4.1
V0660,15-Aug-2019,16,2.1
V0660,15-Jul-2019,2,2.0
V0660,15-Nov-2019,15,3.7
V0660,15-Sep-2019,6,3.9
V0660,16-Aug-2019,11,3.2
V0660,16-Jul-2019,2,2.7
V0660,16-Jun-2019,10,3.4
V0660,16-Nov-2019,26,2.5
V0660,16-Sep-2019,22,2.4
V0660,17-Aug-2019,14,3.0
V0660,17-Nov-2019,9,2.3
V0660,17-Sep-2019,3,3.0
V0660,18-Aug-2019,2,4.1
V0660,18-Jul-2019,5,3.8
V0660,18-Jun-2019,4,4.1
V0660,18-May-2019,23,3.7
V0660,18-Nov-2019,4,2.7
V0660,18-Oct-2019,29,3.7
V0660,19-Jul-2019,26,4.0
V0660,19-Oct-2019,15,4.1
V0660,19-Sep-2019,14,3.4
V0660,20-Aug-2019,7,2.3
V0660,20-Jul-2019,4,1.9
V0660,20-May-2019,18,2.2
V0660,20-Oct-2019,9,4.1
V0660,21-Aug-2019,7,2.9
V0660,21-Jul-2019,4,3.9
V0660,21-Jun-2019,5,2.9
V0660,21-Oct-2019,9,3.4
V0660,22-Aug-2019,5,1.9
V0660,22-Jun-2019,6,2.4
V0660,22-Nov-2019,7,2.8
V0660,22-Sep-2019,13,3.3
V0660,23-May-2019,17,2.2
V0660,23-Oct-2019,14,3.6
V0660,23-Sep-2019,30,2.7
V0660,24-Aug-2019,10,3.8
V0660,24-Jul-2019,5,2.0
V0660,24-Jun-2019,31,3.4
V0660,24-May-2019,26,2.5
V0660,24-Oct-2019,19,3.7
V0660,25-Aug-2019,8,2.8
V0660,25-Jul-2019,5,3.4
V0660,25-Jun-2019,2,4.0
V0660,25-May-2019,19,1.8
V0660,25-Oct-2019,6,1.8
V0660,26-Aug-2019,7,3.6
V0660,26-Jun-2019,24,3.4
V0660,26-May-2019,7,2.5
V0660,26-Sep-2019,5,3.0
V0660,27-Jul-2019,24,1.9
V0660,27-Jun-2019,10,2.3
V0660,27-May-2019,2,2.8
V0660,27-Sep-2019,10,3.8
V0660,28-Aug-2019,18,3.0
V0660,28-Jul-2019,26,3.2
V0660,28-Jun-2019,22,3.9
V0660,28-Sep-2019,22,2.5
V0660,29-Aug-2019,8,3.5
V0660,29-Jul-2019,16,3.9
V0660,29-Jun-2019,12,2.3
V0660,29-May-2019,34,2.7
V0660,29-Oct-2019,1,4.2
V0660,30-Jul-2019,8,4.2
V0660,30-Jun-2019,31,2.3
V0660,30-Sep-2019,28,2.0
V0660,31-Aug-2019,14,2.5
V0660,31-May-2019,11,2.8
V0666,08-Jul-2019,16,2.9
V0666,09-Sep-2019,25,3.3
V0666,15-Jun-2019,14,4.0
V0666,26-Dec-2018,2,2.6
V0666,27-Jun-2019,4,3.8
V0669,01-Nov-2019,7,2.0
V0669,02-Nov-2019,5,1.9
V0669,02-Oct-2019,8,3.0
V0669,03-Nov-2019,20,1.9
V0669,04-Nov-2019,15,2.7
V0669,05-Nov-2019,15,4.0
V0669,06-Oct-2019,41,2.4
V0669,07-Oct-2019,13,3.5
V0669,08-Dec-2019,2,2.5
V0669,08-Oct-2019,3,1.9
V0669,09-Nov-2019,6,3.1
V0669,09-Oct-2019,4,3.8
V0669,10-Nov-2019,13,2.8
V0669,11-Nov-2019,11,3.3
V0669,11-Oct-2019,2,4.0
V0669,13-Oct-2019,24,3.7
V0669,14-Oct-2019,36,2.3
V0669,16-Nov-2019,20,3.6
V0669,16-Oct-2019,16,3.0
V0669,17-Nov-2019,20,3.6
V0669,17-Oct-2019,13,3.0
V0669,20-Oct-2019,23,2.1
V0669,21-Oct-2019,12,3.2
V0669,22-Sep-2019,7,3.0
V0669,23-Sep-2019,34,3.0
V0669,25-Oct-2019,4,3.9
V0669,27-Oct-2019,25,3.9
V0669,29-Sep-2019,10,2.9
V0669,30-Sep-2019,28,2.9
V0669,31-Oct-2019,2,3.0
V0671,12-Oct-2019,1,3.0
V0672,01-Jul-2019,11,4.1
V0672,01-Jun-2019,2,3.4
V0672,01-Oct-2019,6,2.5
V0672,01-Sep-2019,11,3.1
V0672,02-Jul-2019,9,3.3
V0672,02-Jun-2019,4,3.3
V0672,02-Oct-2019,9,3.2
V0672,02-Sep-2019,5,2.2
V0672,03-Aug-2019,6,1.9
V0672,03-Jul-2019,4,2.6
V0672,03-Jun-2019,22,2.8
V0672,03-Nov-2019,14,1.9
V0672,03-Oct-2019,8,3.8
V0672,04-Aug-2019,2,2.6
V0672,04-Jul-2019,6,4.0
V0672,04-Jun-2019,5,2.2
V0672,04-Nov-2019,13,1.9
V0672,04-Oct-2019,4,3.0
V0672,05-Aug-2019,18,2.3
V0672,05-Jul-2019,20,4.0
V0672,05-Jun-2019,4,1.8
V0672,05-Oct-2019,3,2.8
V0672,05-Sep-2019,2,4.0
V0672,06-Aug-2019,2,2.7
V0672,06-Jul-2019,4,2.0
V0672,06-Jun-2019,2,2.5
V0672,06-Oct-2019,18,3.0
V0672,06-Sep-2019,8,2.2
V0672,07-Aug-2019,4,2.9
V0672,07-Jul-2019,17,3.8
V0672,07-Jun-2019,13,3.9
V0672,07-Nov-2019,3,1.9
V0672,07-Oct-2019,2,2.2
V0672,07-Sep-2019,2,2.5
V0672,08-Jul-2019,21,3.2
V0672,08-Jun-2019,10,2.7
V0672,08-Nov-2019,4,3.8
V0672,08-Oct-2019,4,3.5
V0672,08-Sep-2019,15,2.0
V0672,09-Aug-2019,4,3.3
V0672,09-Jul-2019,8,2.1
V0672,09-Jun-2019,11,2.4
V0672,09-Nov-2019,6,2.2
V0672,09-Oct-2019,2,2.2
V0672,09-Sep-2019,2,3.3
V0672,10-Aug-2019,6,3.2
V0672,10-Jul-2019,4,2.2
V0672,10-Jun-2019,13,4.2
V0672,10-Nov-2019,11,2.8
V0672,10-Oct-2019,7,2.0
V0672,10-Sep-2019,11,2.1
V0672,11-Aug-2019,27,3.2
V0672,11-Jul-2019,12,4.1
V0672,11-Jun-2019,6,3.2
V0672,11-Nov-2019,2,4.1
V0672,11-Oct-2019,2,2.9
V0672,11-Sep-2019,2,2.8
V0672,12-Aug-2019,18,3.0
V0672,12-Jul-2019,13,3.5
V0672,12-Jun-2019,2,2.7
V0672,12-Nov-2019,3,3.9
V0672,12-Sep-2019,7,1.9
V0672,13-Jul-2019,27,2.9
V0672,13-Jun-2019,21,3.0
V0672,13-Oct-2019,16,3.3
V0672,13-Sep-2019,6,2.5
V0672,14-Aug-2019,5,2.8
V0672,14-Jul-2019,10,3.0
V0672,14-Jun-2019,7,3.4
V0672,14-Oct-2019,13,3.7
V0672,14-Sep-2019,6,3.6
V0672,15-Aug-2019,5,2.6
V0672,15-Jul-2019,14,4.2
V0672,15-Nov-2019,2,3.8
V0672,15-Oct-2019,21,2.4
V0672,15-Sep-2019,19,2.3
V0672,16-Aug-2019,4,2.6
V0672,16-Jul-2019,7,2.9
V0672,16-Jun-2019,2,3.8
V0672,16-Oct-2019,6,3.7
V0672,16-Sep-2019,14,3.8
V0672,17-Jul-2019,16,2.5
V0672,17-Jun-2019,14,3.2
V0672,17-Oct-2019,16,2.5
V0672,17-Sep-2019,7,2.1
V0672,18-Aug-2019,14,3.4
V0672,18-Jul-2019,19,2.1
V0672,18-Jun-2019,2,3.4
V0672,18-May-2019,2,3.4
V0672,18-Oct-2019,2,3.7
V0672,18-Sep-2019,10,2.1
V0672,19-Aug-2019,21,3.7
V0672,19-Jul-2019,2,4.2
V0672,19-Jun-2019,2,3.8
V0672,19-May-2019,18,3.6
V0672,19-Nov-2019,7,3.4
V0672,19-Oct-2019,2,2.8
V0672,20-Jul-2019,20,3.6
V0672,20-Jun-2019,4,3.5
V0672,20-May-2019,8,3.3
V0672,20-Oct-2019,13,3.7
V0672,20-Sep-2019,15,2.9
V0672,21-Aug-2019,2,2.1
V0672,21-Jul-2019,15,3.1
V0672,21-Jun-2019,16,2.4
V0672,21-May-2019,10,2.7
V0672,21-Sep-2019,2,1.8
V0672,22-Aug-2019,3,2.7
V0672,22-Jun-2019,5,3.7
V0672,22-May-2019,2,3.1
V0672,22-Nov-2019,7,1.8
V0672,22-Sep-2019,10,2.9
V0672,23-Jun-2019,23,2.5
V0672,23-Nov-2019,2,2.9
V0672,23-Oct-2019,5,2.8
V0672,23-Sep-2019,10,4.0
V0672,24-Aug-2019,9,1.9
V0672,24-Jun-2019,8,3.4
V0672,24-May-2019,16,3.8
V0672,24-Sep-2019,15,4.1
V0672,25-Aug-2019,10,2.2
V0672,25-Jun-2019,2,3.1
V0672,25-May-2019,9,1.9
V0672,25-Oct-2019,2,3.0
V0672,26-Aug-2019,16,2.1
V0672,26-Jun-2019,2,3.8
V0672,26-May-2019,12,2.1
V0672,26-Oct-2019,4,3.0
V0672,27-Aug-2019,2,3.1
V0672,27-Jul-2019,7,4.1
V0672,27-Jun-2019,4,3.4
V0672,27-May-2019,2,2.5
V0672,27-Sep-2019,3,2.4
V0672,28-Jul-2019,9,2.1
V0672,28-Jun-2019,6,3.6
V0672,28-Oct-2019,15,3.5
V0672,29-Aug-2019,6,3.3
V0672,29-Jul-2019,4,1.9
V0672,29-May-2019,3,3.6
V0672,29-Sep-2019,9,3.3
V0672,30-Jul-2019,5,4.1
V0672,30-Jun-2019,13,3.2
V0672,30-May-2019,11,2.5
V0672,30-Sep-2019,12,2.7
V0672,31-Aug-2019,23,2.2
V0672,31-May-2019,2,3.5
V0676,09-Nov-2019,2,3.5
V0678,01-Aug-2019,29,2.3
V0678,01-Jul-2019,68,2.2
V0678,01-Jun-2019,36,2.0
V0678,01-Nov-2019,26,4.0
V0678,01-Oct-2019,57,2.4
V0678,01-Sep-2019,47,2.6
V0678,02-Aug-2019,36,2.5
V0678,02-Dec-2019,15,2.8
V0678,02-Jul-2019,70,3.5
V0678,02-Jun-2019,47,3.9
V0678,02-Nov-2019,20,2.2
V0678,02-Oct-2019,62,3.4
V0678,02-Sep-2019,58,2.6
V0678,03-Aug-2019,23,4.2
V0678,03-Jul-2019,27,2.5
V0678,03-Jun-2019,53,1.8
V0678,03-Nov-2019,44,3.0
V0678,03-Oct-2019,29,2.2
V0678,03-Sep-2019,31,1.9
V0678,04-Aug-2019,39,3.5
V0678,04-Dec-2019,10,3.6
V0678,04-Jul-2019,21,2.9
V0678,04-Jun-2019,43,3.4
V0678,04-Nov-2019,44,3.1
V0678,04-Oct-2019,51,3.3
V0678,04-Sep-2019,45,3.2
V0678,05-Aug-2019,50,3.4
V0678,05-Jul-2019,52,2.3
V0678,05-Jun-2019,33,2.4
V0678,05-Nov-2019,50,2.9
V0678,05-Oct-2019,27,2.9
V0678,05-Sep-2019,45,3.7
V0678,06-Aug-2019,22,2.7
V0678,06-Jul-2019,38,2.2
V0678,06-Jun-2019,33,2.4
V0678,06-Nov-2019,27,2.3
V0678,06-Oct-2019,61,3.6
V0678,06-Sep-2019,44,2.9
V0678,07-Aug-2019,32,3.5
V0678,07-Jul-2019,50,2.8
V0678,07-Jun-2019,21,3.9
V0678,07-Nov-2019,19,4.2
V0678,07-Oct-2019,33,3.4
V0678,07-Sep-2019,30,3.9
V0678,08-Aug-2019,37,3.0
V0678,08-Jul-2019,65,4.0
V0678,08-Jun-2019,20,3.8
V0678,08-Nov-2019,32,4.2
V0678,08-Oct-2019,74,3.3
V0678,08-Sep-2019,39,3.7
V0678,09-Aug-2019,40,3.1
V0678,09-Jul-2019,76,2.4
V0678,09-Jun-2019,32,2.7
V0678,09-Nov-2019,16,3.9
V0678,09-Oct-2019,35,1.9
V0678,09-Sep-2019,42,3.2
V0678,10-Aug-2019,12,2.7
V0678,10-Jul-2019,45,2.7
V0678,10-Jun-2019,32,3.9
V0678,10-Nov-2019,42,3.8
V0678,10-Oct-2019,28,3.2
V0678,10-Sep-2019,42,2.5
V0678,11-Aug-2019,43,2.9
V0678,11-Jul-2019,17,2.8
V0678,11-Jun-2019,34,2.6
V0678,11-Nov-2019,38,2.0
V0678,11-Oct-2019,48,3.1
V0678,11-Sep-2019,36,2.5
V0678,12-Aug-2019,47,3.4
V0678,12-Jul-2019,66,2.6
V0678,12-Jun-2019,10,2.8
V0678,12-Nov-2019,4,1.9
V0678,12-Oct-2019,42,4.2
V0678,12-Sep-2019,25,3.0
V0678,13-Aug-2019,22,1.9
V0678,13-Jul-2019,65,3.1
V0678,13-Jun-2019,13,3.9
V0678,13-Nov-2019,10,3.7
V0678,13-Oct-2019,57,3.5
V0678,13-Sep-2019,51,2.1
V0678,14-Aug-2019,18,3.4
V0678,14-Jul-2019,71,3.6
V0678,14-Jun-2019,26,3.2
V0678,14-Nov-2019,21,3.9
V0678,14-Oct-2019,51,2.5
V0678,14-Sep-2019,37,2.4
V0678,15-Aug-2019,26,3.9
V0678,15-Jul-2019,52,3.3
V0678,15-Jun-2019,16,1.8
V0678,15-Nov-2019,7,2.6
V0678,15-Oct-2019,57,3.9
V0678,15-Sep-2019,68,1.9
V0678,16-Aug-2019,36,1.8
V0678,16-Jul-2019,33,2.5
V0678,16-Jun-2019,23,4.0
V0678,16-Nov-2019,14,4.0
V0678,16-Oct-2019,36,3.0
V0678,16-Sep-2019,60,3.1
V0678,17-Aug-2019,23,2.6
V0678,17-Jul-2019,44,2.4
V0678,17-Jun-2019,47,3.8
V0678,17-Nov-2019,12,2.1
V0678,17-Oct-2019,35,3.0
V0678,17-Sep-2019,37,3.3
V0678,18-Aug-2019,68,2.0
V0678,18-Jul-2019,48,3.0
V0678,18-Jun-2019,17,3.2
V0678,18-May-2019,37,3.6
V0678,18-Nov-2019,12,2.4
V0678,18-Oct-2019,53,2.5
V0678,18-Sep-2019,25,3.2
V0678,19-Aug-2019,33,4.2
V0678,19-Jul-2019,63,2.3
V0678,19-Jun-2019,33,4.2
V0678,19-May-2019,24,3.5
V0678,19-Nov-2019,16,3.8
V0678,19-Oct-2019,66,2.0
V0678,19-Sep-2019,37,2.5
V0678,20-Aug-2019,33,1.9
V0678,20-Jul-2019,54,2.7
V0678,20-Jun-2019,27,4.2
V0678,20-May-2019,42,2.1
V0678,20-Nov-2019,10,3.1
V0678,20-Oct-2019,37,1.8
V0678,20-Sep-2019,37,3.5
V0678,21-Aug-2019,34,2.3
V0678,21-Jul-2019,59,2.1
V0678,21-Jun-2019,27,2.6
V0678,21-May-2019,21,3.7
V0678,21-Oct-2019,32,2.1
V0678,21-Sep-2019,39,2.4
V0678,22-Aug-2019,31,1.8
V0678,22-Jun-2019,22,4.1
V0678,22-May-2019,21,3.2
V0678,22-Nov-2019,10,3.5
V0678,22-Oct-2019,7,3.4
V0678,22-Sep-2019,52,2.1
V0678,23-Aug-2019,61,3.2
V0678,23-Jun-2019,54,2.1
V0678,23-May-2019,28,2.8
V0678,23-Oct-2019,17,3.2
V0678,23-Sep-2019,44,3.1
V0678,24-Aug-2019,26,2.1
V0678,24-Jul-2019,35,1.9
V0678,24-Jun-2019,44,3.7
V0678,24-May-2019,32,3.5
V0678,24-Nov-2019,2,2.0
V0678,24-Oct-2019,11,2.1
V0678,24-Sep-2019,32,3.9
V0678,25-Aug-2019,42,3.6
V0678,25-Jul-2019,23,4.2
V0678,25-Jun-2019,39,2.4
V0678,25-May-2019,24,3.0
V0678,25-Oct-2019,26,2.4
V0678,25-Sep-2019,35,3.3
V0678,26-Aug-2019,50,2.1
V0678,26-Jul-2019,30,2.1
V0678,26-Jun-2019,33,2.0
V0678,26-May-2019,31,3.5
V0678,26-Oct-2019,53,3.0
V0678,26-Sep-2019,8,3.3
V0678,27-Aug-2019,41,3.9
V0678,27-Jul-2019,45,3.6
V0678,27-Jun-2019,36,2.9
V0678,27-May-2019,36,4.2
V0678,27-Oct-2019,12,2.9
V0678,27-Sep-2019,29,2.1
V0678,28-Aug-2019,33,4.2
V0678,28-Jul-2019,39,1.9
V0678,28-Jun-2019,18,3.1
V0678,28-May-2019,33,2.5
V0678,28-Oct-2019,48,3.0
V0678,28-Sep-2019,40,3.1
V0678,29-Aug-2019,52,2.4
V0678,29-Jul-2019,36,3.1
V0678,29-Jun-2019,27,3.6
V0678,29-May-2019,16,2.4
V0678,29-Oct-2019,21,2.7
V0678,29-Sep-2019,50,2.4
V0678,30-Aug-2019,51,3.8
V0678,30-Jul-2019,40,3.5
V0678,30-Jun-2019,54,3.9
V0678,30-May-2019,27,2.2
V0678,30-Oct-2019,10,2.0
V0678,30-Sep-2019,52,2.1
V0678,31-Aug-2019,64,2.2
V0678,31-Jul-2019,15,3.1
V0678,31-May-2019,24,4.1
V0678,31-Oct-2019,9,2.7
V0679,01-Jul-2019,11,4.1
V0679,01-Sep-2019,5,1.9
V0679,02-Jul-2019,4,4.0
V0679,02-Sep-2019,15,2.2
V0679,03-Jul-2019,6,4.0
V0679,03-Nov-2019,5,1.9
V0679,04-Nov-2019,17,4.1
V0679,05-Aug-2019,33,2.3
V0679,05-Jul-2019,6,2.5
V0679,05-Oct-2019,2,3.0
V0679,06-Jun-2019,15,2.7
V0679,07-Jul-2019,12,3.4
V0679,07-Oct-2019,44,4.1
V0679,07-Sep-2019,12,3.3
V0679,08-Jul-2019,27,3.5
V0679,08-Nov-2019,6,2.0
V0679,08-Oct-2019,43,3.3
V0679,08-Sep-2019,45,2.9
V0679,09-Jul-2019,6,3.9
V0679,09-Nov-2019,3,2.7
V0679,09-Oct-2019,2,3.4
V0679,09-Sep-2019,16,2.3
V0679,10-Jun-2019,17,2.4
V0679,10-Nov-2019,30,2.7
V0679,10-Sep-2019,8,2.5
V0679,11-Nov-2019,29,2.4
V0679,11-Oct-2019,3,1.9
V0679,11-Sep-2019,5,3.8
V0679,12-Aug-2019,10,2.0
V0679,13-Jul-2019,10,3.9
V0679,13-Jun-2019,6,2.1
V0679,13-Nov-2019,3,2.0
V0679,13-Oct-2019,3,3.2
V0679,14-Oct-2019,32,3.0
V0679,15-Jul-2019,4,3.0
V0679,15-Sep-2019,8,3.2
V0679,16-Aug-2019,3,2.5
V0679,16-Jun-2019,26,3.4
V0679,16-Sep-2019,16,3.0
V0679,17-Aug-2019,6,2.6
V0679,17-Jun-2019,33,3.8
V0679,17-Sep-2019,16,3.5
V0679,18-Aug-2019,18,2.7
V0679,18-Oct-2019,40,3.8
V0679,19-Aug-2019,33,4.0
V0679,19-Jul-2019,24,3.1
V0679,20-Jul-2019,24,2.3
V0679,21-Jul-2019,50,4.0
V0679,21-Oct-2019,42,2.3
V0679,22-Jul-2019,21,1.9
V0679,23-Jul-2019,18,2.6
V0679,23-Oct-2019,2,3.5
V0679,23-Sep-2019,49,4.0
V0679,24-Jul-2019,25,3.3
V0679,24-Jun-2019,21,4.1
V0679,25-Aug-2019,22,2.0
V0679,26-Aug-2019,7,1.9
V0679,26-Jul-2019,10,3.3
V0679,26-Jun-2019,10,4.1
V0679,26-May-2019,11,3.0
V0679,27-May-2019,3,1.9
V0679,29-Jul-2019,41,2.3
V0679,29-Jun-2019,16,2.4
V0679,29-May-2019,2,2.6
V0679,30-Jul-2019,8,1.9
V0679,30-Jun-2019,4,4.0
V0679,30-Nov-2019,15,3.0
V0679,30-Sep-2019,25,3.4
V0683,12-Aug-2019,2,2.0
V0683,21-Sep-2019,2,1.9
V0683,27-Oct-2019,4,3.2
V0688,20-May-2019,6,3.9
V0695,07-Oct-2019,1,3.1
V0695,10-Jul-2019,1,3.9
V0695,14-Sep-2019,1,3.7
V0695,19-Oct-2019,1,2.0
V0695,20-Jul-2019,3,2.3
V0695,25-Aug-2019,1,3.4
V0699,08-Jun-2019,4,2.9
V0699,12-Jul-2019,3,2.5
V0699,13-Jul-2019,3,2.8
V0699,14-Aug-2019,9,2.9
V0699,14-Jul-2019,3,4.0
V0699,15-Aug-2019,3,2.0
V0699,17-Jul-2019,2,2.5
V0699,26-May-2019,2,3.1
V0699,27-Jun-2019,5,3.5
V0699,27-May-2019,2,3.3
V0699,29-Jul-2019,2,4.1
V0704,01-Aug-2019,13,3.7
V0704,01-Jul-2019,8,3.1
V0704,01-Jun-2019,19,2.3
V0704,01-Nov-2019,16,2.9
V0704,01-Sep-2019,33,3.5
V0704,02-Aug-2019,30,3.8
V0704,02-Jun-2019,19,4.1
V0704,02-Nov-2019,25,3.3
V0704,02-Oct-2019,25,3.1
V0704,02-Sep-2019,14,1.8
V0704,03-Aug-2019,16,2.0
V0704,03-Jul-2019,7,2.2
V0704,03-Jun-2019,4,1.9
V0704,03-Nov-2019,17,2.8
V0704,03-Oct-2019,24,2.6
V0704,04-Aug-2019,29,3.3
V0704,04-Jul-2019,24,3.1
V0704,04-Nov-2019,17,3.2
V0704,04-Oct-2019,23,2.9
V0704,04-Sep-2019,29,2.5
V0704,05-Aug-2019,34,4.1
V0704,05-Jul-2019,24,2.0
V0704,05-Jun-2019,6,4.1
V0704,05-Oct-2019,26,2.5
V0704,05-Sep-2019,18,3.0
V0704,06-Jul-2019,22,2.1
V0704,06-Jun-2019,7,2.0
V0704,06-Nov-2019,8,2.8
V0704,06-Oct-2019,23,3.6
V0704,06-Sep-2019,38,2.4
V0704,07-Aug-2019,15,3.1
V0704,07-Jul-2019,32,2.5
V0704,07-Jun-2019,4,2.7
V0704,07-Nov-2019,5,4.0
V0704,07-Oct-2019,19,3.9
V0704,07-Sep-2019,31,3.0
V0704,08-Aug-2019,29,2.4
V0704,08-Jul-2019,20,2.3
V0704,08-Jun-2019,21,4.1
V0704,08-Nov-2019,12,2.3
V0704,08-Sep-2019,32,3.7
V0704,09-Aug-2019,22,2.7
V0704,09-Jun-2019,20,4.2
V0704,09-Nov-2019,13,2.7
V0704,09-Oct-2019,16,2.6
V0704,09-Sep-2019,32,3.3
V0704,10-Aug-2019,19,4.1
V0704,10-Jul-2019,8,4.1
V0704,10-Jun-2019,22,3.5
V0704,10-Nov-2019,19,3.6
V0704,10-Oct-2019,20,3.2
V0704,11-Aug-2019,16,3.6
V0704,11-Jul-2019,29,3.9
V0704,11-Nov-2019,8,3.0
V0704,11-Oct-2019,25,3.3
V0704,11-Sep-2019,32,3.1
V0704,12-Aug-2019,29,3.1
V0704,12-Jul-2019,20,3.9
V0704,12-Jun-2019,8,2.7
V0704,12-Oct-2019,24,2.3
V0704,12-Sep-2019,21,2.9
V0704,13-Jul-2019,28,2.3
V0704,13-Jun-2019,26,3.0
V0704,13-Oct-2019,20,4.0
V0704,13-Sep-2019,25,3.3
V0704,14-Aug-2019,20,3.9
V0704,14-Jul-2019,11,2.2
V0704,14-Jun-2019,22,4.0
V0704,14-Oct-2019,27,3.2
V0704,14-Sep-2019,31,1.9
V0704,15-Aug-2019,22,3.3
V0704,15-Jul-2019,13,4.1
V0704,15-Jun-2019,13,2.0
V0704,15-Sep-2019,34,3.2
V0704,16-Aug-2019,21,4.0
V0704,16-Jun-2019,16,1.8
V0704,16-Oct-2019,15,3.3
V0704,16-Sep-2019,27,2.9
V0704,17-Aug-2019,32,2.6
V0704,17-Jul-2019,28,3.3
V0704,17-Jun-2019,10,1.9
V0704,17-Oct-2019,12,3.6
V0704,18-Aug-2019,29,1.8
V0704,18-Jul-2019,29,2.5
V0704,18-May-2019,8,3.0
V0704,18-Oct-2019,24,2.7
V0704,18-Sep-2019,26,2.5
V0704,19-Aug-2019,28,3.8
V0704,19-Jul-2019,7,4.0
V0704,19-Jun-2019,18,3.9
V0704,19-May-2019,9,3.1
V0704,19-Oct-2019,18,3.9
V0704,19-Sep-2019,22,4.0
V0704,20-Jul-2019,11,2.8
V0704,20-Jun-2019,8,2.5
V0704,20-May-2019,2,2.0
V0704,20-Oct-2019,21,2.9
V0704,20-Sep-2019,28,4.1
V0704,21-Aug-2019,18,3.1
V0704,21-Jul-2019,10,3.4
V0704,21-Jun-2019,10,2.1
V0704,21-Oct-2019,19,2.1
V0704,21-Sep-2019,23,2.9
V0704,22-Aug-2019,30,4.1
V0704,22-May-2019,12,2.7
V0704,22-Sep-2019,25,3.9
V0704,23-Aug-2019,25,2.1
V0704,23-Jun-2019,22,3.3
V0704,23-Oct-2019,24,3.2
V0704,23-Sep-2019,37,3.9
V0704,24-Aug-2019,27,1.8
V0704,24-Jun-2019,18,2.3
V0704,24-May-2019,7,2.3
V0704,24-Oct-2019,6,4.1
V0704,25-Aug-2019,28,2.2
V0704,25-Jul-2019,3,1.9
V0704,25-May-2019,13,3.1
V0704,25-Oct-2019,18,3.1
V0704,25-Sep-2019,20,3.8
V0704,26-Aug-2019,28,4.1
V0704,26-Jun-2019,5,3.1
V0704,26-May-2019,5,4.0
V0704,26-Oct-2019,8,3.5
V0704,26-Sep-2019,17,2.4
V0704,27-Jul-2019,4,4.0
V0704,27-Jun-2019,17,3.4
V0704,27-May-2019,7,2.8
V0704,27-Oct-2019,24,3.4
V0704,27-Sep-2019,25,2.8
V0704,28-Aug-2019,25,2.1
V0704,28-Jul-2019,20,3.5
V0704,28-Jun-2019,18,3.8
V0704,28-Oct-2019,11,3.5
V0704,28-Sep-2019,24,2.3
V0704,29-Aug-2019,28,4.1
V0704,29-Jul-2019,7,1.9
V0704,29-Jun-2019,19,2.6
V0704,29-Sep-2019,21,2.4
V0704,30-Aug-2019,21,1.9
V0704,30-Jun-2019,24,2.8
V0704,30-May-2019,12,3.3
V0704,30-Oct-2019,4,3.9
V0704,30-Sep-2019,28,4.2
V0704,31-Aug-2019,33,3.7
V0704,31-Jul-2019,17,2.9
V0704,31-May-2019,20,3.5
V0704,31-Oct-2019,13,3.8
V0711,01-Aug-2019,3,2.9
V0711,01-Jul-2019,39,3.7
V0711,01-Jun-2019,5,3.0
V0711,01-Nov-2019,2,2.7
V0711,01-Sep-2019,7,3.1
V0711,02-Nov-2019,5,3.4
V0711,02-Sep-2019,6,3.5
V0711,03-Nov-2019,36,2.7
V0711,03-Oct-2019,17,3.2
V0711,03-Sep-2019,2,4.0
V0711,04-Aug-2019,16,4.1
V0711,04-Jun-2019,3,2.3
V0711,04-Nov-2019,35,2.3
V0711,04-Oct-2019,40,3.4
V0711,05-Aug-2019,16,2.8
V0711,05-Jul-2019,22,1.9
V0711,05-Jun-2019,14,2.6
V0711,05-Nov-2019,7,3.7
V0711,06-Jul-2019,10,3.7
V0711,06-Jun-2019,3,3.0
V0711,06-Oct-2019,37,2.9
V0711,07-Aug-2019,9,3.2
V0711,07-Jul-2019,36,2.3
V0711,07-Jun-2019,9,3.1
V0711,07-Nov-2019,25,1.8
V0711,07-Oct-2019,34,2.9
V0711,08-Jul-2019,36,2.6
V0711,08-Oct-2019,28,3.4
V0711,08-Sep-2019,11,3.3
V0711,09-Aug-2019,12,2.7
V0711,09-Jun-2019,15,1.8
V0711,09-Nov-2019,7,2.4
V0711,09-Oct-2019,13,3.3
V0711,09-Sep-2019,11,2.0
V0711,10-Jul-2019,2,2.1
V0711,10-Nov-2019,45,3.4
V0711,10-Sep-2019,2,3.6
V0711,11-Aug-2019,32,2.6
V0711,11-Nov-2019,18,3.0
V0711,11-Oct-2019,17,4.1
V0711,11-Sep-2019,17,4.1
V0711,12-Aug-2019,29,2.5
V0711,12-Jul-2019,12,3.7
V0711,12-Oct-2019,7,3.2
V0711,12-Sep-2019,9,4.1
V0711,13-Jul-2019,5,2.9
V0711,13-Oct-2019,45,3.7
V0711,14-Nov-2019,2,3.6
V0711,14-Oct-2019,32,3.0
V0711,14-Sep-2019,3,3.7
V0711,15-Jul-2019,5,2.4
V0711,15-Jun-2019,16,2.1
V0711,15-Oct-2019,5,2.8
V0711,15-Sep-2019,23,4.1
V0711,16-Aug-2019,13,3.0
V0711,16-Jun-2019,16,3.3
V0711,16-Oct-2019,4,3.3
V0711,16-Sep-2019,28,2.1
V0711,17-Aug-2019,11,2.7
V0711,17-Jul-2019,20,3.5
V0711,17-Jun-2019,18,4.1
V0711,17-Nov-2019,2,2.2
V0711,17-Oct-2019,17,2.8
V0711,17-Sep-2019,6,2.0
V0711,18-Aug-2019,28,2.4
V0711,18-Jun-2019,1,2.7
V0711,18-May-2019,14,3.1
V0711,18-Nov-2019,11,2.4
V0711,18-Oct-2019,5,2.3
V0711,18-Sep-2019,11,3.7
V0711,19-Aug-2019,13,4.1
V0711,19-Jul-2019,32,2.6
V0711,19-Jun-2019,3,3.5
V0711,19-May-2019,9,2.4
V0711,19-Nov-2019,16,4.0
V0711,20-Aug-2019,7,3.4
V0711,20-Jul-2019,44,3.7
V0711,20-May-2019,18,1.9
V0711,20-Oct-2019,13,3.2
V0711,20-Sep-2019,25,3.1
V0711,21-Jul-2019,44,2.5
V0711,21-Nov-2019,9,2.4
V0711,21-Oct-2019,15,3.2
V0711,21-Sep-2019,7,3.5
V0711,22-Jun-2019,2,1.9
V0711,22-Sep-2019,2,3.2
V0711,23-Aug-2019,5,2.2
V0711,23-Jun-2019,18,2.1
V0711,23-May-2019,2,3.3
V0711,23-Nov-2019,2,2.5
V0711,23-Oct-2019,9,2.9
V0711,23-Sep-2019,25,2.7
V0711,24-Jul-2019,25,3.4
V0711,24-Jun-2019,18,2.9
V0711,24-Nov-2019,2,4.1
V0711,24-Sep-2019,7,2.6
V0711,25-Aug-2019,8,3.6
V0711,25-Jul-2019,11,2.4
V0711,25-Jun-2019,4,3.0
V0711,25-Oct-2019,18,3.1
V0711,25-Sep-2019,4,2.6
V0711,26-Aug-2019,28,2.9
V0711,26-Jul-2019,3,2.5
V0711,26-May-2019,2,1.8
V0711,26-Oct-2019,12,2.3
V0711,27-Aug-2019,7,3.5
V0711,27-Jul-2019,2,3.7
V0711,27-May-2019,17,2.5
V0711,27-Oct-2019,22,2.8
V0711,27-Sep-2019,21,1.9
V0711,28-Jul-2019,6,2.4
V0711,28-Oct-2019,19,3.7
V0711,29-Jul-2019,7,3.3
V0711,29-Jun-2019,7,2.3
V0711,29-Sep-2019,14,2.4
V0711,30-Jul-2019,11,3.8
V0711,30-Jun-2019,24,2.3
V0711,30-Sep-2019,53,2.6
V0711,31-Aug-2019,5,3.4
V0711,31-May-2019,4,3.1
V0712,01-Aug-2019,1,2.9
V0712,01-Dec-2018,5,4.0
V0712,01-Dec-2019,2,2.3
V0712,01-Jul-2019,14,3.6
V0712,01-Jun-2019,10,2.2
V0712,01-Oct-2019,7,3.3
V0712,01-Sep-2018,8,3.9
V0712,01-Sep-2019,4,2.9
V0712,02-Aug-2018,10,3.5
V0712,02-Jul-2019,6,3.8
V0712,02-Jun-2019,7,2.1
V0712,02-Nov-2019,22,3.5
V0712,02-Oct-2018,19,4.0
V0712,02-Sep-2018,2,3.2
V0712,02-Sep-2019,9,2.2
V0712,03-Aug-2019,2,2.1
V0712,03-Dec-2018,10,2.4
V0712,03-Jul-2019,7,2.0
V0712,03-Jun-2019,13,3.0
V0712,03-Nov-2019,14,2.0
V0712,03-Oct-2018,19,2.3
V0712,03-Oct-2019,10,2.9
V0712,03-Sep-2018,3,2.9
V0712,04-Aug-2018,2,3.2
V0712,04-Aug-2019,5,3.5
V0712,04-Dec-2018,8,1.9
V0712,04-Jul-2019,7,2.0
V0712,04-Jun-2019,5,1.9
V0712,04-Nov-2019,19,2.8
V0712,04-Sep-2018,6,1.9
V0712,05-Aug-2018,2,3.6
V0712,05-Aug-2019,17,2.3
V0712,05-Jun-2019,3,4.1
V0712,05-Nov-2018,11,3.0
V0712,05-Nov-2019,11,2.9
V0712,05-Oct-2019,14,3.7
V0712,05-Sep-2018,2,3.5
V0712,05-Sep-2019,6,3.3
V0712,06-Aug-2018,11,4.0
V0712,06-Aug-2019,10,2.8
V0712,06-Jul-2019,4,3.7
V0712,06-Jun-2019,9,2.7
V0712,06-Nov-2018,4,3.8
V0712,06-Nov-2019,10,2.4
V0712,06-Oct-2018,3,2.5
V0712,06-Oct-2019,9,3.4
V0712,06-Sep-2018,6,2.3
V0712,06-Sep-2019,9,2.3
V0712,07-Aug-2018,8,2.5
V0712,07-Aug-2019,2,3.4
V0712,07-Jul-2019,8,3.9
V0712,07-Nov-2018,4,3.4
V0712,07-Nov-2019,12,3.8
V0712,07-Oct-2019,27,3.1
V0712,07-Sep-2019,8,2.0
V0712,08-Aug-2018,3,2.0
V0712,08-Aug-2019,10,3.1
V0712,08-Jul-2019,25,2.6
V0712,08-Jun-2019,7,2.3
V0712,08-Nov-2018,1,2.9
V0712,08-Oct-2018,8,3.4
V0712,08-Oct-2019,14,2.7
V0712,08-Sep-2019,5,3.7
V0712,09-Aug-2018,16,3.6
V0712,09-Dec-2018,2,3.6
V0712,09-Dec-2019,4,4.2
V0712,09-Jul-2019,32,2.5
V0712,09-Jun-2019,14,3.3
V0712,09-Nov-2019,2,3.9
V0712,09-Oct-2019,14,3.2
V0712,09-Sep-2018,19,3.7
V0712,09-Sep-2019,5,2.8
V0712,10-Aug-2019,5,3.2
V0712,10-Jul-2019,6,1.9
V0712,10-Jun-2019,20,4.2
V0712,10-Nov-2019,15,3.7
V0712,10-Oct-2018,5,3.9
V0712,10-Sep-2018,5,3.5
V0712,11-Aug-2018,10,2.2
V0712,11-Aug-2019,11,1.9
V0712,11-Dec-2018,5,3.9
V0712,11-Jul-2019,8,2.8
V0712,11-Jun-2019,3,2.4
V0712,11-Nov-2019,15,3.1
V0712,11-Sep-2018,20,2.8
V0712,11-Sep-2019,4,3.4
V0712,12-Aug-2018,15,3.0
V0712,12-Aug-2019,2,3.5
V0712,12-Dec-2018,2,3.8
V0712,12-Jul-2019,18,2.3
V0712,12-Jun-2019,20,2.6
V0712,12-Nov-2019,20,2.8
V0712,12-Oct-2019,6,4.1
V0712,12-Sep-2019,3,2.7
V0712,13-Aug-2018,13,2.7
V0712,13-Aug-2019,17,3.4
V0712,13-Jul-2019,15,2.8
V0712,13-Nov-2019,2,4.1
V0712,13-Oct-2019,12,3.9
V0712,14-Aug-2018,9,3.0
V0712,14-Jul-2019,14,3.3
V0712,14-Nov-2018,15,1.9
V0712,14-Nov-2019,6,3.5
V0712,14-Oct-2019,13,3.5
V0712,15-Aug-2019,5,2.7
V0712,15-Jul-2019,12,2.3
V0712,15-Jun-2019,4,4.0
V0712,15-Oct-2018,16,2.8
V0712,15-Oct-2019,15,3.4
V0712,15-Sep-2018,2,1.9
V0712,15-Sep-2019,16,2.8
V0712,16-Aug-2018,6,3.8
V0712,16-Jul-2019,10,2.7
V0712,16-Jun-2019,11,3.2
V0712,16-Nov-2019,2,2.3
V0712,16-Oct-2018,2,2.8
V0712,16-Oct-2019,7,4.0
V0712,16-Sep-2018,10,3.2
V0712,16-Sep-2019,19,4.0
V0712,17-Aug-2019,2,4.0
V0712,17-Jul-2019,4,4.1
V0712,17-Jun-2019,9,3.9
V0712,17-Nov-2018,7,1.8
V0712,17-Nov-2019,6,4.0
V0712,17-Oct-2018,3,2.1
V0712,17-Sep-2018,15,1.9
V0712,18-Aug-2018,5,1.9
V0712,18-Aug-2019,13,2.6
V0712,18-Dec-2019,6,3.3
V0712,18-Jul-2019,16,2.8
V0712,18-May-2019,3,1.9
V0712,18-Nov-2019,6,2.9
V0712,18-Oct-2019,16,2.9
V0712,18-Sep-2018,9,3.6
V0712,18-Sep-2019,3,2.5
V0712,19-Aug-2018,8,2.3
V0712,19-Aug-2019,9,2.4
V0712,19-Jul-2019,10,2.5
V0712,19-Jun-2019,3,3.2
V0712,19-May-2019,8,2.9
V0712,19-Nov-2018,13,2.6
V0712,19-Oct-2018,8,2.7
V0712,19-Oct-2019,12,2.7
V0712,19-Sep-2018,11,4.1
V0712,19-Sep-2019,4,2.4
V0712,20-Aug-2018,8,3.8
V0712,20-Aug-2019,12,3.5
V0712,20-Jul-2019,12,1.8
V0712,20-Jun-2019,11,4.2
V0712,20-May-2019,10,3.6
V0712,20-Nov-2019,2,3.4
V0712,20-Oct-2019,14,2.8
V0712,21-Aug-2018,13,3.1
V0712,21-Aug-2019,13,2.4
V0712,21-Jul-2019,17,1.9
V0712,21-May-2019,5,3.8
V0712,21-Nov-2018,3,4.0
V0712,21-Oct-2019,16,2.2
V0712,22-Aug-2019,2,3.7
V0712,22-Jul-2018,9,3.6
V0712,22-Jun-2019,8,2.2
V0712,22-May-2019,2,2.8
V0712,22-Nov-2018,11,2.8
V0712,22-Nov-2019,6,3.6
V0712,22-Oct-2019,16,3.8
V0712,22-Sep-2019,8,2.0
V0712,23-Aug-2018,5,3.2
V0712,23-May-2019,2,3.6
V0712,23-Nov-2018,3,3.7
V0712,23-Oct-2019,16,2.2
V0712,23-Sep-2019,15,3.1
V0712,24-Nov-2019,2,3.9
V0712,24-Oct-2019,6,2.6
V0712,24-Sep-2018,16,2.8
V0712,24-Sep-2019,12,3.7
V0712,25-Aug-2018,6,2.0
V0712,25-Aug-2019,3,3.9
V0712,25-May-2019,10,2.5
V0712,25-Nov-2018,9,1.8
V0712,26-Aug-2018,5,2.4
V0712,26-Aug-2019,4,2.0
V0712,26-Jun-2019,3,2.0
V0712,26-May-2019,5,3.5
V0712,26-Oct-2019,14,2.3
V0712,27-Aug-2018,4,4.0
V0712,27-Aug-2019,11,3.0
V0712,27-Jul-2018,3,2.9
V0712,27-Jun-2019,4,2.8
V0712,27-May-2019,15,3.5
V0712,27-Oct-2019,7,2.9
V0712,27-Sep-2018,13,2.1
V0712,28-Aug-2019,16,3.9
V0712,28-Jul-2019,3,2.8
V0712,28-Oct-2019,16,2.0
V0712,28-Sep-2019,7,3.1
V0712,29-Aug-2018,8,3.4
V0712,29-Jul-2019,21,2.5
V0712,29-Jun-2019,2,3.7
V0712,29-May-2019,4,3.4
V0712,29-Oct-2019,21,3.4
V0712,29-Sep-2019,6,2.8
V0712,30-Jul-2018,3,4.1
V0712,30-Jul-2019,3,2.5
V0712,30-Jun-2019,12,3.2
V0712,30-May-2019,16,2.5
V0712,30-Oct-2018,1,3.6
V0712,30-Oct-2019,12,1.9
V0712,30-Sep-2018,4,1.9
V0712,30-Sep-2019,10,3.7
V0712,31-Aug-2019,11,2.8
V0712,31-Jul-2018,6,2.6
V0712,31-Jul-2019,22,3.3
V0712,31-Oct-2019,16,3.5
V0713,01-Aug-2018,2,2.3
V0713,01-Aug-2019,14,2.2
V0713,01-Dec-2018,12,4.1
V0713,01-Jan-2019,45,3.2
V0713,01-Jul-2019,52,2.7
V0713,01-Jun-2019,8,3.7
V0713,01-Nov-2019,14,3.1
V0713,01-Oct-2018,51,2.4
V0713,01-Oct-2019,9,2.3
V0713,01-Sep-2018,15,2.8
V0713,01-Sep-2019,33,3.9
V0713,02-Aug-2018,3,1.9
V0713,02-Aug-2019,8,2.3
V0713,02-Dec-2018,6,3.9
V0713,02-Jul-2019,20,2.1
V0713,02-Jun-2019,6,3.3
V0713,02-Nov-2018,9,2.3
V0713,02-Oct-2019,2,3.3
V0713,02-Sep-2018,6,2.7
V0713,02-Sep-2019,45,2.0
V0713,03-Aug-2019,10,3.2
V0713,03-Dec-2018,44,3.4
V0713,03-Jan-2019,20,3.4
V0713,03-Jun-2019,12,3.3
V0713,03-Nov-2019,41,3.0
V0713,03-Oct-2019,4,3.0
V0713,03-Sep-2018,34,3.3
V0713,03-Sep-2019,8,3.5
V0713,04-Aug-2018,3,3.4
V0713,04-Aug-2019,45,3.2
V0713,04-Dec-2018,2,2.2
V0713,04-Feb-2019,7,2.3
V0713,04-Jul-2019,16,2.4
V0713,04-Nov-2018,7,4.0
V0713,04-Nov-2019,44,3.6
V0713,04-Oct-2018,6,3.1
V0713,04-Oct-2019,20,2.4
V0713,04-Sep-2018,7,2.1
V0713,04-Sep-2019,5,4.0
V0713,05-Aug-2018,24,3.9
V0713,05-Aug-2019,34,2.1
V0713,05-Feb-2019,2,3.7
V0713,05-Jul-2019,4,2.9
V0713,05-Jun-2019,9,2.6
V0713,05-Nov-2018,50,3.6
V0713,05-Nov-2019,7,3.3
V0713,05-Oct-2018,2,3.7
V0713,05-Oct-2019,16,2.0
V0713,05-Sep-2018,14,2.6
V0713,05-Sep-2019,2,2.6
V0713,06-Aug-2018,23,2.6
V0713,06-Dec-2018,2,3.0
V0713,06-Jan-2019,40,2.5
V0713,06-Jul-2019,2,2.9
V0713,06-Jun-2019,7,2.7
V0713,06-Oct-2018,16,3.6
V0713,06-Oct-2019,72,3.2
V0713,06-Sep-2019,4,3.4
V0713,07-Aug-2019,7,2.3
V0713,07-Jul-2019,65,2.6
V0713,07-Nov-2018,9,1.9
V0713,07-Nov-2019,3,2.1
V0713,07-Oct-2018,35,2.4
V0713,07-Oct-2019,42,2.0
V0713,07-Sep-2019,4,3.2
V0713,08-Aug-2018,2,4.2
V0713,08-Dec-2018,23,2.0
V0713,08-Feb-2019,24,3.8
V0713,08-Jan-2019,50,2.1
V0713,08-Jul-2019,63,3.4
V0713,08-Jun-2019,7,3.3
V0713,08-Nov-2019,16,4.0
V0713,08-Oct-2018,51,2.1
V0713,08-Oct-2019,54,2.6
V0713,08-Sep-2019,12,2.0
V0713,09-Aug-2018,26,2.8
V0713,09-Aug-2019,4,4.0
V0713,09-Jul-2019,44,3.7
V0713,09-Jun-2019,14,3.5
V0713,09-Nov-2019,21,3.1
V0713,09-Oct-2019,23,3.9
V0713,09-Sep-2018,3,2.9
V0713,09-Sep-2019,26,2.2
V0713,10-Dec-2018,8,3.8
V0713,10-Feb-2019,8,2.5
V0713,10-Jul-2019,15,1.9
V0713,10-Jun-2019,23,2.1
V0713,10-Nov-2019,51,3.3
V0713,10-Sep-2018,36,3.3
V0713,11-Aug-2018,2,2.4
V0713,11-Aug-2019,27,3.5
V0713,11-Feb-2019,49,3.7
V0713,11-Jul-2019,31,4.0
V0713,11-Nov-2018,50,3.2
V0713,11-Nov-2019,38,3.7
V0713,11-Oct-2018,7,3.6
V0713,11-Oct-2019,11,2.4
V0713,11-Sep-2018,29,2.5
V0713,11-Sep-2019,2,2.9
V0713,12-Aug-2018,35,1.8
V0713,12-Aug-2019,23,2.5
V0713,12-Jan-2019,6,2.9
V0713,12-Jul-2019,9,2.1
V0713,12-Jun-2019,2,2.1
V0713,12-Nov-2018,22,2.9
V0713,12-Oct-2019,10,3.6
V0713,13-Aug-2018,13,3.8
V0713,13-Aug-2019,11,3.1
V0713,13-Jul-2019,77,2.9
V0713,13-Jun-2019,3,2.7
V0713,13-Oct-2018,17,2.3
V0713,13-Oct-2019,80,2.2
V0713,13-Sep-2018,16,3.7
V0713,14-Jan-2019,51,2.9
V0713,14-Jul-2019,19,3.7
V0713,14-Jun-2019,6,3.5
V0713,14-Nov-2018,4,2.3
V0713,14-Nov-2019,11,3.0
V0713,14-Oct-2018,56,2.9
V0713,14-Oct-2019,93,2.8
V0713,14-Sep-2019,24,3.1
V0713,15-Aug-2018,19,4.2
V0713,15-Dec-2019,32,3.8
V0713,15-Jul-2019,13,4.0
V0713,15-Nov-2018,15,1.9
V0713,15-Nov-2019,11,2.1
V0713,15-Oct-2018,48,2.0
V0713,15-Oct-2019,3,2.4
V0713,15-Sep-2018,7,2.9
V0713,15-Sep-2019,13,3.3
V0713,16-Aug-2019,24,3.0
V0713,16-Jun-2019,15,4.0
V0713,16-Nov-2018,4,4.1
V0713,16-Nov-2019,22,2.2
V0713,16-Oct-2018,21,3.8
V0713,16-Sep-2018,32,3.0
V0713,16-Sep-2019,79,2.9
V0713,17-Aug-2019,9,3.7
V0713,17-Dec-2018,30,2.0
V0713,17-Jan-2019,4,3.9
V0713,17-Jul-2019,26,3.4
V0713,17-Jun-2019,32,3.9
V0713,17-Nov-2018,10,4.2
V0713,17-Nov-2019,16,3.0
V0713,17-Oct-2018,3,2.0
V0713,17-Oct-2019,4,2.2
V0713,17-Sep-2018,3,2.6
V0713,18-Aug-2018,2,2.0
V0713,18-Aug-2019,13,3.8
V0713,18-Jul-2019,12,2.5
V0713,18-Jun-2019,18,4.1
V0713,18-May-2019,10,3.5
V0713,18-Nov-2018,3,2.2
V0713,18-Nov-2019,21,2.9
V0713,18-Oct-2019,40,2.9
V0713,18-Sep-2018,27,3.0
V0713,18-Sep-2019,11,3.1
V0713,19-Aug-2018,4,1.9
V0713,19-Aug-2019,61,3.4
V0713,19-Jan-2019,13,3.0
V0713,19-Jul-2019,29,3.7
V0713,19-May-2019,14,3.8
V0713,19-Nov-2018,15,2.4
V0713,19-Oct-2018,20,1.9
V0713,19-Oct-2019,25,3.5
V0713,19-Sep-2019,17,4.1
V0713,20-Aug-2018,20,2.9
V0713,20-Jan-2019,37,2.4
V0713,20-Jul-2019,74,2.2
V0713,20-Jun-2019,6,2.5
V0713,20-May-2019,52,2.6
V0713,20-Nov-2018,6,2.8
V0713,20-Oct-2019,37,3.4
V0713,21-Aug-2019,23,2.5
V0713,21-Jan-2019,11,1.9
V0713,21-Jul-2019,59,2.7
V0713,21-May-2019,5,3.9
V0713,21-Nov-2018,4,3.0
V0713,21-Oct-2018,4,4.1
V0713,21-Oct-2019,31,3.0
V0713,21-Sep-2018,22,2.5
V0713,22-Aug-2019,3,2.3
V0713,22-Dec-2018,2,3.5
V0713,22-Jan-2019,40,3.1
V0713,22-Jul-2018,5,3.2
V0713,22-Jul-2019,11,3.6
V0713,22-Jun-2019,3,3.5
V0713,22-May-2019,3,1.9
V0713,22-Nov-2018,34,3.7
V0713,22-Oct-2018,2,3.1
V0713,22-Sep-2019,26,2.7
V0713,23-Dec-2018,4,3.1
V0713,23-Jul-2018,34,3.3
V0713,23-Jul-2019,4,2.2
V0713,23-Nov-2018,6,2.8
V0713,23-Oct-2019,5,2.6
V0713,23-Sep-2018,3,2.6
V0713,23-Sep-2019,50,2.0
V0713,24-Aug-2018,18,2.2
V0713,24-Aug-2019,7,2.2
V0713,24-Dec-2018,30,2.7
V0713,24-Jul-2018,17,3.9
V0713,24-Jul-2019,42,2.3
V0713,24-Jun-2019,58,2.8
V0713,24-May-2019,6,2.5
V0713,24-Oct-2019,29,3.7
V0713,24-Sep-2018,17,1.9
V0713,25-Aug-2018,13,2.3
V0713,25-Aug-2019,35,2.3
V0713,25-Jul-2019,40,4.2
V0713,25-Jun-2019,8,3.2
V0713,25-May-2019,44,2.1
V0713,25-Nov-2018,11,2.5
V0713,25-Sep-2019,4,2.2
V0713,26-Aug-2018,15,2.1
V0713,26-Aug-2019,15,3.7
V0713,26-Dec-2018,13,3.0
V0713,26-Jul-2019,18,3.3
V0713,26-May-2019,5,2.6
V0713,26-Nov-2018,4,3.1
V0713,26-Nov-2019,2,2.4
V0713,26-Sep-2019,15,2.5
V0713,27-Aug-2018,10,3.4
V0713,27-Aug-2019,11,2.2
V0713,27-Dec-2018,3,3.3
V0713,27-Jan-2019,2,3.8
V0713,27-Jul-2018,5,2.1
V0713,27-Jun-2019,4,4.0
V0713,27-May-2019,24,2.0
V0713,27-Oct-2019,2,2.6
V0713,28-Aug-2018,22,3.3
V0713,28-Aug-2019,22,3.1
V0713,28-Jan-2019,47,2.0
V0713,28-Jul-2019,5,3.7
V0713,28-Oct-2018,7,4.1
V0713,28-Oct-2019,33,2.2
V0713,28-Sep-2018,2,3.9
V0713,28-Sep-2019,9,3.1
V0713,29-Aug-2018,4,4.0
V0713,29-Aug-2019,9,2.2
V0713,29-Dec-2018,12,3.7
V0713,29-Jul-2018,23,1.9
V0713,29-Jul-2019,51,3.9
V0713,29-Oct-2018,37,3.4
V0713,29-Sep-2018,18,2.7
V0713,29-Sep-2019,39,2.3
V0713,30-Dec-2018,44,3.8
V0713,30-Jul-2018,18,3.2
V0713,30-Jul-2019,50,2.7
V0713,30-Jun-2019,64,2.9
V0713,30-Sep-2018,26,3.8
V0713,30-Sep-2019,69,2.6
V0713,31-Aug-2018,12,2.0
V0713,31-Aug-2019,15,4.0
V0713,31-Dec-2018,39,2.7
V0713,31-Jul-2018,37,2.6
V0713,31-Oct-2018,6,2.3
V0716,01-Sep-2019,3,4.0
V0716,12-Jun-2019,10,2.3
V0716,20-May-2019,2,3.3
V0716,24-May-2019,3,3.9
V0716,26-May-2019,3,1.9
V0717,01-Aug-2018,12,3.8
V0717,01-Aug-2019,21,2.8
V0717,01-Dec-2018,10,3.4
V0717,01-Jul-2019,22,2.7
V0717,01-Jun-2019,4,3.5
V0717,01-Nov-2018,15,2.4
V0717,01-Nov-2019,10,1.9
V0717,01-Oct-2018,25,4.1
V0717,01-Sep-2018,13,1.8
V0717,01-Sep-2019,26,3.8
V0717,02-Aug-2018,7,2.2
V0717,02-Aug-2019,26,2.7
V0717,02-Dec-2018,20,3.8
V0717,02-Jan-2019,38,2.3
V0717,02-Jul-2019,21,3.9
V0717,02-Jun-2019,21,3.0
V0717,02-Nov-2018,10,2.7
V0717,02-Nov-2019,2,3.4
V0717,02-Oct-2019,13,2.6
V0717,02-Sep-2018,16,2.6
V0717,02-Sep-2019,34,3.6
V0717,03-Aug-2018,15,2.5
V0717,03-Aug-2019,10,2.3
V0717,03-Dec-2018,15,3.7
V0717,03-Jan-2019,11,3.7
V0717,03-Jul-2019,22,3.0
V0717,03-Jun-2019,19,3.1
V0717,03-Nov-2018,4,3.5
V0717,03-Nov-2019,25,3.0
V0717,03-Oct-2018,13,2.8
V0717,03-Oct-2019,26,4.2
V0717,03-Sep-2018,31,2.2
V0717,04-Aug-2019,24,3.2
V0717,04-Jan-2019,3,3.9
V0717,04-Jul-2019,26,3.4
V0717,04-Jun-2019,17,3.9
V0717,04-Nov-2018,31,2.6
V0717,04-Nov-2019,22,2.5
V0717,04-Oct-2018,18,3.8
V0717,04-Oct-2019,14,2.7
V0717,04-Sep-2018,10,3.5
V0717,04-Sep-2019,5,2.2
V0717,05-Aug-2018,22,3.6
V0717,05-Aug-2019,31,3.1
V0717,05-Dec-2018,17,2.4
V0717,05-Jan-2019,28,3.0
V0717,05-Jul-2019,5,3.5
V0717,05-Jun-2019,5,1.8
V0717,05-Nov-2018,32,3.3
V0717,05-Oct-2018,14,3.1
V0717,05-Oct-2019,23,2.3
V0717,05-Sep-2018,22,3.6
V0717,05-Sep-2019,10,2.5
V0717,06-Aug-2018,22,2.5
V0717,06-Aug-2019,6,2.9
V0717,06-Dec-2018,23,3.4
V0717,06-Jan-2019,21,4.0
V0717,06-Jul-2019,9,2.1
V0717,06-Jun-2019,9,2.8
V0717,06-Nov-2019,20,2.0
V0717,06-Oct-2018,27,3.6
V0717,06-Oct-2019,29,2.9
V0717,06-Sep-2018,20,3.5
V0717,06-Sep-2019,8,2.6
V0717,07-Aug-2018,25,3.8
V0717,07-Aug-2019,18,3.1
V0717,07-Dec-2018,21,4.1
V0717,07-Jan-2019,13,2.0
V0717,07-Jul-2019,23,3.0
V0717,07-Jun-2019,3,3.6
V0717,07-Nov-2018,20,3.2
V0717,07-Nov-2019,4,1.9
V0717,07-Oct-2018,26,4.1
V0717,07-Oct-2019,26,2.5
V0717,07-Sep-2018,7,2.4
V0717,08-Aug-2018,23,3.0
V0717,08-Aug-2019,22,3.1
V0717,08-Dec-2018,19,3.6
V0717,08-Jan-2019,9,2.7
V0717,08-Jul-2019,27,2.9
V0717,08-Jun-2019,6,3.1
V0717,08-Nov-2018,8,2.7
V0717,08-Nov-2019,34,4.0
V0717,08-Oct-2018,22,3.8
V0717,08-Oct-2019,26,2.9
V0717,08-Sep-2018,15,1.8
V0717,08-Sep-2019,20,4.0
V0717,09-Aug-2018,9,2.1
V0717,09-Aug-2019,12,2.4
V0717,09-Dec-2018,22,2.2
V0717,09-Jan-2019,20,2.2
V0717,09-Jul-2019,9,3.7
V0717,09-Jun-2019,14,3.2
V0717,09-Nov-2018,9,4.1
V0717,09-Nov-2019,19,2.4
V0717,09-Oct-2018,23,3.0
V0717,09-Oct-2019,20,4.1
V0717,09-Sep-2018,23,3.8
V0717,09-Sep-2019,22,3.5
V0717,10-Aug-2018,4,2.3
V0717,10-Aug-2019,25,3.6
V0717,10-Dec-2018,34,2.6
V0717,10-Jan-2019,11,3.1
V0717,10-Jul-2019,21,3.3
V0717,10-Jun-2019,25,3.3
V0717,10-Nov-2018,10,3.5
V0717,10-Nov-2019,22,3.4
V0717,10-Oct-2018,11,2.0
V0717,10-Oct-2019,16,2.9
V0717,10-Sep-2018,22,3.4
V0717,11-Aug-2018,24,2.5
V0717,11-Aug-2019,25,2.6
V0717,11-Jan-2019,5,2.1
V0717,11-Jul-2019,22,2.8
V0717,11-Jun-2019,22,4.2
V0717,11-Nov-2019,21,2.5
V0717,11-Oct-2018,38,3.1
V0717,11-Oct-2019,12,3.6
V0717,11-Sep-2019,5,1.8
V0717,12-Aug-2018,25,4.0
V0717,12-Aug-2019,20,2.7
V0717,12-Jan-2019,13,3.9
V0717,12-Jul-2019,22,1.9
V0717,12-Jun-2019,22,2.1
V0717,12-Nov-2018,6,2.6
V0717,12-Oct-2018,26,2.6
V0717,12-Oct-2019,27,3.8
V0717,12-Sep-2018,15,1.8
V0717,12-Sep-2019,2,3.3
V0717,13-Aug-2018,24,2.1
V0717,13-Aug-2019,6,3.8
V0717,13-Dec-2018,11,3.7
V0717,13-Jan-2019,37,3.0
V0717,13-Jul-2019,34,2.3
V0717,13-Jun-2019,31,3.3
V0717,13-Nov-2019,11,2.2
V0717,13-Oct-2018,20,2.3
V0717,13-Oct-2019,25,3.3
V0717,13-Sep-2018,17,4.2
V0717,13-Sep-2019,23,3.9
V0717,14-Dec-2018,21,3.2
V0717,14-Jan-2019,15,3.1
V0717,14-Jul-2019,16,4.2
V0717,14-Jun-2019,6,3.1
V0717,14-Nov-2018,8,2.8
V0717,14-Nov-2019,32,4.0
V0717,14-Oct-2018,30,2.4
V0717,14-Oct-2019,29,2.0
V0717,14-Sep-2018,24,3.3
V0717,14-Sep-2019,7,2.0
V0717,15-Aug-2018,13,2.7
V0717,15-Aug-2019,15,2.8
V0717,15-Dec-2018,13,3.1
V0717,15-Jan-2019,7,4.2
V0717,15-Jul-2019,16,2.3
V0717,15-Jun-2019,10,2.7
V0717,15-Nov-2018,18,2.1
V0717,15-Nov-2019,13,3.3
V0717,15-Oct-2018,19,3.5
V0717,15-Oct-2019,16,3.0
V0717,15-Sep-2018,27,2.4
V0717,15-Sep-2019,20,3.3
V0717,16-Aug-2018,17,3.1
V0717,16-Aug-2019,7,2.2
V0717,16-Dec-2018,21,2.8
V0717,16-Jul-2019,4,2.8
V0717,16-Jun-2019,16,4.2
V0717,16-Nov-2018,11,3.8
V0717,16-Nov-2019,2,3.6
V0717,16-Oct-2018,8,3.9
V0717,16-Oct-2019,22,3.6
V0717,16-Sep-2018,22,4.0
V0717,16-Sep-2019,32,1.9
V0717,17-Aug-2018,9,2.9
V0717,17-Aug-2019,11,3.6
V0717,17-Dec-2018,26,3.2
V0717,17-Jul-2019,29,2.2
V0717,17-Jun-2019,25,2.6
V0717,17-Nov-2018,25,2.6
V0717,17-Oct-2018,21,2.4
V0717,17-Oct-2019,10,2.6
V0717,17-Sep-2018,33,3.0
V0717,17-Sep-2019,10,3.9
V0717,18-Aug-2018,7,3.6
V0717,18-Aug-2019,25,3.8
V0717,18-Dec-2018,8,3.9
V0717,18-Jul-2019,33,2.8
V0717,18-May-2019,20,2.6
V0717,18-Nov-2018,15,1.9
V0717,18-Oct-2018,29,4.0
V0717,18-Oct-2019,36,2.0
V0717,18-Sep-2018,10,3.6
V0717,18-Sep-2019,23,2.7
V0717,19-Aug-2018,22,4.1
V0717,19-Aug-2019,29,2.8
V0717,19-Dec-2018,16,3.8
V0717,19-Jul-2019,36,2.5
V0717,19-Jun-2019,10,2.5
V0717,19-May-2019,24,3.2
V0717,19-Nov-2018,22,4.2
V0717,19-Oct-2018,24,3.0
V0717,19-Oct-2019,40,4.0
V0717,19-Sep-2018,6,3.7
V0717,19-Sep-2019,17,3.7
V0717,20-Aug-2018,23,2.8
V0717,20-Dec-2018,8,2.7
V0717,20-Jul-2019,29,2.3
V0717,20-Jun-2019,26,4.1
V0717,20-May-2019,27,4.1
V0717,20-Nov-2018,18,3.6
V0717,20-Oct-2018,9,2.5
V0717,20-Oct-2019,38,2.4
V0717,20-Sep-2018,24,4.2
V0717,20-Sep-2019,26,2.0
V0717,21-Aug-2019,7,3.8
V0717,21-Dec-2018,13,2.7
V0717,21-Jul-2019,40,2.8
V0717,21-Jun-2019,31,3.8
V0717,21-May-2019,6,2.0
V0717,21-Nov-2018,21,2.7
V0717,21-Oct-2018,16,4.1
V0717,21-Oct-2019,17,3.5
V0717,21-Sep-2018,12,3.6
V0717,22-Aug-2018,21,3.6
V0717,22-Aug-2019,14,1.9
V0717,22-Jun-2019,30,2.3
V0717,22-May-2019,8,3.0
V0717,22-Nov-2018,23,2.7
V0717,22-Oct-2018,20,2.8
V0717,22-Sep-2018,11,3.7
V0717,22-Sep-2019,13,1.8
V0717,23-Aug-2018,14,3.4
V0717,23-Aug-2019,9,1.8
V0717,23-Dec-2018,21,2.0
V0717,23-Jun-2019,31,2.8
V0717,23-May-2019,14,3.8
V0717,23-Nov-2018,22,2.1
V0717,23-Oct-2019,13,3.1
V0717,23-Sep-2018,23,3.4
V0717,23-Sep-2019,8,2.4
V0717,24-Aug-2018,14,3.0
V0717,24-Aug-2019,6,4.0
V0717,24-Dec-2018,21,3.0
V0717,24-Jun-2019,25,2.2
V0717,24-May-2019,33,3.3
V0717,24-Nov-2018,5,3.2
V0717,24-Oct-2018,28,1.9
V0717,24-Sep-2018,18,2.0
V0717,24-Sep-2019,11,2.2
V0717,25-Aug-2018,25,2.1
V0717,25-Aug-2019,18,2.4
V0717,25-Jul-2018,3,2.9
V0717,25-Jun-2019,13,2.7
V0717,25-May-2019,4,3.9
V0717,25-Nov-2018,18,3.3
V0717,25-Oct-2018,41,3.9
V0717,25-Oct-2019,9,3.1
V0717,25-Sep-2019,5,2.0
V0717,26-Aug-2018,16,2.9
V0717,26-Aug-2019,15,3.8
V0717,26-Dec-2018,11,2.3
V0717,26-Jul-2018,10,2.0
V0717,26-Jul-2019,15,2.6
V0717,26-Jun-2019,13,2.7
V0717,26-May-2019,11,2.5
V0717,26-Nov-2018,12,2.1
V0717,26-Oct-2018,3,2.4
V0717,26-Oct-2019,12,3.4
V0717,26-Sep-2018,6,2.7
V0717,26-Sep-2019,11,3.3
V0717,27-Aug-2018,22,3.1
V0717,27-Dec-2018,16,3.1
V0717,27-Jul-2018,7,2.4
V0717,27-Jul-2019,29,3.1
V0717,27-Jun-2019,16,1.9
V0717,27-May-2019,2,2.8
V0717,27-Oct-2018,4,3.2
V0717,27-Oct-2019,35,2.2
V0717,27-Sep-2018,25,2.4
V0717,27-Sep-2019,25,2.3
V0717,28-Aug-2019,6,2.0
V0717,28-Dec-2018,26,2.6
V0717,28-Jul-2018,11,4.1
V0717,28-Jul-2019,51,2.6
V0717,28-Jun-2019,18,2.9
V0717,28-Nov-2018,17,3.4
V0717,28-Oct-2018,27,3.4
V0717,28-Oct-2019,25,4.1
V0717,28-Sep-2018,19,3.9
V0717,28-Sep-2019,15,3.7
V0717,29-Aug-2018,15,4.1
V0717,29-Aug-2019,11,2.4
V0717,29-Dec-2018,21,3.3
V0717,29-Jul-2018,20,3.9
V0717,29-Jun-2019,20,3.3
V0717,29-May-2019,4,4.1
V0717,29-Nov-2018,11,2.0
V0717,29-Oct-2018,21,2.9
V0717,29-Sep-2018,25,4.1
V0717,29-Sep-2019,24,2.7
V0717,30-Aug-2018,18,3.6
V0717,30-Aug-2019,2,1.9
V0717,30-Dec-2018,24,3.5
V0717,30-Jul-2018,23,4.0
V0717,30-Jul-2019,25,2.7
V0717,30-Jun-2019,32,1.9
V0717,30-May-2019,6,1.9
V0717,30-Nov-2018,6,3.9
V0717,30-Oct-2018,13,3.5
V0717,30-Oct-2019,21,2.1
V0717,30-Sep-2018,22,1.9
V0717,30-Sep-2019,17,3.7
V0717,31-Aug-2018,17,3.7
V0717,31-Aug-2019,20,2.1
V0717,31-Dec-2018,32,2.5
V0717,31-Jul-2018,21,3.7
V0717,31-May-2019,18,3.1
V0717,31-Oct-2018,4,4.1
V0717,31-Oct-2019,10,3.0
V0718,01-Aug-2019,15,3.4
V0718,01-Dec-2019,5,3.0
V0718,01-Jul-2019,41,4.1
V0718,01-Jun-2019,7,2.8
V0718,01-Nov-2019,11,2.4
V0718,01-Oct-2019,19,2.6
V0718,01-Sep-2019,26,3.8
V0718,02-Aug-2019,5,3.0
V0718,02-Jul-2019,13,2.7
V0718,02-Jun-2019,20,3.1
V0718,02-Nov-2019,14,2.1
V0718,02-Oct-2019,5,1.8
V0718,02-Sep-2019,20,2.5
V0718,03-Aug-2019,6,3.3
V0718,03-Jul-2019,10,3.5
V0718,03-Jun-2019,20,3.8
V0718,03-Nov-2019,11,4.0
V0718,03-Oct-2019,17,2.8
V0718,03-Sep-2019,7,3.6
V0718,04-Aug-2019,20,2.0
V0718,04-Jul-2019,18,1.9
V0718,04-Jun-2019,15,2.1
V0718,04-Nov-2019,19,2.9
V0718,04-Oct-2019,12,2.3
V0718,04-Sep-2019,7,2.5
V0718,05-Aug-2019,30,3.4
V0718,05-Jul-2019,11,2.7
V0718,05-Jun-2019,13,3.1
V0718,05-Nov-2019,6,2.8
V0718,05-Oct-2019,13,2.2
V0718,05-Sep-2019,12,2.0
V0718,06-Aug-2019,2,2.4
V0718,06-Jul-2019,19,1.9
V0718,06-Nov-2019,2,3.3
V0718,06-Oct-2019,22,3.7
V0718,06-Sep-2019,12,2.6
V0718,07-Aug-2019,10,2.7
V0718,07-Jul-2019,25,3.8
V0718,07-Jun-2019,4,2.3
V0718,07-Nov-2019,14,2.1
V0718,07-Oct-2019,23,3.0
V0718,07-Sep-2019,13,3.4
V0718,08-Aug-2019,9,3.2
V0718,08-Jul-2019,40,3.5
V0718,08-Jun-2019,28,1.9
V0718,08-Nov-2019,5,2.8
V0718,08-Oct-2019,9,2.4
V0718,08-Sep-2019,12,3.6
V0718,09-Aug-2019,8,3.9
V0718,09-Jul-2019,27,2.5
V0718,09-Jun-2019,18,2.0
V0718,09-Nov-2019,4,2.4
V0718,09-Oct-2019,10,2.0
V0718,09-Sep-2019,20,2.6
V0718,10-Aug-2019,6,3.1
V0718,10-Jul-2019,25,4.1
V0718,10-Jun-2019,35,2.8
V0718,10-Nov-2019,23,2.3
V0718,10-Oct-2019,3,2.2
V0718,10-Sep-2019,31,2.2
V0718,11-Aug-2019,29,2.3
V0718,11-Jul-2019,17,3.6
V0718,11-Jun-2019,3,1.9
V0718,11-Nov-2019,32,4.2
V0718,11-Oct-2019,3,3.1
V0718,11-Sep-2019,4,3.1
V0718,12-Aug-2019,22,2.7
V0718,12-Jul-2019,33,3.5
V0718,12-Jun-2019,13,2.9
V0718,12-Oct-2019,6,2.6
V0718,12-Sep-2019,10,2.4
V0718,13-Aug-2019,23,4.0
V0718,13-Jul-2019,43,2.5
V0718,13-Jun-2019,12,2.8
V0718,13-Oct-2019,25,2.6
V0718,13-Sep-2019,26,2.0
V0718,14-Aug-2019,13,2.2
V0718,14-Jul-2019,35,2.3
V0718,14-Jun-2019,9,3.5
V0718,14-Oct-2019,22,2.8
V0718,14-Sep-2019,20,3.7
V0718,15-Aug-2019,30,3.5
V0718,15-Jul-2019,29,2.3
V0718,15-Jun-2019,7,3.2
V0718,15-Oct-2019,7,3.6
V0718,15-Sep-2019,25,3.3
V0718,16-Aug-2019,12,3.2
V0718,16-Jul-2019,19,3.6
V0718,16-Jun-2019,20,1.9
V0718,16-Nov-2019,13,3.6
V0718,16-Oct-2019,11,2.5
V0718,16-Sep-2019,19,3.2
V0718,17-Aug-2019,5,2.4
V0718,17-Jul-2019,23,3.8
V0718,17-Jun-2019,14,3.0
V0718,17-Nov-2019,8,3.3
V0718,17-Oct-2019,17,3.7
V0718,17-Sep-2019,32,3.9
V0718,18-Aug-2019,22,3.6
V0718,18-Jul-2019,22,2.2
V0718,18-Jun-2019,20,3.9
V0718,18-May-2019,6,3.3
V0718,18-Nov-2019,9,3.3
V0718,18-Oct-2019,8,4.0
V0718,18-Sep-2019,2,2.4
V0718,19-Aug-2019,31,2.4
V0718,19-Jul-2019,27,3.0
V0718,19-Jun-2019,8,3.6
V0718,19-May-2019,22,2.9
V0718,19-Nov-2019,2,3.3
V0718,19-Oct-2019,7,2.9
V0718,19-Sep-2019,13,3.3
V0718,20-Aug-2019,4,3.8
V0718,20-Jul-2019,40,2.2
V0718,20-Jun-2019,12,3.5
V0718,20-May-2019,36,3.7
V0718,20-Oct-2019,6,2.9
V0718,20-Sep-2019,11,2.6
V0718,21-Aug-2019,6,1.8
V0718,21-Jul-2019,45,3.7
V0718,21-Jun-2019,2,2.6
V0718,21-May-2019,15,2.7
V0718,21-Oct-2019,26,2.6
V0718,21-Sep-2019,2,3.0
V0718,22-Aug-2019,7,3.5
V0718,22-Jul-2019,3,3.7
V0718,22-Jun-2019,7,2.7
V0718,22-May-2019,14,3.4
V0718,22-Oct-2019,21,3.5
V0718,22-Sep-2019,12,2.5
V0718,23-Aug-2019,5,2.0
V0718,23-Jun-2019,28,3.9
V0718,23-May-2019,3,3.4
V0718,23-Nov-2019,2,3.4
V0718,23-Oct-2019,7,1.9
V0718,23-Sep-2019,22,3.8
V0718,24-Aug-2019,8,3.2
V0718,24-Jun-2019,32,3.8
V0718,24-May-2019,22,4.1
V0718,24-Oct-2019,6,4.1
V0718,24-Sep-2019,6,3.9
V0718,25-Aug-2019,26,1.8
V0718,25-Jul-2019,21,3.9
V0718,25-Jun-2019,18,2.0
V0718,25-May-2019,3,3.8
V0718,25-Oct-2019,9,2.5
V0718,25-Sep-2019,4,3.3
V0718,26-Aug-2019,10,1.9
V0718,26-Jul-2019,43,3.7
V0718,26-Jun-2019,2,2.1
V0718,26-May-2019,24,2.8
V0718,26-Oct-2019,6,3.8
V0718,26-Sep-2019,2,3.5
V0718,27-Aug-2019,11,1.8
V0718,27-Jul-2019,12,2.8
V0718,27-Jun-2019,10,1.9
V0718,27-May-2019,10,3.4
V0718,27-Oct-2019,20,4.1
V0718,27-Sep-2019,37,3.4
V0718,28-Aug-2019,8,2.3
V0718,28-Jul-2019,2,2.7
V0718,28-Jun-2019,1,4.1
V0718,28-May-2019,18,2.3
V0718,28-Oct-2019,32,3.1
V0718,28-Sep-2019,5,2.8
V0718,29-Aug-2019,11,3.6
V0718,29-Jul-2019,15,3.9
V0718,29-Jun-2019,6,2.6
V0718,29-May-2019,10,3.4
V0718,29-Sep-2019,24,3.1
V0718,30-Aug-2019,18,2.5
V0718,30-Jul-2019,16,2.5
V0718,30-Jun-2019,21,3.1
V0718,30-May-2019,6,2.2
V0718,30-Oct-2019,12,3.7
V0718,30-Sep-2019,17,2.0
V0718,31-Aug-2019,4,2.0
V0718,31-Jul-2019,10,2.6
V0718,31-May-2019,21,2.1
V0718,31-Oct-2019,17,2.9
V0719,01-Aug-2019,37,2.8
V0719,01-Jul-2019,24,3.5
V0719,01-Sep-2019,10,4.1
V0719,02-Jul-2019,19,3.6
V0719,02-Jun-2019,11,2.2
V0719,02-Oct-2019,7,4.0
V0719,02-Sep-2019,34,2.7
V0719,03-Jun-2019,18,2.9
V0719,03-Nov-2019,7,2.8
V0719,04-Jul-2019,7,2.5
V0719,04-Jun-2019,6,3.9
V0719,04-Nov-2019,5,2.6
V0719,04-Oct-2019,6,3.2
V0719,04-Sep-2019,4,2.4
V0719,05-Jun-2019,2,3.7
V0719,05-Oct-2019,2,3.7
V0719,05-Sep-2019,5,2.5
V0719,06-Jul-2019,2,3.4
V0719,06-Jun-2019,12,3.5
V0719,06-Nov-2019,6,3.2
V0719,06-Sep-2019,6,3.2
V0719,07-Jul-2019,2,3.2
V0719,07-Nov-2019,5,2.0
V0719,07-Oct-2019,12,3.4
V0719,08-Jul-2019,26,2.9
V0719,08-Nov-2019,11,2.9
V0719,08-Oct-2019,9,3.9
V0719,08-Sep-2019,7,1.9
V0719,09-Jul-2019,4,2.4
V0719,09-Jun-2019,5,2.1
V0719,09-Nov-2019,19,1.9
V0719,09-Oct-2019,8,2.5
V0719,10-Aug-2019,8,4.2
V0719,10-Jul-2019,5,2.4
V0719,10-Nov-2019,30,3.4
V0719,10-Sep-2019,2,2.1
V0719,11-Aug-2019,30,3.2
V0719,11-Jul-2019,12,4.2
V0719,11-Jun-2019,10,2.5
V0719,11-Nov-2019,18,3.8
V0719,11-Oct-2019,11,4.2
V0719,11-Sep-2019,2,3.2
V0719,12-Aug-2019,25,2.5
V0719,12-Jul-2019,38,3.4
V0719,12-Sep-2019,4,3.8
V0719,13-Aug-2019,5,2.2
V0719,13-Jul-2019,29,2.9
V0719,13-Oct-2019,38,2.6
V0719,13-Sep-2019,7,2.5
V0719,14-Aug-2019,3,3.9
V0719,14-Jun-2019,3,2.8
V0719,14-Nov-2019,5,2.6
V0719,14-Oct-2019,33,3.2
V0719,14-Sep-2019,7,2.3
V0719,15-Jul-2019,8,2.4
V0719,15-Jun-2019,3,3.0
V0719,15-Oct-2019,3,2.8
V0719,15-Sep-2019,15,2.5
V0719,16-Oct-2019,7,1.9
V0719,17-Jul-2019,10,3.0
V0719,17-Jun-2019,32,3.8
V0719,18-Aug-2019,12,3.8
V0719,18-Jul-2019,7,2.4
V0719,18-Jun-2019,10,3.2
V0719,18-May-2019,2,3.9
V0719,18-Nov-2019,5,2.8
V0719,18-Oct-2019,12,4.0
V0719,19-Jul-2019,34,4.0
V0719,19-Jun-2019,4,2.3
V0719,19-May-2019,3,2.4
V0719,19-Oct-2019,2,2.2
V0719,19-Sep-2019,6,2.3
V0719,20-Aug-2019,2,4.0
V0719,20-Jul-2019,28,4.0
V0719,20-Jun-2019,2,1.9
V0719,20-May-2019,23,3.2
V0719,20-Oct-2019,19,3.2
V0719,21-Jul-2019,6,2.7
V0719,21-May-2019,3,3.3
V0719,21-Oct-2019,16,4.1
V0719,22-May-2019,3,2.2
V0719,22-Oct-2019,5,2.1
V0719,22-Sep-2019,16,1.9
V0719,23-Aug-2019,8,2.7
V0719,23-Jun-2019,5,2.6
V0719,23-Sep-2019,4,2.8
V0719,24-Aug-2019,4,3.0
V0719,24-Jul-2019,36,3.6
V0719,24-May-2019,16,2.7
V0719,24-Oct-2019,3,2.6
V0719,25-Aug-2019,7,3.8
V0719,25-Jun-2019,20,3.8
V0719,25-Nov-2019,7,2.4
V0719,25-Sep-2019,2,2.6
V0719,26-Aug-2019,24,3.8
V0719,26-Jul-2019,2,2.0
V0719,26-May-2019,4,2.6
V0719,27-Jun-2019,2,2.9
V0719,27-Oct-2019,16,2.2
V0719,28-Jul-2019,24,2.2
V0719,28-Jun-2019,27,2.8
V0719,28-May-2019,2,3.6
V0719,28-Oct-2019,33,3.8
V0719,28-Sep-2019,5,4.2
V0719,29-Jul-2019,25,2.0
V0719,29-Jun-2019,30,2.3
V0719,29-Sep-2019,43,3.6
V0719,30-Aug-2019,3,3.1
V0719,30-Jun-2019,28,2.6
V0719,30-Oct-2019,14,2.3
V0719,30-Sep-2019,26,2.5
V0719,31-Aug-2019,9,2.8
V0719,31-Oct-2019,7,2.2
V0720,01-Aug-2019,8,4.1
V0720,01-Jul-2019,6,2.1
V0720,01-Jun-2019,2,4.2
V0720,01-Nov-2019,9,3.8
V0720,01-Oct-2019,19,2.8
V0720,01-Sep-2019,21,3.6
V0720,02-Aug-2019,2,3.4
V0720,02-Jul-2019,8,2.3
V0720,02-Jun-2019,16,2.6
V0720,02-Nov-2019,11,3.0
V0720,02-Oct-2019,6,3.3
V0720,02-Sep-2019,21,3.1
V0720,03-Aug-2019,2,2.9
V0720,03-Jul-2019,2,2.9
V0720,03-Jun-2019,8,3.0
V0720,03-Nov-2019,9,2.8
V0720,03-Oct-2019,8,3.1
V0720,03-Sep-2019,5,3.9
V0720,04-Aug-2019,2,3.3
V0720,04-Jul-2019,8,3.5
V0720,04-Jun-2019,8,3.2
V0720,04-Nov-2019,26,3.3
V0720,04-Oct-2019,11,3.2
V0720,04-Sep-2019,7,1.9
V0720,05-Aug-2019,19,4.2
V0720,05-Jul-2019,16,1.9
V0720,05-Jun-2019,4,2.7
V0720,05-Nov-2019,4,2.1
V0720,05-Oct-2019,9,2.0
V0720,05-Sep-2019,2,3.7
V0720,06-Aug-2019,13,2.8
V0720,06-Jul-2019,6,3.7
V0720,06-Nov-2019,4,2.5
V0720,06-Oct-2019,11,2.4
V0720,06-Sep-2019,10,2.4
V0720,07-Aug-2019,2,3.3
V0720,07-Jul-2019,14,3.8
V0720,07-Jun-2019,10,2.9
V0720,07-Nov-2019,14,2.7
V0720,07-Oct-2019,13,4.1
V0720,07-Sep-2019,5,2.1
V0720,08-Aug-2019,4,3.0
V0720,08-Jul-2019,10,2.8
V0720,08-Jun-2019,4,2.0
V0720,08-Nov-2019,6,2.4
V0720,08-Oct-2019,15,1.9
V0720,08-Sep-2019,10,3.9
V0720,09-Aug-2019,11,3.3
V0720,09-Dec-2019,3,3.8
V0720,09-Jul-2019,10,3.1
V0720,09-Jun-2019,12,3.2
V0720,09-Nov-2019,10,3.5
V0720,09-Oct-2019,14,4.0
V0720,09-Sep-2019,9,2.0
V0720,10-Aug-2019,2,2.6
V0720,10-Jul-2019,8,3.5
V0720,10-Jun-2019,7,4.1
V0720,10-Nov-2019,11,4.2
V0720,10-Oct-2019,2,3.3
V0720,10-Sep-2019,15,2.3
V0720,11-Aug-2019,2,2.1
V0720,11-Jul-2019,11,4.1
V0720,11-Jun-2019,9,2.8
V0720,11-Nov-2019,20,2.3
V0720,11-Oct-2019,7,4.0
V0720,11-Sep-2019,9,2.1
V0720,12-Aug-2019,15,3.6
V0720,12-Jul-2019,7,3.3
V0720,12-Jun-2019,7,2.0
V0720,12-Nov-2019,5,2.6
V0720,12-Oct-2019,17,2.2
V0720,12-Sep-2019,2,3.3
V0720,13-Aug-2019,6,2.9
V0720,13-Jul-2019,12,1.8
V0720,13-Jun-2019,6,4.1
V0720,13-Nov-2019,3,2.6
V0720,13-Oct-2019,14,2.4
V0720,13-Sep-2019,6,2.3
V0720,14-Jul-2019,16,2.2
V0720,14-Jun-2019,8,4.2
V0720,14-Oct-2019,23,2.5
V0720,14-Sep-2019,9,2.8
V0720,15-Aug-2019,2,3.9
V0720,15-Jul-2019,20,3.3
V0720,15-Jun-2019,8,2.7
V0720,15-Nov-2019,1,4.0
V0720,15-Oct-2019,23,3.6
V0720,15-Sep-2019,11,2.3
V0720,16-Aug-2019,4,3.3
V0720,16-Jul-2019,14,4.0
V0720,16-Jun-2019,6,3.0
V0720,16-Nov-2019,2,3.6
V0720,16-Oct-2019,8,4.1
V0720,16-Sep-2019,15,3.5
V0720,17-Jul-2019,6,2.0
V0720,17-Jun-2019,12,2.4
V0720,17-Nov-2019,11,3.2
V0720,17-Oct-2019,3,2.5
V0720,17-Sep-2019,24,4.1
V0720,18-Aug-2019,12,2.8
V0720,18-Jul-2019,11,2.9
V0720,18-Jun-2019,16,3.5
V0720,18-May-2019,2,3.1
V0720,18-Nov-2019,4,2.7
V0720,18-Oct-2019,2,2.0
V0720,18-Sep-2019,6,3.2
V0720,19-Aug-2019,9,3.9
V0720,19-Jul-2019,10,3.4
V0720,19-Jun-2019,11,2.7
V0720,19-May-2019,9,2.1
V0720,19-Nov-2019,5,3.8
V0720,19-Oct-2019,11,4.1
V0720,19-Sep-2019,11,2.7
V0720,20-Aug-2019,8,3.5
V0720,20-Jul-2019,6,2.8
V0720,20-Jun-2019,2,3.0
V0720,20-May-2019,9,3.8
V0720,20-Oct-2019,10,2.0
V0720,20-Sep-2019,9,3.1
V0720,21-Aug-2019,6,2.3
V0720,21-Jul-2019,18,2.6
V0720,21-Jun-2019,2,3.3
V0720,21-May-2019,14,1.9
V0720,21-Oct-2019,18,3.2
V0720,21-Sep-2019,7,2.5
V0720,22-Aug-2019,4,3.4
V0720,22-Jul-2019,8,2.1
V0720,22-Jun-2019,12,3.6
V0720,22-May-2019,5,3.3
V0720,22-Oct-2019,2,4.1
V0720,22-Sep-2019,9,4.0
V0720,23-Jun-2019,5,2.5
V0720,23-May-2019,6,1.9
V0720,23-Oct-2019,2,3.4
V0720,23-Sep-2019,8,3.2
V0720,24-Aug-2019,4,1.9
V0720,24-Jul-2019,18,2.1
V0720,24-Jun-2019,11,3.2
V0720,24-May-2019,5,4.0
V0720,24-Nov-2019,8,4.0
V0720,24-Oct-2019,11,2.2
V0720,24-Sep-2019,4,2.7
V0720,25-Aug-2019,14,1.9
V0720,25-Jul-2019,19,2.9
V0720,25-Jun-2019,4,3.6
V0720,25-May-2019,4,3.7
V0720,25-Oct-2019,2,3.0
V0720,25-Sep-2019,2,2.0
V0720,26-Aug-2019,7,2.7
V0720,26-Jul-2019,9,4.0
V0720,26-May-2019,7,2.4
V0720,26-Oct-2019,6,2.6
V0720,26-Sep-2019,6,3.6
V0720,27-Aug-2019,6,3.6
V0720,27-Jul-2019,11,4.0
V0720,27-Jun-2019,7,2.7
V0720,27-May-2019,8,3.0
V0720,27-Oct-2019,8,2.9
V0720,27-Sep-2019,12,4.0
V0720,28-Aug-2019,2,3.6
V0720,28-Jul-2019,7,3.8
V0720,28-Jun-2019,2,2.1
V0720,28-May-2019,8,3.7
V0720,28-Oct-2019,9,2.8
V0720,28-Sep-2019,9,1.9
V0720,29-Aug-2019,11,1.9
V0720,29-Jul-2019,11,3.4
V0720,29-May-2019,2,2.7
V0720,29-Oct-2019,4,3.9
V0720,29-Sep-2019,20,3.6
V0720,30-Aug-2019,12,1.9
V0720,30-Jul-2019,16,3.4
V0720,30-Jun-2019,9,2.3
V0720,30-May-2019,10,2.8
V0720,30-Oct-2019,6,3.3
V0720,30-Sep-2019,19,3.9
V0720,31-Aug-2019,4,2.9
V0720,31-Jul-2019,2,3.7
V0720,31-May-2019,9,3.7
V0720,31-Oct-2019,2,2.8
V0722,01-Dec-2019,4,3.0
V0722,01-Jul-2019,79,3.5
V0722,01-Jun-2019,4,1.9
V0722,01-Sep-2019,11,3.9
V0722,02-Jun-2019,15,3.6
V0722,02-Oct-2019,6,2.4
V0722,02-Sep-2019,38,4.2
V0722,03-Jun-2019,13,2.2
V0722,03-Nov-2019,40,4.0
V0722,03-Oct-2019,11,2.6
V0722,03-Sep-2019,8,3.6
V0722,04-Aug-2019,38,2.9
V0722,04-Jul-2019,11,3.6
V0722,04-Nov-2019,52,2.2
V0722,04-Oct-2019,9,2.4
V0722,05-Aug-2019,57,2.0
V0722,05-Oct-2019,5,3.9
V0722,05-Sep-2019,4,2.5
V0722,06-Aug-2019,8,3.5
V0722,06-Jul-2019,18,3.8
V0722,06-Nov-2019,10,4.0
V0722,06-Oct-2019,66,2.1
V0722,06-Sep-2019,33,3.9
V0722,07-Jun-2019,7,2.3
V0722,07-Nov-2019,26,3.6
V0722,07-Oct-2019,25,3.5
V0722,08-Jul-2019,95,1.8
V0722,08-Jun-2019,17,2.3
V0722,08-Nov-2019,9,3.0
V0722,08-Oct-2019,13,2.8
V0722,08-Sep-2019,6,4.0
V0722,09-Jul-2019,6,2.7
V0722,09-Jun-2019,24,4.0
V0722,09-Nov-2019,8,2.9
V0722,09-Oct-2019,3,4.1
V0722,09-Sep-2019,26,3.6
V0722,10-Aug-2019,6,3.8
V0722,10-Jul-2019,2,2.1
V0722,10-Jun-2019,26,3.2
V0722,10-Nov-2019,37,2.1
V0722,10-Oct-2019,9,2.5
V0722,11-Aug-2019,24,3.3
V0722,11-Jun-2019,30,3.5
V0722,11-Nov-2019,41,1.9
V0722,11-Oct-2019,25,3.1
V0722,11-Sep-2019,32,3.2
V0722,12-Aug-2019,66,2.0
V0722,12-Jul-2019,21,3.0
V0722,12-Jun-2019,13,3.5
V0722,12-Oct-2019,11,1.9
V0722,12-Sep-2019,14,3.6
V0722,13-Jul-2019,67,3.2
V0722,13-Jun-2019,10,3.8
V0722,13-Nov-2019,9,2.3
V0722,13-Oct-2019,36,3.8
V0722,13-Sep-2019,40,2.0
V0722,14-Jul-2019,13,2.8
V0722,14-Oct-2019,49,2.3
V0722,15-Aug-2019,20,3.9
V0722,15-Jul-2019,8,3.5
V0722,15-Sep-2019,24,1.9
V0722,16-Dec-2019,6,1.8
V0722,16-Jul-2019,6,2.5
V0722,16-Jun-2019,29,2.1
V0722,16-Sep-2019,45,3.3
V0722,17-Jun-2019,67,3.4
V0722,17-Nov-2019,20,4.1
V0722,17-Oct-2019,24,4.1
V0722,18-Aug-2019,22,3.4
V0722,18-Jul-2019,33,1.8
V0722,18-Jun-2019,33,2.7
V0722,18-Nov-2019,6,3.0
V0722,18-Oct-2019,47,3.0
V0722,18-Sep-2019,2,3.2
V0722,19-Aug-2019,42,4.1
V0722,19-Jul-2019,81,3.9
V0722,19-Oct-2019,24,2.1
V0722,20-Jul-2019,90,2.4
V0722,20-Jun-2019,19,3.8
V0722,20-Oct-2019,46,3.8
V0722,20-Sep-2019,29,2.5
V0722,21-Jul-2019,122,3.6
V0722,21-Jun-2019,7,3.4
V0722,21-Oct-2019,48,2.9
V0722,22-Aug-2019,5,2.3
V0722,22-Jul-2019,6,3.9
V0722,22-Jun-2019,6,3.4
V0722,22-Sep-2019,12,2.2
V0722,23-Aug-2019,25,3.5
V0722,23-Jun-2019,31,3.6
V0722,23-Sep-2019,14,3.9
V0722,24-Aug-2019,15,2.3
V0722,24-Jul-2019,35,4.2
V0722,24-Jun-2019,69,2.2
V0722,24-Oct-2019,25,3.2
V0722,25-Aug-2019,40,3.4
V0722,25-Jul-2019,18,2.8
V0722,25-Nov-2019,14,2.9
V0722,25-Sep-2019,5,3.9
V0722,26-Aug-2019,19,3.3
V0722,26-Jul-2019,7,3.0
V0722,26-May-2019,22,2.1
V0722,26-Sep-2019,8,1.8
V0722,27-Jul-2019,3,2.1
V0722,27-Jun-2019,3,4.1
V0722,27-May-2019,45,3.6
V0722,27-Oct-2019,14,4.1
V0722,28-Aug-2019,16,1.9
V0722,28-Jul-2019,4,3.4
V0722,28-Jun-2019,14,1.9
V0722,28-May-2019,4,3.7
V0722,28-Oct-2019,17,2.7
V0722,28-Sep-2019,2,2.0
V0722,29-Jul-2019,34,3.2
V0722,29-Oct-2019,34,2.5
V0722,29-Sep-2019,33,3.4
V0722,30-Aug-2019,3,3.4
V0722,30-Jul-2019,38,3.5
V0722,30-Jun-2019,66,4.2
V0722,30-May-2019,6,2.7
V0722,30-Sep-2019,47,2.9
V0722,31-Aug-2019,8,3.7
V0722,31-Jul-2019,14,3.2
V0722,31-Oct-2019,12,1.9
V0725,01-Jul-2019,9,3.8
V0725,01-Nov-2019,2,1.9
V0725,01-Oct-2019,2,2.2
V0725,02-Aug-2019,3,2.0
V0725,02-Nov-2019,5,2.0
V0725,02-Oct-2019,14,1.9
V0725,03-Dec-2019,3,1.9
V0725,03-Jul-2019,5,2.9
V0725,03-Jun-2019,2,2.4
V0725,04-Jun-2019,2,2.1
V0725,04-Nov-2019,2,3.4
V0725,05-Aug-2019,2,2.3
V0725,05-Jul-2019,4,1.8
V0725,05-Jun-2019,2,2.8
V0725,05-Nov-2019,8,2.5
V0725,06-Jul-2019,3,2.6
V0725,07-Jul-2019,2,2.9
V0725,07-Jun-2019,4,3.4
V0725,07-Oct-2019,12,3.3
V0725,08-Jul-2019,5,4.0
V0725,08-Jun-2019,5,3.0
V0725,08-Oct-2019,11,2.9
V0725,09-Jul-2019,2,2.3
V0725,09-Oct-2019,3,3.6
V0725,09-Sep-2019,4,2.1
V0725,10-Jul-2019,10,3.0
V0725,10-Sep-2019,2,2.8
V0725,11-Jun-2019,5,3.4
V0725,11-Oct-2019,2,4.0
V0725,11-Sep-2019,6,4.1
V0725,12-Jul-2019,2,2.2
V0725,12-Jun-2019,2,2.4
V0725,13-Aug-2019,2,3.7
V0725,13-Sep-2019,2,3.0
V0725,14-Aug-2019,6,2.9
V0725,14-Jul-2019,10,3.5
V0725,14-Jun-2019,3,3.2
V0725,14-Oct-2019,2,4.1
V0725,14-Sep-2019,7,3.2
V0725,15-Jul-2019,10,2.9
V0725,15-Jun-2019,2,3.1
V0725,15-Oct-2019,3,3.7
V0725,15-Sep-2019,12,3.3
V0725,16-Jul-2019,6,3.4
V0725,16-Jun-2019,5,4.1
V0725,16-Sep-2019,7,3.3
V0725,17-Aug-2019,2,2.7
V0725,17-Jul-2019,10,3.5
V0725,17-Jun-2019,5,3.4
V0725,17-Sep-2019,8,1.8
V0725,18-Aug-2019,2,2.9
V0725,18-Jun-2019,3,3.6
V0725,19-Jun-2019,4,3.0
V0725,19-Oct-2019,6,3.7
V0725,20-Aug-2019,8,2.9
V0725,20-Oct-2019,16,4.2
V0725,21-Aug-2019,2,2.5
V0725,21-Jun-2019,8,2.0
V0725,22-Jun-2019,6,2.8
V0725,22-Oct-2019,14,3.1
V0725,22-Sep-2019,7,2.6
V0725,23-Oct-2019,4,2.4
V0725,24-Aug-2019,8,3.4
V0725,24-Jun-2019,4,2.7
V0725,25-Aug-2019,3,3.3
V0725,25-Oct-2019,2,3.7
V0725,25-Sep-2019,11,3.6
V0725,26-Aug-2019,7,2.7
V0725,26-Jun-2019,3,3.2
V0725,26-Oct-2019,7,2.9
V0725,28-Oct-2019,4,3.9
V0725,28-Sep-2019,2,3.9
V0725,29-Jun-2019,2,2.6
V0725,29-Oct-2019,4,2.0
V0725,29-Sep-2019,9,2.2
V0725,30-Jul-2019,2,2.7
V0725,30-Jun-2019,19,3.2
V0725,30-Oct-2019,2,3.4
V0725,30-Sep-2019,28,2.6
V0728,01-Aug-2019,10,3.4
V0728,01-Jul-2019,33,4.1
V0728,01-Nov-2019,7,3.4
V0728,01-Oct-2019,7,2.2
V0728,01-Sep-2019,3,3.2
V0728,02-Jul-2019,12,3.1
V0728,02-Nov-2019,11,3.9
V0728,02-Oct-2019,9,2.6
V0728,02-Sep-2019,24,2.8
V0728,03-Aug-2019,15,3.2
V0728,03-Jul-2019,10,3.1
V0728,03-Nov-2019,12,3.5
V0728,03-Sep-2019,12,1.9
V0728,04-Aug-2019,5,3.2
V0728,04-Jul-2019,4,2.1
V0728,04-Nov-2019,20,2.6
V0728,04-Oct-2019,7,3.4
V0728,04-Sep-2019,6,2.2
V0728,05-Aug-2019,10,2.5
V0728,05-Jul-2019,4,3.5
V0728,05-Nov-2019,19,3.4
V0728,06-Aug-2019,7,2.0
V0728,06-Nov-2019,2,3.2
V0728,06-Oct-2019,9,2.2
V0728,07-Aug-2019,6,2.4
V0728,07-Jul-2019,20,2.9
V0728,07-Oct-2019,17,2.1
V0728,07-Sep-2019,3,4.2
V0728,08-Jul-2019,33,2.2
V0728,08-Oct-2019,10,3.7
V0728,08-Sep-2019,18,3.8
V0728,09-Aug-2019,8,4.2
V0728,09-Jul-2019,17,2.8
V0728,09-Nov-2019,4,3.9
V0728,09-Oct-2019,16,4.1
V0728,09-Sep-2019,7,2.2
V0728,10-Jul-2019,6,3.0
V0728,10-Nov-2019,21,1.9
V0728,10-Sep-2019,16,3.3
V0728,11-Aug-2019,6,3.2
V0728,11-Jul-2019,3,2.3
V0728,11-Nov-2019,8,3.7
V0728,11-Oct-2019,9,1.9
V0728,11-Sep-2019,12,3.7
V0728,12-Aug-2019,19,1.9
V0728,12-Jul-2019,10,3.4
V0728,12-Nov-2019,17,2.0
V0728,12-Oct-2019,15,2.4
V0728,12-Sep-2019,6,3.5
V0728,13-Aug-2019,2,2.5
V0728,13-Jul-2019,20,3.0
V0728,13-Nov-2019,9,4.0
V0728,13-Oct-2019,26,1.9
V0728,14-Aug-2019,6,3.7
V0728,14-Jul-2019,21,2.0
V0728,14-Nov-2019,15,2.1
V0728,14-Oct-2019,13,2.1
V0728,15-Jul-2019,9,4.2
V0728,15-Oct-2019,13,2.2
V0728,15-Sep-2019,10,4.0
V0728,16-Jul-2019,13,4.2
V0728,16-Jun-2019,11,2.7
V0728,16-Oct-2019,12,3.3
V0728,16-Sep-2019,12,3.7
V0728,17-Aug-2019,4,2.7
V0728,17-Jul-2019,16,2.2
V0728,17-Jun-2019,18,2.8
V0728,17-Oct-2019,12,3.7
V0728,17-Sep-2019,8,3.7
V0728,18-Aug-2019,30,2.4
V0728,18-Jul-2019,22,2.2
V0728,18-Jun-2019,4,4.0
V0728,18-Oct-2019,9,1.9
V0728,18-Sep-2019,9,3.6
V0728,19-Aug-2019,23,1.9
V0728,19-Jul-2019,27,3.8
V0728,19-Jun-2019,8,4.0
V0728,20-Aug-2019,19,2.5
V0728,20-Jul-2019,26,2.0
V0728,20-Oct-2019,5,3.0
V0728,20-Sep-2019,4,2.5
V0728,21-Aug-2019,18,2.8
V0728,21-Jul-2019,28,3.4
V0728,21-Jun-2019,3,2.3
V0728,21-Oct-2019,2,2.7
V0728,22-Aug-2019,2,3.7
V0728,22-Jul-2019,23,3.3
V0728,22-Jun-2019,20,2.6
V0728,22-Oct-2019,8,3.4
V0728,22-Sep-2019,9,3.6
V0728,23-Jul-2019,28,3.2
V0728,23-Jun-2019,25,2.4
V0728,23-Oct-2019,3,1.8
V0728,23-Sep-2019,20,3.7
V0728,24-Aug-2019,3,3.8
V0728,24-Jul-2019,23,3.5
V0728,24-Jun-2019,21,2.0
V0728,24-Oct-2019,11,3.2
V0728,24-Sep-2019,2,3.8
V0728,25-Jul-2019,23,2.7
V0728,25-Oct-2019,7,2.3
V0728,25-Sep-2019,20,3.2
V0728,26-Aug-2019,14,3.8
V0728,26-Jul-2019,2,1.9
V0728,26-Jun-2019,6,3.2
V0728,26-Oct-2019,12,3.3
V0728,27-Jul-2019,8,3.2
V0728,27-Oct-2019,18,3.4
V0728,28-Aug-2019,7,3.3
V0728,28-Jul-2019,7,2.1
V0728,28-Oct-2019,19,2.4
V0728,29-Jul-2019,20,3.3
V0728,29-Sep-2019,7,1.8
V0728,30-Aug-2019,2,3.3
V0728,30-Jul-2019,14,3.4
V0728,30-Jun-2019,16,2.4
V0728,30-Oct-2019,12,3.2
V0728,30-Sep-2019,20,3.1
V0728,31-Jul-2019,4,2.4
V0728,31-Oct-2019,4,2.9
V0730,05-Sep-2019,3,4.0
V0731,01-Aug-2019,2,2.8
V0731,01-Jul-2019,45,3.3
V0731,01-Jun-2019,5,1.9
V0731,01-Oct-2019,19,2.0
V0731,01-Sep-2019,20,2.0
V0731,02-Aug-2019,9,3.7
V0731,02-Jul-2019,7,2.6
V0731,02-Nov-2019,8,2.3
V0731,02-Oct-2019,10,3.6
V0731,02-Sep-2019,25,2.2
V0731,03-Jun-2019,18,2.4
V0731,03-Nov-2019,17,2.8
V0731,03-Oct-2019,15,2.6
V0731,03-Sep-2019,8,3.2
V0731,04-Aug-2019,24,2.6
V0731,04-Jul-2019,13,2.7
V0731,04-Jun-2019,10,3.9
V0731,04-Nov-2019,24,3.9
V0731,04-Oct-2019,45,3.8
V0731,04-Sep-2019,32,3.9
V0731,05-Aug-2019,24,3.2
V0731,05-Jul-2019,2,3.4
V0731,05-Jun-2019,10,3.1
V0731,05-Nov-2019,4,3.7
V0731,05-Oct-2019,38,3.1
V0731,05-Sep-2019,19,2.1
V0731,06-Aug-2019,16,3.7
V0731,06-Oct-2019,18,3.6
V0731,06-Sep-2019,12,3.8
V0731,07-Jul-2019,60,2.3
V0731,07-Jun-2019,10,2.5
V0731,07-Nov-2019,3,2.5
V0731,07-Oct-2019,56,3.0
V0731,07-Sep-2019,26,2.1
V0731,08-Aug-2019,6,2.7
V0731,08-Jul-2019,57,2.2
V0731,08-Jun-2019,6,2.4
V0731,08-Nov-2019,13,3.5
V0731,08-Oct-2019,31,3.9
V0731,08-Sep-2019,31,1.9
V0731,09-Aug-2019,10,3.2
V0731,09-Jul-2019,4,1.9
V0731,09-Jun-2019,17,2.0
V0731,09-Nov-2019,12,3.5
V0731,09-Oct-2019,11,3.6
V0731,09-Sep-2019,34,3.8
V0731,10-Aug-2019,23,2.9
V0731,10-Jul-2019,6,3.9
V0731,10-Jun-2019,18,2.2
V0731,10-Nov-2019,12,2.4
V0731,10-Oct-2019,5,2.1
V0731,10-Sep-2019,7,3.7
V0731,11-Aug-2019,15,2.3
V0731,11-Jul-2019,6,2.2
V0731,11-Jun-2019,6,3.3
V0731,11-Nov-2019,42,2.0
V0731,11-Oct-2019,21,1.9
V0731,11-Sep-2019,13,2.1
V0731,12-Aug-2019,24,1.8
V0731,12-Jul-2019,3,3.5
V0731,12-Jun-2019,25,3.1
V0731,12-Nov-2019,6,2.3
V0731,12-Oct-2019,15,2.4
V0731,12-Sep-2019,9,3.7
V0731,13-Aug-2019,8,3.0
V0731,13-Jul-2019,43,3.5
V0731,13-Jun-2019,13,2.9
V0731,13-Nov-2019,12,2.4
V0731,13-Oct-2019,61,4.1
V0731,13-Sep-2019,5,3.2
V0731,14-Aug-2019,14,2.1
V0731,14-Jul-2019,58,2.8
V0731,14-Jun-2019,19,2.6
V0731,14-Oct-2019,52,2.3
V0731,14-Sep-2019,17,4.0
V0731,15-Aug-2019,4,3.9
V0731,15-Jul-2019,33,2.3
V0731,15-Oct-2019,6,2.6
V0731,15-Sep-2019,11,3.6
V0731,16-Jul-2019,20,2.3
V0731,16-Jun-2019,21,3.2
V0731,16-Nov-2019,6,3.5
V0731,16-Oct-2019,10,3.4
V0731,16-Sep-2019,50,3.5
V0731,17-Aug-2019,16,3.5
V0731,17-Jun-2019,37,4.1
V0731,17-Nov-2019,7,2.6
V0731,17-Oct-2019,6,3.9
V0731,17-Sep-2019,6,1.9
V0731,18-Aug-2019,38,2.5
V0731,18-Jul-2019,8,1.9
V0731,18-Jun-2019,10,3.4
V0731,18-May-2019,2,2.0
V0731,18-Nov-2019,9,3.8
V0731,18-Oct-2019,2,3.4
V0731,18-Sep-2019,3,1.9
V0731,19-Aug-2019,69,3.5
V0731,19-Jul-2019,31,3.9
V0731,19-Jun-2019,3,3.4
V0731,19-May-2019,25,1.9
V0731,19-Oct-2019,3,3.9
V0731,19-Sep-2019,10,3.6
V0731,20-Aug-2019,2,2.7
V0731,20-Jul-2019,62,2.6
V0731,20-May-2019,5,3.0
V0731,20-Nov-2019,2,3.9
V0731,20-Oct-2019,8,2.4
V0731,20-Sep-2019,35,2.0
V0731,21-Aug-2019,4,3.9
V0731,21-Jul-2019,63,1.9
V0731,21-Jun-2019,6,4.0
V0731,21-May-2019,35,2.5
V0731,21-Oct-2019,18,3.0
V0731,21-Sep-2019,6,2.1
V0731,22-Aug-2019,5,4.0
V0731,22-Oct-2019,6,3.6
V0731,22-Sep-2019,8,4.0
V0731,23-Aug-2019,8,3.4
V0731,23-Jun-2019,34,2.2
V0731,23-May-2019,2,2.5
V0731,23-Oct-2019,4,3.0
V0731,23-Sep-2019,62,3.3
V0731,24-Aug-2019,4,4.0
V0731,24-Jul-2019,45,2.7
V0731,24-Jun-2019,33,3.5
V0731,24-May-2019,8,4.1
V0731,24-Oct-2019,23,2.2
V0731,24-Sep-2019,12,3.9
V0731,25-Aug-2019,14,2.8
V0731,25-Jul-2019,8,3.6
V0731,25-Jun-2019,12,2.5
V0731,25-May-2019,4,2.6
V0731,25-Nov-2019,4,1.9
V0731,25-Oct-2019,16,4.1
V0731,25-Sep-2019,8,3.8
V0731,26-Aug-2019,43,2.0
V0731,26-Jul-2019,29,4.2
V0731,26-Jun-2019,15,3.3
V0731,26-May-2019,15,3.8
V0731,26-Oct-2019,19,2.0
V0731,26-Sep-2019,15,2.7
V0731,27-Aug-2019,24,3.4
V0731,27-Jul-2019,25,2.1
V0731,27-May-2019,9,3.0
V0731,27-Oct-2019,37,2.9
V0731,27-Sep-2019,23,2.3
V0731,28-Aug-2019,10,2.5
V0731,28-Jul-2019,11,4.1
V0731,28-Jun-2019,33,2.5
V0731,28-May-2019,2,2.3
V0731,28-Oct-2019,11,3.1
V0731,28-Sep-2019,25,3.4
V0731,29-Aug-2019,7,3.5
V0731,29-Jul-2019,50,3.6
V0731,29-Jun-2019,7,1.9
V0731,29-Oct-2019,8,2.7
V0731,29-Sep-2019,39,3.7
V0731,30-Aug-2019,4,4.0
V0731,30-Jul-2019,51,3.2
V0731,30-Jun-2019,16,1.9
V0731,30-Oct-2019,13,2.8
V0731,30-Sep-2019,36,2.0
V0731,31-Aug-2019,8,3.6
V0731,31-Jul-2019,33,2.0
V0734,02-Aug-2019,5,2.2
V0734,03-Nov-2019,3,2.8
V0734,04-Aug-2019,3,2.9
V0734,04-Oct-2019,3,2.8
V0734,06-Aug-2019,2,2.9
V0734,07-Jul-2019,8,3.5
V0734,09-Nov-2019,4,2.7
V0734,11-Nov-2019,2,3.1
V0734,14-Jul-2019,2,2.5
V0734,15-Sep-2019,2,2.6
V0734,16-Jun-2019,1,3.3
V0734,17-Jun-2019,4,3.0
V0734,17-Oct-2019,5,3.5
V0734,18-May-2019,10,3.1
V0734,18-Nov-2019,4,3.7
V0734,20-Jan-2019,7,2.9
V0734,20-May-2019,9,3.0
V0734,20-Sep-2019,5,3.4
V0734,25-Aug-2019,5,2.3
V0734,25-Jun-2019,4,2.7
V0734,26-May-2019,4,3.3
V0734,26-Oct-2019,10,1.9
V0734,28-Jun-2019,10,2.8
V0734,29-Jun-2019,10,3.2
V0734,29-Sep-2019,16,4.1
V0734,30-Jun-2019,8,3.9
V0738,01-Dec-2018,6,2.5
V0738,01-Jul-2019,25,3.0
V0738,01-Jun-2019,3,1.9
V0738,01-Nov-2019,10,2.4
V0738,02-Jul-2019,7,3.7
V0738,02-Sep-2019,18,2.1
V0738,03-Aug-2019,3,2.4
V0738,03-Nov-2019,13,4.1
V0738,04-Jul-2019,9,3.8
V0738,04-Nov-2018,11,3.7
V0738,04-Oct-2019,7,3.9
V0738,05-Nov-2018,10,3.6
V0738,07-Aug-2019,12,2.1
V0738,07-Jul-2019,16,3.0
V0738,07-Jun-2019,4,2.9
V0738,08-Nov-2019,13,2.5
V0738,09-Jun-2019,12,3.8
V0738,09-Nov-2018,14,2.9
V0738,10-Jun-2019,4,1.9
V0738,11-Nov-2019,19,2.5
V0738,12-Jul-2019,18,2.3
V0738,12-Nov-2018,7,3.9
V0738,12-Nov-2019,6,3.4
V0738,13-Jul-2019,19,3.1
V0738,13-Nov-2019,2,3.0
V0738,13-Sep-2019,15,3.4
V0738,14-Jul-2019,16,3.6
V0738,14-Jun-2019,2,3.1
V0738,14-Oct-2018,11,4.1
V0738,14-Oct-2019,21,4.1
V0738,15-Jan-2019,7,4.2
V0738,15-Jul-2019,16,3.4
V0738,15-Oct-2019,4,4.0
V0738,15-Sep-2019,4,2.8
V0738,16-Jun-2019,4,3.9
V0738,16-Oct-2019,3,4.0
V0738,16-Sep-2019,4,4.0
V0738,17-Jul-2019,3,3.8
V0738,17-Jun-2019,16,2.8
V0738,17-Nov-2019,10,2.2
V0738,19-Aug-2019,17,2.6
V0738,19-Jul-2019,20,3.6
V0738,19-May-2019,5,2.4
V0738,19-Sep-2019,2,2.9
V0738,20-Aug-2019,22,3.2
V0738,20-Jan-2019,4,3.2
V0738,20-Jul-2019,2,4.0
V0738,20-Jun-2019,10,3.4
V0738,20-May-2019,12,3.7
V0738,20-Sep-2019,3,3.2
V0738,21-Jul-2019,14,3.8
V0738,21-Oct-2019,9,2.4
V0738,22-Aug-2019,31,2.3
V0738,22-Jan-2019,11,4.0
V0738,22-Jul-2019,6,3.5
V0738,22-Jun-2019,18,3.4
V0738,22-Nov-2019,6,2.9
V0738,24-Jul-2018,6,2.7
V0738,24-Jun-2019,11,3.1
V0738,24-Oct-2019,4,2.1
V0738,25-Aug-2019,3,2.9
V0738,25-Jan-2019,10,2.9
V0738,25-Jul-2019,12,3.1
V0738,25-Oct-2019,20,3.3
V0738,26-Sep-2018,8,4.1
V0738,27-Oct-2019,8,3.4
V0738,27-Sep-2018,2,3.9
V0738,28-Jan-2019,7,3.1
V0738,28-Jul-2018,9,3.3
V0738,28-Oct-2019,2,2.0
V0738,28-Sep-2018,4,2.1
V0738,29-Aug-2019,12,3.2
V0738,29-Jul-2019,16,2.7
V0738,29-Jun-2019,6,3.7
V0738,30-Jul-2019,2,3.1
V0738,30-Jun-2019,21,3.9
V0738,31-Jan-2019,15,4.1
V0738,31-Jul-2018,6,2.2
V0738,31-May-2019,4,2.7
V0743,01-Sep-2019,2,3.4
V0743,02-Oct-2019,2,2.5
V0743,03-Oct-2019,9,2.4
V0743,04-Sep-2019,1,3.8
V0743,05-Sep-2019,3,4.2
V0743,06-Jul-2019,14,3.7
V0743,06-Sep-2019,7,3.1
V0743,07-Sep-2019,9,2.9
V0743,10-Nov-2019,2,3.1
V0743,11-Oct-2019,2,2.9
V0743,12-Oct-2019,6,3.0
V0743,13-Jun-2019,3,2.3
V0743,13-Sep-2019,7,4.0
V0743,14-Aug-2019,8,3.6
V0743,14-Sep-2019,2,3.4
V0743,15-Aug-2019,3,4.1
V0743,17-Aug-2019,5,2.5
V0743,18-Aug-2019,2,2.0
V0743,18-Oct-2019,2,3.8
V0743,19-Jul-2019,2,4.2
V0743,19-Jun-2019,3,3.2
V0743,19-Oct-2019,2,1.9
V0743,20-Oct-2019,8,3.7
V0743,20-Sep-2019,9,2.0
V0743,21-Jun-2019,4,3.1
V0743,21-Sep-2019,2,2.5
V0743,22-Sep-2019,4,4.0
V0743,23-Oct-2019,2,2.9
V0743,25-Aug-2019,6,4.0
V0743,25-Oct-2019,6,2.5
V0743,26-Oct-2019,11,2.7
V0743,27-Sep-2019,5,4.1
V0743,29-Aug-2019,3,2.3
V0743,29-Jun-2019,2,3.2
V0743,31-Aug-2019,2,2.7
V0744,01-Aug-2018,15,3.7
V0744,01-Aug-2019,23,2.1
V0744,01-Dec-2018,2,2.8
V0744,01-Dec-2019,5,3.5
V0744,01-Feb-2019,18,2.8
V0744,01-Jan-2019,31,1.9
V0744,01-Jul-2019,51,3.5
V0744,01-Jun-2019,3,3.0
V0744,01-Nov-2018,6,1.8
V0744,01-Nov-2019,4,3.3
V0744,01-Oct-2018,46,4.0
V0744,01-Oct-2019,48,2.1
V0744,01-Sep-2018,8,3.2
V0744,01-Sep-2019,28,3.5
V0744,02-Aug-2018,17,2.0
V0744,02-Dec-2018,26,1.9
V0744,02-Feb-2019,3,2.9
V0744,02-Jul-2019,33,3.7
V0744,02-Jun-2019,9,2.2
V0744,02-Nov-2018,9,3.8
V0744,02-Nov-2019,26,3.4
V0744,02-Oct-2018,37,2.6
V0744,02-Sep-2018,22,3.0
V0744,02-Sep-2019,42,4.1
V0744,03-Aug-2019,8,2.3
V0744,03-Dec-2018,44,3.0
V0744,03-Feb-2019,46,3.3
V0744,03-Jan-2019,11,2.1
V0744,03-Jun-2019,25,1.9
V0744,03-Nov-2018,18,1.8
V0744,03-Nov-2019,39,2.6
V0744,03-Oct-2019,38,2.0
V0744,03-Sep-2018,47,3.7
V0744,03-Sep-2019,17,4.2
V0744,04-Aug-2018,16,1.9
V0744,04-Aug-2019,24,2.8
V0744,04-Dec-2018,33,1.9
V0744,04-Feb-2019,31,2.1
V0744,04-Jan-2019,28,2.6
V0744,04-Jul-2019,10,2.7
V0744,04-Jun-2019,28,4.1
V0744,04-Nov-2018,45,2.8
V0744,04-Nov-2019,42,3.0
V0744,04-Oct-2018,17,2.4
V0744,04-Oct-2019,23,1.8
V0744,04-Sep-2018,10,4.0
V0744,05-Aug-2018,15,2.0
V0744,05-Aug-2019,34,4.1
V0744,05-Feb-2019,27,2.1
V0744,05-Jan-2019,10,3.3
V0744,05-Jul-2019,45,4.2
V0744,05-Nov-2018,38,2.1
V0744,05-Nov-2019,16,2.8
V0744,05-Oct-2018,34,3.7
V0744,05-Oct-2019,12,1.9
V0744,05-Sep-2019,25,3.5
V0744,06-Aug-2018,42,2.0
V0744,06-Aug-2019,24,2.4
V0744,06-Dec-2018,17,2.2
V0744,06-Feb-2019,24,4.0
V0744,06-Jan-2019,20,2.2
V0744,06-Jul-2019,22,1.9
V0744,06-Jun-2019,19,3.2
V0744,06-Nov-2018,17,2.6
V0744,06-Oct-2018,8,2.8
V0744,06-Oct-2019,36,2.1
V0744,06-Sep-2018,13,3.6
V0744,06-Sep-2019,29,3.2
V0744,07-Aug-2018,23,2.7
V0744,07-Dec-2018,6,2.2
V0744,07-Dec-2019,21,3.2
V0744,07-Jan-2019,38,3.7
V0744,07-Jul-2019,49,2.5
V0744,07-Nov-2019,15,1.9
V0744,07-Oct-2018,50,2.3
V0744,07-Oct-2019,44,3.4
V0744,07-Sep-2019,10,4.2
V0744,08-Aug-2019,19,1.8
V0744,08-Dec-2018,5,2.5
V0744,08-Jan-2019,54,1.9
V0744,08-Jul-2019,46,2.6
V0744,08-Jun-2019,5,2.8
V0744,08-Nov-2018,7,4.0
V0744,08-Nov-2019,17,2.0
V0744,08-Oct-2018,37,3.7
V0744,08-Oct-2019,58,2.7
V0744,08-Sep-2018,12,3.7
V0744,08-Sep-2019,32,3.0
V0744,09-Aug-2018,16,1.9
V0744,09-Aug-2019,7,4.1
V0744,09-Dec-2018,45,2.0
V0744,09-Jul-2019,40,3.2
V0744,09-Jun-2019,10,3.9
V0744,09-Nov-2018,12,2.0
V0744,09-Nov-2019,9,3.1
V0744,09-Oct-2018,25,3.8
V0744,09-Oct-2019,40,4.2
V0744,09-Sep-2018,29,3.5
V0744,09-Sep-2019,58,2.5
V0744,10-Aug-2018,8,3.5
V0744,10-Aug-2019,15,3.5
V0744,10-Dec-2018,45,3.5
V0744,10-Jan-2019,12,3.9
V0744,10-Jun-2019,42,2.0
V0744,10-Nov-2018,2,2.1
V0744,10-Nov-2019,36,3.3
V0744,10-Oct-2018,35,4.1
V0744,10-Oct-2019,32,2.9
V0744,10-Sep-2018,31,4.1
V0744,10-Sep-2019,23,4.1
V0744,11-Aug-2018,16,4.0
V0744,11-Aug-2019,37,4.0
V0744,11-Dec-2018,29,4.0
V0744,11-Jan-2019,22,3.8
V0744,11-Jul-2019,29,3.5
V0744,11-Jun-2019,18,1.9
V0744,11-Nov-2018,50,2.1
V0744,11-Nov-2019,35,2.1
V0744,11-Oct-2018,35,1.9
V0744,11-Oct-2019,24,2.1
V0744,11-Sep-2018,24,4.0
V0744,12-Aug-2018,36,3.4
V0744,12-Aug-2019,42,2.5
V0744,12-Jan-2019,7,3.7
V0744,12-Jul-2019,29,3.0
V0744,12-Nov-2018,30,2.1
V0744,12-Nov-2019,9,3.9
V0744,12-Oct-2019,31,2.6
V0744,12-Sep-2019,33,3.5
V0744,13-Aug-2018,52,2.5
V0744,13-Aug-2019,29,3.0
V0744,13-Dec-2018,16,3.8
V0744,13-Jan-2019,27,2.2
V0744,13-Jul-2019,54,4.1
V0744,13-Jun-2019,16,2.0
V0744,13-Nov-2018,15,3.1
V0744,13-Oct-2018,12,4.0
V0744,13-Oct-2019,55,4.1
V0744,13-Sep-2018,15,2.4
V0744,14-Aug-2018,40,2.1
V0744,14-Dec-2018,11,3.5
V0744,14-Jan-2019,42,1.9
V0744,14-Jul-2019,37,3.0
V0744,14-Jun-2019,17,3.7
V0744,14-Nov-2019,9,3.1
V0744,14-Oct-2018,36,2.3
V0744,14-Oct-2019,47,3.0
V0744,14-Sep-2018,15,4.0
V0744,14-Sep-2019,4,3.3
V0744,15-Aug-2019,8,3.5
V0744,15-Dec-2018,6,2.6
V0744,15-Jan-2019,17,2.3
V0744,15-Jul-2019,25,2.4
V0744,15-Jun-2019,28,3.1
V0744,15-Nov-2018,23,2.5
V0744,15-Oct-2018,47,3.1
V0744,15-Oct-2019,48,3.5
V0744,15-Sep-2018,11,3.6
V0744,15-Sep-2019,40,2.2
V0744,16-Aug-2018,10,3.6
V0744,16-Aug-2019,23,3.4
V0744,16-Dec-2018,31,1.8
V0744,16-Dec-2019,30,1.9
V0744,16-Jul-2019,27,3.4
V0744,16-Jun-2019,22,2.7
V0744,16-Nov-2018,17,2.2
V0744,16-Nov-2019,11,1.9
V0744,16-Oct-2018,17,2.2
V0744,16-Sep-2018,31,4.1
V0744,16-Sep-2019,38,3.5
V0744,17-Aug-2018,17,3.1
V0744,17-Aug-2019,5,4.1
V0744,17-Dec-2018,36,3.3
V0744,17-Jan-2019,16,3.5
V0744,17-Jul-2019,43,2.5
V0744,17-Jun-2019,47,3.2
V0744,17-Nov-2018,27,2.1
V0744,17-Nov-2019,35,2.8
V0744,17-Oct-2018,34,1.9
V0744,17-Oct-2019,52,2.3
V0744,17-Sep-2018,38,2.0
V0744,17-Sep-2019,16,2.7
V0744,18-Aug-2018,24,3.8
V0744,18-Aug-2019,33,2.7
V0744,18-Dec-2018,15,3.8
V0744,18-Jan-2019,24,3.4
V0744,18-Jul-2019,52,3.0
V0744,18-Jun-2019,34,2.4
V0744,18-May-2019,18,4.0
V0744,18-Nov-2018,42,1.9
V0744,18-Nov-2019,13,3.5
V0744,18-Oct-2018,31,3.3
V0744,18-Oct-2019,35,2.9
V0744,19-Aug-2018,44,2.4
V0744,19-Aug-2019,44,2.8
V0744,19-Jan-2019,7,3.9
V0744,19-Jul-2019,66,3.8
V0744,19-May-2019,36,4.1
V0744,19-Nov-2018,46,2.5
V0744,19-Oct-2018,29,2.7
V0744,19-Oct-2019,24,1.8
V0744,19-Sep-2019,42,4.1
V0744,20-Aug-2018,40,2.6
V0744,20-Aug-2019,26,2.8
V0744,20-Dec-2018,12,4.0
V0744,20-Jan-2019,34,3.1
V0744,20-Jul-2019,64,3.2
V0744,20-May-2019,51,2.2
V0744,20-Nov-2018,28,3.0
V0744,20-Oct-2019,35,4.0
V0744,20-Sep-2018,8,3.1
V0744,20-Sep-2019,9,2.4
V0744,21-Aug-2018,14,1.9
V0744,21-Dec-2018,3,2.6
V0744,21-Jan-2019,22,3.2
V0744,21-Jul-2019,50,1.9
V0744,21-Jun-2019,2,3.3
V0744,21-May-2019,15,3.1
V0744,21-Nov-2018,32,3.7
V0744,21-Nov-2019,6,1.9
V0744,21-Oct-2018,10,3.7
V0744,21-Oct-2019,51,3.1
V0744,21-Sep-2018,13,2.7
V0744,21-Sep-2019,11,4.1
V0744,22-Aug-2019,23,2.2
V0744,22-Dec-2018,4,3.1
V0744,22-Jan-2019,24,2.6
V0744,22-Jun-2019,9,3.1
V0744,22-May-2019,17,3.1
V0744,22-Nov-2018,46,2.0
V0744,22-Oct-2018,45,3.4
V0744,22-Oct-2019,38,3.3
V0744,22-Sep-2019,17,3.6
V0744,23-Aug-2018,28,2.0
V0744,23-Dec-2018,27,2.5
V0744,23-Jun-2019,26,3.4
V0744,23-Nov-2018,74,2.1
V0744,23-Nov-2019,54,3.4
V0744,23-Oct-2018,25,1.9
V0744,23-Sep-2018,33,2.6
V0744,23-Sep-2019,36,3.8
V0744,24-Aug-2018,6,3.7
V0744,24-Aug-2019,6,3.3
V0744,24-Dec-2018,38,3.9
V0744,24-Jan-2019,8,3.5
V0744,24-Jun-2019,42,3.0
V0744,24-May-2019,34,4.2
V0744,24-Nov-2018,22,3.5
V0744,24-Oct-2019,13,3.2
V0744,24-Sep-2018,44,2.8
V0744,24-Sep-2019,16,4.0
V0744,25-Aug-2019,17,2.5
V0744,25-Dec-2018,19,1.8
V0744,25-Jan-2019,7,2.3
V0744,25-Jun-2019,29,2.1
V0744,25-May-2019,4,2.6
V0744,25-Nov-2018,35,3.8
V0744,25-Nov-2019,12,3.4
V0744,25-Oct-2018,2,2.2
V0744,25-Oct-2019,10,3.7
V0744,25-Sep-2018,37,3.0
V0744,26-Aug-2018,26,3.0
V0744,26-Aug-2019,40,2.7
V0744,26-Jan-2019,7,3.9
V0744,26-Jul-2018,4,2.6
V0744,26-May-2019,35,2.0
V0744,26-Nov-2018,27,2.5
V0744,26-Oct-2018,8,3.5
V0744,26-Oct-2019,23,3.4
V0744,26-Sep-2019,39,2.3
V0744,27-Aug-2018,30,2.1
V0744,27-Aug-2019,35,3.4
V0744,27-Dec-2018,21,3.4
V0744,27-Jan-2019,18,2.7
V0744,27-Jul-2018,12,3.8
V0744,27-Jul-2019,15,4.1
V0744,27-Jun-2019,19,2.3
V0744,27-May-2019,41,3.2
V0744,27-Nov-2018,25,1.8
V0744,27-Oct-2018,20,3.5
V0744,27-Oct-2019,51,2.8
V0744,27-Sep-2018,34,2.3
V0744,27-Sep-2019,8,3.6
V0744,28-Aug-2018,7,3.7
V0744,28-Dec-2018,9,2.1
V0744,28-Jan-2019,31,1.9
V0744,28-Jul-2018,6,2.6
V0744,28-Jul-2019,30,3.3
V0744,28-Jun-2019,24,3.7
V0744,28-May-2019,5,3.1
V0744,28-Oct-2018,27,3.2
V0744,28-Oct-2019,37,3.7
V0744,28-Sep-2018,19,3.1
V0744,28-Sep-2019,11,3.3
V0744,29-Aug-2019,31,3.0
V0744,29-Dec-2018,21,3.9
V0744,29-Jan-2019,24,2.4
V0744,29-Jul-2018,23,2.4
V0744,29-Jul-2019,42,2.1
V0744,29-Jun-2019,4,3.8
V0744,29-Oct-2018,42,2.8
V0744,29-Oct-2019,17,2.6
V0744,29-Sep-2018,21,4.2
V0744,29-Sep-2019,30,4.0
V0744,30-Aug-2018,6,4.1
V0744,30-Aug-2019,22,2.1
V0744,30-Dec-2018,34,3.9
V0744,30-Jul-2018,22,2.6
V0744,30-Jul-2019,47,1.8
V0744,30-Jun-2019,70,2.7
V0744,30-May-2019,14,3.0
V0744,30-Nov-2018,10,2.1
V0744,30-Oct-2018,36,3.1
V0744,30-Sep-2018,30,3.8
V0744,30-Sep-2019,47,2.7
V0744,31-Aug-2018,16,2.6
V0744,31-Aug-2019,9,2.6
V0744,31-Dec-2018,30,4.0
V0744,31-Jan-2019,24,1.9
V0744,31-Jul-2018,30,2.9
V0744,31-Jul-2019,47,2.4
V0744,31-May-2019,8,3.9
V0744,31-Oct-2019,12,2.0
V0747,01-Jul-2019,18,2.8
V0747,01-Jun-2019,10,2.8
V0747,02-Jun-2019,15,3.9
V0747,03-Jun-2019,15,2.3
V0747,05-Aug-2019,6,3.3
V0747,05-Jun-2019,3,2.1
V0747,06-Jul-2019,16,4.1
V0747,06-Jun-2019,8,3.2
V0747,07-Jul-2019,6,3.3
V0747,08-Jul-2019,14,2.8
V0747,08-Jun-2019,7,2.6
V0747,09-Jun-2019,7,2.3
V0747,11-Jul-2019,3,3.2
V0747,13-Jun-2019,4,4.1
V0747,14-Jul-2019,3,2.7
V0747,16-Jun-2019,2,3.9
V0747,17-Jul-2019,6,2.2
V0747,17-Jun-2019,14,4.0
V0747,18-Jul-2019,3,2.6
V0747,20-Jul-2019,6,2.7
V0747,20-May-2019,16,2.9
V0747,21-Jul-2019,12,3.5
V0747,23-Jun-2019,7,3.5
V0747,24-Jul-2019,5,3.0
V0747,24-Jun-2019,6,3.1
V0747,24-May-2019,21,1.9
V0747,27-May-2019,14,2.5
V0747,28-Jun-2019,17,2.6
V0747,29-Jun-2019,2,3.1
V0749,30-Sep-2019,2,3.1
V0750,12-Dec-2019,11,3.5
V0753,01-Dec-2019,4,3.5
V0753,01-Nov-2019,6,2.4
V0753,01-Oct-2019,6,3.6
V0753,01-Sep-2019,29,1.8
V0753,02-Dec-2019,10,3.5
V0753,02-Sep-2019,28,2.0
V0753,03-Nov-2019,36,3.6
V0753,03-Oct-2019,3,3.1
V0753,03-Sep-2019,16,2.8
V0753,04-Nov-2019,13,3.5
V0753,04-Oct-2019,2,1.9
V0753,05-Oct-2019,2,2.3
V0753,05-Sep-2019,23,3.3
V0753,06-Oct-2019,16,3.8
V0753,06-Sep-2019,10,2.7
V0753,07-Jul-2019,9,2.4
V0753,07-Oct-2019,5,3.0
V0753,07-Sep-2019,6,3.3
V0753,08-Sep-2019,18,2.8
V0753,09-Sep-2019,11,3.9
V0753,10-Nov-2019,44,3.1
V0753,10-Sep-2019,6,1.9
V0753,11-Nov-2019,13,2.3
V0753,11-Oct-2019,5,2.9
V0753,12-Nov-2019,6,3.5
V0753,12-Sep-2019,6,2.3
V0753,13-Oct-2019,61,4.1
V0753,13-Sep-2019,8,2.6
V0753,14-Oct-2019,26,3.1
V0753,14-Sep-2019,10,1.8
V0753,15-Nov-2019,29,3.9
V0753,15-Oct-2019,28,3.7
V0753,15-Sep-2019,23,2.3
V0753,16-Sep-2019,13,4.0
V0753,17-Nov-2019,10,2.6
V0753,17-Oct-2019,4,3.5
V0753,17-Sep-2019,9,3.8
V0753,18-Nov-2019,14,3.6
V0753,18-Oct-2019,2,4.0
V0753,19-Oct-2019,14,3.9
V0753,19-Sep-2019,7,4.2
V0753,20-Oct-2019,22,2.2
V0753,20-Sep-2019,16,2.5
V0753,21-Oct-2019,8,3.3
V0753,21-Sep-2019,17,3.6
V0753,22-Aug-2019,2,3.1
V0753,22-Sep-2019,20,2.0
V0753,23-Nov-2019,2,3.8
V0753,23-Sep-2019,30,4.1
V0753,24-Nov-2019,3,2.8
V0753,24-Oct-2019,3,2.3
V0753,24-Sep-2019,5,1.8
V0753,25-Aug-2019,664,2.4
V0753,25-Oct-2019,4,3.5
V0753,26-Aug-2019,641,4.0
V0753,26-Sep-2019,7,2.0
V0753,27-Aug-2019,1633,3.1
V0753,27-Oct-2019,9,3.5
V0753,27-Sep-2019,28,2.5
V0753,28-Aug-2019,5,3.2
V0753,28-Oct-2019,21,3.5
V0753,28-Sep-2019,11,3.8
V0753,29-Aug-2019,557,2.9
V0753,29-Oct-2019,3,3.6
V0753,29-Sep-2019,15,2.5
V0753,30-Sep-2019,47,2.3
V0753,31-Aug-2019,20,2.2
V0753,31-Oct-2019,11,2.7
V0755,01-Jun-2019,20,1.9
V0755,01-Sep-2019,32,2.5
V0755,02-Jun-2019,2,3.4
V0755,03-Aug-2019,6,3.4
V0755,03-Jul-2019,31,2.0
V0755,05-Jun-2019,6,2.5
V0755,06-Jul-2019,3,3.2
V0755,06-Sep-2019,3,2.6
V0755,07-Aug-2019,21,2.8
V0755,07-Jul-2019,21,3.5
V0755,07-Jun-2019,18,1.8
V0755,08-Jul-2019,9,2.5
V0755,08-Jun-2019,9,2.1
V0755,09-Aug-2019,8,2.1
V0755,10-Jul-2019,2,4.1
V0755,10-Nov-2019,26,2.7
V0755,11-Aug-2019,10,3.1
V0755,11-Jul-2019,20,3.6
V0755,12-Oct-2019,10,1.9
V0755,12-Sep-2019,8,2.4
V0755,13-Jul-2019,57,3.8
V0755,13-Oct-2019,5,3.9
V0755,14-Sep-2019,7,2.7
V0755,15-Sep-2019,2,2.7
V0755,16-Jun-2019,9,3.6
V0755,17-Jul-2019,26,2.5
V0755,17-Jun-2019,4,2.1
V0755,18-Aug-2019,3,2.4
V0755,18-Jul-2019,23,2.7
V0755,18-May-2019,3,1.9
V0755,19-Aug-2019,5,2.9
V0755,19-Jul-2019,35,3.6
V0755,19-Jun-2019,14,3.0
V0755,19-May-2019,4,2.0
V0755,20-Jul-2019,22,2.9
V0755,20-Oct-2019,10,3.5
V0755,21-Aug-2019,7,1.9
V0755,21-Jul-2019,12,1.9
V0755,21-Jun-2019,13,2.7
V0755,22-Jun-2019,8,2.3
V0755,23-Jun-2019,20,4.0
V0755,24-Aug-2019,5,3.2
V0755,24-Jun-2019,3,2.5
V0755,24-May-2019,16,3.5
V0755,26-Jun-2019,14,2.7
V0755,27-Jun-2019,2,2.1
V0755,27-May-2019,8,2.4
V0755,28-Sep-2019,24,3.3
V0755,29-Jun-2019,3,1.9
V0755,30-Aug-2019,5,2.5
V0755,30-Jun-2019,24,2.3
V0755,30-May-2019,9,2.3
V0755,31-May-2019,31,3.4
V0767,08-Jul-2019,3,3.8
V0771,01-Jun-2019,10,3.5
V0771,01-Nov-2019,7,3.3
V0771,02-Jun-2019,2,4.0
V0771,02-Nov-2019,2,1.9
V0771,03-Jun-2019,5,2.2
V0771,03-Nov-2019,5,2.8
V0771,03-Oct-2019,14,2.7
V0771,05-Jul-2019,8,2.8
V0771,05-Nov-2019,11,2.3
V0771,05-Oct-2019,10,2.2
V0771,06-Jun-2019,11,3.0
V0771,06-Oct-2019,10,4.0
V0771,06-Sep-2019,5,2.7
V0771,07-Jul-2019,30,1.9
V0771,07-Nov-2019,10,3.5
V0771,07-Oct-2019,7,2.5
V0771,07-Sep-2019,12,2.4
V0771,08-Jul-2019,9,2.6
V0771,08-Jun-2019,5,3.5
V0771,08-Nov-2019,8,3.8
V0771,08-Sep-2019,11,3.2
V0771,09-Aug-2019,3,2.6
V0771,09-Jun-2019,8,2.5
V0771,09-Nov-2019,19,2.1
V0771,09-Sep-2019,11,4.0
V0771,10-Aug-2019,6,3.3
V0771,10-Nov-2019,16,1.9
V0771,10-Oct-2019,13,3.4
V0771,11-Aug-2019,5,2.9
V0771,11-Jul-2019,10,4.1
V0771,11-Jun-2019,3,3.8
V0771,11-Nov-2019,3,2.2
V0771,12-Aug-2019,6,3.5
V0771,12-Jul-2019,18,3.0
V0771,12-Sep-2019,3,2.2
V0771,13-Jun-2019,8,3.5
V0771,13-Nov-2019,4,3.1
V0771,13-Oct-2019,15,1.9
V0771,13-Sep-2019,5,3.4
V0771,14-Sep-2019,5,3.3
V0771,15-Aug-2019,8,2.1
V0771,15-Jul-2019,15,2.6
V0771,15-Nov-2019,20,3.2
V0771,15-Oct-2019,8,2.1
V0771,15-Sep-2019,10,3.8
V0771,16-Aug-2019,20,1.9
V0771,16-Jun-2019,7,2.0
V0771,16-Nov-2019,13,2.1
V0771,17-Aug-2019,21,3.1
V0771,17-Oct-2019,11,3.3
V0771,17-Sep-2019,13,2.8
V0771,18-Aug-2019,14,2.5
V0771,18-Jul-2019,4,3.7
V0771,18-Oct-2019,12,2.0
V0771,19-Aug-2019,6,2.5
V0771,19-May-2019,15,1.9
V0771,19-Oct-2019,11,1.8
V0771,19-Sep-2019,8,2.6
V0771,20-May-2019,11,2.3
V0771,20-Oct-2019,12,2.4
V0771,20-Sep-2019,6,3.8
V0771,21-Jun-2019,10,2.2
V0771,21-Oct-2019,2,3.7
V0771,23-Aug-2019,9,3.4
V0771,23-Jun-2019,8,2.6
V0771,23-Sep-2019,9,3.1
V0771,24-Oct-2019,7,2.9
V0771,25-Aug-2019,10,2.1
V0771,25-Jun-2019,2,4.0
V0771,25-Oct-2019,3,3.2
V0771,26-Aug-2019,14,3.9
V0771,26-May-2019,8,3.8
V0771,26-Oct-2019,9,2.0
V0771,27-May-2019,2,2.3
V0771,27-Oct-2019,12,2.1
V0771,27-Sep-2019,9,3.8
V0771,28-Jun-2019,8,3.9
V0771,28-May-2019,6,3.1
V0771,29-Jun-2019,29,2.1
V0771,30-Jun-2019,11,2.1
V0771,30-May-2019,2,3.8
V0771,30-Oct-2019,3,4.0
V0771,31-May-2019,2,2.3
V0773,01-Aug-2019,5,1.8
V0773,01-Dec-2019,6,2.6
V0773,01-Jul-2019,6,1.9
V0773,01-Jun-2019,6,3.8
V0773,01-Nov-2019,14,3.0
V0773,01-Sep-2019,12,3.3
V0773,02-Dec-2019,18,2.8
V0773,02-Jun-2019,20,2.6
V0773,02-Nov-2019,5,2.3
V0773,03-Aug-2019,16,3.6
V0773,03-Jul-2019,19,3.5
V0773,03-Jun-2019,18,2.7
V0773,03-Nov-2019,20,2.6
V0773,04-Aug-2019,17,1.8
V0773,04-Jul-2019,16,2.0
V0773,04-Nov-2019,4,3.3
V0773,05-Jul-2019,19,3.0
V0773,05-Oct-2019,7,2.8
V0773,05-Sep-2019,8,3.8
V0773,06-Jul-2019,11,3.0
V0773,06-Jun-2019,2,2.7
V0773,06-Nov-2019,3,2.2
V0773,06-Oct-2019,15,3.8
V0773,06-Sep-2019,7,3.2
V0773,07-Jul-2019,16,2.0
V0773,07-Jun-2019,4,3.4
V0773,07-Oct-2019,4,2.8
V0773,07-Sep-2019,14,3.7
V0773,08-Aug-2019,14,4.0
V0773,08-Jul-2019,14,3.2
V0773,08-Jun-2019,24,3.6
V0773,08-Nov-2019,10,1.9
V0773,08-Sep-2019,5,3.1
V0773,09-Jul-2019,15,3.6
V0773,09-Jun-2019,20,3.0
V0773,09-Nov-2019,9,3.2
V0773,10-Aug-2019,5,4.0
V0773,10-Jul-2019,7,2.3
V0773,10-Nov-2019,12,2.0
V0773,11-Aug-2019,2,3.5
V0773,11-Jul-2019,17,3.8
V0773,11-Nov-2019,2,3.8
V0773,11-Oct-2019,8,3.3
V0773,12-Aug-2019,4,3.8
V0773,12-Jul-2019,15,3.5
V0773,12-Oct-2019,10,2.0
V0773,12-Sep-2019,6,3.6
V0773,13-Jul-2019,16,2.2
V0773,13-Jun-2019,18,2.4
V0773,13-Nov-2019,11,2.7
V0773,13-Oct-2019,7,2.6
V0773,13-Sep-2019,20,2.6
V0773,14-Aug-2019,13,2.2
V0773,14-Nov-2019,2,2.5
V0773,14-Oct-2019,7,1.8
V0773,14-Sep-2019,10,2.9
V0773,15-Aug-2019,7,3.6
V0773,15-Jul-2019,4,3.9
V0773,15-Jun-2019,8,3.8
V0773,15-Nov-2019,6,2.8
V0773,15-Sep-2019,2,3.6
V0773,16-Aug-2019,2,2.5
V0773,16-Jun-2019,12,1.9
V0773,16-Oct-2019,9,3.4
V0773,17-Aug-2019,14,3.4
V0773,17-Jul-2019,15,3.7
V0773,17-Jun-2019,4,3.3
V0773,17-Nov-2019,11,2.2
V0773,17-Oct-2019,13,3.8
V0773,18-Aug-2019,13,3.3
V0773,18-Jul-2019,19,3.7
V0773,18-Oct-2019,2,3.7
V0773,18-Sep-2019,6,2.5
V0773,19-Aug-2019,18,2.0
V0773,19-Jul-2019,24,2.2
V0773,19-Jun-2019,14,2.0
V0773,19-May-2019,13,2.4
V0773,19-Oct-2019,12,2.9
V0773,19-Sep-2019,2,4.0
V0773,20-Jul-2019,11,3.9
V0773,20-Jun-2019,7,3.5
V0773,20-May-2019,6,1.9
V0773,20-Oct-2019,21,2.6
V0773,21-Jun-2019,2,3.4
V0773,21-Oct-2019,13,2.1
V0773,21-Sep-2019,3,3.7
V0773,22-Aug-2019,5,4.0
V0773,22-Jun-2019,3,2.6
V0773,22-May-2019,2,3.5
V0773,22-Sep-2019,17,2.2
V0773,23-Aug-2019,9,3.5
V0773,23-Jun-2019,18,1.9
V0773,23-Oct-2019,20,2.2
V0773,23-Sep-2019,3,3.5
V0773,24-Jun-2019,27,3.5
V0773,24-May-2019,9,3.3
V0773,24-Oct-2019,12,2.9
V0773,25-Aug-2019,14,3.4
V0773,25-Oct-2019,19,3.7
V0773,25-Sep-2019,2,4.1
V0773,26-May-2019,7,3.9
V0773,26-Oct-2019,8,3.7
V0773,27-Jun-2019,6,3.5
V0773,27-May-2019,2,3.2
V0773,27-Oct-2019,2,2.1
V0773,28-Aug-2019,2,2.2
V0773,28-Jul-2019,11,3.8
V0773,28-Jun-2019,14,3.7
V0773,28-Oct-2019,3,3.3
V0773,28-Sep-2019,2,2.9
V0773,29-Aug-2019,14,1.9
V0773,29-Jul-2019,2,2.6
V0773,29-Jun-2019,10,2.8
V0773,29-Nov-2019,3,3.0
V0773,29-Sep-2019,18,4.0
V0773,30-Aug-2019,6,2.1
V0773,30-Jun-2019,16,3.0
V0773,30-Sep-2019,12,2.7
V0773,31-Aug-2019,10,4.2
V0773,31-May-2019,15,3.9
V0774,01-Aug-2018,6,2.9
V0774,01-Jul-2019,4,4.2
V0774,01-Oct-2019,6,3.0
V0774,01-Sep-2018,9,2.2
V0774,02-Jul-2019,27,3.1
V0774,02-Oct-2018,30,2.3
V0774,02-Sep-2019,4,3.3
V0774,03-Jul-2019,3,4.0
V0774,03-Jun-2019,8,3.7
V0774,03-Oct-2019,2,2.5
V0774,03-Sep-2018,19,2.5
V0774,03-Sep-2019,5,2.0
V0774,04-Jun-2019,2,2.5
V0774,04-Nov-2019,2,2.0
V0774,04-Sep-2018,24,3.0
V0774,04-Sep-2019,2,3.5
V0774,05-Aug-2019,4,3.6
V0774,05-Jun-2019,2,1.9
V0774,05-Nov-2018,24,2.6
V0774,05-Nov-2019,18,2.5
V0774,06-Aug-2018,6,2.1
V0774,06-Aug-2019,4,2.7
V0774,06-Jun-2019,3,2.5
V0774,06-Nov-2018,18,3.3
V0774,06-Nov-2019,2,3.9
V0774,07-Aug-2018,12,2.9
V0774,07-Oct-2019,8,3.6
V0774,08-Aug-2018,2,2.2
V0774,08-Jul-2019,12,3.9
V0774,08-Oct-2018,23,2.2
V0774,08-Oct-2019,5,2.3
V0774,09-Jul-2019,13,2.1
V0774,09-Jun-2019,3,2.5
V0774,09-Oct-2018,37,3.1
V0774,09-Oct-2019,6,4.2
V0774,09-Sep-2019,6,3.7
V0774,10-Jun-2019,5,2.7
V0774,10-Nov-2019,3,3.2
V0774,10-Oct-2018,21,3.3
V0774,10-Sep-2018,8,3.8
V0774,10-Sep-2019,17,3.6
V0774,11-Jun-2019,23,3.2
V0774,11-Nov-2019,24,3.4
V0774,11-Oct-2018,4,3.6
V0774,12-Aug-2018,1,2.1
V0774,12-Aug-2019,8,2.3
V0774,12-Nov-2018,6,3.5
V0774,12-Sep-2018,4,3.8
V0774,13-Aug-2018,15,2.8
V0774,13-Aug-2019,30,4.2
V0774,13-Nov-2018,38,2.3
V0774,13-Sep-2018,13,2.8
V0774,13-Sep-2019,2,2.7
V0774,14-Aug-2018,21,4.0
V0774,14-Jul-2019,2,2.5
V0774,14-Jun-2019,5,2.9
V0774,14-Oct-2019,13,2.2
V0774,14-Sep-2018,2,3.1
V0774,15-Aug-2018,2,3.9
V0774,15-Jul-2019,19,2.5
V0774,15-Nov-2018,2,3.7
V0774,15-Oct-2018,5,4.0
V0774,15-Oct-2019,6,2.0
V0774,16-Jul-2019,10,3.6
V0774,16-Oct-2018,34,2.4
V0774,16-Oct-2019,2,2.2
V0774,16-Sep-2018,2,3.2
V0774,16-Sep-2019,7,3.5
V0774,17-Oct-2018,30,2.7
V0774,17-Oct-2019,12,1.9
V0774,17-Sep-2018,45,4.0
V0774,17-Sep-2019,12,3.6
V0774,18-Jun-2019,8,2.5
V0774,18-Nov-2018,33,3.0
V0774,18-Nov-2019,4,1.9
V0774,18-Oct-2018,4,2.6
V0774,18-Oct-2019,2,3.1
V0774,18-Sep-2018,35,3.0
V0774,18-Sep-2019,9,2.3
V0774,19-Aug-2019,12,3.7
V0774,19-Nov-2018,22,2.5
V0774,19-Oct-2018,2,3.2
V0774,20-Aug-2018,9,2.5
V0774,20-Aug-2019,18,2.8
V0774,20-Nov-2018,32,2.3
V0774,21-Aug-2018,20,3.3
V0774,21-Jul-2019,9,2.8
V0774,21-May-2019,15,1.8
V0774,21-Oct-2018,3,1.9
V0774,21-Oct-2019,12,2.9
V0774,22-Aug-2018,2,2.2
V0774,22-Jul-2019,6,3.2
V0774,22-May-2019,1,2.8
V0774,22-Nov-2018,30,3.4
V0774,22-Oct-2019,4,4.1
V0774,23-Aug-2019,2,3.1
V0774,23-May-2019,2,3.7
V0774,23-Nov-2018,57,3.6
V0774,23-Oct-2018,34,4.0
V0774,23-Oct-2019,2,2.3
V0774,23-Sep-2019,22,3.8
V0774,24-Jun-2019,10,4.0
V0774,24-Nov-2018,26,2.7
V0774,24-Sep-2018,21,2.6
V0774,24-Sep-2019,6,4.1
V0774,25-Jul-2018,2,3.3
V0774,25-Jun-2019,4,2.7
V0774,25-May-2019,6,3.7
V0774,25-Oct-2018,13,2.5
V0774,25-Sep-2018,11,2.2
V0774,26-Aug-2019,2,3.1
V0774,27-Aug-2018,18,3.2
V0774,27-Aug-2019,16,3.8
V0774,27-Jun-2019,2,2.9
V0774,27-May-2019,8,3.8
V0774,27-Nov-2018,20,2.5
V0774,28-Aug-2018,19,3.2
V0774,28-Jul-2019,2,2.3
V0774,28-May-2019,2,2.7
V0774,28-Nov-2018,2,3.9
V0774,28-Oct-2019,12,2.3
V0774,28-Sep-2018,2,3.7
V0774,29-Jul-2018,3,2.5
V0774,29-Jul-2019,14,1.9
V0774,29-Oct-2018,7,2.1
V0774,29-Oct-2019,18,3.6
V0774,29-Sep-2019,4,2.4
V0774,30-Aug-2019,2,3.4
V0774,30-Jul-2018,25,3.5
V0774,30-Jul-2019,5,2.6
V0774,30-Oct-2018,11,2.9
V0774,30-Sep-2019,7,2.8
V0774,31-Jul-2018,5,4.1
V0774,31-Jul-2019,16,2.6
V0774,31-Oct-2018,2,2.2
V0775,01-Jul-2019,32,2.7
V0775,01-Nov-2019,16,3.4
V0775,01-Sep-2019,20,3.5
V0775,02-Aug-2019,4,4.0
V0775,02-Jun-2019,3,3.9
V0775,02-Nov-2019,11,2.5
V0775,02-Oct-2019,6,2.9
V0775,03-Jul-2019,11,3.6
V0775,03-Jun-2019,4,4.0
V0775,03-Nov-2019,32,2.6
V0775,03-Oct-2019,7,2.9
V0775,04-Aug-2019,25,4.0
V0775,04-Jul-2019,5,2.7
V0775,04-Nov-2019,21,3.0
V0775,04-Oct-2019,17,4.0
V0775,05-Jul-2019,13,3.7
V0775,05-Jun-2019,6,2.4
V0775,06-Jul-2019,21,2.6
V0775,06-Nov-2019,22,2.6
V0775,06-Oct-2019,12,4.0
V0775,07-Aug-2019,28,4.2
V0775,07-Jul-2019,30,3.7
V0775,07-Jun-2019,12,3.0
V0775,07-Nov-2019,11,1.8
V0775,07-Oct-2019,17,3.5
V0775,08-Aug-2019,2,2.7
V0775,08-Jun-2019,10,3.3
V0775,08-Nov-2019,34,3.3
V0775,08-Sep-2019,25,3.0
V0775,09-Aug-2019,15,4.1
V0775,09-Jul-2019,39,1.9
V0775,09-Jun-2019,16,3.5
V0775,09-Sep-2019,23,2.8
V0775,10-Aug-2019,26,3.5
V0775,10-Jul-2019,9,3.4
V0775,10-Jun-2019,2,1.8
V0775,10-Nov-2019,32,2.5
V0775,10-Oct-2019,14,2.3
V0775,11-Aug-2019,30,2.2
V0775,11-Jul-2019,15,3.5
V0775,11-Nov-2019,28,2.4
V0775,11-Sep-2019,28,2.9
V0775,12-Aug-2019,10,2.4
V0775,12-Jul-2019,15,3.2
V0775,12-Jun-2019,4,3.5
V0775,12-Oct-2019,24,2.6
V0775,13-Jul-2019,16,3.2
V0775,13-Jun-2019,8,3.8
V0775,13-Sep-2019,5,2.0
V0775,14-Jul-2019,3,3.5
V0775,14-Oct-2019,12,2.6
V0775,14-Sep-2019,3,2.1
V0775,15-Aug-2019,11,3.1
V0775,16-Aug-2019,9,2.3
V0775,16-Jun-2019,30,3.8
V0775,16-Sep-2019,10,1.9
V0775,17-Aug-2019,5,2.0
V0775,17-Jul-2019,10,3.1
V0775,17-Jun-2019,27,3.2
V0775,17-Nov-2019,24,3.6
V0775,17-Oct-2019,16,2.4
V0775,18-Aug-2019,12,3.8
V0775,18-Jul-2019,40,4.1
V0775,18-May-2019,9,3.0
V0775,18-Oct-2019,28,3.6
V0775,19-Aug-2019,16,3.1
V0775,19-Jul-2019,33,2.0
V0775,19-May-2019,16,2.6
V0775,20-Jul-2019,30,2.0
V0775,20-May-2019,18,4.2
V0775,20-Sep-2019,20,2.3
V0775,21-Aug-2019,8,3.3
V0775,21-Jul-2019,11,2.5
V0775,21-Jun-2019,8,3.4
V0775,21-Oct-2019,12,2.3
V0775,21-Sep-2019,41,3.7
V0775,22-Jul-2019,24,2.1
V0775,22-Jun-2019,12,3.9
V0775,23-Jun-2019,28,3.8
V0775,24-Jun-2019,30,3.4
V0775,24-May-2019,4,2.0
V0775,24-Oct-2019,27,2.3
V0775,25-Aug-2019,23,3.9
V0775,26-Aug-2019,28,2.1
V0775,26-Jul-2019,4,2.2
V0775,26-Jun-2019,6,3.1
V0775,26-Sep-2019,6,2.5
V0775,27-May-2019,19,2.3
V0775,27-Oct-2019,20,3.2
V0775,28-Jul-2019,18,2.7
V0775,28-Jun-2019,9,2.1
V0775,28-Oct-2019,27,3.1
V0775,29-Jul-2019,8,2.7
V0775,29-Jun-2019,8,3.6
V0775,29-May-2019,25,2.0
V0775,29-Sep-2019,31,3.3
V0775,30-Aug-2019,5,2.8
V0775,30-Jun-2019,35,2.8
V0775,30-Oct-2019,6,2.4
V0775,30-Sep-2019,16,1.9
V0775,31-Aug-2019,27,3.8
V0775,31-May-2019,10,2.6
V0775,31-Oct-2019,8,3.4
V0776,01-Aug-2019,2,4.1
V0776,01-Jul-2019,34,3.2
V0776,01-Oct-2019,21,2.8
V0776,01-Sep-2019,22,2.4
V0776,02-Aug-2019,21,4.0
V0776,02-Feb-2019,14,3.4
V0776,02-Jul-2019,12,3.4
V0776,02-Jun-2019,3,2.8
V0776,02-Nov-2019,2,3.8
V0776,02-Sep-2019,9,3.5
V0776,03-Feb-2019,10,2.5
V0776,03-Nov-2019,35,3.2
V0776,03-Oct-2019,2,2.8
V0776,03-Sep-2019,12,1.8
V0776,04-Aug-2019,2,3.7
V0776,04-Feb-2019,3,2.1
V0776,04-Jul-2019,17,3.0
V0776,04-Nov-2019,6,2.6
V0776,04-Oct-2019,5,2.6
V0776,04-Sep-2019,12,2.9
V0776,05-Aug-2019,23,4.2
V0776,05-Feb-2019,19,2.8
V0776,05-Nov-2019,9,2.2
V0776,05-Oct-2019,2,3.3
V0776,06-Aug-2019,15,2.4
V0776,06-Sep-2019,6,2.1
V0776,07-Jul-2019,8,1.9
V0776,07-Nov-2019,1,1.9
V0776,07-Oct-2019,5,2.8
V0776,08-Jul-2019,47,2.8
V0776,08-Jun-2019,5,2.2
V0776,08-Sep-2019,40,3.7
V0776,09-Aug-2019,4,2.1
V0776,09-Jul-2019,16,4.0
V0776,09-Jun-2019,5,3.2
V0776,09-Oct-2019,28,1.9
V0776,09-Sep-2019,25,4.1
V0776,10-Feb-2019,3,2.5
V0776,10-Jun-2019,2,2.9
V0776,10-Sep-2019,21,2.5
V0776,11-Aug-2019,2,3.5
V0776,11-Jul-2019,6,3.0
V0776,11-Jun-2019,33,2.1
V0776,11-Nov-2019,16,2.1
V0776,12-Feb-2019,10,3.5
V0776,12-Oct-2019,7,2.4
V0776,12-Sep-2019,26,2.1
V0776,13-Jun-2019,3,3.0
V0776,13-Sep-2019,4,3.7
V0776,14-Jul-2019,33,2.5
V0776,14-Jun-2019,5,2.5
V0776,14-Nov-2019,2,3.8
V0776,14-Oct-2019,16,2.2
V0776,14-Sep-2019,5,3.3
V0776,15-Aug-2019,3,4.1
V0776,15-Jul-2019,22,3.8
V0776,15-Sep-2019,24,1.9
V0776,16-Jun-2019,26,2.6
V0776,16-Sep-2019,32,2.1
V0776,17-Aug-2019,7,4.1
V0776,17-Jul-2019,6,4.2
V0776,17-Jun-2019,22,2.4
V0776,17-Oct-2019,2,3.4
V0776,17-Sep-2019,7,3.8
V0776,18-Aug-2019,16,2.4
V0776,18-Jul-2019,27,2.3
V0776,18-May-2019,6,1.8
V0776,19-Aug-2019,2,2.8
V0776,19-Oct-2019,40,4.0
V0776,19-Sep-2019,5,4.0
V0776,20-Aug-2019,2,2.1
V0776,20-Jan-2019,2,2.3
V0776,20-Jul-2019,4,2.8
V0776,21-Oct-2019,19,3.7
V0776,22-Jan-2019,4,3.3
V0776,22-Jul-2019,20,3.0
V0776,22-Jun-2019,2,3.2
V0776,23-Aug-2019,8,2.0
V0776,24-Aug-2019,6,2.9
V0776,24-Jan-2019,9,4.2
V0776,24-Jun-2019,16,2.0
V0776,24-Oct-2019,2,3.0
V0776,25-Aug-2019,16,2.5
V0776,25-Sep-2019,14,3.1
V0776,26-Aug-2019,26,3.2
V0776,26-May-2019,3,3.2
V0776,26-Sep-2019,16,3.8
V0776,27-Aug-2019,4,2.7
V0776,27-Jan-2019,8,3.0
V0776,27-Oct-2019,3,1.8
V0776,28-Jul-2019,6,3.7
V0776,28-Jun-2019,8,2.4
V0776,28-May-2019,12,3.8
V0776,29-Aug-2019,4,2.4
V0776,29-Jun-2019,2,1.8
V0776,29-Oct-2019,13,2.2
V0776,29-Sep-2019,9,4.2
V0776,30-Jun-2019,23,2.6
V0776,30-Sep-2019,4,2.1
V0776,31-Aug-2019,20,2.1
V0779,02-Sep-2019,16,2.5
V0779,03-Nov-2019,7,1.9
V0779,03-Sep-2019,4,3.0
V0779,04-Jul-2019,7,2.3
V0779,04-Nov-2019,2,3.0
V0779,04-Oct-2019,2,2.1
V0779,05-Sep-2019,3,2.8
V0779,06-Oct-2019,12,3.2
V0779,07-Oct-2019,7,1.9
V0779,08-Nov-2019,2,2.8
V0779,08-Oct-2019,4,2.5
V0779,08-Sep-2019,9,2.4
V0779,09-Sep-2019,2,3.3
V0779,10-Nov-2019,8,3.2
V0779,10-Oct-2019,2,3.3
V0779,11-Nov-2019,11,2.2
V0779,11-Oct-2019,10,2.5
V0779,11-Sep-2019,2,2.3
V0779,12-Aug-2019,6,3.1
V0779,12-Nov-2019,4,2.9
V0779,12-Oct-2019,2,2.6
V0779,13-Aug-2019,8,3.7
V0779,14-Oct-2019,20,2.0
V0779,16-Aug-2019,12,4.1
V0779,16-Jun-2019,6,2.1
V0779,16-Sep-2019,18,3.7
V0779,17-Oct-2019,9,2.7
V0779,17-Sep-2019,3,3.9
V0779,18-Oct-2019,7,2.0
V0779,19-Oct-2019,16,2.7
V0779,19-Sep-2019,2,2.6
V0779,20-Jul-2019,18,4.2
V0779,20-Oct-2019,3,4.2
V0779,20-Sep-2019,5,2.3
V0779,21-Nov-2019,2,3.3
V0779,21-Sep-2019,6,3.1
V0779,23-Jun-2019,2,2.2
V0779,23-Sep-2019,29,2.2
V0779,24-Aug-2019,3,4.2
V0779,24-Jun-2019,31,2.9
V0779,25-Nov-2019,4,2.1
V0779,26-Aug-2019,2,2.3
V0779,26-Jun-2019,6,2.4
V0779,26-Sep-2019,2,3.0
V0779,27-Aug-2019,2,2.6
V0779,27-Oct-2019,9,2.9
V0779,28-Jun-2019,20,2.2
V0779,28-Oct-2019,12,2.6
V0779,28-Sep-2019,20,2.0
V0779,29-Aug-2019,1,3.9
V0779,29-Oct-2018,2,2.3
V0779,29-Oct-2019,10,3.6
V0784,01-Dec-2018,5,2.6
V0784,01-Jul-2019,9,2.9
V0784,01-Oct-2018,3,2.5
V0784,02-Aug-2019,4,3.5
V0784,02-Jun-2019,2,3.8
V0784,02-Nov-2018,4,2.5
V0784,03-Aug-2019,9,2.4
V0784,03-Jun-2019,8,3.4
V0784,03-Nov-2019,14,2.3
V0784,03-Oct-2018,5,3.3
V0784,03-Oct-2019,2,2.0
V0784,04-Nov-2018,2,3.3
V0784,04-Oct-2018,10,3.0
V0784,04-Oct-2019,2,2.1
V0784,05-Aug-2018,4,3.4
V0784,05-Aug-2019,3,2.9
V0784,05-Jul-2019,7,2.3
V0784,06-Jul-2019,2,2.6
V0784,06-Sep-2018,2,3.0
V0784,06-Sep-2019,2,2.0
V0784,07-Aug-2019,2,4.1
V0784,07-Dec-2018,3,3.4
V0784,07-Oct-2018,6,2.0
V0784,07-Sep-2019,7,3.8
V0784,08-Aug-2018,2,2.6
V0784,08-Aug-2019,10,3.2
V0784,08-Dec-2018,5,2.5
V0784,08-Nov-2018,2,3.6
V0784,08-Sep-2019,6,3.5
V0784,09-Aug-2019,2,3.1
V0784,09-Dec-2018,2,2.4
V0784,09-Nov-2018,7,2.4
V0784,09-Oct-2018,2,2.7
V0784,09-Sep-2019,4,2.1
V0784,10-Dec-2018,3,2.6
V0784,10-Jul-2019,6,3.4
V0784,10-Nov-2019,18,3.8
V0784,11-Nov-2018,4,2.6
V0784,11-Oct-2018,7,2.4
V0784,11-Sep-2019,10,3.8
V0784,12-Aug-2019,9,3.9
V0784,12-Jul-2019,6,2.8
V0784,12-Jun-2019,1,1.9
V0784,12-Oct-2018,10,3.5
V0784,12-Oct-2019,3,3.7
V0784,13-Jul-2019,13,1.8
V0784,13-Nov-2018,11,3.2
V0784,13-Oct-2019,13,3.2
V0784,14-Aug-2019,12,2.7
V0784,14-Jul-2019,4,3.6
V0784,14-Nov-2018,2,2.8
V0784,14-Nov-2019,10,3.4
V0784,14-Oct-2018,9,3.0
V0784,14-Sep-2019,8,2.4
V0784,15-Jul-2019,5,3.3
V0784,15-Jun-2019,7,3.6
V0784,15-Nov-2018,1,4.1
V0784,15-Oct-2018,5,2.7
V0784,16-Aug-2019,15,2.0
V0784,16-Jul-2019,10,4.2
V0784,16-Jun-2019,9,3.3
V0784,16-Nov-2018,6,4.1
V0784,16-Oct-2019,5,2.0
V0784,16-Sep-2018,4,2.6
V0784,17-Aug-2019,6,2.1
V0784,17-Jul-2019,3,3.8
V0784,17-Jun-2019,7,3.9
V0784,17-Nov-2019,4,3.0
V0784,18-Aug-2018,3,2.2
V0784,18-Aug-2019,8,2.1
V0784,18-Jul-2019,6,3.2
V0784,18-Jun-2019,9,3.0
V0784,18-Nov-2018,9,3.5
V0784,18-Oct-2018,5,2.5
V0784,18-Oct-2019,4,2.8
V0784,18-Sep-2019,4,1.9
V0784,19-Aug-2018,3,3.3
V0784,19-Aug-2019,4,2.8
V0784,19-Jul-2019,10,4.0
V0784,19-Jun-2019,3,3.3
V0784,19-May-2019,3,2.8
V0784,19-Nov-2018,2,2.4
V0784,19-Oct-2018,7,4.0
V0784,20-Oct-2018,4,1.8
V0784,21-Sep-2018,10,2.6
V0784,22-Aug-2019,7,4.1
V0784,22-Sep-2018,11,3.4
V0784,23-Aug-2019,5,3.1
V0784,23-Jun-2019,8,2.3
V0784,23-May-2019,4,3.8
V0784,23-Sep-2018,2,2.3
V0784,23-Sep-2019,2,2.4
V0784,24-Aug-2019,2,2.3
V0784,24-Jun-2019,9,2.2
V0784,24-May-2019,10,4.1
V0784,24-Oct-2019,8,3.2
V0784,25-May-2019,3,3.3
V0784,25-Oct-2019,8,4.1
V0784,26-Aug-2019,8,2.4
V0784,26-Jun-2019,2,1.8
V0784,26-May-2019,5,3.2
V0784,26-Sep-2018,4,3.0
V0784,26-Sep-2019,2,2.9
V0784,27-Jul-2019,2,1.9
V0784,27-Jun-2019,12,2.9
V0784,27-May-2019,4,2.5
V0784,27-Oct-2018,6,2.5
V0784,27-Oct-2019,5,2.3
V0784,27-Sep-2018,4,2.6
V0784,27-Sep-2019,6,2.6
V0784,28-Jul-2019,2,2.5
V0784,28-Jun-2019,6,4.1
V0784,28-Oct-2019,9,4.0
V0784,28-Sep-2019,4,3.2
V0784,29-Aug-2019,2,4.2
V0784,29-May-2019,6,4.2
V0784,29-Sep-2018,3,2.7
V0784,29-Sep-2019,3,2.9
V0784,30-Jul-2018,7,4.1
V0784,30-Jun-2019,16,3.3
V0784,30-Sep-2018,13,2.3
V0784,31-Aug-2019,9,3.5
V0784,31-May-2019,3,2.3
V0784,31-Oct-2018,10,2.6
V0786,04-Nov-2019,2,2.3
V0788,01-Aug-2019,14,2.4
V0788,01-Jul-2019,23,1.8
V0788,01-Jun-2019,2,3.9
V0788,01-Nov-2019,2,2.5
V0788,01-Oct-2019,14,2.0
V0788,01-Sep-2019,14,2.0
V0788,02-Jul-2019,2,3.1
V0788,02-Jun-2019,4,4.2
V0788,02-Oct-2019,2,2.1
V0788,02-Sep-2019,9,2.0
V0788,03-Aug-2019,2,2.9
V0788,03-Jun-2019,2,3.2
V0788,03-Nov-2019,4,2.5
V0788,03-Oct-2019,11,2.5
V0788,03-Sep-2019,15,2.8
V0788,04-Aug-2019,4,2.6
V0788,04-Jul-2019,17,4.0
V0788,04-Jun-2019,5,1.9
V0788,04-Nov-2019,7,2.4
V0788,04-Oct-2019,5,3.7
V0788,04-Sep-2019,4,3.8
V0788,05-Aug-2019,11,2.1
V0788,05-Jul-2019,13,4.1
V0788,05-Jun-2019,5,3.5
V0788,05-Nov-2019,4,2.5
V0788,05-Oct-2019,12,2.9
V0788,05-Sep-2019,2,2.5
V0788,06-Dec-2019,4,2.2
V0788,06-Jul-2019,9,2.5
V0788,06-Jun-2019,8,3.2
V0788,06-Nov-2019,4,3.8
V0788,06-Oct-2019,23,2.7
V0788,06-Sep-2019,2,2.6
V0788,07-Aug-2019,2,2.9
V0788,07-Jul-2019,5,3.3
V0788,07-Nov-2019,4,3.6
V0788,07-Oct-2019,7,2.6
V0788,07-Sep-2019,25,3.2
V0788,08-Jul-2019,10,2.7
V0788,08-Jun-2019,5,3.5
V0788,08-Nov-2019,6,2.2
V0788,08-Oct-2019,14,2.4
V0788,08-Sep-2019,2,2.8
V0788,09-Jul-2019,4,3.9
V0788,09-Jun-2019,11,3.2
V0788,09-Oct-2019,7,4.1
V0788,09-Sep-2019,17,2.0
V0788,10-Aug-2019,5,2.9
V0788,10-Jul-2019,9,2.8
V0788,10-Jun-2019,14,3.2
V0788,10-Nov-2019,16,3.7
V0788,10-Oct-2019,3,3.8
V0788,10-Sep-2019,3,3.4
V0788,11-Aug-2019,21,3.3
V0788,11-Jul-2019,12,4.1
V0788,11-Nov-2019,11,2.7
V0788,11-Oct-2019,5,3.8
V0788,11-Sep-2019,6,4.0
V0788,12-Aug-2019,7,3.0
V0788,12-Jun-2019,8,3.5
V0788,12-Nov-2019,2,2.7
V0788,12-Oct-2019,9,2.2
V0788,13-Aug-2019,6,3.2
V0788,13-Jul-2019,14,2.3
V0788,13-Jun-2019,19,2.9
V0788,13-Oct-2019,19,3.9
V0788,13-Sep-2019,4,2.0
V0788,14-Jul-2019,2,1.9
V0788,14-Jun-2019,5,3.3
V0788,14-Nov-2019,3,2.6
V0788,14-Oct-2019,6,2.8
V0788,15-Aug-2019,5,2.8
V0788,15-Jul-2019,19,2.0
V0788,15-Nov-2019,6,1.8
V0788,15-Oct-2019,13,4.0
V0788,15-Sep-2019,25,2.3
V0788,16-Aug-2019,4,2.8
V0788,16-Jul-2019,23,4.1
V0788,16-Jun-2019,21,3.8
V0788,16-Nov-2019,14,2.1
V0788,16-Oct-2019,2,3.0
V0788,16-Sep-2019,13,3.6
V0788,17-Aug-2019,27,3.5
V0788,17-Jul-2019,9,3.6
V0788,17-Jun-2019,5,2.9
V0788,17-Nov-2019,17,2.2
V0788,17-Oct-2019,2,2.9
V0788,17-Sep-2019,11,3.4
V0788,18-Aug-2019,8,3.3
V0788,18-Jul-2019,9,2.0
V0788,18-Jun-2019,8,2.0
V0788,18-May-2019,2,4.1
V0788,18-Nov-2019,6,2.2
V0788,18-Oct-2019,30,2.5
V0788,18-Sep-2019,6,3.6
V0788,19-Aug-2019,6,2.8
V0788,19-Jul-2019,2,2.2
V0788,19-Jun-2019,2,2.9
V0788,19-May-2019,6,3.2
V0788,19-Oct-2019,2,2.9
V0788,19-Sep-2019,5,4.0
V0788,20-Aug-2019,6,2.5
V0788,20-Jul-2019,25,3.4
V0788,20-Jun-2019,7,2.1
V0788,20-May-2019,13,2.7
V0788,20-Oct-2019,10,3.6
V0788,20-Sep-2019,6,2.3
V0788,21-Jul-2019,23,3.2
V0788,21-May-2019,4,2.2
V0788,21-Oct-2019,11,2.0
V0788,21-Sep-2019,7,3.1
V0788,22-Jul-2019,4,3.4
V0788,22-Jun-2019,11,2.1
V0788,22-May-2019,2,4.0
V0788,22-Oct-2019,6,2.3
V0788,22-Sep-2019,7,2.1
V0788,23-Aug-2019,2,2.3
V0788,23-Jul-2019,4,2.2
V0788,23-Jun-2019,28,2.0
V0788,23-Oct-2019,14,3.7
V0788,23-Sep-2019,12,3.0
V0788,24-Aug-2019,2,2.7
V0788,24-Jul-2019,16,4.1
V0788,24-Jun-2019,14,2.7
V0788,24-May-2019,2,2.2
V0788,24-Oct-2019,2,2.5
V0788,24-Sep-2019,11,2.4
V0788,25-Aug-2019,18,3.0
V0788,25-Jul-2019,2,2.5
V0788,25-Jun-2019,19,3.0
V0788,25-Oct-2019,6,3.4
V0788,26-Aug-2019,11,3.7
V0788,26-Jul-2019,3,3.5
V0788,26-Jun-2019,2,2.3
V0788,26-May-2019,7,2.1
V0788,26-Oct-2019,2,3.1
V0788,27-Aug-2019,7,2.3
V0788,27-Jul-2019,6,2.0
V0788,27-Jun-2019,3,3.1
V0788,27-May-2019,11,2.6
V0788,27-Oct-2019,15,3.6
V0788,27-Sep-2019,4,2.6
V0788,28-Aug-2019,5,4.1
V0788,28-Jul-2019,8,3.6
V0788,28-Jun-2019,8,1.9
V0788,28-May-2019,6,3.0
V0788,28-Oct-2019,8,3.2
V0788,28-Sep-2019,4,3.5
V0788,29-Aug-2019,4,3.0
V0788,29-Jul-2019,9,3.0
V0788,29-Jun-2019,9,2.7
V0788,29-May-2019,2,2.5
V0788,29-Oct-2019,2,4.1
V0788,29-Sep-2019,15,2.6
V0788,30-Aug-2019,6,2.0
V0788,30-Jul-2019,14,2.2
V0788,30-Jun-2019,13,3.9
V0788,30-May-2019,11,3.2
V0788,30-Oct-2019,8,3.7
V0788,30-Sep-2019,17,3.7
V0788,31-Aug-2019,2,3.8
V0788,31-Jul-2019,2,3.1
V0788,31-Oct-2019,5,2.2
V0794,01-Aug-2019,3,2.2
V0794,01-Jul-2019,22,3.2
V0794,01-Sep-2019,3,2.7
V0794,03-Jun-2019,2,3.1
V0794,04-Jul-2019,4,3.0
V0794,06-Jul-2019,10,3.2
V0794,07-Jul-2019,14,1.9
V0794,08-Jul-2019,6,1.9
V0794,10-Jul-2019,3,3.5
V0794,10-Jun-2019,8,2.3
V0794,11-Aug-2019,4,3.4
V0794,13-Jul-2019,9,3.1
V0794,16-Jun-2019,25,4.2
V0794,17-Jul-2019,14,3.8
V0794,18-Jul-2019,5,2.8
V0794,19-Aug-2019,3,3.3
V0794,19-Jul-2019,7,2.1
V0794,21-Jul-2019,15,2.7
V0794,21-Nov-2018,2,3.6
V0794,22-Jul-2019,2,3.3
V0794,22-Jun-2019,3,3.0
V0794,25-Aug-2019,3,2.2
V0794,25-Nov-2018,2,3.7
V0794,26-Jun-2019,13,2.5
V0794,26-Nov-2018,4,3.8
V0794,28-Aug-2019,10,3.3
V0794,31-Jul-2019,5,2.7
V0799,01-Dec-2018,5,1.9
V0799,01-Jul-2019,12,2.4
V0799,01-Jun-2019,9,3.9
V0799,01-Oct-2018,5,3.8
V0799,01-Oct-2019,7,3.2
V0799,01-Sep-2018,3,2.9
V0799,01-Sep-2019,8,3.4
V0799,02-Aug-2019,4,2.9
V0799,02-Dec-2018,29,3.3
V0799,02-Jun-2019,14,2.5
V0799,02-Nov-2018,2,3.8
V0799,02-Oct-2019,2,3.5
V0799,02-Sep-2018,34,2.6
V0799,02-Sep-2019,13,3.8
V0799,03-Aug-2019,10,3.0
V0799,03-Jul-2019,2,2.2
V0799,03-Nov-2018,12,2.0
V0799,03-Nov-2019,46,3.5
V0799,03-Oct-2019,3,3.9
V0799,03-Sep-2018,7,3.7
V0799,04-Aug-2018,8,3.4
V0799,04-Jun-2019,10,2.1
V0799,04-Nov-2018,3,2.0
V0799,04-Oct-2018,47,2.6
V0799,04-Oct-2019,13,3.9
V0799,05-Aug-2018,9,4.1
V0799,05-Dec-2018,2,2.4
V0799,05-Oct-2018,18,3.6
V0799,05-Sep-2018,8,3.2
V0799,06-Jul-2019,5,1.9
V0799,06-Nov-2018,10,3.1
V0799,06-Nov-2019,6,3.7
V0799,06-Oct-2019,19,2.5
V0799,07-Aug-2018,7,4.0
V0799,07-Aug-2019,4,2.4
V0799,07-Jul-2019,51,2.0
V0799,07-Jun-2019,14,2.2
V0799,07-Nov-2018,4,3.8
V0799,07-Nov-2019,9,2.8
V0799,07-Oct-2018,42,3.7
V0799,07-Oct-2019,20,3.1
V0799,07-Sep-2018,7,3.0
V0799,07-Sep-2019,5,3.7
V0799,08-Aug-2018,5,2.8
V0799,08-Aug-2019,12,3.7
V0799,08-Dec-2018,2,2.0
V0799,08-Jul-2019,36,3.3
V0799,08-Oct-2018,11,3.5
V0799,08-Sep-2018,14,4.0
V0799,08-Sep-2019,23,2.3
V0799,09-Dec-2018,21,3.3
V0799,09-Jul-2019,21,2.8
V0799,09-Nov-2018,24,2.7
V0799,09-Nov-2019,7,2.1
V0799,09-Oct-2018,12,2.1
V0799,09-Sep-2018,2,3.8
V0799,10-Aug-2019,2,3.6
V0799,10-Dec-2018,5,2.7
V0799,10-Jun-2019,3,3.8
V0799,10-Oct-2018,10,2.0
V0799,10-Sep-2018,4,3.3
V0799,11-Aug-2019,13,3.9
V0799,11-Jul-2019,10,3.8
V0799,11-Jun-2019,9,2.7
V0799,11-Nov-2018,18,3.6
V0799,11-Nov-2019,26,2.8
V0799,11-Oct-2019,12,3.8
V0799,11-Sep-2019,11,3.1
V0799,12-Aug-2018,14,3.6
V0799,12-Aug-2019,3,2.0
V0799,12-Jul-2019,10,3.2
V0799,12-Nov-2018,2,3.1
V0799,12-Nov-2019,2,3.3
V0799,12-Oct-2018,5,3.5
V0799,13-Aug-2018,7,4.0
V0799,13-Aug-2019,11,3.7
V0799,13-Jul-2019,37,2.3
V0799,13-Jun-2019,11,3.8
V0799,13-Nov-2018,8,2.1
V0799,13-Oct-2019,34,3.3
V0799,13-Sep-2019,4,3.9
V0799,14-Aug-2018,8,2.0
V0799,14-Aug-2019,12,3.8
V0799,14-Jul-2019,2,3.7
V0799,14-Jun-2019,3,3.0
V0799,14-Nov-2019,7,2.5
V0799,14-Oct-2018,48,2.8
V0799,14-Sep-2018,20,4.1
V0799,14-Sep-2019,9,2.3
V0799,15-Aug-2018,6,3.2
V0799,15-Jul-2019,2,2.0
V0799,15-Oct-2019,58,2.3
V0799,15-Sep-2019,31,3.6
V0799,16-Aug-2019,35,2.5
V0799,16-Jul-2019,4,4.2
V0799,16-Jun-2019,8,3.0
V0799,16-Nov-2018,6,3.0
V0799,16-Oct-2018,8,1.9
V0799,16-Sep-2018,16,4.1
V0799,17-Aug-2018,12,2.2
V0799,17-Jun-2019,18,3.1
V0799,17-Nov-2018,4,2.7
V0799,17-Oct-2018,29,2.8
V0799,17-Oct-2019,2,3.3
V0799,17-Sep-2018,6,3.4
V0799,18-Aug-2018,8,2.2
V0799,18-Aug-2019,5,3.0
V0799,18-Jul-2019,2,3.7
V0799,18-May-2019,6,2.9
V0799,18-Nov-2018,2,2.2
V0799,18-Sep-2019,24,2.6
V0799,19-Aug-2018,19,2.3
V0799,19-Aug-2019,6,2.1
V0799,19-Jul-2019,36,2.7
V0799,19-Jun-2019,3,3.1
V0799,19-May-2019,47,2.0
V0799,19-Oct-2018,14,3.2
V0799,19-Oct-2019,12,4.2
V0799,19-Sep-2019,4,4.1
V0799,20-Aug-2018,6,3.8
V0799,20-Aug-2019,4,2.4
V0799,20-Jul-2019,50,1.9
V0799,20-May-2019,13,3.8
V0799,20-Nov-2018,2,1.9
V0799,20-Oct-2019,3,2.3
V0799,21-Aug-2019,11,3.1
V0799,21-Jul-2019,12,2.2
V0799,21-May-2019,2,3.8
V0799,21-Nov-2018,8,3.7
V0799,22-Aug-2019,21,3.6
V0799,22-Jul-2019,6,3.8
V0799,22-Nov-2018,15,2.3
V0799,22-Nov-2019,4,3.5
V0799,22-Oct-2019,4,2.7
V0799,22-Sep-2019,5,3.4
V0799,23-Jul-2018,2,2.1
V0799,23-Jul-2019,7,3.5
V0799,23-Jun-2019,55,4.1
V0799,23-Sep-2018,10,1.9
V0799,23-Sep-2019,18,2.0
V0799,24-Aug-2018,3,2.1
V0799,24-Aug-2019,7,2.8
V0799,24-Jun-2019,43,2.5
V0799,24-Sep-2018,10,3.7
V0799,24-Sep-2019,3,2.9
V0799,25-Aug-2018,3,3.0
V0799,25-Aug-2019,9,3.5
V0799,25-Sep-2019,15,2.7
V0799,26-Aug-2018,8,2.6
V0799,26-Aug-2019,13,3.6
V0799,26-Jul-2018,2,3.7
V0799,26-May-2019,40,1.8
V0799,26-Sep-2018,4,2.1
V0799,27-Aug-2018,17,2.3
V0799,27-Aug-2019,19,2.6
V0799,27-May-2019,8,2.5
V0799,27-Nov-2018,5,3.4
V0799,27-Oct-2018,2,3.8
V0799,27-Oct-2019,6,2.3
V0799,27-Sep-2019,7,3.2
V0799,28-Aug-2019,2,2.7
V0799,28-Jul-2019,10,3.0
V0799,28-Jun-2019,3,3.3
V0799,28-May-2019,2,3.9
V0799,28-Oct-2018,16,2.3
V0799,28-Oct-2019,9,2.0
V0799,28-Sep-2018,2,3.3
V0799,28-Sep-2019,5,2.7
V0799,29-Aug-2018,4,2.2
V0799,29-Jul-2019,14,2.1
V0799,29-Jun-2019,5,3.1
V0799,29-May-2019,3,2.5
V0799,29-Sep-2018,2,4.2
V0799,29-Sep-2019,15,2.8
V0799,30-Aug-2019,13,2.3
V0799,30-Jul-2018,46,3.3
V0799,30-Jul-2019,4,2.4
V0799,30-Jun-2019,59,3.0
V0799,30-May-2019,6,3.0
V0799,30-Nov-2018,5,2.9
V0799,30-Oct-2018,3,3.7
V0799,30-Oct-2019,11,2.3
V0799,30-Sep-2018,7,4.0
V0799,31-Aug-2018,6,3.7
V0799,31-Aug-2019,25,2.6
V0799,31-Oct-2019,4,2.2
V0803,01-Aug-2019,2,2.5
V0803,01-Jul-2019,9,2.6
V0803,01-Jun-2019,6,3.1
V0803,01-Nov-2019,7,1.9
V0803,01-Sep-2019,16,4.0
V0803,02-Aug-2019,9,2.0
V0803,02-Jun-2019,11,2.5
V0803,02-Nov-2019,2,2.1
V0803,02-Oct-2019,4,2.4
V0803,02-Sep-2019,8,3.8
V0803,03-Aug-2019,23,3.3
V0803,03-Jun-2019,19,2.3
V0803,03-Nov-2019,13,3.9
V0803,03-Oct-2019,10,3.7
V0803,04-Aug-2019,17,3.6
V0803,04-Jul-2019,11,3.8
V0803,04-Nov-2019,8,3.3
V0803,04-Sep-2019,11,3.0
V0803,05-Aug-2019,2,2.7
V0803,05-Jul-2019,9,2.3
V0803,05-Jun-2019,4,3.1
V0803,05-Oct-2019,2,3.9
V0803,05-Sep-2019,8,3.2
V0803,06-Jul-2019,10,4.0
V0803,06-Jun-2019,3,2.7
V0803,06-Nov-2019,4,3.5
V0803,06-Oct-2019,24,3.4
V0803,06-Sep-2019,14,3.4
V0803,07-Aug-2019,10,3.3
V0803,07-Jul-2019,37,2.3
V0803,07-Jun-2019,8,2.1
V0803,07-Nov-2019,6,4.1
V0803,07-Oct-2019,13,1.9
V0803,07-Sep-2019,10,2.9
V0803,08-Aug-2019,2,2.8
V0803,08-Jul-2019,27,2.7
V0803,08-Jun-2019,2,3.7
V0803,08-Nov-2019,14,3.6
V0803,08-Oct-2019,13,4.0
V0803,08-Sep-2019,18,2.7
V0803,09-Aug-2019,4,3.2
V0803,09-Jun-2019,15,3.9
V0803,09-Sep-2019,12,4.2
V0803,10-Aug-2019,2,4.1
V0803,10-Jul-2019,4,3.5
V0803,10-Jun-2019,6,2.1
V0803,10-Nov-2019,18,1.9
V0803,11-Aug-2019,17,3.8
V0803,11-Jul-2019,8,3.8
V0803,11-Nov-2019,6,3.6
V0803,11-Oct-2019,6,2.5
V0803,11-Sep-2019,7,3.3
V0803,12-Aug-2019,13,2.6
V0803,12-Jul-2019,8,2.9
V0803,12-Jun-2019,4,2.7
V0803,12-Oct-2019,8,4.0
V0803,12-Sep-2019,4,2.4
V0803,13-Jul-2019,23,3.2
V0803,13-Jun-2019,8,2.7
V0803,13-Nov-2019,20,3.4
V0803,13-Oct-2019,22,3.2
V0803,13-Sep-2019,12,4.0
V0803,14-Aug-2019,3,2.0
V0803,14-Jul-2019,13,2.3
V0803,14-Jun-2019,5,3.6
V0803,14-Nov-2019,2,2.7
V0803,14-Oct-2019,14,2.2
V0803,14-Sep-2019,5,3.0
V0803,15-Jul-2019,2,3.4
V0803,15-Jun-2019,10,1.9
V0803,15-Nov-2019,11,2.5
V0803,15-Oct-2019,8,3.7
V0803,15-Sep-2019,12,3.0
V0803,16-Aug-2019,6,1.9
V0803,16-Jun-2019,2,2.5
V0803,16-Nov-2019,4,3.3
V0803,16-Oct-2019,8,2.3
V0803,16-Sep-2019,30,3.8
V0803,17-Aug-2019,18,3.4
V0803,17-Jul-2019,12,2.9
V0803,17-Jun-2019,12,4.0
V0803,17-Nov-2019,9,2.7
V0803,17-Oct-2019,13,2.4
V0803,18-Aug-2019,15,3.4
V0803,18-Jul-2019,17,3.2
V0803,18-May-2019,9,2.6
V0803,18-Nov-2019,3,2.6
V0803,18-Oct-2019,19,2.8
V0803,18-Sep-2019,11,2.5
V0803,19-Aug-2019,10,3.5
V0803,19-Jul-2019,11,3.4
V0803,19-Jun-2019,4,2.9
V0803,19-May-2019,4,2.8
V0803,19-Oct-2019,19,2.7
V0803,19-Sep-2019,5,2.5
V0803,20-Jul-2019,13,2.0
V0803,20-Jun-2019,13,2.4
V0803,20-May-2019,3,2.6
V0803,20-Oct-2019,18,3.1
V0803,20-Sep-2019,17,3.7
V0803,21-Jun-2019,23,2.7
V0803,21-Oct-2019,11,4.1
V0803,21-Sep-2019,5,3.8
V0803,22-Jun-2019,7,4.2
V0803,22-May-2019,6,3.9
V0803,22-Sep-2019,12,3.3
V0803,23-Aug-2019,10,3.2
V0803,23-Jun-2019,8,2.1
V0803,23-May-2019,4,3.5
V0803,23-Oct-2019,4,3.2
V0803,23-Sep-2019,5,3.0
V0803,24-Aug-2019,13,3.5
V0803,24-Jun-2019,2,2.9
V0803,24-May-2019,5,3.1
V0803,24-Oct-2019,4,2.8
V0803,25-Aug-2019,18,3.5
V0803,25-May-2019,2,3.9
V0803,25-Oct-2019,7,3.8
V0803,25-Sep-2019,9,3.7
V0803,26-Aug-2019,9,1.8
V0803,26-Jun-2019,7,4.0
V0803,26-May-2019,16,2.5
V0803,26-Oct-2019,2,3.9
V0803,26-Sep-2019,17,2.3
V0803,27-Jun-2019,6,2.9
V0803,27-May-2019,14,3.6
V0803,27-Nov-2019,2,3.3
V0803,27-Oct-2019,15,2.8
V0803,27-Sep-2019,6,3.4
V0803,28-Aug-2019,4,3.1
V0803,28-Jul-2019,5,2.5
V0803,28-Jun-2019,23,3.4
V0803,28-Oct-2019,2,2.3
V0803,28-Sep-2019,17,3.5
V0803,29-Aug-2019,7,1.8
V0803,29-Jul-2019,8,3.1
V0803,29-Sep-2019,18,2.8
V0803,30-Aug-2019,4,2.5
V0803,30-Jul-2019,16,3.0
V0803,30-Jun-2019,16,3.3
V0803,30-May-2019,2,4.1
V0803,30-Oct-2019,4,3.8
V0803,30-Sep-2019,2,3.5
V0803,31-Aug-2019,5,2.9
V0803,31-Oct-2019,6,2.7
V0806,01-Aug-2018,13,1.9
V0806,01-Dec-2018,6,2.7
V0806,01-Jul-2019,43,3.8
V0806,01-Jun-2019,6,2.7
V0806,01-Nov-2018,11,2.9
V0806,01-Nov-2019,11,2.5
V0806,01-Oct-2019,28,2.5
V0806,01-Sep-2018,6,1.9
V0806,01-Sep-2019,8,3.3
V0806,02-Aug-2018,6,2.9
V0806,02-Aug-2019,17,3.3
V0806,02-Dec-2018,14,3.1
V0806,02-Dec-2019,24,3.7
V0806,02-Jul-2019,43,3.6
V0806,02-Jun-2019,34,3.7
V0806,02-Nov-2018,11,3.0
V0806,02-Nov-2019,6,2.6
V0806,02-Oct-2018,22,4.0
V0806,02-Sep-2018,3,1.9
V0806,02-Sep-2019,56,2.2
V0806,03-Aug-2018,2,2.8
V0806,03-Aug-2019,42,3.3
V0806,03-Dec-2018,9,1.8
V0806,03-Dec-2019,20,3.5
V0806,03-Jun-2019,20,3.1
V0806,03-Nov-2018,12,3.0
V0806,03-Nov-2019,20,2.8
V0806,03-Oct-2019,15,3.0
V0806,03-Sep-2018,9,2.2
V0806,03-Sep-2019,33,2.1
V0806,04-Aug-2018,7,2.5
V0806,04-Aug-2019,21,3.5
V0806,04-Dec-2018,29,3.2
V0806,04-Jul-2019,32,3.0
V0806,04-Jun-2019,36,3.2
V0806,04-Nov-2018,4,3.1
V0806,04-Nov-2019,46,2.5
V0806,04-Oct-2018,7,2.0
V0806,04-Oct-2019,12,4.0
V0806,04-Sep-2018,10,3.2
V0806,05-Aug-2019,4,3.5
V0806,05-Jul-2019,34,2.9
V0806,05-Nov-2018,5,3.6
V0806,05-Nov-2019,45,3.2
V0806,05-Oct-2018,13,1.9
V0806,05-Oct-2019,4,3.9
V0806,05-Sep-2019,23,2.5
V0806,06-Aug-2018,23,2.1
V0806,06-Aug-2019,24,2.0
V0806,06-Dec-2018,14,3.5
V0806,06-Jul-2019,34,3.5
V0806,06-Jun-2019,29,3.5
V0806,06-Nov-2018,26,4.0
V0806,06-Nov-2019,24,2.6
V0806,06-Oct-2018,29,3.1
V0806,06-Oct-2019,36,3.3
V0806,06-Sep-2018,2,4.2
V0806,06-Sep-2019,16,2.5
V0806,07-Aug-2018,6,4.1
V0806,07-Dec-2018,14,2.2
V0806,07-Dec-2019,12,3.6
V0806,07-Jul-2019,21,3.3
V0806,07-Jun-2019,12,3.8
V0806,07-Oct-2018,14,1.9
V0806,07-Oct-2019,53,2.0
V0806,07-Sep-2018,2,2.0
V0806,07-Sep-2019,10,3.2
V0806,08-Aug-2019,29,3.2
V0806,08-Dec-2018,15,4.0
V0806,08-Jul-2019,37,2.9
V0806,08-Jun-2019,20,2.0
V0806,08-Nov-2018,13,2.3
V0806,08-Nov-2019,2,1.8
V0806,08-Oct-2018,11,3.7
V0806,08-Oct-2019,63,3.8
V0806,08-Sep-2018,6,4.2
V0806,08-Sep-2019,19,2.8
V0806,09-Aug-2018,3,1.8
V0806,09-Aug-2019,2,2.4
V0806,09-Dec-2018,20,3.2
V0806,09-Dec-2019,29,4.1
V0806,09-Jul-2019,52,2.0
V0806,09-Jun-2019,14,2.1
V0806,09-Nov-2018,33,3.5
V0806,09-Nov-2019,38,3.4
V0806,09-Oct-2018,39,2.4
V0806,09-Oct-2019,42,3.8
V0806,09-Sep-2018,6,2.1
V0806,09-Sep-2019,21,4.0
V0806,10-Aug-2018,2,2.3
V0806,10-Aug-2019,7,2.0
V0806,10-Dec-2018,29,2.6
V0806,10-Jun-2019,22,2.3
V0806,10-Nov-2018,2,3.1
V0806,10-Nov-2019,19,3.4
V0806,10-Oct-2018,2,3.0
V0806,10-Sep-2018,11,3.4
V0806,10-Sep-2019,7,2.7
V0806,11-Aug-2018,20,1.9
V0806,11-Aug-2019,26,4.1
V0806,11-Dec-2018,19,3.8
V0806,11-Jul-2019,24,2.0
V0806,11-Jun-2019,29,2.9
V0806,11-Nov-2018,5,3.3
V0806,11-Nov-2019,46,2.3
V0806,11-Oct-2019,28,3.2
V0806,11-Sep-2018,36,3.1
V0806,12-Aug-2019,7,2.3
V0806,12-Jul-2019,21,2.1
V0806,12-Nov-2018,25,3.6
V0806,12-Nov-2019,31,2.6
V0806,12-Oct-2018,11,2.4
V0806,12-Oct-2019,32,3.6
V0806,12-Sep-2019,37,3.6
V0806,13-Aug-2018,9,2.5
V0806,13-Aug-2019,46,3.9
V0806,13-Dec-2018,2,3.5
V0806,13-Jul-2019,31,2.6
V0806,13-Jun-2019,27,2.8
V0806,13-Nov-2018,10,3.5
V0806,13-Oct-2018,16,2.3
V0806,13-Oct-2019,14,2.9
V0806,13-Sep-2018,9,3.4
V0806,13-Sep-2019,17,3.1
V0806,14-Aug-2018,16,3.3
V0806,14-Jul-2019,41,3.1
V0806,14-Jun-2019,40,2.3
V0806,14-Nov-2019,18,2.8
V0806,14-Oct-2018,14,3.1
V0806,14-Oct-2019,44,3.7
V0806,14-Sep-2018,9,3.4
V0806,14-Sep-2019,14,2.8
V0806,15-Aug-2019,6,4.1
V0806,15-Jul-2019,59,2.1
V0806,15-Jun-2019,2,2.3
V0806,15-Nov-2018,8,2.6
V0806,15-Nov-2019,7,2.3
V0806,15-Oct-2018,28,3.3
V0806,15-Oct-2019,22,1.9
V0806,15-Sep-2018,9,2.2
V0806,15-Sep-2019,6,2.5
V0806,16-Aug-2018,2,3.4
V0806,16-Aug-2019,19,3.9
V0806,16-Jul-2019,50,3.7
V0806,16-Jun-2019,20,2.2
V0806,16-Nov-2018,15,3.2
V0806,16-Nov-2019,28,1.9
V0806,16-Oct-2018,49,2.5
V0806,16-Sep-2018,10,3.7
V0806,16-Sep-2019,25,2.9
V0806,17-Aug-2018,2,2.2
V0806,17-Aug-2019,24,2.9
V0806,17-Dec-2019,6,2.3
V0806,17-Jun-2019,53,2.7
V0806,17-Nov-2018,4,3.0
V0806,17-Nov-2019,5,2.6
V0806,17-Oct-2019,16,4.0
V0806,17-Sep-2018,52,3.2
V0806,17-Sep-2019,32,3.8
V0806,18-Aug-2018,11,3.6
V0806,18-Aug-2019,4,3.4
V0806,18-Jul-2019,36,3.0
V0806,18-Jun-2019,45,1.8
V0806,18-May-2019,6,3.3
V0806,18-Nov-2018,29,2.7
V0806,18-Nov-2019,20,2.1
V0806,18-Oct-2018,11,2.9
V0806,18-Oct-2019,20,3.6
V0806,18-Sep-2018,21,4.1
V0806,19-Aug-2018,7,2.7
V0806,19-Aug-2019,19,3.1
V0806,19-Jul-2019,37,3.8
V0806,19-May-2019,14,2.6
V0806,19-Nov-2018,49,2.1
V0806,19-Nov-2019,3,2.5
V0806,19-Oct-2018,25,4.0
V0806,19-Oct-2019,19,2.2
V0806,19-Sep-2019,6,2.6
V0806,20-Aug-2018,4,2.9
V0806,20-Aug-2019,27,3.8
V0806,20-Jul-2019,42,4.1
V0806,20-Jun-2019,8,2.8
V0806,20-May-2019,12,4.0
V0806,20-Nov-2018,36,2.2
V0806,20-Oct-2018,27,2.2
V0806,20-Oct-2019,41,4.1
V0806,20-Sep-2018,9,3.0
V0806,20-Sep-2019,4,2.2
V0806,21-Aug-2018,13,3.0
V0806,21-Jul-2019,16,3.7
V0806,21-Jun-2019,23,3.8
V0806,21-May-2019,41,3.9
V0806,21-Nov-2018,10,3.2
V0806,21-Oct-2018,6,3.9
V0806,21-Oct-2019,39,3.0
V0806,21-Sep-2019,9,3.3
V0806,22-Aug-2019,20,3.6
V0806,22-Jun-2019,17,2.8
V0806,22-Nov-2018,30,2.0
V0806,22-Oct-2018,15,2.6
V0806,22-Oct-2019,29,3.3
V0806,22-Sep-2018,4,2.3
V0806,22-Sep-2019,15,2.2
V0806,23-Aug-2018,3,2.5
V0806,23-Aug-2019,9,1.9
V0806,23-Jun-2019,40,3.6
V0806,23-May-2019,16,2.4
V0806,23-Nov-2018,21,2.1
V0806,23-Oct-2018,30,3.5
V0806,23-Sep-2018,25,3.8
V0806,23-Sep-2019,33,1.8
V0806,24-Aug-2018,14,2.4
V0806,24-Aug-2019,30,4.1
V0806,24-Jun-2019,50,2.7
V0806,24-May-2019,14,4.1
V0806,24-Nov-2018,31,2.5
V0806,24-Nov-2019,18,2.3
V0806,24-Oct-2019,23,2.3
V0806,24-Sep-2018,30,2.0
V0806,24-Sep-2019,20,4.0
V0806,25-Aug-2018,4,4.2
V0806,25-Aug-2019,43,4.1
V0806,25-Jul-2018,2,3.8
V0806,25-Jun-2019,26,3.8
V0806,25-May-2019,42,3.4
V0806,25-Nov-2018,18,3.8
V0806,25-Oct-2019,29,2.3
V0806,25-Sep-2018,9,2.7
V0806,26-Aug-2018,7,3.3
V0806,26-Aug-2019,37,3.9
V0806,26-Jul-2019,38,3.4
V0806,26-May-2019,23,3.8
V0806,26-Nov-2018,8,2.9
V0806,26-Oct-2018,6,3.5
V0806,26-Oct-2019,14,4.2
V0806,26-Sep-2019,22,2.2
V0806,27-Aug-2018,13,4.0
V0806,27-Aug-2019,41,3.1
V0806,27-Jul-2018,6,3.3
V0806,27-Jul-2019,29,3.9
V0806,27-May-2019,10,2.8
V0806,27-Nov-2018,22,2.8
V0806,27-Oct-2018,2,3.1
V0806,27-Oct-2019,21,1.8
V0806,27-Sep-2018,17,3.0
V0806,27-Sep-2019,22,2.5
V0806,28-Aug-2018,23,4.0
V0806,28-Jul-2018,4,2.0
V0806,28-Jul-2019,33,2.9
V0806,28-Jun-2019,27,4.1
V0806,28-May-2019,37,4.0
V0806,28-Oct-2018,9,3.5
V0806,28-Oct-2019,40,3.2
V0806,28-Sep-2018,24,2.5
V0806,28-Sep-2019,6,2.7
V0806,29-Aug-2019,8,2.0
V0806,29-Jul-2019,32,3.7
V0806,29-Jun-2019,17,2.6
V0806,29-Oct-2018,7,3.4
V0806,29-Oct-2019,35,2.7
V0806,29-Sep-2018,13,2.9
V0806,29-Sep-2019,28,3.1
V0806,30-Aug-2018,5,3.7
V0806,30-Aug-2019,27,2.3
V0806,30-Jul-2019,24,2.8
V0806,30-Jun-2019,45,2.1
V0806,30-May-2019,9,2.0
V0806,30-Nov-2018,16,3.3
V0806,30-Oct-2018,17,2.3
V0806,30-Oct-2019,40,1.9
V0806,30-Sep-2018,31,4.0
V0806,30-Sep-2019,38,3.1
V0806,31-Aug-2018,5,2.1
V0806,31-Aug-2019,8,1.9
V0806,31-Jul-2018,20,2.1
V0806,31-Jul-2019,11,2.9
V0806,31-May-2019,12,3.4
V0806,31-Oct-2018,33,3.3
V0806,31-Oct-2019,14,2.1
V0810,01-Nov-2019,28,3.3
V0810,02-Nov-2019,2,2.8
V0810,03-Jun-2019,2,2.9
V0810,03-Nov-2019,28,3.7
V0810,05-Aug-2018,4,2.6
V0810,05-Jun-2019,19,2.2
V0810,07-Nov-2019,30,3.9
V0810,09-Nov-2018,2,2.3
V0810,09-Nov-2019,28,2.5
V0810,18-May-2019,8,3.5
V0810,24-Sep-2018,2,3.4
V0810,26-Jan-2019,18,3.7
V0810,26-Nov-2018,7,2.2
V0810,29-Jul-2018,8,2.6
V0810,30-Jul-2018,4,2.1
V0811,01-Jul-2019,24,3.1
V0811,01-Jun-2019,4,2.5
V0811,01-Nov-2019,6,3.5
V0811,01-Oct-2019,20,1.8
V0811,01-Sep-2019,18,1.9
V0811,02-Dec-2019,2,2.8
V0811,02-Jul-2019,4,4.1
V0811,02-Jun-2019,2,3.9
V0811,02-Nov-2019,7,4.2
V0811,02-Oct-2019,2,2.8
V0811,02-Sep-2019,11,1.9
V0811,03-Aug-2019,1,2.5
V0811,03-Jul-2019,5,3.4
V0811,03-Jun-2019,6,2.1
V0811,03-Nov-2019,11,2.5
V0811,03-Sep-2019,8,1.9
V0811,04-Jun-2019,2,2.9
V0811,04-Nov-2019,20,2.3
V0811,04-Oct-2019,12,2.0
V0811,04-Sep-2019,5,2.8
V0811,05-Aug-2019,15,2.6
V0811,05-Nov-2019,7,3.1
V0811,05-Oct-2019,7,3.6
V0811,05-Sep-2019,4,2.1
V0811,06-Aug-2019,5,3.7
V0811,06-Jul-2019,11,1.9
V0811,06-Nov-2019,4,2.9
V0811,06-Oct-2019,7,3.2
V0811,06-Sep-2019,6,4.1
V0811,07-Aug-2019,6,3.2
V0811,07-Jul-2019,16,2.2
V0811,07-Jun-2019,6,3.0
V0811,07-Nov-2019,7,2.7
V0811,07-Oct-2019,12,3.0
V0811,07-Sep-2019,8,2.3
V0811,08-Jul-2019,15,3.0
V0811,08-Jun-2019,5,2.2
V0811,08-Nov-2019,5,3.6
V0811,08-Oct-2019,18,3.2
V0811,08-Sep-2019,2,2.0
V0811,09-Aug-2019,4,3.9
V0811,09-Jul-2019,22,3.3
V0811,09-Nov-2019,8,2.6
V0811,09-Oct-2019,9,1.9
V0811,09-Sep-2019,23,3.3
V0811,10-Jul-2019,4,2.7
V0811,10-Jun-2019,17,4.0
V0811,10-Nov-2019,11,1.9
V0811,10-Oct-2019,2,1.9
V0811,10-Sep-2019,16,4.1
V0811,11-Aug-2019,8,4.1
V0811,11-Jun-2019,10,1.9
V0811,11-Nov-2019,24,3.5
V0811,11-Oct-2019,7,2.3
V0811,11-Sep-2019,15,3.5
V0811,12-Aug-2019,6,3.9
V0811,12-Jul-2019,4,2.0
V0811,12-Jun-2019,5,2.4
V0811,12-Nov-2019,7,1.9
V0811,12-Oct-2019,2,1.9
V0811,12-Sep-2019,3,1.9
V0811,13-Aug-2019,10,3.7
V0811,13-Jul-2019,14,2.5
V0811,13-Nov-2019,4,3.0
V0811,13-Oct-2019,4,3.7
V0811,13-Sep-2019,6,3.0
V0811,14-Aug-2019,9,2.8
V0811,14-Jul-2019,19,1.8
V0811,14-Jun-2019,2,3.2
V0811,14-Oct-2019,6,2.1
V0811,15-Jul-2019,18,3.6
V0811,15-Nov-2019,2,2.4
V0811,15-Oct-2019,12,3.4
V0811,15-Sep-2019,3,3.4
V0811,16-Aug-2019,3,3.3
V0811,16-Jul-2019,21,2.4
V0811,16-Jun-2019,2,2.4
V0811,16-Nov-2019,6,3.9
V0811,16-Oct-2019,18,1.8
V0811,16-Sep-2019,9,2.2
V0811,17-Aug-2019,4,3.3
V0811,17-Jul-2019,11,3.8
V0811,17-Jun-2019,20,2.7
V0811,17-Oct-2019,5,3.4
V0811,17-Sep-2019,16,3.1
V0811,18-Aug-2019,9,2.0
V0811,18-Jul-2019,10,3.3
V0811,18-Jun-2019,12,3.8
V0811,18-May-2019,7,4.2
V0811,18-Nov-2019,5,1.9
V0811,18-Oct-2019,7,3.4
V0811,19-Aug-2019,11,2.8
V0811,19-Jul-2019,22,1.8
V0811,19-Jun-2019,9,3.3
V0811,19-May-2019,6,2.1
V0811,19-Nov-2019,2,2.7
V0811,19-Oct-2019,6,2.4
V0811,20-Aug-2019,6,2.7
V0811,20-Jul-2019,14,3.0
V0811,20-May-2019,23,2.7
V0811,20-Oct-2019,9,3.1
V0811,20-Sep-2019,4,2.4
V0811,21-Aug-2019,18,3.3
V0811,21-Jul-2019,16,3.8
V0811,21-Jun-2019,7,2.3
V0811,21-May-2019,10,3.0
V0811,21-Oct-2019,17,3.4
V0811,21-Sep-2019,4,3.2
V0811,22-May-2019,6,2.7
V0811,22-Nov-2019,4,3.3
V0811,22-Oct-2019,17,1.9
V0811,22-Sep-2019,18,2.7
V0811,23-Aug-2019,11,3.1
V0811,23-Jun-2019,11,1.8
V0811,23-Oct-2019,7,3.0
V0811,23-Sep-2019,12,3.4
V0811,24-Aug-2019,5,3.6
V0811,24-Jun-2019,6,2.1
V0811,24-Nov-2019,3,4.2
V0811,24-Oct-2019,5,3.3
V0811,24-Sep-2019,22,2.7
V0811,25-Aug-2019,2,2.4
V0811,25-Jun-2019,3,3.2
V0811,25-May-2019,13,3.9
V0811,25-Oct-2019,15,3.0
V0811,25-Sep-2019,7,3.4
V0811,26-Aug-2019,20,2.7
V0811,26-Jun-2019,13,2.7
V0811,26-May-2019,13,2.5
V0811,26-Oct-2019,3,3.5
V0811,26-Sep-2019,10,2.7
V0811,27-Aug-2019,16,2.3
V0811,27-May-2019,17,2.7
V0811,27-Oct-2019,6,3.8
V0811,27-Sep-2019,4,3.6
V0811,28-Aug-2019,2,2.6
V0811,28-Jul-2019,12,4.0
V0811,28-Jun-2019,10,2.0
V0811,28-May-2019,5,1.9
V0811,28-Nov-2019,4,2.1
V0811,28-Oct-2019,22,2.1
V0811,29-Aug-2019,3,2.0
V0811,29-Jul-2019,13,3.4
V0811,29-Jun-2019,7,3.2
V0811,29-May-2019,6,3.4
V0811,29-Oct-2019,9,3.5
V0811,30-Aug-2019,2,3.6
V0811,30-Jul-2019,13,2.3
V0811,30-Jun-2019,6,3.3
V0811,30-Oct-2019,10,3.2
V0811,30-Sep-2019,7,4.1
V0811,31-Aug-2019,9,2.4
V0811,31-Jul-2019,20,1.9
V0811,31-May-2019,4,3.4
V0815,03-Oct-2018,8,3.6
V0816,01-Aug-2019,18,2.5
V0816,01-Jul-2019,17,3.2
V0816,01-Jun-2019,2,1.9
V0816,01-Sep-2019,2,4.1
V0816,02-Dec-2019,5,2.1
V0816,02-Jul-2019,6,2.0
V0816,02-Sep-2019,15,1.9
V0816,03-Jul-2019,2,2.8
V0816,03-Jun-2019,2,2.0
V0816,04-Aug-2019,24,3.6
V0816,04-Jul-2019,10,4.0
V0816,04-Nov-2019,3,2.4
V0816,04-Oct-2019,11,3.3
V0816,04-Sep-2019,29,1.9
V0816,05-Aug-2019,49,2.7
V0816,05-Jul-2019,9,2.5
V0816,05-Nov-2019,7,2.3
V0816,05-Oct-2019,13,3.3
V0816,05-Sep-2019,5,2.1
V0816,06-Jul-2019,13,3.9
V0816,06-Jun-2019,20,3.4
V0816,06-Oct-2019,19,3.5
V0816,07-Aug-2019,37,4.0
V0816,07-Jul-2019,27,4.1
V0816,07-Oct-2019,9,3.1
V0816,07-Sep-2019,2,3.0
V0816,08-Aug-2019,8,2.6
V0816,08-Jul-2019,29,3.5
V0816,08-Oct-2019,24,3.1
V0816,08-Sep-2019,31,4.0
V0816,09-Jul-2019,7,2.4
V0816,09-Oct-2019,4,2.5
V0816,09-Sep-2019,26,2.6
V0816,10-Aug-2019,13,3.7
V0816,10-Jul-2019,21,2.0
V0816,10-Nov-2019,16,2.9
V0816,10-Oct-2019,4,2.8
V0816,11-Aug-2019,9,2.0
V0816,11-Jun-2019,18,2.8
V0816,11-Nov-2019,4,3.0
V0816,11-Sep-2019,5,2.0
V0816,12-Aug-2019,47,3.0
V0816,12-Jul-2019,6,4.1
V0816,12-Jun-2019,4,4.1
V0816,12-Nov-2019,5,3.1
V0816,13-Jul-2019,16,3.0
V0816,13-Oct-2019,10,2.5
V0816,14-Jul-2019,12,4.2
V0816,14-Jun-2019,3,2.5
V0816,14-Oct-2019,26,2.9
V0816,15-Aug-2019,10,1.8
V0816,15-Jul-2019,5,2.6
V0816,15-Jun-2019,18,2.0
V0816,15-Nov-2019,8,3.6
V0816,16-Aug-2019,13,3.1
V0816,16-Jul-2019,2,3.2
V0816,16-Jun-2019,4,2.5
V0816,16-Oct-2019,21,3.8
V0816,16-Sep-2019,27,1.8
V0816,17-Aug-2019,4,2.6
V0816,17-Jul-2019,12,3.4
V0816,17-Jun-2019,32,4.0
V0816,17-Nov-2019,11,2.4
V0816,17-Oct-2019,6,3.1
V0816,18-Aug-2019,12,3.1
V0816,18-Sep-2019,3,3.9
V0816,19-Aug-2019,13,1.9
V0816,19-Jul-2019,48,2.8
V0816,19-Jun-2019,19,2.2
V0816,20-Jul-2019,8,1.9
V0816,20-May-2019,23,2.2
V0816,20-Oct-2019,25,4.1
V0816,20-Sep-2019,20,2.3
V0816,21-Aug-2019,4,4.0
V0816,21-Jul-2019,30,2.3
V0816,21-Jun-2019,2,4.0
V0816,21-Oct-2019,10,3.4
V0816,22-Jun-2019,12,2.1
V0816,22-May-2019,2,3.2
V0816,22-Sep-2019,10,2.6
V0816,23-Jun-2019,35,2.7
V0816,23-May-2019,8,2.9
V0816,23-Sep-2019,24,2.8
V0816,24-Aug-2019,8,3.4
V0816,24-Jun-2019,53,3.6
V0816,24-May-2019,19,2.6
V0816,24-Nov-2019,3,4.0
V0816,24-Sep-2019,15,4.1
V0816,25-Aug-2019,27,1.9
V0816,25-Sep-2019,6,1.8
V0816,26-Aug-2019,7,2.8
V0816,26-Jul-2019,6,3.2
V0816,26-May-2019,6,2.5
V0816,27-Nov-2019,8,2.4
V0816,27-Oct-2019,12,3.4
V0816,27-Sep-2019,13,3.2
V0816,28-Aug-2019,5,2.2
V0816,28-Jul-2019,8,3.9
V0816,29-Jul-2019,11,3.4
V0816,29-Jun-2019,8,2.7
V0816,29-Sep-2019,5,3.4
V0816,30-Jun-2019,30,2.1
V0816,30-Sep-2019,9,2.9
V0817,01-Jul-2019,20,2.2
V0817,01-Oct-2019,9,1.9
V0817,01-Sep-2019,14,2.6
V0817,02-Jul-2019,35,2.2
V0817,02-Oct-2019,10,3.3
V0817,02-Sep-2019,10,3.4
V0817,03-Aug-2019,7,2.2
V0817,03-Oct-2019,9,1.9
V0817,03-Sep-2019,13,3.7
V0817,04-Aug-2019,9,1.8
V0817,04-Jul-2019,16,2.6
V0817,04-Nov-2019,25,3.0
V0817,04-Oct-2019,16,3.8
V0817,05-Aug-2019,12,3.8
V0817,05-Jul-2019,22,3.5
V0817,06-Aug-2019,8,2.4
V0817,06-Sep-2019,4,3.5
V0817,07-Jul-2019,26,2.4
V0817,07-Nov-2019,2,2.3
V0817,07-Oct-2019,6,3.1
V0817,08-Jul-2019,35,3.4
V0817,08-Oct-2019,8,1.9
V0817,08-Sep-2019,9,1.9
V0817,09-Aug-2019,26,3.7
V0817,09-Jul-2019,31,3.9
V0817,09-Nov-2019,9,3.3
V0817,09-Oct-2019,34,2.8
V0817,09-Sep-2019,16,3.8
V0817,10-Aug-2019,9,3.5
V0817,10-Jul-2019,30,3.2
V0817,10-Jun-2019,9,2.6
V0817,10-Oct-2019,8,2.3
V0817,11-Nov-2019,15,2.8
V0817,11-Oct-2019,8,2.5
V0817,12-Aug-2019,14,2.6
V0817,12-Jul-2019,2,3.0
V0817,12-Nov-2019,10,2.2
V0817,13-Aug-2019,28,3.7
V0817,13-Jul-2019,24,2.1
V0817,13-Oct-2019,8,3.0
V0817,14-Jul-2019,34,3.6
V0817,14-Nov-2019,16,3.0
V0817,14-Oct-2019,8,2.7
V0817,14-Sep-2019,11,2.9
V0817,15-Jul-2019,15,3.8
V0817,15-Nov-2019,10,4.2
V0817,15-Oct-2019,10,3.3
V0817,15-Sep-2019,9,3.7
V0817,16-Jul-2019,19,1.8
V0817,16-Nov-2019,8,3.9
V0817,16-Sep-2019,28,4.1
V0817,17-Jul-2019,4,3.2
V0817,17-Jun-2019,5,3.6
V0817,17-Sep-2019,18,3.0
V0817,18-Jul-2019,8,2.5
V0817,18-Oct-2019,10,3.8
V0817,19-Aug-2019,22,3.2
V0817,19-Jul-2019,35,3.2
V0817,19-Oct-2019,8,3.4
V0817,19-Sep-2019,16,3.9
V0817,20-Aug-2019,85,3.6
V0817,20-Jul-2019,11,2.3
V0817,20-Oct-2019,8,2.9
V0817,20-Sep-2019,8,4.2
V0817,21-Jul-2019,31,3.1
V0817,21-Oct-2019,8,4.1
V0817,22-Oct-2019,8,3.8
V0817,22-Sep-2019,12,3.4
V0817,23-Sep-2019,18,2.6
V0817,24-Jun-2019,3,2.5
V0817,24-Sep-2019,6,3.3
V0817,25-Jun-2019,9,2.8
V0817,25-Oct-2019,6,3.7
V0817,25-Sep-2019,8,3.6
V0817,26-Aug-2019,23,2.5
V0817,27-Aug-2019,19,3.5
V0817,27-Oct-2019,16,3.0
V0817,27-Sep-2019,20,2.6
V0817,28-Oct-2019,12,2.8
V0817,29-Jul-2019,9,3.9
V0817,29-Oct-2019,4,2.7
V0817,30-Aug-2019,9,2.5
V0817,30-Jul-2019,24,2.6
V0817,30-Jun-2019,23,2.3
V0817,30-Sep-2019,31,3.1
V0818,01-Jul-2019,30,2.2
V0818,01-Sep-2019,40,3.8
V0818,02-Nov-2019,2,2.3
V0818,03-Sep-2019,12,3.2
V0818,04-Jul-2019,45,2.1
V0818,05-Aug-2019,4,4.1
V0818,05-Oct-2019,12,2.9
V0818,06-Nov-2019,9,3.8
V0818,08-Nov-2019,4,3.6
V0818,09-Jun-2019,9,3.5
V0818,09-Sep-2019,16,3.8
V0818,14-Jul-2019,8,2.0
V0818,15-Oct-2019,20,3.4
V0818,17-Nov-2019,17,2.4
V0818,20-Aug-2019,18,3.7
V0818,20-Oct-2019,30,4.1
V0818,21-Jul-2019,16,4.0
V0818,23-Sep-2019,4,2.1
V0818,26-Aug-2019,19,2.7
V0818,27-Oct-2019,18,2.7
V0821,01-Jul-2019,9,2.1
V0821,01-Sep-2019,4,2.0
V0821,07-Jun-2019,3,2.7
V0821,08-Aug-2019,33,4.2
V0821,09-Aug-2019,5,3.2
V0821,09-Jul-2019,4,3.3
V0821,11-Aug-2019,4,2.9
V0821,12-Nov-2019,3,3.4
V0821,13-Jul-2019,18,4.1
V0821,16-Aug-2019,2,3.2
V0821,17-Jul-2019,8,2.0
V0821,17-Nov-2019,8,3.0
V0821,18-Oct-2019,3,4.2
V0821,21-Oct-2019,2,2.7
V0821,22-Jun-2019,43,3.2
V0821,26-Jul-2019,2,2.1
V0821,29-Sep-2019,6,2.1
V0821,30-Jun-2019,7,3.9
V0821,30-Sep-2019,2,2.5
V0823,01-Aug-2019,3,2.5
V0823,01-Dec-2018,4,2.7
V0823,01-Jul-2019,29,4.1
V0823,01-Nov-2018,20,2.0
V0823,02-Aug-2018,9,3.8
V0823,02-Jun-2019,4,2.6
V0823,02-Oct-2018,5,3.8
V0823,02-Sep-2018,4,4.2
V0823,03-Aug-2018,4,2.6
V0823,03-Jun-2019,8,2.1
V0823,03-Nov-2018,2,2.1
V0823,03-Sep-2018,3,3.6
V0823,03-Sep-2019,7,2.1
V0823,04-Nov-2019,3,2.4
V0823,04-Sep-2018,2,2.3
V0823,05-Aug-2018,29,2.7
V0823,05-Jan-2019,6,2.0
V0823,05-Nov-2018,3,3.9
V0823,05-Oct-2018,12,3.9
V0823,05-Sep-2019,4,2.8
V0823,06-Aug-2018,3,3.3
V0823,06-Aug-2019,13,3.3
V0823,06-Dec-2018,2,3.6
V0823,06-Jan-2019,2,3.0
V0823,06-Oct-2018,3,3.0
V0823,07-Aug-2019,32,3.3
V0823,07-Jan-2019,11,3.5
V0823,07-Jul-2019,5,2.6
V0823,07-Oct-2018,30,2.6
V0823,07-Oct-2019,5,2.4
V0823,07-Sep-2018,8,3.1
V0823,08-Feb-2019,8,2.7
V0823,08-Jul-2019,43,3.1
V0823,08-Jun-2019,8,2.8
V0823,08-Oct-2018,26,3.8
V0823,08-Oct-2019,38,2.0
V0823,08-Sep-2018,8,3.2
V0823,09-Oct-2018,6,3.2
V0823,09-Oct-2019,5,2.7
V0823,09-Sep-2018,3,2.8
V0823,09-Sep-2019,2,3.7
V0823,10-Dec-2018,10,2.5
V0823,10-Jul-2019,2,3.9
V0823,10-Jun-2019,15,4.0
V0823,10-Nov-2019,3,3.4
V0823,10-Sep-2018,14,3.7
V0823,11-Aug-2019,12,3.3
V0823,11-Feb-2019,6,3.1
V0823,11-Nov-2018,24,4.1
V0823,11-Nov-2019,8,2.5
V0823,11-Oct-2019,10,2.2
V0823,11-Sep-2018,4,2.5
V0823,12-Aug-2018,14,3.3
V0823,12-Aug-2019,6,2.2
V0823,12-Dec-2018,9,4.0
V0823,12-Jul-2019,7,2.8
V0823,12-Nov-2018,10,3.8
V0823,13-Aug-2018,3,2.4
V0823,13-Dec-2018,8,2.6
V0823,13-Jul-2019,21,1.9
V0823,13-Jun-2019,2,2.4
V0823,13-Nov-2018,4,3.0
V0823,13-Oct-2018,2,4.1
V0823,13-Sep-2018,3,2.7
V0823,14-Aug-2018,4,3.3
V0823,14-Aug-2019,6,2.8
V0823,14-Dec-2018,5,1.9
V0823,14-Jan-2019,9,3.0
V0823,14-Jul-2019,20,2.0
V0823,14-Oct-2018,18,3.9
V0823,14-Sep-2018,4,3.6
V0823,15-Jul-2019,14,2.7
V0823,15-Oct-2018,24,3.3
V0823,15-Sep-2018,8,2.1
V0823,15-Sep-2019,2,3.5
V0823,16-Aug-2018,2,3.8
V0823,16-Dec-2018,10,3.8
V0823,16-Jul-2019,8,2.5
V0823,16-Jun-2019,2,2.4
V0823,16-Oct-2019,9,3.1
V0823,16-Sep-2018,23,4.1
V0823,16-Sep-2019,2,4.0
V0823,17-Dec-2018,6,2.7
V0823,17-Oct-2019,11,3.7
V0823,17-Sep-2018,4,4.0
V0823,18-Aug-2018,7,2.4
V0823,18-Jan-2019,2,3.8
V0823,18-Nov-2019,4,2.4
V0823,18-Oct-2018,19,2.6
V0823,19-Aug-2019,13,2.3
V0823,19-Nov-2018,10,3.0
V0823,19-Nov-2019,4,3.8
V0823,19-Oct-2019,4,3.1
V0823,19-Sep-2018,23,2.1
V0823,19-Sep-2019,10,2.4
V0823,20-Aug-2018,23,3.2
V0823,20-Aug-2019,28,3.2
V0823,20-Dec-2018,10,3.2
V0823,20-Nov-2018,8,2.0
V0823,20-Oct-2019,2,3.6
V0823,20-Sep-2018,7,4.0
V0823,21-Aug-2018,6,3.0
V0823,21-Jan-2019,5,3.5
V0823,21-Jul-2019,16,4.0
V0823,21-Sep-2018,2,3.3
V0823,22-Aug-2018,2,3.4
V0823,22-Nov-2018,3,3.5
V0823,22-Oct-2018,8,2.4
V0823,22-Sep-2018,9,3.2
V0823,22-Sep-2019,4,3.8
V0823,23-Jun-2019,5,2.5
V0823,23-Nov-2018,2,4.0
V0823,23-Nov-2019,2,3.3
V0823,23-Sep-2018,14,2.8
V0823,23-Sep-2019,8,3.3
V0823,24-Aug-2019,8,2.8
V0823,24-Dec-2018,17,3.8
V0823,24-Jun-2019,4,3.0
V0823,24-Nov-2019,10,4.0
V0823,24-Oct-2018,2,3.0
V0823,24-Sep-2018,8,3.4
V0823,24-Sep-2019,3,4.2
V0823,25-Jun-2019,24,2.2
V0823,25-Nov-2018,2,3.6
V0823,25-Oct-2018,5,2.1
V0823,26-Nov-2018,16,3.8
V0823,26-Nov-2019,2,3.2
V0823,26-Oct-2018,11,4.1
V0823,26-Sep-2018,4,3.9
V0823,27-Aug-2018,3,2.0
V0823,27-Jan-2019,13,2.1
V0823,27-Sep-2018,3,3.2
V0823,28-Aug-2018,2,3.0
V0823,28-Dec-2018,3,2.2
V0823,28-Jan-2019,8,2.1
V0823,28-Jul-2019,9,3.2
V0823,28-Oct-2018,2,1.9
V0823,28-Sep-2018,5,3.9
V0823,29-Aug-2018,16,3.7
V0823,29-Jul-2018,8,3.7
V0823,29-May-2019,4,1.8
V0823,29-Oct-2018,2,1.9
V0823,30-Jul-2018,12,3.1
V0823,30-Jun-2019,33,4.2
V0823,30-May-2019,6,2.6
V0823,30-Oct-2018,9,2.6
V0823,30-Sep-2018,22,2.1
V0823,30-Sep-2019,6,3.4
V0823,31-Dec-2018,10,3.4
V0823,31-Jul-2019,6,2.0
V0823,31-May-2019,25,2.9
V0825,01-Aug-2019,2,3.4
V0825,01-Jul-2019,4,3.0
V0825,01-Nov-2019,2,3.4
V0825,01-Sep-2019,5,3.8
V0825,02-Jun-2019,4,3.4
V0825,02-Sep-2019,6,3.3
V0825,03-Aug-2019,2,3.8
V0825,03-Jul-2019,3,4.0
V0825,03-Jun-2019,4,2.7
V0825,03-Nov-2019,2,2.2
V0825,04-Aug-2019,9,3.8
V0825,04-Nov-2019,4,2.3
V0825,04-Sep-2019,3,4.0
V0825,05-Aug-2019,4,1.9
V0825,05-Oct-2019,3,4.0
V0825,06-Oct-2019,11,3.2
V0825,07-Aug-2019,2,3.7
V0825,07-Jun-2019,8,2.8
V0825,07-Nov-2019,2,4.2
V0825,07-Oct-2019,10,2.3
V0825,07-Sep-2019,2,2.4
V0825,08-Aug-2019,3,1.9
V0825,08-Jul-2019,13,4.1
V0825,08-Jun-2019,2,2.9
V0825,08-Nov-2019,2,3.4
V0825,08-Sep-2019,6,3.4
V0825,09-Aug-2019,2,3.9
V0825,09-Dec-2019,6,3.4
V0825,09-Jun-2019,2,3.1
V0825,09-Nov-2019,6,3.5
V0825,09-Sep-2019,5,3.6
V0825,10-Aug-2019,3,2.2
V0825,10-Jul-2019,2,2.1
V0825,10-Jun-2019,4,2.0
V0825,10-Nov-2019,10,2.7
V0825,10-Oct-2019,5,3.0
V0825,11-Aug-2019,8,3.3
V0825,11-Jul-2019,11,4.1
V0825,11-Nov-2019,2,2.6
V0825,11-Oct-2019,2,3.6
V0825,11-Sep-2019,10,3.1
V0825,12-Aug-2019,6,2.3
V0825,12-Oct-2019,8,3.3
V0825,13-Jun-2019,4,4.1
V0825,13-Oct-2019,2,2.1
V0825,14-Nov-2019,2,3.0
V0825,14-Oct-2019,6,1.9
V0825,15-Jul-2019,4,2.6
V0825,15-Jun-2019,5,3.3
V0825,16-Jul-2019,3,3.8
V0825,16-Jun-2019,2,3.6
V0825,16-Sep-2019,4,2.9
V0825,17-Aug-2019,13,4.0
V0825,17-Jul-2019,6,2.5
V0825,17-Jun-2019,6,3.6
V0825,17-Nov-2019,3,2.9
V0825,18-Aug-2019,4,4.0
V0825,18-Jul-2019,2,3.7
V0825,18-May-2019,4,4.0
V0825,18-Oct-2019,2,2.3
V0825,19-Jul-2019,7,3.4
V0825,19-May-2019,15,3.6
V0825,19-Oct-2019,5,3.6
V0825,19-Sep-2019,2,3.0
V0825,20-Jun-2019,9,1.8
V0825,20-Sep-2019,8,2.4
V0825,21-Aug-2019,2,2.6
V0825,21-Jun-2019,15,3.8
V0825,21-Oct-2019,2,3.8
V0825,22-Aug-2019,2,2.1
V0825,22-Sep-2019,6,4.1
V0825,23-Jun-2019,8,2.2
V0825,23-May-2019,2,2.8
V0825,23-Sep-2019,3,2.3
V0825,24-Aug-2019,4,3.9
V0825,24-Jun-2019,13,3.6
V0825,24-May-2019,6,2.6
V0825,25-Aug-2019,9,3.4
V0825,25-Oct-2019,4,2.2
V0825,26-Aug-2019,2,2.7
V0825,27-May-2019,2,2.7
V0825,27-Oct-2019,2,2.4
V0825,27-Sep-2019,2,3.9
V0825,28-Jun-2019,13,3.4
V0825,28-Oct-2019,5,2.5
V0825,29-Sep-2019,3,2.4
V0825,30-Aug-2019,12,1.8
V0825,30-Jun-2019,13,2.6
V0825,30-Sep-2019,7,3.1
V0825,31-May-2019,2,2.5
V0825,31-Oct-2019,4,3.5
V0826,31-Jul-2019,5,2.8
