ID,Gene,FoldChange.acetyl,pval.acetyl,logp.acetyl,signedlogp.ac,FDR.acetyl,FoldChange.rna,pval.rna,logp.rna,signedlogp.rna,FDR.rna
A2M-K1176,A2M,0.012,1,0,0,1,-0.41,0.028974572,1.537982969,-1.537982969,0.160778016
A2M-K516,A2M,0.27565,0.442142309,0.354437925,0.354437925,0.961720515,-0.41,0.028974572,1.537982969,-1.537982969,0.160778016
AAGAB-K290,AAGAB,0.2315,0.037874214,1.421656374,1.421656374,0.626131724,0.155,0.038460169,1.41498881,1.41498881,0.188027706
AATF-K380,AATF,0.31,0.488319512,0.311295922,0.311295922,0.969594397,0.15,5.21E-04,3.28341998,3.28341998,0.01725574
ABCE1-K121,ABCE1,0.0957,0.519726845,0.28422485,0.28422485,0.981815074,0.16,0.052860879,1.276865616,1.276865616,0.223144126
ABCE1-K191,ABCE1,-0.4106,0.342857143,0.464886798,-0.464886798,0.930954294,0.16,0.052860879,1.276865616,1.276865616,0.223144126
ABCE1-K210,ABCE1,0.0248599,0.914853198,0.03864859,0.03864859,1,0.16,0.052860879,1.276865616,1.276865616,0.223144126
ABCE1-K415,ABCE1,0.378,0.087331791,1.058827631,1.058827631,0.773861515,0.16,0.052860879,1.276865616,1.276865616,0.223144126
ABCE1-K431,ABCE1,0.02755,0.66702336,0.175858956,0.175858956,1,0.16,0.052860879,1.276865616,1.276865616,0.223144126
ABHD10-K101,ABHD10,-0.15195,0.219925881,0.657723659,-0.657723659,0.875622157,0.14,0.056641113,1.246868224,1.246868224,0.231412009
ABHD10-K129,ABHD10,0.172,0.696216525,0.157255673,0.157255673,1,0.14,0.056641113,1.246868224,1.246868224,0.231412009
ABHD10-K69,ABHD10,0.28325,0.335755466,0.473976909,0.473976909,0.930954294,0.14,0.056641113,1.246868224,1.246868224,0.231412009
ABHD11-K87,ABHD11,0.209045,0.312066204,0.505753261,0.505753261,0.920825313,0.37,0.011361477,1.94456522,1.94456522,0.095474012
ABHD16A-K202,ABHD16A,-0.07704,0.927272727,0.032792513,-0.032792513,1,-0.03,0.588487665,0.230262636,-0.230262636,0.789111409
ABRACL-K25,ABRACL,0.089,0.807455558,0.092881372,0.092881372,1,0.11,0.147251429,0.831940481,0.831940481,0.38874989
ABRACL-K51,ABRACL,0.1225,0.441236391,0.355328676,0.355328676,0.961720515,0.11,0.147251429,0.831940481,0.831940481,0.38874989
ACAA1-K198,ACAA1,0.0455,0.137298656,0.862333713,0.862333713,0.814916032,-0.04,0.132544638,0.877637836,-0.877637836,0.370415856
ACAA1-K234,ACAA1,0.473,0.196516702,0.706600532,0.706600532,0.859405482,-0.04,0.132544638,0.877637836,-0.877637836,0.370415856
ACAA1-K259,ACAA1,-0.028,0.76573976,0.115918802,-0.115918802,1,-0.04,0.132544638,0.877637836,-0.877637836,0.370415856
ACAA2-K13,ACAA2,0.305,0.457273108,0.339824338,0.339824338,0.966707499,0.08,0.361114353,0.442355249,0.442355249,0.623782104
ACAA2-K137,ACAA2,-0.0505,0.120327348,0.919635656,-0.919635656,0.793855532,0.08,0.361114353,0.442355249,0.442355249,0.623782104
ACAA2-K173,ACAA2,-0.388,0.967849488,0.014192175,-0.014192175,1,0.08,0.361114353,0.442355249,0.442355249,0.623782104
ACAA2-K181,ACAA2,-0.42386,0.138580276,0.858298579,-0.858298579,0.816491565,0.08,0.361114353,0.442355249,0.442355249,0.623782104
ACAA2-K191,ACAA2,0.03715,0.987990309,0.005247316,0.005247316,1,0.08,0.361114353,0.442355249,0.442355249,0.623782104
ACAA2-K234,ACAA2,-0.4081,0.194926094,0.71013002,-0.71013002,0.859405482,0.08,0.361114353,0.442355249,0.442355249,0.623782104
ACAA2-K25,ACAA2,-0.136,0.938467492,0.027580766,-0.027580766,1,0.08,0.361114353,0.442355249,0.442355249,0.623782104
ACAA2-K269,ACAA2,-0.0958795,0.908891696,0.041487865,-0.041487865,1,0.08,0.361114353,0.442355249,0.442355249,0.623782104
ACAA2-K270,ACAA2,-0.22353,0.120547211,0.918842832,-0.918842832,0.793855532,0.08,0.361114353,0.442355249,0.442355249,0.623782104
ACAD11-K704,ACAD11,1.1374,0.004848093,2.31442905,2.31442905,0.377682496,-0.01,0.328144165,0.483935314,-0.483935314,0.598257403
ACAD8-K177,ACAD8,-0.1393,1,0,0,1,0.035,0.465588795,0.33199748,0.33199748,0.709888602
ACAD8-K231,ACAD8,-0.4597,0.030986557,1.508826672,-1.508826672,0.593457358,0.035,0.465588795,0.33199748,0.33199748,0.709888602
ACAD9-K202,ACAD9,-0.0561,0.948931589,0.022765096,-0.022765096,1,0.115,0.05223979,1.281998579,1.281998579,0.221892144
ACAD9-K239,ACAD9,-0.9565,0.412121212,0.384975032,-0.384975032,0.956240488,0.115,0.05223979,1.281998579,1.281998579,0.221892144
ACADM-K289,ACADM,0.16865,0.605841218,0.217641183,0.217641183,1,0.225,0.154306366,0.811616156,0.811616156,0.399184157
ACADM-K304,ACADM,0.06375,0.818581751,0.086937941,0.086937941,1,0.225,0.154306366,0.811616156,0.811616156,0.399184157
ACADM-K312,ACADM,-0.029,1,0,0,1,0.225,0.154306366,0.811616156,0.811616156,0.399184157
ACADS-K133,ACADS,-0.302635,0.705327472,0.151609201,-0.151609201,1,0.36,0.002020561,2.694528024,2.694528024,0.036746413
ACADS-K136,ACADS,-0.069,0.556495517,0.25453833,-0.25453833,0.990772801,0.36,0.002020561,2.694528024,2.694528024,0.036746413
ACADS-K72,ACADS,-0.13459,0.547619048,0.261521454,-0.261521454,0.989395087,0.36,0.002020561,2.694528024,2.694528024,0.036746413
ACADSB-K284,ACADSB,-0.2517,0.282818373,0.54849238,-0.54849238,0.909317859,-0.055,0.73566954,0.133317225,-0.133317225,0.876539836
ACADVL-K218,ACADVL,-0.1431,0.128216171,0.892057197,-0.892057197,0.806415733,-0.08,0.292632225,0.53367785,-0.53367785,0.563307385
ACADVL-K262,ACADVL,-0.3329,0.14239098,0.84651752,-0.84651752,0.820443268,-0.08,0.292632225,0.53367785,-0.53367785,0.563307385
ACADVL-K299,ACADVL,-0.11704,0.248207905,0.605184391,-0.605184391,0.89375222,-0.08,0.292632225,0.53367785,-0.53367785,0.563307385
ACADVL-K301,ACADVL,-0.35115,0.070837055,1.149739502,-1.149739502,0.735103698,-0.08,0.292632225,0.53367785,-0.53367785,0.563307385
ACADVL-K321,ACADVL,-0.0919675,0.879827009,0.05560271,-0.05560271,1,-0.08,0.292632225,0.53367785,-0.53367785,0.563307385
ACADVL-K573,ACADVL,-0.1740993,0.63644326,0.196240308,-0.196240308,1,-0.08,0.292632225,0.53367785,-0.53367785,0.563307385
ACADVL-K662,ACADVL,-0.1724,0.120321683,0.919656101,-0.919656101,0.793855532,-0.08,0.292632225,0.53367785,-0.53367785,0.563307385
ACAT1-K124,ACAT1,0.3777,0.046576663,1.331831634,1.331831634,0.651145454,0.225,0.085916995,1.065920922,1.065920922,0.291465884
ACAT1-K174,ACAT1,0.028,0.942520802,0.025709056,0.025709056,1,0.225,0.085916995,1.065920922,1.065920922,0.291465884
ACAT1-K181,ACAT1,0.22659,0.305785953,0.514582469,0.514582469,0.920825313,0.225,0.085916995,1.065920922,1.065920922,0.291465884
ACAT1-K190,ACAT1,0.2722,0.132642208,0.877318258,0.877318258,0.809164535,0.225,0.085916995,1.065920922,1.065920922,0.291465884
ACAT1-K202,ACAT1,0.3702,0.1957599,0.708276265,0.708276265,0.859405482,0.225,0.085916995,1.065920922,1.065920922,0.291465884
ACAT1-K230,ACAT1,0.11045,0.741333179,0.129986562,0.129986562,1,0.225,0.085916995,1.065920922,1.065920922,0.291465884
ACAT1-K243,ACAT1,-0.1551058,0.703361345,0.152821503,-0.152821503,1,0.225,0.085916995,1.065920922,1.065920922,0.291465884
ACAT1-K251,ACAT1,-0.0839,0.603142218,0.219580271,-0.219580271,1,0.225,0.085916995,1.065920922,1.065920922,0.291465884
ACAT1-K257,ACAT1,-0.33715,0.736341129,0.132920941,-0.132920941,1,0.225,0.085916995,1.065920922,1.065920922,0.291465884
ACAT1-K66,ACAT1,0.484,0.584571723,0.233162196,0.233162196,1,0.225,0.085916995,1.065920922,1.065920922,0.291465884
ACAT2-K223,ACAT2,0.41755,0.062583533,1.203539924,1.203539924,0.709783531,0.485,0.00459538,2.337678582,2.337678582,0.05835501
ACIN1-K238,ACIN1,-0.2009,0.953436471,0.020708239,-0.020708239,1,0.08,0.264005953,0.57838628,0.57838628,0.534056253
ACIN1-K359,ACIN1,0.157875,0.034923907,1.456877181,1.456877181,0.61764214,0.08,0.264005953,0.57838628,0.57838628,0.534056253
ACIN1-K831,ACIN1,0.41,0.142216401,0.847050317,0.847050317,0.820443268,0.08,0.264005953,0.57838628,0.57838628,0.534056253
ACIN1-K860,ACIN1,0.356,0.17628179,0.753792549,0.753792549,0.859405482,0.08,0.264005953,0.57838628,0.57838628,0.534056253
ACLY-K1022,ACLY,-0.20055,0.367268636,0.435016158,-0.435016158,0.938794148,0.435,6.73E-06,5.171833844,5.171833844,0.00217017
ACLY-K313,ACLY,0.0436,0.567784872,0.245816183,0.245816183,0.993833698,0.435,6.73E-06,5.171833844,5.171833844,0.00217017
ACLY-K522,ACLY,0.3659,0.008520425,2.069538736,2.069538736,0.450113647,0.435,6.73E-06,5.171833844,5.171833844,0.00217017
ACLY-K592,ACLY,-0.004525,0.87772768,0.056640205,-0.056640205,1,0.435,6.73E-06,5.171833844,5.171833844,0.00217017
ACLY-K594,ACLY,-0.0175,0.777438562,0.109333922,-0.109333922,1,0.435,6.73E-06,5.171833844,5.171833844,0.00217017
ACLY-K608,ACLY,0.2385,0.391211216,0.407588703,0.407588703,0.953305663,0.435,6.73E-06,5.171833844,5.171833844,0.00217017
ACO1-K396,ACO1,0.10355,0.370962371,0.430670141,0.430670141,0.938794148,0.365,0.006431844,2.191664474,2.191664474,0.069421398
ACO2-K370,ACO2,-0.0258,0.982136224,0.007828271,-0.007828271,1,0.14,0.037088726,1.430758087,1.430758087,0.184474587
ACO2-K401,ACO2,0.008,0.397246341,0.400940094,0.400940094,0.956240488,0.14,0.037088726,1.430758087,1.430758087,0.184474587
ACO2-K409,ACO2,-0.10738,0.726950079,0.138495412,-0.138495412,1,0.14,0.037088726,1.430758087,1.430758087,0.184474587
ACO2-K465,ACO2,-0.3271,0.383655149,0.416058969,-0.416058969,0.9476637,0.14,0.037088726,1.430758087,1.430758087,0.184474587
ACO2-K50,ACO2,-0.07865,0.63880289,0.194633128,-0.194633128,1,0.14,0.037088726,1.430758087,1.430758087,0.184474587
ACO2-K520,ACO2,-0.07612,0.456607114,0.340457327,-0.340457327,0.966657232,0.14,0.037088726,1.430758087,1.430758087,0.184474587
ACO2-K689,ACO2,-0.1993384,0.504703599,0.296963598,-0.296963598,0.97292638,0.14,0.037088726,1.430758087,1.430758087,0.184474587
ACO2-K723,ACO2,-0.032025,0.946110661,0.024058064,-0.024058064,1,0.14,0.037088726,1.430758087,1.430758087,0.184474587
ACO2-K736,ACO2,-0.1433,0.203005253,0.692492724,-0.692492724,0.861881952,0.14,0.037088726,1.430758087,1.430758087,0.184474587
ACO2-K739,ACO2,-0.62705,0.285714286,0.544068044,-0.544068044,0.909317859,0.14,0.037088726,1.430758087,1.430758087,0.184474587
ACO2-K743,ACO2,-0.054675,0.858531364,0.066243834,-0.066243834,1,0.14,0.037088726,1.430758087,1.430758087,0.184474587
ACOT11-K363,ACOT11,-0.199,0.77032967,0.113323374,-0.113323374,1,0.065,0.720809678,0.142179391,0.142179391,0.867551987
ACOT11-K396,ACOT11,0.5466,0.571428571,0.243038049,0.243038049,0.993833698,0.065,0.720809678,0.142179391,0.142179391,0.867551987
ACOT11-K496,ACOT11,0.08325,0.413586414,0.383433736,0.383433736,0.956240488,0.065,0.720809678,0.142179391,0.142179391,0.867551987
ACOT13-K108,ACOT13,-0.0098,0.841712123,0.074836417,-0.074836417,1,0.09,0.441655009,0.35491684,0.35491684,0.691861559
ACOT13-K111,ACOT13,0.06125,0.603656027,0.219210459,0.219210459,1,0.09,0.441655009,0.35491684,0.35491684,0.691861559
ACOT13-K123,ACOT13,-0.06155,0.871264257,0.059850102,-0.059850102,1,0.09,0.441655009,0.35491684,0.35491684,0.691861559
ACOT13-K127,ACOT13,-0.01035,0.735753673,0.133267561,-0.133267561,1,0.09,0.441655009,0.35491684,0.35491684,0.691861559
ACOT13-K27,ACOT13,0.067815,0.77032967,0.113323374,0.113323374,1,0.09,0.441655009,0.35491684,0.35491684,0.691861559
ACOT13-K37,ACOT13,-0.04295,0.942010095,0.025944443,-0.025944443,1,0.09,0.441655009,0.35491684,0.35491684,0.691861559
ACOT4-K415,ACOT4,0.7015,0.062353339,1.205140287,1.205140287,0.709783531,0.085,0.889474678,0.050866411,0.050866411,0.952887452
ACOT7-K283,ACOT7,0.479,0.163636364,0.78612018,0.78612018,0.848347798,0.745,5.51E-04,3.258568679,3.258568679,0.01780714
ACOT8-K311,ACOT8,0.3615,0.485714286,0.313619123,0.313619123,0.967568225,-0.085,0.358485257,0.4455287,-0.4455287,0.623459313
ACOT8-K52,ACOT8,0.37235,0.087331791,1.058827631,1.058827631,0.773861515,-0.085,0.358485257,0.4455287,-0.4455287,0.623459313
ACOT9-K112,ACOT9,-0.0276,0.869905936,0.060527706,-0.060527706,1,-0.01,0.509132435,0.293169235,-0.293169235,0.744017786
ACOT9-K301,ACOT9,-0.1665,0.636759855,0.196024325,-0.196024325,1,-0.01,0.509132435,0.293169235,-0.293169235,0.744017786
ACOT9-K303,ACOT9,-0.046,0.755843197,0.121568291,-0.121568291,1,-0.01,0.509132435,0.293169235,-0.293169235,0.744017786
ACOX1-K198,ACOX1,0.2314365,0.114285714,0.942008053,0.942008053,0.776434795,-0.14,0.011675269,1.932733093,-1.932733093,0.097190018
ACOX1-K216,ACOX1,0.2736,0.114285714,0.942008053,0.942008053,0.776434795,-0.14,0.011675269,1.932733093,-1.932733093,0.097190018
ACOX1-K260,ACOX1,0.262165,0.109090909,0.962211439,0.962211439,0.776434795,-0.14,0.011675269,1.932733093,-1.932733093,0.097190018
ACOX1-K267,ACOX1,0.491,0.134155413,0.8723918,0.8723918,0.810941161,-0.14,0.011675269,1.932733093,-1.932733093,0.097190018
ACOX1-K437,ACOX1,0.420995,0.002965018,2.527972596,2.527972596,0.352686435,-0.14,0.011675269,1.932733093,-1.932733093,0.097190018
ACOX1-K500,ACOX1,0.95,0.007110021,2.148129134,2.148129134,0.415817711,-0.14,0.011675269,1.932733093,-1.932733093,0.097190018
ACOX1-K504,ACOX1,0.897,0.135284736,0.868751202,0.868751202,0.813563219,-0.14,0.011675269,1.932733093,-1.932733093,0.097190018
ACOX3-K212,ACOX3,0.5006,0.137529138,0.861605281,0.861605281,0.814916032,-0.09,0.393264989,0.405314716,-0.405314716,0.651336122
ACP1-K108,ACP1,0.22325,0.607050212,0.216775385,0.216775385,1,0.135,0.231561779,0.635333123,0.635333123,0.497292831
ACP1-K65,ACP1,0.5824,0.338813589,0.470039179,0.470039179,0.930954294,0.135,0.231561779,0.635333123,0.635333123,0.497292831
ACSF2-K207,ACSF2,-0.1744,0.400723668,0.397155006,-0.397155006,0.956240488,-0.08,0.694992503,0.15801988,-0.15801988,0.853903677
ACSL5-K417,ACSL5,-0.30885,0.193686685,0.712900234,-0.712900234,0.859405482,-0.805,0.007471091,2.126615955,-2.126615955,0.075295287
ACSM3-K157,ACSM3,0.13545,0.446153846,0.350515359,0.350515359,0.961720515,0.18,0.123901721,0.906922663,0.906922663,0.357499299
ACSS2-K431,ACSS2,-0.0091,0.27390156,0.562405495,-0.562405495,0.902857656,0.095,0.74319023,0.128900008,0.128900008,0.881029556
ACSS3-K215,ACSS3,-1.073,0.028340081,1.547598913,-1.547598913,0.591058584,-1.33,0.001416311,2.848841304,-2.848841304,0.030023547
ACSS3-K524,ACSS3,-0.2468,0.243920001,0.612752587,-0.612752587,0.890318598,-1.33,0.001416311,2.848841304,-2.848841304,0.030023547
ACSS3-K97,ACSS3,-0.7335,0.082830213,1.08181122,-1.08181122,0.762793224,-1.33,0.001416311,2.848841304,-2.848841304,0.030023547
ACTA1-K86,ACTA1,-0.047731,0.975324675,0.010850788,-0.010850788,1,0.31,0.487088565,0.312392066,0.312392066,0.727329473
ACTL6A-K379,ACTL6A,-0.03473,0.539731819,0.267821978,-0.267821978,0.985500784,0.14,0.229631151,0.638969197,0.638969197,0.495472298
ACTL6A-K62,ACTL6A,0.0685,0.80654193,0.09337305,0.09337305,1,0.14,0.229631151,0.638969197,0.638969197,0.495472298
ACTN1-K214,ACTN1,8.50E-05,0.924087012,0.034287134,0.034287134,1,-0.1,0.274847283,0.560908552,-0.560908552,0.544888239
ACTN1-K281,ACTN1,0.141225,1,0,0,1,-0.1,0.274847283,0.560908552,-0.560908552,0.544888239
ACTN1-K431,ACTN1,-0.1396,0.790984815,0.101831854,-0.101831854,1,-0.1,0.274847283,0.560908552,-0.560908552,0.544888239
ACTN1-K478,ACTN1,-0.174,0.282322965,0.549253793,-0.549253793,0.909317859,-0.1,0.274847283,0.560908552,-0.560908552,0.544888239
ACTN1-K492,ACTN1,-0.1022,0.250449579,0.601279694,-0.601279694,0.894491593,-0.1,0.274847283,0.560908552,-0.560908552,0.544888239
ACTN1-K563,ACTN1,-0.06,0.52484296,0.279970624,-0.279970624,0.982788878,-0.1,0.274847283,0.560908552,-0.560908552,0.544888239
ACTN1-K649,ACTN1,-0.3386,0.021589658,1.665754237,-1.665754237,0.553711116,-0.1,0.274847283,0.560908552,-0.560908552,0.544888239
ACTN1-K676,ACTN1,0.053,0.729012505,0.137265022,0.137265022,1,-0.1,0.274847283,0.560908552,-0.560908552,0.544888239
ACTN1-K682,ACTN1,-0.131,0.61396864,0.211853811,-0.211853811,1,-0.1,0.274847283,0.560908552,-0.560908552,0.544888239
ACTN1-K89,ACTN1,0.127,0.902167967,0.044712597,0.044712597,1,-0.1,0.274847283,0.560908552,-0.560908552,0.544888239
ACTN4-K108,ACTN4,-0.0856,0.306101832,0.514134072,-0.514134072,0.920825313,0,0.424207605,0.372421549,0,0.678044524
ACTN4-K193,ACTN4,-0.2775,0.023330385,1.632078098,-1.632078098,0.562122244,0,0.424207605,0.372421549,0,0.678044524
ACTN4-K233,ACTN4,-0.0024,0.927374819,0.032744701,-0.032744701,1,0,0.424207605,0.372421549,0,0.678044524
ACTN4-K300,ACTN4,0.332,0.261134119,0.583136381,0.583136381,0.899293861,0,0.424207605,0.372421549,0,0.678044524
ACTN4-K323,ACTN4,0.0875,0.98251483,0.007660886,0.007660886,1,0,0.424207605,0.372421549,0,0.678044524
ACTN4-K331,ACTN4,-0.20715,0.591807573,0.227819482,-0.227819482,1,0,0.424207605,0.372421549,0,0.678044524
ACTN4-K395,ACTN4,0.0681,0.672277519,0.172451412,0.172451412,1,0,0.424207605,0.372421549,0,0.678044524
ACTN4-K437,ACTN4,0.0442145,0.65377607,0.18457098,0.18457098,1,0,0.424207605,0.372421549,0,0.678044524
ACTN4-K518,ACTN4,-0.1154,0.350797756,0.454943194,-0.454943194,0.935291689,0,0.424207605,0.372421549,0,0.678044524
ACTN4-K521,ACTN4,0.032,0.633833541,0.198024783,0.198024783,1,0,0.424207605,0.372421549,0,0.678044524
ACTN4-K592,ACTN4,0.0335,0.752915831,0.123253571,0.123253571,1,0,0.424207605,0.372421549,0,0.678044524
ACTN4-K622,ACTN4,-0.294925,0.200404133,0.698093325,-0.698093325,0.859405482,0,0.424207605,0.372421549,0,0.678044524
ACTN4-K625,ACTN4,-0.045,0.935897325,0.028771794,-0.028771794,1,0,0.424207605,0.372421549,0,0.678044524
ACTN4-K632,ACTN4,0.23385,1,0,0,1,0,0.424207605,0.372421549,0,0.678044524
ACTN4-K791,ACTN4,0.213715,0.948031194,0.023177372,0.023177372,1,0,0.424207605,0.372421549,0,0.678044524
ACTN4-K899,ACTN4,-0.035652085,0.517948775,0.28571319,-0.28571319,0.981666433,0,0.424207605,0.372421549,0,0.678044524
ACTR1B-K329,ACTR1B,0.0831,1,0,0,1,0.085,0.605648336,0.217779471,0.217779471,0.800097031
ACTR2-K224,ACTR2,-0.1241,0.959129759,0.018122634,-0.018122634,1,0.19,0.358462552,0.445556208,0.445556208,0.623459313
ACTR2-K304,ACTR2,0.0733,0.749444578,0.125260478,0.125260478,1,0.19,0.358462552,0.445556208,0.445556208,0.623459313
ACTR2-K327,ACTR2,-0.044635,0.79979959,0.097018823,-0.097018823,1,0.19,0.358462552,0.445556208,0.445556208,0.623459313
ACTR2-K336,ACTR2,-0.0035,0.69711559,0.156695205,-0.156695205,1,0.19,0.358462552,0.445556208,0.445556208,0.623459313
ACTR2-K341,ACTR2,-0.1033,0.89536212,0.048001283,-0.048001283,1,0.19,0.358462552,0.445556208,0.445556208,0.623459313
ACTR2-K373,ACTR2,-0.10925,0.465640703,0.331949063,-0.331949063,0.967568225,0.19,0.358462552,0.445556208,0.445556208,0.623459313
ACTR2-K386,ACTR2,-0.4205,0.237452918,0.624422489,-0.624422489,0.879057947,0.19,0.358462552,0.445556208,0.445556208,0.623459313
ACTR3-K240,ACTR3,0.1049,0.71037296,0.148513578,0.148513578,1,0.1,0.167603795,0.775716151,0.775716151,0.417525314
ACTR3-K244,ACTR3,0.028,0.765137753,0.116260369,0.116260369,1,0.1,0.167603795,0.775716151,0.775716151,0.417525314
ACTR3-K251,ACTR3,-0.0015,0.873301014,0.058836036,-0.058836036,1,0.1,0.167603795,0.775716151,0.775716151,0.417525314
ACTR3-K254,ACTR3,0.15155,0.106811146,0.971383427,0.971383427,0.776434795,0.1,0.167603795,0.775716151,0.775716151,0.417525314
ACTR3-K348,ACTR3,0.040455,0.392824043,0.405801939,0.405801939,0.953727646,0.1,0.167603795,0.775716151,0.775716151,0.417525314
ACTR6-K260,ACTR6,-0.203805,0.194871795,0.710251015,-0.710251015,0.859405482,0.235,0.002946444,2.53070184,2.53070184,0.045808104
ACTR8-K6,ACTR8,0.49,0.222306522,0.653047796,0.653047796,0.875622157,-0.005,0.311256466,0.506881618,-0.506881618,0.581462555
ACYP1-K55,ACYP1,0.878,0.248803828,0.604142942,0.604142942,0.893802906,0.165,0.053505593,1.271600822,1.271600822,0.224249708
ACYP1-K62,ACYP1,0.245,0.24792309,0.605683024,0.605683024,0.893184931,0.165,0.053505593,1.271600822,1.271600822,0.224249708
ADAR-K665,ADAR,0.11837,0.500892331,0.300255618,0.300255618,0.971994014,0.02,0.205512287,0.687162208,0.687162208,0.46602561
ADAR-K745,ADAR,0.1019365,0.808080808,0.092545208,0.092545208,1,0.02,0.205512287,0.687162208,0.687162208,0.46602561
ADAR-K798,ADAR,-0.4383635,0.485714286,0.313619123,-0.313619123,0.967568225,0.02,0.205512287,0.687162208,0.687162208,0.46602561
ADAR-K902,ADAR,0.6476245,0.226839724,0.64428089,0.64428089,0.879057947,0.02,0.205512287,0.687162208,0.687162208,0.46602561
ADD1-K140,ADD1,0.3383,0.945871626,0.024167802,0.024167802,1,-0.045,0.075538434,1.121832024,-1.121832024,0.272270144
ADD3-K504,ADD3,0.119725,0.417316575,0.379534366,0.379534366,0.960518308,-0.41,0.005201252,2.283892132,-2.283892132,0.062151289
ADH1B-K105,ADH1B,-0.3205,0.136694877,0.864247762,-0.864247762,0.814916032,-2.13,0.02618345,1.581973134,-1.581973134,0.152026087
ADH1B-K19,ADH1B,-0.4685,0.132412128,0.878072236,-0.878072236,0.809164535,-2.13,0.02618345,1.581973134,-1.581973134,0.152026087
ADH1B-K324,ADH1B,-0.1205,0.683516484,0.165251008,-0.165251008,1,-2.13,0.02618345,1.581973134,-1.581973134,0.152026087
ADH1C-K100,ADH1C,0.031,0.984062373,0.006977374,0.006977374,1,1.595,0.020736081,1.68327331,1.68327331,0.133119758
ADH5-K101,ADH5,0.00345,0.973187368,0.011803537,0.011803537,1,0.11,0.166111685,0.779599815,0.779599815,0.415790394
ADH5-K113,ADH5,0.06009,0.966282683,0.014895803,0.014895803,1,0.11,0.166111685,0.779599815,0.779599815,0.415790394
ADH5-K168,ADH5,-0.1431,0.652084757,0.185695951,-0.185695951,1,0.11,0.166111685,0.779599815,0.779599815,0.415790394
ADH5-K323,ADH5,-0.021,0.443043884,0.353553254,-0.353553254,0.961720515,0.11,0.166111685,0.779599815,0.779599815,0.415790394
ADH5-K338,ADH5,-0.21965,0.560401003,0.251501096,-0.251501096,0.991315092,0.11,0.166111685,0.779599815,0.779599815,0.415790394
ADH5-K366,ADH5,0.191655,0.395225877,0.403154629,0.403154629,0.955458216,0.11,0.166111685,0.779599815,0.779599815,0.415790394
ADH5-K84,ADH5,-0.191,0.321257728,0.493146417,-0.493146417,0.928767355,0.11,0.166111685,0.779599815,0.779599815,0.415790394
ADI1-K73,ADI1,0.376,0.016573601,1.780583132,1.780583132,0.519256825,0.06,0.521887824,0.282422836,0.282422836,0.750517953
ADIRF-K56,ADIRF,-0.0382,0.594072594,0.226160482,-0.226160482,1,-1.18,0.0357844,1.446306262,-1.446306262,0.180210536
ADIRF-K70,ADIRF,-0.049,0.131366624,0.881514962,-0.881514962,0.808568104,-1.18,0.0357844,1.446306262,-1.446306262,0.180210536
ADK-K165,ADK,-0.3356,0.091084999,1.040553144,-1.040553144,0.776434795,0,0.93669491,0.02840184,0,0.974849861
ADK-K178,ADK,-0.1593,0.914285714,0.038918066,-0.038918066,1,0,0.93669491,0.02840184,0,0.974849861
ADK-K256,ADK,-0.42387,0.245378151,0.61016411,-0.61016411,0.891892991,0,0.93669491,0.02840184,0,0.974849861
ADNP-K716,ADNP,0.0495,0.343998336,0.463443659,0.463443659,0.932115954,0.125,0.952494869,0.021137355,0.021137355,0.981249221
ADPRHL2-K109,ADPRHL2,-0.276,0.177870271,0.749896634,-0.749896634,0.859405482,0.165,0.143108171,0.844335569,0.844335569,0.382799115
ADRM1-K42,ADRM1,-0.8972,0.460606061,0.336670352,-0.336670352,0.967568225,0.145,0.2183046,0.660937113,0.660937113,0.480864282
ADSL-K295,ADSL,0.015375,1,0,0,1,0.085,0.102449864,0.989488613,0.989488613,0.321042589
ADSL-K402,ADSL,0.4408,0.234265734,0.63029123,0.63029123,0.879057947,0.085,0.102449864,0.989488613,0.989488613,0.321042589
ADSS-K403,ADSS,0.1635,0.412747749,0.384315286,0.384315286,0.956240488,0.19,0.022715025,1.643686786,1.643686786,0.140241421
AFF1-K251,AFF1,-0.50805,0.514726755,0.288423257,-0.288423257,0.980019632,0.04,0.409959309,0.387259248,0.387259248,0.665966583
AFF1-K589,AFF1,0.19189,0.380263917,0.419914882,0.419914882,0.945619083,0.04,0.409959309,0.387259248,0.387259248,0.665966583
AFF1-K610,AFF1,0.1128,0.148665346,0.827790254,0.827790254,0.831563929,0.04,0.409959309,0.387259248,0.387259248,0.665966583
AFF1-K688,AFF1,0.12025,0.393299752,0.405276327,0.405276327,0.954088373,0.04,0.409959309,0.387259248,0.387259248,0.665966583
AFF2-K677,AFF2,0.1949655,1,0,0,1,-0.445,0.477875831,0.320684934,-0.320684934,0.720385845
AFF3-K563,AFF3,-0.458,0.002125629,2.672512469,-2.672512469,0.317431446,-1.1,5.12E-04,3.290506552,-3.290506552,0.017053597
AFF3-K568,AFF3,-0.02845,0.804442479,0.094505004,-0.094505004,1,-1.1,5.12E-04,3.290506552,-3.290506552,0.017053597
AFF4-K122,AFF4,-0.0672,0.907284009,0.042256744,-0.042256744,1,-0.02,0.928804251,0.032075806,-0.032075806,0.970791179
AFF4-K344,AFF4,-0.19915,0.73015873,0.136582718,-0.136582718,1,-0.02,0.928804251,0.032075806,-0.032075806,0.970791179
AFF4-K503,AFF4,0.085,0.193655049,0.712971175,0.712971175,0.859405482,-0.02,0.928804251,0.032075806,-0.032075806,0.970791179
AFF4-K538,AFF4,-0.177,0.149179109,0.826291991,-0.826291991,0.831563929,-0.02,0.928804251,0.032075806,-0.032075806,0.970791179
AFF4-K564,AFF4,-0.08594,0.687686786,0.162609321,-0.162609321,1,-0.02,0.928804251,0.032075806,-0.032075806,0.970791179
AFF4-K565,AFF4,-0.08594,0.687686786,0.162609321,-0.162609321,1,-0.02,0.928804251,0.032075806,-0.032075806,0.970791179
AFF4-K572,AFF4,0.1249,0.902810972,0.044403172,0.044403172,1,-0.02,0.928804251,0.032075806,-0.032075806,0.970791179
AFF4-K627,AFF4,0.237,0.94362109,0.025202361,0.025202361,1,-0.02,0.928804251,0.032075806,-0.032075806,0.970791179
AFF4-K747,AFF4,0.0069,0.58911305,0.229801357,0.229801357,1,-0.02,0.928804251,0.032075806,-0.032075806,0.970791179
AFF4-K754,AFF4,-0.06245,0.637680681,0.19539674,-0.19539674,1,-0.02,0.928804251,0.032075806,-0.032075806,0.970791179
AFF4-K759,AFF4,0.01883,0.826878244,0.082558434,0.082558434,1,-0.02,0.928804251,0.032075806,-0.032075806,0.970791179
AFF4-K802,AFF4,0.176,1,0,0,1,-0.02,0.928804251,0.032075806,-0.032075806,0.970791179
AFF4-K876,AFF4,-0.018,0.700719784,0.154455621,-0.154455621,1,-0.02,0.928804251,0.032075806,-0.032075806,0.970791179
AFG3L2-K100,AFG3L2,-0.3542,1,0,0,1,0.265,0.022125598,1.655104981,1.655104981,0.138513724
AFG3L2-K308,AFG3L2,-0.27995,0.635958147,0.196571464,-0.196571464,1,0.265,0.022125598,1.655104981,1.655104981,0.138513724
AFM-K300,AFM,-0.1035,0.510003718,0.292426658,-0.292426658,0.975526327,0,0.937842096,0.027870278,0,0.975645234
AGFG1-K12,AGFG1,-0.0145,0.855744754,0.067655755,-0.067655755,1,0.05,0.655054426,0.183722615,0.183722615,0.830040277
AGFG2-K173,AGFG2,0.1527,0.050432458,1.297289863,1.297289863,0.675448457,-0.27,0.037530819,1.425611962,-1.425611962,0.185827385
AGL-K5,AGL,-0.1185,0.417699606,0.379135935,-0.379135935,0.960518308,0.085,0.694943842,0.158050289,0.158050289,0.853903677
AGO2-K355,AGO2,-0.4175,0.0105367,1.977295376,-1.977295376,0.484811693,0.09,0.335535903,0.474261003,0.474261003,0.604137765
AGPS-K116,AGPS,0.4523,0.222574073,0.652525427,0.652525427,0.875622157,-0.185,0.477855039,0.32070383,-0.32070383,0.720385845
AGPS-K347,AGPS,0.118665,0.485714286,0.313619123,0.313619123,0.967568225,-0.185,0.477855039,0.32070383,-0.32070383,0.720385845
AGPS-K454,AGPS,-0.1532,0.937229437,0.028154079,-0.028154079,1,-0.185,0.477855039,0.32070383,-0.32070383,0.720385845
AHCY-K168,AHCY,-0.1959,0.353027504,0.452191458,-0.452191458,0.935291689,0.25,0.091487229,1.038639525,1.038639525,0.302400767
AHCY-K190,AHCY,-0.11745,0.590470157,0.228802047,-0.228802047,1,0.25,0.091487229,1.038639525,1.038639525,0.302400767
AHCY-K320,AHCY,0.0978,0.503496503,0.298003541,0.298003541,0.972539701,0.25,0.091487229,1.038639525,1.038639525,0.302400767
AHCY-K391,AHCY,-0.03195,0.752134668,0.123704393,-0.123704393,1,0.25,0.091487229,1.038639525,1.038639525,0.302400767
AHCY-K403,AHCY,0.396985,0.066666667,1.176091259,1.176091259,0.722248672,0.25,0.091487229,1.038639525,1.038639525,0.302400767
AHCY-K414,AHCY,0.318,0.02898918,1.537764072,1.537764072,0.591058584,0.25,0.091487229,1.038639525,1.038639525,0.302400767
AHCY-K428,AHCY,-0.2746,0.269638879,0.569217488,-0.569217488,0.902857656,0.25,0.091487229,1.038639525,1.038639525,0.302400767
AHCY-K45,AHCY,0.0762,0.423912233,0.372724051,0.372724051,0.961720515,0.25,0.091487229,1.038639525,1.038639525,0.302400767
AHCYL1-K108,AHCYL1,-0.01557,1,0,0,1,0.245,0.00999046,2.000414525,2.000414525,0.08874952
AHCYL1-K246,AHCYL1,0.0895,0.66229901,0.178945894,0.178945894,1,0.245,0.00999046,2.000414525,2.000414525,0.08874952
AHCYL1-K359,AHCYL1,0.12685,0.629891929,0.200733957,0.200733957,1,0.245,0.00999046,2.000414525,2.000414525,0.08874952
AHCYL1-K40,AHCYL1,0.39196,0.048484848,1.314393957,1.314393957,0.664840525,0.245,0.00999046,2.000414525,2.000414525,0.08874952
AHCYL2-K327,AHCYL2,-0.3225,0.431937849,0.364578739,-0.364578739,0.961720515,0.135,0.750742851,0.124508795,0.124508795,0.884694107
AHDC1-K737,AHDC1,-0.0775,0.177087984,0.751810906,-0.751810906,0.859405482,-0.27,0.308918471,0.510156123,-0.510156123,0.579566902
AHNAK-K5858,AHNAK,0.5155,0.171428571,0.765916794,0.765916794,0.858569025,-0.035,0.956459565,0.019333385,-0.019333385,0.98275829
AHNAK-K627,AHNAK,0.449,0.330604178,0.480691662,0.480691662,0.930954294,-0.035,0.956459565,0.019333385,-0.019333385,0.98275829
AHNAK-K891,AHNAK,-0.094,0.976889014,0.010154775,-0.010154775,1,-0.035,0.956459565,0.019333385,-0.019333385,0.98275829
AHSA1-K194,AHSA1,0.21,0.083704471,1.077251345,1.077251345,0.763898539,0.205,0.084103409,1.075186399,1.075186399,0.288480438
AHSA1-K203,AHSA1,0.128,0.300646017,0.521944545,0.521944545,0.919761877,0.205,0.084103409,1.075186399,1.075186399,0.288480438
AHSG-K120,AHSG,-0.123,0.454005115,0.342939254,-0.342939254,0.966193174,0.315,0.887540517,0.051811812,0.051811812,0.952590622
AHSG-K226,AHSG,-0.03635,0.668473555,0.174915769,-0.174915769,1,0.315,0.887540517,0.051811812,0.051811812,0.952590622
AIDA-K87,AIDA,0.1453,0.46838552,0.329396539,0.329396539,0.967568225,0.17,0.040358465,1.394065358,1.394065358,0.193037563
AIFM1-K244,AIFM1,-0.0679,0.152928566,0.815511383,-0.815511383,0.834881371,-0.18,0.687655732,0.162628933,-0.162628933,0.84981535
AIFM1-K255,AIFM1,-0.41405,0.073426573,1.134146738,-1.134146738,0.735103698,-0.18,0.687655732,0.162628933,-0.162628933,0.84981535
AIFM1-K278,AIFM1,-0.145,0.094769343,1.023332131,-1.023332131,0.776434795,-0.18,0.687655732,0.162628933,-0.162628933,0.84981535
AIFM1-K446,AIFM1,-0.369595,0.147442648,0.831376879,-0.831376879,0.831563929,-0.18,0.687655732,0.162628933,-0.162628933,0.84981535
AIFM1-K593,AIFM1,-0.2255,0.393929435,0.404581567,-0.404581567,0.954173427,-0.18,0.687655732,0.162628933,-0.162628933,0.84981535
AIMP1-K313,AIMP1,0.09778,0.403986824,0.393632799,0.393632799,0.956240488,0.02,0.198512761,0.70221157,0.70221157,0.456401461
AIMP2-K252,AIMP2,0.1022,0.180411076,0.743736803,0.743736803,0.859405482,0.22,0.066273649,1.178659116,1.178659116,0.252178124
AK1-K182,AK1,0.1538,0.804157132,0.094659082,0.094659082,1,0.155,0.30892355,0.510148983,0.510148983,0.579566902
AK1-K43,AK1,-0.0261,0.9623228,0.016679224,-0.016679224,1,0.155,0.30892355,0.510148983,0.510148983,0.579566902
AK2-K181,AK2,-0.26975,0.071615028,1.144995834,-1.144995834,0.735103698,0.01,0.578217934,0.237908443,0.237908443,0.78235592
AK3-K171,AK3,-0.06565,0.937229437,0.028154079,-0.028154079,1,-0.175,0.049297879,1.307171764,-1.307171764,0.21514036
AK3-K181,AK3,0.08985,0.796011437,0.099080692,0.099080692,1,-0.175,0.049297879,1.307171764,-1.307171764,0.21514036
AK4-K179,AK4,0.2691,0.469040248,0.328789889,0.328789889,0.967568225,0.73,0.058622986,1.231932068,1.231932068,0.235457987
AKAP12-K238,AKAP12,-0.7875,0.412121212,0.384975032,-0.384975032,0.956240488,-0.33,0.377005618,0.423652178,-0.423652178,0.636487726
AKR1A1-K141,AKR1A1,-0.3372,0.049532474,1.305109982,-1.305109982,0.672777736,0.195,0.061298822,1.212547869,1.212547869,0.241537145
AKR1A1-K23,AKR1A1,-0.2986325,0.166233766,0.779280756,-0.779280756,0.85031237,0.195,0.061298822,1.212547869,1.212547869,0.241537145
AKR1A1-K287,AKR1A1,-0.1271,0.860105581,0.065448234,-0.065448234,1,0.195,0.061298822,1.212547869,1.212547869,0.241537145
AKR1B1-K179,AKR1B1,-0.315625,0.485714286,0.313619123,-0.313619123,0.967568225,0.355,0.207443215,0.683100765,0.683100765,0.467889899
AKR1B1-K195,AKR1B1,0.0506155,1,0,0,1,0.355,0.207443215,0.683100765,0.683100765,0.467889899
AKR1B1-K240,AKR1B1,-0.0945,0.745483667,0.127561867,-0.127561867,1,0.355,0.207443215,0.683100765,0.683100765,0.467889899
AKR1B1-K95,AKR1B1,-0.1635,0.306613591,0.513408599,-0.513408599,0.920825313,0.355,0.207443215,0.683100765,0.683100765,0.467889899
AKR1B10-K125,AKR1B10,-0.3151135,0.685714286,0.163856803,-0.163856803,1,0.83,0.154323667,0.811567464,0.811567464,0.399184157
AKR1B10-K169,AKR1B10,0.028911,0.885714286,0.052706351,0.052706351,1,0.83,0.154323667,0.811567464,0.811567464,0.399184157
AKR1C1-K84,AKR1C1,-0.2391635,0.885714286,0.052706351,-0.052706351,1,-0.875,0.122703742,0.911142194,-0.911142194,0.35541763
AKR1C3-K185,AKR1C3,0.1486,1,0,0,1,-1.415,0.37433348,0.426741328,-0.426741328,0.634233395
AKR1C3-K246,AKR1C3,-0.552,0.479827925,0.31891448,-0.31891448,0.967568225,-1.415,0.37433348,0.426741328,-0.426741328,0.634233395
AKR1E2-K77,AKR1E2,-1.44005,0.263486513,0.579241609,-0.579241609,0.899293861,-2.445,9.55E-06,5.019833016,-5.019833016,0.00251989
AKR1E2-K86,AKR1E2,-0.314,0.648484848,0.188100167,-0.188100167,1,-2.445,9.55E-06,5.019833016,-5.019833016,0.00251989
AKR7A2-K128,AKR7A2,-0.10721,0.085751347,1.06675905,-1.06675905,0.773258044,0.03,0.167585951,0.775762393,0.775762393,0.417525314
ALAD-K281,ALAD,-0.2412,1,0,0,1,0.14,0.198548112,0.702134239,0.702134239,0.456401461
ALB-K117,ALB,-0.2845,0.112254308,0.949796983,-0.949796983,0.776434795,0.165,0.502843843,0.298566863,0.298566863,0.739148771
ALB-K130,ALB,0.0115,0.518808891,0.28499259,0.28499259,0.981666433,0.165,0.502843843,0.298566863,0.298566863,0.739148771
ALB-K160,ALB,-0.001,0.834882621,0.078374579,-0.078374579,1,0.165,0.502843843,0.298566863,0.298566863,0.739148771
ALB-K161,ALB,-0.0795,0.913055964,0.039502602,-0.039502602,1,0.165,0.502843843,0.298566863,0.298566863,0.739148771
ALB-K183,ALB,0.05775,0.15723532,0.803449892,0.803449892,0.842963497,0.165,0.502843843,0.298566863,0.298566863,0.739148771
ALB-K186,ALB,-0.3225,0.079789356,1.098055039,-1.098055039,0.757639694,0.165,0.502843843,0.298566863,0.298566863,0.739148771
ALB-K198,ALB,-0.17035,0.379704519,0.420554235,-0.420554235,0.945030662,0.165,0.502843843,0.298566863,0.298566863,0.739148771
ALB-K205,ALB,-0.036,0.982240956,0.007781961,-0.007781961,1,0.165,0.502843843,0.298566863,0.298566863,0.739148771
ALB-K214,ALB,-0.1205,0.525254509,0.279630211,-0.279630211,0.982788878,0.165,0.502843843,0.298566863,0.298566863,0.739148771
ALB-K219,ALB,-0.215575,0.531749675,0.274292767,-0.274292767,0.984176452,0.165,0.502843843,0.298566863,0.298566863,0.739148771
ALB-K223,ALB,-0.360175,0.680396534,0.167237908,-0.167237908,1,0.165,0.502843843,0.298566863,0.298566863,0.739148771
ALB-K229,ALB,0.03175,0.807862712,0.092662437,0.092662437,1,0.165,0.502843843,0.298566863,0.298566863,0.739148771
ALB-K236,ALB,0.0295,0.717127468,0.144403642,0.144403642,1,0.165,0.502843843,0.298566863,0.298566863,0.739148771
ALB-K257,ALB,0.114475,0.926278009,0.033258647,0.033258647,1,0.165,0.502843843,0.298566863,0.298566863,0.739148771
ALB-K264,ALB,0.18,0.735753673,0.133267561,0.133267561,1,0.165,0.502843843,0.298566863,0.298566863,0.739148771
ALB-K28,ALB,0.2615,0.316920807,0.499049246,0.499049246,0.920825313,0.165,0.502843843,0.298566863,0.298566863,0.739148771
ALB-K286,ALB,0.0131475,0.906403871,0.042678248,0.042678248,1,0.165,0.502843843,0.298566863,0.298566863,0.739148771
ALB-K298,ALB,-0.024365,0.905187218,0.043261587,-0.043261587,1,0.165,0.502843843,0.298566863,0.298566863,0.739148771
ALB-K300,ALB,-0.1035,0.510003718,0.292426658,-0.292426658,0.975526327,0.165,0.502843843,0.298566863,0.298566863,0.739148771
ALB-K305,ALB,-0.3055,0.382397643,0.417484794,-0.417484794,0.94739124,0.165,0.502843843,0.298566863,0.298566863,0.739148771
ALB-K310,ALB,-0.1740825,0.465663718,0.331927599,-0.331927599,0.967568225,0.165,0.502843843,0.298566863,0.298566863,0.739148771
ALB-K337,ALB,-0.089,0.857732567,0.0666481,-0.0666481,1,0.165,0.502843843,0.298566863,0.298566863,0.739148771
ALB-K341,ALB,0.1655,0.827141244,0.082420323,0.082420323,1,0.165,0.502843843,0.298566863,0.298566863,0.739148771
ALB-K36,ALB,-0.0565,0.913055509,0.039502819,-0.039502819,1,0.165,0.502843843,0.298566863,0.298566863,0.739148771
ALB-K375,ALB,-0.0565,0.996040078,0.001723186,-0.001723186,1,0.165,0.502843843,0.298566863,0.298566863,0.739148771
ALB-K383,ALB,0.102475,0.838760202,0.076362184,0.076362184,1,0.165,0.502843843,0.298566863,0.298566863,0.739148771
ALB-K396,ALB,0.0465,0.698673618,0.155725656,0.155725656,1,0.165,0.502843843,0.298566863,0.298566863,0.739148771
ALB-K402,ALB,0.0745,0.623190302,0.205379314,0.205379314,1,0.165,0.502843843,0.298566863,0.298566863,0.739148771
ALB-K413,ALB,-0.069,0.724558825,0.13992635,-0.13992635,1,0.165,0.502843843,0.298566863,0.298566863,0.739148771
ALB-K426,ALB,-0.454625,0.459616512,0.337604377,-0.337604377,0.967568225,0.165,0.502843843,0.298566863,0.298566863,0.739148771
ALB-K44,ALB,-0.1075,0.885558234,0.052782875,-0.052782875,1,0.165,0.502843843,0.298566863,0.298566863,0.739148771
ALB-K456,ALB,-0.15075,0.290462849,0.536909407,-0.536909407,0.911658441,0.165,0.502843843,0.298566863,0.298566863,0.739148771
ALB-K460,ALB,-0.52885,0.196919222,0.705711889,-0.705711889,0.859405482,0.165,0.502843843,0.298566863,0.298566863,0.739148771
ALB-K463,ALB,-0.0165,0.535017784,0.271631782,-0.271631782,0.984176452,0.165,0.502843843,0.298566863,0.298566863,0.739148771
ALB-K490,ALB,-0.1725,0.546368894,0.262514034,-0.262514034,0.989262975,0.165,0.502843843,0.298566863,0.298566863,0.739148771
ALB-K499,ALB,0.22324,0.602557846,0.220001254,0.220001254,1,0.165,0.502843843,0.298566863,0.298566863,0.739148771
ALB-K524,ALB,0.028,0.290286016,0.537173885,0.537173885,0.911658441,0.165,0.502843843,0.298566863,0.298566863,0.739148771
ALB-K543,ALB,-0.2013,0.332952455,0.477617779,-0.477617779,0.930954294,0.165,0.502843843,0.298566863,0.298566863,0.739148771
ALB-K549,ALB,0.01705,0.640844006,0.193247674,0.193247674,1,0.165,0.502843843,0.298566863,0.298566863,0.739148771
ALB-K558,ALB,-0.0305,0.691341344,0.160307471,-0.160307471,1,0.165,0.502843843,0.298566863,0.298566863,0.739148771
ALB-K565,ALB,-0.253,1,0,0,1,0.165,0.502843843,0.298566863,0.298566863,0.739148771
ALB-K569,ALB,-0.4307,0.623193949,0.205376772,-0.205376772,1,0.165,0.502843843,0.298566863,0.298566863,0.739148771
ALB-K581,ALB,0.057,0.695003145,0.15801323,0.15801323,1,0.165,0.502843843,0.298566863,0.298566863,0.739148771
ALB-K584,ALB,-0.2605,0.355941171,0.448621775,-0.448621775,0.936845827,0.165,0.502843843,0.298566863,0.298566863,0.739148771
ALB-K588,ALB,-0.05925,0.762088389,0.117994655,-0.117994655,1,0.165,0.502843843,0.298566863,0.298566863,0.739148771
ALB-K597,ALB,-0.023775,0.936708835,0.028395384,-0.028395384,1,0.165,0.502843843,0.298566863,0.298566863,0.739148771
ALB-K598,ALB,-0.0685,0.774970764,0.110714681,-0.110714681,1,0.165,0.502843843,0.298566863,0.298566863,0.739148771
ALB-K65,ALB,-0.4875,0.411232643,0.385912419,-0.385912419,0.956240488,0.165,0.502843843,0.298566863,0.298566863,0.739148771
ALB-K75,ALB,-0.0159,0.54642133,0.262472356,-0.262472356,0.989262975,0.165,0.502843843,0.298566863,0.298566863,0.739148771
ALB-K88,ALB,-0.269142,0.308964172,0.510091879,-0.510091879,0.920825313,0.165,0.502843843,0.298566863,0.298566863,0.739148771
ALB-K97,ALB,-0.0106,0.548164455,0.261089129,-0.261089129,0.989395087,0.165,0.502843843,0.298566863,0.298566863,0.739148771
ALDH16A1-K50,ALDH16A1,-0.145,0.70980858,0.148858755,-0.148858755,1,0.14,0.048749689,1.312028152,1.312028152,0.213983931
ALDH18A1-K124,ALDH18A1,0.108625,0.131069473,0.882498448,0.882498448,0.808568104,0.355,0.00393056,2.405545596,2.405545596,0.053596786
ALDH18A1-K149,ALDH18A1,0.29035,0.77754631,0.109273736,0.109273736,1,0.355,0.00393056,2.405545596,2.405545596,0.053596786
ALDH18A1-K347,ALDH18A1,0.107,0.370538112,0.431167116,0.431167116,0.938794148,0.355,0.00393056,2.405545596,2.405545596,0.053596786
ALDH18A1-K348,ALDH18A1,0.313,0.237856971,0.623684115,0.623684115,0.879057947,0.355,0.00393056,2.405545596,2.405545596,0.053596786
ALDH18A1-K357,ALDH18A1,-0.0616,1,0,0,1,0.355,0.00393056,2.405545596,2.405545596,0.053596786
ALDH18A1-K424,ALDH18A1,-0.1252,0.638019258,0.195166212,-0.195166212,1,0.355,0.00393056,2.405545596,2.405545596,0.053596786
ALDH18A1-K643,ALDH18A1,-0.1718,0.718546143,0.143545337,-0.143545337,1,0.355,0.00393056,2.405545596,2.405545596,0.053596786
ALDH18A1-K68,ALDH18A1,0.048,0.525094494,0.279762536,0.279762536,0.982788878,0.355,0.00393056,2.405545596,2.405545596,0.053596786
ALDH1A1-K139,ALDH1A1,-0.05295,0.818963932,0.086735225,-0.086735225,1,-0.55,0.190113177,0.72098778,-0.72098778,0.444871128
ALDH1A1-K329,ALDH1A1,0.0262,0.63041999,0.200370024,0.200370024,1,-0.55,0.190113177,0.72098778,-0.72098778,0.444871128
ALDH1A1-K348,ALDH1A1,-0.06227,0.264728026,0.577200079,-0.577200079,0.899293861,-0.55,0.190113177,0.72098778,-0.72098778,0.444871128
ALDH1A1-K362,ALDH1A1,-0.18875,0.682364495,0.165983578,-0.165983578,1,-0.55,0.190113177,0.72098778,-0.72098778,0.444871128
ALDH1A1-K367,ALDH1A1,-0.0485,0.920667022,0.035897413,-0.035897413,1,-0.55,0.190113177,0.72098778,-0.72098778,0.444871128
ALDH1A1-K412,ALDH1A1,0.074,0.771272284,0.112792275,0.112792275,1,-0.55,0.190113177,0.72098778,-0.72098778,0.444871128
ALDH1A1-K419,ALDH1A1,-0.197,0.410732714,0.386440705,-0.386440705,0.956240488,-0.55,0.190113177,0.72098778,-0.72098778,0.444871128
ALDH1B1-K155,ALDH1B1,0.387,0.818181818,0.087150176,0.087150176,1,0.29,0.266219841,0.57475958,0.57475958,0.536310032
ALDH1B1-K364,ALDH1B1,0.28325,0.267823724,0.572150955,0.572150955,0.902857656,0.29,0.266219841,0.57475958,0.57475958,0.536310032
ALDH1B1-K383,ALDH1B1,0.306,0.592230898,0.227508939,0.227508939,1,0.29,0.266219841,0.57475958,0.57475958,0.536310032
ALDH1B1-K399,ALDH1B1,0.0685,0.939621782,0.027046924,0.027046924,1,0.29,0.266219841,0.57475958,0.57475958,0.536310032
ALDH1B1-K429,ALDH1B1,-0.18887,0.356684002,0.447716369,-0.447716369,0.936845827,0.29,0.266219841,0.57475958,0.57475958,0.536310032
ALDH1B1-K511,ALDH1B1,-0.2365,0.615969093,0.210441079,-0.210441079,1,0.29,0.266219841,0.57475958,0.57475958,0.536310032
ALDH2-K355,ALDH2,0.14855,0.909138674,0.041369867,0.041369867,1,0.26,0.045478416,1.342194667,1.342194667,0.206135798
ALDH2-K368,ALDH2,-0.2214375,0.989049166,0.004782119,-0.004782119,1,0.26,0.045478416,1.342194667,1.342194667,0.206135798
ALDH2-K383,ALDH2,-0.0128075,0.702370863,0.153433513,-0.153433513,1,0.26,0.045478416,1.342194667,1.342194667,0.206135798
ALDH2-K428,ALDH2,-0.2617,0.655034107,0.183736086,-0.183736086,1,0.26,0.045478416,1.342194667,1.342194667,0.206135798
ALDH4A1-K119,ALDH4A1,-0.2312,0.285427544,0.544504119,-0.544504119,0.909317859,0.055,0.834871518,0.078380355,0.078380355,0.928134285
ALDH4A1-K296,ALDH4A1,0.081,0.844582043,0.073358156,0.073358156,1,0.055,0.834871518,0.078380355,0.078380355,0.928134285
ALDH4A1-K402,ALDH4A1,-0.273,0.02916034,1.535207415,-1.535207415,0.591058584,0.055,0.834871518,0.078380355,0.078380355,0.928134285
ALDH4A1-K52,ALDH4A1,-0.0501,0.60040114,0.221558492,-0.221558492,1,0.055,0.834871518,0.078380355,0.078380355,0.928134285
ALDH4A1-K552,ALDH4A1,-0.1236,0.765369306,0.116128959,-0.116128959,1,0.055,0.834871518,0.078380355,0.078380355,0.928134285
ALDH4A1-K93,ALDH4A1,-0.1848,0.827140351,0.082420792,-0.082420792,1,0.055,0.834871518,0.078380355,0.078380355,0.928134285
ALDH4A1-K99,ALDH4A1,-0.748,0.014005602,1.853698212,-1.853698212,0.502151081,0.055,0.834871518,0.078380355,0.078380355,0.928134285
ALDH5A1-K126,ALDH5A1,0.0745,0.86914817,0.06090618,0.06090618,1,-0.05,0.762060536,0.118010528,-0.118010528,0.890065294
ALDH5A1-K135,ALDH5A1,0.10694,0.367879308,0.434294639,0.434294639,0.938794148,-0.05,0.762060536,0.118010528,-0.118010528,0.890065294
ALDH5A1-K371,ALDH5A1,-0.3041,0.434931252,0.361579385,-0.361579385,0.961720515,-0.05,0.762060536,0.118010528,-0.118010528,0.890065294
ALDH5A1-K378,ALDH5A1,0.048795,0.481734804,0.317191976,0.317191976,0.967568225,-0.05,0.762060536,0.118010528,-0.118010528,0.890065294
ALDH5A1-K400,ALDH5A1,0.12425,0.390913803,0.407918994,0.407918994,0.953242902,-0.05,0.762060536,0.118010528,-0.118010528,0.890065294
ALDH5A1-K407,ALDH5A1,-0.2083,0.69358612,0.158899607,-0.158899607,1,-0.05,0.762060536,0.118010528,-0.118010528,0.890065294
ALDH6A1-K117,ALDH6A1,0.082935,0.61509795,0.21105572,0.21105572,1,-0.035,0.698651058,0.155739679,-0.155739679,0.856012755
ALDH6A1-K121,ALDH6A1,-0.056,0.646089205,0.189707515,-0.189707515,1,-0.035,0.698651058,0.155739679,-0.155739679,0.856012755
ALDH6A1-K330,ALDH6A1,-0.3229635,0.685714286,0.163856803,-0.163856803,1,-0.035,0.698651058,0.155739679,-0.155739679,0.856012755
ALDH6A1-K331,ALDH6A1,0.014,0.797447547,0.098297874,0.098297874,1,-0.035,0.698651058,0.155739679,-0.155739679,0.856012755
ALDH6A1-K341,ALDH6A1,-0.12205,0.909110753,0.041383206,-0.041383206,1,-0.035,0.698651058,0.155739679,-0.155739679,0.856012755
ALDH6A1-K364,ALDH6A1,-0.08348,0.863722208,0.063625913,-0.063625913,1,-0.035,0.698651058,0.155739679,-0.155739679,0.856012755
ALDH6A1-K47,ALDH6A1,-0.0383,0.590139046,0.22904565,-0.22904565,1,-0.035,0.698651058,0.155739679,-0.155739679,0.856012755
ALDH6A1-K52,ALDH6A1,-0.3345,0.205666959,0.686835473,-0.686835473,0.866650116,-0.035,0.698651058,0.155739679,-0.155739679,0.856012755
ALDH6A1-K55,ALDH6A1,0.15515,0.676411016,0.169789328,0.169789328,1,-0.035,0.698651058,0.155739679,-0.155739679,0.856012755
ALDH6A1-K87,ALDH6A1,-0.298,0.089280423,1.049243761,-1.049243761,0.776434795,-0.035,0.698651058,0.155739679,-0.155739679,0.856012755
ALDH7A1-K263,ALDH7A1,0.0137,0.648591175,0.188028965,0.188028965,1,-0.07,0.23163282,0.635199906,-0.635199906,0.497292831
ALDH7A1-K439,ALDH7A1,-0.214975,0.699943535,0.154936994,-0.154936994,1,-0.07,0.23163282,0.635199906,-0.635199906,0.497292831
ALDH7A1-K462,ALDH7A1,0.4219,0.17176274,0.76507104,0.76507104,0.858569025,-0.07,0.23163282,0.635199906,-0.635199906,0.497292831
ALDH7A1-K514,ALDH7A1,0.3115,0.685714286,0.163856803,0.163856803,1,-0.07,0.23163282,0.635199906,-0.635199906,0.497292831
ALDH7A1-K93,ALDH7A1,-0.2581,0.234621551,0.629632099,-0.629632099,0.879057947,-0.07,0.23163282,0.635199906,-0.635199906,0.497292831
ALDH9A1-K263,ALDH9A1,0.222,0.406862745,0.390552075,0.390552075,0.956240488,0.22,0.202081521,0.694473398,0.694473398,0.461446485
ALDH9A1-K327,ALDH9A1,-0.1849,0.034345783,1.464126578,-1.464126578,0.61764214,0.22,0.202081521,0.694473398,0.694473398,0.461446485
ALDH9A1-K334,ALDH9A1,-0.23379,0.104614575,0.980407805,-0.980407805,0.776434795,0.22,0.202081521,0.694473398,0.694473398,0.461446485
ALDH9A1-K340,ALDH9A1,-0.008,0.754333163,0.122436799,-0.122436799,1,0.22,0.202081521,0.694473398,0.694473398,0.461446485
ALDH9A1-K368,ALDH9A1,0.1525,0.815036429,0.08882298,0.08882298,1,0.22,0.202081521,0.694473398,0.694473398,0.461446485
ALDH9A1-K371,ALDH9A1,0.248,0.953813568,0.020536504,0.020536504,1,0.22,0.202081521,0.694473398,0.694473398,0.461446485
ALDH9A1-K376,ALDH9A1,-0.23279,0.195948525,0.707858,-0.707858,0.859405482,0.22,0.202081521,0.694473398,0.694473398,0.461446485
ALDH9A1-K54,ALDH9A1,-0.0167,0.729022684,0.137258958,-0.137258958,1,0.22,0.202081521,0.694473398,0.694473398,0.461446485
ALDH9A1-K73,ALDH9A1,-0.100788,0.933847429,0.029724073,-0.029724073,1,0.22,0.202081521,0.694473398,0.694473398,0.461446485
ALDH9A1-K83,ALDH9A1,2.45E-04,0.692111475,0.15982395,0.15982395,1,0.22,0.202081521,0.694473398,0.694473398,0.461446485
ALDH9A1-K87,ALDH9A1,0.141,0.377289377,0.423325422,0.423325422,0.943988084,0.22,0.202081521,0.694473398,0.694473398,0.461446485
ALDOA-K153,ALDOA,0.2123,0.29822062,0.525462332,0.525462332,0.918222724,0.605,0.009164406,2.037895689,2.037895689,0.084538725
ALDOA-K162,ALDOA,0.1465,0.363750195,0.439196765,0.439196765,0.936845827,0.605,0.009164406,2.037895689,2.037895689,0.084538725
ALDOA-K165,ALDOA,0.179875,0.094425193,1.024912119,1.024912119,0.776434795,0.605,0.009164406,2.037895689,2.037895689,0.084538725
ALDOA-K207,ALDOA,0.227525,0.018404134,1.735084612,1.735084612,0.547289037,0.605,0.009164406,2.037895689,2.037895689,0.084538725
ALDOA-K284,ALDOA,0.0802,0.481523689,0.317382342,0.317382342,0.967568225,0.605,0.009164406,2.037895689,2.037895689,0.084538725
ALDOA-K297,ALDOA,0.2208,0.703582937,0.152684702,0.152684702,1,0.605,0.009164406,2.037895689,2.037895689,0.084538725
ALDOA-K366,ALDOA,0.30125,0.006937266,2.158811678,2.158811678,0.415817711,0.605,0.009164406,2.037895689,2.037895689,0.084538725
ALDOA-K376,ALDOA,0.204,0.346345003,0.460491074,0.460491074,0.934126335,0.605,0.009164406,2.037895689,2.037895689,0.084538725
ALDOA-K384,ALDOA,0.13325,0.343171667,0.464488576,0.464488576,0.930954294,0.605,0.009164406,2.037895689,2.037895689,0.084538725
ALDOA-K67,ALDOA,0.2444,0.166151699,0.779495214,0.779495214,0.85031237,0.605,0.009164406,2.037895689,2.037895689,0.084538725
ALDOA-K96,ALDOA,0.208935,0.007695898,2.113740716,2.113740716,0.428649284,0.605,0.009164406,2.037895689,2.037895689,0.084538725
ALDOC-K111,ALDOC,0.324,0.012137562,1.915868525,1.915868525,0.501114778,0.86,0.011365351,1.944417157,1.944417157,0.095474012
ALDOC-K153,ALDOC,0.161,0.681796019,0.166345539,0.166345539,1,0.86,0.011365351,1.944417157,1.944417157,0.095474012
ALG5-K126,ALG5,-0.0577,0.727172328,0.138362656,-0.138362656,1,0.055,0.113322048,0.945685585,0.945685585,0.34004037
ALKBH3-K19,ALKBH3,-1.2045,0.042424242,1.372385904,-1.372385904,0.632130219,-1.135,9.65E-04,3.015488876,-3.015488876,0.024485146
ALKBH5-K132,ALKBH5,0.0178,0.945221445,0.024466434,0.024466434,1,0.08,0.393178055,0.40541073,0.40541073,0.651336122
ALKBH5-K235,ALKBH5,0.01105,0.730769231,0.136219747,0.136219747,1,0.08,0.393178055,0.40541073,0.40541073,0.651336122
ALKBH5-K321,ALKBH5,-0.3858745,0.342857143,0.464886798,-0.464886798,0.930954294,0.08,0.393178055,0.40541073,0.40541073,0.651336122
ALS2-K533,ALS2,0.159,0.375955,0.424864135,0.424864135,0.943988084,0.01,0.777205977,0.109463868,0.109463868,0.898592168
ALYREF-K168,ALYREF,0.3935535,0.206460206,0.685163643,0.685163643,0.866650116,0.42,4.04E-05,4.393118181,4.393118181,0.004406743
ALYREF-K242,ALYREF,0.3755,0.092583601,1.033465931,1.033465931,0.776434795,0.42,4.04E-05,4.393118181,4.393118181,0.004406743
ALYREF-K93,ALYREF,0.1465,0.482531025,0.316474758,0.316474758,0.967568225,0.42,4.04E-05,4.393118181,4.393118181,0.004406743
AMACR-K58,AMACR,-0.0028,0.761904762,0.118099312,-0.118099312,1,0.12,0.788674175,0.10310238,0.10310238,0.904396453
AMBP-K100,AMBP,-0.4835,0.139074267,0.856753219,-0.856753219,0.816505519,2.285,1.10E-05,4.959947069,4.959947069,0.002618465
AMBP-K111,AMBP,0.2883,0.352380952,0.452987575,0.452987575,0.935291689,2.285,1.10E-05,4.959947069,4.959947069,0.002618465
AMBP-K149,AMBP,-0.166,0.538566035,0.268761039,-0.268761039,0.985226023,2.285,1.10E-05,4.959947069,4.959947069,0.002618465
AMBP-K326,AMBP,-0.3005,0.258435928,0.58764711,-0.58764711,0.898317654,2.285,1.10E-05,4.959947069,4.959947069,0.002618465
ANAPC16-K71,ANAPC16,0.4671,0.489894094,0.309897796,0.309897796,0.969594397,-0.075,0.551396511,0.258535986,-0.258535986,0.766331079
ANAPC7-K107,ANAPC7,0.2471,0.06363549,1.196300608,1.196300608,0.71154052,0.03,0.368893848,0.433098587,0.433098587,0.630563842
ANAPC7-K263,ANAPC7,0.2825,0.029109452,1.535965971,1.535965971,0.591058584,0.03,0.368893848,0.433098587,0.433098587,0.630563842
ANK1-K1059,ANK1,0.05145,0.943278943,0.02535986,0.02535986,1,0.24,0.474784389,0.323503569,0.323503569,0.718360644
ANK3-K409,ANK3,-0.032215,0.774299385,0.111091086,-0.111091086,1,0.035,0.531715218,0.27432091,0.27432091,0.752743395
ANK3-K574,ANK3,-0.1755,0.742986425,0.129019121,-0.129019121,1,0.035,0.531715218,0.27432091,0.27432091,0.752743395
ANKFY1-K979,ANKFY1,0.0424,0.61899165,0.208315209,0.208315209,1,0.035,0.221887278,0.653867598,0.653867598,0.48613789
ANKRD50-K240,ANKRD50,-1.02631,0.730769231,0.136219747,-0.136219747,1,0.08,0.49650567,0.304075787,0.304075787,0.734821265
ANP32A-K110,ANP32A,-0.079,0.491921968,0.308103782,-0.308103782,0.969594397,0.175,0.009847561,2.006671305,2.006671305,0.088201995
ANP32A-K68,ANP32A,0.21289,0.559735377,0.252017243,0.252017243,0.991315092,0.175,0.009847561,2.006671305,2.006671305,0.088201995
ANP32A-K86,ANP32A,0.013172,0.534965035,0.271674602,0.271674602,0.984176452,0.175,0.009847561,2.006671305,2.006671305,0.088201995
ANP32A-K99,ANP32A,-0.151,0.13395447,0.873042789,-0.873042789,0.810424545,0.175,0.009847561,2.006671305,2.006671305,0.088201995
ANP32B-K110,ANP32B,-0.079,0.491921968,0.308103782,-0.308103782,0.969594397,0.3,0.007142792,2.146132019,2.146132019,0.073760155
ANP32B-K28,ANP32B,0.0442,0.626420386,0.203134117,0.203134117,1,0.3,0.007142792,2.146132019,2.146132019,0.073760155
ANP32B-K68,ANP32B,0.0472,0.211625724,0.674431542,0.674431542,0.871132626,0.3,0.007142792,2.146132019,2.146132019,0.073760155
ANXA1-K161,ANXA1,0.4692,0.692074345,0.15984725,0.15984725,1,0.435,0.295003477,0.530172865,0.530172865,0.565169431
ANXA1-K166,ANXA1,0.04225,0.691459605,0.160233186,0.160233186,1,0.435,0.295003477,0.530172865,0.530172865,0.565169431
ANXA1-K185,ANXA1,0.00635,0.548739496,0.26063378,0.26063378,0.989395087,0.435,0.295003477,0.530172865,0.530172865,0.565169431
ANXA1-K239,ANXA1,0.3155,0.070228962,1.15348375,1.15348375,0.735103698,0.435,0.295003477,0.530172865,0.530172865,0.565169431
ANXA1-K269,ANXA1,-0.09462,1,0,0,1,0.435,0.295003477,0.530172865,0.530172865,0.565169431
ANXA1-K274,ANXA1,-0.1413,0.718119133,0.143803502,-0.143803502,1,0.435,0.295003477,0.530172865,0.530172865,0.565169431
ANXA1-K281,ANXA1,0.191775,0.917056752,0.037603787,0.037603787,1,0.435,0.295003477,0.530172865,0.530172865,0.565169431
ANXA1-K287,ANXA1,0.055195,0.769665792,0.113697816,0.113697816,1,0.435,0.295003477,0.530172865,0.530172865,0.565169431
ANXA1-K29,ANXA1,0.111,0.9660917,0.014981649,0.014981649,1,0.435,0.295003477,0.530172865,0.530172865,0.565169431
ANXA1-K312,ANXA1,0.0254,0.281498776,0.55052349,0.55052349,0.909317859,0.435,0.295003477,0.530172865,0.530172865,0.565169431
ANXA1-K90,ANXA1,0.0765,0.490286851,0.309549754,0.309549754,0.969594397,0.435,0.295003477,0.530172865,0.530172865,0.565169431
ANXA1-K97,ANXA1,0.12627,0.358543272,0.445458423,0.445458423,0.936845827,0.435,0.295003477,0.530172865,0.530172865,0.565169431
ANXA11-K255,ANXA11,0.127883,0.568176977,0.245516369,0.245516369,0.993833698,-0.165,0.996039641,0.001723377,-0.001723377,0.99960614
ANXA11-K315,ANXA11,0.0032,0.6246935,0.204333013,0.204333013,1,-0.165,0.996039641,0.001723377,-0.001723377,0.99960614
ANXA11-K427,ANXA11,-0.04405,0.832944833,0.079383762,-0.079383762,1,-0.165,0.996039641,0.001723377,-0.001723377,0.99960614
ANXA2-K133,ANXA2,0.0702,0.691339807,0.160308436,0.160308436,1,0.3,0.092470334,1.033997575,1.033997575,0.304061878
ANXA2-K166,ANXA2,-0.0438375,0.735436389,0.133454885,-0.133454885,1,0.3,0.092470334,1.033997575,1.033997575,0.304061878
ANXA2-K170,ANXA2,0.366545,0.530047503,0.275685207,0.275685207,0.983510626,0.3,0.092470334,1.033997575,1.033997575,0.304061878
ANXA2-K175,ANXA2,0.03214,0.948557841,0.022936181,0.022936181,1,0.3,0.092470334,1.033997575,1.033997575,0.304061878
ANXA2-K187,ANXA2,0.122,0.240133338,0.619547543,0.619547543,0.883257738,0.3,0.092470334,1.033997575,1.033997575,0.304061878
ANXA2-K194,ANXA2,0.0865,0.328742495,0.483144154,0.483144154,0.930954294,0.3,0.092470334,1.033997575,1.033997575,0.304061878
ANXA2-K222,ANXA2,0.1485,0.933698161,0.029793497,0.029793497,1,0.3,0.092470334,1.033997575,1.033997575,0.304061878
ANXA2-K245,ANXA2,0.06355,0.396071205,0.40222673,0.40222673,0.956184286,0.3,0.092470334,1.033997575,1.033997575,0.304061878
ANXA2-K297,ANXA2,0.2097,0.462634604,0.334761886,0.334761886,0.967568225,0.3,0.092470334,1.033997575,1.033997575,0.304061878
ANXA2-K320,ANXA2,-0.01875,0.885560023,0.052781997,-0.052781997,1,0.3,0.092470334,1.033997575,1.033997575,0.304061878
ANXA2-K331,ANXA2,-0.02951,0.572011451,0.242595277,-0.242595277,0.994309193,0.3,0.092470334,1.033997575,1.033997575,0.304061878
ANXA2-K342,ANXA2,0.08145,0.4536159,0.343311731,0.343311731,0.966193174,0.3,0.092470334,1.033997575,1.033997575,0.304061878
ANXA2-K65,ANXA2,0.2651,0.299614483,0.523437197,0.523437197,0.918222724,0.3,0.092470334,1.033997575,1.033997575,0.304061878
ANXA3-K137,ANXA3,-0.06046,1,0,0,1,-0.005,0.323277637,0.490424336,-0.490424336,0.593705032
ANXA3-K169,ANXA3,-0.624,0.025837265,1.587753453,-1.587753453,0.579745838,-0.005,0.323277637,0.490424336,-0.490424336,0.593705032
ANXA3-K176,ANXA3,-0.394,0.001013491,2.994179892,-2.994179892,0.263676789,-0.005,0.323277637,0.490424336,-0.490424336,0.593705032
ANXA3-K184,ANXA3,0.0292,0.870544182,0.060209183,0.060209183,1,-0.005,0.323277637,0.490424336,-0.490424336,0.593705032
ANXA3-K263,ANXA3,-0.2238,0.085948738,1.065760498,-1.065760498,0.773258044,-0.005,0.323277637,0.490424336,-0.490424336,0.593705032
ANXA4-K186,ANXA4,0.4649,0.328645236,0.483272659,0.483272659,0.930954294,0.475,0.316062186,0.50022746,0.50022746,0.586389294
ANXA4-K215,ANXA4,0.14705,0.448537981,0.348200776,0.348200776,0.962588277,0.475,0.316062186,0.50022746,0.50022746,0.586389294
ANXA4-K255,ANXA4,0.2152,0.492144679,0.307907206,0.307907206,0.969594397,0.475,0.316062186,0.50022746,0.50022746,0.586389294
ANXA4-K261,ANXA4,-0.1509,0.685149348,0.164214751,-0.164214751,1,0.475,0.316062186,0.50022746,0.50022746,0.586389294
ANXA4-K302,ANXA4,-0.11265,0.789225374,0.10279896,-0.10279896,1,0.475,0.316062186,0.50022746,0.50022746,0.586389294
ANXA4-K59,ANXA4,0.1786,0.189576666,0.72221512,0.72221512,0.859405482,0.475,0.316062186,0.50022746,0.50022746,0.586389294
ANXA5-K101,ANXA5,-0.3505,0.157583085,0.802490402,-0.802490402,0.842963497,0.02,0.792510092,0.100995199,0.100995199,0.906638378
ANXA5-K108,ANXA5,-0.283,0.335828412,0.473882564,-0.473882564,0.930954294,0.02,0.792510092,0.100995199,0.100995199,0.906638378
ANXA5-K26,ANXA5,-0.0065,0.972768845,0.011990347,-0.011990347,1,0.02,0.792510092,0.100995199,0.100995199,0.906638378
ANXA5-K260,ANXA5,-0.01363,0.947126944,0.023591808,-0.023591808,1,0.02,0.792510092,0.100995199,0.100995199,0.906638378
ANXA5-K309,ANXA5,-0.147225,0.224017462,0.649718128,-0.649718128,0.875912177,0.02,0.792510092,0.100995199,0.100995199,0.906638378
ANXA5-K58,ANXA5,0.022,0.929247404,0.031868643,0.031868643,1,0.02,0.792510092,0.100995199,0.100995199,0.906638378
ANXA5-K70,ANXA5,-0.136,0.976244379,0.010441454,-0.010441454,1,0.02,0.792510092,0.100995199,0.100995199,0.906638378
ANXA5-K76,ANXA5,-0.3693,0.064142606,1.192853402,-1.192853402,0.714196044,0.02,0.792510092,0.100995199,0.100995199,0.906638378
ANXA5-K79,ANXA5,0.1155,0.823277707,0.084453644,0.084453644,1,0.02,0.792510092,0.100995199,0.100995199,0.906638378
ANXA5-K86,ANXA5,-0.0055,0.771637718,0.112586552,-0.112586552,1,0.02,0.792510092,0.100995199,0.100995199,0.906638378
ANXA5-K97,ANXA5,-0.06625,0.122717488,0.911093544,-0.911093544,0.798193585,0.02,0.792510092,0.100995199,0.100995199,0.906638378
ANXA6-K113,ANXA6,0.159935,0.138181062,0.859551475,0.859551475,0.814919908,-0.21,0.972284552,0.012206615,-0.012206615,0.988929518
ANXA6-K135,ANXA6,-0.0372,0.928816921,0.032069881,-0.032069881,1,-0.21,0.972284552,0.012206615,-0.012206615,0.988929518
ANXA6-K265,ANXA6,0.24785,0.930745588,0.031169014,0.031169014,1,-0.21,0.972284552,0.012206615,-0.012206615,0.988929518
ANXA6-K299,ANXA6,0.002875,0.988120935,0.005189899,0.005189899,1,-0.21,0.972284552,0.012206615,-0.012206615,0.988929518
ANXA6-K306,ANXA6,0.1175,0.268583456,0.570920742,0.570920742,0.902857656,-0.21,0.972284552,0.012206615,-0.012206615,0.988929518
ANXA6-K314,ANXA6,0.193,0.680396534,0.167237908,0.167237908,1,-0.21,0.972284552,0.012206615,-0.012206615,0.988929518
ANXA6-K354,ANXA6,0.3615,0.199397263,0.700280808,0.700280808,0.859405482,-0.21,0.972284552,0.012206615,-0.012206615,0.988929518
ANXA6-K370,ANXA6,0.0665,0.8346426,0.078499453,0.078499453,1,-0.21,0.972284552,0.012206615,-0.012206615,0.988929518
ANXA6-K377,ANXA6,-0.03465,0.889273441,0.050964678,-0.050964678,1,-0.21,0.972284552,0.012206615,-0.012206615,0.988929518
ANXA6-K406,ANXA6,0.052,0.974768623,0.011098459,0.011098459,1,-0.21,0.972284552,0.012206615,-0.012206615,0.988929518
ANXA6-K442,ANXA6,0.027,0.975619348,0.010719596,0.010719596,1,-0.21,0.972284552,0.012206615,-0.012206615,0.988929518
ANXA6-K456,ANXA6,0.1861,0.497291022,0.303389382,0.303389382,0.970789538,-0.21,0.972284552,0.012206615,-0.012206615,0.988929518
ANXA6-K478,ANXA6,0.3102,0.454047462,0.342898748,0.342898748,0.966193174,-0.21,0.972284552,0.012206615,-0.012206615,0.988929518
ANXA6-K579,ANXA6,0.019115,0.573856209,0.241196915,0.241196915,0.994730291,-0.21,0.972284552,0.012206615,-0.012206615,0.988929518
ANXA6-K613,ANXA6,0.3013,0.208876895,0.680109598,0.680109598,0.870485775,-0.21,0.972284552,0.012206615,-0.012206615,0.988929518
ANXA6-K620,ANXA6,0.24935,0.505519705,0.296261911,0.296261911,0.973031198,-0.21,0.972284552,0.012206615,-0.012206615,0.988929518
ANXA6-K63,ANXA6,-0.022,0.67308721,0.171928662,-0.171928662,1,-0.21,0.972284552,0.012206615,-0.012206615,0.988929518
ANXA6-K647,ANXA6,0.153,0.687764943,0.162559965,0.162559965,1,-0.21,0.972284552,0.012206615,-0.012206615,0.988929518
ANXA6-K75,ANXA6,0.0831,0.974118319,0.011388289,0.011388289,1,-0.21,0.972284552,0.012206615,-0.012206615,0.988929518
ANXA6-K81,ANXA6,0.2206,0.20818255,0.681555675,0.681555675,0.869140475,-0.21,0.972284552,0.012206615,-0.012206615,0.988929518
ANXA6-K9,ANXA6,-0.204,0.964590432,0.01565705,-0.01565705,1,-0.21,0.972284552,0.012206615,-0.012206615,0.988929518
ANXA7-K228,ANXA7,0.06615,0.841755975,0.074813792,0.074813792,1,-0.165,0.112184594,0.950066779,-0.950066779,0.338258033
ANXA7-K430,ANXA7,-0.0155,0.962972583,0.016386078,-0.016386078,1,-0.165,0.112184594,0.950066779,-0.950066779,0.338258033
AP1B1-K26,AP1B1,0.049,0.653240186,0.184927106,0.184927106,1,0.095,0.274842244,0.560916514,0.560916514,0.544888239
AP1B1-K887,AP1B1,0.0477,0.825174825,0.08345403,0.08345403,1,0.095,0.274842244,0.560916514,0.560916514,0.544888239
AP1B1-K948,AP1B1,0.0946,0.894037932,0.048644055,0.048644055,1,0.095,0.274842244,0.560916514,0.560916514,0.544888239
AP1G1-K147,AP1G1,0.1565705,0.855744754,0.067655755,0.067655755,1,0.1,0.068418328,1.164827546,1.164827546,0.257120541
AP1G1-K217,AP1G1,0.1575,0.700719784,0.154455621,0.154455621,1,0.1,0.068418328,1.164827546,1.164827546,0.257120541
AP1G1-K365,AP1G1,0.156,0.428549391,0.367999118,0.367999118,0.961720515,0.1,0.068418328,1.164827546,1.164827546,0.257120541
AP1G1-K574,AP1G1,0.001,0.849165163,0.071007831,0.071007831,1,0.1,0.068418328,1.164827546,1.164827546,0.257120541
AP1G1-K800,AP1G1,0.15075,0.2,0.698970004,0.698970004,0.859405482,0.1,0.068418328,1.164827546,1.164827546,0.257120541
AP2A1-K177,AP2A1,-0.179325,0.081511288,1.088782247,-1.088782247,0.758681984,0.09,0.444580209,0.352049874,0.352049874,0.6941194
AP2B1-K26,AP2B1,-0.0244,0.814808721,0.088944332,-0.088944332,1,0.205,0.001537533,2.813175537,2.813175537,0.031479979
AP2B1-K265,AP2B1,0.05945,0.646089205,0.189707515,0.189707515,1,0.205,0.001537533,2.813175537,2.813175537,0.031479979
AP2M1-K281,AP2M1,-0.0182,1,0,0,1,-0.16,0.006718054,2.172756486,-2.172756486,0.07140574
AP3B1-K261,AP3B1,0.10485,0.480707528,0.318119077,0.318119077,0.967568225,0.08,0.283588049,0.547312075,0.547312075,0.554143923
AP3D1-K584,AP3D1,0.1871,0.221153846,0.655305503,0.655305503,0.875622157,0.065,0.988119065,0.005190721,0.005190721,0.995960893
AP3M1-K283,AP3M1,-0.175485,0.826174095,0.082928427,-0.082928427,1,-0.03,0.333063455,0.477473017,-0.477473017,0.601900436
APCS-K162,APCS,-0.1935,0.897327152,0.047049191,-0.047049191,1,0,0.875316166,0.057835051,0,0.947077842
APEX1-K103,APEX1,-0.1582,0.21872234,0.660106856,-0.660106856,0.875622157,0.2,0.056659284,1.246728917,1.246728917,0.231412009
APEX1-K197,APEX1,-0.186,0.279592261,0.553474853,-0.553474853,0.909317859,0.2,0.056659284,1.246728917,1.246728917,0.231412009
APEX1-K24,APEX1,-0.0159,0.474348276,0.323902674,-0.323902674,0.967568225,0.2,0.056659284,1.246728917,1.246728917,0.231412009
APEX1-K32,APEX1,-0.214305,0.452524548,0.344357856,-0.344357856,0.966193174,0.2,0.056659284,1.246728917,1.246728917,0.231412009
APEX1-K98,APEX1,0.274,0.174367395,0.75853472,0.75853472,0.859405482,0.2,0.056659284,1.246728917,1.246728917,0.231412009
API5-K454,API5,0.734871,0.23030303,0.637700348,0.637700348,0.879057947,0.18,0.002757949,2.559413695,2.559413695,0.044045075
APIP-K206,APIP,0.116135,0.328645236,0.483272659,0.483272659,0.930954294,-0.05,0.330620696,0.480669964,-0.480669964,0.600455512
APIP-K21,APIP,-0.2373,0.349264961,0.456844982,-0.456844982,0.935291689,-0.05,0.330620696,0.480669964,-0.480669964,0.600455512
APIP-K90,APIP,-0.1506,0.287161031,0.541874497,-0.541874497,0.911074192,-0.05,0.330620696,0.480669964,-0.480669964,0.600455512
APOA1-K118,APOA1,0.2835,0.315743724,0.500665274,0.500665274,0.920825313,-0.06,0.462416087,0.334967066,-0.334967066,0.707469478
APOA1-K130,APOA1,-0.01,0.629925023,0.20071114,-0.20071114,1,-0.06,0.462416087,0.334967066,-0.334967066,0.707469478
APOA1-K131,APOA1,-0.07885,0.71713173,0.144401061,-0.144401061,1,-0.06,0.462416087,0.334967066,-0.334967066,0.707469478
APOA1-K157,APOA1,0.146,0.285608397,0.544229028,0.544229028,0.909317859,-0.06,0.462416087,0.334967066,-0.334967066,0.707469478
APOA1-K164,APOA1,-0.078785,0.836593489,0.07748552,-0.07748552,1,-0.06,0.462416087,0.334967066,-0.334967066,0.707469478
APOA1-K206,APOA1,-0.0685,0.605532234,0.217862733,-0.217862733,1,-0.06,0.462416087,0.334967066,-0.334967066,0.707469478
APOA1-K219,APOA1,-0.118,0.289449275,0.538427534,-0.538427534,0.911658441,-0.06,0.462416087,0.334967066,-0.334967066,0.707469478
APOA1-K230,APOA1,-0.281,0.423430903,0.373217449,-0.373217449,0.961720515,-0.06,0.462416087,0.334967066,-0.334967066,0.707469478
APOA1-K250,APOA1,0.614,0.379113173,0.421231125,0.421231125,0.945030662,-0.06,0.462416087,0.334967066,-0.334967066,0.707469478
APOA2-K62,APOA2,0.07,0.914285714,0.038918066,0.038918066,1,0,0.420569916,0.376161796,0,0.675462801
APOA2-K67,APOA2,0.213,0.362730414,0.440416029,0.440416029,0.936845827,0,0.420569916,0.376161796,0,0.675462801
APOA2-K77,APOA2,0.129,0.687685233,0.162610301,0.162610301,1,0,0.420569916,0.376161796,0,0.675462801
APOB-K157,APOB,0.028025,0.842260568,0.074553531,0.074553531,1,-0.415,0.127582827,0.894207779,-0.894207779,0.36326636
APOB-K4485,APOB,0.422,0.460606061,0.336670352,0.336670352,0.967568225,-0.415,0.127582827,0.894207779,-0.894207779,0.36326636
APOBEC3D-K222,APOBEC3D,-0.3059135,0.2,0.698970004,-0.698970004,0.859405482,-0.125,0.281445748,0.550605308,-0.550605308,0.551612866
APOC1-K47,APOC1,0.0885,1,0,0,1,0.515,0.126363041,0.898379931,0.898379931,0.361149297
APOC2-K61,APOC2,-0.129,0.891618186,0.049821082,-0.049821082,1,0.465,0.424263533,0.372364296,0.372364296,0.678044524
APOE-K201,APOE,0.3005,0.695800971,0.15751497,0.15751497,1,0.245,0.484033471,0.315124606,0.315124606,0.725370785
APOH-K301,APOH,-0.12735,0.734492339,0.134012729,-0.134012729,1,-1.755,4.61E-04,3.335901383,-3.335901383,0.016079945
APOH-K343,APOH,0.1155,0.700719784,0.154455621,0.154455621,1,-1.755,4.61E-04,3.335901383,-3.335901383,0.016079945
APRT-K51,APRT,0.54555,0.257142857,0.589825535,0.589825535,0.896059652,0.18,0.07473468,1.126477822,1.126477822,0.270658636
ARAP1-K1032,ARAP1,0.45585,0.412121212,0.384975032,0.384975032,0.956240488,0,0.913035507,0.039512333,0,0.964007664
ARCN1-K14,ARCN1,0.1353,0.437770997,0.358753015,0.358753015,0.961720515,0.045,0.299396289,0.523753587,0.523753587,0.570283192
ARCN1-K309,ARCN1,0.092,0.908482458,0.041683454,0.041683454,1,0.045,0.299396289,0.523753587,0.523753587,0.570283192
ARCN1-K335,ARCN1,-0.253,0.434337582,0.362172591,-0.362172591,0.961720515,0.045,0.299396289,0.523753587,0.523753587,0.570283192
ARCN1-K347,ARCN1,-0.12805,0.163636364,0.78612018,-0.78612018,0.848347798,0.045,0.299396289,0.523753587,0.523753587,0.570283192
ARCN1-K351,ARCN1,-0.0677,0.705444756,0.15153699,-0.15153699,1,0.045,0.299396289,0.523753587,0.523753587,0.570283192
ARCN1-K485,ARCN1,0.0305,0.697744361,0.156303665,0.156303665,1,0.045,0.299396289,0.523753587,0.523753587,0.570283192
ARF6-K131,ARF6,-0.2982,0.177522098,0.750747577,-0.750747577,0.859405482,0.12,0.041348763,1.383537473,1.383537473,0.195685892
ARFGAP1-K231,ARFGAP1,0.2807,0.314788153,0.501981621,0.501981621,0.920825313,0.065,0.687646414,0.162634817,0.162634817,0.84981535
ARHGAP1-K59,ARHGAP1,-0.453,0.087031304,1.060324511,-1.060324511,0.773861515,-0.05,0.525187105,0.279685946,-0.279685946,0.750517953
ARHGDIA-K105,ARHGDIA,-0.27476,0.122741155,0.911009795,-0.911009795,0.798193585,0.145,0.084093645,1.075236822,1.075236822,0.288480438
ARHGDIA-K127,ARHGDIA,0.086775,0.656046185,0.183065586,0.183065586,1,0.145,0.084093645,1.075236822,1.075236822,0.288480438
ARHGDIA-K43,ARHGDIA,0.0344,0.664233668,0.177679115,0.177679115,1,0.145,0.084093645,1.075236822,1.075236822,0.288480438
ARHGDIB-K124,ARHGDIB,0.12215,0.937229437,0.028154079,0.028154079,1,-0.035,0.968326986,0.013977965,-0.013977965,0.986928781
ARHGDIB-K138,ARHGDIB,0.12251,0.84785241,0.071679741,0.071679741,1,-0.035,0.968326986,0.013977965,-0.013977965,0.986928781
ARHGDIB-K175,ARHGDIB,0.013,0.745971527,0.127277749,0.127277749,1,-0.035,0.968326986,0.013977965,-0.013977965,0.986928781
ARHGDIB-K25,ARHGDIB,-0.04158,0.444355515,0.352269425,-0.352269425,0.961720515,-0.035,0.968326986,0.013977965,-0.013977965,0.986928781
ARHGDIB-K30,ARHGDIB,0.14,0.600594097,0.221418941,0.221418941,1,-0.035,0.968326986,0.013977965,-0.013977965,0.986928781
ARHGEF5-K1490,ARHGEF5,-0.3787,0.485714286,0.313619123,-0.313619123,0.967568225,-0.215,0.096367412,1.016069805,-1.016069805,0.311448274
ARID1A-K1819,ARID1A,-0.10391,0.570856937,0.243472717,-0.243472717,0.993833698,-0.045,0.55142576,0.25851295,-0.25851295,0.766331079
ARID1A-K1953,ARID1A,0.22085,0.569683111,0.244366656,0.244366656,0.993833698,-0.045,0.55142576,0.25851295,-0.25851295,0.766331079
ARID1A-K250,ARID1A,0.1888,0.680814984,0.166970894,0.166970894,1,-0.045,0.55142576,0.25851295,-0.25851295,0.766331079
ARID1A-K980,ARID1A,-0.04585,0.824744837,0.083680394,-0.083680394,1,-0.045,0.55142576,0.25851295,-0.25851295,0.766331079
ARID1B-K1030,ARID1B,0.01465,0.818181818,0.087150176,0.087150176,1,-0.02,0.830953957,0.08042304,-0.08042304,0.926501091
ARID1B-K1096,ARID1B,-0.1686,0.898576186,0.046445095,-0.046445095,1,-0.02,0.830953957,0.08042304,-0.08042304,0.926501091
ARID1B-K1957,ARID1B,-0.02426,0.879535113,0.055746818,-0.055746818,1,-0.02,0.830953957,0.08042304,-0.08042304,0.926501091
ARID2-K1241,ARID2,0.4765,3.47E-04,3.459325926,3.459325926,0.203098255,0.115,0.050474231,1.296930287,1.296930287,0.217633551
ARID4A-K1099,ARID4A,0.2999,0.187225003,0.727636154,0.727636154,0.859405482,-0.055,0.358457506,0.445562322,-0.445562322,0.623459313
ARID4A-K867,ARID4A,-0.30533,0.144381006,0.840489937,-0.840489937,0.82566964,-0.055,0.358457506,0.445562322,-0.445562322,0.623459313
ARID4B-K1117,ARID4B,0.068,0.890532083,0.05035043,0.05035043,1,0.16,0.758276803,0.12017223,0.12017223,0.888023757
ARID4B-K1193,ARID4B,-0.10519,0.2558641,0.591990645,-0.591990645,0.896059652,0.16,0.758276803,0.12017223,0.12017223,0.888023757
ARID4B-K904,ARID4B,0.2528,0.153515184,0.813848662,0.813848662,0.836467052,0.16,0.758276803,0.12017223,0.12017223,0.888023757
ARID5B-K506,ARID5B,-0.06,0.670224551,0.173779668,-0.173779668,1,-0.135,0.203854366,0.690679982,-0.690679982,0.46366629
ARIH1-K142,ARIH1,0.511275,0.114285714,0.942008053,0.942008053,0.776434795,-0.065,0.025466587,1.59402926,-1.59402926,0.150151729
ARL6IP4-K354,ARL6IP4,-0.101425,0.273384775,0.563225676,-0.563225676,0.902857656,-0.1,0.070008691,1.154848045,-1.154848045,0.260418976
ARMT1-K56,ARMT1,-0.554,0.109301386,0.961374329,-0.961374329,0.776434795,-0.065,0.815520901,0.088564904,-0.088564904,0.918572401
ARNT-K58,ARNT,0.003375,1,0,0,1,-0.045,0.404344012,0.393248984,-0.393248984,0.660457421
ARNT-K659,ARNT,0.12715,0.867554805,0.06170308,0.06170308,1,-0.045,0.404344012,0.393248984,-0.393248984,0.660457421
ARNTL-K499,ARNTL,-0.3328,0.012723709,1.895386289,-1.895386289,0.501718574,-0.025,0.819387752,0.086510532,-0.086510532,0.920462951
ARPC1A-K179,ARPC1A,-0.806,0.01306517,1.883884929,-1.883884929,0.501718574,-0.05,0.724513056,0.139953784,-0.139953784,0.869630793
ARPC1B-K41,ARPC1B,-0.20655,0.042038768,1.376350021,-1.376350021,0.631716774,0.125,0.598805623,0.22271413,0.22271413,0.79561004
ARPC1B-K82,ARPC1B,0.042265,0.387964151,0.411208403,0.411208403,0.950011308,0.125,0.598805623,0.22271413,0.22271413,0.79561004
ARPC2-K157,ARPC2,0.08781,0.859140859,0.065935626,0.065935626,1,-0.09,0.509148,0.293155958,-0.293155958,0.744017786
ARPC2-K186,ARPC2,0.0021,0.852175688,0.06947086,0.06947086,1,-0.09,0.509148,0.293155958,-0.293155958,0.744017786
ARPC2-K256,ARPC2,0.3555,0.412698413,0.384367201,0.384367201,0.956240488,-0.09,0.509148,0.293155958,-0.293155958,0.744017786
ARPC2-K259,ARPC2,0.47565,0.052510602,1.279753007,1.279753007,0.67940945,-0.09,0.509148,0.293155958,-0.293155958,0.744017786
ARPC2-K275,ARPC2,-0.0343,0.764199971,0.116792983,-0.116792983,1,-0.09,0.509148,0.293155958,-0.293155958,0.744017786
ARPC2-K295,ARPC2,-0.523,0.2,0.698970004,-0.698970004,0.859405482,-0.09,0.509148,0.293155958,-0.293155958,0.744017786
ARPC2-K65,ARPC2,-0.24455,0.249267566,0.603334226,-0.603334226,0.893802906,-0.09,0.509148,0.293155958,-0.293155958,0.744017786
ARPC2-K77,ARPC2,0.2096,0.327672328,0.484560234,0.484560234,0.930954294,-0.09,0.509148,0.293155958,-0.293155958,0.744017786
ARPC3-K147,ARPC3,0.1192,0.610594398,0.214247185,0.214247185,1,0.1,0.435807475,0.360705325,0.360705325,0.686787836
ARPC3-K155,ARPC3,-0.1200034,0.513486513,0.289470958,-0.289470958,0.978454616,0.1,0.435807475,0.360705325,0.360705325,0.686787836
ARPC3-K29,ARPC3,-0.0438,0.874875125,0.058053931,-0.058053931,1,0.1,0.435807475,0.360705325,0.360705325,0.686787836
ARPC3-K61,ARPC3,0.114,0.903648602,0.044000419,0.044000419,1,0.1,0.435807475,0.360705325,0.360705325,0.686787836
ARPC3-K84,ARPC3,0.0205,0.913453003,0.039313792,0.039313792,1,0.1,0.435807475,0.360705325,0.360705325,0.686787836
ARPC4-K108,ARPC4,0.29995,0.102456367,0.989461047,0.989461047,0.776434795,0.1,0.395952192,0.402357248,0.402357248,0.653638577
ARPC5-K134,ARPC5,0.04153,0.906230768,0.042761197,0.042761197,1,0.08,0.266197254,0.574796428,0.574796428,0.536310032
ARPC5-K96,ARPC5,-0.1815,1,0,0,1,0.08,0.266197254,0.574796428,0.574796428,0.536310032
ARPP19-K128,ARPP19,0.1073655,0.255672174,0.592316535,0.592316535,0.896059652,0.105,0.066987414,1.174006784,1.174006784,0.253756669
ARPP19-K61,ARPP19,-0.1542,0.19041726,0.720293688,-0.720293688,0.859405482,0.105,0.066987414,1.174006784,1.174006784,0.253756669
ASCC3-K2202,ASCC3,-0.09748,0.250491061,0.601207768,-0.601207768,0.894491593,0.03,0.558043392,0.25333203,0.25333203,0.770981784
ASCC3-K572,ASCC3,0.22735,0.065798392,1.18178472,1.18178472,0.718154145,0.03,0.558043392,0.25333203,0.25333203,0.770981784
ASH1L-K139,ASH1L,0.2086,0.811894836,0.090500221,0.090500221,1,-0.045,0.877693291,0.056657221,-0.056657221,0.947457486
ASH1L-K285,ASH1L,0.2157,1,0,0,1,-0.045,0.877693291,0.056657221,-0.056657221,0.947457486
ASH2L-K312,ASH2L,-0.095,0.626706001,0.202936147,-0.202936147,1,0.075,0.136413274,0.865143366,0.865143366,0.372329235
ASPH-K350,ASPH,-0.1657,0.927272727,0.032792513,-0.032792513,1,0.085,0.288183786,0.540330458,0.540330458,0.558708799
ASPN-K112,ASPN,-0.46027,0.173869532,0.759776516,-0.759776516,0.859405482,-0.675,0.361129474,0.442337065,-0.442337065,0.623782104
ASPN-K117,ASPN,-0.867,0.278589498,0.55503526,-0.55503526,0.909244101,-0.675,0.361129474,0.442337065,-0.442337065,0.623782104
ASPN-K122,ASPN,0.419,0.770373136,0.11329887,0.11329887,1,-0.675,0.361129474,0.442337065,-0.442337065,0.623782104
ASPN-K136,ASPN,-0.684,0.541479937,0.26641763,-0.26641763,0.986280811,-0.675,0.361129474,0.442337065,-0.442337065,0.623782104
ASPN-K139,ASPN,-0.159625,0.373626374,0.427562475,-0.427562475,0.94252692,-0.675,0.361129474,0.442337065,-0.442337065,0.623782104
ASPN-K143,ASPN,-0.695,0.287929462,0.540713894,-0.540713894,0.911425176,-0.675,0.361129474,0.442337065,-0.442337065,0.623782104
ASPN-K149,ASPN,-0.5075,0.357544068,0.446670423,-0.446670423,0.936845827,-0.675,0.361129474,0.442337065,-0.442337065,0.623782104
ASPN-K150,ASPN,-0.172975,0.872989329,0.058991065,-0.058991065,1,-0.675,0.361129474,0.442337065,-0.442337065,0.623782104
ASPN-K181,ASPN,0.019395,0.878521022,0.056247842,0.056247842,1,-0.675,0.361129474,0.442337065,-0.442337065,0.623782104
ASPN-K187,ASPN,0.0955,0.561700694,0.250495039,0.250495039,0.991315092,-0.675,0.361129474,0.442337065,-0.442337065,0.623782104
ASPN-K230,ASPN,-0.605,0.05603762,1.251520321,-1.251520321,0.68202138,-0.675,0.361129474,0.442337065,-0.442337065,0.623782104
ASPN-K251,ASPN,-0.0215,0.973996255,0.011442713,-0.011442713,1,-0.675,0.361129474,0.442337065,-0.442337065,0.623782104
ASPN-K261,ASPN,-0.3175,0.183491056,0.736385101,-0.736385101,0.859405482,-0.675,0.361129474,0.442337065,-0.442337065,0.623782104
ASPN-K275,ASPN,-0.013,0.693212573,0.159133569,-0.159133569,1,-0.675,0.361129474,0.442337065,-0.442337065,0.623782104
ASPN-K299,ASPN,-0.25,0.253671551,0.595728236,-0.595728236,0.896059652,-0.675,0.361129474,0.442337065,-0.442337065,0.623782104
ASPN-K301,ASPN,-0.077,0.363505625,0.439488865,-0.439488865,0.936845827,-0.675,0.361129474,0.442337065,-0.442337065,0.623782104
ASPN-K302,ASPN,-0.183,0.535117545,0.27155081,-0.27155081,0.984176452,-0.675,0.361129474,0.442337065,-0.442337065,0.623782104
ASPN-K311,ASPN,-0.462,0.475068449,0.323243812,-0.323243812,0.967568225,-0.675,0.361129474,0.442337065,-0.442337065,0.623782104
ASPN-K337,ASPN,-0.3309,0.185136094,0.732508902,-0.732508902,0.859405482,-0.675,0.361129474,0.442337065,-0.442337065,0.623782104
ASRGL1-K159,ASRGL1,-0.063,1,0,0,1,0.02,0.823266762,0.084459418,0.084459418,0.922086609
ASRGL1-K164,ASRGL1,0.363,0.335637365,0.474129698,0.474129698,0.930954294,0.02,0.823266762,0.084459418,0.084459418,0.922086609
ASRGL1-K256,ASRGL1,0.135425,0.263486513,0.579241609,0.579241609,0.899293861,0.02,0.823266762,0.084459418,0.084459418,0.922086609
ASS1-K112,ASS1,-0.2684,0.107642885,0.968014671,-0.968014671,0.776434795,-0.015,0.441736489,0.354836725,-0.354836725,0.691861559
ASS1-K340,ASS1,-0.077,0.395854974,0.402463894,-0.402463894,0.956184286,-0.015,0.441736489,0.354836725,-0.354836725,0.691861559
ASXL2-K209,ASXL2,-0.1633,0.676839157,0.169514524,-0.169514524,1,0.035,0.647920451,0.188478312,0.188478312,0.825658824
ATAD2-K47,ATAD2,0.3923,0.352893503,0.452356338,0.452356338,0.935291689,0.63,0.005965227,2.224373038,2.224373038,0.066924402
ATAD3A-K539,ATAD3A,0.44335,0.234464026,0.629923783,0.629923783,0.879057947,0.415,6.05E-04,3.218581476,3.218581476,0.018723749
ATAD3A-K543,ATAD3A,0.11105,0.67399025,0.171346386,0.171346386,1,0.415,6.05E-04,3.218581476,3.218581476,0.018723749
ATAT1-K350,ATAT1,-1.3685,0.379120879,0.421222297,-0.421222297,0.945030662,-0.115,0.669468161,0.174270072,-0.174270072,0.839304802
ATF1-K69,ATF1,0.131455,0.357069143,0.447247678,0.447247678,0.936845827,0.14,0.270509961,0.567816738,0.567816738,0.540193779
ATF7IP-K946,ATF7IP,0.624,0.392879257,0.4057409,0.4057409,0.953727646,-0.13,0.125041505,0.902945807,-0.902945807,0.35926527
ATIC-K356,ATIC,-0.1993,0.487960096,0.311615692,-0.311615692,0.969290675,0.15,0.330630849,0.480656628,0.480656628,0.600455512
ATL3-K391,ATL3,-0.1451,0.685714286,0.163856803,-0.163856803,1,0.025,0.811680404,0.090614939,0.090614939,0.916155221
ATL3-K399,ATL3,0.04985,0.885714286,0.052706351,0.052706351,1,0.025,0.811680404,0.090614939,0.090614939,0.916155221
ATM-K2318,ATM,-0.2909,0.321266968,0.493133925,-0.493133925,0.928767355,-0.16,0.093387786,1.029709921,-1.029709921,0.305805575
ATM-K2440,ATM,-0.3051,0.016462939,1.783492636,-1.783492636,0.519256825,-0.16,0.093387786,1.029709921,-1.029709921,0.305805575
ATM-K331,ATM,-0.5,0.055675955,1.254332328,-1.254332328,0.68202138,-0.16,0.093387786,1.029709921,-1.029709921,0.305805575
ATM-K385,ATM,-0.533,0.482416448,0.316577893,-0.316577893,0.967568225,-0.16,0.093387786,1.029709921,-1.029709921,0.305805575
ATN1-K46,ATN1,0.353,0.18631424,0.729753951,0.729753951,0.859405482,-0.16,0.769652871,0.113705106,-0.113705106,0.894698431
ATOH8-K41,ATOH8,-0.49,0.309314112,0.509600266,-0.509600266,0.920825313,-1.21,0.002347405,2.629411903,-2.629411903,0.040093584
ATOX1-K25,ATOX1,-0.22562,0.421915856,0.374774153,-0.374774153,0.961720515,0.01,0.65865292,0.181343379,0.181343379,0.832349878
ATOX1-K38,ATOX1,0.047,0.682384146,0.165971072,0.165971072,1,0.01,0.65865292,0.181343379,0.181343379,0.832349878
ATOX1-K57,ATOX1,0.2768,0.368236664,0.433872972,0.433872972,0.938794148,0.01,0.65865292,0.181343379,0.181343379,0.832349878
ATOX1-K60,ATOX1,0.01776,0.789325093,0.10274409,0.10274409,1,0.01,0.65865292,0.181343379,0.181343379,0.832349878
ATP1B1-K13,ATP1B1,-0.229,0.34660373,0.460166768,-0.460166768,0.934126335,-0.115,0.490259527,0.309573958,-0.309573958,0.72948303
ATP1B1-K288,ATP1B1,0.06375,0.720901321,0.142124179,0.142124179,1,-0.115,0.490259527,0.309573958,-0.309573958,0.72948303
ATP1B3-K251,ATP1B3,-0.3908745,0.56136321,0.250756053,-0.250756053,0.991315092,-0.095,0.612651752,0.21278632,-0.21278632,0.804282081
ATP2B1-K609,ATP2B1,0.66728,0.904761905,0.043465694,0.043465694,1,0.2,0.086813976,1.061410355,1.061410355,0.293230932
ATP2B3-K607,ATP2B3,0.66728,0.904761905,0.043465694,0.043465694,1,-1.185,9.59E-04,3.018264363,-3.018264363,0.024485146
ATP2C1-K548,ATP2C1,0.633,0.211574552,0.674536571,0.674536571,0.871132626,0.325,0.05726848,1.242084345,1.242084345,0.232424735
ATP5F1A-K126,ATP5F1A,-0.02555,0.59669814,0.224245316,-0.224245316,1,0.14,0.075570662,1.121646773,1.121646773,0.272270144
ATP5F1A-K161,ATP5F1A,0.0265,0.496571686,0.304018047,0.304018047,0.969924879,0.14,0.075570662,1.121646773,1.121646773,0.272270144
ATP5F1A-K167,ATP5F1A,0.101,0.580657517,0.236079948,0.236079948,1,0.14,0.075570662,1.121646773,1.121646773,0.272270144
ATP5F1A-K230,ATP5F1A,-0.1883,0.297867276,0.525977207,-0.525977207,0.918222724,0.14,0.075570662,1.121646773,1.121646773,0.272270144
ATP5F1A-K239,ATP5F1A,-0.05881,0.862098167,0.064443278,-0.064443278,1,0.14,0.075570662,1.121646773,1.121646773,0.272270144
ATP5F1A-K240,ATP5F1A,1.3488,0.041958042,1.377184787,1.377184787,0.631716774,0.14,0.075570662,1.121646773,1.121646773,0.272270144
ATP5F1A-K241,ATP5F1A,0.157785,0.801870988,0.095895499,0.095895499,1,0.14,0.075570662,1.121646773,1.121646773,0.272270144
ATP5F1A-K261,ATP5F1A,0.1097,0.313988608,0.503086108,0.503086108,0.920825313,0.14,0.075570662,1.121646773,1.121646773,0.272270144
ATP5F1A-K427,ATP5F1A,-0.057575,0.673136028,0.171897164,-0.171897164,1,0.14,0.075570662,1.121646773,1.121646773,0.272270144
ATP5F1A-K434,ATP5F1A,0.02383,0.664381405,0.177582531,0.177582531,1,0.14,0.075570662,1.121646773,1.121646773,0.272270144
ATP5F1A-K498,ATP5F1A,-0.0331,0.875655574,0.057666684,-0.057666684,1,0.14,0.075570662,1.121646773,1.121646773,0.272270144
ATP5F1A-K503,ATP5F1A,0.104,0.55735852,0.253865356,0.253865356,0.990772801,0.14,0.075570662,1.121646773,1.121646773,0.272270144
ATP5F1A-K531,ATP5F1A,0.0627,0.838759367,0.076362617,0.076362617,1,0.14,0.075570662,1.121646773,1.121646773,0.272270144
ATP5F1A-K539,ATP5F1A,-0.13039,0.940656676,0.026568858,-0.026568858,1,0.14,0.075570662,1.121646773,1.121646773,0.272270144
ATP5F1B-K124,ATP5F1B,0.0424,0.767330719,0.115017415,0.115017415,1,0.31,0.009031015,2.044263413,2.044263413,0.083764233
ATP5F1B-K133,ATP5F1B,-0.2951,0.365338687,0.437304337,-0.437304337,0.938794148,0.31,0.009031015,2.044263413,2.044263413,0.083764233
ATP5F1B-K159,ATP5F1B,-0.001025,0.75004185,0.124914504,-0.124914504,1,0.31,0.009031015,2.044263413,2.044263413,0.083764233
ATP5F1B-K198,ATP5F1B,0.25475,0.097307523,1.011853581,1.011853581,0.776434795,0.31,0.009031015,2.044263413,2.044263413,0.083764233
ATP5F1B-K259,ATP5F1B,-0.1443,0.601654891,0.220652548,-0.220652548,1,0.31,0.009031015,2.044263413,2.044263413,0.083764233
ATP5F1B-K264,ATP5F1B,0.395,0.71037296,0.148513578,0.148513578,1,0.31,0.009031015,2.044263413,2.044263413,0.083764233
ATP5F1B-K426,ATP5F1B,0.08429,0.803932769,0.094780269,0.094780269,1,0.31,0.009031015,2.044263413,2.044263413,0.083764233
ATP5F1B-K485,ATP5F1B,-0.0051,0.938635844,0.027502865,-0.027502865,1,0.31,0.009031015,2.044263413,2.044263413,0.083764233
ATP5F1B-K522,ATP5F1B,-0.3315,0.21167476,0.674330925,-0.674330925,0.871132626,0.31,0.009031015,2.044263413,2.044263413,0.083764233
ATP5F1C-K115,ATP5F1C,-0.11025,0.736157837,0.13302906,-0.13302906,1,0.085,0.850394898,0.070379354,0.070379354,0.93603499
ATP5F1C-K154,ATP5F1C,-0.0105,0.621107918,0.206832935,-0.206832935,1,0.085,0.850394898,0.070379354,0.070379354,0.93603499
ATP5F1C-K197,ATP5F1C,-0.19295,0.854305361,0.068386868,-0.068386868,1,0.085,0.850394898,0.070379354,0.070379354,0.93603499
ATP5F1C-K49,ATP5F1C,-0.066,0.863997851,0.063487338,-0.063487338,1,0.085,0.850394898,0.070379354,0.070379354,0.93603499
ATP5F1C-K55,ATP5F1C,0.0075,0.979266917,0.009098917,0.009098917,1,0.085,0.850394898,0.070379354,0.070379354,0.93603499
ATP5F1C-K79,ATP5F1C,-0.1581,0.820236622,0.086060844,-0.086060844,1,0.085,0.850394898,0.070379354,0.070379354,0.93603499
ATP5F1C-K83,ATP5F1C,-0.457625,0.076070573,1.118783314,-1.118783314,0.739803268,0.085,0.850394898,0.070379354,0.070379354,0.93603499
ATP5F1D-K136,ATP5F1D,0.0328,1,0,0,1,0.305,0.001439921,2.841661409,2.841661409,0.030232951
ATP5F1E-K21,ATP5F1E,0.0405,0.901257542,0.045151088,0.045151088,1,-0.02,0.578257838,0.237878472,-0.237878472,0.78235592
ATP5F1E-K28,ATP5F1E,-0.25,0.11797764,0.928200296,-0.928200296,0.786730239,-0.02,0.578257838,0.237878472,-0.237878472,0.78235592
ATP5F1E-K32,ATP5F1E,0.036,0.846773216,0.072232888,0.072232888,1,-0.02,0.578257838,0.237878472,-0.237878472,0.78235592
ATP5F1E-K37,ATP5F1E,-0.2153,0.609222852,0.215223815,-0.215223815,1,-0.02,0.578257838,0.237878472,-0.237878472,0.78235592
ATP5F1E-K44,ATP5F1E,0.252,0.70809899,0.149906025,0.149906025,1,-0.02,0.578257838,0.237878472,-0.237878472,0.78235592
ATP5IF1-K49,ATP5IF1,0.6115,0.163636364,0.78612018,0.78612018,0.848347798,0.295,0.003689221,2.43306534,2.43306534,0.051878928
ATP5IF1-K71,ATP5IF1,0.2587,0.536583554,0.270362643,0.270362643,0.985023118,0.295,0.003689221,2.43306534,2.43306534,0.051878928
ATP5IF1-K82,ATP5IF1,0.6159,0.065028679,1.186895065,1.186895065,0.714196044,0.295,0.003689221,2.43306534,2.43306534,0.051878928
ATP5ME-K69,ATP5ME,0.12005,0.489377289,0.310356189,0.310356189,0.969594397,0.345,0.009995149,2.000210723,2.000210723,0.08874952
ATP5MG-K24,ATP5MG,0.225365,0.402020202,0.395752123,0.395752123,0.956240488,0.215,0.050498431,1.296722119,1.296722119,0.217633551
ATP5MG-K55,ATP5MG,0.038,0.909721136,0.041091715,0.041091715,1,0.215,0.050498431,1.296722119,1.296722119,0.217633551
ATP5MG-K66,ATP5MG,-0.303315,0.295426313,0.529550826,-0.529550826,0.916922529,0.215,0.050498431,1.296722119,1.296722119,0.217633551
ATP5MPL-K31,ATP5MPL,0.13905,0.26875435,0.570644498,0.570644498,0.902857656,0.305,0.01889005,1.723766892,1.723766892,0.12678937
ATP5PB-K154,ATP5PB,-0.062,0.945565497,0.024308383,-0.024308383,1,0.12,0.323259859,0.490448221,0.490448221,0.593705032
ATP5PB-K162,ATP5PB,0.0239,0.724832897,0.139762104,0.139762104,1,0.12,0.323259859,0.490448221,0.490448221,0.593705032
ATP5PB-K221,ATP5PB,-0.137225,0.958397596,0.018454284,-0.018454284,1,0.12,0.323259859,0.490448221,0.490448221,0.593705032
ATP5PB-K233,ATP5PB,-0.0686,0.595135464,0.225384169,-0.225384169,1,0.12,0.323259859,0.490448221,0.490448221,0.593705032
ATP5PB-K238,ATP5PB,-0.03965,0.75256719,0.12345472,-0.12345472,1,0.12,0.323259859,0.490448221,0.490448221,0.593705032
ATP5PB-K244,ATP5PB,0.3109,0.435425166,0.361086474,0.361086474,0.961720515,0.12,0.323259859,0.490448221,0.490448221,0.593705032
ATP5PD-K109,ATP5PD,0.122,0.640428787,0.193529155,0.193529155,1,0.26,0.002945994,2.530768097,2.530768097,0.045808104
ATP5PD-K117,ATP5PD,-0.20795,0.742522378,0.129290453,-0.129290453,1,0.26,0.002945994,2.530768097,2.530768097,0.045808104
ATP5PD-K144,ATP5PD,-0.4093,0.836945304,0.077302923,-0.077302923,1,0.26,0.002945994,2.530768097,2.530768097,0.045808104
ATP5PD-K149,ATP5PD,-0.12765,0.819416628,0.086495227,-0.086495227,1,0.26,0.002945994,2.530768097,2.530768097,0.045808104
ATP5PD-K32,ATP5PD,0.0029,0.826929181,0.082531682,0.082531682,1,0.26,0.002945994,2.530768097,2.530768097,0.045808104
ATP5PD-K63,ATP5PD,-0.3335125,0.285959606,0.54369531,-0.54369531,0.909317859,0.26,0.002945994,2.530768097,2.530768097,0.045808104
ATP5PD-K72,ATP5PD,-0.2604155,0.51239794,0.290392625,-0.290392625,0.978239592,0.26,0.002945994,2.530768097,2.530768097,0.045808104
ATP5PD-K78,ATP5PD,0.04584,0.986249099,0.00601338,0.00601338,1,0.26,0.002945994,2.530768097,2.530768097,0.045808104
ATP5PD-K85,ATP5PD,0.0187,0.753564283,0.122879694,0.122879694,1,0.26,0.002945994,2.530768097,2.530768097,0.045808104
ATP5PD-K9,ATP5PD,-0.07355,0.685714286,0.163856803,-0.163856803,1,0.26,0.002945994,2.530768097,2.530768097,0.045808104
ATP5PD-K95,ATP5PD,-0.05625,0.556278622,0.25470763,-0.25470763,0.990772801,0.26,0.002945994,2.530768097,2.530768097,0.045808104
ATP5PD-K99,ATP5PD,-0.19305,0.306607612,0.513417067,-0.513417067,0.920825313,0.26,0.002945994,2.530768097,2.530768097,0.045808104
ATP5PF-K107,ATP5PF,-0.1009,0.784881441,0.10519594,-0.10519594,1,0.15,0.079730859,1.098373557,1.098373557,0.281011629
ATP5PF-K113,ATP5PF,-0.0928,0.665904213,0.176588238,-0.176588238,1,0.15,0.079730859,1.098373557,1.098373557,0.281011629
ATP5PF-K49,ATP5PF,-0.2345,0.090254014,1.044533472,-1.044533472,0.776434795,0.15,0.079730859,1.098373557,1.098373557,0.281011629
ATP5PO-K158,ATP5PO,-0.1783,0.408307462,0.389012683,-0.389012683,0.956240488,0.22,0.034900037,1.457174115,1.457174115,0.177707783
ATP5PO-K162,ATP5PO,-0.121,0.695006185,0.15801133,-0.15801133,1,0.22,0.034900037,1.457174115,1.457174115,0.177707783
ATP5PO-K172,ATP5PO,-0.1122,0.517940854,0.285719831,-0.285719831,0.981666433,0.22,0.034900037,1.457174115,1.457174115,0.177707783
ATP5PO-K176,ATP5PO,0.0838,0.23448948,0.629876636,0.629876636,0.879057947,0.22,0.034900037,1.457174115,1.457174115,0.177707783
ATP5PO-K192,ATP5PO,-0.1725,0.107145889,0.970024488,-0.970024488,0.776434795,0.22,0.034900037,1.457174115,1.457174115,0.177707783
ATP5PO-K199,ATP5PO,-0.33925,0.073194992,1.13551863,-1.13551863,0.735103698,0.22,0.034900037,1.457174115,1.457174115,0.177707783
ATP5PO-K51,ATP5PO,0.574,0.056766236,1.245909905,1.245909905,0.68202138,0.22,0.034900037,1.457174115,1.457174115,0.177707783
ATP5PO-K54,ATP5PO,-0.2927,0.021854249,1.660464122,-1.660464122,0.553711116,0.22,0.034900037,1.457174115,1.457174115,0.177707783
ATP5PO-K60,ATP5PO,-0.3284,0.100437973,0.99810206,-0.99810206,0.776434795,0.22,0.034900037,1.457174115,1.457174115,0.177707783
ATP5PO-K70,ATP5PO,0.0675,0.268892441,0.570421407,0.570421407,0.902857656,0.22,0.034900037,1.457174115,1.457174115,0.177707783
ATP5S-K99,ATP5S,-0.1035845,0.685714286,0.163856803,-0.163856803,1,-0.005,0.750716285,0.124524163,-0.124524163,0.884694107
ATP6V1G1-K21,ATP6V1G1,0.036,0.923456635,0.034583494,0.034583494,1,-0.1,0.169139737,0.77175435,-0.77175435,0.419296818
ATP6V1G1-K75,ATP6V1G1,0.3055,0.513486513,0.289470958,0.289470958,0.978454616,-0.1,0.169139737,0.77175435,-0.77175435,0.419296818
ATRN-K527,ATRN,-0.17675,0.49202191,0.308015557,-0.308015557,0.969594397,-0.075,0.330549614,0.480763346,-0.480763346,0.600455512
ATRX-K1274,ATRX,0.3139,0.183668921,0.735964325,0.735964325,0.859405482,0.12,0.521953383,0.282368283,0.282368283,0.750517953
ATRX-K2490,ATRX,0.5558,0.238239985,0.622985347,0.622985347,0.879057947,0.12,0.521953383,0.282368283,0.282368283,0.750517953
ATRX-K448,ATRX,0.08876,0.589048939,0.229848622,0.229848622,1,0.12,0.521953383,0.282368283,0.282368283,0.750517953
ATRX-K568,ATRX,-0.0683,0.923673036,0.034481734,-0.034481734,1,0.12,0.521953383,0.282368283,0.282368283,0.750517953
ATRX-K866,ATRX,-0.025395,0.790161284,0.102284254,-0.102284254,1,0.12,0.521953383,0.282368283,0.282368283,0.750517953
ATRX-K967,ATRX,0.07305,0.584322747,0.233347206,0.233347206,1,0.12,0.521953383,0.282368283,0.282368283,0.750517953
ATXN1-K765,ATXN1,-0.082545,0.090557632,1.043074942,-1.043074942,0.776434795,-0.27,0.018140748,1.741344812,-1.741344812,0.124040269
ATXN7-K220,ATXN7,0.2557,0.089634967,1.047522536,1.047522536,0.776434795,-0.005,0.819377502,0.086515965,-0.086515965,0.920462951
ATXN7-K257,ATXN7,-0.0037401,0.629796416,0.200799815,-0.200799815,1,-0.005,0.819377502,0.086515965,-0.086515965,0.920462951
ATXN7-K260,ATXN7,-0.0472,0.841269841,0.07506468,-0.07506468,1,-0.005,0.819377502,0.086515965,-0.086515965,0.920462951
ATXN7-K444,ATXN7,-0.0878,0.864882093,0.063043095,-0.063043095,1,-0.005,0.819377502,0.086515965,-0.086515965,0.920462951
ATXN7L1-K186,ATXN7L1,-0.0545,0.606393606,0.217245386,-0.217245386,1,-0.065,0.827126958,0.082427824,-0.082427824,0.924544113
ATXN7L1-K191,ATXN7L1,-0.0487,0.503941051,0.297620262,-0.297620262,0.97292638,-0.065,0.827126958,0.082427824,-0.082427824,0.924544113
ATXN7L1-K281,ATXN7L1,-0.14055,0.036691798,1.435431002,-1.435431002,0.61764214,-0.065,0.827126958,0.082427824,-0.082427824,0.924544113
ATXN7L2-K163,ATXN7L2,-0.022,1,0,0,1,0.13,0.578279781,0.237861992,0.237861992,0.78235592
AUH-K109,AUH,-0.1471,1,0,0,1,-0.08,0.673072991,0.171937836,-0.171937836,0.84143029
AUH-K119,AUH,-0.17425,0.885714286,0.052706351,-0.052706351,1,-0.08,0.673072991,0.171937836,-0.171937836,0.84143029
AUH-K204,AUH,0.12925,0.709729987,0.148906845,0.148906845,1,-0.08,0.673072991,0.171937836,-0.171937836,0.84143029
AUH-K211,AUH,0.0779,0.357322544,0.446939582,0.446939582,0.936845827,-0.08,0.673072991,0.171937836,-0.171937836,0.84143029
AUH-K246,AUH,0.14545,0.128037196,0.892663846,0.892663846,0.806415733,-0.08,0.673072991,0.171937836,-0.171937836,0.84143029
BAG1-K231,BAG1,-0.10745,1,0,0,1,0.02,0.889462573,0.050872321,0.050872321,0.952887452
BAG2-K9,BAG2,-0.169,1,0,0,1,0.115,0.64082999,0.193257172,0.193257172,0.822026779
BAG5-K319,BAG5,-0.25015,0.158709489,0.799397106,-0.799397106,0.845727559,0.085,0.956456141,0.01933494,0.01933494,0.98275829
BANF1-K64,BANF1,-0.103,0.184946571,0.732953717,-0.732953717,0.859405482,0.125,0.004590034,2.338184106,2.338184106,0.05835501
BANF1-K72,BANF1,0.0924,1,0,0,1,0.125,0.004590034,2.338184106,2.338184106,0.05835501
BANP-K331,BANP,-0.19465,0.886701338,0.052222636,-0.052222636,1,0.045,0.952501096,0.021134516,0.021134516,0.981249221
BAP1-K155,BAP1,-0.22594485,0.588744589,0.230073072,-0.230073072,1,0.065,0.23540346,0.628187157,0.628187157,0.502451759
BASP1-K18,BASP1,-0.13825,0.345102575,0.4620518,-0.4620518,0.933847322,-0.325,0.137813651,0.860707762,-0.860707762,0.374363264
BAZ1A-K1277,BAZ1A,0.3046,0.186208725,0.729999974,0.729999974,0.859405482,0.245,0.006140608,2.211788623,2.211788623,0.067881185
BAZ1A-K1310,BAZ1A,0.4005,0.29755762,0.526428924,0.526428924,0.918222724,0.245,0.006140608,2.211788623,2.211788623,0.067881185
BAZ1A-K973,BAZ1A,0.0495,0.91328421,0.039394051,0.039394051,1,0.245,0.006140608,2.211788623,2.211788623,0.067881185
BAZ1B-K1335,BAZ1B,-0.0526,0.792555222,0.100970468,-0.100970468,1,0.24,0.008029909,2.09528937,2.09528937,0.078326349
BAZ1B-K175,BAZ1B,-0.1,0.221153846,0.655305503,-0.655305503,0.875622157,0.24,0.008029909,2.09528937,2.09528937,0.078326349
BAZ1B-K817,BAZ1B,0.01335,0.947649299,0.023352354,0.023352354,1,0.24,0.008029909,2.09528937,2.09528937,0.078326349
BAZ1B-K853,BAZ1B,-0.0426,0.679648654,0.167715539,-0.167715539,1,0.24,0.008029909,2.09528937,2.09528937,0.078326349
BAZ2A-K799,BAZ2A,-0.03325,0.798039216,0.097975767,-0.097975767,1,0.085,0.468629137,0.329170713,0.329170713,0.712830477
BAZ2B-K968,BAZ2B,0.129,0.159832291,0.796335476,0.796335476,0.84636288,-0.15,0.120282583,0.919797253,-0.919797253,0.35161278
BAZ2B-K979,BAZ2B,0.4054,0.250721045,0.60080921,0.60080921,0.894540059,-0.15,0.120282583,0.919797253,-0.919797253,0.35161278
BBS4-K20,BBS4,0.11,0.608498827,0.215740255,0.215740255,1,-0.115,0.731983688,0.135498597,-0.135498597,0.874551656
BBS7-K371,BBS7,0.307,0.944583934,0.024759446,0.024759446,1,-0.025,0.409969139,0.387248835,-0.387248835,0.665966583
BCAP31-K271,BCAP31,-0.036525,0.537046846,0.269987829,-0.269987829,0.985100566,-0.01,0.728212357,0.137741956,-0.137741956,0.871987715
BCAR1-K471,BCAR1,0.41985,0.445221445,0.351423925,0.351423925,0.961720515,0.08,0.343113413,0.464562304,0.464562304,0.610479789
BCAT2-K229,BCAT2,0.693,0.553560372,0.256835008,0.256835008,0.990319758,0.27,0.00198545,2.702141044,2.702141044,0.036429856
BCAT2-K246,BCAT2,-0.0155,0.554729319,0.25591888,-0.25591888,0.990319758,0.27,0.00198545,2.702141044,2.702141044,0.036429856
BCAT2-K321,BCAT2,-0.1542,0.349510024,0.456540364,-0.456540364,0.935291689,0.27,0.00198545,2.702141044,2.702141044,0.036429856
BCAT2-K377,BCAT2,0.1018,0.909495087,0.041199643,0.041199643,1,0.27,0.00198545,2.702141044,2.702141044,0.036429856
BCAT2-K44,BCAT2,-0.2255,0.447657418,0.349054214,-0.349054214,0.961720515,0.27,0.00198545,2.702141044,2.702141044,0.036429856
BCKDHA-K107,BCKDHA,-0.2142125,0.219786901,0.657998195,-0.657998195,0.875622157,0.145,0.013068829,1.883763327,1.883763327,0.103359082
BCKDHA-K311,BCKDHA,-0.442751,0.379120879,0.421222297,-0.421222297,0.945030662,0.145,0.013068829,1.883763327,1.883763327,0.103359082
BCKDHB-K294,BCKDHB,-0.047,0.544860767,0.263714463,-0.263714463,0.988325888,0.1,0.477845797,0.32071223,0.32071223,0.720385845
BCKDK-K184,BCKDK,0.1108,0.646314608,0.189556028,0.189556028,1,0.3,7.50E-04,3.124798098,3.124798098,0.021309923
BCKDK-K192,BCKDK,0.3475,0.885714286,0.052706351,0.052706351,1,0.3,7.50E-04,3.124798098,3.124798098,0.021309923
BCKDK-K245,BCKDK,-0.296,0.608794714,0.215529127,-0.215529127,1,0.3,7.50E-04,3.124798098,3.124798098,0.021309923
BCKDK-K65,BCKDK,0.20455,0.352380952,0.452987575,0.452987575,0.935291689,0.3,7.50E-04,3.124798098,3.124798098,0.021309923
BCL9-K1244,BCL9,-0.260835,0.299400904,0.523746893,-0.523746893,0.918222724,-0.125,0.318435941,0.49697792,-0.49697792,0.588506843
BCL9-K418,BCL9,0.086,0.61791164,0.209073623,0.209073623,1,-0.125,0.318435941,0.49697792,-0.49697792,0.588506843
BCL9-K51,BCL9,-0.09595,0.610093396,0.214603676,-0.214603676,1,-0.125,0.318435941,0.49697792,-0.49697792,0.588506843
BCL9-K86,BCL9,0.2027,0.208421531,0.681057418,0.681057418,0.869620871,-0.125,0.318435941,0.49697792,-0.49697792,0.588506843
BCL9-K94,BCL9,-0.024995,0.827141244,0.082420323,-0.082420323,1,-0.125,0.318435941,0.49697792,-0.49697792,0.588506843
BCL9-K96,BCL9,-0.024995,0.827141244,0.082420323,-0.082420323,1,-0.125,0.318435941,0.49697792,-0.49697792,0.588506843
BCL9-K98,BCL9,0.023575,0.411161714,0.385987332,0.385987332,0.956240488,-0.125,0.318435941,0.49697792,-0.49697792,0.588506843
BCL9L-K108,BCL9L,0.035175,0.838760202,0.076362184,0.076362184,1,0.175,0.262001865,0.581695616,0.581695616,0.531755774
BCL9L-K110,BCL9L,0.09035,0.568174946,0.245517921,0.245517921,0.993833698,0.175,0.262001865,0.581695616,0.581695616,0.531755774
BCL9L-K1334,BCL9L,-0.07655,0.390537327,0.408337451,-0.408337451,0.95298712,0.175,0.262001865,0.581695616,0.581695616,0.531755774
BCL9L-K137,BCL9L,0.1512,0.711452494,0.147854094,0.147854094,1,0.175,0.262001865,0.581695616,0.581695616,0.531755774
BCL9L-K275,BCL9L,-0.1238,0.847032417,0.072099969,-0.072099969,1,0.175,0.262001865,0.581695616,0.581695616,0.531755774
BCL9L-K36,BCL9L,0.0208,0.866735435,0.062113448,0.062113448,1,0.175,0.262001865,0.581695616,0.581695616,0.531755774
BCL9L-K43,BCL9L,-0.02795,0.930981632,0.031058887,-0.031058887,1,0.175,0.262001865,0.581695616,0.581695616,0.531755774
BCLAF1-K332,BCLAF1,0.073,0.779730548,0.108055451,0.108055451,1,0.04,0.468610461,0.329188021,0.329188021,0.712830477
BCLAF1-K445,BCLAF1,0.14466,0.13493689,0.869869304,0.869869304,0.812864457,0.04,0.468610461,0.329188021,0.329188021,0.712830477
BCLAF1-K457,BCLAF1,0.325,0.432713933,0.363799121,0.363799121,0.961720515,0.04,0.468610461,0.329188021,0.329188021,0.712830477
BCOR-K1304,BCOR,0.13725,0.593756658,0.226391508,0.226391508,1,0.215,0.255709129,0.592253768,0.592253768,0.524451782
BCOR-K1305,BCOR,0.064875,0.885714286,0.052706351,0.052706351,1,0.215,0.255709129,0.592253768,0.592253768,0.524451782
BCOR-K392,BCOR,0.2856,0.070851509,1.149650896,1.149650896,0.735103698,0.215,0.255709129,0.592253768,0.592253768,0.524451782
BCOR-K953,BCOR,0.458,0.081114551,1.090901231,1.090901231,0.757639694,0.215,0.255709129,0.592253768,0.592253768,0.524451782
BDH1-K91,BDH1,-0.942,0.067599068,1.170059294,-1.170059294,0.723084523,0.425,0.002124941,2.672653213,2.672653213,0.037519322
BGN-K107,BGN,-1.25575,0.050073978,1.300387906,-1.300387906,0.674508978,-0.295,0.571528257,0.242962293,-0.242962293,0.777821261
BGN-K111,BGN,0.417,0.938856201,0.027400921,0.027400921,1,-0.295,0.571528257,0.242962293,-0.242962293,0.777821261
BGN-K125,BGN,-0.257,0.327776015,0.484422829,-0.484422829,0.930954294,-0.295,0.571528257,0.242962293,-0.242962293,0.777821261
BGN-K132,BGN,-0.349175,0.45361353,0.343314,-0.343314,0.966193174,-0.295,0.571528257,0.242962293,-0.242962293,0.777821261
BGN-K147,BGN,-0.265,0.169120291,0.771804283,-0.771804283,0.854988513,-0.295,0.571528257,0.242962293,-0.242962293,0.777821261
BGN-K209,BGN,-0.357995,0.253557414,0.595923686,-0.595923686,0.896059652,-0.295,0.571528257,0.242962293,-0.242962293,0.777821261
BGN-K219,BGN,-0.3165,0.304265505,0.516747282,-0.516747282,0.920825313,-0.295,0.571528257,0.242962293,-0.242962293,0.777821261
BGN-K240,BGN,-0.635,0.614570781,0.211428092,-0.211428092,1,-0.295,0.571528257,0.242962293,-0.242962293,0.777821261
BGN-K288,BGN,-0.230225,0.330673994,0.480599959,-0.480599959,0.930954294,-0.295,0.571528257,0.242962293,-0.242962293,0.777821261
BGN-K328,BGN,-0.2074,0.644403161,0.190842338,-0.190842338,1,-0.295,0.571528257,0.242962293,-0.242962293,0.777821261
BGN-K367,BGN,-0.3302,0.357069143,0.447247678,-0.447247678,0.936845827,-0.295,0.571528257,0.242962293,-0.242962293,0.777821261
BGN-K82,BGN,0.198125,0.916993771,0.037633615,0.037633615,1,-0.295,0.571528257,0.242962293,-0.242962293,0.777821261
BICRA-K1057,BICRA,-0.09255,0.657366472,0.18219245,-0.18219245,1,-0.07,0.658661311,0.181337846,-0.181337846,0.832349878
BICRA-K1071,BICRA,0.3968,0.063671622,1.196054083,1.196054083,0.71154052,-0.07,0.658661311,0.181337846,-0.181337846,0.832349878
BICRAL-K616,BICRAL,0.28015,0.286493184,0.542885706,0.542885706,0.909692028,0.19,0.598719265,0.222776767,0.222776767,0.79561004
BICRAL-K908,BICRAL,0.2616,0.053956923,1.267952824,1.267952824,0.681060587,0.19,0.598719265,0.222776767,0.222776767,0.79561004
BLMH-K391,BLMH,-0.0766,0.526934766,0.278243147,-0.278243147,0.982788878,0.085,0.913044601,0.039508007,0.039508007,0.964007664
BLVRA-K248,BLVRA,-0.0472575,0.952747253,0.021022295,-0.021022295,1,-0.095,0.453575614,0.343350303,-0.343350303,0.701253066
BLVRA-K269,BLVRA,-0.276195,0.202140716,0.694346201,-0.694346201,0.860537653,-0.095,0.453575614,0.343350303,-0.343350303,0.701253066
BOD1L1-K1182,BOD1L1,-0.2601,0.093209057,1.030541887,-1.030541887,0.776434795,-0.03,0.41274135,0.38432202,-0.38432202,0.668279903
BOD1L1-K2910,BOD1L1,0.1186,0.052605867,1.278965816,1.278965816,0.67940945,-0.03,0.41274135,0.38432202,-0.38432202,0.668279903
BOD1L1-K3047,BOD1L1,0.4745,0.158009055,0.801318024,0.801318024,0.843275703,-0.03,0.41274135,0.38432202,-0.38432202,0.668279903
BOD1L1-K462,BOD1L1,0.01385,0.988891987,0.004851142,0.004851142,1,-0.03,0.41274135,0.38432202,-0.38432202,0.668279903
BOD1L1-K473,BOD1L1,-0.10595,0.544759334,0.26379532,-0.26379532,0.988325888,-0.03,0.41274135,0.38432202,-0.38432202,0.668279903
BOP1-K19,BOP1,0.288,0.247196591,0.606957523,0.606957523,0.892241579,0.185,0.040374216,1.393895894,1.393895894,0.193037563
BORCS7-K106,BORCS7,-0.2443185,0.437151703,0.359367826,-0.359367826,0.961720515,-0.08,0.14177837,0.848390021,-0.848390021,0.380681283
BPHL-K126,BPHL,-0.0848,0.749559859,0.125193679,-0.125193679,1,-0.02,0.920920751,0.035777741,-0.035777741,0.967113964
BPHL-K208,BPHL,0.3711,0.14687702,0.833046148,0.833046148,0.831563929,-0.02,0.920920751,0.035777741,-0.035777741,0.967113964
BPHL-K217,BPHL,-0.088,0.876048324,0.057471937,-0.057471937,1,-0.02,0.920920751,0.035777741,-0.035777741,0.967113964
BPHL-K243,BPHL,-0.1448845,0.418538349,0.378264743,-0.378264743,0.960850268,-0.02,0.920920751,0.035777741,-0.035777741,0.967113964
BPHL-K257,BPHL,0.0800915,0.736604518,0.132765622,0.132765622,1,-0.02,0.920920751,0.035777741,-0.035777741,0.967113964
BPHL-K271,BPHL,-0.261415,0.310047366,0.508571954,-0.508571954,0.920825313,-0.02,0.920920751,0.035777741,-0.035777741,0.967113964
BPNT1-K189,BPNT1,-0.0105,0.963585434,0.016109774,-0.016109774,1,0.27,0.133876323,0.873296225,0.873296225,0.370505465
BPNT1-K244,BPNT1,0.21223,0.339103881,0.46966724,0.46966724,0.930954294,0.27,0.133876323,0.873296225,0.873296225,0.370505465
BPNT1-K245,BPNT1,0.1585,0.683516484,0.165251008,0.165251008,1,0.27,0.133876323,0.873296225,0.873296225,0.370505465
BPNT1-K49,BPNT1,-0.01655,0.992080419,0.003453122,-0.003453122,1,0.27,0.133876323,0.873296225,0.873296225,0.370505465
BPTF-K2734,BPTF,0.1931,0.274045408,0.562177471,0.562177471,0.902857656,0.06,0.916970325,0.037644719,0.037644719,0.96500359
BRD1-K1034,BRD1,-0.0795,0.913055055,0.039503035,-0.039503035,1,0.09,0.465584111,0.332001849,0.332001849,0.709888602
BRD1-K1112,BRD1,0.26075,0.327672328,0.484560234,0.484560234,0.930954294,0.09,0.465584111,0.332001849,0.332001849,0.709888602
BRD1-K23,BRD1,0.0842,0.718231011,0.143735847,0.143735847,1,0.09,0.465584111,0.332001849,0.332001849,0.709888602
BRD1-K277,BRD1,-0.2992,0.194197937,0.711755389,-0.711755389,0.859405482,0.09,0.465584111,0.332001849,0.332001849,0.709888602
BRD1-K324,BRD1,-0.186,0.765885566,0.115836115,-0.115836115,1,0.09,0.465584111,0.332001849,0.332001849,0.709888602
BRD1-K331,BRD1,0.04215,0.977572079,0.009851211,0.009851211,1,0.09,0.465584111,0.332001849,0.332001849,0.709888602
BRD1-K407,BRD1,0.307,0.461206933,0.336104173,0.336104173,0.967568225,0.09,0.465584111,0.332001849,0.332001849,0.709888602
BRD1-K418,BRD1,0.231,0.035787311,1.446270931,1.446270931,0.61764214,0.09,0.465584111,0.332001849,0.332001849,0.709888602
BRD1-K516,BRD1,-0.0723,0.684244406,0.164788744,-0.164788744,1,0.09,0.465584111,0.332001849,0.332001849,0.709888602
BRD1-K519,BRD1,-0.0408,0.803463575,0.095033807,-0.095033807,1,0.09,0.465584111,0.332001849,0.332001849,0.709888602
BRD2-K31,BRD2,0.0189,0.477889691,0.320672338,0.320672338,0.967568225,0.195,0.144418156,0.840378204,0.840378204,0.384790556
BRD2-K345,BRD2,0.1396,0.099008497,1.004327533,1.004327533,0.776434795,0.195,0.144418156,0.840378204,0.840378204,0.384790556
BRD3-K274,BRD3,-0.19622,0.408809171,0.38847937,-0.38847937,0.956240488,0.195,0.067016083,1.173820961,1.173820961,0.253756669
BRD3-K304,BRD3,-0.16225,0.043908283,1.357453541,-1.357453541,0.641975694,0.195,0.067016083,1.173820961,1.173820961,0.253756669
BRD3-K307,BRD3,0.3235,0.412698413,0.384367201,0.384367201,0.956240488,0.195,0.067016083,1.173820961,1.173820961,0.253756669
BRD3-K528,BRD3,-0.0671135,0.804199599,0.094636148,-0.094636148,1,0.195,0.067016083,1.173820961,1.173820961,0.253756669
BRD3-K650,BRD3,-0.2059,0.363346674,0.439678811,-0.439678811,0.936845827,0.195,0.067016083,1.173820961,1.173820961,0.253756669
BRD3-K683,BRD3,0.1174,0.98407637,0.006971196,0.006971196,1,0.195,0.067016083,1.173820961,1.173820961,0.253756669
BRD4-K1111,BRD4,0.2086,0.005385397,2.268782237,2.268782237,0.384392544,0.055,0.944595567,0.024754097,0.024754097,0.977664653
BRD4-K1177,BRD4,0.142655,0.506473775,0.295443038,0.295443038,0.97328394,0.055,0.944595567,0.024754097,0.024754097,0.977664653
BRD4-K1250,BRD4,-0.022,0.856382222,0.067332357,-0.067332357,1,0.055,0.944595567,0.024754097,0.024754097,0.977664653
BRD4-K177,BRD4,-0.9115,0.129605688,0.887375937,-0.887375937,0.806504592,0.055,0.944595567,0.024754097,0.024754097,0.977664653
BRD4-K317,BRD4,0.2634,0.715166809,0.145592649,0.145592649,1,0.055,0.944595567,0.024754097,0.024754097,0.977664653
BRD4-K329,BRD4,0.18895,0.522457685,0.281948878,0.281948878,0.982788878,0.055,0.944595567,0.024754097,0.024754097,0.977664653
BRD4-K346,BRD4,-0.17625,0.744747121,0.127991167,-0.127991167,1,0.055,0.944595567,0.024754097,0.024754097,0.977664653
BRD4-K585,BRD4,0.0395,0.676919042,0.169463269,0.169463269,1,0.055,0.944595567,0.024754097,0.024754097,0.977664653
BRD4-K594,BRD4,0.2528,0.624590053,0.204404936,0.204404936,1,0.055,0.944595567,0.024754097,0.024754097,0.977664653
BRD4-K680,BRD4,-0.007325,0.791784408,0.101393055,-0.101393055,1,0.055,0.944595567,0.024754097,0.024754097,0.977664653
BRD4-K685,BRD4,0.418,0.474678131,0.323600776,0.323600776,0.967568225,0.055,0.944595567,0.024754097,0.024754097,0.977664653
BRD4-K694,BRD4,0.09975,0.183868805,0.735491946,0.735491946,0.859405482,0.055,0.944595567,0.024754097,0.024754097,0.977664653
BRD7-K328,BRD7,0.30315,0.678654679,0.168351153,0.168351153,1,-0.11,0.122650718,0.911329906,-0.911329906,0.35541763
BRD8-K174,BRD8,0.2115,0.008700082,2.060476643,2.060476643,0.452275385,0.115,0.294886883,0.530344544,0.530344544,0.565169431
BRD8-K384,BRD8,0.368,0.01586571,1.799540494,1.799540494,0.513483788,0.115,0.294886883,0.530344544,0.530344544,0.565169431
BRD8-K481,BRD8,0.080125,0.212872659,0.671880114,0.671880114,0.871630117,0.115,0.294886883,0.530344544,0.530344544,0.565169431
BRD8-K85,BRD8,0.124725,0.115662195,0.936808569,0.936808569,0.781248592,0.115,0.294886883,0.530344544,0.530344544,0.565169431
BRD8-K9,BRD8,0.4655,0.234324499,0.630182303,0.630182303,0.879057947,0.115,0.294886883,0.530344544,0.530344544,0.565169431
BRF1-K590,BRF1,0.08539,0.345701816,0.46129834,0.46129834,0.933847322,0.14,0.222071748,0.653506689,0.653506689,0.48613789
BRIX1-K17,BRIX1,-0.012,0.862475404,0.064253281,-0.064253281,1,0.065,0.052269455,1.281752027,1.281752027,0.221892144
BROX-K283,BROX,0.32945,0.113704941,0.944220661,0.944220661,0.776434795,0.085,0.147247183,0.831953006,0.831953006,0.38874989
BROX-K322,BROX,0.326,0.849992629,0.070584841,0.070584841,1,0.085,0.147247183,0.831953006,0.831953006,0.38874989
BRPF1-K1033,BRPF1,0.0775,1,0,0,1,0.135,0.382340196,0.417550042,0.417550042,0.641667205
BRPF1-K147,BRPF1,0.1298,0.927682127,0.032600811,0.032600811,1,0.135,0.382340196,0.417550042,0.417550042,0.641667205
BRPF1-K150,BRPF1,-0.8635,0.285714286,0.544068044,-0.544068044,0.909317859,0.135,0.382340196,0.417550042,0.417550042,0.641667205
BRPF1-K152,BRPF1,-0.8635,0.285714286,0.544068044,-0.544068044,0.909317859,0.135,0.382340196,0.417550042,0.417550042,0.641667205
BRPF1-K154,BRPF1,-0.8635,0.285714286,0.544068044,-0.544068044,0.909317859,0.135,0.382340196,0.417550042,0.417550042,0.641667205
BRPF1-K18,BRPF1,-0.1158,0.502306362,0.299031321,-0.299031321,0.972539701,0.135,0.382340196,0.417550042,0.417550042,0.641667205
BRPF1-K580,BRPF1,-0.173052,0.207790065,0.68237522,-0.68237522,0.868274686,0.135,0.382340196,0.417550042,0.417550042,0.641667205
BRPF1-K73,BRPF1,0.1342,0.797221265,0.098421126,0.098421126,1,0.135,0.382340196,0.417550042,0.417550042,0.641667205
BRPF1-K902,BRPF1,0.0115,0.940656365,0.026569001,0.026569001,1,0.135,0.382340196,0.417550042,0.417550042,0.641667205
BRPF3-K329,BRPF3,0.04215,0.977572079,0.009851211,0.009851211,1,-0.2,0.28367904,0.547172752,-0.547172752,0.554143923
BRPF3-K541,BRPF3,-0.19195,0.9600545,0.017704112,-0.017704112,1,-0.2,0.28367904,0.547172752,-0.547172752,0.554143923
BRPF3-K546,BRPF3,-0.09355,0.354320978,0.450603134,-0.450603134,0.935291689,-0.2,0.28367904,0.547172752,-0.547172752,0.554143923
BRPF3-K89,BRPF3,0.0682,0.648885841,0.187831702,0.187831702,1,-0.2,0.28367904,0.547172752,-0.547172752,0.554143923
BRPF3-K91,BRPF3,0.11,0.781025197,0.107334955,0.107334955,1,-0.2,0.28367904,0.547172752,-0.547172752,0.554143923
BRPF3-K96,BRPF3,-0.5295,0.218253353,0.661039075,-0.661039075,0.875622157,-0.2,0.28367904,0.547172752,-0.547172752,0.554143923
BRPF3-K98,BRPF3,-0.5295,0.218253353,0.661039075,-0.661039075,0.875622157,-0.2,0.28367904,0.547172752,-0.547172752,0.554143923
BTAF1-K1374,BTAF1,0.0494,0.937229437,0.028154079,0.028154079,1,-0.035,0.984159208,0.00693464,-0.00693464,0.994460474
BTF3-K54,BTF3,0.14475,0.8883587,0.05141164,0.05141164,1,-0.07,0.717094789,0.144423434,-0.144423434,0.865792125
BUB3-K179,BUB3,-0.108965,1,0,0,1,0.245,0.085903827,1.065987486,1.065987486,0.291465884
BUB3-K222,BUB3,0.1751,0.031118881,1.506976026,1.506976026,0.593457358,0.245,0.085903827,1.065987486,1.065987486,0.291465884
BUB3-K322,BUB3,-0.10242,0.139719477,0.854743047,-0.854743047,0.816505519,0.245,0.085903827,1.065987486,1.065987486,0.291465884
BUD13-K339,BUD13,0.180782,0.113825008,0.943762311,0.943762311,0.776434795,0.115,0.020690033,1.68423881,1.68423881,0.133119758
BUD23-K196,BUD23,0.057,0.947915243,0.023230493,0.023230493,1,0.025,0.551358897,0.258565613,0.258565613,0.766331079
C11orf54-K56,C11orf54,0.199,0.162849122,0.788214578,0.788214578,0.848347798,0.2,0.218294933,0.660956346,0.660956346,0.480864282
C11orf54-K82,C11orf54,0.16804,0.333460555,0.476955532,0.476955532,0.930954294,0.2,0.218294933,0.660956346,0.660956346,0.480864282
C11orf58-K13,C11orf58,1.0877,0.120900339,0.91757248,0.91757248,0.793855532,0.03,0.940629615,0.026581352,0.026581352,0.975652107
C11orf58-K170,C11orf58,-0.07101,0.426614867,0.369964014,-0.369964014,0.961720515,0.03,0.940629615,0.026581352,0.026581352,0.975652107
C11orf58-K174,C11orf58,0.15735,0.291837608,0.534858742,0.534858742,0.914378404,0.03,0.940629615,0.026581352,0.026581352,0.975652107
C11orf58-K49,C11orf58,0.0939,0.567784872,0.245816183,0.245816183,0.993833698,0.03,0.940629615,0.026581352,0.026581352,0.975652107
C11orf58-K91,C11orf58,0.0015,0.781070092,0.107309991,0.107309991,1,0.03,0.940629615,0.026581352,0.026581352,0.975652107
C11orf98-K93,C11orf98,-0.4805135,0.109090909,0.962211439,-0.962211439,0.776434795,0.41,7.37E-04,3.132627659,3.132627659,0.021102718
C12orf10-K218,C12orf10,0.5629814,0.023606811,1.626962674,1.626962674,0.562122244,0.015,0.525191454,0.279682349,0.279682349,0.750517953
C12orf10-K40,C12orf10,-0.032845,0.934023015,0.029642423,-0.029642423,1,0.015,0.525191454,0.279682349,0.279682349,0.750517953
C12orf43-K45,C12orf43,0.145075,0.269998674,0.568638369,0.568638369,0.902857656,-0.07,0.777159269,0.109489969,-0.109489969,0.898592168
C12orf57-K101,C12orf57,0.2475,0.058121234,1.235665177,1.235665177,0.69134159,0.165,0.713390816,0.146672486,0.146672486,0.86374531
C17orf49-K132,C17orf49,0.078905,0.458261729,0.33888641,0.33888641,0.967568225,0.185,0.005959712,2.224774748,2.224774748,0.066924402
C18orf25-K155,C18orf25,0.402,0.327672328,0.484560234,0.484560234,0.930954294,0.075,0.132536506,0.877664481,0.877664481,0.370415856
C19orf53-K12,C19orf53,0.0305,0.891606944,0.049826558,0.049826558,1,0.16,0.185059989,0.732687468,0.732687468,0.439332381
C19orf53-K25,C19orf53,0.3758,0.056026442,1.251606959,1.251606959,0.68202138,0.16,0.185059989,0.732687468,0.732687468,0.439332381
C19orf53-K96,C19orf53,0.2859,0.110431686,0.956906298,0.956906298,0.776434795,0.16,0.185059989,0.732687468,0.732687468,0.439332381
C19orf70-K136,C19orf70,0.222,0.34599072,0.46093555,0.46093555,0.933908796,0.12,0.104545381,0.980695151,0.980695151,0.3250471
C1orf123-K55,C1orf123,0.1002,0.669793601,0.174059006,0.174059006,1,-0.08,0.141747004,0.848486112,-0.848486112,0.380681283
C1orf174-K63,C1orf174,0.1225,0.141157424,0.850296275,0.850296275,0.820443268,0.2,1.62E-04,3.791797571,3.791797571,0.008959184
C1orf52-K144,C1orf52,0.4775,0.200641949,0.697578262,0.697578262,0.859405482,-0.07,0.548059446,0.261172333,-0.261172333,0.763937664
C1QBP-K104,C1QBP,-0.25559,0.547619048,0.261521454,-0.261521454,0.989395087,0.305,0.001985667,2.702093543,2.702093543,0.036429856
C20orf27-K84,C20orf27,0.31475,0.527272727,0.277964692,0.277964692,0.982788878,0.05,0.53497921,0.271663095,0.271663095,0.755088844
C3-K1360,C3,-0.45952,0.198341436,0.702586547,-0.702586547,0.859405482,-0.68,0.046024801,1.337008082,-1.337008082,0.207508119
C3-K1462,C3,0.0846,0.604263132,0.218773902,0.218773902,1,-0.68,0.046024801,1.337008082,-1.337008082,0.207508119
C3-K1526,C3,0.1547,0.234265734,0.63029123,0.63029123,0.879057947,-0.68,0.046024801,1.337008082,-1.337008082,0.207508119
C3-K1546,C3,-0.017202085,0.731905307,0.135545104,-0.135545104,1,-0.68,0.046024801,1.337008082,-1.337008082,0.207508119
C3-K1595,C3,-0.09625,0.34112018,0.467092588,-0.467092588,0.930954294,-0.68,0.046024801,1.337008082,-1.337008082,0.207508119
C3-K607,C3,-0.03456,0.560361652,0.251531593,-0.251531593,0.991315092,-0.68,0.046024801,1.337008082,-1.337008082,0.207508119
C3-K66,C3,-0.1255,1,0,0,1,-0.68,0.046024801,1.337008082,-1.337008082,0.207508119
C3-K678,C3,0.1943,0.484848485,0.314393957,0.314393957,0.967568225,-0.68,0.046024801,1.337008082,-1.337008082,0.207508119
C3-K861,C3,-0.20745,0.183292817,0.736854555,-0.736854555,0.859405482,-0.68,0.046024801,1.337008082,-1.337008082,0.207508119
C3-K879,C3,-0.03165,0.594072594,0.226160482,-0.226160482,1,-0.68,0.046024801,1.337008082,-1.337008082,0.207508119
C5-K1406,C5,0.3825,1,0,0,1,-0.245,0.345676503,0.46133014,-0.46133014,0.613250869
C5orf22-K178,C5orf22,0.039,0.920095415,0.036167133,0.036167133,1,0.23,0.006922209,2.159755314,2.159755314,0.072462426
C5orf24-K49,C5orf24,-0.20785,1,0,0,1,0.085,0.200284412,0.698352851,0.698352851,0.459466051
C8orf59-K21,C8orf59,0.3949,0.190811014,0.719396561,0.719396561,0.859405482,-0.12,0.616125313,0.210330948,-0.210330948,0.806287327
C9orf152-K143,C9orf152,0.639,0.158998917,0.798605834,0.798605834,0.84636288,0.455,0.17383565,0.759861153,0.759861153,0.425500126
CA1-K128,CA1,-0.1883,0.611315637,0.213734495,-0.213734495,1,-0.52,0.073167866,1.135679609,-1.135679609,0.26715299
CA1-K150,CA1,-0.39535,0.761904762,0.118099312,-0.118099312,1,-0.52,0.073167866,1.135679609,-1.135679609,0.26715299
CA1-K157,CA1,-0.2055,0.800182125,0.096811155,-0.096811155,1,-0.52,0.073167866,1.135679609,-1.135679609,0.26715299
CA1-K160,CA1,-0.7999,0.466358293,0.331280296,-0.331280296,0.967568225,-0.52,0.073167866,1.135679609,-1.135679609,0.26715299
CA1-K169,CA1,-0.134,0.97130609,0.012643888,-0.012643888,1,-0.52,0.073167866,1.135679609,-1.135679609,0.26715299
CA1-K19,CA1,-0.631569,0.237856971,0.623684115,-0.623684115,0.879057947,-0.52,0.073167866,1.135679609,-1.135679609,0.26715299
CA1-K253,CA1,-0.61712,0.122939408,0.910308883,-0.910308883,0.798193585,-0.52,0.073167866,1.135679609,-1.135679609,0.26715299
CA1-K35,CA1,-0.025,0.963403824,0.016191634,-0.016191634,1,-0.52,0.073167866,1.135679609,-1.135679609,0.26715299
CA1-K46,CA1,-0.145,0.47862712,0.320002697,-0.320002697,0.967568225,-0.52,0.073167866,1.135679609,-1.135679609,0.26715299
CA1-K81,CA1,0.049,0.762088389,0.117994655,0.117994655,1,-0.52,0.073167866,1.135679609,-1.135679609,0.26715299
CA2-K113,CA2,-0.36575,0.685714286,0.163856803,-0.163856803,1,-0.19,0.769656395,0.113703118,-0.113703118,0.894698431
CA2-K18,CA2,-0.4225,0.485714286,0.313619123,-0.313619123,0.967568225,-0.19,0.769656395,0.113703118,-0.113703118,0.894698431
CA2-K24,CA2,-0.2395,1,0,0,1,-0.19,0.769656395,0.113703118,-0.113703118,0.894698431
CA2-K39,CA2,-0.2884,0.653225514,0.18493686,-0.18493686,1,-0.19,0.769656395,0.113703118,-0.113703118,0.894698431
CA2-K45,CA2,0.0197,0.508813847,0.293441078,0.293441078,0.975315181,-0.19,0.769656395,0.113703118,-0.113703118,0.894698431
CA2-K76,CA2,0.41235,0.63880289,0.194633128,0.194633128,1,-0.19,0.769656395,0.113703118,-0.113703118,0.894698431
CA2-K80,CA2,-0.2526,0.64986948,0.187173858,-0.187173858,1,-0.19,0.769656395,0.113703118,-0.113703118,0.894698431
CA3-K131,CA3,-0.1785,0.343161537,0.464501396,-0.464501396,0.930954294,-1.005,4.91E-05,4.308934628,-4.308934628,0.004833933
CA3-K64,CA3,-0.226,0.439104192,0.357432417,-0.357432417,0.961720515,-1.005,4.91E-05,4.308934628,-4.308934628,0.004833933
CA5B-K249,CA5B,-0.0146,0.345699285,0.461301519,-0.461301519,0.933847322,-0.05,0.435756878,0.360755749,-0.360755749,0.686787836
CAB39-K28,CAB39,-0.033,0.787878788,0.103540592,-0.103540592,1,-0.185,0.034464829,1.462623867,-1.462623867,0.176337028
CABIN1-K391,CABIN1,-0.04005,1,0,0,1,0.265,0.024861727,1.604468712,1.604468712,0.148103446
CACYBP-K171,CACYBP,-0.013825,0.685714286,0.163856803,-0.163856803,1,0.42,0.002719165,2.565564409,2.565564409,0.043662411
CACYBP-K19,CACYBP,-0.009755,0.792457542,0.101023997,-0.101023997,1,0.42,0.002719165,2.565564409,2.565564409,0.043662411
CACYBP-K33,CACYBP,0.7645,0.039993759,1.398007774,1.398007774,0.631372573,0.42,0.002719165,2.565564409,2.565564409,0.043662411
CACYBP-K85,CACYBP,0.13,0.131340166,0.88160244,0.88160244,0.808568104,0.42,0.002719165,2.565564409,2.565564409,0.043662411
CAD-K760,CAD,-0.10045,0.787878788,0.103540592,-0.103540592,1,0.195,0.092453226,1.034077929,1.034077929,0.304061878
CALD1-K149,CALD1,-0.68462,0.096112585,1.017219743,-1.017219743,0.776434795,-0.285,0.350744663,0.455008929,-0.455008929,0.618856048
CALD1-K170,CALD1,-0.044,0.642434031,0.192171462,-0.192171462,1,-0.285,0.350744663,0.455008929,-0.455008929,0.618856048
CALD1-K190,CALD1,1.01,0.330087628,0.481370753,0.481370753,0.930954294,-0.285,0.350744663,0.455008929,-0.455008929,0.618856048
CALD1-K197,CALD1,0.9797,1,0,0,1,-0.285,0.350744663,0.455008929,-0.455008929,0.618856048
CALD1-K455,CALD1,-0.442,0.210081134,0.677612946,-0.677612946,0.871081064,-0.285,0.350744663,0.455008929,-0.455008929,0.618856048
CALD1-K553,CALD1,0.0146,0.715577968,0.145343039,0.145343039,1,-0.285,0.350744663,0.455008929,-0.455008929,0.618856048
CALD1-K569,CALD1,0.1595,0.645098039,0.190374278,0.190374278,1,-0.285,0.350744663,0.455008929,-0.455008929,0.618856048
CALD1-K631,CALD1,-0.523,0.606393606,0.217245386,-0.217245386,1,-0.285,0.350744663,0.455008929,-0.455008929,0.618856048
CALD1-K718,CALD1,0.2305,0.201680672,0.69533572,0.69533572,0.860014323,-0.285,0.350744663,0.455008929,-0.455008929,0.618856048
CALD1-K752,CALD1,-0.1045,0.196869625,0.705821286,-0.705821286,0.859405482,-0.285,0.350744663,0.455008929,-0.455008929,0.618856048
CALM2-K143,CALM2,0.0969,0.247526663,0.606378013,0.606378013,0.892241579,0.04,0.773412463,0.111588834,0.111588834,0.896807433
CALM2-K70,CALM2,-0.1016,0.331673702,0.479288962,-0.479288962,0.930954294,0.04,0.773412463,0.111588834,0.111588834,0.896807433
CALM2-K79,CALM2,-0.13805,0.685714286,0.163856803,-0.163856803,1,0.04,0.773412463,0.111588834,0.111588834,0.896807433
CALR-K143,CALR,-0.2315,0.851814852,0.069654792,-0.069654792,1,-0.02,0.518718923,0.285067909,-0.285067909,0.750517953
CALR-K151,CALR,0.042325,0.464569361,0.332949436,0.332949436,0.967568225,-0.02,0.518718923,0.285067909,-0.285067909,0.750517953
CALR-K159,CALR,0.018,0.824085872,0.084027531,0.084027531,1,-0.02,0.518718923,0.285067909,-0.285067909,0.750517953
CALR-K215,CALR,0.73234,0.274664394,0.561197636,0.561197636,0.902857656,-0.02,0.518718923,0.285067909,-0.285067909,0.750517953
CALR-K232,CALR,-0.0054,0.607050212,0.216775385,-0.216775385,1,-0.02,0.518718923,0.285067909,-0.285067909,0.750517953
CALR-K238,CALR,-0.1155,0.566075936,0.247125306,-0.247125306,0.993833698,-0.02,0.518718923,0.285067909,-0.285067909,0.750517953
CALR-K286,CALR,0.2454,0.206501814,0.68507613,0.68507613,0.866650116,-0.02,0.518718923,0.285067909,-0.285067909,0.750517953
CALR-K355,CALR,0.4906,0.18496609,0.732907884,0.732907884,0.859405482,-0.02,0.518718923,0.285067909,-0.285067909,0.750517953
CALR-K360,CALR,0.742,0.38774432,0.411454556,0.411454556,0.950011308,-0.02,0.518718923,0.285067909,-0.285067909,0.750517953
CALR-K374,CALR,-0.2095,0.19047619,0.720159303,-0.720159303,0.859405482,-0.02,0.518718923,0.285067909,-0.285067909,0.750517953
CALR-K55,CALR,-0.2718,1,0,0,1,-0.02,0.518718923,0.285067909,-0.285067909,0.750517953
CALR-K62,CALR,0.03,0.917426583,0.03742868,0.03742868,1,-0.02,0.518718923,0.285067909,-0.285067909,0.750517953
CALR-K64,CALR,-0.18315,0.396531232,0.4017226,-0.4017226,0.956240488,-0.02,0.518718923,0.285067909,-0.285067909,0.750517953
CALU-K138,CALU,0.07324,0.67438334,0.171093167,0.171093167,1,-0.03,0.51550126,0.287770269,-0.287770269,0.749457971
CAMK2D-K268,CAMK2D,0.15525,0.790984815,0.101831854,0.101831854,1,0.165,0.316054567,0.50023793,0.50023793,0.586389294
CAMK2D-K318,CAMK2D,0.22445,0.809597523,0.091730829,0.091730829,1,0.165,0.316054567,0.50023793,0.50023793,0.586389294
CAMK2D-K33,CAMK2D,0.062976,1,0,0,1,0.165,0.316054567,0.50023793,0.50023793,0.586389294
CAND1-K1156,CAND1,0.358,0.546349031,0.262529823,0.262529823,0.989262975,0.075,0.241410048,0.617244658,0.617244658,0.509669213
CAND1-K574,CAND1,0.0501,0.724554665,0.139928843,0.139928843,1,0.075,0.241410048,0.617244658,0.617244658,0.509669213
CAND1-K577,CAND1,-0.166,0.530123824,0.275622678,-0.275622678,0.983510626,0.075,0.241410048,0.617244658,0.617244658,0.509669213
CAND1-K586,CAND1,-0.14075,0.204373371,0.689575693,-0.689575693,0.865073772,0.075,0.241410048,0.617244658,0.617244658,0.509669213
CAND1-K60,CAND1,0.2711,0.234324499,0.630182303,0.630182303,0.879057947,0.075,0.241410048,0.617244658,0.617244658,0.509669213
CANX-K164,CANX,-0.04835,0.446153846,0.350515359,-0.350515359,0.961720515,0,0.247432368,0.606543489,0,0.516687194
CANX-K224,CANX,-0.03275,0.730769231,0.136219747,-0.136219747,1,0,0.247432368,0.606543489,0,0.516687194
CANX-K236,CANX,-0.163,0.440934066,0.355626347,-0.355626347,0.961720515,0,0.247432368,0.606543489,0,0.516687194
CANX-K434,CANX,-0.05345,0.762089599,0.117993965,-0.117993965,1,0,0.247432368,0.606543489,0,0.516687194
CAP1-K173,CAP1,-0.115595,0.215396394,0.666761572,-0.666761572,0.874300916,-0.045,0.956455912,0.019335044,-0.019335044,0.98275829
CAP1-K327,CAP1,-0.1404,0.443042415,0.353554694,-0.353554694,0.961720515,-0.045,0.956455912,0.019335044,-0.019335044,0.98275829
CAP1-K366,CAP1,0.1555,0.682384146,0.165971072,0.165971072,1,-0.045,0.956455912,0.019335044,-0.019335044,0.98275829
CAP1-K376,CAP1,-0.036,0.687683681,0.162611282,-0.162611282,1,-0.045,0.956455912,0.019335044,-0.019335044,0.98275829
CAP1-K398,CAP1,0.3114,0.012654013,1.897771736,1.897771736,0.501718574,-0.045,0.956455912,0.019335044,-0.019335044,0.98275829
CAP1-K412,CAP1,0.0054,0.528502428,0.276953013,0.276953013,0.982788878,-0.045,0.956455912,0.019335044,-0.019335044,0.98275829
CAP1-K422,CAP1,-0.7345,0.23976024,0.620222836,-0.620222836,0.882347857,-0.045,0.956455912,0.019335044,-0.019335044,0.98275829
CAP1-K71,CAP1,0.1926,0.242831425,0.614695112,0.614695112,0.88820282,-0.045,0.956455912,0.019335044,-0.019335044,0.98275829
CAP1-K81,CAP1,-0.067155,0.354631632,0.450222529,-0.450222529,0.9356409,-0.045,0.956455912,0.019335044,-0.019335044,0.98275829
CAPG-K137,CAPG,0.1845,0.361144594,0.442318882,0.442318882,0.936845827,0.745,0.016745369,1.776105271,1.776105271,0.118305395
CAPN1-K270,CAPN1,-0.0532,0.818381707,0.087044087,-0.087044087,1,0.155,0.207381209,0.683230598,0.683230598,0.467889899
CAPN1-K365,CAPN1,-0.333505,0.150435377,0.822650021,-0.822650021,0.831690101,0.155,0.207381209,0.683230598,0.683230598,0.467889899
CAPN1-K84,CAPN1,-0.16745,0.25498718,0.593481655,-0.593481655,0.896059652,0.155,0.207381209,0.683230598,0.683230598,0.467889899
CAPN1-K86,CAPN1,0.0015,0.599183516,0.222440143,0.222440143,1,0.155,0.207381209,0.683230598,0.683230598,0.467889899
CAPN13-K440,CAPN13,0.10097995,0.933333333,0.029963223,0.029963223,1,0.61,0.713422446,0.146653231,0.146653231,0.86374531
CAPN2-K260,CAPN2,-0.484,0.482959583,0.316089212,-0.316089212,0.967568225,-0.04,0.140460301,0.852446404,-0.852446404,0.378635141
CAPNS1-K172,CAPNS1,-0.029,0.468823318,0.328990796,-0.328990796,0.967568225,0.12,0.151424983,0.819802465,0.819802465,0.394709756
CAPNS1-K179,CAPNS1,0.09685,0.728962642,0.137294728,0.137294728,1,0.12,0.151424983,0.819802465,0.819802465,0.394709756
CAPRIN1-K223,CAPRIN1,0.404,0.363505625,0.439488865,0.439488865,0.936845827,0.065,0.037060902,1.43108402,1.43108402,0.184474587
CAPRIN1-K74,CAPRIN1,0.1703,0.2,0.698970004,0.698970004,0.859405482,0.065,0.037060902,1.43108402,1.43108402,0.184474587
CAPS-K239,CAPS,0.6957,0.054121741,1.266628242,1.266628242,0.681083496,0.08,0.418513929,0.378290083,0.378290083,0.672671552
CAPZA1-K118,CAPZA1,0.579,0.229535171,0.63915076,0.63915076,0.879057947,0.18,0.022112317,1.655365756,1.655365756,0.138513724
CAPZA1-K19,CAPZA1,-0.0685,0.492898914,0.307242139,-0.307242139,0.969644025,0.18,0.022112317,1.655365756,1.655365756,0.138513724
CAPZA1-K97,CAPZA1,0.091805,0.221892832,0.653856728,0.653856728,0.875622157,0.18,0.022112317,1.655365756,1.655365756,0.138513724
CAPZA2-K146,CAPZA2,-0.1774,0.281835083,0.550004946,-0.550004946,0.909317859,-0.045,0.713372121,0.146683867,-0.146683867,0.86374531
CAPZA2-K86,CAPZA2,-0.099275,0.532879872,0.273370683,-0.273370683,0.984176452,-0.045,0.713372121,0.146683867,-0.146683867,0.86374531
CAPZA2-K97,CAPZA2,0.0378099,0.844805974,0.073243024,0.073243024,1,-0.045,0.713372121,0.146683867,-0.146683867,0.86374531
CAPZB-K107,CAPZB,0.05315,0.406392832,0.391053961,0.391053961,0.956240488,0.05,0.266154586,0.574866047,0.574866047,0.536310032
CAPZB-K124,CAPZB,-0.02285,0.913055964,0.039502602,-0.039502602,1,0.05,0.266154586,0.574866047,0.574866047,0.536310032
CAPZB-K188,CAPZB,-0.06135,0.903034657,0.044295582,-0.044295582,1,0.05,0.266154586,0.574866047,0.574866047,0.536310032
CAPZB-K228,CAPZB,0.002,0.791614793,0.101486099,0.101486099,1,0.05,0.266154586,0.574866047,0.574866047,0.536310032
CAPZB-K252,CAPZB,-0.011825,0.558305688,0.253127947,-0.253127947,0.990772801,0.05,0.266154586,0.574866047,0.574866047,0.536310032
CAPZB-K264,CAPZB,0.2122,0.030143943,1.520799941,1.520799941,0.593457358,0.05,0.266154586,0.574866047,0.574866047,0.536310032
CAPZB-K281,CAPZB,0.0562,0.730861244,0.136165067,0.136165067,1,0.05,0.266154586,0.574866047,0.574866047,0.536310032
CAPZB-K296,CAPZB,0.0415,0.394639708,0.403799219,0.403799219,0.955357527,0.05,0.266154586,0.574866047,0.574866047,0.536310032
CARHSP1-K68,CARHSP1,-0.1518,0.984062373,0.006977374,-0.006977374,1,0.28,0.021830695,1.660932436,1.660932436,0.137377805
CARM1-K184,CARM1,0.171782,0.477854705,0.320704134,0.320704134,0.967568225,0.165,0.140418646,0.852575219,0.852575219,0.378635141
CARS-K131,CARS,0.0395,0.889479288,0.05086416,0.05086416,1,0.01,0.574820975,0.240467393,0.240467393,0.780398969
CARS-K231,CARS,-0.027525,0.904761905,0.043465694,-0.043465694,1,0.01,0.574820975,0.240467393,0.240467393,0.780398969
CARS-K586,CARS,0.00805,0.508469536,0.293735062,0.293735062,0.97524985,0.01,0.574820975,0.240467393,0.240467393,0.780398969
CARS-K816,CARS,0.02395,0.520879121,0.283263051,0.283263051,0.982124714,0.01,0.574820975,0.240467393,0.240467393,0.780398969
CARS2-K198,CARS2,0.1241,0.767875849,0.114708992,0.114708992,1,0.335,0.004384888,2.3580415,2.3580415,0.05698549
CARS2-K323,CARS2,0.657,0.42515083,0.371456969,0.371456969,0.961720515,0.335,0.004384888,2.3580415,2.3580415,0.05698549
CASP6-K27,CASP6,-0.27935,0.367676768,0.434533811,-0.434533811,0.938794148,0.095,0.231627921,0.635209091,0.635209091,0.497292831
CASP8AP2-K1343,CASP8AP2,0.2175,0.441600146,0.354970791,0.354970791,0.961720515,0.2,0.261964306,0.581757879,0.581757879,0.531755774
CAST-K133,CAST,-0.0141,0.661172161,0.179685441,-0.179685441,1,0.01,0.588472005,0.230274192,0.230274192,0.789111409
CAST-K178,CAST,0.25618,0.910304688,0.040813221,0.040813221,1,0.01,0.588472005,0.230274192,0.230274192,0.789111409
CAST-K229,CAST,0.22145,0.818181818,0.087150176,0.087150176,1,0.01,0.588472005,0.230274192,0.230274192,0.789111409
CAST-K41,CAST,-0.157,0.421518939,0.375182908,-0.375182908,0.961720515,0.01,0.588472005,0.230274192,0.230274192,0.789111409
CAST-K70,CAST,1.03025,0.003952935,2.403080372,2.403080372,0.377682496,0.01,0.588472005,0.230274192,0.230274192,0.789111409
CAST-K787,CAST,-0.1589,0.929801408,0.031609801,-0.031609801,1,0.01,0.588472005,0.230274192,0.230274192,0.789111409
CASZ1-K886,CASZ1,0.1289,0.462570123,0.334822421,0.334822421,0.967568225,0.31,0.181840786,0.7403087,0.7403087,0.43605059
CAT-K23,CAT,0.4,0.227713423,0.642611368,0.642611368,0.879057947,0.11,0.218365016,0.660816937,0.660816937,0.480864282
CAT-K233,CAT,0.66075,0.256140918,0.591521038,0.591521038,0.896059652,0.11,0.218365016,0.660816937,0.660816937,0.480864282
CAT-K237,CAT,-0.029,0.336675578,0.472788386,-0.472788386,0.930954294,0.11,0.218365016,0.660816937,0.660816937,0.480864282
CAT-K243,CAT,0.12655,0.3091951,0.509767397,0.509767397,0.920825313,0.11,0.218365016,0.660816937,0.660816937,0.480864282
CAT-K38,CAT,-0.02569,0.61944756,0.207995453,-0.207995453,1,0.11,0.218365016,0.660816937,0.660816937,0.480864282
CAT-K476,CAT,0.10085,0.386278809,0.413099116,0.413099116,0.949216088,0.11,0.218365016,0.660816937,0.660816937,0.480864282
CAT-K499,CAT,1.474,0.095238095,1.021189299,1.021189299,0.776434795,0.11,0.218365016,0.660816937,0.660816937,0.480864282
CAT-K504,CAT,0.429,0.057142857,1.243038049,1.243038049,0.68202138,0.11,0.218365016,0.660816937,0.660816937,0.480864282
CAT-K77,CAT,0.352,0.73015873,0.136582718,0.136582718,1,0.11,0.218365016,0.660816937,0.660816937,0.480864282
CAT-K93,CAT,0.0763,0.799750403,0.097045533,0.097045533,1,0.11,0.218365016,0.660816937,0.660816937,0.480864282
CAVIN1-K122,CAVIN1,-0.159,0.315661112,0.500778918,-0.500778918,0.920825313,-0.46,0.222112996,0.653426031,-0.653426031,0.48613789
CAVIN1-K137,CAVIN1,-0.3025,0.537588582,0.269549964,-0.269549964,0.985226023,-0.46,0.222112996,0.653426031,-0.653426031,0.48613789
CAVIN1-K152,CAVIN1,-0.2684,0.18040293,0.743756412,-0.743756412,0.859405482,-0.46,0.222112996,0.653426031,-0.653426031,0.48613789
CAVIN1-K161,CAVIN1,-0.2763,0.154235857,0.811814649,-0.811814649,0.837438046,-0.46,0.222112996,0.653426031,-0.653426031,0.48613789
CAVIN1-K181,CAVIN1,0.0075,0.490842491,0.309057849,0.309057849,0.969594397,-0.46,0.222112996,0.653426031,-0.653426031,0.48613789
CAVIN1-K95,CAVIN1,-0.116,0.691134952,0.160437143,-0.160437143,1,-0.46,0.222112996,0.653426031,-0.653426031,0.48613789
CAVIN2-K140,CAVIN2,-0.55,0.041251351,1.384561823,-1.384561823,0.631716774,-1.425,6.05E-04,3.218379856,-3.218379856,0.018723749
CAVIN3-K121,CAVIN3,-0.1335,0.68938257,0.161539701,-0.161539701,1,-0.785,0.05666837,1.246659278,-1.246659278,0.231412009
CAVIN3-K208,CAVIN3,-0.2452,0.14482749,0.839148995,-0.839148995,0.82566964,-0.785,0.05666837,1.246659278,-1.246659278,0.231412009
CBFA2T2-K447,CBFA2T2,0.2227,0.045040765,1.346394241,1.346394241,0.64641327,0.135,0.651473951,0.186102945,0.186102945,0.827588803
CBFB-K11,CBFB,0.3455,0.354312354,0.450613704,0.450613704,0.935291689,0.235,3.72E-04,3.42931172,3.42931172,0.014272367
CBLL1-K29,CBLL1,0.0891,0.708993317,0.149357859,0.149357859,1,-0.11,0.216359753,0.664823524,-0.664823524,0.479115219
CBR1-K148,CBR1,-0.29161,0.269999896,0.568636402,-0.568636402,0.902857656,-0.165,0.788690417,0.103093436,-0.103093436,0.904396453
CBR1-K157,CBR1,-0.1625,0.192076421,0.716525946,-0.716525946,0.859405482,-0.165,0.788690417,0.103093436,-0.103093436,0.904396453
CBR1-K180,CBR1,-0.2635,0.698157709,0.156046462,-0.156046462,1,-0.165,0.788690417,0.103093436,-0.103093436,0.904396453
CBR1-K198,CBR1,-0.2143,0.347690076,0.458807705,-0.458807705,0.93437433,-0.165,0.788690417,0.103093436,-0.103093436,0.904396453
CBR4-K190,CBR4,0.9431155,0.055327026,1.257062675,1.257062675,0.68202138,-0.08,0.474765841,0.323520535,-0.323520535,0.718360644
CBX1-K35,CBX1,0.052125,0.934862239,0.029252382,0.029252382,1,0.135,0.08227892,1.084711418,1.084711418,0.285759964
CBX1-K79,CBX1,-0.41,0.18716248,0.727781209,-0.727781209,0.859405482,0.135,0.08227892,1.084711418,1.084711418,0.285759964
CBX1-K8,CBX1,-0.2826,0.295435962,0.529536641,-0.529536641,0.916922529,0.135,0.08227892,1.084711418,1.084711418,0.285759964
CBX3-K10,CBX3,-0.1355,0.654335527,0.184199499,-0.184199499,1,0.27,0.038465258,1.414931352,1.414931352,0.188027706
CBX3-K103,CBX3,-0.07005,0.592247476,0.227496782,-0.227496782,1,0.27,0.038465258,1.414931352,1.414931352,0.188027706
CBX3-K44,CBX3,0.3013,0.084684956,1.072193734,1.072193734,0.767854033,0.27,0.038465258,1.414931352,1.414931352,0.188027706
CBX5-K80,CBX5,-0.13883,0.370852683,0.430798574,-0.430798574,0.938794148,0.125,0.17700515,0.752014097,0.752014097,0.429762844
CBX8-K240,CBX8,0.1375,0.231823674,0.634842215,0.634842215,0.879057947,0.39,0.002630132,2.580022452,2.580022452,0.042793933
CCAR1-K146,CCAR1,0.2344,0.184524252,0.733946547,0.733946547,0.859405482,0.075,0.750693508,0.12453734,0.12453734,0.884694107
CCAR2-K215,CCAR2,0.0675,0.784882542,0.105195331,0.105195331,1,-0.03,0.728215098,0.137740321,-0.137740321,0.871987715
CCAR2-K344,CCAR2,0.18365,0.744700367,0.128018432,0.128018432,1,-0.03,0.728215098,0.137740321,-0.137740321,0.871987715
CCAR2-K791,CCAR2,-0.4072,0.036616971,1.436317588,-1.436317588,0.61764214,-0.03,0.728215098,0.137740321,-0.137740321,0.871987715
CCAR2-K839,CCAR2,0.2031,0.061454348,1.211447387,1.211447387,0.707027232,-0.03,0.728215098,0.137740321,-0.137740321,0.871987715
CCDC12-K91,CCDC12,-0.26385,0.057142857,1.243038049,-1.243038049,0.68202138,-0.02,0.743162911,0.128915973,-0.128915973,0.881029556
CCDC124-K11,CCDC124,0.25135,1,0,0,1,0.195,0.009435708,2.025225518,2.025225518,0.085968617
CCDC124-K40,CCDC124,0.2451,1,0,0,1,0.195,0.009435708,2.025225518,2.025225518,0.085968617
CCDC127-K131,CCDC127,-0.0435,0.885714286,0.052706351,-0.052706351,1,0.005,0.897294988,0.047064758,0.047064758,0.956801528
CCDC25-K23,CCDC25,-0.14705,0.994044973,0.002593966,-0.002593966,1,0.035,0.909106476,0.041385249,0.041385249,0.962039408
CCDC47-K286,CCDC47,-0.3566,0.667805814,0.175349804,-0.175349804,1,0.125,0.065526653,1.183582018,1.183582018,0.250546306
CCDC58-K83,CCDC58,-0.1045,0.761904762,0.118099312,-0.118099312,1,0.35,0.004185746,2.378227104,2.378227104,0.055358018
CCDC6-K180,CCDC6,0.2665,0.412698413,0.384367201,0.384367201,0.956240488,-0.045,0.54813506,0.261112419,-0.261112419,0.763937664
CCDC6-K286,CCDC6,0.007715,0.648484848,0.188100167,0.188100167,1,-0.045,0.54813506,0.261112419,-0.261112419,0.763937664
CCDC82-K230,CCDC82,0.01,0.764716788,0.116499375,0.116499375,1,-0.145,0.119073357,0.924185403,-0.924185403,0.349631587
CCDC86-K225,CCDC86,0.3508,0.029722495,1.526914742,1.526914742,0.593457358,0.12,0.043848462,1.358045638,1.358045638,0.20233707
CCDC91-K331,CCDC91,-0.25475,0.685714286,0.163856803,-0.163856803,1,-0.195,0.062685437,1.202833344,-1.202833344,0.244698416
CCS-K262,CCS,0.14,0.434304787,0.362205384,0.362205384,0.961720515,0.005,0.838729317,0.076378176,0.076378176,0.930236625
CCT2-K272,CCT2,0.1494,0.414716728,0.382248446,0.382248446,0.958025675,0.16,0.059948461,1.222221963,1.222221963,0.238306443
CCT2-K284,CCT2,-0.114,0.835664336,0.077968132,-0.077968132,1,0.16,0.059948461,1.222221963,1.222221963,0.238306443
CCT2-K522,CCT2,-0.037795,0.635364635,0.196976962,-0.196976962,1,0.16,0.059948461,1.222221963,1.222221963,0.238306443
CCT3-K203,CCT3,0.11867,0.706025861,0.151179391,0.151179391,1,0.275,0.003868311,2.412478569,2.412478569,0.053241691
CCT3-K222,CCT3,-0.385,0.133515607,0.874467965,-0.874467965,0.809164535,0.275,0.003868311,2.412478569,2.412478569,0.053241691
CCT3-K248,CCT3,0.2425,0.44635799,0.350316687,0.350316687,0.961720515,0.275,0.003868311,2.412478569,2.412478569,0.053241691
CCT4-K319,CCT4,0.36934,0.041567314,1.381248042,1.381248042,0.631716774,0.08,0.170688441,0.767795888,0.767795888,0.42132585
CCT4-K395,CCT4,-0.0495,0.742944317,0.129043735,-0.129043735,1,0.08,0.170688441,0.767795888,0.767795888,0.42132585
CCT5-K150,CCT5,-0.1275,0.787878788,0.103540592,-0.103540592,1,0.18,0.247479519,0.606460736,0.606460736,0.516687194
CCT5-K170,CCT5,0.16095,0.031112381,1.507066748,1.507066748,0.593457358,0.18,0.247479519,0.606460736,0.606460736,0.516687194
CCT5-K275,CCT5,-0.02935,1,0,0,1,0.18,0.247479519,0.606460736,0.606460736,0.516687194
CCT6A-K287,CCT6A,0.18635,0.284058212,0.546592651,0.546592651,0.909317859,0.21,0.013619244,1.865846996,1.865846996,0.105495328
CCT6A-K365,CCT6A,0.1266,0.450628706,0.346181147,0.346181147,0.96476884,0.21,0.013619244,1.865846996,1.865846996,0.105495328
CCT6A-K377,CCT6A,0.331585,0.023628678,1.626560576,1.626560576,0.562122244,0.21,0.013619244,1.865846996,1.865846996,0.105495328
CCT6A-K388,CCT6A,0.073406,0.298757664,0.524680945,0.524680945,0.918222724,0.21,0.013619244,1.865846996,1.865846996,0.105495328
CCT7-K231,CCT7,0.024,0.846998719,0.072117247,0.072117247,1,0.145,0.070763089,1.150193218,1.150193218,0.262032926
CCT7-K250,CCT7,0.0995,0.80864696,0.092241042,0.092241042,1,0.145,0.070763089,1.150193218,1.150193218,0.262032926
CCT7-K463,CCT7,-0.1921,0.163590795,0.786241137,-0.786241137,0.848347798,0.145,0.070763089,1.150193218,1.150193218,0.262032926
CCT8-K152,CCT8,0.157315,0.010784353,1.967205888,1.967205888,0.488287693,0.265,0.013441335,1.871557606,1.871557606,0.104744722
CCT8-K318,CCT8,0.3316,0.026980122,1.568956087,1.568956087,0.591058584,0.265,0.013441335,1.871557606,1.871557606,0.104744722
CCT8-K326,CCT8,-0.0768,0.614671405,0.21135699,-0.21135699,1,0.265,0.013441335,1.871557606,1.871557606,0.104744722
CCT8-K367,CCT8,0.0566255,0.885714286,0.052706351,0.052706351,1,0.265,0.013441335,1.871557606,1.871557606,0.104744722
CCT8-K400,CCT8,0.12645,0.101469453,0.993664679,0.993664679,0.776434795,0.265,0.013441335,1.871557606,1.871557606,0.104744722
CCT8-K439,CCT8,-0.1863595,0.370962371,0.430670141,-0.430670141,0.938794148,0.265,0.013441335,1.871557606,1.871557606,0.104744722
CCT8-K466,CCT8,0.3195,0.144655345,0.839665516,0.839665516,0.82566964,0.265,0.013441335,1.871557606,1.871557606,0.104744722
CD151-K186,CD151,-0.051091,1,0,0,1,0.005,0.499656033,0.301328864,0.301328864,0.736939064
CD74-K179,CD74,-0.2094135,0.485714286,0.313619123,-0.313619123,0.967568225,-0.21,0.200338745,0.698235051,-0.698235051,0.459466051
CD81-K187,CD81,0.11492,0.807810388,0.092690567,0.092690567,1,-0.26,0.007351944,2.133597826,-2.133597826,0.074713529
CD9-K126,CD9,0.00585,0.708631582,0.149579496,0.149579496,1,-0.335,0.012540098,1.901699055,-1.901699055,0.101074475
CDA-K11,CDA,-7.25E-04,0.708833302,0.149455887,-0.149455887,1,0.165,0.36375523,0.439190753,0.439190753,0.626098391
CDA-K4,CDA,-0.0247,0.671699476,0.17282499,-0.17282499,1,0.165,0.36375523,0.439190753,0.439190753,0.626098391
CDA-K51,CDA,-0.32555,0.278868624,0.554600346,-0.554600346,0.909244101,0.165,0.36375523,0.439190753,0.439190753,0.626098391
CDC26-K68,CDC26,-0.00653,0.92312051,0.0347416,-0.0347416,1,-0.005,0.724513056,0.139953784,-0.139953784,0.869630793
CDC37-K154,CDC37,0.008247,0.640013173,0.193811087,0.193811087,1,0.03,0.350668795,0.455102879,0.455102879,0.618856048
CDC37-K78,CDC37,0.30565,0.046288579,1.334526153,1.334526153,0.648409674,0.03,0.350668795,0.455102879,0.455102879,0.618856048
CDC42-K128,CDC42,-0.08475,0.878797673,0.056111102,-0.056111102,1,0.085,0.333032999,0.477512731,0.477512731,0.601900436
CDC42-K144,CDC42,0.1585,0.233154447,0.632356297,0.632356297,0.879057947,0.085,0.333032999,0.477512731,0.477512731,0.601900436
CDC42-K153,CDC42,-0.13019,0.896750309,0.047328465,-0.047328465,1,0.085,0.333032999,0.477512731,0.477512731,0.601900436
CDCA7-K9,CDCA7,0.5055,0.006412049,2.19300318,2.19300318,0.405665034,0.43,0.025852537,1.587496824,1.587496824,0.151027338
CDK1-K33,CDK1,0.90087,1.17E-05,4.930166981,4.930166981,0.020605653,0.71,2.18E-04,3.662156627,3.662156627,0.010344909
CDK12-K652,CDK12,0.0506,0.252389599,0.597928546,0.597928546,0.896059652,0.015,0.626604643,0.203006391,0.203006391,0.813518292
CDK13-K556,CDK13,0.07891,0.606393606,0.217245386,0.217245386,1,-0.15,0.02239218,1.649903633,-1.649903633,0.139432334
CDK13-K566,CDK13,0.21651,0.713746876,0.14645578,0.14645578,1,-0.15,0.02239218,1.649903633,-1.649903633,0.139432334
CDK13-K677,CDK13,-0.2312,0.485714286,0.313619123,-0.313619123,0.967568225,-0.15,0.02239218,1.649903633,-1.649903633,0.139432334
CDK5-K56,CDK5,0.3983,0.217660831,0.662219718,0.662219718,0.875622157,0.185,0.22773153,0.642576837,0.642576837,0.492827369
CDK5RAP3-K191,CDK5RAP3,-0.2808,0.594072594,0.226160482,-0.226160482,1,0.2,0.049924616,1.301685269,1.301685269,0.216420971
CDKN1B-K68,CDKN1B,-0.2455,0.539460539,0.268040318,-0.268040318,0.985485758,0.19,0.893389103,0.048959349,0.048959349,0.954711217
CEBPG-K50,CEBPG,0.1664,0.092627421,1.033260428,1.033260428,0.776434795,0.24,0.035322557,1.451947871,1.451947871,0.179064606
CEBPZ-K695,CEBPZ,-0.01625,0.708769111,0.149495218,-0.149495218,1,0.065,0.792488808,0.101006863,0.101006863,0.906638378
CENPV-K11,CENPV,-0.196,0.613424257,0.212239055,-0.212239055,1,-0.32,0.515580615,0.28770342,-0.28770342,0.749457971
CENPV-K55,CENPV,-0.281,0.02845258,1.545878348,-1.545878348,0.591058584,-0.32,0.515580615,0.28770342,-0.28770342,0.749457971
CENPV-K60,CENPV,-1.022,0.003187522,2.496546762,-2.496546762,0.35507987,-0.32,0.515580615,0.28770342,-0.28770342,0.749457971
CEP135-K127,CEP135,-0.42495,0.095771014,1.018765913,-1.018765913,0.776434795,-0.005,0.739468479,0.131080334,-0.131080334,0.878558499
CEP135-K160,CEP135,0.1525,0.757301342,0.120731274,0.120731274,1,-0.005,0.739468479,0.131080334,-0.131080334,0.878558499
CFB-K454,CFB,-0.35283,0.167670943,0.775542193,-0.775542193,0.853962239,-1.285,0.00387055,2.412227345,-2.412227345,0.053241691
CFB-K668,CFB,-0.1219145,0.427822178,0.368736706,-0.368736706,0.961720515,-1.285,0.00387055,2.412227345,-2.412227345,0.053241691
CFB-K707,CFB,-0.0955,0.682828283,0.165688499,-0.165688499,1,-1.285,0.00387055,2.412227345,-2.412227345,0.053241691
CFB-K86,CFB,0.0107,0.733303848,0.134716036,0.134716036,1,-1.285,0.00387055,2.412227345,-2.412227345,0.053241691
CFB-K91,CFB,-0.1965,0.377326172,0.42328307,-0.42328307,0.943988084,-1.285,0.00387055,2.412227345,-2.412227345,0.053241691
CFDP1-K187,CFDP1,0.0982,0.165698964,0.780680207,0.780680207,0.85031237,0.08,0.873792299,0.058591787,0.058591787,0.945691985
CFDP1-K200,CFDP1,0.11385,0.221497473,0.654631225,0.654631225,0.875622157,0.08,0.873792299,0.058591787,0.058591787,0.945691985
CFH-K1023,CFH,0.628,0.028971029,1.53803608,1.53803608,0.591058584,-1.25,0.007359673,2.133141484,-2.133141484,0.074713529
CFH-K1202,CFH,-0.298,0.725082703,0.139612455,-0.139612455,1,-1.25,0.007359673,2.133141484,-2.133141484,0.074713529
CFH-K474,CFH,0.1328655,0.685714286,0.163856803,0.163856803,1,-1.25,0.007359673,2.133141484,-2.133141484,0.074713529
CFL1-K132,CFL1,0.1215,0.408834726,0.388452223,0.388452223,0.956240488,0.15,0.0055197,2.258084528,2.258084528,0.064301084
CFL1-K144,CFL1,0.35725,0.095401862,1.020443148,1.020443148,0.776434795,0.15,0.0055197,2.258084528,2.258084528,0.064301084
CFL1-K30,CFL1,0.27005,0.029352444,1.532355732,1.532355732,0.591058584,0.15,0.0055197,2.258084528,2.258084528,0.064301084
CFL1-K44,CFL1,0.0832,0.085040684,1.070373254,1.070373254,0.770084545,0.15,0.0055197,2.258084528,2.258084528,0.064301084
CFL1-K78,CFL1,0.1818,0.190201812,0.72078535,0.72078535,0.859405482,0.15,0.0055197,2.258084528,2.258084528,0.064301084
CHAMP1-K335,CHAMP1,0.05304,0.826545843,0.082733054,0.082733054,1,0.425,6.86E-04,3.163735504,3.163735504,0.020375798
CHAMP1-K490,CHAMP1,-0.12255,0.918620662,0.03686379,-0.03686379,1,0.425,6.86E-04,3.163735504,3.163735504,0.020375798
CHAMP1-K617,CHAMP1,0.17195,0.156755425,0.804777419,0.804777419,0.842963497,0.425,6.86E-04,3.163735504,3.163735504,0.020375798
CHAMP1-K797,CHAMP1,-0.3096,0.561888318,0.250349997,-0.250349997,0.991315092,0.425,6.86E-04,3.163735504,3.163735504,0.020375798
CHCHD3-K63,CHCHD3,0.0713365,0.885714286,0.052706351,0.052706351,1,0.17,0.239431553,0.620818617,0.620818617,0.507294064
CHD3-K361,CHD3,-0.0552,0.976446848,0.010351392,-0.010351392,1,-0.05,1,0,0,1
CHD4-K1581,CHD4,0.0384,0.71037296,0.148513578,0.148513578,1,-0.045,0.548109859,0.261132386,-0.261132386,0.763937664
CHD4-K1660,CHD4,-0.0978345,1,0,0,1,-0.045,0.548109859,0.261132386,-0.261132386,0.763937664
CHD4-K304,CHD4,-0.0495,0.487170854,0.312318702,-0.312318702,0.968713826,-0.045,0.548109859,0.261132386,-0.261132386,0.763937664
CHD4-K687,CHD4,-0.3222,0.27919935,0.554085597,-0.554085597,0.909244101,-0.045,0.548109859,0.261132386,-0.261132386,0.763937664
CHD9-K2119,CHD9,-0.1247,0.890655784,0.050290107,-0.050290107,1,-0.2,0.007574839,2.120626575,-2.120626575,0.075972056
CHD9-K499,CHD9,0.19447,0.741723331,0.12975806,0.12975806,1,-0.2,0.007574839,2.120626575,-2.120626575,0.075972056
CHD9-K522,CHD9,0.1475,0.498773931,0.302096253,0.302096253,0.971766598,-0.2,0.007574839,2.120626575,-2.120626575,0.075972056
CHERP-K879,CHERP,0.2933,0.033130449,1.479772684,1.479772684,0.613481498,0.25,0.108907493,0.962942238,0.962942238,0.332536694
CHID1-K96,CHID1,-0.552,0.178350982,0.748724495,-0.748724495,0.859405482,-0.145,0.101360046,0.994133201,-0.994133201,0.319325789
CHMP2A-K35,CHMP2A,0.555,0.104191852,0.982166242,0.982166242,0.776434795,0.11,0.259854193,0.585270271,0.585270271,0.529040165
CHMP2B-K114,CHMP2B,0.420325,0.10689175,0.971055813,0.971055813,0.776434795,0.185,0.551383974,0.258545861,0.258545861,0.766331079
CHMP4B-K14,CHMP4B,0.15495,0.412854168,0.384203326,0.384203326,0.956240488,-0.11,0.150025265,0.823835598,-0.823835598,0.392700677
CHMP5-K44,CHMP5,-0.09859,0.808080808,0.092545208,-0.092545208,1,0.07,0.838732657,0.076376447,0.076376447,0.930236625
CHMP5-K58,CHMP5,0.18705,0.22681209,0.6443338,0.6443338,0.879057947,0.07,0.838732657,0.076376447,0.076376447,0.930236625
CHRAC1-K102,CHRAC1,0.08885,0.256140918,0.591521038,0.591521038,0.896059652,-0.06,0.964360624,0.01576053,-0.01576053,0.985115862
CIAPIN1-K241,CIAPIN1,0.1125,0.789597805,0.102594068,0.102594068,1,0.115,0.073916748,1.131257147,1.131257147,0.268662616
CIAPIN1-K247,CIAPIN1,-0.0254,0.969851098,0.013294938,-0.013294938,1,0.115,0.073916748,1.131257147,1.131257147,0.268662616
CIC-K1598,CIC,-0.18338,0.494511038,0.30582401,-0.30582401,0.969644025,-0.07,0.777235581,0.109447326,-0.109447326,0.898592168
CIC-K19,CIC,-1.114,0.168683415,0.772927615,-0.772927615,0.854988513,-0.07,0.777235581,0.109447326,-0.109447326,0.898592168
CIC-K2238,CIC,-0.2956,0.004235857,2.373058723,-2.373058723,0.377682496,-0.07,0.777235581,0.109447326,-0.109447326,0.898592168
CIC-K292,CIC,-0.14565,0.248339939,0.60495343,-0.60495343,0.893769072,-0.07,0.777235581,0.109447326,-0.109447326,0.898592168
CIITA-K145,CIITA,0.5635,0.412121212,0.384975032,0.384975032,0.956240488,-0.065,0.96437072,0.015755984,-0.015755984,0.985115862
CIPC-K169,CIPC,0.0915,0.724948858,0.13969263,0.13969263,1,-0.12,0.099368713,1.002750336,-1.002750336,0.316693185
CISD1-K104,CISD1,-0.0961,0.352624131,0.452687971,-0.452687971,0.935291689,0.12,0.561433861,0.250701398,0.250701398,0.772835662
CISD1-K68,CISD1,0.011935,0.591960062,0.227707593,0.227707593,1,0.12,0.561433861,0.250701398,0.250701398,0.772835662
CISD1-K79,CISD1,-0.306605,0.097894349,1.009242376,-1.009242376,0.776434795,0.12,0.561433861,0.250701398,0.250701398,0.772835662
CIZ1-K213,CIZ1,0.258,0.329409929,0.482263314,0.482263314,0.930954294,0.1,0.116752058,0.932735454,0.932735454,0.345921834
CIZ1-K290,CIZ1,0.124175,0.636601633,0.196132252,0.196132252,1,0.1,0.116752058,0.932735454,0.932735454,0.345921834
CKAP4-K339,CKAP4,-0.3043,0.360189709,0.4434687,-0.4434687,0.936845827,-0.1,0.376943011,0.423724305,-0.423724305,0.636487726
CKB-K101,CKB,0.2513,0.206668573,0.68472556,0.68472556,0.866650116,0.32,0.777254931,0.109436514,0.109436514,0.898592168
CKB-K266,CKB,0.22595,0.713545859,0.14657811,0.14657811,1,0.32,0.777254931,0.109436514,0.109436514,0.898592168
CKB-K322,CKB,-0.071,0.888881004,0.051156375,-0.051156375,1,0.32,0.777254931,0.109436514,0.109436514,0.898592168
CKB-K328,CKB,-0.6887,0.223776224,0.650186059,-0.650186059,0.875912177,0.32,0.777254931,0.109436514,0.109436514,0.898592168
CKM-K223,CKM,0.0468,0.683516484,0.165251008,0.165251008,1,-0.03,0.877710489,0.056648712,-0.056648712,0.947457486
CKM-K242,CKM,0.3066,0.501822325,0.299450022,0.299450022,0.972539701,-0.03,0.877710489,0.056648712,-0.056648712,0.947457486
CKS2-K11,CKS2,0.66405,0.114285714,0.942008053,0.942008053,0.776434795,0.705,1.97E-04,3.704625151,3.704625151,0.009904428
CLIC1-K119,CLIC1,-0.0355845,0.535017784,0.271631782,-0.271631782,0.984176452,0.305,0.247454704,0.606504286,0.606504286,0.516687194
CLIC1-K131,CLIC1,0.216525,0.082380276,1.084176758,1.084176758,0.761719072,0.305,0.247454704,0.606504286,0.606504286,0.516687194
CLIC1-K166,CLIC1,-0.5167,0.322308222,0.491728616,-0.491728616,0.929614984,0.305,0.247454704,0.606504286,0.606504286,0.516687194
CLIC1-K183,CLIC1,-0.17775,0.683178058,0.165466091,-0.165466091,1,0.305,0.247454704,0.606504286,0.606504286,0.516687194
CLIC1-K49,CLIC1,0.4095,0.041022089,1.386982229,1.386982229,0.631716774,0.305,0.247454704,0.606504286,0.606504286,0.516687194
CLIC4-K130,CLIC4,0.119,0.757615593,0.120551096,0.120551096,1,-0.16,0.796332783,0.098905405,-0.098905405,0.908718365
CLIC4-K146,CLIC4,-0.1425,0.557542721,0.25372185,-0.25372185,0.990772801,-0.16,0.796332783,0.098905405,-0.098905405,0.908718365
CLIC6-K594,CLIC6,-1.053,0.412698413,0.384367201,-0.384367201,0.956240488,-0.87,0.292725956,0.533538767,-0.533538767,0.563307385
CLINT1-K643,CLINT1,-0.1046,0.221153846,0.655305503,-0.655305503,0.875622157,0.195,0.044939718,1.347369658,1.347369658,0.204933974
CLPB-K392,CLPB,0.45,0.104769609,0.979764676,0.979764676,0.776434795,0.115,0.034468617,1.462576141,1.462576141,0.176337028
CLPB-K550,CLPB,0.2724,0.114285714,0.942008053,0.942008053,0.776434795,0.115,0.034468617,1.462576141,1.462576141,0.176337028
CLPP-K211,CLPP,0.1291,0.096624085,1.014914605,1.014914605,0.776434795,0.265,0.02154536,1.66664624,1.66664624,0.136373293
CLTA-K136,CLTA,0.39835,0.30952381,0.509305938,0.509305938,0.920825313,0.13,0.490216257,0.309612291,0.309612291,0.72948303
CLTA-K156,CLTA,0.4264,0.646089205,0.189707515,0.189707515,1,0.13,0.490216257,0.309612291,0.309612291,0.72948303
CLTA-K242,CLTA,-0.05292,0.640665836,0.193368435,-0.193368435,1,0.13,0.490216257,0.309612291,0.309612291,0.72948303
CLTB-K149,CLTB,-0.21979,1,0,0,1,0.085,0.980200262,0.008685186,0.008685186,0.993220035
CLTC-K1213,CLTC,0.008695,0.984642243,0.006721536,0.006721536,1,0.075,0.237351314,0.62460836,0.62460836,0.504848307
CLTC-K1445,CLTC,0.013,0.909120249,0.041378669,0.041378669,1,0.075,0.237351314,0.62460836,0.62460836,0.504848307
CLTC-K1505,CLTC,-0.0541,0.476706763,0.321748686,-0.321748686,0.967568225,0.075,0.237351314,0.62460836,0.62460836,0.504848307
CLTC-K371,CLTC,-0.062575,0.518226748,0.285480175,-0.285480175,0.981666433,0.075,0.237351314,0.62460836,0.62460836,0.504848307
CLTC-K460,CLTC,-0.0774,0.923687003,0.034475167,-0.034475167,1,0.075,0.237351314,0.62460836,0.62460836,0.504848307
CLTC-K623,CLTC,-0.3165,0.125790052,0.900353703,-0.900353703,0.801084016,0.075,0.237351314,0.62460836,0.62460836,0.504848307
CLTC-K885,CLTC,-1.334,0.061363257,1.212091597,-1.212091597,0.707027232,0.075,0.237351314,0.62460836,0.62460836,0.504848307
CLTC-K911,CLTC,-0.1136,0.438945655,0.357589245,-0.357589245,0.961720515,0.075,0.237351314,0.62460836,0.62460836,0.504848307
CLTC-K915,CLTC,0.161975,0.342857143,0.464886798,0.464886798,0.930954294,0.075,0.237351314,0.62460836,0.62460836,0.504848307
CLTC-K945,CLTC,-0.51,0.01349808,1.869728009,-1.869728009,0.502151081,0.075,0.237351314,0.62460836,0.62460836,0.504848307
CLU-K118,CLU,-0.408,0.249489882,0.602947062,-0.602947062,0.893802906,-0.47,0.732013441,0.135480944,-0.135480944,0.874551656
CLU-K123,CLU,-0.42775,0.231672007,0.635126439,-0.635126439,0.879057947,-0.47,0.732013441,0.135480944,-0.135480944,0.874551656
CLU-K299,CLU,-0.9395,0.149707697,0.824755871,-0.824755871,0.831690101,-0.47,0.732013441,0.135480944,-0.135480944,0.874551656
CLU-K304,CLU,-0.952,0.455957301,0.341075826,-0.341075826,0.9663303,-0.47,0.732013441,0.135480944,-0.135480944,0.874551656
CLU-K322,CLU,0.1438,0.44087121,0.355688261,0.355688261,0.961720515,-0.47,0.732013441,0.135480944,-0.135480944,0.874551656
CLU-K346,CLU,0.048,0.96151899,0.017042134,0.017042134,1,-0.47,0.732013441,0.135480944,-0.135480944,0.874551656
CLU-K429,CLU,-0.60198,0.750100742,0.124880405,-0.124880405,1,-0.47,0.732013441,0.135480944,-0.135480944,0.874551656
CLU-K437,CLU,-1.83,0.024242424,1.615423953,-1.615423953,0.568742856,-0.47,0.732013441,0.135480944,-0.135480944,0.874551656
CLU-K57,CLU,-0.5215,0.502123657,0.299189316,-0.299189316,0.972539701,-0.47,0.732013441,0.135480944,-0.135480944,0.874551656
CLU-K62,CLU,-0.10165,0.782834169,0.106330227,-0.106330227,1,-0.47,0.732013441,0.135480944,-0.135480944,0.874551656
CLU-K78,CLU,-0.14574325,0.733266733,0.134738018,-0.134738018,1,-0.47,0.732013441,0.135480944,-0.135480944,0.874551656
CLUH-K1177,CLUH,0.143595,0.485714286,0.313619123,0.313619123,0.967568225,0.41,0.006239976,2.204817058,2.204817058,0.068467613
CLYBL-K57,CLYBL,1.242,0.052314775,1.281375637,1.281375637,0.67940945,0.285,0.233587341,0.631550697,0.631550697,0.499363378
CLYBL-K61,CLYBL,-0.0521,0.73503187,0.13369383,-0.13369383,1,0.285,0.233587341,0.631550697,0.631550697,0.499363378
CLYBL-K82,CLYBL,-0.1415,1,0,0,1,0.285,0.233587341,0.631550697,0.631550697,0.499363378
CMAS-K200,CMAS,0.08106,0.942266466,0.025826265,0.025826265,1,0.045,0.371562658,0.429967939,0.429967939,0.632578915
CMAS-K338,CMAS,-0.26395,0.328377505,0.483626601,-0.483626601,0.930954294,0.045,0.371562658,0.429967939,0.429967939,0.632578915
CMAS-K434,CMAS,-0.1369,0.841124871,0.075139525,-0.075139525,1,0.045,0.371562658,0.429967939,0.429967939,0.632578915
CMBL-K105,CMBL,0.42,0.033566434,1.4740948,1.4740948,0.614041867,0.275,3.58E-04,3.446678737,3.446678737,0.013904616
CMBL-K118,CMBL,0.50335,0.080335413,1.095092968,1.095092968,0.757639694,0.275,3.58E-04,3.446678737,3.446678737,0.013904616
CMBL-K36,CMBL,0.30515,0.257021056,0.590031296,0.590031296,0.896059652,0.275,3.58E-04,3.446678737,3.446678737,0.013904616
CMC4-K16,CMC4,-0.26075,0.247489976,0.606442387,-0.606442387,0.892241579,0.025,0.862079537,0.064452664,0.064452664,0.93983226
CMC4-K9,CMC4,0.0926,0.799553111,0.097152683,0.097152683,1,0.025,0.862079537,0.064452664,0.064452664,0.93983226
CMTR1-K108,CMTR1,0.1628,0.370558943,0.431142701,0.431142701,0.938794148,-0.005,0.31832415,0.497130412,-0.497130412,0.588506843
CMTR1-K123,CMTR1,-0.04525,0.554795044,0.255867427,-0.255867427,0.990319758,-0.005,0.31832415,0.497130412,-0.497130412,0.588506843
CMTR1-K14,CMTR1,-0.010425,0.823277707,0.084453644,-0.084453644,1,-0.005,0.31832415,0.497130412,-0.497130412,0.588506843
CNBP-K87,CNBP,0.041531,0.69125556,0.160361362,0.160361362,1,-0.05,0.409868359,0.387355607,-0.387355607,0.665966583
CNDP2-K20,CNDP2,-0.046,1,9.64E-17,-9.64E-17,1,-0.01,0.680363257,0.167259149,-0.167259149,0.846038097
CNDP2-K301,CNDP2,0.18435,0.685714286,0.163856803,0.163856803,1,-0.01,0.680363257,0.167259149,-0.167259149,0.846038097
CNDP2-K375,CNDP2,0.205,0.596153846,0.22464165,0.22464165,1,-0.01,0.680363257,0.167259149,-0.167259149,0.846038097
CNDP2-K402,CNDP2,0.4624,0.04088275,1.3884599,1.3884599,0.631716774,-0.01,0.680363257,0.167259149,-0.167259149,0.846038097
CNDP2-K450,CNDP2,-0.1914,0.723944044,0.140295,-0.140295,1,-0.01,0.680363257,0.167259149,-0.167259149,0.846038097
CNDP2-K66,CNDP2,0.1552,0.482726798,0.316298591,0.316298591,0.967568225,-0.01,0.680363257,0.167259149,-0.167259149,0.846038097
CNDP2-K91,CNDP2,-0.0235,0.967102255,0.014527604,-0.014527604,1,-0.01,0.680363257,0.167259149,-0.167259149,0.846038097
CNN1-K137,CNN1,0.0365,0.520318302,0.283730897,0.283730897,0.982124714,-0.315,0.834880913,0.078375468,-0.078375468,0.928134285
CNN1-K147,CNN1,-0.477,0.520191243,0.283836963,-0.283836963,0.982124714,-0.315,0.834880913,0.078375468,-0.078375468,0.928134285
CNN1-K156,CNN1,-0.099,0.555839287,0.255050761,-0.255050761,0.990322445,-0.315,0.834880913,0.078375468,-0.078375468,0.928134285
CNN1-K172,CNN1,-0.032,0.323336044,0.49034588,-0.49034588,0.929614984,-0.315,0.834880913,0.078375468,-0.078375468,0.928134285
CNN1-K19,CNN1,0.33275,0.885714286,0.052706351,0.052706351,1,-0.315,0.834880913,0.078375468,-0.078375468,0.928134285
CNN1-K225,CNN1,-0.1535,0.534935169,0.271698848,-0.271698848,0.984176452,-0.315,0.834880913,0.078375468,-0.078375468,0.928134285
CNN1-K25,CNN1,0.403,0.566293184,0.246958666,0.246958666,0.993833698,-0.315,0.834880913,0.078375468,-0.078375468,0.928134285
CNN1-K55,CNN1,-0.1595,0.282826298,0.548480211,-0.548480211,0.909317859,-0.315,0.834880913,0.078375468,-0.078375468,0.928134285
CNN1-K66,CNN1,-0.619736,0.221243248,0.655129974,-0.655129974,0.875622157,-0.315,0.834880913,0.078375468,-0.078375468,0.928134285
CNN1-K73,CNN1,-0.192,0.387826741,0.411362249,-0.411362249,0.950011308,-0.315,0.834880913,0.078375468,-0.078375468,0.928134285
CNN1-K93,CNN1,-0.307,0.064387419,1.191198983,-1.191198983,0.714196044,-0.315,0.834880913,0.078375468,-0.078375468,0.928134285
CNN1-K97,CNN1,-0.2905,0.278689393,0.55487956,-0.55487956,0.909244101,-0.315,0.834880913,0.078375468,-0.078375468,0.928134285
CNN2-K170,CNN2,0.4362,0.558350873,0.2530928,0.2530928,0.990772801,0.405,0.424236787,0.372391675,0.372391675,0.678044524
CNN2-K255,CNN2,0.0036,1,0,0,1,0.405,0.424236787,0.372391675,0.372391675,0.678044524
CNN3-K147,CNN3,0.9233,0.178586171,0.748152173,0.748152173,0.859405482,-0.04,0.456578761,0.340484295,-0.340484295,0.703480846
CNN3-K156,CNN3,-0.1820068,0.817908498,0.08729528,-0.08729528,1,-0.04,0.456578761,0.340484295,-0.340484295,0.703480846
CNN3-K23,CNN3,-0.0315,0.685720499,0.163852868,-0.163852868,1,-0.04,0.456578761,0.340484295,-0.340484295,0.703480846
CNOT10-K275,CNOT10,0.13305,0.485714286,0.313619123,0.313619123,0.967568225,0.15,0.02269153,1.644136213,1.644136213,0.140241421
CNP-K101,CNP,0.27181,0.129204129,0.888723607,0.888723607,0.806504592,0.145,0.107768235,0.967509229,0.967509229,0.330748745
CNP-K175,CNP,0.0097,0.957792208,0.018728701,0.018728701,1,0.145,0.107768235,0.967509229,0.967509229,0.330748745
CNP-K217,CNP,0.6029,0.315151515,0.501480601,0.501480601,0.920825313,0.145,0.107768235,0.967509229,0.967509229,0.330748745
CNRIP1-K39,CNRIP1,-0.325,0.143325453,0.843676678,-0.843676678,0.823124408,-0.415,0.011206373,1.95053492,-1.95053492,0.094779618
COA6-K110,COA6,0.23955,0.60952381,0.215009325,0.215009325,1,0.42,0.01542812,1.811686993,1.811686993,0.11277536
COASY-K583,COASY,-0.329445,0.316483516,0.499648905,-0.499648905,0.920825313,0.27,0.001568279,2.80457657,2.80457657,0.031784154
COG1-K666,COG1,0.43385,0.194570136,0.710923818,0.710923818,0.859405482,-0.09,0.846505428,0.072370253,-0.072370253,0.933550004
COG2-K378,COG2,0.01375,0.669066228,0.174530891,0.174530891,1,0.155,0.061995083,1.207642752,1.207642752,0.243419013
COG4-K603,COG4,-0.0442,0.404628222,0.392943829,-0.392943829,0.956240488,-0.005,0.909097449,0.041389561,-0.041389561,0.962039408
COL14A1-K1027,COL14A1,-0.724085,0.035787079,1.446273745,-1.446273745,0.61764214,-0.595,0.005789289,2.237374744,-2.237374744,0.065768367
COL14A1-K1086,COL14A1,-0.7139,0.030769392,1.511881081,-1.511881081,0.593457358,-0.595,0.005789289,2.237374744,-2.237374744,0.065768367
COL14A1-K1091,COL14A1,-0.779,0.266607884,0.574127012,-0.574127012,0.901712833,-0.595,0.005789289,2.237374744,-2.237374744,0.065768367
COL14A1-K1152,COL14A1,-0.352,0.342860007,0.46488317,-0.46488317,0.930954294,-0.595,0.005789289,2.237374744,-2.237374744,0.065768367
COL14A1-K56,COL14A1,0.181,0.389595212,0.409386389,0.409386389,0.951850374,-0.595,0.005789289,2.237374744,-2.237374744,0.065768367
COL14A1-K754,COL14A1,-0.2875,0.380915524,0.419171327,-0.419171327,0.945619083,-0.595,0.005789289,2.237374744,-2.237374744,0.065768367
COL14A1-K857,COL14A1,-0.442,0.427427516,0.369137524,-0.369137524,0.961720515,-0.595,0.005789289,2.237374744,-2.237374744,0.065768367
COL14A1-K984,COL14A1,-0.2215,0.343841696,0.46364146,-0.46364146,0.93205138,-0.595,0.005789289,2.237374744,-2.237374744,0.065768367
COL15A1-K1239,COL15A1,-0.097,0.205016906,0.688210325,-0.688210325,0.865453,-0.41,0.292723423,0.533542525,-0.533542525,0.563307385
COL1A2-K510,COL1A2,-0.193,0.416198932,0.380699039,-0.380699039,0.960185438,0.06,0.746993261,0.126683316,0.126683316,0.882967121
COL4A3BP-K201,COL4A3BP,0.2764,0.213363104,0.670880679,0.670880679,0.872600387,0.305,0.102475102,0.989381642,0.989381642,0.321042589
COL6A1-K121,COL6A1,-0.114,0.685010642,0.164302682,-0.164302682,1,-0.245,0.051114366,1.291457022,-1.291457022,0.219058562
COL6A1-K134,COL6A1,0.078365,0.601547988,0.220729722,0.220729722,1,-0.245,0.051114366,1.291457022,-1.291457022,0.219058562
COL6A1-K148,COL6A1,0.1135,1,0,0,1,-0.245,0.051114366,1.291457022,-1.291457022,0.219058562
COL6A2-K1000,COL6A2,-0.3615,0.122572173,0.911608115,-0.911608115,0.798193585,-0.635,0.038954155,1.409446213,-1.409446213,0.189231327
COL6A2-K197,COL6A2,-0.577,0.13936525,0.855845501,-0.855845501,0.816505519,-0.635,0.038954155,1.409446213,-1.409446213,0.189231327
COL6A2-K609,COL6A2,0.474,0.979369641,0.009053363,0.009053363,1,-0.635,0.038954155,1.409446213,-1.409446213,0.189231327
COL6A3-K1156,COL6A3,-0.3088,0.437562438,0.358959967,-0.358959967,0.961720515,0.03,0.717116103,0.144410525,0.144410525,0.865792125
COL6A3-K1530,COL6A3,0.085385,0.729172336,0.137169817,0.137169817,1,0.03,0.717116103,0.144410525,0.144410525,0.865792125
COL6A3-K1856,COL6A3,0.147,1,0,0,1,0.03,0.717116103,0.144410525,0.144410525,0.865792125
COL6A3-K1936,COL6A3,0.186,0.190250926,0.720673222,0.720673222,0.859405482,0.03,0.717116103,0.144410525,0.144410525,0.865792125
COL6A3-K470,COL6A3,-0.641,0.598901099,0.22264489,-0.22264489,1,0.03,0.717116103,0.144410525,0.144410525,0.865792125
COL6A3-K869,COL6A3,-0.1087,0.441433343,0.355134866,-0.355134866,0.961720515,0.03,0.717116103,0.144410525,0.144410525,0.865792125
COMMD4-K119,COMMD4,-0.03115,0.929235981,0.031873982,-0.031873982,1,0.25,0.008642203,2.063375537,2.063375537,0.081821393
COPA-K1091,COPA,0.071,0.871583368,0.059691066,0.059691066,1,0.175,0.175355023,0.756081788,0.756081788,0.42786796
COPA-K271,COPA,0.1015,0.529038455,0.276512758,0.276512758,0.983260561,0.175,0.175355023,0.756081788,0.756081788,0.42786796
COPA-K411,COPA,0.9147,0.384456617,0.41515266,0.41515266,0.9476637,0.175,0.175355023,0.756081788,0.756081788,0.42786796
COPA-K441,COPA,-0.1678,0.797202797,0.098431186,-0.098431186,1,0.175,0.175355023,0.756081788,0.756081788,0.42786796
COPA-K46,COPA,-0.067625,0.937229437,0.028154079,-0.028154079,1,0.175,0.175355023,0.756081788,0.756081788,0.42786796
COPA-K526,COPA,0.4258,0.173436041,0.760860648,0.760860648,0.859405482,0.175,0.175355023,0.756081788,0.756081788,0.42786796
COPA-K607,COPA,-0.1884,0.638473654,0.194857018,-0.194857018,1,0.175,0.175355023,0.756081788,0.756081788,0.42786796
COPA-K74,COPA,0.075,0.672974085,0.17200166,0.17200166,1,0.175,0.175355023,0.756081788,0.756081788,0.42786796
COPA-K8,COPA,0.0411,0.885714286,0.052706351,0.052706351,1,0.175,0.175355023,0.756081788,0.756081788,0.42786796
COPA-K965,COPA,-0.2572,0.302540937,0.519215852,-0.519215852,0.92074254,0.175,0.175355023,0.756081788,0.756081788,0.42786796
COPB1-K712,COPB1,-0.01994,0.77032967,0.113323374,-0.113323374,1,0.175,0.034463883,1.462635799,1.462635799,0.176337028
COPB2-K199,COPB2,0.1295855,0.75168244,0.123965595,0.123965595,1,0.03,0.44166939,0.354902698,0.354902698,0.691861559
COPG1-K217,COPG1,0.2435,0.171669876,0.765305907,0.765305907,0.858569025,0.045,0.571479798,0.242999117,0.242999117,0.777821261
COPS5-K53,COPS5,0.1073,1,0,0,1,0.02,0.877700935,0.056653439,0.056653439,0.947457486
COPS7A-K269,COPS7A,-0.0779,0.506906185,0.29507241,-0.29507241,0.973848235,0.025,0.99207859,0.003453923,0.003453923,0.997690119
COQ9-K175,COQ9,0.241,0.685714286,0.163856803,0.163856803,1,0.325,0.00205389,2.687422816,2.687422816,0.037031477
CORO1B-K21,CORO1B,-0.159795,0.904761905,0.043465694,-0.043465694,1,0.145,0.173797248,0.759957105,0.759957105,0.425500126
CORO1C-K265,CORO1C,-0.052,0.937229437,0.028154079,-0.028154079,1,0.08,0.231596076,0.635268802,0.635268802,0.497292831
CORO1C-K267,CORO1C,-0.901,0.104716473,0.979984994,-0.979984994,0.776434795,0.08,0.231596076,0.635268802,0.635268802,0.497292831
CORO1C-K382,CORO1C,0.1402,0.73015873,0.136582718,0.136582718,1,0.08,0.231596076,0.635268802,0.635268802,0.497292831
CORO1C-K466,CORO1C,-0.4695,0.172699825,0.762708102,-0.762708102,0.859405482,0.08,0.231596076,0.635268802,0.635268802,0.497292831
CORO1C-K471,CORO1C,-0.087,0.978448926,0.009461839,-0.009461839,1,0.08,0.231596076,0.635268802,0.635268802,0.497292831
CORO1C-K72,CORO1C,-0.244,0.561769169,0.2504421,-0.2504421,0.991315092,0.08,0.231596076,0.635268802,0.635268802,0.497292831
COTL1-K72,COTL1,0.0245,0.543326475,0.264939133,0.264939133,0.9871545,-0.04,0.7282699,0.137707639,-0.137707639,0.871987715
COTL1-K98,COTL1,0.007,0.472089676,0.325975497,0.325975497,0.967568225,-0.04,0.7282699,0.137707639,-0.137707639,0.871987715
COX17-K21,COX17,0.091,0.854803923,0.068133493,0.068133493,1,0.05,0.885539741,0.052791944,0.052791944,0.951013655
COX17-K30,COX17,0.245,0.630228369,0.200502052,0.200502052,1,0.05,0.885539741,0.052791944,0.052791944,0.951013655
COX4I1-K60,COX4I1,-0.26325,0.126224395,0.898856704,-0.898856704,0.803121306,0.205,0.025839294,1.587719358,1.587719358,0.151027338
COX4I1-K67,COX4I1,-0.071225,0.992080419,0.003453122,-0.003453122,1,0.205,0.025839294,1.587719358,1.587719358,0.151027338
COX4I1-K78,COX4I1,-0.2875,0.73015873,0.136582718,-0.136582718,1,0.205,0.025839294,1.587719358,1.587719358,0.151027338
COX4I1-K87,COX4I1,-0.07722,0.995078326,0.002142733,-0.002142733,1,0.205,0.025839294,1.587719358,1.587719358,0.151027338
COX5B-K121,COX5B,-0.01655,0.554797121,0.255865801,-0.255865801,0.990319758,0.23,0.059280633,1.227087169,1.227087169,0.236871884
COX5B-K56,COX5B,-0.19835,0.207594688,0.682783764,-0.682783764,0.868274686,0.23,0.059280633,1.227087169,1.227087169,0.236871884
COX5B-K86,COX5B,0.05726,0.445317584,0.351330156,0.351330156,0.961720515,0.23,0.059280633,1.227087169,1.227087169,0.236871884
COX7A2-K65,COX7A2,-0.364,0.18617717,0.730073575,-0.730073575,0.859405482,0.345,0.017195529,1.764584467,1.764584467,0.12011625
COX7C-K25,COX7C,-1.373,0.109090909,0.962211439,-0.962211439,0.776434795,0.155,0.047659631,1.321849324,1.321849324,0.211575962
CP-K104,CP,-0.0745,1,0,0,1,0.35,0.713421008,0.146654106,0.146654106,0.86374531
CP-K363,CP,-0.151,0.486716675,0.312723774,-0.312723774,0.968190938,0.35,0.713421008,0.146654106,0.146654106,0.86374531
CP-K712,CP,-0.26783,0.587565303,0.230943858,-0.230943858,1,0.35,0.713421008,0.146654106,0.146654106,0.86374531
CPNE1-K140,CPNE1,-0.6717,0.020346254,1.691515545,-1.691515545,0.550225095,-0.095,0.746971458,0.126695992,-0.126695992,0.882967121
CPNE1-K176,CPNE1,-0.0548,0.496553121,0.304034284,-0.304034284,0.969924879,-0.095,0.746971458,0.126695992,-0.126695992,0.882967121
CPNE3-K136,CPNE3,-0.1351,0.573856209,0.241196915,-0.241196915,0.994730291,-0.145,0.131293753,0.881755937,-0.881755937,0.368730369
CPNE3-K253,CPNE3,-0.025993,0.542392728,0.265686142,-0.265686142,0.986654267,-0.145,0.131293753,0.881755937,-0.881755937,0.368730369
CPSF2-K680,CPSF2,-0.02305,0.493672003,0.306561502,-0.306561502,0.969644025,0.12,0.041302912,1.384019325,1.384019325,0.195685892
CPSF4-K251,CPSF4,-0.5131,0.342857143,0.464886798,-0.464886798,0.930954294,0.125,0.11791978,0.928413339,0.928413339,0.347749082
CPSF6-K185,CPSF6,0.2076,0.406392832,0.391053961,0.391053961,0.956240488,0.025,0.602239412,0.220230827,0.220230827,0.798302747
CPSF6-K79,CPSF6,0.014315,0.436687768,0.359828973,0.359828973,0.961720515,0.025,0.602239412,0.220230827,0.220230827,0.798302747
CPT2-K305,CPT2,-0.013,0.89536212,0.048001283,-0.048001283,1,0.26,0.00245933,2.609183179,2.609183179,0.041316745
CPT2-K544,CPT2,0.4635,0.439795668,0.356749052,0.356749052,0.961720515,0.26,0.00245933,2.609183179,2.609183179,0.041316745
CPT2-K69,CPT2,-0.10395,0.316323065,0.49986914,-0.49986914,0.920825313,0.26,0.00245933,2.609183179,2.609183179,0.041316745
CPT2-K85,CPT2,0.0036365,0.841124871,0.075139525,0.075139525,1,0.26,0.00245933,2.609183179,2.609183179,0.041316745
CRAT-K269,CRAT,0.004,0.68474482,0.164471245,0.164471245,1,-0.04,0.398809699,0.399234288,-0.399234288,0.656237257
CREBBP-K1014,CREBBP,0.31515,0.400429136,0.39747433,0.39747433,0.956240488,-0.065,0.490200312,0.309626416,-0.309626416,0.72948303
CREBBP-K1042,CREBBP,-0.1017,0.715045421,0.14566637,-0.14566637,1,-0.065,0.490200312,0.309626416,-0.309626416,0.72948303
CREBBP-K1216,CREBBP,-0.0128,0.909121199,0.041378215,-0.041378215,1,-0.065,0.490200312,0.309626416,-0.309626416,0.72948303
CREBBP-K1239,CREBBP,-0.3745,0.34557226,0.461461127,-0.461461127,0.933847322,-0.065,0.490200312,0.309626416,-0.309626416,0.72948303
CREBBP-K1376,CREBBP,0.1974,0.076223302,1.117912244,1.117912244,0.739803268,-0.065,0.490200312,0.309626416,-0.309626416,0.72948303
CREBBP-K1583,CREBBP,0.0405325,0.52526103,0.279624819,0.279624819,0.982788878,-0.065,0.490200312,0.309626416,-0.309626416,0.72948303
CREBBP-K1586,CREBBP,-0.008781,0.369024535,0.432944758,-0.432944758,0.938794148,-0.065,0.490200312,0.309626416,-0.309626416,0.72948303
CREBBP-K1587,CREBBP,0.03875,0.398824548,0.399218118,0.399218118,0.956240488,-0.065,0.490200312,0.309626416,-0.309626416,0.72948303
CREBBP-K1588,CREBBP,-0.05717,0.568179007,0.245514817,-0.245514817,0.993833698,-0.065,0.490200312,0.309626416,-0.309626416,0.72948303
CREBBP-K1591,CREBBP,-0.1255,0.465666058,0.331925416,-0.331925416,0.967568225,-0.065,0.490200312,0.309626416,-0.309626416,0.72948303
CREBBP-K1592,CREBBP,-0.1148075,0.214698598,0.668170792,-0.668170792,0.874300916,-0.065,0.490200312,0.309626416,-0.309626416,0.72948303
CREBBP-K1595,CREBBP,-0.102395,0.198651786,0.701907526,-0.701907526,0.859405482,-0.065,0.490200312,0.309626416,-0.309626416,0.72948303
CREBBP-K1597,CREBBP,-0.1552,0.053535683,1.271356649,-1.271356649,0.67940945,-0.065,0.490200312,0.309626416,-0.309626416,0.72948303
CREBBP-K1620,CREBBP,-0.0561,0.755696077,0.121652832,-0.121652832,1,-0.065,0.490200312,0.309626416,-0.309626416,0.72948303
CREBBP-K1741,CREBBP,-0.10825,0.067795614,1.168798404,-1.168798404,0.723084523,-0.065,0.490200312,0.309626416,-0.309626416,0.72948303
CREBBP-K1744,CREBBP,-0.0482,0.541569084,0.266346136,-0.266346136,0.986280811,-0.065,0.490200312,0.309626416,-0.309626416,0.72948303
CREBBP-K1762,CREBBP,-0.03745,0.424273258,0.372354341,-0.372354341,0.961720515,-0.065,0.490200312,0.309626416,-0.309626416,0.72948303
CREBBP-K1837,CREBBP,0.0854,0.758307528,0.120154633,0.120154633,1,-0.065,0.490200312,0.309626416,-0.309626416,0.72948303
CREBBP-K1937,CREBBP,-0.22895,0.469610924,0.328261809,-0.328261809,0.967568225,-0.065,0.490200312,0.309626416,-0.309626416,0.72948303
CREBBP-K434,CREBBP,0.018015,0.767356999,0.115002541,0.115002541,1,-0.065,0.490200312,0.309626416,-0.309626416,0.72948303
CREBL2-K10,CREBL2,-0.0215,0.743326453,0.128820411,-0.128820411,1,-0.24,0.035322557,1.451947871,-1.451947871,0.179064606
CREBL2-K112,CREBL2,-0.2267,0.639482339,0.194171445,-0.194171445,1,-0.24,0.035322557,1.451947871,-1.451947871,0.179064606
CREBRF-K175,CREBRF,-0.1615,0.49632702,0.304232081,-0.304232081,0.969924879,-0.44,0.004888603,2.31081519,-2.31081519,0.060251105
CREBRF-K272,CREBRF,-0.153,0.877092339,0.056954682,-0.056954682,1,-0.44,0.004888603,2.31081519,-2.31081519,0.060251105
CREBZF-K208,CREBZF,0.43295,0.316483516,0.499648905,0.499648905,0.920825313,-0.08,0.988119002,0.005190749,-0.005190749,0.995960893
CRIP1-K22,CRIP1,0.4125,0.098738503,1.005513463,1.005513463,0.776434795,0.45,0.121499253,0.915426393,0.915426393,0.353221102
CRIP1-K30,CRIP1,-0.058,0.690805775,0.160644041,-0.160644041,1,0.45,0.121499253,0.915426393,0.915426393,0.353221102
CRIP1-K36,CRIP1,-0.4505,0.927272727,0.032792513,-0.032792513,1,0.45,0.121499253,0.915426393,0.915426393,0.353221102
CRIP1-K77,CRIP1,0.66,0.074599504,1.127264059,1.127264059,0.735568256,0.45,0.121499253,0.915426393,0.915426393,0.353221102
CRIP2-K105,CRIP2,-0.01285,0.969851098,0.013294938,-0.013294938,1,0.42,0.151459338,0.819703946,0.819703946,0.394709756
CRIP2-K129,CRIP2,-0.147,0.577004244,0.238820993,-0.238820993,0.997392855,0.42,0.151459338,0.819703946,0.819703946,0.394709756
CRIP2-K153,CRIP2,-0.09,0.753113553,0.123139537,-0.123139537,1,0.42,0.151459338,0.819703946,0.819703946,0.394709756
CRIP2-K212,CRIP2,0.24219,0.074841409,1.125858046,1.125858046,0.735568256,0.42,0.151459338,0.819703946,0.819703946,0.394709756
CRIP2-K218,CRIP2,0.176405,0.174342909,0.758595711,0.758595711,0.859405482,0.42,0.151459338,0.819703946,0.819703946,0.394709756
CRIP2-K279,CRIP2,-0.1155,0.814616064,0.08904703,-0.08904703,1,0.42,0.151459338,0.819703946,0.819703946,0.394709756
CRIP2-K97,CRIP2,0.402,0.333153228,0.477355975,0.477355975,0.930954294,0.42,0.151459338,0.819703946,0.819703946,0.394709756
CRIPT-K5,CRIPT,-0.0886,0.459357866,0.337848843,-0.337848843,0.967568225,-0.31,2.69E-04,3.570525618,-3.570525618,0.011692082
CRIPT-K88,CRIPT,0.0097,0.878910275,0.056055458,0.056055458,1,-0.31,2.69E-04,3.570525618,-3.570525618,0.011692082
CROCC2-K1160,CROCC2,-1.16,0.131726375,0.88032726,-0.88032726,0.808568104,-0.64,0.181856836,0.740270368,-0.740270368,0.43605059
CROT-K523,CROT,0.5185,0.081252081,1.090165506,1.090165506,0.757639694,-0.495,1.38E-04,3.860743931,-3.860743931,0.008054247
CROT-K97,CROT,0.3993,0.057142857,1.243038049,1.243038049,0.68202138,-0.495,1.38E-04,3.860743931,-3.860743931,0.008054247
CRYL1-K54,CRYL1,0.34095,0.648484848,0.188100167,0.188100167,1,0.16,0.578303715,0.237844018,0.237844018,0.78235592
CRYZ-K175,CRYZ,-0.2586,0.054183525,1.266132745,-1.266132745,0.681083496,-0.31,0.325730333,0.487141797,-0.487141797,0.595978715
CRYZ-K187,CRYZ,-0.1668,0.5580709,0.253310623,-0.253310623,0.990772801,-0.31,0.325730333,0.487141797,-0.487141797,0.595978715
CRYZ-K208,CRYZ,-0.25325,0.074800274,1.12609681,-1.12609681,0.735568256,-0.31,0.325730333,0.487141797,-0.487141797,0.595978715
CRYZ-K23,CRYZ,-0.13285,0.537520816,0.269604713,-0.269604713,0.985226023,-0.31,0.325730333,0.487141797,-0.487141797,0.595978715
CRYZ-K41,CRYZ,-0.775,0.18981019,0.721680477,-0.721680477,0.859405482,-0.31,0.325730333,0.487141797,-0.487141797,0.595978715
CRYZ-K88,CRYZ,0.048604,0.635364635,0.196976962,0.196976962,1,-0.31,0.325730333,0.487141797,-0.487141797,0.595978715
CS-K103,CS,-0.03812705,0.50589925,0.295935965,-0.295935965,0.973031198,0.16,0.112186478,0.950059484,0.950059484,0.338258033
CS-K321,CS,-0.9655,0.003594917,2.444311099,-2.444311099,0.367610195,0.16,0.112186478,0.950059484,0.950059484,0.338258033
CS-K327,CS,-0.013,0.933483344,0.029893426,-0.029893426,1,0.16,0.112186478,0.950059484,0.950059484,0.338258033
CS-K382,CS,-0.2041,1,0,0,1,0.16,0.112186478,0.950059484,0.950059484,0.338258033
CS-K459,CS,0.1543,0.233571265,0.631580588,0.631580588,0.879057947,0.16,0.112186478,0.950059484,0.950059484,0.338258033
CS-K76,CS,-0.00685,0.626706001,0.202936147,-0.202936147,1,0.16,0.112186478,0.950059484,0.950059484,0.338258033
CSE1L-K158,CSE1L,0.15,0.737348615,0.132327131,0.132327131,1,0.275,0.005277346,2.277584392,2.277584392,0.062555609
CSK-K67,CSK,0.0366255,1,0,0,1,0.115,0.141749095,0.848479705,0.848479705,0.380681283
CSRP1-K108,CSRP1,-0.05855,0.493581154,0.306641431,-0.306641431,0.969644025,-0.225,0.264108746,0.578217217,-0.578217217,0.534056253
CSRP1-K112,CSRP1,-0.121,0.255739065,0.592202927,-0.592202927,0.896059652,-0.225,0.264108746,0.578217217,-0.578217217,0.534056253
CSRP1-K131,CSRP1,-0.146275,0.049375405,1.306489332,-1.306489332,0.672777736,-0.225,0.264108746,0.578217217,-0.578217217,0.534056253
CSRP1-K137,CSRP1,-0.034,0.881611653,0.054722678,-0.054722678,1,-0.225,0.264108746,0.578217217,-0.578217217,0.534056253
CSRP1-K141,CSRP1,-0.1518,0.11034546,0.957245531,-0.957245531,0.776434795,-0.225,0.264108746,0.578217217,-0.578217217,0.534056253
CSRP1-K15,CSRP1,-0.5797335,0.063671622,1.196054083,-1.196054083,0.71154052,-0.225,0.264108746,0.578217217,-0.578217217,0.534056253
CSRP1-K161,CSRP1,-0.0805,0.266265009,0.574685903,-0.574685903,0.901379765,-0.225,0.264108746,0.578217217,-0.578217217,0.534056253
CSRP1-K168,CSRP1,-0.0792,0.272726826,0.564272142,-0.564272142,0.902857656,-0.225,0.264108746,0.578217217,-0.578217217,0.534056253
CSRP1-K41,CSRP1,0.064575,0.824601843,0.083755699,0.083755699,1,-0.225,0.264108746,0.578217217,-0.578217217,0.534056253
CSRP1-K59,CSRP1,0.239265,0.12479243,0.903811759,0.903811759,0.79922227,-0.225,0.264108746,0.578217217,-0.578217217,0.534056253
CSRP1-K8,CSRP1,-0.2035,0.205267895,0.687678972,-0.687678972,0.865727215,-0.225,0.264108746,0.578217217,-0.578217217,0.534056253
CSRP1-K84,CSRP1,0.039,0.8078637,0.092661906,0.092661906,1,-0.225,0.264108746,0.578217217,-0.578217217,0.534056253
CSRP1-K9,CSRP1,-0.393,0.397007224,0.401201591,-0.401201591,0.956240488,-0.225,0.264108746,0.578217217,-0.578217217,0.534056253
CSRP2-K118,CSRP2,-0.13297,0.757301342,0.120731274,-0.120731274,1,-0.315,0.018150462,1.741112325,-1.741112325,0.124040269
CSRP3-K169,CSRP3,-0.062,0.566390992,0.246883663,-0.246883663,0.993833698,0.525,0.415698832,0.381221196,0.381221196,0.670457022
CSTB-K30,CSTB,-0.071,0.735744329,0.133273077,-0.133273077,1,0.245,0.412822291,0.38423686,0.38423686,0.668279903
CSTB-K39,CSTB,0.177,0.174318918,0.758655478,0.758655478,0.859405482,0.245,0.412822291,0.38423686,0.38423686,0.668279903
CSTB-K78,CSTB,-0.315,0.106635385,0.972098659,-0.972098659,0.776434795,0.245,0.412822291,0.38423686,0.38423686,0.668279903
CSTB-K91,CSTB,-0.0426,0.759795543,0.119303258,-0.119303258,1,0.245,0.412822291,0.38423686,0.38423686,0.668279903
CSTF3-K114,CSTF3,-0.1657,0.823755656,0.08420159,-0.08420159,1,0.25,0.006326175,2.198858802,2.198858802,0.068929789
CT45A1-K140,CT45A1,-0.9435,0.157159636,0.803658987,-0.803658987,0.842963497,0,0.841695558,0.074844965,0,0.931897251
CT45A10-K132,CT45A10,0.5165,1,0,0,1,0,0.452192945,0.344676218,0,0.701132653
CTDP1-K780,CTDP1,0.0885,0.181863715,0.740253942,0.740253942,0.859405482,0.085,0.398742864,0.399307076,0.399307076,0.656237257
CTDSPL2-K26,CTDSPL2,0.10776,0.280103376,0.552681656,0.552681656,0.909317859,0.28,0.020170716,1.695278681,1.695278681,0.131044438
CTDSPL2-K53,CTDSPL2,-0.1153,0.906310775,0.042722857,-0.042722857,1,0.28,0.020170716,1.695278681,1.695278681,0.131044438
CTDSPL2-K92,CTDSPL2,-0.3151,0.06744463,1.171052626,-1.171052626,0.723084523,0.28,0.020170716,1.695278681,1.695278681,0.131044438
CTNNA1-K120,CTNNA1,-0.1305,0.595850709,0.224862539,-0.224862539,1,-0.01,0.393250089,0.405331171,-0.405331171,0.651336122
CTNNA1-K181,CTNNA1,-0.049,0.885714286,0.052706351,-0.052706351,1,-0.01,0.393250089,0.405331171,-0.405331171,0.651336122
CTNNA1-K186,CTNNA1,0.07455,0.310072769,0.508536373,0.508536373,0.920825313,-0.01,0.393250089,0.405331171,-0.405331171,0.651336122
CTNNA1-K193,CTNNA1,0.207425,0.130817591,0.883333852,0.883333852,0.808568104,-0.01,0.393250089,0.405331171,-0.405331171,0.651336122
CTNNA1-K533,CTNNA1,0.42108,0.102456367,0.989461047,0.989461047,0.776434795,-0.01,0.393250089,0.405331171,-0.405331171,0.651336122
CTNNA1-K842,CTNNA1,0.131,0.511717645,0.290969608,0.290969608,0.977738751,-0.01,0.393250089,0.405331171,-0.405331171,0.651336122
CTNNB1-K666,CTNNB1,-0.07095,0.781314015,0.107174385,-0.107174385,1,-0.16,0.020719393,1.683622976,-1.683622976,0.133119758
CTNNB1-K671,CTNNB1,0.01,0.457695601,0.339423262,0.339423262,0.967123605,-0.16,0.020719393,1.683622976,-1.683622976,0.133119758
CTNND1-K146,CTNND1,-0.09315,0.485714286,0.313619123,-0.313619123,0.967568225,0.005,0.612601378,0.21282203,0.21282203,0.804282081
CTNND1-K433,CTNND1,-0.1928,0.350696594,0.455068451,-0.455068451,0.935291689,0.005,0.612601378,0.21282203,0.21282203,0.804282081
CTNND1-K517,CTNND1,0.2595,0.835404765,0.078103052,0.078103052,1,0.005,0.612601378,0.21282203,0.21282203,0.804282081
CTPS2-K353,CTPS2,0.20285,0.622180451,0.206083639,0.206083639,1,0.015,0.788674175,0.10310238,0.10310238,0.904396453
CTSB-K209,CTSB,-0.061095,0.661906145,0.179203587,-0.179203587,1,-0.05,0.5155718,0.287710845,-0.287710845,0.749457971
CTSB-K220,CTSB,-0.0175,0.401616732,0.396188202,-0.396188202,0.956240488,-0.05,0.5155718,0.287710845,-0.287710845,0.749457971
CTSB-K223,CTSB,0.52825,0.730769231,0.136219747,0.136219747,1,-0.05,0.5155718,0.287710845,-0.287710845,0.749457971
CTSB-K237,CTSB,0.1728,0.588028896,0.230601332,0.230601332,1,-0.05,0.5155718,0.287710845,-0.287710845,0.749457971
CTSB-K245,CTSB,-1.0416,0.171428571,0.765916794,-0.765916794,0.858569025,-0.05,0.5155718,0.287710845,-0.287710845,0.749457971
CTSB-K97,CTSB,0.131,0.264832748,0.577028313,0.577028313,0.899293861,-0.05,0.5155718,0.287710845,-0.287710845,0.749457971
CTSD-K127,CTSD,0.0117,0.885714286,0.052706351,0.052706351,1,0.055,0.525224072,0.279655378,0.279655378,0.750517953
CTSH-K291,CTSH,-0.2294,0.114285714,0.942008053,-0.942008053,0.776434795,-0.645,0.008280573,2.081939623,-2.081939623,0.079398912
CTSZ-K177,CTSZ,-0.64325,0.00105353,2.977353044,-2.977353044,0.263676789,-0.01,0.382342694,0.417547204,-0.417547204,0.641667205
CTTN-K124,CTTN,0.0494,0.81380323,0.089480591,0.089480591,1,-0.07,0.184891576,0.733082875,-0.733082875,0.439332381
CTTN-K144,CTTN,-0.104,0.693004487,0.159263954,-0.159263954,1,-0.07,0.184891576,0.733082875,-0.733082875,0.439332381
CTTN-K161,CTTN,-0.1135,0.422107304,0.374577132,-0.374577132,0.961720515,-0.07,0.184891576,0.733082875,-0.733082875,0.439332381
CTTN-K198,CTTN,-0.0072,0.580160483,0.236451856,-0.236451856,1,-0.07,0.184891576,0.733082875,-0.733082875,0.439332381
CTTN-K235,CTTN,-0.128145,0.604649115,0.218496579,-0.218496579,1,-0.07,0.184891576,0.733082875,-0.733082875,0.439332381
CTTN-K272,CTTN,-0.1166,0.974451238,0.011239888,-0.011239888,1,-0.07,0.184891576,0.733082875,-0.733082875,0.439332381
CTTN-K277,CTTN,-0.52665,0.2,0.698970004,-0.698970004,0.859405482,-0.07,0.184891576,0.733082875,-0.733082875,0.439332381
CTTN-K87,CTTN,-0.3364,0.044430941,1.352314493,-1.352314493,0.64292029,-0.07,0.184891576,0.733082875,-0.733082875,0.439332381
CUL1-K39,CUL1,0.3653,0.631430504,0.199674441,0.199674441,1,-0.1,0.274769174,0.561031992,-0.561031992,0.544888239
CUL1-K90,CUL1,0.00995,0.885714286,0.052706351,0.052706351,1,-0.1,0.274769174,0.561031992,-0.561031992,0.544888239
CUL2-K627,CUL2,0.13969,0.821203564,0.085549174,0.085549174,1,0.075,0.873781129,0.058597339,0.058597339,0.945691985
CUL3-K465,CUL3,0.025115,0.156267116,0.806132404,0.806132404,0.842963497,0.135,0.239313139,0.621033457,0.621033457,0.507294064
CUL4B-K190,CUL4B,-0.16245,0.069697077,1.156785438,-1.156785438,0.735103698,-0.085,0.185073828,0.732654993,-0.732654993,0.439332381
CUL4B-K55,CUL4B,-0.2215,0.033566034,1.47409997,-1.47409997,0.614041867,-0.085,0.185073828,0.732654993,-0.732654993,0.439332381
CUTC-K254,CUTC,0.0655,0.762883616,0.117541712,0.117541712,1,-0.05,0.585027771,0.232823518,-0.232823518,0.787106408
CWC22-K149,CWC22,-0.11285,0.292617374,0.533699891,-0.533699891,0.914776293,0.02,0.972282952,0.012207329,0.012207329,0.988929518
CWC22-K658,CWC22,-0.4703,0.121918528,0.91393029,-0.91393029,0.798193585,0.02,0.972282952,0.012207329,0.012207329,0.988929518
CWF19L1-K174,CWF19L1,-0.3284,0.762174923,0.117945345,-0.117945345,1,0.145,0.097342663,1.011696776,1.011696776,0.312947693
CXXC1-K250,CXXC1,0.13715,0.874791677,0.058095358,0.058095358,1,0.06,0.004955756,2.304890062,2.304890062,0.060755438
CYB5A-K19,CYB5A,0.2295,0.09742368,1.011335471,1.011335471,0.776434795,0.225,0.025518305,1.593148182,1.593148182,0.150151729
CYB5R1-K124,CYB5R1,-0.20715,0.453507868,0.343415174,-0.343415174,0.966193174,-0.355,0.004889502,2.310735363,-2.310735363,0.060251105
CYB5R1-K167,CYB5R1,-0.246,0.073193485,1.135527572,-1.135527572,0.735103698,-0.355,0.004889502,2.310735363,-2.310735363,0.060251105
CYB5R1-K300,CYB5R1,-0.224249,0.962566845,0.016569101,-0.016569101,1,-0.355,0.004889502,2.310735363,-2.310735363,0.060251105
CYB5R3-K153,CYB5R3,-0.1709,0.141582528,0.848990336,-0.848990336,0.820443268,0.035,0.683965804,0.164965611,0.164965611,0.848351327
CYB5R3-K196,CYB5R3,-0.6119,0.435120435,0.36139052,-0.36139052,0.961720515,0.035,0.683965804,0.164965611,0.164965611,0.848351327
CYB5R3-K75,CYB5R3,0.06375,0.555555556,0.255272505,0.255272505,0.990319758,0.035,0.683965804,0.164965611,0.164965611,0.848351327
CYC1-K318,CYC1,-0.003,0.711318244,0.147936053,-0.147936053,1,0.355,0.00473972,2.324247338,2.324247338,0.059386083
CYCS-K100,CYCS,0.17975,0.202539939,0.693489326,0.693489326,0.860537653,0.3,0.038938767,1.409617805,1.409617805,0.189231327
CYCS-K54,CYCS,0.2475,0.918056668,0.037130511,0.037130511,1,0.3,0.038938767,1.409617805,1.409617805,0.189231327
CYCS-K73,CYCS,0.04,0.500422411,0.300663249,0.300663249,0.971766598,0.3,0.038938767,1.409617805,1.409617805,0.189231327
CYCS-K74,CYCS,0.3983,0.092920226,1.031889743,1.031889743,0.776434795,0.3,0.038938767,1.409617805,1.409617805,0.189231327
CYCS-K87,CYCS,0.1177,0.632782734,0.198745379,0.198745379,1,0.3,0.038938767,1.409617805,1.409617805,0.189231327
CYFIP1-K1222,CYFIP1,-0.15755,0.862042936,0.064471103,-0.064471103,1,0.06,0.673053588,0.171950356,0.171950356,0.84143029
D2HGDH-K101,D2HGDH,0.6004,0.08657618,1.062601581,1.062601581,0.773861515,0.005,0.796324419,0.098909967,0.098909967,0.908718365
DAP-K20,DAP,-0.1805,1,0,0,1,0.04,0.374285844,0.426796599,0.426796599,0.634233395
DAP-K29,DAP,0.0175,0.964372401,0.015755227,0.015755227,1,0.04,0.374285844,0.426796599,0.426796599,0.634233395
DAP3-K175,DAP3,0.10035,0.608675172,0.215614413,0.215614413,1,0.165,0.136431798,0.865084399,0.865084399,0.372329235
DAP3-K212,DAP3,0.4925,0.052383924,1.28080197,1.28080197,0.67940945,0.165,0.136431798,0.865084399,0.865084399,0.372329235
DAP3-K218,DAP3,-0.16335,0.927272727,0.032792513,-0.032792513,1,0.165,0.136431798,0.865084399,0.865084399,0.372329235
DARS-K103,DARS,-0.1461,0.550949997,0.258887815,-0.258887815,0.990319758,-0.035,0.655067973,0.183713633,-0.183713633,0.830040277
DARS-K126,DARS,0.03245,0.861666514,0.064660784,0.064660784,1,-0.035,0.655067973,0.183713633,-0.183713633,0.830040277
DARS2-K377,DARS2,0.03315,0.835664336,0.077968132,0.077968132,1,0.32,0.00724638,2.139878924,2.139878924,0.074350844
DARS2-K454,DARS2,-0.2027,0.639898616,0.193888829,-0.193888829,1,0.32,0.00724638,2.139878924,2.139878924,0.074350844
DAXX-K524,DAXX,0.14665,0.072395495,1.14028846,1.14028846,0.735103698,0.19,0.003295487,2.482080446,2.482080446,0.048605906
DAZAP1-K103,DAZAP1,0.2471,0.063366955,1.198137162,1.198137162,0.71154052,0.315,0.003246169,2.48862882,2.48862882,0.048181394
DAZAP1-K45,DAZAP1,0.0405,0.920932333,0.035772279,0.035772279,1,0.315,0.003246169,2.48862882,2.48862882,0.048181394
DAZAP1-K57,DAZAP1,-0.017,0.851282051,0.069926523,-0.069926523,1,0.315,0.003246169,2.48862882,2.48862882,0.048181394
DBI-K114,DBI,0.226055,0.137832246,0.860649168,0.860649168,0.814916032,0.38,0.004812531,2.31762644,2.31762644,0.059841753
DBI-K116,DBI,0.2895,0.02156801,1.66618992,1.66618992,0.553711116,0.38,0.004812531,2.31762644,2.31762644,0.059841753
DBI-K124,DBI,0.0385,0.7865007,0.104300887,0.104300887,1,0.38,0.004812531,2.31762644,2.31762644,0.059841753
DBI-K133,DBI,0.3615,0.12464986,0.904308205,0.904308205,0.79922227,0.38,0.004812531,2.31762644,2.31762644,0.059841753
DBI-K80,DBI,0.18017,0.518808891,0.28499259,0.28499259,0.981666433,0.38,0.004812531,2.31762644,2.31762644,0.059841753
DBI-K94,DBI,0.22275,0.062773183,1.202225849,1.202225849,0.709783531,0.38,0.004812531,2.31762644,2.31762644,0.059841753
DBN1-K173,DBN1,-0.18388,0.37766704,0.422890915,-0.422890915,0.943988084,0.06,0.762066592,0.118007077,0.118007077,0.890065294
DBNL-K131,DBNL,0.10915,0.263486513,0.579241609,0.579241609,0.899293861,0.005,0.45649131,0.340567485,0.340567485,0.703480846
DBNL-K289,DBNL,-0.035475,0.935285901,0.029055612,-0.029055612,1,0.005,0.45649131,0.340567485,0.340567485,0.703480846
DBR1-K242,DBR1,-0.691215,0.285714286,0.544068044,-0.544068044,0.909317859,0.22,0.023294801,1.632741001,1.632741001,0.142453479
DBT-K133,DBT,-1.09545,0.427822178,0.368736706,-0.368736706,0.961720515,0.04,0.68760758,0.162659344,0.162659344,0.84981535
DBT-K295,DBT,0.02335,0.892353305,0.049463163,0.049463163,1,0.04,0.68760758,0.162659344,0.162659344,0.84981535
DBT-K435,DBT,0.2339,0.971823905,0.012412422,0.012412422,1,0.04,0.68760758,0.162659344,0.162659344,0.84981535
DBT-K440,DBT,0.0129975,0.368916721,0.43307166,0.43307166,0.938794148,0.04,0.68760758,0.162659344,0.162659344,0.84981535
DBT-K82,DBT,0.34179,0.057142857,1.243038049,1.243038049,0.68202138,0.04,0.68760758,0.162659344,0.162659344,0.84981535
DCAF1-K258,DCAF1,-0.139125,0.685714286,0.163856803,-0.163856803,1,0.18,0.002990505,2.524255493,2.524255493,0.0460505
DCAF1-K701,DCAF1,-0.0133,0.527272727,0.277964692,-0.277964692,0.982788878,0.18,0.002990505,2.524255493,2.524255493,0.0460505
DCAF4-K361,DCAF4,0.5521,0.129736105,0.886939145,0.886939145,0.806504592,-0.045,0.335525754,0.474274139,-0.474274139,0.604137765
DCAF5-K783,DCAF5,0.03653,0.953046953,0.020885703,0.020885703,1,-0.155,0.05726848,1.242084345,-1.242084345,0.232424735
DCAF5-K938,DCAF5,-0.207,0.685714286,0.163856803,-0.163856803,1,-0.155,0.05726848,1.242084345,-1.242084345,0.232424735
DCN-K102,DCN,-1.146,0.020196265,1.694728934,-1.694728934,0.550225095,-0.355,0.052302832,1.281474796,-1.281474796,0.221892144
DCN-K105,DCN,-0.6475,0.021834262,1.660861478,-1.660861478,0.553711116,-0.355,0.052302832,1.281474796,-1.281474796,0.221892144
DCN-K116,DCN,-0.607,0.252924565,0.597008988,-0.597008988,0.896059652,-0.355,0.052302832,1.281474796,-1.281474796,0.221892144
DCN-K119,DCN,-0.351,0.829399457,0.081236253,-0.081236253,1,-0.355,0.052302832,1.281474796,-1.281474796,0.221892144
DCN-K130,DCN,-0.499,0.274565652,0.561353794,-0.561353794,0.902857656,-0.355,0.052302832,1.281474796,-1.281474796,0.221892144
DCN-K138,DCN,-0.004,0.522032019,0.282302858,-0.282302858,0.982788878,-0.355,0.052302832,1.281474796,-1.281474796,0.221892144
DCN-K142,DCN,-0.491,0.041877778,1.378016365,-1.378016365,0.631716774,-0.355,0.052302832,1.281474796,-1.281474796,0.221892144
DCN-K147,DCN,-0.61,0.087902372,1.055999406,-1.055999406,0.773861515,-0.355,0.052302832,1.281474796,-1.281474796,0.221892144
DCN-K164,DCN,0.03465,0.363765301,0.439178731,0.439178731,0.936845827,-0.355,0.052302832,1.281474796,-1.281474796,0.221892144
DCN-K200,DCN,-0.10595,0.2815013,0.550519595,-0.550519595,0.909317859,-0.355,0.052302832,1.281474796,-1.281474796,0.221892144
DCN-K242,DCN,-0.204,0.587523346,0.230974872,-0.230974872,1,-0.355,0.052302832,1.281474796,-1.281474796,0.221892144
DCN-K280,DCN,-0.37395,0.285957078,0.54369915,-0.54369915,0.909317859,-0.355,0.052302832,1.281474796,-1.281474796,0.221892144
DCN-K359,DCN,-0.0015,0.523919237,0.280735655,-0.280735655,0.982788878,-0.355,0.052302832,1.281474796,-1.281474796,0.221892144
DCN-K74,DCN,-0.097856,0.418538349,0.378264743,-0.378264743,0.960850268,-0.355,0.052302832,1.281474796,-1.281474796,0.221892144
DCN-K92,DCN,-0.066,0.449400367,0.347366577,-0.347366577,0.963340112,-0.355,0.052302832,1.281474796,-1.281474796,0.221892144
DCN-K97,DCN,-0.2205,0.213591509,0.670416016,-0.670416016,0.873025749,-0.355,0.052302832,1.281474796,-1.281474796,0.221892144
DCPS-K135,DCPS,0.0068,0.876478123,0.05725892,0.05725892,1,0.1,0.043349045,1.363020464,1.363020464,0.201030235
DCPS-K145,DCPS,-0.0399,0.404403205,0.393185411,-0.393185411,0.956240488,0.1,0.043349045,1.363020464,1.363020464,0.201030235
DCPS-K149,DCPS,0.0356,0.722147167,0.141374288,0.141374288,1,0.1,0.043349045,1.363020464,1.363020464,0.201030235
DCTN2-K340,DCTN2,-0.118,0.411483254,0.385647835,-0.385647835,0.956240488,-0.115,0.168875592,0.772433116,-0.772433116,0.419296818
DCTN3-K50,DCTN3,-0.1,0.885714286,0.052706351,-0.052706351,1,-0.085,0.366277064,0.436190276,-0.436190276,0.628511102
DCTN4-K18,DCTN4,-0.0617245,1,0,0,1,0.065,0.108797915,0.963379427,0.963379427,0.332536694
DCUN1D1-K64,DCUN1D1,0.491,0.028282828,1.548477163,1.548477163,0.591058584,-0.07,0.612633097,0.212799544,-0.212799544,0.804282081
DCXR-K171,DCXR,-0.0303,1,0,0,1,0.16,0.16461651,0.783526611,0.783526611,0.413775312
DDAH1-K144,DDAH1,0.697,4.76E-05,4.322115879,4.322115879,0.055711677,0.735,9.17E-07,6.037796793,6.037796793,0.001311004
DDAH2-K194,DDAH2,-0.0219,0.80177399,0.095948036,-0.095948036,1,-0.11,0.235523927,0.627964966,-0.627964966,0.502451759
DDAH2-K51,DDAH2,-0.267,0.013266484,1.877244169,-1.877244169,0.501718574,-0.11,0.235523927,0.627964966,-0.627964966,0.502451759
DDB1-K1067,DDB1,0.087082,0.455944056,0.341088442,0.341088442,0.9663303,0.08,0.074740781,1.126442366,1.126442366,0.270658636
DDB1-K1121,DDB1,0.268,0.73015873,0.136582718,0.136582718,1,0.08,0.074740781,1.126442366,1.126442366,0.270658636
DDB1-K150,DDB1,-0.0293,0.807785512,0.092703941,-0.092703941,1,0.08,0.074740781,1.126442366,1.126442366,0.270658636
DDT-K21,DDT,0.1824,0.818181818,0.087150176,0.087150176,1,0.39,3.08E-04,3.511352707,3.511352707,0.012601317
DDX1-K172,DDX1,0.07275,0.728604626,0.137508076,0.137508076,1,-0.055,0.521938089,0.282381009,-0.282381009,0.750517953
DDX1-K204,DDX1,-0.04785,0.979266917,0.009098917,-0.009098917,1,-0.055,0.521938089,0.282381009,-0.282381009,0.750517953
DDX1-K234,DDX1,-0.081715,0.56052882,0.251402053,-0.251402053,0.991315092,-0.055,0.521938089,0.282381009,-0.282381009,0.750517953
DDX1-K281,DDX1,0.206,0.420634921,0.376094676,0.376094676,0.961720515,-0.055,0.521938089,0.282381009,-0.282381009,0.750517953
DDX1-K311,DDX1,-0.346905,0.648484848,0.188100167,-0.188100167,1,-0.055,0.521938089,0.282381009,-0.282381009,0.750517953
DDX1-K516,DDX1,0.03705,0.837483716,0.077023628,0.077023628,1,-0.055,0.521938089,0.282381009,-0.282381009,0.750517953
DDX1-K636,DDX1,-0.25576,0.851013322,0.070063641,-0.070063641,1,-0.055,0.521938089,0.282381009,-0.282381009,0.750517953
DDX1-K693,DDX1,0.0641,0.781419733,0.107115626,0.107115626,1,-0.055,0.521938089,0.282381009,-0.282381009,0.750517953
DDX17-K109,DDX17,0.0076,0.704376882,0.152194906,0.152194906,1,-0.105,0.151339085,0.820048897,-0.820048897,0.394709756
DDX17-K121,DDX17,0.894,0.638888889,0.194574665,0.194574665,1,-0.105,0.151339085,0.820048897,-0.820048897,0.394709756
DDX21-K137,DDX21,0.57435,0.396814045,0.401412965,0.401412965,0.956240488,0.065,0.274839725,0.560920495,0.560920495,0.544888239
DDX23-K333,DDX23,-0.1842,0.485714286,0.313619123,-0.313619123,0.967568225,0.005,0.350678912,0.455090349,0.455090349,0.618856048
DDX23-K8,DDX23,0.1339,0.924129499,0.034267167,0.034267167,1,0.005,0.350678912,0.455090349,0.455090349,0.618856048
DDX24-K17,DDX24,0.01628,0.838760202,0.076362184,0.076362184,1,-0.185,0.009296956,2.031659216,-2.031659216,0.085162699
DDX24-K172,DDX24,0.1663,0.480048794,0.318714617,0.318714617,0.967568225,-0.185,0.009296956,2.031659216,-2.031659216,0.085162699
DDX31-K160,DDX31,-0.2286,0.683516484,0.165251008,-0.165251008,1,0.08,0.015410312,1.812188567,1.812188567,0.11277536
DDX39B-K188,DDX39B,-0.0583,0.571546424,0.242948488,-0.242948488,0.993833698,0.09,0.076353912,1.117168706,1.117168706,0.273973538
DDX3X-K118,DDX3X,0.39541,0.199588647,0.699864167,0.699864167,0.859405482,0.095,0.176930144,0.75219817,0.75219817,0.429762844
DDX42-K11,DDX42,0.142,0.827725973,0.082113417,0.082113417,1,0.02,0.739431572,0.13110201,0.13110201,0.878558499
DDX42-K347,DDX42,-0.0393905,0.648711824,0.187948186,-0.187948186,1,0.02,0.739431572,0.13110201,0.13110201,0.878558499
DDX42-K686,DDX42,-0.3617,0.363075264,0.440003338,-0.440003338,0.936845827,0.02,0.739431572,0.13110201,0.13110201,0.878558499
DDX42-K806,DDX42,0.407,0.415129135,0.381816786,0.381816786,0.958662806,0.02,0.739431572,0.13110201,0.13110201,0.878558499
DDX42-K908,DDX42,0.177,0.367632368,0.434586259,0.434586259,0.938794148,0.02,0.739431572,0.13110201,0.13110201,0.878558499
DDX46-K1026,DDX46,0.161,1,0,0,1,0.205,0.032417015,1.48922698,1.48922698,0.170300348
DDX46-K271,DDX46,0.1005,0.078830555,1.103305417,1.103305417,0.755262977,0.205,0.032417015,1.48922698,1.48922698,0.170300348
DDX46-K279,DDX46,0.2471,0.005531158,2.257183908,2.257183908,0.384392544,0.205,0.032417015,1.48922698,1.48922698,0.170300348
DDX46-K776,DDX46,0.44355,0.009224377,2.035062951,2.035062951,0.45912538,0.205,0.032417015,1.48922698,1.48922698,0.170300348
DDX5-K32,DDX5,0.1655,0.037650773,1.424226109,1.424226109,0.626131724,-0.115,0.083177492,1.079994181,-1.079994181,0.286893273
DDX5-K33,DDX5,0.22858,0.149964105,0.824012681,0.824012681,0.831690101,-0.115,0.083177492,1.079994181,-1.079994181,0.286893273
DDX5-K340,DDX5,0.397,0.095238095,1.021189299,1.021189299,0.776434795,-0.115,0.083177492,1.079994181,-1.079994181,0.286893273
DDX5-K351,DDX5,0.115,0.957792208,0.018728701,0.018728701,1,-0.115,0.083177492,1.079994181,-1.079994181,0.286893273
DDX5-K40,DDX5,0.19155,0.00314752,2.502031491,2.502031491,0.35507987,-0.115,0.083177492,1.079994181,-1.079994181,0.286893273
DDX58-K858,DDX58,-0.16387,0.718134033,0.143794491,-0.143794491,1,-0.16,0.266184705,0.574816902,-0.574816902,0.536310032
DDX6-K482,DDX6,-0.06225,0.683516484,0.165251008,-0.165251008,1,0.035,0.88552482,0.052799262,0.052799262,0.951013655
DDX60-K440,DDX60,-0.00675,0.683516484,0.165251008,-0.165251008,1,-0.065,0.525237117,0.279644591,-0.279644591,0.750517953
DECR1-K230,DECR1,0.40505,0.342857143,0.464886798,0.464886798,0.930954294,-0.055,0.834856141,0.078388354,-0.078388354,0.928134285
DECR1-K244,DECR1,0.083,0.973426089,0.011697018,0.011697018,1,-0.055,0.834856141,0.078388354,-0.078388354,0.928134285
DECR2-K230,DECR2,-0.19855,0.851814852,0.069654792,-0.069654792,1,0.305,0.014207891,1.847470388,1.847470388,0.108142413
DECR2-K71,DECR2,1.007,0.114285714,0.942008053,0.942008053,0.776434795,0.305,0.014207891,1.847470388,1.847470388,0.108142413
DEK-K177,DEK,0.38255,0.00976423,2.010362018,2.010362018,0.469351803,0.1,0.143082979,0.844412025,0.844412025,0.382799115
DEK-K57,DEK,0.0435,0.489497525,0.3102495,0.3102495,0.969594397,0.1,0.143082979,0.844412025,0.844412025,0.382799115
DENND4C-K1845,DENND4C,0.068325,1,0,0,1,-0.05,0.996039225,0.001723558,-0.001723558,0.99960614
DEPTOR-K106,DEPTOR,0.1165,0.944809713,0.024655651,0.024655651,1,0.435,0.094406172,1.024999612,1.024999612,0.307964751
DERA-K111,DERA,-0.3425,0.026617346,1.574835258,-1.574835258,0.591058584,0.105,0.834864684,0.07838391,0.07838391,0.928134285
DES-K125,DES,-0.04225,0.811708527,0.090599892,-0.090599892,1,-0.28,0.873815287,0.058580362,-0.058580362,0.945691985
DES-K193,DES,-0.497,0.032834681,1.483667202,-1.483667202,0.6096132,-0.28,0.873815287,0.058580362,-0.058580362,0.945691985
DES-K201,DES,0.272,0.3291769,0.482570649,0.482570649,0.930954294,-0.28,0.873815287,0.058580362,-0.058580362,0.945691985
DES-K240,DES,-0.5655,0.059979344,1.221998288,-1.221998288,0.698068054,-0.28,0.873815287,0.058580362,-0.058580362,0.945691985
DES-K241,DES,-0.094,0.315865186,0.500498239,-0.500498239,0.920825313,-0.28,0.873815287,0.058580362,-0.058580362,0.945691985
DES-K287,DES,-0.0145,0.675994618,0.170056762,-0.170056762,1,-0.28,0.873815287,0.058580362,-0.058580362,0.945691985
DES-K297,DES,0.03825,0.857959651,0.066533136,0.066533136,1,-0.28,0.873815287,0.058580362,-0.058580362,0.945691985
DES-K299,DES,-0.371,0.131459884,0.881206755,-0.881206755,0.808568104,-0.28,0.873815287,0.058580362,-0.058580362,0.945691985
DES-K318,DES,-0.203,0.619441734,0.207999538,-0.207999538,1,-0.28,0.873815287,0.058580362,-0.058580362,0.945691985
DES-K339,DES,-0.13585,0.137832246,0.860649168,-0.860649168,0.814916032,-0.28,0.873815287,0.058580362,-0.058580362,0.945691985
DES-K378,DES,-0.25275,0.338141974,0.470900916,-0.470900916,0.930954294,-0.28,0.873815287,0.058580362,-0.058580362,0.945691985
DFFA-K324,DFFA,0.3503,0.368580134,0.433468076,0.433468076,0.938794148,0.075,0.065368176,1.184633633,1.184633633,0.250546306
DGKA-K391,DGKA,-0.050172,0.954645355,0.020157936,-0.020157936,1,-0.01,0.605712684,0.217733332,-0.217733332,0.800097031
DGLUCY-K178,DGLUCY,-0.0494,0.820080504,0.086143512,-0.086143512,1,-0.12,0.358477689,0.445537869,-0.445537869,0.623459313
DHCR7-K454,DHCR7,-0.186,0.435120435,0.36139052,-0.36139052,0.961720515,0.005,0.333142115,0.477370461,0.477370461,0.601900436
DHTKD1-K827,DHTKD1,-0.28205,0.034801624,1.458400488,-1.458400488,0.61764214,0.055,0.842613946,0.074371357,0.074371357,0.931897251
DHX15-K17,DHX15,0.28997,0.003356133,2.474160779,2.474160779,0.356868857,0.29,2.49E-04,3.604224543,3.604224543,0.011136092
DHX15-K25,DHX15,0.728,0.036522301,1.437441866,1.437441866,0.61764214,0.29,2.49E-04,3.604224543,3.604224543,0.011136092
DHX15-K445,DHX15,0.2637,0.221153846,0.655305503,0.655305503,0.875622157,0.29,2.49E-04,3.604224543,3.604224543,0.011136092
DHX15-K488,DHX15,-6.50E-04,1,0,0,1,0.29,2.49E-04,3.604224543,3.604224543,0.011136092
DHX15-K491,DHX15,0.1517,0.285714286,0.544068044,0.544068044,0.909317859,0.29,2.49E-04,3.604224543,3.604224543,0.011136092
DHX15-K515,DHX15,-0.03035,1,0,0,1,0.29,2.49E-04,3.604224543,3.604224543,0.011136092
DHX15-K614,DHX15,0.1226,0.500242504,0.300819411,0.300819411,0.971766598,0.29,2.49E-04,3.604224543,3.604224543,0.011136092
DHX15-K754,DHX15,-0.0866,0.756524051,0.121177261,-0.121177261,1,0.29,2.49E-04,3.604224543,3.604224543,0.011136092
DHX15-K786,DHX15,0.1159,0.150384543,0.822796798,0.822796798,0.831690101,0.29,2.49E-04,3.604224543,3.604224543,0.011136092
DHX16-K210,DHX16,0.49515,0.022340244,1.650912094,1.650912094,0.55675501,0.07,0.096276532,1.016479562,1.016479562,0.311448274
DHX16-K78,DHX16,0.005,0.926679327,0.033070525,0.033070525,1,0.07,0.096276532,1.016479562,1.016479562,0.311448274
DHX38-K521,DHX38,-0.12365,0.245455881,0.610026559,-0.610026559,0.891892991,-0.01,0.658622707,0.1813633,-0.1813633,0.832349878
DHX9-K14,DHX9,-0.0502,0.893188854,0.049056705,-0.049056705,1,0.1,0.261901697,0.581861688,0.581861688,0.531755774
DHX9-K264,DHX9,0.123,0.222452102,0.652763486,0.652763486,0.875622157,0.1,0.261901697,0.581861688,0.581861688,0.531755774
DHX9-K29,DHX9,-0.0613,0.766961171,0.115226622,-0.115226622,1,0.1,0.261901697,0.581861688,0.581861688,0.531755774
DIABLO-K207,DIABLO,-0.005,0.801870988,0.095895499,-0.095895499,1,0.195,0.057285468,1.241955532,1.241955532,0.232424735
DIDO1-K1239,DIDO1,0.12405,0.474503008,0.32376103,0.32376103,0.967568225,0.05,0.761996317,0.118047128,0.118047128,0.890065294
DIDO1-K379,DIDO1,-0.023305,0.707190732,0.15046344,-0.15046344,1,0.05,0.761996317,0.118047128,0.118047128,0.890065294
DIDO1-K433,DIDO1,0.8038,0.111888112,0.951216055,0.951216055,0.776434795,0.05,0.761996317,0.118047128,0.118047128,0.890065294
DIDO1-K474,DIDO1,0.595,0.342857143,0.464886798,0.464886798,0.930954294,0.05,0.761996317,0.118047128,0.118047128,0.890065294
DIDO1-K584,DIDO1,0.45659,0.028571429,1.544068044,1.544068044,0.591058584,0.05,0.761996317,0.118047128,0.118047128,0.890065294
DIDO1-K626,DIDO1,0.2525,0.12514057,0.902601872,0.902601872,0.800580236,0.05,0.761996317,0.118047128,0.118047128,0.890065294
DKC1-K443,DKC1,-0.03865,0.640934539,0.193186324,-0.193186324,1,0.24,0.002805456,2.551996607,2.551996607,0.044398623
DLAT-K362,DLAT,0.3388,0.106074009,0.974391019,0.974391019,0.776434795,0.32,2.74E-04,3.561571026,3.561571026,0.01182163
DLAT-K466,DLAT,-0.20415,0.273979481,0.562281961,-0.562281961,0.902857656,0.32,2.74E-04,3.561571026,3.561571026,0.01182163
DLAT-K473,DLAT,-0.19665,0.68320518,0.16544885,-0.16544885,1,0.32,2.74E-04,3.561571026,3.561571026,0.01182163
DLAT-K490,DLAT,-0.153575,0.541058529,0.266755753,-0.266755753,0.986280811,0.32,2.74E-04,3.561571026,3.561571026,0.01182163
DLD-K122,DLD,0.103,0.712280286,0.147349075,0.147349075,1,0.1,0.152808839,0.815851523,0.815851523,0.396898917
DLD-K132,DLD,-0.154792,1,0,0,1,0.1,0.152808839,0.815851523,0.815851523,0.396898917
DLD-K143,DLD,0.066,0.630230164,0.200500815,0.200500815,1,0.1,0.152808839,0.815851523,0.815851523,0.396898917
DLD-K146,DLD,0.201025,0.937229437,0.028154079,0.028154079,1,0.1,0.152808839,0.815851523,0.815851523,0.396898917
DLD-K155,DLD,0.0522,0.841689762,0.074847955,0.074847955,1,0.1,0.152808839,0.815851523,0.815851523,0.396898917
DLD-K159,DLD,-0.12465,0.316095202,0.500182097,-0.500182097,0.920825313,0.1,0.152808839,0.815851523,0.815851523,0.396898917
DLD-K166,DLD,-0.07398,0.477885071,0.320676536,-0.320676536,0.967568225,0.1,0.152808839,0.815851523,0.815851523,0.396898917
DLD-K267,DLD,-0.05755,0.554797121,0.255865801,-0.255865801,0.990319758,0.1,0.152808839,0.815851523,0.815851523,0.396898917
DLD-K277,DLD,-0.2555,0.233611876,0.631505083,-0.631505083,0.879057947,0.1,0.152808839,0.815851523,0.815851523,0.396898917
DLD-K283,DLD,-0.5805,0.410732714,0.386440705,-0.386440705,0.956240488,0.1,0.152808839,0.815851523,0.815851523,0.396898917
DLD-K410,DLD,-0.05635,0.299619555,0.523429845,-0.523429845,0.918222724,0.1,0.152808839,0.815851523,0.815851523,0.396898917
DLD-K417,DLD,0.0089,0.952566233,0.021104818,0.021104818,1,0.1,0.152808839,0.815851523,0.815851523,0.396898917
DLD-K420,DLD,-0.14125,0.499694295,0.301295609,-0.301295609,0.971766598,0.1,0.152808839,0.815851523,0.815851523,0.396898917
DLD-K445,DLD,0.08,0.597174726,0.223898581,0.223898581,1,0.1,0.152808839,0.815851523,0.815851523,0.396898917
DLD-K66,DLD,0.1377,0.601973524,0.22042261,0.22042261,1,0.1,0.152808839,0.815851523,0.815851523,0.396898917
DLD-K72,DLD,-0.1796745,0.628205128,0.201898523,-0.201898523,1,0.1,0.152808839,0.815851523,0.815851523,0.396898917
DLGAP4-K824,DLGAP4,0.14025,0.252726595,0.597349054,0.597349054,0.896059652,0.075,0.379641994,0.420625754,0.420625754,0.639144331
DLGAP4-K941,DLGAP4,0.0495,0.775624376,0.110348551,0.110348551,1,0.075,0.379641994,0.420625754,0.420625754,0.639144331
DLGAP4-K948,DLGAP4,-0.1340068,0.732815907,0.135005112,-0.135005112,1,0.075,0.379641994,0.420625754,0.420625754,0.639144331
DLST-K152,DLST,-0.08125,0.867401874,0.061779644,-0.061779644,1,0.04,0.172182398,0.764011247,0.764011247,0.423633504
DLST-K267,DLST,-0.552875,0.004654715,2.332106911,-2.332106911,0.377682496,0.04,0.172182398,0.764011247,0.764011247,0.423633504
DLST-K272,DLST,-0.55568,0.003677889,2.434401391,-2.434401391,0.368734635,0.04,0.172182398,0.764011247,0.764011247,0.423633504
DLST-K277,DLST,-0.2626025,0.077722946,1.109450745,-1.109450745,0.747204982,0.04,0.172182398,0.764011247,0.764011247,0.423633504
DLST-K353,DLST,-0.1527,0.835368987,0.078121652,-0.078121652,1,0.04,0.172182398,0.764011247,0.764011247,0.423633504
DLST-K440,DLST,-0.135,0.985432477,0.006373129,-0.006373129,1,0.04,0.172182398,0.764011247,0.764011247,0.423633504
DMAP1-K27,DMAP1,-0.04868,0.738642784,0.131565541,-0.131565541,1,-0.1,0.140420729,0.852568777,-0.852568777,0.378635141
DMAP1-K301,DMAP1,-0.1582,0.725586159,0.13931101,-0.13931101,1,-0.1,0.140420729,0.852568777,-0.852568777,0.378635141
DMAP1-K462,DMAP1,0.23065,0.12271356,0.911107443,0.911107443,0.798193585,-0.1,0.140420729,0.852568777,-0.852568777,0.378635141
DMD-K3208,DMD,0.026,0.373769353,0.427396312,0.427396312,0.942548802,-0.695,0.010740419,1.968978759,-1.968978759,0.092273769
DMXL2-K1049,DMXL2,0.05409583,0.512388326,0.290400773,0.290400773,0.978239592,0.305,0.013254894,1.877623728,1.877623728,0.104085348
DNAJA1-K136,DNAJA1,0.2315,0.069383627,1.158743003,1.158743003,0.733334777,0.07,0.687655732,0.162628933,0.162628933,0.84981535
DNAJA1-K37,DNAJA1,-0.2315,0.401775531,0.396016516,-0.396016516,0.956240488,0.07,0.687655732,0.162628933,0.162628933,0.84981535
DNAJA2-K134,DNAJA2,0.459302,0.305598555,0.514848703,0.514848703,0.920825313,0.025,0.358449936,0.445571492,0.445571492,0.623459313
DNAJA2-K158,DNAJA2,0.4399,0.059164259,1.22794057,1.22794057,0.698068054,0.025,0.358449936,0.445571492,0.445571492,0.623459313
DNAJA2-K39,DNAJA2,-0.024,0.862042936,0.064471103,-0.064471103,1,0.025,0.358449936,0.445571492,0.445571492,0.623459313
DNAJB1-K181,DNAJB1,0.2571,0.299125874,0.524146019,0.524146019,0.918222724,-0.11,0.68764952,0.162632856,-0.162632856,0.84981535
DNAJB5-K149,DNAJB5,0.563,0.026772247,1.572315171,1.572315171,0.591058584,-0.255,0.103532347,0.984923941,-0.984923941,0.322980902
DNAJC10-K737,DNAJC10,-0.03545,0.685714286,0.163856803,-0.163856803,1,-0.215,0.438789246,0.357744025,-0.357744025,0.689304396
DNAJC13-K1011,DNAJC13,0.3073,0.527272727,0.277964692,0.277964692,0.982788878,-0.07,0.164505712,0.783819017,-0.783819017,0.413775312
DNAJC13-K252,DNAJC13,0.1218255,0.199588647,0.699864167,0.699864167,0.859405482,-0.07,0.164505712,0.783819017,-0.783819017,0.413775312
DNAJC7-K295,DNAJC7,0.209,1,0,0,1,0.14,0.029675366,1.527603913,1.527603913,0.162834415
DNAJC7-K306,DNAJC7,0.4226,0.019281109,1.714867996,1.714867996,0.550225095,0.14,0.029675366,1.527603913,1.527603913,0.162834415
DNAJC8-K159,DNAJC8,0.1384355,0.957792208,0.018728701,0.018728701,1,0.085,0.049902992,1.301873418,1.301873418,0.216420971
DNM1L-K284,DNM1L,0.0724,0.750269339,0.124782802,0.124782802,1,0.15,0.055360288,1.256801656,1.256801656,0.228354944
DNM2-K299,DNM2,-0.040319,0.788075709,0.103432059,-0.103432059,1,0.04,0.111061718,0.954435614,0.954435614,0.336102441
DNM2-K445,DNM2,0.284538,0.799760129,0.097040251,0.097040251,1,0.04,0.111061718,0.954435614,0.954435614,0.336102441
DNM2-K562,DNM2,-0.213245,0.129858961,0.886528076,-0.886528076,0.806504592,0.04,0.111061718,0.954435614,0.954435614,0.336102441
DNM2-K598,DNM2,0.1288105,0.900690167,0.045424579,0.045424579,1,0.04,0.111061718,0.954435614,0.954435614,0.336102441
DNM3-K90,DNM3,-0.0807,0.949461731,0.022522535,-0.022522535,1,-0.375,0.251573426,0.599335235,-0.599335235,0.521403528
DNMT1-K973,DNMT1,0.3001,0.096709315,1.014531691,1.014531691,0.776434795,0.31,0.044940843,1.34735879,1.34735879,0.204933974
DNPEP-K161,DNPEP,-0.59695,0.011857545,1.926005231,-1.926005231,0.501114778,0.15,0.011349858,1.945009568,1.945009568,0.095474012
DNPEP-K415,DNPEP,-0.5485,0.002013445,2.696060123,-2.696060123,0.31400801,0.15,0.011349858,1.945009568,1.945009568,0.095474012
DNPEP-K73,DNPEP,-0.85645,0.001088132,2.963318238,-2.963318238,0.263676789,0.15,0.011349858,1.945009568,1.945009568,0.095474012
DNPH1-K113,DNPH1,-0.7537135,0.885714286,0.052706351,-0.052706351,1,0.065,0.450578796,0.34622925,0.34622925,0.69924126
DOCK10-K847,DOCK10,0.232,0.346308005,0.46053747,0.46053747,0.934126335,-0.115,0.988119751,0.00519042,-0.00519042,0.995960893
DOCK11-K1493,DOCK11,-0.256925,0.572760573,0.242026885,-0.242026885,0.994309193,-0.34,0.15432583,0.811561378,-0.811561378,0.399184157
DOCK6-K1871,DOCK6,-0.04015,0.340643273,0.467700183,-0.467700183,0.930954294,-0.25,0.754512449,0.12233359,-0.12233359,0.886420537
DOCK7-K1953,DOCK7,-0.193,0.032033588,1.494394418,-1.494394418,0.599497917,0.13,0.057924081,1.23714085,1.23714085,0.233724777
DPF2-K196,DPF2,0.229,0.839000903,0.076237572,0.076237572,1,-0.045,0.084945758,1.070858302,-1.070858302,0.290148816
DPM1-K160,DPM1,0.200132,0.23030303,0.637700348,0.637700348,0.879057947,0.025,0.456517313,0.340542747,0.340542747,0.703480846
DPT-K66,DPT,-0.172425,0.309053266,0.509966663,-0.509966663,0.920825313,-0.465,0.285946964,0.54371451,-0.54371451,0.556360367
DPY30-K35,DPY30,0.2096,0.180853569,0.742672916,0.742672916,0.859405482,0.015,0.531723833,0.274313873,0.274313873,0.752743395
DPY30-K40,DPY30,0.035995,0.838757698,0.076363481,0.076363481,1,0.015,0.531723833,0.274313873,0.274313873,0.752743395
DPYD-K384,DPYD,0.0736,0.602287043,0.22019648,0.22019648,1,-0.13,0.509194687,0.293116137,-0.293116137,0.744017786
DRAP1-K127,DRAP1,-0.0135,0.762184387,0.117939952,-0.117939952,1,0.295,0.014400961,1.84160854,1.84160854,0.108844196
DSP-K1056,DSP,0.3951,0.629051239,0.201313978,0.201313978,1,0.1,0.984160289,0.006934163,0.006934163,0.994460474
DSP-K1073,DSP,-0.310685,0.814808721,0.088944332,-0.088944332,1,0.1,0.984160289,0.006934163,0.006934163,0.994460474
DSP-K1110,DSP,0.162375,0.685714286,0.163856803,0.163856803,1,0.1,0.984160289,0.006934163,0.006934163,0.994460474
DSP-K1144,DSP,-0.723,0.249991416,0.602074904,-0.602074904,0.893875195,0.1,0.984160289,0.006934163,0.006934163,0.994460474
DSP-K1410,DSP,-0.013,0.73015873,0.136582718,-0.136582718,1,0.1,0.984160289,0.006934163,0.006934163,0.994460474
DSP-K1570,DSP,0.3038,0.945221445,0.024466434,0.024466434,1,0.1,0.984160289,0.006934163,0.006934163,0.994460474
DSP-K1590,DSP,-0.899,0.259324009,0.586157273,-0.586157273,0.89910915,0.1,0.984160289,0.006934163,0.006934163,0.994460474
DSP-K1593,DSP,0.01525,0.626706001,0.202936147,0.202936147,1,0.1,0.984160289,0.006934163,0.006934163,0.994460474
DSP-K1988,DSP,0.03395,0.927272727,0.032792513,0.032792513,1,0.1,0.984160289,0.006934163,0.006934163,0.994460474
DSP-K2187,DSP,-0.0126,0.797202797,0.098431186,-0.098431186,1,0.1,0.984160289,0.006934163,0.006934163,0.994460474
DSP-K2706,DSP,0.931,0.019435845,1.711396584,1.711396584,0.550225095,0.1,0.984160289,0.006934163,0.006934163,0.994460474
DSP-K803,DSP,-0.935,0.027472527,1.561101384,-1.561101384,0.591058584,0.1,0.984160289,0.006934163,0.006934163,0.994460474
DSP-K859,DSP,0.17,0.750464396,0.124669907,0.124669907,1,0.1,0.984160289,0.006934163,0.006934163,0.994460474
DSTN-K132,DSTN,0.02945,0.811202974,0.090870466,0.090870466,1,-0.005,0.889470643,0.050868381,-0.050868381,0.952887452
DSTN-K19,DSTN,-0.068,0.613049333,0.212504576,-0.212504576,1,-0.005,0.889470643,0.050868381,-0.050868381,0.952887452
DSTN-K30,DSTN,0.0285,0.992080419,0.003453122,0.003453122,1,-0.005,0.889470643,0.050868381,-0.050868381,0.952887452
DSTN-K44,DSTN,0.0867,0.667333425,0.175657122,0.175657122,1,-0.005,0.889470643,0.050868381,-0.050868381,0.952887452
DSTN-K78,DSTN,0.0285,0.959851494,0.017795955,0.017795955,1,-0.005,0.889470643,0.050868381,-0.050868381,0.952887452
DTX3L-K25,DTX3L,0.045345,0.962115116,0.016772962,0.016772962,1,-0.05,0.335586639,0.474195338,-0.474195338,0.604137765
DTX3L-K408,DTX3L,-0.316,0.47622277,0.322189843,-0.322189843,0.967568225,-0.05,0.335586639,0.474195338,-0.474195338,0.604137765
DTYMK-K208,DTYMK,0.577,0.009043139,2.043680788,2.043680788,0.456580938,0.46,1.55E-04,3.808377418,3.808377418,0.008781614
DUSP12-K220,DUSP12,-0.0384,0.937229437,0.028154079,-0.028154079,1,0.235,0.164581058,0.783620151,0.783620151,0.413775312
DUSP19-K29,DUSP19,0.405,0.246383764,0.608387914,0.608387914,0.892241579,-0.345,0.01965975,1.706422002,-1.706422002,0.129495624
DUT-K251,DUT,0.555195,0.001232566,2.909189905,2.909189905,0.263676789,0.175,0.038459151,1.415000302,1.415000302,0.188027706
DYNC1H1-K1111,DYNC1H1,-0.001,0.885714286,0.052706351,-0.052706351,1,-0.05,0.940642684,0.026575318,-0.026575318,0.975652107
DYNC1H1-K1185,DYNC1H1,-0.0458,0.689305297,0.161588384,-0.161588384,1,-0.05,0.940642684,0.026575318,-0.026575318,0.975652107
DYNC1H1-K1526,DYNC1H1,-0.5495,0.006060606,2.217483944,-2.217483944,0.390214067,-0.05,0.940642684,0.026575318,-0.026575318,0.975652107
DYNC1H1-K1649,DYNC1H1,-0.181475,0.840751029,0.075332593,-0.075332593,1,-0.05,0.940642684,0.026575318,-0.026575318,0.975652107
DYNC1H1-K2702,DYNC1H1,-0.2053745,0.685714286,0.163856803,-0.163856803,1,-0.05,0.940642684,0.026575318,-0.026575318,0.975652107
DYNC1H1-K3239,DYNC1H1,0.02645,0.97423629,0.011335697,0.011335697,1,-0.05,0.940642684,0.026575318,-0.026575318,0.975652107
DYNC1H1-K3252,DYNC1H1,-0.1765,0.23911145,0.621399628,-0.621399628,0.881741391,-0.05,0.940642684,0.026575318,-0.026575318,0.975652107
DYNC1H1-K3480,DYNC1H1,-0.0617,0.572760573,0.242026885,-0.242026885,0.994309193,-0.05,0.940642684,0.026575318,-0.026575318,0.975652107
DYNC1H1-K3581,DYNC1H1,-0.4115,0.753113553,0.123139537,-0.123139537,1,-0.05,0.940642684,0.026575318,-0.026575318,0.975652107
DYNC1H1-K371,DYNC1H1,-0.0635,0.590820944,0.228544118,-0.228544118,1,-0.05,0.940642684,0.026575318,-0.026575318,0.975652107
DYNC1H1-K4089,DYNC1H1,-1.041,0.109090909,0.962211439,-0.962211439,0.776434795,-0.05,0.940642684,0.026575318,-0.026575318,0.975652107
DYNC1H1-K4237,DYNC1H1,0.0599,0.807530705,0.092840956,0.092840956,1,-0.05,0.940642684,0.026575318,-0.026575318,0.975652107
DYNC1H1-K4283,DYNC1H1,0.0465,0.868970059,0.060995187,0.060995187,1,-0.05,0.940642684,0.026575318,-0.026575318,0.975652107
DYNC1H1-K4418,DYNC1H1,-0.1259245,0.685714286,0.163856803,-0.163856803,1,-0.05,0.940642684,0.026575318,-0.026575318,0.975652107
DYNC1H1-K4441,DYNC1H1,0.113825,0.37591469,0.424910702,0.424910702,0.943988084,-0.05,0.940642684,0.026575318,-0.026575318,0.975652107
DYNC1H1-K551,DYNC1H1,-0.12205,0.927272727,0.032792513,-0.032792513,1,-0.05,0.940642684,0.026575318,-0.026575318,0.975652107
DYNC1H1-K754,DYNC1H1,-0.24619,0.301621934,0.52053708,-0.52053708,0.920466754,-0.05,0.940642684,0.026575318,-0.026575318,0.975652107
DYNC1H1-K794,DYNC1H1,0.1122,0.759748243,0.119330295,0.119330295,1,-0.05,0.940642684,0.026575318,-0.026575318,0.975652107
DYNC1LI1-K331,DYNC1LI1,0.0356,0.378284267,0.422181721,0.422181721,0.945030662,0.04,0.468594118,0.329203167,0.329203167,0.712830477
DYNC1LI1-K428,DYNC1LI1,0.1202,0.733584573,0.13454981,0.13454981,1,0.04,0.468594118,0.329203167,0.329203167,0.712830477
DYNC1LI1-K94,DYNC1LI1,0.0623,0.825174825,0.08345403,0.08345403,1,0.04,0.468594118,0.329203167,0.329203167,0.712830477
DYNLL1-K36,DYNLL1,-0.14805,0.551473799,0.258475117,-0.258475117,0.990319758,0.015,0.901232273,0.045163265,0.045163265,0.959008171
DYNLL1-K9,DYNLL1,-0.0835,0.41159917,0.385525509,-0.385525509,0.956240488,0.015,0.901232273,0.045163265,0.045163265,0.959008171
DYNLL2-K36,DYNLL2,-0.3695,0.052283044,1.281639131,-1.281639131,0.67940945,0.04,0.515518898,0.28775541,0.28775541,0.749457971
DYNLL2-K9,DYNLL2,0.837,0.440934066,0.355626347,0.355626347,0.961720515,0.04,0.515518898,0.28775541,0.28775541,0.749457971
DYSF-K282,DYSF,-0.1395,0.24747133,0.606475108,-0.606475108,0.892241579,0.29,0.313654635,0.503548291,0.503548291,0.584136369
EAF1-K150,EAF1,0.46788,0.167677396,0.775525479,0.775525479,0.853962239,0.215,4.19E-06,5.378303632,5.378303632,0.001829203
EBNA1BP2-K242,EBNA1BP2,-0.376605,0.408245349,0.389078754,-0.389078754,0.956240488,0.3,0.039408917,1.404405503,1.404405503,0.190426358
ECH1-K231,ECH1,0.06335,0.35854075,0.445461478,0.445461478,0.936845827,0.25,0.076401774,1.116896557,1.116896557,0.273973538
ECH1-K250,ECH1,0.0845,0.641194311,0.193010339,0.193010339,1,0.25,0.076401774,1.116896557,1.116896557,0.273973538
ECH1-K318,ECH1,0.826875,0.114285714,0.942008053,0.942008053,0.776434795,0.25,0.076401774,1.116896557,1.116896557,0.273973538
ECH1-K321,ECH1,0.562,0.028571429,1.544068044,1.544068044,0.591058584,0.25,0.076401774,1.116896557,1.116896557,0.273973538
ECH1-K65,ECH1,-0.1635,0.704063446,0.152388203,-0.152388203,1,0.25,0.076401774,1.116896557,1.116896557,0.273973538
ECH1-K77,ECH1,0.163,0.13135844,0.881542019,0.881542019,0.808568104,0.25,0.076401774,1.116896557,1.116896557,0.273973538
ECH1-K95,ECH1,0.3367,0.272904055,0.563990012,0.563990012,0.902857656,0.25,0.076401774,1.116896557,1.116896557,0.273973538
ECHDC1-K179,ECHDC1,-0.2196125,0.125643287,0.900860711,-0.900860711,0.8008761,0.02,0.98415979,0.006934383,0.006934383,0.994460474
ECHDC1-K217,ECHDC1,0.01464,0.508994403,0.293286994,0.293286994,0.975315181,0.02,0.98415979,0.006934383,0.006934383,0.994460474
ECHDC3-K65,ECHDC3,-0.0571,0.863936064,0.063518397,-0.063518397,1,-0.49,0.117966068,0.928242894,-0.928242894,0.347749082
ECHS1-K101,ECHS1,-0.3115,0.060443647,1.21864934,-1.21864934,0.701146305,0.035,0.333111669,0.477410153,0.477410153,0.601900436
ECHS1-K115,ECHS1,-0.049975,0.472841082,0.325284798,-0.325284798,0.967568225,0.035,0.333111669,0.477410153,0.477410153,0.601900436
ECHS1-K118,ECHS1,-0.361,0.029148529,1.535383355,-1.535383355,0.591058584,0.035,0.333111669,0.477410153,0.477410153,0.601900436
ECHS1-K204,ECHS1,0.14,0.392879257,0.4057409,0.4057409,0.953727646,0.035,0.333111669,0.477410153,0.477410153,0.601900436
ECHS1-K228,ECHS1,0.19615,0.547807277,0.261372203,0.261372203,0.989395087,0.035,0.333111669,0.477410153,0.477410153,0.601900436
ECHS1-K282,ECHS1,-0.34885,0.380915524,0.419171327,-0.419171327,0.945619083,0.035,0.333111669,0.477410153,0.477410153,0.601900436
ECI1-K283,ECI1,-0.04365,0.885448916,0.052836489,-0.052836489,1,0.135,0.030074082,1.521807619,1.521807619,0.16397795
ECI1-K61,ECI1,-0.1039,0.938467492,0.027580766,-0.027580766,1,0.135,0.030074082,1.521807619,1.521807619,0.16397795
ECI1-K89,ECI1,-0.248,0.477892001,0.320670239,-0.320670239,0.967568225,0.135,0.030074082,1.521807619,1.521807619,0.16397795
ECI2-K159,ECI2,0.3551,0.063860741,1.194766049,1.194766049,0.71251936,0.29,0.243449591,0.61359095,0.61359095,0.512412174
ECI2-K305,ECI2,0.6319,0.015153836,1.819477421,1.819477421,0.506519998,0.29,0.243449591,0.61359095,0.61359095,0.512412174
ECI2-K359,ECI2,0.31005,0.272010984,0.565413558,0.565413558,0.902857656,0.29,0.243449591,0.61359095,0.61359095,0.512412174
ECI2-K51,ECI2,0.754725,0.042149045,1.375212265,1.375212265,0.631716774,0.29,0.243449591,0.61359095,0.61359095,0.512412174
ECI2-K62,ECI2,0.769,0.023628678,1.626560576,1.626560576,0.562122244,0.29,0.243449591,0.61359095,0.61359095,0.512412174
ECI2-K92,ECI2,0.3022,0.464264843,0.333234202,0.333234202,0.967568225,0.29,0.243449591,0.61359095,0.61359095,0.512412174
ECPAS-K1610,ECPAS,0.154,0.246031746,0.609008851,0.609008851,0.892241579,0.12,0.026807515,1.571743448,1.571743448,0.154465179
EDF1-K123,EDF1,-0.07965,1,0,0,1,0.1,0.07078232,1.150075209,1.150075209,0.262032926
EDF1-K23,EDF1,0.0745,0.439479433,0.357061444,0.357061444,0.961720515,0.1,0.07078232,1.150075209,1.150075209,0.262032926
EDF1-K42,EDF1,0.329,0.412698413,0.384367201,0.384367201,0.956240488,0.1,0.07078232,1.150075209,1.150075209,0.262032926
EDF1-K43,EDF1,-0.01273,0.516211477,0.287172344,-0.287172344,0.980983522,0.1,0.07078232,1.150075209,1.150075209,0.262032926
EDF1-K56,EDF1,0.778,0.193186586,0.714023031,0.714023031,0.859405482,0.1,0.07078232,1.150075209,1.150075209,0.262032926
EDF1-K98,EDF1,0.1368255,1,0,0,1,0.1,0.07078232,1.150075209,1.150075209,0.262032926
EEA1-K1151,EEA1,0.07395,1,0,0,1,-0.09,0.493370434,0.30682688,-0.30682688,0.731732113
EEA1-K923,EEA1,0.493,0.234265734,0.63029123,0.63029123,0.879057947,-0.09,0.493370434,0.30682688,-0.30682688,0.731732113
EED-K19,EED,-0.0202,0.717486037,0.144186546,-0.144186546,1,0.09,0.306455271,0.513632904,0.513632904,0.577213184
EEF1A1-K165,EEF1A1,-0.2028,0.948217998,0.023091806,-0.023091806,1,-0.265,0.665844908,0.176626917,-0.176626917,0.836768734
EEF1A1-K172,EEF1A1,0.1699,0.742098858,0.129538237,0.129538237,1,-0.265,0.665844908,0.176626917,-0.176626917,0.836768734
EEF1A1-K179,EEF1A1,0.0495,0.568172916,0.245519473,0.245519473,0.993833698,-0.265,0.665844908,0.176626917,-0.176626917,0.836768734
EEF1A1-K244,EEF1A1,0.0342,0.596153846,0.22464165,0.22464165,1,-0.265,0.665844908,0.176626917,-0.176626917,0.836768734
EEF1A1-K273,EEF1A1,-0.2837,0.826923077,0.082534888,-0.082534888,1,-0.265,0.665844908,0.176626917,-0.176626917,0.836768734
EEF1A1-K392,EEF1A1,0.19015,0.036226782,1.440970237,1.440970237,0.61764214,-0.265,0.665844908,0.176626917,-0.176626917,0.836768734
EEF1A1-K395,EEF1A1,-0.00255,0.37475646,0.426250873,-0.426250873,0.943798045,-0.265,0.665844908,0.176626917,-0.176626917,0.836768734
EEF1A1-K439,EEF1A1,0.1508,0.094423464,1.024920072,1.024920072,0.776434795,-0.265,0.665844908,0.176626917,-0.176626917,0.836768734
EEF1A1-K450,EEF1A1,0.16,0.72342968,0.140603678,0.140603678,1,-0.265,0.665844908,0.176626917,-0.176626917,0.836768734
EEF1A1-K79,EEF1A1,0.11485,0.691134952,0.160437143,0.160437143,1,-0.265,0.665844908,0.176626917,-0.176626917,0.836768734
EEF1B2-K185,EEF1B2,0.303,0.020565027,1.686870719,1.686870719,0.550225095,0.01,0.353323111,0.451827954,0.451827954,0.621455943
EEF1D-K381,EEF1D,0.238,0.202506266,0.693561535,0.693561535,0.860537653,-0.105,0.335533366,0.474264287,-0.474264287,0.604137765
EEF1D-K383,EEF1D,0.2065,0.143557527,0.842974032,0.842974032,0.823742154,-0.105,0.335533366,0.474264287,-0.474264287,0.604137765
EEF1D-K509,EEF1D,-0.00765,0.777989468,0.109026282,-0.109026282,1,-0.105,0.335533366,0.474264287,-0.474264287,0.604137765
EEF1E1-K138,EEF1E1,0.1506,0.20053523,0.69780932,0.69780932,0.859405482,0.24,0.030457222,1.516309705,1.516309705,0.165200323
EEF1E1-K21,EEF1E1,-0.1419,1,0,0,1,0.24,0.030457222,1.516309705,1.516309705,0.165200323
EEF1G-K132,EEF1G,-0.27655,0.411266459,0.385876708,-0.385876708,0.956240488,0,0.316021546,0.500283307,0,0.586389294
EEF1G-K147,EEF1G,-0.0495,0.356355957,0.448115977,-0.448115977,0.936845827,0,0.316021546,0.500283307,0,0.586389294
EEF1G-K208,EEF1G,-0.015925,0.685714286,0.163856803,-0.163856803,1,0,0.316021546,0.500283307,0,0.586389294
EEF1G-K243,EEF1G,-0.10232,0.59852207,0.222919831,-0.222919831,1,0,0.316021546,0.500283307,0,0.586389294
EEF1G-K294,EEF1G,-0.15085,0.78487395,0.105200085,-0.105200085,1,0,0.316021546,0.500283307,0,0.586389294
EEF1G-K401,EEF1G,0.22095,0.417711866,0.379123187,0.379123187,0.960518308,0,0.316021546,0.500283307,0,0.586389294
EEF1G-K434,EEF1G,-0.03445,0.920932333,0.035772279,-0.035772279,1,0,0.316021546,0.500283307,0,0.586389294
EEF2-K235,EEF2,0.4326405,0.177489177,0.750828123,0.750828123,0.859405482,-0.01,0.869894432,0.060533449,-0.060533449,0.943517914
EEF2-K258,EEF2,0.1395,0.124814421,0.903735233,0.903735233,0.79922227,-0.01,0.869894432,0.060533449,-0.060533449,0.943517914
EEF2-K272,EEF2,0.139,0.081986599,1.086257129,1.086257129,0.759079092,-0.01,0.869894432,0.060533449,-0.060533449,0.943517914
EEF2-K275,EEF2,-0.0295,0.761039775,0.118592645,-0.118592645,1,-0.01,0.869894432,0.060533449,-0.060533449,0.943517914
EEF2-K299,EEF2,0.613,0.034822471,1.458140409,1.458140409,0.61764214,-0.01,0.869894432,0.060533449,-0.060533449,0.943517914
EEF2-K314,EEF2,0.2,0.005298704,2.275830309,2.275830309,0.384392544,-0.01,0.869894432,0.060533449,-0.060533449,0.943517914
EEF2-K328,EEF2,0.3802335,0.234265734,0.63029123,0.63029123,0.879057947,-0.01,0.869894432,0.060533449,-0.060533449,0.943517914
EEF2-K42,EEF2,-0.05051,0.764312202,0.116729207,-0.116729207,1,-0.01,0.869894432,0.060533449,-0.060533449,0.943517914
EEF2-K426,EEF2,-0.10745,0.832944833,0.079383762,-0.079383762,1,-0.01,0.869894432,0.060533449,-0.060533449,0.943517914
EEF2-K438,EEF2,0.00525875,0.850631103,0.070258742,0.070258742,1,-0.01,0.869894432,0.060533449,-0.060533449,0.943517914
EEF2-K445,EEF2,0.1913,0.092284451,1.034871468,1.034871468,0.776434795,-0.01,0.869894432,0.060533449,-0.060533449,0.943517914
EEF2-K481,EEF2,-0.1418755,0.572760573,0.242026885,-0.242026885,0.994309193,-0.01,0.869894432,0.060533449,-0.060533449,0.943517914
EEF2-K512,EEF2,0.25802,0.174989904,0.756987006,0.756987006,0.859405482,-0.01,0.869894432,0.060533449,-0.060533449,0.943517914
EEF2-K571,EEF2,0.002821,0.931427396,0.030850992,0.030850992,1,-0.01,0.869894432,0.060533449,-0.060533449,0.943517914
EEF2-K594,EEF2,0.0775,0.557503784,0.253752181,0.253752181,0.990772801,-0.01,0.869894432,0.060533449,-0.060533449,0.943517914
EEF2-K857,EEF2,0.25705,0.143667768,0.842640655,0.842640655,0.823742154,-0.01,0.869894432,0.060533449,-0.060533449,0.943517914
EGLN1-K408,EGLN1,0.244,0.181349072,0.741484662,0.741484662,0.859405482,0.13,0.114493222,0.941220223,0.941220223,0.341855012
EHBP1-K63,EHBP1,0.11055,0.685714286,0.163856803,0.163856803,1,-0.42,1.89E-04,3.72243285,-3.72243285,0.00970873
EHF-K218,EHF,0.1295,0.568007616,0.245645841,0.245645841,0.993833698,0.055,0.598771086,0.222739179,0.222739179,0.79561004
EHHADH-K280,EHHADH,-0.2217,0.246292107,0.608549507,-0.608549507,0.892241579,-0.71,5.12E-05,4.290492396,-4.290492396,0.004911035
EHHADH-K350,EHHADH,0.3632,0.228438228,0.641231216,0.641231216,0.879057947,-0.71,5.12E-05,4.290492396,-4.290492396,0.004911035
EHHADH-K584,EHHADH,-0.3719,0.382709342,0.417130936,-0.417130936,0.94739124,-0.71,5.12E-05,4.290492396,-4.290492396,0.004911035
EHHADH-K598,EHHADH,0.233,0.466411763,0.331230505,0.331230505,0.967568225,-0.71,5.12E-05,4.290492396,-4.290492396,0.004911035
EIF1AX-K23,EIF1AX,0.5584,0.036497701,1.43773449,1.43773449,0.61764214,0.035,0.499617763,0.301362129,0.301362129,0.736939064
EIF1AX-K56,EIF1AX,-0.1055,0.938467492,0.027580766,-0.027580766,1,0.035,0.499617763,0.301362129,0.301362129,0.736939064
EIF1AX-K88,EIF1AX,-0.0734,0.730769231,0.136219747,-0.136219747,1,0.035,0.499617763,0.301362129,0.301362129,0.736939064
EIF2AK2-K304,EIF2AK2,-0.1989,0.533799534,0.27262181,-0.27262181,0.984176452,0.045,0.901236915,0.045161027,0.045161027,0.959008171
EIF2AK2-K540,EIF2AK2,0.22435,0.352380952,0.452987575,0.452987575,0.935291689,0.045,0.901236915,0.045161027,0.045161027,0.959008171
EIF2B3-K208,EIF2B3,-0.084175,1,0,0,1,-0.05,0.644281494,0.190924343,-0.190924343,0.823883704
EIF2S1-K101,EIF2S1,0.005,0.742862089,0.129091805,0.129091805,1,0.16,0.07231911,1.140746928,1.140746928,0.265621126
EIF2S2-K324,EIF2S2,1.1185,0.028571429,1.544068044,1.544068044,0.591058584,0.21,0.026841096,1.571199761,1.571199761,0.154465179
EIF3A-K559,EIF3A,0.008,0.73631208,0.132938074,0.132938074,1,0.03,0.8426115,0.074372618,0.074372618,0.931897251
EIF3A-K632,EIF3A,0.786,0.177489177,0.750828123,0.750828123,0.859405482,0.03,0.8426115,0.074372618,0.074372618,0.931897251
EIF3A-K68,EIF3A,0.24634,0.534682065,0.271904384,0.271904384,0.984176452,0.03,0.8426115,0.074372618,0.074372618,0.931897251
EIF3A-K75,EIF3A,-0.096575,1,0,0,1,0.03,0.8426115,0.074372618,0.074372618,0.931897251
EIF3B-K209,EIF3B,0.0294,0.936977807,0.028270695,0.028270695,1,0.045,0.521970861,0.282353741,0.282353741,0.750517953
EIF3B-K254,EIF3B,-0.04735,0.438382658,0.358146634,-0.358146634,0.961720515,0.045,0.521970861,0.282353741,0.282353741,0.750517953
EIF3B-K529,EIF3B,-0.417,0.342857143,0.464886798,-0.464886798,0.930954294,0.045,0.521970861,0.282353741,0.282353741,0.750517953
EIF3C-K332,EIF3C,-0.2375,0.685714286,0.163856803,-0.163856803,1,-0.09,0.784860517,0.105207518,-0.105207518,0.902705638
EIF3C-K664,EIF3C,-0.300546,1,0,0,1,-0.09,0.784860517,0.105207518,-0.105207518,0.902705638
EIF3E-K275,EIF3E,0.0642,0.519507886,0.284407855,0.284407855,0.981815074,-0.17,0.247459667,0.606495576,-0.606495576,0.516687194
EIF3H-K180,EIF3H,-0.6519,0.342857143,0.464886798,-0.464886798,0.930954294,-0.045,0.229574898,0.639075599,-0.639075599,0.495472298
EIF3H-K274,EIF3H,-0.522,0.307082251,0.512745284,-0.512745284,0.920825313,-0.045,0.229574898,0.639075599,-0.639075599,0.495472298
EIF3I-K141,EIF3I,0.162,0.302299867,0.519562043,0.519562043,0.920533109,0.21,0.002585741,2.587414899,2.587414899,0.042389784
EIF3K-K13,EIF3K,0.166905,0.029903337,1.52428034,1.52428034,0.593457358,0.05,0.173806284,0.759934526,0.759934526,0.425500126
EIF3L-K301,EIF3L,-0.1177,0.209411044,0.679000418,-0.679000418,0.870643784,-0.205,0.854288727,0.068395325,-0.068395325,0.937477007
EIF3L-K397,EIF3L,-0.10495,0.874875125,0.058053931,-0.058053931,1,-0.205,0.854288727,0.068395325,-0.068395325,0.937477007
EIF3L-K419,EIF3L,-0.20415,0.505817712,0.296005967,-0.296005967,0.973031198,-0.205,0.854288727,0.068395325,-0.068395325,0.937477007
EIF3L-K549,EIF3L,0.2675,0.974820217,0.011075472,0.011075472,1,-0.205,0.854288727,0.068395325,-0.068395325,0.937477007
EIF4A1-K174,EIF4A1,0.1745,0.280588436,0.551930232,0.551930232,0.909317859,0.33,0.010733819,1.96924572,1.96924572,0.092273769
EIF4A3-K198,EIF4A3,0.02649,1,0,0,1,0.265,0.001620013,2.790481628,2.790481628,0.032523797
EIF4B-K449,EIF4B,0.072,0.885714286,0.052706351,0.052706351,1,-0.245,0.345658783,0.461352403,-0.461352403,0.613250869
EIF4E-K193,EIF4E,0.08013,0.301794528,0.520288638,0.520288638,0.920466754,0.135,0.009698077,2.013314386,2.013314386,0.087468354
EIF4E2-K134,EIF4E2,-0.2821,0.755050505,0.122023998,-0.122023998,1,0.07,0.092357422,1.034528196,1.034528196,0.304061878
EIF4G1-K870,EIF4G1,-0.1745,0.73015873,0.136582718,-0.136582718,1,0.09,0.15000815,0.823885145,0.823885145,0.392700677
EIF4G2-K761,EIF4G2,0.10285,0.952747253,0.021022295,0.021022295,1,-0.015,0.750709959,0.124527823,-0.124527823,0.884694107
EIF4H-K123,EIF4H,0.1741,0.187021474,0.728108524,0.728108524,0.859405482,0.175,0.140383236,0.852684751,0.852684751,0.378635141
EIF4H-K245,EIF4H,-0.24,0.440934066,0.355626347,-0.355626347,0.961720515,0.175,0.140383236,0.852684751,0.852684751,0.378635141
EIF5-K55,EIF5,-0.0649,0.606393606,0.217245386,-0.217245386,1,-0.04,0.561417424,0.250714113,-0.250714113,0.772835662
ELAC2-K476,ELAC2,-0.3445,0.885714286,0.052706351,-0.052706351,1,0.12,0.003865142,2.412834573,2.412834573,0.053241691
ELAVL1-K320,ELAVL1,0.10797,0.350420168,0.455410906,0.455410906,0.935291689,0.135,0.052221251,1.282152732,1.282152732,0.221892144
ELAVL1-K55,ELAVL1,0.0405,0.637684934,0.195393843,0.195393843,1,0.135,0.052221251,1.282152732,1.282152732,0.221892144
ELF1-K346,ELF1,0.246,0.139846058,0.854349772,0.854349772,0.816505519,-0.105,0.637227638,0.195705396,-0.195705396,0.820046795
ELF2-K353,ELF2,-0.11165,0.910105581,0.040908223,-0.040908223,1,0.05,0.487061127,0.312416531,0.312416531,0.727329473
ELF2-K593,ELF2,0.13355,0.363028653,0.440059096,0.440059096,0.936845827,0.05,0.487061127,0.312416531,0.312416531,0.727329473
ELF3-K236,ELF3,0.4845,0.098617585,1.006045638,1.006045638,0.776434795,0.415,0.015016441,1.823433,1.823433,0.111308374
ELK4-K312,ELK4,-0.639,0.002923887,2.534039484,-2.534039484,0.352686435,-0.135,0.49650567,0.304075787,-0.304075787,0.734821265
ELL-K355,ELL,-0.04976,0.408140254,0.38919057,-0.38919057,0.956240488,0.005,0.534951345,0.271685716,0.271685716,0.755088844
ELOA-K235,ELOA,0.092,0.919555377,0.036422112,0.036422112,1,0.065,0.126247622,0.898776794,0.898776794,0.361149297
ELOA-K490,ELOA,0.4422,0.104148268,0.982347947,0.982347947,0.776434795,0.065,0.126247622,0.898776794,0.898776794,0.361149297
ELOA-K681,ELOA,0.0725,0.601390041,0.220843768,0.220843768,1,0.065,0.126247622,0.898776794,0.898776794,0.361149297
ELP3-K280,ELP3,-0.59625,0.230790881,0.636781355,-0.636781355,0.879057947,-0.405,0.568170885,0.245521025,-0.245521025,0.775853364
EML4-K170,EML4,0.628325,0.485714286,0.313619123,0.313619123,0.967568225,-0.125,0.083224416,1.079749241,-1.079749241,0.286893273
EMSY-K1261,EMSY,0.160355,0.648484848,0.188100167,0.188100167,1,-0.04,0.27472381,0.5611037,-0.5611037,0.544888239
EMSY-K635,EMSY,0.4365,0.194570136,0.710923818,0.710923818,0.859405482,-0.04,0.27472381,0.5611037,-0.5611037,0.544888239
ENAH-K461,ENAH,0.14568,0.361778901,0.441556765,0.441556765,0.936845827,0.245,0.01863734,1.72961608,1.72961608,0.125953656
ENO1-K126,ENO1,0.384695,0.228341921,0.64141435,0.64141435,0.879057947,0.67,0.001858079,2.730935836,2.730935836,0.035079198
ENO1-K193,ENO1,0.11075,0.435872508,0.360640522,0.360640522,0.961720515,0.67,0.001858079,2.730935836,2.730935836,0.035079198
ENO1-K202,ENO1,0.18,0.427505681,0.369058109,0.369058109,0.961720515,0.67,0.001858079,2.730935836,2.730935836,0.035079198
ENO1-K233,ENO1,-0.0528,0.893403007,0.04895259,-0.04895259,1,0.67,0.001858079,2.730935836,2.730935836,0.035079198
ENO1-K256,ENO1,0.3375,0.105552427,0.976531777,0.976531777,0.776434795,0.67,0.001858079,2.730935836,2.730935836,0.035079198
ENO1-K262,ENO1,-0.1914,0.760951817,0.118642842,-0.118642842,1,0.67,0.001858079,2.730935836,2.730935836,0.035079198
ENO1-K281,ENO1,0.068525,0.236073784,0.626952239,0.626952239,0.879057947,0.67,0.001858079,2.730935836,2.730935836,0.035079198
ENO1-K330,ENO1,0.40565,0.168683415,0.772927615,0.772927615,0.854988513,0.67,0.001858079,2.730935836,2.730935836,0.035079198
ENO1-K335,ENO1,0.1114,0.255907071,0.591917714,0.591917714,0.896059652,0.67,0.001858079,2.730935836,2.730935836,0.035079198
ENO1-K343,ENO1,-0.0377095,0.980202859,0.008684035,-0.008684035,1,0.67,0.001858079,2.730935836,2.730935836,0.035079198
ENO1-K358,ENO1,0.196405,0.196279935,0.707124095,0.707124095,0.859405482,0.67,0.001858079,2.730935836,2.730935836,0.035079198
ENO1-K406,ENO1,0.25975,0.117941092,0.928334856,0.928334856,0.786730239,0.67,0.001858079,2.730935836,2.730935836,0.035079198
ENO1-K420,ENO1,0.14115,0.407211118,0.390180373,0.390180373,0.956240488,0.67,0.001858079,2.730935836,2.730935836,0.035079198
ENO1-K54,ENO1,0.312875,0.516686187,0.286773149,0.286773149,0.981606795,0.67,0.001858079,2.730935836,2.730935836,0.035079198
ENO1-K81,ENO1,0.1375,0.212872659,0.671880114,0.671880114,0.871630117,0.67,0.001858079,2.730935836,2.730935836,0.035079198
ENO1-K89,ENO1,0.09925,0.363762783,0.439181736,0.439181736,0.936845827,0.67,0.001858079,2.730935836,2.730935836,0.035079198
ENO1-K92,ENO1,-0.0094,0.871256933,0.059853753,-0.059853753,1,0.67,0.001858079,2.730935836,2.730935836,0.035079198
ENO3-K358,ENO3,0.300955,0.23754333,0.624257159,0.624257159,0.879057947,0.35,5.45E-05,4.26345405,4.26345405,0.005045087
ENOPH1-K111,ENOPH1,-0.1167,0.399012185,0.399013842,-0.399013842,0.956240488,0.195,0.001736618,2.760295728,2.760295728,0.033727639
ENSA-K130,ENSA,0.1354,0.088260383,1.054234194,1.054234194,0.774052511,0.015,0.395969553,0.402338207,0.402338207,0.653638577
ENSA-K47,ENSA,-0.05426,0.990072792,0.004332874,-0.004332874,1,0.015,0.395969553,0.402338207,0.402338207,0.653638577
ENY2-K5,ENY2,0.07645,0.442146089,0.354434212,0.354434212,0.961720515,-0.165,0.074746883,1.126406912,-1.126406912,0.270658636
EP300-K1001,EP300,0.0759,0.952747253,0.021022295,0.021022295,1,0.065,0.571491914,0.24298991,0.24298991,0.777821261
EP300-K1180,EP300,0.018,0.595396546,0.225193689,0.225193689,1,0.065,0.571491914,0.24298991,0.24298991,0.777821261
EP300-K1203,EP300,0.139835,0.588920944,0.229943001,0.229943001,1,0.065,0.571491914,0.24298991,0.24298991,0.777821261
EP300-K1340,EP300,0.0421,0.4463067,0.350366593,0.350366593,0.961720515,0.065,0.571491914,0.24298991,0.24298991,0.777821261
EP300-K1528,EP300,-0.0738,0.932791538,0.030215403,-0.030215403,1,0.065,0.571491914,0.24298991,0.24298991,0.777821261
EP300-K1542,EP300,0.11,0.089634967,1.047522536,1.047522536,0.776434795,0.065,0.571491914,0.24298991,0.24298991,0.777821261
EP300-K1546,EP300,0.0595,0.147285401,0.831840297,0.831840297,0.831563929,0.065,0.571491914,0.24298991,0.24298991,0.777821261
EP300-K1549,EP300,0.08705,0.266267518,0.57468181,0.57468181,0.901379765,0.065,0.571491914,0.24298991,0.24298991,0.777821261
EP300-K1550,EP300,0.1341,0.117973783,0.928214495,0.928214495,0.786730239,0.065,0.571491914,0.24298991,0.24298991,0.777821261
EP300-K1551,EP300,0.068775,0.522032019,0.282302858,0.282302858,0.982788878,0.065,0.571491914,0.24298991,0.24298991,0.777821261
EP300-K1554,EP300,0.090375,0.308964172,0.510091879,0.510091879,0.920825313,0.065,0.571491914,0.24298991,0.24298991,0.777821261
EP300-K1555,EP300,0.093775,0.188451795,0.724799722,0.724799722,0.859405482,0.065,0.571491914,0.24298991,0.24298991,0.777821261
EP300-K1558,EP300,0.045,0.609217217,0.215227831,0.215227831,1,0.065,0.571491914,0.24298991,0.24298991,0.777821261
EP300-K1560,EP300,-0.02025,0.644399686,0.19084468,-0.19084468,1,0.065,0.571491914,0.24298991,0.24298991,0.777821261
EP300-K1568,EP300,-0.2553,0.580219928,0.236407359,-0.236407359,1,0.065,0.571491914,0.24298991,0.24298991,0.777821261
EP300-K1569,EP300,-0.2553,0.580219928,0.236407359,-0.236407359,1,0.065,0.571491914,0.24298991,0.24298991,0.777821261
EP300-K1570,EP300,-0.16755,1,0,0,1,0.065,0.571491914,0.24298991,0.24298991,0.777821261
EP300-K1583,EP300,-0.03387,0.700082332,0.154850882,-0.154850882,1,0.065,0.571491914,0.24298991,0.24298991,0.777821261
EP300-K1704,EP300,-0.0215,0.553991965,0.256496534,-0.256496534,0.990319758,0.065,0.571491914,0.24298991,0.24298991,0.777821261
EP300-K1707,EP300,0.04695,0.643962931,0.191139132,0.191139132,1,0.065,0.571491914,0.24298991,0.24298991,0.777821261
EP300-K1900,EP300,0.1179,0.678585848,0.168395202,0.168395202,1,0.065,0.571491914,0.24298991,0.24298991,0.777821261
EP300-K291,EP300,-0.1306,0.927272727,0.032792513,-0.032792513,1,0.065,0.571491914,0.24298991,0.24298991,0.777821261
EP300-K636,EP300,0.0657,0.679941991,0.167528137,0.167528137,1,0.065,0.571491914,0.24298991,0.24298991,0.777821261
EP300-K977,EP300,-0.042,1,0,0,1,0.065,0.571491914,0.24298991,0.24298991,0.777821261
EP400-K1517,EP400,-0.11,0.551631341,0.258351067,-0.258351067,0.990319758,0.04,0.691309075,0.160327742,0.160327742,0.851316538
EP400-K2313,EP400,-0.0554,0.381778488,0.418188546,-0.418188546,0.94709135,0.04,0.691309075,0.160327742,0.160327742,0.851316538
EP400-K2402,EP400,-0.1487,0.290061741,0.53750955,-0.53750955,0.911658441,0.04,0.691309075,0.160327742,0.160327742,0.851316538
EP400-K2775,EP400,-0.03605,0.973836388,0.011514002,-0.011514002,1,0.04,0.691309075,0.160327742,0.160327742,0.851316538
EP400-K3119,EP400,-0.137705,0.856063483,0.067494028,-0.067494028,1,0.04,0.691309075,0.160327742,0.160327742,0.851316538
EP400-K345,EP400,0.13435,0.119146983,0.923916952,0.923916952,0.790334144,0.04,0.691309075,0.160327742,0.160327742,0.851316538
EP400-K697,EP400,0.1064,0.11252751,0.94874129,0.94874129,0.776434795,0.04,0.691309075,0.160327742,0.160327742,0.851316538
EPB41L2-K236,EPB41L2,0.00325,0.832944833,0.079383762,0.079383762,1,-0.195,0.259899212,0.585195038,-0.585195038,0.529040165
EPB41L2-K374,EPB41L2,-0.3328,0.106821973,0.971339406,-0.971339406,0.776434795,-0.195,0.259899212,0.585195038,-0.585195038,0.529040165
EPC1-K801,EPC1,0.25555,0.32027397,0.494478356,0.494478356,0.927644542,-0.08,0.155695142,0.807724938,-0.807724938,0.400906323
EPHX1-K104,EPHX1,0.4311255,0.342857143,0.464886798,0.464886798,0.930954294,0.33,0.078090859,1.107399801,1.107399801,0.277509667
EPRS-K1156,EPRS,-0.078509,0.945054945,0.024542941,-0.024542941,1,0.365,0.024543061,1.610071275,1.610071275,0.147020048
EPRS-K1326,EPRS,0.2975,0.721396251,0.141826119,0.141826119,1,0.365,0.024543061,1.610071275,1.610071275,0.147020048
EPRS-K1389,EPRS,-0.1569,0.280018229,0.552813695,-0.552813695,0.909317859,0.365,0.024543061,1.610071275,1.610071275,0.147020048
EPRS-K243,EPRS,-0.253,0.671657468,0.172852152,-0.172852152,1,0.365,0.024543061,1.610071275,1.610071275,0.147020048
EPRS-K300,EPRS,0.213435,0.647963521,0.188449443,0.188449443,1,0.365,0.024543061,1.610071275,1.610071275,0.147020048
EPRS-K360,EPRS,0.021,0.841712123,0.074836417,0.074836417,1,0.365,0.024543061,1.610071275,1.610071275,0.147020048
EPRS-K497,EPRS,0.1005,0.313707966,0.503474453,0.503474453,0.920825313,0.365,0.024543061,1.610071275,1.610071275,0.147020048
EPRS-K528,EPRS,0.172,0.831229491,0.080279057,0.080279057,1,0.365,0.024543061,1.610071275,1.610071275,0.147020048
EPRS-K788,EPRS,0.1485,0.195173509,0.70957913,0.70957913,0.859405482,0.365,0.024543061,1.610071275,1.610071275,0.147020048
EPRS-K951,EPRS,-0.1147635,0.413586414,0.383433736,-0.383433736,0.956240488,0.365,0.024543061,1.610071275,1.610071275,0.147020048
ERC1-K355,ERC1,-0.4965,0.286595764,0.542730233,-0.542730233,0.909692028,-0.06,0.353277628,0.451883865,-0.451883865,0.621455943
ERF-K394,ERF,0.1358,0.272671066,0.564360944,0.564360944,0.902857656,0.15,0.144500345,0.840131115,0.840131115,0.384790556
ERH-K90,ERH,0.199,0.019416157,1.711836715,1.711836715,0.550225095,0.1,0.249526845,0.602882725,0.602882725,0.518636295
ERI3-K276,ERI3,-0.1316,0.071457941,1.145949503,-1.145949503,0.735103698,-0.01,0.651414137,0.186142821,-0.186142821,0.827588803
ERLIN2-K287,ERLIN2,0.1495,0.885448916,0.052836489,0.052836489,1,-0.055,0.881625139,0.054716035,-0.054716035,0.94938043
ERP29-K107,ERP29,-0.1768,0.412121212,0.384975032,-0.384975032,0.956240488,-0.055,0.167541335,0.775878028,-0.775878028,0.417525314
ERP29-K48,ERP29,0.063,0.779050568,0.108434352,0.108434352,1,-0.055,0.167541335,0.775878028,-0.775878028,0.417525314
ERP29-K69,ERP29,0.262915,0.121035255,0.917088111,0.917088111,0.793855532,-0.055,0.167541335,0.775878028,-0.775878028,0.417525314
ERP44-K303,ERP44,0.0724155,0.885714286,0.052706351,0.052706351,1,-0.025,0.558022723,0.253348116,-0.253348116,0.770981784
ESD-K10,ESD,0.05,0.72342968,0.140603678,0.140603678,1,0.16,0.223968842,0.649812396,0.649812396,0.488233117
ESD-K185,ESD,-0.23,0.261657825,0.582266274,-0.582266274,0.899293861,0.16,0.223968842,0.649812396,0.649812396,0.488233117
ESD-K198,ESD,0.324,0.107703135,0.967771657,0.967771657,0.776434795,0.16,0.223968842,0.649812396,0.649812396,0.488233117
ESD-K200,ESD,-0.1375,0.44484679,0.351789539,-0.351789539,0.961720515,0.16,0.223968842,0.649812396,0.649812396,0.488233117
ESD-K209,ESD,0.45245,0.235870012,0.62732727,0.62732727,0.879057947,0.16,0.223968842,0.649812396,0.649812396,0.488233117
ESD-K278,ESD,0.00775,0.892562188,0.049361515,0.049361515,1,0.16,0.223968842,0.649812396,0.649812396,0.488233117
ESR1-K171,ESR1,-0.13845,1,0,0,1,-0.315,0.26622486,0.574751393,-0.574751393,0.536310032
ESS2-K408,ESS2,0.6941255,0.485714286,0.313619123,0.313619123,0.967568225,0.17,0.00534915,2.271715253,2.271715253,0.06320177
ESYT1-K689,ESYT1,0.067,0.555432363,0.255368819,0.255368819,0.990319758,0.225,0.048750873,1.312017604,1.312017604,0.213983931
ETFA-K158,ETFA,-0.04115,0.475865735,0.322515566,-0.322515566,0.967568225,0.255,0.005608542,2.251150024,2.251150024,0.06477339
ETFA-K59,ETFA,-0.09535,0.451777705,0.345075205,-0.345075205,0.966193174,0.255,0.005608542,2.251150024,2.251150024,0.06477339
ETFA-K62,ETFA,0.13846,0.683568613,0.165217887,0.165217887,1,0.255,0.005608542,2.251150024,2.251150024,0.06477339
ETFA-K85,ETFA,0.04205,0.925994405,0.033391637,0.033391637,1,0.255,0.005608542,2.251150024,2.251150024,0.06477339
ETFB-K201,ETFB,0.04914,0.980079178,0.008738837,0.008738837,1,0.205,0.033624011,1.473350482,1.473350482,0.174214548
ETFB-K296,ETFB,0.5093,0.648484848,0.188100167,0.188100167,1,0.205,0.033624011,1.473350482,1.473350482,0.174214548
ETFB-K301,ETFB,-0.107,0.515359342,0.287889847,-0.287889847,0.980353276,0.205,0.033624011,1.473350482,1.473350482,0.174214548
ETHE1-K172,ETHE1,0.233,0.975912883,0.010588949,0.010588949,1,0.275,0.046551362,1.332067609,1.332067609,0.208719271
ETHE1-K66,ETHE1,0.0032,1,0,0,1,0.275,0.046551362,1.332067609,1.332067609,0.208719271
ETS1-K289,ETS1,0.11165,0.98812081,0.005189954,0.005189954,1,0.185,0.101447931,0.993756804,0.993756804,0.319325789
ETV3-K388,ETV3,0.315,0.194318471,0.711485916,0.711485916,0.859405482,-0.225,0.264053594,0.578307918,-0.578307918,0.534056253
EWSR1-K393,EWSR1,-0.054,0.760757726,0.118753628,-0.118753628,1,0.105,0.002802288,2.55248717,2.55248717,0.044398623
EWSR1-K444,EWSR1,-0.00757,0.984161536,0.006933613,-0.006933613,1,0.105,0.002802288,2.55248717,2.55248717,0.044398623
EWSR1-K646,EWSR1,0.206,0.053534958,1.271362531,1.271362531,0.67940945,0.105,0.002802288,2.55248717,2.55248717,0.044398623
EWSR1-K649,EWSR1,-0.173802085,0.498637433,0.302215122,-0.302215122,0.971766598,0.105,0.002802288,2.55248717,2.55248717,0.044398623
EXOC1-K722,EXOC1,-0.0911,0.436281366,0.360233336,-0.360233336,0.961720515,-0.105,0.10348524,0.98512159,-0.98512159,0.322980902
EXOC3-K28,EXOC3,0.1037,0.306884719,0.513024736,0.513024736,0.920825313,-0.07,0.117796329,0.928868244,-0.928868244,0.347749082
EXOC4-K486,EXOC4,0.019375,0.904712762,0.043489283,0.043489283,1,-0.13,0.008261283,2.082952494,-2.082952494,0.079398912
EXOC6B-K600,EXOC6B,-0.079455,1,0,0,1,-0.265,4.01E-04,3.396623929,-3.396623929,0.014817169
EXOC7-K668,EXOC7,0.3561,1,0,0,1,-0.14,0.00230371,2.637572275,-2.637572275,0.039817393
EXOSC10-K102,EXOSC10,-0.12755,0.216270503,0.66500271,-0.66500271,0.874300916,0.225,3.32E-04,3.479303288,3.479303288,0.013146234
EXOSC10-K851,EXOSC10,1.596,0.435120435,0.36139052,0.36139052,0.961720515,0.225,3.32E-04,3.479303288,3.479303288,0.013146234
EXOSC10-K856,EXOSC10,1.596,0.435120435,0.36139052,0.36139052,0.961720515,0.225,3.32E-04,3.479303288,3.479303288,0.013146234
EXOSC2-K94,EXOSC2,-0.095,0.116412561,0.934000157,-0.934000157,0.784159192,0.22,0.006927226,2.159440661,2.159440661,0.072462426
EXOSC9-K281,EXOSC9,-0.1467,0.237193921,0.624896446,-0.624896446,0.879057947,0.405,2.21E-04,3.654633463,3.654633463,0.01045191
EXOSC9-K297,EXOSC9,0.0089,0.623529412,0.205143056,0.205143056,1,0.405,2.21E-04,3.654633463,3.654633463,0.01045191
EXOSC9-K436,EXOSC9,0.31,0.657618009,0.182026302,0.182026302,1,0.405,2.21E-04,3.654633463,3.654633463,0.01045191
EZR-K60,EZR,-0.2385,0.309053266,0.509966663,-0.509966663,0.920825313,0.455,0.046020235,1.337051172,1.337051172,0.207508119
EZR-K64,EZR,0.41,0.027830942,1.555472091,1.555472091,0.591058584,0.455,0.046020235,1.337051172,1.337051172,0.207508119
F2-K467,F2,0.04567,0.596491228,0.224395939,0.224395939,1,1.03,0.032160203,1.492681221,1.492681221,0.169739523
FABP5-K103,FABP5,0.3632,0.859140859,0.065935626,0.065935626,1,-0.14,0.404393341,0.393196004,-0.393196004,0.660457421
FABP5-K50,FABP5,-0.041965,0.696797019,0.156893716,-0.156893716,1,-0.14,0.404393341,0.393196004,-0.393196004,0.660457421
FABP5-K55,FABP5,0.1596,0.54002171,0.26758878,0.26758878,0.985500784,-0.14,0.404393341,0.393196004,-0.393196004,0.660457421
FABP5-K61,FABP5,0.1339,0.637300081,0.195656026,0.195656026,1,-0.14,0.404393341,0.393196004,-0.393196004,0.660457421
FABP5-K72,FABP5,0.0685,0.527937651,0.277417364,0.277417364,0.982788878,-0.14,0.404393341,0.393196004,-0.393196004,0.660457421
FAF2-K343,FAF2,-0.372,0.2,0.698970004,-0.698970004,0.859405482,0.05,0.114411431,0.941530583,0.941530583,0.341855012
FAH-K241,FAH,0.11775,0.929801408,0.031609801,0.031609801,1,-0.045,0.8271216,0.082430638,-0.082430638,0.924544113
FAHD1-K113,FAHD1,-1.371,0.004897279,2.310045114,-2.310045114,0.377682496,0.19,0.04821496,1.316818189,1.316818189,0.212749001
FAHD1-K114,FAHD1,-0.91755,0.028571429,1.544068044,-1.544068044,0.591058584,0.19,0.04821496,1.316818189,1.316818189,0.212749001
FAHD1-K139,FAHD1,-0.4768,0.00641619,2.192722809,-2.192722809,0.405665034,0.19,0.04821496,1.316818189,1.316818189,0.212749001
FAM107B-K217,FAM107B,-0.09345,0.60952381,0.215009325,-0.215009325,1,0.035,0.23163037,0.635204499,0.635204499,0.497292831
FAM129B-K467,FAM129B,-0.14,0.276771846,0.557878089,-0.557878089,0.906076353,0.09,0.283696729,0.547145672,0.547145672,0.554143923
FAM129B-K479,FAM129B,-0.085,0.745455435,0.127578315,-0.127578315,1,0.09,0.283696729,0.547145672,0.547145672,0.554143923
FAM136A-K196,FAM136A,0.25225,0.247534106,0.606364955,0.606364955,0.892241579,0.16,0.017192025,1.764672976,1.764672976,0.12011625
FAM185A-K163,FAM185A,0.353,0.928439055,0.032246599,0.032246599,1,-0.205,0.01420281,1.847625729,-1.847625729,0.108142413
FAM192A-K165,FAM192A,0.19555,0.159987072,0.79591511,0.79591511,0.84636288,0.08,0.097288199,1.011939835,1.011939835,0.312947693
FAM192A-K172,FAM192A,-0.1496,0.841269841,0.07506468,-0.07506468,1,0.08,0.097288199,1.011939835,1.011939835,0.312947693
FAM192A-K184,FAM192A,0.026,0.431255701,0.365265151,0.365265151,0.961720515,0.08,0.097288199,1.011939835,1.011939835,0.312947693
FAM192A-K195,FAM192A,0.5983,0.05028858,1.298530623,1.298530623,0.675448457,0.08,0.097288199,1.011939835,1.011939835,0.312947693
FAM208B-K1122,FAM208B,-0.051069,0.841888912,0.07474521,-0.07474521,1,-0.07,0.051043683,1.292057997,-1.292057997,0.219058562
FAM208B-K490,FAM208B,0.46165,0.056127574,1.25082373,1.25082373,0.68202138,-0.07,0.051043683,1.292057997,-1.292057997,0.219058562
FAM49B-K92,FAM49B,-0.28175,0.342857143,0.464886798,-0.464886798,0.930954294,0.155,0.092441251,1.034134186,1.034134186,0.304061878
FAM98A-K245,FAM98A,-0.24515,0.606281774,0.217325487,-0.217325487,1,0.065,0.626622749,0.202993843,0.202993843,0.813518292
FAM98B-K187,FAM98B,-0.06385,0.434867312,0.361643236,-0.361643236,0.961720515,0.255,0.008521494,2.069484246,2.069484246,0.081019484
FARP1-K799,FARP1,-0.8396635,0.2,0.698970004,-0.698970004,0.859405482,0.03,0.84260253,0.074377241,0.074377241,0.931897251
FARSA-K315,FARSA,-0.082,0.240621418,0.618665718,-0.618665718,0.884126237,0.26,0.002230411,2.651615161,2.651615161,0.038825109
FARSB-K202,FARSB,0.06985,0.445221445,0.351423925,0.351423925,0.961720515,0.07,0.151418542,0.819820941,0.819820941,0.394709756
FASN-K1116,FASN,0.4632655,0.485714286,0.313619123,0.313619123,0.967568225,0.49,0.011528941,1.938210574,1.938210574,0.096307677
FASN-K1239,FASN,0.240275,0.056294015,1.249537776,1.249537776,0.68202138,0.49,0.011528941,1.938210574,1.938210574,0.096307677
FASN-K1582,FASN,0.26535,0.017678371,1.752557752,1.752557752,0.537085752,0.49,0.011528941,1.938210574,1.938210574,0.096307677
FASN-K1704,FASN,0.05612,0.36217642,0.441079829,0.441079829,0.936845827,0.49,0.011528941,1.938210574,1.938210574,0.096307677
FASN-K1752,FASN,-0.11848,0.89609767,0.047644652,-0.047644652,1,0.49,0.011528941,1.938210574,1.938210574,0.096307677
FASN-K1827,FASN,0.0165,0.885714286,0.052706351,0.052706351,1,0.49,0.011528941,1.938210574,1.938210574,0.096307677
FASN-K1847,FASN,0.313125,0.071369214,1.146489085,1.146489085,0.735103698,0.49,0.011528941,1.938210574,1.938210574,0.096307677
FASN-K1911,FASN,0.036065,0.927272727,0.032792513,0.032792513,1,0.49,0.011528941,1.938210574,1.938210574,0.096307677
FASN-K1927,FASN,0.647,0.329294189,0.482415934,0.482415934,0.930954294,0.49,0.011528941,1.938210574,1.938210574,0.096307677
FASN-K1993,FASN,-0.1132,0.986510097,0.005898465,-0.005898465,1,0.49,0.011528941,1.938210574,1.938210574,0.096307677
FASN-K1995,FASN,0.211,0.481499301,0.317404339,0.317404339,0.967568225,0.49,0.011528941,1.938210574,1.938210574,0.096307677
FASN-K213,FASN,0.09395,0.687686786,0.162609321,0.162609321,1,0.49,0.011528941,1.938210574,1.938210574,0.096307677
FASN-K2406,FASN,0.0247,0.967193962,0.014486423,0.014486423,1,0.49,0.011528941,1.938210574,1.938210574,0.096307677
FASN-K2438,FASN,0.04644,0.628205128,0.201898523,0.201898523,1,0.49,0.011528941,1.938210574,1.938210574,0.096307677
FASN-K2449,FASN,0.15183,0.276592401,0.558159756,0.558159756,0.906076353,0.49,0.011528941,1.938210574,1.938210574,0.096307677
FASN-K298,FASN,0.649,0.073032394,1.136484465,1.136484465,0.735103698,0.49,0.011528941,1.938210574,1.938210574,0.096307677
FASN-K436,FASN,-0.104,0.799673877,0.097087091,-0.097087091,1,0.49,0.011528941,1.938210574,1.938210574,0.096307677
FASN-K673,FASN,0.4449,0.021854941,1.660450353,1.660450353,0.553711116,0.49,0.011528941,1.938210574,1.938210574,0.096307677
FASN-K70,FASN,0.28065,0.180569431,0.743355772,0.743355772,0.859405482,0.49,0.011528941,1.938210574,1.938210574,0.096307677
FASN-K786,FASN,0.252,0.215826763,0.665894702,0.665894702,0.874300916,0.49,0.011528941,1.938210574,1.938210574,0.096307677
FAU-K125,FAU,0.27075,0.313707966,0.503474453,0.503474453,0.920825313,0.115,0.304209671,0.516826984,0.516826984,0.575150455
FAU-K92,FAU,0.42065,0.30952381,0.509305938,0.509305938,0.920825313,0.115,0.304209671,0.516826984,0.516826984,0.575150455
FBL-K102,FBL,-0.12895,0.226839724,0.64428089,-0.64428089,0.879057947,0.035,0.212834245,0.671958493,0.671958493,0.474295682
FBL-K109,FBL,-0.1666,0.4703379,0.327590024,-0.327590024,0.967568225,0.035,0.212834245,0.671958493,0.671958493,0.474295682
FBL-K121,FBL,-0.14684,0.117241089,0.930920155,-0.930920155,0.78600476,0.035,0.212834245,0.671958493,0.671958493,0.474295682
FBL-K205,FBL,-0.12135,0.361163005,0.442296742,-0.442296742,0.936845827,0.035,0.212834245,0.671958493,0.671958493,0.474295682
FBL-K284,FBL,-0.03525,0.885714286,0.052706351,-0.052706351,1,0.035,0.212834245,0.671958493,0.671958493,0.474295682
FBL-K84,FBL,0.01565,0.662337662,0.178920549,0.178920549,1,0.035,0.212834245,0.671958493,0.671958493,0.474295682
FBLN1-K187,FBLN1,-1.514,0.08173535,1.087590075,-1.087590075,0.758754874,-0.965,8.67E-04,3.061841797,-3.061841797,0.023072997
FBLN1-K291,FBLN1,-1.1229,0.392879257,0.4057409,-0.4057409,0.953727646,-0.965,8.67E-04,3.061841797,-3.061841797,0.023072997
FBLN1-K385,FBLN1,-0.344,0.333879599,0.476410117,-0.476410117,0.930954294,-0.965,8.67E-04,3.061841797,-3.061841797,0.023072997
FBLN1-K571,FBLN1,0.4941,0.270270699,0.568201035,0.568201035,0.902857656,-0.965,8.67E-04,3.061841797,-3.061841797,0.023072997
FBLN1-K59,FBLN1,0.2021,0.779050568,0.108434352,0.108434352,1,-0.965,8.67E-04,3.061841797,-3.061841797,0.023072997
FBLN1-K649,FBLN1,0.0728,0.742986425,0.129019121,0.129019121,1,-0.965,8.67E-04,3.061841797,-3.061841797,0.023072997
FBN1-K1027,FBN1,-0.651,0.162210004,0.789922364,-0.789922364,0.848347798,-0.345,0.083242216,1.079656369,-1.079656369,0.286893273
FBN1-K1836,FBN1,-0.10425,1,0,0,1,-0.345,0.083242216,1.079656369,-1.079656369,0.286893273
FBN1-K2387,FBN1,0.1273,0.370962371,0.430670141,0.430670141,0.938794148,-0.345,0.083242216,1.079656369,-1.079656369,0.286893273
FBN1-K666,FBN1,-0.835,0.375855147,0.424979498,-0.424979498,0.943988084,-0.345,0.083242216,1.079656369,-1.079656369,0.286893273
FBXL17-K211,FBXL17,-0.0745,0.702349662,0.153446622,-0.153446622,1,-0.19,0.247459667,0.606495576,-0.606495576,0.516687194
FBXO22-K194,FBXO22,0.019,0.361147114,0.442315852,0.442315852,0.936845827,0.12,0.137772326,0.860838008,0.860838008,0.374363264
FBXO7-K289,FBXO7,0.035,0.824256061,0.083937851,0.083937851,1,0.015,0.800122569,0.096843479,0.096843479,0.910115278
FDPS-K123,FDPS,0.27465,0.04817604,1.317168897,1.317168897,0.664840525,0.355,0.022414047,1.649479726,1.649479726,0.139432334
FDPS-K295,FDPS,-0.03575,0.73015873,0.136582718,-0.136582718,1,0.355,0.022414047,1.649479726,1.649479726,0.139432334
FDXR-K330,FDXR,0.0693155,0.623614601,0.205083725,0.205083725,1,0.17,0.279216754,0.554058527,0.554058527,0.549403729
FDXR-K419,FDXR,0.04273,0.972712253,0.012015613,0.012015613,1,0.17,0.279216754,0.554058527,0.554058527,0.549403729
FEN1-K375,FEN1,0.2615,0.030474656,1.516061195,1.516061195,0.593457358,0.6,9.00E-05,4.045589678,4.045589678,0.006577385
FERMT2-K462,FERMT2,0.0735,0.537005775,0.270021044,0.270021044,0.985100566,-0.125,0.444644754,0.351986828,-0.351986828,0.6941194
FERMT3-K419,FERMT3,0.2082,0.69047619,0.160851292,0.160851292,1,0.09,0.427120233,0.369449855,0.369449855,0.679912643
FGA-K148,FGA,-0.1954,0.24430622,0.612065476,-0.612065476,0.891133603,1.19,0.031356501,1.503672411,1.503672411,0.16786993
FGA-K157,FGA,0.2934,0.012467254,1.904229189,1.904229189,0.501718574,1.19,0.031356501,1.503672411,1.503672411,0.16786993
FGA-K167,FGA,-0.208,0.205079558,0.688077627,-0.688077627,0.865453,1.19,0.031356501,1.503672411,1.503672411,0.16786993
FGA-K202,FGA,0.4225,0.272127872,0.565226974,0.565226974,0.902857656,1.19,0.031356501,1.503672411,1.503672411,0.16786993
FGA-K225,FGA,-0.1065,0.597587342,0.22359861,-0.22359861,1,1.19,0.031356501,1.503672411,1.503672411,0.16786993
FGA-K432,FGA,0.559,0.106074009,0.974391019,0.974391019,0.776434795,1.19,0.031356501,1.503672411,1.503672411,0.16786993
FGA-K437,FGA,0.1035,0.505560906,0.296226517,0.296226517,0.973031198,1.19,0.031356501,1.503672411,1.503672411,0.16786993
FGA-K448,FGA,-0.83287,0.505260337,0.296484793,-0.296484793,0.973031198,1.19,0.031356501,1.503672411,1.503672411,0.16786993
FGA-K463,FGA,0.2752,0.741663178,0.129793283,0.129793283,1,1.19,0.031356501,1.503672411,1.503672411,0.16786993
FGA-K467,FGA,-0.402,0.431189633,0.365331689,-0.365331689,0.961720515,1.19,0.031356501,1.503672411,1.503672411,0.16786993
FGA-K575,FGA,-0.0995,0.818181818,0.087150176,-0.087150176,1,1.19,0.031356501,1.503672411,1.503672411,0.16786993
FGA-K97,FGA,-0.011,0.730861244,0.136165067,-0.136165067,1,1.19,0.031356501,1.503672411,1.503672411,0.16786993
FGB-K178,FGB,0.094,0.787878788,0.103540592,0.103540592,1,0.32,0.085032501,1.070415047,1.070415047,0.290148816
FGB-K247,FGB,-0.003,0.533283562,0.273041803,-0.273041803,0.984176452,0.32,0.085032501,1.070415047,1.070415047,0.290148816
FGB-K313,FGB,0.1969,0.734416642,0.13405749,0.13405749,1,0.32,0.085032501,1.070415047,1.070415047,0.290148816
FGB-K353,FGB,0.0288125,0.754578755,0.122295427,0.122295427,1,0.32,0.085032501,1.070415047,1.070415047,0.290148816
FGB-K374,FGB,0.735,0.57895701,0.237353683,0.237353683,0.999537588,0.32,0.085032501,1.070415047,1.070415047,0.290148816
FGB-K77,FGB,0.373,0.495435183,0.305013156,0.305013156,0.969748262,0.32,0.085032501,1.070415047,1.070415047,0.290148816
FGB-K83,FGB,-0.3445,0.954645355,0.020157936,-0.020157936,1,0.32,0.085032501,1.070415047,1.070415047,0.290148816
FGF2-K194,FGF2,-0.5335,0.342857143,0.464886798,-0.464886798,0.930954294,-0.255,0.231642617,0.635181537,-0.635181537,0.497292831
FGG-K153,FGG,0.26395,0.316385593,0.499783301,0.499783301,0.920825313,0.73,0.232360436,0.633837817,0.633837817,0.498677673
FGG-K166,FGG,0.3216,0.259324009,0.586157273,0.586157273,0.89910915,0.73,0.232360436,0.633837817,0.633837817,0.498677673
FGG-K231,FGG,0.4619,0.56969697,0.244356091,0.244356091,0.993833698,0.73,0.232360436,0.633837817,0.633837817,0.498677673
FGG-K292,FGG,0.0196,0.498910312,0.30197752,0.30197752,0.971766598,0.73,0.232360436,0.633837817,0.633837817,0.498677673
FGG-K84,FGG,-0.0777,0.963585434,0.016109774,-0.016109774,1,0.73,0.232360436,0.633837817,0.633837817,0.498677673
FH-K122,FH,0.1637,0.23663507,0.625920891,0.625920891,0.879057947,0.3,0.006235623,2.205120126,2.205120126,0.068467613
FH-K172,FH,-0.0648,0.424848722,0.371765684,-0.371765684,0.961720515,0.3,0.006235623,2.205120126,2.205120126,0.068467613
FH-K256,FH,-0.0639,0.77323966,0.111685879,-0.111685879,1,0.3,0.006235623,2.205120126,2.205120126,0.068467613
FH-K292,FH,0.10835,0.655115376,0.183682207,0.183682207,1,0.3,0.006235623,2.205120126,2.205120126,0.068467613
FH-K502,FH,0.26215,0.485714286,0.313619123,0.313619123,0.967568225,0.3,0.006235623,2.205120126,2.205120126,0.068467613
FH-K61,FH,0.15975,0.288191376,0.540319019,0.540319019,0.9114588,0.3,0.006235623,2.205120126,2.205120126,0.068467613
FH-K66,FH,0.01294,0.430579681,0.365946468,0.365946468,0.961720515,0.3,0.006235623,2.205120126,2.205120126,0.068467613
FH-K80,FH,0.08625,0.956463446,0.019331623,0.019331623,1,0.3,0.006235623,2.205120126,2.205120126,0.068467613
FH-K94,FH,-0.182,0.661172161,0.179685441,-0.179685441,1,0.3,0.006235623,2.205120126,2.205120126,0.068467613
FHL1-K106,FHL1,-0.282,0.369307835,0.432611479,-0.432611479,0.938794148,-0.435,0.167670706,0.775542808,-0.775542808,0.417525314
FHL1-K118,FHL1,-0.211825,0.316620685,0.499460716,-0.499460716,0.920825313,-0.435,0.167670706,0.775542808,-0.775542808,0.417525314
FHL1-K124,FHL1,-0.102,0.984174128,0.006928056,-0.006928056,1,-0.435,0.167670706,0.775542808,-0.775542808,0.417525314
FHL1-K164,FHL1,-0.894,0.11286271,0.947449527,-0.947449527,0.776434795,-0.435,0.167670706,0.775542808,-0.775542808,0.417525314
FHL1-K22,FHL1,-0.676,0.26478864,0.577100651,-0.577100651,0.899293861,-0.435,0.167670706,0.775542808,-0.775542808,0.417525314
FHL1-K30,FHL1,-0.29775,0.601918112,0.220462589,-0.220462589,1,-0.435,0.167670706,0.775542808,-0.775542808,0.417525314
FHL1-K34,FHL1,0.126,0.851282051,0.069926523,0.069926523,1,-0.435,0.167670706,0.775542808,-0.775542808,0.417525314
FHL1-K57,FHL1,0.07,0.691518977,0.160195897,0.160195897,1,-0.435,0.167670706,0.775542808,-0.775542808,0.417525314
FHL1-K70,FHL1,0.061,0.869266106,0.060847254,0.060847254,1,-0.435,0.167670706,0.775542808,-0.775542808,0.417525314
FHL1-K83,FHL1,-0.219,0.484593968,0.314621996,-0.314621996,0.967568225,-0.435,0.167670706,0.775542808,-0.775542808,0.417525314
FHL1-K86,FHL1,-0.452,0.220251471,0.657081183,-0.657081183,0.875622157,-0.435,0.167670706,0.775542808,-0.775542808,0.417525314
FHL1-K91,FHL1,-0.16,0.222031381,0.65358564,-0.65358564,0.875622157,-0.435,0.167670706,0.775542808,-0.775542808,0.417525314
FHL2-K252,FHL2,-0.192,0.152837977,0.815768719,-0.815768719,0.834881371,-1.135,3.80E-04,3.420339255,-3.420339255,0.01438775
FHL3-K157,FHL3,-0.1681,0.829075246,0.081406052,-0.081406052,1,-0.335,0.01104727,1.956745045,-1.956745045,0.094012603
FHL3-K235,FHL3,0.243515,0.478020022,0.320553912,0.320553912,0.967568225,-0.335,0.01104727,1.956745045,-1.956745045,0.094012603
FILIP1L-K450,FILIP1L,0.366,0.128465772,0.891212568,0.891212568,0.806415733,-0.275,0.181833907,0.740325129,-0.740325129,0.43605059
FIP1L1-K294,FIP1L1,0.133,0.627727303,0.202228981,0.202228981,1,0.055,0.758232538,0.120197583,0.120197583,0.888023757
FIS1-K46,FIS1,-0.2606,0.448650079,0.348092252,-0.348092252,0.962588277,-0.21,0.055356448,1.256831785,-1.256831785,0.228354944
FKBP1A-K48,FKBP1A,0.16995,0.389145877,0.409887566,0.409887566,0.951245477,-0.065,0.178545504,0.748251081,-0.748251081,0.431377743
FKBP1A-K53,FKBP1A,-0.155885,0.607330139,0.216575167,-0.216575167,1,-0.065,0.178545504,0.748251081,-0.748251081,0.431377743
FKBP2-K101,FKBP2,-0.3447,0.092702367,1.032909178,-1.032909178,0.776434795,0.01,0.739439482,0.131097364,0.131097364,0.878558499
FKBP3-K154,FKBP3,-0.11900417,0.725851699,0.139152102,-0.139152102,1,0.125,0.02211022,1.65540694,1.65540694,0.138513724
FKBP3-K170,FKBP3,0.2018,0.216237217,0.665069557,0.665069557,0.874300916,0.125,0.02211022,1.65540694,1.65540694,0.138513724
FKBP7-K70,FKBP7,-0.5279,0.010358399,1.984707372,-1.984707372,0.484811693,-0.545,5.03E-04,3.298575016,-3.298575016,0.016894593
FLII-K1029,FLII,0.0536,0.904761905,0.043465694,0.043465694,1,0.115,0.528433179,0.277009922,0.277009922,0.750517953
FLII-K21,FLII,0.3048,0.052843671,1.277007024,1.277007024,0.67940945,0.115,0.528433179,0.277009922,0.277009922,0.750517953
FLNA-K1003,FLNA,0.238,0.77410958,0.111197558,0.111197558,1,-0.35,0.528472135,0.276977907,-0.276977907,0.750517953
FLNA-K1007,FLNA,0.1705,0.9144251,0.038851861,0.038851861,1,-0.35,0.528472135,0.276977907,-0.276977907,0.750517953
FLNA-K1019,FLNA,-0.195,0.226551597,0.644832872,-0.644832872,0.879057947,-0.35,0.528472135,0.276977907,-0.276977907,0.750517953
FLNA-K1162,FLNA,-0.0905,0.528391235,0.277044395,-0.277044395,0.982788878,-0.35,0.528472135,0.276977907,-0.276977907,0.750517953
FLNA-K1164,FLNA,-0.3705,0.108337678,0.965220477,-0.965220477,0.776434795,-0.35,0.528472135,0.276977907,-0.276977907,0.750517953
FLNA-K1246,FLNA,0.068,0.924136321,0.03426396,0.03426396,1,-0.35,0.528472135,0.276977907,-0.276977907,0.750517953
FLNA-K1294,FLNA,-0.415,1,9.64E-17,-9.64E-17,1,-0.35,0.528472135,0.276977907,-0.276977907,0.750517953
FLNA-K1372,FLNA,0.7306,0.557278112,0.253928014,0.253928014,0.990772801,-0.35,0.528472135,0.276977907,-0.276977907,0.750517953
FLNA-K1375,FLNA,-0.604,0.214585647,0.66839933,-0.66839933,0.874300916,-0.35,0.528472135,0.276977907,-0.276977907,0.750517953
FLNA-K1399,FLNA,0.4586,0.305734019,0.514656235,0.514656235,0.920825313,-0.35,0.528472135,0.276977907,-0.276977907,0.750517953
FLNA-K1450,FLNA,0.0435,0.384884559,0.414669512,0.414669512,0.9476637,-0.35,0.528472135,0.276977907,-0.276977907,0.750517953
FLNA-K1477,FLNA,-0.2145,0.085907678,1.06596802,-1.06596802,0.773258044,-0.35,0.528472135,0.276977907,-0.276977907,0.750517953
FLNA-K1538,FLNA,-0.421,0.17144265,0.76588113,-0.76588113,0.858569025,-0.35,0.528472135,0.276977907,-0.276977907,0.750517953
FLNA-K1547,FLNA,-0.0715,0.929235981,0.031873982,-0.031873982,1,-0.35,0.528472135,0.276977907,-0.276977907,0.750517953
FLNA-K1590,FLNA,0.0215,0.656456587,0.18279399,0.18279399,1,-0.35,0.528472135,0.276977907,-0.276977907,0.750517953
FLNA-K1824,FLNA,0.694,0.063671622,1.196054083,1.196054083,0.71154052,-0.35,0.528472135,0.276977907,-0.276977907,0.750517953
FLNA-K2000,FLNA,-0.17035,0.27859064,0.55503348,-0.55503348,0.909244101,-0.35,0.528472135,0.276977907,-0.276977907,0.750517953
FLNA-K2024,FLNA,-0.253,0.361416822,0.441991637,-0.441991637,0.936845827,-0.35,0.528472135,0.276977907,-0.276977907,0.750517953
FLNA-K2165,FLNA,0.0387,0.691566183,0.160166252,0.160166252,1,-0.35,0.528472135,0.276977907,-0.276977907,0.750517953
FLNA-K220,FLNA,-0.557,0.142349731,0.846643348,-0.846643348,0.820443268,-0.35,0.528472135,0.276977907,-0.276977907,0.750517953
FLNA-K2215,FLNA,-0.5065,0.198590854,0.702040756,-0.702040756,0.859405482,-0.35,0.528472135,0.276977907,-0.276977907,0.750517953
FLNA-K2217,FLNA,-0.3205,0.247441124,0.60652812,-0.60652812,0.892241579,-0.35,0.528472135,0.276977907,-0.276977907,0.750517953
FLNA-K2240,FLNA,0.1135,0.703361345,0.152821503,0.152821503,1,-0.35,0.528472135,0.276977907,-0.276977907,0.750517953
FLNA-K2289,FLNA,-0.1875,0.455545616,0.341468129,-0.341468129,0.9663303,-0.35,0.528472135,0.276977907,-0.276977907,0.750517953
FLNA-K2346,FLNA,0.02665,0.904882093,0.043408006,0.043408006,1,-0.35,0.528472135,0.276977907,-0.276977907,0.750517953
FLNA-K2387,FLNA,-0.61405,0.045474492,1.342232142,-1.342232142,0.647485954,-0.35,0.528472135,0.276977907,-0.276977907,0.750517953
FLNA-K2405,FLNA,-0.0985,0.820081879,0.086142784,-0.086142784,1,-0.35,0.528472135,0.276977907,-0.276977907,0.750517953
FLNA-K2417,FLNA,-0.064,0.544858656,0.263716145,-0.263716145,0.988325888,-0.35,0.528472135,0.276977907,-0.276977907,0.750517953
FLNA-K2473,FLNA,-0.6595,0.037145046,1.430099096,-1.430099096,0.620853275,-0.35,0.528472135,0.276977907,-0.276977907,0.750517953
FLNA-K2513,FLNA,0.0093,0.680396534,0.167237908,0.167237908,1,-0.35,0.528472135,0.276977907,-0.276977907,0.750517953
FLNA-K2559,FLNA,-0.21125,0.282670197,0.548719978,-0.548719978,0.909317859,-0.35,0.528472135,0.276977907,-0.276977907,0.750517953
FLNA-K2563,FLNA,-0.292,0.074580037,1.127377406,-1.127377406,0.735568256,-0.35,0.528472135,0.276977907,-0.276977907,0.750517953
FLNA-K2569,FLNA,-0.0715,0.496539565,0.30404614,-0.30404614,0.969924879,-0.35,0.528472135,0.276977907,-0.276977907,0.750517953
FLNA-K2575,FLNA,-0.112,0.707632571,0.150192185,-0.150192185,1,-0.35,0.528472135,0.276977907,-0.276977907,0.750517953
FLNA-K2584,FLNA,-0.24615,0.254436077,0.594421308,-0.594421308,0.896059652,-0.35,0.528472135,0.276977907,-0.276977907,0.750517953
FLNA-K2607,FLNA,-0.10175,0.295016147,0.530154213,-0.530154213,0.916922529,-0.35,0.528472135,0.276977907,-0.276977907,0.750517953
FLNA-K2621,FLNA,-0.19,0.136567085,0.86465396,-0.86465396,0.814916032,-0.35,0.528472135,0.276977907,-0.276977907,0.750517953
FLNA-K2623,FLNA,0.202,0.698675121,0.155724721,0.155724721,1,-0.35,0.528472135,0.276977907,-0.276977907,0.750517953
FLNA-K2631,FLNA,0.205,0.379120879,0.421222297,0.421222297,0.945030662,-0.35,0.528472135,0.276977907,-0.276977907,0.750517953
FLNA-K299,FLNA,-0.087,0.581709404,0.235293915,-0.235293915,1,-0.35,0.528472135,0.276977907,-0.276977907,0.750517953
FLNA-K300,FLNA,0.3072,0.566293184,0.246958666,0.246958666,0.993833698,-0.35,0.528472135,0.276977907,-0.276977907,0.750517953
FLNA-K33,FLNA,-0.0425,0.714852141,0.145783777,-0.145783777,1,-0.35,0.528472135,0.276977907,-0.276977907,0.750517953
FLNA-K338,FLNA,-0.5005,0.254753479,0.593879876,-0.593879876,0.896059652,-0.35,0.528472135,0.276977907,-0.276977907,0.750517953
FLNA-K367,FLNA,0.0075,0.695456033,0.157730321,0.157730321,1,-0.35,0.528472135,0.276977907,-0.276977907,0.750517953
FLNA-K376,FLNA,-0.049,0.987043445,0.005663731,-0.005663731,1,-0.35,0.528472135,0.276977907,-0.276977907,0.750517953
FLNA-K383,FLNA,-0.3785,0.629270798,0.201162421,-0.201162421,1,-0.35,0.528472135,0.276977907,-0.276977907,0.750517953
FLNA-K504,FLNA,0.0415,0.972286151,0.0122059,0.0122059,1,-0.35,0.528472135,0.276977907,-0.276977907,0.750517953
FLNA-K569,FLNA,-0.1185,0.24698897,0.607322441,-0.607322441,0.892241579,-0.35,0.528472135,0.276977907,-0.276977907,0.750517953
FLNA-K578,FLNA,-0.386,0.03578537,1.446294485,-1.446294485,0.61764214,-0.35,0.528472135,0.276977907,-0.276977907,0.750517953
FLNA-K58,FLNA,-0.088,0.335290783,0.474578385,-0.474578385,0.930954294,-0.35,0.528472135,0.276977907,-0.276977907,0.750517953
FLNA-K684,FLNA,0.06,0.818121877,0.087181994,0.087181994,1,-0.35,0.528472135,0.276977907,-0.276977907,0.750517953
FLNA-K691,FLNA,0.173,0.725785636,0.139191631,0.139191631,1,-0.35,0.528472135,0.276977907,-0.276977907,0.750517953
FLNA-K700,FLNA,-0.236225,0.102511155,0.989228875,-0.989228875,0.776434795,-0.35,0.528472135,0.276977907,-0.276977907,0.750517953
FLNA-K704,FLNA,-0.906,0.05926037,1.227235642,-1.227235642,0.698068054,-0.35,0.528472135,0.276977907,-0.276977907,0.750517953
FLNA-K724,FLNA,0.34315,0.110486135,0.956692217,0.956692217,0.776434795,-0.35,0.528472135,0.276977907,-0.276977907,0.750517953
FLNA-K771,FLNA,-0.0295,0.952518002,0.021126808,-0.021126808,1,-0.35,0.528472135,0.276977907,-0.276977907,0.750517953
FLNA-K781,FLNA,-0.3545,0.528498101,0.276956569,-0.276956569,0.982788878,-0.35,0.528472135,0.276977907,-0.276977907,0.750517953
FLNA-K837,FLNA,0.215425,0.806940332,0.093158577,0.093158577,1,-0.35,0.528472135,0.276977907,-0.276977907,0.750517953
FLNA-K865,FLNA,-0.0215,0.8560028,0.067524815,-0.067524815,1,-0.35,0.528472135,0.276977907,-0.276977907,0.750517953
FLNA-K874,FLNA,-0.249,0.363757748,0.439187747,-0.439187747,0.936845827,-0.35,0.528472135,0.276977907,-0.276977907,0.750517953
FLNA-K876,FLNA,-0.3875,0.226403562,0.645116744,-0.645116744,0.879057947,-0.35,0.528472135,0.276977907,-0.276977907,0.750517953
FLNA-K891,FLNA,-0.2231,0.412121212,0.384975032,-0.384975032,0.956240488,-0.35,0.528472135,0.276977907,-0.276977907,0.750517953
FLNA-K906,FLNA,-0.2285,0.645421254,0.190156737,-0.190156737,1,-0.35,0.528472135,0.276977907,-0.276977907,0.750517953
FLNA-K936,FLNA,0.0375,0.781617097,0.10700595,0.10700595,1,-0.35,0.528472135,0.276977907,-0.276977907,0.750517953
FLNA-K975,FLNA,-0.0145,1,0,0,1,-0.35,0.528472135,0.276977907,-0.276977907,0.750517953
FLNA-K987,FLNA,-0.112,0.658999497,0.181114917,-0.181114917,1,-0.35,0.528472135,0.276977907,-0.276977907,0.750517953
FLNA-K994,FLNA,-0.0625,0.543511683,0.264791117,-0.264791117,0.9871545,-0.35,0.528472135,0.276977907,-0.276977907,0.750517953
FLNB-K1986,FLNB,0.58548,0.079647649,1.098827042,1.098827042,0.757639694,0.17,0.390522496,0.408353943,0.408353943,0.648995175
FLNB-K2201,FLNB,-0.0295,0.681965094,0.166237854,-0.166237854,1,0.17,0.390522496,0.408353943,0.408353943,0.648995175
FLNB-K2391,FLNB,-0.0016375,0.513486513,0.289470958,-0.289470958,0.978454616,0.17,0.390522496,0.408353943,0.408353943,0.648995175
FLNB-K31,FLNB,-0.2021,0.797202797,0.098431186,-0.098431186,1,0.17,0.390522496,0.408353943,0.408353943,0.648995175
FLNB-K607,FLNB,0.21446,0.287865382,0.54081056,0.54081056,0.911425176,0.17,0.390522496,0.408353943,0.408353943,0.648995175
FLNB-K677,FLNB,-0.0065,0.885714286,0.052706351,-0.052706351,1,0.17,0.390522496,0.408353943,0.408353943,0.648995175
FLNB-K681,FLNB,0.0286,0.57135826,0.24309149,0.24309149,0.993833698,0.17,0.390522496,0.408353943,0.408353943,0.648995175
FLNC-K1014,FLNC,-0.31875,0.070229826,1.153478411,-1.153478411,0.735103698,-0.245,0.720837755,0.142162474,-0.142162474,0.867551987
FLNC-K113,FLNC,0.37455,0.648484848,0.188100167,0.188100167,1,-0.245,0.720837755,0.142162474,-0.142162474,0.867551987
FLNC-K1394,FLNC,0.4365,0.198601399,0.702017697,0.702017697,0.859405482,-0.245,0.720837755,0.142162474,-0.142162474,0.867551987
FLNC-K1398,FLNC,0.966,0.23000516,0.638262421,0.638262421,0.879057947,-0.245,0.720837755,0.142162474,-0.142162474,0.867551987
FLNC-K1831,FLNC,-0.47565,0.041767938,1.379156966,-1.379156966,0.631716774,-0.245,0.720837755,0.142162474,-0.142162474,0.867551987
FLNC-K1907,FLNC,-0.193,0.851282051,0.069926523,-0.069926523,1,-0.245,0.720837755,0.142162474,-0.142162474,0.867551987
FLNC-K1935,FLNC,-0.025,0.868035532,0.061462497,-0.061462497,1,-0.245,0.720837755,0.142162474,-0.142162474,0.867551987
FLNC-K2589,FLNC,-0.1135,0.379735889,0.420518356,-0.420518356,0.945030662,-0.245,0.720837755,0.142162474,-0.142162474,0.867551987
FLNC-K2721,FLNC,0.19815,0.442146089,0.354434212,0.354434212,0.961720515,-0.245,0.720837755,0.142162474,-0.142162474,0.867551987
FLYWCH2-K138,FLYWCH2,0.2051,0.299542794,0.523541123,0.523541123,0.918222724,-0.01,0.534964206,0.271675275,-0.271675275,0.755088844
FMNL3-K63,FMNL3,-0.726,0.004079254,2.389419243,-2.389419243,0.377682496,-0.155,0.444661484,0.351970487,-0.351970487,0.6941194
FN1-K1050,FN1,0.443,0.73015873,0.136582718,0.136582718,1,-0.245,0.616179007,0.210293102,-0.210293102,0.806287327
FN1-K149,FN1,0.0022,0.699134199,0.155439453,0.155439453,1,-0.245,0.616179007,0.210293102,-0.210293102,0.806287327
FN1-K2350,FN1,0.08775,0.974820217,0.011075472,0.011075472,1,-0.245,0.616179007,0.210293102,-0.210293102,0.806287327
FOS-K113,FOS,0.20447,0.087654409,1.057226232,1.057226232,0.773861515,-0.77,0.441729301,0.354843792,-0.354843792,0.691861559
FOSL2-K222,FOSL2,-0.2403,0.20169008,0.695315461,-0.695315461,0.860014323,-0.415,0.003869804,2.41231108,-2.41231108,0.053241691
FOSL2-K240,FOSL2,0.40185,0.702294993,0.153480428,0.153480428,1,-0.415,0.003869804,2.41231108,-2.41231108,0.053241691
FOXA2-K265,FOXA2,0.450905,0.114285714,0.942008053,0.942008053,0.776434795,0.03,0.948555415,0.022937292,0.022937292,0.97939577
FOXA2-K280,FOXA2,-0.16,0.996040119,0.001723168,-0.001723168,1,0.03,0.948555415,0.022937292,0.022937292,0.97939577
FOXK2-K223,FOXK2,0.22245,0.234050648,0.630690153,0.630690153,0.879057947,0.17,0.086797424,1.061493166,1.061493166,0.293230932
FPGT-K495,FPGT,0.4305,0.717297196,0.144300867,0.144300867,1,-0.06,0.754473783,0.122355847,-0.122355847,0.886420537
FSCN1-K241,FSCN1,-0.2946,0.111888112,0.951216055,-0.951216055,0.776434795,-0.5,0.028254409,1.548913778,-1.548913778,0.158433815
FSCN1-K32,FSCN1,0.15245,0.412121212,0.384975032,0.384975032,0.956240488,-0.5,0.028254409,1.548913778,-1.548913778,0.158433815
FSCN1-K353,FSCN1,-0.663,0.10764715,0.967997463,-0.967997463,0.776434795,-0.5,0.028254409,1.548913778,-1.548913778,0.158433815
FSCN1-K41,FSCN1,-0.18575,0.589787126,0.229304712,-0.229304712,1,-0.5,0.028254409,1.548913778,-1.548913778,0.158433815
FSCN1-K471,FSCN1,-0.5261,0.064935065,1.187520721,-1.187520721,0.714196044,-0.5,0.028254409,1.548913778,-1.548913778,0.158433815
FTSJ3-K233,FTSJ3,0.007,0.788699078,0.103088667,0.103088667,1,0.105,0.003457501,2.461237684,2.461237684,0.04990458
FUBP1-K127,FUBP1,0.0237,0.871759819,0.059603152,0.059603152,1,0.02,0.920907094,0.035784181,0.035784181,0.967113964
FUBP1-K154,FUBP1,0.4675,0.210260946,0.677241385,0.677241385,0.871081064,0.02,0.920907094,0.035784181,0.035784181,0.967113964
FUBP1-K182,FUBP1,0.095365,0.755843197,0.121568291,0.121568291,1,0.02,0.920907094,0.035784181,0.035784181,0.967113964
FUBP1-K44,FUBP1,0.1635,0.061339645,1.212258743,1.212258743,0.707027232,0.02,0.920907094,0.035784181,0.035784181,0.967113964
FUBP3-K32,FUBP3,-0.2183,0.945581165,0.024301187,-0.024301187,1,0.045,0.042827246,1.368279848,1.368279848,0.199707863
FUS-K332,FUS,0.128675,0.093449705,1.029422065,1.029422065,0.776434795,0.23,0.06701895,1.173802382,1.173802382,0.253756669
G3BP1-K76,G3BP1,0.3124,0.547061913,0.26196352,0.26196352,0.989395087,0.115,0.162985851,0.787850096,0.787850096,0.41139761
G6PD-K119,G6PD,-0.1577,0.196869625,0.705821286,-0.705821286,0.859405482,0.145,0.435817111,0.360695723,0.360695723,0.686787836
G6PD-K416,G6PD,0.028165,0.527272727,0.277964692,0.277964692,0.982788878,0.145,0.435817111,0.360695723,0.360695723,0.686787836
G6PD-K462,G6PD,0.006,0.635455889,0.196914591,0.196914591,1,0.145,0.435817111,0.360695723,0.360695723,0.686787836
GABPA-K292,GABPA,-0.18885,0.465908158,0.331699685,-0.331699685,0.967568225,0,1,0,0,1
GABPA-K424,GABPA,-0.068225,0.885714286,0.052706351,-0.052706351,1,0,1,0,0,1
GABPB2-K357,GABPB2,0.1239,0.285046643,0.54508407,0.54508407,0.909317859,0.085,0.687632436,0.162643646,0.162643646,0.84981535
GADD45GIP1-K113,GADD45GIP1,0.316,0.189050351,0.723422512,0.723422512,0.859405482,0.23,0.004591744,2.338022311,2.338022311,0.05835501
GALE-K100,GALE,0.3135,0.523698524,0.28091865,0.28091865,0.982788878,0.325,0.032823683,1.483812693,1.483812693,0.171409794
GALE-K259,GALE,0.15875,0.282828283,0.548477163,0.548477163,0.909317859,0.325,0.032823683,1.483812693,1.483812693,0.171409794
GALE-K338,GALE,-0.073,0.850871585,0.070135979,-0.070135979,1,0.325,0.032823683,1.483812693,1.483812693,0.171409794
GALK2-K440,GALK2,-0.01585,0.948316451,0.023046715,-0.023046715,1,-0.125,0.424188149,0.372441469,-0.372441469,0.678044524
GALM-K254,GALM,0.334645,0.297895057,0.525936703,0.525936703,0.918222724,0.28,0.106722721,0.971743111,0.971743111,0.329010336
GALNT2-K103,GALNT2,0.021,0.639898616,0.193888829,0.193888829,1,0.285,0.191759761,0.71724252,0.71724252,0.446763881
GANAB-K253,GANAB,-0.194,0.982760168,0.007552454,-0.007552454,1,0.145,0.055329566,1.257042737,1.257042737,0.228354944
GANAB-K48,GANAB,-0.13,0.881712949,0.054672781,-0.054672781,1,0.145,0.055329566,1.257042737,1.257042737,0.228354944
GAPDH-K107,GAPDH,-0.0126275,0.769665792,0.113697816,-0.113697816,1,0.51,0.004120039,2.385098678,2.385098678,0.054859847
GAPDH-K117,GAPDH,0.24715,0.04039312,1.393692603,1.393692603,0.631372573,0.51,0.004120039,2.385098678,2.385098678,0.054859847
GAPDH-K139,GAPDH,0.062325,0.224017462,0.649718128,0.649718128,0.875912177,0.51,0.004120039,2.385098678,2.385098678,0.054859847
GAPDH-K145,GAPDH,0.05584,0.486377253,0.313026744,0.313026744,0.968040271,0.51,0.004120039,2.385098678,2.385098678,0.054859847
GAPDH-K186,GAPDH,0.218645,0.397381123,0.400792768,0.400792768,0.956240488,0.51,0.004120039,2.385098678,2.385098678,0.054859847
GAPDH-K194,GAPDH,-0.027845,0.897328759,0.047048413,-0.047048413,1,0.51,0.004120039,2.385098678,2.385098678,0.054859847
GAPDH-K215,GAPDH,-0.18170215,0.198644718,0.701922978,-0.701922978,0.859405482,0.51,0.004120039,2.385098678,2.385098678,0.054859847
GAPDH-K219,GAPDH,-0.056375,0.377018137,0.423637757,-0.423637757,0.943988084,0.51,0.004120039,2.385098678,2.385098678,0.054859847
GAPDH-K227,GAPDH,-0.0785,0.440811583,0.355747002,-0.355747002,0.961720515,0.51,0.004120039,2.385098678,2.385098678,0.054859847
GAPDH-K251,GAPDH,0.0712,0.863936064,0.063518397,0.063518397,1,0.51,0.004120039,2.385098678,2.385098678,0.054859847
GAPDH-K254,GAPDH,0.034775,0.811708527,0.090599892,0.090599892,1,0.51,0.004120039,2.385098678,2.385098678,0.054859847
GAPDH-K263,GAPDH,-0.10875,0.518804504,0.284996262,-0.284996262,0.981666433,0.51,0.004120039,2.385098678,2.385098678,0.054859847
GAPDH-K27,GAPDH,0.00462,0.728654991,0.137478056,0.137478056,1,0.51,0.004120039,2.385098678,2.385098678,0.054859847
GAPDH-K271,GAPDH,0.11495,0.525677308,0.27928077,0.27928077,0.982788878,0.51,0.004120039,2.385098678,2.385098678,0.054859847
GAPDH-K334,GAPDH,0.01162,0.327197699,0.48518976,0.48518976,0.930954294,0.51,0.004120039,2.385098678,2.385098678,0.054859847
GAPDH-K5,GAPDH,0.02685,0.992080419,0.003453122,0.003453122,1,0.51,0.004120039,2.385098678,2.385098678,0.054859847
GAPDH-K61,GAPDH,0.03224,0.795690339,0.099255915,0.099255915,1,0.51,0.004120039,2.385098678,2.385098678,0.054859847
GAPDH-K66,GAPDH,-0.07785,0.834882621,0.078374579,-0.078374579,1,0.51,0.004120039,2.385098678,2.385098678,0.054859847
GAPDH-K84,GAPDH,-0.05645,0.93276259,0.03022888,-0.03022888,1,0.51,0.004120039,2.385098678,2.385098678,0.054859847
GAPDH-K86,GAPDH,-0.019675,0.410997548,0.386160769,-0.386160769,0.956240488,0.51,0.004120039,2.385098678,2.385098678,0.054859847
GARS-K207,GARS,-0.26289,0.212498521,0.672644088,-0.672644088,0.871630117,0.04,0.218331185,0.660884228,0.660884228,0.480864282
GATAD1-K108,GATAD1,0.0714,0.29117343,0.535848258,0.535848258,0.913163721,-0.1,0.48386822,0.315272901,-0.315272901,0.725370785
GATD3A-K151,GATD3A,-0.207,0.2991461,0.524116654,-0.524116654,0.918222724,0.06,0.427105676,0.369464657,0.369464657,0.679912643
GATD3A-K164,GATD3A,-0.166,0.272193268,0.565122621,-0.565122621,0.902857656,0.06,0.427105676,0.369464657,0.369464657,0.679912643
GATD3A-K203,GATD3A,-0.0205,0.428662345,0.367884664,-0.367884664,0.961720515,0.06,0.427105676,0.369464657,0.369464657,0.679912643
GATD3A-K219,GATD3A,0.306,0.442146089,0.354434212,0.354434212,0.961720515,0.06,0.427105676,0.369464657,0.369464657,0.679912643
GATD3A-K233,GATD3A,-0.18875,0.147285401,0.831840297,-0.831840297,0.831563929,0.06,0.427105676,0.369464657,0.369464657,0.679912643
GATD3A-K261,GATD3A,-0.0958,0.683178058,0.165466091,-0.165466091,1,0.06,0.427105676,0.369464657,0.369464657,0.679912643
GBE1-K68,GBE1,0.06305,0.734492339,0.134012729,0.134012729,1,0.145,0.292677828,0.533610176,0.533610176,0.563307385
GBP2-K483,GBP2,-0.179,0.457012107,0.340072294,-0.340072294,0.966707499,0.02,0.944603115,0.024750626,0.024750626,0.977664653
GC-K248,GC,-0.3398,0.533743333,0.272667537,-0.272667537,0.984176452,0,0.487630709,0.311908953,0,0.727973875
GC-K322,GC,0.164,0.967849488,0.014192175,0.014192175,1,0,0.487630709,0.311908953,0,0.727973875
GC-K438,GC,-0.176,0.53458804,0.271980762,-0.271980762,0.984176452,0,0.487630709,0.311908953,0,0.727973875
GCLC-K342,GCLC,0.2108505,0.659888718,0.180529297,0.180529297,1,-0.205,0.299601803,0.523455578,-0.523455578,0.570283192
GCLC-K492,GCLC,-0.1095,0.690095516,0.161090794,-0.161090794,1,-0.205,0.299601803,0.523455578,-0.523455578,0.570283192
GCLC-K588,GCLC,0.0335,0.789499812,0.102647969,0.102647969,1,-0.205,0.299601803,0.523455578,-0.523455578,0.570283192
GCLC-K81,GCLC,-0.611,0.342857143,0.464886798,-0.464886798,0.930954294,-0.205,0.299601803,0.523455578,-0.523455578,0.570283192
GCLM-K90,GCLM,0.035035,0.358737974,0.445222649,0.445222649,0.936845827,0,0.487106855,0.312375759,0,0.727329473
GDA-K61,GDA,1.181,0.00706486,2.150896411,2.150896411,0.415817711,1.415,0.015862956,1.79961588,1.79961588,0.114494294
GDI2-K112,GDI2,-0.05405,0.514726755,0.288423257,-0.288423257,0.980019632,-0.025,0.807826126,0.092682106,-0.092682106,0.914013628
GDI2-K164,GDI2,-0.0059,0.677270289,0.169237976,-0.169237976,1,-0.025,0.807826126,0.092682106,-0.092682106,0.914013628
GDI2-K269,GDI2,0.0519,0.568867469,0.244988901,0.244988901,0.993833698,-0.025,0.807826126,0.092682106,-0.092682106,0.914013628
GDI2-K288,GDI2,-0.551,0.2344041,0.630034796,-0.630034796,0.879057947,-0.025,0.807826126,0.092682106,-0.092682106,0.914013628
GDI2-K293,GDI2,0.066,0.913440907,0.039319543,0.039319543,1,-0.025,0.807826126,0.092682106,-0.092682106,0.914013628
GDI2-K309,GDI2,0.448,0.283167228,0.547957011,0.547957011,0.909317859,-0.025,0.807826126,0.092682106,-0.092682106,0.914013628
GDI2-K364,GDI2,-0.0089,0.902436536,0.04458333,-0.04458333,1,-0.025,0.807826126,0.092682106,-0.092682106,0.914013628
GDI2-K418,GDI2,-0.014,0.954313855,0.020308771,-0.020308771,1,-0.025,0.807826126,0.092682106,-0.092682106,0.914013628
GDI2-K435,GDI2,0.173,0.514217956,0.288852762,0.288852762,0.979582414,-0.025,0.807826126,0.092682106,-0.092682106,0.914013628
GDPD1-K92,GDPD1,-0.16685,0.365967366,0.43655764,-0.43655764,0.938794148,0.05,0.928811705,0.03207232,0.03207232,0.970791179
GFAP-K95,GFAP,0.1689,0.249489882,0.602947062,0.602947062,0.893802906,-0.38,0.800178019,0.096813383,-0.096813383,0.910115278
GFM1-K559,GFM1,0.0996365,0.885714286,0.052706351,0.052706351,1,0.25,0.10138157,0.994040989,0.994040989,0.319325789
GFM2-K265,GFM2,-0.1979,0.96577095,0.015125862,-0.015125862,1,-0.065,0.588464175,0.230279971,-0.230279971,0.789111409
GFPT1-K647,GFPT1,-0.0262,0.927272727,0.032792513,-0.032792513,1,0.325,0.011351149,1.944960184,1.944960184,0.095474012
GGCT-K118,GGCT,-0.38,0.122947744,0.910279437,-0.910279437,0.798193585,0.015,0.212841448,0.671943795,0.671943795,0.474295682
GGCT-K140,GGCT,0.6193,0.031280309,1.504728968,1.504728968,0.594919261,0.015,0.212841448,0.671943795,0.671943795,0.474295682
GGCT-K159,GGCT,0.0887,0.696466932,0.157099499,0.157099499,1,0.015,0.212841448,0.671943795,0.671943795,0.474295682
GGH-K247,GGH,-0.0032,0.938467492,0.027580766,-0.027580766,1,-0.045,0.885556445,0.052783752,-0.052783752,0.951013655
GGPS1-K25,GGPS1,-0.01789,0.890974784,0.050134587,-0.050134587,1,0.03,0.702290148,0.153483424,0.153483424,0.858238713
GIMAP4-K77,GIMAP4,0.298,0.076193736,1.118080729,1.118080729,0.739803268,-0.2,0.477855039,0.32070383,-0.32070383,0.720385845
GK-K128,GK,0.86745,0.2,0.698970004,0.698970004,0.859405482,0.28,0.067037585,1.17368164,1.17368164,0.253756669
GLMN-K594,GLMN,-0.102,0.792333316,0.101092082,-0.101092082,1,0.205,0.01889005,1.723766892,1.723766892,0.12678937
GLO1-K140,GLO1,-0.0984,0.353547865,0.451551781,-0.451551781,0.935291689,0.3,0.012363852,1.907846201,1.907846201,0.100204731
GLO1-K148,GLO1,-0.044,0.68403641,0.164920781,-0.164920781,1,0.3,0.012363852,1.907846201,1.907846201,0.100204731
GLOD4-K166,GLOD4,-0.08815,0.911719624,0.040138697,-0.040138697,1,0.205,0.022120705,1.655201044,1.655201044,0.138513724
GLRX-K20,GLRX,0.2858,0.028091449,1.551425854,1.551425854,0.591058584,0.125,0.049370633,1.306531303,1.306531303,0.21514036
GLUD1-K480,GLUD1,0.174415,0.030956383,1.509249789,1.509249789,0.593457358,0.07,0.393255056,0.405325686,0.405325686,0.651336122
GLUD1-K503,GLUD1,0.012125,0.568176977,0.245516369,0.245516369,0.993833698,0.07,0.393255056,0.405325686,0.405325686,0.651336122
GLUD1-K527,GLUD1,0.014425,0.854305361,0.068386868,0.068386868,1,0.07,0.393255056,0.405325686,0.405325686,0.651336122
GLUD1-K84,GLUD1,0.0673,0.936083439,0.028685438,0.028685438,1,0.07,0.393255056,0.405325686,0.405325686,0.651336122
GLUL-K372,GLUL,-0.0552,0.71048951,0.14844233,-0.14844233,1,0.03,0.889472373,0.050867537,0.050867537,0.952887452
GLYR1-K157,GLYR1,0.0125,0.724560211,0.139925519,0.139925519,1,-0.065,0.078015861,1.107817096,-1.107817096,0.277509667
GMDS-K70,GMDS,-0.0905,0.888380873,0.0514008,-0.0514008,1,0.2,0.285914092,0.543764439,0.543764439,0.556360367
GMDS-K81,GMDS,-0.064,0.44087121,0.355688261,-0.355688261,0.961720515,0.2,0.285914092,0.543764439,0.543764439,0.556360367
GMFB-K35,GMFB,-0.553,0.792207792,0.10116089,-0.10116089,1,0.19,0.11791978,0.928413339,0.928413339,0.347749082
GMFB-K74,GMFB,-0.104472,0.571428571,0.243038049,-0.243038049,0.993833698,0.19,0.11791978,0.928413339,0.928413339,0.347749082
GMPPB-K65,GMPPB,0.5335,0.393939394,0.404570588,0.404570588,0.954173427,0.225,0.128809848,0.890050933,0.890050933,0.365278857
GMPR2-K377,GMPR2,0.0171,0.389664595,0.409309053,0.409309053,0.951850374,-0.045,0.680298257,0.167300642,-0.167300642,0.846038097
GMPS-K336,GMPS,0.18715,0.607914411,0.216157561,0.216157561,1,0.275,0.003514938,2.454082344,2.454082344,0.050309913
GNAI2-K29,GNAI2,0.7755,0.73015873,0.136582718,0.136582718,1,-0.105,0.709670349,0.14894334,-0.14894334,0.861857431
GNL3-K17,GNL3,-0.027,0.98724618,0.005574538,-0.005574538,1,0.175,0.112231699,0.949884464,0.949884464,0.338258033
GNL3-K377,GNL3,-0.1355034,1,4.82E-17,-4.82E-17,1,0.175,0.112231699,0.949884464,0.949884464,0.338258033
GNPAT-K643,GNPAT,1.276,0.055677656,1.254319059,1.254319059,0.68202138,0.185,0.104541739,0.980710281,0.980710281,0.3250471
GNPAT-K645,GNPAT,0.6916,0.020619721,1.685717221,1.685717221,0.550225095,0.185,0.104541739,0.980710281,0.980710281,0.3250471
GNPDA1-K50,GNPDA1,-0.14581,0.164441532,0.783988486,-0.783988486,0.848347798,0.325,0.001678333,2.775121846,2.775121846,0.033052682
GNPDA1-K64,GNPDA1,0.04505,0.967523946,0.014338277,0.014338277,1,0.325,0.001678333,2.775121846,2.775121846,0.033052682
GNPNAT1-K115,GNPNAT1,0.221,0.27662896,0.558102356,0.558102356,0.906076353,0.435,0.001921216,2.716423911,2.716423911,0.035700446
GNPNAT1-K152,GNPNAT1,-0.021,1,0,0,1,0.435,0.001921216,2.716423911,2.716423911,0.035700446
GNPNAT1-K166,GNPNAT1,0.19175,0.132967033,0.876256022,0.876256022,0.809164535,0.435,0.001921216,2.716423911,2.716423911,0.035700446
GNPNAT1-K167,GNPNAT1,0.1095,0.053535683,1.271356649,1.271356649,0.67940945,0.435,0.001921216,2.716423911,2.716423911,0.035700446
GOLGA2-K21,GOLGA2,0.0649865,0.885714286,0.052706351,0.052706351,1,-0.02,0.777180918,0.109477871,-0.109477871,0.898592168
GON7-K94,GON7,0.226,0.179222522,0.746607416,0.746607416,0.859405482,0.095,0.55144456,0.258498144,0.258498144,0.766331079
GORASP2-K438,GORASP2,-0.4979,0.342857143,0.464886798,-0.464886798,0.930954294,-0.035,0.948534913,0.022946679,-0.022946679,0.97939577
GOT2-K122,GOT2,-0.0278,0.859305101,0.06585261,-0.06585261,1,0.26,0.001109079,2.955037647,2.955037647,0.026452055
GOT2-K185,GOT2,0.282,0.57443609,0.240758282,0.240758282,0.994730291,0.26,0.001109079,2.955037647,2.955037647,0.026452055
GOT2-K227,GOT2,-0.1154,0.18040293,0.743756412,-0.743756412,0.859405482,0.26,0.001109079,2.955037647,2.955037647,0.026452055
GOT2-K234,GOT2,0.1617,0.685570209,0.163948063,0.163948063,1,0.26,0.001109079,2.955037647,2.955037647,0.026452055
GOT2-K296,GOT2,0.03605,0.936987332,0.028266281,0.028266281,1,0.26,0.001109079,2.955037647,2.955037647,0.026452055
GOT2-K302,GOT2,0.1045,0.885714286,0.052706351,0.052706351,1,0.26,0.001109079,2.955037647,2.955037647,0.026452055
GOT2-K309,GOT2,0.039,0.210910005,0.675902818,0.675902818,0.871132626,0.26,0.001109079,2.955037647,2.955037647,0.026452055
GOT2-K363,GOT2,0.3617,0.227212761,0.64356728,0.64356728,0.879057947,0.26,0.001109079,2.955037647,2.955037647,0.026452055
GOT2-K404,GOT2,-0.03645,0.71713173,0.144401061,-0.144401061,1,0.26,0.001109079,2.955037647,2.955037647,0.026452055
GOT2-K59,GOT2,-0.2679,0.086855355,1.061203398,-1.061203398,0.773861515,0.26,0.001109079,2.955037647,2.955037647,0.026452055
GOT2-K90,GOT2,-0.130475,0.396068727,0.402229448,-0.402229448,0.956184286,0.26,0.001109079,2.955037647,2.955037647,0.026452055
GPAM-K784,GPAM,0.2385,0.149145951,0.826388532,0.826388532,0.831563929,-0.06,0.387781722,0.411412665,-0.411412665,0.646248086
GPATCH11-K149,GPATCH11,-0.05375,0.53024653,0.275522165,-0.275522165,0.983510626,-0.145,0.205595581,0.686986224,-0.686986224,0.46602561
GPATCH8-K1085,GPATCH8,1.819,0.03996004,1.398374086,1.398374086,0.631372573,0.015,0.630152953,0.200554024,0.200554024,0.814968112
GPATCH8-K456,GPATCH8,0.16305,1,0,0,1,0.015,0.630152953,0.200554024,0.200554024,0.814968112
GPD1L-K29,GPD1L,0.0879,0.589037894,0.229856765,0.229856765,1,0.005,0.56479255,0.248111041,0.248111041,0.773770169
GPD2-K458,GPD2,-0.0309,0.840385277,0.075521565,-0.075521565,1,0.05,0.571485856,0.242994513,0.242994513,0.777821261
GPD2-K634,GPD2,-0.0779,0.148025922,0.829662226,-0.829662226,0.831563929,0.05,0.571485856,0.242994513,0.242994513,0.777821261
GPI-K128,GPI,-0.201972,0.455944056,0.341088442,-0.341088442,0.9663303,0.47,8.12E-05,4.09069564,4.09069564,0.00622849
GPI-K155,GPI,-0.1162,0.606393606,0.217245386,-0.217245386,1,0.47,8.12E-05,4.09069564,4.09069564,0.00622849
GPI-K163,GPI,-0.08068,0.596491228,0.224395939,-0.224395939,1,0.47,8.12E-05,4.09069564,4.09069564,0.00622849
GPI-K169,GPI,-0.167,0.411721612,0.385396336,-0.385396336,0.956240488,0.47,8.12E-05,4.09069564,4.09069564,0.00622849
GPI-K181,GPI,0.2058,0.010134274,1.994207355,1.994207355,0.48055632,0.47,8.12E-05,4.09069564,4.09069564,0.00622849
GPI-K273,GPI,0.09229,0.631709786,0.199482395,0.199482395,1,0.47,8.12E-05,4.09069564,4.09069564,0.00622849
GPI-K291,GPI,0.06975,0.571544406,0.242950022,0.242950022,0.993833698,0.47,8.12E-05,4.09069564,4.09069564,0.00622849
GPI-K405,GPI,0.13615,0.157702445,0.802161574,0.802161574,0.842963497,0.47,8.12E-05,4.09069564,4.09069564,0.00622849
GPI-K493,GPI,0.00115,0.936708503,0.028395537,0.028395537,1,0.47,8.12E-05,4.09069564,4.09069564,0.00622849
GPI-K505,GPI,0.0445,0.675974199,0.17006988,0.17006988,1,0.47,8.12E-05,4.09069564,4.09069564,0.00622849
GPI-K51,GPI,0.081315,0.678951879,0.168161006,0.168161006,1,0.47,8.12E-05,4.09069564,4.09069564,0.00622849
GPKOW-K192,GPKOW,0.252,0.062714237,1.202633855,1.202633855,0.709783531,0.185,0.036180812,1.441521695,1.441521695,0.181658913
GPS1-K212,GPS1,0.26015,0.040888495,1.388398878,1.388398878,0.631716774,0.105,0.185036923,0.732741601,0.732741601,0.439332381
GPS1-K535,GPS1,-0.4408,0.137728938,0.860974802,-0.860974802,0.814916032,0.105,0.185036923,0.732741601,0.732741601,0.439332381
GPX1-K88,GPX1,-0.1054,0.659885007,0.180531739,-0.180531739,1,-0.02,0.676728917,0.169585266,-0.169585266,0.843468576
GPX3-K153,GPX3,0.297,0.946110661,0.024058064,0.024058064,1,0.87,0.15576894,0.807519136,0.807519136,0.400906323
GPX4-K163,GPX4,0.2322655,0.342857143,0.464886798,0.464886798,0.930954294,0.42,3.96E-05,4.402529274,4.402529274,0.004390419
GPX4-K215,GPX4,0.20994,0.148408035,0.828542584,0.828542584,0.831563929,0.42,3.96E-05,4.402529274,4.402529274,0.004390419
GRB2-K38,GRB2,0.1740375,0.095466751,1.020147856,1.020147856,0.776434795,0.1,0.022372435,1.650286741,1.650286741,0.139432334
GRB2-K76,GRB2,-0.065006,0.682828283,0.165688499,-0.165688499,1,0.1,0.022372435,1.650286741,1.650286741,0.139432334
GRHL2-K453,GRHL2,0.0175,0.796346372,0.098897994,0.098897994,1,-0.005,0.932756605,0.030231667,-0.030231667,0.97309982
GRHL2-K528,GRHL2,0.4065,0.004837394,2.315388512,2.315388512,0.377682496,-0.005,0.932756605,0.030231667,-0.030231667,0.97309982
GRHPR-K43,GRHPR,0.0654,0.606955601,0.216843076,0.216843076,1,0.175,0.034463883,1.462635799,1.462635799,0.176337028
GRPEL1-K94,GRPEL1,-0.088,0.771866365,0.112457884,-0.112457884,1,0.33,0.001705857,2.768057293,2.768057293,0.033349679
GSN-K177,GSN,-0.3858,0.377381539,0.423219349,-0.423219349,0.943988084,-0.525,2.91E-04,3.535968388,-3.535968388,0.012246747
GSN-K245,GSN,-0.0725,0.793179213,0.100628676,-0.100628676,1,-0.525,2.91E-04,3.535968388,-3.535968388,0.012246747
GSN-K338,GSN,-0.13815,0.117262323,0.930841506,-0.930841506,0.78600476,-0.525,2.91E-04,3.535968388,-3.535968388,0.012246747
GSN-K360,GSN,-0.84752,0.096969697,1.013363962,-1.013363962,0.776434795,-0.525,2.91E-04,3.535968388,-3.535968388,0.012246747
GSN-K368,GSN,-0.32456,0.154235857,0.811814649,-0.811814649,0.837438046,-0.525,2.91E-04,3.535968388,-3.535968388,0.012246747
GSN-K394,GSN,-0.232675,0.038898333,1.410069007,-1.410069007,0.630531577,-0.525,2.91E-04,3.535968388,-3.535968388,0.012246747
GSN-K548,GSN,-0.1211,0.055403816,1.25646032,-1.25646032,0.68202138,-0.525,2.91E-04,3.535968388,-3.535968388,0.012246747
GSN-K597,GSN,0.072891,0.434867312,0.361643236,0.361643236,0.961720515,-0.525,2.91E-04,3.535968388,-3.535968388,0.012246747
GSN-K61,GSN,0.05971,0.864458901,0.063255649,0.063255649,1,-0.525,2.91E-04,3.535968388,-3.535968388,0.012246747
GSN-K615,GSN,-0.8211,0.248803828,0.604142942,-0.604142942,0.893802906,-0.525,2.91E-04,3.535968388,-3.535968388,0.012246747
GSN-K661,GSN,-0.1755,0.090019173,1.04566498,-1.04566498,0.776434795,-0.525,2.91E-04,3.535968388,-3.535968388,0.012246747
GSN-K675,GSN,-0.40105,0.21567993,0.666190267,-0.666190267,0.874300916,-0.525,2.91E-04,3.535968388,-3.535968388,0.012246747
GSN-K728,GSN,-0.4697,4.34E-04,3.362917236,-3.362917236,0.2296401,-0.525,2.91E-04,3.535968388,-3.535968388,0.012246747
GSPT1-K391,GSPT1,0.073,0.923144102,0.034730501,0.034730501,1,0.17,0.17693469,0.752187011,0.752187011,0.429762844
GSR-K110,GSR,0.55775,0.012747061,1.894589924,1.894589924,0.501718574,0.735,5.08E-06,5.294265303,5.294265303,0.001984305
GSR-K164,GSR,0.03745,0.689307743,0.161586843,0.161586843,1,0.735,5.08E-06,5.294265303,5.294265303,0.001984305
GSR-K189,GSR,-0.0805,0.520797901,0.283330775,-0.283330775,0.982124714,0.735,5.08E-06,5.294265303,5.294265303,0.001984305
GSR-K296,GSR,0.21375,0.084224358,1.074562292,1.074562292,0.765656144,0.735,5.08E-06,5.294265303,5.294265303,0.001984305
GSR-K346,GSR,0.1566,0.481891709,0.317050546,0.317050546,0.967568225,0.735,5.08E-06,5.294265303,5.294265303,0.001984305
GSR-K354,GSR,0.4787,0.297379399,0.526689121,0.526689121,0.918222724,0.735,5.08E-06,5.294265303,5.294265303,0.001984305
GSR-K434,GSR,-0.181,0.953436471,0.020708239,-0.020708239,1,0.735,5.08E-06,5.294265303,5.294265303,0.001984305
GSR-K456,GSR,0.0359,0.26414133,0.578163639,0.578163639,0.899293861,0.735,5.08E-06,5.294265303,5.294265303,0.001984305
GSR-K470,GSR,0.049575,0.677574236,0.169043116,0.169043116,1,0.735,5.08E-06,5.294265303,5.294265303,0.001984305
GSR-K97,GSR,0.060875,0.212135318,0.673387022,0.673387022,0.871132626,0.735,5.08E-06,5.294265303,5.294265303,0.001984305
GSS-K443,GSS,-0.169,0.356803486,0.447570911,-0.447570911,0.936845827,0.16,0.041307177,1.383974484,1.383974484,0.195685892
GSTK1-K116,GSTK1,0.15795,0.753113553,0.123139537,0.123139537,1,-0.015,0.691310612,0.160326777,-0.160326777,0.851316538
GSTK1-K214,GSTK1,0.0963,0.449412301,0.347355045,0.347355045,0.963340112,-0.015,0.691310612,0.160326777,-0.160326777,0.851316538
GSTK1-K221,GSTK1,0.1816865,0.485714286,0.313619123,0.313619123,0.967568225,-0.015,0.691310612,0.160326777,-0.160326777,0.851316538
GSTK1-K225,GSTK1,0.123,0.299611947,0.523440873,0.523440873,0.918222724,-0.015,0.691310612,0.160326777,-0.160326777,0.851316538
GSTK1-K54,GSTK1,-0.0841,0.448630713,0.348110998,-0.348110998,0.962588277,-0.015,0.691310612,0.160326777,-0.160326777,0.851316538
GSTK1-K71,GSTK1,0.4791,0.089793935,1.046752998,1.046752998,0.776434795,-0.015,0.691310612,0.160326777,-0.160326777,0.851316538
GSTM3-K209,GSTM3,-0.1763,0.14687702,0.833046148,-0.833046148,0.831563929,-0.235,0.984160788,0.006933943,-0.006933943,0.994460474
GSTO1-K143,GSTO1,-0.037,0.62283239,0.20562881,-0.20562881,1,0.02,0.424207605,0.372421549,0.372421549,0.678044524
GSTO1-K152,GSTO1,-0.2551,0.094019318,1.026782902,-1.026782902,0.776434795,0.02,0.424207605,0.372421549,0.372421549,0.678044524
GSTO1-K160,GSTO1,-0.0401,0.754533646,0.12232139,-0.12232139,1,0.02,0.424207605,0.372421549,0.372421549,0.678044524
GSTO1-K198,GSTO1,-0.16,0.21077363,0.676183724,-0.676183724,0.871132626,0.02,0.424207605,0.372421549,0.372421549,0.678044524
GSTO1-K57,GSTO1,0.0999,0.894424903,0.048456118,0.048456118,1,0.02,0.424207605,0.372421549,0.372421549,0.678044524
GSTO1-K59,GSTO1,-0.0686,0.940485792,0.026647761,-0.026647761,1,0.02,0.424207605,0.372421549,0.372421549,0.678044524
GSTO1-K65,GSTO1,-0.3003,0.104101795,0.982541781,-0.982541781,0.776434795,0.02,0.424207605,0.372421549,0.372421549,0.678044524
GSTP1-K121,GSTP1,-0.172,0.292728489,0.53353501,-0.53353501,0.914776293,0.415,0.090544541,1.043137727,1.043137727,0.30054994
GSTP1-K189,GSTP1,-0.1861,0.710843852,0.148225789,-0.148225789,1,0.415,0.090544541,1.043137727,1.043137727,0.30054994
GSTP1-K191,GSTP1,0.1768,0.865760111,0.062602428,0.062602428,1,0.415,0.090544541,1.043137727,1.043137727,0.30054994
GSTP1-K209,GSTP1,-0.27168,0.181074847,0.742141873,-0.742141873,0.859405482,0.415,0.090544541,1.043137727,1.043137727,0.30054994
GSTP1-K30,GSTP1,0.1625,0.096288375,1.016426144,1.016426144,0.776434795,0.415,0.090544541,1.043137727,1.043137727,0.30054994
GSTP1-K55,GSTP1,0.0842,0.438382658,0.358146634,0.358146634,0.961720515,0.415,0.090544541,1.043137727,1.043137727,0.30054994
GSTZ1-K192,GSTZ1,-0.0861,0.562187812,0.250118574,-0.250118574,0.991315092,0.325,0.130070323,0.885821781,0.885821781,0.367260997
GSTZ1-K58,GSTZ1,-0.05025,0.459500416,0.337714092,-0.337714092,0.967568225,0.325,0.130070323,0.885821781,0.885821781,0.367260997
GTF2E1-K67,GTF2E1,0.28,0.063433524,1.197681163,1.197681163,0.71154052,0.17,8.06E-04,3.093801113,3.093801113,0.022201328
GTF2F1-K407,GTF2F1,0.3117,0.059978001,1.222008011,1.222008011,0.698068054,0.105,0.012491495,1.903385574,1.903385574,0.101044755
GTF2F1-K421,GTF2F1,0.076215,0.724950526,0.139691631,0.139691631,1,0.105,0.012491495,1.903385574,1.903385574,0.101044755
GTF2F2-K137,GTF2F2,0.22115,0.011210633,1.950369859,1.950369859,0.49361533,0.025,0.259796659,0.585366439,0.585366439,0.529040165
GTF2F2-K154,GTF2F2,0.002,0.737162579,0.132436719,0.132436719,1,0.025,0.259796659,0.585366439,0.585366439,0.529040165
GTF2I-K450,GTF2I,-0.1422,0.503029113,0.298406879,-0.298406879,0.972539701,0.045,0.743203236,0.128892408,0.128892408,0.881029556
GTF2I-K561,GTF2I,-0.11,0.500234065,0.300826737,-0.300826737,0.971766598,0.045,0.743203236,0.128892408,0.128892408,0.881029556
GTF2I-K715,GTF2I,0.2595,0.030229979,1.519562158,1.519562158,0.593457358,0.045,0.743203236,0.128892408,0.128892408,0.881029556
GTPBP4-K142,GTPBP4,0.129225,0.885714286,0.052706351,0.052706351,1,0.205,0.055365409,1.256761487,1.256761487,0.228354944
GUK1-K168,GUK1,-0.11025,0.945221445,0.024466434,-0.024466434,1,0.015,0.913041418,0.039509521,0.039509521,0.964007664
H1F0-K12,H1F0,-0.64525,0.070068966,1.154474289,-1.154474289,0.735103698,0.015,0.713406632,0.146662857,0.146662857,0.86374531
H1F0-K132,H1F0,0.103,0.582558632,0.234660358,0.234660358,1,0.015,0.713406632,0.146662857,0.146662857,0.86374531
H1F0-K180,H1F0,0.28975,0.733266733,0.134738018,0.134738018,1,0.015,0.713406632,0.146662857,0.146662857,0.86374531
H1F0-K69,H1F0,-0.1701,0.50280112,0.298603763,-0.298603763,0.972539701,0.015,0.713406632,0.146662857,0.146662857,0.86374531
H1FX-K195,H1FX,-0.209,0.582510998,0.234695871,-0.234695871,1,0.07,0.7097009,0.148924644,0.148924644,0.861857431
H1FX-K34,H1FX,-0.2879,0.498554101,0.302287707,-0.302287707,0.971766598,0.07,0.7097009,0.148924644,0.148924644,0.861857431
H2AFJ-K10,H2AFJ,-1.07955,2.20E-05,4.657145052,-4.657145052,0.03090995,-1.295,5.23E-05,4.281168538,-4.281168538,0.004944091
H2AFJ-K6,H2AFJ,-1.12075,2.60E-06,5.584611125,-5.584611125,0.007486324,-1.295,5.23E-05,4.281168538,-4.281168538,0.004944091
H2AFV-K12,H2AFV,-0.23575,0.00242664,2.614994597,-2.614994597,0.327503106,0.15,0.015421643,1.811869345,1.811869345,0.11277536
H2AFV-K14,H2AFV,-0.291,0.001345655,2.871066392,-2.871066392,0.263676789,0.15,0.015421643,1.811869345,1.811869345,0.11277536
H2AFV-K5,H2AFV,-0.221675,0.034923907,1.456877181,-1.456877181,0.61764214,0.15,0.015421643,1.811869345,1.811869345,0.11277536
H2AFV-K8,H2AFV,-0.213825,0.029351594,1.532368306,-1.532368306,0.591058584,0.15,0.015421643,1.811869345,1.811869345,0.11277536
H2AFX-K10,H2AFX,-0.1051,0.515591633,0.287694139,-0.287694139,0.980353276,0.835,5.46E-06,5.262719039,5.262719039,0.002012785
H2AFX-K128,H2AFX,0.30551,0.206317287,0.685464381,0.685464381,0.866650116,0.835,5.46E-06,5.262719039,5.262719039,0.002012785
H2AFX-K134,H2AFX,0.02,0.235614499,0.627797987,0.627797987,0.879057947,0.835,5.46E-06,5.262719039,5.262719039,0.002012785
H2AFX-K135,H2AFX,-0.303,0.020121795,1.696333275,-1.696333275,0.550225095,0.835,5.46E-06,5.262719039,5.262719039,0.002012785
H2AFX-K6,H2AFX,-0.2219225,0.052920636,1.276374943,-1.276374943,0.67940945,0.835,5.46E-06,5.262719039,5.262719039,0.002012785
H2AFY-K116,H2AFY,-0.23775,0.59339662,0.226654932,-0.226654932,1,0.23,7.36E-04,3.132935339,3.132935339,0.021102718
H2AFY-K123,H2AFY,0.0605,0.438791648,0.357741647,0.357741647,0.961720515,0.23,7.36E-04,3.132935339,3.132935339,0.021102718
H2AFY-K134,H2AFY,0.11125,0.767571829,0.114880973,0.114880973,1,0.23,7.36E-04,3.132935339,3.132935339,0.021102718
H2AFY-K167,H2AFY,-0.09935,0.687140612,0.162954382,-0.162954382,1,0.23,7.36E-04,3.132935339,3.132935339,0.021102718
H2AFY-K235,H2AFY,-0.141275,0.49140255,0.308562594,-0.308562594,0.969594397,0.23,7.36E-04,3.132935339,3.132935339,0.021102718
H2AFY-K285,H2AFY,0.093,0.604675167,0.218477867,0.218477867,1,0.23,7.36E-04,3.132935339,3.132935339,0.021102718
H2AFY-K292,H2AFY,-0.31415,0.128329123,0.891674774,-0.891674774,0.806415733,0.23,7.36E-04,3.132935339,3.132935339,0.021102718
H2AFY-K295,H2AFY,-0.29545,0.093233271,1.030429079,-1.030429079,0.776434795,0.23,7.36E-04,3.132935339,3.132935339,0.021102718
H2AFY-K304,H2AFY,-0.3655,0.040212641,1.395637399,-1.395637399,0.631372573,0.23,7.36E-04,3.132935339,3.132935339,0.021102718
H2AFY-K307,H2AFY,-0.21172,0.549115683,0.260336152,-0.260336152,0.989395087,0.23,7.36E-04,3.132935339,3.132935339,0.021102718
H2AFY2-K116,H2AFY2,-0.16075,0.110694086,0.955875581,-0.955875581,0.776434795,-0.175,0.070038093,1.154665687,-1.154665687,0.260418976
H2AFY2-K134,H2AFY2,-0.0072,0.646729032,0.189277643,-0.189277643,1,-0.175,0.070038093,1.154665687,-1.154665687,0.260418976
H2AFY2-K231,H2AFY2,-0.1712,0.412997919,0.384052137,-0.384052137,0.956240488,-0.175,0.070038093,1.154665687,-1.154665687,0.260418976
H2AFY2-K235,H2AFY2,-0.7355,0.001556782,2.807772181,-2.807772181,0.280140937,-0.175,0.070038093,1.154665687,-1.154665687,0.260418976
H2AFY2-K246,H2AFY2,-0.0631,0.730897263,0.136143664,-0.136143664,1,-0.175,0.070038093,1.154665687,-1.154665687,0.260418976
H2AFY2-K285,H2AFY2,0.01815,0.885714286,0.052706351,0.052706351,1,-0.175,0.070038093,1.154665687,-1.154665687,0.260418976
H2AFY2-K304,H2AFY2,-0.2523,0.082524712,1.083415982,-1.083415982,0.762050565,-0.175,0.070038093,1.154665687,-1.154665687,0.260418976
H2AFZ-K12,H2AFZ,-0.195351,0.274897663,0.560828952,-0.560828952,0.902857656,0.825,2.04E-06,5.691420374,5.691420374,0.001458149
H2AFZ-K14,H2AFZ,-0.123185,0.198651786,0.701907526,-0.701907526,0.859405482,0.825,2.04E-06,5.691420374,5.691420374,0.001458149
H2AFZ-K5,H2AFZ,-0.05259,0.905186723,0.043261825,-0.043261825,1,0.825,2.04E-06,5.691420374,5.691420374,0.001458149
H2AFZ-K8,H2AFZ,-0.15489,0.447657418,0.349054214,-0.349054214,0.961720515,0.825,2.04E-06,5.691420374,5.691420374,0.001458149
H3F3A-K28,H3F3A,0.10035,0.640844006,0.193247674,0.193247674,1,-0.125,0.889468914,0.050869225,-0.050869225,0.952887452
H3F3A-K37,H3F3A,0.02294,0.854305361,0.068386868,0.068386868,1,-0.125,0.889468914,0.050869225,-0.050869225,0.952887452
HADH-K136,HADH,-0.10888,0.985840549,0.006193323,-0.006193323,1,0.13,0.027890301,1.554546796,1.554546796,0.15748099
HADH-K179,HADH,-0.0931875,0.606940489,0.21685389,-0.21685389,1,0.13,0.027890301,1.554546796,1.554546796,0.15748099
HADH-K185,HADH,0.124875,0.261403982,0.582687802,0.582687802,0.899293861,0.13,0.027890301,1.554546796,1.554546796,0.15748099
HADH-K192,HADH,-0.020075,0.946784368,0.023748921,-0.023748921,1,0.13,0.027890301,1.554546796,1.554546796,0.15748099
HADH-K202,HADH,-0.1544,0.723789655,0.140387628,-0.140387628,1,0.13,0.027890301,1.554546796,1.554546796,0.15748099
HADH-K206,HADH,0.0255,0.846048532,0.072604724,0.072604724,1,0.13,0.027890301,1.554546796,1.554546796,0.15748099
HADH-K212,HADH,0.265,0.832306586,0.079716669,0.079716669,1,0.13,0.027890301,1.554546796,1.554546796,0.15748099
HADH-K258,HADH,-0.098,0.527493794,0.277782646,-0.277782646,0.982788878,0.13,0.027890301,1.554546796,1.554546796,0.15748099
HADH-K81,HADH,-0.2755,0.808859682,0.092126812,-0.092126812,1,0.13,0.027890301,1.554546796,1.554546796,0.15748099
HADHA-K214,HADHA,-0.028475,0.796350553,0.098895714,-0.098895714,1,0.035,0.702306518,0.153473301,0.153473301,0.858238713
HADHA-K249,HADHA,-0.16307,0.211625724,0.674431542,-0.674431542,0.871132626,0.035,0.702306518,0.153473301,0.153473301,0.858238713
HADHA-K262,HADHA,-0.2349,0.129230673,0.888634395,-0.888634395,0.806504592,0.035,0.702306518,0.153473301,0.153473301,0.858238713
HADHA-K285,HADHA,0.5465,0.304346566,0.516631594,0.516631594,0.920825313,0.035,0.702306518,0.153473301,0.153473301,0.858238713
HADHA-K289,HADHA,-0.3384,0.175641281,0.755373404,-0.755373404,0.859405482,0.035,0.702306518,0.153473301,0.153473301,0.858238713
HADHA-K303,HADHA,-0.03645,0.918620662,0.03686379,-0.03686379,1,0.035,0.702306518,0.153473301,0.153473301,0.858238713
HADHA-K326,HADHA,0.064975,0.944077693,0.024992264,0.024992264,1,0.035,0.702306518,0.153473301,0.153473301,0.858238713
HADHA-K334,HADHA,-0.2394,0.319668858,0.49529967,-0.49529967,0.926274173,0.035,0.702306518,0.153473301,0.153473301,0.858238713
HADHA-K337,HADHA,-0.23035,0.268549875,0.570975045,-0.570975045,0.902857656,0.035,0.702306518,0.153473301,0.153473301,0.858238713
HADHA-K350,HADHA,-0.0825,0.988120935,0.005189899,-0.005189899,1,0.035,0.702306518,0.153473301,0.153473301,0.858238713
HADHA-K353,HADHA,-0.0895,0.568176977,0.245516369,-0.245516369,0.993833698,0.035,0.702306518,0.153473301,0.153473301,0.858238713
HADHA-K359,HADHA,-0.25852,0.154343131,0.811512695,-0.811512695,0.837438046,0.035,0.702306518,0.153473301,0.153473301,0.858238713
HADHA-K390,HADHA,-0.41884,0.594592542,0.225780542,-0.225780542,1,0.035,0.702306518,0.153473301,0.153473301,0.858238713
HADHA-K406,HADHA,0.07729,0.980202651,0.008684127,0.008684127,1,0.035,0.702306518,0.153473301,0.153473301,0.858238713
HADHA-K411,HADHA,-0.77975,0.127428127,0.894734699,-0.894734699,0.805667206,0.035,0.702306518,0.153473301,0.153473301,0.858238713
HADHA-K413,HADHA,-1.1675,0.127428127,0.894734699,-0.894734699,0.805667206,0.035,0.702306518,0.153473301,0.153473301,0.858238713
HADHA-K493,HADHA,-0.131075,0.685714286,0.163856803,-0.163856803,1,0.035,0.702306518,0.153473301,0.153473301,0.858238713
HADHA-K505,HADHA,0.1443,0.681336416,0.166638398,0.166638398,1,0.035,0.702306518,0.153473301,0.153473301,0.858238713
HADHA-K519,HADHA,0.2902,0.36143655,0.441967932,0.441967932,0.936845827,0.035,0.702306518,0.153473301,0.153473301,0.858238713
HADHA-K531,HADHA,-0.3062,0.2495666,0.602813538,-0.602813538,0.893802906,0.035,0.702306518,0.153473301,0.153473301,0.858238713
HADHA-K569,HADHA,-0.2085,0.609215339,0.21522917,-0.21522917,1,0.035,0.702306518,0.153473301,0.153473301,0.858238713
HADHA-K597,HADHA,-0.788,0.127377267,0.894908075,-0.894908075,0.805667206,0.035,0.702306518,0.153473301,0.153473301,0.858238713
HADHA-K60,HADHA,-0.14735,0.295016147,0.530154213,-0.530154213,0.916922529,0.035,0.702306518,0.153473301,0.153473301,0.858238713
HADHA-K605,HADHA,-0.019185,0.870907672,0.060027884,-0.060027884,1,0.035,0.702306518,0.153473301,0.153473301,0.858238713
HADHA-K644,HADHA,-0.1172,0.44134926,0.355217597,-0.355217597,0.961720515,0.035,0.702306518,0.153473301,0.153473301,0.858238713
HADHA-K728,HADHA,-0.2345,0.646207866,0.18962776,-0.18962776,1,0.035,0.702306518,0.153473301,0.153473301,0.858238713
HADHA-K735,HADHA,-0.1645,0.099414868,1.00254866,-1.00254866,0.776434795,0.035,0.702306518,0.153473301,0.153473301,0.858238713
HADHA-K759,HADHA,0.0988,0.684754582,0.164465053,0.164465053,1,0.035,0.702306518,0.153473301,0.153473301,0.858238713
HADHB-K111,HADHB,-0.1416,0.75872448,0.119915903,-0.119915903,1,-0.065,0.702281218,0.153488946,-0.153488946,0.858238713
HADHB-K181,HADHB,-0.1846,0.467049978,0.330636644,-0.330636644,0.967568225,-0.065,0.702281218,0.153488946,-0.153488946,0.858238713
HADHB-K188,HADHB,0.27005,0.285959606,0.54369531,0.54369531,0.909317859,-0.065,0.702281218,0.153488946,-0.153488946,0.858238713
HADHB-K277,HADHB,0.0486575,0.527019524,0.278173296,0.278173296,0.982788878,-0.065,0.702281218,0.153488946,-0.153488946,0.858238713
HADHB-K291,HADHB,0.38225,0.173752594,0.760068702,0.760068702,0.859405482,-0.065,0.702281218,0.153488946,-0.153488946,0.858238713
HADHB-K332,HADHB,-0.15189,0.455899028,0.341131334,-0.341131334,0.9663303,-0.065,0.702281218,0.153488946,-0.153488946,0.858238713
HADHB-K72,HADHB,0.0136,0.854305361,0.068386868,0.068386868,1,-0.065,0.702281218,0.153488946,-0.153488946,0.858238713
HAGH-K116,HAGH,-0.0066,0.885714286,0.052706351,-0.052706351,1,-0.09,1,0,0,1
HAGH-K229,HAGH,0.17825,0.945411926,0.024378923,0.024378923,1,-0.09,1,0,0,1
HARS-K418,HARS,-0.007775,0.788330099,0.103291891,-0.103291891,1,0.075,0.115564735,0.937174671,0.937174671,0.344002259
HARS2-K58,HARS2,0.50495,0.114285714,0.942008053,0.942008053,0.776434795,0.115,0.012524351,1.902244778,1.902244778,0.101074475
HBA2-K100,HBA2,0,0.535827053,0.270975363,0,0.984176452,-0.52,0.630215803,0.200510711,-0.200510711,0.814968112
HBA2-K12,HBA2,-0.115725,0.909121199,0.041378215,-0.041378215,1,-0.52,0.630215803,0.200510711,-0.200510711,0.814968112
HBA2-K140,HBA2,-0.27075,0.355951268,0.448609456,-0.448609456,0.936845827,-0.52,0.630215803,0.200510711,-0.200510711,0.814968112
HBA2-K17,HBA2,-0.24065,0.333159874,0.477347311,-0.477347311,0.930954294,-0.52,0.630215803,0.200510711,-0.200510711,0.814968112
HBA2-K41,HBA2,-0.086,0.384993294,0.414546835,-0.414546835,0.9476637,-0.52,0.630215803,0.200510711,-0.200510711,0.814968112
HBA2-K57,HBA2,0.00345,0.661053138,0.179763629,0.179763629,1,-0.52,0.630215803,0.200510711,-0.200510711,0.814968112
HBA2-K61,HBA2,-0.4325,0.194570136,0.710923818,-0.710923818,0.859405482,-0.52,0.630215803,0.200510711,-0.200510711,0.814968112
HBA2-K62,HBA2,-0.3584,0.648484848,0.188100167,-0.188100167,1,-0.52,0.630215803,0.200510711,-0.200510711,0.814968112
HBA2-K8,HBA2,0.1855,0.956463218,0.019331727,0.019331727,1,-0.52,0.630215803,0.200510711,-0.200510711,0.814968112
HBA2-K91,HBA2,-0.10995,0.358545794,0.445455368,-0.445455368,0.936845827,-0.52,0.630215803,0.200510711,-0.200510711,0.814968112
HBB-K121,HBB,-0.00525,0.737300416,0.132355521,-0.132355521,1,-0.775,0.350800284,0.454940064,-0.454940064,0.618856048
HBB-K133,HBB,-0.204675,0.471757198,0.326281465,-0.326281465,0.967568225,-0.775,0.350800284,0.454940064,-0.454940064,0.618856048
HBB-K18,HBB,-0.23005,0.407211118,0.390180373,-0.390180373,0.956240488,-0.775,0.350800284,0.454940064,-0.454940064,0.618856048
HBB-K60,HBB,-0.147,0.465663718,0.331927599,-0.331927599,0.967568225,-0.775,0.350800284,0.454940064,-0.454940064,0.618856048
HBB-K83,HBB,-0.38609,0.712393179,0.147280248,-0.147280248,1,-0.775,0.350800284,0.454940064,-0.454940064,0.618856048
HBB-K9,HBB,-0.1485,0.815561782,0.088543134,-0.088543134,1,-0.775,0.350800284,0.454940064,-0.454940064,0.618856048
HBB-K96,HBB,-0.018,0.897328759,0.047048413,-0.047048413,1,-0.775,0.350800284,0.454940064,-0.454940064,0.618856048
HBD-K121,HBD,-0.40158,0.081251821,1.090166897,-1.090166897,0.757639694,0.9,0.117940131,0.928338396,0.928338396,0.347749082
HBD-K133,HBD,-0.3054,0.979311467,0.00907916,-0.00907916,1,0.9,0.117940131,0.928338396,0.928338396,0.347749082
HBD-K18,HBD,-0.1419,0.34660373,0.460166768,-0.460166768,0.934126335,0.9,0.117940131,0.928338396,0.928338396,0.347749082
HBD-K83,HBD,0.351865,0.831416777,0.080181216,0.080181216,1,0.9,0.117940131,0.928338396,0.928338396,0.347749082
HBD-K9,HBD,-0.2365,0.630224779,0.200504526,-0.200504526,1,0.9,0.117940131,0.928338396,0.928338396,0.347749082
HBD-K96,HBD,-0.077,0.923097462,0.034752443,-0.034752443,1,0.9,0.117940131,0.928338396,0.928338396,0.347749082
HCFC1-K1863,HCFC1,-0.03105,0.379339062,0.420972434,-0.420972434,0.945030662,0.15,0.202109936,0.694412336,0.694412336,0.461446485
HCFC1-K288,HCFC1,0.241,0.314539886,0.502324275,0.502324275,0.920825313,0.15,0.202109936,0.694412336,0.694412336,0.461446485
HCFC1-K813,HCFC1,0.1712,0.101878783,0.991916254,0.991916254,0.776434795,0.15,0.202109936,0.694412336,0.694412336,0.461446485
HCFC1-K836,HCFC1,-0.110338,0.220222988,0.657137348,-0.657137348,0.875622157,0.15,0.202109936,0.694412336,0.694412336,0.461446485
HCFC2-K771,HCFC2,0.4596,0.30106658,0.52133745,0.52133745,0.920466754,-0.16,0.007686299,2.114282744,-2.114282744,0.076540783
HCLS1-K123,HCLS1,-0.244,0.20751634,0.682947701,-0.682947701,0.868274686,-0.455,0.127594817,0.894166965,-0.894166965,0.36326636
HCLS1-K141,HCLS1,-0.0767,1,0,0,1,-0.455,0.127594817,0.894166965,-0.894166965,0.36326636
HDAC1-K220,HDAC1,0.6915,0.004717677,2.326271839,2.326271839,0.377682496,0.205,1.61E-04,3.792418451,3.792418451,0.008959184
HDAC1-K412,HDAC1,0.1899,0.042879623,1.367749038,1.367749038,0.634871723,0.205,1.61E-04,3.792418451,3.792418451,0.008959184
HDAC2-K474,HDAC2,-0.22165,0.882604535,0.054233845,-0.054233845,1,0.055,0.769623497,0.113721681,0.113721681,0.894698431
HDGF-K148,HDGF,0.1339,0.425307876,0.371296574,0.371296574,0.961720515,0.34,0.025813593,1.588151549,1.588151549,0.151027338
HDGF-K169,HDGF,0.0789,0.412846812,0.384211064,0.384211064,0.956240488,0.34,0.025813593,1.588151549,1.588151549,0.151027338
HDGF-K174,HDGF,-0.04875,0.832944833,0.079383762,-0.079383762,1,0.34,0.025813593,1.588151549,1.588151549,0.151027338
HDGF-K55,HDGF,0.173175,0.8620996,0.064442556,0.064442556,1,0.34,0.025813593,1.588151549,1.588151549,0.151027338
HDGFL2-K306,HDGFL2,-0.12,0.693220437,0.159128642,-0.159128642,1,0.02,0.6586311,0.181357766,0.181357766,0.832349878
HDGFL2-K548,HDGFL2,0.1415,0.643257994,0.191614808,0.191614808,1,0.02,0.6586311,0.181357766,0.181357766,0.832349878
HDGFL2-K584,HDGFL2,0.1968,0.455765004,0.341259025,0.341259025,0.9663303,0.02,0.6586311,0.181357766,0.181357766,0.832349878
HDGFL3-K169,HDGFL3,-0.4815,0.020619721,1.685717221,-1.685717221,0.550225095,-0.41,0.002504108,2.601346897,-2.601346897,0.041629398
HDGFL3-K18,HDGFL3,-0.3215,0.06668846,1.17594931,-1.17594931,0.722248672,-0.41,0.002504108,2.601346897,-2.601346897,0.041629398
HDGFL3-K38,HDGFL3,-0.1065,0.22396321,0.649823316,-0.649823316,0.875912177,-0.41,0.002504108,2.601346897,-2.601346897,0.041629398
HDHD2-K50,HDHD2,-0.08735,0.100436189,0.998109776,-0.998109776,0.776434795,0.015,0.984158793,0.006934823,0.006934823,0.994460474
HDHD3-K15,HDHD3,-0.4892,0.369795316,0.432038594,-0.432038594,0.938794148,0.345,0.014409687,1.841345451,1.841345451,0.108844196
HDHD5-K69,HDHD5,-0.261263,0.936294513,0.028587522,-0.028587522,1,0.485,0.001541583,2.812033224,2.812033224,0.031479979
HDLBP-K179,HDLBP,4.90E-04,0.437866897,0.358657887,0.358657887,0.961720515,0.01,0.350729491,0.455027715,0.455027715,0.618856048
HDLBP-K568,HDLBP,-0.1714,0.367610202,0.434612445,-0.434612445,0.938794148,0.01,0.350729491,0.455027715,0.455027715,0.618856048
HDLBP-K860,HDLBP,-0.2382635,1,0,0,1,0.01,0.350729491,0.455027715,0.455027715,0.618856048
HEBP1-K49,HEBP1,0.0377,0.96130031,0.017140918,0.017140918,1,0.225,0.123891858,0.906957234,0.906957234,0.357499299
HEBP2-K87,HEBP2,-0.11505,0.234233804,0.630350428,-0.630350428,0.879057947,0.11,0.17540261,0.755963948,0.755963948,0.42786796
HGD-K98,HGD,0.413,0.156780967,0.80470666,0.80470666,0.842963497,0.27,0.415672161,0.381249061,0.381249061,0.670457022
HGS-K146,HGS,0.0994105,0.485714286,0.313619123,0.313619123,0.967568225,0.11,0.274794373,0.560992165,0.560992165,0.544888239
HIBADH-K149,HIBADH,-0.238485,0.721396251,0.141826119,-0.141826119,1,-0.075,0.292665162,0.533628972,-0.533628972,0.563307385
HIBADH-K297,HIBADH,-0.146,0.411764706,0.385350881,-0.385350881,0.956240488,-0.075,0.292665162,0.533628972,-0.533628972,0.563307385
HIBADH-K60,HIBADH,-0.10925,0.287929462,0.540713894,-0.540713894,0.911425176,-0.075,0.292665162,0.533628972,-0.533628972,0.563307385
HIBADH-K95,HIBADH,-0.19205,0.229972517,0.638324061,-0.638324061,0.879057947,-0.075,0.292665162,0.533628972,-0.533628972,0.563307385
HIBCH-K162,HIBCH,0.310967,0.055555556,1.255272505,1.255272505,0.68202138,0.035,0.792505836,0.100997531,0.100997531,0.906638378
HIBCH-K257,HIBCH,-0.038885,0.820081879,0.086142784,-0.086142784,1,0.035,0.792505836,0.100997531,0.100997531,0.906638378
HIBCH-K301,HIBCH,0.124,0.746137096,0.127181368,0.127181368,1,0.035,0.792505836,0.100997531,0.100997531,0.906638378
HIBCH-K353,HIBCH,0.175,0.480971081,0.317881036,0.317881036,0.967568225,0.035,0.792505836,0.100997531,0.100997531,0.906638378
HIBCH-K360,HIBCH,-0.4025,0.179625216,0.745632696,-0.745632696,0.859405482,0.035,0.792505836,0.100997531,0.100997531,0.906638378
HIBCH-K73,HIBCH,-0.096671,0.55402969,0.256466961,-0.256466961,0.990319758,0.035,0.792505836,0.100997531,0.100997531,0.906638378
HIBCH-K92,HIBCH,-0.2926,0.4832903,0.315791922,-0.315791922,0.967568225,0.035,0.792505836,0.100997531,0.100997531,0.906638378
HIF1A-K733,HIF1A,0.0513,0.538566035,0.268761039,0.268761039,0.985226023,0.03,0.564790507,0.248112611,0.248112611,0.773770169
HINT1-K21,HINT1,0.34965,0.012200602,1.91361874,1.91361874,0.501114778,0.2,0.027884555,1.554636285,1.554636285,0.15748099
HINT1-K30,HINT1,0.28752,0.217941549,0.661659966,0.661659966,0.875622157,0.2,0.027884555,1.554636285,1.554636285,0.15748099
HIRA-K114,HIRA,0.00268,0.702712775,0.153222151,0.153222151,1,0.16,0.0209844,1.678103445,1.678103445,0.134338842
HIST1H1A-K88,HIST1H1A,-0.09555,0.857781444,0.066623353,-0.066623353,1,-0.5,0.15722443,0.803479971,-0.803479971,0.403072234
HIST1H1B-K141,HIST1H1B,0.01005,0.519032309,0.284805607,0.284805607,0.981815074,-0.03,0.773440227,0.111573244,-0.111573244,0.896807433
HIST1H1B-K168,HIST1H1B,0.711,0.249480239,0.602963848,0.602963848,0.893802906,-0.03,0.773440227,0.111573244,-0.111573244,0.896807433
HIST1H1B-K188,HIST1H1B,0.1235,0.535841867,0.270963357,0.270963357,0.984176452,-0.03,0.773440227,0.111573244,-0.111573244,0.896807433
HIST1H1B-K35,HIST1H1B,-0.607,0.610978226,0.213974267,-0.213974267,1,-0.03,0.773440227,0.111573244,-0.111573244,0.896807433
HIST1H1B-K55,HIST1H1B,0.31665,0.494729727,0.305631993,0.305631993,0.969644025,-0.03,0.773440227,0.111573244,-0.111573244,0.896807433
HIST1H1B-K66,HIST1H1B,-0.033,0.690052211,0.161118048,-0.161118048,1,-0.03,0.773440227,0.111573244,-0.111573244,0.896807433
HIST1H1B-K78,HIST1H1B,0.0201,0.649498095,0.187422119,0.187422119,1,-0.03,0.773440227,0.111573244,-0.111573244,0.896807433
HIST1H1C-K136,HIST1H1C,0.556365,0.269778564,0.568992562,0.568992562,0.902857656,0.595,2.69E-04,3.569783083,3.569783083,0.011692082
HIST1H1C-K17,HIST1H1C,0.5197,0.469755245,0.328128362,0.328128362,0.967568225,0.595,2.69E-04,3.569783083,3.569783083,0.011692082
HIST1H1D-K169,HIST1H1D,0.469,0.172758244,0.762561219,0.762561219,0.859405482,0.18,0.7886915,0.10309284,0.10309284,0.904396453
HIST1H1D-K33,HIST1H1D,-0.0555,0.619975499,0.207625473,-0.207625473,1,0.18,0.7886915,0.10309284,0.10309284,0.904396453
HIST1H1E-K136,HIST1H1E,0.44633,0.581492166,0.235456132,0.235456132,1,0.43,2.85E-04,3.544438149,3.544438149,0.012128046
HIST1H1E-K168,HIST1H1E,0.407,0.471757198,0.326281465,0.326281465,0.967568225,0.43,2.85E-04,3.544438149,3.544438149,0.012128046
HIST1H1E-K17,HIST1H1E,0.085,0.980202859,0.008684035,0.008684035,1,0.43,2.85E-04,3.544438149,3.544438149,0.012128046
HIST1H1E-K32,HIST1H1E,-0.801,0.23030303,0.637700348,-0.637700348,0.879057947,0.43,2.85E-04,3.544438149,3.544438149,0.012128046
HIST1H2AA-K37,HIST1H2AA,0.1843,0.141652594,0.848775468,0.848775468,0.820443268,0,0.320688146,0.493917093,0,0.590809236
HIST1H2AB-K96,HIST1H2AB,-0.1085,0.304265505,0.516747282,-0.516747282,0.920825313,0.62,0.003046554,2.516191131,2.516191131,0.046570559
HIST1H2AH-K126,HIST1H2AH,0.126,0.606468531,0.217191729,0.217191729,1,0.84,0.005282598,2.277152421,2.277152421,0.062555609
HIST1H2BA-K22,HIST1H2BA,0.489015,0.737357415,0.132321948,0.132321948,1,0,0.047155011,1.326472151,0,0.210204567
HIST1H2BA-K25,HIST1H2BA,0.2319,0.835664336,0.077968132,0.077968132,1,0,0.047155011,1.326472151,0,0.210204567
HIST1H2BB-K12,HIST1H2BB,0.0301,0.558126039,0.253267715,0.253267715,0.990772801,-1.455,0.036666901,1.435725792,-1.435725792,0.183056091
HIST1H2BB-K13,HIST1H2BB,-0.256775,0.154338806,0.811524865,-0.811524865,0.837438046,-1.455,0.036666901,1.435725792,-1.435725792,0.183056091
HIST1H2BB-K16,HIST1H2BB,-0.541575,0.075612099,1.121408705,-1.121408705,0.73833448,-1.455,0.036666901,1.435725792,-1.435725792,0.183056091
HIST1H2BB-K17,HIST1H2BB,-0.59,0.056036331,1.251530312,-1.251530312,0.68202138,-1.455,0.036666901,1.435725792,-1.435725792,0.183056091
HIST1H2BB-K21,HIST1H2BB,-0.6425775,0.056040198,1.251500339,-1.251500339,0.68202138,-1.455,0.036666901,1.435725792,-1.435725792,0.183056091
HIST1H2BB-K24,HIST1H2BB,-0.5522,0.002271633,2.643661849,-2.643661849,0.322269041,-1.455,0.036666901,1.435725792,-1.435725792,0.183056091
HIST1H2BB-K6,HIST1H2BB,0.016525,0.676760925,0.169564724,0.169564724,1,-1.455,0.036666901,1.435725792,-1.435725792,0.183056091
HIST1H2BD-K12,HIST1H2BD,0.053,0.175456987,0.755829332,0.755829332,0.859405482,0.535,0.001391605,2.85648414,2.85648414,0.029825298
HIST1H2BD-K13,HIST1H2BD,0.1787125,0.112254308,0.949796983,0.949796983,0.776434795,0.535,0.001391605,2.85648414,2.85648414,0.029825298
HIST1H2BD-K16,HIST1H2BD,0.01725,0.241495459,0.617091031,0.617091031,0.885069173,0.535,0.001391605,2.85648414,2.85648414,0.029825298
HIST1H2BD-K6,HIST1H2BD,0.0062,0.1601684,0.795423164,0.795423164,0.84636288,0.535,0.001391605,2.85648414,2.85648414,0.029825298
HIST1H2BJ-K121,HIST1H2BJ,0.0885,0.901256511,0.045151585,0.045151585,1,0.945,2.91E-04,3.536096144,3.536096144,0.012246747
HIST1H2BL-K12,HIST1H2BL,-0.1805,0.718059856,0.143839353,-0.143839353,1,0.945,3.64E-05,4.439010461,4.439010461,0.004285121
HIST1H2BL-K6,HIST1H2BL,0.28075,0.227819388,0.64240932,0.64240932,0.879057947,0.945,3.64E-05,4.439010461,4.439010461,0.004285121
HIST1H2BM-K12,HIST1H2BM,0.0648,0.853976502,0.068554079,0.068554079,1,0.155,0.743235743,0.128873413,0.128873413,0.881029556
HIST1H2BM-K13,HIST1H2BM,-0.3225,0.401616732,0.396188202,-0.396188202,0.956240488,0.155,0.743235743,0.128873413,0.128873413,0.881029556
HIST1H2BM-K16,HIST1H2BM,-0.2433,0.348243847,0.458116548,-0.458116548,0.93437433,0.155,0.743235743,0.128873413,0.128873413,0.881029556
HIST1H2BM-K17,HIST1H2BM,-0.25564,0.459618868,0.337602152,-0.337602152,0.967568225,0.155,0.743235743,0.128873413,0.128873413,0.881029556
HIST1H2BM-K21,HIST1H2BM,-0.1372,0.960417696,0.017539846,-0.017539846,1,0.155,0.743235743,0.128873413,0.128873413,0.881029556
HIST1H2BM-K24,HIST1H2BM,0.09595,0.404952461,0.392595957,0.392595957,0.956240488,0.155,0.743235743,0.128873413,0.128873413,0.881029556
HIST1H2BM-K6,HIST1H2BM,-0.1905,0.940656676,0.026568858,-0.026568858,1,0.155,0.743235743,0.128873413,0.128873413,0.881029556
HIST1H4G-K13,HIST1H4G,0.13065,0.155779791,0.807488882,0.807488882,0.842963497,0,0.826670665,0.082667473,0,0.924544113
HIST1H4G-K17,HIST1H4G,-0.185,0.645433784,0.190148306,-0.190148306,1,0,0.826670665,0.082667473,0,0.924544113
HIST1H4G-K6,HIST1H4G,-0.0155,0.348072719,0.458330014,-0.458330014,0.93437433,0,0.826670665,0.082667473,0,0.924544113
HIST1H4G-K9,HIST1H4G,-0.0155,0.348072719,0.458330014,-0.458330014,0.93437433,0,0.826670665,0.082667473,0,0.924544113
HIST2H2AB-K125,HIST2H2AB,-0.432675,0.023992142,1.619930986,-1.619930986,0.565022983,0.75,3.72E-05,4.429968297,4.429968297,0.004292139
HIST2H2AB-K128,HIST2H2AB,-0.1576725,0.172779782,0.762507079,-0.762507079,0.859405482,0.75,3.72E-05,4.429968297,4.429968297,0.004292139
HIST2H2AB-K130,HIST2H2AB,-0.086375,0.928439055,0.032246599,-0.032246599,1,0.75,3.72E-05,4.429968297,4.429968297,0.004292139
HIST2H2BF-K12,HIST2H2BF,-0.0771,0.747006083,0.126675861,-0.126675861,1,0.665,4.58E-04,3.338921052,3.338921052,0.015994554
HIST2H2BF-K13,HIST2H2BF,-0.05675,0.796350553,0.098895714,-0.098895714,1,0.665,4.58E-04,3.338921052,3.338921052,0.015994554
HIST2H2BF-K134,HIST2H2BF,-0.15774,1,0,0,1,0.665,4.58E-04,3.338921052,3.338921052,0.015994554
HIST2H2BF-K16,HIST2H2BF,-0.074,0.901256511,0.045151585,-0.045151585,1,0.665,4.58E-04,3.338921052,3.338921052,0.015994554
HIST2H2BF-K17,HIST2H2BF,-0.01375,0.992080378,0.00345314,-0.00345314,1,0.665,4.58E-04,3.338921052,3.338921052,0.015994554
HIST2H2BF-K21,HIST2H2BF,-0.02175,0.717133151,0.144400201,-0.144400201,1,0.665,4.58E-04,3.338921052,3.338921052,0.015994554
HIST2H2BF-K24,HIST2H2BF,0.2905,0.290452723,0.536924547,0.536924547,0.911658441,0.665,4.58E-04,3.338921052,3.338921052,0.015994554
HIST2H2BF-K6,HIST2H2BF,-0.02085,0.846523725,0.072360866,-0.072360866,1,0.665,4.58E-04,3.338921052,3.338921052,0.015994554
HIST2H4B-K13,HIST2H4B,0.180475,0.338134369,0.470910683,0.470910683,0.930954294,1.14,4.52E-06,5.345085359,5.345085359,0.00187906
HIST2H4B-K17,HIST2H4B,0.2342,0.264138824,0.57816776,0.57816776,0.899293861,1.14,4.52E-06,5.345085359,5.345085359,0.00187906
HIST2H4B-K6,HIST2H4B,0.150225,0.441741281,0.354832014,0.354832014,0.961720515,1.14,4.52E-06,5.345085359,5.345085359,0.00187906
HIST2H4B-K78,HIST2H4B,-0.2242,0.653293393,0.184891734,-0.184891734,1,1.14,4.52E-06,5.345085359,5.345085359,0.00187906
HIST2H4B-K9,HIST2H4B,0.18375,0.353371111,0.451768958,0.451768958,0.935291689,1.14,4.52E-06,5.345085359,5.345085359,0.00187906
HIST2H4B-K92,HIST2H4B,0.083,0.69396974,0.158659466,0.158659466,1,1.14,4.52E-06,5.345085359,5.345085359,0.00187906
HIST3H2BB-K12,HIST3H2BB,0.32,0.059026203,1.228955152,1.228955152,0.698068054,0.955,1.86E-04,3.730457008,3.730457008,0.009633831
HIST3H2BB-K13,HIST3H2BB,0.158,0.428571429,0.367976785,0.367976785,0.961720515,0.955,1.86E-04,3.730457008,3.730457008,0.009633831
HIST3H2BB-K16,HIST3H2BB,0.192,0.428571429,0.367976785,0.367976785,0.961720515,0.955,1.86E-04,3.730457008,3.730457008,0.009633831
HIST3H2BB-K6,HIST3H2BB,0.23825,0.098400095,1.007004482,1.007004482,0.776434795,0.955,1.86E-04,3.730457008,3.730457008,0.009633831
HIST3H3-K24,HIST3H3,-0.1176,0.885714286,0.052706351,-0.052706351,1,0.03,0.968136881,0.014063235,0.014063235,0.986928781
HK1-K136,HK1,-0.00465,0.582472677,0.234724442,-0.234724442,1,-0.04,0.885549883,0.05278697,-0.05278697,0.951013655
HK1-K222,HK1,-0.2226,0.492257742,0.307807445,-0.307807445,0.969594397,-0.04,0.885549883,0.05278697,-0.05278697,0.951013655
HK1-K368,HK1,0.01595,0.816401245,0.088096342,0.088096342,1,-0.04,0.885549883,0.05278697,-0.05278697,0.951013655
HK1-K388,HK1,-0.030155,0.767898768,0.114696029,-0.114696029,1,-0.04,0.885549883,0.05278697,-0.05278697,0.951013655
HK1-K812,HK1,-0.333,0.496371191,0.304193432,-0.304193432,0.969924879,-0.04,0.885549883,0.05278697,-0.05278697,0.951013655
HMBS-K74,HMBS,0.20535,0.033879449,1.470063661,1.470063661,0.615974024,0.445,4.31E-05,4.365028864,4.365028864,0.004548895
HMG20B-K43,HMG20B,0.734365,0.083115027,1.080320448,1.080320448,0.762793224,0.285,0.002545489,2.594228798,2.594228798,0.041912359
HMGA1-K15,HMGA1,0.167665,0.960417696,0.017539846,0.017539846,1,0.375,0.114493222,0.941220223,0.941220223,0.341855012
HMGA1-K18,HMGA1,-0.219,0.26414133,0.578163639,-0.578163639,0.899293861,0.375,0.114493222,0.941220223,0.941220223,0.341855012
HMGA1-K82,HMGA1,0.4443,0.501054131,0.300115353,0.300115353,0.971994014,0.375,0.114493222,0.941220223,0.941220223,0.341855012
HMGA2-K26,HMGA2,-0.514,0.183759847,0.73574938,-0.73574938,0.859405482,-0.02,0.673111787,0.171912804,-0.171912804,0.84143029
HMGA2-K74,HMGA2,0.13125,0.856964546,0.067037145,0.067037145,1,-0.02,0.673111787,0.171912804,-0.171912804,0.84143029
HMGB1-K127,HMGB1,0.1732,0.237674842,0.624016786,0.624016786,0.879057947,0.22,0.003297784,2.481777851,2.481777851,0.048605906
HMGB1-K128,HMGB1,0.115975,0.373299018,0.427943152,0.427943152,0.94252692,0.22,0.003297784,2.481777851,2.481777851,0.048605906
HMGB1-K141,HMGB1,-0.05275,0.948557033,0.022936552,-0.022936552,1,0.22,0.003297784,2.481777851,2.481777851,0.048605906
HMGB1-K172,HMGB1,-0.0792,0.675292536,0.170508051,-0.170508051,1,0.22,0.003297784,2.481777851,2.481777851,0.048605906
HMGB1-K177,HMGB1,0.1703,0.330494501,0.480835763,0.480835763,0.930954294,0.22,0.003297784,2.481777851,2.481777851,0.048605906
HMGB1-K30,HMGB1,0.03351,0.730861244,0.136165067,0.136165067,1,0.22,0.003297784,2.481777851,2.481777851,0.048605906
HMGB1-K43,HMGB1,-0.01345,0.767758983,0.114775094,-0.114775094,1,0.22,0.003297784,2.481777851,2.481777851,0.048605906
HMGB1-K55,HMGB1,0.2305,0.883800445,0.053645784,0.053645784,1,0.22,0.003297784,2.481777851,2.481777851,0.048605906
HMGB2-K139,HMGB2,0.1209,0.48087103,0.317971386,0.317971386,0.967568225,0.74,2.93E-05,4.53363839,4.53363839,0.003833964
HMGB2-K147,HMGB2,0.5205,0.459066934,0.338123988,0.338123988,0.967568225,0.74,2.93E-05,4.53363839,4.53363839,0.003833964
HMGB2-K182,HMGB2,0.14475,0.19344171,0.713449878,0.713449878,0.859405482,0.74,2.93E-05,4.53363839,4.53363839,0.003833964
HMGB2-K59,HMGB2,0.07115,0.720839159,0.142161629,0.142161629,1,0.74,2.93E-05,4.53363839,4.53363839,0.003833964
HMGB2-K8,HMGB2,0.0508,0.589845309,0.22926187,0.22926187,1,0.74,2.93E-05,4.53363839,4.53363839,0.003833964
HMGB3-K102,HMGB3,0.271,0.436526414,0.359989472,0.359989472,0.961720515,0.53,0.001072233,2.969710848,2.969710848,0.02581083
HMGB3-K159,HMGB3,0.01745,0.842260568,0.074553531,0.074553531,1,0.53,0.001072233,2.969710848,2.969710848,0.02581083
HMGB3-K185,HMGB3,-0.091,0.69047619,0.160851292,-0.160851292,1,0.53,0.001072233,2.969710848,2.969710848,0.02581083
HMGB3-K190,HMGB3,0.2433275,0.249097172,0.603631203,0.603631203,0.893802906,0.53,0.001072233,2.969710848,2.969710848,0.02581083
HMGB3-K79,HMGB3,0.472,0.008540417,2.068520901,2.068520901,0.450113647,0.53,0.001072233,2.969710848,2.969710848,0.02581083
HMGCL-K179,HMGCL,0.426185,0.084614104,1.072557238,1.072557238,0.767854033,0.135,0.150031683,0.82381702,0.82381702,0.392700677
HMGCL-K190,HMGCL,0.2515,0.934862239,0.029252382,0.029252382,1,0.135,0.150031683,0.82381702,0.82381702,0.392700677
HMGCL-K324,HMGCL,-0.1966,0.813078655,0.08986744,-0.08986744,1,0.135,0.150031683,0.82381702,0.82381702,0.392700677
HMGCL-K48,HMGCL,0.0385,0.735755008,0.133266773,0.133266773,1,0.135,0.150031683,0.82381702,0.82381702,0.392700677
HMGCL-K93,HMGCL,0.254275,0.090576694,1.042983535,1.042983535,0.776434795,0.135,0.150031683,0.82381702,0.82381702,0.392700677
HMGCS2-K310,HMGCS2,0.360325,0.539460539,0.268040318,0.268040318,0.985485758,-0.415,0.91697684,0.037641633,-0.037641633,0.96500359
HMGN1-K14,HMGN1,-0.0215,0.975857983,0.010613381,-0.010613381,1,0.15,0.008261283,2.082952494,2.082952494,0.079398912
HMGN1-K27,HMGN1,-5.00E-04,0.605752413,0.217704847,-0.217704847,1,0.15,0.008261283,2.082952494,2.082952494,0.079398912
HMGN1-K31,HMGN1,0.1915,0.050383806,1.297709029,1.297709029,0.675448457,0.15,0.008261283,2.082952494,2.082952494,0.079398912
HMGN1-K5,HMGN1,0.00167,0.696410396,0.157134755,0.157134755,1,0.15,0.008261283,2.082952494,2.082952494,0.079398912
HMGN1-K61,HMGN1,-0.0629,0.616190113,0.210285274,-0.210285274,1,0.15,0.008261283,2.082952494,2.082952494,0.079398912
HMGN1-K82,HMGN1,-0.2011,0.56969697,0.244356091,-0.244356091,0.993833698,0.15,0.008261283,2.082952494,2.082952494,0.079398912
HMGN1-K95,HMGN1,0.156,0.561464675,0.250677563,0.250677563,0.991315092,0.15,0.008261283,2.082952494,2.082952494,0.079398912
HMGN2-K11,HMGN2,-0.3725,0.058641533,1.231794685,-1.231794685,0.695179524,0.41,5.00E-05,4.300617967,4.300617967,0.004888727
HMGN2-K14,HMGN2,0.0781,0.887165974,0.051995123,0.051995123,1,0.41,5.00E-05,4.300617967,4.300617967,0.004888727
HMGN2-K31,HMGN2,-0.151,0.603756264,0.219138351,-0.219138351,1,0.41,5.00E-05,4.300617967,4.300617967,0.004888727
HMGN2-K48,HMGN2,0.07485,0.73430414,0.134124023,0.134124023,1,0.41,5.00E-05,4.300617967,4.300617967,0.004888727
HMGN2-K51,HMGN2,0.1333,0.957876174,0.018690629,0.018690629,1,0.41,5.00E-05,4.300617967,4.300617967,0.004888727
HMGN2-K64,HMGN2,-0.17375,0.132640175,0.877324913,-0.877324913,0.809164535,0.41,5.00E-05,4.300617967,4.300617967,0.004888727
HMGN2-K76,HMGN2,0.2110025,0.212766753,0.672096234,0.672096234,0.871630117,0.41,5.00E-05,4.300617967,4.300617967,0.004888727
HMGN2-K82,HMGN2,0.0155,0.382402637,0.417479121,0.417479121,0.94739124,0.41,5.00E-05,4.300617967,4.300617967,0.004888727
HMGN2-K90,HMGN2,-0.4775,0.017914248,1.746801413,-1.746801413,0.541906009,0.41,5.00E-05,4.300617967,4.300617967,0.004888727
HMGN3-K13,HMGN3,-0.26525,0.377015633,0.423640641,-0.423640641,0.943988084,-0.045,0.270489843,0.567849038,-0.567849038,0.540193779
HMGN3-K17,HMGN3,0.07315,0.648836761,0.187864553,0.187864553,1,-0.045,0.270489843,0.567849038,-0.567849038,0.540193779
HMGN3-K20,HMGN3,-0.20775,0.970869809,0.012839004,-0.012839004,1,-0.045,0.270489843,0.567849038,-0.567849038,0.540193779
HMGN3-K55,HMGN3,-0.04545,0.59503841,0.225454999,-0.225454999,1,-0.045,0.270489843,0.567849038,-0.567849038,0.540193779
HMGN3-K67,HMGN3,-0.05195,0.459614157,0.337606603,-0.337606603,0.967568225,-0.045,0.270489843,0.567849038,-0.567849038,0.540193779
HMGN3-K72,HMGN3,-0.53375,0.080830705,1.092423635,-1.092423635,0.757639694,-0.045,0.270489843,0.567849038,-0.567849038,0.540193779
HMGN4-K11,HMGN4,-0.4015,0.062725623,1.20255502,-1.20255502,0.709783531,0.09,0.827110882,0.082436265,0.082436265,0.924544113
HMGN4-K31,HMGN4,-0.3835,0.021010676,1.67755998,-1.67755998,0.553711116,0.09,0.827110882,0.082436265,0.082436265,0.924544113
HMGN4-K64,HMGN4,-0.71535,0.011052327,1.956546261,-1.956546261,0.490919197,0.09,0.827110882,0.082436265,0.082436265,0.924544113
HMGN4-K7,HMGN4,-1.4111,0.072727273,1.138302698,-1.138302698,0.735103698,0.09,0.827110882,0.082436265,0.082436265,0.924544113
HMGN4-K71,HMGN4,-0.047,0.45955237,0.337664989,-0.337664989,0.967568225,0.09,0.827110882,0.082436265,0.082436265,0.924544113
HMGN4-K82,HMGN4,-0.162,0.27009719,0.568479933,-0.568479933,0.902857656,0.09,0.827110882,0.082436265,0.082436265,0.924544113
HMGN4-K90,HMGN4,-0.577,0.009665934,2.014756165,-2.014756165,0.467831216,0.09,0.827110882,0.082436265,0.082436265,0.924544113
HMGN5-K111,HMGN5,-0.29,0.79896574,0.097471843,-0.097471843,1,-0.115,0.713393692,0.146670735,-0.146670735,0.86374531
HMGN5-K146,HMGN5,-0.3864,0.039685845,1.401364366,-1.401364366,0.631372573,-0.115,0.713393692,0.146670735,-0.146670735,0.86374531
HMGN5-K35,HMGN5,-0.0295,0.987078645,0.005648244,-0.005648244,1,-0.115,0.713393692,0.146670735,-0.146670735,0.86374531
HMGN5-K95,HMGN5,0.209,0.095787427,1.018691492,1.018691492,0.776434795,-0.115,0.713393692,0.146670735,-0.146670735,0.86374531
HNMT-K112,HNMT,0.16755,0.176505866,0.753240856,0.753240856,0.859405482,-0.28,0.055384612,1.256610881,-1.256610881,0.228354944
HNRNPA0-K133,HNRNPA0,0.1857,0.03666099,1.435795816,1.435795816,0.61764214,-0.01,0.272626147,0.564432494,-0.564432494,0.542650841
HNRNPA0-K154,HNRNPA0,0.1802,0.402730976,0.394984966,0.394984966,0.956240488,-0.01,0.272626147,0.564432494,-0.564432494,0.542650841
HNRNPA0-K159,HNRNPA0,0.096,0.563040438,0.249460413,0.249460413,0.992070749,-0.01,0.272626147,0.564432494,-0.564432494,0.542650841
HNRNPA0-K45,HNRNPA0,0.0106,0.699134199,0.155439453,0.155439453,1,-0.01,0.272626147,0.564432494,-0.564432494,0.542650841
HNRNPA0-K96,HNRNPA0,0.0961,0.344943934,0.462251488,0.462251488,0.933847322,-0.01,0.272626147,0.564432494,-0.564432494,0.542650841
HNRNPA0-K99,HNRNPA0,0.06335,0.264798461,0.577084543,0.577084543,0.899293861,-0.01,0.272626147,0.564432494,-0.564432494,0.542650841
HNRNPA1-K166,HNRNPA1,0.342,0.011755435,1.929761286,1.929761286,0.501114778,0.16,0.17858654,0.748151277,0.748151277,0.431377743
HNRNPA1-K350,HNRNPA1,0.069,0.126363041,0.898379931,0.898379931,0.803275201,0.16,0.17858654,0.748151277,0.748151277,0.431377743
HNRNPA2B1-K104,HNRNPA2B1,-0.2362,0.391185278,0.407617498,-0.407617498,0.953305663,0.15,0.090542849,1.043145843,1.043145843,0.30054994
HNRNPA2B1-K112,HNRNPA2B1,0.094825,0.724562984,0.139923856,0.139923856,1,0.15,0.090542849,1.043145843,1.043145843,0.30054994
HNRNPA2B1-K113,HNRNPA2B1,0.06335,0.264798461,0.577084543,0.577084543,0.899293861,0.15,0.090542849,1.043145843,1.043145843,0.30054994
HNRNPA2B1-K120,HNRNPA2B1,0.1364,0.127751475,0.893634078,0.893634078,0.806258858,0.15,0.090542849,1.043145843,1.043145843,0.30054994
HNRNPA2B1-K168,HNRNPA2B1,-0.01585,0.657278968,0.182250264,-0.182250264,1,0.15,0.090542849,1.043145843,1.043145843,0.30054994
HNRNPA2B1-K17,HNRNPA2B1,0.0793,0.518612626,0.285156914,0.285156914,0.981666433,0.15,0.090542849,1.043145843,1.043145843,0.30054994
HNRNPA2B1-K173,HNRNPA2B1,0.29415625,0.137948168,0.860284062,0.860284062,0.814916032,0.15,0.090542849,1.043145843,1.043145843,0.30054994
HNRNPA2B1-K46,HNRNPA2B1,0.1482,0.285441459,0.544482948,0.544482948,0.909317859,0.15,0.090542849,1.043145843,1.043145843,0.30054994
HNRNPA2B1-K59,HNRNPA2B1,-0.0383,0.792523924,0.100987619,-0.100987619,1,0.15,0.090542849,1.043145843,1.043145843,0.30054994
HNRNPA3-K148,HNRNPA3,-0.126372,0.297409055,0.526645813,-0.526645813,0.918222724,-0.045,0.585041564,0.232813279,-0.232813279,0.787106408
HNRNPA3-K165,HNRNPA3,0.534,0.434351652,0.362158523,0.362158523,0.961720515,-0.045,0.585041564,0.232813279,-0.232813279,0.787106408
HNRNPA3-K187,HNRNPA3,-0.07705,0.90278136,0.044417416,-0.044417416,1,-0.045,0.585041564,0.232813279,-0.232813279,0.787106408
HNRNPA3-K199,HNRNPA3,0.058,0.537717111,0.269446143,0.269446143,0.985226023,-0.045,0.585041564,0.232813279,-0.232813279,0.787106408
HNRNPA3-K73,HNRNPA3,0.00195,0.525258856,0.279626616,0.279626616,0.982788878,-0.045,0.585041564,0.232813279,-0.232813279,0.787106408
HNRNPAB-K102,HNRNPAB,-0.2313,0.257353375,0.589470133,-0.589470133,0.896059652,0.35,3.94E-04,3.40458163,3.40458163,0.014620496
HNRNPAB-K131,HNRNPAB,0.07249,1,0,0,1,0.35,3.94E-04,3.40458163,3.40458163,0.014620496
HNRNPAB-K169,HNRNPAB,0.06094,0.500128141,0.300918708,0.300918708,0.971766598,0.35,3.94E-04,3.40458163,3.40458163,0.014620496
HNRNPAB-K330,HNRNPAB,-0.0507,0.771986369,0.112390368,-0.112390368,1,0.35,3.94E-04,3.40458163,3.40458163,0.014620496
HNRNPC-K157,HNRNPC,-0.0882,0.943278943,0.02535986,-0.02535986,1,0.15,0.017898013,1.747195187,1.747195187,0.123229699
HNRNPC-K189,HNRNPC,0.1904,0.056356849,1.249053295,1.249053295,0.68202138,0.15,0.017898013,1.747195187,1.747195187,0.123229699
HNRNPC-K197,HNRNPC,0.3152,0.027002567,1.568594942,1.568594942,0.591058584,0.15,0.017898013,1.747195187,1.747195187,0.123229699
HNRNPC-K229,HNRNPC,0.02,0.883645766,0.053721799,0.053721799,1,0.15,0.017898013,1.747195187,1.747195187,0.123229699
HNRNPC-K232,HNRNPC,0.114,0.476171218,0.322236859,0.322236859,0.967568225,0.15,0.017898013,1.747195187,1.747195187,0.123229699
HNRNPC-K243,HNRNPC,0.31695,0.014024168,1.85312289,1.85312289,0.502151081,0.15,0.017898013,1.747195187,1.747195187,0.123229699
HNRNPC-K50,HNRNPC,-0.501,0.044537815,1.351271092,-1.351271092,0.643140713,0.15,0.017898013,1.747195187,1.747195187,0.123229699
HNRNPD-K114,HNRNPD,0.0748,0.352616361,0.45269754,0.45269754,0.935291689,0.265,0.019385338,1.712526625,1.712526625,0.12867931
HNRNPD-K129,HNRNPD,-0.29635,0.123612137,0.907938884,-0.907938884,0.798980637,0.265,0.019385338,1.712526625,1.712526625,0.12867931
HNRNPD-K153,HNRNPD,0.1935,0.69047619,0.160851292,0.160851292,1,0.265,0.019385338,1.712526625,1.712526625,0.12867931
HNRNPD-K158,HNRNPD,-0.020462,0.630214488,0.200511617,-0.200511617,1,0.265,0.019385338,1.712526625,1.712526625,0.12867931
HNRNPD-K161,HNRNPD,0.010275,0.566138531,0.247077286,0.247077286,0.993833698,0.265,0.019385338,1.712526625,1.712526625,0.12867931
HNRNPD-K197,HNRNPD,-0.131445,0.513103186,0.289795288,-0.289795288,0.978454616,0.265,0.019385338,1.712526625,1.712526625,0.12867931
HNRNPD-K218,HNRNPD,-0.572,0.072727273,1.138302698,-1.138302698,0.735103698,0.265,0.019385338,1.712526625,1.712526625,0.12867931
HNRNPD-K231,HNRNPD,-0.01845,0.934170313,0.029573938,-0.029573938,1,0.265,0.019385338,1.712526625,1.712526625,0.12867931
HNRNPD-K243,HNRNPD,0.2359,0.553147575,0.257158987,0.257158987,0.990319758,0.265,0.019385338,1.712526625,1.712526625,0.12867931
HNRNPD-K251,HNRNPD,-0.26352,0.103611812,0.98459073,-0.98459073,0.776434795,0.265,0.019385338,1.712526625,1.712526625,0.12867931
HNRNPD-K255,HNRNPD,-0.13245,0.855653075,0.067702285,-0.067702285,1,0.265,0.019385338,1.712526625,1.712526625,0.12867931
HNRNPDL-K180,HNRNPDL,0.1741,0.877296182,0.056853761,0.056853761,1,-0.03,0.952501594,0.021134289,-0.021134289,0.981249221
HNRNPDL-K197,HNRNPDL,0.13905,0.198737577,0.701720009,0.701720009,0.859405482,-0.03,0.952501594,0.021134289,-0.021134289,0.981249221
HNRNPDL-K302,HNRNPDL,0.0355,0.873804062,0.058585941,0.058585941,1,-0.03,0.952501594,0.021134289,-0.021134289,0.981249221
HNRNPF-K200,HNRNPF,0.0623,0.937229437,0.028154079,0.028154079,1,0.12,0.100405855,0.998240962,0.998240962,0.317964194
HNRNPF-K224,HNRNPF,-0.1734,0.342857143,0.464886798,-0.464886798,0.930954294,0.12,0.100405855,0.998240962,0.998240962,0.317964194
HNRNPF-K87,HNRNPF,-4.00E-04,0.835734555,0.077931641,-0.077931641,1,0.12,0.100405855,0.998240962,0.998240962,0.317964194
HNRNPF-K98,HNRNPF,0.3412,0.440878951,0.355680635,0.355680635,0.961720515,0.12,0.100405855,0.998240962,0.998240962,0.317964194
HNRNPH1-K98,HNRNPH1,-0.310823,0.370370854,0.431363197,-0.431363197,0.938794148,0.185,0.006051143,2.218162586,2.218162586,0.067472459
HNRNPH3-K255,HNRNPH3,0.263,0.342857143,0.464886798,0.464886798,0.930954294,0.13,0.216487591,0.664566992,0.664566992,0.479115219
HNRNPH3-K76,HNRNPH3,0.05188,0.437562438,0.358959967,0.358959967,0.961720515,0.13,0.216487591,0.664566992,0.664566992,0.479115219
HNRNPK-K163,HNRNPK,0.248254,0.070888003,1.149427258,1.149427258,0.735103698,-0.03,0.318344479,0.497102677,-0.497102677,0.588506843
HNRNPK-K179,HNRNPK,0.101,0.667378051,0.175628081,0.175628081,1,-0.03,0.318344479,0.497102677,-0.497102677,0.588506843
HNRNPK-K198,HNRNPK,0.30835,0.137728938,0.860974802,0.860974802,0.814916032,-0.03,0.318344479,0.497102677,-0.497102677,0.588506843
HNRNPK-K34,HNRNPK,0.799,0.47018281,0.327733253,0.327733253,0.967568225,-0.03,0.318344479,0.497102677,-0.497102677,0.588506843
HNRNPK-K405,HNRNPK,0.0975,0.380557644,0.41957955,0.41957955,0.945619083,-0.03,0.318344479,0.497102677,-0.497102677,0.588506843
HNRNPK-K60,HNRNPK,0.1008,0.163142655,0.787432474,0.787432474,0.848347798,-0.03,0.318344479,0.497102677,-0.497102677,0.588506843
HNRNPL-K264,HNRNPL,0.00286,0.709751982,0.148893386,0.148893386,1,0.16,0.013053066,1.884287471,1.884287471,0.103359082
HNRNPL-K269,HNRNPL,-0.21348,0.009833379,2.007297205,-2.007297205,0.469460248,0.16,0.013053066,1.884287471,1.884287471,0.103359082
HNRNPL-K302,HNRNPL,-0.1516,0.89662106,0.047391065,-0.047391065,1,0.16,0.013053066,1.884287471,1.884287471,0.103359082
HNRNPL-K455,HNRNPL,-0.091,0.8620692,0.064457871,-0.064457871,1,0.16,0.013053066,1.884287471,1.884287471,0.103359082
HNRNPL-K475,HNRNPL,-0.059,0.701422359,0.154020394,-0.154020394,1,0.16,0.013053066,1.884287471,1.884287471,0.103359082
HNRNPL-K493,HNRNPL,-0.0997,0.48440498,0.3147914,-0.3147914,0.967568225,0.16,0.013053066,1.884287471,1.884287471,0.103359082
HNRNPL-K568,HNRNPL,-0.236495,0.22774484,0.642551455,-0.642551455,0.879057947,0.16,0.013053066,1.884287471,1.884287471,0.103359082
HNRNPL-K59,HNRNPL,0.3945,0.331567957,0.479427447,0.479427447,0.930954294,0.16,0.013053066,1.884287471,1.884287471,0.103359082
HNRNPLL-K23,HNRNPLL,0.5045,0.251645801,0.599210312,0.599210312,0.895562998,0.035,0.509099076,0.293197691,0.293197691,0.744017786
HNRNPM-K239,HNRNPM,0.0444,0.474809888,0.323480245,0.323480245,0.967568225,0.18,0.002049539,2.688343802,2.688343802,0.037031477
HNRNPM-K388,HNRNPM,-0.0397,1,0,0,1,0.18,0.002049539,2.688343802,2.688343802,0.037031477
HNRNPM-K48,HNRNPM,0.0638,0.505360785,0.296398462,0.296398462,0.973031198,0.18,0.002049539,2.688343802,2.688343802,0.037031477
HNRNPM-K672,HNRNPM,0.0703,0.510871822,0.291688051,0.291688051,0.97665444,0.18,0.002049539,2.688343802,2.688343802,0.037031477
HNRNPM-K685,HNRNPM,0.44825,0.064992474,1.187136929,1.187136929,0.714196044,0.18,0.002049539,2.688343802,2.688343802,0.037031477
HNRNPM-K69,HNRNPM,0.1723,0.297106984,0.52708714,0.52708714,0.918222724,0.18,0.002049539,2.688343802,2.688343802,0.037031477
HNRNPM-K698,HNRNPM,0.2519,0.003302545,2.481151319,2.481151319,0.356573191,0.18,0.002049539,2.688343802,2.688343802,0.037031477
HNRNPR-K114,HNRNPR,-0.02605,0.544585006,0.26393432,-0.26393432,0.988325888,0.035,0.662225846,0.178993873,0.178993873,0.834399531
HNRNPR-K171,HNRNPR,0.19365,0.604919108,0.218302697,0.218302697,1,0.035,0.662225846,0.178993873,0.178993873,0.834399531
HNRNPR-K303,HNRNPR,-0.22805,0.870588235,0.060187206,-0.060187206,1,0.035,0.662225846,0.178993873,0.178993873,0.834399531
HNRNPR-K362,HNRNPR,-0.033062,0.76916425,0.11398091,-0.11398091,1,0.035,0.662225846,0.178993873,0.178993873,0.834399531
HNRNPU-K181,HNRNPU,0.2465,0.975919732,0.010585901,0.010585901,1,0.085,0.103468933,0.985190031,0.985190031,0.322980902
HNRNPU-K186,HNRNPU,0.0496,0.754806976,0.122164095,0.122164095,1,0.085,0.103468933,0.985190031,0.985190031,0.322980902
HNRNPU-K213,HNRNPU,0.2124,0.447650269,0.34906115,0.34906115,0.961720515,0.085,0.103468933,0.985190031,0.985190031,0.322980902
HNRNPU-K238,HNRNPU,0.0592,0.424332891,0.372293304,0.372293304,0.961720515,0.085,0.103468933,0.985190031,0.985190031,0.322980902
HNRNPU-K265,HNRNPU,-0.2692,0.226356891,0.645206279,-0.645206279,0.879057947,0.085,0.103468933,0.985190031,0.985190031,0.322980902
HNRNPU-K331,HNRNPU,0.1137,0.880952097,0.055047706,0.055047706,1,0.085,0.103468933,0.985190031,0.985190031,0.322980902
HNRNPU-K333,HNRNPU,-0.2819,0.322865989,0.490977702,-0.490977702,0.929614984,0.085,0.103468933,0.985190031,0.985190031,0.322980902
HNRNPU-K339,HNRNPU,-0.0774135,1,0,0,1,0.085,0.103468933,0.985190031,0.985190031,0.322980902
HNRNPU-K352,HNRNPU,-0.20405,0.220843411,0.655915553,-0.655915553,0.875622157,0.085,0.103468933,0.985190031,0.985190031,0.322980902
HNRNPU-K387,HNRNPU,0.58675,0.521855776,0.282449505,0.282449505,0.982788878,0.085,0.103468933,0.985190031,0.985190031,0.322980902
HNRNPU-K399,HNRNPU,-1.0085,0.412698413,0.384367201,-0.384367201,0.956240488,0.085,0.103468933,0.985190031,0.985190031,0.322980902
HNRNPU-K433,HNRNPU,0.158725,0.198601399,0.702017697,0.702017697,0.859405482,0.085,0.103468933,0.985190031,0.985190031,0.322980902
HNRNPU-K516,HNRNPU,-0.0214,0.877296182,0.056853761,-0.056853761,1,0.085,0.103468933,0.985190031,0.985190031,0.322980902
HNRNPU-K536,HNRNPU,0.057673,0.469755245,0.328128362,0.328128362,0.967568225,0.085,0.103468933,0.985190031,0.985190031,0.322980902
HNRNPU-K543,HNRNPU,0.1116,0.56529291,0.247726462,0.247726462,0.993833698,0.085,0.103468933,0.985190031,0.985190031,0.322980902
HNRNPU-K551,HNRNPU,0.046,0.66590586,0.176587164,0.176587164,1,0.085,0.103468933,0.985190031,0.985190031,0.322980902
HNRNPU-K565,HNRNPU,0.002,1,0,0,1,0.085,0.103468933,0.985190031,0.985190031,0.322980902
HNRNPU-K614,HNRNPU,0.173,0.409553599,0.387689253,0.387689253,0.956240488,0.085,0.103468933,0.985190031,0.985190031,0.322980902
HNRNPU-K635,HNRNPU,0.1476,0.030929881,1.509621758,1.509621758,0.593457358,0.085,0.103468933,0.985190031,0.985190031,0.322980902
HNRNPU-K814,HNRNPU,0.3304,0.286593267,0.542734016,0.542734016,0.909692028,0.085,0.103468933,0.985190031,0.985190031,0.322980902
HNRNPUL1-K162,HNRNPUL1,0.0599,0.230665446,0.637017459,0.637017459,0.879057947,0.07,0.079691334,1.098588901,1.098588901,0.281011629
HNRNPUL1-K589,HNRNPUL1,-0.112345,1,0,0,1,0.07,0.079691334,1.098588901,1.098588901,0.281011629
HNRNPUL2-K151,HNRNPUL2,0.2935,0.636575873,0.196149826,0.196149826,1,0.12,0.237454754,0.624419131,0.624419131,0.504848307
HNRNPUL2-K187,HNRNPUL2,-0.47745,0.904712762,0.043489283,-0.043489283,1,0.12,0.237454754,0.624419131,0.624419131,0.504848307
HNRNPUL2-K207,HNRNPUL2,-0.39455,0.017052777,1.768204876,-1.768204876,0.523057233,0.12,0.237454754,0.624419131,0.624419131,0.504848307
HNRNPUL2-K305,HNRNPUL2,0.106125,0.195687388,0.708437164,0.708437164,0.859405482,0.12,0.237454754,0.624419131,0.624419131,0.504848307
HOOK1-K375,HOOK1,-0.2357,0.648484848,0.188100167,-0.188100167,1,0.465,8.07E-04,3.092946141,3.092946141,0.022201328
HOXA10-K177,HOXA10,-0.1645,0.59804848,0.223263609,-0.223263609,1,0.945,0.043901636,1.357519298,1.357519298,0.20233707
HOXA11-K167,HOXA11,-0.921,0.285714286,0.544068044,-0.544068044,0.909317859,-0.2,0.702345199,0.153449382,-0.153449382,0.858238713
HOXA11-K72,HOXA11,0.2204,0.241474922,0.617127965,0.617127965,0.885069173,-0.2,0.702345199,0.153449382,-0.153449382,0.858238713
HOXD10-K199,HOXD10,-0.3395,0.19047619,0.720159303,-0.720159303,0.859405482,-0.73,0.001191301,2.923978381,-2.923978381,0.027439533
HOXD9-K161,HOXD9,-0.4643,0.076881324,1.114179147,-1.114179147,0.742163866,-0.585,0.013635999,1.86531303,-1.86531303,0.105495328
HP-K131,HP,0.055975,0.764557463,0.116589868,0.116589868,1,0.005,0.691339807,0.160308436,0.160308436,0.851316538
HP-K255,HP,-0.124075,0.932137428,0.030520054,-0.030520054,1,0.005,0.691339807,0.160308436,0.160308436,0.851316538
HP-K291,HP,-0.644,0.206949861,0.68413486,-0.68413486,0.867089031,0.005,0.691339807,0.160308436,0.160308436,0.851316538
HP-K297,HP,0.048,0.969851098,0.013294938,0.013294938,1,0.005,0.691339807,0.160308436,0.160308436,0.851316538
HP-K321,HP,-0.38875,0.236337994,0.626466455,-0.626466455,0.879057947,0.005,0.691339807,0.160308436,0.160308436,0.851316538
HP-K401,HP,0.22765,0.422107304,0.374577132,0.374577132,0.961720515,0.005,0.691339807,0.160308436,0.160308436,0.851316538
HP-K71,HP,0.24976,0.835664336,0.077968132,0.077968132,1,0.005,0.691339807,0.160308436,0.160308436,0.851316538
HP1BP3-K149,HP1BP3,-0.14552,0.969851098,0.013294938,-0.013294938,1,0.18,0.008769408,2.057029715,2.057029715,0.082450925
HP1BP3-K29,HP1BP3,0.4129,0.379120879,0.421222297,0.421222297,0.945030662,0.18,0.008769408,2.057029715,2.057029715,0.082450925
HP1BP3-K464,HP1BP3,0.19785,0.323695818,0.489862912,0.489862912,0.930260954,0.18,0.008769408,2.057029715,2.057029715,0.082450925
HP1BP3-K473,HP1BP3,0.99,0.01835471,1.736252466,1.736252466,0.547289037,0.18,0.008769408,2.057029715,2.057029715,0.082450925
HPF1-K233,HPF1,0.24464,0.531384479,0.274591135,0.274591135,0.984176452,0.065,0.371592788,0.429932724,0.429932724,0.632578915
HPF1-K27,HPF1,0.17895,0.238123766,0.623197257,0.623197257,0.879057947,0.065,0.371592788,0.429932724,0.429932724,0.632578915
HPF1-K7,HPF1,-0.3942,1,4.82E-17,-4.82E-17,1,0.065,0.371592788,0.429932724,0.429932724,0.632578915
HPRT1-K103,HPRT1,0.013,0.272484448,0.56465828,0.56465828,0.902857656,0.2,0.019921249,1.700683433,1.700683433,0.130290744
HPRT1-K156,HPRT1,0.150255,0.26909076,0.570101214,0.570101214,0.902857656,0.2,0.019921249,1.700683433,1.700683433,0.130290744
HPRT1-K213,HPRT1,0.3845,0.107148764,0.970012833,0.970012833,0.776434795,0.2,0.019921249,1.700683433,1.700683433,0.130290744
HPX-K115,HPX,0.0636,0.555555556,0.255272505,0.255272505,0.990319758,0.655,0.191776084,0.717205555,0.717205555,0.446763881
HPX-K123,HPX,0.1646,0.351062422,0.454615655,0.454615655,0.935291689,0.655,0.191776084,0.717205555,0.717205555,0.446763881
HPX-K347,HPX,0.0505,0.515408472,0.287848447,0.287848447,0.980353276,0.655,0.191776084,0.717205555,0.717205555,0.446763881
HPX-K402,HPX,-0.164,0.495398377,0.30504542,-0.30504542,0.969748262,0.655,0.191776084,0.717205555,0.717205555,0.446763881
HPX-K411,HPX,0.0059,0.68507576,0.164261399,0.164261399,1,0.655,0.191776084,0.717205555,0.717205555,0.446763881
HPX-K77,HPX,-0.0289,0.852495204,0.069308056,-0.069308056,1,0.655,0.191776084,0.717205555,0.717205555,0.446763881
HS1BP3-K337,HS1BP3,-0.02225,0.695409198,0.157759569,-0.157759569,1,-0.19,0.074733154,1.126486687,-1.126486687,0.270658636
HSD17B10-K52,HSD17B10,0.2719,0.495336814,0.305099393,0.305099393,0.969748262,0.17,0.078915968,1.102835114,1.102835114,0.279227895
HSD17B10-K53,HSD17B10,-0.0177,0.788699078,0.103088667,-0.103088667,1,0.17,0.078915968,1.102835114,1.102835114,0.279227895
HSD17B10-K69,HSD17B10,-0.0239,0.749636382,0.125149344,-0.125149344,1,0.17,0.078915968,1.102835114,1.102835114,0.279227895
HSD17B10-K79,HSD17B10,-0.1044,0.220381748,0.656824377,-0.656824377,0.875622157,0.17,0.078915968,1.102835114,1.102835114,0.279227895
HSD17B10-K99,HSD17B10,-0.022276,0.39849854,0.399573265,-0.399573265,0.956240488,0.17,0.078915968,1.102835114,1.102835114,0.279227895
HSD17B4-K106,HSD17B4,0.2146,0.015092459,1.821240001,1.821240001,0.506519998,-0.03,0.877710489,0.056648712,-0.056648712,0.947457486
HSD17B4-K109,HSD17B4,-0.0805,1,0,0,1,-0.03,0.877710489,0.056648712,-0.056648712,0.947457486
HSD17B4-K164,HSD17B4,0.1584,0.231669558,0.63513103,0.63513103,0.879057947,-0.03,0.877710489,0.056648712,-0.056648712,0.947457486
HSD17B4-K295,HSD17B4,0.4869,0.01830971,1.737318543,1.737318543,0.547289037,-0.03,0.877710489,0.056648712,-0.056648712,0.947457486
HSD17B4-K300,HSD17B4,1.13395,0.081252081,1.090165506,1.090165506,0.757639694,-0.03,0.877710489,0.056648712,-0.056648712,0.947457486
HSD17B4-K440,HSD17B4,0.5926,0.01941205,1.711928593,1.711928593,0.550225095,-0.03,0.877710489,0.056648712,-0.056648712,0.947457486
HSD17B4-K590,HSD17B4,0.4954,0.078524874,1.104992751,1.104992751,0.75388176,-0.03,0.877710489,0.056648712,-0.056648712,0.947457486
HSD17B4-K604,HSD17B4,0.227,0.042216467,1.374518112,1.374518112,0.631716774,-0.03,0.877710489,0.056648712,-0.056648712,0.947457486
HSD17B4-K669,HSD17B4,0.3955,0.013315347,1.875647511,1.875647511,0.501718574,-0.03,0.877710489,0.056648712,-0.056648712,0.947457486
HSD17B4-K688,HSD17B4,0.5955,0.035716296,1.447133585,1.447133585,0.61764214,-0.03,0.877710489,0.056648712,-0.056648712,0.947457486
HSD17B4-K694,HSD17B4,0.352538,0.18018746,0.744275438,0.744275438,0.859405482,-0.03,0.877710489,0.056648712,-0.056648712,0.947457486
HSD17B4-K699,HSD17B4,1.0855,0.206460206,0.685163643,0.685163643,0.866650116,-0.03,0.877710489,0.056648712,-0.056648712,0.947457486
HSD17B4-K732,HSD17B4,0.195,0.125550415,0.901181848,0.901181848,0.8008761,-0.03,0.877710489,0.056648712,-0.056648712,0.947457486
HSD17B4-K82,HSD17B4,0.5117,0.061779893,1.209152848,1.209152848,0.70729411,-0.03,0.877710489,0.056648712,-0.056648712,0.947457486
HSDL2-K141,HSDL2,-0.050365,1,0,0,1,0.205,0.257770821,0.588766246,0.588766246,0.526237851
HSDL2-K42,HSDL2,0.35596,0.156592106,0.805230135,0.805230135,0.842963497,0.205,0.257770821,0.588766246,0.588766246,0.526237851
HSDL2-K87,HSDL2,-0.08156,0.903180133,0.044225624,-0.044225624,1,0.205,0.257770821,0.588766246,0.588766246,0.526237851
HSP90AA1-K180,HSP90AA1,0.4745,0.144243777,0.840902915,0.840902915,0.82566964,0.455,0.004742789,2.323966162,2.323966162,0.059386083
HSP90AA1-K206,HSP90AA1,0.080295,0.332562089,0.47812726,0.47812726,0.930954294,0.455,0.004742789,2.323966162,2.323966162,0.059386083
HSP90AA1-K436,HSP90AA1,0.3216,0.55498349,0.255719936,0.255719936,0.990319758,0.455,0.004742789,2.323966162,2.323966162,0.059386083
HSP90AA1-K558,HSP90AA1,0.1712,0.036348533,1.439513116,1.439513116,0.61764214,0.455,0.004742789,2.323966162,2.323966162,0.059386083
HSP90AA1-K565,HSP90AA1,0.132,0.175963603,0.754577153,0.754577153,0.859405482,0.455,0.004742789,2.323966162,2.323966162,0.059386083
HSP90AA1-K600,HSP90AA1,-0.0531,0.917426583,0.03742868,-0.03742868,1,0.455,0.004742789,2.323966162,2.323966162,0.059386083
HSP90AA1-K611,HSP90AA1,0.051,0.295298827,0.529738278,0.529738278,0.916922529,0.455,0.004742789,2.323966162,2.323966162,0.059386083
HSP90AA1-K621,HSP90AA1,0.223,0.642647059,0.192027476,0.192027476,1,0.455,0.004742789,2.323966162,2.323966162,0.059386083
HSP90AA1-K661,HSP90AA1,0.21105,0.072170132,1.141642499,1.141642499,0.735103698,0.455,0.004742789,2.323966162,2.323966162,0.059386083
HSP90AA1-K689,HSP90AA1,0.192,0.044927879,1.347484087,1.347484087,0.646114452,0.455,0.004742789,2.323966162,2.323966162,0.059386083
HSP90AA1-K695,HSP90AA1,0.1395,0.0253931,1.595284271,1.595284271,0.579356878,0.455,0.004742789,2.323966162,2.323966162,0.059386083
HSP90AA1-K698,HSP90AA1,0.252904,0.632595726,0.198873747,0.198873747,1,0.455,0.004742789,2.323966162,2.323966162,0.059386083
HSP90AA1-K707,HSP90AA1,0.324,0.024822312,1.605157766,1.605157766,0.574927351,0.455,0.004742789,2.323966162,2.323966162,0.059386083
HSP90AA1-K753,HSP90AA1,0.1539,0.380681637,0.419438072,0.419438072,0.945619083,0.455,0.004742789,2.323966162,2.323966162,0.059386083
HSP90AA1-K754,HSP90AA1,0.2718755,0.685714286,0.163856803,0.163856803,1,0.455,0.004742789,2.323966162,2.323966162,0.059386083
HSP90AB1-K237,HSP90AB1,0.9105,0.145596077,0.836850327,0.836850327,0.828033443,0.12,0.157137301,0.803720709,0.803720709,0.403072234
HSP90AB1-K428,HSP90AB1,-0.03734,0.973380867,0.011717194,-0.011717194,1,0.12,0.157137301,0.803720709,0.803720709,0.403072234
HSP90AB1-K435,HSP90AB1,-0.2345,0.33559772,0.474180998,-0.474180998,0.930954294,0.12,0.157137301,0.803720709,0.803720709,0.403072234
HSP90AB1-K481,HSP90AB1,0.1621,0.053011116,1.275633055,1.275633055,0.67940945,0.12,0.157137301,0.803720709,0.803720709,0.403072234
HSP90AB1-K559,HSP90AB1,0.4142,0.012169125,1.91474064,1.91474064,0.501114778,0.12,0.157137301,0.803720709,0.803720709,0.403072234
HSP90AB1-K565,HSP90AB1,0.0820335,0.067183233,1.172739102,1.172739102,0.723084523,0.12,0.157137301,0.803720709,0.803720709,0.403072234
HSP90AB1-K568,HSP90AB1,0.0459155,1,0,0,1,0.12,0.157137301,0.803720709,0.803720709,0.403072234
HSP90AB1-K577,HSP90AB1,0.3003,0.28655936,0.542785402,0.542785402,0.909692028,0.12,0.157137301,0.803720709,0.803720709,0.403072234
HSP90AB1-K623,HSP90AB1,-0.15115,0.830463748,0.080679321,-0.080679321,1,0.12,0.157137301,0.803720709,0.803720709,0.403072234
HSP90AB1-K624,HSP90AB1,0.405,0.035014006,1.455758203,1.455758203,0.61764214,0.12,0.157137301,0.803720709,0.803720709,0.403072234
HSP90AB1-K646,HSP90AB1,0.1714,0.108126639,0.966067295,0.966067295,0.776434795,0.12,0.157137301,0.803720709,0.803720709,0.403072234
HSP90AB1-K69,HSP90AB1,0.2974,1,0,0,1,0.12,0.157137301,0.803720709,0.803720709,0.403072234
HSP90B1-K142,HSP90B1,0.0445,0.792523924,0.100987619,0.100987619,1,-0.105,0.143118667,0.844303717,-0.844303717,0.382799115
HSP90B1-K356,HSP90B1,0.06496,0.874922176,0.058030575,0.058030575,1,-0.105,0.143118667,0.844303717,-0.844303717,0.382799115
HSP90B1-K455,HSP90B1,-0.0251,0.70876601,0.149497118,-0.149497118,1,-0.105,0.143118667,0.844303717,-0.844303717,0.382799115
HSP90B1-K486,HSP90B1,0.2515,0.27030711,0.568142531,0.568142531,0.902857656,-0.105,0.143118667,0.844303717,-0.844303717,0.382799115
HSP90B1-K493,HSP90B1,0.1991,0.835664336,0.077968132,0.077968132,1,-0.105,0.143118667,0.844303717,-0.844303717,0.382799115
HSP90B1-K597,HSP90B1,0.2275,0.637051004,0.195825796,0.195825796,1,-0.105,0.143118667,0.844303717,-0.844303717,0.382799115
HSP90B1-K603,HSP90B1,-0.186,1,0,0,1,-0.105,0.143118667,0.844303717,-0.844303717,0.382799115
HSP90B1-K623,HSP90B1,-0.03121,0.898101898,0.046674386,-0.046674386,1,-0.105,0.143118667,0.844303717,-0.844303717,0.382799115
HSP90B1-K682,HSP90B1,0.235931,0.836945304,0.077302923,0.077302923,1,-0.105,0.143118667,0.844303717,-0.844303717,0.382799115
HSP90B1-K733,HSP90B1,0.23155,0.527272727,0.277964692,0.277964692,0.982788878,-0.105,0.143118667,0.844303717,-0.844303717,0.382799115
HSP90B1-K800,HSP90B1,-0.008105,1,0,0,1,-0.105,0.143118667,0.844303717,-0.844303717,0.382799115
HSP90B1-K95,HSP90B1,-0.0643,0.682345798,0.165995479,-0.165995479,1,-0.105,0.143118667,0.844303717,-0.844303717,0.382799115
HSPA1A-K100,HSPA1A,-0.0903,0.566523964,0.246781715,-0.246781715,0.993833698,-1.635,1.25E-04,3.903670274,-3.903670274,0.007610392
HSPA1A-K108,HSPA1A,0.0845555,0.560600779,0.251346303,0.251346303,0.991315092,-1.635,1.25E-04,3.903670274,-3.903670274,0.007610392
HSPA1A-K246,HSPA1A,0.05925,0.972286733,0.01220564,0.01220564,1,-1.635,1.25E-04,3.903670274,-3.903670274,0.007610392
HSPA1A-K328,HSPA1A,-0.04,0.148646162,0.8278463,-0.8278463,0.831563929,-1.635,1.25E-04,3.903670274,-3.903670274,0.007610392
HSPA1A-K348,HSPA1A,0.189885,0.2221434,0.653366586,0.653366586,0.875622157,-1.635,1.25E-04,3.903670274,-3.903670274,0.007610392
HSPA1A-K497,HSPA1A,-0.71025,0.261134119,0.583136381,-0.583136381,0.899293861,-1.635,1.25E-04,3.903670274,-3.903670274,0.007610392
HSPA1A-K550,HSPA1A,-0.3127,0.107822211,0.967291768,-0.967291768,0.776434795,-1.635,1.25E-04,3.903670274,-3.903670274,0.007610392
HSPA1A-K559,HSPA1A,0.0085,0.980299359,0.008641281,0.008641281,1,-1.635,1.25E-04,3.903670274,-3.903670274,0.007610392
HSPA1A-K56,HSPA1A,-0.016,0.57016492,0.243999507,-0.243999507,0.993833698,-1.635,1.25E-04,3.903670274,-3.903670274,0.007610392
HSPA1A-K595,HSPA1A,-0.2152,0.440138064,0.356411071,-0.356411071,0.961720515,-1.635,1.25E-04,3.903670274,-3.903670274,0.007610392
HSPA1A-K597,HSPA1A,0.03545,0.814583345,0.089064474,0.089064474,1,-1.635,1.25E-04,3.903670274,-3.903670274,0.007610392
HSPA1A-K71,HSPA1A,-0.4189,0.151246,0.820316101,-0.820316101,0.831690101,-1.635,1.25E-04,3.903670274,-3.903670274,0.007610392
HSPA1A-K88,HSPA1A,-0.1508,0.764877492,0.116408119,-0.116408119,1,-1.635,1.25E-04,3.903670274,-3.903670274,0.007610392
HSPA2-K188,HSPA2,-0.26385,0.265098615,0.576592541,-0.576592541,0.899293861,-0.185,0.143160649,0.84417634,-0.84417634,0.382799115
HSPA2-K598,HSPA2,0.2379,0.792077479,0.101232335,0.101232335,1,-0.185,0.143160649,0.84417634,-0.84417634,0.382799115
HSPA4-K272,HSPA4,0.2175,0.059633323,1.224510992,1.224510992,0.698068054,0.175,0.007350707,2.133670863,2.133670863,0.074713529
HSPA4-K329,HSPA4,0.006375,0.685714286,0.163856803,0.163856803,1,0.175,0.007350707,2.133670863,2.133670863,0.074713529
HSPA4-K430,HSPA4,-0.0295,0.728663973,0.137472703,-0.137472703,1,0.175,0.007350707,2.133670863,2.133670863,0.074713529
HSPA4-K477,HSPA4,0.085,0.200390708,0.69812242,0.69812242,0.859405482,0.175,0.007350707,2.133670863,2.133670863,0.074713529
HSPA4-K53,HSPA4,0.33319,0.203769859,0.690860055,0.690860055,0.86374944,0.175,0.007350707,2.133670863,2.133670863,0.074713529
HSPA4-K68,HSPA4,0.271,0.33006993,0.481394039,0.481394039,0.930954294,0.175,0.007350707,2.133670863,2.133670863,0.074713529
HSPA4-K686,HSPA4,0.2945,0.252531725,0.597684055,0.597684055,0.896059652,0.175,0.007350707,2.133670863,2.133670863,0.074713529
HSPA4L-K830,HSPA4L,0.1991865,0.885714286,0.052706351,0.052706351,1,0.345,0.128817876,0.890023866,0.890023866,0.365278857
HSPA5-K113,HSPA5,0.2967,0.13111354,0.882352458,0.882352458,0.808568104,-0.135,0.662282386,0.178956795,-0.178956795,0.834399531
HSPA5-K268,HSPA5,-0.11751,0.835146063,0.078237562,-0.078237562,1,-0.135,0.662282386,0.178956795,-0.178956795,0.834399531
HSPA5-K352,HSPA5,0.0152,0.94971695,0.022405811,0.022405811,1,-0.135,0.662282386,0.178956795,-0.178956795,0.834399531
HSPA5-K547,HSPA5,0.184025,0.807944553,0.092618443,0.092618443,1,-0.135,0.662282386,0.178956795,-0.178956795,0.834399531
HSPA5-K553,HSPA5,0.321,0.412121212,0.384975032,0.384975032,0.956240488,-0.135,0.662282386,0.178956795,-0.178956795,0.834399531
HSPA5-K579,HSPA5,0.0029,1,0,0,1,-0.135,0.662282386,0.178956795,-0.178956795,0.834399531
HSPA5-K617,HSPA5,0.18122,0.32312533,0.490628995,0.490628995,0.929614984,-0.135,0.662282386,0.178956795,-0.178956795,0.834399531
HSPA5-K651,HSPA5,0.13505,0.26389749,0.57856474,0.57856474,0.899293861,-0.135,0.662282386,0.178956795,-0.178956795,0.834399531
HSPA5-K96,HSPA5,0.1414,0.870588235,0.060187206,0.060187206,1,-0.135,0.662282386,0.178956795,-0.178956795,0.834399531
HSPA8-K108,HSPA8,0.174,0.122326952,0.912477847,0.912477847,0.798193585,0.265,0.027891122,1.554534013,1.554534013,0.15748099
HSPA8-K126,HSPA8,0.33385,0.46400009,0.333481935,0.333481935,0.967568225,0.265,0.027891122,1.554534013,1.554534013,0.15748099
HSPA8-K246,HSPA8,-0.016615,0.739494831,0.131064857,-0.131064857,1,0.265,0.027891122,1.554534013,1.554534013,0.15748099
HSPA8-K319,HSPA8,0.1615,0.160166206,0.795429111,0.795429111,0.84636288,0.265,0.027891122,1.554534013,1.554534013,0.15748099
HSPA8-K328,HSPA8,-0.08545,1,0,0,1,0.265,0.027891122,1.554534013,1.554534013,0.15748099
HSPA8-K384,HSPA8,-0.20785,0.342857143,0.464886798,-0.464886798,0.930954294,0.265,0.027891122,1.554534013,1.554534013,0.15748099
HSPA8-K526,HSPA8,0.398,0.17970265,0.745445518,0.745445518,0.859405482,0.265,0.027891122,1.554534013,1.554534013,0.15748099
HSPA8-K550,HSPA8,0.09997,0.529932762,0.275779231,0.275779231,0.983510626,0.265,0.027891122,1.554534013,1.554534013,0.15748099
HSPA8-K557,HSPA8,0.055,1,0,0,1,0.265,0.027891122,1.554534013,1.554534013,0.15748099
HSPA8-K56,HSPA8,0.05545,0.352356019,0.453018306,0.453018306,0.935291689,0.265,0.027891122,1.554534013,1.554534013,0.15748099
HSPA8-K583,HSPA8,-0.123795,0.43417635,0.362333837,-0.362333837,0.961720515,0.265,0.027891122,1.554534013,1.554534013,0.15748099
HSPA8-K589,HSPA8,-0.1097845,0.816401245,0.088096342,-0.088096342,1,0.265,0.027891122,1.554534013,1.554534013,0.15748099
HSPA8-K597,HSPA8,0.3115,0.00584282,2.233377466,2.233377466,0.389277115,0.265,0.027891122,1.554534013,1.554534013,0.15748099
HSPA8-K601,HSPA8,0.1829,0.043393026,1.362580061,1.362580061,0.637096775,0.265,0.027891122,1.554534013,1.554534013,0.15748099
HSPA8-K71,HSPA8,0.5207,0.054249882,1.265601199,1.265601199,0.681083496,0.265,0.027891122,1.554534013,1.554534013,0.15748099
HSPA8-K88,HSPA8,0.0175,0.987436857,0.005490666,0.005490666,1,0.265,0.027891122,1.554534013,1.554534013,0.15748099
HSPA9-K135,HSPA9,0.098575,0.73201885,0.135477736,0.135477736,1,0.29,2.59E-04,3.586559525,3.586559525,0.011466125
HSPA9-K138,HSPA9,0.272775,0.470967925,0.327008669,0.327008669,0.967568225,0.29,2.59E-04,3.586559525,3.586559525,0.011466125
HSPA9-K143,HSPA9,0.1469,0.405613665,0.391887422,0.391887422,0.956240488,0.29,2.59E-04,3.586559525,3.586559525,0.011466125
HSPA9-K187,HSPA9,-0.4125,0.270270699,0.568201035,-0.568201035,0.902857656,0.29,2.59E-04,3.586559525,3.586559525,0.011466125
HSPA9-K206,HSPA9,-0.019818,0.751717903,0.123945106,-0.123945106,1,0.29,2.59E-04,3.586559525,3.586559525,0.011466125
HSPA9-K288,HSPA9,0.0626,0.728339682,0.137666028,0.137666028,1,0.29,2.59E-04,3.586559525,3.586559525,0.011466125
HSPA9-K300,HSPA9,-0.070515,0.883735861,0.053677522,-0.053677522,1,0.29,2.59E-04,3.586559525,3.586559525,0.011466125
HSPA9-K345,HSPA9,0.1571,0.172202812,0.763959761,0.763959761,0.859405482,0.29,2.59E-04,3.586559525,3.586559525,0.011466125
HSPA9-K368,HSPA9,0.10945,0.304268042,0.51674366,0.51674366,0.920825313,0.29,2.59E-04,3.586559525,3.586559525,0.011466125
HSPA9-K377,HSPA9,0.1926,0.093614475,1.028656995,1.028656995,0.776434795,0.29,2.59E-04,3.586559525,3.586559525,0.011466125
HSPA9-K567,HSPA9,0.3337,1,0,0,1,0.29,2.59E-04,3.586559525,3.586559525,0.011466125
HSPA9-K600,HSPA9,0.09882,0.762089599,0.117993965,0.117993965,1,0.29,2.59E-04,3.586559525,3.586559525,0.011466125
HSPA9-K610,HSPA9,0.18195,0.358543272,0.445458423,0.445458423,0.936845827,0.29,2.59E-04,3.586559525,3.586559525,0.011466125
HSPB1-K112,HSPB1,0.0556,0.963988348,0.015928215,0.015928215,1,-0.46,0.056665774,1.246679174,-1.246679174,0.231412009
HSPB1-K114,HSPB1,-0.007,0.954645355,0.020157936,-0.020157936,1,-0.46,0.056665774,1.246679174,-1.246679174,0.231412009
HSPB1-K123,HSPB1,-0.23655,0.068544627,1.164026582,-1.164026582,0.729412369,-0.46,0.056665774,1.246679174,-1.246679174,0.231412009
HSPB1-K141,HSPB1,-0.2597,0.272631426,0.564424084,-0.564424084,0.902857656,-0.46,0.056665774,1.246679174,-1.246679174,0.231412009
HSPB1-K198,HSPB1,0.2037,0.693712185,0.158820677,0.158820677,1,-0.46,0.056665774,1.246679174,-1.246679174,0.231412009
HSPD1-K125,HSPD1,-0.1504,0.685714286,0.163856803,-0.163856803,1,0.47,0.002089536,2.679950203,2.679950203,0.037287045
HSPD1-K130,HSPD1,0.01715,0.313705427,0.503477968,0.503477968,0.920825313,0.47,0.002089536,2.679950203,2.679950203,0.037287045
HSPD1-K156,HSPD1,0.47835,0.074615336,1.127171903,1.127171903,0.735568256,0.47,0.002089536,2.679950203,2.679950203,0.037287045
HSPD1-K191,HSPD1,0.03775,0.417427139,0.379419319,0.379419319,0.960518308,0.47,0.002089536,2.679950203,2.679950203,0.037287045
HSPD1-K202,HSPD1,0.3454,0.343171667,0.464488576,0.464488576,0.930954294,0.47,0.002089536,2.679950203,2.679950203,0.037287045
HSPD1-K218,HSPD1,0.03717,0.589914531,0.229210906,0.229210906,1,0.47,0.002089536,2.679950203,2.679950203,0.037287045
HSPD1-K233,HSPD1,0.18165,0.025786018,1.588615717,1.588615717,0.579745838,0.47,0.002089536,2.679950203,2.679950203,0.037287045
HSPD1-K236,HSPD1,0.24085,0.140008783,0.853844718,0.853844718,0.816776095,0.47,0.002089536,2.679950203,2.679950203,0.037287045
HSPD1-K249,HSPD1,0.4994,0.006669961,2.175876718,2.175876718,0.415817711,0.47,0.002089536,2.679950203,2.679950203,0.037287045
HSPD1-K250,HSPD1,0.1291015,0.426313538,0.370270876,0.370270876,0.961720515,0.47,0.002089536,2.679950203,2.679950203,0.037287045
HSPD1-K301,HSPD1,0.225375,0.198654142,0.701902376,0.701902376,0.859405482,0.47,0.002089536,2.679950203,2.679950203,0.037287045
HSPD1-K31,HSPD1,0.409,0.152528711,0.816648399,0.816648399,0.834881371,0.47,0.002089536,2.679950203,2.679950203,0.037287045
HSPD1-K359,HSPD1,0.0241775,0.704914809,0.151863366,0.151863366,1,0.47,0.002089536,2.679950203,2.679950203,0.037287045
HSPD1-K364,HSPD1,0.22345,0.401616732,0.396188202,0.396188202,0.956240488,0.47,0.002089536,2.679950203,2.679950203,0.037287045
HSPD1-K396,HSPD1,0.24845,0.081267525,1.090082968,1.090082968,0.757639694,0.47,0.002089536,2.679950203,2.679950203,0.037287045
HSPD1-K417,HSPD1,0.2136,0.196763751,0.706054906,0.706054906,0.859405482,0.47,0.002089536,2.679950203,2.679950203,0.037287045
HSPD1-K473,HSPD1,0.13033,0.614658316,0.211366238,0.211366238,1,0.47,0.002089536,2.679950203,2.679950203,0.037287045
HSPD1-K551,HSPD1,1.4765,0.109339525,0.961222816,0.961222816,0.776434795,0.47,0.002089536,2.679950203,2.679950203,0.037287045
HSPD1-K82,HSPD1,0.131595,0.095902035,1.018172177,1.018172177,0.776434795,0.47,0.002089536,2.679950203,2.679950203,0.037287045
HSPD1-K91,HSPD1,0.16145,0.539503602,0.268005651,0.268005651,0.985485758,0.47,0.002089536,2.679950203,2.679950203,0.037287045
HSPD1-K96,HSPD1,0.4215,0.03957387,1.402591477,1.402591477,0.631372573,0.47,0.002089536,2.679950203,2.679950203,0.037287045
HSPE1-K56,HSPE1,-0.0168,0.835664336,0.077968132,-0.077968132,1,0.35,0.005786211,2.237605749,2.237605749,0.065768367
HSPE1-K66,HSPE1,0.30226,0.227819388,0.64240932,0.64240932,0.879057947,0.35,0.005786211,2.237605749,2.237605749,0.065768367
HSPE1-K70,HSPE1,0.41505,0.086171763,1.064635024,1.064635024,0.773341982,0.35,0.005786211,2.237605749,2.237605749,0.065768367
HSPE1-K80,HSPE1,0.2421,0.447587632,0.349121922,0.349121922,0.961720515,0.35,0.005786211,2.237605749,2.237605749,0.065768367
HSPE1-K86,HSPE1,-0.0711225,0.89292628,0.049184395,-0.049184395,1,0.35,0.005786211,2.237605749,2.237605749,0.065768367
HSPE1-K99,HSPE1,0.0103,0.418174077,0.378642893,0.378642893,0.960850268,0.35,0.005786211,2.237605749,2.237605749,0.065768367
HSPG2-K1797,HSPG2,0.273,0.849168654,0.071006045,0.071006045,1,-0.005,0.897317506,0.04705386,-0.04705386,0.956801528
HSPG2-K1799,HSPG2,0.4306,0.11492674,0.939578913,0.939578913,0.777778072,-0.005,0.897317506,0.04705386,-0.04705386,0.956801528
HSPG2-K2848,HSPG2,-0.0435,0.926298658,0.033248965,-0.033248965,1,-0.005,0.897317506,0.04705386,-0.04705386,0.956801528
HSPG2-K3058,HSPG2,0.17785,0.660805861,0.179926114,0.179926114,1,-0.005,0.897317506,0.04705386,-0.04705386,0.956801528
HSPG2-K3156,HSPG2,-0.156,0.611573624,0.213551253,-0.213551253,1,-0.005,0.897317506,0.04705386,-0.04705386,0.956801528
HSPH1-K70,HSPH1,0.3248,0.593642274,0.22647518,0.22647518,1,-0.02,0.88554511,0.052789311,-0.052789311,0.951013655
HSPH1-K788,HSPH1,-1.34E-04,1,0,0,1,-0.02,0.88554511,0.052789311,-0.052789311,0.951013655
HSPH1-K852,HSPH1,0.66,0.257142857,0.589825535,0.589825535,0.896059652,-0.02,0.88554511,0.052789311,-0.052789311,0.951013655
HTATSF1-K661,HTATSF1,0.20924,0.030483366,1.515937081,1.515937081,0.593457358,0.195,0.037993593,1.420289632,1.420289632,0.18711891
HUWE1-K1840,HUWE1,-0.5605,0.163636364,0.78612018,-0.78612018,0.848347798,0.045,0.743207138,0.128890128,0.128890128,0.881029556
HUWE1-K2248,HUWE1,0.206249,0.60952381,0.215009325,0.215009325,1,0.045,0.743207138,0.128890128,0.128890128,0.881029556
HUWE1-K509,HUWE1,-0.0952,0.73015873,0.136582718,-0.136582718,1,0.045,0.743207138,0.128890128,0.128890128,0.881029556
HUWE1-K988,HUWE1,0.12045,0.909110753,0.041383206,0.041383206,1,0.045,0.743207138,0.128890128,0.128890128,0.881029556
HYOU1-K340,HYOU1,0.2691,0.283167228,0.547957011,0.547957011,0.909317859,0.11,0.873797555,0.058589175,0.058589175,0.945691985
HYOU1-K530,HYOU1,0.04375,0.885714286,0.052706351,0.052706351,1,0.11,0.873797555,0.058589175,0.058589175,0.945691985
HYOU1-K651,HYOU1,0.09585,0.885714286,0.052706351,0.052706351,1,0.11,0.873797555,0.058589175,0.058589175,0.945691985
HYPK-K35,HYPK,0.38,0.14949177,0.825382716,0.825382716,0.831690101,0.31,4.25E-04,3.371591698,3.371591698,0.015235518
IARS2-K189,IARS2,-0.15544,0.870566724,0.060197937,-0.060197937,1,0.395,0.001169116,2.932142472,2.932142472,0.027259328
IARS2-K222,IARS2,0.00285,0.841124871,0.075139525,0.075139525,1,0.395,0.001169116,2.932142472,2.932142472,0.027259328
IARS2-K233,IARS2,-0.0731,0.876522499,0.057236932,-0.057236932,1,0.395,0.001169116,2.932142472,2.932142472,0.027259328
IARS2-K241,IARS2,0.0225,0.970569593,0.012973319,0.012973319,1,0.395,0.001169116,2.932142472,2.932142472,0.027259328
IARS2-K277,IARS2,0.39525,1,0,0,1,0.395,0.001169116,2.932142472,2.932142472,0.027259328
IARS2-K458,IARS2,0.01915,0.606700873,0.21702538,0.21702538,1,0.395,0.001169116,2.932142472,2.932142472,0.027259328
IARS2-K781,IARS2,0.09505,0.408445311,0.388866085,0.388866085,0.956240488,0.395,0.001169116,2.932142472,2.932142472,0.027259328
ICE1-K1218,ICE1,-0.14535,0.820452225,0.085946703,-0.085946703,1,-0.02,0.52515883,0.279709328,-0.279709328,0.750517953
ID1-K20,ID1,0.29415,0.800183151,0.096810598,0.096810598,1,-0.53,0.023018757,1.637918126,-1.637918126,0.14114677
ID1-K23,ID1,0.4214,0.274922601,0.560789557,0.560789557,0.902857656,-0.53,0.023018757,1.637918126,-1.637918126,0.14114677
IDE-K899,IDE,0.1975,0.358450516,0.44557079,0.44557079,0.936845827,0.08,0.390500111,0.408378838,0.408378838,0.648995175
IDH1-K115,IDH1,0.3845,0.693712185,0.158820677,0.158820677,1,0.28,0.059281967,1.227077398,1.227077398,0.236871884
IDH1-K151,IDH1,0.7677,0.113323077,0.945681643,0.945681643,0.776434795,0.28,0.059281967,1.227077398,1.227077398,0.236871884
IDH1-K224,IDH1,0.445,0.0152288,1.817334312,1.817334312,0.506519998,0.28,0.059281967,1.227077398,1.227077398,0.236871884
IDH1-K233,IDH1,0.0837,0.735423117,0.133462723,0.133462723,1,0.28,0.059281967,1.227077398,1.227077398,0.236871884
IDH1-K236,IDH1,0.293,0.209249752,0.679335048,0.679335048,0.870498834,0.28,0.059281967,1.227077398,1.227077398,0.236871884
IDH1-K243,IDH1,0.2775,0.196683083,0.706232992,0.706232992,0.859405482,0.28,0.059281967,1.227077398,1.227077398,0.236871884
IDH1-K260,IDH1,0.008,0.881983806,0.054539389,0.054539389,1,0.28,0.059281967,1.227077398,1.227077398,0.236871884
IDH1-K381,IDH1,0.0882755,0.61559407,0.210705572,0.210705572,1,0.28,0.059281967,1.227077398,1.227077398,0.236871884
IDH1-K400,IDH1,0.2877,0.235253213,0.628464436,0.628464436,0.879057947,0.28,0.059281967,1.227077398,1.227077398,0.236871884
IDH1-K406,IDH1,0.7365,0.042685044,1.369724271,1.369724271,0.63466872,0.28,0.059281967,1.227077398,1.227077398,0.236871884
IDH1-K58,IDH1,0.501,0.250021184,0.602023192,0.602023192,0.893875195,0.28,0.059281967,1.227077398,1.227077398,0.236871884
IDH1-K65,IDH1,0.611,0.086884907,1.061055657,1.061055657,0.773861515,0.28,0.059281967,1.227077398,1.227077398,0.236871884
IDH1-K66,IDH1,0.3665,0.199696621,0.699629283,0.699629283,0.859405482,0.28,0.059281967,1.227077398,1.227077398,0.236871884
IDH1-K72,IDH1,0.49715,0.2,0.698970004,0.698970004,0.859405482,0.28,0.059281967,1.227077398,1.227077398,0.236871884
IDH1-K81,IDH1,0.1082,0.338139439,0.470904172,0.470904172,0.930954294,0.28,0.059281967,1.227077398,1.227077398,0.236871884
IDH1-K93,IDH1,0.60875,0.088346546,1.053810424,1.053810424,0.774052511,0.28,0.059281967,1.227077398,1.227077398,0.236871884
IDH2-K106,IDH2,0.12965,0.823276795,0.084454125,0.084454125,1,0.1,0.385055111,0.414477107,0.414477107,0.643905791
IDH2-K133,IDH2,-0.16175,0.365201873,0.437467003,-0.437467003,0.938794148,0.1,0.385055111,0.414477107,0.414477107,0.643905791
IDH2-K155,IDH2,-0.12345,0.538287359,0.268985819,-0.268985819,0.985226023,0.1,0.385055111,0.414477107,0.414477107,0.643905791
IDH2-K166,IDH2,-0.04705,0.950783036,0.021918575,-0.021918575,1,0.1,0.385055111,0.414477107,0.414477107,0.643905791
IDH2-K180,IDH2,-0.11845,0.602292757,0.220192359,-0.220192359,1,0.1,0.385055111,0.414477107,0.414477107,0.643905791
IDH2-K193,IDH2,-0.02897,0.781067853,0.107311236,-0.107311236,1,0.1,0.385055111,0.414477107,0.414477107,0.643905791
IDH2-K243,IDH2,0.141,0.724147225,0.140173129,0.140173129,1,0.1,0.385055111,0.414477107,0.414477107,0.643905791
IDH2-K256,IDH2,0.2674,0.995416165,0.001995311,0.001995311,1,0.1,0.385055111,0.414477107,0.414477107,0.643905791
IDH2-K263,IDH2,0.091,0.616480003,0.210081006,0.210081006,1,0.1,0.385055111,0.414477107,0.414477107,0.643905791
IDH2-K272,IDH2,0.3611,0.169057256,0.771966183,0.771966183,0.854988513,0.1,0.385055111,0.414477107,0.414477107,0.643905791
IDH2-K275,IDH2,0.122,0.745973499,0.127276601,0.127276601,1,0.1,0.385055111,0.414477107,0.414477107,0.643905791
IDH2-K280,IDH2,-0.297,0.191039925,0.718875862,-0.718875862,0.859405482,0.1,0.385055111,0.414477107,0.414477107,0.643905791
IDH2-K282,IDH2,-0.1127,0.706034191,0.151174267,-0.151174267,1,0.1,0.385055111,0.414477107,0.414477107,0.643905791
IDH2-K299,IDH2,0.182,0.586718464,0.231570245,0.231570245,1,0.1,0.385055111,0.414477107,0.414477107,0.643905791
IDH2-K384,IDH2,0.071,0.911218727,0.040377363,0.040377363,1,0.1,0.385055111,0.414477107,0.414477107,0.643905791
IDH2-K413,IDH2,-0.4675,0.304841843,0.515925421,-0.515925421,0.920825313,0.1,0.385055111,0.414477107,0.414477107,0.643905791
IDH2-K442,IDH2,-0.1367,0.68881014,0.161900468,-0.161900468,1,0.1,0.385055111,0.414477107,0.414477107,0.643905791
IDH2-K48,IDH2,-0.05929,0.584452751,0.233250593,-0.233250593,1,0.1,0.385055111,0.414477107,0.414477107,0.643905791
IDH2-K69,IDH2,-0.13308,0.470427183,0.327507591,-0.327507591,0.967568225,0.1,0.385055111,0.414477107,0.414477107,0.643905791
IDH2-K80,IDH2,0.3355,0.254873144,0.593675924,0.593675924,0.896059652,0.1,0.385055111,0.414477107,0.414477107,0.643905791
IDH3A-K100,IDH3A,-0.0935,0.201250746,0.696262501,-0.696262501,0.860014323,0.32,0.003686708,2.433361294,2.433361294,0.051878928
IDH3A-K177,IDH3A,-0.08845,0.261861643,0.581928112,-0.581928112,0.899293861,0.32,0.003686708,2.433361294,2.433361294,0.051878928
IDH3A-K223,IDH3A,-0.64865,0.32499135,0.488128197,-0.488128197,0.930954294,0.32,0.003686708,2.433361294,2.433361294,0.051878928
IDH3A-K336,IDH3A,0.16677,0.354312354,0.450613704,0.450613704,0.935291689,0.32,0.003686708,2.433361294,2.433361294,0.051878928
IDH3A-K350,IDH3A,-0.249,0.326533553,0.486072187,-0.486072187,0.930954294,0.32,0.003686708,2.433361294,2.433361294,0.051878928
IDH3A-K77,IDH3A,-0.10865,0.390812802,0.408031218,-0.408031218,0.953242902,0.32,0.003686708,2.433361294,2.433361294,0.051878928
IDH3A-K90,IDH3A,-0.3779,0.73015873,0.136582718,-0.136582718,1,0.32,0.003686708,2.433361294,2.433361294,0.051878928
IDH3B-K105,IDH3B,-0.01883,0.693123182,0.159189575,-0.159189575,1,-0.07,0.694974258,0.158031282,-0.158031282,0.853903677
IDH3B-K135,IDH3B,0.0364057,0.442904673,0.353689737,0.353689737,0.961720515,-0.07,0.694974258,0.158031282,-0.158031282,0.853903677
IDI1-K233,IDI1,-0.365,0.114285714,0.942008053,-0.942008053,0.776434795,0.295,0.010137176,1.994083021,1.994083021,0.089233106
IFI16-K134,IFI16,-0.20943,0.079553598,1.099340176,-1.099340176,0.757639694,-0.4,0.040865372,1.38864454,-1.38864454,0.194397625
IFI16-K344,IFI16,0.1245942,0.440934066,0.355626347,0.355626347,0.961720515,-0.4,0.040865372,1.38864454,-1.38864454,0.194397625
IFI16-K676,IFI16,-0.0581865,0.22041606,0.656756765,-0.656756765,0.875622157,-0.4,0.040865372,1.38864454,-1.38864454,0.194397625
IFI30-K125,IFI30,0.591,0.237977296,0.623464474,0.623464474,0.879057947,0.77,3.95E-04,3.403846306,3.403846306,0.014620496
IFIT5-K415,IFIT5,0.22605,0.914285714,0.038918066,0.038918066,1,-0.22,0.17383565,0.759861153,-0.759861153,0.425500126
IFT81-K509,IFT81,0.1076,0.93787282,0.02785605,0.02785605,1,-0.185,0.203844872,0.69070021,-0.69070021,0.46366629
IGF2R-K1285,IGF2R,-0.357,0.692606895,0.159513189,-0.159513189,1,0.04,0.268347702,0.57130212,0.57130212,0.538560198
IGLL5-K158,IGLL5,-0.1239,0.877727044,0.05664052,-0.05664052,1,0.99,0.247514257,0.60639978,0.60639978,0.516687194
IGLL5-K165,IGLL5,0.3507,0.336675578,0.472788386,0.472788386,0.930954294,0.99,0.247514257,0.60639978,0.60639978,0.516687194
IGLL5-K173,IGLL5,-0.28865,0.395049259,0.403348748,-0.403348748,0.955360338,0.99,0.247514257,0.60639978,0.60639978,0.516687194
IGLL5-K188,IGLL5,-0.010365,0.489971079,0.309829554,-0.309829554,0.969594397,0.99,0.247514257,0.60639978,0.60639978,0.516687194
IGLL5-K206,IGLL5,-0.0383,0.797792207,0.098110211,-0.098110211,1,0.99,0.247514257,0.60639978,0.60639978,0.516687194
IK-K137,IK,0.11,0.204781144,0.688710034,0.688710034,0.865453,-0.055,0.881620821,0.054718162,-0.054718162,0.94938043
IK-K386,IK,-0.173275,0.685714286,0.163856803,-0.163856803,1,-0.055,0.881620821,0.054718162,-0.054718162,0.94938043
IKBKB-K467,IKBKB,-0.029,0.600093055,0.221781399,-0.221781399,1,0.025,0.647896325,0.188494484,0.188494484,0.825658824
IKZF4-K335,IKZF4,-0.456,0.212087912,0.673484083,-0.673484083,0.871132626,-0.095,0.976241262,0.01044284,-0.01044284,0.991234632
IL1RN-K37,IL1RN,0.9835,0.489377289,0.310356189,0.310356189,0.969594397,-0.065,0.743244842,0.128868096,-0.128868096,0.881029556
IL33-K16,IL33,-0.887,0.064287349,1.191874481,-1.191874481,0.714196044,-1.04,0.040879131,1.388498345,-1.388498345,0.194397625
IL33-K23,IL33,-0.4275,0.038031966,1.419851224,-1.419851224,0.626545393,-1.04,0.040879131,1.388498345,-1.388498345,0.194397625
ILF2-K109,ILF2,0.22,1,4.82E-17,4.82E-17,1,0.12,0.054741677,1.261681905,1.261681905,0.22711785
ILF2-K186,ILF2,-0.0948,0.839237496,0.076115121,-0.076115121,1,0.12,0.054741677,1.261681905,1.261681905,0.22711785
ILF2-K360,ILF2,-0.0917,0.816731037,0.08792094,-0.08792094,1,0.12,0.054741677,1.261681905,1.261681905,0.22711785
ILF2-K364,ILF2,0.2935,0.095789526,1.018681976,1.018681976,0.776434795,0.12,0.054741677,1.261681905,1.261681905,0.22711785
ILF3-K119,ILF3,-0.0061,0.642307179,0.192257224,-0.192257224,1,0.31,0.004451905,2.351454074,2.351454074,0.057520049
ILF3-K224,ILF3,-0.13095,0.201427419,0.695881412,-0.695881412,0.860014323,0.31,0.004451905,2.351454074,2.351454074,0.057520049
ILF3-K460,ILF3,0.1312865,0.397881984,0.400245725,0.400245725,0.956240488,0.31,0.004451905,2.351454074,2.351454074,0.057520049
ILF3-K527,ILF3,0.4674,0.477310924,0.321198626,0.321198626,0.967568225,0.31,0.004451905,2.351454074,2.351454074,0.057520049
ILF3-K577,ILF3,0.14875,0.904761905,0.043465694,0.043465694,1,0.31,0.004451905,2.351454074,2.351454074,0.057520049
ILF3-K604,ILF3,-0.0308,0.977372386,0.009939935,-0.009939935,1,0.31,0.004451905,2.351454074,2.351454074,0.057520049
ILK-K426,ILK,-0.0575,0.595392684,0.225196506,-0.225196506,1,-0.04,0.889466032,0.050870633,-0.050870633,0.952887452
ILKAP-K210,ILKAP,0.496,0.101589639,0.993150585,0.993150585,0.776434795,0.08,0.12022419,0.92000814,0.92000814,0.35161278
ILKAP-K356,ILKAP,0.2645,0.24141456,0.617236541,0.617236541,0.885069173,0.08,0.12022419,0.92000814,0.92000814,0.35161278
IMMT-K313,IMMT,-0.0552635,1,0,0,1,0.17,0.022398527,1.649780536,1.649780536,0.139432334
IMMT-K451,IMMT,0.1301,1,0,0,1,0.17,0.022398527,1.649780536,1.649780536,0.139432334
IMPA1-K108,IMPA1,-0.1275,0.574337427,0.240832882,-0.240832882,0.994730291,-0.025,0.509150224,0.293154061,-0.293154061,0.744017786
IMPA1-K204,IMPA1,-0.864295,0.485714286,0.313619123,-0.313619123,0.967568225,-0.025,0.509150224,0.293154061,-0.293154061,0.744017786
IMPACT-K303,IMPACT,0.04,0.554788813,0.255872305,0.255872305,0.990319758,-0.055,0.811662942,0.090624282,-0.090624282,0.916155221
IMPDH2-K134,IMPDH2,0.0676855,0.89745764,0.046986041,0.046986041,1,-0.135,0.807844916,0.092672004,-0.092672004,0.914013628
IMPDH2-K436,IMPDH2,0.28545,0.257920504,0.588514131,0.588514131,0.897415021,-0.135,0.807844916,0.092672004,-0.092672004,0.914013628
IMPDH2-K438,IMPDH2,0.0061,0.944610445,0.024747256,0.024747256,1,-0.135,0.807844916,0.092672004,-0.092672004,0.914013628
ING1-K291,ING1,-0.1133,0.73591304,0.133173502,-0.133173502,1,0.02,0.172254467,0.763829508,0.763829508,0.423633504
ING3-K181,ING3,0.2714,0.022029562,1.656994144,1.656994144,0.556127568,0.07,0.637254147,0.19568733,0.19568733,0.820046795
ING3-K264,ING3,0.251625,0.027317911,1.563552513,1.563552513,0.591058584,0.07,0.637254147,0.19568733,0.19568733,0.820046795
ING3-K400,ING3,-0.1155975,0.358950914,0.444964936,-0.444964936,0.936845827,0.07,0.637254147,0.19568733,0.19568733,0.820046795
ING4-K112,ING4,-0.0409,0.425159066,0.371448555,-0.371448555,0.961720515,-0.365,4.04E-05,4.393118181,-4.393118181,0.004406743
ING4-K114,ING4,-0.1762,0.491500645,0.308475908,-0.308475908,0.969594397,-0.365,4.04E-05,4.393118181,-4.393118181,0.004406743
ING4-K127,ING4,-0.174175,0.150076605,0.823687002,-0.823687002,0.831690101,-0.365,4.04E-05,4.393118181,-4.393118181,0.004406743
ING4-K129,ING4,-0.154105,0.328217787,0.483837888,-0.483837888,0.930954294,-0.365,4.04E-05,4.393118181,-4.393118181,0.004406743
ING4-K130,ING4,-0.082745,0.282816524,0.54849522,-0.54849522,0.909317859,-0.365,4.04E-05,4.393118181,-4.393118181,0.004406743
ING4-K131,ING4,-0.045095,0.657405202,0.182166864,-0.182166864,1,-0.365,4.04E-05,4.393118181,-4.393118181,0.004406743
ING4-K146,ING4,-0.05695,0.484070172,0.315091678,-0.315091678,0.967568225,-0.365,4.04E-05,4.393118181,-4.393118181,0.004406743
ING4-K148,ING4,-0.036,0.684034842,0.164921777,-0.164921777,1,-0.365,4.04E-05,4.393118181,-4.393118181,0.004406743
ING4-K156,ING4,0.13325,0.893403007,0.04895259,0.04895259,1,-0.365,4.04E-05,4.393118181,-4.393118181,0.004406743
ING4-K160,ING4,0.3545,0.795882109,0.099151258,0.099151258,1,-0.365,4.04E-05,4.393118181,-4.393118181,0.004406743
ING5-K116,ING5,0.32185,0.010445693,1.981062732,1.981062732,0.484811693,0.02,0.980197352,0.008686475,0.008686475,0.993220035
ING5-K156,ING5,0.207325,0.418540791,0.378262209,0.378262209,0.960850268,0.02,0.980197352,0.008686475,0.008686475,0.993220035
INO80-K253,INO80,0.09003,0.412121212,0.384975032,0.384975032,0.956240488,0.12,0.032736654,1.484965716,1.484965716,0.171409794
INO80D-K173,INO80D,-0.113475,0.885714286,0.052706351,-0.052706351,1,0.11,0.5447721,0.263785143,0.263785143,0.761264113
INO80D-K261,INO80D,-0.03265,0.671520003,0.172941046,-0.172941046,1,0.11,0.5447721,0.263785143,0.263785143,0.761264113
INO80D-K539,INO80D,-0.0027135,1,0,0,1,0.11,0.5447721,0.263785143,0.263785143,0.761264113
INTS1-K100,INTS1,0.04883,0.619805133,0.207744831,0.207744831,1,0.1,0.27481453,0.560960309,0.560960309,0.544888239
INTS1-K47,INTS1,-0.2391,0.123619837,0.907911832,-0.907911832,0.798980637,0.1,0.27481453,0.560960309,0.560960309,0.544888239
INTS12-K361,INTS12,0.1846,0.857732567,0.0666481,0.0666481,1,0.075,0.279103166,0.554235237,0.554235237,0.549403729
INTS12-K370,INTS12,0.1663,0.36290301,0.44020943,0.44020943,0.936845827,0.075,0.279103166,0.554235237,0.554235237,0.549403729
INTS12-K446,INTS12,-0.1081,0.935774959,0.028828581,-0.028828581,1,0.075,0.279103166,0.554235237,0.554235237,0.549403729
INTS12-K68,INTS12,0.53535,0.104579983,0.980551435,0.980551435,0.776434795,0.075,0.279103166,0.554235237,0.554235237,0.549403729
INTS12-K98,INTS12,0.4012,0.004435233,2.353083584,2.353083584,0.377682496,0.075,0.279103166,0.554235237,0.554235237,0.549403729
INTS4-K26,INTS4,0.1085,0.290455255,0.536920762,0.536920762,0.911658441,0.055,0.415576699,0.381348811,0.381348811,0.670457022
INTS6-K680,INTS6,0.0546,0.840385277,0.075521565,0.075521565,1,0.095,0.255634274,0.592380919,0.592380919,0.524451782
INTS9-K566,INTS9,0.002,0.69782811,0.15625154,0.15625154,1,-0.015,0.842598452,0.074379343,-0.074379343,0.931897251
IQGAP1-K1389,IQGAP1,0.026,0.724233283,0.140121521,0.140121521,1,-0.18,0.231615673,0.635232055,-0.635232055,0.497292831
IQGAP1-K1455,IQGAP1,0.037325,0.775995037,0.110141056,0.110141056,1,-0.18,0.231615673,0.635232055,-0.635232055,0.497292831
IQGAP1-K1562,IQGAP1,-0.07556,0.482960164,0.31608869,-0.31608869,0.967568225,-0.18,0.231615673,0.635232055,-0.635232055,0.497292831
IQGAP1-K503,IQGAP1,-0.0899,0.685714286,0.163856803,-0.163856803,1,-0.18,0.231615673,0.635232055,-0.635232055,0.497292831
IQGAP2-K1454,IQGAP2,-0.776,0.685714286,0.163856803,-0.163856803,1,-0.16,0.612662944,0.212778387,-0.212778387,0.804282081
IRGQ-K368,IRGQ,-0.682625,0.685714286,0.163856803,-0.163856803,1,0.015,0.924861123,0.033923476,0.033923476,0.968828202
ISOC1-K279,ISOC1,-0.418,0.358545794,0.445455368,-0.445455368,0.936845827,-0.175,0.299561221,0.523514408,-0.523514408,0.570283192
ISOC1-K286,ISOC1,-0.1634,0.594215791,0.226055811,-0.226055811,1,-0.175,0.299561221,0.523514408,-0.523514408,0.570283192
ISOC2-K26,ISOC2,-0.207675,0.118774096,0.925278267,-0.925278267,0.789352846,0.08,0.216465887,0.664610536,0.664610536,0.479115219
ITGAV-K233,ITGAV,-0.06015,1,0,0,1,-0.1,0.916982919,0.037638754,-0.037638754,0.96500359
ITGB1-K398,ITGB1,0.458,0.509615385,0.29275747,0.29275747,0.975315181,-0.125,0.788674175,0.10310238,-0.10310238,0.904396453
ITGB1-K71,ITGB1,-0.179,0.835664336,0.077968132,-0.077968132,1,-0.125,0.788674175,0.10310238,-0.10310238,0.904396453
ITIH1-K418,ITIH1,0.2737,0.19047619,0.720159303,0.720159303,0.859405482,0.495,0.208382703,0.681138334,0.681138334,0.469571228
ITIH1-K57,ITIH1,0.61675,0.553560372,0.256835008,0.256835008,0.990319758,0.495,0.208382703,0.681138334,0.681138334,0.469571228
ITPA-K172,ITPA,-0.1976,0.285714286,0.544068044,-0.544068044,0.909317859,0.13,0.02451901,1.610497061,1.610497061,0.147020048
ITPR3-K1730,ITPR3,-0.092,0.880975593,0.055036124,-0.055036124,1,0.53,0.044417545,1.35244545,1.35244545,0.203928434
IVD-K149,IVD,-0.0027,0.747840732,0.126190884,-0.126190884,1,0.135,0.001250895,2.90277917,2.90277917,0.028206006
IVD-K241,IVD,-0.04795,0.655558907,0.183388278,-0.183388278,1,0.135,0.001250895,2.90277917,2.90277917,0.028206006
IVD-K262,IVD,-0.1567,0.764841017,0.11642883,-0.11642883,1,0.135,0.001250895,2.90277917,2.90277917,0.028206006
IVD-K318,IVD,0.16265,0.307667245,0.511918737,0.511918737,0.920825313,0.135,0.001250895,2.90277917,2.90277917,0.028206006
IVD-K58,IVD,0.14057,0.789839097,0.102461372,0.102461372,1,0.135,0.001250895,2.90277917,2.90277917,0.028206006
IVD-K78,IVD,0.04311,0.552817044,0.257418576,0.257418576,0.990319758,0.135,0.001250895,2.90277917,2.90277917,0.028206006
JADE1-K380,JADE1,0.0781,0.295013613,0.530157944,0.530157944,0.916922529,0.27,8.67E-04,3.062169017,3.062169017,0.023072997
JADE1-K683,JADE1,0.1114,0.781827538,0.106889037,0.106889037,1,0.27,8.67E-04,3.062169017,3.062169017,0.023072997
JADE2-K314,JADE2,0.227,0.103528338,0.984940757,0.984940757,0.776434795,-0.185,0.842630251,0.074362954,-0.074362954,0.931897251
JADE2-K48,JADE2,-0.0094,0.680394949,0.167238919,-0.167238919,1,-0.185,0.842630251,0.074362954,-0.074362954,0.931897251
JADE2-K483,JADE2,0.2214,0.353141779,0.452050899,0.452050899,0.935291689,-0.185,0.842630251,0.074362954,-0.074362954,0.931897251
JADE2-K54,JADE2,-0.1215,0.893403007,0.04895259,-0.04895259,1,-0.185,0.842630251,0.074362954,-0.074362954,0.931897251
JADE2-K697,JADE2,-0.09145,0.621644251,0.206458078,-0.206458078,1,-0.185,0.842630251,0.074362954,-0.074362954,0.931897251
JADE3-K30,JADE3,0.03675,0.609617311,0.214942709,0.214942709,1,0.24,0.071573349,1.145248664,1.145248664,0.26384552
JADE3-K32,JADE3,0.0258,0.905187713,0.04326135,0.04326135,1,0.24,0.071573349,1.145248664,1.145248664,0.26384552
JADE3-K38,JADE3,0.094,0.353884351,0.451138642,0.451138642,0.935291689,0.24,0.071573349,1.145248664,1.145248664,0.26384552
JADE3-K383,JADE3,-0.07803,0.476617699,0.321829834,-0.321829834,0.967568225,0.24,0.071573349,1.145248664,1.145248664,0.26384552
JADE3-K389,JADE3,-0.0908,0.629072198,0.201299508,-0.201299508,1,0.24,0.071573349,1.145248664,1.145248664,0.26384552
JADE3-K601,JADE3,-0.8197,0.109855243,0.959179211,-0.959179211,0.776434795,0.24,0.071573349,1.145248664,1.145248664,0.26384552
JADE3-K665,JADE3,-0.075,0.746115474,0.127193953,-0.127193953,1,0.24,0.071573349,1.145248664,1.145248664,0.26384552
JADE3-K735,JADE3,0.03705,0.19865287,0.701905156,0.701905156,0.859405482,0.24,0.071573349,1.145248664,1.145248664,0.26384552
JAZF1-K195,JAZF1,-0.4934,0.011253698,1.948704742,-1.948704742,0.49361533,-0.505,0.002588708,2.586916985,-2.586916985,0.042389784
JMJD1C-K102,JMJD1C,-0.7832,0.008427196,2.07431688,-2.07431688,0.450113647,-0.03,0.531700141,0.274333224,-0.274333224,0.752743395
JMJD1C-K1445,JMJD1C,0.0981,0.907812809,0.042003694,0.042003694,1,-0.03,0.531700141,0.274333224,-0.274333224,0.752743395
JMJD1C-K552,JMJD1C,0.1475,0.699134199,0.155439453,0.155439453,1,-0.03,0.531700141,0.274333224,-0.274333224,0.752743395
JPT2-K142,JPT2,0.295,0.075045151,1.124677363,1.124677363,0.735568256,0.345,0.006144909,2.211484512,2.211484512,0.067881185
JUNB-K240,JUNB,0.3275,0.285249452,0.544775181,0.544775181,0.909317859,-0.29,0.47479598,0.323492967,-0.323492967,0.718360644
KANSL1L-K693,KANSL1L,0.028891,0.44087121,0.355688261,0.355688261,0.961720515,-0.08,0.447590684,0.349118962,-0.349118962,0.696719397
KANSL1L-K848,KANSL1L,-0.0656,0.730861244,0.136165067,-0.136165067,1,-0.08,0.447590684,0.349118962,-0.349118962,0.696719397
KANSL2-K67,KANSL2,0.08685,0.630420938,0.200369371,0.200369371,1,0.02,0.531644128,0.274378979,0.274378979,0.752743395
KARS-K203,KARS,-0.052,0.641194311,0.193010339,-0.193010339,1,0.14,0.029689074,1.527403349,1.527403349,0.162834415
KAT14-K269,KAT14,-0.1603,0.408231644,0.389093334,-0.389093334,0.956240488,-0.08,0.255614309,0.592414838,-0.592414838,0.524451782
KAT14-K292,KAT14,-0.2494,0.453389298,0.343528735,-0.343528735,0.966193174,-0.08,0.255614309,0.592414838,-0.592414838,0.524451782
KAT5-K137,KAT5,-0.338,0.526400572,0.278683648,-0.278683648,0.982788878,0.08,0.113269037,0.94588879,0.94588879,0.34004037
KAT6A-K1101,KAT6A,-0.377,0.934162825,0.02957742,-0.02957742,1,-0.115,0.007131313,2.146830515,-2.146830515,0.073760155
KAT6A-K350,KAT6A,0.021,0.929397417,0.031798539,0.031798539,1,-0.115,0.007131313,2.146830515,-2.146830515,0.073760155
KAT6A-K815,KAT6A,-0.0919,0.951767724,0.021469027,-0.021469027,1,-0.115,0.007131313,2.146830515,-2.146830515,0.073760155
KAT6A-K90,KAT6A,0.038965,0.672585534,0.172252478,0.172252478,1,-0.115,0.007131313,2.146830515,-2.146830515,0.073760155
KAT6B-K1038,KAT6B,-0.2975,0.147287525,0.831834037,-0.831834037,0.831563929,-0.275,0.005958399,2.224870418,-2.224870418,0.066924402
KAT6B-K1042,KAT6B,-0.10375,0.274897663,0.560828952,-0.560828952,0.902857656,-0.275,0.005958399,2.224870418,-2.224870418,0.066924402
KAT6B-K1044,KAT6B,0.1057,0.660226947,0.180306754,0.180306754,1,-0.275,0.005958399,2.224870418,-2.224870418,0.066924402
KAT6B-K1199,KAT6B,0.08585,0.649918049,0.187141402,0.187141402,1,-0.275,0.005958399,2.224870418,-2.224870418,0.066924402
KAT6B-K582,KAT6B,0.2445,0.316796223,0.499220004,0.499220004,0.920825313,-0.275,0.005958399,2.224870418,-2.224870418,0.066924402
KAT6B-K590,KAT6B,-0.044,0.970144396,0.013163621,-0.013163621,1,-0.275,0.005958399,2.224870418,-2.224870418,0.066924402
KAT7-K171,KAT7,0.0956,0.577841007,0.238191641,0.238191641,0.998101941,0.02,0.964365673,0.015758257,0.015758257,0.985115862
KAT7-K277,KAT7,0.307525,0.041373293,1.383279906,1.383279906,0.631716774,0.02,0.964365673,0.015758257,0.015758257,0.985115862
KAT7-K90,KAT7,-0.3337,0.005594406,2.25224605,-2.25224605,0.384392544,0.02,0.964365673,0.015758257,0.015758257,0.985115862
KAT8-K168,KAT8,-0.49,0.23030303,0.637700348,-0.637700348,0.879057947,-0.03,0.960411261,0.017542756,-0.017542756,0.983920475
KAT8-K351,KAT8,0.16245,0.141240236,0.850041566,0.850041566,0.820443268,-0.03,0.960411261,0.017542756,-0.017542756,0.983920475
KCNAB2-K324,KCNAB2,-0.0788,0.798980066,0.097464056,-0.097464056,1,0.21,0.144512989,0.840093117,0.840093117,0.384790556
KCTD12-K229,KCTD12,0.05345,0.740217572,0.130640609,0.130640609,1,-0.62,0.111114224,0.954230344,-0.954230344,0.336102441
KDM2A-K409,KDM2A,-0.9078,0.615340814,0.210884278,-0.210884278,1,0.085,0.493340939,0.306852844,0.306852844,0.731732113
KDM2A-K783,KDM2A,-0.357,0.234265734,0.63029123,-0.63029123,0.879057947,0.085,0.493340939,0.306852844,0.306852844,0.731732113
KDM3A-K470,KDM3A,-0.071,0.833929344,0.078870744,-0.078870744,1,-0.075,0.432887454,0.363625,-0.363625,0.684288943
KDM3B-K300,KDM3B,0.2947,0.040257727,1.395150749,1.395150749,0.631372573,0.02,0.169090503,0.771880784,0.771880784,0.419296818
KDM4A-K505,KDM4A,-0.009,0.937229437,0.028154079,-0.028154079,1,-0.1,0.101392331,0.993994891,-0.993994891,0.319325789
KDM6A-K23,KDM6A,0.20112,0.524279418,0.280437192,0.280437192,0.982788878,0,0.952495118,0.021137242,0,0.981249221
KDM6A-K29,KDM6A,0.2135,0.964590432,0.01565705,0.01565705,1,0,0.952495118,0.021137242,0,0.981249221
KDM6A-K851,KDM6A,-0.1165,0.089507973,1.048138277,-1.048138277,0.776434795,0,0.952495118,0.021137242,0,0.981249221
KHDC4-K553,KHDC4,0.106,0.533001235,0.273271785,0.273271785,0.984176452,0.005,0.665848204,0.176624768,0.176624768,0.836768734
KHDRBS1-K165,KHDRBS1,-0.0679,0.739496148,0.131064084,-0.131064084,1,0.11,0.024529532,1.610310746,1.610310746,0.147020048
KHDRBS1-K169,KHDRBS1,0.139,0.157347607,0.803139859,0.803139859,0.842963497,0.11,0.024529532,1.610310746,1.610310746,0.147020048
KHDRBS1-K175,KHDRBS1,0.304,0.228151076,0.641777479,0.641777479,0.879057947,0.11,0.024529532,1.610310746,1.610310746,0.147020048
KHDRBS1-K185,KHDRBS1,0.00185,0.885714286,0.052706351,0.052706351,1,0.11,0.024529532,1.610310746,1.610310746,0.147020048
KHDRBS1-K194,KHDRBS1,-0.0047,0.814666913,0.089019922,-0.089019922,1,0.11,0.024529532,1.610310746,1.610310746,0.147020048
KHDRBS1-K432,KHDRBS1,0.2447,0.468597766,0.329199786,0.329199786,0.967568225,0.11,0.024529532,1.610310746,1.610310746,0.147020048
KHDRBS3-K152,KHDRBS3,-0.315,0.139469003,0.855522305,-0.855522305,0.816505519,-1.06,0.050528683,1.296462025,-1.296462025,0.217633551
KHSRP-K109,KHSRP,0.2757,0.058219276,1.234933199,1.234933199,0.69134159,0.27,0.008642203,2.063375537,2.063375537,0.081821393
KHSRP-K169,KHSRP,0.1616,0.224032824,0.649688347,0.649688347,0.875912177,0.27,0.008642203,2.063375537,2.063375537,0.081821393
KHSRP-K203,KHSRP,0.09105,0.874932414,0.058025494,0.058025494,1,0.27,0.008642203,2.063375537,2.063375537,0.081821393
KHSRP-K266,KHSRP,0.0043,0.897828957,0.046806392,0.046806392,1,0.27,0.008642203,2.063375537,2.063375537,0.081821393
KHSRP-K87,KHSRP,0.321294,0.008910096,2.050117635,2.050117635,0.45643103,0.27,0.008642203,2.063375537,2.063375537,0.081821393
KIAA1143-K117,KIAA1143,-0.0385,0.811708527,0.090599892,-0.090599892,1,0.015,0.777223057,0.109454324,0.109454324,0.898592168
KIAA1143-K137,KIAA1143,0.30425,0.015048128,1.822517515,1.822517515,0.506519998,0.015,0.777223057,0.109454324,0.109454324,0.898592168
KIAA1143-K36,KIAA1143,0.10819,0.157057618,0.803940992,0.803940992,0.842963497,0.015,0.777223057,0.109454324,0.109454324,0.898592168
KIAA1210-K166,KIAA1210,-0.1435,0.427822178,0.368736706,-0.368736706,0.961720515,-0.86,0.018154712,1.741010634,-1.741010634,0.124040269
KIAA1210-K168,KIAA1210,-0.442,0.376432725,0.424312628,-0.424312628,0.943988084,-0.86,0.018154712,1.741010634,-1.741010634,0.124040269
KIAA1210-K171,KIAA1210,-0.442,0.371076513,0.430536533,-0.430536533,0.938794148,-0.86,0.018154712,1.741010634,-1.741010634,0.124040269
KIAA1210-K176,KIAA1210,-0.611,0.233005049,0.632634668,-0.632634668,0.879057947,-0.86,0.018154712,1.741010634,-1.741010634,0.124040269
KIF2A-K102,KIF2A,0.1695,0.066683867,1.175979226,1.175979226,0.722248672,0.035,0.363687245,0.43927193,0.43927193,0.626098391
KIF3A-K16,KIF3A,0.309,0.128287137,0.891816887,0.891816887,0.806415733,-0.02,0.877706668,0.056650602,-0.056650602,0.947457486
KIF4A-K593,KIF4A,0.7115,0.30952381,0.509305938,0.509305938,0.920825313,0.755,1.34E-05,4.87138358,4.87138358,0.002773131
KIF5B-K44,KIF5B,0.1275,0.520879121,0.283263051,0.283263051,0.982124714,0.02,0.89731429,0.047055416,0.047055416,0.956801528
KIF5B-K512,KIF5B,-0.7825,0.039408123,1.404414253,-1.404414253,0.631372573,0.02,0.89731429,0.047055416,0.047055416,0.956801528
KIF5B-K67,KIF5B,0.09045,0.866511267,0.062225786,0.062225786,1,0.02,0.89731429,0.047055416,0.047055416,0.956801528
KIF5B-K801,KIF5B,0.0975155,0.342857143,0.464886798,0.464886798,0.930954294,0.02,0.89731429,0.047055416,0.047055416,0.956801528
KLC1-K393,KLC1,-0.398,0.031932773,1.495763365,-1.495763365,0.599497917,-0.13,0.001562834,2.80608713,-2.80608713,0.031784154
KMT2A-K1130,KMT2A,-0.01215,0.957792208,0.018728701,-0.018728701,1,0.07,0.683990914,0.164949667,0.164949667,0.848351327
KMT2A-K1243,KMT2A,0.0131,0.728286334,0.137697839,0.137697839,1,0.07,0.683990914,0.164949667,0.164949667,0.848351327
KMT2A-K1356,KMT2A,0.1172,0.263326091,0.579506109,0.579506109,0.899293861,0.07,0.683990914,0.164949667,0.164949667,0.848351327
KMT2A-K2961,KMT2A,0.3375,0.014515107,1.83817975,1.83817975,0.506519998,0.07,0.683990914,0.164949667,0.164949667,0.848351327
KMT2A-K3222,KMT2A,0.1116,0.924136321,0.03426396,0.03426396,1,0.07,0.683990914,0.164949667,0.164949667,0.848351327
KMT2A-K928,KMT2A,0.029975,0.822475295,0.084877138,0.084877138,1,0.07,0.683990914,0.164949667,0.164949667,0.848351327
KMT2B-K2296,KMT2B,-0.0722,0.161587529,0.791592159,-0.791592159,0.848347798,-0.1,0.905182266,0.043263963,-0.043263963,0.960361609
KMT2B-K852,KMT2B,-0.4091165,0.36760994,0.434612754,-0.434612754,0.938794148,-0.1,0.905182266,0.043263963,-0.043263963,0.960361609
KMT2B-K926,KMT2B,0.2072,0.835664336,0.077968132,0.077968132,1,-0.1,0.905182266,0.043263963,-0.043263963,0.960361609
KMT2C-K1762,KMT2C,0.0521,0.515852041,0.287474846,0.287474846,0.980565988,-0.03,0.865986484,0.062488886,-0.062488886,0.941738333
KMT2C-K1766,KMT2C,0.093,0.538283094,0.26898926,0.26898926,0.985226023,-0.03,0.865986484,0.062488886,-0.062488886,0.941738333
KMT2C-K1772,KMT2C,0.187,0.340645807,0.467696953,0.467696953,0.930954294,-0.03,0.865986484,0.062488886,-0.062488886,0.941738333
KMT2C-K2009,KMT2C,0.19325,0.977098349,0.01006172,0.01006172,1,-0.03,0.865986484,0.062488886,-0.062488886,0.941738333
KMT2C-K2398,KMT2C,0.151,0.450380693,0.346420235,0.346420235,0.964532104,-0.03,0.865986484,0.062488886,-0.062488886,0.941738333
KMT2C-K2784,KMT2C,0.041325,0.983583446,0.007188789,0.007188789,1,-0.03,0.865986484,0.062488886,-0.062488886,0.941738333
KMT2C-K2795,KMT2C,0.0851,0.296613337,0.527809325,0.527809325,0.918222724,-0.03,0.865986484,0.062488886,-0.062488886,0.941738333
KMT2C-K2796,KMT2C,0.678,0.093406593,1.029622467,1.029622467,0.776434795,-0.03,0.865986484,0.062488886,-0.062488886,0.941738333
KMT2C-K2797,KMT2C,0.678,0.093406593,1.029622467,1.029622467,0.776434795,-0.03,0.865986484,0.062488886,-0.062488886,0.941738333
KMT2C-K2802,KMT2C,-0.017975,0.680396534,0.167237908,-0.167237908,1,-0.03,0.865986484,0.062488886,-0.062488886,0.941738333
KMT2C-K2809,KMT2C,-0.161,0.107834768,0.967241193,-0.967241193,0.776434795,-0.03,0.865986484,0.062488886,-0.062488886,0.941738333
KMT2C-K2814,KMT2C,-0.1181135,0.152903661,0.815582117,-0.815582117,0.834881371,-0.03,0.865986484,0.062488886,-0.062488886,0.941738333
KMT2C-K2815,KMT2C,0.1815,0.809404734,0.09183426,0.09183426,1,-0.03,0.865986484,0.062488886,-0.062488886,0.941738333
KMT2C-K2823,KMT2C,0.09525,0.467033472,0.330651992,0.330651992,0.967568225,-0.03,0.865986484,0.062488886,-0.062488886,0.941738333
KMT2C-K2832,KMT2C,0.043,0.496553121,0.304034284,0.304034284,0.969924879,-0.03,0.865986484,0.062488886,-0.062488886,0.941738333
KMT2C-K2836,KMT2C,0.2298,0.379707019,0.420551375,0.420551375,0.945030662,-0.03,0.865986484,0.062488886,-0.062488886,0.941738333
KMT2C-K2841,KMT2C,0.1495,0.363216765,0.439834114,0.439834114,0.936845827,-0.03,0.865986484,0.062488886,-0.062488886,0.941738333
KMT2C-K3105,KMT2C,0.1656,0.040356848,1.394082762,1.394082762,0.631372573,-0.03,0.865986484,0.062488886,-0.062488886,0.941738333
KMT2C-K3714,KMT2C,0.01843,0.412747749,0.384315286,0.384315286,0.956240488,-0.03,0.865986484,0.062488886,-0.062488886,0.941738333
KMT2C-K3793,KMT2C,0.0989,0.904385965,0.043646186,0.043646186,1,-0.03,0.865986484,0.062488886,-0.062488886,0.941738333
KMT2C-K3847,KMT2C,-0.49975,0.265058091,0.576658935,-0.576658935,0.899293861,-0.03,0.865986484,0.062488886,-0.062488886,0.941738333
KMT2C-K3860,KMT2C,0.0685,0.551471711,0.258476761,0.258476761,0.990319758,-0.03,0.865986484,0.062488886,-0.062488886,0.941738333
KMT2C-K758,KMT2C,0.0525,0.42139156,0.375314167,0.375314167,0.961720515,-0.03,0.865986484,0.062488886,-0.062488886,0.941738333
KMT2C-K827,KMT2C,0.105375,0.989049166,0.004782119,0.004782119,1,-0.03,0.865986484,0.062488886,-0.062488886,0.941738333
KMT2C-K832,KMT2C,0.04065,0.94971695,0.022405811,0.022405811,1,-0.03,0.865986484,0.062488886,-0.062488886,0.941738333
KMT2D-K1288,KMT2D,-0.419,0.527272727,0.277964692,-0.277964692,0.982788878,-0.145,0.432843979,0.363668619,-0.363668619,0.684288943
KMT2D-K2086,KMT2D,-0.0653,0.453358532,0.343558207,-0.343558207,0.966193174,-0.145,0.432843979,0.363668619,-0.363668619,0.684288943
KMT2D-K2468,KMT2D,-0.0732,0.167677396,0.775525479,-0.775525479,0.853962239,-0.145,0.432843979,0.363668619,-0.363668619,0.684288943
KMT2D-K3079,KMT2D,-0.1293,0.792551376,0.100972575,-0.100972575,1,-0.145,0.432843979,0.363668619,-0.363668619,0.684288943
KMT2D-K3119,KMT2D,-0.0311,0.289543547,0.53828611,-0.53828611,0.911658441,-0.145,0.432843979,0.363668619,-0.363668619,0.684288943
KMT2D-K3155,KMT2D,-0.050725,0.687273008,0.162870712,-0.162870712,1,-0.145,0.432843979,0.363668619,-0.363668619,0.684288943
KMT2D-K3433,KMT2D,0.1086,0.272330189,0.564904212,0.564904212,0.902857656,-0.145,0.432843979,0.363668619,-0.363668619,0.684288943
KMT2D-K3545,KMT2D,0.1465,0.455944056,0.341088442,0.341088442,0.9663303,-0.145,0.432843979,0.363668619,-0.363668619,0.684288943
KMT2D-K3573,KMT2D,-0.0825,0.950686954,0.021962466,-0.021962466,1,-0.145,0.432843979,0.363668619,-0.363668619,0.684288943
KMT5B-K20,KMT5B,-0.20015,0.63375382,0.19807941,-0.19807941,1,-0.09,0.318397836,0.497029892,-0.497029892,0.588506843
KMT5B-K776,KMT5B,0.00565,0.804442479,0.094505004,0.094505004,1,-0.09,0.318397836,0.497029892,-0.497029892,0.588506843
KNG1-K113,KNG1,-1.023,0.087629757,1.05734839,-1.05734839,0.773861515,-0.13,0.728051867,0.13783768,-0.13783768,0.871987715
KNG1-K42,KNG1,0.4433,0.111111111,0.954242509,0.954242509,0.776434795,-0.13,0.728051867,0.13783768,-0.13783768,0.871987715
KNG1-K43,KNG1,-0.0225,0.756524051,0.121177261,-0.121177261,1,-0.13,0.728051867,0.13783768,-0.13783768,0.871987715
KNG1-K97,KNG1,-0.09825,0.736604518,0.132765622,-0.132765622,1,-0.13,0.728051867,0.13783768,-0.13783768,0.871987715
KPNA4-K475,KPNA4,0.2295925,0.365967366,0.43655764,0.43655764,0.938794148,0.06,0.225765326,0.646342758,0.646342758,0.490630182
KRI1-K481,KRI1,0.0645,0.749183464,0.125411817,0.125411817,1,0.27,0.005274483,2.277820093,2.277820093,0.062555609
KRT1-K246,KRT1,-0.30515,0.084065437,1.075382524,-1.075382524,0.765656144,-1.135,0.015109821,1.820740683,-1.820740683,0.11190467
KRT10-K237,KRT10,0.004,0.891798259,0.04973338,0.04973338,1,0.19,0.073971331,1.130936565,1.130936565,0.268662616
KRT10-K292,KRT10,-0.5764,0.263486513,0.579241609,-0.579241609,0.899293861,0.19,0.073971331,1.130936565,1.130936565,0.268662616
KRT17-K172,KRT17,-0.42885,0.087993943,1.055547223,-1.055547223,0.773861515,-1.37,0.082377058,1.084193722,-1.084193722,0.285759964
KRT18-K131,KRT18,0.1341,0.661172161,0.179685441,0.179685441,1,0.42,0.031238692,1.505307156,1.505307156,0.167495213
KRT18-K187,KRT18,0.155,0.833867855,0.078902768,0.078902768,1,0.42,0.031238692,1.505307156,1.505307156,0.167495213
KRT18-K214,KRT18,0.18975,0.369488728,0.432398806,0.432398806,0.938794148,0.42,0.031238692,1.505307156,1.505307156,0.167495213
KRT18-K247,KRT18,0.445998,0.051282051,1.290034611,1.290034611,0.67940945,0.42,0.031238692,1.505307156,1.505307156,0.167495213
KRT18-K317,KRT18,0.50141,0.123612137,0.907938884,0.907938884,0.798980637,0.42,0.031238692,1.505307156,1.505307156,0.167495213
KRT18-K370,KRT18,0.1165,0.290196078,0.537308461,0.537308461,0.911658441,0.42,0.031238692,1.505307156,1.505307156,0.167495213
KRT18-K372,KRT18,-0.096,0.251321724,0.599769969,-0.599769969,0.894863451,0.42,0.031238692,1.505307156,1.505307156,0.167495213
KRT18-K417,KRT18,0.25225,0.107248933,0.969607019,0.969607019,0.776434795,0.42,0.031238692,1.505307156,1.505307156,0.167495213
KRT18-K426,KRT18,0.584,0.486394252,0.313011566,0.313011566,0.968040271,0.42,0.031238692,1.505307156,1.505307156,0.167495213
KRT18-K81,KRT18,0.123427,0.50514141,0.296587028,0.296587028,0.973031198,0.42,0.031238692,1.505307156,1.505307156,0.167495213
KRT19-K111,KRT19,-0.02276,0.819814241,0.086284542,-0.086284542,1,0.04,0.984160954,0.006933869,0.006933869,0.994460474
KRT19-K118,KRT19,-0.2376,0.18981019,0.721680477,-0.721680477,0.859405482,0.04,0.984160954,0.006933869,0.006933869,0.994460474
KRT19-K398,KRT19,-0.12901,0.978571813,0.009407298,-0.009407298,1,0.04,0.984160954,0.006933869,0.006933869,0.994460474
KRT5-K72,KRT5,-1.15715,0.678654679,0.168351153,-0.168351153,1,-1.825,0.006151634,2.211009535,-2.211009535,0.067881185
KRT7-K273,KRT7,0.13,0.820452225,0.085946703,0.085946703,1,-0.33,0.27270921,0.564300195,-0.564300195,0.542650841
KRT7-K326,KRT7,-0.1721,0.35869978,0.44526889,-0.44526889,0.936845827,-0.33,0.27270921,0.564300195,-0.564300195,0.542650841
KRT73-K142,KRT73,0.3636655,0.685714286,0.163856803,0.163856803,1,0,0.379844217,0.420394481,0,0.63934617
KRT74-K150,KRT74,0.3636655,0.685714286,0.163856803,0.163856803,1,-0.915,0.002636375,2.57899283,-2.57899283,0.042812869
KRT75-K257,KRT75,-1.1444,0.206460206,0.685163643,-0.685163643,0.866650116,-0.09,0.916693559,0.03777582,-0.03777582,0.96500359
KRT75-K258,KRT75,-1.1444,0.206460206,0.685163643,-0.685163643,0.866650116,-0.09,0.916693559,0.03777582,-0.03777582,0.96500359
KRT79-K233,KRT79,-0.301,0.28258463,0.548851463,-0.548851463,0.909317859,0,0.84231381,0.074526079,0,0.931897251
KRT8-K120,KRT8,-0.261,0.495514002,0.304944069,-0.304944069,0.969748262,0.14,0.259866699,0.58524937,0.58524937,0.529040165
KRT8-K145,KRT8,0.0265,0.770301347,0.113339342,0.113339342,1,0.14,0.259866699,0.58524937,0.58524937,0.529040165
KRT8-K150,KRT8,-0.1187,0.827236259,0.082370438,-0.082370438,1,0.14,0.259866699,0.58524937,0.58524937,0.529040165
KRT8-K158,KRT8,-0.1018,0.766339641,0.115578709,-0.115578709,1,0.14,0.259866699,0.58524937,0.58524937,0.529040165
KRT8-K186,KRT8,-0.26075,0.188230107,0.725310912,-0.725310912,0.859405482,0.14,0.259866699,0.58524937,0.58524937,0.529040165
KRT8-K235,KRT8,-0.0576335,0.902255639,0.044670395,-0.044670395,1,0.14,0.259866699,0.58524937,0.58524937,0.529040165
KRT8-K313,KRT8,0.7143,0.170940171,0.767155866,0.767155866,0.858569025,0.14,0.259866699,0.58524937,0.58524937,0.529040165
KRT8-K323,KRT8,0.06124,0.478659336,0.319973466,0.319973466,0.967568225,0.14,0.259866699,0.58524937,0.58524937,0.529040165
KRT8-K332,KRT8,0.153,0.974718567,0.011120761,0.011120761,1,0.14,0.259866699,0.58524937,0.58524937,0.529040165
KRT8-K353,KRT8,-0.18695,0.106755823,0.971608425,-0.971608425,0.776434795,0.14,0.259866699,0.58524937,0.58524937,0.529040165
KRT8-K36,KRT8,-0.16365,0.974337868,0.011290418,-0.011290418,1,0.14,0.259866699,0.58524937,0.58524937,0.529040165
KRT8-K375,KRT8,0.088,0.668763403,0.174727501,0.174727501,1,0.14,0.259866699,0.58524937,0.58524937,0.529040165
KRT8-K380,KRT8,0.081645,0.978244943,0.009552388,0.009552388,1,0.14,0.259866699,0.58524937,0.58524937,0.529040165
KRT8-K39,KRT8,0.355,0.215764865,0.666019275,0.666019275,0.874300916,0.14,0.259866699,0.58524937,0.58524937,0.529040165
KRT8-K500,KRT8,-0.1574,0.665331265,0.176962068,-0.176962068,1,0.14,0.259866699,0.58524937,0.58524937,0.529040165
KRT82-K137,KRT82,0.3075,0.329044942,0.48274478,0.48274478,0.930954294,0,0.220474673,0.656641292,0,0.484004501
KRT86-K484,KRT86,0.346,0.756015465,0.12146932,0.12146932,1,0.275,0.807860734,0.0926635,0.0926635,0.914013628
KTN1-K352,KTN1,-0.0817,0.885714286,0.052706351,-0.052706351,1,0.04,0.459439766,0.337771418,0.337771418,0.704954998
KTN1-K711,KTN1,0.17085,0.694702525,0.158201123,0.158201123,1,0.04,0.459439766,0.337771418,0.337771418,0.704954998
LACTB-K342,LACTB,-0.23814,0.629305477,0.201138488,-0.201138488,1,0.31,0.005525636,2.25761769,2.25761769,0.064301084
LACTB-K379,LACTB,0.0365,0.898244299,0.04660553,0.04660553,1,0.31,0.005525636,2.25761769,2.25761769,0.064301084
LACTB2-K102,LACTB2,0.444,0.034413283,1.463273892,1.463273892,0.61764214,-0.025,0.731994508,0.135492177,-0.135492177,0.874551656
LAMA4-K1068,LAMA4,0.0524,0.832944833,0.079383762,0.079383762,1,-0.4,0.068525754,1.16414618,-1.16414618,0.257120541
LAMA4-K1351,LAMA4,0.75625,0.26013986,0.584793098,0.584793098,0.899293861,-0.4,0.068525754,1.16414618,-1.16414618,0.257120541
LAMA5-K2633,LAMA5,0.0869,0.92253856,0.035015472,0.035015472,1,-0.185,0.4128321,0.384226541,-0.384226541,0.668279903
LAMC1-K1258,LAMC1,0.067,0.759954007,0.119212691,0.119212691,1,0.065,0.762055691,0.118013289,0.118013289,0.890065294
LAMC1-K1423,LAMC1,0.642,0.648751075,0.187921909,0.187921909,1,0.065,0.762055691,0.118013289,0.118013289,0.890065294
LAMC1-K1473,LAMC1,-0.1085,0.984642243,0.006721536,-0.006721536,1,0.065,0.762055691,0.118013289,0.118013289,0.890065294
LAMC1-K1608,LAMC1,0.017,0.754256009,0.122481221,0.122481221,1,0.065,0.762055691,0.118013289,0.118013289,0.890065294
LAMC1-K802,LAMC1,0.072,0.595839311,0.224870847,0.224870847,1,0.065,0.762055691,0.118013289,0.118013289,0.890065294
LAMP1-K337,LAMP1,-0.0952,0.923144102,0.034730501,-0.034730501,1,-0.185,0.005524399,2.257714929,-2.257714929,0.064301084
LANCL1-K101,LANCL1,-0.0927,0.178121972,0.749282506,-0.749282506,0.859405482,-0.125,0.257745838,0.588808338,-0.588808338,0.526237851
LANCL1-K142,LANCL1,0.14595,0.362181861,0.441073305,0.441073305,0.936845827,-0.125,0.257745838,0.588808338,-0.588808338,0.526237851
LAP3-K176,LAP3,0.04885775,0.699134199,0.155439453,0.155439453,1,0.09,0.343113413,0.464562304,0.464562304,0.610479789
LAP3-K224,LAP3,-0.095,0.616461969,0.210093711,-0.210093711,1,0.09,0.343113413,0.464562304,0.464562304,0.610479789
LAP3-K45,LAP3,-0.1274525,0.81874452,0.086851594,-0.086851594,1,0.09,0.343113413,0.464562304,0.464562304,0.610479789
LAP3-K455,LAP3,-0.12417,0.974262547,0.011323992,-0.011323992,1,0.09,0.343113413,0.464562304,0.464562304,0.610479789
LAP3-K476,LAP3,-0.292,0.171281008,0.766290789,-0.766290789,0.858569025,0.09,0.343113413,0.464562304,0.464562304,0.610479789
LAP3-K79,LAP3,0.1131,0.407867133,0.38948129,0.38948129,0.956240488,0.09,0.343113413,0.464562304,0.464562304,0.610479789
LARP1B-K515,LARP1B,-0.2422,0.851282051,0.069926523,-0.069926523,1,0.165,0.008769054,2.057047242,2.057047242,0.082450925
LARP7-K336,LARP7,0.034,0.930003927,0.031515218,0.031515218,1,0,0.398730485,0.399320559,0,0.656237257
LARP7-K438,LARP7,-0.38996,0.190204614,0.720778952,-0.720778952,0.859405482,0,0.398730485,0.399320559,0,0.656237257
LARS-K268,LARS,-0.159,0.548739496,0.26063378,-0.26063378,0.989395087,0.135,0.011185936,1.951327671,1.951327671,0.094779618
LARS-K716,LARS,0.2555,0.685714286,0.163856803,0.163856803,1,0.135,0.011185936,1.951327671,1.951327671,0.094779618
LASP1-K128,LASP1,0.14042,0.879990827,0.055521855,0.055521855,1,0.085,0.345648657,0.461365127,0.461365127,0.613250869
LASP1-K17,LASP1,0.0423,0.91665358,0.037794761,0.037794761,1,0.085,0.345648657,0.461365127,0.461365127,0.613250869
LASP1-K205,LASP1,-0.3429,0.377015633,0.423640641,-0.423640641,0.943988084,0.085,0.345648657,0.461365127,0.461365127,0.613250869
LASP1-K23,LASP1,0.12277,0.369825768,0.432002833,0.432002833,0.938794148,0.085,0.345648657,0.461365127,0.461365127,0.613250869
LASP1-K36,LASP1,-0.026948,0.464835239,0.332700955,-0.332700955,0.967568225,0.085,0.345648657,0.461365127,0.461365127,0.613250869
LASP1-K42,LASP1,-0.12103,0.067792492,1.168818399,-1.168818399,0.723084523,0.085,0.345648657,0.461365127,0.461365127,0.613250869
LASP1-K87,LASP1,0.154,0.596153846,0.22464165,0.22464165,1,0.085,0.345648657,0.461365127,0.461365127,0.613250869
LBR-K594,LBR,0.126,0.308489636,0.510759422,0.510759422,0.920825313,0.315,0.01201701,1.920203589,1.920203589,0.098893988
LBR-K601,LBR,0.17715,0.42096829,0.375750617,0.375750617,0.961720515,0.315,0.01201701,1.920203589,1.920203589,0.098893988
LCLAT1-K221,LCLAT1,0.1347,0.445221445,0.351423925,0.351423925,0.961720515,0.12,0.053488041,1.271743309,1.271743309,0.224249708
LCLAT1-K306,LCLAT1,-0.00674,0.937229437,0.028154079,-0.028154079,1,0.12,0.053488041,1.271743309,1.271743309,0.224249708
LCN2-K154,LCN2,-0.1087975,0.830600608,0.080607755,-0.080607755,1,-0.5,0.18024255,0.744142676,-0.744142676,0.433712316
LCP1-K294,LCP1,0.1567,0.562041974,0.250231249,0.250231249,0.991315092,-0.415,0.090563156,1.043048451,-1.043048451,0.30054994
LCP1-K455,LCP1,-0.283136,0.365967366,0.43655764,-0.43655764,0.938794148,-0.415,0.090563156,1.043048451,-1.043048451,0.30054994
LCP1-K468,LCP1,0.2899814,0.753113553,0.123139537,0.123139537,1,-0.415,0.090563156,1.043048451,-1.043048451,0.30054994
LCP1-K472,LCP1,0.2691,1,0,0,1,-0.415,0.090563156,1.043048451,-1.043048451,0.30054994
LCP1-K542,LCP1,-0.1446,0.13783018,0.860655678,-0.860655678,0.814916032,-0.415,0.090563156,1.043048451,-1.043048451,0.30054994
LCP1-K579,LCP1,-0.31545,0.307472411,0.512193847,-0.512193847,0.920825313,-0.415,0.090563156,1.043048451,-1.043048451,0.30054994
LDB1-K393,LDB1,0.016925,0.683516484,0.165251008,0.165251008,1,-0.36,0.008519071,2.069607757,-2.069607757,0.081019484
LDHA-K110,LDHA,0.1989,0.070120886,1.154152606,1.154152606,0.735103698,0.58,0.001170656,2.931570637,2.931570637,0.027259328
LDHA-K147,LDHA,0.2593,0.193302715,0.713762047,0.713762047,0.859405482,0.58,0.001170656,2.931570637,2.931570637,0.027259328
LDHA-K155,LDHA,0.21,0.370118885,0.431658755,0.431658755,0.938794148,0.58,0.001170656,2.931570637,2.931570637,0.027259328
LDHA-K251,LDHA,0.249859,0.019410811,1.711956317,1.711956317,0.550225095,0.58,0.001170656,2.931570637,2.931570637,0.027259328
LDHA-K257,LDHA,0.178,0.153841498,0.8129265,0.8129265,0.837438046,0.58,0.001170656,2.931570637,2.931570637,0.027259328
LDHA-K261,LDHA,0.3869,0.033623245,1.473360378,1.473360378,0.614041867,0.58,0.001170656,2.931570637,2.931570637,0.027259328
LDHA-K272,LDHA,0.6864,0.16253398,0.789055831,0.789055831,0.848347798,0.58,0.001170656,2.931570637,2.931570637,0.027259328
LDHA-K357,LDHA,0.1610805,0.885714286,0.052706351,0.052706351,1,0.58,0.001170656,2.931570637,2.931570637,0.027259328
LDHA-K43,LDHA,0.0567,0.38087893,0.419213052,0.419213052,0.945619083,0.58,0.001170656,2.931570637,2.931570637,0.027259328
LDHA-K86,LDHA,0.1132,0.544255985,0.264196786,0.264196786,0.988250583,0.58,0.001170656,2.931570637,2.931570637,0.027259328
LDHB-K156,LDHB,0.3095,0.342857143,0.464886798,0.464886798,0.930954294,0.185,0.512366952,0.29041889,0.29041889,0.74691108
LDHB-K308,LDHB,-0.25345,0.096595853,1.015041516,-1.015041516,0.776434795,0.185,0.512366952,0.29041889,0.29041889,0.74691108
LDHB-K310,LDHB,0.3139735,0.074990802,1.124992001,1.124992001,0.735568256,0.185,0.512366952,0.29041889,0.29041889,0.74691108
LDHB-K318,LDHB,0.0464725,0.309694741,0.50906617,0.50906617,0.920825313,0.185,0.512366952,0.29041889,0.29041889,0.74691108
LDHB-K58,LDHB,0.01435,0.987484747,0.005469604,0.005469604,1,0.185,0.512366952,0.29041889,0.29041889,0.74691108
LDHB-K7,LDHB,0.07385,0.290455255,0.536920762,0.536920762,0.911658441,0.185,0.512366952,0.29041889,0.29041889,0.74691108
LDHB-K82,LDHB,-0.08115,0.901256511,0.045151585,-0.045151585,1,0.185,0.512366952,0.29041889,0.29041889,0.74691108
LETMD1-K116,LETMD1,0.229895,0.485714286,0.313619123,0.313619123,0.967568225,-0.195,0.040361615,1.394031461,-1.394031461,0.193037563
LGALS1-K108,LGALS1,0.107,0.606075685,0.217473139,0.217473139,1,-0.095,0.640822981,0.193261922,-0.193261922,0.822026779
LGALS1-K128,LGALS1,-0.232,0.396068727,0.402229448,-0.402229448,0.956184286,-0.095,0.640822981,0.193261922,-0.193261922,0.822026779
LGALS1-K29,LGALS1,-0.023,0.842867958,0.074240456,-0.074240456,1,-0.095,0.640822981,0.193261922,-0.193261922,0.822026779
LGALS1-K64,LGALS1,-0.01595,0.596932063,0.224075093,-0.224075093,1,-0.095,0.640822981,0.193261922,-0.193261922,0.822026779
LGALS3-K190,LGALS3,-0.1388,0.701238268,0.154134392,-0.154134392,1,-0.025,0.214679349,0.668209731,-0.668209731,0.476721839
LGALS3-K224,LGALS3,0.1605,0.381147355,0.41890709,0.41890709,0.94586002,-0.025,0.214679349,0.668209731,-0.668209731,0.476721839
LGALS3BP-K345,LGALS3BP,0.0301,0.832944833,0.079383762,0.079383762,1,-0.34,0.002384893,2.62253116,-2.62253116,0.040464937
LHPP-K155,LHPP,-0.1025,0.483238871,0.315838139,-0.315838139,0.967568225,-0.14,0.297221892,0.526919206,-0.526919206,0.56774663
LHPP-K59,LHPP,-0.86,0.041723424,1.379620059,-1.379620059,0.631716774,-0.14,0.297221892,0.526919206,-0.526919206,0.56774663
LIG3-K232,LIG3,0.01465,0.93780624,0.027886882,0.027886882,1,0.225,0.006516792,2.185966148,2.185966148,0.069997405
LIG3-K615,LIG3,-0.00725,0.614940711,0.211166754,-0.211166754,1,0.225,0.006516792,2.185966148,2.185966148,0.069997405
LIG3-K663,LIG3,0.175,0.187226153,0.727633485,0.727633485,0.859405482,0.225,0.006516792,2.185966148,2.185966148,0.069997405
LIG3-K883,LIG3,-0.13295,0.273866771,0.562460659,-0.562460659,0.902857656,0.225,0.006516792,2.185966148,2.185966148,0.069997405
LIG3-K898,LIG3,9.67E-04,0.588028896,0.230601332,0.230601332,1,0.225,0.006516792,2.185966148,2.185966148,0.069997405
LIG3-K907,LIG3,0.05055,0.745144966,0.127759228,0.127759228,1,0.225,0.006516792,2.185966148,2.185966148,0.069997405
LLGL1-K1064,LLGL1,-0.0307,0.914939524,0.038607611,-0.038607611,1,-0.03,0.93669889,0.028399995,-0.028399995,0.974849861
LMCD1-K13,LMCD1,0.786,0.029045463,1.536921703,1.536921703,0.591058584,0.09,0.407181579,0.390211878,0.390211878,0.663312892
LMNA-K108,LMNA,-0.149355,0.178641247,0.748018258,-0.748018258,0.859405482,0,0.651499576,0.186085863,0,0.827588803
LMNA-K114,LMNA,-0.3505,0.032430649,1.489044364,-1.489044364,0.605314609,0,0.651499576,0.186085863,0,0.827588803
LMNA-K155,LMNA,-0.148925,0.09248573,1.033925271,-1.033925271,0.776434795,0,0.651499576,0.186085863,0,0.827588803
LMNA-K171,LMNA,-0.203,0.131366624,0.881514962,-0.881514962,0.808568104,0,0.651499576,0.186085863,0,0.827588803
LMNA-K180,LMNA,-0.358,0.012903039,1.889307982,-1.889307982,0.501718574,0,0.651499576,0.186085863,0,0.827588803
LMNA-K181,LMNA,-0.172,0.769001355,0.114072895,-0.114072895,1,0,0.651499576,0.186085863,0,0.827588803
LMNA-K201,LMNA,-0.0657,0.937714072,0.027929567,-0.027929567,1,0,0.651499576,0.186085863,0,0.827588803
LMNA-K208,LMNA,-0.752,0.004477981,2.34891776,-2.34891776,0.377682496,0,0.651499576,0.186085863,0,0.827588803
LMNA-K219,LMNA,0.16845,0.682828283,0.165688499,0.165688499,1,0,0.651499576,0.186085863,0,0.827588803
LMNA-K233,LMNA,-0.19055,0.04549428,1.342043203,-1.342043203,0.647485954,0,0.651499576,0.186085863,0,0.827588803
LMNA-K260,LMNA,-0.26235,0.428807886,0.367737237,-0.367737237,0.961720515,0,0.651499576,0.186085863,0,0.827588803
LMNA-K265,LMNA,-0.325,0.036227761,1.440958509,-1.440958509,0.61764214,0,0.651499576,0.186085863,0,0.827588803
LMNA-K270,LMNA,-0.3565,0.032033588,1.494394418,-1.494394418,0.599497917,0,0.651499576,0.186085863,0,0.827588803
LMNA-K311,LMNA,-0.0745,0.456039606,0.340997439,-0.340997439,0.9663303,0,0.651499576,0.186085863,0,0.827588803
LMNA-K316,LMNA,-0.559,0.013082688,1.883303001,-1.883303001,0.501718574,0,0.651499576,0.186085863,0,0.827588803
LMNA-K32,LMNA,-0.066,0.716844863,0.144574822,-0.144574822,1,0,0.651499576,0.186085863,0,0.827588803
LMNA-K417,LMNA,0.124,0.738811451,0.131466382,0.131466382,1,0,0.651499576,0.186085863,0,0.827588803
LMNA-K420,LMNA,-0.316,0.117795975,0.928869549,-0.928869549,0.786730239,0,0.651499576,0.186085863,0,0.827588803
LMNA-K450,LMNA,-0.276,0.162366815,0.78950273,-0.78950273,0.848347798,0,0.651499576,0.186085863,0,0.827588803
LMNA-K457,LMNA,-0.01615,0.540073528,0.26754711,-0.26754711,0.985500784,0,0.651499576,0.186085863,0,0.827588803
LMNA-K470,LMNA,-0.185,0.015651034,1.805456978,-1.805456978,0.513266137,0,0.651499576,0.186085863,0,0.827588803
LMNA-K486,LMNA,-0.187,0.046111526,1.336190503,-1.336190503,0.647485954,0,0.651499576,0.186085863,0,0.827588803
LMNA-K515,LMNA,-0.352275,0.015003639,1.823803386,-1.823803386,0.506519998,0,0.651499576,0.186085863,0,0.827588803
LMNA-K597,LMNA,-0.25555,0.088202517,1.054519024,-1.054519024,0.774052511,0,0.651499576,0.186085863,0,0.827588803
LMNA-K78,LMNA,-0.1805,0.1601684,0.795423164,-0.795423164,0.84636288,0,0.651499576,0.186085863,0,0.827588803
LMNA-K90,LMNA,-0.5485,0.083148592,1.080145103,-1.080145103,0.762793224,0,0.651499576,0.186085863,0,0.827588803
LMNA-K97,LMNA,-0.3595,0.139786931,0.854533429,-0.854533429,0.816505519,0,0.651499576,0.186085863,0,0.827588803
LMNB1-K102,LMNB1,-0.0995,0.688111381,0.162341259,-0.162341259,1,0.86,1.41E-05,4.851823772,4.851823772,0.002790298
LMNB1-K109,LMNB1,-0.1385,0.293140917,0.532923558,-0.532923558,0.91515256,0.86,1.41E-05,4.851823772,4.851823772,0.002790298
LMNB1-K111,LMNB1,-0.24105,0.001926228,2.715292327,-2.715292327,0.308892033,0.86,1.41E-05,4.851823772,4.851823772,0.002790298
LMNB1-K123,LMNB1,-0.2227,0.039297834,1.405631383,-1.405631383,0.631372573,0.86,1.41E-05,4.851823772,4.851823772,0.002790298
LMNB1-K134,LMNB1,-0.1784,0.048770487,1.311842903,-1.311842903,0.66719548,0.86,1.41E-05,4.851823772,4.851823772,0.002790298
LMNB1-K156,LMNB1,0.15285,0.237977296,0.623464474,0.623464474,0.879057947,0.86,1.41E-05,4.851823772,4.851823772,0.002790298
LMNB1-K181,LMNB1,-0.2671,0.182470865,0.73880647,-0.73880647,0.859405482,0.86,1.41E-05,4.851823772,4.851823772,0.002790298
LMNB1-K191,LMNB1,-0.0872,0.66789124,0.175294253,-0.175294253,1,0.86,1.41E-05,4.851823772,4.851823772,0.002790298
LMNB1-K241,LMNB1,-0.0228,0.776162486,0.110047352,-0.110047352,1,0.86,1.41E-05,4.851823772,4.851823772,0.002790298
LMNB1-K261,LMNB1,-0.083,0.17083731,0.767417275,-0.767417275,0.858569025,0.86,1.41E-05,4.851823772,4.851823772,0.002790298
LMNB1-K271,LMNB1,-0.2702,0.004528096,2.3440844,-2.3440844,0.377682496,0.86,1.41E-05,4.851823772,4.851823772,0.002790298
LMNB1-K312,LMNB1,-0.0663,0.268658486,0.570799438,-0.570799438,0.902857656,0.86,1.41E-05,4.851823772,4.851823772,0.002790298
LMNB1-K474,LMNB1,-0.51455,0.02351626,1.628631741,-1.628631741,0.562122244,0.86,1.41E-05,4.851823772,4.851823772,0.002790298
LMNB1-K483,LMNB1,-0.031445,0.43005137,0.366479664,-0.366479664,0.961720515,0.86,1.41E-05,4.851823772,4.851823772,0.002790298
LMNB1-K49,LMNB1,-0.183,0.742673993,0.129201784,-0.129201784,1,0.86,1.41E-05,4.851823772,4.851823772,0.002790298
LMNB1-K528,LMNB1,0.22565,0.94201717,0.025941181,0.025941181,1,0.86,1.41E-05,4.851823772,4.851823772,0.002790298
LMNB1-K532,LMNB1,-0.01165,0.26414133,0.578163639,-0.578163639,0.899293861,0.86,1.41E-05,4.851823772,4.851823772,0.002790298
LMNB2-K123,LMNB2,-0.4235,0.022309224,1.651515538,-1.651515538,0.55675501,0.615,2.05E-04,3.687868479,3.687868479,0.010144871
LMNB2-K133,LMNB2,-0.66805,0.011039921,1.957034053,-1.957034053,0.490919197,0.615,2.05E-04,3.687868479,3.687868479,0.010144871
LMNB2-K170,LMNB2,-0.02,0.52256414,0.281860396,-0.281860396,0.982788878,0.615,2.05E-04,3.687868479,3.687868479,0.010144871
LMNB2-K186,LMNB2,-0.7705,0.003892053,2.40982128,-2.40982128,0.377682496,0.615,2.05E-04,3.687868479,3.687868479,0.010144871
LMNB2-K195,LMNB2,-0.8995,8.53E-04,3.069206307,-3.069206307,0.260183182,0.615,2.05E-04,3.687868479,3.687868479,0.010144871
LMNB2-K200,LMNB2,-0.72255,0.005283792,2.277054272,-2.277054272,0.384392544,0.615,2.05E-04,3.687868479,3.687868479,0.010144871
LMNB2-K255,LMNB2,-0.15175,0.236754882,0.625701058,-0.625701058,0.879057947,0.615,2.05E-04,3.687868479,3.687868479,0.010144871
LMNB2-K275,LMNB2,-0.39825,0.146690599,0.833597718,-0.833597718,0.831563929,0.615,2.05E-04,3.687868479,3.687868479,0.010144871
LMNB2-K285,LMNB2,-0.225,0.005879649,2.230648626,-2.230648626,0.389277115,0.615,2.05E-04,3.687868479,3.687868479,0.010144871
LMNB2-K290,LMNB2,-0.7355,0.002125859,2.672465558,-2.672465558,0.317431446,0.615,2.05E-04,3.687868479,3.687868479,0.010144871
LMNB2-K298,LMNB2,-0.57675,0.008781445,2.056434018,-2.056434018,0.453148386,0.615,2.05E-04,3.687868479,3.687868479,0.010144871
LMNB2-K326,LMNB2,-0.227,0.241641544,0.616828399,-0.616828399,0.88509413,0.615,2.05E-04,3.687868479,3.687868479,0.010144871
LMNB2-K494,LMNB2,-0.256,0.033515373,1.47475594,-1.47475594,0.614041867,0.615,2.05E-04,3.687868479,3.687868479,0.010144871
LMNB2-K516,LMNB2,-0.055,0.511492254,0.291160939,-0.291160939,0.977574247,0.615,2.05E-04,3.687868479,3.687868479,0.010144871
LMNB2-K520,LMNB2,-0.6735,0.00284592,2.545777278,-2.545777278,0.350397687,0.615,2.05E-04,3.687868479,3.687868479,0.010144871
LMNB2-K81,LMNB2,-0.746,0.020425656,1.689823977,-1.689823977,0.550225095,0.615,2.05E-04,3.687868479,3.687868479,0.010144871
LMNB2-K93,LMNB2,-0.43,0.001914765,2.717884583,-2.717884583,0.308892033,0.615,2.05E-04,3.687868479,3.687868479,0.010144871
LMOD1-K249,LMOD1,-0.65835,0.412698413,0.384367201,-0.384367201,0.956240488,0.065,0.444685381,0.351947147,0.351947147,0.6941194
LMOD1-K280,LMOD1,-1.033462,0.350420168,0.455410906,-0.455410906,0.935291689,0.065,0.444685381,0.351947147,0.351947147,0.6941194
LOC441155-K462,LOC441155,0.224,0.037155653,1.429975097,1.429975097,0.620853275,0.705,0.177025604,0.751963915,0.751963915,0.429762844
LPP-K327,LPP,-0.1416,0.474917664,0.323381677,-0.323381677,0.967568225,-0.08,0.212800628,0.672027094,-0.672027094,0.474295682
LPP-K461,LPP,-0.1177,0.628205128,0.201898523,-0.201898523,1,-0.08,0.212800628,0.672027094,-0.672027094,0.474295682
LRBA-K195,LRBA,0.312725,0.77032967,0.113323374,0.113323374,1,0.29,0.009428975,2.02553553,2.02553553,0.085968617
LRPPRC-K1357,LRPPRC,0.3084,0.210603715,0.676533972,0.676533972,0.871132626,0.105,0.34819072,0.458182808,0.458182808,0.615976174
LRPPRC-K178,LRPPRC,-0.21345,0.685714286,0.163856803,-0.163856803,1,0.105,0.34819072,0.458182808,0.458182808,0.615976174
LRPPRC-K292,LRPPRC,0.183,0.546439751,0.262457716,0.262457716,0.989262975,0.105,0.34819072,0.458182808,0.458182808,0.615976174
LRPPRC-K613,LRPPRC,-0.27155,0.742986425,0.129019121,-0.129019121,1,0.105,0.34819072,0.458182808,0.458182808,0.615976174
LRPPRC-K750,LRPPRC,0.3175,0.179533574,0.745854323,0.745854323,0.859405482,0.105,0.34819072,0.458182808,0.458182808,0.615976174
LRPPRC-K760,LRPPRC,-0.46749,0.057142857,1.243038049,-1.243038049,0.68202138,0.105,0.34819072,0.458182808,0.458182808,0.615976174
LRPPRC-K763,LRPPRC,0.0941,1,0,0,1,0.105,0.34819072,0.458182808,0.458182808,0.615976174
LRRC40-K132,LRRC40,0.04237,1,0,0,1,0.08,0.323254779,0.490455046,0.490455046,0.593705032
LRRC47-K369,LRRC47,-0.37,0.485714286,0.313619123,-0.313619123,0.967568225,0.2,0.067742237,1.169140467,1.169140467,0.255606092
LRRC59-K135,LRRC59,0.4023,0.167956656,0.77480278,0.77480278,0.854764187,0.235,0.024547571,1.60999147,1.60999147,0.147020048
LRRC59-K138,LRRC59,-0.3567,0.197193149,0.705108177,-0.705108177,0.859405482,0.235,0.024547571,1.60999147,1.60999147,0.147020048
LRRC59-K73,LRRC59,0.442,0.035787079,1.446273745,1.446273745,0.61764214,0.235,0.024547571,1.60999147,1.60999147,0.147020048
LRRFIP1-K216,LRRFIP1,-0.1255,1,0,0,1,0.145,0.181817856,0.740363468,0.740363468,0.43605059
LRRFIP1-K314,LRRFIP1,0.5038595,0.041125541,1.385888375,1.385888375,0.631716774,0.145,0.181817856,0.740363468,0.740363468,0.43605059
LSM5-K31,LSM5,0.2416,0.230790881,0.636781355,0.636781355,0.879057947,0.05,0.139095816,0.856685933,0.856685933,0.37661564
LSM6-K59,LSM6,-1.306,0.412121212,0.384975032,-0.384975032,0.956240488,0.14,0.082340055,1.084388846,1.084388846,0.285759964
LTA4H-K414,LTA4H,-0.2461,0.012210121,1.913280043,-1.913280043,0.501114778,-0.21,0.049315768,1.307014203,-1.307014203,0.21514036
LTA4H-K418,LTA4H,-0.347,0.00374097,2.427015766,-2.427015766,0.36977645,-0.21,0.049315768,1.307014203,-1.307014203,0.21514036
LTA4H-K73,LTA4H,-0.361,0.363636364,0.439332694,-0.439332694,0.936845827,-0.21,0.049315768,1.307014203,-1.307014203,0.21514036
LTF-K262,LTF,-0.2352,0.237560563,0.624225653,-0.624225653,0.879057947,-0.445,0.148680264,0.827746676,-0.827746676,0.391002106
LTF-K296,LTF,-0.19177,0.457319592,0.339780193,-0.339780193,0.966707499,-0.445,0.148680264,0.827746676,-0.827746676,0.391002106
LTF-K304,LTF,-0.6061,0.232679739,0.633241433,-0.633241433,0.879057947,-0.445,0.148680264,0.827746676,-0.827746676,0.391002106
LTF-K320,LTF,-0.3935,0.202501844,0.693571018,-0.693571018,0.860537653,-0.445,0.148680264,0.827746676,-0.827746676,0.391002106
LTF-K629,LTF,0.1877735,0.822692284,0.084762576,0.084762576,1,-0.445,0.148680264,0.827746676,-0.827746676,0.391002106
LTF-K638,LTF,-0.3643,0.905272332,0.043220753,-0.043220753,1,-0.445,0.148680264,0.827746676,-0.827746676,0.391002106
LUC7L-K357,LUC7L,0.127,0.985680179,0.006263976,0.006263976,1,0.115,1,0,0,1
LUC7L3-K392,LUC7L3,0.702115,0.102233064,0.990408621,0.990408621,0.776434795,-0.155,0.086835493,1.061302725,-1.061302725,0.293230932
LUC7L3-K72,LUC7L3,0.2425,0.094392065,1.025064514,1.025064514,0.776434795,-0.155,0.086835493,1.061302725,-1.061302725,0.293230932
LUM-K148,LUM,-0.4585,0.367533847,0.434702659,-0.434702659,0.938794148,-0.185,0.612683459,0.212763845,-0.212763845,0.804282081
LUM-K172,LUM,-0.305,0.148908148,0.827081537,-0.827081537,0.831563929,-0.185,0.612683459,0.212763845,-0.212763845,0.804282081
LUM-K181,LUM,-0.60465,0.220258734,0.657066861,-0.657066861,0.875622157,-0.185,0.612683459,0.212763845,-0.212763845,0.804282081
LUM-K184,LUM,0.0587,0.719901588,0.142726869,0.142726869,1,-0.185,0.612683459,0.212763845,-0.212763845,0.804282081
LUM-K226,LUM,-0.33532975,0.034549857,1.46155375,-1.46155375,0.61764214,-0.185,0.612683459,0.212763845,-0.212763845,0.804282081
LUM-K288,LUM,-0.242,0.799002408,0.097451912,-0.097451912,1,-0.185,0.612683459,0.212763845,-0.212763845,0.804282081
LUM-K292,LUM,-0.3405,0.226224426,0.645460504,-0.645460504,0.879057947,-0.185,0.612683459,0.212763845,-0.212763845,0.804282081
LUM-K296,LUM,-0.364,0.250025222,0.602016178,-0.602016178,0.893875195,-0.185,0.612683459,0.212763845,-0.212763845,0.804282081
LUM-K305,LUM,-0.563,0.147111019,0.832354795,-0.832354795,0.831563929,-0.185,0.612683459,0.212763845,-0.212763845,0.804282081
LUM-K69,LUM,-0.1637,0.65548398,0.183437918,-0.183437918,1,-0.185,0.612683459,0.212763845,-0.212763845,0.804282081
LUM-K84,LUM,-0.2425,0.097024956,1.013116547,-1.013116547,0.776434795,-0.185,0.612683459,0.212763845,-0.212763845,0.804282081
LYPLA1-K105,LYPLA1,0.040055,0.477887381,0.320674437,0.320674437,0.967568225,0.135,0.483973815,0.315178135,0.315178135,0.725370785
LZIC-K27,LZIC,0.25295,0.927272727,0.032792513,0.032792513,1,0.1,0.306475589,0.513604112,0.513604112,0.577213184
LZTFL1-K259,LZTFL1,0.5593655,0.2,0.698970004,0.698970004,0.859405482,-0.17,0.374275814,0.426808237,-0.426808237,0.634233395
LZTFL1-K275,LZTFL1,0.0606255,1,0,0,1,-0.17,0.374275814,0.426808237,-0.426808237,0.634233395
MACF1-K4252,MACF1,-0.08765,0.476748815,0.321710378,-0.321710378,0.967568225,-0.175,0.009847561,2.006671305,-2.006671305,0.088201995
MAD1L1-K143,MAD1L1,0.3362,0.110889724,0.955108698,0.955108698,0.776434795,0.115,0.528411532,0.277027713,0.277027713,0.750517953
MAEA-K38,MAEA,0.53905,0.136336092,0.865389159,0.865389159,0.814916032,0.17,0.013418904,1.872282944,1.872282944,0.104744722
MAIP1-K180,MAIP1,0.0383155,0.685714286,0.163856803,0.163856803,1,0.19,0.101395918,0.993979527,0.993979527,0.319325789
MAML1-K138,MAML1,0.2089,0.031400302,1.503066181,1.503066181,0.595587342,0.015,0.251536099,0.599399679,0.599399679,0.521403528
MAML1-K188,MAML1,0.12245,0.416188587,0.380709834,0.380709834,0.960185438,0.015,0.251536099,0.599399679,0.599399679,0.521403528
MAML1-K405,MAML1,0.1982,0.382709342,0.417130936,0.417130936,0.94739124,0.015,0.251536099,0.599399679,0.599399679,0.521403528
MAML1-K463,MAML1,0.192825,0.104074816,0.982654349,0.982654349,0.776434795,0.015,0.251536099,0.599399679,0.599399679,0.521403528
MAML1-K67,MAML1,0.1542,0.46131651,0.336001003,0.336001003,0.967568225,0.015,0.251536099,0.599399679,0.599399679,0.521403528
MAML1-K822,MAML1,0.05925,0.713423883,0.146652356,0.146652356,1,0.015,0.251536099,0.599399679,0.599399679,0.521403528
MAML3-K190,MAML3,0.0013,0.954956705,0.020016318,0.020016318,1,-0.27,0.069269756,1.15945634,-1.15945634,0.258890289
MAML3-K480,MAML3,0.105275,0.798517755,0.097715423,0.097715423,1,-0.27,0.069269756,1.15945634,-1.15945634,0.258890289
MAML3-K603,MAML3,0.4732,0.106107515,0.974253857,0.974253857,0.776434795,-0.27,0.069269756,1.15945634,-1.15945634,0.258890289
MAMLD1-K289,MAMLD1,0.2343,0.411764706,0.385350881,0.385350881,0.956240488,-0.6,0.076417214,1.116808802,-1.116808802,0.273973538
MAOA-K372,MAOA,-0.7965,0.006833307,2.165369081,-2.165369081,0.415817711,-0.3,0.20922107,0.679394581,-0.679394581,0.470005453
MAOB-K363,MAOB,-0.7965,0.006833307,2.165369081,-2.165369081,0.415817711,-1.56,1.35E-04,3.868661956,-3.868661956,0.007979581
MAOB-K52,MAOB,-0.1284,0.321337682,0.493038344,-0.493038344,0.928767355,-1.56,1.35E-04,3.868661956,-3.868661956,0.007979581
MAP2K3-K32,MAP2K3,0.419,0.022477522,1.648251559,1.648251559,0.55675501,0.335,0.111089846,0.954325634,0.954325634,0.336102441
MAP2K4-K151,MAP2K4,-0.47455,0.605841218,0.217641183,-0.217641183,1,0.01,0.932745336,0.030236914,0.030236914,0.97309982
MAP3K19-K709,MAP3K19,-0.053625,0.885714286,0.052706351,-0.052706351,1,-2.05,0.224007738,0.649736979,-0.649736979,0.488233117
MAP4-K1028,MAP4,-0.212,0.730769231,0.136219747,-0.136219747,1,-0.115,0.131251241,0.881896582,-0.881896582,0.368730369
MAP4-K368,MAP4,0.2938,0.2,0.698970004,0.698970004,0.859405482,-0.115,0.131251241,0.881896582,-0.881896582,0.368730369
MAP4-K647,MAP4,-0.2999,0.23030303,0.637700348,-0.637700348,0.879057947,-0.115,0.131251241,0.881896582,-0.881896582,0.368730369
MAP4-K847,MAP4,0.2345,0.375566704,0.425312917,0.425312917,0.943988084,-0.115,0.131251241,0.881896582,-0.881896582,0.368730369
MAP4-K870,MAP4,-0.3295,0.605841218,0.217641183,-0.217641183,1,-0.115,0.131251241,0.881896582,-0.881896582,0.368730369
MAP4-K986,MAP4,0.21735,0.190936982,0.719109947,0.719109947,0.859405482,-0.115,0.131251241,0.881896582,-0.881896582,0.368730369
MAPK8-K308,MAPK8,0.00585,0.688911089,0.161836825,0.161836825,1,-0.005,0.746959913,0.126702705,-0.126702705,0.882967121
MAPRE1-K148,MAPRE1,0.2345,1,0,0,1,0.2,0.049333657,1.306856687,1.306856687,0.21514036
MAPRE1-K76,MAPRE1,0.0989,0.598901099,0.22264489,0.22264489,1,0.2,0.049333657,1.306856687,1.306856687,0.21514036
MAPRE1-K83,MAPRE1,0.0171,0.880361031,0.05533919,0.05533919,1,0.2,0.049333657,1.306856687,1.306856687,0.21514036
MARCKSL1-K106,MARCKSL1,0.21524,0.179388377,0.746205699,0.746205699,0.859405482,0.275,0.007921832,2.101174365,2.101174365,0.077777555
MARS-K726,MARS,0.1371,0.4602413,0.337014412,0.337014412,0.967568225,0.11,0.111056092,0.954457614,0.954457614,0.336102441
MAT2A-K88,MAT2A,-0.0588,0.836168088,0.077706411,-0.077706411,1,0.09,0.283593105,0.547304332,0.547304332,0.554143923
MATR3-K181,MATR3,-0.006935,0.466132961,0.331490186,-0.331490186,0.967568225,-0.045,0.830925974,0.080437665,-0.080437665,0.926501091
MATR3-K522,MATR3,0.513,0.193930852,0.712353094,0.712353094,0.859405482,-0.045,0.830925974,0.080437665,-0.080437665,0.926501091
MATR3-K554,MATR3,0.0036095,1,0,0,1,-0.045,0.830925974,0.080437665,-0.080437665,0.926501091
MATR3-K617,MATR3,0.1221,0.065629443,1.182901279,1.182901279,0.718154145,-0.045,0.830925974,0.080437665,-0.080437665,0.926501091
MATR3-K698,MATR3,0.225,0.259919217,0.585161609,0.585161609,0.899293861,-0.045,0.830925974,0.080437665,-0.080437665,0.926501091
MATR3-K711,MATR3,0.112,0.313707966,0.503474453,0.503474453,0.920825313,-0.045,0.830925974,0.080437665,-0.080437665,0.926501091
MATR3-K712,MATR3,0.213805,0.292733554,0.533527494,0.533527494,0.914776293,-0.045,0.830925974,0.080437665,-0.080437665,0.926501091
MATR3-K716,MATR3,0.34775,0.559339525,0.252324491,0.252324491,0.991315092,-0.045,0.830925974,0.080437665,-0.080437665,0.926501091
MATR3-K719,MATR3,0.0355,0.736930257,0.132573612,0.132573612,1,-0.045,0.830925974,0.080437665,-0.080437665,0.926501091
MAZ-K216,MAZ,-0.977,0.036522301,1.437441866,-1.437441866,0.61764214,0.37,0.001168416,2.932402482,2.932402482,0.027259328
MBD5-K1402,MBD5,0.184375,0.044152304,1.355046631,1.355046631,0.642864871,-0.19,0.082348099,1.084346421,-1.084346421,0.285759964
MBIP-K301,MBIP,0.021,0.430118019,0.366412363,0.366412363,0.961720515,0.415,0.023620628,1.626708566,1.626708566,0.143533239
MBTD1-K574,MBTD1,-0.148,0.541566963,0.266347837,-0.266347837,0.986280811,0.08,0.676703303,0.169601704,0.169601704,0.843468576
MBTD1-K69,MBTD1,0.3217,0.043206972,1.36444617,1.36444617,0.636075396,0.08,0.676703303,0.169601704,0.169601704,0.843468576
MCCC1-K295,MCCC1,0.020345,0.748197652,0.125983659,0.125983659,1,0,0.944594405,0.024754631,0,0.977664653
MCCC1-K301,MCCC1,-0.230675,0.517909328,0.285746267,-0.285746267,0.981666433,0,0.944594405,0.024754631,0,0.977664653
MCCC1-K367,MCCC1,-0.2881,0.195266228,0.709372862,-0.709372862,0.859405482,0,0.944594405,0.024754631,0,0.977664653
MCCC1-K556,MCCC1,0.22835,0.957792208,0.018728701,0.018728701,1,0,0.944594405,0.024754631,0,0.977664653
MCCC1-K608,MCCC1,-0.2327,0.11349239,0.945033258,-0.945033258,0.776434795,0,0.944594405,0.024754631,0,0.977664653
MCCC2-K141,MCCC2,-0.1264,0.504475841,0.297159627,-0.297159627,0.97292638,-0.015,0.784852807,0.105211784,-0.105211784,0.902705638
MCCC2-K420,MCCC2,0.0843,0.942410153,0.025760044,0.025760044,1,-0.015,0.784852807,0.105211784,-0.105211784,0.902705638
MCCC2-K50,MCCC2,-0.084448,0.35892461,0.444996763,-0.444996763,0.936845827,-0.015,0.784852807,0.105211784,-0.105211784,0.902705638
MCCC2-K512,MCCC2,0.59388,0.837062937,0.077241887,0.077241887,1,-0.015,0.784852807,0.105211784,-0.105211784,0.902705638
MCCC2-K64,MCCC2,-0.04283,0.604812834,0.218379002,-0.218379002,1,-0.015,0.784852807,0.105211784,-0.105211784,0.902705638
MCCC2-K70,MCCC2,-0.167,0.49909093,0.301820322,-0.301820322,0.971766598,-0.015,0.784852807,0.105211784,-0.105211784,0.902705638
MCEE-K150,MCEE,-0.0618,0.637325521,0.19563869,-0.19563869,1,0.135,0.323270018,0.490434572,0.490434572,0.593705032
MCEE-K60,MCEE,0.34,0.648484848,0.188100167,0.188100167,1,0.135,0.323270018,0.490434572,0.490434572,0.593705032
MCM3-K480,MCM3,0.062935,1,0,0,1,0.25,0.003929804,2.405629079,2.405629079,0.053596786
MCM4-K409,MCM4,0.52625,0.342857143,0.464886798,0.464886798,0.930954294,0.48,4.50E-05,4.346421667,4.346421667,0.004652175
MCM4-K858,MCM4,0.15799,0.330718699,0.480541249,0.480541249,0.930954294,0.48,4.50E-05,4.346421667,4.346421667,0.004652175
MCM5-K396,MCM5,0.98,0.048484848,1.314393957,1.314393957,0.664840525,0.655,4.32E-05,4.36466714,4.36466714,0.004548895
MCM9-K1013,MCM9,-0.06935,0.761904762,0.118099312,-0.118099312,1,0.06,0.039838048,1.399701952,1.399701952,0.191804761
MCRIP1-K100,MCRIP1,-0.2943,0.004607106,2.336571795,-2.336571795,0.377682496,-0.16,0.191727114,0.717316465,-0.717316465,0.446763881
MCRIP1-K35,MCRIP1,-0.124,0.561700694,0.250495039,-0.250495039,0.991315092,-0.16,0.191727114,0.717316465,-0.717316465,0.446763881
MCRS1-K136,MCRS1,0.0852,0.133919185,0.873157202,0.873157202,0.810424545,0.09,0.135142156,0.869209156,0.869209156,0.371498723
MCRS1-K143,MCRS1,0.265,0.391690689,0.407056752,0.407056752,0.953480838,0.09,0.135142156,0.869209156,0.869209156,0.371498723
MCRS1-K45,MCRS1,0.167,0.197154735,0.705192788,0.705192788,0.859405482,0.09,0.135142156,0.869209156,0.869209156,0.371498723
MCRS1-K81,MCRS1,0.0468,0.711901625,0.147580016,0.147580016,1,0.09,0.135142156,0.869209156,0.869209156,0.371498723
MCTS1-K19,MCTS1,0.111,0.263820737,0.57869107,0.57869107,0.899293861,-0.08,0.113234957,0.94601948,-0.94601948,0.34004037
MCTS1-K24,MCTS1,0.1013,0.306812801,0.513126524,0.513126524,0.920825313,-0.08,0.113234957,0.94601948,-0.94601948,0.34004037
MCTS1-K52,MCTS1,0.0239,0.67310421,0.171917693,0.171917693,1,-0.08,0.113234957,0.94601948,-0.94601948,0.34004037
MCU-K219,MCU,-0.731,0.082917083,1.081355985,-1.081355985,0.762793224,0.12,0.180215116,0.744208784,0.744208784,0.433712316
MCU-K332,MCU,-0.137805,0.223195799,0.651313984,-0.651313984,0.875912177,0.12,0.180215116,0.744208784,0.744208784,0.433712316
MCUB-K196,MCUB,-0.21445,0.685714286,0.163856803,-0.163856803,1,0.03,0.320882576,0.493653865,0.493653865,0.590809236
MDC1-K812,MDC1,0.40445,0.342857143,0.464886798,0.464886798,0.930954294,0.255,0.029704497,1.527177792,1.527177792,0.162834415
MDH1-K103,MDH1,-0.1093,0.10438973,0.981342226,-0.981342226,0.776434795,0.145,0.151405658,0.819857896,0.819857896,0.394709756
MDH1-K107,MDH1,0.1472,0.857653058,0.066688359,0.066688359,1,0.145,0.151405658,0.819857896,0.819857896,0.394709756
MDH1-K110,MDH1,-0.1885,0.228196973,0.641690121,-0.641690121,0.879057947,0.145,0.151405658,0.819857896,0.819857896,0.394709756
MDH1-K118,MDH1,-0.1174,0.169215813,0.771559056,-0.771559056,0.854988513,0.145,0.151405658,0.819857896,0.819857896,0.394709756
MDH1-K199,MDH1,-0.50643,0.036522301,1.437441866,-1.437441866,0.61764214,0.145,0.151405658,0.819857896,0.819857896,0.394709756
MDH1-K236,MDH1,0.2535,0.015304539,1.815179752,1.815179752,0.506637989,0.145,0.151405658,0.819857896,0.819857896,0.394709756
MDH1-K239,MDH1,-0.0918625,0.212877461,0.671870319,-0.671870319,0.871630117,0.145,0.151405658,0.819857896,0.819857896,0.394709756
MDH1-K248,MDH1,-0.0922,1,0,0,1,0.145,0.151405658,0.819857896,0.819857896,0.394709756
MDH1-K312,MDH1,-0.129,0.867192977,0.061884248,-0.061884248,1,0.145,0.151405658,0.819857896,0.819857896,0.394709756
MDH1-K73,MDH1,-0.021,0.621603027,0.206486879,-0.206486879,1,0.145,0.151405658,0.819857896,0.819857896,0.394709756
MDH2-K157,MDH2,-0.1446,0.130098541,0.885727573,-0.885727573,0.807278128,0.22,0.012187528,1.914084383,1.914084383,0.099465031
MDH2-K185,MDH2,-0.1244,0.255741559,0.592198691,-0.592198691,0.896059652,0.22,0.012187528,1.914084383,1.914084383,0.099465031
MDH2-K203,MDH2,-0.09055,0.88555883,0.052782582,-0.052782582,1,0.22,0.012187528,1.914084383,1.914084383,0.099465031
MDH2-K239,MDH2,-0.384,0.383208586,0.416564769,-0.416564769,0.9476637,0.22,0.012187528,1.914084383,1.914084383,0.099465031
MDH2-K279,MDH2,-0.2687,0.606993007,0.216816312,-0.216816312,1,0.22,0.012187528,1.914084383,1.914084383,0.099465031
MDH2-K296,MDH2,-0.10275,0.490286851,0.309549754,-0.309549754,0.969594397,0.22,0.012187528,1.914084383,1.914084383,0.099465031
MDH2-K301,MDH2,-0.28415,0.173876308,0.759759591,-0.759759591,0.859405482,0.22,0.012187528,1.914084383,1.914084383,0.099465031
MDH2-K307,MDH2,-0.1505,0.528495937,0.276958347,-0.276958347,0.982788878,0.22,0.012187528,1.914084383,1.914084383,0.099465031
MDH2-K314,MDH2,-0.0815,0.77742797,0.109339838,-0.109339838,1,0.22,0.012187528,1.914084383,1.914084383,0.099465031
MDH2-K324,MDH2,-0.121,0.543072361,0.2651423,-0.2651423,0.987122981,0.22,0.012187528,1.914084383,1.914084383,0.099465031
MDH2-K328,MDH2,0.135,0.476748815,0.321710378,0.321710378,0.967568225,0.22,0.012187528,1.914084383,1.914084383,0.099465031
MDH2-K329,MDH2,0.135,0.476748815,0.321710378,0.321710378,0.967568225,0.22,0.012187528,1.914084383,1.914084383,0.099465031
MDH2-K335,MDH2,-0.280335,0.38650761,0.412841951,-0.412841951,0.949426114,0.22,0.012187528,1.914084383,1.914084383,0.099465031
MDH2-K45,MDH2,-0.07055,0.801870988,0.095895499,-0.095895499,1,0.22,0.012187528,1.914084383,1.914084383,0.099465031
MDH2-K74,MDH2,-0.06215,0.869187363,0.060886597,-0.060886597,1,0.22,0.012187528,1.914084383,1.914084383,0.099465031
MDH2-K78,MDH2,0.1517,0.621149575,0.206803807,0.206803807,1,0.22,0.012187528,1.914084383,1.914084383,0.099465031
MDH2-K91,MDH2,-0.1548,0.392546165,0.406109261,-0.406109261,0.953727646,0.22,0.012187528,1.914084383,1.914084383,0.099465031
MDN1-K5253,MDN1,-0.36345,0.885714286,0.052706351,-0.052706351,1,-0.02,0.368929041,0.433057157,-0.433057157,0.630563842
ME2-K156,ME2,0.26575,0.074800274,1.12609681,1.12609681,0.735568256,0.31,0.002230889,2.651522125,2.651522125,0.038825109
ME2-K240,ME2,-0.163,0.909587935,0.041155309,-0.041155309,1,0.31,0.002230889,2.651522125,2.651522125,0.038825109
ME2-K272,ME2,1.025,0.588028896,0.230601332,0.230601332,1,0.31,0.002230889,2.651522125,2.651522125,0.038825109
ME2-K94,ME2,0.4789,0.104939546,0.979060817,0.979060817,0.776434795,0.31,0.002230889,2.651522125,2.651522125,0.038825109
ME3-K454,ME3,0.091,0.904761905,0.043465694,0.043465694,1,-0.435,0.120303993,0.919719959,-0.919719959,0.35161278
MEAF6-K151,MEAF6,-0.6516025,0.137728938,0.860974802,-0.860974802,0.814916032,0.16,0.009840606,2.006978176,2.006978176,0.088201995
MEAF6-K69,MEAF6,0.12792,0.502859533,0.298553312,0.298553312,0.972539701,0.16,0.009840606,2.006978176,2.006978176,0.088201995
MEAF6-K74,MEAF6,-0.0273,0.739498783,0.131062536,-0.131062536,1,0.16,0.009840606,2.006978176,2.006978176,0.088201995
MECOM-K622,MECOM,0.1462,1,0,0,1,-0.29,0.097347934,1.011673262,-1.011673262,0.312947693
MECOM-K800,MECOM,-0.223,0.193992414,0.712215253,-0.712215253,0.859405482,-0.29,0.097347934,1.011673262,-1.011673262,0.312947693
MECP2-K222,MECP2,-0.26035,0.300311135,0.522428565,-0.522428565,0.919138048,-0.175,0.032818184,1.483885451,-1.483885451,0.171409794
MECP2-K231,MECP2,0.118,1,0,0,1,-0.175,0.032818184,1.483885451,-1.483885451,0.171409794
MECP2-K34,MECP2,-0.111,0.299442846,0.523686058,-0.523686058,0.918222724,-0.175,0.032818184,1.483885451,-1.483885451,0.171409794
MECP2-K352,MECP2,-0.7173,0.109967798,0.958734472,-0.958734472,0.776434795,-0.175,0.032818184,1.483885451,-1.483885451,0.171409794
MECP2-K447,MECP2,-0.0221,0.685995686,0.163678616,-0.163678616,1,-0.175,0.032818184,1.483885451,-1.483885451,0.171409794
MECP2-K461,MECP2,-0.0783,0.144536167,0.840023467,-0.840023467,0.82566964,-0.175,0.032818184,1.483885451,-1.483885451,0.171409794
MECR-K258,MECR,-0.3065,0.201939802,0.694778075,-0.694778075,0.860481802,0.025,0.578269808,0.237869482,0.237869482,0.78235592
MED1-K1126,MED1,-0.016,0.518371227,0.285359112,-0.285359112,0.981666433,0.11,0.074681291,1.126788184,1.126788184,0.270658636
MED1-K1210,MED1,-0.070735,0.793560708,0.100419844,-0.100419844,1,0.11,0.074681291,1.126788184,1.126788184,0.270658636
MED1-K1309,MED1,-0.046,0.97286695,0.01194655,-0.01194655,1,0.11,0.074681291,1.126788184,1.126788184,0.270658636
MED1-K1354,MED1,-0.12175,0.535013498,0.271635261,-0.271635261,0.984176452,0.11,0.074681291,1.126788184,1.126788184,0.270658636
MED1-K1376,MED1,0.16625,0.730769231,0.136219747,0.136219747,1,0.11,0.074681291,1.126788184,1.126788184,0.270658636
MED1-K1529,MED1,-0.265,0.493874674,0.306383244,-0.306383244,0.969644025,0.11,0.074681291,1.126788184,1.126788184,0.270658636
MED1-K2,MED1,0.021997915,0.885714286,0.052706351,0.052706351,1,0.11,0.074681291,1.126788184,1.126788184,0.270658636
MED1-K991,MED1,0.08325,0.929209185,0.031886506,0.031886506,1,0.11,0.074681291,1.126788184,1.126788184,0.270658636
MED1-K994,MED1,0.0444,0.74008017,0.130721232,0.130721232,1,0.11,0.074681291,1.126788184,1.126788184,0.270658636
MED12-K1771,MED12,0.06155,0.892352629,0.049463493,0.049463493,1,-0.015,0.395989391,0.402316449,-0.402316449,0.653638577
MED13L-K731,MED13L,0.0733,0.917772901,0.03726477,0.03726477,1,-0.455,1.88E-05,4.726060273,-4.726060273,0.003142972
MED14-K615,MED14,-0.00325,0.764064681,0.116869875,-0.116869875,1,0.18,0.03661859,1.436298379,1.436298379,0.183056091
MED14-K626,MED14,-0.23205,0.071997568,1.142682175,-1.142682175,0.735103698,0.18,0.03661859,1.436298379,1.436298379,0.183056091
MED16-K158,MED16,0.125,1,0,0,1,0.185,0.042343202,1.373216301,1.373216301,0.198358915
MED17-K278,MED17,-0.04755,1,0,0,1,0.03,0.619585723,0.207898598,0.207898598,0.808967361
MED26-K416,MED26,0.3715,0.485714286,0.313619123,0.313619123,0.967568225,0.165,0.158631159,0.799611503,0.799611503,0.405367952
MED28-K176,MED28,-0.0065,0.895252232,0.048054588,-0.048054588,1,-0.06,0.231512775,0.635425039,-0.635425039,0.497292831
MED6-K236,MED6,0.04795,0.754534892,0.122320672,0.122320672,1,0.03,0.984157296,0.006935484,0.006935484,0.994460474
MED6-K241,MED6,-0.224045,0.887101214,0.052026827,-0.052026827,1,0.03,0.984157296,0.006935484,0.006935484,0.994460474
MEF2A-K247,MEF2A,-0.0195,0.831010756,0.080393355,-0.080393355,1,-0.14,0.167592642,0.775745051,-0.775745051,0.417525314
MEF2D-K511,MEF2D,0.1645,0.352719154,0.452570956,0.452570956,0.935291689,-0.095,0.905178303,0.043265864,-0.043265864,0.960361609
MEN1-K507,MEN1,-0.4505,0.045967656,1.337547645,-1.337547645,0.647485954,0.23,0.034894309,1.457245401,1.457245401,0.177707783
METTL14-K63,METTL14,0.3835,0.933333333,0.029963223,0.029963223,1,-0.115,0.18175135,0.740522354,-0.740522354,0.43605059
MFAP4-K124,MFAP4,-0.781,0.014742739,1.831421817,-1.831421817,0.506519998,-0.07,0.2662625,0.574689995,-0.574689995,0.536310032
MFAP4-K270,MFAP4,-0.393,0.181451409,0.741239655,-0.741239655,0.859405482,-0.07,0.2662625,0.574689995,-0.574689995,0.536310032
MFAP5-K136,MFAP5,0.1545,0.721396251,0.141826119,0.141826119,1,-0.18,0.191792405,0.717168594,-0.717168594,0.446763881
MGA-K2406,MGA,0.0831,0.885714286,0.052706351,0.052706351,1,0.065,0.122623222,0.911427277,0.911427277,0.35541763
MGA-K2698,MGA,0.1437,0.359591158,0.444190996,0.444190996,0.936845827,0.065,0.122623222,0.911427277,0.911427277,0.35541763
MGA-K3020,MGA,0.0126,0.787878788,0.103540592,0.103540592,1,0.065,0.122623222,0.911427277,0.911427277,0.35541763
MGA-K613,MGA,-0.1955,0.903426557,0.044107147,-0.044107147,1,0.065,0.122623222,0.911427277,0.911427277,0.35541763
MGA-K798,MGA,-0.0052,0.412121212,0.384975032,-0.384975032,0.956240488,0.065,0.122623222,0.911427277,0.911427277,0.35541763
MGST3-K149,MGST3,0.021,0.491424839,0.308542896,0.308542896,0.969594397,0.12,0.709706718,0.148921084,0.148921084,0.861857431
MIF-K78,MIF,-1.00E-04,0.598836315,0.222691871,-0.222691871,1,0.345,0.008650604,2.062953545,2.062953545,0.081821393
MITF-K128,MITF,-0.21225,0.423300729,0.373350984,-0.373350984,0.961720515,0.13,0.823269498,0.084457975,0.084457975,0.922086609
MKI67-K1482,MKI67,0.7472,0.21978022,0.658011397,0.658011397,0.875622157,0.89,8.47E-05,4.072331132,4.072331132,0.006347499
MKI67-K1639,MKI67,0.7955,0.099903638,1.000418696,1.000418696,0.776434795,0.89,8.47E-05,4.072331132,4.072331132,0.006347499
MKI67-K2005,MKI67,0.4929,0.020213672,1.694354792,1.694354792,0.550225095,0.89,8.47E-05,4.072331132,4.072331132,0.006347499
MKI67-K2264,MKI67,0.853,0.2,0.698970004,0.698970004,0.859405482,0.89,8.47E-05,4.072331132,4.072331132,0.006347499
MKI67-K2886,MKI67,0.46155,0.098905025,1.004781641,1.004781641,0.776434795,0.89,8.47E-05,4.072331132,4.072331132,0.006347499
MKI67-K3010,MKI67,0.542123,0.026962237,1.569244085,1.569244085,0.591058584,0.89,8.47E-05,4.072331132,4.072331132,0.006347499
MKI67-K3243,MKI67,1.20485,0.342857143,0.464886798,0.464886798,0.930954294,0.89,8.47E-05,4.072331132,4.072331132,0.006347499
MKI67-K843,MKI67,-0.96815,0.342857143,0.464886798,-0.464886798,0.930954294,0.89,8.47E-05,4.072331132,4.072331132,0.006347499
MKRN2-K101,MKRN2,-0.0095,0.732546865,0.135164586,-0.135164586,1,0.04,0.58840935,0.230320435,0.230320435,0.789111409
MLLT1-K252,MLLT1,0.30085,0.235881767,0.627305627,0.627305627,0.879057947,-0.01,0.591876449,0.227768941,-0.227768941,0.791243771
MLLT1-K259,MLLT1,0.0458,0.530574413,0.275253698,0.275253698,0.983510626,-0.01,0.591876449,0.227768941,-0.227768941,0.791243771
MLLT1-K285,MLLT1,-0.00305,0.797073696,0.098501523,-0.098501523,1,-0.01,0.591876449,0.227768941,-0.227768941,0.791243771
MLLT1-K327,MLLT1,0.1331,0.611361534,0.21370189,0.21370189,1,-0.01,0.591876449,0.227768941,-0.227768941,0.791243771
MLLT1-K462,MLLT1,-0.208385,0.161185904,0.79267294,-0.79267294,0.848347798,-0.01,0.591876449,0.227768941,-0.227768941,0.791243771
MLLT10-K451,MLLT10,0.545,0.314413849,0.502498333,0.502498333,0.920825313,-0.135,0.218326351,0.660893843,-0.660893843,0.480864282
MLLT3-K209,MLLT3,-0.43395,0.114285714,0.942008053,-0.942008053,0.776434795,-0.105,0.020717391,1.683664947,-1.683664947,0.133119758
MLLT3-K219,MLLT3,0.195,1,0,0,1,-0.105,0.020717391,1.683664947,-1.683664947,0.133119758
MLLT3-K254,MLLT3,0.0065,0.496550862,0.30403626,0.30403626,0.969924879,-0.105,0.020717391,1.683664947,-1.683664947,0.133119758
MLLT3-K283,MLLT3,0.175,0.606748217,0.216991491,0.216991491,1,-0.105,0.020717391,1.683664947,-1.683664947,0.133119758
MLLT3-K296,MLLT3,-0.09,0.738395965,0.131710685,-0.131710685,1,-0.105,0.020717391,1.683664947,-1.683664947,0.133119758
MLLT6-K1084,MLLT6,0.19315,0.106753984,0.971615906,0.971615906,0.776434795,0.01,0.862084554,0.064450136,0.064450136,0.93983226
MMAB-K211,MMAB,-0.1111,0.31959707,0.495397211,-0.495397211,0.926274173,0.155,0.010281006,1.9879644,1.9879644,0.090152806
MMP7-K84,MMP7,-0.444,0.852495204,0.069308056,-0.069308056,1,-1.385,0.116807733,0.932528403,-0.932528403,0.345921834
MNDA-K121,MNDA,-0.0595,0.977446438,0.009907032,-0.009907032,1,0.165,0.471745569,0.32629217,0.32629217,0.715575242
MNDA-K135,MNDA,-0.24715,0.225764734,0.646343896,-0.646343896,0.879057947,0.165,0.471745569,0.32629217,0.32629217,0.715575242
MOCS1-K528,MOCS1,-0.552485,0.191030312,0.718897716,-0.718897716,0.859405482,-0.09,0.432909188,0.363603196,-0.363603196,0.684288943
MORC2-K767,MORC2,0.0934,0.952255301,0.021246601,0.021246601,1,0.195,0.017658123,1.753055467,1.753055467,0.122275685
MORC3-K555,MORC3,-0.1178,0.596740946,0.224214162,-0.224214162,1,0.015,0.850369284,0.070392435,0.070392435,0.93603499
MORF4L1-K127,MORF4L1,0.30125,0.34467022,0.462596238,0.462596238,0.933576074,0.04,0.720756307,0.142211549,0.142211549,0.867551987
MORF4L1-K135,MORF4L1,0.0222,1,0,0,1,0.04,0.720756307,0.142211549,0.142211549,0.867551987
MPHOSPH10-K455,MPHOSPH10,-0.1942,0.267399267,0.572839787,-0.572839787,0.902649379,-0.025,0.644342343,0.190883328,-0.190883328,0.823883704
MPHOSPH6-K127,MPHOSPH6,0.38386,0.254523564,0.594272004,0.594272004,0.896059652,0.24,0.025186262,1.598836284,1.598836284,0.149182472
MPHOSPH6-K36,MPHOSPH6,-0.15835,0.485714286,0.313619123,-0.313619123,0.967568225,0.24,0.025186262,1.598836284,1.598836284,0.149182472
MPRIP-K19,MPRIP,-0.1258745,1,0,0,1,-0.07,0.135166752,0.869130123,-0.869130123,0.371498723
MPST-K166,MPST,0.406,0.28180746,0.550047515,0.550047515,0.909317859,0.095,0.177000605,0.75202525,0.75202525,0.429762844
MRE11-K416,MRE11,-0.34195,0.085739427,1.066819422,-1.066819422,0.773258044,-0.125,0.355885631,0.448689547,-0.448689547,0.623459313
MRE11-K609,MRE11,-0.585165,0.604919108,0.218302697,-0.218302697,1,-0.125,0.355885631,0.448689547,-0.448689547,0.623459313
MRE11-K673,MRE11,0.06205,0.437522198,0.358999908,0.358999908,0.961720515,-0.125,0.355885631,0.448689547,-0.448689547,0.623459313
MRGBP-K171,MRGBP,0.3781,0.212087912,0.673484083,0.673484083,0.871132626,0.25,0.003513902,2.454210411,2.454210411,0.050309913
MRGBP-K185,MRGBP,0.041168,0.668903495,0.174636535,0.174636535,1,0.25,0.003513902,2.454210411,2.454210411,0.050309913
MRGBP-K200,MRGBP,0.088,0.939590483,0.027061391,0.027061391,1,0.25,0.003513902,2.454210411,2.454210411,0.050309913
MRPL12-K138,MRPL12,0.35325,0.377018137,0.423637757,0.423637757,0.943988084,0.42,2.05E-04,3.687868479,3.687868479,0.010144871
MRPL21-K81,MRPL21,0.364,0.485714286,0.313619123,0.313619123,0.967568225,0.095,0.076401774,1.116896557,1.116896557,0.273973538
MRPL30-K152,MRPL30,-0.0422635,1,0,0,1,0.015,0.333043152,0.477499492,0.477499492,0.601900436
MRPL36-K83,MRPL36,-0.157,1,0,0,1,0.25,0.030459837,1.516272422,1.516272422,0.165200323
MRPL39-K159,MRPL39,0.2566,0.380915524,0.419171327,0.419171327,0.945619083,0.235,0.013819177,1.859517836,1.859517836,0.106443948
MRPL39-K72,MRPL39,0.19845,0.419920389,0.376833037,0.376833037,0.961501238,0.235,0.013819177,1.859517836,1.859517836,0.106443948
MRPL46-K265,MRPL46,-1.128,0.042795433,1.368602574,-1.368602574,0.634871723,0.24,0.002673134,2.57297919,2.57297919,0.04320991
MRPL47-K144,MRPL47,0.173517,0.354295313,0.450634593,0.450634593,0.935291689,0.27,0.018629295,1.729803581,1.729803581,0.125953656
MRPL53-K105,MRPL53,-0.724,0.485714286,0.313619123,-0.313619123,0.967568225,0.075,0.11108047,0.95436229,0.95436229,0.336102441
MRPL53-K14,MRPL53,-0.08798,0.434459454,0.362050748,-0.362050748,0.961720515,0.075,0.11108047,0.95436229,0.95436229,0.336102441
MRPL58-K94,MRPL58,-0.2117,0.413206146,0.383833227,-0.383833227,0.956240488,0.36,0.001887685,2.724070362,2.724070362,0.035357198
MRPL58-K98,MRPL58,-0.028,0.8936518,0.048831665,-0.048831665,1,0.36,0.001887685,2.724070362,2.724070362,0.035357198
MRPS18B-K112,MRPS18B,0.15115,0.746092555,0.127207294,0.127207294,1,0.13,0.090522542,1.043243259,1.043243259,0.30054994
MRPS18B-K156,MRPS18B,-0.2885,0.659888718,0.180529297,-0.180529297,1,0.13,0.090522542,1.043243259,1.043243259,0.30054994
MRPS18C-K131,MRPS18C,-0.3272,0.530912479,0.274977066,-0.274977066,0.983877418,0.175,0.043885017,1.357683726,1.357683726,0.20233707
MRPS22-K255,MRPS22,0.11415,0.564465735,0.248362416,0.248362416,0.993833698,0.09,0.371587767,0.429938592,0.429938592,0.632578915
MRPS23-K73,MRPS23,0.034,0.785557281,0.104822142,0.104822142,1,0.135,0.022990017,1.638460714,1.638460714,0.14114677
MRPS36-K17,MRPS36,-0.33925,0.431401417,0.365118433,-0.365118433,0.961720515,0.16,0.035322557,1.451947871,1.451947871,0.179064606
MRPS7-K125,MRPS7,-0.217,1,9.64E-17,-9.64E-17,1,0.24,0.04820438,1.316913497,1.316913497,0.212749001
MRPS7-K208,MRPS7,0.156,0.441830065,0.354744735,0.354744735,0.961720515,0.24,0.04820438,1.316913497,1.316913497,0.212749001
MRPS7-K228,MRPS7,-0.22482,0.435120435,0.36139052,-0.36139052,0.961720515,0.24,0.04820438,1.316913497,1.316913497,0.212749001
MRTFA-K254,MRTFA,0.03623,0.575223873,0.240163098,0.240163098,0.995541588,0.035,0.191748102,0.717268927,0.717268927,0.446763881
MRTFB-K360,MRTFB,0.0844,0.936771174,0.028366482,0.028366482,1,-0.05,0.350699145,0.455065293,-0.455065293,0.618856048
MRTFB-K675,MRTFB,0.3671,0.219032439,0.65949156,0.65949156,0.875622157,-0.05,0.350699145,0.455065293,-0.455065293,0.618856048
MSC-K92,MSC,0.3855,0.861538462,0.06472533,0.06472533,1,0.16,0.531730294,0.274308596,0.274308596,0.752743395
MSH6-K997,MSH6,0.1037655,0.885714286,0.052706351,0.052706351,1,0.01,0.909108376,0.041384341,0.041384341,0.962039408
MSL1-K126,MSL1,-0.258,0.182809975,0.738000111,-0.738000111,0.859405482,0.055,0.7469458,0.12671091,0.12671091,0.882967121
MSL1-K90,MSL1,0.2184,0.202566002,0.693433443,0.693433443,0.860537653,0.055,0.7469458,0.12671091,0.12671091,0.882967121
MSL2-K406,MSL2,0.15545,0.311545497,0.506478522,0.506478522,0.920825313,0.18,0.094359483,1.025214447,1.025214447,0.307964751
MSN-K151,MSN,0.2152,0.328448546,0.483532657,0.483532657,0.930954294,-0.3,0.343115946,0.464559098,-0.464559098,0.610479789
MSN-K335,MSN,-1.293,0.022689076,1.644183197,-1.644183197,0.55675501,-0.3,0.343115946,0.464559098,-0.464559098,0.610479789
MSN-K458,MSN,-0.0378,0.499828001,0.301179417,-0.301179417,0.971766598,-0.3,0.343115946,0.464559098,-0.464559098,0.610479789
MSN-K514,MSN,-0.1934,0.352841599,0.452420219,-0.452420219,0.935291689,-0.3,0.343115946,0.464559098,-0.464559098,0.610479789
MSN-K64,MSN,-0.0815,0.89292628,0.049184395,-0.049184395,1,-0.3,0.343115946,0.464559098,-0.464559098,0.610479789
MSN-K79,MSN,0.0486,0.941144825,0.026343542,0.026343542,1,-0.3,0.343115946,0.464559098,-0.464559098,0.610479789
MT1F-K56,MT1F,-0.734,0.03996004,1.398374086,-1.398374086,0.631372573,0.265,0.788690417,0.103093436,0.103093436,0.904396453
MT1X-K56,MT1X,0.35817,0.861568019,0.06471043,0.06471043,1,-0.235,0.415662372,0.381259289,-0.381259289,0.670457022
MT2A-K56,MT2A,-0.4835,0.283548713,0.54737232,-0.54737232,0.909317859,0.18,0.827134994,0.082423605,0.082423605,0.924544113
MTA2-K152,MTA2,0.422,0.011348616,1.945057104,1.945057104,0.494686871,0.27,0.001209616,2.917352644,2.917352644,0.027669072
MTA2-K353,MTA2,0.25635,0.066791021,1.175281915,1.175281915,0.722248672,0.27,0.001209616,2.917352644,2.917352644,0.027669072
MTA2-K592,MTA2,0.16285,0.278972673,0.554438336,0.554438336,0.909244101,0.27,0.001209616,2.917352644,2.917352644,0.027669072
MTAP-K40,MTAP,0.065,1,0,0,1,0.04,0.330590235,0.480709979,0.480709979,0.600455512
MTHFD1-K262,MTHFD1,0.06545,0.885714286,0.052706351,0.052706351,1,0.35,1.71E-04,3.766186307,3.766186307,0.009290683
MTHFD1-K364,MTHFD1,-0.1521,0.94683553,0.023725454,-0.023725454,1,0.35,1.71E-04,3.766186307,3.766186307,0.009290683
MTHFD1-K473,MTHFD1,-8.00E-04,0.813951056,0.089401709,-0.089401709,1,0.35,1.71E-04,3.766186307,3.766186307,0.009290683
MTHFD1-K553,MTHFD1,0.146,0.210260946,0.677241385,0.677241385,0.871081064,0.35,1.71E-04,3.766186307,3.766186307,0.009290683
MTHFD1-K56,MTHFD1,0.11035,0.234310498,0.630208252,0.630208252,0.879057947,0.35,1.71E-04,3.766186307,3.766186307,0.009290683
MTHFD1-K71,MTHFD1,0.1402,0.837062937,0.077241887,0.077241887,1,0.35,1.71E-04,3.766186307,3.766186307,0.009290683
MTHFD1L-K189,MTHFD1L,0.1797,0.215887902,0.665771694,0.665771694,0.874300916,0.105,0.311228526,0.506920604,0.506920604,0.581462555
MTHFD2-K50,MTHFD2,0.528,0.143323996,0.843681091,0.843681091,0.823124408,0.635,7.79E-04,3.108725428,3.108725428,0.021796019
MTMR12-K138,MTMR12,-0.2522,0.106293706,0.97349245,-0.97349245,0.776434795,0.08,0.14174073,0.848505333,0.848505333,0.380681283
MTOR-K1218,MTOR,0.713,0.094537815,1.024394439,1.024394439,0.776434795,0.11,0.371580234,0.429947396,0.429947396,0.632578915
MTOR-K230,MTOR,-0.20185,0.041508657,1.381861314,-1.381861314,0.631716774,0.11,0.371580234,0.429947396,0.429947396,0.632578915
MTPAP-K411,MTPAP,-0.07404,1,0,0,1,-0.08,0.418386897,0.378421925,-0.378421925,0.672671552
MTPAP-K90,MTPAP,0.36124,0.787878788,0.103540592,0.103540592,1,-0.08,0.418386897,0.378421925,-0.378421925,0.672671552
MTPN-K114,MTPN,0.25325,0.295798319,0.529004298,0.529004298,0.916922529,-0.2,0.006051409,2.218143517,-2.218143517,0.067472459
MTPN-K24,MTPN,-0.0326,0.265453613,0.57601136,-0.57601136,0.899977514,-0.2,0.006051409,2.218143517,-2.218143517,0.067472459
MTREX-K198,MTREX,-0.42762,0.257142857,0.589825535,-0.589825535,0.896059652,-0.035,0.754487506,0.122347948,-0.122347948,0.886420537
MTREX-K43,MTREX,0.219,0.34819139,0.458181972,0.458181972,0.93437433,-0.035,0.754487506,0.122347948,-0.122347948,0.886420537
MTREX-K51,MTREX,0.19675,0.013267933,1.877196737,1.877196737,0.501718574,-0.035,0.754487506,0.122347948,-0.122347948,0.886420537
MTREX-K646,MTREX,0.1785,0.885714286,0.052706351,0.052706351,1,-0.035,0.754487506,0.122347948,-0.122347948,0.886420537
MTREX-K78,MTREX,0.158575,0.255744054,0.592194455,0.592194455,0.896059652,-0.035,0.754487506,0.122347948,-0.122347948,0.886420537
MUC1-K354,MUC1,-0.330675,0.254300572,0.594652662,-0.594652662,0.896059652,0.12,0.717116103,0.144410525,0.144410525,0.865792125
MUC5B-K2395,MUC5B,-0.3167,0.619409195,0.208022352,-0.208022352,1,-0.03,0.487170854,0.312318702,-0.312318702,0.727329473
MUT-K212,MUT,-0.4642,0.132034632,0.879312141,-0.879312141,0.808568104,-0.005,0.754507461,0.122336461,-0.122336461,0.886420537
MUT-K602,MUT,0.1425,1,0,0,1,-0.005,0.754507461,0.122336461,-0.122336461,0.886420537
MUT-K89,MUT,-0.075765,0.93000746,0.031513568,-0.031513568,1,-0.005,0.754507461,0.122336461,-0.122336461,0.886420537
MVP-K745,MVP,-0.0149,0.885714286,0.052706351,-0.052706351,1,-0.125,0.345643593,0.461371489,-0.461371489,0.613250869
MVP-K793,MVP,0.0976255,1,0,0,1,-0.125,0.345643593,0.461371489,-0.461371489,0.613250869
MYBBP1A-K158,MYBBP1A,0.3347,0.218391596,0.660764078,0.660764078,0.875622157,0.175,0.052287997,1.281597992,1.281597992,0.221892144
MYBL1-K394,MYBL1,0.22396,0.15127468,0.820233757,0.820233757,0.831690101,0.43,0.015642854,1.805683996,1.805683996,0.113656657
MYBL1-K621,MYBL1,-0.0486,0.539978525,0.267623512,-0.267623512,0.985500784,0.43,0.015642854,1.805683996,1.805683996,0.113656657
MYBL2-K648,MYBL2,0.3288,0.130594413,0.884075403,0.884075403,0.808568104,1.035,1.20E-04,3.921521527,3.921521527,0.00746577
MYC-K163,MYC,0.042,0.493413533,0.306788943,0.306788943,0.969644025,-0.205,0.59882097,0.222703,-0.222703,0.79561004
MYC-K338,MYC,0.1165,0.933024264,0.030107062,0.030107062,1,-0.205,0.59882097,0.222703,-0.222703,0.79561004
MYCBP2-K1828,MYCBP2,-0.03545,0.914285714,0.038918066,-0.038918066,1,-0.075,0.568105893,0.245570706,-0.245570706,0.775853364
MYDGF-K109,MYDGF,0.242645,0.122903184,0.910436867,0.910436867,0.798193585,0.055,0.311243767,0.506899338,0.506899338,0.581462555
MYDGF-K156,MYDGF,-0.08476,0.7258912,0.139128469,-0.139128469,1,0.055,0.311243767,0.506899338,0.506899338,0.581462555
MYH10-K1287,MYH10,0.1864,0.174397257,0.75846035,0.75846035,0.859405482,0.17,0.041351963,1.383503871,1.383503871,0.195685892
MYH10-K1479,MYH10,0.016,0.960761004,0.017384633,0.017384633,1,0.17,0.041351963,1.383503871,1.383503871,0.195685892
MYH10-K1483,MYH10,-0.022,0.916992903,0.037634026,-0.037634026,1,0.17,0.041351963,1.383503871,1.383503871,0.195685892
MYH10-K1492,MYH10,0.3385,0.110117754,0.958142654,0.958142654,0.776434795,0.17,0.041351963,1.383503871,1.383503871,0.195685892
MYH10-K1650,MYH10,0.277,0.310026197,0.508601607,0.508601607,0.920825313,0.17,0.041351963,1.383503871,1.383503871,0.195685892
MYH10-K1676,MYH10,0.164,0.945221445,0.024466434,0.024466434,1,0.17,0.041351963,1.383503871,1.383503871,0.195685892
MYH10-K1686,MYH10,-0.4615,0.608794714,0.215529127,-0.215529127,1,0.17,0.041351963,1.383503871,1.383503871,0.195685892
MYH10-K1813,MYH10,-0.14491,0.856964546,0.067037145,-0.067037145,1,0.17,0.041351963,1.383503871,1.383503871,0.195685892
MYH10-K1831,MYH10,0.0768,0.232104636,0.634316185,0.634316185,0.879057947,0.17,0.041351963,1.383503871,1.383503871,0.195685892
MYH10-K1840,MYH10,-0.0568,0.913123495,0.039470483,-0.039470483,1,0.17,0.041351963,1.383503871,1.383503871,0.195685892
MYH10-K1873,MYH10,0.0487,0.386939035,0.412357456,0.412357456,0.950011308,0.17,0.041351963,1.383503871,1.383503871,0.195685892
MYH10-K572,MYH10,-0.0607,0.913003663,0.03952748,-0.03952748,1,0.17,0.041351963,1.383503871,1.383503871,0.195685892
MYH10-K716,MYH10,-0.009,0.701978051,0.153676467,-0.153676467,1,0.17,0.041351963,1.383503871,1.383503871,0.195685892
MYH10-K976,MYH10,-0.35,0.259324009,0.586157273,-0.586157273,0.89910915,0.17,0.041351963,1.383503871,1.383503871,0.195685892
MYH11-K1003,MYH11,0.1455,0.682364495,0.165983578,0.165983578,1,0.05,0.658701579,0.181311296,0.181311296,0.832349878
MYH11-K1028,MYH11,-0.47845,0.462629907,0.334766295,-0.334766295,0.967568225,0.05,0.658701579,0.181311296,0.181311296,0.832349878
MYH11-K1038,MYH11,-0.123,0.412698413,0.384367201,-0.384367201,0.956240488,0.05,0.658701579,0.181311296,0.181311296,0.832349878
MYH11-K1113,MYH11,0.0905,0.64892101,0.187808165,0.187808165,1,0.05,0.658701579,0.181311296,0.181311296,0.832349878
MYH11-K1187,MYH11,0.017,0.790370649,0.102169196,0.102169196,1,0.05,0.658701579,0.181311296,0.181311296,0.832349878
MYH11-K12,MYH11,-0.631,0.251275045,0.599850641,-0.599850641,0.894863451,0.05,0.658701579,0.181311296,0.181311296,0.832349878
MYH11-K1223,MYH11,-0.171,0.51964329,0.284294677,-0.284294677,0.981815074,0.05,0.658701579,0.181311296,0.181311296,0.832349878
MYH11-K1238,MYH11,-0.592,0.134556619,0.871094934,-0.871094934,0.812666397,0.05,0.658701579,0.181311296,0.181311296,0.832349878
MYH11-K1254,MYH11,0.005,0.820842746,0.085740036,0.085740036,1,0.05,0.658701579,0.181311296,0.181311296,0.832349878
MYH11-K1260,MYH11,-0.499,0.191276963,0.718337332,-0.718337332,0.859405482,0.05,0.658701579,0.181311296,0.181311296,0.832349878
MYH11-K1261,MYH11,-0.8435,0.163352481,0.786874264,-0.786874264,0.848347798,0.05,0.658701579,0.181311296,0.181311296,0.832349878
MYH11-K1263,MYH11,-0.018,0.713425321,0.146651481,-0.146651481,1,0.05,0.658701579,0.181311296,0.181311296,0.832349878
MYH11-K1274,MYH11,-0.452,0.123923418,0.906846617,-0.906846617,0.79922227,0.05,0.658701579,0.181311296,0.181311296,0.832349878
MYH11-K1288,MYH11,-0.566,0.254310456,0.594635784,-0.594635784,0.896059652,0.05,0.658701579,0.181311296,0.181311296,0.832349878
MYH11-K1291,MYH11,-0.517,0.215409935,0.666734271,-0.666734271,0.874300916,0.05,0.658701579,0.181311296,0.181311296,0.832349878
MYH11-K1309,MYH11,-0.3585,0.411764706,0.385350881,-0.385350881,0.956240488,0.05,0.658701579,0.181311296,0.181311296,0.832349878
MYH11-K1338,MYH11,-0.9505,0.090571617,1.043007878,-1.043007878,0.776434795,0.05,0.658701579,0.181311296,0.181311296,0.832349878
MYH11-K1344,MYH11,-0.2205,0.20070755,0.697436291,-0.697436291,0.859405482,0.05,0.658701579,0.181311296,0.181311296,0.832349878
MYH11-K1366,MYH11,-0.0925,0.643344877,0.191556153,-0.191556153,1,0.05,0.658701579,0.181311296,0.181311296,0.832349878
MYH11-K137,MYH11,-0.0975,0.623192125,0.205378043,-0.205378043,1,0.05,0.658701579,0.181311296,0.181311296,0.832349878
MYH11-K1384,MYH11,-0.2755,0.437814691,0.35870967,-0.35870967,0.961720515,0.05,0.658701579,0.181311296,0.181311296,0.832349878
MYH11-K1386,MYH11,0.0615,1,0,0,1,0.05,0.658701579,0.181311296,0.181311296,0.832349878
MYH11-K1401,MYH11,0.734,0.367676768,0.434533811,0.434533811,0.938794148,0.05,0.658701579,0.181311296,0.181311296,0.832349878
MYH11-K1418,MYH11,-0.1650975,0.44028079,0.356270263,-0.356270263,0.961720515,0.05,0.658701579,0.181311296,0.181311296,0.832349878
MYH11-K1424,MYH11,0.046,0.950600652,0.022001892,0.022001892,1,0.05,0.658701579,0.181311296,0.181311296,0.832349878
MYH11-K143,MYH11,-0.3365,0.168260701,0.774017307,-0.774017307,0.854988513,0.05,0.658701579,0.181311296,0.181311296,0.832349878
MYH11-K1455,MYH11,-0.168,0.191250203,0.718398094,-0.718398094,0.859405482,0.05,0.658701579,0.181311296,0.181311296,0.832349878
MYH11-K1468,MYH11,0.0035,0.301404942,0.520849631,0.520849631,0.920466754,0.05,0.658701579,0.181311296,0.181311296,0.832349878
MYH11-K1473,MYH11,0.05575,0.950956017,0.021839569,0.021839569,1,0.05,0.658701579,0.181311296,0.181311296,0.832349878
MYH11-K1580,MYH11,-0.75205,0.002262443,2.645422269,-2.645422269,0.322269041,0.05,0.658701579,0.181311296,0.181311296,0.832349878
MYH11-K1597,MYH11,-0.986,0.099760904,1.001039624,-1.001039624,0.776434795,0.05,0.658701579,0.181311296,0.181311296,0.832349878
MYH11-K1617,MYH11,0.1236,0.267399267,0.572839787,0.572839787,0.902649379,0.05,0.658701579,0.181311296,0.181311296,0.832349878
MYH11-K1626,MYH11,0.178,0.4612094,0.33610185,0.33610185,0.967568225,0.05,0.658701579,0.181311296,0.181311296,0.832349878
MYH11-K1634,MYH11,0.0115,0.547643619,0.261501968,0.261501968,0.989395087,0.05,0.658701579,0.181311296,0.181311296,0.832349878
MYH11-K1645,MYH11,-1.0905,0.452300635,0.344572803,-0.344572803,0.966193174,0.05,0.658701579,0.181311296,0.181311296,0.832349878
MYH11-K1652,MYH11,-0.0605,0.453611161,0.343316269,-0.343316269,0.966193174,0.05,0.658701579,0.181311296,0.181311296,0.832349878
MYH11-K1662,MYH11,-0.337125,0.128847982,0.88992238,-0.88992238,0.806504592,0.05,0.658701579,0.181311296,0.181311296,0.832349878
MYH11-K1738,MYH11,-0.3655,0.051580086,1.287517937,-1.287517937,0.67940945,0.05,0.658701579,0.181311296,0.181311296,0.832349878
MYH11-K1789,MYH11,-0.445,0.855871242,0.067591566,-0.067591566,1,0.05,0.658701579,0.181311296,0.181311296,0.832349878
MYH11-K1807,MYH11,-0.08875,0.443573935,0.353033981,-0.353033981,0.961720515,0.05,0.658701579,0.181311296,0.181311296,0.832349878
MYH11-K1816,MYH11,-0.1615,0.099165121,1.003641054,-1.003641054,0.776434795,0.05,0.658701579,0.181311296,0.181311296,0.832349878
MYH11-K1820,MYH11,-0.158,0.655591327,0.183366801,-0.183366801,1,0.05,0.658701579,0.181311296,0.181311296,0.832349878
MYH11-K1844,MYH11,0.852,0.298245614,0.525425934,0.525425934,0.918222724,0.05,0.658701579,0.181311296,0.181311296,0.832349878
MYH11-K1849,MYH11,-0.294,0.439435765,0.3571046,-0.3571046,0.961720515,0.05,0.658701579,0.181311296,0.181311296,0.832349878
MYH11-K1881,MYH11,-1.448,0.133062294,0.875944993,-0.875944993,0.809164535,0.05,0.658701579,0.181311296,0.181311296,0.832349878
MYH11-K369,MYH11,-0.1688,0.49214177,0.307909773,-0.307909773,0.969594397,0.05,0.658701579,0.181311296,0.181311296,0.832349878
MYH11-K417,MYH11,-0.351,0.075625298,1.1213329,-1.1213329,0.73833448,0.05,0.658701579,0.181311296,0.181311296,0.832349878
MYH11-K42,MYH11,0.062,0.95500152,0.019995937,0.019995937,1,0.05,0.658701579,0.181311296,0.181311296,0.832349878
MYH11-K51,MYH11,-0.25025,0.214393981,0.668787412,-0.668787412,0.874300916,0.05,0.658701579,0.181311296,0.181311296,0.832349878
MYH11-K54,MYH11,-0.203,0.189336979,0.722764557,-0.722764557,0.859405482,0.05,0.658701579,0.181311296,0.181311296,0.832349878
MYH11-K554,MYH11,-0.342,0.361139554,0.442324943,-0.442324943,0.936845827,0.05,0.658701579,0.181311296,0.181311296,0.832349878
MYH11-K559,MYH11,-0.059,0.419776169,0.37698222,-0.37698222,0.961484712,0.05,0.658701579,0.181311296,0.181311296,0.832349878
MYH11-K569,MYH11,-0.886,0.087174056,1.059612747,-1.059612747,0.773861515,0.05,0.658701579,0.181311296,0.181311296,0.832349878
MYH11-K579,MYH11,-0.278,0.285952021,0.54370683,-0.54370683,0.909317859,0.05,0.658701579,0.181311296,0.181311296,0.832349878
MYH11-K627,MYH11,-0.0535,0.312117919,0.505681298,-0.505681298,0.920825313,0.05,0.658701579,0.181311296,0.181311296,0.832349878
MYH11-K665,MYH11,0.0555,0.993059279,0.003024826,0.003024826,1,0.05,0.658701579,0.181311296,0.181311296,0.832349878
MYH11-K67,MYH11,-0.095,0.96891805,0.013712953,-0.013712953,1,0.05,0.658701579,0.181311296,0.181311296,0.832349878
MYH11-K670,MYH11,0.068,0.855549117,0.067755052,0.067755052,1,0.05,0.658701579,0.181311296,0.181311296,0.832349878
MYH11-K870,MYH11,-0.3455,0.192673548,0.715177906,-0.715177906,0.859405482,0.05,0.658701579,0.181311296,0.181311296,0.832349878
MYH11-K883,MYH11,-0.757,0.774976657,0.110711378,-0.110711378,1,0.05,0.658701579,0.181311296,0.181311296,0.832349878
MYH11-K888,MYH11,-0.2795,0.313685744,0.503505218,-0.503505218,0.920825313,0.05,0.658701579,0.181311296,0.181311296,0.832349878
MYH11-K896,MYH11,-0.406,0.319190131,0.495950545,-0.495950545,0.926034038,0.05,0.658701579,0.181311296,0.181311296,0.832349878
MYH11-K989,MYH11,-0.102765,0.623193949,0.205376772,-0.205376772,1,0.05,0.658701579,0.181311296,0.181311296,0.832349878
MYH14-K1519,MYH14,0.084,0.569290874,0.244665778,0.244665778,0.993833698,0.065,0.619679459,0.2078329,0.2078329,0.808967361
MYH9-K1014,MYH9,-0.057,1,0,0,1,0.13,0.487090851,0.312390027,0.312390027,0.727329473
MYH9-K102,MYH9,-0.257,0.287929462,0.540713894,-0.540713894,0.911425176,0.13,0.487090851,0.312390027,0.312390027,0.727329473
MYH9-K1099,MYH9,-0.1685,0.272518957,0.564603282,-0.564603282,0.902857656,0.13,0.487090851,0.312390027,0.312390027,0.727329473
MYH9-K1173,MYH9,0.3565,0.2680385,0.571802821,0.571802821,0.902857656,0.13,0.487090851,0.312390027,0.312390027,0.727329473
MYH9-K1181,MYH9,0.2284,0.102456367,0.989461047,0.989461047,0.776434795,0.13,0.487090851,0.312390027,0.312390027,0.727329473
MYH9-K1209,MYH9,-0.19,0.490985123,0.308931667,-0.308931667,0.969594397,0.13,0.487090851,0.312390027,0.312390027,0.727329473
MYH9-K1249,MYH9,0.1643,0.612982862,0.212551667,0.212551667,1,0.13,0.487090851,0.312390027,0.312390027,0.727329473
MYH9-K1260,MYH9,-0.494,0.178976854,0.74720313,-0.74720313,0.859405482,0.13,0.487090851,0.312390027,0.312390027,0.727329473
MYH9-K1274,MYH9,0.1104,0.859140859,0.065935626,0.065935626,1,0.13,0.487090851,0.312390027,0.312390027,0.727329473
MYH9-K1324,MYH9,0.29069,0.443043884,0.353553254,0.353553254,0.961720515,0.13,0.487090851,0.312390027,0.312390027,0.727329473
MYH9-K1330,MYH9,0.3599,0.342857143,0.464886798,0.464886798,0.930954294,0.13,0.487090851,0.312390027,0.312390027,0.727329473
MYH9-K1332,MYH9,-0.088868,0.962566845,0.016569101,-0.016569101,1,0.13,0.487090851,0.312390027,0.312390027,0.727329473
MYH9-K1338,MYH9,0.1343,0.547524857,0.261596159,0.261596159,0.989395087,0.13,0.487090851,0.312390027,0.312390027,0.727329473
MYH9-K1352,MYH9,0.10563,0.698654001,0.155737849,0.155737849,1,0.13,0.487090851,0.312390027,0.312390027,0.727329473
MYH9-K1357,MYH9,0.0646,0.353933608,0.451078196,0.451078196,0.935291689,0.13,0.487090851,0.312390027,0.312390027,0.727329473
MYH9-K1370,MYH9,0.056,0.447876189,0.348842026,0.348842026,0.961810004,0.13,0.487090851,0.312390027,0.312390027,0.727329473
MYH9-K1372,MYH9,-0.04665,0.800837288,0.096455714,-0.096455714,1,0.13,0.487090851,0.312390027,0.312390027,0.727329473
MYH9-K1387,MYH9,0.3,0.288050875,0.540530801,0.540530801,0.911425176,0.13,0.487090851,0.312390027,0.312390027,0.727329473
MYH9-K1404,MYH9,-0.07155,0.654293496,0.184227397,-0.184227397,1,0.13,0.487090851,0.312390027,0.312390027,0.727329473
MYH9-K1410,MYH9,0.35015,0.316915974,0.49905587,0.49905587,0.920825313,0.13,0.487090851,0.312390027,0.312390027,0.727329473
MYH9-K1441,MYH9,0.1245,0.435872508,0.360640522,0.360640522,0.961720515,0.13,0.487090851,0.312390027,0.312390027,0.727329473
MYH9-K1454,MYH9,0.085225,0.806179328,0.093568342,0.093568342,1,0.13,0.487090851,0.312390027,0.312390027,0.727329473
MYH9-K1459,MYH9,0.05434,0.570169859,0.243995745,0.243995745,0.993833698,0.13,0.487090851,0.312390027,0.312390027,0.727329473
MYH9-K1492,MYH9,0.07918,0.524886878,0.279934284,0.279934284,0.982788878,0.13,0.487090851,0.312390027,0.312390027,0.727329473
MYH9-K1525,MYH9,0.06467,0.89623681,0.047577223,0.047577223,1,0.13,0.487090851,0.312390027,0.312390027,0.727329473
MYH9-K1583,MYH9,0.02025,0.912375746,0.039826268,0.039826268,1,0.13,0.487090851,0.312390027,0.312390027,0.727329473
MYH9-K1584,MYH9,-0.35775,0.877480145,0.056762701,-0.056762701,1,0.13,0.487090851,0.312390027,0.312390027,0.727329473
MYH9-K1638,MYH9,0.13235,0.417088542,0.379771741,0.379771741,0.960518308,0.13,0.487090851,0.312390027,0.312390027,0.727329473
MYH9-K1648,MYH9,-0.04065,0.713425321,0.146651481,-0.146651481,1,0.13,0.487090851,0.312390027,0.312390027,0.727329473
MYH9-K1724,MYH9,0.09775,0.451522902,0.345320217,0.345320217,0.966193174,0.13,0.487090851,0.312390027,0.312390027,0.727329473
MYH9-K1775,MYH9,0.0201625,0.688820089,0.161894195,0.161894195,1,0.13,0.487090851,0.312390027,0.312390027,0.727329473
MYH9-K1793,MYH9,-0.0298,0.948557841,0.022936181,-0.022936181,1,0.13,0.487090851,0.312390027,0.312390027,0.727329473
MYH9-K1802,MYH9,-9.50E-04,0.784611075,0.105345566,-0.105345566,1,0.13,0.487090851,0.312390027,0.312390027,0.727329473
MYH9-K1806,MYH9,0.00605,0.699134199,0.155439453,0.155439453,1,0.13,0.487090851,0.312390027,0.312390027,0.727329473
MYH9-K1835,MYH9,0.3509665,0.166156144,0.779483594,0.779483594,0.85031237,0.13,0.487090851,0.312390027,0.312390027,0.727329473
MYH9-K1862,MYH9,-0.2139,1,0,0,1,0.13,0.487090851,0.312390027,0.312390027,0.727329473
MYH9-K1867,MYH9,0.34002,0.021474813,1.668070608,1.668070608,0.553711116,0.13,0.487090851,0.312390027,0.312390027,0.727329473
MYH9-K1957,MYH9,0.12295,0.408245349,0.389078754,0.389078754,0.956240488,0.13,0.487090851,0.312390027,0.312390027,0.727329473
MYH9-K299,MYH9,0.034,0.548766768,0.260612196,0.260612196,0.989395087,0.13,0.487090851,0.312390027,0.312390027,0.727329473
MYH9-K355,MYH9,0.04255,1,0,0,1,0.13,0.487090851,0.312390027,0.312390027,0.727329473
MYH9-K38,MYH9,-0.1401,0.693123182,0.159189575,-0.159189575,1,0.13,0.487090851,0.312390027,0.312390027,0.727329473
MYH9-K555,MYH9,-0.003975,0.942095858,0.025904906,-0.025904906,1,0.13,0.487090851,0.312390027,0.312390027,0.727329473
MYH9-K613,MYH9,0.1375,0.671019095,0.173265121,0.173265121,1,0.13,0.487090851,0.312390027,0.312390027,0.727329473
MYH9-K63,MYH9,0.5185,0.117578019,0.92967386,0.92967386,0.786730239,0.13,0.487090851,0.312390027,0.312390027,0.727329473
MYH9-K651,MYH9,-0.299,0.436691135,0.359825624,-0.359825624,0.961720515,0.13,0.487090851,0.312390027,0.312390027,0.727329473
MYH9-K678,MYH9,0.102675,0.875654823,0.057667056,0.057667056,1,0.13,0.487090851,0.312390027,0.312390027,0.727329473
MYH9-K679,MYH9,-0.20455,0.685714286,0.163856803,-0.163856803,1,0.13,0.487090851,0.312390027,0.312390027,0.727329473
MYH9-K682,MYH9,0.1073,0.267147319,0.573249181,0.573249181,0.902649379,0.13,0.487090851,0.312390027,0.312390027,0.727329473
MYH9-K860,MYH9,0.1178,0.193144966,0.714116607,0.714116607,0.859405482,0.13,0.487090851,0.312390027,0.312390027,0.727329473
MYH9-K882,MYH9,0.4189,0.19047619,0.720159303,0.720159303,0.859405482,0.13,0.487090851,0.312390027,0.312390027,0.727329473
MYH9-K910,MYH9,0.0956,0.484848485,0.314393957,0.314393957,0.967568225,0.13,0.487090851,0.312390027,0.312390027,0.727329473
MYH9-K938,MYH9,0.0912,0.471562022,0.326461179,0.326461179,0.967568225,0.13,0.487090851,0.312390027,0.312390027,0.727329473
MYH9-K972,MYH9,0.01179,0.482654724,0.316363439,0.316363439,0.967568225,0.13,0.487090851,0.312390027,0.312390027,0.727329473
MYH9-K975,MYH9,0.0181,0.928773116,0.032090364,0.032090364,1,0.13,0.487090851,0.312390027,0.312390027,0.727329473
MYH9-K989,MYH9,-0.10475,0.384664488,0.414917905,-0.414917905,0.9476637,0.13,0.487090851,0.312390027,0.312390027,0.727329473
MYL6-K119,MYL6,0.049,0.199806256,0.699390918,0.699390918,0.859405482,-0.065,0.477818069,0.320737431,-0.320737431,0.720385845
MYL6-K26,MYL6,-0.03075,0.873815287,0.058580362,-0.058580362,1,-0.065,0.477818069,0.320737431,-0.320737431,0.720385845
MYL6-K63,MYL6,0.184,0.78487395,0.105200085,0.105200085,1,-0.065,0.477818069,0.320737431,-0.320737431,0.720385845
MYL6-K79,MYL6,0.1947,0.311813366,0.506105272,0.506105272,0.920825313,-0.065,0.477818069,0.320737431,-0.320737431,0.720385845
MYL6-K81,MYL6,0.019,0.845694116,0.072786691,0.072786691,1,-0.065,0.477818069,0.320737431,-0.320737431,0.720385845
MYLK-K1078,MYLK,-0.3355,0.302898837,0.518702395,-0.518702395,0.920825313,-0.14,0.374323452,0.426752963,-0.426752963,0.634233395
MYLK-K1101,MYLK,-1.0751,0.041758242,1.379257796,-1.379257796,0.631716774,-0.14,0.374323452,0.426752963,-0.426752963,0.634233395
MYLK-K1103,MYLK,-0.107,0.806682562,0.093297331,-0.093297331,1,-0.14,0.374323452,0.426752963,-0.426752963,0.634233395
MYLK-K1273,MYLK,-0.0285,0.445948629,0.350715167,-0.350715167,0.961720515,-0.14,0.374323452,0.426752963,-0.426752963,0.634233395
MYLK-K1315,MYLK,-0.302125,0.031690758,1.499067378,-1.499067378,0.597864884,-0.14,0.374323452,0.426752963,-0.426752963,0.634233395
MYLK-K1493,MYLK,-0.409,0.103911145,0.98333787,-0.98333787,0.776434795,-0.14,0.374323452,0.426752963,-0.426752963,0.634233395
MYLK-K1496,MYLK,-0.411,0.206721615,0.684614111,-0.684614111,0.866650116,-0.14,0.374323452,0.426752963,-0.426752963,0.634233395
MYLK-K1564,MYLK,-0.8054,0.077655678,1.109826786,-1.109826786,0.747204982,-0.14,0.374323452,0.426752963,-0.426752963,0.634233395
MYLK-K1587,MYLK,0.211,0.645527019,0.190085575,0.190085575,1,-0.14,0.374323452,0.426752963,-0.426752963,0.634233395
MYLK-K1596,MYLK,-0.048,0.848972923,0.071106161,-0.071106161,1,-0.14,0.374323452,0.426752963,-0.426752963,0.634233395
MYLK-K1721,MYLK,0.127775,0.955680207,0.019687408,0.019687408,1,-0.14,0.374323452,0.426752963,-0.426752963,0.634233395
MYLK-K1785,MYLK,-0.348,0.468817122,0.328996535,-0.328996535,0.967568225,-0.14,0.374323452,0.426752963,-0.426752963,0.634233395
MYLK-K944,MYLK,-0.125,0.688820089,0.161894195,-0.161894195,1,-0.14,0.374323452,0.426752963,-0.426752963,0.634233395
MYO1C-K704,MYO1C,-0.06205,0.78487395,0.105200085,-0.105200085,1,0.21,0.005040784,2.297501871,2.297501871,0.061225671
MYO6-K1285,MYO6,-0.2159,0.021531585,1.666924007,-1.666924007,0.553711116,0.48,0.00254642,2.594069905,2.594069905,0.041912359
MYO6-K334,MYO6,0.2592,0.265123824,0.576551244,0.576551244,0.899293861,0.48,0.00254642,2.594069905,2.594069905,0.041912359
MYO6-K750,MYO6,0.3277,0.503496503,0.298003541,0.298003541,0.972539701,0.48,0.00254642,2.594069905,2.594069905,0.041912359
MYOCD-K239,MYOCD,-0.1215,0.646438606,0.189472715,-0.189472715,1,0.785,0.735745664,0.133272289,0.133272289,0.876539836
MYOCD-K588,MYOCD,-0.1435,0.400306604,0.397607245,-0.397607245,0.956240488,0.785,0.735745664,0.133272289,0.133272289,0.876539836
MYOF-K407,MYOF,-0.8283745,0.685714286,0.163856803,-0.163856803,1,-0.145,0.333124356,0.477393613,-0.477393613,0.601900436
NAA15-K24,NAA15,-0.1155,0.363636364,0.439332694,-0.439332694,0.936845827,0.125,0.003805484,2.419590044,2.419590044,0.052897581
NAA15-K286,NAA15,0.28395,0.885714286,0.052706351,0.052706351,1,0.125,0.003805484,2.419590044,2.419590044,0.052897581
NAA15-K659,NAA15,0.1166,0.721396251,0.141826119,0.141826119,1,0.125,0.003805484,2.419590044,2.419590044,0.052897581
NAA15-K735,NAA15,0.067,0.384536889,0.415061991,0.415061991,0.9476637,0.125,0.003805484,2.419590044,2.419590044,0.052897581
NAA15-K756,NAA15,0.1426,0.475352916,0.322983837,0.322983837,0.967568225,0.125,0.003805484,2.419590044,2.419590044,0.052897581
NAA30-K233,NAA30,-5.00E-05,0.92387285,0.034387795,-0.034387795,1,-0.055,0.518685995,0.285095479,-0.285095479,0.750517953
NAA50-K34,NAA50,0.407455,0.112254308,0.949796983,0.949796983,0.776434795,0.05,0.166071668,0.779704452,0.779704452,0.415790394
NAA50-K37,NAA50,0.0276,0.511888809,0.290824365,0.290824365,0.977799581,0.05,0.166071668,0.779704452,0.779704452,0.415790394
NACA-K818,NACA,0.1351,0.18024116,0.744146025,0.744146025,0.859405482,-0.165,0.609183405,0.215251936,-0.215251936,0.801924026
NACA-K852,NACA,0.27865,0.014488781,1.838968145,1.838968145,0.506519998,-0.165,0.609183405,0.215251936,-0.215251936,0.801924026
NACC1-K183,NACC1,-0.18185,0.419237897,0.377539466,-0.377539466,0.961484712,0.385,0.009994758,2.000227704,2.000227704,0.08874952
NADK2-K397,NADK2,-0.14,0.407206195,0.390185624,-0.390185624,0.956240488,0.11,0.1133353,0.945634801,0.945634801,0.34004037
NAE1-K344,NAE1,-0.0151,0.837258926,0.077140214,-0.077140214,1,0.255,0.005784159,2.237759784,2.237759784,0.065768367
NAGK-K265,NAGK,-0.6855,0.807530705,0.092840956,-0.092840956,1,-0.085,0.126313294,0.898550938,-0.898550938,0.361149297
NAMPT-K423,NAMPT,0.4586,0.129669763,0.887161284,0.887161284,0.806504592,-0.135,0.928814313,0.032071101,-0.032071101,0.970791179
NAMPT-K469,NAMPT,-0.03446,0.5621087,0.250179693,-0.250179693,0.991315092,-0.135,0.928814313,0.032071101,-0.032071101,0.970791179
NANS-K145,NANS,-0.0788375,0.595345847,0.225230672,-0.225230672,1,0.395,0.003095571,2.509259171,2.509259171,0.047133813
NANS-K290,NANS,0.08,0.831010756,0.080393355,0.080393355,1,0.395,0.003095571,2.509259171,2.509259171,0.047133813
NANS-K333,NANS,0.0792,0.790984815,0.101831854,0.101831854,1,0.395,0.003095571,2.509259171,2.509259171,0.047133813
NANS-K52,NANS,0.2315,0.375697262,0.42516197,0.42516197,0.943988084,0.395,0.003095571,2.509259171,2.509259171,0.047133813
NANS-K61,NANS,0.0055,0.917725897,0.037287013,0.037287013,1,0.395,0.003095571,2.509259171,2.509259171,0.047133813
NANS-K74,NANS,0.556,0.051739927,1.286174191,1.286174191,0.67940945,0.395,0.003095571,2.509259171,2.509259171,0.047133813
NANS-K79,NANS,0.1335,0.209693964,0.67841407,0.67841407,0.871081064,0.395,0.003095571,2.509259171,2.509259171,0.047133813
NANS-K85,NANS,-0.095,0.843634464,0.073845687,-0.073845687,1,0.395,0.003095571,2.509259171,2.509259171,0.047133813
NAPG-K46,NAPG,0.29434,0.030782315,1.511698722,1.511698722,0.593457358,-0.085,0.830982801,0.080407965,-0.080407965,0.926501091
NARS-K244,NARS,0.0993,0.518481518,0.28526672,0.28526672,0.981666433,0.225,0.003298276,2.481713021,2.481713021,0.048605906
NARS-K507,NARS,0.310455,0.220534873,0.656522726,0.656522726,0.875622157,0.225,0.003298276,2.481713021,2.481713021,0.048605906
NARS-K93,NARS,0.083,0.555555556,0.255272505,0.255272505,0.990319758,0.225,0.003298276,2.481713021,2.481713021,0.048605906
NARS2-K111,NARS2,-0.1985,0.681965094,0.166237854,-0.166237854,1,0.095,0.040354265,1.394110556,1.394110556,0.193037563
NARS2-K300,NARS2,-0.403,0.07338511,1.134392053,-1.134392053,0.735103698,0.095,0.040354265,1.394110556,1.394110556,0.193037563
NARS2-K353,NARS2,-0.170315,0.528202555,0.277199502,-0.277199502,0.982788878,0.095,0.040354265,1.394110556,1.394110556,0.193037563
NASP-K159,NASP,-0.1181845,0.885714286,0.052706351,-0.052706351,1,0.245,0.01088767,1.963065057,1.963065057,0.093127203
NASP-K273,NASP,0.1681655,0.485714286,0.313619123,0.313619123,0.967568225,0.245,0.01088767,1.963065057,1.963065057,0.093127203
NASP-K33,NASP,0.113875,0.361324049,0.442103132,0.442103132,0.936845827,0.245,0.01088767,1.963065057,1.963065057,0.093127203
NASP-K417,NASP,0.4735,5.94E-04,3.226240769,3.226240769,0.2296401,0.245,0.01088767,1.963065057,1.963065057,0.093127203
NASP-K44,NASP,0.115615,0.56969697,0.244356091,0.244356091,0.993833698,0.245,0.01088767,1.963065057,1.963065057,0.093127203
NASP-K636,NASP,-0.0046,0.816795666,0.087886576,-0.087886576,1,0.245,0.01088767,1.963065057,1.963065057,0.093127203
NAT10-K426,NAT10,0.05858,0.539355433,0.268124943,0.268124943,0.985485758,0.255,0.057922765,1.237150715,1.237150715,0.233724777
NAT2-K188,NAT2,-0.073,0.79391128,0.100228027,-0.100228027,1,-0.875,0.007276629,2.138069744,-2.138069744,0.074501833
NAXD-K140,NAXD,0.1103,0.683749583,0.165102926,0.165102926,1,-0.08,0.698605923,0.155767736,-0.155767736,0.856012755
NAXE-K144,NAXE,-0.224,0.362484392,0.440710689,-0.440710689,0.936845827,0.095,0.512309389,0.290467685,0.290467685,0.74691108
NAXE-K148,NAXE,-0.027,0.773895,0.111317959,-0.111317959,1,0.095,0.512309389,0.290467685,0.290467685,0.74691108
NBN-K233,NBN,-0.07795,0.748348569,0.125896068,-0.125896068,1,0.14,0.320826697,0.4937295,0.4937295,0.590809236
NBN-K334,NBN,0.0405,0.938636247,0.027502679,0.027502679,1,0.14,0.320826697,0.4937295,0.4937295,0.590809236
NBN-K544,NBN,-0.1523,0.04039417,1.393681311,-1.393681311,0.631372573,0.14,0.320826697,0.4937295,0.4937295,0.590809236
NCBP1-K574,NCBP1,0.29795,0.2,0.698970004,0.698970004,0.859405482,0.145,0.012182085,1.914278385,1.914278385,0.099465031
NCBP1-K698,NCBP1,0.02305,0.603756264,0.219138351,0.219138351,1,0.145,0.012182085,1.914278385,1.914278385,0.099465031
NCBP2-K151,NCBP2,0.2,0.163900586,0.785419493,0.785419493,0.848347798,0.26,0.025504407,1.593384774,1.593384774,0.150151729
NCK1-K222,NCK1,-0.208938,0.726297083,0.1388857,-0.1388857,1,0.1,0.231547079,0.635360694,0.635360694,0.497292831
NCL-K102,NCL,0.09645,0.432955063,0.363557177,0.363557177,0.961720515,0.29,0.049923414,1.30169572,1.30169572,0.216420971
NCL-K109,NCL,-0.0541,0.762089599,0.117993965,-0.117993965,1,0.29,0.049923414,1.30169572,1.30169572,0.216420971
NCL-K116,NCL,0.069575,0.637300081,0.195656026,0.195656026,1,0.29,0.049923414,1.30169572,1.30169572,0.216420971
NCL-K124,NCL,0.029,0.85819928,0.066411854,0.066411854,1,0.29,0.049923414,1.30169572,1.30169572,0.216420971
NCL-K125,NCL,0.1550135,0.935425605,0.028990747,0.028990747,1,0.29,0.049923414,1.30169572,1.30169572,0.216420971
NCL-K132,NCL,-0.1136615,0.363765301,0.439178731,-0.439178731,0.936845827,0.29,0.049923414,1.30169572,1.30169572,0.216420971
NCL-K135,NCL,-0.1949477,0.010591292,1.97505107,-1.97505107,0.484811693,0.29,0.049923414,1.30169572,1.30169572,0.216420971
NCL-K138,NCL,-0.00255,0.323338583,0.490342469,-0.490342469,0.929614984,0.29,0.049923414,1.30169572,1.30169572,0.216420971
NCL-K15,NCL,0.20885,0.120329294,0.919628632,0.919628632,0.793855532,0.29,0.049923414,1.30169572,1.30169572,0.216420971
NCL-K16,NCL,-0.0869,0.302754,0.518910111,-0.518910111,0.920825313,0.29,0.049923414,1.30169572,1.30169572,0.216420971
NCL-K223,NCL,-0.276,0.550922664,0.258909361,-0.258909361,0.990319758,0.29,0.049923414,1.30169572,1.30169572,0.216420971
NCL-K228,NCL,-0.569,0.785840718,0.104665472,-0.104665472,1,0.29,0.049923414,1.30169572,1.30169572,0.216420971
NCL-K288,NCL,-0.0671,1,0,0,1,0.29,0.049923414,1.30169572,1.30169572,0.216420971
NCL-K370,NCL,0.043,0.938467492,0.027580766,0.027580766,1,0.29,0.049923414,1.30169572,1.30169572,0.216420971
NCL-K377,NCL,0.24005,0.114086329,0.942766394,0.942766394,0.776434795,0.29,0.049923414,1.30169572,1.30169572,0.216420971
NCL-K398,NCL,0.2486595,0.016524218,1.781879074,1.781879074,0.519256825,0.29,0.049923414,1.30169572,1.30169572,0.216420971
NCL-K403,NCL,-0.2302,0.377524961,0.423054329,-0.423054329,0.943988084,0.29,0.049923414,1.30169572,1.30169572,0.216420971
NCL-K449,NCL,-0.1935,0.73015873,0.136582718,-0.136582718,1,0.29,0.049923414,1.30169572,1.30169572,0.216420971
NCL-K477,NCL,-0.213,0.877480145,0.056762701,-0.056762701,1,0.29,0.049923414,1.30169572,1.30169572,0.216420971
NCL-K513,NCL,0.0480305,0.567282969,0.246200255,0.246200255,0.993833698,0.29,0.049923414,1.30169572,1.30169572,0.216420971
NCL-K521,NCL,-0.5165,0.239218525,0.621205192,-0.621205192,0.881741391,0.29,0.049923414,1.30169572,1.30169572,0.216420971
NCL-K545,NCL,0.10025,0.588536589,0.230226532,0.230226532,1,0.29,0.049923414,1.30169572,1.30169572,0.216420971
NCL-K572,NCL,0.20332,0.007041742,2.152319899,2.152319899,0.415817711,0.29,0.049923414,1.30169572,1.30169572,0.216420971
NCL-K577,NCL,0.0143,0.975919732,0.010585901,0.010585901,1,0.29,0.049923414,1.30169572,1.30169572,0.216420971
NCL-K589,NCL,0.2587,0.492898914,0.307242139,0.307242139,0.969644025,0.29,0.049923414,1.30169572,1.30169572,0.216420971
NCL-K610,NCL,0.2509,0.144806573,0.839211725,0.839211725,0.82566964,0.29,0.049923414,1.30169572,1.30169572,0.216420971
NCL-K62,NCL,0.084,0.976244254,0.010441509,0.010441509,1,0.29,0.049923414,1.30169572,1.30169572,0.216420971
NCL-K624,NCL,0.1682,0.400774664,0.397099741,0.397099741,0.956240488,0.29,0.049923414,1.30169572,1.30169572,0.216420971
NCL-K63,NCL,0.1646,0.097937929,1.009049085,1.009049085,0.776434795,0.29,0.049923414,1.30169572,1.30169572,0.216420971
NCL-K646,NCL,-0.0105,0.311327571,0.506782416,-0.506782416,0.920825313,0.29,0.049923414,1.30169572,1.30169572,0.216420971
NCL-K70,NCL,-0.017015,0.893403563,0.04895232,-0.04895232,1,0.29,0.049923414,1.30169572,1.30169572,0.216420971
NCL-K705,NCL,0.195,0.503496503,0.298003541,0.298003541,0.972539701,0.29,0.049923414,1.30169572,1.30169572,0.216420971
NCL-K71,NCL,-0.236481,0.477310924,0.321198626,-0.321198626,0.967568225,0.29,0.049923414,1.30169572,1.30169572,0.216420971
NCL-K79,NCL,0.06556,0.850411191,0.070371034,0.070371034,1,0.29,0.049923414,1.30169572,1.30169572,0.216420971
NCL-K87,NCL,-0.0354,0.673132796,0.171899249,-0.171899249,1,0.29,0.049923414,1.30169572,1.30169572,0.216420971
NCL-K9,NCL,-0.045147,0.893403007,0.04895259,-0.04895259,1,0.29,0.049923414,1.30169572,1.30169572,0.216420971
NCL-K95,NCL,0.0108,0.924873705,0.033917568,0.033917568,1,0.29,0.049923414,1.30169572,1.30169572,0.216420971
NCOA2-K31,NCOA2,-0.319,0.05480993,1.261140754,-1.261140754,0.68202138,0.065,0.623119174,0.205428885,0.205428885,0.810673148
NCOA2-K640,NCOA2,0.1545,0.411764706,0.385350881,0.385350881,0.956240488,0.065,0.623119174,0.205428885,0.205428885,0.810673148
NCOA2-K713,NCOA2,0.1779,0.13518283,0.869078465,0.869078465,0.813563219,0.065,0.623119174,0.205428885,0.205428885,0.810673148
NCOA2-K751,NCOA2,0.367,0.285246836,0.544779165,0.544779165,0.909317859,0.065,0.623119174,0.205428885,0.205428885,0.810673148
NCOA2-K772,NCOA2,0.0851255,0.685714286,0.163856803,0.163856803,1,0.065,0.623119174,0.205428885,0.205428885,0.810673148
NCOA2-K78,NCOA2,-0.1748,0.898101898,0.046674386,-0.046674386,1,0.065,0.623119174,0.205428885,0.205428885,0.810673148
NCOA2-K780,NCOA2,0.0761,0.170758026,0.767618874,0.767618874,0.858569025,0.065,0.623119174,0.205428885,0.205428885,0.810673148
NCOA2-K785,NCOA2,0.035825,0.195209431,0.709499204,0.709499204,0.859405482,0.065,0.623119174,0.205428885,0.205428885,0.810673148
NCOA3-K561,NCOA3,0.474,0.086500837,1.06297969,1.06297969,0.773861515,0.245,0.001706241,2.767959716,2.767959716,0.033349679
NCOA3-K620,NCOA3,0.2113,0.245378151,0.61016411,0.61016411,0.891892991,0.245,0.001706241,2.767959716,2.767959716,0.033349679
NCOA3-K687,NCOA3,0.2518,0.010638501,1.973119558,1.973119558,0.484811693,0.245,0.001706241,2.767959716,2.767959716,0.033349679
NCOA3-K708,NCOA3,0.3218,0.028404207,1.546617328,1.546617328,0.591058584,0.245,0.001706241,2.767959716,2.767959716,0.033349679
NCOA3-K781,NCOA3,-0.08985,0.604195804,0.218822295,-0.218822295,1,0.245,0.001706241,2.767959716,2.767959716,0.033349679
NCOA3-K87,NCOA3,0.46185,0.008594361,2.065786385,2.065786385,0.450113647,0.245,0.001706241,2.767959716,2.767959716,0.033349679
NCOA3-K926,NCOA3,-0.005,0.871071503,0.059946194,-0.059946194,1,0.245,0.001706241,2.767959716,2.767959716,0.033349679
NCOA6-K1314,NCOA6,0.3586,0.0075378,2.122755378,2.122755378,0.423870306,0.07,0.393245122,0.405336656,0.405336656,0.651336122
NCOA6-K1322,NCOA6,-0.341,0.246292107,0.608549507,-0.608549507,0.892241579,0.07,0.393245122,0.405336656,0.405336656,0.651336122
NCOA6-K1815,NCOA6,0.107,0.417214232,0.379640885,0.379640885,0.960518308,0.07,0.393245122,0.405336656,0.405336656,0.651336122
NCOA6-K1822,NCOA6,0.23575,0.098025813,1.008659546,1.008659546,0.776434795,0.07,0.393245122,0.405336656,0.405336656,0.651336122
NCOA6-K913,NCOA6,-0.17445,0.503592088,0.297921102,-0.297921102,0.972539701,0.07,0.393245122,0.405336656,0.405336656,0.651336122
NCOA7-K519,NCOA7,0.327,0.253594932,0.595859431,0.595859431,0.896059652,-0.195,0.694994023,0.15801893,-0.15801893,0.853903677
NCOR1-K1945,NCOR1,-0.024,0.97993023,0.008804844,-0.008804844,1,0.095,0.221998944,0.653649091,0.653649091,0.48613789
NCOR1-K852,NCOR1,0.3664,0.035364377,1.451433987,1.451433987,0.61764214,0.095,0.221998944,0.653649091,0.653649091,0.48613789
NCOR2-K1273,NCOR2,-0.06889,0.234324499,0.630182303,-0.630182303,0.879057947,0,0.717114682,0.144411386,0,0.865792125
NCOR2-K1535,NCOR2,0.079,0.69408683,0.158586196,0.158586196,1,0,0.717114682,0.144411386,0,0.865792125
NCOR2-K1959,NCOR2,-0.235,0.084148976,1.074951165,-1.074951165,0.765656144,0,0.717114682,0.144411386,0,0.865792125
NCOR2-K2026,NCOR2,-0.00565,0.944989609,0.024572967,-0.024572967,1,0,0.717114682,0.144411386,0,0.865792125
NCOR2-K2290,NCOR2,0.1167,0.224378663,0.649018443,0.649018443,0.876775869,0,0.717114682,0.144411386,0,0.865792125
NCOR2-K959,NCOR2,0.0357715,0.6466503,0.189330517,0.189330517,1,0,0.717114682,0.144411386,0,0.865792125
NDUFA10-K80,NDUFA10,-0.088,0.96466695,0.015622601,-0.015622601,1,-0.015,0.544780546,0.263778409,-0.263778409,0.761264113
NDUFA12-K101,NDUFA12,-0.592,0.005641555,2.248601184,-2.248601184,0.384392544,0.09,0.152834702,0.815778026,0.815778026,0.396898917
NDUFA2-K13,NDUFA2,-0.088,0.966246877,0.014911897,-0.014911897,1,0.2,0.06481745,1.188308058,1.188308058,0.249041684
NDUFA4-K63,NDUFA4,-0.1553135,0.485714286,0.313619123,-0.313619123,0.967568225,-0.065,0.630183484,0.200532983,-0.200532983,0.814968112
NDUFA5-K112,NDUFA5,-0.2659,0.048380519,1.31532948,-1.31532948,0.664840525,-0.005,0.811682344,0.090613901,-0.090613901,0.916155221
NDUFA8-K38,NDUFA8,0.194,0.541423283,0.266463072,0.266463072,0.986280811,0.26,0.005958136,2.224889554,2.224889554,0.066924402
NDUFA9-K189,NDUFA9,-0.4193,0.097229023,1.012204078,-1.012204078,0.776434795,0.175,0.568109955,0.2455676,0.2455676,0.775853364
NDUFAB1-K92,NDUFAB1,0.380945,0.014581454,1.836199172,1.836199172,0.506519998,0.3,0.062663377,1.202986207,1.202986207,0.244698416
NDUFB3-K23,NDUFB3,0.012,0.927272727,0.032792513,0.032792513,1,0.265,0.031615684,1.500097423,1.500097423,0.16786993
NDUFB3-K34,NDUFB3,0.0142,0.786505048,0.104298485,0.104298485,1,0.265,0.031615684,1.500097423,1.500097423,0.16786993
NDUFB6-K54,NDUFB6,0.1524,0.314788153,0.501981621,0.501981621,0.920825313,0.105,0.325628744,0.487277266,0.487277266,0.595978715
NDUFB6-K66,NDUFB6,0.135,0.841915191,0.074731654,0.074731654,1,0.105,0.325628744,0.487277266,0.487277266,0.595978715
NDUFS1-K513,NDUFS1,0.05752,0.411721612,0.385396336,0.385396336,0.956240488,0.215,0.041832731,1.378483782,1.378483782,0.197245182
NDUFV1-K36,NDUFV1,0.0215,0.808080808,0.092545208,0.092545208,1,0.2,0.051082678,1.29172634,1.29172634,0.219058562
NDUFV1-K365,NDUFV1,-0.11875,0.885714286,0.052706351,-0.052706351,1,0.2,0.051082678,1.29172634,1.29172634,0.219058562
NDUFV1-K64,NDUFV1,-0.1955,0.199086582,0.70095801,-0.70095801,0.859405482,0.2,0.051082678,1.29172634,1.29172634,0.219058562
NDUFV2-K61,NDUFV2,-0.1002,0.546531989,0.262384413,-0.262384413,0.989262975,0.305,0.008399914,2.075725149,2.075725149,0.080191742
NEDD8-K48,NEDD8,-0.0031,0.651532026,0.186064232,-0.186064232,1,0,0.578233897,0.237896453,0,0.78235592
NEDD8-K54,NEDD8,0.09375,0.387530538,0.411694069,0.411694069,0.950011308,0,0.578233897,0.237896453,0,0.78235592
NEFH-K404,NEFH,-0.8695,0.003256241,2.487283436,-2.487283436,0.356573191,-0.685,0.008042817,2.094591798,-2.094591798,0.078326349
NEFL-K379,NEFL,-0.1725,0.226436661,0.645053258,-0.645053258,0.879057947,-0.13,0.22359664,0.650534727,-0.650534727,0.488233117
NEK9-K327,NEK9,-0.5038,0.102377099,0.98979718,-0.98979718,0.776434795,-0.06,0.099366938,1.002758094,-1.002758094,0.316693185
NEK9-K647,NEK9,-0.1798,0.539460539,0.268040318,-0.268040318,0.985485758,-0.06,0.099366938,1.002758094,-1.002758094,0.316693185
NELFB-K567,NELFB,-0.05499,0.728284965,0.137698656,-0.137698656,1,0.31,2.17E-04,3.663285407,3.663285407,0.010344909
NEMF-K555,NEMF,0.2728655,0.685714286,0.163856803,0.163856803,1,0.09,0.13000985,0.886023742,0.886023742,0.367260997
NEPRO-K93,NEPRO,-0.2775,1,0,0,1,-0.07,0.136380343,0.865248222,-0.865248222,0.372329235
NES-K120,NES,-0.282,0.342621259,0.465185693,-0.465185693,0.930954294,-0.765,0.005122434,2.290523667,-2.290523667,0.061660939
NFIA-K321,NFIA,0.1228,0.094425193,1.024912119,1.024912119,0.776434795,0.25,0.133894693,0.873236637,0.873236637,0.370505465
NFIB-K270,NFIB,-0.2717,0.598120846,0.223211061,-0.223211061,1,0.12,0.858195599,0.066413717,0.066413717,0.939157354
NFIB-K321,NFIB,0.1425,0.487255601,0.31224316,0.31224316,0.968713826,0.12,0.858195599,0.066413717,0.066413717,0.939157354
NFIC-K280,NFIC,-0.2281,0.027198328,1.565457793,-1.565457793,0.591058584,-0.165,0.758282949,0.12016871,-0.12016871,0.888023757
NFIC-K65,NFIC,-0.492725,0.129780432,0.886790784,-0.886790784,0.806504592,-0.165,0.758282949,0.12016871,-0.12016871,0.888023757
NFIX-K284,NFIX,-0.9022845,0.328377505,0.483626601,-0.483626601,0.930954294,-0.43,0.048794685,1.311627479,-1.311627479,0.213983931
NFIX-K72,NFIX,-0.44025,0.181152181,0.741956433,-0.741956433,0.859405482,-0.43,0.048794685,1.311627479,-1.311627479,0.213983931
NFRKB-K1074,NFRKB,0.06305,0.841124871,0.075139525,0.075139525,1,0.095,0.055991212,1.251880128,1.251880128,0.22985496
NFRKB-K1108,NFRKB,0.09985,0.641681049,0.192680787,0.192680787,1,0.095,0.055991212,1.251880128,1.251880128,0.22985496
NFRKB-K1204,NFRKB,-0.334,0.523482845,0.281097546,-0.281097546,0.982788878,0.095,0.055991212,1.251880128,1.251880128,0.22985496
NFRKB-K1221,NFRKB,0.208,0.18040293,0.743756412,0.743756412,0.859405482,0.095,0.055991212,1.251880128,1.251880128,0.22985496
NFRKB-K1262,NFRKB,0.0624,0.567943756,0.245694671,0.245694671,0.993833698,0.095,0.055991212,1.251880128,1.251880128,0.22985496
NFS1-K157,NFS1,-0.13,0.649847509,0.187188542,-0.187188542,1,0.065,0.186715664,0.728819246,0.728819246,0.440502556
NFS1-K431,NFS1,-0.1391,0.787878788,0.103540592,-0.103540592,1,0.065,0.186715664,0.728819246,0.728819246,0.440502556
NFYC-K285,NFYC,-0.1087225,0.623878701,0.204899841,-0.204899841,1,-0.04,0.58500018,0.232844,-0.232844,0.787106408
NHLRC1-K152,NHLRC1,-0.6975,3.10E-04,3.509202522,-3.509202522,0.19752322,-0.7,0.006531725,2.184972097,-2.184972097,0.069997405
NHP2-K111,NHP2,0.17002,0.312742641,0.504812901,0.504812901,0.920825313,0.135,0.009983818,2.000703328,2.000703328,0.08874952
NID2-K1066,NID2,0.07,0.359934183,0.443776906,0.443776906,0.936845827,0.085,0.450604941,0.34620405,0.34620405,0.69924126
NID2-K1297,NID2,-0.151,0.738514131,0.131641191,-0.131641191,1,0.085,0.450604941,0.34620405,0.34620405,0.69924126
NIF3L1-K109,NIF3L1,-0.15955,0.026093406,1.58346922,-1.58346922,0.581344529,0.05,0.188359027,0.725013561,0.725013561,0.442714338
NIPBL-K1082,NIPBL,-0.02235,0.677442821,0.169127355,-0.169127355,1,0.11,0.459526982,0.337688983,0.337688983,0.704954998
NIPBL-K1247,NIPBL,-0.031,0.792457542,0.101023997,-0.101023997,1,0.11,0.459526982,0.337688983,0.337688983,0.704954998
NIPBL-K776,NIPBL,0.2624,0.075665723,1.121100816,1.121100816,0.73833448,0.11,0.459526982,0.337688983,0.337688983,0.704954998
NIPBL-K802,NIPBL,-0.572,0.093861694,1.027511613,-1.027511613,0.776434795,0.11,0.459526982,0.337688983,0.337688983,0.704954998
NIPBL-K911,NIPBL,-0.0668,0.543420556,0.264863938,-0.264863938,0.9871545,0.11,0.459526982,0.337688983,0.337688983,0.704954998
NIPBL-K965,NIPBL,-0.01895,0.881712949,0.054672781,-0.054672781,1,0.11,0.459526982,0.337688983,0.337688983,0.704954998
NIPBL-K974,NIPBL,0.4315,0.200944645,0.696923563,0.696923563,0.859896047,0.11,0.459526982,0.337688983,0.337688983,0.704954998
NIPSNAP1-K146,NIPSNAP1,-0.024,0.977372386,0.009939935,-0.009939935,1,0.145,0.057285468,1.241955532,1.241955532,0.232424735
NIPSNAP1-K279,NIPSNAP1,-0.104,0.535621638,0.271141887,-0.271141887,0.984176452,0.145,0.057285468,1.241955532,1.241955532,0.232424735
NIPSNAP2-K104,NIPSNAP2,-0.4081,0.007549699,2.122070357,-2.122070357,0.423870306,0.085,0.195146142,0.70964003,0.70964003,0.451568826
NIPSNAP2-K281,NIPSNAP2,0.018016,0.610954703,0.213990988,0.213990988,1,0.085,0.195146142,0.70964003,0.70964003,0.451568826
NIPSNAP2-K75,NIPSNAP2,-0.29949,0.165593395,0.780956989,-0.780956989,0.85031237,0.085,0.195146142,0.70964003,0.70964003,0.451568826
NIPSNAP2-K82,NIPSNAP2,0.0879,0.350910167,0.454804049,0.454804049,0.935291689,0.085,0.195146142,0.70964003,0.70964003,0.451568826
NIPSNAP2-K91,NIPSNAP2,-0.31985,0.149468513,0.825450287,-0.825450287,0.831690101,0.085,0.195146142,0.70964003,0.70964003,0.451568826
NIPSNAP3A-K166,NIPSNAP3A,-0.04385,0.559399217,0.252278146,-0.252278146,0.991315092,0.04,0.409988797,0.38722801,0.38722801,0.665966583
NIPSNAP3A-K45,NIPSNAP3A,-0.552,0.660805861,0.179926114,-0.179926114,1,0.04,0.409988797,0.38722801,0.38722801,0.665966583
NIPSNAP3A-K48,NIPSNAP3A,-0.3907,0.141646573,0.848793929,-0.848793929,0.820443268,0.04,0.409988797,0.38722801,0.38722801,0.665966583
NIT1-K65,NIT1,-0.1763534,0.874875125,0.058053931,-0.058053931,1,-0.01,0.564708777,0.248175462,-0.248175462,0.773770169
NIT2-K60,NIT2,0.03401,0.56969697,0.244356091,0.244356091,0.993833698,0.135,0.024527277,1.610350666,1.610350666,0.147020048
NIT2-K68,NIT2,0.36,0.206460206,0.685163643,0.685163643,0.866650116,0.135,0.024527277,1.610350666,1.610350666,0.147020048
NKTR-K179,NKTR,-0.08415,0.888304961,0.051437912,-0.051437912,1,-0.115,0.022399938,1.649753185,-1.649753185,0.139432334
NLN-K127,NLN,-0.4699,0.311502711,0.506538169,-0.506538169,0.920825313,0.19,0.018393098,1.735345104,1.735345104,0.12510175
NLN-K664,NLN,0.1245,1,0,0,1,0.19,0.018393098,1.735345104,1.735345104,0.12510175
NLRX1-K754,NLRX1,-0.040635,0.730769231,0.136219747,-0.136219747,1,-0.025,0.877709215,0.056649342,-0.056649342,0.947457486
NME1-NME2-K164,NME1,0.1575,0.237856971,0.623684115,0.623684115,0.879057947,0.405,0.009300286,2.031503686,2.031503686,0.085162699
NME1-NME2-K171,NME1,0.15625,0.01613808,1.792148128,1.792148128,0.513483788,0.405,0.009300286,2.031503686,2.031503686,0.085162699
NME1-NME2-K200,NME1,0.01085,0.808151009,0.092507481,0.092507481,1,0.405,0.009300286,2.031503686,2.031503686,0.085162699
NME1-NME2-K239,NME1,-0.0195,0.174238731,0.758855299,-0.758855299,0.859405482,0.405,0.009300286,2.031503686,2.031503686,0.085162699
NMI-K244,NMI,-0.3011,0.787878788,0.103540592,-0.103540592,1,0.225,0.811692043,0.090608712,0.090608712,0.916155221
NNMT-K39,NNMT,-0.2903,0.566293184,0.246958666,-0.246958666,0.993833698,-0.27,0.747002237,0.126678098,-0.126678098,0.882967121
NNT-K100,NNT,0.063995,0.580160483,0.236451856,0.236451856,1,0.24,0.017420461,1.758940356,1.758940356,0.121170899
NNT-K1042,NNT,0.3035,0.606993007,0.216816312,0.216816312,1,0.24,0.017420461,1.758940356,1.758940356,0.121170899
NNT-K1079,NNT,0.217,0.479017665,0.319648471,0.319648471,0.967568225,0.24,0.017420461,1.758940356,1.758940356,0.121170899
NNT-K394,NNT,0.26475,0.214732457,0.668102306,0.668102306,0.874300916,0.24,0.017420461,1.758940356,1.758940356,0.121170899
NNT-K397,NNT,0.3081,0.348991897,0.457184657,0.457184657,0.935291689,0.24,0.017420461,1.758940356,1.758940356,0.121170899
NNT-K403,NNT,-0.65,0.06749226,1.170746029,-1.170746029,0.723084523,0.24,0.017420461,1.758940356,1.758940356,0.121170899
NNT-K70,NNT,0.2305,0.932761886,0.030229208,0.030229208,1,0.24,0.017420461,1.758940356,1.758940356,0.121170899
NOC3L-K123,NOC3L,0.09485,0.742364678,0.1293827,0.1293827,1,0.095,0.69128602,0.160342226,0.160342226,0.851316538
NOL6-K29,NOL6,0.22155,0.57443609,0.240758282,0.240758282,0.994730291,0.2,0.382237752,0.417666422,0.417666422,0.641667205
NOLC1-K151,NOLC1,-0.0839,0.866511267,0.062225786,-0.062225786,1,0.085,0.008895778,2.050816085,2.050816085,0.0830974
NOLC1-K158,NOLC1,0.597,0.391690689,0.407056752,0.407056752,0.953480838,0.085,0.008895778,2.050816085,2.050816085,0.0830974
NOLC1-K193,NOLC1,0.0045,0.8982751,0.046590639,0.046590639,1,0.085,0.008895778,2.050816085,2.050816085,0.0830974
NOLC1-K197,NOLC1,-0.1146,0.574471626,0.240731417,-0.240731417,0.994730291,0.085,0.008895778,2.050816085,2.050816085,0.0830974
NOLC1-K261,NOLC1,0.0291975,0.714383415,0.146068637,0.146068637,1,0.085,0.008895778,2.050816085,2.050816085,0.0830974
NOLC1-K361,NOLC1,-0.673,0.178976854,0.74720313,-0.74720313,0.859405482,0.085,0.008895778,2.050816085,2.050816085,0.0830974
NOLC1-K366,NOLC1,0.2316,0.151009311,0.820996275,0.820996275,0.831690101,0.085,0.008895778,2.050816085,2.050816085,0.0830974
NOLC1-K406,NOLC1,-0.10325,0.551471711,0.258476761,-0.258476761,0.990319758,0.085,0.008895778,2.050816085,2.050816085,0.0830974
NOLC1-K411,NOLC1,-0.252,0.295798319,0.529004298,-0.529004298,0.916922529,0.085,0.008895778,2.050816085,2.050816085,0.0830974
NOLC1-K425,NOLC1,-0.08673,0.644399686,0.19084468,-0.19084468,1,0.085,0.008895778,2.050816085,2.050816085,0.0830974
NOLC1-K462,NOLC1,-0.2194,0.336233949,0.473358439,-0.473358439,0.930954294,0.085,0.008895778,2.050816085,2.050816085,0.0830974
NOLC1-K470,NOLC1,0.09079,0.523698524,0.28091865,0.28091865,0.982788878,0.085,0.008895778,2.050816085,2.050816085,0.0830974
NOLC1-K515,NOLC1,0.10545,0.375462926,0.425432939,0.425432939,0.943988084,0.085,0.008895778,2.050816085,2.050816085,0.0830974
NOLC1-K568,NOLC1,0.33415,0.00103876,2.983484667,2.983484667,0.263676789,0.085,0.008895778,2.050816085,2.050816085,0.0830974
NOLC1-K611,NOLC1,0.3645,0.059653815,1.224361774,1.224361774,0.698068054,0.085,0.008895778,2.050816085,2.050816085,0.0830974
NOLC1-K76,NOLC1,0.17315,0.709725624,0.148909514,0.148909514,1,0.085,0.008895778,2.050816085,2.050816085,0.0830974
NONO-K109,NONO,0.2965,0.074454957,1.128106384,1.128106384,0.735568256,0.085,0.209142182,0.679558365,0.679558365,0.470005453
NONO-K11,NONO,-0.02415,0.370496285,0.431216142,-0.431216142,0.938794148,0.085,0.209142182,0.679558365,0.679558365,0.470005453
NONO-K198,NONO,0.1162,0.823274971,0.084455088,0.084455088,1,0.085,0.209142182,0.679558365,0.679558365,0.470005453
NONO-K279,NONO,-0.0177075,0.629857967,0.200757373,-0.200757373,1,0.085,0.209142182,0.679558365,0.679558365,0.470005453
NONO-K371,NONO,0.4128,0.007366996,2.132709567,2.132709567,0.423870306,0.085,0.209142182,0.679558365,0.679558365,0.470005453
NONO-K467,NONO,-0.01095,0.595394615,0.225195097,-0.225195097,1,0.085,0.209142182,0.679558365,0.679558365,0.470005453
NOP10-K40,NOP10,0.0967,0.826923077,0.082534888,0.082534888,1,0.305,0.025491283,1.593608301,1.593608301,0.150151729
NOP2-K657,NOP2,0.291,0.166803109,0.777795859,0.777795859,0.852603219,0.35,2.69E-04,3.570170449,3.570170449,0.011692082
NOP2-K76,NOP2,0.070425,0.775624376,0.110348551,0.110348551,1,0.35,2.69E-04,3.570170449,3.570170449,0.011692082
NOP2-K91,NOP2,0.0571,0.310970669,0.507280572,0.507280572,0.920825313,0.35,2.69E-04,3.570170449,3.570170449,0.011692082
NOP56-K505,NOP56,-0.1601,0.054871906,1.260649954,-1.260649954,0.68202138,0.1,0.001127771,2.947779217,2.947779217,0.026762478
NOP56-K87,NOP56,-0.09275,0.157015568,0.804057285,-0.804057285,0.842963497,0.1,0.001127771,2.947779217,2.947779217,0.026762478
NOP58-K37,NOP58,-0.1455,0.685714286,0.163856803,-0.163856803,1,0.075,0.143091377,0.844386538,0.844386538,0.382799115
NOP58-K411,NOP58,-0.16955,0.116438607,0.933902999,-0.933902999,0.784159192,0.075,0.143091377,0.844386538,0.844386538,0.382799115
NOP58-K441,NOP58,-0.1627,0.211661506,0.674358117,-0.674358117,0.871132626,0.075,0.143091377,0.844386538,0.844386538,0.382799115
NOP58-K485,NOP58,-0.2396,0.63071839,0.200164506,-0.200164506,1,0.075,0.143091377,0.844386538,0.844386538,0.382799115
NOP58-K93,NOP58,-0.438175,0.453546454,0.343378225,-0.343378225,0.966193174,0.075,0.143091377,0.844386538,0.844386538,0.382799115
NOTCH1-K2171,NOTCH1,-0.085605,0.680191691,0.167368677,-0.167368677,1,0.17,0.658662989,0.18133674,0.18133674,0.832349878
NPAT-K1235,NPAT,0.4158,0.008145433,2.089085815,2.089085815,0.440681556,0.085,0.220125543,0.65732956,0.65732956,0.483539725
NPAT-K543,NPAT,-0.026265,1,0,0,1,0.085,0.220125543,0.65732956,0.65732956,0.483539725
NPEPL1-K399,NPEPL1,0.07097965,0.51845386,0.285289887,0.285289887,0.981666433,-0.025,0.680363257,0.167259149,-0.167259149,0.846038097
NPEPPS-K163,NPEPPS,-0.2747,0.012032445,1.919646123,-1.919646123,0.501114778,0.17,0.207338274,0.683320521,0.683320521,0.467889899
NPEPPS-K455,NPEPPS,-0.2716745,0.685714286,0.163856803,-0.163856803,1,0.17,0.207338274,0.683320521,0.683320521,0.467889899
NPEPPS-K467,NPEPPS,-0.07464,0.787878788,0.103540592,-0.103540592,1,0.17,0.207338274,0.683320521,0.683320521,0.467889899
NPEPPS-K712,NPEPPS,0.0286,0.588020158,0.230607785,0.230607785,1,0.17,0.207338274,0.683320521,0.683320521,0.467889899
NPEPPS-K829,NPEPPS,0.023,0.823140019,0.084526284,0.084526284,1,0.17,0.207338274,0.683320521,0.683320521,0.467889899
NPLOC4-K427,NPLOC4,-0.14436,0.839160839,0.076154791,-0.076154791,1,0.075,0.096288766,1.016424379,1.016424379,0.311448274
NPM1-K150,NPM1,0.032,0.964373335,0.015754806,0.015754806,1,0.015,0.390517522,0.408359475,0.408359475,0.648995175
NPM1-K154,NPM1,0.13725,0.551469622,0.258478406,0.258478406,0.990319758,0.015,0.390517522,0.408359475,0.408359475,0.648995175
NPM1-K202,NPM1,-0.070025,0.651538856,0.186059679,-0.186059679,1,0.015,0.390517522,0.408359475,0.408359475,0.648995175
NPM1-K206,NPM1,0.0213,0.849733042,0.070717494,0.070717494,1,0.015,0.390517522,0.408359475,0.408359475,0.648995175
NPM1-K212,NPM1,-0.12875,0.724562984,0.139923856,-0.139923856,1,0.015,0.390517522,0.408359475,0.408359475,0.648995175
NPM1-K215,NPM1,-0.3995,1.91E-04,3.72003311,-3.72003311,0.166553407,0.015,0.390517522,0.408359475,0.408359475,0.648995175
NPM1-K229,NPM1,-0.135,0.776631276,0.109785124,-0.109785124,1,0.015,0.390517522,0.408359475,0.408359475,0.648995175
NPM1-K250,NPM1,0.2455,0.00242664,2.614994597,2.614994597,0.327503106,0.015,0.390517522,0.408359475,0.408359475,0.648995175
NPM1-K257,NPM1,-0.064575,0.912579545,0.03972927,-0.03972927,1,0.015,0.390517522,0.408359475,0.408359475,0.648995175
NPM1-K267,NPM1,0.2396,0.259911715,0.585174144,0.585174144,0.899293861,0.015,0.390517522,0.408359475,0.408359475,0.648995175
NPM1-K27,NPM1,0.061,0.644396212,0.190847021,0.190847021,1,0.015,0.390517522,0.408359475,0.408359475,0.648995175
NPM1-K32,NPM1,0.011,0.780200695,0.107793667,0.107793667,1,0.015,0.390517522,0.408359475,0.408359475,0.648995175
NQO1-K209,NQO1,0.764,0.022689076,1.644183197,1.644183197,0.55675501,0.085,0.247524182,0.606382366,0.606382366,0.516687194
NQO1-K248,NQO1,1.3598,0.234265734,0.63029123,0.63029123,0.879057947,0.085,0.247524182,0.606382366,0.606382366,0.516687194
NQO2-K77,NQO2,0.2465,0.388411588,0.410707821,0.410707821,0.95077521,0.335,0.008773302,2.056836945,2.056836945,0.082450925
NR2C2-K219,NR2C2,0.1325,0.891618186,0.049821082,0.049821082,1,-0.005,0.384990243,0.414550277,-0.414550277,0.643905791
NR2C2-K250,NR2C2,0.1129,0.756492325,0.121195474,0.121195474,1,-0.005,0.384990243,0.414550277,-0.414550277,0.643905791
NR3C1-K154,NR3C1,-0.1165,0.40919688,0.388067686,-0.388067686,0.956240488,-0.425,0.078906537,1.102887015,-1.102887015,0.279227895
NRCAM-K1197,NRCAM,-1.6253745,0.2,0.698970004,-0.698970004,0.859405482,-0.72,0.019150788,1.717813344,-1.717813344,0.127790256
NRIP2-K264,NRIP2,0.0724966,0.851282051,0.069926523,0.069926523,1,-0.445,0.001440087,2.841611191,-2.841611191,0.030232951
NSD1-K1010,NSD1,-0.2540195,0.485714286,0.313619123,-0.313619123,0.967568225,-0.035,0.591849215,0.227788924,-0.227788924,0.791243771
NSD2-K588,NSD2,0.15745,0.56969697,0.244356091,0.244356091,0.993833698,0.485,1.76E-05,4.754848914,4.754848914,0.003084973
NSD3-K413,NSD3,0.0364,0.881188785,0.054931039,0.054931039,1,0.08,0.424190581,0.372438979,0.372438979,0.678044524
NSD3-K471,NSD3,0.099495,0.586901543,0.231434749,0.231434749,1,0.08,0.424190581,0.372438979,0.372438979,0.678044524
NSD3-K554,NSD3,0.05,0.811708527,0.090599892,0.090599892,1,0.08,0.424190581,0.372438979,0.372438979,0.678044524
NSD3-K613,NSD3,0.6925,0.607105616,0.21673575,0.21673575,1,0.08,0.424190581,0.372438979,0.372438979,0.678044524
NSD3-K790,NSD3,0.1398,0.501093523,0.300081211,0.300081211,0.971994014,0.08,0.424190581,0.372438979,0.372438979,0.678044524
NSFL1C-K174,NSFL1C,-0.00128,0.695175687,0.157905425,-0.157905425,1,0.045,0.401493176,0.396321832,0.396321832,0.65816145
NSFL1C-K313,NSFL1C,0.1,0.53529713,0.271405085,0.271405085,0.984176452,0.045,0.401493176,0.396321832,0.396321832,0.65816145
NSUN2-K508,NSUN2,0.2197,0.136117252,0.866086828,0.866086828,0.814916032,0.11,0.007134635,2.146628264,2.146628264,0.073760155
NSUN2-K586,NSUN2,0.12415,0.093446265,1.029438052,1.029438052,0.776434795,0.11,0.007134635,2.146628264,2.146628264,0.073760155
NT5C-K146,NT5C,-0.32605,0.256625127,0.590700823,-0.590700823,0.896059652,-0.025,0.724524154,0.139947132,-0.139947132,0.869630793
NT5C2-K523,NT5C2,-0.1206845,0.685714286,0.163856803,-0.163856803,1,0.13,0.325679544,0.487209519,0.487209519,0.595978715
NT5DC1-K171,NT5DC1,0.53845,5.83E-04,3.234169197,3.234169197,0.2296401,0.11,0.012359726,1.907991152,1.907991152,0.100204731
NT5DC1-K359,NT5DC1,0.594795,0.16734143,0.776396523,0.776396523,0.853962239,0.11,0.012359726,1.907991152,1.907991152,0.100204731
NT5DC1-K455,NT5DC1,0.1258,0.721396251,0.141826119,0.141826119,1,0.11,0.012359726,1.907991152,1.907991152,0.100204731
NTPCR-K73,NTPCR,0.40865,0.21203608,0.673590234,0.673590234,0.871132626,0.07,0.368966741,0.43301278,0.43301278,0.630563842
NUCB1-K177,NUCB1,0.1148,0.923687003,0.034475167,0.034475167,1,-0.015,0.881602929,0.054726976,-0.054726976,0.94938043
NUCB1-K302,NUCB1,0.225,0.927272727,0.032792513,0.032792513,1,-0.015,0.881602929,0.054726976,-0.054726976,0.94938043
NUCB1-K446,NUCB1,0.1953,0.648235389,0.188267263,0.188267263,1,-0.015,0.881602929,0.054726976,-0.054726976,0.94938043
NUCKS1-K102,NUCKS1,0.18695,0.198452569,0.702343275,0.702343275,0.859405482,-0.04,0.578265818,0.237872479,-0.237872479,0.78235592
NUCKS1-K175,NUCKS1,0.05625,0.78487395,0.105200085,0.105200085,1,-0.04,0.578265818,0.237872479,-0.237872479,0.78235592
NUCKS1-K184,NUCKS1,0.027,0.964373335,0.015754806,0.015754806,1,-0.04,0.578265818,0.237872479,-0.237872479,0.78235592
NUCKS1-K188,NUCKS1,-0.10485,0.441741281,0.354832014,-0.354832014,0.961720515,-0.04,0.578265818,0.237872479,-0.237872479,0.78235592
NUCKS1-K196,NUCKS1,-0.177725,0.369032073,0.432935888,-0.432935888,0.938794148,-0.04,0.578265818,0.237872479,-0.237872479,0.78235592
NUCKS1-K201,NUCKS1,-0.1716385,0.291850616,0.534839385,-0.534839385,0.914378404,-0.04,0.578265818,0.237872479,-0.237872479,0.78235592
NUCKS1-K218,NUCKS1,0.33464,0.567176244,0.246281968,0.246281968,0.993833698,-0.04,0.578265818,0.237872479,-0.237872479,0.78235592
NUCKS1-K35,NUCKS1,0.161125,0.60922473,0.215222476,0.215222476,1,-0.04,0.578265818,0.237872479,-0.237872479,0.78235592
NUCKS1-K52,NUCKS1,-0.0788,0.4677914,0.329947767,-0.329947767,0.967568225,-0.04,0.578265818,0.237872479,-0.237872479,0.78235592
NUCKS1-K87,NUCKS1,0.1415,0.747658293,0.126296845,0.126296845,1,-0.04,0.578265818,0.237872479,-0.237872479,0.78235592
NUCKS1-K9,NUCKS1,-0.223,0.521010304,0.283153688,-0.283153688,0.982124714,-0.04,0.578265818,0.237872479,-0.237872479,0.78235592
NUCKS1-K98,NUCKS1,0.29725,0.554797121,0.255865801,0.255865801,0.990319758,-0.04,0.578265818,0.237872479,-0.237872479,0.78235592
NUDC-K133,NUDC,-1.136,0.606993007,0.216816312,-0.216816312,1,0.26,0.00123119,2.909674842,2.909674842,0.028002009
NUDCD2-K157,NUDCD2,0.046815,0.317034291,0.498893762,0.498893762,0.920825313,0.155,0.085819884,1.066412074,1.066412074,0.291465884
NUDT12-K299,NUDT12,0.6995,0.685714286,0.163856803,0.163856803,1,0.105,0.858191181,0.066415953,0.066415953,0.939157354
NUDT12-K453,NUDT12,0.8175755,0.342857143,0.464886798,0.464886798,0.930954294,0.105,0.858191181,0.066415953,0.066415953,0.939157354
NUDT21-K23,NUDT21,0.08715,0.313707966,0.503474453,0.503474453,0.920825313,-0.045,0.964366795,0.015757752,-0.015757752,0.985115862
NUDT5-K42,NUDT5,0.74085,0.001463547,2.834593306,2.834593306,0.277599279,0.26,0.038007729,1.420128075,1.420128075,0.18711891
NUDT9-K203,NUDT9,0.0249,1,0,0,1,0.055,0.299510484,0.523587971,0.523587971,0.570283192
NUDT9-K310,NUDT9,0.274,1,0,0,1,0.055,0.299510484,0.523587971,0.523587971,0.570283192
NUMA1-K1024,NUMA1,-0.12676,0.274045408,0.562177471,-0.562177471,0.902857656,0.055,0.846495083,0.07237556,0.07237556,0.933550004
NUMA1-K1121,NUMA1,-0.0179,0.292733554,0.533527494,-0.533527494,0.914776293,0.055,0.846495083,0.07237556,0.07237556,0.933550004
NUMA1-K1131,NUMA1,0.07586,0.634982192,0.197238454,0.197238454,1,0.055,0.846495083,0.07237556,0.07237556,0.933550004
NUMA1-K1516,NUMA1,-0.064595,0.268079746,0.571735996,-0.571735996,0.902857656,0.055,0.846495083,0.07237556,0.07237556,0.933550004
NUMA1-K1566,NUMA1,-0.1783,0.335378843,0.474464338,-0.474464338,0.930954294,0.055,0.846495083,0.07237556,0.07237556,0.933550004
NUMA1-K1571,NUMA1,0.0619,0.658999497,0.181114917,0.181114917,1,0.055,0.846495083,0.07237556,0.07237556,0.933550004
NUMA1-K1624,NUMA1,0.1163,0.637300081,0.195656026,0.195656026,1,0.055,0.846495083,0.07237556,0.07237556,0.933550004
NUMA1-K2032,NUMA1,0.0785,0.637296548,0.195658434,0.195658434,1,0.055,0.846495083,0.07237556,0.07237556,0.933550004
NUMA1-K2040,NUMA1,0.14745,0.311420315,0.50665306,0.50665306,0.920825313,0.055,0.846495083,0.07237556,0.07237556,0.933550004
NUMA1-K2058,NUMA1,-0.145,0.371714752,0.429790203,-0.429790203,0.940069956,0.055,0.846495083,0.07237556,0.07237556,0.933550004
NUMA1-K2075,NUMA1,-0.14222,0.419417871,0.377353069,-0.377353069,0.961484712,0.055,0.846495083,0.07237556,0.07237556,0.933550004
NUMA1-K303,NUMA1,-0.02685,0.949811939,0.022362376,-0.022362376,1,0.055,0.846495083,0.07237556,0.07237556,0.933550004
NUMA1-K379,NUMA1,0.232,0.142900661,0.844965763,0.844965763,0.822704543,0.055,0.846495083,0.07237556,0.07237556,0.933550004
NUMA1-K531,NUMA1,-0.004,0.959248832,0.018068721,-0.018068721,1,0.055,0.846495083,0.07237556,0.07237556,0.933550004
NUMA1-K740,NUMA1,0.0878,0.555268862,0.25549668,0.25549668,0.990319758,0.055,0.846495083,0.07237556,0.07237556,0.933550004
NUMA1-K751,NUMA1,0.22972,0.841888912,0.07474521,0.07474521,1,0.055,0.846495083,0.07237556,0.07237556,0.933550004
NUMA1-K891,NUMA1,0.1202,0.809597523,0.091730829,0.091730829,1,0.055,0.846495083,0.07237556,0.07237556,0.933550004
NUP107-K85,NUP107,0.2269,0.382867133,0.416951914,0.416951914,0.947447651,0.075,0.249477143,0.602969239,0.602969239,0.518636295
NUP153-K448,NUP153,-0.4124,0.113486513,0.945055746,-0.945055746,0.776434795,0.155,0.004379119,2.358613229,2.358613229,0.05698549
NUP153-K749,NUP153,0.16435,0.220433103,0.656723185,0.656723185,0.875622157,0.155,0.004379119,2.358613229,2.358613229,0.05698549
NUP188-K38,NUP188,0.0398,0.554804771,0.255859813,0.255859813,0.990319758,0.46,1.61E-05,4.793875243,4.793875243,0.002946168
NUP205-K1279,NUP205,-0.07162,0.316796223,0.499220004,-0.499220004,0.920825313,0.08,0.061981386,1.207738717,1.207738717,0.243419013
NUP205-K1865,NUP205,-0.38925,1,0,0,1,0.08,0.061981386,1.207738717,1.207738717,0.243419013
NUP205-K222,NUP205,0.05235,0.885714286,0.052706351,0.052706351,1,0.08,0.061981386,1.207738717,1.207738717,0.243419013
NUP214-K226,NUP214,0.0845,0.963862827,0.015984769,0.015984769,1,0.08,0.424202741,0.372426529,0.372426529,0.678044524
NUP50-K158,NUP50,-0.08195,0.523233692,0.281304298,-0.281304298,0.982788878,0.25,5.11E-04,3.291392237,3.291392237,0.017053597
NUP50-K249,NUP50,0.188055,0.301788073,0.520297929,0.520297929,0.920466754,0.25,5.11E-04,3.291392237,3.291392237,0.017053597
NUP50-K275,NUP50,0.590375,0.485714286,0.313619123,0.313619123,0.967568225,0.25,5.11E-04,3.291392237,3.291392237,0.017053597
NUP58-K595,NUP58,0.0985,0.495435183,0.305013156,0.305013156,0.969748262,0.32,7.74E-06,5.111005751,5.111005751,0.002325846
NUP62-K435,NUP62,-0.00265,0.867203363,0.061879047,-0.061879047,1,0.17,7.50E-04,3.124909666,3.124909666,0.021309923
NUP85-K92,NUP85,-0.1067,0.743083605,0.128962321,-0.128962321,1,0.295,0.001033371,2.985743808,2.985743808,0.02537226
NUP88-K608,NUP88,0.1385,0.211055584,0.675603153,0.675603153,0.871132626,0.205,2.44E-04,3.612454133,3.612454133,0.011033462
NUP93-K370,NUP93,-0.02644,0.315898301,0.50045271,-0.50045271,0.920825313,0.035,0.34819325,0.458179652,0.458179652,0.615976174
NUP98-K1111,NUP98,-0.1778,0.251321724,0.599769969,-0.599769969,0.894863451,0.12,0.017173341,1.765145199,1.765145199,0.12011625
NUP98-K525,NUP98,0.278731,0.068663171,1.163276143,1.163276143,0.729412369,0.12,0.017173341,1.765145199,1.765145199,0.12011625
OAS3-K597,OAS3,0.216,0.169043515,0.772001486,0.772001486,0.854988513,0.195,0.684016018,0.164933728,0.164933728,0.848351327
OCIAD2-K41,OCIAD2,0.6065,0.099820175,1.000781674,1.000781674,0.776434795,0.305,0.015009562,1.823631974,1.823631974,0.111308374
OCLN-K501,OCLN,0.3456,0.445221445,0.351423925,0.351423925,0.961720515,0.44,7.01E-05,4.154162175,4.154162175,0.005661654
OGDH-K412,OGDH,0.0565,0.918899324,0.036732068,0.036732068,1,0.285,0.007802466,2.107768135,2.107768135,0.077021143
OGDH-K575,OGDH,-0.3075,0.23311922,0.632421919,-0.632421919,0.879057947,0.285,0.007802466,2.107768135,2.107768135,0.077021143
OGDH-K910,OGDH,-0.26935,0.814273558,0.089229668,-0.089229668,1,0.285,0.007802466,2.107768135,2.107768135,0.077021143
OGDH-K981,OGDH,-0.4002225,0.10055597,0.997592139,-0.997592139,0.776434795,0.285,0.007802466,2.107768135,2.107768135,0.077021143
OGN-K239,OGN,-0.1805,0.401860045,0.395925172,-0.395925172,0.956240488,-0.675,0.047120138,1.326793442,-1.326793442,0.210090596
OGN-K246,OGN,-0.2635,0.621803711,0.20634669,-0.20634669,1,-0.675,0.047120138,1.326793442,-1.326793442,0.210090596
OGN-K253,OGN,-0.707,0.099577228,1.001839967,-1.001839967,0.776434795,-0.675,0.047120138,1.326793442,-1.326793442,0.210090596
OGN-K263,OGN,-0.599975,0.185131482,0.732519721,-0.732519721,0.859405482,-0.675,0.047120138,1.326793442,-1.326793442,0.210090596
OGN-K268,OGN,0.13325,0.284117417,0.546502142,0.546502142,0.909317859,-0.675,0.047120138,1.326793442,-1.326793442,0.210090596
OGN-K269,OGN,1.8803,0.025424722,1.594743783,1.594743783,0.579356878,-0.675,0.047120138,1.326793442,-1.326793442,0.210090596
OGN-K339,OGN,-0.1766,0.661845688,0.179243256,-0.179243256,1,-0.675,0.047120138,1.326793442,-1.326793442,0.210090596
OGN-K348,OGN,-0.194,0.306688175,0.513302969,-0.513302969,0.920825313,-0.675,0.047120138,1.326793442,-1.326793442,0.210090596
OLA1-K188,OLA1,0.014,0.503496503,0.298003541,0.298003541,0.972539701,0.085,0.564780293,0.248120465,0.248120465,0.773770169
OLA1-K209,OLA1,-0.06644,0.546646027,0.262293804,-0.262293804,0.989262975,0.085,0.564780293,0.248120465,0.248120465,0.773770169
OLFML1-K48,OLFML1,-0.845,0.136801385,0.863909507,-0.863909507,0.814916032,-0.25,0.047663132,1.321817422,-1.321817422,0.211575962
OLFML1-K82,OLFML1,-0.2564,0.322175072,0.491908065,-0.491908065,0.929614984,-0.25,0.047663132,1.321817422,-1.321817422,0.211575962
OPA1-K827,OPA1,-0.0571,1,0,0,1,0.085,0.223910487,0.649925565,0.649925565,0.488233117
ORM1-K148,ORM1,0.071,0.925082,0.033819769,0.033819769,1,0.785,0.31847658,0.4969225,0.4969225,0.588506843
ORM1-K179,ORM1,-0.00735,0.684600688,0.164562669,-0.164562669,1,0.785,0.31847658,0.4969225,0.4969225,0.588506843
ORM2-K148,ORM2,-0.1022,0.691575598,0.160160339,-0.160160339,1,0.27,0.306599997,0.513427853,0.513427853,0.577213184
OTUB1-K271,OTUB1,-0.0552,0.852250077,0.069432951,-0.069432951,1,0.105,0.128723535,0.890342042,0.890342042,0.365278857
OTUD4-K278,OTUD4,0.055,0.274922601,0.560789557,0.560789557,0.902857656,0.185,0.002849613,2.545214041,2.545214041,0.044879761
OTUD7B-K505,OTUD7B,0.24075,0.686645552,0.163267389,0.163267389,1,0.105,0.669479586,0.174262661,0.174262661,0.839304802
OTUD7B-K93,OTUD7B,-1.0425,0.685714286,0.163856803,-0.163856803,1,0.105,0.669479586,0.174262661,0.174262661,0.839304802
OXCT1-K192,OXCT1,-0.252,0.123638212,0.907847284,-0.907847284,0.798980637,-0.105,0.862091003,0.064446887,-0.064446887,0.93983226
OXCT1-K303,OXCT1,-0.126,0.728962642,0.137294728,-0.137294728,1,-0.105,0.862091003,0.064446887,-0.064446887,0.93983226
OXCT1-K425,OXCT1,-0.0429,0.792799768,0.100836486,-0.100836486,1,-0.105,0.862091003,0.064446887,-0.064446887,0.93983226
OXCT1-K458,OXCT1,-0.15845,0.889273441,0.050964678,-0.050964678,1,-0.105,0.862091003,0.064446887,-0.064446887,0.93983226
OXCT1-K462,OXCT1,0.1056,0.423031164,0.373627637,0.373627637,0.961720515,-0.105,0.862091003,0.064446887,-0.064446887,0.93983226
OXCT1-K470,OXCT1,-0.0702,0.43005137,0.366479664,-0.366479664,0.961720515,-0.105,0.862091003,0.064446887,-0.064446887,0.93983226
OXCT1-K487,OXCT1,-0.049,0.76778374,0.11476109,-0.11476109,1,-0.105,0.862091003,0.064446887,-0.064446887,0.93983226
OXCT1-K518,OXCT1,-0.1956965,0.659885007,0.180531739,-0.180531739,1,-0.105,0.862091003,0.064446887,-0.064446887,0.93983226
OXR1-K220,OXR1,-0.40555,0.685714286,0.163856803,-0.163856803,1,-0.295,0.064114665,1.19304262,-1.19304262,0.247547069
P4HA1-K320,P4HA1,0.10885,0.527272727,0.277964692,0.277964692,0.982788878,-0.03,0.662260771,0.17897097,-0.17897097,0.834399531
P4HA1-K334,P4HA1,-0.1135,0.885714286,0.052706351,-0.052706351,1,-0.03,0.662260771,0.17897097,-0.17897097,0.834399531
P4HA1-K510,P4HA1,-0.12625,0.486502998,0.312914479,-0.312914479,0.968040271,-0.03,0.662260771,0.17897097,-0.17897097,0.834399531
P4HB-K283,P4HB,0.0711,0.699134199,0.155439453,0.155439453,1,0.125,0.101426409,0.99384895,0.99384895,0.319325789
P4HB-K328,P4HB,0.7225,0.050556404,1.296223821,1.296223821,0.675818754,0.125,0.101426409,0.99384895,0.99384895,0.319325789
P4HB-K385,P4HB,0.168,0.23817867,0.623097134,0.623097134,0.879057947,0.125,0.101426409,0.99384895,0.99384895,0.319325789
PA2G4-K101,PA2G4,0.40125,0.315151515,0.501480601,0.501480601,0.920825313,0.155,0.022690107,1.644163461,1.644163461,0.140241421
PABPC3-K108,PABPC3,0.119,0.098401861,1.006996688,1.006996688,0.776434795,-0.22,0.308735583,0.510413314,-0.510413314,0.579566902
PACSIN2-K164,PACSIN2,-0.08505,0.786197429,0.104468381,-0.104468381,1,0.225,0.147249306,0.831946743,0.831946743,0.38874989
PACSIN2-K167,PACSIN2,0.11735,0.309191525,0.509772419,0.509772419,0.920825313,0.225,0.147249306,0.831946743,0.831946743,0.38874989
PADI2-K524,PADI2,-0.12146,0.623192125,0.205378043,-0.205378043,1,0.4,0.415672161,0.381249061,0.381249061,0.670457022
PAFAH1B1-K54,PAFAH1B1,-0.15,0.569964361,0.244152299,-0.244152299,0.993833698,0.005,0.429889164,0.366643501,0.366643501,0.681872695
PAFAH1B2-K145,PAFAH1B2,0.00865,0.716844863,0.144574822,0.144574822,1,0.105,0.01962119,1.707274657,1.707274657,0.129495624
PAFAH1B2-K155,PAFAH1B2,-0.12005,0.784058394,0.105651591,-0.105651591,1,0.105,0.01962119,1.707274657,1.707274657,0.129495624
PAFAH2-K176,PAFAH2,0.902,0.00308515,2.510723695,2.510723695,0.35507987,0.015,0.956456369,0.019334837,0.019334837,0.98275829
PAFAH2-K296,PAFAH2,0.27767,0.694867678,0.158097889,0.158097889,1,0.015,0.956456369,0.019334837,0.019334837,0.98275829
PAGR1-K203,PAGR1,-0.052,0.802649769,0.095473915,-0.095473915,1,0.145,0.181783458,0.740445639,0.740445639,0.43605059
PAGR1-K213,PAGR1,0.0979,0.492182534,0.307873802,0.307873802,0.969594397,0.145,0.181783458,0.740445639,0.740445639,0.43605059
PAICS-K127,PAICS,0.1825,0.851814852,0.069654792,0.069654792,1,0.41,0.008035865,2.094967346,2.094967346,0.078326349
PAICS-K268,PAICS,0.2128,0.19006091,0.721107196,0.721107196,0.859405482,0.41,0.008035865,2.094967346,2.094967346,0.078326349
PAICS-K311,PAICS,0.1674814,0.477310924,0.321198626,0.321198626,0.967568225,0.41,0.008035865,2.094967346,2.094967346,0.078326349
PAK1-K63,PAK1,0.2945,0.042364828,1.372994557,1.372994557,0.632130219,0.005,0.964365673,0.015758257,0.015758257,0.985115862
PAK1IP1-K371,PAK1IP1,0.3213,0.049179852,1.30821278,1.30821278,0.671486776,0.07,0.53172814,0.274310355,0.274310355,0.752743395
PAK2-K62,PAK2,-0.044765,0.903636548,0.044006212,-0.044006212,1,0.155,0.033201436,1.478843128,1.478843128,0.172797225
PALLD-K1025,PALLD,-0.178,0.750766567,0.124495075,-0.124495075,1,-0.58,0.008158073,2.088412435,-2.088412435,0.07892487
PANK4-K137,PANK4,-0.04825,0.885714286,0.052706351,-0.052706351,1,0.15,0.052833495,1.277090662,1.277090662,0.223144126
PAPOLA-K641,PAPOLA,0.27755,0.209196424,0.679445743,0.679445743,0.870498834,0.145,0.131269461,0.881836299,0.881836299,0.368730369
PAPOLA-K650,PAPOLA,0.09785,0.665751627,0.176687764,0.176687764,1,0.145,0.131269461,0.881836299,0.881836299,0.368730369
PAPSS1-K12,PAPSS1,0.15885,0.148998061,0.826819384,0.826819384,0.831563929,-0.195,0.253611754,0.595830623,-0.595830623,0.523869101
PAPSS1-K243,PAPSS1,-0.036,0.699134199,0.155439453,-0.155439453,1,-0.195,0.253611754,0.595830623,-0.595830623,0.523869101
PARK7-K12,PARK7,0.1578,0.638888889,0.194574665,0.194574665,1,0.215,0.005037563,2.297779531,2.297779531,0.061225671
PARK7-K148,PARK7,-0.1907,0.652389228,0.185493218,-0.185493218,1,0.215,0.005037563,2.297779531,2.297779531,0.061225671
PARK7-K182,PARK7,-0.130805,0.896750309,0.047328465,-0.047328465,1,0.215,0.005037563,2.297779531,2.297779531,0.061225671
PARK7-K32,PARK7,-0.4254,0.001532036,2.814731018,-2.814731018,0.280140937,0.215,0.005037563,2.297779531,2.297779531,0.061225671
PARK7-K62,PARK7,0.0078,0.905071396,0.043317161,0.043317161,1,0.215,0.005037563,2.297779531,2.297779531,0.061225671
PARN-K566,PARN,0.5900471,0.410129106,0.387079409,0.387079409,0.956240488,0.095,0.227641204,0.642749125,0.642749125,0.492827369
PARP1-K105,PARP1,0.282,0.009040789,2.043793654,2.043793654,0.456580938,0.395,0.003300246,2.481453737,2.481453737,0.048605906
PARP1-K108,PARP1,0.1555,0.110292617,0.957453559,0.957453559,0.776434795,0.395,0.003300246,2.481453737,2.481453737,0.048605906
PARP1-K134,PARP1,0.051,0.927272727,0.032792513,0.032792513,1,0.395,0.003300246,2.481453737,2.481453737,0.048605906
PARP1-K148,PARP1,0.144828,0.662004662,0.179138952,0.179138952,1,0.395,0.003300246,2.481453737,2.481453737,0.048605906
PARP1-K400,PARP1,0.04032,0.194570136,0.710923818,0.710923818,0.859405482,0.395,0.003300246,2.481453737,2.481453737,0.048605906
PARP1-K418,PARP1,0.1585,0.020884887,1.680167874,1.680167874,0.553711116,0.395,0.003300246,2.481453737,2.481453737,0.048605906
PARP1-K433,PARP1,0.325735,0.052152397,1.282725722,1.282725722,0.67940945,0.395,0.003300246,2.481453737,2.481453737,0.048605906
PARP1-K518,PARP1,0.074,0.293784922,0.531970498,0.531970498,0.915940728,0.395,0.003300246,2.481453737,2.481453737,0.048605906
PARP1-K528,PARP1,0.0286,1,0,0,1,0.395,0.003300246,2.481453737,2.481453737,0.048605906
PARP1-K600,PARP1,0.32495,0.322688455,0.491216572,0.491216572,0.929614984,0.395,0.003300246,2.481453737,2.481453737,0.048605906
PARP1-K621,PARP1,0.216,0.01575918,1.80246638,1.80246638,0.513483788,0.395,0.003300246,2.481453737,2.481453737,0.048605906
PARP1-K633,PARP1,0.1822,0.311069434,0.507142661,0.507142661,0.920825313,0.395,0.003300246,2.481453737,2.481453737,0.048605906
PARP1-K654,PARP1,-0.08815,0.832944833,0.079383762,-0.079383762,1,0.395,0.003300246,2.481453737,2.481453737,0.048605906
PARP1-K662,PARP1,0.0355,0.697475559,0.156471006,0.156471006,1,0.395,0.003300246,2.481453737,2.481453737,0.048605906
PARP1-K84,PARP1,0.229,0.137558663,0.861512054,0.861512054,0.814916032,0.395,0.003300246,2.481453737,2.481453737,0.048605906
PARP1-K852,PARP1,0.2622,0.001194067,2.922971169,2.922971169,0.263676789,0.395,0.003300246,2.481453737,2.481453737,0.048605906
PARP14-K511,PARP14,0.29595,0.859140859,0.065935626,0.065935626,1,-0.005,0.585088845,0.232778182,-0.232778182,0.787106408
PARP9-K72,PARP9,-0.0391,0.904761905,0.043465694,-0.043465694,1,-0.155,0.190085272,0.721051531,-0.721051531,0.444871128
PARVA-K260,PARVA,-0.093,0.504753798,0.296920405,-0.296920405,0.97292638,-0.275,0.21100288,0.675711618,-0.675711618,0.472246388
PARVA-K274,PARVA,0.003,0.926298658,0.033248965,0.033248965,1,-0.275,0.21100288,0.675711618,-0.675711618,0.472246388
PARVA-K32,PARVA,-0.08685,0.259432321,0.585975919,-0.585975919,0.89910915,-0.275,0.21100288,0.675711618,-0.675711618,0.472246388
PARVA-K355,PARVA,-0.55783,0.18981019,0.721680477,-0.721680477,0.859405482,-0.275,0.21100288,0.675711618,-0.675711618,0.472246388
PAX2-K98,PAX2,0.4646,0.347768656,0.458709562,0.458709562,0.93437433,-0.44,0.899524185,0.045987156,-0.045987156,0.959008171
PAX8-K80,PAX8,0.2585,0.060777441,1.216257587,1.216257587,0.703854924,0.495,0.005701699,2.243995747,2.243995747,0.065212868
PAXBP1-K164,PAXBP1,0.2645,1,0,0,1,0.25,0.041333834,1.383694311,1.383694311,0.195685892
PAXBP1-K278,PAXBP1,0.29065,6.22E-04,3.206412035,3.206412035,0.2296401,0.25,0.041333834,1.383694311,1.383694311,0.195685892
PAXIP1-K278,PAXIP1,0.12,0.888881004,0.051156375,0.051156375,1,0.15,0.017180347,1.76496808,1.76496808,0.12011625
PAXIP1-K847,PAXIP1,0.02,0.570242478,0.243940435,0.243940435,0.993833698,0.15,0.017180347,1.76496808,1.76496808,0.12011625
PAXIP1-K859,PAXIP1,-0.0469,0.94971695,0.022405811,-0.022405811,1,0.15,0.017180347,1.76496808,1.76496808,0.12011625
PBDC1-K177,PBDC1,0.6848,0.187225003,0.727636154,0.727636154,0.859405482,0.23,0.037104628,1.430571921,1.430571921,0.184474587
PBRM1-K414,PBRM1,0.1335,0.160157434,0.795452898,0.795452898,0.84636288,0.125,0.021246957,1.672703261,1.672703261,0.135421076
PBX1-K297,PBX1,0.0015,0.560955943,0.251071247,0.251071247,0.991315092,-0.405,0.027898511,1.554418976,-1.554418976,0.15748099
PBX3-K299,PBX3,0.0015,0.560955943,0.251071247,0.251071247,0.991315092,-0.015,0.92487056,0.033919045,-0.033919045,0.968828202
PCBD2-K125,PCBD2,0.1434,0.469000509,0.328826686,0.328826686,0.967568225,0.13,0.490186644,0.309638526,0.309638526,0.72948303
PCBP1-K115,PCBP1,-0.1463,0.325542189,0.487392721,-0.487392721,0.930954294,0.015,0.17540261,0.755963948,0.755963948,0.42786796
PCBP1-K351,PCBP1,-0.201,0.453102645,0.343803402,-0.343803402,0.966193174,0.015,0.17540261,0.755963948,0.755963948,0.42786796
PCBP2-K37,PCBP2,-0.6375,0.129605688,0.887375937,-0.887375937,0.806504592,-0.09,0.581632092,0.235351639,-0.235351639,0.78460786
PCCA-K150,PCCA,0.1373,0.309927961,0.508739241,0.508739241,0.920825313,-0.26,0.010137571,1.994066097,-1.994066097,0.089233106
PCCA-K519,PCCA,-0.65975,0.089440081,1.048467814,-1.048467814,0.776434795,-0.26,0.010137571,1.994066097,-1.994066097,0.089233106
PCCA-K65,PCCA,-0.06215,0.68045192,0.167202556,-0.167202556,1,-0.26,0.010137571,1.994066097,-1.994066097,0.089233106
PCCB-K101,PCCB,-0.18987,0.162255248,0.789801248,-0.789801248,0.848347798,0.245,9.14E-04,3.038984859,3.038984859,0.023695189
PCCB-K60,PCCB,-0.40905,0.023043155,1.637458068,-1.637458068,0.562122244,0.245,9.14E-04,3.038984859,3.038984859,0.023695189
PCCB-K99,PCCB,0.0165,0.709051597,0.14932216,0.14932216,1,0.245,9.14E-04,3.038984859,3.038984859,0.023695189
PCID2-K187,PCID2,-0.0579,0.765873704,0.115842842,-0.115842842,1,0.15,0.018877555,1.724054263,1.724054263,0.12678937
PCK2-K414,PCK2,-0.543,0.2,0.698970004,-0.698970004,0.859405482,0.44,0.001954965,2.708861106,2.708861106,0.036093715
PCLAF-K24,PCLAF,0.0727,0.732546865,0.135164586,0.135164586,1,0.7,3.96E-05,4.401839652,4.401839652,0.004390419
PCLAF-K93,PCLAF,0.47669,0.055582258,1.255063813,1.255063813,0.68202138,0.7,3.96E-05,4.401839652,4.401839652,0.004390419
PCMT1-K82,PCMT1,0.0221,0.494211061,0.306087539,0.306087539,0.969644025,0.055,0.447538232,0.349169858,0.349169858,0.696719397
PCNA-K181,PCNA,-0.01019,0.880975593,0.055036124,-0.055036124,1,0.595,1.44E-04,3.842967178,3.842967178,0.008245256
PCNA-K80,PCNA,0.5361,0.004244339,2.37218992,2.37218992,0.377682496,0.595,1.44E-04,3.842967178,3.842967178,0.008245256
PCNP-K13,PCNP,-0.032,0.427251759,0.369316141,-0.369316141,0.961720515,-0.09,0.424139498,0.372491282,-0.372491282,0.678044524
PCNP-K150,PCNP,-0.0361,0.697612078,0.156386009,-0.156386009,1,-0.09,0.424139498,0.372491282,-0.372491282,0.678044524
PCNP-K152,PCNP,0.379,0.102074934,0.991080891,0.991080891,0.776434795,-0.09,0.424139498,0.372491282,-0.372491282,0.678044524
PCNP-K29,PCNP,-0.07135,0.599118699,0.222487125,-0.222487125,1,-0.09,0.424139498,0.372491282,-0.372491282,0.678044524
PCNP-K64,PCNP,0.0601225,0.432955063,0.363557177,0.363557177,0.961720515,-0.09,0.424139498,0.372491282,-0.372491282,0.678044524
PCNP-K81,PCNP,0.17649,0.395041147,0.403357666,0.403357666,0.955360338,-0.09,0.424139498,0.372491282,-0.372491282,0.678044524
PCNP-K89,PCNP,-0.1075,0.555698707,0.255160613,-0.255160613,0.990322445,-0.09,0.424139498,0.372491282,-0.372491282,0.678044524
PCYT1A-K33,PCYT1A,-0.04595,0.787462728,0.103769993,-0.103769993,1,0,0.79248455,0.101009196,0,0.906638378
PDAP1-K137,PDAP1,-0.7088,0.412698413,0.384367201,-0.384367201,0.956240488,0.02,0.602214637,0.220248693,0.220248693,0.798302747
PDAP1-K172,PDAP1,0.174935,0.076434197,1.116712291,1.116712291,0.73988303,0.02,0.602214637,0.220248693,0.220248693,0.798302747
PDCD10-K164,PDCD10,-0.0021,0.713269181,0.146746541,-0.146746541,1,0.05,0.316003763,0.500307745,0.500307745,0.586389294
PDCD10-K169,PDCD10,0.3206,0.19047619,0.720159303,0.720159303,0.859405482,0.05,0.316003763,0.500307745,0.500307745,0.586389294
PDCD6IP-K215,PDCD6IP,-0.312,0.280963481,0.551350125,-0.551350125,0.909317859,-0.1,0.366304742,0.436157459,-0.436157459,0.628511102
PDCD6IP-K234,PDCD6IP,0.1690155,0.685714286,0.163856803,0.163856803,1,-0.1,0.366304742,0.436157459,-0.436157459,0.628511102
PDCD6IP-K274,PDCD6IP,-0.032,0.677084154,0.16935735,-0.16935735,1,-0.1,0.366304742,0.436157459,-0.436157459,0.628511102
PDCD6IP-K308,PDCD6IP,-0.11065,0.458462636,0.338696053,-0.338696053,0.967568225,-0.1,0.366304742,0.436157459,-0.436157459,0.628511102
PDHA1-K101,PDHA1,-0.2594,0.276477696,0.558339899,-0.558339899,0.906076353,0,0.525211026,0.279666165,0,0.750517953
PDHA1-K282,PDHA1,0.4968,0.074950953,1.125222841,1.125222841,0.735568256,0,0.525211026,0.279666165,0,0.750517953
PDHA1-K359,PDHA1,-0.030525,0.513287336,0.28963945,-0.28963945,0.978454616,0,0.525211026,0.279666165,0,0.750517953
PDHA2-K81,PDHA2,-0.1972,0.456184134,0.340859823,-0.340859823,0.96634478,0,0.490251403,0.309581155,0,0.72948303
PDHB-K227,PDHB,-0.2365,0.436833455,0.359684108,-0.359684108,0.961720515,-0.03,0.819378434,0.086515471,-0.086515471,0.920462951
PDHB-K354,PDHB,-0.159,0.471105937,0.326881422,-0.326881422,0.967568225,-0.03,0.819378434,0.086515471,-0.086515471,0.920462951
PDHX-K120,PDHX,0.490008,0.18018746,0.744275438,0.744275438,0.859405482,0.145,0.158657389,0.799539698,0.799539698,0.405367952
PDHX-K194,PDHX,0.136,0.595066097,0.225434793,0.225434793,1,0.145,0.158657389,0.799539698,0.799539698,0.405367952
PDHX-K325,PDHX,-0.5265,0.072106462,1.142025814,-1.142025814,0.735103698,0.145,0.158657389,0.799539698,0.799539698,0.405367952
PDHX-K450,PDHX,-0.28295,0.417317976,0.379532907,-0.379532907,0.960518308,0.145,0.158657389,0.799539698,0.799539698,0.405367952
PDHX-K460,PDHX,-0.906,0.018648019,1.729367305,-1.729367305,0.550225095,0.145,0.158657389,0.799539698,0.799539698,0.405367952
PDHX-K491,PDHX,0.2903,0.732016145,0.13547934,0.13547934,1,0.145,0.158657389,0.799539698,0.799539698,0.405367952
PDIA3-K104,PDIA3,0.1056,0.814199204,0.089269327,0.089269327,1,0.06,0.96832466,0.013979008,0.013979008,0.986928781
PDIA3-K129,PDIA3,-0.0207,0.816045233,0.088285768,-0.088285768,1,0.06,0.96832466,0.013979008,0.013979008,0.986928781
PDIA3-K146,PDIA3,0.06225,0.70651242,0.150880199,0.150880199,1,0.06,0.96832466,0.013979008,0.013979008,0.986928781
PDIA3-K218,PDIA3,0.052,0.73015873,0.136582718,0.136582718,1,0.06,0.96832466,0.013979008,0.013979008,0.986928781
PDIA3-K226,PDIA3,-0.19425,0.221146188,0.655320542,-0.655320542,0.875622157,0.06,0.96832466,0.013979008,0.013979008,0.986928781
PDIA3-K231,PDIA3,0.324,0.072727273,1.138302698,1.138302698,0.735103698,0.06,0.96832466,0.013979008,0.013979008,0.986928781
PDIA3-K335,PDIA3,-0.04,1,0,0,1,0.06,0.96832466,0.013979008,0.013979008,0.986928781
PDIA3-K460,PDIA3,0.0848,0.633053221,0.198559777,0.198559777,1,0.06,0.96832466,0.013979008,0.013979008,0.986928781
PDIA3-K494,PDIA3,-0.1271,0.763391732,0.117252548,-0.117252548,1,0.06,0.96832466,0.013979008,0.013979008,0.986928781
PDIA3-K82,PDIA3,0.2904,0.268760414,0.570634699,0.570634699,0.902857656,0.06,0.96832466,0.013979008,0.013979008,0.986928781
PDIA3-K94,PDIA3,0.037,0.975724018,0.010673004,0.010673004,1,0.06,0.96832466,0.013979008,0.013979008,0.986928781
PDIA4-K103,PDIA4,-0.3278,0.216270503,0.66500271,-0.66500271,0.874300916,-0.11,0.21282464,0.671978092,-0.671978092,0.474295682
PDIA4-K111,PDIA4,-0.048,0.887613637,0.051776034,-0.051776034,1,-0.11,0.21282464,0.671978092,-0.671978092,0.474295682
PDIA4-K163,PDIA4,0.1972,0.797202797,0.098431186,0.098431186,1,-0.11,0.21282464,0.671978092,-0.671978092,0.474295682
PDIA4-K211,PDIA4,0.1635,0.168241769,0.774066173,0.774066173,0.854988513,-0.11,0.21282464,0.671978092,-0.671978092,0.474295682
PDIA4-K245,PDIA4,-0.412125,0.485714286,0.313619123,-0.313619123,0.967568225,-0.11,0.21282464,0.671978092,-0.671978092,0.474295682
PDIA4-K335,PDIA4,-0.08875,0.751144927,0.124276262,-0.124276262,1,-0.11,0.21282464,0.671978092,-0.671978092,0.474295682
PDIA4-K362,PDIA4,-0.4677,0.351863535,0.453625739,-0.453625739,0.935291689,-0.11,0.21282464,0.671978092,-0.671978092,0.474295682
PDIA4-K407,PDIA4,-0.005,0.685714286,0.163856803,-0.163856803,1,-0.11,0.21282464,0.671978092,-0.671978092,0.474295682
PDIA4-K596,PDIA4,-0.24875,1,0,0,1,-0.11,0.21282464,0.671978092,-0.671978092,0.474295682
PDIA5-K460,PDIA5,-0.324563242,0.885714286,0.052706351,-0.052706351,1,-0.255,0.207443215,0.683100765,-0.683100765,0.467889899
PDIA6-K137,PDIA6,0.3503,0.885714286,0.052706351,0.052706351,1,-0.13,0.288117994,0.540429617,-0.540429617,0.558708799
PDLIM1-K203,PDLIM1,0.08925,0.958823529,0.018261317,0.018261317,1,0.015,0.905183751,0.043263251,0.043263251,0.960361609
PDLIM1-K256,PDLIM1,-0.2815,0.648484848,0.188100167,-0.188100167,1,0.015,0.905183751,0.043263251,0.043263251,0.960361609
PDLIM1-K309,PDLIM1,0.04315,1,0,0,1,0.015,0.905183751,0.043263251,0.043263251,0.960361609
PDLIM1-K98,PDLIM1,0.1191,0.241357069,0.617339977,0.617339977,0.885069173,0.015,0.905183751,0.043263251,0.043263251,0.960361609
PDLIM2-K532,PDLIM2,-0.1685,0.239495675,0.620702326,-0.620702326,0.882299551,-0.295,0.196898072,0.705758537,-0.705758537,0.454212191
PDLIM3-K79,PDLIM3,-0.213,0.464966173,0.332578642,-0.332578642,0.967568225,0.55,0.964372588,0.015755143,0.015755143,0.985115862
PDLIM4-K289,PDLIM4,-0.196,0.560409702,0.251494355,-0.251494355,0.991315092,-0.51,0.005967066,2.224239172,-2.224239172,0.066924402
PDLIM5-K444,PDLIM5,-0.394,0.661172161,0.179685441,-0.179685441,1,0.03,0.297280211,0.526833999,0.526833999,0.56774663
PDLIM7-K238,PDLIM7,0.2,0.222222222,0.653212514,0.653212514,0.875622157,-0.28,0.227777902,0.642488411,-0.642488411,0.492827369
PDLIM7-K406,PDLIM7,-0.196,0.750425902,0.124692184,-0.124692184,1,-0.28,0.227777902,0.642488411,-0.642488411,0.492827369
PDPK1-K304,PDPK1,0.478,0.005714744,2.243003231,2.243003231,0.385635311,0.11,0.241345808,0.617360241,0.617360241,0.509669213
PDPR-K854,PDPR,0.077,0.766661911,0.115396112,0.115396112,1,-0.07,0.558092986,0.253293436,-0.253293436,0.770981784
PDS5A-K1146,PDS5A,0.0611,0.989062168,0.00477641,0.00477641,1,0.175,4.93E-04,3.307484823,3.307484823,0.016736937
PDS5A-K1211,PDS5A,0.22865,0.081873691,1.086855633,1.086855633,0.759035086,0.175,4.93E-04,3.307484823,3.307484823,0.016736937
PDS5A-K1267,PDS5A,0.15844,0.073023176,1.136539279,1.136539279,0.735103698,0.175,4.93E-04,3.307484823,3.307484823,0.016736937
PDS5A-K1290,PDS5A,-0.0186,0.710843852,0.148225789,-0.148225789,1,0.175,4.93E-04,3.307484823,3.307484823,0.016736937
PDS5A-K557,PDS5A,0.4271,0.104074816,0.982654349,0.982654349,0.776434795,0.175,4.93E-04,3.307484823,3.307484823,0.016736937
PDS5A-K820,PDS5A,-0.12125,0.295798319,0.529004298,-0.529004298,0.916922529,0.175,4.93E-04,3.307484823,3.307484823,0.016736937
PDS5B-K1124,PDS5B,0.0269,0.475973434,0.322417287,0.322417287,0.967568225,0.03,0.640808963,0.193271423,0.193271423,0.822026779
PDS5B-K1136,PDS5B,-0.0776,0.624349959,0.204571913,-0.204571913,1,0.03,0.640808963,0.193271423,0.193271423,0.822026779
PDS5B-K1242,PDS5B,-0.2119,0.071378686,1.146431454,-1.146431454,0.735103698,0.03,0.640808963,0.193271423,0.193271423,0.822026779
PDS5B-K282,PDS5B,-0.28806,0.046064685,1.336631896,-1.336631896,0.647485954,0.03,0.640808963,0.193271423,0.193271423,0.822026779
PDXK-K161,PDXK,-0.2018,0.031538217,1.501162864,-1.501162864,0.596590852,0.19,0.078059609,1.107573627,1.107573627,0.277509667
PEBP1-K132,PEBP1,-0.12065,0.18529526,0.73213569,-0.73213569,0.859405482,0.12,0.480915827,0.31793093,0.31793093,0.722970519
PEBP1-K150,PEBP1,-0.0819,0.919139816,0.036618421,-0.036618421,1,0.12,0.480915827,0.31793093,0.31793093,0.722970519
PEBP1-K47,PEBP1,-0.24005,0.35182463,0.453673761,-0.453673761,0.935291689,0.12,0.480915827,0.31793093,0.31793093,0.722970519
PEBP1-K62,PEBP1,-0.0795,0.605840945,0.217641379,-0.217641379,1,0.12,0.480915827,0.31793093,0.31793093,0.722970519
PEBP1-K77,PEBP1,0.1333,0.685714286,0.163856803,0.163856803,1,0.12,0.480915827,0.31793093,0.31793093,0.722970519
PELP1-K540,PELP1,-0.0138,0.174699463,0.75770843,-0.75770843,0.859405482,0.27,0.008773655,2.056819423,2.056819423,0.082450925
PES1-K152,PES1,-0.18645,0.560198128,0.251658347,-0.251658347,0.991315092,0.175,0.007799554,2.107930236,2.107930236,0.077021143
PEX11B-K43,PEX11B,-0.14085,0.885714286,0.052706351,-0.052706351,1,0.03,0.758236227,0.120195469,0.120195469,0.888023757
PEX14-K363,PEX14,-0.1155,0.858882852,0.066066068,-0.066066068,1,0.02,0.131247192,0.88190998,0.88190998,0.368730369
PEX2-K84,PEX2,0.3357,0.238134552,0.623177586,0.623177586,0.879057947,-0.215,0.096307991,1.016337676,-1.016337676,0.311448274
PFDN1-K83,PFDN1,0.3234,0.350891329,0.454827364,0.454827364,0.935291689,0.07,0.992077842,0.00345425,0.00345425,0.997690119
PFKL-K410,PFKL,0.3225905,0.342857143,0.464886798,0.464886798,0.930954294,0.19,0.019133126,1.718214078,1.718214078,0.127790256
PFKL-K436,PFKL,0.2,0.431036147,0.365486309,0.365486309,0.961720515,0.19,0.019133126,1.718214078,1.718214078,0.127790256
PFKL-K442,PFKL,0.1556,0.347285355,0.45931353,0.45931353,0.93437433,0.19,0.019133126,1.718214078,1.718214078,0.127790256
PFKL-K519,PFKL,-0.1353,0.473743042,0.324457156,-0.324457156,0.967568225,0.19,0.019133126,1.718214078,1.718214078,0.127790256
PFKL-K679,PFKL,0.052,0.687659297,0.162626681,0.162626681,1,0.19,0.019133126,1.718214078,1.718214078,0.127790256
PFKL-K727,PFKL,-0.3455,0.038461596,1.414972697,-1.414972697,0.629192265,0.19,0.019133126,1.718214078,1.718214078,0.127790256
PFKL-K776,PFKL,0.1416,0.441731347,0.354841781,0.354841781,0.961720515,0.19,0.019133126,1.718214078,1.718214078,0.127790256
PFKM-K667,PFKM,-1.16,0.001171237,2.931355117,-2.931355117,0.263676789,-0.57,0.0188888,1.723795624,-1.723795624,0.12678937
PFKM-K733,PFKM,-0.374855,0.446016226,0.350649341,-0.350649341,0.961720515,-0.57,0.0188888,1.723795624,-1.723795624,0.12678937
PFKM-K781,PFKM,-0.3405,7.26E-04,3.139345942,-3.139345942,0.242464481,-0.57,0.0188888,1.723795624,-1.723795624,0.12678937
PFKP-K156,PFKP,-0.0222,0.688820089,0.161894195,-0.161894195,1,-0.005,0.169184489,0.771639456,-0.771639456,0.419296818
PFKP-K395,PFKP,0.02834,0.884931011,0.053090585,0.053090585,1,-0.005,0.169184489,0.771639456,-0.771639456,0.419296818
PFKP-K480,PFKP,-0.06045,0.77221023,0.112264449,-0.112264449,1,-0.005,0.169184489,0.771639456,-0.771639456,0.419296818
PFKP-K486,PFKP,-0.0936,1,0,0,1,-0.005,0.169184489,0.771639456,-0.771639456,0.419296818
PFKP-K688,PFKP,-0.2591,0.090207288,1.044758376,-1.044758376,0.776434795,-0.005,0.169184489,0.771639456,-0.771639456,0.419296818
PFKP-K724,PFKP,-0.1683,0.443043884,0.353553254,-0.353553254,0.961720515,-0.005,0.169184489,0.771639456,-0.771639456,0.419296818
PFKP-K736,PFKP,-0.08591,1,9.64E-17,-9.64E-17,1,-0.005,0.169184489,0.771639456,-0.771639456,0.419296818
PFN1-K105,PFN1,0.1698,0.129595791,0.887409104,0.887409104,0.806504592,0.5,0.005040094,2.297561363,2.297561363,0.061225671
PFN1-K108,PFN1,0.00555,0.835322306,0.078145921,0.078145921,1,0.5,0.005040094,2.297561363,2.297561363,0.061225671
PFN1-K116,PFN1,-0.3615,0.132967033,0.876256022,-0.876256022,0.809164535,0.5,0.005040094,2.297561363,2.297561363,0.061225671
PFN1-K126,PFN1,0.208,0.02141653,1.66925089,1.66925089,0.553711116,0.5,0.005040094,2.297561363,2.297561363,0.061225671
PFN1-K70,PFN1,-0.117373,0.600565318,0.221439751,-0.221439751,1,0.5,0.005040094,2.297561363,2.297561363,0.061225671
PFN2-K69,PFN2,-0.1112,0.663733053,0.178006554,-0.178006554,1,-0.055,0.410001082,0.387214997,-0.387214997,0.665966583
PGAM1-K157,PGAM1,-0.03795,0.474898708,0.323399012,-0.323399012,0.967568225,0.26,0.181829321,0.740336082,0.740336082,0.43605059
PGAM1-K39,PGAM1,0.044815,0.538072454,0.269159241,0.269159241,0.985226023,0.26,0.181829321,0.740336082,0.740336082,0.43605059
PGAM2-K251,PGAM2,-0.0185,0.724562984,0.139923856,-0.139923856,1,-0.32,0.05995786,1.222153877,-1.222153877,0.238306443
PGAM5-K88,PGAM5,0.1227865,0.485714286,0.313619123,0.313619123,0.967568225,0.255,0.003989315,2.399101624,2.399101624,0.053968484
PGAM5-K93,PGAM5,0.2025,0.358736166,0.445224838,0.445224838,0.936845827,0.255,0.003989315,2.399101624,2.399101624,0.053968484
PGD-K294,PGD,0.1787,0.243955923,0.612688634,0.612688634,0.890318598,0.35,0.002718463,2.56567651,2.56567651,0.043662411
PGD-K38,PGD,-0.038345,0.878797673,0.056111102,-0.056111102,1,0.35,0.002718463,2.56567651,2.56567651,0.043662411
PGD-K59,PGD,0.0146,0.705327842,0.151608972,0.151608972,1,0.35,0.002718463,2.56567651,2.56567651,0.043662411
PGD-K64,PGD,0.03609,0.885714286,0.052706351,0.052706351,1,0.35,0.002718463,2.56567651,2.56567651,0.043662411
PGD-K76,PGD,-0.0355,0.448931651,0.347819775,-0.347819775,0.962898021,0.35,0.002718463,2.56567651,2.56567651,0.043662411
PGK1-K106,PGK1,-0.079475,0.745009552,0.127838159,-0.127838159,1,0.455,0.015222921,1.81750202,1.81750202,0.112233928
PGK1-K11,PGK1,0.1697,0.214630673,0.668308212,0.668308212,0.874300916,0.455,0.015222921,1.81750202,1.81750202,0.112233928
PGK1-K131,PGK1,-0.0223,0.490284574,0.309551771,-0.309551771,0.969594397,0.455,0.015222921,1.81750202,1.81750202,0.112233928
PGK1-K139,PGK1,0.1025,0.151485102,0.819630076,0.819630076,0.831690101,0.455,0.015222921,1.81750202,1.81750202,0.112233928
PGK1-K141,PGK1,-0.3889,0.757692308,0.120507122,-0.120507122,1,0.455,0.015222921,1.81750202,1.81750202,0.112233928
PGK1-K146,PGK1,0.0037905,0.644401424,0.190843509,0.190843509,1,0.455,0.015222921,1.81750202,1.81750202,0.112233928
PGK1-K191,PGK1,0.205,0.529547065,0.276095434,0.276095434,0.983510626,0.455,0.015222921,1.81750202,1.81750202,0.112233928
PGK1-K199,PGK1,0.1507,0.159891062,0.796175812,0.796175812,0.84636288,0.455,0.015222921,1.81750202,1.81750202,0.112233928
PGK1-K216,PGK1,0.113,0.273149463,0.563599648,0.563599648,0.902857656,0.455,0.015222921,1.81750202,1.81750202,0.112233928
PGK1-K220,PGK1,0.1439,1,0,0,1,0.455,0.015222921,1.81750202,1.81750202,0.112233928
PGK1-K230,PGK1,0.21281,0.485714286,0.313619123,0.313619123,0.967568225,0.455,0.015222921,1.81750202,1.81750202,0.112233928
PGK1-K272,PGK1,0.143228,0.366469991,0.435961583,0.435961583,0.938794148,0.455,0.015222921,1.81750202,1.81750202,0.112233928
PGK1-K275,PGK1,-0.1831,0.593495718,0.22658241,-0.22658241,1,0.455,0.015222921,1.81750202,1.81750202,0.112233928
PGK1-K291,PGK1,0.3636,0.104943803,0.9790432,0.9790432,0.776434795,0.455,0.015222921,1.81750202,1.81750202,0.112233928
PGK1-K297,PGK1,-0.0249,1,0,0,1,0.455,0.015222921,1.81750202,1.81750202,0.112233928
PGK1-K30,PGK1,-0.059775,0.889479864,0.050863879,-0.050863879,1,0.455,0.015222921,1.81750202,1.81750202,0.112233928
PGK1-K322,PGK1,0.0618,0.23556571,0.627887927,0.627887927,0.879057947,0.455,0.015222921,1.81750202,1.81750202,0.112233928
PGK1-K323,PGK1,0.10034,0.292890044,0.53329539,0.53329539,0.914776293,0.455,0.015222921,1.81750202,1.81750202,0.112233928
PGK1-K361,PGK1,0.00667,0.535017784,0.271631782,0.271631782,0.984176452,0.455,0.015222921,1.81750202,1.81750202,0.112233928
PGK1-K382,PGK1,0.12,0.363134155,0.439932901,0.439932901,0.936845827,0.455,0.015222921,1.81750202,1.81750202,0.112233928
PGK1-K41,PGK1,-0.37185,0.861538462,0.06472533,-0.06472533,1,0.455,0.015222921,1.81750202,1.81750202,0.112233928
PGK1-K48,PGK1,0.0385,0.9091193,0.041379123,0.041379123,1,0.455,0.015222921,1.81750202,1.81750202,0.112233928
PGK1-K56,PGK1,-0.074905,0.664694359,0.177378007,-0.177378007,1,0.455,0.015222921,1.81750202,1.81750202,0.112233928
PGK1-K75,PGK1,0.1115,0.338141974,0.470900916,0.470900916,0.930954294,0.455,0.015222921,1.81750202,1.81750202,0.112233928
PGK1-K86,PGK1,0.1692,0.629051239,0.201313978,0.201313978,1,0.455,0.015222921,1.81750202,1.81750202,0.112233928
PGK2-K30,PGK2,0.1505,0.753113553,0.123139537,0.123139537,1,-0.61,0.199392926,0.700290253,-0.700290253,0.457957319
PGK2-K388,PGK2,0.3935,0.180079824,0.744534943,0.744534943,0.859405482,-0.61,0.199392926,0.700290253,-0.700290253,0.457957319
PGLS-K180,PGLS,-0.186,0.274596129,0.56130559,-0.56130559,0.902857656,0.05,0.796325465,0.098909396,0.098909396,0.908718365
PGM1-K252,PGM1,0.11835,0.940486978,0.026647213,0.026647213,1,0.07,0.534944914,0.271690937,0.271690937,0.755088844
PGM1-K437,PGM1,1.00E-04,0.89662106,0.047391065,0.047391065,1,0.07,0.534944914,0.271690937,0.271690937,0.755088844
PGM1-K475,PGM1,-0.49885,0.057595489,1.23961153,-1.23961153,0.686256608,0.07,0.534944914,0.271690937,0.271690937,0.755088844
PGM2-K292,PGM2,-0.22287,0.392387022,0.406285365,-0.406285365,0.953727646,0.03,0.968326155,0.013978337,0.013978337,0.986928781
PGM2-K36,PGM2,-0.1455,0.207851449,0.682246943,-0.682246943,0.868274686,0.03,0.968326155,0.013978337,0.013978337,0.986928781
PGM2-K491,PGM2,-0.098,0.332195797,0.478605867,-0.478605867,0.930954294,0.03,0.968326155,0.013978337,0.013978337,0.986928781
PGM2-K512,PGM2,-0.3335,0.156579063,0.80526631,-0.80526631,0.842963497,0.03,0.968326155,0.013978337,0.013978337,0.986928781
PGM2-K532,PGM2,-0.2234,0.332195797,0.478605867,-0.478605867,0.930954294,0.03,0.968326155,0.013978337,0.013978337,0.986928781
PGM2-K567,PGM2,-0.1123,0.389113346,0.409923873,-0.409923873,0.951245477,0.03,0.968326155,0.013978337,0.013978337,0.986928781
PGM2-K585,PGM2,-0.16777445,0.408841696,0.388444818,-0.388444818,0.956240488,0.03,0.968326155,0.013978337,0.013978337,0.986928781
PGM2-K91,PGM2,-0.32375,0.046755563,1.330166708,-1.330166708,0.652347002,0.03,0.968326155,0.013978337,0.013978337,0.986928781
PGM2-K97,PGM2,-0.3831,0.043232825,1.364186388,-1.364186388,0.636075396,0.03,0.968326155,0.013978337,0.013978337,0.986928781
PGM2L1-K200,PGM2L1,0.2056,1,0,0,1,0.035,0.591911456,0.227743255,0.227743255,0.791243771
PGM2L1-K413,PGM2L1,-0.1588,0.194570136,0.710923818,-0.710923818,0.859405482,0.035,0.591911456,0.227743255,0.227743255,0.791243771
PGM3-K378,PGM3,0.12427,0.553560372,0.256835008,0.256835008,0.990319758,0.185,0.092454937,1.034069893,1.034069893,0.304061878
PGM5-K224,PGM5,-0.1516,0.4328034,0.363709336,-0.363709336,0.961720515,-1.075,0.045490881,1.342075656,-1.342075656,0.206135798
PGM5-K354,PGM5,-0.1045,0.571523341,0.242966028,-0.242966028,0.993833698,-1.075,0.045490881,1.342075656,-1.342075656,0.206135798
PGM5-K424,PGM5,-0.4675,0.204006682,0.690355609,-0.690355609,0.864042783,-1.075,0.045490881,1.342075656,-1.342075656,0.206135798
PGM5-K491,PGM5,-0.041,0.738461103,0.131672375,-0.131672375,1,-1.075,0.045490881,1.342075656,-1.342075656,0.206135798
PGP-K300,PGP,0.51475,0.011532857,1.938063075,1.938063075,0.496549655,0.355,4.17E-04,3.380218533,3.380218533,0.015123818
PGR-K171,PGR,-0.02775,0.471309159,0.32669412,-0.32669412,0.967568225,-0.3,0.191783079,0.717189714,-0.717189714,0.446763881
PGR-K183,PGR,0.046,0.509208023,0.293104762,0.293104762,0.975315181,-0.3,0.191783079,0.717189714,-0.717189714,0.446763881
PGR-K613,PGR,-0.039,0.88677499,0.052186564,-0.052186564,1,-0.3,0.191783079,0.717189714,-0.717189714,0.446763881
PGRMC1-K132,PGRMC1,0.09294,0.829736647,0.081059728,0.081059728,1,-0.105,0.092470334,1.033997575,-1.033997575,0.304061878
PGRMC2-K217,PGRMC2,0.0855,0.979455032,0.009015498,0.009015498,1,0.28,0.002344543,2.629941882,2.629941882,0.040093584
PHAX-K112,PHAX,0.0462,0.945221445,0.024466434,0.024466434,1,-0.05,0.243308538,0.613842651,-0.613842651,0.512412174
PHAX-K183,PHAX,0.197,0.321455672,0.492878907,0.492878907,0.928767355,-0.05,0.243308538,0.613842651,-0.613842651,0.512412174
PHB-K186,PHB,0.016,0.77667858,0.109758672,0.109758672,1,0.13,0.059231287,1.227448828,1.227448828,0.236871884
PHB-K202,PHB,0.0737,0.653490357,0.184760817,0.184760817,1,0.13,0.059231287,1.227448828,1.227448828,0.236871884
PHB2-K147,PHB2,-0.136,0.845064438,0.073110174,-0.073110174,1,0.04,0.58846809,0.230277082,0.230277082,0.789111409
PHB2-K200,PHB2,0.271,0.62498317,0.204131677,0.204131677,1,0.04,0.58846809,0.230277082,0.230277082,0.789111409
PHB2-K262,PHB2,-0.20767,0.289428616,0.538458532,-0.538458532,0.911658441,0.04,0.58846809,0.230277082,0.230277082,0.789111409
PHB2-K296,PHB2,0.2965,0.1517765,0.818795466,0.818795466,0.832162092,0.04,0.58846809,0.230277082,0.230277082,0.789111409
PHB2-K89,PHB2,0.153,0.908133905,0.04185011,0.04185011,1,0.04,0.58846809,0.230277082,0.230277082,0.789111409
PHC3-K268,PHC3,0.0222,0.439040174,0.357495738,0.357495738,0.961720515,-0.1,0.23942662,0.620827565,-0.620827565,0.507294064
PHF12-K252,PHF12,0.3940942,0.357069143,0.447247678,0.447247678,0.936845827,0.165,0.424173555,0.372456411,0.372456411,0.678044524
PHF14-K875,PHF14,-0.929,0.2,0.698970004,-0.698970004,0.859405482,0,0.640749366,0.193311815,0,0.822026779
PHF2-K1067,PHF2,0.1175,0.9664774,0.014808297,0.014808297,1,-0.175,0.005114979,2.291156183,-2.291156183,0.061660939
PHF2-K720,PHF2,-0.1837,0.217741323,0.662059143,-0.662059143,0.875622157,-0.175,0.005114979,2.291156183,-2.291156183,0.061660939
PHF2-K839,PHF2,-0.05655,0.595396546,0.225193689,-0.225193689,1,-0.175,0.005114979,2.291156183,-2.291156183,0.061660939
PHF2-K843,PHF2,-0.05655,0.595396546,0.225193689,-0.225193689,1,-0.175,0.005114979,2.291156183,-2.291156183,0.061660939
PHF20-K843,PHF20,0.43755,0.792457542,0.101023997,0.101023997,1,0.055,0.407006717,0.390398424,0.390398424,0.663312892
PHF20L1-K274,PHF20L1,0.0673,1,0,0,1,-0.13,0.014787821,1.830095825,-1.830095825,0.110498737
PHF20L1-K766,PHF20L1,0.1458,0.527272727,0.277964692,0.277964692,0.982788878,-0.13,0.014787821,1.830095825,-1.830095825,0.110498737
PHF3-K164,PHF3,0.2627407,0.061761214,1.209284179,1.209284179,0.70729411,0.045,0.913035053,0.039512549,0.039512549,0.964007664
PHF3-K170,PHF3,-0.1813305,0.164161549,0.784728558,-0.784728558,0.848347798,0.045,0.913035053,0.039512549,0.039512549,0.964007664
PHF3-K174,PHF3,-0.422,0.457029927,0.340055361,-0.340055361,0.966707499,0.045,0.913035053,0.039512549,0.039512549,0.964007664
PHF3-K520,PHF3,-0.324,0.412698413,0.384367201,-0.384367201,0.956240488,0.045,0.913035053,0.039512549,0.039512549,0.964007664
PHF5A-K25,PHF5A,-0.036,0.905347421,0.043184731,-0.043184731,1,0.22,0.017656337,1.7530994,1.7530994,0.122275685
PHF5A-K80,PHF5A,-0.17095,0.787878788,0.103540592,-0.103540592,1,0.22,0.017656337,1.7530994,1.7530994,0.122275685
PHF8-K1043,PHF8,0.08717,0.365967366,0.43655764,0.43655764,0.938794148,0.78,0.004736432,2.324548687,2.324548687,0.059386083
PHF8-K219,PHF8,0.24255,0.230218095,0.637860544,0.637860544,0.879057947,0.78,0.004736432,2.324548687,2.324548687,0.059386083
PHF8-K36,PHF8,-0.0291,0.445257909,0.351388357,-0.351388357,0.961720515,0.78,0.004736432,2.324548687,2.324548687,0.059386083
PHF8-K813,PHF8,0.1139,0.558350873,0.2530928,0.2530928,0.990772801,0.78,0.004736432,2.324548687,2.324548687,0.059386083
PHGDH-K21,PHGDH,0.0575,0.60159902,0.22069288,0.22069288,1,0.25,0.103552276,0.98484035,0.98484035,0.322980902
PHGDH-K33,PHGDH,-0.140472,0.660805861,0.179926114,-0.179926114,1,0.25,0.103552276,0.98484035,0.98484035,0.322980902
PHGDH-K58,PHGDH,-0.071,0.746813558,0.126787806,-0.126787806,1,0.25,0.103552276,0.98484035,0.98484035,0.322980902
PHIP-K1399,PHIP,-0.1095,0.784632083,0.105333938,-0.105333938,1,0.155,0.169159876,0.771702642,0.771702642,0.419296818
PHIP-K1533,PHIP,-0.0289,0.49214177,0.307909773,-0.307909773,0.969594397,0.155,0.169159876,0.771702642,0.771702642,0.419296818
PHIP-K1542,PHIP,0.02575,0.4136397,0.383377786,0.383377786,0.956240488,0.155,0.169159876,0.771702642,0.771702642,0.419296818
PHIP-K1736,PHIP,0.024,0.848972923,0.071106161,0.071106161,1,0.155,0.169159876,0.771702642,0.771702642,0.419296818
PHYH-K108,PHYH,0.38555,0.490842491,0.309057849,0.309057849,0.969594397,-0.035,0.34565372,0.461358765,-0.461358765,0.613250869
PHYH-K120,PHYH,0.3067,0.365967366,0.43655764,0.43655764,0.938794148,-0.035,0.34565372,0.461358765,-0.461358765,0.613250869
PI3-K102,PI3,-0.8745,0.017067556,1.767828669,-1.767828669,0.523057233,-0.245,0.720836352,0.14216332,-0.14216332,0.867551987
PIAS2-K452,PIAS2,-0.1169,0.928207249,0.032355044,-0.032355044,1,-0.035,0.283636076,0.547238532,-0.547238532,0.554143923
PIGR-K109,PIGR,0.04599,1,0,0,1,0.195,0.43293092,0.363581396,0.363581396,0.684288943
PIGR-K155,PIGR,-0.034775,0.717133151,0.144400201,-0.144400201,1,0.195,0.43293092,0.363581396,0.363581396,0.684288943
PIGR-K161,PIGR,-0.38232,0.83633116,0.077621722,-0.077621722,1,0.195,0.43293092,0.363581396,0.363581396,0.684288943
PIGR-K230,PIGR,0.2158,0.453498952,0.343423712,0.343423712,0.966193174,0.195,0.43293092,0.363581396,0.363581396,0.684288943
PIGR-K239,PIGR,-0.1213,0.914336637,0.038893878,-0.038893878,1,0.195,0.43293092,0.363581396,0.363581396,0.684288943
PIGR-K288,PIGR,0.328,0.051707462,1.286446776,1.286446776,0.67940945,0.195,0.43293092,0.363581396,0.363581396,0.684288943
PIGR-K304,PIGR,0.41125,0.197971344,0.703397669,0.703397669,0.859405482,0.195,0.43293092,0.363581396,0.363581396,0.684288943
PIGR-K360,PIGR,-0.2263395,0.261134119,0.583136381,-0.583136381,0.899293861,0.195,0.43293092,0.363581396,0.363581396,0.684288943
PIGR-K382,PIGR,-0.3507,0.114805731,0.940036432,-0.940036432,0.777778072,0.195,0.43293092,0.363581396,0.363581396,0.684288943
PIGR-K406,PIGR,-0.20911,0.520879121,0.283263051,-0.283263051,0.982124714,0.195,0.43293092,0.363581396,0.363581396,0.684288943
PIGR-K487,PIGR,0.7355,0.171757826,0.765083466,0.765083466,0.858569025,0.195,0.43293092,0.363581396,0.363581396,0.684288943
PIGR-K493,PIGR,-0.16625,0.442952997,0.353642355,-0.353642355,0.961720515,0.195,0.43293092,0.363581396,0.363581396,0.684288943
PIGR-K547,PIGR,0.192,0.400774664,0.397099741,0.397099741,0.956240488,0.195,0.43293092,0.363581396,0.363581396,0.684288943
PIGR-K585,PIGR,-0.315,0.573856209,0.241196915,-0.241196915,0.994730291,0.195,0.43293092,0.363581396,0.363581396,0.684288943
PIGR-K77,PIGR,-0.3051,0.297344967,0.526739409,-0.526739409,0.918222724,0.195,0.43293092,0.363581396,0.363581396,0.684288943
PIN1-K46,PIN1,0.19585,0.436617147,0.359899212,0.359899212,0.961720515,0.015,0.595346332,0.225230318,0.225230318,0.793515817
PIN4-K51,PIN4,0.55827,0.333314512,0.477145778,0.477145778,0.930954294,0.19,0.03575141,1.446706827,1.446706827,0.180210536
PIN4-K72,PIN4,-0.364,0.46182122,0.335526116,-0.335526116,0.967568225,0.19,0.03575141,1.446706827,1.446706827,0.180210536
PIP4K2A-K160,PIP4K2A,-0.0133745,0.685714286,0.163856803,-0.163856803,1,-0.195,0.285906506,0.543775962,-0.543775962,0.556360367
PIP4K2A-K89,PIP4K2A,-0.0358375,0.208749928,0.680373667,-0.680373667,0.870473554,-0.195,0.285906506,0.543775962,-0.543775962,0.556360367
PIP4K2B-K150,PIP4K2B,-0.01295,0.877377394,0.05681356,-0.05681356,1,-0.165,0.011042213,1.956943876,-1.956943876,0.094012603
PIP4K2C-K99,PIP4K2C,-0.1347,0.533799534,0.27262181,-0.27262181,0.984176452,-0.025,0.333071069,0.477463089,-0.477463089,0.601900436
PITPNA-K162,PITPNA,-0.1093,0.217697279,0.662147,-0.662147,0.875622157,0.07,0.333088832,0.477439928,0.477439928,0.601900436
PITPNA-K215,PITPNA,0.159,0.321266968,0.493133925,0.493133925,0.928767355,0.07,0.333088832,0.477439928,0.477439928,0.601900436
PITPNB-K52,PITPNB,-0.2113,0.437562438,0.358959967,-0.358959967,0.961720515,0.04,0.382332701,0.417558555,0.417558555,0.641667205
PITRM1-K305,PITRM1,0.316,0.103640643,0.984469902,0.984469902,0.776434795,-0.115,0.173849203,0.759827295,-0.759827295,0.425500126
PITRM1-K483,PITRM1,-0.28849,0.516959064,0.286543845,-0.286543845,0.981606795,-0.115,0.173849203,0.759827295,-0.759827295,0.425500126
PITRM1-K494,PITRM1,-0.41455,0.945221445,0.024466434,-0.024466434,1,-0.115,0.173849203,0.759827295,-0.759827295,0.425500126
PITRM1-K513,PITRM1,0.14195,0.885714286,0.052706351,0.052706351,1,-0.115,0.173849203,0.759827295,-0.759827295,0.425500126
PITRM1-K771,PITRM1,-0.1751,0.389846205,0.409106689,-0.409106689,0.951962653,-0.115,0.173849203,0.759827295,-0.759827295,0.425500126
PITRM1-K944,PITRM1,0.0263655,1,0,0,1,-0.115,0.173849203,0.759827295,-0.759827295,0.425500126
PITRM1-K947,PITRM1,0.012,0.777483901,0.109308595,0.109308595,1,-0.115,0.173849203,0.759827295,-0.759827295,0.425500126
PKM-K136,PKM,-0.0304015,1,0,0,1,0.415,0.015854145,1.799857165,1.799857165,0.114494294
PKM-K140,PKM,0.226675,0.013368677,1.873911578,1.873911578,0.501718574,0.415,0.015854145,1.799857165,1.799857165,0.114494294
PKM-K189,PKM,0.5779,0.188245667,0.725275011,0.725275011,0.859405482,0.415,0.015854145,1.799857165,1.799857165,0.114494294
PKM-K209,PKM,0.1545,0.064814202,1.188329821,1.188329821,0.714196044,0.415,0.015854145,1.799857165,1.799857165,0.114494294
PKM-K215,PKM,0.06053,0.647057192,0.189057331,0.189057331,1,0.415,0.015854145,1.799857165,1.799857165,0.114494294
PKM-K225,PKM,-0.0129575,0.585222158,0.232679239,-0.232679239,1,0.415,0.015854145,1.799857165,1.799857165,0.114494294
PKM-K236,PKM,0.31111,0.629451168,0.201037956,0.201037956,1,0.415,0.015854145,1.799857165,1.799857165,0.114494294
PKM-K240,PKM,0.3485,0.019636541,1.70693501,1.70693501,0.550225095,0.415,0.015854145,1.799857165,1.799857165,0.114494294
PKM-K280,PKM,0.08355,0.148680264,0.827746676,0.827746676,0.831563929,0.415,0.015854145,1.799857165,1.799857165,0.114494294
PKM-K298,PKM,0.15185,0.120722516,0.918211722,0.918211722,0.793855532,0.415,0.015854145,1.799857165,1.799857165,0.114494294
PKM-K410,PKM,0.15732,0.310047366,0.508571954,0.508571954,0.920825313,0.415,0.015854145,1.799857165,1.799857165,0.114494294
PKM-K572,PKM,-0.0445,0.659651843,0.18068522,-0.18068522,1,0.415,0.015854145,1.799857165,1.799857165,0.114494294
PLAA-K529,PLAA,-0.0447,0.462834851,0.334573947,-0.334573947,0.967568225,0.08,0.32550678,0.487439962,0.487439962,0.595978715
PLCB3-K161,PLCB3,0.1348,0.898101898,0.046674386,0.046674386,1,0.14,0.183424366,0.736542974,0.736542974,0.438455156
PLEC-K1165,PLEC,-0.195,0.308304269,0.511020462,-0.511020462,0.920825313,-0.245,0.412812482,0.38424718,-0.38424718,0.668279903
PLEC-K1266,PLEC,0.0275,0.646089205,0.189707515,0.189707515,1,-0.245,0.412812482,0.38424718,-0.38424718,0.668279903
PLEC-K1401,PLEC,-0.61,0.093915832,1.02726119,-1.02726119,0.776434795,-0.245,0.412812482,0.38424718,-0.38424718,0.668279903
PLEC-K1573,PLEC,0.08808,0.639898616,0.193888829,0.193888829,1,-0.245,0.412812482,0.38424718,-0.38424718,0.668279903
PLEC-K1626,PLEC,-0.5453,0.038128126,1.418754543,-1.418754543,0.626658516,-0.245,0.412812482,0.38424718,-0.38424718,0.668279903
PLEC-K1996,PLEC,-1.0275,0.17965368,0.745563883,-0.745563883,0.859405482,-0.245,0.412812482,0.38424718,-0.38424718,0.668279903
PLEC-K2274,PLEC,-0.82025,0.024610546,1.608878752,-1.608878752,0.571909972,-0.245,0.412812482,0.38424718,-0.38424718,0.668279903
PLEC-K2452,PLEC,-0.5268,0.104191852,0.982166242,-0.982166242,0.776434795,-0.245,0.412812482,0.38424718,-0.38424718,0.668279903
PLEC-K2915,PLEC,-0.2545,0.366320523,0.43613875,-0.43613875,0.938794148,-0.245,0.412812482,0.38424718,-0.38424718,0.668279903
PLEC-K3420,PLEC,-0.0305,0.703361345,0.152821503,-0.152821503,1,-0.245,0.412812482,0.38424718,-0.38424718,0.668279903
PLEC-K3503,PLEC,-0.506,0.033685682,1.472554651,-1.472554651,0.614041867,-0.245,0.412812482,0.38424718,-0.38424718,0.668279903
PLEC-K3568,PLEC,-0.2306,0.412698413,0.384367201,-0.384367201,0.956240488,-0.245,0.412812482,0.38424718,-0.38424718,0.668279903
PLEC-K3848,PLEC,-0.4035,0.15751634,0.802674388,-0.802674388,0.842963497,-0.245,0.412812482,0.38424718,-0.38424718,0.668279903
PLEC-K4140,PLEC,-0.35255,0.002780154,2.555931113,-2.555931113,0.350397687,-0.245,0.412812482,0.38424718,-0.38424718,0.668279903
PLEC-K915,PLEC,0.054,0.885448916,0.052836489,0.052836489,1,-0.245,0.412812482,0.38424718,-0.38424718,0.668279903
PLEC-K923,PLEC,-0.15755,0.648484848,0.188100167,-0.188100167,1,-0.245,0.412812482,0.38424718,-0.38424718,0.668279903
PLEC-K961,PLEC,-0.2708,0.00548944,2.260471961,-2.260471961,0.384392544,-0.245,0.412812482,0.38424718,-0.38424718,0.668279903
PLEK-K101,PLEK,0.7895,0.685714286,0.163856803,0.163856803,1,0.525,0.054135204,1.266520221,1.266520221,0.225438205
PLEK-K253,PLEK,-0.0566345,0.676065064,0.170011506,-0.170011506,1,0.525,0.054135204,1.266520221,1.266520221,0.225438205
PLEK-K64,PLEK,0.2355,0.73015873,0.136582718,0.136582718,1,0.525,0.054135204,1.266520221,1.266520221,0.225438205
PLEKHA5-K497,PLEKHA5,-0.017,0.374937154,0.426041521,-0.426041521,0.943798045,-1.78E-15,0.651523487,0.186069923,-0.186069923,0.827588803
PLG-K452,PLG,0.168,1,0,0,1,-0.5,0.085941684,1.065796143,-1.065796143,0.291465884
PLG-K528,PLG,-0.948,0.109090909,0.962211439,-0.962211439,0.776434795,-0.5,0.085941684,1.065796143,-1.065796143,0.291465884
PLIN3-K128,PLIN3,-0.0423,0.909590152,0.04115425,-0.04115425,1,0.07,0.788680673,0.103098802,0.103098802,0.904396453
PLIN3-K164,PLIN3,-0.203,0.120800118,0.917932641,-0.917932641,0.793855532,0.07,0.788680673,0.103098802,0.103098802,0.904396453
PLIN3-K65,PLIN3,0.0065,0.633755601,0.19807819,0.19807819,1,0.07,0.788680673,0.103098802,0.103098802,0.904396453
PLPBP-K125,PLPBP,-0.05855,0.409807359,0.387420247,-0.387420247,0.956240488,0.075,0.270492358,0.567845,0.567845,0.540193779
PLPBP-K47,PLPBP,0.0082,1,0,0,1,0.075,0.270492358,0.567845,0.567845,0.540193779
PLS1-K457,PLS1,-0.08145,0.597347434,0.223772998,-0.223772998,1,0.525,0.007358127,2.133232734,2.133232734,0.074713529
PLS3-K459,PLS3,-0.08145,0.597347434,0.223772998,-0.223772998,1,-0.01,0.316067266,0.50022048,-0.50022048,0.586389294
PLS3-K545,PLS3,-0.403055,0.08920413,1.049615038,-1.049615038,0.776434795,-0.01,0.316067266,0.50022048,-0.50022048,0.586389294
PLS3-K582,PLS3,-0.30235,0.648484848,0.188100167,-0.188100167,1,-0.01,0.316067266,0.50022048,-0.50022048,0.586389294
PML-K476,PML,-0.32188,0.671876113,0.172710799,-0.172710799,1,0.105,0.301892178,0.52014814,0.52014814,0.572461292
PML-K497,PML,-0.3415,0.164625203,0.783503677,-0.783503677,0.848347798,0.105,0.301892178,0.52014814,0.52014814,0.572461292
PML-K65,PML,0.04688,0.80524582,0.094071521,0.094071521,1,0.105,0.301892178,0.52014814,0.52014814,0.572461292
PMM2-K149,PMM2,0.051,0.634258543,0.197733675,0.197733675,1,0.27,0.025826832,1.58792887,1.58792887,0.151027338
PMPCA-K299,PMPCA,0.0642,0.145495092,0.837151656,0.837151656,0.828033443,0.205,1.35E-04,3.86993096,3.86993096,0.007979581
PMPCA-K478,PMPCA,0.019,0.776565494,0.109821911,0.109821911,1,0.205,1.35E-04,3.86993096,3.86993096,0.007979581
PMS2-K210,PMS2,-1.4485,9.92E-09,8.003687367,-8.003687367,6.96E-05,0.03,0.483822289,0.315314128,0.315314128,0.725370785
PNKP-K226,PNKP,0.1306865,0.685714286,0.163856803,0.163856803,1,0.165,0.066266528,1.178705786,1.178705786,0.252178124
PNMA8A-K313,PNMA8A,0.977,0.146853147,0.833116743,0.833116743,0.831563929,-0.085,0.758297697,0.120160263,-0.120160263,0.888023757
PNP-K254,PNP,0.3195,0.225641026,0.646581935,0.646581935,0.879057947,0.455,0.014408147,1.841391872,1.841391872,0.108844196
PNP-K265,PNP,0.1582,0.400066567,0.397867741,0.397867741,0.956240488,0.455,0.014408147,1.841391872,1.841391872,0.108844196
PNP-K95,PNP,-0.081895,0.454005115,0.342939254,-0.342939254,0.966193174,0.455,0.014408147,1.841391872,1.841391872,0.108844196
PNPT1-K250,PNPT1,-0.03882,0.787009293,0.10402014,-0.10402014,1,0.075,0.149961081,0.824021439,0.824021439,0.392700677
PNPT1-K289,PNPT1,0.21745,0.519309826,0.28457346,0.28457346,0.981815074,0.075,0.149961081,0.824021439,0.824021439,0.392700677
PNPT1-K569,PNPT1,0.378,1,0,0,1,0.075,0.149961081,0.824021439,0.824021439,0.392700677
POC5-K199,POC5,0.0277655,0.885714286,0.052706351,0.052706351,1,-0.01,0.368913959,0.433074912,-0.433074912,0.630563842
POF1B-K426,POF1B,1.7168,0.253982174,0.595196763,0.595196763,0.896059652,2.155,0.015228266,1.817349556,1.817349556,0.112233928
POLD3-K452,POLD3,0.52375,0.484848485,0.314393957,0.314393957,0.967568225,0.345,0.012187074,1.914100548,1.914100548,0.099465031
POLE4-K90,POLE4,-0.060974,0.8826617,0.054205718,-0.054205718,1,0.18,0.368961715,0.433018696,0.433018696,0.630563842
POLG2-K288,POLG2,0.09475,0.438715604,0.357816919,0.357816919,0.961720515,0.1,0.487086279,0.312394104,0.312394104,0.727329473
POLR2H-K20,POLR2H,0.545,0.032523674,1.487800403,1.487800403,0.605440697,0.225,0.020723398,1.68353904,1.68353904,0.133119758
POP1-K40,POP1,0.13166,0.572760573,0.242026885,0.242026885,0.994309193,0.225,0.014806672,1.829542557,1.829542557,0.110498737
POP1-K535,POP1,-0.043,1,0,0,1,0.225,0.014806672,1.829542557,1.829542557,0.110498737
POSTN-K121,POSTN,-0.115,0.61857251,0.208609385,-0.208609385,1,-0.195,0.865999024,0.062482598,-0.062482598,0.941738333
POSTN-K172,POSTN,-0.142325,0.681965094,0.166237854,-0.166237854,1,-0.195,0.865999024,0.062482598,-0.062482598,0.941738333
POSTN-K435,POSTN,0.021,0.548655059,0.260700612,0.260700612,0.989395087,-0.195,0.865999024,0.062482598,-0.062482598,0.941738333
POSTN-K475,POSTN,-0.1405,0.323090263,0.49067613,-0.49067613,0.929614984,-0.195,0.865999024,0.062482598,-0.062482598,0.941738333
POSTN-K497,POSTN,-0.461,0.821203564,0.085549174,-0.085549174,1,-0.195,0.865999024,0.062482598,-0.062482598,0.941738333
POSTN-K53,POSTN,0.0188,0.826923077,0.082534888,0.082534888,1,-0.195,0.865999024,0.062482598,-0.062482598,0.941738333
POSTN-K542,POSTN,-0.0512,0.883645766,0.053721799,-0.053721799,1,-0.195,0.865999024,0.062482598,-0.062482598,0.941738333
POSTN-K549,POSTN,-0.398731,0.126592711,0.897591298,-0.897591298,0.803279972,-0.195,0.865999024,0.062482598,-0.062482598,0.941738333
POSTN-K586,POSTN,-0.302,0.262903141,0.580204226,-0.580204226,0.899293861,-0.195,0.865999024,0.062482598,-0.062482598,0.941738333
POSTN-K592,POSTN,0.5916,0.594193098,0.226072397,0.226072397,1,-0.195,0.865999024,0.062482598,-0.062482598,0.941738333
POSTN-K61,POSTN,-0.526,0.020913525,1.679572759,-1.679572759,0.553711116,-0.195,0.865999024,0.062482598,-0.062482598,0.941738333
POSTN-K649,POSTN,0.7892,0.409497694,0.387748539,0.387748539,0.956240488,-0.195,0.865999024,0.062482598,-0.062482598,0.941738333
POSTN-K72,POSTN,-0.4226,0.18869133,0.724248055,-0.724248055,0.859405482,-0.195,0.865999024,0.062482598,-0.062482598,0.941738333
POSTN-K731,POSTN,-0.0155,0.739613328,0.130995271,-0.130995271,1,-0.195,0.865999024,0.062482598,-0.062482598,0.941738333
POSTN-K761,POSTN,-0.114,0.419382966,0.377389214,-0.377389214,0.961484712,-0.195,0.865999024,0.062482598,-0.062482598,0.941738333
POSTN-K777,POSTN,-0.6935,0.25960204,0.585691898,-0.585691898,0.899253268,-0.195,0.865999024,0.062482598,-0.062482598,0.941738333
POTEF-K915,POTEF,-0.0936,0.698722703,0.155695146,-0.155695146,1,-0.3,0.172308509,0.763693276,-0.763693276,0.423633504
POTEJ-K878,POTEJ,-0.3673,0.475092929,0.323221433,-0.323221433,0.967568225,-1.5,0.013091203,1.883020428,-1.883020428,0.103398455
PPA1-K176,PPA1,-0.01355,0.729821831,0.13678315,-0.13678315,1,0.065,0.858183817,0.066419679,0.066419679,0.939157354
PPA1-K194,PPA1,0.148,0.850975465,0.070082961,0.070082961,1,0.065,0.858183817,0.066419679,0.066419679,0.939157354
PPA1-K199,PPA1,0.2257,0.115265539,0.938300513,0.938300513,0.779319418,0.065,0.858183817,0.066419679,0.066419679,0.939157354
PPA1-K211,PPA1,0.394,0.068700709,1.163038781,1.163038781,0.729412369,0.065,0.858183817,0.066419679,0.066419679,0.939157354
PPA1-K228,PPA1,-0.12955,0.44312121,0.353477462,-0.353477462,0.961720515,0.065,0.858183817,0.066419679,0.066419679,0.939157354
PPA1-K25,PPA1,-0.209,0.513486513,0.289470958,-0.289470958,0.978454616,0.065,0.858183817,0.066419679,0.066419679,0.939157354
PPA1-K253,PPA1,-0.01445,0.908783682,0.04153948,-0.04153948,1,0.065,0.858183817,0.066419679,0.066419679,0.939157354
PPA1-K57,PPA1,-0.14055,0.363137189,0.439929273,-0.439929273,0.936845827,0.065,0.858183817,0.066419679,0.066419679,0.939157354
PPA2-K105,PPA2,0.32923,0.147726871,0.8305405,0.8305405,0.831563929,0.195,0.021268031,1.672272711,1.672272711,0.135421076
PPA2-K111,PPA2,0.2954,0.045585482,1.341173449,1.341173449,0.647485954,0.195,0.021268031,1.672272711,1.672272711,0.135421076
PPA2-K122,PPA2,-0.11395,0.637294782,0.195659638,-0.195659638,1,0.195,0.021268031,1.672272711,1.672272711,0.135421076
PPA2-K155,PPA2,0.094425,0.730644766,0.136293722,0.136293722,1,0.195,0.021268031,1.672272711,1.672272711,0.135421076
PPA2-K157,PPA2,-0.064,0.805434061,0.093970009,-0.093970009,1,0.195,0.021268031,1.672272711,1.672272711,0.135421076
PPA2-K216,PPA2,0.276,0.840751029,0.075332593,0.075332593,1,0.195,0.021268031,1.672272711,1.672272711,0.135421076
PPA2-K224,PPA2,0.014,0.447697481,0.349015349,0.349015349,0.961720515,0.195,0.021268031,1.672272711,1.672272711,0.135421076
PPA2-K247,PPA2,-0.22885,0.43064091,0.365884716,-0.365884716,0.961720515,0.195,0.021268031,1.672272711,1.672272711,0.135421076
PPA2-K259,PPA2,-0.147125,0.931545103,0.030796113,-0.030796113,1,0.195,0.021268031,1.672272711,1.672272711,0.135421076
PPA2-K269,PPA2,0.1109,0.57611585,0.239490177,0.239490177,0.996102743,0.195,0.021268031,1.672272711,1.672272711,0.135421076
PPA2-K276,PPA2,0.174535,0.626894994,0.202805198,0.202805198,1,0.195,0.021268031,1.672272711,1.672272711,0.135421076
PPA2-K334,PPA2,-0.2062,0.014420765,1.841011706,-1.841011706,0.506519998,0.195,0.021268031,1.672272711,1.672272711,0.135421076
PPA2-K53,PPA2,0.772,0.047694995,1.321527192,1.321527192,0.661508845,0.195,0.021268031,1.672272711,1.672272711,0.135421076
PPA2-K69,PPA2,0.0015,0.780587409,0.107578458,0.107578458,1,0.195,0.021268031,1.672272711,1.672272711,0.135421076
PPAT-K116,PPAT,0.1473,0.707037227,0.150557719,0.150557719,1,0.425,0.001766107,2.752983044,2.752983044,0.03413277
PPAT-K349,PPAT,-0.03405,0.753113553,0.123139537,-0.123139537,1,0.425,0.001766107,2.752983044,2.752983044,0.03413277
PPAT-K372,PPAT,0.338,0.007429076,2.129065217,2.129065217,0.423870306,0.425,0.001766107,2.752983044,2.752983044,0.03413277
PPAT-K62,PPAT,0.39815,0.081232516,1.090270096,1.090270096,0.757639694,0.425,0.001766107,2.752983044,2.752983044,0.03413277
PPAT-K81,PPAT,0.2202,0.05353443,1.271366821,1.271366821,0.67940945,0.425,0.001766107,2.752983044,2.752983044,0.03413277
PPHLN1-K180,PPHLN1,0.0034,0.829325189,0.081275144,0.081275144,1,0.025,0.709610675,0.14897986,0.14897986,0.861857431
PPHLN1-K235,PPHLN1,0.05211,0.942814081,0.02557394,0.02557394,1,0.025,0.709610675,0.14897986,0.14897986,0.861857431
PPHLN1-K240,PPHLN1,0.09265,0.330604178,0.480691662,0.480691662,0.930954294,0.025,0.709610675,0.14897986,0.14897986,0.861857431
PPIA-K118,PPIA,0.03585,0.369771292,0.43206681,0.43206681,0.938794148,0.16,0.105586654,0.976390972,0.976390972,0.326866582
PPIA-K125,PPIA,0.17452,0.2495666,0.602813538,0.602813538,0.893802906,0.16,0.105586654,0.976390972,0.976390972,0.326866582
PPIA-K131,PPIA,-0.100255,0.387826553,0.411362459,-0.411362459,0.950011308,0.16,0.105586654,0.976390972,0.976390972,0.326866582
PPIA-K155,PPIA,0.04855,0.796350553,0.098895714,0.098895714,1,0.16,0.105586654,0.976390972,0.976390972,0.326866582
PPIA-K28,PPIA,0.1626,0.163880219,0.785473465,0.785473465,0.848347798,0.16,0.105586654,0.976390972,0.976390972,0.326866582
PPIA-K44,PPIA,-0.045,0.948557033,0.022936552,-0.022936552,1,0.16,0.105586654,0.976390972,0.976390972,0.326866582
PPIA-K49,PPIA,0.01795,0.701101478,0.154219117,0.154219117,1,0.16,0.105586654,0.976390972,0.976390972,0.326866582
PPIA-K76,PPIA,-0.009705,0.603298889,0.219467475,-0.219467475,1,0.16,0.105586654,0.976390972,0.976390972,0.326866582
PPIA-K82,PPIA,0.2491,0.269550079,0.569360536,0.569360536,0.902857656,0.16,0.105586654,0.976390972,0.976390972,0.326866582
PPIA-K91,PPIA,-0.205,0.991060988,0.003899619,-0.003899619,1,0.16,0.105586654,0.976390972,0.976390972,0.326866582
PPIAL4A-K76,PPIAL4A,-0.017,0.937229437,0.028154079,-0.028154079,1,-0.09,0.875053497,0.057965396,-0.057965396,0.946954768
PPIB-K129,PPIB,0.00835,0.91889085,0.036736073,0.036736073,1,-0.05,0.343077947,0.464607198,-0.464607198,0.610479789
PPIB-K158,PPIB,-0.0407,0.930735931,0.03117352,-0.03117352,1,-0.05,0.343077947,0.464607198,-0.464607198,0.610479789
PPIB-K165,PPIB,0.541,0.367632368,0.434586259,0.434586259,0.938794148,-0.05,0.343077947,0.464607198,-0.464607198,0.610479789
PPIB-K186,PPIB,0.029,0.762697506,0.117647674,0.117647674,1,-0.05,0.343077947,0.464607198,-0.464607198,0.610479789
PPIB-K84,PPIB,-0.141,0.563679549,0.248967722,-0.248967722,0.992947558,-0.05,0.343077947,0.464607198,-0.464607198,0.610479789
PPIB-K89,PPIB,-0.22427,0.509615385,0.29275747,-0.29275747,0.975315181,-0.05,0.343077947,0.464607198,-0.464607198,0.610479789
PPIF-K182,PPIF,-0.031,0.885595024,0.052764832,-0.052764832,1,0.335,0.040866431,1.388633293,1.388633293,0.194397625
PPIF-K86,PPIF,0.1055,0.804442479,0.094505004,0.094505004,1,0.335,0.040866431,1.388633293,1.388633293,0.194397625
PPIG-K662,PPIG,0.4024,0.428571262,0.367976954,0.367976954,0.961720515,0.035,0.842621284,0.074367575,0.074367575,0.931897251
PPIG-K736,PPIG,-0.64,0.108802962,0.963359282,-0.963359282,0.776434795,0.035,0.842621284,0.074367575,0.074367575,0.931897251
PPIL3-K73,PPIL3,-0.087784,0.283314481,0.547731226,-0.547731226,0.909317859,-0.09,0.98019995,0.008685324,-0.008685324,0.993220035
PPIL4-K460,PPIL4,0.193,0.194857361,0.710283184,0.710283184,0.859405482,-0.02,0.858163928,0.066429744,-0.066429744,0.939157354
PPL-K807,PPL,-0.4735,0.142243622,0.846967197,-0.846967197,0.820443268,-0.145,0.471729288,0.326307159,-0.326307159,0.715575242
PPM1G-K166,PPM1G,0.1975,0.278335728,0.555431042,0.555431042,0.909244101,0.115,0.057289389,1.241925811,1.241925811,0.232424735
PPM1G-K209,PPM1G,-0.609,0.081291349,1.089955668,-1.089955668,0.757639694,0.115,0.057289389,1.241925811,1.241925811,0.232424735
PPM1G-K247,PPM1G,-0.0135,0.946775104,0.023753171,-0.023753171,1,0.115,0.057289389,1.241925811,1.241925811,0.232424735
PPM1G-K383,PPM1G,-0.0136,0.449976888,0.346809793,-0.346809793,0.964013472,0.115,0.057289389,1.241925811,1.241925811,0.232424735
PPM1G-K519,PPM1G,0.1047,0.671090191,0.173219109,0.173219109,1,0.115,0.057289389,1.241925811,1.241925811,0.232424735
PPME1-K30,PPME1,0.137655,0.712787213,0.1470401,0.1470401,1,0.21,0.001464064,2.834439894,2.834439894,0.030539222
PPP1CB-K25,PPP1CB,0.0066,0.702354124,0.153443863,0.153443863,1,-0.465,6.87E-04,3.16328325,-3.16328325,0.020375798
PPP1R10-K239,PPP1R10,0.1563,0.787878788,0.103540592,0.103540592,1,0.035,0.750690977,0.124538804,0.124538804,0.884694107
PPP1R10-K406,PPP1R10,-7.00E-04,0.628205128,0.201898523,-0.201898523,1,0.035,0.750690977,0.124538804,0.124538804,0.884694107
PPP1R11-K66,PPP1R11,-0.0801,0.576001134,0.239576662,-0.239576662,0.996102743,0.005,0.96436399,0.015759015,0.015759015,0.985115862
PPP1R2-K156,PPP1R2,-0.16175,0.507876025,0.294242288,-0.294242288,0.974644228,-0.15,0.01439121,1.841902685,-1.841902685,0.108844196
PPP1R7-K133,PPP1R7,0.0482,1,0,0,1,0.065,0.161573334,0.791630315,0.791630315,0.409395924
PPP1R8-K343,PPP1R8,0.329,0.159421581,0.797452888,0.797452888,0.84636288,0.01,0.366214147,0.436264883,0.436264883,0.628511102
PPP2R1A-K280,PPP2R1A,-0.1125465,0.969186003,0.013592867,-0.013592867,1,0.11,0.039881803,1.399225215,1.399225215,0.191804761
PPP2R2A-K412,PPP2R2A,0.3754,0.012580434,1.900304372,1.900304372,0.501718574,0.225,0.019903729,1.701065551,1.701065551,0.130290744
PPP2R2D-K408,PPP2R2D,0.1827,0.234704408,0.629478754,0.629478754,0.879057947,0.01,0.803978239,0.094755706,0.094755706,0.912197415
PPP2R5E-K456,PPP2R5E,0.300265,0.685714286,0.163856803,0.163856803,1,0.12,0.079719792,1.098433843,1.098433843,0.281011629
PPP4R2-K246,PPP4R2,1.1853655,0.114285714,0.942008053,0.942008053,0.776434795,-0.07,0.313578426,0.503653824,-0.503653824,0.584136369
PPP4R3A-K642,PPP4R3A,0.1402195,0.049952249,1.301444952,1.301444952,0.674179455,0.17,0.185013856,0.732795744,0.732795744,0.439332381
PPP6C-K282,PPP6C,-0.0727,0.487960096,0.311615692,-0.311615692,0.969290675,0.115,0.089515474,1.048101886,1.048101886,0.298776232
PPP6R2-K699,PPP6R2,-0.05025,0.98237625,0.007722146,-0.007722146,1,0.04,0.728232912,0.137729697,0.137729697,0.871987715
PPRC1-K1398,PPRC1,0.55145,0.014179402,1.848342083,1.848342083,0.505132201,0.085,0.191710789,0.717353445,0.717353445,0.446763881
PRCC-K250,PRCC,0.17795,0.164502165,0.783828383,0.783828383,0.848347798,0.09,0.512311603,0.290465808,0.290465808,0.74691108
PRDM10-K658,PRDM10,0.191,0.070428288,1.152252867,1.152252867,0.735103698,0.19,0.003455626,2.461473275,2.461473275,0.04990458
PRDX1-K109,PRDX1,0.123675,0.175881973,0.754778671,0.754778671,0.859405482,0.5,1.15E-04,3.939631996,3.939631996,0.007363625
PRDX1-K120,PRDX1,-0.043425,1,0,0,1,0.5,1.15E-04,3.939631996,3.939631996,0.007363625
PRDX1-K16,PRDX1,0.02023,0.209252142,0.679330088,0.679330088,0.870498834,0.5,1.15E-04,3.939631996,3.939631996,0.007363625
PRDX1-K168,PRDX1,0.164275,0.003147678,2.502009691,2.502009691,0.35507987,0.5,1.15E-04,3.939631996,3.939631996,0.007363625
PRDX1-K178,PRDX1,0.1819,0.053725667,1.269818181,1.269818181,0.68006853,0.5,1.15E-04,3.939631996,3.939631996,0.007363625
PRDX1-K185,PRDX1,0.2154,0.080388483,1.094806169,1.094806169,0.757639694,0.5,1.15E-04,3.939631996,3.939631996,0.007363625
PRDX1-K197,PRDX1,0.10131,0.046130376,1.336013008,1.336013008,0.647485954,0.5,1.15E-04,3.939631996,3.939631996,0.007363625
PRDX1-K27,PRDX1,0.20165,0.074800274,1.12609681,1.12609681,0.735568256,0.5,1.15E-04,3.939631996,3.939631996,0.007363625
PRDX1-K35,PRDX1,0.179425,0.009578938,2.018682623,2.018682623,0.466840202,0.5,1.15E-04,3.939631996,3.939631996,0.007363625
PRDX1-K68,PRDX1,0.21277,0.772153064,0.112296601,0.112296601,1,0.5,1.15E-04,3.939631996,3.939631996,0.007363625
PRDX2-K119,PRDX2,0.06304,0.887017896,0.052067618,0.052067618,1,0.42,0.00985336,2.006415663,2.006415663,0.088201995
PRDX2-K16,PRDX2,-0.07355,0.646089205,0.189707515,-0.189707515,1,0.42,0.00985336,2.006415663,2.006415663,0.088201995
PRDX2-K177,PRDX2,0.12785,0.437761054,0.358762879,0.358762879,0.961720515,0.42,0.00985336,2.006415663,2.006415663,0.088201995
PRDX2-K26,PRDX2,0.15005,0.398696842,0.399357204,0.399357204,0.956240488,0.42,0.00985336,2.006415663,2.006415663,0.088201995
PRDX2-K29,PRDX2,-0.054,0.541673718,0.266262236,-0.266262236,0.986280811,0.42,0.00985336,2.006415663,2.006415663,0.088201995
PRDX3-K241,PRDX3,0.008975,0.963585434,0.016109774,0.016109774,1,0.215,0.06482448,1.188260956,1.188260956,0.249041684
PRDX3-K83,PRDX3,-0.066,0.751118976,0.124291266,-0.124291266,1,0.215,0.06482448,1.188260956,1.188260956,0.249041684
PRDX3-K91,PRDX3,-0.18305,0.471757198,0.326281465,-0.326281465,0.967568225,0.215,0.06482448,1.188260956,1.188260956,0.249041684
PRDX5-K116,PRDX5,-1.50E-04,0.812878975,0.089974109,-0.089974109,1,-0.1,0.490227645,0.309602202,-0.309602202,0.72948303
PRDX5-K83,PRDX5,0.0933,0.624681537,0.20434133,0.20434133,1,-0.1,0.490227645,0.309602202,-0.309602202,0.72948303
PRDX6-K125,PRDX6,-0.0851,0.767330719,0.115017415,-0.115017415,1,0.175,0.075570662,1.121646773,1.121646773,0.272270144
PRDX6-K141,PRDX6,0.1517,0.57135826,0.24309149,0.24309149,0.993833698,0.175,0.075570662,1.121646773,1.121646773,0.272270144
PRDX6-K182,PRDX6,0.0039995,0.692606895,0.159513189,0.159513189,1,0.175,0.075570662,1.121646773,1.121646773,0.272270144
PRDX6-K199,PRDX6,0.247065,0.062806437,1.201995845,1.201995845,0.709783531,0.175,0.075570662,1.121646773,1.121646773,0.272270144
PRDX6-K56,PRDX6,0.116,0.886721277,0.05221287,0.05221287,1,0.175,0.075570662,1.121646773,1.121646773,0.272270144
PRDX6-K97,PRDX6,0.2351,0.313399052,0.503902322,0.503902322,0.920825313,0.175,0.075570662,1.121646773,1.121646773,0.272270144
PRELP-K159,PRELP,0.413,0.43956044,0.356981401,0.356981401,0.961720515,-0.035,0.447631204,0.349079647,-0.349079647,0.696719397
PRELP-K213,PRELP,-0.2325,0.446842993,0.349845048,-0.349845048,0.961720515,-0.035,0.447631204,0.349079647,-0.349079647,0.696719397
PRELP-K221,PRELP,-0.17,0.13920095,0.856357801,-0.856357801,0.816505519,-0.035,0.447631204,0.349079647,-0.349079647,0.696719397
PRELP-K253,PRELP,-0.66275,0.164486015,0.783871022,-0.783871022,0.848347798,-0.035,0.447631204,0.349079647,-0.349079647,0.696719397
PRELP-K263,PRELP,-0.017,0.656906197,0.182496641,-0.182496641,1,-0.035,0.447631204,0.349079647,-0.349079647,0.696719397
PRELP-K277,PRELP,-0.0895,0.25573657,0.592207163,-0.592207163,0.896059652,-0.035,0.447631204,0.349079647,-0.349079647,0.696719397
PRELP-K325,PRELP,-0.048,0.368469937,0.433597939,-0.433597939,0.938794148,-0.035,0.447631204,0.349079647,-0.349079647,0.696719397
PREP-K684,PREP,-0.3457,0.132034632,0.879312141,-0.879312141,0.808568104,-0.07,0.585002151,0.232842537,-0.232842537,0.787106408
PRKAG1-K273,PRKAG1,0.007165,0.746092555,0.127207294,0.127207294,1,0.095,0.239392087,0.620890209,0.620890209,0.507294064
PRKAR2A-K345,PRKAR2A,-0.063,0.927272727,0.032792513,-0.032792513,1,0.08,0.042813063,1.368423696,1.368423696,0.199707863
PRKCSH-K185,PRKCSH,-0.2435,0.37222799,0.429190973,-0.429190973,0.940351344,0.14,0.163043279,0.787697098,0.787697098,0.41139761
PRKCSH-K219,PRKCSH,0.4374,0.387254902,0.412003076,0.412003076,0.950011308,0.14,0.163043279,0.787697098,0.787697098,0.41139761
PRKCSH-K383,PRKCSH,0.427595,0.699134199,0.155439453,0.155439453,1,0.14,0.163043279,0.787697098,0.787697098,0.41139761
PRKDC-K1051,PRKDC,-0.0188,0.796345327,0.098898564,-0.098898564,1,0.175,0.080617965,1.093568171,1.093568171,0.282388539
PRKDC-K1057,PRKDC,0.008,0.841269841,0.07506468,0.07506468,1,0.175,0.080617965,1.093568171,1.093568171,0.282388539
PRKDC-K1612,PRKDC,-0.08855,0.35851662,0.445490707,-0.445490707,0.936845827,0.175,0.080617965,1.093568171,1.093568171,0.282388539
PRKDC-K1617,PRKDC,-0.0061,0.718059856,0.143839353,-0.143839353,1,0.175,0.080617965,1.093568171,1.093568171,0.282388539
PRKDC-K1892,PRKDC,-0.035442,0.753113553,0.123139537,-0.123139537,1,0.175,0.080617965,1.093568171,1.093568171,0.282388539
PRKDC-K2359,PRKDC,0.219615,0.673136028,0.171897164,0.171897164,1,0.175,0.080617965,1.093568171,1.093568171,0.282388539
PRKDC-K2366,PRKDC,-0.201,0.84460042,0.073348707,-0.073348707,1,0.175,0.080617965,1.093568171,1.093568171,0.282388539
PRKDC-K263,PRKDC,0.116,1,0,0,1,0.175,0.080617965,1.093568171,1.093568171,0.282388539
PRKDC-K2702,PRKDC,-0.1687,0.937229437,0.028154079,-0.028154079,1,0.175,0.080617965,1.093568171,1.093568171,0.282388539
PRKDC-K2752,PRKDC,0.3045,0.165556169,0.781054632,0.781054632,0.85031237,0.175,0.080617965,1.093568171,1.093568171,0.282388539
PRKDC-K2829,PRKDC,0.081,0.969361543,0.013514214,0.013514214,1,0.175,0.080617965,1.093568171,1.093568171,0.282388539
PRKDC-K2908,PRKDC,0.1533,0.181461211,0.741216195,0.741216195,0.859405482,0.175,0.080617965,1.093568171,1.093568171,0.282388539
PRKDC-K2970,PRKDC,0.59,0.041758242,1.379257796,1.379257796,0.631716774,0.175,0.080617965,1.093568171,1.093568171,0.282388539
PRKDC-K309,PRKDC,-0.0123,0.281496251,0.550527385,-0.550527385,0.909317859,0.175,0.080617965,1.093568171,1.093568171,0.282388539
PRKDC-K3241,PRKDC,-0.0829,0.323336044,0.49034588,-0.49034588,0.929614984,0.175,0.080617965,1.093568171,1.093568171,0.282388539
PRKDC-K3264,PRKDC,0.0699,0.957792208,0.018728701,0.018728701,1,0.175,0.080617965,1.093568171,1.093568171,0.282388539
PRKDC-K3355,PRKDC,-0.2409,0.163636364,0.78612018,-0.78612018,0.848347798,0.175,0.080617965,1.093568171,1.093568171,0.282388539
PRKDC-K3455,PRKDC,-0.059,0.866988432,0.061986697,-0.061986697,1,0.175,0.080617965,1.093568171,1.093568171,0.282388539
PRKDC-K3608,PRKDC,-0.068,0.365967366,0.43655764,-0.43655764,0.938794148,0.175,0.080617965,1.093568171,1.093568171,0.282388539
PRKDC-K3631,PRKDC,-0.043655,0.528502345,0.276953081,-0.276953081,0.982788878,0.175,0.080617965,1.093568171,1.093568171,0.282388539
PRKDC-K3642,PRKDC,-0.3927,0.527272727,0.277964692,-0.277964692,0.982788878,0.175,0.080617965,1.093568171,1.093568171,0.282388539
PRKDC-K4043,PRKDC,0.106,0.887165974,0.051995123,0.051995123,1,0.175,0.080617965,1.093568171,1.093568171,0.282388539
PRKDC-K520,PRKDC,-0.06105,0.366330538,0.436126876,-0.436126876,0.938794148,0.175,0.080617965,1.093568171,1.093568171,0.282388539
PRKDC-K963,PRKDC,0.1902,0.413986014,0.383014331,0.383014331,0.956652567,0.175,0.080617965,1.093568171,1.093568171,0.282388539
PRMT1-K145,PRMT1,0.16793,0.292816007,0.533405186,0.533405186,0.914776293,0.055,0.432887454,0.363625,0.363625,0.684288943
PRMT5-K200,PRMT5,-0.652,0.485714286,0.313619123,-0.313619123,0.967568225,0.195,0.00651651,2.185984914,2.185984914,0.069997405
PROSER1-K187,PROSER1,-0.0647,0.90436648,0.043655543,-0.043655543,1,0.245,0.101435377,0.993810553,0.993810553,0.319325789
PRPF19-K192,PRPF19,-0.16656,0.342857143,0.464886798,-0.464886798,0.930954294,0.26,0.057941185,1.237012624,1.237012624,0.233724777
PRPF19-K206,PRPF19,0.21998,0.604195804,0.218822295,0.218822295,1,0.26,0.057941185,1.237012624,1.237012624,0.233724777
PRPF19-K244,PRPF19,0.21565,0.03888694,1.410196225,1.410196225,0.630531577,0.26,0.057941185,1.237012624,1.237012624,0.233724777
PRPF19-K428,PRPF19,-0.100253,0.852331765,0.069391326,-0.069391326,1,0.26,0.057941185,1.237012624,1.237012624,0.233724777
PRPF31-K417,PRPF31,-0.039,0.893329861,0.048988149,-0.048988149,1,0.17,0.028217978,1.549474114,1.549474114,0.158433815
PRPF40A-K169,PRPF40A,-0.1153,0.247155656,0.607029447,-0.607029447,0.892241579,0.16,0.088609085,1.05252175,1.05252175,0.296979834
PRPF40A-K358,PRPF40A,-0.09525,0.482726798,0.316298591,-0.316298591,0.967568225,0.16,0.088609085,1.05252175,1.05252175,0.296979834
PRPF40A-K423,PRPF40A,-0.27901,0.567057845,0.246372637,-0.246372637,0.993833698,0.16,0.088609085,1.05252175,1.05252175,0.296979834
PRPF40A-K642,PRPF40A,0.4552,0.342857143,0.464886798,0.464886798,0.930954294,0.16,0.088609085,1.05252175,1.05252175,0.296979834
PRPF40B-K170,PRPF40B,-0.12575,0.019931236,1.70046577,-1.70046577,0.550225095,-0.165,0.065540804,1.183488235,-1.183488235,0.250546306
PRPF4B-K656,PRPF4B,0.370826,0.311069434,0.507142661,0.507142661,0.920825313,0.1,0.591886174,0.227761805,0.227761805,0.791243771
PRPF6-K146,PRPF6,0.2363,0.855744754,0.067655755,0.067655755,1,0.105,0.078023673,1.10777361,1.10777361,0.277509667
PRPF8-K1294,PRPF8,0.3914,0.467456642,0.330258665,0.330258665,0.967568225,0.285,0.003926217,2.406025717,2.406025717,0.053596786
PRPF8-K2244,PRPF8,-0.1413,0.559428285,0.252255579,-0.252255579,0.991315092,0.285,0.003926217,2.406025717,2.406025717,0.053596786
PRPF8-K36,PRPF8,0.0405,0.942248405,0.025834589,0.025834589,1,0.285,0.003926217,2.406025717,2.406025717,0.053596786
PRPF8-K43,PRPF8,0.002425,0.875642846,0.057672996,0.057672996,1,0.285,0.003926217,2.406025717,2.406025717,0.053596786
PRPF8-K769,PRPF8,0.199015,0.222835733,0.652015167,0.652015167,0.875622157,0.285,0.003926217,2.406025717,2.406025717,0.053596786
PRPS1-K194,PRPS1,0.0726,0.959129759,0.018122634,0.018122634,1,0.215,0.2515137,0.599438353,0.599438353,0.521403528
PRR12-K1068,PRR12,0.0623,0.266380968,0.574496807,0.574496807,0.901379765,0.24,0.453566134,0.34335938,0.34335938,0.701253066
PRR12-K1198,PRR12,0.326,0.03471637,1.459465697,1.459465697,0.61764214,0.24,0.453566134,0.34335938,0.34335938,0.701253066
PRR12-K1223,PRR12,0.1345,0.08870114,1.052070798,1.052070798,0.776190276,0.24,0.453566134,0.34335938,0.34335938,0.701253066
PRR12-K1731,PRR12,0.0618,0.885714286,0.052706351,0.052706351,1,0.24,0.453566134,0.34335938,0.34335938,0.701253066
PRR12-K390,PRR12,-0.39735,0.638473654,0.194857018,-0.194857018,1,0.24,0.453566134,0.34335938,0.34335938,0.701253066
PRR15-K76,PRR15,-0.4425245,0.2,0.698970004,-0.698970004,0.859405482,-0.395,0.021562518,1.666300515,-1.666300515,0.136373293
PRR15-K81,PRR15,-0.122,0.343600572,0.463946121,-0.463946121,0.931757657,-0.395,0.021562518,1.666300515,-1.666300515,0.136373293
PRR9-K104,PRR9,0.004,1,0,0,1,0,0.012408988,1.906263635,0,0.100471894
PRR9-K114,PRR9,-0.2969,0.865970072,0.062497117,-0.062497117,1,0,0.012408988,1.906263635,0,0.100471894
PRRC1-K269,PRRC1,-0.0075,0.383437381,0.416305551,-0.416305551,0.9476637,0.165,0.02968736,1.527428416,1.527428416,0.162834415
PRRC2C-K2798,PRRC2C,0.19245,0.485714286,0.313619123,0.313619123,0.967568225,0.205,0.108859206,0.963134836,0.963134836,0.332536694
PRRX1-K31,PRRX1,0.1962,0.400181861,0.3977426,0.3977426,0.956240488,-0.405,0.095394909,1.020474804,-1.020474804,0.310080463
PSAP-K417,PSAP,-0.214,0.09057997,1.042967826,-1.042967826,0.776434795,-0.075,0.064818856,1.188298638,-1.188298638,0.249041684
PSAP-K441,PSAP,-0.5763,0.354324547,0.45059876,-0.45059876,0.935291689,-0.075,0.064818856,1.188298638,-1.188298638,0.249041684
PSAT1-K110,PSAT1,0.455675,5.83E-04,3.234227108,3.234227108,0.2296401,0.67,4.02E-04,3.395737672,3.395737672,0.014817169
PSAT1-K318,PSAT1,0.7672,0.225148978,0.64753002,0.64753002,0.879057947,0.67,4.02E-04,3.395737672,3.395737672,0.014817169
PSIP1-K100,PSIP1,0.56965,0.028571429,1.544068044,1.544068044,0.591058584,0.165,0.135176999,0.869097198,0.869097198,0.371498723
PSIP1-K216,PSIP1,-0.34,0.025648946,1.590930477,-1.590930477,0.579745838,0.165,0.135176999,0.869097198,0.869097198,0.371498723
PSIP1-K309,PSIP1,-0.4219,0.227275199,0.643447953,-0.643447953,0.879057947,0.165,0.135176999,0.869097198,0.869097198,0.371498723
PSIP1-K315,PSIP1,-0.139,1,0,0,1,0.165,0.135176999,0.869097198,0.869097198,0.371498723
PSIP1-K455,PSIP1,0.18453,0.557264201,0.253938855,0.253938855,0.990772801,0.165,0.135176999,0.869097198,0.869097198,0.371498723
PSIP1-K509,PSIP1,0.26624,0.234891516,0.629132669,0.629132669,0.879057947,0.165,0.135176999,0.869097198,0.869097198,0.371498723
PSMA1-K121,PSMA1,-0.089,0.76433007,0.116719054,-0.116719054,1,0.175,0.020166787,1.695363295,1.695363295,0.131044438
PSMA2-K171,PSMA2,0.15655,0.550353871,0.259357975,0.259357975,0.990319758,0.135,0.180164814,0.744330022,0.744330022,0.433712316
PSMA2-K53,PSMA2,0.0665,0.13783018,0.860655678,0.860655678,0.814916032,0.135,0.180164814,0.744330022,0.744330022,0.433712316
PSMA2-K92,PSMA2,0.06711,0.929723718,0.03164609,0.03164609,1,0.135,0.180164814,0.744330022,0.744330022,0.433712316
PSMA3-K206,PSMA3,0.15785,0.038730539,1.411946459,1.411946459,0.630531577,0.195,0.008036196,2.094949459,2.094949459,0.078326349
PSMA3-K238,PSMA3,-0.0421345,0.885714286,0.052706351,-0.052706351,1,0.195,0.008036196,2.094949459,2.094949459,0.078326349
PSMA3-K57,PSMA3,-0.14365,0.26042475,0.584317744,-0.584317744,0.899293861,0.195,0.008036196,2.094949459,2.094949459,0.078326349
PSMA3-K65,PSMA3,-0.1627,0.897662709,0.046886816,-0.046886816,1,0.195,0.008036196,2.094949459,2.094949459,0.078326349
PSMA4-K127,PSMA4,0.25165,0.333147189,0.477363846,0.477363846,0.930954294,0.38,0.004664446,2.331199928,2.331199928,0.058815566
PSMA4-K176,PSMA4,-0.03775,0.985612474,0.006293809,-0.006293809,1,0.38,0.004664446,2.331199928,2.331199928,0.058815566
PSMA4-K180,PSMA4,0.03444,1,0,0,1,0.38,0.004664446,2.331199928,2.331199928,0.058815566
PSMA4-K199,PSMA4,0.13685,0.373626374,0.427562475,0.427562475,0.94252692,0.38,0.004664446,2.331199928,2.331199928,0.058815566
PSMA4-K205,PSMA4,0.265315,0.572760573,0.242026885,0.242026885,0.994309193,0.38,0.004664446,2.331199928,2.331199928,0.058815566
PSMA4-K238,PSMA4,-0.14815,0.171428571,0.765916794,-0.765916794,0.858569025,0.38,0.004664446,2.331199928,2.331199928,0.058815566
PSMA4-K239,PSMA4,0.0241,0.590851372,0.228521752,0.228521752,1,0.38,0.004664446,2.331199928,2.331199928,0.058815566
PSMA4-K246,PSMA4,-0.113125,0.485714286,0.313619123,-0.313619123,0.967568225,0.38,0.004664446,2.331199928,2.331199928,0.058815566
PSMA6-K102,PSMA6,0.2735,0.038902846,1.410018627,1.410018627,0.630531577,0.24,0.018142569,1.741301215,1.741301215,0.124040269
PSMA6-K104,PSMA6,0.01375,0.528504592,0.276951235,0.276951235,0.982788878,0.24,0.018142569,1.741301215,1.741301215,0.124040269
PSMA6-K116,PSMA6,-0.03425,0.763932858,0.11694481,-0.11694481,1,0.24,0.018142569,1.741301215,1.741301215,0.124040269
PSMA6-K164,PSMA6,-0.0935,0.799199801,0.097344633,-0.097344633,1,0.24,0.018142569,1.741301215,1.741301215,0.124040269
PSMA6-K181,PSMA6,0.0936,0.164640881,0.783462319,0.783462319,0.848347798,0.24,0.018142569,1.741301215,1.741301215,0.124040269
PSMA6-K54,PSMA6,-0.2915,0.533799534,0.27262181,-0.27262181,0.984176452,0.24,0.018142569,1.741301215,1.741301215,0.124040269
PSMA6-K71,PSMA6,0.19899,0.861538462,0.06472533,0.06472533,1,0.24,0.018142569,1.741301215,1.741301215,0.124040269
PSMA7-K174,PSMA7,-0.25255,0.703361345,0.152821503,-0.152821503,1,0.34,0.016062951,1.794174653,1.794174653,0.115548796
PSMA7-K234,PSMA7,-0.44015,0.342857143,0.464886798,-0.464886798,0.930954294,0.34,0.016062951,1.794174653,1.794174653,0.115548796
PSMB1-K73,PSMB1,-0.0325,0.916753309,0.037747514,-0.037747514,1,0.16,0.06129338,1.212586432,1.212586432,0.241537145
PSMB10-K236,PSMB10,0.2805,0.588744589,0.230073072,0.230073072,1,0.19,0.091488931,1.038631448,1.038631448,0.302400767
PSMB10-K68,PSMB10,-0.0295,0.775624376,0.110348551,-0.110348551,1,0.19,0.091488931,1.038631448,1.038631448,0.302400767
PSMB2-K169,PSMB2,0.10915,0.507876025,0.294242288,0.294242288,0.974644228,0.275,3.02E-04,3.519982767,3.519982767,0.012464842
PSMB2-K29,PSMB2,0.230325,0.384666393,0.414915755,0.414915755,0.9476637,0.275,3.02E-04,3.519982767,3.519982767,0.012464842
PSMB3-K77,PSMB3,0.0785,0.353368585,0.451772063,0.451772063,0.935291689,0.27,0.021833466,1.660877324,1.660877324,0.137377805
PSMB4-K240,PSMB4,-0.0775,0.933333333,0.029963223,-0.029963223,1,0.305,0.032401565,1.489434011,1.489434011,0.170300348
PSMB7-K237,PSMB7,-0.124025,0.28911159,0.538934499,-0.538934499,0.911658441,0.21,0.059924293,1.222397083,1.222397083,0.238306443
PSMB7-K249,PSMB7,-0.0128,0.801044702,0.096343247,-0.096343247,1,0.21,0.059924293,1.222397083,1.222397083,0.238306443
PSMB7-K72,PSMB7,-0.0838135,0.549115683,0.260336152,-0.260336152,0.989395087,0.21,0.059924293,1.222397083,1.222397083,0.238306443
PSMB9-K109,PSMB9,0.61245,0.408588056,0.388714333,0.388714333,0.956240488,0.27,0.180240264,0.744148185,0.744148185,0.433712316
PSMC3-K125,PSMC3,0.0325,0.769030129,0.114056645,0.114056645,1,0.25,0.008035534,2.094985233,2.094985233,0.078326349
PSMC3-K211,PSMC3,-0.01984,0.641194311,0.193010339,-0.193010339,1,0.25,0.008035534,2.094985233,2.094985233,0.078326349
PSMC3-K300,PSMC3,-0.352,0.324604233,0.488645821,-0.488645821,0.930954294,0.25,0.008035534,2.094985233,2.094985233,0.078326349
PSMC4-K401,PSMC4,0.2497,0.153149329,0.814884901,0.814884901,0.835121984,0.21,0.00614249,2.211655563,2.211655563,0.067881185
PSMC4-K404,PSMC4,-0.163,0.47975258,0.318982681,-0.318982681,0.967568225,0.21,0.00614249,2.211655563,2.211655563,0.067881185
PSMC4-K418,PSMC4,-0.1135,0.602290852,0.220193733,-0.220193733,1,0.21,0.00614249,2.211655563,2.211655563,0.067881185
PSMC5-K88,PSMC5,-0.1085,0.700136478,0.154817295,-0.154817295,1,0.13,0.009829018,2.007489874,2.007489874,0.088201995
PSMC5-K94,PSMC5,-0.05394,1,0,0,1,0.13,0.009829018,2.007489874,2.007489874,0.088201995
PSMC6-K21,PSMC6,-0.47775,0.109090909,0.962211439,-0.962211439,0.776434795,0.085,0.12622772,0.898845264,0.898845264,0.361149297
PSMC6-K220,PSMC6,-0.303,0.463159602,0.334269328,-0.334269328,0.967568225,0.085,0.12622772,0.898845264,0.898845264,0.361149297
PSMD1-K123,PSMD1,-0.44995,0.180652681,0.74315559,-0.74315559,0.859405482,0.03,0.214614376,0.668341191,0.668341191,0.476721839
PSMD1-K146,PSMD1,-0.26205,0.60952381,0.215009325,-0.215009325,1,0.03,0.214614376,0.668341191,0.668341191,0.476721839
PSMD1-K310,PSMD1,-0.0015,0.832800251,0.079459153,-0.079459153,1,0.03,0.214614376,0.668341191,0.668341191,0.476721839
PSMD1-K354,PSMD1,0.4918,0.114285714,0.942008053,0.942008053,0.776434795,0.03,0.214614376,0.668341191,0.668341191,0.476721839
PSMD1-K720,PSMD1,0.04975,0.623190302,0.205379314,0.205379314,1,0.03,0.214614376,0.668341191,0.668341191,0.476721839
PSMD1-K838,PSMD1,-0.2529,0.841124871,0.075139525,-0.075139525,1,0.03,0.214614376,0.668341191,0.668341191,0.476721839
PSMD1-K861,PSMD1,-0.1840635,0.2,0.698970004,-0.698970004,0.859405482,0.03,0.214614376,0.668341191,0.668341191,0.476721839
PSMD10-K116,PSMD10,0.3319,0.590820944,0.228544118,0.228544118,1,0,0.595282571,0.225276833,0,0.793515817
PSMD11-K295,PSMD11,0.21,0.88685291,0.052148405,0.052148405,1,0.18,0.008517687,2.069678343,2.069678343,0.081019484
PSMD12-K221,PSMD12,0.2065,0.196279935,0.707124095,0.707124095,0.859405482,0.175,0.045452357,1.342443592,1.342443592,0.206135798
PSMD12-K98,PSMD12,-0.0145,0.719780157,0.14280013,-0.14280013,1,0.175,0.045452357,1.342443592,1.342443592,0.206135798
PSMD13-K331,PSMD13,0.0527,0.767898768,0.114696029,0.114696029,1,0.105,0.101415648,0.993895031,0.993895031,0.319325789
PSMD14-K215,PSMD14,-0.0757,0.885714286,0.052706351,-0.052706351,1,0.24,0.015848089,1.800023093,1.800023093,0.114494294
PSMD2-K27,PSMD2,0.409,0.420634921,0.376094676,0.376094676,0.961720515,0.13,0.011348567,1.945058955,1.945058955,0.095474012
PSMD2-K350,PSMD2,-0.0232,0.701165327,0.154179568,-0.154179568,1,0.13,0.011348567,1.945058955,1.945058955,0.095474012
PSMD2-K551,PSMD2,-0.17615,0.958823529,0.018261317,-0.018261317,1,0.13,0.011348567,1.945058955,1.945058955,0.095474012
PSMD4-K122,PSMD4,-0.06545,0.394014618,0.404487665,-0.404487665,0.954173427,0.225,0.087711919,1.056941385,1.056941385,0.295380809
PSMD4-K368,PSMD4,0.2405,0.145908997,0.835917928,0.835917928,0.829141166,0.225,0.087711919,1.056941385,1.056941385,0.295380809
PSMD4-K40,PSMD4,0.04255,0.94971695,0.022405811,0.022405811,1,0.225,0.087711919,1.056941385,1.056941385,0.295380809
PSMD6-K170,PSMD6,-0.24625,0.342857143,0.464886798,-0.464886798,0.930954294,0.085,0.060569824,1.217743688,1.217743688,0.240266627
PSMD7-K204,PSMD7,0.0921,0.59852207,0.222919831,0.222919831,1,0.075,0.17698015,0.752075442,0.752075442,0.429762844
PSMD8-K298,PSMD8,0.094,1,0,0,1,0.25,0.026833099,1.57132917,1.57132917,0.154465179
PSMD8-K304,PSMD8,-0.0415,0.790010939,0.102366895,-0.102366895,1,0.25,0.026833099,1.57132917,1.57132917,0.154465179
PSME1-K109,PSME1,0.08132,0.471629064,0.326399439,0.326399439,0.967568225,0.165,0.089571014,1.047832511,1.047832511,0.298776232
PSME1-K13,PSME1,0.2956,0.030424282,1.516779658,1.516779658,0.593457358,0.165,0.089571014,1.047832511,1.047832511,0.298776232
PSME1-K155,PSME1,0.2722,0.867554805,0.06170308,0.06170308,1,0.165,0.089571014,1.047832511,1.047832511,0.298776232
PSME1-K187,PSME1,0.131,0.4158425,0.381071126,0.381071126,0.959994299,0.165,0.089571014,1.047832511,1.047832511,0.298776232
PSME1-K190,PSME1,0.0685,0.131999275,0.879428455,0.879428455,0.808568104,0.165,0.089571014,1.047832511,1.047832511,0.298776232
PSME1-K35,PSME1,0.29204,0.271778459,0.565784969,0.565784969,0.902857656,0.165,0.089571014,1.047832511,1.047832511,0.298776232
PSME1-K97,PSME1,0.3095,0.730769231,0.136219747,0.136219747,1,0.165,0.089571014,1.047832511,1.047832511,0.298776232
PSME2-K15,PSME2,0.234,0.142216401,0.847050317,0.847050317,0.820443268,0.32,0.001321389,2.878969412,2.878969412,0.029074136
PSME2-K177,PSME2,0.4245,0.327672328,0.484560234,0.484560234,0.930954294,0.32,0.001321389,2.878969412,2.878969412,0.029074136
PSME2-K235,PSME2,0.2808,0.427822178,0.368736706,0.368736706,0.961720515,0.32,0.001321389,2.878969412,2.878969412,0.029074136
PSMF1-K72,PSMF1,-0.0926,0.191190612,0.718533437,-0.718533437,0.859405482,0,0.889438352,0.050884148,0,0.952887452
PSPC1-K206,PSPC1,0.06715,0.791322414,0.101646533,0.101646533,1,0.09,0.02151929,1.667172071,1.667172071,0.136373293
PSPC1-K287,PSPC1,0.037,1,0,0,1,0.09,0.02151929,1.667172071,1.667172071,0.136373293
PSPC1-K344,PSPC1,-0.161145,0.533799534,0.27262181,-0.27262181,0.984176452,0.09,0.02151929,1.667172071,1.667172071,0.136373293
PSPC1-K380,PSPC1,-0.06985,0.309744239,0.508996763,-0.508996763,0.920825313,0.09,0.02151929,1.667172071,1.667172071,0.136373293
PSPC1-K519,PSPC1,-0.19515,0.885714286,0.052706351,-0.052706351,1,0.09,0.02151929,1.667172071,1.667172071,0.136373293
PSPC1-K8,PSPC1,0.345,0.087164871,1.059658506,1.059658506,0.773861515,0.09,0.02151929,1.667172071,1.667172071,0.136373293
PTGES3-K37,PTGES3,0.4483,0.00418813,2.377979862,2.377979862,0.377682496,0.26,0.001565957,2.805220186,2.805220186,0.031784154
PTGES3-K52,PTGES3,0.11434,0.446153846,0.350515359,0.350515359,0.961720515,0.26,0.001565957,2.805220186,2.805220186,0.031784154
PTGES3-K69,PTGES3,0.0763655,0.365967366,0.43655764,0.43655764,0.938794148,0.26,0.001565957,2.805220186,2.805220186,0.031784154
PTGR1-K11,PTGR1,0.3515,0.216270503,0.66500271,0.66500271,0.874300916,0.33,0.090559772,1.043064682,1.043064682,0.30054994
PTGR1-K178,PTGR1,0.0187,0.98269237,0.007582416,0.007582416,1,0.33,0.090559772,1.043064682,1.043064682,0.30054994
PTGR1-K204,PTGR1,0.0805,0.535841867,0.270963357,0.270963357,0.984176452,0.33,0.090559772,1.043064682,1.043064682,0.30054994
PTGR1-K289,PTGR1,0.1627,0.56136321,0.250756053,0.250756053,0.991315092,0.33,0.090559772,1.043064682,1.043064682,0.30054994
PTGR1-K70,PTGR1,0.17521,0.559428285,0.252255579,0.252255579,0.991315092,0.33,0.090559772,1.043064682,1.043064682,0.30054994
PTGR1-K75,PTGR1,-0.04666,0.470408406,0.327524927,-0.327524927,0.967568225,0.33,0.090559772,1.043064682,1.043064682,0.30054994
PTMA-K103,PTMA,0.1957,0.416900668,0.379967409,0.379967409,0.960518308,0.19,0.024855659,1.604574713,1.604574713,0.148103446
PTMS-K15,PTMS,-0.237,0.290462849,0.536909407,-0.536909407,0.911658441,-0.215,0.554763886,0.255891819,-0.255891819,0.76849122
PTPA-K138,PTPA,0.1294835,0.777058756,0.109546141,0.109546141,1,0.04,0.881629456,0.054713908,0.054713908,0.94938043
PTPA-K331,PTPA,-0.19285,0.002608054,2.58368334,-2.58368334,0.345345781,0.04,0.881629456,0.054713908,0.054713908,0.94938043
PTPA-K337,PTPA,0.0985,0.529963042,0.275754416,0.275754416,0.983510626,0.04,0.881629456,0.054713908,0.054713908,0.94938043
PTPN11-K198,PTPN11,0.0310155,0.890033672,0.050593563,0.050593563,1,0.045,0.231544629,0.63536529,0.63536529,0.497292831
PTPN11-K486,PTPN11,0.085,0.602766553,0.219850854,0.219850854,1,0.045,0.231544629,0.63536529,0.63536529,0.497292831
PTPN2-K364,PTPN2,0.098725,0.178638968,0.7480238,0.7480238,0.859405482,0.095,0.109940232,0.95884335,0.95884335,0.334542653
PTRHD1-K134,PTRHD1,-0.03295,0.128465772,0.891212568,-0.891212568,0.806415733,-0.04,0.691316759,0.160322915,-0.160322915,0.851316538
PUF60-K491,PUF60,0.156725,0.220258734,0.657066861,0.657066861,0.875622157,0.08,0.992079255,0.003453631,0.003453631,0.997690119
PUM3-K12,PUM3,0.1725,0.324604233,0.488645821,0.488645821,0.930954294,0.05,0.505939234,0.295901641,0.295901641,0.742033801
PURA-K250,PURA,-0.2755,0.012880958,1.89005184,-1.89005184,0.501718574,-0.02,0.784845096,0.105216051,-0.105216051,0.902705638
PURA-K262,PURA,-0.33211,0.182688338,0.738289174,-0.738289174,0.859405482,-0.02,0.784845096,0.105216051,-0.105216051,0.902705638
PURA-K266,PURA,-0.2333,0.025787505,1.588590674,-1.588590674,0.579745838,-0.02,0.784845096,0.105216051,-0.105216051,0.902705638
PURA-K273,PURA,-0.306875,0.013267933,1.877196737,-1.877196737,0.501718574,-0.02,0.784845096,0.105216051,-0.105216051,0.902705638
PURA-K279,PURA,-0.267,0.367621625,0.43459895,-0.43459895,0.938794148,-0.02,0.784845096,0.105216051,-0.105216051,0.902705638
PURB-K251,PURB,-0.4607,0.566293184,0.246958666,-0.246958666,0.993833698,-0.115,0.105610445,0.976293126,-0.976293126,0.326866582
PURB-K267,PURB,-0.07955,0.627564432,0.202341679,-0.202341679,1,-0.115,0.105610445,0.976293126,-0.976293126,0.326866582
PUS1-K67,PUS1,0.40255,0.094643721,1.023908195,1.023908195,0.776434795,0.355,0.001795856,2.745728551,2.745728551,0.034520122
PUS7-K69,PUS7,0.039,0.821614094,0.08533212,0.08533212,1,0.12,0.145864577,0.836050163,0.836050163,0.386461804
PYCR1-K78,PYCR1,0.29375,0.211900301,0.673868426,0.673868426,0.871132626,0.565,0.001416229,2.848866481,2.848866481,0.030023547
PYCR2-K47,PYCR2,-0.0443,0.69232755,0.159688386,-0.159688386,1,0.14,0.387774249,0.411421035,0.411421035,0.646248086
PYCR2-K61,PYCR2,0.5241,0.271330433,0.566501492,0.566501492,0.902857656,0.14,0.387774249,0.411421035,0.411421035,0.646248086
PYGB-K479,PYGB,0.999,0.257142857,0.589825535,0.589825535,0.896059652,0.195,0.019661036,1.706393598,1.706393598,0.129495624
PYGB-K520,PYGB,-0.05715,0.885714286,0.052706351,-0.052706351,1,0.195,0.019661036,1.706393598,1.706393598,0.129495624
PYGB-K811,PYGB,-0.3578,0.396354898,0.401915771,-0.401915771,0.956240488,0.195,0.019661036,1.706393598,1.706393598,0.129495624
PYGL-K29,PYGL,-0.1207,0.986810352,0.005766303,-0.005766303,1,0.345,0.186759607,0.728717048,0.728717048,0.440502556
PYGL-K78,PYGL,-0.49675,0.076857454,1.114314006,-1.114314006,0.742163866,0.345,0.186759607,0.728717048,0.728717048,0.440502556
PYGL-K811,PYGL,0.38175,0.733266733,0.134738018,0.134738018,1,0.345,0.186759607,0.728717048,0.728717048,0.440502556
PYGO1-K306,PYGO1,-0.2433875,0.315898301,0.50045271,-0.50045271,0.920825313,-0.375,0.57153835,0.242954623,-0.242954623,0.777821261
PYGO1-K321,PYGO1,-0.2025,0.261880329,0.581897123,-0.581897123,0.899293861,-0.375,0.57153835,0.242954623,-0.242954623,0.777821261
PYGO2-K313,PYGO2,0.4436,0.327682795,0.484546361,0.484546361,0.930954294,0.03,0.521957753,0.282364647,0.282364647,0.750517953
QARS-K309,QARS,0.52675,0.238141273,0.62316533,0.62316533,0.879057947,0,0.913026411,0.03951666,0,0.964007664
QARS-K421,QARS,0.5235,0.17750258,0.75079533,0.75079533,0.859405482,0,0.913026411,0.03951666,0,0.964007664
QARS-K628,QARS,-0.0835,0.993668568,0.002758447,-0.002758447,1,0,0.913026411,0.03951666,0,0.964007664
QDPR-K102,QDPR,-0.2937,0.048503612,1.314225919,-1.314225919,0.664840525,0.135,0.253616737,0.595822089,0.595822089,0.523869101
QPRT-K171,QPRT,0.0316,0.423820353,0.372818192,0.372818192,0.961720515,0.095,0.788692582,0.103092244,0.103092244,0.904396453
RAB18-K167,RAB18,0.05341,1,0,0,1,-0.07,0.195157863,0.709613946,-0.709613946,0.451568826
RAB1A-K131,RAB1A,-0.042,0.644935484,0.190483727,-0.190483727,1,-0.02,0.819369114,0.086520411,-0.086520411,0.920462951
RAB1A-K187,RAB1A,-0.09595,0.74638638,0.127036294,-0.127036294,1,-0.02,0.819369114,0.086520411,-0.086520411,0.920462951
RAB23-K141,RAB23,-0.0784,0.918620662,0.03686379,-0.03686379,1,-0.17,0.616160494,0.21030615,-0.21030615,0.806287327
RAB33B-K83,RAB33B,-0.08525,0.986950105,0.005704803,-0.005704803,1,0.105,0.502778828,0.298623018,0.298623018,0.739148771
RAB39A-K63,RAB39A,-0.08525,0.986950105,0.005704803,-0.005704803,1,0.22,0.453594573,0.34333215,0.34333215,0.701253066
RAB8A-K128,RAB8A,0.11,0.877011431,0.056994746,0.056994746,1,0.105,0.270492358,0.567845,0.567845,0.540193779
RACK1-K130,RACK1,0.028,0.967860464,0.01418725,0.01418725,1,0.145,0.404361279,0.393230439,0.393230439,0.660457421
RACK1-K172,RACK1,-0.29225,0.15751634,0.802674388,-0.802674388,0.842963497,0.145,0.404361279,0.393230439,0.393230439,0.660457421
RACK1-K183,RACK1,-0.0283,0.691193677,0.160400243,-0.160400243,1,0.145,0.404361279,0.393230439,0.393230439,0.660457421
RAD21-K216,RAD21,-0.06183,1,9.64E-17,-9.64E-17,1,0.3,0.010882668,1.963264628,1.963264628,0.093127203
RAD21-K477,RAD21,-0.2191,0.141769976,0.848415736,-0.848415736,0.820443268,0.3,0.010882668,1.963264628,1.963264628,0.093127203
RAD23B-K147,RAD23B,0.05074,0.949450549,0.02252765,0.02252765,1,0.2,0.002229216,2.651847786,2.651847786,0.038825109
RAD23B-K45,RAD23B,0.0581,0.468200207,0.329568399,0.329568399,0.967568225,0.2,0.002229216,2.651847786,2.651847786,0.038825109
RAD23B-K51,RAD23B,-0.0638,0.587660532,0.230873476,-0.230873476,1,0.2,0.002229216,2.651847786,2.651847786,0.038825109
RAD23B-K6,RAD23B,-0.0732,0.787878788,0.103540592,-0.103540592,1,0.2,0.002229216,2.651847786,2.651847786,0.038825109
RAD50-K321,RAD50,-0.26785,0.412747749,0.384315286,-0.384315286,0.956240488,-0.35,0.045472751,1.342248772,-1.342248772,0.206135798
RAD50-K398,RAD50,-0.4993,0.124482678,0.904891076,-0.904891076,0.79922227,-0.35,0.045472751,1.342248772,-1.342248772,0.206135798
RAD50-K458,RAD50,-0.5795,0.028340081,1.547598913,-1.547598913,0.591058584,-0.35,0.045472751,1.342248772,-1.342248772,0.206135798
RAD50-K616,RAD50,0.29,0.442142309,0.354437925,0.354437925,0.961720515,-0.35,0.045472751,1.342248772,-1.342248772,0.206135798
RAD50-K753,RAD50,-0.1756,0.104229056,0.982011195,-0.982011195,0.776434795,-0.35,0.045472751,1.342248772,-1.342248772,0.206135798
RAD50-K959,RAD50,-0.24395,0.061974986,1.20778356,-1.20778356,0.708372076,-0.35,0.045472751,1.342248772,-1.342248772,0.206135798
RAD9A-K2,RAD9A,0.30935,0.059976659,1.222017734,1.222017734,0.698068054,0.08,0.616136424,0.210323116,0.210323116,0.806287327
RAE1-K108,RAE1,0.2415,0.23030303,0.637700348,0.637700348,0.879057947,0.025,0.956455227,0.019335355,0.019335355,0.98275829
RAI1-K1083,RAI1,-0.0273,0.956463446,0.019331623,-0.019331623,1,0.035,0.496474029,0.304103465,0.304103465,0.734821265
RAI1-K1087,RAI1,0.119223,0.672862225,0.172073853,0.172073853,1,0.035,0.496474029,0.304103465,0.304103465,0.734821265
RAI1-K1093,RAI1,0.11075,0.937900634,0.027843171,0.027843171,1,0.035,0.496474029,0.304103465,0.304103465,0.734821265
RAI1-K1096,RAI1,0.0765,0.585505055,0.232469351,0.232469351,1,0.035,0.496474029,0.304103465,0.304103465,0.734821265
RAI1-K1139,RAI1,-0.0665,0.765917265,0.115818141,-0.115818141,1,0.035,0.496474029,0.304103465,0.304103465,0.734821265
RAI1-K1195,RAI1,-0.19314,0.915454127,0.038363413,-0.038363413,1,0.035,0.496474029,0.304103465,0.304103465,0.734821265
RAI1-K1411,RAI1,0.17265,0.599211363,0.222419959,0.222419959,1,0.035,0.496474029,0.304103465,0.304103465,0.734821265
RAI1-K1497,RAI1,0.134,0.409085341,0.388186083,0.388186083,0.956240488,0.035,0.496474029,0.304103465,0.304103465,0.734821265
RAI1-K1584,RAI1,0.1985,0.562932558,0.249543633,0.249543633,0.992070749,0.035,0.496474029,0.304103465,0.304103465,0.734821265
RAI1-K77,RAI1,0.26305,0.63880289,0.194633128,0.194633128,1,0.035,0.496474029,0.304103465,0.304103465,0.734821265
RAI1-K833,RAI1,-0.2188,0.792457542,0.101023997,-0.101023997,1,0.035,0.496474029,0.304103465,0.304103465,0.734821265
RAI1-K988,RAI1,0.0666,0.718181459,0.143765811,0.143765811,1,0.035,0.496474029,0.304103465,0.304103465,0.734821265
RAI14-K939,RAI14,-0.1135,0.116053438,0.935341991,-0.935341991,0.783137525,-0.325,0.335535903,0.474261003,-0.474261003,0.604137765
RALY-K146,RALY,0.29365,0.169219015,0.771550838,0.771550838,0.854988513,0.005,0.758255903,0.1201842,0.1201842,0.888023757
RALY-K165,RALY,0.2416,0.097575832,1.010657736,1.010657736,0.776434795,0.005,0.758255903,0.1201842,0.1201842,0.888023757
RALY-K179,RALY,0.2097,0.110864234,0.955208541,0.955208541,0.776434795,0.005,0.758255903,0.1201842,0.1201842,0.888023757
RAN-K152,RAN,0.37,0.002677592,2.572255669,2.572255669,0.347987733,0.345,0.005693588,2.244613927,2.244613927,0.065212868
RAN-K159,RAN,0.373,0.015915457,1.798180875,1.798180875,0.513483788,0.345,0.005693588,2.244613927,2.244613927,0.065212868
RAN-K60,RAN,-0.120245,0.464182042,0.333311665,-0.333311665,0.967568225,0.345,0.005693588,2.244613927,2.244613927,0.065212868
RAN-K71,RAN,0.1888,0.585452209,0.232508551,0.232508551,1,0.345,0.005693588,2.244613927,2.244613927,0.065212868
RAN-K99,RAN,0.059445,0.442254341,0.354327895,0.354327895,0.961720515,0.345,0.005693588,2.244613927,2.244613927,0.065212868
RANBP1-K227,RANBP1,0.40305,0.070344616,1.152769139,1.152769139,0.735103698,0.445,9.36E-05,4.028917152,4.028917152,0.006630034
RANBP1-K231,RANBP1,0.4645,0.016169837,1.791294354,1.791294354,0.513483788,0.445,9.36E-05,4.028917152,4.028917152,0.006630034
RANBP1-K256,RANBP1,1.04817,0.150892408,0.82133261,0.82133261,0.831690101,0.445,9.36E-05,4.028917152,4.028917152,0.006630034
RANBP10-K293,RANBP10,-0.698,0.244758947,0.611261423,-0.611261423,0.891857889,0.08,0.803986304,0.09475135,0.09475135,0.912197415
RANBP2-K1220,RANBP2,0.3488427,0.335554301,0.47423719,0.47423719,0.930954294,-0.015,0.706009184,0.15118965,-0.15118965,0.859842824
RANBP3-K163,RANBP3,-0.4317,0.211481598,0.674727417,-0.674727417,0.871132626,0.09,0.023860973,1.622311847,1.622311847,0.144478265
RANBP3-K26,RANBP3,0.65023,0.002821512,2.549518041,2.549518041,0.350397687,0.09,0.023860973,1.622311847,1.622311847,0.144478265
RANBP9-K405,RANBP9,-0.076512,0.454966619,0.342020467,-0.342020467,0.9663303,0.07,0.728217839,0.137738686,0.137738686,0.871987715
RAP1GAP-K80,RAP1GAP,0.7825,0.007392685,2.131197775,2.131197775,0.423870306,0.815,3.59E-04,3.444939617,3.444939617,0.013904616
RAPH1-K250,RAPH1,0.955,3.00E-04,3.522430937,3.522430937,0.19752322,0.795,0.002506209,2.60098264,2.60098264,0.041629398
RARS-K205,RARS,0.2472,0.23030303,0.637700348,0.637700348,0.879057947,0.175,0.106696974,0.971847898,0.971847898,0.329010336
RARS-K287,RARS,-0.0615,0.76959673,0.113736787,-0.113736787,1,0.175,0.106696974,0.971847898,0.971847898,0.329010336
RARS-K309,RARS,-0.486874,0.73015873,0.136582718,-0.136582718,1,0.175,0.106696974,0.971847898,0.971847898,0.329010336
RARS-K570,RARS,0.017375,1,0,0,1,0.175,0.106696974,0.971847898,0.971847898,0.329010336
RARS2-K138,RARS2,-0.03068,0.678654679,0.168351153,-0.168351153,1,-0.06,0.81165421,0.090628954,-0.090628954,0.916155221
RARS2-K557,RARS2,0.07526,0.915864364,0.038168839,0.038168839,1,-0.06,0.81165421,0.090628954,-0.090628954,0.916155221
RBAK-K287,RBAK,-0.3486,0.370382559,0.431349473,-0.431349473,0.938794148,0.01,0.924846962,0.033930126,0.033930126,0.968828202
RBBP5-K517,RBBP5,0.14336,0.052598719,1.279024836,1.279024836,0.67940945,0.09,0.728205504,0.137746043,0.137746043,0.871987715
RBBP6-K1207,RBBP6,0.4079,1.86E-04,3.731163551,3.731163551,0.166553407,0.095,0.261959298,0.581766182,0.581766182,0.531755774
RBBP6-K130,RBBP6,0.2425,0.185750472,0.731070073,0.731070073,0.859405482,0.095,0.261959298,0.581766182,0.581766182,0.531755774
RBBP6-K1344,RBBP6,0.09565,0.754578755,0.122295427,0.122295427,1,0.095,0.261959298,0.581766182,0.581766182,0.531755774
RBBP6-K1400,RBBP6,0.663,0.490842491,0.309057849,0.309057849,0.969594397,0.095,0.261959298,0.581766182,0.581766182,0.531755774
RBBP7-K163,RBBP7,0.21165,0.049952249,1.301444952,1.301444952,0.674179455,0.19,0.308931167,0.510138275,0.510138275,0.579566902
RBM12-K636,RBM12,0.131,0.614940711,0.211166754,0.211166754,1,0.065,0.348112272,0.458280667,0.458280667,0.615976174
RBM14-K135,RBM14,0.0094,0.901257542,0.045151088,0.045151088,1,0.15,0.28805978,0.540517375,0.540517375,0.558708799
RBM14-K149,RBM14,0.112825,0.036672818,1.435655718,1.435655718,0.61764214,0.15,0.28805978,0.540517375,0.540517375,0.558708799
RBM14-K164,RBM14,0.133,0.60922473,0.215222476,0.215222476,1,0.15,0.28805978,0.540517375,0.540517375,0.558708799
RBM14-K593,RBM14,0.34713,0.014418353,1.841084361,1.841084361,0.506519998,0.15,0.28805978,0.540517375,0.540517375,0.558708799
RBM14-K600,RBM14,0.4992,0.064828739,1.188232429,1.188232429,0.714196044,0.15,0.28805978,0.540517375,0.540517375,0.558708799
RBM15-K740,RBM15,-0.001,0.795744996,0.099226084,-0.099226084,1,0.08,0.40712495,0.390272282,0.390272282,0.663312892
RBM15-K762,RBM15,-0.0148,0.425675849,0.370920989,-0.370920989,0.961720515,0.08,0.40712495,0.390272282,0.390272282,0.663312892
RBM15B-K21,RBM15B,0.036,0.777228457,0.109451307,0.109451307,1,0.13,0.057934607,1.237061938,1.237061938,0.233724777
RBM17-K276,RBM17,0.1035,0.325946256,0.486854004,0.486854004,0.930954294,0.01,0.784841791,0.10521788,0.10521788,0.902705638
RBM17-K332,RBM17,-0.61,0.885714286,0.052706351,-0.052706351,1,0.01,0.784841791,0.10521788,0.10521788,0.902705638
RBM17-K391,RBM17,0.086915,0.685714286,0.163856803,0.163856803,1,0.01,0.784841791,0.10521788,0.10521788,0.902705638
RBM17-K41,RBM17,0.0259,0.76732849,0.115018677,0.115018677,1,0.01,0.784841791,0.10521788,0.10521788,0.902705638
RBM19-K271,RBM19,-0.0857,0.927272727,0.032792513,-0.032792513,1,-0.075,0.144479273,0.840194453,-0.840194453,0.384790556
RBM19-K85,RBM19,0.0152205,0.729582105,0.136925827,0.136925827,1,-0.075,0.144479273,0.840194453,-0.840194453,0.384790556
RBM20-K765,RBM20,0.1445,0.885714286,0.052706351,0.052706351,1,-1.26,5.42E-04,3.266186964,-3.266186964,0.017662583
RBM20-K767,RBM20,0.1445,0.885714286,0.052706351,0.052706351,1,-1.26,5.42E-04,3.266186964,-3.266186964,0.017662583
RBM22-K185,RBM22,-0.115,0.877632521,0.056687292,-0.056687292,1,0.17,0.038426589,1.41536817,1.41536817,0.188027706
RBM22-K212,RBM22,0.1534,0.095423134,1.020346325,1.020346325,0.776434795,0.17,0.038426589,1.41536817,1.41536817,0.188027706
RBM22-K416,RBM22,0.396,0.285714286,0.544068044,0.544068044,0.909317859,0.17,0.038426589,1.41536817,1.41536817,0.188027706
RBM22-K76,RBM22,0.1198,0.730769231,0.136219747,0.136219747,1,0.17,0.038426589,1.41536817,1.41536817,0.188027706
RBM25-K135,RBM25,0.03539,0.830908722,0.080446682,0.080446682,1,-0.025,0.45048845,0.346316339,-0.346316339,0.69924126
RBM25-K734,RBM25,0.7845,0.485714286,0.313619123,0.313619123,0.967568225,-0.025,0.45048845,0.346316339,-0.346316339,0.69924126
RBM26-K515,RBM26,0.01388,0.842902964,0.074222419,0.074222419,1,0.21,0.059928321,1.222367892,1.222367892,0.238306443
RBM26-K711,RBM26,0.16805,0.074798749,1.126105667,1.126105667,0.735568256,0.21,0.059928321,1.222367892,1.222367892,0.238306443
RBM27-K799,RBM27,0.36115,0.455352213,0.341652549,0.341652549,0.9663303,-0.13,0.038898765,1.410064184,-1.410064184,0.189231327
RBM33-K735,RBM33,0.08205,0.980817293,0.008411886,0.008411886,1,-0.025,0.578261828,0.237875475,-0.237875475,0.78235592
RBM33-K756,RBM33,0.0847,0.02939291,1.531757408,1.531757408,0.591058584,-0.025,0.578261828,0.237875475,-0.237875475,0.78235592
RBM39-K111,RBM39,0.1072,0.352380952,0.452987575,0.452987575,0.935291689,0.02,0.42989643,0.366636161,0.366636161,0.681872695
RBMX-K30,RBMX,0.1727,0.112128197,0.95028516,0.95028516,0.776434795,-0.065,0.72452138,0.139948795,-0.139948795,0.869630793
RBMX-K86,RBMX,-0.09165,0.306605074,0.513420662,-0.513420662,0.920825313,-0.065,0.72452138,0.139948795,-0.139948795,0.869630793
RBMXL1-K86,RBMXL1,-0.27735,0.15664577,0.805081328,-0.805081328,0.842963497,-0.12,0.279211706,0.554066377,-0.554066377,0.549403729
RBP1-K100,RBP1,-0.82095,0.028282828,1.548477163,-1.548477163,0.591058584,-1.555,1.48E-06,5.830310912,-5.830310912,0.001458149
RBP1-K103,RBP1,-0.0948135,0.885714286,0.052706351,-0.052706351,1,-1.555,1.48E-06,5.830310912,-5.830310912,0.001458149
RBP1-K155,RBP1,-0.30295,0.068969339,1.161343934,-1.161343934,0.731158345,-1.555,1.48E-06,5.830310912,-5.830310912,0.001458149
RBP1-K161,RBP1,-0.7805,0.004431382,2.353460828,-2.353460828,0.377682496,-1.555,1.48E-06,5.830310912,-5.830310912,0.001458149
RBX1-K105,RBX1,-0.1189635,0.885714286,0.052706351,-0.052706351,1,-0.005,0.680361672,0.16726016,-0.16726016,0.846038097
RCC1-K366,RCC1,0.10625,0.971358878,0.012620286,0.012620286,1,0.46,0.001826471,2.738387205,2.738387205,0.03482521
RCC2-K179,RCC2,0.383,0.060235983,1.220144,1.220144,0.699894249,0.07,0.172225191,0.763903326,0.763903326,0.423633504
RCC2-K188,RCC2,0.28745,0.555555556,0.255272505,0.255272505,0.990319758,0.07,0.172225191,0.763903326,0.763903326,0.423633504
RCC2-K293,RCC2,0.314,0.723230103,0.140723506,0.140723506,1,0.07,0.172225191,0.763903326,0.763903326,0.423633504
RCC2-K349,RCC2,0.0644,0.498539741,0.302300216,0.302300216,0.971766598,0.07,0.172225191,0.763903326,0.763903326,0.423633504
RCC2-K77,RCC2,0.037,0.890696984,0.050270018,0.050270018,1,0.07,0.172225191,0.763903326,0.763903326,0.423633504
RCC2-K92,RCC2,-0.208605,0.283314481,0.547731226,-0.547731226,0.909317859,0.07,0.172225191,0.763903326,0.763903326,0.423633504
RCN1-K204,RCN1,-0.00572,0.927272727,0.032792513,-0.032792513,1,-0.125,0.100418345,0.998186939,-0.998186939,0.317964194
RCN1-K294,RCN1,-0.707,0.945221445,0.024466434,-0.024466434,1,-0.125,0.100418345,0.998186939,-0.998186939,0.317964194
RDX-K327,RDX,-0.0220825,0.961215255,0.017179345,-0.017179345,1,0.185,0.004117882,2.385326106,2.385326106,0.054859847
RDX-K60,RDX,0.1031365,0.685714286,0.163856803,0.163856803,1,0.185,0.004117882,2.385326106,2.385326106,0.054859847
RDX-K71,RDX,0.6239,0.13969359,0.854823522,0.854823522,0.816505519,0.185,0.004117882,2.385326106,2.385326106,0.054859847
RECQL-K193,RECQL,0.007525,0.679146744,0.168036377,0.168036377,1,-0.135,0.421316008,0.375392039,-0.375392039,0.675462801
RECQL-K509,RECQL,-0.04085,0.301345927,0.520934674,-0.520934674,0.920466754,-0.135,0.421316008,0.375392039,-0.375392039,0.675462801
RECQL-K514,RECQL,0.09015,0.874875125,0.058053931,0.058053931,1,-0.135,0.421316008,0.375392039,-0.375392039,0.675462801
RECQL-K613,RECQL,-0.2747,0.810775285,0.091099499,-0.091099499,1,-0.135,0.421316008,0.375392039,-0.375392039,0.675462801
RECQL-K625,RECQL,0.037,0.722266839,0.141302324,0.141302324,1,-0.135,0.421316008,0.375392039,-0.375392039,0.675462801
RECQL-K637,RECQL,-0.2936,0.019126869,1.718356113,-1.718356113,0.550225095,-0.135,0.421316008,0.375392039,-0.375392039,0.675462801
RECQL5-K869,RECQL5,0.02625,0.890247178,0.050489394,0.050489394,1,0.05,0.407033818,0.390369506,0.390369506,0.663312892
RELA-K122,RELA,0.2773,0.080388483,1.094806169,1.094806169,0.757639694,0.19,0.012708728,1.895897904,1.895897904,0.101959888
REPIN1-K347,REPIN1,0.5939,0.342857143,0.464886798,0.464886798,0.930954294,0.12,0.462580586,0.334812598,0.334812598,0.707469478
REPIN1-K90,REPIN1,-0.00255,0.665904213,0.176588238,-0.176588238,1,0.12,0.462580586,0.334812598,0.334812598,0.707469478
REXO2-K173,REXO2,-0.0345,0.967655638,0.014279169,-0.014279169,1,0.005,0.992079671,0.003453449,0.003453449,0.997690119
RFC1-K14,RFC1,0.29395,0.011892327,1.924733168,1.924733168,0.501114778,0.145,0.116734779,0.932799734,0.932799734,0.345921834
RFC1-K15,RFC1,0.16005,0.307354481,0.51236045,0.51236045,0.920825313,0.145,0.116734779,0.932799734,0.932799734,0.345921834
RFC1-K318,RFC1,0.09007,0.356063755,0.448472233,0.448472233,0.936845827,0.145,0.116734779,0.932799734,0.932799734,0.345921834
RFC1-K610,RFC1,0.02265,0.96899937,0.013676505,0.013676505,1,0.145,0.116734779,0.932799734,0.932799734,0.345921834
RFC4-K13,RFC4,0.18025,0.039169939,1.407047103,1.407047103,0.631372573,0.4,0.002997639,2.523220646,2.523220646,0.0460505
RFX2-K298,RFX2,-0.1855,0.37194231,0.429524416,-0.429524416,0.940118747,0.225,0.984161453,0.006933649,0.006933649,0.994460474
RFX5-K428,RFX5,0.23085,0.8620692,0.064457871,0.064457871,1,0.12,0.160111375,0.795577814,0.795577814,0.407225729
RFX5-K593,RFX5,-0.0485,0.267823724,0.572150955,-0.572150955,0.902857656,0.12,0.160111375,0.795577814,0.795577814,0.407225729
RFX7-K698,RFX7,0.1775,0.443928449,0.352687023,0.352687023,0.961720515,0.245,0.056016994,1.251680204,1.251680204,0.22985496
RIDA-K101,RIDA,0.08175,0.889134372,0.0510326,0.0510326,1,0.175,0.198597597,0.702026012,0.702026012,0.456401461
RIDA-K13,RIDA,0.1251865,0.485714286,0.313619123,0.313619123,0.967568225,0.175,0.198597597,0.702026012,0.702026012,0.456401461
RIF1-K1300,RIF1,0.12,0.760604691,0.118841,0.118841,1,0.135,0.227736411,0.642567527,0.642567527,0.492827369
RIF1-K1738,RIF1,-0.569415,0.490842491,0.309057849,-0.309057849,0.969594397,0.135,0.227736411,0.642567527,0.642567527,0.492827369
RIOX2-K20,RIOX2,-0.0084,0.932762238,0.030229044,-0.030229044,1,0.24,0.19007597,0.721072784,0.721072784,0.444871128
RNASEH2B-K278,RNASEH2B,0.4171,0.161890674,0.790778169,0.790778169,0.848347798,0.165,0.022704344,1.643891034,1.643891034,0.140241421
RNASEH2B-K291,RNASEH2B,0.41935,0.141858142,0.848145733,0.848145733,0.820443268,0.165,0.022704344,1.643891034,1.643891034,0.140241421
RNASEL-K684,RNASEL,-0.426,0.073658542,1.13277688,-1.13277688,0.735328093,-0.325,0.053469236,1.271896018,-1.271896018,0.224249708
RNF213-K287,RNF213,0.034,0.840385277,0.075521565,0.075521565,1,0.09,0.345656252,0.461355584,0.461355584,0.613250869
RNF213-K2877,RNF213,-0.1199635,0.77860242,0.108684251,-0.108684251,1,0.09,0.345656252,0.461355584,0.461355584,0.613250869
RNF213-K353,RNF213,0.0725,0.903257028,0.044188651,0.044188651,1,0.09,0.345656252,0.461355584,0.461355584,0.613250869
RNF216-K482,RNF216,-0.08995,0.991867796,0.00354621,-0.00354621,1,0.045,0.846470407,0.07238822,0.07238822,0.933550004
RNF219-K417,RNF219,0.00415,0.767497644,0.114922949,0.114922949,1,0.21,0.131322093,0.881662205,0.881662205,0.368730369
RNF40-K20,RNF40,0.2015,0.295018681,0.530150483,0.530150483,0.916922529,0.12,0.01458029,1.836233833,1.836233833,0.109773412
RNF40-K517,RNF40,0.73264,0.096969697,1.013363962,1.013363962,0.776434795,0.12,0.01458029,1.836233833,1.836233833,0.109773412
RNF7-K28,RNF7,-0.11245,0.388978573,0.410074321,-0.410074321,0.951245477,0.035,0.665736101,0.176697892,0.176697892,0.836768734
RNH1-K195,RNH1,-0.05259,0.959276018,0.018056413,-0.018056413,1,-0.1,0.343032339,0.464664935,-0.464664935,0.610479789
RNH1-K89,RNH1,-0.0405,0.870588235,0.060187206,-0.060187206,1,-0.1,0.343032339,0.464664935,-0.464664935,0.610479789
RNMT-K116,RNMT,-0.2996,0.875711654,0.057638871,-0.057638871,1,0.125,0.227702238,0.642632701,0.642632701,0.492827369
RNPEP-K446,RNPEP,-0.0499,0.982253774,0.007776294,-0.007776294,1,0.26,0.002087612,2.680350289,2.680350289,0.037287045
RNPEP-K581,RNPEP,-0.175275,0.648484848,0.188100167,-0.188100167,1,0.26,0.002087612,2.680350289,2.680350289,0.037287045
RNPEP-K590,RNPEP,-0.3177,0.352380952,0.452987575,-0.452987575,0.935291689,0.26,0.002087612,2.680350289,2.680350289,0.037287045
RNPEP-K600,RNPEP,-0.08507,0.178638968,0.7480238,-0.7480238,0.859405482,0.26,0.002087612,2.680350289,2.680350289,0.037287045
RNPS1-K218,RNPS1,0.15535,0.21512497,0.667309178,0.667309178,0.874300916,0.105,0.03985784,1.399486237,1.399486237,0.191804761
ROCK1-K647,ROCK1,0.4569,0.192355647,0.71589506,0.71589506,0.859405482,0.05,0.754461306,0.122363029,0.122363029,0.886420537
ROCK1-K718,ROCK1,0.09395,0.683516484,0.165251008,0.165251008,1,0.05,0.754461306,0.122363029,0.122363029,0.886420537
ROCK2-K769,ROCK2,-0.20555,0.538659483,0.26868569,-0.26868569,0.985226023,-0.14,0.062686816,1.202823792,-1.202823792,0.244698416
ROCK2-K890,ROCK2,-0.0905,0.236073784,0.626952239,-0.626952239,0.879057947,-0.14,0.062686816,1.202823792,-1.202823792,0.244698416
RP9-K118,RP9,0.6503,0.109090909,0.962211439,0.962211439,0.776434795,-0.04,0.897310001,0.047057492,-0.047057492,0.956801528
RPA1-K163,RPA1,0.713,0.037917638,1.421158725,1.421158725,0.626131724,0.225,0.005275199,2.277761162,2.277761162,0.062555609
RPA1-K263,RPA1,0.2249,0.098664417,1.005839445,1.005839445,0.776434795,0.225,0.005275199,2.277761162,2.277761162,0.062555609
RPA1-K488,RPA1,0.54285,0.322776852,0.491097619,0.491097619,0.929614984,0.225,0.005275199,2.277761162,2.277761162,0.062555609
RPA1-K511,RPA1,-0.181625,0.485714286,0.313619123,-0.313619123,0.967568225,0.225,0.005275199,2.277761162,2.277761162,0.062555609
RPA1-K577,RPA1,0.082275,1,0,0,1,0.225,0.005275199,2.277761162,2.277761162,0.062555609
RPA1-K588,RPA1,0.300975,0.016777448,1.775274092,1.775274092,0.52278551,0.225,0.005275199,2.277761162,2.277761162,0.062555609
RPA2-K273,RPA2,-0.2519,0.685714286,0.163856803,-0.163856803,1,0.2,0.044896986,1.347782811,1.347782811,0.204933974
RPA3-K33,RPA3,0.14805,0.400257998,0.397659981,0.397659981,0.956240488,0.285,0.02933205,1.532657579,1.532657579,0.161923674
RPL10-K101,RPL10,-0.33785,0.569890859,0.244208309,-0.244208309,0.993833698,-0.185,0.484033471,0.315124606,-0.315124606,0.725370785
RPL10A-K106,RPL10A,0.1398,0.093495328,1.029210091,1.029210091,0.776434795,-0.2,0.588497451,0.230255414,-0.230255414,0.789111409
RPL10A-K118,RPL10A,0.2918,0.225641026,0.646581935,0.646581935,0.879057947,-0.2,0.588497451,0.230255414,-0.230255414,0.789111409
RPL10A-K130,RPL10A,0.1708,0.44185756,0.35471771,0.35471771,0.961720515,-0.2,0.588497451,0.230255414,-0.230255414,0.789111409
RPL10A-K91,RPL10A,0.082775,0.339112459,0.469656254,0.469656254,0.930954294,-0.2,0.588497451,0.230255414,-0.230255414,0.789111409
RPL11-K154,RPL11,0.145,0.642387513,0.19220291,0.19220291,1,0.03,0.578267813,0.23787098,0.23787098,0.78235592
RPL11-K52,RPL11,-0.10125,0.455709807,0.341311625,-0.341311625,0.9663303,0.03,0.578267813,0.23787098,0.23787098,0.78235592
RPL11-K85,RPL11,0.133055,0.266327443,0.57458408,0.57458408,0.901379765,0.03,0.578267813,0.23787098,0.23787098,0.78235592
RPL12-K40,RPL12,0.17635,0.753113553,0.123139537,0.123139537,1,0.08,0.717097631,0.144421712,0.144421712,0.865792125
RPL12-K54,RPL12,-0.05165,0.946512313,0.023873732,-0.023873732,1,0.08,0.717097631,0.144421712,0.144421712,0.865792125
RPL13-K174,RPL13,-0.2302,0.661172161,0.179685441,-0.179685441,1,-0.19,0.96041479,0.017541161,-0.017541161,0.983920475
RPL13A-K183,RPL13A,0.32665,0.454731565,0.342244899,0.342244899,0.9663303,-0.135,0.819403589,0.086502138,-0.086502138,0.920462951
RPL13A-K191,RPL13A,0.34405,0.081252081,1.090165506,1.090165506,0.757639694,-0.135,0.819403589,0.086502138,-0.086502138,0.920462951
RPL14-K177,RPL14,-0.0184,0.635878913,0.196625577,-0.196625577,1,-0.05,0.687638648,0.162639722,-0.162639722,0.84981535
RPL14-K199,RPL14,0.309,0.52834442,0.277082875,0.277082875,0.982788878,-0.05,0.687638648,0.162639722,-0.162639722,0.84981535
RPL14-K85,RPL14,0.0811,0.618266514,0.208824275,0.208824275,1,-0.05,0.687638648,0.162639722,-0.162639722,0.84981535
RPL15-K93,RPL15,-0.1505,0.953767908,0.020557295,-0.020557295,1,-0.1,0.698634511,0.155749965,-0.155749965,0.856012755
RPL17-K105,RPL17,0.13175,0.352380952,0.452987575,0.452987575,0.935291689,-0.15,0.842619653,0.074368416,-0.074368416,0.931897251
RPL17-K13,RPL17,0.2042,0.172395415,0.763474289,0.763474289,0.859405482,-0.15,0.842619653,0.074368416,-0.074368416,0.931897251
RPL17-K27,RPL17,0.0303,0.968866761,0.013735943,0.013735943,1,-0.15,0.842619653,0.074368416,-0.074368416,0.931897251
RPL17-K74,RPL17,-0.1765345,0.885714286,0.052706351,-0.052706351,1,-0.15,0.842619653,0.074368416,-0.074368416,0.931897251
RPL18-K49,RPL18,-0.2458,0.77032967,0.113323374,-0.113323374,1,0.04,0.773436757,0.111575192,0.111575192,0.896807433
RPL18A-K11,RPL18A,0.4185,0.219298246,0.658964843,0.658964843,0.875622157,-0.1,0.940650459,0.026571728,-0.026571728,0.975652107
RPL18A-K136,RPL18A,0.09019,0.883800445,0.053645784,0.053645784,1,-0.1,0.940650459,0.026571728,-0.026571728,0.975652107
RPL18A-K21,RPL18A,-0.45065,0.180569431,0.743355772,-0.743355772,0.859405482,-0.1,0.940650459,0.026571728,-0.026571728,0.975652107
RPL19-K80,RPL19,0.32875,0.747006083,0.126675861,0.126675861,1,-0.01,0.424224629,0.372404122,-0.372404122,0.678044524
RPL23-K13,RPL23,0.2749,0.044081184,1.355746749,1.355746749,0.642864871,-0.075,0.800164674,0.096820626,-0.096820626,0.910115278
RPL23A-K70,RPL23A,-0.05441,1,0,0,1,-0.04,0.509161341,0.293144579,-0.293144579,0.744017786
RPL24-K27,RPL24,0.26465,0.445132439,0.351510755,0.351510755,0.961720515,-0.115,0.83486383,0.078384354,-0.078384354,0.928134285
RPL24-K43,RPL24,0.0491365,0.549115683,0.260336152,0.260336152,0.989395087,-0.115,0.83486383,0.078384354,-0.078384354,0.928134285
RPL26-K142,RPL26,-0.121625,0.685714286,0.163856803,-0.163856803,1,-0.09,0.568146516,0.245539652,-0.245539652,0.775853364
RPL27-K27,RPL27,0.3005,0.189909042,0.721454356,0.721454356,0.859405482,-0.05,0.438760416,0.35777256,-0.35777256,0.689304396
RPL27-K98,RPL27,0.15401,0.699134199,0.155439453,0.155439453,1,-0.05,0.438760416,0.35777256,-0.35777256,0.689304396
RPL28-K33,RPL28,-0.274665,0.107865894,0.967115852,-0.967115852,0.776434795,0.185,0.169148688,0.771731367,0.771731367,0.419296818
RPL3-K132,RPL3,0.6745,0.177289377,0.751317285,0.751317285,0.859405482,-0.075,0.838745179,0.076369963,-0.076369963,0.930236625
RPL3-K136,RPL3,0.3786,0.296300025,0.528268312,0.528268312,0.918072218,-0.075,0.838745179,0.076369963,-0.076369963,0.930236625
RPL3-K143,RPL3,-0.058,0.826923077,0.082534888,-0.082534888,1,-0.075,0.838745179,0.076369963,-0.076369963,0.930236625
RPL3-K155,RPL3,-0.0535,0.867554805,0.06170308,-0.06170308,1,-0.075,0.838745179,0.076369963,-0.076369963,0.930236625
RPL3-K341,RPL3,-0.0215,0.65435236,0.184188327,-0.184188327,1,-0.075,0.838745179,0.076369963,-0.076369963,0.930236625
RPL3-K356,RPL3,0.4935,0.02967033,1.527677628,1.527677628,0.593457358,-0.075,0.838745179,0.076369963,-0.076369963,0.930236625
RPL3-K385,RPL3,0.18682,0.333804275,0.476508105,0.476508105,0.930954294,-0.075,0.838745179,0.076369963,-0.076369963,0.930236625
RPL30-K115,RPL30,-0.01335,0.856004672,0.067523865,-0.067523865,1,-0.06,0.474765841,0.323520535,-0.323520535,0.718360644
RPL30-K26,RPL30,0.1655,0.012791759,1.893069733,1.893069733,0.501718574,-0.06,0.474765841,0.323520535,-0.323520535,0.718360644
RPL30-K44,RPL30,-0.13595,1,0,0,1,-0.06,0.474765841,0.323520535,-0.323520535,0.718360644
RPL31-K39,RPL31,0.06663,0.299808447,0.523156136,0.523156136,0.918400558,-0.275,0.474738017,0.323545989,-0.323545989,0.718360644
RPL34-K19,RPL34,-0.3525,0.557077301,0.254084537,-0.254084537,0.990772801,-0.215,0.777242411,0.10944351,-0.10944351,0.898592168
RPL34-K36,RPL34,-0.05925,0.906310775,0.042722857,-0.042722857,1,-0.215,0.777242411,0.10944351,-0.10944351,0.898592168
RPL35-K43,RPL35,0.028,0.984161536,0.006933613,0.006933613,1,0.17,0.161601946,0.791553414,0.791553414,0.409395924
RPL35A-K15,RPL35A,0.1223,0.150694929,0.821901361,0.821901361,0.831690101,-0.14,0.487129715,0.312355378,-0.312355378,0.727329473
RPL35A-K45,RPL35A,0.04783,0.913749662,0.03917277,0.03917277,1,-0.14,0.487129715,0.312355378,-0.312355378,0.727329473
RPL35A-K95,RPL35A,0.2398,0.087912088,1.055951405,1.055951405,0.773861515,-0.14,0.487129715,0.312355378,-0.312355378,0.727329473
RPL36-K62,RPL36,0.1412,0.408140906,0.389189876,0.389189876,0.956240488,0.08,0.538240444,0.269023672,0.269023672,0.756759769
RPL37-K10,RPL37,0.3269,0.148043734,0.829609971,0.829609971,0.831563929,-0.1,0.637271816,0.195675288,-0.195675288,0.820046795
RPL37-K31,RPL37,-0.023,1,0,0,1,-0.1,0.637271816,0.195675288,-0.195675288,0.820046795
RPL37-K42,RPL37,0.131,0.838025851,0.076742584,0.076742584,1,-0.1,0.637271816,0.195675288,-0.195675288,0.820046795
RPL38-K67,RPL38,-0.03496,0.925145249,0.033790077,-0.033790077,1,-0.005,0.404363745,0.39322779,-0.39322779,0.660457421
RPL4-K120,RPL4,-0.0511,0.47063849,0.327312558,-0.327312558,0.967568225,-0.14,0.819398,0.086505101,-0.086505101,0.920462951
RPL4-K14,RPL4,-0.05419,0.536010558,0.270826656,-0.270826656,0.984228701,-0.14,0.819398,0.086505101,-0.086505101,0.920462951
RPL4-K172,RPL4,0.1253,0.77032967,0.113323374,0.113323374,1,-0.14,0.819398,0.086505101,-0.086505101,0.920462951
RPL5-K220,RPL5,0.17705,0.34969657,0.456308628,0.456308628,0.935291689,-0.315,0.366342479,0.436112721,-0.436112721,0.628511102
RPL5-K241,RPL5,0.07731,0.825174825,0.08345403,0.08345403,1,-0.315,0.366342479,0.436112721,-0.436112721,0.628511102
RPL5-K255,RPL5,-0.11031,0.660723714,0.179980106,-0.179980106,1,-0.315,0.366342479,0.436112721,-0.436112721,0.628511102
RPL5-K27,RPL5,0.9425,0.099234099,1.003339068,1.003339068,0.776434795,-0.315,0.366342479,0.436112721,-0.436112721,0.628511102
RPL5-K48,RPL5,-0.09062,0.954795474,0.020089648,-0.020089648,1,-0.315,0.366342479,0.436112721,-0.436112721,0.628511102
RPL5-K5,RPL5,-0.05525,0.767042419,0.115180618,-0.115180618,1,-0.315,0.366342479,0.436112721,-0.436112721,0.628511102
RPL6-K5,RPL6,-0.01,0.75723341,0.120770233,-0.120770233,1,-0.07,0.956454542,0.019335666,-0.019335666,0.98275829
RPL6-K77,RPL6,0.367,0.458694753,0.338476227,0.338476227,0.967568225,-0.07,0.956454542,0.019335666,-0.019335666,0.98275829
RPL7A-K101,RPL7A,-0.366,0.329138354,0.482621507,-0.482621507,0.930954294,-0.025,0.340600194,0.467755109,-0.467755109,0.608261233
RPL7A-K131,RPL7A,-0.075,0.776156965,0.110050441,-0.110050441,1,-0.025,0.340600194,0.467755109,-0.467755109,0.608261233
RPL7A-K150,RPL7A,0.1284,0.735233582,0.133574665,0.133574665,1,-0.025,0.340600194,0.467755109,-0.467755109,0.608261233
RPL7A-K176,RPL7A,-0.15333,0.593564756,0.226531894,-0.226531894,1,-0.025,0.340600194,0.467755109,-0.467755109,0.608261233
RPL7A-K212,RPL7A,-0.05145,0.866337426,0.062312924,-0.062312924,1,-0.025,0.340600194,0.467755109,-0.467755109,0.608261233
RPL7A-K97,RPL7A,0.14504,0.349881892,0.456078533,0.456078533,0.935291689,-0.025,0.340600194,0.467755109,-0.467755109,0.608261233
RPL9-K121,RPL9,0.2161,0.242869936,0.614626241,0.614626241,0.88820282,-0.21,0.952504085,0.021133153,-0.021133153,0.981249221
RPL9-K28,RPL9,-0.24055,0.133008186,0.87612163,-0.87612163,0.809164535,-0.21,0.952504085,0.021133153,-0.021133153,0.981249221
RPLP0-K134,RPLP0,0.31905,0.273579877,0.562915851,0.562915851,0.902857656,-0.015,0.71711184,0.144413107,-0.144413107,0.865792125
RPLP0-K77,RPLP0,-0.0818,0.904561033,0.043562125,-0.043562125,1,-0.015,0.71711184,0.144413107,-0.144413107,0.865792125
RPLP2-K21,RPLP2,0.2608,0.056159915,1.250573554,1.250573554,0.68202138,0.115,0.082330402,1.084439763,1.084439763,0.285759964
RPLP2-K25,RPLP2,-0.0701,0.437562438,0.358959967,-0.358959967,0.961720515,0.115,0.082330402,1.084439763,1.084439763,0.285759964
RPLP2-K94,RPLP2,0.1303,0.462346477,0.335032447,0.335032447,0.967568225,0.115,0.082330402,1.084439763,1.084439763,0.285759964
RPN1-K258,RPN1,0.12,0.699134199,0.155439453,0.155439453,1,0.085,0.731978277,0.135501807,0.135501807,0.874551656
RPN1-K516,RPN1,0.133,0.540825136,0.266943132,0.266943132,0.986280811,0.085,0.731978277,0.135501807,0.135501807,0.874551656
RPN1-K524,RPN1,0.07885,0.814808721,0.088944332,0.088944332,1,0.085,0.731978277,0.135501807,0.135501807,0.874551656
RPN1-K538,RPN1,-0.034,0.343166602,0.464494986,-0.464494986,0.930954294,0.085,0.731978277,0.135501807,0.135501807,0.874551656
RPN1-K564,RPN1,-0.2508,0.606393606,0.217245386,-0.217245386,1,0.085,0.731978277,0.135501807,0.135501807,0.874551656
RPS11-K45,RPS11,0.269,0.022432393,1.649124393,1.649124393,0.55675501,-0.14,0.960413129,0.017541912,-0.017541912,0.983920475
RPS11-K58,RPS11,0.0357,0.509373378,0.292963757,0.292963757,0.975315181,-0.14,0.960413129,0.017541912,-0.017541912,0.983920475
RPS12-K112,RPS12,-0.08965,0.859894278,0.065554941,-0.065554941,1,-0.02,0.956459337,0.019333489,-0.019333489,0.98275829
RPS13-K27,RPS13,0.1607,0.129598432,0.887400254,0.887400254,0.806504592,-0.055,0.591928956,0.227730415,-0.227730415,0.791243771
RPS13-K39,RPS13,0.09085,0.044352183,1.353085002,1.353085002,0.64292029,-0.055,0.591928956,0.227730415,-0.227730415,0.791243771
RPS14-K106,RPS14,0.12055,0.302314932,0.519540402,0.519540402,0.920533109,-0.1,0.93275731,0.030231339,-0.030231339,0.97309982
RPS15-K79,RPS15,0.3537,0.374937154,0.426041521,0.426041521,0.943798045,0.02,0.412778146,0.384283304,0.384283304,0.668279903
RPS15A-K19,RPS15A,0.17038,0.220841414,0.655919481,0.655919481,0.875622157,-0.075,0.750744116,0.124508063,-0.124508063,0.884694107
RPS16-K26,RPS16,0.318,0.143894571,0.84195559,0.84195559,0.824369062,0.19,0.08961982,1.04759593,1.04759593,0.298776232
RPS17-K19,RPS17,0.4295,0.354312354,0.450613704,0.450613704,0.935291689,-0.015,0.409944563,0.387274869,-0.387274869,0.665966583
RPS17-K32,RPS17,0.05913,0.553046755,0.257238151,0.257238151,0.990319758,-0.015,0.409944563,0.387274869,-0.387274869,0.665966583
RPS18-K94,RPS18,-0.0515,0.897324473,0.047050488,-0.047050488,1,-0.03,0.673089158,0.171927405,-0.171927405,0.84143029
RPS19-K23,RPS19,-0.178901,0.494230228,0.306070696,-0.306070696,0.969644025,0.15,0.551429938,0.258509659,0.258509659,0.766331079
RPS19BP1-K34,RPS19BP1,0.572,0.168826507,0.772559365,0.772559365,0.854988513,0.085,0.528452658,0.276993913,0.276993913,0.750517953
RPS2-K114,RPS2,-0.0134,0.806784908,0.093242234,-0.093242234,1,0.275,0.062699225,1.202737829,1.202737829,0.244698416
RPS20-K34,RPS20,0.1557,0.48996559,0.309834419,0.309834419,0.969594397,-0.04,0.531682908,0.2743473,-0.2743473,0.752743395
RPS20-K67,RPS20,0.0425,0.940113039,0.026819924,0.026819924,1,-0.04,0.531682908,0.2743473,-0.2743473,0.752743395
RPS20-K8,RPS20,-0.0068,0.377702841,0.422849748,-0.422849748,0.943988084,-0.04,0.531682908,0.2743473,-0.2743473,0.752743395
RPS21-K81,RPS21,0.0035,0.564865543,0.248054916,0.248054916,0.993833698,0.04,0.279254605,0.553999656,0.553999656,0.549403729
RPS23-K21,RPS23,0.1949,0.24025974,0.619318997,0.619318997,0.883259747,-0.03,0.854292508,0.068393402,-0.068393402,0.937477007
RPS24-K129,RPS24,0.1195,0.269227925,0.569879896,0.569879896,0.902857656,-0.23,0.438753208,0.357779695,-0.357779695,0.689304396
RPS25-K52,RPS25,-0.392,0.632825222,0.19871622,-0.19871622,1,-0.12,0.499653782,0.301330821,-0.301330821,0.736939064
RPS25-K57,RPS25,0.091,0.310756742,0.507579441,0.507579441,0.920825313,-0.12,0.499653782,0.301330821,-0.301330821,0.736939064
RPS25-K66,RPS25,0.04162,0.35978522,0.443956682,0.443956682,0.936845827,-0.12,0.499653782,0.301330821,-0.301330821,0.736939064
RPS25-K94,RPS25,-0.06865,0.943709532,0.025161658,-0.025161658,1,-0.12,0.499653782,0.301330821,-0.301330821,0.736939064
RPS26-K66,RPS26,0.1706255,0.485714286,0.313619123,0.313619123,0.967568225,0.28,0.08592687,1.065871006,1.065871006,0.291465884
RPS27A-K107,RPS27A,-0.06165,0.594883805,0.225567854,-0.225567854,1,-0.14,0.788662262,0.10310894,-0.10310894,0.904396453
RPS27A-K113,RPS27A,0.08915,0.53772891,0.269436614,0.269436614,0.985226023,-0.14,0.788662262,0.10310894,-0.10310894,0.904396453
RPS27A-K143,RPS27A,0.3606155,0.342857143,0.464886798,0.464886798,0.930954294,-0.14,0.788662262,0.10310894,-0.10310894,0.904396453
RPS27A-K152,RPS27A,0.1255,0.379707019,0.420551375,0.420551375,0.945030662,-0.14,0.788662262,0.10310894,-0.10310894,0.904396453
RPS27A-K156,RPS27A,0.21905,0.091024035,1.040843917,1.040843917,0.776434795,-0.14,0.788662262,0.10310894,-0.10310894,0.904396453
RPS27A-K89,RPS27A,0.1739155,0.2,0.698970004,0.698970004,0.859405482,-0.14,0.788662262,0.10310894,-0.10310894,0.904396453
RPS28-K10,RPS28,0.09433,0.417635424,0.379202671,0.379202671,0.960518308,-0.105,0.976242634,0.01044223,-0.01044223,0.991234632
RPS28-K16,RPS28,-0.2083635,0.685714286,0.163856803,-0.163856803,1,-0.105,0.976242634,0.01044223,-0.01044223,0.991234632
RPS29-K13,RPS29,0.2754,0.061000228,1.214668544,1.214668544,0.705271166,0.015,0.418501718,0.378302755,0.378302755,0.672671552
RPS29-K33,RPS29,0.05112,0.391366663,0.407416171,0.407416171,0.953353432,0.015,0.418501718,0.378302755,0.378302755,0.672671552
RPS3-K124,RPS3,0.004,0.793318041,0.100552669,0.100552669,1,-0.07,0.765823594,0.115871258,-0.115871258,0.892343019
RPS3-K157,RPS3,-0.0648,0.699134199,0.155439453,-0.155439453,1,-0.07,0.765823594,0.115871258,-0.115871258,0.892343019
RPS3-K167,RPS3,0.27575,0.311867905,0.506029317,0.506029317,0.920825313,-0.07,0.765823594,0.115871258,-0.115871258,0.892343019
RPS3-K18,RPS3,-0.05947,0.790010939,0.102366895,-0.102366895,1,-0.07,0.765823594,0.115871258,-0.115871258,0.892343019
RPS3-K62,RPS3,0.074,0.401619202,0.396185531,0.396185531,0.956240488,-0.07,0.765823594,0.115871258,-0.115871258,0.892343019
RPS3-K75,RPS3,-0.1359635,0.885714286,0.052706351,-0.052706351,1,-0.07,0.765823594,0.115871258,-0.115871258,0.892343019
RPS3A-K109,RPS3A,0.163,0.581709404,0.235293915,0.235293915,1,-0.215,0.916983353,0.037638549,-0.037638549,0.96500359
RPS3A-K115,RPS3A,-0.1811,0.535316359,0.271389485,-0.271389485,0.984176452,-0.215,0.916983353,0.037638549,-0.037638549,0.96500359
RPS3A-K144,RPS3A,0.1622,0.228312169,0.64147094,0.64147094,0.879057947,-0.215,0.916983353,0.037638549,-0.037638549,0.96500359
RPS3A-K182,RPS3A,-0.1388,0.195533672,0.708778444,-0.708778444,0.859405482,-0.215,0.916983353,0.037638549,-0.037638549,0.96500359
RPS3A-K249,RPS3A,0.556,0.294842421,0.530410031,0.530410031,0.916922529,-0.215,0.916983353,0.037638549,-0.037638549,0.96500359
RPS3A-K46,RPS3A,0.12295,0.354366002,0.450547951,0.450547951,0.935291689,-0.215,0.916983353,0.037638549,-0.037638549,0.96500359
RPS4X-K120,RPS4X,0.2094,0.171297996,0.766247717,0.766247717,0.858569025,-0.23,0.531725987,0.274312114,-0.274312114,0.752743395
RPS4X-K128,RPS4X,0.324,0.660805861,0.179926114,0.179926114,1,-0.23,0.531725987,0.274312114,-0.274312114,0.752743395
RPS4X-K37,RPS4X,-0.0919,0.583333333,0.234083206,-0.234083206,1,-0.23,0.531725987,0.274312114,-0.274312114,0.752743395
RPS4X-K62,RPS4X,-0.0035,0.454275021,0.342681143,-0.342681143,0.9663303,-0.23,0.531725987,0.274312114,-0.274312114,0.752743395
RPS5-K167,RPS5,-0.0045,0.548607355,0.260738374,-0.260738374,0.989395087,-0.05,0.694987942,0.15802273,-0.15802273,0.853903677
RPS5-K191,RPS5,0.3763,0.056119544,1.250885865,1.250885865,0.68202138,-0.05,0.694987942,0.15802273,-0.15802273,0.853903677
RPS6-K14,RPS6,0.3999,0.439795668,0.356749052,0.356749052,0.961720515,0.01,0.762067803,0.118006387,0.118006387,0.890065294
RPS6-K79,RPS6,-0.4,0.363636364,0.439332694,-0.439332694,0.936845827,0.01,0.762067803,0.118006387,0.118006387,0.890065294
RPS7-K155,RPS7,0.026475,0.767898768,0.114696029,0.114696029,1,-0.1,0.885543321,0.052790188,-0.052790188,0.951013655
RPS7-K160,RPS7,-0.05405,0.874083436,0.05844711,-0.05844711,1,-0.1,0.885543321,0.052790188,-0.052790188,0.951013655
RPS7-K74,RPS7,0.1814,0.199387461,0.700302156,0.700302156,0.859405482,-0.1,0.885543321,0.052790188,-0.052790188,0.951013655
RPS8-K128,RPS8,0.32485,0.02399015,1.619967037,1.619967037,0.565022983,-0.09,0.928807233,0.032074411,-0.032074411,0.970791179
RPS8-K139,RPS8,0.30725,0.712787213,0.1470401,0.1470401,1,-0.09,0.928807233,0.032074411,-0.032074411,0.970791179
RPS8-K37,RPS8,0.0557,1,0,0,1,-0.09,0.928807233,0.032074411,-0.032074411,0.970791179
RPS9-K66,RPS9,0.41,0.317132343,0.498759464,0.498759464,0.920825313,-0.02,0.564751691,0.24814246,-0.24814246,0.773770169
RPSA-K40,RPSA,0.13725,0.733777272,0.134435744,0.134435744,1,0.07,0.323285257,0.490414101,0.490414101,0.593705032
RPUSD2-K304,RPUSD2,-0.1354,0.642647059,0.192027476,-0.192027476,1,0.065,0.064086726,1.193231912,1.193231912,0.247547069
RRAS2-K106,RRAS2,-0.27815,0.885714286,0.052706351,-0.052706351,1,0.145,0.173806284,0.759934526,0.759934526,0.425500126
RRBP1-K608,RRBP1,-0.0551,0.27948099,0.553647727,-0.553647727,0.909317859,-0.07,0.528411532,0.277027713,-0.277027713,0.750517953
RRBP1-K742,RRBP1,0.110105,0.699134199,0.155439453,0.155439453,1,-0.07,0.528411532,0.277027713,-0.277027713,0.750517953
RRBP1-K957,RRBP1,-0.1755,0.885714286,0.052706351,-0.052706351,1,-0.07,0.528411532,0.277027713,-0.277027713,0.750517953
RRM1-K496,RRM1,-0.156315,0.782417887,0.106561229,-0.106561229,1,0.5,2.13E-04,3.670883143,3.670883143,0.010344909
RRP12-K833,RRP12,0.115875,1,0,0,1,0.145,0.261924238,0.581824311,0.581824311,0.531755774
RRP9-K25,RRP9,0.0545,0.993843429,0.002682029,0.002682029,1,0.265,0.049310997,1.307056214,1.307056214,0.21514036
RRS1-K333,RRS1,0.911349,0.278244439,0.555573506,0.555573506,0.909244101,0.005,0.698633006,0.1557509,0.1557509,0.856012755
RSBN1L-K43,RSBN1L,-0.05905,0.71678442,0.144611443,-0.144611443,1,0.035,0.728219209,0.137737869,0.137737869,0.871987715
RSF1-K1050,RSF1,0.15849,0.192480317,0.715613676,0.715613676,0.859405482,0.02,0.528396378,0.277040168,0.277040168,0.750517953
RSF1-K1061,RSF1,-0.029,0.567339429,0.246157033,-0.246157033,0.993833698,0.02,0.528396378,0.277040168,0.277040168,0.750517953
RSF1-K1072,RSF1,0.117,0.173436041,0.760860648,0.760860648,0.859405482,0.02,0.528396378,0.277040168,0.277040168,0.750517953
RSF1-K1338,RSF1,0.03155,0.459616512,0.337604377,0.337604377,0.967568225,0.02,0.528396378,0.277040168,0.277040168,0.750517953
RSF1-K1386,RSF1,-0.0135,0.838760202,0.076362184,-0.076362184,1,0.02,0.528396378,0.277040168,0.277040168,0.750517953
RSF1-K1390,RSF1,0.04021,0.854304605,0.068387253,0.068387253,1,0.02,0.528396378,0.277040168,0.277040168,0.750517953
RSF1-K277,RSF1,0.288,0.296536797,0.527921408,0.527921408,0.918222724,0.02,0.528396378,0.277040168,0.277040168,0.750517953
RSF1-K327,RSF1,0.08721,0.442965256,0.353630336,0.353630336,0.961720515,0.02,0.528396378,0.277040168,0.277040168,0.750517953
RSF1-K426,RSF1,0.25054,0.025233307,1.598025822,1.598025822,0.579356878,0.02,0.528396378,0.277040168,0.277040168,0.750517953
RSF1-K565,RSF1,-0.37175,0.199352135,0.700379108,-0.700379108,0.859405482,0.02,0.528396378,0.277040168,0.277040168,0.750517953
RSF1-K662,RSF1,0.1823,0.195207087,0.709504418,0.709504418,0.859405482,0.02,0.528396378,0.277040168,0.277040168,0.750517953
RSF1-K758,RSF1,-0.34785,0.028282828,1.548477163,-1.548477163,0.591058584,0.02,0.528396378,0.277040168,0.277040168,0.750517953
RSF1-K787,RSF1,0.368,0.326681665,0.485875239,0.485875239,0.930954294,0.02,0.528396378,0.277040168,0.277040168,0.750517953
RSF1-K828,RSF1,-1.0915,0.427822178,0.368736706,-0.368736706,0.961720515,0.02,0.528396378,0.277040168,0.277040168,0.750517953
RSF1-K833,RSF1,-0.0235,0.820711541,0.085809459,-0.085809459,1,0.02,0.528396378,0.277040168,0.277040168,0.750517953
RSL1D1-K345,RSL1D1,0.1759,0.522456711,0.281949688,0.281949688,0.982788878,0.02,0.450555025,0.346252162,0.346252162,0.69924126
RSL1D1-K426,RSL1D1,-0.07675,0.938230928,0.027690255,-0.027690255,1,0.02,0.450555025,0.346252162,0.346252162,0.69924126
RSL1D1-K468,RSL1D1,0.04935,0.506263333,0.295623526,0.295623526,0.97328394,0.02,0.450555025,0.346252162,0.346252162,0.69924126
RSU1-K158,RSU1,-0.4149,0.295798319,0.529004298,-0.529004298,0.916922529,-0.215,0.017660504,1.752996895,-1.752996895,0.122275685
RSU1-K243,RSU1,-0.1406,0.818181818,0.087150176,-0.087150176,1,-0.215,0.017660504,1.752996895,-1.752996895,0.122275685
RTCA-K176,RTCA,-0.4454,0.08781485,1.056432038,-1.056432038,0.773861515,0.11,0.066954447,1.174220572,1.174220572,0.253756669
RTCB-K279,RTCB,0.20097,0.095573857,1.019660888,1.019660888,0.776434795,0.03,0.371555125,0.429976744,0.429976744,0.632578915
RTCB-K285,RTCB,0.01455,0.51964329,0.284294677,0.284294677,0.981815074,0.03,0.371555125,0.429976744,0.429976744,0.632578915
RTCB-K366,RTCB,0.1519655,0.484848485,0.314393957,0.314393957,0.967568225,0.03,0.371555125,0.429976744,0.429976744,0.632578915
RTCB-K492,RTCB,-0.2328,0.163810863,0.785657301,-0.785657301,0.848347798,0.03,0.371555125,0.429976744,0.429976744,0.632578915
RTCB-K496,RTCB,-0.0658,0.747912626,0.126149135,-0.126149135,1,0.03,0.371555125,0.429976744,0.429976744,0.632578915
RTF1-K302,RTF1,0.210085,0.056542157,1.24762763,1.24762763,0.68202138,0.17,0.008867176,2.052214666,2.052214666,0.0830974
RTF2-K140,RTF2,-0.1005,0.648484848,0.188100167,-0.188100167,1,-0.065,0.32812893,0.483955477,-0.483955477,0.598257403
RTRAF-K20,RTRAF,2.50E-04,0.713426758,0.146650606,0.146650606,1,0.025,0.186690221,0.728878431,0.728878431,0.440502556
RTRAF-K58,RTRAF,-0.117,0.473403923,0.324768148,-0.324768148,0.967568225,0.025,0.186690221,0.728878431,0.728878431,0.440502556
RTRAF-K72,RTRAF,-0.1368,0.073129939,1.135904788,-1.135904788,0.735103698,0.025,0.186690221,0.728878431,0.728878431,0.440502556
RTRAF-K98,RTRAF,-0.0453725,0.893188854,0.049056705,-0.049056705,1,0.025,0.186690221,0.728878431,0.728878431,0.440502556
RUFY1-K390,RUFY1,-0.3775845,0.685714286,0.163856803,-0.163856803,1,0.01,0.720784401,0.142194621,0.142194621,0.867551987
RUNX1-K51,RUNX1,0.15925,0.787972465,0.103488958,0.103488958,1,-0.16,0.243466909,0.613560058,-0.613560058,0.512412174
RUNX1-K70,RUNX1,-0.13288,0.20778119,0.68239377,-0.68239377,0.868274686,-0.16,0.243466909,0.613560058,-0.613560058,0.512412174
RUNX3-K42,RUNX3,0.3453,0.150191456,0.823354774,0.823354774,0.831690101,-0.155,0.335619612,0.474152669,-0.474152669,0.604137765
RUVBL1-K171,RUVBL1,-0.11764,0.831910215,0.079923543,-0.079923543,1,0.295,0.109990621,0.958644347,0.958644347,0.334542653
RUVBL1-K2,RUVBL1,0.24455,0.137841807,0.860619042,0.860619042,0.814916032,0.295,0.109990621,0.958644347,0.958644347,0.334542653
RUVBL2-K223,RUVBL2,-0.2493635,0.21001032,0.677759363,-0.677759363,0.871081064,0.255,0.011524156,1.938390888,1.938390888,0.096307677
RUVBL2-K365,RUVBL2,0.1246485,0.460606061,0.336670352,0.336670352,0.967568225,0.255,0.011524156,1.938390888,1.938390888,0.096307677
RUVBL2-K427,RUVBL2,0.163,0.314898356,0.501829607,0.501829607,0.920825313,0.255,0.011524156,1.938390888,1.938390888,0.096307677
RWDD3-K209,RWDD3,0.007,0.9660917,0.014981649,0.014981649,1,-0.025,0.581645971,0.235341276,-0.235341276,0.78460786
S100A10-K23,S100A10,0.128,0.892463353,0.049409608,0.049409608,1,0.8,0.019924494,1.700612693,1.700612693,0.130290744
S100A10-K28,S100A10,0.1604,0.453753085,0.34318041,0.34318041,0.966193174,0.8,0.019924494,1.700612693,1.700612693,0.130290744
S100A10-K37,S100A10,0.26054,0.114865488,0.939810438,0.939810438,0.777778072,0.8,0.019924494,1.700612693,1.700612693,0.130290744
S100A10-K54,S100A10,0.268,0.890655784,0.050290107,0.050290107,1,0.8,0.019924494,1.700612693,1.700612693,0.130290744
S100A10-K57,S100A10,-0.021925,0.533610255,0.272775832,-0.272775832,0.984176452,0.8,0.019924494,1.700612693,1.700612693,0.130290744
S100A11-K103,S100A11,0.1695,0.826982148,0.082503865,0.082503865,1,0.12,0.330641002,0.480643292,0.480643292,0.600455512
S100A11-K52,S100A11,0.0286,0.770260632,0.113362298,0.113362298,1,0.12,0.330641002,0.480643292,0.480643292,0.600455512
S100A11-K55,S100A11,0.067,0.673286233,0.171800266,0.171800266,1,0.12,0.330641002,0.480643292,0.480643292,0.600455512
S100A12-K34,S100A12,-0.437,0.123897059,0.906939003,-0.906939003,0.79922227,-0.23,0.521660344,0.282612177,-0.282612177,0.750517953
S100A12-K46,S100A12,-0.352,0.640597162,0.19341499,-0.19341499,1,-0.23,0.521660344,0.282612177,-0.282612177,0.750517953
S100A12-K91,S100A12,1.2825,0.222222222,0.653212514,0.653212514,0.875622157,-0.23,0.521660344,0.282612177,-0.282612177,0.750517953
S100A13-K59,S100A13,0.14925,0.535259718,0.271435439,0.271435439,0.984176452,0.365,0.237496612,0.624342581,0.624342581,0.504848307
S100A13-K72,S100A13,0.3286,0.254523564,0.594272004,0.594272004,0.896059652,0.365,0.237496612,0.624342581,0.624342581,0.504848307
S100A16-K61,S100A16,-0.13404,0.534550595,0.272011183,-0.272011183,0.984176452,-0.175,0.612689053,0.212759879,-0.212759879,0.804282081
S100A2-K26,S100A2,-0.6685,0.442965256,0.353630336,-0.353630336,0.961720515,-0.375,0.487150286,0.312337038,-0.312337038,0.727329473
S100A4-K35,S100A4,0.3198,0.070710748,1.15051457,1.15051457,0.735103698,0.88,0.032024573,1.494516648,1.494516648,0.169082073
S100A6-K26,S100A6,0.4022,0.575780428,0.239743102,0.239743102,0.996102743,0.705,0.157220074,0.803492004,0.803492004,0.403072234
S100A6-K35,S100A6,0.04175,0.76386688,0.11698232,0.11698232,1,0.705,0.157220074,0.803492004,0.803492004,0.403072234
S100A6-K40,S100A6,0.3796,0.023937737,1.6209169,1.6209169,0.565022983,0.705,0.157220074,0.803492004,0.803492004,0.403072234
S100A6-K47,S100A6,-0.00264,0.549940469,0.25968432,-0.25968432,0.990305907,0.705,0.157220074,0.803492004,0.803492004,0.403072234
S100A8-K108,S100A8,0.013,0.404952461,0.392595957,0.392595957,0.956240488,-0.5,0.490282297,0.309553788,-0.309553788,0.72948303
S100A8-K116,S100A8,-1.02502005,0.19047619,0.720159303,-0.720159303,0.859405482,-0.5,0.490282297,0.309553788,-0.309553788,0.72948303
S100A8-K42,S100A8,-0.0646075,0.962972583,0.016386078,-0.016386078,1,-0.5,0.490282297,0.309553788,-0.309553788,0.72948303
S100A8-K59,S100A8,-0.775,0.041604037,1.380864525,-1.380864525,0.631716774,-0.5,0.490282297,0.309553788,-0.309553788,0.72948303
S100A8-K60,S100A8,-0.2183,0.278884529,0.554575577,-0.554575577,0.909244101,-0.5,0.490282297,0.309553788,-0.309553788,0.72948303
S100A9-K38,S100A9,-0.064025,0.283811243,0.546970404,-0.546970404,0.909317859,-0.595,0.591958118,0.227709019,-0.227709019,0.791243771
S100A9-K50,S100A9,-0.293,0.163133823,0.787455987,-0.787455987,0.848347798,-0.595,0.591958118,0.227709019,-0.227709019,0.791243771
S100A9-K57,S100A9,-0.493,0.027688885,1.557694528,-1.557694528,0.591058584,-0.595,0.591958118,0.227709019,-0.227709019,0.791243771
S100A9-K93,S100A9,0.0075,0.777999989,0.109020409,0.109020409,1,-0.595,0.591958118,0.227709019,-0.227709019,0.791243771
SACM1L-K101,SACM1L,-0.338625,0.485714286,0.313619123,-0.313619123,0.967568225,0.16,0.35585533,0.448726524,0.448726524,0.623459313
SAE1-K195,SAE1,0.1305966,0.947281297,0.023521037,0.023521037,1,0.27,0.031220964,1.505553688,1.505553688,0.167495213
SAE1-K198,SAE1,-0.212535,0.517788192,0.285847858,-0.285847858,0.981666433,0.27,0.031220964,1.505553688,1.505553688,0.167495213
SAE1-K4,SAE1,-0.3335,0.63880289,0.194633128,-0.194633128,1,0.27,0.031220964,1.505553688,1.505553688,0.167495213
SAFB-K475,SAFB,0.179,0.655434451,0.183470735,0.183470735,1,0.19,0.060602262,1.217511163,1.217511163,0.240266627
SAFB-K489,SAFB,0.044,0.322865989,0.490977702,0.490977702,0.929614984,0.19,0.060602262,1.217511163,1.217511163,0.240266627
SAFB-K578,SAFB,0.0764,0.216270503,0.66500271,0.66500271,0.874300916,0.19,0.060602262,1.217511163,1.217511163,0.240266627
SAFB2-K188,SAFB2,-0.03435,0.859941314,0.065531186,-0.065531186,1,0.08,0.301816047,0.520257674,0.520257674,0.572461292
SAFB2-K490,SAFB2,-0.244,0.835664336,0.077968132,-0.077968132,1,0.08,0.301816047,0.520257674,0.520257674,0.572461292
SAFB2-K616,SAFB2,-0.06355,0.975857279,0.010613694,-0.010613694,1,0.08,0.301816047,0.520257674,0.520257674,0.572461292
SAFB2-K829,SAFB2,-0.177,0.890655784,0.050290107,-0.050290107,1,0.08,0.301816047,0.520257674,0.520257674,0.572461292
SAMD9-K843,SAMD9,-1.602,0.555555556,0.255272505,-0.255272505,0.990319758,-0.33,0.039422358,1.404257408,-1.404257408,0.190426358
SAMHD1-K11,SAMHD1,-0.15275,0.343171667,0.464488576,-0.464488576,0.930954294,-0.2,0.410001082,0.387214997,-0.387214997,0.665966583
SAMHD1-K332,SAMHD1,-0.0868,0.311322493,0.5067895,-0.5067895,0.920825313,-0.2,0.410001082,0.387214997,-0.387214997,0.665966583
SAMHD1-K405,SAMHD1,-0.3535,0.257353375,0.589470133,-0.589470133,0.896059652,-0.2,0.410001082,0.387214997,-0.387214997,0.665966583
SAMHD1-K446,SAMHD1,-0.305,0.342857143,0.464886798,-0.464886798,0.930954294,-0.2,0.410001082,0.387214997,-0.387214997,0.665966583
SAMHD1-K467,SAMHD1,0.00985,1,0,0,1,-0.2,0.410001082,0.387214997,-0.387214997,0.665966583
SAMHD1-K484,SAMHD1,-0.0905,0.423293274,0.373358633,-0.373358633,0.961720515,-0.2,0.410001082,0.387214997,-0.387214997,0.665966583
SAP130-K716,SAP130,-0.2697,0.699134199,0.155439453,-0.155439453,1,-0.03,0.630149361,0.2005565,-0.2005565,0.814968112
SAR1A-K146,SAR1A,0.022,0.861538462,0.06472533,0.06472533,1,-0.04,0.531687217,0.274343781,-0.274343781,0.752743395
SARNP-K119,SARNP,0.1433,0.363636364,0.439332694,0.439332694,0.936845827,0.045,0.823231175,0.084478191,0.084478191,0.922086609
SARNP-K135,SARNP,0.027,0.569890859,0.244208309,0.244208309,0.993833698,0.045,0.823231175,0.084478191,0.084478191,0.922086609
SARNP-K142,SARNP,-0.1636,0.025426321,1.59471648,-1.59471648,0.579356878,0.045,0.823231175,0.084478191,0.084478191,0.922086609
SARNP-K199,SARNP,-0.35505,0.284680837,0.545641766,-0.545641766,0.909317859,0.045,0.823231175,0.084478191,0.084478191,0.922086609
SARNP-K88,SARNP,0.00585,0.386004067,0.413408119,0.413408119,0.949185895,0.045,0.823231175,0.084478191,0.084478191,0.922086609
SARS-K12,SARS,0.098,0.579759995,0.236751756,0.236751756,1,0.025,0.815510438,0.088570476,0.088570476,0.918572401
SARS-K266,SARS,-0.089959,0.431967929,0.364548496,-0.364548496,0.961720515,0.025,0.815510438,0.088570476,0.088570476,0.918572401
SARS2-K110,SARS2,-0.0115,0.607080002,0.216754073,-0.216754073,1,0.195,0.044937469,1.347391396,1.347391396,0.204933974
SART1-K666,SART1,0.054,1,0,0,1,0.11,0.222037775,0.653573134,0.653573134,0.48613789
SAT1-K26,SAT1,-0.0036,0.852952186,0.069075314,-0.069075314,1,-0.005,0.54813086,0.261115746,-0.261115746,0.763937664
SAT2-K108,SAT2,-0.0893,0.661665877,0.179361262,-0.179361262,1,0.235,0.038913124,1.409903906,1.409903906,0.189231327
SAT2-K114,SAT2,0.1515,0.110580128,0.956322912,0.956322912,0.776434795,0.235,0.038913124,1.409903906,1.409903906,0.189231327
SCAF8-K1077,SCAF8,0.5825,0.437082525,0.359436556,0.359436556,0.961720515,0.05,0.854264521,0.06840763,0.06840763,0.937477007
SCAMP1-K334,SCAMP1,0.2221,0.242648476,0.615022431,0.615022431,0.88820282,-0.13,0.76959999,0.113734947,-0.113734947,0.894698431
SCCPDH-K140,SCCPDH,-0.0915,0.851282051,0.069926523,-0.069926523,1,0.13,0.311233606,0.506913515,0.506913515,0.581462555
SCP2-K132,SCP2,0.5349,0.065363724,1.184663213,1.184663213,0.716754086,0.115,0.243367937,0.613736639,0.613736639,0.512412174
SCP2-K173,SCP2,0.4408655,0.485714286,0.313619123,0.313619123,0.967568225,0.115,0.243367937,0.613736639,0.613736639,0.512412174
SCP2-K438,SCP2,0.5865,0.011047268,1.956745125,1.956745125,0.490919197,0.115,0.243367937,0.613736639,0.613736639,0.512412174
SCP2-K443,SCP2,1.0505,5.88E-04,3.230322279,3.230322279,0.2296401,0.115,0.243367937,0.613736639,0.613736639,0.512412174
SCP2-K453,SCP2,0.2435,0.006865323,2.163339035,2.163339035,0.415817711,0.115,0.243367937,0.613736639,0.613736639,0.512412174
SCP2-K462,SCP2,1.159,0.163636364,0.78612018,0.78612018,0.848347798,0.115,0.243367937,0.613736639,0.613736639,0.512412174
SCP2-K479,SCP2,0.7495,0.004736999,2.32449672,2.32449672,0.377682496,0.115,0.243367937,0.613736639,0.613736639,0.512412174
SCP2-K491,SCP2,0.155,0.164023059,0.785095092,0.785095092,0.848347798,0.115,0.243367937,0.613736639,0.613736639,0.512412174
SCP2-K522,SCP2,0.4093,0.003573737,2.446877376,2.446877376,0.367610195,0.115,0.243367937,0.613736639,0.613736639,0.512412174
SCP2-K534,SCP2,0.26855,0.648484848,0.188100167,0.188100167,1,0.115,0.243367937,0.613736639,0.613736639,0.512412174
SCP2-K546,SCP2,0.060991,0.698654001,0.155737849,0.155737849,1,0.115,0.243367937,0.613736639,0.613736639,0.512412174
SDAD1-K254,SDAD1,0.0276,1,0,0,1,-0.005,0.968320006,0.013981095,-0.013981095,0.986928781
SDCBP-K145,SDCBP,-0.27565,0.574337427,0.240832882,-0.240832882,0.994730291,-0.225,0.140435309,0.852523687,-0.852523687,0.378635141
SDCBP-K200,SDCBP,0.082735,1,0,0,1,-0.225,0.140435309,0.852523687,-0.852523687,0.378635141
SDHA-K167,SDHA,-0.2331,0.347235649,0.459375694,-0.459375694,0.93437433,0.38,0.002123449,2.672958216,2.672958216,0.037519322
SDHA-K517,SDHA,0.0156,0.979888944,0.008823142,0.008823142,1,0.38,0.002123449,2.672958216,2.672958216,0.037519322
SDHA-K538,SDHA,-0.047,0.502857292,0.298555248,-0.298555248,0.972539701,0.38,0.002123449,2.672958216,2.672958216,0.037519322
SDHA-K541,SDHA,-0.072,0.462629907,0.334766295,-0.334766295,0.967568225,0.38,0.002123449,2.672958216,2.672958216,0.037519322
SDHA-K547,SDHA,-0.14715,0.564810932,0.248096906,-0.248096906,0.993833698,0.38,0.002123449,2.672958216,2.672958216,0.037519322
SDHA-K550,SDHA,-0.49485,0.095073744,1.021939403,-1.021939403,0.776434795,0.38,0.002123449,2.672958216,2.672958216,0.037519322
SDHA-K608,SDHA,0.107,0.493168592,0.30700459,0.30700459,0.969644025,0.38,0.002123449,2.672958216,2.672958216,0.037519322
SDHA-K615,SDHA,-0.129,0.436266863,0.360247773,-0.360247773,0.961720515,0.38,0.002123449,2.672958216,2.672958216,0.037519322
SDHB-K55,SDHB,0.005385,0.741095367,0.130125902,0.130125902,1,0.3,0.008901503,2.050536638,2.050536638,0.0830974
SEC13-K249,SEC13,-0.1476,0.910105581,0.040908223,-0.040908223,1,0.04,0.191731778,0.7173059,0.7173059,0.446763881
SEC16A-K622,SEC16A,-0.1315845,0.328377505,0.483626601,-0.483626601,0.930954294,0.22,0.12387016,0.907033303,0.907033303,0.357499299
SEC22B-K43,SEC22B,-0.034,0.859608149,0.065699476,-0.065699476,1,0.08,0.338060843,0.471005129,0.471005129,0.606008927
SEC23A-K185,SEC23A,-0.0740225,1,0,0,1,0.12,0.049321731,1.306961692,1.306961692,0.21514036
SEC24C-K1087,SEC24C,-0.0572,0.874875125,0.058053931,-0.058053931,1,0.065,0.591855051,0.227784641,0.227784641,0.791243771
SEC24D-K733,SEC24D,0.0938195,0.945221445,0.024466434,0.024466434,1,0,0.393252572,0.405328428,0,0.651336122
SELENBP1-K167,SELENBP1,-0.233796,0.648023767,0.188409065,-0.188409065,1,0.165,0.191773752,0.717210835,0.717210835,0.446763881
SELENBP1-K421,SELENBP1,-0.099,0.702859779,0.153131309,-0.153131309,1,0.165,0.191773752,0.717210835,0.717210835,0.446763881
SELENBP1-K439,SELENBP1,-0.1866,0.527272727,0.277964692,-0.277964692,0.982788878,0.165,0.191773752,0.717210835,0.717210835,0.446763881
SELENOH-K20,SELENOH,-0.0085,1,0,0,1,0.145,0.154282576,0.81168312,0.81168312,0.399184157
SELENOW-K25,SELENOW,0.0125,0.598901099,0.22264489,0.22264489,1,-0.405,0.064131429,1.192929081,-1.192929081,0.247547069
SENP1-K364,SENP1,0.2063,0.848038118,0.071584627,0.071584627,1,-0.01,0.792487743,0.101007446,-0.101007446,0.906638378
SEPHS1-K27,SEPHS1,-0.1996,0.067050486,1.173598068,-1.173598068,0.722826902,0.035,0.45647949,0.340578731,0.340578731,0.703480846
SEPHS1-K341,SEPHS1,-0.1927,0.151226761,0.820371348,-0.820371348,0.831690101,0.035,0.45647949,0.340578731,0.340578731,0.703480846
SEPT11-K200,11-Sep,-0.335,0.033343857,1.476984159,-1.476984159,0.614041867,0.12,0.644359723,0.190871614,0.190871614,0.823883704
SEPT11-K205,11-Sep,-0.0615,0.555268862,0.25549668,-0.25549668,0.990319758,0.12,0.644359723,0.190871614,0.190871614,0.823883704
SEPT11-K388,11-Sep,-0.464785,0.081021783,1.091398201,-1.091398201,0.757639694,0.12,0.644359723,0.190871614,0.190871614,0.823883704
SEPT2-K129,2-Sep,0.0073,1,0,0,1,0,0.683973652,0.164960628,0,0.848351327
SEPT2-K245,2-Sep,-0.50635,0.034096638,1.467288441,-1.467288441,0.61764214,0,0.683973652,0.164960628,0,0.848351327
SEPT2-K380,2-Sep,0.00425,0.678431373,0.168494077,0.168494077,1,0,0.683973652,0.164960628,0,0.848351327
SEPT6-K367,6-Sep,0.0383,0.904761905,0.043465694,0.043465694,1,0.13,0.085006315,1.070548812,1.070548812,0.290148816
SEPT6-K379,6-Sep,-0.5681,0.184667551,0.73360941,-0.73360941,0.859405482,0.13,0.085006315,1.070548812,1.070548812,0.290148816
SEPT7-K181,7-Sep,-0.23019,0.104191852,0.982166242,-0.982166242,0.776434795,-0.185,0.029323554,1.53278339,-1.53278339,0.161923674
SEPT7-K208,7-Sep,-0.19785,0.020463298,1.689024368,-1.689024368,0.550225095,-0.185,0.029323554,1.53278339,-1.53278339,0.161923674
SEPT7-K213,7-Sep,-0.2125,0.977871976,0.009718,-0.009718,1,-0.185,0.029323554,1.53278339,-1.53278339,0.161923674
SEPT7-K219,7-Sep,-0.389,0.050745483,1.294602608,-1.294602608,0.677056655,-0.185,0.029323554,1.53278339,-1.53278339,0.161923674
SEPT7-K260,7-Sep,0.6247,0.305598555,0.514848703,0.514848703,0.920825313,-0.185,0.029323554,1.53278339,-1.53278339,0.161923674
SEPT7-K387,7-Sep,-0.12865,0.836593489,0.07748552,-0.07748552,1,-0.185,0.029323554,1.53278339,-1.53278339,0.161923674
SEPT8-K381,8-Sep,-0.0029595,0.235327647,0.628327047,-0.628327047,0.879057947,0.275,5.51E-04,3.258889918,3.258889918,0.01780714
SEPT9-K519,9-Sep,0.08675,0.664602683,0.17743791,0.17743791,1,-0.075,0.438726776,0.357805859,-0.357805859,0.689304396
SERBP1-K320,SERBP1,0.75455,0.77032967,0.113323374,0.113323374,1,0.185,0.028956881,1.538248211,1.538248211,0.160778016
SERBP1-K68,SERBP1,-0.03845,0.705277491,0.151639977,-0.151639977,1,0.185,0.028956881,1.538248211,1.538248211,0.160778016
SERF2-K23,SERF2,0.3783,2.14E-04,3.670417333,3.670417333,0.166553407,0.225,0.001071452,2.97002723,2.97002723,0.02581083
SERPINA1-K160,SERPINA1,-0.189,0.888217219,0.051480812,-0.051480812,1,-1.445,0.002764915,2.558318149,-2.558318149,0.044045075
SERPINA1-K187,SERPINA1,0.02405,0.581686744,0.235310833,0.235310833,1,-1.445,0.002764915,2.558318149,-2.558318149,0.044045075
SERPINA1-K217,SERPINA1,-0.2445,0.201707549,0.695277849,-0.695277849,0.860014323,-1.445,0.002764915,2.558318149,-2.558318149,0.044045075
SERPINA1-K257,SERPINA1,-0.17,0.345959113,0.460975225,-0.460975225,0.933908796,-1.445,0.002764915,2.558318149,-2.558318149,0.044045075
SERPINA1-K258,SERPINA1,-0.139,0.714515337,0.145988444,-0.145988444,1,-1.445,0.002764915,2.558318149,-2.558318149,0.044045075
SERPINA1-K267,SERPINA1,-0.0575,0.726345196,0.138856932,-0.138856932,1,-1.445,0.002764915,2.558318149,-2.558318149,0.044045075
SERPINA1-K298,SERPINA1,-0.474,0.223420927,0.650876151,-0.650876151,0.875912177,-1.445,0.002764915,2.558318149,-2.558318149,0.044045075
SERPINA1-K352,SERPINA1,-0.033,0.295027143,0.530138026,-0.530138026,0.916922529,-1.445,0.002764915,2.558318149,-2.558318149,0.044045075
SERPINA1-K359,SERPINA1,0.148,0.256787063,0.590426859,0.590426859,0.896059652,-1.445,0.002764915,2.558318149,-2.558318149,0.044045075
SERPINA1-K367,SERPINA1,-0.0214,0.488888355,0.310790307,-0.310790307,0.969594397,-1.445,0.002764915,2.558318149,-2.558318149,0.044045075
SERPINB1-K137,SERPINB1,0.33875,0.055278055,1.257447244,1.257447244,0.68202138,0.32,0.430017488,0.366513883,0.366513883,0.681872695
SERPINB1-K177,SERPINB1,-0.19366,0.627345484,0.202493224,-0.202493224,1,0.32,0.430017488,0.366513883,0.366513883,0.681872695
SERPINB1-K196,SERPINB1,-0.165575,0.193501255,0.713316215,-0.713316215,0.859405482,0.32,0.430017488,0.366513883,0.366513883,0.681872695
SERPINB1-K277,SERPINB1,0.1661,0.93787282,0.02785605,0.02785605,1,0.32,0.430017488,0.366513883,0.366513883,0.681872695
SERPINB6-K160,SERPINB6,-0.0824,0.802828228,0.095377366,-0.095377366,1,-0.14,0.061304265,1.212509309,-1.212509309,0.241537145
SERPINB6-K265,SERPINB6,0.093,0.87647039,0.057262751,0.057262751,1,-0.14,0.061304265,1.212509309,-1.212509309,0.241537145
SERPINB9-K117,SERPINB9,-0.19075,0.1602759,0.795131775,-0.795131775,0.84636288,0.1,0.897308393,0.04705827,0.04705827,0.956801528
SERPINC1-K171,SERPINC1,-0.471,0.271764039,0.565808012,-0.565808012,0.902857656,0.42,0.254331082,0.594600561,0.594600561,0.524451782
SERPINC1-K208,SERPINC1,-0.0628,0.766432484,0.115526097,-0.115526097,1,0.42,0.254331082,0.594600561,0.594600561,0.524451782
SERPING1-K380,SERPING1,0.228,0.527272727,0.277964692,0.277964692,0.982788878,-0.655,0.014018634,1.853294316,-1.853294316,0.107360561
SERPINH1-K160,SERPINH1,-0.3889,0.065767185,1.181990748,-1.181990748,0.718154145,-0.035,0.343067813,0.464620027,-0.464620027,0.610479789
SERPINH1-K213,SERPINH1,-0.3,0.297702298,0.526217813,-0.526217813,0.918222724,-0.035,0.343067813,0.464620027,-0.464620027,0.610479789
SERPINH1-K250,SERPINH1,-0.01507,0.802828228,0.095377366,-0.095377366,1,-0.035,0.343067813,0.464620027,-0.464620027,0.610479789
SERPINH1-K332,SERPINH1,-0.18025,0.787878788,0.103540592,-0.103540592,1,-0.035,0.343067813,0.464620027,-0.464620027,0.610479789
SET-K172,SET,0.1674,0.0308542,1.510685707,1.510685707,0.593457358,0.2,0.028954355,1.538286112,1.538286112,0.160778016
SET-K68,SET,-0.150722,0.932997626,0.030119461,-0.030119461,1,0.2,0.028954355,1.538286112,1.538286112,0.160778016
SETBP1-K1484,SETBP1,0.20665,0.568560827,0.245223066,0.245223066,0.993833698,-0.285,0.227799866,0.642446536,-0.642446536,0.492827369
SETD2-K376,SETD2,-0.0845,0.734492339,0.134012729,-0.134012729,1,0.055,0.502725004,0.298669514,0.298669514,0.739148771
SETSIP-K142,SETSIP,0.04355,0.467103392,0.330586979,0.330586979,0.967568225,0.165,0.948553797,0.022938033,0.022938033,0.97939577
SETX-K1647,SETX,-0.0294,0.674525918,0.171001358,-0.171001358,1,0.06,0.30176528,0.520330731,0.520330731,0.572461292
SF1-K294,SF1,0.213,0.350278937,0.455585977,0.455585977,0.935291689,0.03,0.220205464,0.657171908,0.657171908,0.483539725
SF1-K431,SF1,0.2321,0.365967366,0.43655764,0.43655764,0.938794148,0.03,0.220205464,0.657171908,0.657171908,0.483539725
SF3A1-K131,SF3A1,0.1693,0.008163095,2.088145138,2.088145138,0.440681556,0.03,0.247387691,0.606621913,0.606621913,0.516687194
SF3A1-K486,SF3A1,0.3272275,5.22E-04,3.282154019,3.282154019,0.2296401,0.03,0.247387691,0.606621913,0.606621913,0.516687194
SF3A1-K55,SF3A1,0.3086,0.222222222,0.653212514,0.653212514,0.875622157,0.03,0.247387691,0.606621913,0.606621913,0.516687194
SF3A1-K754,SF3A1,0.0945,0.249622926,0.60271553,0.60271553,0.893802906,0.03,0.247387691,0.606621913,0.606621913,0.516687194
SF3A1-K80,SF3A1,0.03775,0.550185627,0.259490759,0.259490759,0.990305907,0.03,0.247387691,0.606621913,0.606621913,0.516687194
SF3A2-K101,SF3A2,-0.1095,0.851872765,0.069625266,-0.069625266,1,0.295,0.002762924,2.558631052,2.558631052,0.044045075
SF3A2-K190,SF3A2,0.67495,0.093861694,1.027511613,1.027511613,0.776434795,0.295,0.002762924,2.558631052,2.558631052,0.044045075
SF3B1-K175,SF3B1,0.0209,0.681748309,0.166375931,0.166375931,1,-0.07,0.057258026,1.242163631,-1.242163631,0.232424735
SF3B1-K195,SF3B1,-0.5973,0.124052556,0.906394283,-0.906394283,0.79922227,-0.07,0.057258026,1.242163631,-1.242163631,0.232424735
SF3B1-K214,SF3B1,0.385,0.374937154,0.426041521,0.426041521,0.943798045,-0.07,0.057258026,1.242163631,-1.242163631,0.232424735
SF3B1-K333,SF3B1,-0.1808,0.324537832,0.488734669,-0.488734669,0.930954294,-0.07,0.057258026,1.242163631,-1.242163631,0.232424735
SF3B1-K413,SF3B1,0.0081,0.856241776,0.067403587,0.067403587,1,-0.07,0.057258026,1.242163631,-1.242163631,0.232424735
SF3B2-K543,SF3B2,0.017,0.711336352,0.147924996,0.147924996,1,0.1,0.005599533,2.251848185,2.251848185,0.06477339
SF3B2-K870,SF3B2,0.223,0.015208004,1.817927775,1.817927775,0.506519998,0.1,0.005599533,2.251848185,2.251848185,0.06477339
SF3B3-K929,SF3B3,0.2948335,0.114285714,0.942008053,0.942008053,0.776434795,0.21,0.002087272,2.680420907,2.680420907,0.037287045
SF3B5-K82,SF3B5,0.07335,1,0,0,1,0.11,0.091468513,1.038728383,1.038728383,0.302400767
SF3B6-K29,SF3B6,-0.086485,0.767758983,0.114775094,-0.114775094,1,0.015,0.750718816,0.124522699,0.124522699,0.884694107
SFN-K214,SFN,-0.058,0.210068956,0.677638123,-0.677638123,0.871081064,-0.205,0.506019611,0.295832651,-0.295832651,0.742033801
SFN-K68,SFN,0.3416,0.160167486,0.795425641,0.795425641,0.84636288,-0.205,0.506019611,0.295832651,-0.295832651,0.742033801
SFN-K77,SFN,-0.98685,0.13038073,0.88478659,-0.88478659,0.808314457,-0.205,0.506019611,0.295832651,-0.295832651,0.742033801
SFPQ-K208,SFPQ,0.1577,0.127604809,0.894132957,0.894132957,0.806058104,0.115,0.069250764,1.159575429,1.159575429,0.258890289
SFPQ-K211,SFPQ,0.2516,0.066939763,1.174315829,1.174315829,0.722743472,0.115,0.069250764,1.159575429,1.159575429,0.258890289
SFPQ-K279,SFPQ,0.0692,0.50280112,0.298603763,0.298603763,0.972539701,0.115,0.069250764,1.159575429,1.159575429,0.258890289
SFPQ-K291,SFPQ,-0.30945,0.71678442,0.144611443,-0.144611443,1,0.115,0.069250764,1.159575429,1.159575429,0.258890289
SFPQ-K330,SFPQ,0.0094,0.828306545,0.081808907,0.081808907,1,0.115,0.069250764,1.159575429,1.159575429,0.258890289
SFPQ-K338,SFPQ,0.07085,0.815935283,0.088344287,0.088344287,1,0.115,0.069250764,1.159575429,1.159575429,0.258890289
SFPQ-K421,SFPQ,-0.062535,0.779261446,0.10831681,-0.10831681,1,0.115,0.069250764,1.159575429,1.159575429,0.258890289
SFPQ-K510,SFPQ,0.3875,0.728361825,0.137652824,0.137652824,1,0.115,0.069250764,1.159575429,1.159575429,0.258890289
SFPQ-K703,SFPQ,0.118,0.106753984,0.971615906,0.971615906,0.776434795,0.115,0.069250764,1.159575429,1.159575429,0.258890289
SFPQ-K704,SFPQ,-1.065,0.006993007,2.155336037,-2.155336037,0.415817711,0.115,0.069250764,1.159575429,1.159575429,0.258890289
SFSWAP-K987,SFSWAP,0.23,0.237193921,0.624896446,0.624896446,0.879057947,-0.095,0.371590277,0.429935658,-0.429935658,0.632578915
SFXN4-K197,SFXN4,-0.1292,0.445221445,0.351423925,-0.351423925,0.961720515,0.16,0.131326141,0.881648816,0.881648816,0.368730369
SGF29-K288,SGF29,-0.01375,0.869907289,0.06052703,-0.06052703,1,0.025,0.571465661,0.243009861,0.243009861,0.777821261
SGPL1-K155,SGPL1,-1.135,0.072727273,1.138302698,-1.138302698,0.735103698,-0.18,0.091468513,1.038728383,-1.038728383,0.302400767
SGPL1-K353,SGPL1,-0.145,0.69047619,0.160851292,-0.160851292,1,-0.18,0.091468513,1.038728383,-1.038728383,0.302400767
SGTA-K137,SGTA,-0.0509,0.604195804,0.218822295,-0.218822295,1,0.155,0.00404443,2.393142647,2.393142647,0.054423894
SGTA-K196,SGTA,0.3321,0.155091286,0.809412604,0.809412604,0.840486982,0.155,0.00404443,2.393142647,2.393142647,0.054423894
SGTB-K190,SGTB,0.0878865,0.485714286,0.313619123,0.313619123,0.967568225,-0.175,0.133872241,0.873309468,-0.873309468,0.370505465
SH3BGRL-K111,SH3BGRL,0.194,0.826923077,0.082534888,0.082534888,1,-0.11,0.062703361,1.202709178,-1.202709178,0.244698416
SH3BGRL-K17,SH3BGRL,-0.0759,0.688115265,0.162338808,-0.162338808,1,-0.11,0.062703361,1.202709178,-1.202709178,0.244698416
SH3BGRL-K37,SH3BGRL,0.004,0.504234707,0.297367265,0.297367265,0.97292638,-0.11,0.062703361,1.202709178,-1.202709178,0.244698416
SH3BGRL3-K18,SH3BGRL3,0.115,0.310245326,0.508294753,0.508294753,0.920825313,0.195,0.229670277,0.638895205,0.638895205,0.495472298
SH3BP1-K140,SH3BP1,0.1357255,0.485714286,0.313619123,0.313619123,0.967568225,0.26,0.057967502,1.236815417,1.236815417,0.233724777
SH3BP1-K51,SH3BP1,0.2765,0.646089205,0.189707515,0.189707515,1,0.26,0.057967502,1.236815417,1.236815417,0.233724777
SH3BP4-K557,SH3BP4,0.3373,0.453683616,0.343246904,0.343246904,0.966193174,0.07,0.99603987,0.001723277,0.001723277,0.99960614
SH3GL1-K20,SH3GL1,-0.312,0.761904762,0.118099312,-0.118099312,1,0.215,0.030066305,1.521919946,1.521919946,0.16397795
SHMT1-K375,SHMT1,0.14675,0.438028841,0.358497294,0.358497294,0.961720515,0.485,0.010587618,1.975201733,1.975201733,0.091581707
SHMT1-K386,SHMT1,0.130744,0.939015101,0.027327424,0.027327424,1,0.485,0.010587618,1.975201733,1.975201733,0.091581707
SHMT2-K103,SHMT2,-0.09005,0.524128353,0.280562346,-0.280562346,0.982788878,0.175,0.032416106,1.489239156,1.489239156,0.170300348
SHMT2-K409,SHMT2,-0.507,0.044421904,1.352402829,-1.352402829,0.64292029,0.175,0.032416106,1.489239156,1.489239156,0.170300348
SHMT2-K464,SHMT2,0.1125,0.854303849,0.068387637,0.068387637,1,0.175,0.032416106,1.489239156,1.489239156,0.170300348
SHMT2-K469,SHMT2,0.26605,0.223463718,0.65079298,0.65079298,0.875912177,0.175,0.032416106,1.489239156,1.489239156,0.170300348
SHMT2-K474,SHMT2,0.1675505,0.494511038,0.30582401,0.30582401,0.969644025,0.175,0.032416106,1.489239156,1.489239156,0.170300348
SHTN1-K330,SHTN1,-0.192,0.79896574,0.097471843,-0.097471843,1,0.3,0.015218111,1.817639263,1.817639263,0.112233928
SHTN1-K599,SHTN1,-0.427,0.580397591,0.236274399,-0.236274399,1,0.3,0.015218111,1.817639263,1.817639263,0.112233928
SIKE1-K211,SIKE1,0.539688,0.103296703,0.985913539,0.985913539,0.776434795,-0.015,0.992078382,0.003454014,-0.003454014,0.997690119
SIN3A-K409,SIN3A,-0.3669,0.498611132,0.30223803,-0.30223803,0.971766598,0.07,0.450536006,0.346270495,0.346270495,0.69924126
SIN3A-K875,SIN3A,-0.04685,0.299609411,0.523444549,-0.523444549,0.918222724,0.07,0.450536006,0.346270495,0.346270495,0.69924126
SKP1-K163,SKP1,0.0685,1,0,0,1,0.05,0.366274548,0.436193259,0.436193259,0.628511102
SLC25A24-K243,SLC25A24,0.118625,0.884189228,0.05345478,0.05345478,1,-0.06,0.838729317,0.076378176,-0.076378176,0.930236625
SLC25A24-K320,SLC25A24,-0.2165,0.574919327,0.240393091,-0.240393091,0.99525995,-0.06,0.838729317,0.076378176,-0.076378176,0.930236625
SLC25A24-K332,SLC25A24,0.048,0.735331914,0.133516585,0.133516585,1,-0.06,0.838729317,0.076378176,-0.076378176,0.930236625
SLC25A24-K336,SLC25A24,-0.1195,0.666711933,0.176061772,-0.176061772,1,-0.06,0.838729317,0.076378176,-0.076378176,0.930236625
SLC25A24-K437,SLC25A24,0.2905,0.304424175,0.516520863,0.516520863,0.920825313,-0.06,0.838729317,0.076378176,-0.076378176,0.930236625
SLC25A3-K206,SLC25A3,0.22,0.993309461,0.002915428,0.002915428,1,0.07,0.048763897,1.311901591,1.311901591,0.213983931
SLC25A3-K209,SLC25A3,0.1885395,0.773459887,0.111562205,0.111562205,1,0.07,0.048763897,1.311901591,1.311901591,0.213983931
SLC25A3-K214,SLC25A3,0.1905,0.326891024,0.485597005,0.485597005,0.930954294,0.07,0.048763897,1.311901591,1.311901591,0.213983931
SLC25A3-K234,SLC25A3,-0.05665,0.618883774,0.208390903,-0.208390903,1,0.07,0.048763897,1.311901591,1.311901591,0.213983931
SLC25A3-K304,SLC25A3,0.0300755,0.885714286,0.052706351,0.052706351,1,0.07,0.048763897,1.311901591,1.311901591,0.213983931
SLC25A4-K166,SLC25A4,-0.249,1,0,0,1,0.145,0.02070738,1.683874843,1.683874843,0.133119758
SLC25A4-K23,SLC25A4,-0.2303,0.392703396,0.405935343,-0.405935343,0.953727646,0.145,0.02070738,1.683874843,1.683874843,0.133119758
SLC25A4-K96,SLC25A4,-0.3825,0.489377289,0.310356189,-0.310356189,0.969594397,0.145,0.02070738,1.683874843,1.683874843,0.133119758
SLC25A5-K105,SLC25A5,0.2885,0.481868525,0.31707144,0.31707144,0.967568225,0.425,0.005698657,2.244227518,2.244227518,0.065212868
SLC25A5-K163,SLC25A5,0.3299,0.193807363,0.712629727,0.712629727,0.859405482,0.425,0.005698657,2.244227518,2.244227518,0.065212868
SLC25A5-K166,SLC25A5,0.3248,0.227057696,0.643863774,0.643863774,0.879057947,0.425,0.005698657,2.244227518,2.244227518,0.065212868
SLC25A5-K23,SLC25A5,0.252519,0.441741281,0.354832014,0.354832014,0.961720515,0.425,0.005698657,2.244227518,2.244227518,0.065212868
SLC25A6-K105,SLC25A6,0.32294,0.013262705,1.87736789,1.87736789,0.501718574,0.145,0.33310152,0.477423386,0.477423386,0.601900436
SLC25A6-K23,SLC25A6,0.36055,0.385109984,0.414415222,0.414415222,0.9476637,0.145,0.33310152,0.477423386,0.477423386,0.601900436
SLC25A6-K96,SLC25A6,0.1795,0.322893649,0.490940496,0.490940496,0.929614984,0.145,0.33310152,0.477423386,0.477423386,0.601900436
SLC27A2-K291,SLC27A2,0.9311,0.043578892,1.360723812,1.360723812,0.63848991,0.48,0.002997791,2.523198639,2.523198639,0.0460505
SLC35E1-K336,SLC35E1,0.02,0.967612046,0.014298734,0.014298734,1,0.185,0.044926223,1.347500094,1.347500094,0.204933974
SLC4A1-K353,SLC4A1,-0.0626,0.804199599,0.094636148,-0.094636148,1,-0.02,0.581671744,0.235322032,-0.235322032,0.78460786
SLC4A4-K46,SLC4A4,0.1298,0.370962371,0.430670141,0.430670141,0.938794148,-0.41,0.27928236,0.553956495,-0.553956495,0.549403729
SLC9A3R1-K34,SLC9A3R1,0.5111,0.045400867,1.342935854,1.342935854,0.647485954,-0.085,0.387829044,0.41135967,-0.41135967,0.646248086
SLFN5-K371,SLFN5,-0.0425,0.861674291,0.064656864,-0.064656864,1,-0.2,0.027887838,1.554585147,-1.554585147,0.15748099
SLFN5-K38,SLFN5,0.0755,0.754370088,0.12241554,0.12241554,1,-0.2,0.027887838,1.554585147,-1.554585147,0.15748099
SLFN5-K88,SLFN5,-0.2988,0.536729405,0.270244611,-0.270244611,0.985033202,-0.2,0.027887838,1.554585147,-1.554585147,0.15748099
SLK-K691,SLK,0.902,7.20E-04,3.14274691,3.14274691,0.242464481,-0.075,0.374273306,0.426811147,-0.426811147,0.634233395
SLTM-K1024,SLTM,-0.048,0.952509562,0.021130656,-0.021130656,1,0.055,0.115551358,0.937224948,0.937224948,0.344002259
SLTM-K319,SLTM,-0.2665,0.885714286,0.052706351,-0.052706351,1,0.055,0.115551358,0.937224948,0.937224948,0.344002259
SLTM-K369,SLTM,-0.179,0.927272727,0.032792513,-0.032792513,1,0.055,0.115551358,0.937224948,0.937224948,0.344002259
SLTM-K494,SLTM,0.50464,0.094409967,1.024982153,1.024982153,0.776434795,0.055,0.115551358,0.937224948,0.937224948,0.344002259
SLTM-K803,SLTM,0.184,0.213088473,0.671440043,0.671440043,0.871985366,0.055,0.115551358,0.937224948,0.937224948,0.344002259
SLTM-K86,SLTM,0.5509,0.328175706,0.483893572,0.483893572,0.930954294,0.055,0.115551358,0.937224948,0.937224948,0.344002259
SMAD4-K37,SMAD4,0.326,0.174970919,0.757034127,0.757034127,0.859405482,0,0.762049635,0.118016741,0,0.890065294
SMAD4-K428,SMAD4,0.0823,0.879945497,0.055544227,0.055544227,1,0,0.762049635,0.118016741,0,0.890065294
SMAD4-K45,SMAD4,0.2298,0.22261857,0.652438611,0.652438611,0.875622157,0,0.762049635,0.118016741,0,0.890065294
SMARCA1-K1062,SMARCA1,-0.22475,0.118761534,0.925324202,-0.925324202,0.789352846,-0.15,0.299482574,0.523628442,-0.523628442,0.570283192
SMARCA1-K443,SMARCA1,0.083,0.392085602,0.406619105,0.406619105,0.953727646,-0.15,0.299482574,0.523628442,-0.523628442,0.570283192
SMARCA2-K431,SMARCA2,-0.0306,0.431967929,0.364548496,-0.364548496,0.961720515,-0.425,0.007925106,2.100994939,-2.100994939,0.077777555
SMARCA2-K604,SMARCA2,-0.018,0.770917024,0.112992364,-0.112992364,1,-0.425,0.007925106,2.100994939,-2.100994939,0.077777555
SMARCA4-K626,SMARCA4,0.059,1,0,0,1,0.13,0.223963979,0.649821825,0.649821825,0.488233117
SMARCA4-K94,SMARCA4,-0.2984,0.598901099,0.22264489,-0.22264489,1,0.13,0.223963979,0.649821825,0.649821825,0.488233117
SMARCA5-K132,SMARCA5,0.085855,0.107865894,0.967115852,0.967115852,0.776434795,0.2,0.010413344,1.98240977,1.98240977,0.090920568
SMARCA5-K440,SMARCA5,0.27925,0.157710327,0.802139869,0.802139869,0.842963497,0.2,0.010413344,1.98240977,1.98240977,0.090920568
SMARCA5-K600,SMARCA5,-0.422,0.853724341,0.068682336,-0.068682336,1,0.2,0.010413344,1.98240977,1.98240977,0.090920568
SMARCAL1-K63,SMARCAL1,-0.2272,1,0,0,1,0.095,0.762006013,0.118041601,0.118041601,0.890065294
SMARCC1-K354,SMARCC1,-0.189,0.706037133,0.151172457,-0.151172457,1,0.195,0.059913552,1.222474934,1.222474934,0.238306443
SMARCC1-K359,SMARCC1,-0.0304,0.756524051,0.121177261,-0.121177261,1,0.195,0.059913552,1.222474934,1.222474934,0.238306443
SMARCC1-K65,SMARCC1,-0.0255,0.885714286,0.052706351,-0.052706351,1,0.195,0.059913552,1.222474934,1.222474934,0.238306443
SMARCC1-K750,SMARCC1,0.62935,0.004517873,2.345066002,2.345066002,0.377682496,0.195,0.059913552,1.222474934,1.222474934,0.238306443
SMARCC1-K854,SMARCC1,-0.34433,0.104670166,0.980177087,-0.980177087,0.776434795,0.195,0.059913552,1.222474934,1.222474934,0.238306443
SMARCC2-K275,SMARCC2,0.042,0.313388599,0.503916807,0.503916807,0.920825313,-0.1,0.259856694,0.585266091,-0.585266091,0.529040165
SMARCC2-K326,SMARCC2,-0.2485,0.051314054,1.289763671,-1.289763671,0.67940945,-0.1,0.259856694,0.585266091,-0.585266091,0.529040165
SMARCC2-K37,SMARCC2,0.3353,0.049561996,1.30485121,1.30485121,0.672777736,-0.1,0.259856694,0.585266091,-0.585266091,0.529040165
SMARCC2-K373,SMARCC2,-0.291375,0.040018474,1.397739475,-1.397739475,0.631372573,-0.1,0.259856694,0.585266091,-0.585266091,0.529040165
SMARCC2-K559,SMARCC2,-0.03985,0.914285714,0.038918066,-0.038918066,1,-0.1,0.259856694,0.585266091,-0.585266091,0.529040165
SMARCC2-K595,SMARCC2,-0.16445,0.014023665,1.853138473,-1.853138473,0.502151081,-0.1,0.259856694,0.585266091,-0.585266091,0.529040165
SMARCC2-K599,SMARCC2,-0.46035,0.001292655,2.888517227,-2.888517227,0.263676789,-0.1,0.259856694,0.585266091,-0.585266091,0.529040165
SMARCC2-K621,SMARCC2,-0.0395,0.801870988,0.095895499,-0.095895499,1,-0.1,0.259856694,0.585266091,-0.585266091,0.529040165
SMARCC2-K755,SMARCC2,-0.3255,0.110923018,0.954978322,-0.954978322,0.776434795,-0.1,0.259856694,0.585266091,-0.585266091,0.529040165
SMARCC2-K800,SMARCC2,-0.21905,0.090575002,1.042991649,-1.042991649,0.776434795,-0.1,0.259856694,0.585266091,-0.585266091,0.529040165
SMARCC2-K820,SMARCC2,0.0856,0.533900562,0.272539622,0.272539622,0.984176452,-0.1,0.259856694,0.585266091,-0.585266091,0.529040165
SMC1A-K106,SMC1A,0.1046,0.590238117,0.228972748,0.228972748,1,0.325,9.97E-05,4.001476628,4.001476628,0.006809376
SMC1A-K308,SMC1A,0.1249814,0.963862827,0.015984769,0.015984769,1,0.325,9.97E-05,4.001476628,4.001476628,0.006809376
SMC1A-K324,SMC1A,-0.02575,0.56249218,0.249883511,-0.249883511,0.991602643,0.325,9.97E-05,4.001476628,4.001476628,0.006809376
SMC1A-K713,SMC1A,0.10035,0.219783281,0.658005348,0.658005348,0.875622157,0.325,9.97E-05,4.001476628,4.001476628,0.006809376
SMC1A-K72,SMC1A,-0.28145,0.020447302,1.689363998,-1.689363998,0.550225095,0.325,9.97E-05,4.001476628,4.001476628,0.006809376
SMC1A-K910,SMC1A,0.0032,0.961215255,0.017179345,0.017179345,1,0.325,9.97E-05,4.001476628,4.001476628,0.006809376
SMC2-K330,SMC2,0.79045,0.001936627,2.71295398,2.71295398,0.308892033,0.57,0.001191372,2.923952469,2.923952469,0.027439533
SMC3-K105,SMC3,0.1725,0.024562608,1.609725523,1.609725523,0.571909972,0.115,0.131285656,0.881782722,0.881782722,0.368730369
SMC3-K106,SMC3,0.1725,0.037573897,1.425113757,1.425113757,0.626131724,0.115,0.131285656,0.881782722,0.881782722,0.368730369
SMC3-K1105,SMC3,-0.5675,0.006060606,2.217483944,-2.217483944,0.390214067,0.115,0.131285656,0.881782722,0.881782722,0.368730369
SMC3-K113,SMC3,0.112975,0.513486513,0.289470958,0.289470958,0.978454616,0.115,0.131285656,0.881782722,0.881782722,0.368730369
SMC3-K140,SMC3,0.1166,0.238002912,0.623417728,0.623417728,0.879057947,0.115,0.131285656,0.881782722,0.881782722,0.368730369
SMC3-K238,SMC3,0.01731,0.885714286,0.052706351,0.052706351,1,0.115,0.131285656,0.881782722,0.881782722,0.368730369
SMC3-K300,SMC3,-0.13245,0.89662106,0.047391065,-0.047391065,1,0.115,0.131285656,0.881782722,0.881782722,0.368730369
SMC3-K336,SMC3,0.0292,1,0,0,1,0.115,0.131285656,0.881782722,0.881782722,0.368730369
SMC3-K445,SMC3,-0.1665,0.724164724,0.140162635,-0.140162635,1,0.115,0.131285656,0.881782722,0.881782722,0.368730369
SMC3-K459,SMC3,-0.0679,0.395041147,0.403357666,-0.403357666,0.955360338,0.115,0.131285656,0.881782722,0.881782722,0.368730369
SMC3-K968,SMC3,-0.0305,0.403857468,0.393771882,-0.393771882,0.956240488,0.115,0.131285656,0.881782722,0.881782722,0.368730369
SMC5-K548,SMC5,0.624,0.17965368,0.745563883,0.745563883,0.859405482,-0.01,0.698626989,0.155754641,-0.155754641,0.856012755
SMCHD1-K1703,SMCHD1,0.6371,0.180569431,0.743355772,0.743355772,0.859405482,0.1,0.259796659,0.585366439,0.585366439,0.529040165
SMCHD1-K1798,SMCHD1,0.0245065,1,0,0,1,0.1,0.259796659,0.585366439,0.585366439,0.529040165
SMCHD1-K591,SMCHD1,-0.1510135,0.2,0.698970004,-0.698970004,0.859405482,0.1,0.259796659,0.585366439,0.585366439,0.529040165
SMG1-K173,SMG1,-0.09011,0.845042495,0.073121451,-0.073121451,1,0.14,0.335373472,0.474471293,0.474471293,0.604137765
SMN1-K65,SMN1,-0.1567,0.118155268,0.92754691,-0.92754691,0.786730239,0.07,0.568120112,0.245559836,0.245559836,0.775853364
SMNDC1-K219,SMNDC1,0.07482,0.348246377,0.458113393,0.458113393,0.93437433,0.06,0.598771086,0.222739179,0.222739179,0.79561004
SMS-K261,SMS,-0.15766,0.494230228,0.306070696,-0.306070696,0.969644025,0.015,0.53497921,0.271663095,0.271663095,0.755088844
SNCA-K21,SNCA,-0.0305,0.616342997,0.210177535,-0.210177535,1,-0.975,2.31E-04,3.636571985,-3.636571985,0.010728838
SNCA-K32,SNCA,-0.7553,0.198601399,0.702017697,-0.702017697,0.859405482,-0.975,2.31E-04,3.636571985,-3.636571985,0.010728838
SND1-K386,SND1,-0.2453745,0.885714286,0.052706351,-0.052706351,1,0.105,0.74321624,0.128884809,0.128884809,0.881029556
SND1-K513,SND1,-0.13685,0.913123495,0.039470483,-0.039470483,1,0.105,0.74321624,0.128884809,0.128884809,0.881029556
SND1-K752,SND1,-0.4023,0.445221445,0.351423925,-0.351423925,0.961720515,0.105,0.74321624,0.128884809,0.128884809,0.881029556
SNRNP200-K177,SNRNP200,0.11685,0.754578755,0.122295427,0.122295427,1,0.18,0.008027593,2.095414633,2.095414633,0.078326349
SNRNP200-K1883,SNRNP200,-0.28655,0.623529412,0.205143056,-0.205143056,1,0.18,0.008027593,2.095414633,2.095414633,0.078326349
SNRNP200-K55,SNRNP200,0.0751,0.571338284,0.243106674,0.243106674,0.993833698,0.18,0.008027593,2.095414633,2.095414633,0.078326349
SNRNP200-K838,SNRNP200,-0.00265,1,0,0,1,0.18,0.008027593,2.095414633,2.095414633,0.078326349
SNRNP40-K18,SNRNP40,0.28055,0.00504631,2.297026064,2.297026064,0.384392544,0.255,0.005039404,2.297620859,2.297620859,0.061225671
SNRNP70-K118,SNRNP70,0.04755,0.533610255,0.272775832,0.272775832,0.984176452,-0.03,0.746893178,0.126741508,-0.126741508,0.882967121
SNRNP70-K130,SNRNP70,0.075375,0.953046953,0.020885703,0.020885703,1,-0.03,0.746893178,0.126741508,-0.126741508,0.882967121
SNRNP70-K162,SNRNP70,-0.1187,0.336495794,0.47302036,-0.47302036,0.930954294,-0.03,0.746893178,0.126741508,-0.126741508,0.882967121
SNRNP70-K87,SNRNP70,0.2535,0.485714286,0.313619123,0.313619123,0.967568225,-0.03,0.746893178,0.126741508,-0.126741508,0.882967121
SNRPA-K122,SNRPA,0.3535,0.001302117,2.885350096,2.885350096,0.263676789,0.27,0.010133621,1.994235352,1.994235352,0.089233106
SNRPA1-K128,SNRPA1,-0.06605,0.50592631,0.295912736,-0.295912736,0.973031198,0.255,0.007686299,2.114282744,2.114282744,0.076540783
SNRPB-K57,SNRPB,0.38865,0.069340941,1.159010271,1.159010271,0.733334777,0.335,0.005279017,2.277446926,2.277446926,0.062555609
SNRPB2-K101,SNRPB2,0.0968,0.302340954,0.519503021,0.519503021,0.920533109,0.09,0.076350824,1.11718627,1.11718627,0.273973538
SNRPB2-K122,SNRPB2,0.2039,0.107608975,0.968151507,0.968151507,0.776434795,0.09,0.076350824,1.11718627,1.11718627,0.273973538
SNRPB2-K93,SNRPB2,-0.243,0.469040248,0.328789889,-0.328789889,0.967568225,0.09,0.076350824,1.11718627,1.11718627,0.273973538
SNRPC-K40,SNRPC,0.26625,0.342857143,0.464886798,0.464886798,0.930954294,0.225,0.013626142,1.865627084,1.865627084,0.105495328
SNRPD1-K44,SNRPD1,0.0976,0.937779327,0.027899345,0.027899345,1,0.21,0.002807472,2.551684543,2.551684543,0.044398623
SNRPG-K20,SNRPG,0.10415,0.427859161,0.368699165,0.368699165,0.961720515,0.285,0.007802142,2.107786145,2.107786145,0.077021143
SNU13-K107,SNU13,-0.22165,0.799002408,0.097451912,-0.097451912,1,0.205,0.011196152,1.9509312,1.9509312,0.094779618
SNU13-K20,SNU13,1.50E-04,0.885290703,0.052914096,0.052914096,1,0.205,0.011196152,1.9509312,1.9509312,0.094779618
SNU13-K21,SNU13,-0.13815,0.112252424,0.949804273,-0.949804273,0.776434795,0.205,0.011196152,1.9509312,1.9509312,0.094779618
SNU13-K33,SNU13,-0.199893,0.404628222,0.392943829,-0.392943829,0.956240488,0.205,0.011196152,1.9509312,1.9509312,0.094779618
SNW1-K170,SNW1,0.353,0.120909547,0.917539408,0.917539408,0.793855532,0.125,0.214561425,0.668448356,0.668448356,0.476721839
SNW1-K193,SNW1,0.08225,1,0,0,1,0.125,0.214561425,0.668448356,0.668448356,0.476721839
SNX1-K237,SNX1,0.102,0.948557841,0.022936181,0.022936181,1,-0.26,9.63E-04,3.016534854,-3.016534854,0.024485146
SNX18-K437,SNX18,0.22875,0.264320005,0.577869966,0.577869966,0.899293861,0.215,0.018142569,1.741301215,1.741301215,0.124040269
SNX2-K234,SNX2,0.03745,0.914987568,0.038584807,0.038584807,1,0.06,0.154273924,0.811707474,0.811707474,0.399184157
SNX3-K158,SNX3,0.1215,0.504716235,0.296952726,0.296952726,0.97292638,-0.02,0.698616456,0.155761188,-0.155761188,0.856012755
SNX5-K229,SNX5,-0.398445,0.959276018,0.018056413,-0.018056413,1,0.175,0.054745491,1.261651647,1.261651647,0.22711785
SNX5-K337,SNX5,-0.26585,0.120938577,0.917435146,-0.917435146,0.793855532,0.175,0.054745491,1.261651647,1.261651647,0.22711785
SNX6-K288,SNX6,-0.02868,1,0,0,1,-0.035,0.633691474,0.198122136,-0.198122136,0.817493765
SNX7-K187,SNX7,-0.0483,0.927272727,0.032792513,-0.032792513,1,0.11,0.320864798,0.493677927,0.493677927,0.590809236
SOD1-K10,SOD1,-0.0492,0.197872717,0.703614083,-0.703614083,0.859405482,0.13,0.079752993,1.09825301,1.09825301,0.281011629
SOD1-K123,SOD1,-0.283,0.083263251,1.079546637,-1.079546637,0.762847904,0.13,0.079752993,1.09825301,1.09825301,0.281011629
SOD1-K137,SOD1,-0.358,0.151436554,0.819769282,-0.819769282,0.831690101,0.13,0.079752993,1.09825301,1.09825301,0.281011629
SOD1-K24,SOD1,-0.178,0.883645766,0.053721799,-0.053721799,1,0.13,0.079752993,1.09825301,1.09825301,0.281011629
SOD1-K31,SOD1,-0.1805,0.244578607,0.611581533,-0.611581533,0.89166372,0.13,0.079752993,1.09825301,1.09825301,0.281011629
SOD1-K71,SOD1,-0.1298635,1,0,0,1,0.13,0.079752993,1.09825301,1.09825301,0.281011629
SOD1-K92,SOD1,0.30294,0.484952242,0.314301028,0.314301028,0.967568225,0.13,0.079752993,1.09825301,1.09825301,0.281011629
SOD2-K122,SOD2,0.0325,0.166158367,0.779477784,0.779477784,0.85031237,0.205,0.237516308,0.624306565,0.624306565,0.504848307
SOD2-K130,SOD2,0.01425,0.673136028,0.171897164,0.171897164,1,0.205,0.237516308,0.624306565,0.624306565,0.504848307
SOD2-K134,SOD2,-0.482,0.092446341,1.034110273,-1.034110273,0.776434795,0.205,0.237516308,0.624306565,0.624306565,0.504848307
SOD2-K154,SOD2,-0.1566,0.683516484,0.165251008,-0.165251008,1,0.205,0.237516308,0.624306565,0.624306565,0.504848307
SOD2-K202,SOD2,0.1676,0.62004662,0.207575656,0.207575656,1,0.205,0.237516308,0.624306565,0.624306565,0.504848307
SOD2-K221,SOD2,0.19045,0.508417193,0.293779772,0.293779772,0.97524985,0.205,0.237516308,0.624306565,0.624306565,0.504848307
SOD2-K68,SOD2,0.190475,0.270552706,0.567748118,0.567748118,0.902857656,0.205,0.237516308,0.624306565,0.624306565,0.504848307
SOD2-K75,SOD2,0.0385,0.611640148,0.213504015,0.213504015,1,0.205,0.237516308,0.624306565,0.624306565,0.504848307
SON-K106,SON,0.3003,0.106854427,0.97120748,0.97120748,0.776434795,0.03,0.683921848,0.164993523,0.164993523,0.848351327
SON-K139,SON,-0.5143,0.904761905,0.043465694,-0.043465694,1,0.03,0.683921848,0.164993523,0.164993523,0.848351327
SON-K16,SON,0.2097,0.150474323,0.822537603,0.822537603,0.831690101,0.03,0.683921848,0.164993523,0.164993523,0.848351327
SON-K1706,SON,-0.2348,0.602683656,0.219910586,-0.219910586,1,0.03,0.683921848,0.164993523,0.164993523,0.848351327
SON-K2055,SON,0.373875,0.00100034,2.999852255,2.999852255,0.263676789,0.03,0.683921848,0.164993523,0.164993523,0.848351327
SON-K277,SON,0.1548,0.426863539,0.369710939,0.369710939,0.961720515,0.03,0.683921848,0.164993523,0.164993523,0.848351327
SON-K288,SON,0.00199,0.510503466,0.292001305,0.292001305,0.976216165,0.03,0.683921848,0.164993523,0.164993523,0.848351327
SORBS1-K347,SORBS1,-0.1495,0.678771007,0.168276716,-0.168276716,1,-0.555,0.009167334,2.037756967,-2.037756967,0.084538725
SORD-K134,SORD,-0.0635,0.772459416,0.112124329,-0.112124329,1,0.405,0.053510607,1.271560119,1.271560119,0.224249708
SORD-K142,SORD,0.25915,0.340448557,0.467948502,0.467948502,0.930954294,0.405,0.053510607,1.271560119,1.271560119,0.224249708
SORD-K63,SORD,0.595,0.056072952,1.251246578,1.251246578,0.68202138,0.405,0.053510607,1.271560119,1.271560119,0.224249708
SOX4-K154,SOX4,1.0693,0.093240093,1.030397301,1.030397301,0.776434795,0.02,0.368986845,0.432989117,0.432989117,0.630563842
SP1-K19,SP1,0.2285,0.490788594,0.309105539,0.309105539,0.969594397,-0.015,0.598757653,0.222748922,-0.222748922,0.79561004
SP100-K300,SP100,-0.29844,0.038258192,1.417275554,-1.417275554,0.627327088,-0.23,0.006828052,2.165703164,-2.165703164,0.071925435
SP100-K306,SP100,-0.3077,0.134803922,0.870297474,-0.870297474,0.812761101,-0.23,0.006828052,2.165703164,-2.165703164,0.071925435
SP100-K430,SP100,-0.160425,0.262497384,0.58087502,-0.58087502,0.899293861,-0.23,0.006828052,2.165703164,-2.165703164,0.071925435
SP100-K486,SP100,-0.03445,0.66242429,0.178863751,-0.178863751,1,-0.23,0.006828052,2.165703164,-2.165703164,0.071925435
SP3-K593,SP3,0.751,0.261769199,0.582081456,0.582081456,0.899293861,-0.065,0.490209424,0.309618344,-0.309618344,0.72948303
SP3-K6,SP3,-0.2352,0.005532072,2.257112202,-2.257112202,0.384392544,-0.065,0.490209424,0.309618344,-0.309618344,0.72948303
SPAG7-K164,SPAG7,0.30443,0.109090909,0.962211439,0.962211439,0.776434795,0.04,0.602170794,0.220280312,0.220280312,0.798302747
SPAG7-K173,SPAG7,-0.2198,0.059663866,1.224288613,-1.224288613,0.698068054,0.04,0.602170794,0.220280312,0.220280312,0.798302747
SPAG7-K197,SPAG7,0.247,0.096693144,1.014604316,1.014604316,0.776434795,0.04,0.602170794,0.220280312,0.220280312,0.798302747
SPATA5-K471,SPATA5,0.4087,0.289502747,0.538347311,0.538347311,0.911658441,0.23,0.004515634,2.345281278,2.345281278,0.058034335
SPCS2-K191,SPCS2,0.422,0.54264449,0.265484602,0.265484602,0.986803016,0.14,0.376943011,0.423724305,0.423724305,0.636487726
SPCS2-K195,SPCS2,0.0774,0.267399267,0.572839787,0.572839787,0.902649379,0.14,0.376943011,0.423724305,0.423724305,0.636487726
SPCS2-K38,SPCS2,0.54715,0.73015873,0.136582718,0.136582718,1,0.14,0.376943011,0.423724305,0.423724305,0.636487726
SPIN1-K28,SPIN1,0.0648,0.607080002,0.216754073,0.216754073,1,-0.135,0.67671611,0.169593484,-0.169593484,0.843468576
SPIN1-K44,SPIN1,-0.0093,0.729957718,0.136702295,-0.136702295,1,-0.135,0.67671611,0.169593484,-0.169593484,0.843468576
SPIN1-K7,SPIN1,-0.0562,0.75165462,0.123981669,-0.123981669,1,-0.135,0.67671611,0.169593484,-0.169593484,0.843468576
SPR-K174,SPR,6.35E-04,0.885714286,0.052706351,0.052706351,1,0.11,0.115604868,0.937023879,0.937023879,0.344002259
SPR-K226,SPR,-0.005,0.685714286,0.163856803,-0.163856803,1,0.11,0.115604868,0.937023879,0.937023879,0.344002259
SPR-K230,SPR,1.31,0.022689076,1.644183197,1.644183197,0.55675501,0.11,0.115604868,0.937023879,0.937023879,0.344002259
SPR-K235,SPR,0.056285,0.914285714,0.038918066,0.038918066,1,0.11,0.115604868,0.937023879,0.937023879,0.344002259
SPRYD4-K95,SPRYD4,-0.0294145,0.885714286,0.052706351,-0.052706351,1,0.065,0.551375616,0.258552444,0.258552444,0.766331079
SPTA1-K326,SPTA1,-0.4785,0.313186813,0.504196532,-0.504196532,0.920825313,0.395,0.69099354,0.160526013,0.160526013,0.851316538
SPTAN1-K1023,SPTAN1,0.0649,0.720915033,0.142115918,0.142115918,1,0.095,0.858174242,0.066424525,0.066424525,0.939157354
SPTAN1-K1089,SPTAN1,-0.15795,0.742986425,0.129019121,-0.129019121,1,0.095,0.858174242,0.066424525,0.066424525,0.939157354
SPTAN1-K1334,SPTAN1,-0.360975,0.436617147,0.359899212,-0.359899212,0.961720515,0.095,0.858174242,0.066424525,0.066424525,0.939157354
SPTAN1-K1419,SPTAN1,-0.2565,0.031102431,1.507205667,-1.507205667,0.593457358,0.095,0.858174242,0.066424525,0.066424525,0.939157354
SPTAN1-K1789,SPTAN1,-0.318725,0.256870455,0.590285845,-0.590285845,0.896059652,0.095,0.858174242,0.066424525,0.066424525,0.939157354
SPTAN1-K1968,SPTAN1,0.1342,0.791415284,0.101595567,0.101595567,1,0.095,0.858174242,0.066424525,0.066424525,0.939157354
SPTAN1-K2083,SPTAN1,-0.275275,0.016835213,1.773781383,-1.773781383,0.52278551,0.095,0.858174242,0.066424525,0.066424525,0.939157354
SPTAN1-K2359,SPTAN1,0.020624,0.885714286,0.052706351,0.052706351,1,0.095,0.858174242,0.066424525,0.066424525,0.939157354
SPTAN1-K2375,SPTAN1,0.14915,1,0,0,1,0.095,0.858174242,0.066424525,0.066424525,0.939157354
SPTAN1-K39,SPTAN1,0.04385,0.929801408,0.031609801,0.031609801,1,0.095,0.858174242,0.066424525,0.066424525,0.939157354
SPTAN1-K592,SPTAN1,0.037,0.904385965,0.043646186,0.043646186,1,0.095,0.858174242,0.066424525,0.066424525,0.939157354
SPTAN1-K613,SPTAN1,-0.12655,0.76922109,0.113948817,-0.113948817,1,0.095,0.858174242,0.066424525,0.066424525,0.939157354
SPTAN1-K637,SPTAN1,-0.22009,0.014008229,1.853616753,-1.853616753,0.502151081,0.095,0.858174242,0.066424525,0.066424525,0.939157354
SPTAN1-K756,SPTAN1,-0.1998,0.437562438,0.358959967,-0.358959967,0.961720515,0.095,0.858174242,0.066424525,0.066424525,0.939157354
SPTB-K1641,SPTB,-0.38005,0.886247707,0.052444875,-0.052444875,1,-0.005,0.58850528,0.230249637,-0.230249637,0.789111409
SPTB-K1670,SPTB,0.2646,0.420634921,0.376094676,0.376094676,0.961720515,-0.005,0.58850528,0.230249637,-0.230249637,0.789111409
SPTB-K497,SPTB,-0.4993,0.190154848,0.720892598,-0.720892598,0.859405482,-0.005,0.58850528,0.230249637,-0.230249637,0.789111409
SPTB-K637,SPTB,-0.393,0.628205128,0.201898523,-0.201898523,1,-0.005,0.58850528,0.230249637,-0.230249637,0.789111409
SPTBN1-K1312,SPTBN1,-0.226,0.933333333,0.029963223,-0.029963223,1,-0.285,0.051098522,1.291591664,-1.291591664,0.219058562
SPTBN1-K1344,SPTBN1,0.2551,0.335886983,0.473806826,0.473806826,0.930954294,-0.285,0.051098522,1.291591664,-1.291591664,0.219058562
SPTBN1-K1878,SPTBN1,-0.065,0.885714286,0.052706351,-0.052706351,1,-0.285,0.051098522,1.291591664,-1.291591664,0.219058562
SPTBN1-K1913,SPTBN1,-0.34285,0.103640643,0.984469902,-0.984469902,0.776434795,-0.285,0.051098522,1.291591664,-1.291591664,0.219058562
SPTBN1-K1939,SPTBN1,0.842,0.885714286,0.052706351,0.052706351,1,-0.285,0.051098522,1.291591664,-1.291591664,0.219058562
SPTBN1-K1957,SPTBN1,0.0755,0.971262147,0.012663536,0.012663536,1,-0.285,0.051098522,1.291591664,-1.291591664,0.219058562
SPTBN1-K2344,SPTBN1,-0.1224,0.553282713,0.257052899,-0.257052899,0.990319758,-0.285,0.051098522,1.291591664,-1.291591664,0.219058562
SPTBN1-K593,SPTBN1,0.0733655,1,0,0,1,-0.285,0.051098522,1.291591664,-1.291591664,0.219058562
SPTY2D1-K582,SPTY2D1,-0.012,0.781269812,0.107198956,-0.107198956,1,0.04,0.382280234,0.417618156,0.417618156,0.641667205
SQOR-K125,SQOR,0.09185,0.719901588,0.142726869,0.142726869,1,0.42,0.00357516,2.446704483,2.446704483,0.050867802
SQOR-K135,SQOR,-0.198,0.720841966,0.142159937,-0.142159937,1,0.42,0.00357516,2.446704483,2.446704483,0.050867802
SQOR-K173,SQOR,-0.02545,0.863292548,0.063842008,-0.063842008,1,0.42,0.00357516,2.446704483,2.446704483,0.050867802
SQOR-K177,SQOR,0.126,0.897865853,0.046788545,0.046788545,1,0.42,0.00357516,2.446704483,2.446704483,0.050867802
SQOR-K260,SQOR,-0.3178,0.770611,0.113164796,-0.113164796,1,0.42,0.00357516,2.446704483,2.446704483,0.050867802
SQOR-K320,SQOR,-0.3152,0.047571328,1.322654721,-1.322654721,0.661100163,0.42,0.00357516,2.446704483,2.446704483,0.050867802
SRC-K203,SRC,0.1302,0.546646027,0.262293804,0.262293804,0.989262975,0.46,2.44E-04,3.612748515,3.612748515,0.011033462
SREBF1-K343,SREBF1,0.4915,0.01980031,1.703328009,1.703328009,0.550225095,0.365,0.044940843,1.34735879,1.34735879,0.204933974
SRFBP1-K423,SRFBP1,0.21275,0.007810424,2.107325384,2.107325384,0.429253703,0.055,0.22965316,0.638927574,0.638927574,0.495472298
SRI-K68,SRI,0.150575,0.157574687,0.802513548,0.802513548,0.842963497,0.1,0.195108632,0.709723517,0.709723517,0.451568826
SRI-K96,SRI,0.08,0.516939945,0.286559908,0.286559908,0.981606795,0.1,0.195108632,0.709723517,0.709723517,0.451568826
SRP14-K95,SRP14,0.241876,0.660471881,0.180145667,0.180145667,1,0.09,0.245441399,0.610052182,0.610052182,0.514851894
SRP68-K504,SRP68,0.677,0.017647059,1.753327667,1.753327667,0.537085752,0.16,0.006330578,2.198556649,2.198556649,0.068929789
SRP72-K201,SRP72,-0.038,0.673489036,0.17166947,-0.17166947,1,0.205,0.037981477,1.420428145,1.420428145,0.18711891
SRP9-K41,SRP9,0.0466,0.407803616,0.389548928,0.389548928,0.956240488,0.29,0.002546687,2.594024512,2.594024512,0.041912359
SRP9-K52,SRP9,0.0966,0.361147114,0.442315852,0.442315852,0.936845827,0.29,0.002546687,2.594024512,2.594024512,0.041912359
SRP9-K60,SRP9,0.1455,0.061683915,1.20982807,1.20982807,0.70729411,0.29,0.002546687,2.594024512,2.594024512,0.041912359
SRP9-K61,SRP9,0.125155,0.342857143,0.464886798,0.464886798,0.930954294,0.29,0.002546687,2.594024512,2.594024512,0.041912359
SRP9-K64,SRP9,0.14975,0.825174825,0.08345403,0.08345403,1,0.29,0.002546687,2.594024512,2.594024512,0.041912359
SRPX-K154,SRPX,-0.0156,0.832944833,0.079383762,-0.079383762,1,-0.45,0.023627214,1.626587481,-1.626587481,0.143533239
SRPX-K63,SRPX,-0.15,0.832453859,0.079639829,-0.079639829,1,-0.45,0.023627214,1.626587481,-1.626587481,0.143533239
SRRM1-K140,SRRM1,0.064531,0.340268893,0.468177752,0.468177752,0.930954294,0.35,0.012187074,1.914100548,1.914100548,0.099465031
SRRM1-K36,SRRM1,-0.263,0.724164724,0.140162635,-0.140162635,1,0.35,0.012187074,1.914100548,1.914100548,0.099465031
SRRM1-K470,SRRM1,0.175125,0.090209322,1.04474858,1.04474858,0.776434795,0.35,0.012187074,1.914100548,1.914100548,0.099465031
SRRM1-K821,SRRM1,-0.6693,0.035844086,1.44558249,-1.44558249,0.61764214,0.35,0.012187074,1.914100548,1.914100548,0.099465031
SRRM2-K1186,SRRM2,0.1352,0.393455438,0.405104448,0.405104448,0.954136234,-0.045,0.571512106,0.242974566,-0.242974566,0.777821261
SRRM2-K2602,SRRM2,0.1051,0.411688306,0.385431469,0.385431469,0.956240488,-0.045,0.571512106,0.242974566,-0.242974566,0.777821261
SRRT-K324,SRRT,-0.207895,0.222222222,0.653212514,-0.653212514,0.875622157,0.19,0.032395204,1.489519279,1.489519279,0.170300348
SRRT-K343,SRRT,-0.046628,0.893668554,0.048823523,-0.048823523,1,0.19,0.032395204,1.489519279,1.489519279,0.170300348
SRRT-K403,SRRT,-0.071549,0.885714286,0.052706351,-0.052706351,1,0.19,0.032395204,1.489519279,1.489519279,0.170300348
SRRT-K413,SRRT,-0.105,0.172814114,0.762420791,-0.762420791,0.859405482,0.19,0.032395204,1.489519279,1.489519279,0.170300348
SRRT-K604,SRRT,-0.43,0.095216275,1.021288811,-1.021288811,0.776434795,0.19,0.032395204,1.489519279,1.489519279,0.170300348
SRRT-K720,SRRT,0.1294,0.293313126,0.532668502,0.532668502,0.915283023,0.19,0.032395204,1.489519279,1.489519279,0.170300348
SRSF1-K179,SRSF1,-0.1009,0.885092973,0.053011107,-0.053011107,1,0.08,0.02717489,1.565832201,1.565832201,0.155367383
SRSF1-K38,SRSF1,-0.19515,0.400697781,0.397183062,-0.397183062,0.956240488,0.08,0.02717489,1.565832201,1.565832201,0.155367383
SRSF10-K218,SRSF10,-0.084575,0.685714286,0.163856803,-0.163856803,1,0.05,0.225848163,0.646183438,0.646183438,0.490630182
SRSF11-K423,SRSF11,0.0168,0.618776855,0.208465939,0.208465939,1,0.09,0.163056531,0.787661802,0.787661802,0.41139761
SRSF11-K466,SRSF11,0.121,0.675410755,0.170432028,0.170432028,1,0.09,0.163056531,0.787661802,0.787661802,0.41139761
SRSF3-K11,SRSF3,0.19805,0.036787463,1.434300163,1.434300163,0.61764214,0.105,0.020713386,1.683748898,1.683748898,0.133119758
SRSF3-K85,SRSF3,0.330065,0.073292505,1.134940434,1.134940434,0.735103698,0.105,0.020713386,1.683748898,1.683748898,0.133119758
SRSF4-K176,SRSF4,-0.36545,0.048484848,1.314393957,-1.314393957,0.664840525,0.115,0.047614121,1.322264228,1.322264228,0.211575962
SRSF4-K285,SRSF4,-0.242,0.005229389,2.281549089,-2.281549089,0.384392544,0.115,0.047614121,1.322264228,1.322264228,0.211575962
SRSF6-K101,SRSF6,-0.15495,0.238239985,0.622985347,-0.622985347,0.879057947,0.07,0.335579029,0.474205186,0.474205186,0.604137765
SRSF7-K112,SRSF7,0.1185,0.324531854,0.488742669,0.488742669,0.930954294,0.165,0.009419253,2.025983523,2.025983523,0.085968617
SRSF7-K70,SRSF7,-0.09773,0.857732567,0.0666481,-0.0666481,1,0.165,0.009419253,2.025983523,2.025983523,0.085968617
SSB-K224,SSB,0.107015,0.411764706,0.385350881,0.385350881,0.956240488,0.17,0.117898564,0.928491486,0.928491486,0.347749082
SSB-K276,SSB,0.09405,0.761904762,0.118099312,0.118099312,1,0.17,0.117898564,0.928491486,0.928491486,0.347749082
SSB-K328,SSB,0.0358,0.701098222,0.154221134,0.154221134,1,0.17,0.117898564,0.928491486,0.928491486,0.347749082
SSB-K352,SSB,0.1217,0.151571906,0.819381287,0.819381287,0.831690101,0.17,0.117898564,0.928491486,0.928491486,0.347749082
SSB-K354,SSB,0.23275,0.067794171,1.168807646,1.168807646,0.723084523,0.17,0.117898564,0.928491486,0.928491486,0.347749082
SSB-K360,SSB,0.09505,0.163142655,0.787432474,0.787432474,0.848347798,0.17,0.117898564,0.928491486,0.928491486,0.347749082
SSB-K383,SSB,0.23925,0.594072594,0.226160482,0.226160482,1,0.17,0.117898564,0.928491486,0.928491486,0.347749082
SSB-K391,SSB,0.786255,0.303696304,0.517560494,0.517560494,0.920825313,0.17,0.117898564,0.928491486,0.928491486,0.347749082
SSB-K397,SSB,0.068525,0.515600448,0.287686714,0.287686714,0.980353276,0.17,0.117898564,0.928491486,0.928491486,0.347749082
SSBP1-K103,SSBP1,0.3737,0.176462757,0.753346939,0.753346939,0.859405482,0.13,0.117908208,0.928455963,0.928455963,0.347749082
SSBP1-K113,SSBP1,-0.016865,0.916036771,0.038087093,-0.038087093,1,0.13,0.117908208,0.928455963,0.928455963,0.347749082
SSBP1-K81,SSBP1,0.1945,0.49909093,0.301820322,0.301820322,0.971766598,0.13,0.117908208,0.928455963,0.928455963,0.347749082
SSRP1-K233,SSRP1,-0.1203,0.550042228,0.259603967,-0.259603967,0.990305907,0.285,0.00143784,2.842289311,2.842289311,0.030232951
SSRP1-K319,SSRP1,0.17235,0.036709341,1.435223412,1.435223412,0.61764214,0.285,0.00143784,2.842289311,2.842289311,0.030232951
SSRP1-K33,SSRP1,0.081,0.154409352,0.8113264,0.8113264,0.837438046,0.285,0.00143784,2.842289311,2.842289311,0.030232951
SSRP1-K364,SSRP1,0.37815,0.165358801,0.781572685,0.781572685,0.85031237,0.285,0.00143784,2.842289311,2.842289311,0.030232951
SSRP1-K661,SSRP1,-0.04155,0.73135923,0.135869254,-0.135869254,1,0.285,0.00143784,2.842289311,2.842289311,0.030232951
ST13-K14,ST13,0.2535,0.105157259,0.978160744,0.978160744,0.776434795,0.025,0.525202328,0.279673358,0.279673358,0.750517953
ST13-K153,ST13,-0.085,0.711991067,0.147525455,-0.147525455,1,0.025,0.525202328,0.279673358,0.279673358,0.750517953
ST13-K186,ST13,-0.3189,0.444530444,0.352098491,-0.352098491,0.961720515,0.025,0.525202328,0.279673358,0.279673358,0.750517953
ST13-K353,ST13,-0.01,0.943278943,0.02535986,-0.02535986,1,0.025,0.525202328,0.279673358,0.279673358,0.750517953
ST13-K63,ST13,0.118,0.777989468,0.109026282,0.109026282,1,0.025,0.525202328,0.279673358,0.279673358,0.750517953
ST7-K134,ST7,-0.0215,0.942876813,0.025545044,-0.025545044,1,-0.12,0.052284289,1.281628796,-1.281628796,0.221892144
STAG1-K453,STAG1,-0.11795,0.013696502,1.863390334,-1.863390334,0.502151081,0.08,0.633691474,0.198122136,0.198122136,0.817493765
STAG2-K1081,STAG2,-0.0547,0.274312106,0.561755025,-0.561755025,0.902857656,0.05,0.788653597,0.103113711,0.103113711,0.904396453
STAG2-K39,STAG2,-0.9505,0.137529138,0.861605281,-0.861605281,0.814916032,0.05,0.788653597,0.103113711,0.103113711,0.904396453
STAG2-K41,STAG2,-0.9505,0.137529138,0.861605281,-0.861605281,0.814916032,0.05,0.788653597,0.103113711,0.103113711,0.904396453
STAG2-K53,STAG2,-0.02,0.503006679,0.298426249,-0.298426249,0.972539701,0.05,0.788653597,0.103113711,0.103113711,0.904396453
STAG2-K62,STAG2,-0.12543,0.754536139,0.122319955,-0.122319955,1,0.05,0.788653597,0.103113711,0.103113711,0.904396453
STAMBP-K88,STAMBP,0.3495,0.412121212,0.384975032,0.384975032,0.956240488,-0.055,0.170674972,0.767830161,-0.767830161,0.42132585
STAT1-K152,STAT1,-0.08893,0.631508329,0.199620917,-0.199620917,1,0.485,0.010140336,1.993947638,1.993947638,0.089233106
STAT1-K173,STAT1,-0.0771,0.863936064,0.063518397,-0.063518397,1,0.485,0.010140336,1.993947638,1.993947638,0.089233106
STAT1-K201,STAT1,0.105475,0.761904762,0.118099312,0.118099312,1,0.485,0.010140336,1.993947638,1.993947638,0.089233106
STAT1-K296,STAT1,0.7392,0.003614292,2.441976726,2.441976726,0.367610195,0.485,0.010140336,1.993947638,1.993947638,0.089233106
STAT1-K410,STAT1,0.4088,0.157992301,0.801364076,0.801364076,0.843275703,0.485,0.010140336,1.993947638,1.993947638,0.089233106
STAT3-K161,STAT3,-0.038075,0.685714286,0.163856803,-0.163856803,1,-0.085,0.758266968,0.120177862,-0.120177862,0.888023757
STAT3-K370,STAT3,0.488,0.190250926,0.720673222,0.720673222,0.859405482,-0.085,0.758266968,0.120177862,-0.120177862,0.888023757
STAT3-K383,STAT3,0.32597995,0.204789899,0.688691469,0.688691469,0.865453,-0.085,0.758266968,0.120177862,-0.120177862,0.888023757
STAT3-K631,STAT3,-0.19555,0.369024535,0.432944758,-0.432944758,0.938794148,-0.085,0.758266968,0.120177862,-0.120177862,0.888023757
STAU1-K155,STAU1,-0.1141,0.730769231,0.136219747,-0.136219747,1,0.045,0.270447088,0.56791769,0.56791769,0.540193779
STIP1-K115,STIP1,0.2154,0.097721004,1.010012079,1.010012079,0.776434795,0.35,1.10E-04,3.957968909,3.957968909,0.007197781
STIP1-K156,STIP1,-0.479,0.825194132,0.083443869,-0.083443869,1,0.35,1.10E-04,3.957968909,3.957968909,0.007197781
STIP1-K276,STIP1,-0.1767,0.660394247,0.180196719,-0.180196719,1,0.35,1.10E-04,3.957968909,3.957968909,0.007197781
STIP1-K284,STIP1,0.34125,0.116540045,0.933524818,0.933524818,0.784159192,0.35,1.10E-04,3.957968909,3.957968909,0.007197781
STIP1-K293,STIP1,0.05911,0.416417344,0.38047119,0.38047119,0.960373619,0.35,1.10E-04,3.957968909,3.957968909,0.007197781
STIP1-K324,STIP1,0.1875,0.385025531,0.414510472,0.414510472,0.9476637,0.35,1.10E-04,3.957968909,3.957968909,0.007197781
STIP1-K331,STIP1,0.28292,0.360703549,0.442849584,0.442849584,0.936845827,0.35,1.10E-04,3.957968909,3.957968909,0.007197781
STIP1-K348,STIP1,0.0337,0.8883587,0.05141164,0.05141164,1,0.35,1.10E-04,3.957968909,3.957968909,0.007197781
STIP1-K359,STIP1,0.0111,0.728096559,0.137811022,0.137811022,1,0.35,1.10E-04,3.957968909,3.957968909,0.007197781
STIP1-K372,STIP1,0.0836,1,4.82E-17,4.82E-17,1,0.35,1.10E-04,3.957968909,3.957968909,0.007197781
STIP1-K391,STIP1,0.30018,0.053781424,1.269367702,1.269367702,0.68006853,0.35,1.10E-04,3.957968909,3.957968909,0.007197781
STIP1-K411,STIP1,-0.0338,0.33578589,0.473937557,-0.473937557,0.930954294,0.35,1.10E-04,3.957968909,3.957968909,0.007197781
STIP1-K428,STIP1,-0.2137,0.554023176,0.256472067,-0.256472067,0.990319758,0.35,1.10E-04,3.957968909,3.957968909,0.007197781
STIP1-K442,STIP1,0.1005,0.035353357,1.451569336,1.451569336,0.61764214,0.35,1.10E-04,3.957968909,3.957968909,0.007197781
STIP1-K476,STIP1,0.3456,0.001738466,2.759833826,2.759833826,0.297574479,0.35,1.10E-04,3.957968909,3.957968909,0.007197781
STIP1-K577,STIP1,0.25025,0.020224177,1.694129145,1.694129145,0.550225095,0.35,1.10E-04,3.957968909,3.957968909,0.007197781
STIP1-K97,STIP1,0.701,0.007829079,2.106289344,2.106289344,0.429253703,0.35,1.10E-04,3.957968909,3.957968909,0.007197781
STK39-K312,STK39,0.341,0.737300416,0.132355521,0.132355521,1,-0.07,0.765858197,0.115851635,-0.115851635,0.892343019
STMN1-K109,STMN1,-0.50975,0.367676768,0.434533811,-0.434533811,0.938794148,0.49,0.001392009,2.856357879,2.856357879,0.029825298
STMN1-K119,STMN1,0.4344,0.018404134,1.735084612,1.735084612,0.547289037,0.49,0.001392009,2.856357879,2.856357879,0.029825298
STOML2-K145,STOML2,-0.051,0.856254767,0.067396998,-0.067396998,1,0.335,0.012716217,1.895642056,1.895642056,0.101959888
STOML2-K221,STOML2,0.18695,0.570577458,0.24368539,0.24368539,0.993833698,0.335,0.012716217,1.895642056,1.895642056,0.101959888
STOML2-K233,STOML2,-0.5217,0.356647253,0.447761117,-0.447761117,0.936845827,0.335,0.012716217,1.895642056,1.895642056,0.101959888
STOML2-K250,STOML2,-0.06829,0.845450396,0.072911868,-0.072911868,1,0.335,0.012716217,1.895642056,1.895642056,0.101959888
STRAP-K122,STRAP,-0.4705,0.285714286,0.544068044,-0.544068044,0.909317859,0.01,0.465541952,0.332041177,0.332041177,0.709888602
STRAP-K156,STRAP,-0.2263,0.271908832,0.565576686,-0.565576686,0.902857656,0.01,0.465541952,0.332041177,0.332041177,0.709888602
STRBP-K216,STRBP,-0.13095,0.201427419,0.695881412,-0.695881412,0.860014323,0.13,0.188403095,0.724911967,0.724911967,0.442714338
STRN-K689,STRN,0.27192,0.011480041,1.940056566,1.940056566,0.496549655,0.115,0.218299766,0.660946729,0.660946729,0.480864282
STUB1-K203,STUB1,-0.1365,0.94048174,0.026649632,-0.026649632,1,0.115,0.22773153,0.642576837,0.642576837,0.492827369
STXBP3-K128,STXBP3,-0.331,0.030950751,1.509328804,-1.509328804,0.593457358,0.05,0.691262959,0.160356714,0.160356714,0.851316538
SUB1-K114,SUB1,-1.2235,0.163636364,0.78612018,-0.78612018,0.848347798,0.06,0.819393342,0.086507569,0.086507569,0.920462951
SUB1-K35,SUB1,-0.06735,0.754536139,0.122319955,-0.122319955,1,0.06,0.819393342,0.086507569,0.086507569,0.920462951
SUB1-K38,SUB1,-0.2099,0.360403184,0.443211381,-0.443211381,0.936845827,0.06,0.819393342,0.086507569,0.086507569,0.920462951
SUB1-K53,SUB1,-0.058,0.456604751,0.340459574,-0.340459574,0.966657232,0.06,0.819393342,0.086507569,0.086507569,0.920462951
SUB1-K68,SUB1,0.059575,0.085264552,1.069231488,1.069231488,0.771116782,0.06,0.819393342,0.086507569,0.086507569,0.920462951
SUB1-K97,SUB1,0.06351,0.560335329,0.251551994,0.251551994,0.991315092,0.06,0.819393342,0.086507569,0.086507569,0.920462951
SUCLA2-K78,SUCLA2,-0.3355,0.029106083,1.536016244,-1.536016244,0.591058584,0.26,0.015638493,1.8058051,1.8058051,0.113656657
SUCLA2-K88,SUCLA2,0.27795,0.290196078,0.537308461,0.537308461,0.911658441,0.26,0.015638493,1.8058051,1.8058051,0.113656657
SUCLG1-K105,SUCLG1,-0.18885,0.318545497,0.49682853,-0.49682853,0.924546028,0.23,0.033221762,1.478577341,1.478577341,0.172797225
SUCLG1-K192,SUCLG1,0.0954,0.930351287,0.031353037,0.031353037,1,0.23,0.033221762,1.478577341,1.478577341,0.172797225
SUCLG1-K54,SUCLG1,-0.214,0.282419887,0.549104726,-0.549104726,0.909317859,0.23,0.033221762,1.478577341,1.478577341,0.172797225
SUCLG1-K57,SUCLG1,0.089445,0.148313454,0.828819451,0.828819451,0.831563929,0.23,0.033221762,1.478577341,1.478577341,0.172797225
SUCLG1-K66,SUCLG1,-0.083,0.995559837,0.001932632,-0.001932632,1,0.23,0.033221762,1.478577341,1.478577341,0.172797225
SUCLG2-K218,SUCLG2,-0.07505,0.73691656,0.132581684,-0.132581684,1,0.125,0.023610383,1.626896963,1.626896963,0.143533239
SUCLG2-K291,SUCLG2,-0.10255,0.980202547,0.008684173,-0.008684173,1,0.125,0.023610383,1.626896963,1.626896963,0.143533239
SUCLG2-K338,SUCLG2,0.51397995,0.313186813,0.504196532,0.504196532,0.920825313,0.125,0.023610383,1.626896963,1.626896963,0.143533239
SUCLG2-K47,SUCLG2,-0.117525,0.256330809,0.591199191,-0.591199191,0.896059652,0.125,0.023610383,1.626896963,1.626896963,0.143533239
SUCLG2-K73,SUCLG2,-0.2521,0.133515607,0.874467965,-0.874467965,0.809164535,0.125,0.023610383,1.626896963,1.626896963,0.143533239
SUGP1-K13,SUGP1,0.62015,0.141858142,0.848145733,0.848145733,0.820443268,0.06,0.340511476,0.467868247,0.467868247,0.608261233
SUGP2-K257,SUGP2,0.2755,0.327672328,0.484560234,0.484560234,0.930954294,-0.035,0.92879232,0.032081384,-0.032081384,0.970791179
SUGP2-K619,SUGP2,0.0543,0.910164101,0.040880298,0.040880298,1,-0.035,0.92879232,0.032081384,-0.032081384,0.970791179
SUGT1-K93,SUGT1,-0.3925,0.685714286,0.163856803,-0.163856803,1,0.22,0.004449611,2.351677966,2.351677966,0.057520049
SULF2-K512,SULF2,-1.439,0.114285714,0.942008053,-0.942008053,0.776434795,-1.215,6.90E-06,5.160874778,-5.160874778,0.002171828
SUMO1-K37,SUMO1,0.09155,0.591807573,0.227819482,0.227819482,1,-0.025,0.777232165,0.109449235,-0.109449235,0.898592168
SUMO2-K11,SUMO2,0.068875,0.385114972,0.414409597,0.414409597,0.9476637,0.16,0.08405947,1.075413352,1.075413352,0.288480438
SUMO2-K21,SUMO2,0.0901,0.584458402,0.233246394,0.233246394,1,0.16,0.08405947,1.075413352,1.075413352,0.288480438
SUMO3-K11,SUMO3,0.1169,0.440780125,0.355777997,0.355777997,0.961720515,0.18,0.018374099,1.735793949,1.735793949,0.12510175
SUMO4-K21,SUMO4,0.2779,0.23015968,0.637970754,0.637970754,0.879057947,0.105,0.731978277,0.135501807,0.135501807,0.874551656
SUPT16H-K504,SUPT16H,0.20735,0.214836572,0.667891786,0.667891786,0.874300916,0.17,0.016731623,1.776461921,1.776461921,0.118305395
SUPT16H-K606,SUPT16H,0.0761,0.73015873,0.136582718,0.136582718,1,0.17,0.016731623,1.776461921,1.776461921,0.118305395
SUPT16H-K674,SUPT16H,0.16415,0.340640739,0.467703414,0.467703414,0.930954294,0.17,0.016731623,1.776461921,1.776461921,0.118305395
SUPT4H1-K109,SUPT4H1,0.1392,0.384917745,0.414632068,0.414632068,0.9476637,0.005,0.928802014,0.032076851,0.032076851,0.970791179
SUPT6H-K1676,SUPT6H,0.29,0.315151515,0.501480601,0.501480601,0.920825313,0.025,0.155590935,0.80801571,0.80801571,0.400906323
SUPV3L1-K220,SUPV3L1,0.3766,0.099356861,1.002802138,1.002802138,0.776434795,0.035,0.409951936,0.387267058,0.387267058,0.665966583
SVIL-K910,SVIL,0.145,0.8000516,0.096882002,0.096882002,1,-0.235,0.031238692,1.505307156,-1.505307156,0.167495213
SWAP70-K219,SWAP70,0.0445,0.770966011,0.112964768,0.112964768,1,0.085,0.992079422,0.003453559,0.003453559,0.997690119
SWAP70-K278,SWAP70,-0.0461,1,0,0,1,0.085,0.992079422,0.003453559,0.003453559,0.997690119
SYAP1-K70,SYAP1,0.27555,0.342857143,0.464886798,0.464886798,0.930954294,0.39,0.006528061,2.185215823,2.185215823,0.069997405
SYMPK-K358,SYMPK,0.294,0.252389599,0.597928546,0.597928546,0.896059652,0.115,0.30185919,0.520195597,0.520195597,0.572461292
SYNCRIP-K623,SYNCRIP,-0.20315,0.943431172,0.025289778,-0.025289778,1,0.195,0.022998637,1.638297892,1.638297892,0.14114677
SYNE2-K2317,SYNE2,-0.7055,0.117180205,0.931145745,-0.931145745,0.78600476,-0.125,0.274862398,0.560884669,-0.560884669,0.544888239
SYNE2-K2951,SYNE2,-0.30755,0.187980705,0.725886726,-0.725886726,0.859405482,-0.125,0.274862398,0.560884669,-0.560884669,0.544888239
SYNE2-K4643,SYNE2,-0.06525,0.90313345,0.044248072,-0.044248072,1,-0.125,0.274862398,0.560884669,-0.560884669,0.544888239
SYNE2-K955,SYNE2,-0.1382,0.659116684,0.181037695,-0.181037695,1,-0.125,0.274862398,0.560884669,-0.560884669,0.544888239
SYNRG-K744,SYNRG,0.16515,0.152986241,0.815347625,0.815347625,0.834881371,-0.04,0.762015709,0.118036075,-0.118036075,0.890065294
TACC2-K2884,TACC2,0.26915,0.528671329,0.276814242,0.276814242,0.982838512,-0.055,0.784872632,0.105200814,-0.105200814,0.902705638
TADA2B-K328,TADA2B,-0.24247,0.342857143,0.464886798,-0.464886798,0.930954294,-0.04,0.777205977,0.109463868,-0.109463868,0.898592168
TADA3-K109,TADA3,-0.12835,0.287444688,0.541445712,-0.541445712,0.911425176,0.025,0.885521238,0.052801018,0.052801018,0.951013655
TADA3-K418,TADA3,0.1289,0.025992323,1.585154906,1.585154906,0.580936695,0.025,0.885521238,0.052801018,0.052801018,0.951013655
TAF1-K565,TAF1,0.055175,0.54275572,0.265395591,0.265395591,0.986803016,0.05,0.792471775,0.101016197,0.101016197,0.906638378
TAF12-K149,TAF12,0.039,0.605375103,0.217975444,0.217975444,1,0.025,0.353295317,0.45186212,0.45186212,0.621455943
TAF15-K192,TAF15,-0.214,0.791415284,0.101595567,-0.101595567,1,0.285,0.005039864,2.297581194,2.297581194,0.061225671
TAF15-K268,TAF15,-0.078515,0.927783971,0.032553135,-0.032553135,1,0.285,0.005039864,2.297581194,2.297581194,0.061225671
TAF3-K370,TAF3,-1.145,0.288748833,0.539479763,-0.539479763,0.911658441,-0.175,0.038461187,1.414977318,-1.414977318,0.188027706
TAF3-K784,TAF3,0.06,1,0,0,1,-0.175,0.038461187,1.414977318,-1.414977318,0.188027706
TAF4-K817,TAF4,0.110862,0.977372386,0.009939935,0.009939935,1,0.22,0.033215294,1.478661897,1.478661897,0.172797225
TAF6-K275,TAF6,-0.196,0.687958011,0.162438068,-0.162438068,1,0.16,0.202055472,0.694529384,0.694529384,0.461446485
TAF7-K291,TAF7,0.0188,0.842260568,0.074553531,0.074553531,1,0.11,0.137772326,0.860838008,0.860838008,0.374363264
TAGLN-K108,TAGLN,0.0325,0.76551182,0.116048099,0.116048099,1,0.06,0.940656055,0.026569145,0.026569145,0.975652107
TAGLN-K121,TAGLN,-0.0919,0.817670253,0.087421802,-0.087421802,1,0.06,0.940656055,0.026569145,0.026569145,0.975652107
TAGLN-K154,TAGLN,0.024,0.873074601,0.058948646,0.058948646,1,0.06,0.940656055,0.026569145,0.026569145,0.975652107
TAGLN-K17,TAGLN,0.112,0.387831534,0.411356882,0.411356882,0.950011308,0.06,0.940656055,0.026569145,0.026569145,0.975652107
TAGLN-K172,TAGLN,0.10491,0.475621269,0.322738733,0.322738733,0.967568225,0.06,0.940656055,0.026569145,0.026569145,0.975652107
TAGLN-K21,TAGLN,-0.1745,0.604570765,0.218552857,-0.218552857,1,0.06,0.940656055,0.026569145,0.026569145,0.975652107
TAGLN-K57,TAGLN,0.1336,0.400623986,0.397263052,0.397263052,0.956240488,0.06,0.940656055,0.026569145,0.026569145,0.975652107
TAGLN-K75,TAGLN,0.1285,0.328655275,0.483259392,0.483259392,0.930954294,0.06,0.940656055,0.026569145,0.026569145,0.975652107
TAGLN-K78,TAGLN,0.0815,0.791757117,0.101408024,0.101408024,1,0.06,0.940656055,0.026569145,0.026569145,0.975652107
TAGLN-K89,TAGLN,-0.023625,0.951302734,0.021681255,-0.021681255,1,0.06,0.940656055,0.026569145,0.026569145,0.975652107
TAGLN-K99,TAGLN,0.098325,0.526926785,0.278249725,0.278249725,0.982788878,0.06,0.940656055,0.026569145,0.026569145,0.975652107
TAGLN2-K109,TAGLN2,-0.0026425,0.407213579,0.390177748,-0.390177748,0.956240488,0.265,0.012890267,1.889738076,1.889738076,0.102726575
TAGLN2-K192,TAGLN2,0.456875,0.024312177,1.614176155,1.614176155,0.568742856,0.265,0.012890267,1.889738076,1.889738076,0.102726575
TAGLN2-K38,TAGLN2,0.1015,0.178638968,0.7480238,0.7480238,0.859405482,0.265,0.012890267,1.889738076,1.889738076,0.102726575
TAGLN2-K78,TAGLN2,-0.15715,0.169780372,0.770112519,-0.770112519,0.857207663,0.265,0.012890267,1.889738076,1.889738076,0.102726575
TALDO1-K130,TALDO1,-0.319,0.187805548,0.726291583,-0.726291583,0.859405482,0.32,0.005875754,2.2309364,2.2309364,0.066419231
TALDO1-K136,TALDO1,-0.1806,0.509341659,0.292990802,-0.292990802,0.975315181,0.32,0.005875754,2.2309364,2.2309364,0.066419231
TALDO1-K203,TALDO1,-0.085,0.819828706,0.086276879,-0.086276879,1,0.32,0.005875754,2.2309364,2.2309364,0.066419231
TALDO1-K215,TALDO1,-0.1801,0.313555715,0.503685279,-0.503685279,0.920825313,0.32,0.005875754,2.2309364,2.2309364,0.066419231
TALDO1-K219,TALDO1,0.0592,0.542034622,0.265972973,0.265972973,0.986514257,0.32,0.005875754,2.2309364,2.2309364,0.066419231
TALDO1-K258,TALDO1,0.035,0.84261489,0.074370871,0.074370871,1,0.32,0.005875754,2.2309364,2.2309364,0.066419231
TALDO1-K269,TALDO1,0.072,1,0,0,1,0.32,0.005875754,2.2309364,2.2309364,0.066419231
TALDO1-K277,TALDO1,0.1401,0.875815796,0.057587226,0.057587226,1,0.32,0.005875754,2.2309364,2.2309364,0.066419231
TALDO1-K286,TALDO1,-0.00375,0.901257542,0.045151088,-0.045151088,1,0.32,0.005875754,2.2309364,2.2309364,0.066419231
TALDO1-K292,TALDO1,-0.223,0.835664336,0.077968132,-0.077968132,1,0.32,0.005875754,2.2309364,2.2309364,0.066419231
TALDO1-K307,TALDO1,-0.32205,0.158511709,0.799938651,-0.799938651,0.845315482,0.32,0.005875754,2.2309364,2.2309364,0.066419231
TALDO1-K314,TALDO1,-0.291,0.732017498,0.135478538,-0.135478538,1,0.32,0.005875754,2.2309364,2.2309364,0.066419231
TALDO1-K321,TALDO1,-0.1005,0.612702106,0.212750627,-0.212750627,1,0.32,0.005875754,2.2309364,2.2309364,0.066419231
TALDO1-K337,TALDO1,-0.222175,0.163142655,0.787432474,-0.787432474,0.848347798,0.32,0.005875754,2.2309364,2.2309364,0.066419231
TALDO1-K71,TALDO1,-0.005,0.738209223,0.131820533,-0.131820533,1,0.32,0.005875754,2.2309364,2.2309364,0.066419231
TALDO1-K81,TALDO1,0.130775,0.735883013,0.133191222,0.133191222,1,0.32,0.005875754,2.2309364,2.2309364,0.066419231
TAOK1-K820,TAOK1,0.17305,0.080338895,1.095074144,1.095074144,0.757639694,-0.005,0.687592043,0.162669158,-0.162669158,0.84981535
TAP1-K792,TAP1,-0.6945,0.23030303,0.637700348,-0.637700348,0.879057947,0.285,0.393260022,0.4053202,0.4053202,0.651336122
TARS-K246,TARS,-0.0074,0.881454719,0.054799993,-0.054799993,1,0.235,0.031617471,1.500072868,1.500072868,0.16786993
TARS-K693,TARS,-0.1493,0.222574073,0.652525427,-0.652525427,0.875622157,0.235,0.031617471,1.500072868,1.500072868,0.16786993
TASP1-K24,TASP1,0.1178,0.437588785,0.358933817,0.358933817,0.961720515,0.02,0.564700601,0.24818175,0.24818175,0.773770169
TATDN1-K45,TATDN1,-0.08335,0.835664336,0.077968132,-0.077968132,1,-0.09,0.441626243,0.354945127,-0.354945127,0.691861559
TBC1D15-K399,TBC1D15,0.587,0.057142857,1.243038049,1.243038049,0.68202138,0.035,0.980197768,0.008686291,0.008686291,0.993220035
TBCA-K23,TBCA,0.13992,0.090655961,1.042603633,1.042603633,0.776434795,0.05,0.429993282,0.366538329,0.366538329,0.681872695
TBCA-K28,TBCA,0.2721025,0.072772355,1.138033573,1.138033573,0.735103698,0.05,0.429993282,0.366538329,0.366538329,0.681872695
TBCA-K36,TBCA,-0.494,0.150793651,0.821616944,-0.821616944,0.831690101,0.05,0.429993282,0.366538329,0.366538329,0.681872695
TBCA-K51,TBCA,0.123,0.583333333,0.234083206,0.234083206,1,0.05,0.429993282,0.366538329,0.366538329,0.681872695
TBCB-K211,TBCB,-0.5693,0.617355824,0.20946445,-0.20946445,1,-0.05,0.75449,0.122346512,-0.122346512,0.886420537
TBL1XR1-K102,TBL1XR1,0.2629,0.014022659,1.853169639,1.853169639,0.502151081,-0.065,0.465572401,0.332012772,-0.332012772,0.709888602
TBL2-K364,TBL2,-0.1235,0.310804071,0.507513302,-0.507513302,0.920825313,0.115,0.096301,1.016369202,1.016369202,0.311448274
TCEA1-K186,TCEA1,0.145,0.961215255,0.017179345,0.017179345,1,0.13,0.093401546,1.029645936,1.029645936,0.305805575
TCEA1-K265,TCEA1,0.2575,0.122100468,0.913282673,0.913282673,0.798193585,0.13,0.093401546,1.029645936,1.029645936,0.305805575
TCEAL3-K83,TCEAL3,-0.0905,0.412698413,0.384367201,-0.384367201,0.956240488,-0.12,0.313674953,0.503520159,-0.503520159,0.584136369
TCEAL4-K189,TCEAL4,0.469,0.546646027,0.262293804,0.262293804,0.989262975,-0.145,0.404368678,0.393222492,-0.393222492,0.660457421
TCEAL5-K83,TCEAL5,-0.663,0.04575624,1.339549672,-1.339549672,0.647485954,-0.6,0.018367064,1.73596025,-1.73596025,0.12510175
TCEAL6-K83,TCEAL6,0.073,0.345287074,0.46181968,0.46181968,0.933847322,0.79,0.952211935,0.021266379,0.021266379,0.981249221
TCF12-K151,TCF12,0.3138,0.93986014,0.026936769,0.026936769,1,-0.15,0.44461607,0.352014844,-0.352014844,0.6941194
TCF20-K1267,TCF20,0.0437,0.799544168,0.09715754,0.09715754,1,0.095,0.320813996,0.493746694,0.493746694,0.590809236
TCF20-K1281,TCF20,-0.825,0.22041606,0.656756765,-0.656756765,0.875622157,0.095,0.320813996,0.493746694,0.493746694,0.590809236
TCF20-K1428,TCF20,-0.11295,0.798868817,0.097524531,-0.097524531,1,0.095,0.320813996,0.493746694,0.493746694,0.590809236
TCF20-K1458,TCF20,-0.17205,1,0,0,1,0.095,0.320813996,0.493746694,0.493746694,0.590809236
TCF20-K1538,TCF20,-0.053,0.262993343,0.580055245,-0.580055245,0.899293861,0.095,0.320813996,0.493746694,0.493746694,0.590809236
TCF20-K446,TCF20,-0.14115,0.710419047,0.148485403,-0.148485403,1,0.095,0.320813996,0.493746694,0.493746694,0.590809236
TCF20-K549,TCF20,0.0885,0.557400732,0.253832465,0.253832465,0.990772801,0.095,0.320813996,0.493746694,0.493746694,0.590809236
TCF20-K619,TCF20,-0.0889,0.832944833,0.079383762,-0.079383762,1,0.095,0.320813996,0.493746694,0.493746694,0.590809236
TCOF1-K1064,TCOF1,-0.4979,0.499828001,0.301179417,-0.301179417,0.971766598,0.28,3.51E-04,3.454135218,3.454135218,0.013724067
TCOF1-K155,TCOF1,0.034595,0.598836315,0.222691871,0.222691871,1,0.28,3.51E-04,3.454135218,3.454135218,0.013724067
TCOF1-K244,TCOF1,0.0425,0.609220974,0.215225154,0.215225154,1,0.28,3.51E-04,3.454135218,3.454135218,0.013724067
TCOF1-K261,TCOF1,0.0544,0.691143125,0.160432008,0.160432008,1,0.28,3.51E-04,3.454135218,3.454135218,0.013724067
TCOF1-K296,TCOF1,0.2358,0.108107996,0.966142183,0.966142183,0.776434795,0.28,3.51E-04,3.454135218,3.454135218,0.013724067
TCOF1-K322,TCOF1,0.08314,0.655571021,0.183380252,0.183380252,1,0.28,3.51E-04,3.454135218,3.454135218,0.013724067
TCOF1-K393,TCOF1,-0.01065,0.99604014,0.001723159,-0.001723159,1,0.28,3.51E-04,3.454135218,3.454135218,0.013724067
TCOF1-K400,TCOF1,-0.0613,0.693406088,0.15901235,-0.15901235,1,0.28,3.51E-04,3.454135218,3.454135218,0.013724067
TCOF1-K432,TCOF1,-0.00385,0.987653581,0.005395357,-0.005395357,1,0.28,3.51E-04,3.454135218,3.454135218,0.013724067
TCOF1-K502,TCOF1,-0.063616,0.707524918,0.15025826,-0.15025826,1,0.28,3.51E-04,3.454135218,3.454135218,0.013724067
TCOF1-K528,TCOF1,0.32185,0.139242973,0.856226712,0.856226712,0.816505519,0.28,3.51E-04,3.454135218,3.454135218,0.013724067
TCOF1-K579,TCOF1,0.1918,0.053487636,1.271746593,1.271746593,0.67940945,0.28,3.51E-04,3.454135218,3.454135218,0.013724067
TCOF1-K586,TCOF1,-0.2035,0.019587616,1.708018409,-1.708018409,0.550225095,0.28,3.51E-04,3.454135218,3.454135218,0.013724067
TCOF1-K655,TCOF1,0.1745,0.851768115,0.069678621,0.069678621,1,0.28,3.51E-04,3.454135218,3.454135218,0.013724067
TCOF1-K74,TCOF1,0.03475,0.782492457,0.10651984,0.10651984,1,0.28,3.51E-04,3.454135218,3.454135218,0.013724067
TCOF1-K746,TCOF1,-0.03015,0.777264035,0.109431427,-0.109431427,1,0.28,3.51E-04,3.454135218,3.454135218,0.013724067
TCOF1-K755,TCOF1,0.03685,0.825177335,0.083452709,0.083452709,1,0.28,3.51E-04,3.454135218,3.454135218,0.013724067
TCOF1-K791,TCOF1,-0.7025,0.013769512,1.861081444,-1.861081444,0.502151081,0.28,3.51E-04,3.454135218,3.454135218,0.013724067
TCOF1-K811,TCOF1,0.06455,0.991081217,0.003890754,0.003890754,1,0.28,3.51E-04,3.454135218,3.454135218,0.013724067
TCOF1-K918,TCOF1,0.0417,0.787962481,0.103494461,0.103494461,1,0.28,3.51E-04,3.454135218,3.454135218,0.013724067
TCP1-K199,TCP1,-0.17435,0.492257742,0.307807445,-0.307807445,0.969594397,0.325,3.07E-04,3.512177067,3.512177067,0.012601317
TCP1-K365,TCP1,0.008,0.761904762,0.118099312,0.118099312,1,0.325,3.07E-04,3.512177067,3.512177067,0.012601317
TCP1-K400,TCP1,0.243,0.148676002,0.827759126,0.827759126,0.831563929,0.325,3.07E-04,3.512177067,3.512177067,0.012601317
TCP1-K538,TCP1,0.0215,0.795635486,0.099285855,0.099285855,1,0.325,3.07E-04,3.512177067,3.512177067,0.012601317
TECR-K75,TECR,0.1835,0.739493513,0.131065631,0.131065631,1,0.115,0.031609427,1.500183374,1.500183374,0.16786993
TENT4B-K684,TENT4B,0.05115,0.885714286,0.052706351,0.052706351,1,0.215,0.015215973,1.817700268,1.817700268,0.112233928
TERF2-K297,TERF2,0.067975,0.767875849,0.114708992,0.114708992,1,0.05,0.531665674,0.274361378,0.274361378,0.752743395
TERF2-K452,TERF2,-0.2597,0.662337662,0.178920549,-0.178920549,1,0.05,0.531665674,0.274361378,0.274361378,0.752743395
TERF2IP-K251,TERF2IP,0.4824,0.111111111,0.954242509,0.954242509,0.776434795,-0.185,0.035733948,1.446919,-1.446919,0.180210536
TES-K193,TES,0.0931,0.55014525,0.259522633,0.259522633,0.990305907,-0.13,0.459508128,0.337706802,-0.337706802,0.704954998
TES-K225,TES,0.1605,0.657592598,0.182043084,0.182043084,1,-0.13,0.459508128,0.337706802,-0.337706802,0.704954998
TES-K240,TES,-0.053445,1,0,0,1,-0.13,0.459508128,0.337706802,-0.337706802,0.704954998
TES-K244,TES,-0.28578,0.137728938,0.860974802,-0.860974802,0.814916032,-0.13,0.459508128,0.337706802,-0.337706802,0.704954998
TES-K286,TES,-0.3876,0.081255533,1.090147057,-1.090147057,0.757639694,-0.13,0.459508128,0.337706802,-0.337706802,0.704954998
TES-K298,TES,-0.061675,0.764841017,0.11642883,-0.11642883,1,-0.13,0.459508128,0.337706802,-0.337706802,0.704954998
TET2-K53,TET2,0.355,0.378489799,0.421945821,0.421945821,0.945030662,-0.075,0.687644861,0.162635798,-0.162635798,0.84981535
TEX10-K392,TEX10,-0.318,0.662337662,0.178920549,-0.178920549,1,0.115,0.185062295,0.732682055,0.732682055,0.439332381
TF-K121,TF,-0.12,0.606393606,0.217245386,-0.217245386,1,-0.385,0.702336274,0.153454901,-0.153454901,0.858238713
TF-K215,TF,-0.04,0.871081387,0.059941266,-0.059941266,1,-0.385,0.702336274,0.153454901,-0.153454901,0.858238713
TF-K225,TF,-0.018,0.949461731,0.022522535,-0.022522535,1,-0.385,0.702336274,0.153454901,-0.153454901,0.858238713
TF-K258,TF,-0.09,0.498554101,0.302287707,-0.302287707,0.971766598,-0.385,0.702336274,0.153454901,-0.153454901,0.858238713
TF-K315,TF,-0.1765,0.463259236,0.334175914,-0.334175914,0.967568225,-0.385,0.702336274,0.153454901,-0.153454901,0.858238713
TF-K323,TF,-0.03155,0.891812186,0.049726598,-0.049726598,1,-0.385,0.702336274,0.153454901,-0.153454901,0.858238713
TF-K359,TF,0.215,0.8676814,0.061639712,0.061639712,1,-0.385,0.702336274,0.153454901,-0.153454901,0.858238713
TF-K452,TF,-0.068,0.548739496,0.26063378,-0.26063378,0.989395087,-0.385,0.702336274,0.153454901,-0.153454901,0.858238713
TF-K46,TF,0.31258,0.250580005,0.601053587,0.601053587,0.894491593,-0.385,0.702336274,0.153454901,-0.153454901,0.858238713
TF-K464,TF,-0.11375,0.279138923,0.554179602,-0.554179602,0.909244101,-0.385,0.702336274,0.153454901,-0.153454901,0.858238713
TF-K508,TF,0.098,0.867480186,0.061740436,0.061740436,1,-0.385,0.702336274,0.153454901,-0.153454901,0.858238713
TF-K515,TF,0.4261,0.404061495,0.393552534,0.393552534,0.956240488,-0.385,0.702336274,0.153454901,-0.153454901,0.858238713
TF-K553,TF,-0.21464,0.577658644,0.238328723,-0.238328723,0.998032586,-0.385,0.702336274,0.153454901,-0.153454901,0.858238713
TF-K571,TF,-0.036,0.845498835,0.072886987,-0.072886987,1,-0.385,0.702336274,0.153454901,-0.153454901,0.858238713
TF-K576,TF,0.4332233,0.476086759,0.322313897,0.322313897,0.967568225,-0.385,0.702336274,0.153454901,-0.153454901,0.858238713
TF-K588,TF,0.426365,0.520879121,0.283263051,0.283263051,0.982124714,-0.385,0.702336274,0.153454901,-0.153454901,0.858238713
TF-K60,TF,0.046,0.247258434,0.606848887,0.606848887,0.892241579,-0.385,0.702336274,0.153454901,-0.153454901,0.858238713
TF-K612,TF,-0.0405,0.924538257,0.034075113,-0.034075113,1,-0.385,0.702336274,0.153454901,-0.153454901,0.858238713
TF-K618,TF,-0.08935,0.419723227,0.377036997,-0.377036997,0.961484712,-0.385,0.702336274,0.153454901,-0.153454901,0.858238713
TF-K659,TF,-0.03255,0.762089599,0.117993965,-0.117993965,1,-0.385,0.702336274,0.153454901,-0.153454901,0.858238713
TF-K668,TF,-0.11915,0.986950105,0.005704803,-0.005704803,1,-0.385,0.702336274,0.153454901,-0.153454901,0.858238713
TF-K676,TF,0.08245,0.333464505,0.476950387,0.476950387,0.930954294,-0.385,0.702336274,0.153454901,-0.153454901,0.858238713
TFE3-K561,TFE3,0.0275,0.776331086,0.109953023,0.109953023,1,-0.045,0.815513292,0.088568956,-0.088568956,0.918572401
TFIP11-K155,TFIP11,0.1065,0.404060529,0.393553572,0.393553572,0.956240488,0.055,0.101288297,0.994440729,0.994440729,0.319325789
TFIP11-K308,TFIP11,0.033,0.408785118,0.388504924,0.388504924,0.956240488,0.055,0.101288297,0.994440729,0.994440729,0.319325789
TFIP11-K86,TFIP11,0.4119,0.541058529,0.266755753,0.266755753,0.986280811,0.055,0.101288297,0.994440729,0.994440729,0.319325789
TGFB1I1-K65,TGFB1I1,0.0405,0.759779118,0.119312647,0.119312647,1,-0.125,0.574899261,0.24040825,-0.24040825,0.780398969
TGFBI-K447,TGFBI,0.096,0.494769914,0.305596717,0.305596717,0.969644025,-0.09,0.404371145,0.393219843,-0.393219843,0.660457421
TGFBI-K53,TGFBI,0.1169,0.502548236,0.298822247,0.298822247,0.972539701,-0.09,0.404371145,0.393219843,-0.393219843,0.660457421
TGFBI-K596,TGFBI,-0.00885,0.359934183,0.443776906,-0.443776906,0.936845827,-0.09,0.404371145,0.393219843,-0.393219843,0.660457421
TGFBI-K90,TGFBI,-0.097745,0.385972935,0.413443147,-0.413443147,0.949185895,-0.09,0.404371145,0.393219843,-0.393219843,0.660457421
TGM2-K205,TGM2,0.224,0.215843716,0.665860591,0.665860591,0.874300916,-0.15,0.687660391,0.16262599,-0.16262599,0.84981535
TGM2-K265,TGM2,-0.01355,0.967956656,0.014144089,-0.014144089,1,-0.15,0.687660391,0.16262599,-0.16262599,0.84981535
TGM2-K590,TGM2,0.036,0.821294894,0.085500877,0.085500877,1,-0.15,0.687660391,0.16262599,-0.16262599,0.84981535
TGM2-K649,TGM2,0.2586,0.583333333,0.234083206,0.234083206,1,-0.15,0.687660391,0.16262599,-0.16262599,0.84981535
THEM4-K207,THEM4,-0.21725,0.588744589,0.230073072,-0.230073072,1,-0.21,0.811692043,0.090608712,-0.090608712,0.916155221
THG1L-K263,THG1L,0.85725,0.044786099,1.348856765,1.348856765,0.645398033,-0.21,0.190059691,0.721109981,-0.721109981,0.444871128
THG1L-K68,THG1L,-0.20145,0.485714286,0.313619123,-0.313619123,0.967568225,-0.21,0.190059691,0.721109981,-0.721109981,0.444871128
THNSL1-K281,THNSL1,-0.2363,0.50643585,0.295475559,-0.295475559,0.97328394,-0.065,0.210998088,0.67572148,-0.67572148,0.472246388
THOC5-K24,THOC5,0.0565,0.18008978,0.744510932,0.744510932,0.859405482,0.095,0.266194745,0.574800523,0.574800523,0.536310032
THOC7-K36,THOC7,0.0303775,0.569776449,0.244295506,0.244295506,0.993833698,0.02,0.716999527,0.144481131,0.144481131,0.865792125
THOP1-K257,THOP1,-0.0521,0.820623388,0.08585611,-0.08585611,1,0.505,3.06E-05,4.514829729,4.514829729,0.003885681
THRAP3-K221,THRAP3,0.3401,0.773701739,0.111426427,0.111426427,1,0.115,0.008135657,2.089607344,2.089607344,0.07892487
THRAP3-K252,THRAP3,0.097145,0.940229291,0.026766223,0.026766223,1,0.115,0.008135657,2.089607344,2.089607344,0.07892487
THRAP3-K319,THRAP3,0.24269,0.493407847,0.306793948,0.306793948,0.969644025,0.115,0.008135657,2.089607344,2.089607344,0.07892487
THRAP3-K346,THRAP3,1.0541255,0.467825077,0.329916502,0.329916502,0.967568225,0.115,0.008135657,2.089607344,2.089607344,0.07892487
THRAP3-K387,THRAP3,0.0233,0.407699662,0.389659648,0.389659648,0.956240488,0.115,0.008135657,2.089607344,2.089607344,0.07892487
THRAP3-K401,THRAP3,0.002175,0.961143997,0.017211542,0.017211542,1,0.115,0.008135657,2.089607344,2.089607344,0.07892487
THRAP3-K467,THRAP3,-0.3095,0.685714286,0.163856803,-0.163856803,1,0.115,0.008135657,2.089607344,2.089607344,0.07892487
THRAP3-K470,THRAP3,0.2252,0.037864918,1.421762981,1.421762981,0.626131724,0.115,0.008135657,2.089607344,2.089607344,0.07892487
THRAP3-K519,THRAP3,0.0202,0.472668096,0.325443711,0.325443711,0.967568225,0.115,0.008135657,2.089607344,2.089607344,0.07892487
THRAP3-K527,THRAP3,0.3044,0.01698427,1.769953106,1.769953106,0.523057233,0.115,0.008135657,2.089607344,2.089607344,0.07892487
THRAP3-K558,THRAP3,-0.07555,0.532758191,0.273469865,-0.273469865,0.984176452,0.115,0.008135657,2.089607344,2.089607344,0.07892487
THRAP3-K602,THRAP3,-0.19815,0.443327128,0.353275693,-0.353275693,0.961720515,0.115,0.008135657,2.089607344,2.089607344,0.07892487
THRAP3-K668,THRAP3,0.265,0.019716597,1.705168037,1.705168037,0.550225095,0.115,0.008135657,2.089607344,2.089607344,0.07892487
THRAP3-K811,THRAP3,0.42575,0.009144382,2.03884565,2.03884565,0.458394796,0.115,0.008135657,2.089607344,2.089607344,0.07892487
THSD4-K724,THSD4,-2.725,0.062510758,1.204045234,-1.204045234,0.709783531,-2.59,1.79E-04,3.747378697,-3.747378697,0.00947349
THUMPD1-K201,THUMPD1,-0.06345,0.685714286,0.163856803,-0.163856803,1,-0.02,0.869876155,0.060542574,-0.060542574,0.943517914
THUMPD1-K26,THUMPD1,0.2747,0.134803922,0.870297474,0.870297474,0.812761101,-0.02,0.869876155,0.060542574,-0.060542574,0.943517914
THUMPD1-K285,THUMPD1,0.3554025,0.163142967,0.787431645,0.787431645,0.848347798,-0.02,0.869876155,0.060542574,-0.060542574,0.943517914
THUMPD1-K288,THUMPD1,-0.02105,0.936977807,0.028270695,-0.028270695,1,-0.02,0.869876155,0.060542574,-0.060542574,0.943517914
THUMPD1-K294,THUMPD1,0.121,0.243760934,0.613035895,0.613035895,0.890318598,-0.02,0.869876155,0.060542574,-0.060542574,0.943517914
THYN1-K16,THYN1,-0.062925,0.61466693,0.211360152,-0.211360152,1,0.03,0.468617465,0.32918153,0.32918153,0.712830477
THYN1-K42,THYN1,-0.1344,0.702343125,0.153450665,-0.153450665,1,0.03,0.468617465,0.32918153,0.32918153,0.712830477
TIMP3-K68,TIMP3,-0.48215,0.384487878,0.415117348,-0.415117348,0.9476637,-0.785,0.034071793,1.467605017,-1.467605017,0.175272968
TJP1-K622,TJP1,0.05065,0.370962371,0.430670141,0.430670141,0.938794148,-0.195,0.013072174,1.883652189,-1.883652189,0.103359082
TKFC-K372,TKFC,0.049,0.640889127,0.193217096,0.193217096,1,0.33,5.51E-04,3.258948333,3.258948333,0.01780714
TKT-K11,TKT,-0.277975,0.015586518,1.807250883,-1.807250883,0.513266137,0.275,0.166125024,0.779564944,0.779564944,0.415790394
TKT-K16,TKT,0.01015,0.3902905,0.408612019,0.408612019,0.95271608,0.275,0.166125024,0.779564944,0.779564944,0.415790394
TKT-K212,TKT,-0.22632,0.03917118,1.407033349,-1.407033349,0.631372573,0.275,0.166125024,0.779564944,0.779564944,0.415790394
TKT-K240,TKT,-0.26935,0.119146983,0.923916952,-0.923916952,0.790334144,0.275,0.166125024,0.779564944,0.779564944,0.415790394
TKT-K249,TKT,-0.15527,0.469745456,0.328137412,-0.328137412,0.967568225,0.275,0.166125024,0.779564944,0.779564944,0.415790394
TKT-K262,TKT,-0.10255,0.530434783,0.275368005,-0.275368005,0.983510626,0.275,0.166125024,0.779564944,0.779564944,0.415790394
TKT-K268,TKT,-0.15685,0.507564911,0.294508409,-0.294508409,0.974580176,0.275,0.166125024,0.779564944,0.779564944,0.415790394
TKT-K289,TKT,0.0014,0.388732813,0.410348799,0.410348799,0.951229736,0.275,0.166125024,0.779564944,0.779564944,0.415790394
TKT-K318,TKT,-0.07315,0.57587225,0.239673848,-0.239673848,0.996102743,0.275,0.166125024,0.779564944,0.779564944,0.415790394
TKT-K322,TKT,-0.10195,0.133286574,0.875213594,-0.875213594,0.809164535,0.275,0.166125024,0.779564944,0.779564944,0.415790394
TKT-K360,TKT,-0.1782,0.316323065,0.49986914,-0.49986914,0.920825313,0.275,0.166125024,0.779564944,0.779564944,0.415790394
TKT-K464,TKT,-0.3708,0.797202797,0.098431186,-0.098431186,1,0.275,0.166125024,0.779564944,0.779564944,0.415790394
TKT-K59,TKT,-0.2022,0.29120268,0.535804633,-0.535804633,0.913163721,0.275,0.166125024,0.779564944,0.779564944,0.415790394
TKT-K6,TKT,-0.363725,0.021783948,1.661863405,-1.661863405,0.553711116,0.275,0.166125024,0.779564944,0.779564944,0.415790394
TLE1-K235,TLE1,0.0789,0.764841017,0.11642883,0.11642883,1,0.33,0.059937719,1.222299786,1.222299786,0.238306443
TLE1-K285,TLE1,0.104,0.25131913,0.599774453,0.599774453,0.894863451,0.33,0.059937719,1.222299786,1.222299786,0.238306443
TLE1-K310,TLE1,0.178,0.26219129,0.58138174,0.58138174,0.899293861,0.33,0.059937719,1.222299786,1.222299786,0.238306443
TLE1-K353,TLE1,0.2074,0.096843401,1.013929968,1.013929968,0.776434795,0.33,0.059937719,1.222299786,1.222299786,0.238306443
TLE3-K225,TLE3,0.1069,0.50070375,0.300419156,0.300419156,0.971994014,-0.16,0.585077026,0.232786955,-0.232786955,0.787106408
TLE3-K232,TLE3,0.093,0.48750203,0.312023572,0.312023572,0.968929268,-0.16,0.585077026,0.232786955,-0.232786955,0.787106408
TLE3-K300,TLE3,0.313,0.97051246,0.012998885,0.012998885,1,-0.16,0.585077026,0.232786955,-0.232786955,0.787106408
TLE3-K309,TLE3,0.071,0.551047252,0.258811159,0.258811159,0.990319758,-0.16,0.585077026,0.232786955,-0.232786955,0.787106408
TLE4-K237,TLE4,-0.611,0.016087218,1.793519042,-1.793519042,0.513483788,-0.495,0.016521949,1.781938718,-1.781938718,0.117353873
TLE4-K281,TLE4,-0.2708,0.584395006,0.233293504,-0.233293504,1,-0.495,0.016521949,1.781938718,-1.781938718,0.117353873
TLK1-K137,TLK1,0.719,0.547619048,0.261521454,0.261521454,0.989395087,0.135,0.815525656,0.088562372,0.088562372,0.918572401
TLN1-K1005,TLN1,-0.5455,0.078991597,1.102419108,-1.102419108,0.755262977,0.085,0.644340605,0.1908845,0.1908845,0.823883704
TLN1-K1068,TLN1,0.0626,0.818181818,0.087150176,0.087150176,1,0.085,0.644340605,0.1908845,0.1908845,0.823883704
TLN1-K1522,TLN1,-0.399,0.591875623,0.227769546,-0.227769546,1,0.085,0.644340605,0.1908845,0.1908845,0.823883704
TLN1-K1645,TLN1,0.143,0.742635887,0.129224068,0.129224068,1,0.085,0.644340605,0.1908845,0.1908845,0.823883704
TLN1-K1947,TLN1,0.1075,0.711152356,0.148037347,0.148037347,1,0.085,0.644340605,0.1908845,0.1908845,0.823883704
TLN1-K2021,TLN1,0.3292,0.083037632,1.080725045,1.080725045,0.762793224,0.085,0.644340605,0.1908845,0.1908845,0.823883704
TLN1-K2024,TLN1,-0.0198,0.974966892,0.011010132,-0.011010132,1,0.085,0.644340605,0.1908845,0.1908845,0.823883704
TLN1-K2099,TLN1,-0.2795,0.052109805,1.283080551,-1.283080551,0.67940945,0.085,0.644340605,0.1908845,0.1908845,0.823883704
TLN1-K2115,TLN1,0.0814,0.622180451,0.206083639,0.206083639,1,0.085,0.644340605,0.1908845,0.1908845,0.823883704
TLN1-K2274,TLN1,0.052,0.591027525,0.228392293,0.228392293,1,0.085,0.644340605,0.1908845,0.1908845,0.823883704
TLN1-K2361,TLN1,-0.06538,0.635832943,0.196656975,-0.196656975,1,0.085,0.644340605,0.1908845,0.1908845,0.823883704
TLN1-K2454,TLN1,0.21825,0.719104947,0.143207724,0.143207724,1,0.085,0.644340605,0.1908845,0.1908845,0.823883704
TLN1-K284,TLN1,0.116754,0.686854531,0.163135232,0.163135232,1,0.085,0.644340605,0.1908845,0.1908845,0.823883704
TLN1-K357,TLN1,0.291,0.293458307,0.532453593,0.532453593,0.915329065,0.085,0.644340605,0.1908845,0.1908845,0.823883704
TLN1-K910,TLN1,0.3498,0.125481315,0.901420938,0.901420938,0.8008761,0.085,0.644340605,0.1908845,0.1908845,0.823883704
TLN2-K1948,TLN2,0.36994,0.761904762,0.118099312,0.118099312,1,0.11,0.80785678,0.092665626,0.092665626,0.914013628
TM9SF2-K132,TM9SF2,0.03315,0.597587342,0.22359861,0.22359861,1,-0.01,0.881616503,0.054720289,-0.054720289,0.94938043
TMA7-K13,TMA7,0.2515,0.840385277,0.075521565,0.075521565,1,0.115,0.038454063,1.415057766,1.415057766,0.188027706
TMA7-K27,TMA7,0.3708,0.051282051,1.290034611,1.290034611,0.67940945,0.115,0.038454063,1.415057766,1.415057766,0.188027706
TMED1-K104,TMED1,0.382754,0.444169247,0.352451514,0.352451514,0.961720515,-0.035,0.827116241,0.082433451,-0.082433451,0.924544113
TMEM245-K541,TMEM245,0.47845,0.342857143,0.464886798,0.464886798,0.930954294,-0.13,0.147208961,0.832065753,-0.832065753,0.38874989
TMLHE-K105,TMLHE,-0.51822,0.33006993,0.481394039,-0.481394039,0.930954294,0.055,0.338055772,0.471011645,0.471011645,0.606008927
TMLHE-K142,TMLHE,0.0726,1,0,0,1,0.055,0.338055772,0.471011645,0.471011645,0.606008927
TMLHE-K236,TMLHE,0.166,0.810775285,0.091099499,0.091099499,1,0.055,0.338055772,0.471011645,0.471011645,0.606008927
TMSB10-K15,TMSB10,0.052625,0.029349045,1.53240603,1.53240603,0.591058584,-0.11,0.893398002,0.048955023,-0.048955023,0.954711217
TMSB10-K26,TMSB10,0.33425,0.647215878,0.188950837,0.188950837,1,-0.11,0.893398002,0.048955023,-0.048955023,0.954711217
TMSB10-K39,TMSB10,0.162,0.163353633,0.786871201,0.786871201,0.848347798,-0.11,0.893398002,0.048955023,-0.048955023,0.954711217
TMSB10-K4,TMSB10,0.13525,0.122715524,0.911100493,0.911100493,0.798193585,-0.11,0.893398002,0.048955023,-0.048955023,0.954711217
TMSB4X-K12,TMSB4X,0.171855,0.140479045,0.852388453,0.852388453,0.818838821,0.035,0.713409508,0.146661107,0.146661107,0.86374531
TMSB4X-K20,TMSB4X,0.00525,0.832944833,0.079383762,0.079383762,1,0.035,0.713409508,0.146661107,0.146661107,0.86374531
TMSB4X-K26,TMSB4X,0.215495,0.44469255,0.351940146,0.351940146,0.961720515,0.035,0.713409508,0.146661107,0.146661107,0.86374531
TMSB4X-K32,TMSB4X,-0.0122,0.836051325,0.07776706,-0.07776706,1,0.035,0.713409508,0.146661107,0.146661107,0.86374531
TMSB4X-K39,TMSB4X,-0.00405,0.485450963,0.313854633,-0.313854633,0.967568225,0.035,0.713409508,0.146661107,0.146661107,0.86374531
TMSB4X-K4,TMSB4X,0.19025,0.441741281,0.354832014,0.354832014,0.961720515,0.035,0.713409508,0.146661107,0.146661107,0.86374531
TNC-K1057,TNC,-0.1856,1,0,0,1,-0.16,0.353355954,0.451787586,-0.451787586,0.621455943
TNC-K1871,TNC,0.0585,0.885714286,0.052706351,0.052706351,1,-0.16,0.353355954,0.451787586,-0.451787586,0.621455943
TNC-K2089,TNC,0.066,0.605764457,0.217696213,0.217696213,1,-0.16,0.353355954,0.451787586,-0.451787586,0.621455943
TNC-K2096,TNC,0.2167,0.648484848,0.188100167,0.188100167,1,-0.16,0.353355954,0.451787586,-0.451787586,0.621455943
TNPO3-K563,TNPO3,-0.4735,0.499828001,0.301179417,-0.301179417,0.971766598,0.05,0.944590049,0.024756634,0.024756634,0.977664653
TNPO3-K594,TNPO3,-0.1835,0.045699425,1.340089265,-1.340089265,0.647485954,0.05,0.944590049,0.024756634,0.024756634,0.977664653
TNS1-K1389,TNS1,1.0102,0.965400612,0.01529243,0.01529243,1,-0.395,0.009577047,2.0187684,-2.0187684,0.086690991
TNXB-K1407,TNXB,0.014,0.750464396,0.124669907,0.124669907,1,-1.055,0.012199779,1.913648049,-1.913648049,0.099465031
TNXB-K1437,TNXB,0.04583,1,0,0,1,-1.055,0.012199779,1.913648049,-1.913648049,0.099465031
TOMM70-K470,TOMM70,-0.0614,0.526835897,0.278324641,-0.278324641,0.982788878,0.01,0.913038236,0.039511035,0.039511035,0.964007664
TOP1-K101,TOP1,0.2938,0.384726522,0.414847873,0.414847873,0.9476637,0.28,0.002807904,2.551617684,2.551617684,0.044398623
TOP1-K148,TOP1,0.2108,0.606993007,0.216816312,0.216816312,1,0.28,0.002807904,2.551617684,2.551617684,0.044398623
TOP1-K172,TOP1,0.2019,0.059299305,1.226950394,1.226950394,0.698068054,0.28,0.002807904,2.551617684,2.551617684,0.044398623
TOP1-K216,TOP1,0.15785,0.30952381,0.509305938,0.509305938,0.920825313,0.28,0.002807904,2.551617684,2.551617684,0.044398623
TOP1-K673,TOP1,0.29575,0.077194454,1.1124139,1.1124139,0.744163019,0.28,0.002807904,2.551617684,2.551617684,0.044398623
TOP2A-K1422,TOP2A,0.62595,0.014890772,1.827082784,1.827082784,0.506519998,0.745,1.88E-05,4.724877505,4.724877505,0.003142972
TOP2A-K1433,TOP2A,0.48705,0.0231065,1.636265841,1.636265841,0.562122244,0.745,1.88E-05,4.724877505,4.724877505,0.003142972
TOP2B-K1214,TOP2B,0.071825,0.875261108,0.057862369,0.057862369,1,0.17,0.15281746,0.815827022,0.815827022,0.396898917
TOP2B-K1323,TOP2B,-0.016,0.984456336,0.006803541,-0.006803541,1,0.17,0.15281746,0.815827022,0.815827022,0.396898917
TOP2B-K1327,TOP2B,0.1945,0.200404133,0.698093325,0.698093325,0.859405482,0.17,0.15281746,0.815827022,0.815827022,0.396898917
TOP2B-K1427,TOP2B,0.08365,0.447650269,0.34906115,0.34906115,0.961720515,0.17,0.15281746,0.815827022,0.815827022,0.396898917
TOP2B-K1434,TOP2B,-0.022,0.794635336,0.099832127,-0.099832127,1,0.17,0.15281746,0.815827022,0.815827022,0.396898917
TOP2B-K1486,TOP2B,-0.0375,0.527148602,0.278066941,-0.278066941,0.982788878,0.17,0.15281746,0.815827022,0.815827022,0.396898917
TOP2B-K1490,TOP2B,-0.0142,0.657080664,0.182381312,-0.182381312,1,0.17,0.15281746,0.815827022,0.815827022,0.396898917
TOP2B-K208,TOP2B,0.26,0.148251748,0.829000177,0.829000177,0.831563929,0.17,0.15281746,0.815827022,0.815827022,0.396898917
TOP2B-K282,TOP2B,0.22325,0.685714286,0.163856803,0.163856803,1,0.17,0.15281746,0.815827022,0.815827022,0.396898917
TOP2B-K34,TOP2B,0.3495,0.114285714,0.942008053,0.942008053,0.776434795,0.17,0.15281746,0.815827022,0.815827022,0.396898917
TOP2B-K42,TOP2B,-0.076975,0.932761886,0.030229208,-0.030229208,1,0.17,0.15281746,0.815827022,0.815827022,0.396898917
TOP2B-K452,TOP2B,-0.145,0.445884224,0.350777893,-0.350777893,0.961720515,0.17,0.15281746,0.815827022,0.815827022,0.396898917
TOX4-K207,TOX4,0.0772,0.340643273,0.467700183,0.467700183,0.930954294,-0.09,0.031521876,1.501387943,-1.501387943,0.16786993
TP53-K305,TP53,-0.169205,0.904761905,0.043465694,-0.043465694,1,0.305,0.013074085,1.883588689,1.883588689,0.103359082
TP53BP1-K1365,TP53BP1,-0.1997,0.387593583,0.411623422,-0.411623422,0.950011308,-0.07,0.281332082,0.55078074,-0.55078074,0.551612866
TP53BP1-K1631,TP53BP1,-0.1575965,0.260052518,0.584938936,-0.584938936,0.899293861,-0.07,0.281332082,0.55078074,-0.55078074,0.551612866
TP53BP1-K1672,TP53BP1,0.0099,0.452757846,0.344134015,0.344134015,0.966193174,-0.07,0.281332082,0.55078074,-0.55078074,0.551612866
TP53I3-K176,TP53I3,-0.04655,0.942012508,0.025943331,-0.025943331,1,-0.31,0.186738793,0.728765453,-0.728765453,0.440502556
TP53I3-K183,TP53I3,0.3277,0.688820089,0.161894195,0.161894195,1,-0.31,0.186738793,0.728765453,-0.728765453,0.440502556
TP53I3-K193,TP53I3,-0.26188,0.040185356,1.395932183,-1.395932183,0.631372573,-0.31,0.186738793,0.728765453,-0.728765453,0.440502556
TP53I3-K321,TP53I3,0.0135,0.657592598,0.182043084,0.182043084,1,-0.31,0.186738793,0.728765453,-0.728765453,0.440502556
TPD52L2-K127,TPD52L2,0.14235,0.683516484,0.165251008,0.165251008,1,0.11,0.065535143,1.183525746,1.183525746,0.250546306
TPD52L2-K221,TPD52L2,0.032525,0.864849872,0.063059275,0.063059275,1,0.11,0.065535143,1.183525746,1.183525746,0.250546306
TPD52L2-K78,TPD52L2,-0.48255,0.42096829,0.375750617,-0.375750617,0.961720515,0.11,0.065535143,1.183525746,1.183525746,0.250546306
TPI1-K106,TPI1,-0.051375,0.558126039,0.253267715,-0.253267715,0.990772801,0.465,0.006147868,2.211275493,2.211275493,0.067881185
TPI1-K122,TPI1,-0.05545,0.232224323,0.634092294,-0.634092294,0.879057947,0.465,0.006147868,2.211275493,2.211275493,0.067881185
TPI1-K168,TPI1,0.05305,0.408176317,0.389152197,0.389152197,0.956240488,0.465,0.006147868,2.211275493,2.211275493,0.067881185
TPI1-K179,TPI1,0.114949,0.6466503,0.189330517,0.189330517,1,0.465,0.006147868,2.211275493,2.211275493,0.067881185
TPI1-K186,TPI1,-0.1218,0.772535009,0.11208183,-0.11208183,1,0.465,0.006147868,2.211275493,2.211275493,0.067881185
TPI1-K193,TPI1,-0.0154,0.76436973,0.11669652,-0.11669652,1,0.465,0.006147868,2.211275493,2.211275493,0.067881185
TPI1-K212,TPI1,0.0105,0.477892001,0.320670239,0.320670239,0.967568225,0.465,0.006147868,2.211275493,2.211275493,0.067881185
TPI1-K225,TPI1,-0.06025,0.75076435,0.124496358,-0.124496358,1,0.465,0.006147868,2.211275493,2.211275493,0.067881185
TPI1-K231,TPI1,0.1021,0.712802988,0.147030488,0.147030488,1,0.465,0.006147868,2.211275493,2.211275493,0.067881185
TPI1-K275,TPI1,-0.15425,0.899011252,0.046234873,-0.046234873,1,0.465,0.006147868,2.211275493,2.211275493,0.067881185
TPI1-K43,TPI1,0.0133,0.984161536,0.006933613,0.006933613,1,0.465,0.006147868,2.211275493,2.211275493,0.067881185
TPI1-K51,TPI1,-0.07195,0.754536139,0.122319955,-0.122319955,1,0.465,0.006147868,2.211275493,2.211275493,0.067881185
TPM1-K140,TPM1,-0.336,0.263653957,0.578965706,-0.578965706,0.899293861,0.045,0.830997654,0.080400203,0.080400203,0.926501091
TPM1-K149,TPM1,-0.069075,0.647687298,0.18863462,-0.18863462,1,0.045,0.830997654,0.080400203,0.080400203,0.926501091
TPM1-K15,TPM1,-0.37545,0.094697532,1.023661339,-1.023661339,0.776434795,0.045,0.830997654,0.080400203,0.080400203,0.926501091
TPM1-K161,TPM1,-0.308725,0.192854636,0.714769917,-0.714769917,0.859405482,0.045,0.830997654,0.080400203,0.080400203,0.926501091
TPM1-K168,TPM1,-0.387,0.259148923,0.586450592,-0.586450592,0.89910915,0.045,0.830997654,0.080400203,0.080400203,0.926501091
TPM1-K213,TPM1,-0.062,0.767898768,0.114696029,-0.114696029,1,0.045,0.830997654,0.080400203,0.080400203,0.926501091
TPM1-K217,TPM1,-0.419775,0.071450775,1.145993054,-1.145993054,0.735103698,0.045,0.830997654,0.080400203,0.080400203,0.926501091
TPM1-K226,TPM1,-0.678,0.606468531,0.217191729,-0.217191729,1,0.045,0.830997654,0.080400203,0.080400203,0.926501091
TPM1-K29,TPM1,-0.149,0.298779723,0.52464888,-0.52464888,0.918222724,0.045,0.830997654,0.080400203,0.080400203,0.926501091
TPM1-K48,TPM1,0.033,0.660862998,0.179888564,0.179888564,1,0.045,0.830997654,0.080400203,0.080400203,0.926501091
TPM2-K149,TPM2,-0.07166475,0.975696079,0.01068544,-0.01068544,1,-0.14,0.18677117,0.72869016,-0.72869016,0.440502556
TPM2-K161,TPM2,5.00E-04,0.73015873,0.136582718,0.136582718,1,-0.14,0.18677117,0.72869016,-0.72869016,0.440502556
TPM2-K226,TPM2,-0.361,0.262982886,0.580072513,-0.580072513,0.899293861,-0.14,0.18677117,0.72869016,-0.72869016,0.440502556
TPM2-K48,TPM2,-0.26755,0.223613717,0.65050156,-0.65050156,0.875912177,-0.14,0.18677117,0.72869016,-0.72869016,0.440502556
TPM2-K51,TPM2,0.2085,0.756485415,0.121199441,0.121199441,1,-0.14,0.18677117,0.72869016,-0.72869016,0.440502556
TPM2-K59,TPM2,-0.03985,0.410218002,0.386985285,-0.386985285,0.956240488,-0.14,0.18677117,0.72869016,-0.72869016,0.440502556
TPM2-K70,TPM2,0.085,0.733725072,0.13446664,0.13446664,1,-0.14,0.18677117,0.72869016,-0.72869016,0.440502556
TPM3-K141,TPM3,-0.336,0.263653957,0.578965706,-0.578965706,0.899293861,0.125,0.135131908,0.869242092,0.869242092,0.371498723
TPM3-K150,TPM3,-0.069075,0.647687298,0.18863462,-0.18863462,1,0.125,0.135131908,0.869242092,0.869242092,0.371498723
TPM3-K218,TPM3,0.19725,0.25631669,0.591223114,0.591223114,0.896059652,0.125,0.135131908,0.869242092,0.869242092,0.371498723
TPM3-K221,TPM3,-0.104,1,0,0,1,0.125,0.135131908,0.869242092,0.869242092,0.371498723
TPM3-K227,TPM3,0.33995,0.542321372,0.26574328,0.26574328,0.986654267,0.125,0.135131908,0.869242092,0.869242092,0.371498723
TPM4-K149,TPM4,-0.07166475,0.975696079,0.01068544,-0.01068544,1,-0.275,0.150029543,0.823823213,-0.823823213,0.392700677
TPM4-K15,TPM4,-0.3495,0.125439932,0.901564188,-0.901564188,0.8008761,-0.275,0.150029543,0.823823213,-0.823823213,0.392700677
TPM4-K168,TPM4,-0.43,0.252359305,0.597980677,-0.597980677,0.896059652,-0.275,0.150029543,0.823823213,-0.823823213,0.392700677
TPM4-K189,TPM4,0.0379,0.771064579,0.112909247,0.112909247,1,-0.275,0.150029543,0.823823213,-0.823823213,0.392700677
TPM4-K205,TPM4,-0.04805,0.382603801,0.41725072,-0.41725072,0.94739124,-0.275,0.150029543,0.823823213,-0.823823213,0.392700677
TPM4-K213,TPM4,-0.1781,0.117026393,0.931716182,-0.931716182,0.78600476,-0.275,0.150029543,0.823823213,-0.823823213,0.392700677
TPM4-K217,TPM4,-0.030625,0.397717101,0.400425735,-0.400425735,0.956240488,-0.275,0.150029543,0.823823213,-0.823823213,0.392700677
TPM4-K251,TPM4,-0.0844,0.790301643,0.102207115,-0.102207115,1,-0.275,0.150029543,0.823823213,-0.823823213,0.392700677
TPM4-K259,TPM4,-0.25225,0.331975219,0.478894334,-0.478894334,0.930954294,-0.275,0.150029543,0.823823213,-0.823823213,0.392700677
TPM4-K29,TPM4,-0.149,0.298779723,0.52464888,-0.52464888,0.918222724,-0.275,0.150029543,0.823823213,-0.823823213,0.392700677
TPM4-K35,TPM4,-0.477,0.39752404,0.400636603,-0.400636603,0.956240488,-0.275,0.150029543,0.823823213,-0.823823213,0.392700677
TPM4-K48,TPM4,-0.3165,0.220202776,0.657177211,-0.657177211,0.875622157,-0.275,0.150029543,0.823823213,-0.823823213,0.392700677
TPMT-K50,TPMT,0.0976,0.898101898,0.046674386,0.046674386,1,0.09,0.288095216,0.540463953,0.540463953,0.558708799
TPP1-K346,TPP1,0.11548,0.435120435,0.36139052,0.36139052,0.961720515,0.055,0.96041396,0.017541536,0.017541536,0.983920475
TPP2-K708,TPP2,0.14075,0.263486513,0.579241609,0.579241609,0.899293861,0.09,0.044382943,1.352783899,1.352783899,0.203928434
TPP2-K883,TPP2,0.1,0.131837481,0.879961104,0.879961104,0.808568104,0.09,0.044382943,1.352783899,1.352783899,0.203928434
TPP2-K990,TPP2,0.0768,0.858226018,0.066398323,0.066398323,1,0.09,0.044382943,1.352783899,1.352783899,0.203928434
TPPP3-K144,TPPP3,-0.7608,0.457107026,0.339982104,-0.339982104,0.966707499,-1.385,0.207450369,0.683085788,-0.683085788,0.467889899
TPPP3-K165,TPPP3,-0.1175,0.839237496,0.076115121,-0.076115121,1,-1.385,0.207450369,0.683085788,-0.683085788,0.467889899
TPPP3-K173,TPPP3,-0.8069,0.203248426,0.691972809,-0.691972809,0.862392657,-1.385,0.207450369,0.683085788,-0.683085788,0.467889899
TPPP3-K43,TPPP3,-2.307,0.53030303,0.275475891,-0.275475891,0.983510626,-1.385,0.207450369,0.683085788,-0.683085788,0.467889899
TPPP3-K76,TPPP3,-0.10055,0.170940171,0.767155866,-0.767155866,0.858569025,-1.385,0.207450369,0.683085788,-0.683085788,0.467889899
TPR-K1128,TPR,-0.01415,0.406344451,0.391105666,-0.391105666,0.956240488,0.25,0.33304569,0.477496183,0.477496183,0.601900436
TPR-K1144,TPR,-0.35235,0.118085911,0.927801915,-0.927801915,0.786730239,0.25,0.33304569,0.477496183,0.477496183,0.601900436
TPR-K1154,TPR,-0.2388,0.21874201,0.660067801,-0.660067801,0.875622157,0.25,0.33304569,0.477496183,0.477496183,0.601900436
TPR-K1549,TPR,0.0444,0.887853119,0.051658875,0.051658875,1,0.25,0.33304569,0.477496183,0.477496183,0.601900436
TPR-K16,TPR,-0.168795,0.173646326,0.7603344,-0.7603344,0.859405482,0.25,0.33304569,0.477496183,0.477496183,0.601900436
TPR-K1680,TPR,0.146505,0.220984629,0.655637934,0.655637934,0.875622157,0.25,0.33304569,0.477496183,0.477496183,0.601900436
TPR-K312,TPR,-0.1927,0.138680243,0.857985406,-0.857985406,0.816491565,0.25,0.33304569,0.477496183,0.477496183,0.601900436
TPR-K364,TPR,-0.2146,0.114285714,0.942008053,-0.942008053,0.776434795,0.25,0.33304569,0.477496183,0.477496183,0.601900436
TPR-K477,TPR,-0.3566,0.029902028,1.524299351,-1.524299351,0.593457358,0.25,0.33304569,0.477496183,0.477496183,0.601900436
TPR-K713,TPR,-0.0796,0.059975316,1.222027457,-1.222027457,0.698068054,0.25,0.33304569,0.477496183,0.477496183,0.601900436
TPR-K723,TPR,-0.18239,0.053298488,1.273285112,-1.273285112,0.67940945,0.25,0.33304569,0.477496183,0.477496183,0.601900436
TPR-K748,TPR,-0.19435,0.049953451,1.301434506,-1.301434506,0.674179455,0.25,0.33304569,0.477496183,0.477496183,0.601900436
TPR-K755,TPR,-0.259,0.023325256,1.632173577,-1.632173577,0.562122244,0.25,0.33304569,0.477496183,0.477496183,0.601900436
TPR-K854,TPR,-0.04314,0.709660719,0.148949233,-0.148949233,1,0.25,0.33304569,0.477496183,0.477496183,0.601900436
TPT1-K102,TPT1,0.220974,0.316803874,0.499209516,0.499209516,0.920825313,0,0.913046874,0.039506926,0,0.964007664
TPT1-K19,TPT1,0.16995,0.183239108,0.736981831,0.736981831,0.859405482,0,0.913046874,0.039506926,0,0.964007664
TPT1-K93,TPT1,0.11874,0.298245614,0.525425934,0.525425934,0.918222724,0,0.913046874,0.039506926,0,0.964007664
TRAP1-K109,TRAP1,0.0776865,0.885714286,0.052706351,0.052706351,1,0.27,0.002543893,2.594501238,2.594501238,0.041912359
TRAP1-K324,TRAP1,0.21465,0.920336492,0.036053358,0.036053358,1,0.27,0.002543893,2.594501238,2.594501238,0.041912359
TRAP1-K332,TRAP1,0.04025,0.531402994,0.274576003,0.274576003,0.984176452,0.27,0.002543893,2.594501238,2.594501238,0.041912359
TRAP1-K431,TRAP1,0.20816,0.112120437,0.950315216,0.950315216,0.776434795,0.27,0.002543893,2.594501238,2.594501238,0.041912359
TRAP1-K546,TRAP1,-0.2710245,0.685714286,0.163856803,-0.163856803,1,0.27,0.002543893,2.594501238,2.594501238,0.041912359
TRAPPC6B-K98,TRAPPC6B,0.1266155,0.342857143,0.464886798,0.464886798,0.930954294,-0.155,0.099375814,1.002719302,-1.002719302,0.316693185
TRDN-K217,TRDN,-0.1905,1,0,0,1,-0.38,0.369191513,0.432748291,-0.432748291,0.63080307
TRDN-K219,TRDN,-0.1905,1,0,0,1,-0.38,0.369191513,0.432748291,-0.432748291,0.63080307
TRDN-K220,TRDN,-0.1905,1,0,0,1,-0.38,0.369191513,0.432748291,-0.432748291,0.63080307
TRERF1-K1074,TRERF1,0.337,0.898101898,0.046674386,0.046674386,1,-0.44,0.09638314,1.015998927,-1.015998927,0.311448274
TRERF1-K653,TRERF1,-0.067,1,9.64E-17,-9.64E-17,1,-0.44,0.09638314,1.015998927,-1.015998927,0.311448274
TRIM2-K479,TRIM2,0.413,0.009455632,2.024309457,2.024309457,0.466840202,0.445,0.001622677,2.789767927,2.789767927,0.032523797
TRIM22-K102,TRIM22,-0.39775,0.124305759,0.90550875,-0.90550875,0.79922227,-0.735,0.001568905,2.804403346,-2.804403346,0.031784154
TRIM25-K349,TRIM25,-0.15713,0.588032506,0.230598666,-0.230598666,1,0.11,0.39047026,0.408412038,0.408412038,0.648995175
TRIM28-K188,TRIM28,0.0075,0.348293424,0.458054725,0.458054725,0.93437433,0.285,0.006145178,2.211465509,2.211465509,0.067881185
TRIM28-K199,TRIM28,0.183,0.331162181,0.479959265,0.479959265,0.930954294,0.285,0.006145178,2.211465509,2.211465509,0.067881185
TRIM28-K213,TRIM28,0.348,0.222757444,0.652167774,0.652167774,0.875622157,0.285,0.006145178,2.211465509,2.211465509,0.067881185
TRIM28-K289,TRIM28,0.2134373,0.081648088,1.088053983,1.088053983,0.758754874,0.285,0.006145178,2.211465509,2.211465509,0.067881185
TRIM28-K319,TRIM28,-0.20815,0.685714286,0.163856803,-0.163856803,1,0.285,0.006145178,2.211465509,2.211465509,0.067881185
TRIM28-K340,TRIM28,0.0036,0.60273675,0.219872328,0.219872328,1,0.285,0.006145178,2.211465509,2.211465509,0.067881185
TRIM28-K377,TRIM28,0.10926,0.139149752,0.856517562,0.856517562,0.816505519,0.285,0.006145178,2.211465509,2.211465509,0.067881185
TRIM28-K770,TRIM28,0.15165,0.041021105,1.386992647,1.386992647,0.631716774,0.285,0.006145178,2.211465509,2.211465509,0.067881185
TRIM28-K774,TRIM28,0.1439,0.111723581,0.951855155,0.951855155,0.776434795,0.285,0.006145178,2.211465509,2.211465509,0.067881185
TRIM33-K1127,TRIM33,-0.4125,0.179730725,0.745377675,-0.745377675,0.859405482,0.025,0.735644151,0.133332214,0.133332214,0.876539836
TRIM33-K763,TRIM33,0.291,8.53E-04,3.069206307,3.069206307,0.260183182,0.025,0.735644151,0.133332214,0.133332214,0.876539836
TRIM33-K769,TRIM33,0.4593,0.001185126,2.926235504,2.926235504,0.263676789,0.025,0.735644151,0.133332214,0.133332214,0.876539836
TRIM33-K793,TRIM33,0.6395,0.01948336,1.710336139,1.710336139,0.550225095,0.025,0.735644151,0.133332214,0.133332214,0.876539836
TRIM33-K861,TRIM33,0.15245,0.056376123,1.248904797,1.248904797,0.68202138,0.025,0.735644151,0.133332214,0.133332214,0.876539836
TRIM33-K950,TRIM33,-0.21155,0.484848485,0.314393957,-0.314393957,0.967568225,0.025,0.735644151,0.133332214,0.133332214,0.876539836
TRIM33-K953,TRIM33,0.1844,0.02214168,1.654789437,1.654789437,0.55675501,0.025,0.735644151,0.133332214,0.133332214,0.876539836
TRIM65-K354,TRIM65,0.389,0.205079558,0.688077627,0.688077627,0.865453,0.165,0.010879334,1.963397702,1.963397702,0.093127203
TRIP12-K132,TRIP12,-0.13145,0.945221445,0.024466434,-0.024466434,1,-0.055,0.281324502,0.550792441,-0.550792441,0.551612866
TRIP12-K1491,TRIP12,-0.026,0.457792051,0.339331752,-0.339331752,0.967123605,-0.055,0.281324502,0.550792441,-0.550792441,0.551612866
TRIR-K118,TRIR,0.135205,0.076320542,1.117358552,1.117358552,0.739803268,0.025,0.68033314,0.167278374,0.167278374,0.846038097
TRIR-K124,TRIR,0.5772,0.073655617,1.132794126,1.132794126,0.735328093,0.025,0.68033314,0.167278374,0.167278374,0.846038097
TRIR-K128,TRIR,0.1715,0.551631341,0.258351067,0.258351067,0.990319758,0.025,0.68033314,0.167278374,0.167278374,0.846038097
TRIR-K146,TRIR,0.32975,0.025856433,1.587431387,1.587431387,0.579745838,0.025,0.68033314,0.167278374,0.167278374,0.846038097
TRIR-K161,TRIR,0.1325,0.699134199,0.155439453,0.155439453,1,0.025,0.68033314,0.167278374,0.167278374,0.846038097
TRMT1-K361,TRMT1,0.0584,0.289787733,0.537920002,0.537920002,0.911658441,0.02,0.462524203,0.334865536,0.334865536,0.707469478
TRMT1L-K136,TRMT1L,0.146,0.637029965,0.195840139,0.195840139,1,0.145,0.897307857,0.047058529,0.047058529,0.956801528
TRMT1L-K609,TRMT1L,1.2565,0.006060606,2.217483944,2.217483944,0.390214067,0.145,0.897307857,0.047058529,0.047058529,0.956801528
TROVE2-K287,TROVE2,0.4473,0.080624355,1.093533747,1.093533747,0.757639694,0.065,0.602224167,0.220241821,0.220241821,0.798302747
TROVE2-K312,TROVE2,-0.02704,0.265001394,0.576751841,-0.576751841,0.899293861,0.065,0.602224167,0.220241821,0.220241821,0.798302747
TROVE2-K342,TROVE2,-0.0899,0.955089355,0.019955995,-0.019955995,1,0.065,0.602224167,0.220241821,0.220241821,0.798302747
TROVE2-K359,TROVE2,0.34405,0.16707795,0.777080862,0.777080862,0.853386501,0.065,0.602224167,0.220241821,0.220241821,0.798302747
TRRAP-K2543,TRRAP,0.0112,0.721396251,0.141826119,0.141826119,1,0.105,0.285810392,0.543921985,0.543921985,0.556360367
TRRAP-K2724,TRRAP,-0.0245,0.393211833,0.405373421,-0.405373421,0.954088373,0.105,0.285810392,0.543921985,0.543921985,0.556360367
TRRAP-K3362,TRRAP,0.19895,0.234265734,0.63029123,0.63029123,0.879057947,0.105,0.285810392,0.543921985,0.543921985,0.556360367
TSC22D1-K1028,TSC22D1,0.187231,0.467049978,0.330636644,0.330636644,0.967568225,-0.24,0.073953137,1.1310434,-1.1310434,0.268662616
TSEN34-K126,TSEN34,0.2453335,0.866511267,0.062225786,0.062225786,1,0.165,0.065504011,1.183732107,1.183732107,0.250546306
TSFM-K221,TSFM,0.16395,0.113486513,0.945055746,0.945055746,0.776434795,0.17,0.010582721,1.97540266,1.97540266,0.091581707
TSFM-K65,TSFM,-0.30634,0.518481518,0.28526672,-0.28526672,0.981666433,0.17,0.010582721,1.97540266,1.97540266,0.091581707
TSGA10-K279,TSGA10,-0.282335,0.071239456,1.147279407,-1.147279407,0.735103698,-0.345,0.212851052,0.671924199,-0.671924199,0.474295682
TSN-K187,TSN,0.00429,0.828306545,0.081808907,0.081808907,1,0.05,0.694937757,0.158054092,0.158054092,0.853903677
TSN-K199,TSN,-0.2213,0.36006192,0.443622808,-0.443622808,0.936845827,0.05,0.694937757,0.158054092,0.158054092,0.853903677
TSN-K228,TSN,-0.01125,0.735755008,0.133266773,-0.133266773,1,0.05,0.694937757,0.158054092,0.158054092,0.853903677
TSNAX-K241,TSNAX,-0.03605,0.450001159,0.346786368,-0.346786368,0.964013472,0.04,0.456517313,0.340542747,0.340542747,0.703480846
TSNAX-K68,TSNAX,-0.3885,0.002296018,2.639024773,-2.639024773,0.322269041,0.04,0.456517313,0.340542747,0.340542747,0.703480846
TSPYL1-K130,TSPYL1,0.1080385,0.792077479,0.101232335,0.101232335,1,-0.075,0.304153825,0.516906718,-0.516906718,0.575150455
TSR1-K38,TSR1,-0.21245,0.352380952,0.452987575,-0.452987575,0.935291689,0.32,1.43E-04,3.84366705,3.84366705,0.008245256
TSR1-K72,TSR1,0.204375,0.114285714,0.942008053,0.942008053,0.776434795,0.32,1.43E-04,3.84366705,3.84366705,0.008245256
TSR2-K128,TSR2,0.2327,0.712917373,0.146960802,0.146960802,1,0.03,0.490170697,0.309652655,0.309652655,0.72948303
TSSC4-K217,TSSC4,0.0599,0.7149946,0.145697238,0.145697238,1,0.055,0.630161933,0.200547835,0.200547835,0.814968112
TST-K14,TST,0.485,0.741973703,0.129611487,0.129611487,1,-0.04,0.459592956,0.337626636,-0.337626636,0.704954998
TST-K154,TST,-0.275,0.445221445,0.351423925,-0.351423925,0.961720515,-0.04,0.459592956,0.337626636,-0.337626636,0.704954998
TST-K24,TST,0.396,0.183495655,0.736374216,0.736374216,0.859405482,-0.04,0.459592956,0.337626636,-0.337626636,0.704954998
TSTD1-K113,TSTD1,0.15225,0.342857143,0.464886798,0.464886798,0.930954294,0.28,0.253641654,0.595779424,0.595779424,0.523869101
TTC1-K109,TTC1,0.085935,0.445317584,0.351330156,0.351330156,0.961720515,0.01,0.877704757,0.056651548,0.056651548,0.947457486
TTC9C-K12,TTC9C,0.39113,0.699300699,0.155336037,0.155336037,1,0.1,0.071521251,1.145564896,1.145564896,0.26384552
TTR-K35,TTR,0.052,0.862988867,0.063994807,0.063994807,1,0,0.714498067,0.145998942,0,0.864924008
TUBA1C-K110,TUBA1C,-0.797,0.13812709,0.859721137,-0.859721137,0.814919908,0.47,0.008523571,2.069378394,2.069378394,0.081019484
TUBB-K78,TUBB,0.0785,0.283595362,0.547300876,0.547300876,0.909317859,0.225,0.001090544,2.962356841,2.962356841,0.026126
TUBB4B-K58,TUBB4B,0.005,0.637501801,0.195518584,0.195518584,1,0.345,0.026853092,1.571005697,1.571005697,0.154465179
TUBGCP5-K571,TUBGCP5,0.3179,0.787878788,0.103540592,0.103540592,1,0.13,0.019903729,1.701065551,1.701065551,0.130290744
TUFM-K259,TUFM,0.072,0.733303848,0.134716036,0.134716036,1,0.3,0.030051616,1.522132173,1.522132173,0.16397795
TUFM-K300,TUFM,-0.29285,0.48379409,0.315339441,-0.315339441,0.967568225,0.3,0.030051616,1.522132173,1.522132173,0.16397795
TUFM-K345,TUFM,-0.137125,0.909120249,0.041378669,-0.041378669,1,0.3,0.030051616,1.522132173,1.522132173,0.16397795
TUFM-K421,TUFM,0.00105,0.927272727,0.032792513,0.032792513,1,0.3,0.030051616,1.522132173,1.522132173,0.16397795
TUFM-K58,TUFM,0.081,0.913453003,0.039313792,0.039313792,1,0.3,0.030051616,1.522132173,1.522132173,0.16397795
TUFM-K94,TUFM,0.03265,1,0,0,1,0.3,0.030051616,1.522132173,1.522132173,0.16397795
TWF1-K332,TWF1,-0.1467,0.885071673,0.053021559,-0.053021559,1,0.095,0.724529702,0.139943806,0.139943806,0.869630793
TWF2-K194,TWF2,0.4162,0.119388068,0.923039078,0.923039078,0.791185512,0.095,0.237457217,0.624414627,0.624414627,0.504848307
TXLNG-K494,TXLNG,-0.15855,0.342857143,0.464886798,-0.464886798,0.930954294,0.25,0.010121775,1.994743322,1.994743322,0.089233106
TXN-K21,TXN,-0.069,0.372001961,0.429454771,-0.429454771,0.940118747,-0.045,0.676724114,0.169588348,-0.169588348,0.843468576
TXN-K39,TXN,-0.151325,0.091504224,1.038558858,-1.038558858,0.776434795,-0.045,0.676724114,0.169588348,-0.169588348,0.843468576
TXN-K48,TXN,0.28845,0.129669763,0.887161284,0.887161284,0.806504592,-0.045,0.676724114,0.169588348,-0.169588348,0.843468576
TXN-K8,TXN,0.0715,0.745224399,0.127712934,0.127712934,1,-0.045,0.676724114,0.169588348,-0.169588348,0.843468576
TXN-K81,TXN,-0.0780065,0.750912709,0.124410545,-0.124410545,1,-0.045,0.676724114,0.169588348,-0.169588348,0.843468576
TXN-K85,TXN,-0.1714,0.723613217,0.140493509,-0.140493509,1,-0.045,0.676724114,0.169588348,-0.169588348,0.843468576
TXN-K94,TXN,0.22172,0.094120569,1.026315458,1.026315458,0.776434795,-0.045,0.676724114,0.169588348,-0.169588348,0.843468576
TXN-K96,TXN,-0.0195,0.582708759,0.234548453,-0.234548453,1,-0.045,0.676724114,0.169588348,-0.169588348,0.843468576
TXNDC12-K138,TXNDC12,-0.163,0.702847806,0.153138707,-0.153138707,1,0.125,0.216494826,0.664552479,0.664552479,0.479115219
TXNDC17-K40,TXNDC17,0.057,0.405974069,0.391501706,0.391501706,0.956240488,0.375,9.64E-04,3.015917895,3.015917895,0.024485146
TXNDC17-K78,TXNDC17,0.3229,0.312787899,0.504750058,0.504750058,0.920825313,0.375,9.64E-04,3.015917895,3.015917895,0.024485146
TXNDC17-K98,TXNDC17,0.2703,0.01980031,1.703328009,1.703328009,0.550225095,0.375,9.64E-04,3.015917895,3.015917895,0.024485146
TXNL1-K279,TXNL1,0.158295,0.452930428,0.343968502,0.343968502,0.966193174,0.08,0.013241379,1.878066777,1.878066777,0.104085348
TXNL4A-K139,TXNL4A,0.0646155,0.685714286,0.163856803,0.163856803,1,0.265,0.002503189,2.601506296,2.601506296,0.041629398
TXNRD1-K274,TXNRD1,0.1883,0.407474299,0.389899779,0.389899779,0.956240488,0.35,0.025512127,1.593253324,1.593253324,0.150151729
TXNRD1-K300,TXNRD1,0.44565,0.021532265,1.666910287,1.666910287,0.553711116,0.35,0.025512127,1.593253324,1.593253324,0.150151729
TXNRD1-K449,TXNRD1,0.07462,0.521376972,0.282848155,0.282848155,0.982551984,0.35,0.025512127,1.593253324,1.593253324,0.150151729
TXNRD2-K153,TXNRD2,-0.17755,0.847879494,0.071665868,-0.071665868,1,0.025,0.773430974,0.11157844,0.11157844,0.896807433
TXNRD2-K64,TXNRD2,0.1235,0.347837191,0.458623985,0.458623985,0.93437433,0.025,0.773430974,0.11157844,0.11157844,0.896807433
TYMP-K115,TYMP,0.6791,0.885714286,0.052706351,0.052706351,1,0.115,0.404393341,0.393196004,0.393196004,0.660457421
TYMP-K157,TYMP,-1.119,0.69047619,0.160851292,-0.160851292,1,0.115,0.404393341,0.393196004,0.393196004,0.660457421
TYW1-K396,TYW1,-0.372,0.431967929,0.364548496,-0.364548496,0.961720515,0,0.720775973,0.142199699,0,0.867551987
U2AF2-K462,U2AF2,-0.2469,0.258435928,0.58764711,-0.58764711,0.898317654,0.185,1.68E-04,3.774873856,3.774873856,0.009207582
U2SURP-K760,U2SURP,1.622,0.054806133,1.26117084,1.26117084,0.68202138,0.195,0.100384442,0.998333591,0.998333591,0.317964194
U2SURP-K80,U2SURP,0.1374255,0.342857143,0.464886798,0.464886798,0.930954294,0.195,0.100384442,0.998333591,0.998333591,0.317964194
U2SURP-K88,U2SURP,0.147,0.184127732,0.734880795,0.734880795,0.859405482,0.195,0.100384442,0.998333591,0.998333591,0.317964194
UBA1-K465,UBA1,0.13435,0.846048532,0.072604724,0.072604724,1,0.26,2.44E-04,3.612029009,3.612029009,0.011033462
UBA1-K671,UBA1,0.01325,0.98812081,0.005189954,0.005189954,1,0.26,2.44E-04,3.612029009,3.612029009,0.011033462
UBA1-K68,UBA1,0.095875,0.940656987,0.026568714,0.026568714,1,0.26,2.44E-04,3.612029009,3.612029009,0.011033462
UBA1-K838,UBA1,0.0059,0.629752932,0.200829802,0.200829802,1,0.26,2.44E-04,3.612029009,3.612029009,0.011033462
UBA1-K980,UBA1,0.174,0.271326528,0.566507742,0.566507742,0.902857656,0.26,2.44E-04,3.612029009,3.612029009,0.011033462
UBA2-K617,UBA2,0.1028,0.57714625,0.238714122,0.238714122,0.997392855,-0.09,0.665844908,0.176626917,-0.176626917,0.836768734
UBA3-K409,UBA3,0.27785,0.534864764,0.271756012,0.271756012,0.984176452,-0.185,0.022992172,1.638420005,-1.638420005,0.14114677
UBA52-K100,UBA52,0.187,0.446861598,0.349826966,0.349826966,0.961720515,0.06,0.483999056,0.315155485,0.315155485,0.725370785
UBA52-K95,UBA52,0.40015,0.004817858,2.317145977,2.317145977,0.377682496,0.06,0.483999056,0.315155485,0.315155485,0.725370785
UBA6-K544,UBA6,0.0265,0.877726407,0.056640835,0.056640835,1,0.125,0.21096694,0.675785596,0.675785596,0.472246388
UBAP2L-K1071,UBAP2L,0.2934,0.120929215,0.917468766,0.917468766,0.793855532,0.05,0.74696761,0.12669823,0.12669823,0.882967121
UBE2A-K66,UBE2A,0.14725,0.720915033,0.142115918,0.142115918,1,-0.075,0.561384545,0.250739548,-0.250739548,0.772835662
UBE2D2-K133,UBE2D2,0.1739,0.064932367,1.187538764,1.187538764,0.714196044,0.235,0.306503523,0.51356453,0.51356453,0.577213184
UBE2D3-K135,UBE2D3,0.115,0.123592759,0.908006971,0.908006971,0.798980637,0.01,0.609098835,0.215312231,0.215312231,0.801924026
UBE2E1-K43,UBE2E1,-0.5445,0.075748194,1.120627717,-1.120627717,0.73833448,0.035,0.605671051,0.217763184,0.217763184,0.800097031
UBE2E1-K50,UBE2E1,0.52117,0.050944228,1.292905015,1.292905015,0.67841858,0.035,0.605671051,0.217763184,0.217763184,0.800097031
UBE2E2-K48,UBE2E2,-0.37475,0.952747253,0.021022295,-0.021022295,1,-0.915,0.002020671,2.694504351,-2.694504351,0.036746413
UBE2E2-K52,UBE2E2,-0.2905,0.245266075,0.610362518,-0.610362518,0.891892991,-0.915,0.002020671,2.694504351,-2.694504351,0.036746413
UBE2E3-K58,UBE2E3,0.506,0.126926965,0.896446105,0.896446105,0.804673387,0,0.662242478,0.178982966,0,0.834399531
UBE2K-K14,UBE2K,0.56655,0.010434918,1.981510963,1.981510963,0.484811693,0.18,0.022701497,1.643945511,1.643945511,0.140241421
UBE2L3-K122,UBE2L3,-0.2085,0.665299497,0.176982805,-0.176982805,1,0.15,0.008766931,2.057152409,2.057152409,0.082450925
UBE2L3-K189,UBE2L3,0.18256,0.898101898,0.046674386,0.046674386,1,0.15,0.008766931,2.057152409,2.057152409,0.082450925
UBE2L3-K78,UBE2L3,0.3028,0.699174407,0.155414478,0.155414478,1,0.15,0.008766931,2.057152409,2.057152409,0.082450925
UBE2M-K72,UBE2M,0.0053,0.662112913,0.179067942,0.179067942,1,0.15,0.025479706,1.593805592,1.593805592,0.150151729
UBE2M-K8,UBE2M,0.276,0.023362679,1.631477356,1.631477356,0.562122244,0.15,0.025479706,1.593805592,1.593805592,0.150151729
UBE2N-K82,UBE2N,-0.03675,0.774894494,0.110757425,-0.110757425,1,0.04,0.190015501,0.72121097,0.72121097,0.444871128
UBE2N-K92,UBE2N,-0.1808,0.197872717,0.703614083,-0.703614083,0.859405482,0.04,0.190015501,0.72121097,0.72121097,0.444871128
UBE4A-K458,UBE4A,-0.0915,0.685714286,0.163856803,-0.163856803,1,0.04,0.960396718,0.017549333,0.017549333,0.983920475
UBLCP1-K117,UBLCP1,0.2903,0.841712123,0.074836417,0.074836417,1,-0.08,0.705919398,0.151244884,-0.151244884,0.859842824
UBN1-K267,UBN1,-0.187445,0.588744589,0.230073072,-0.230073072,1,0.125,0.057276321,1.242024889,1.242024889,0.232424735
UBN1-K474,UBN1,-0.506,0.166046553,0.779770137,-0.779770137,0.85031237,0.125,0.057276321,1.242024889,1.242024889,0.232424735
UBN1-K596,UBN1,0.026875,0.777247426,0.109440708,0.109440708,1,0.125,0.057276321,1.242024889,1.242024889,0.232424735
UBN1-K605,UBN1,0.0100907,0.986001572,0.006122393,0.006122393,1,0.125,0.057276321,1.242024889,1.242024889,0.232424735
UBN1-K608,UBN1,-0.2719,0.151571906,0.819381287,-0.819381287,0.831690101,0.125,0.057276321,1.242024889,1.242024889,0.232424735
UBN1-K705,UBN1,-0.251,0.23976024,0.620222836,-0.620222836,0.882347857,0.125,0.057276321,1.242024889,1.242024889,0.232424735
UBN1-K956,UBN1,-0.12815,0.985401898,0.006386605,-0.006386605,1,0.125,0.057276321,1.242024889,1.242024889,0.232424735
UBN2-K1068,UBN2,0.1495,0.904043477,0.043810683,0.043810683,1,0.04,0.465602845,0.331984375,0.331984375,0.709888602
UBN2-K1148,UBN2,0.0505,0.630228369,0.200502052,0.200502052,1,0.04,0.465602845,0.331984375,0.331984375,0.709888602
UBN2-K796,UBN2,0.1893,0.494230228,0.306070696,0.306070696,0.969644025,0.04,0.465602845,0.331984375,0.331984375,0.709888602
UBN2-K976,UBN2,0.18485,0.01600413,1.795767932,1.795767932,0.513483788,0.04,0.465602845,0.331984375,0.331984375,0.709888602
UBP1-K202,UBP1,0.3199,0.276559919,0.558210761,0.558210761,0.906076353,0.21,0.037967344,1.420589785,1.420589785,0.18711891
UBQLN3-K27,UBQLN3,-0.0784,0.803032779,0.095266727,-0.095266727,1,-0.63,0.041867121,1.378126901,-1.378126901,0.197245182
UBTF-K284,UBTF,0.18785,0.743326453,0.128820411,0.128820411,1,0.255,0.007679903,2.114644278,2.114644278,0.076540783
UBTF-K393,UBTF,-0.0135,0.875261108,0.057862369,-0.057862369,1,0.255,0.007679903,2.114644278,2.114644278,0.076540783
UBTF-K401,UBTF,0.810251,0.53030303,0.275475891,0.275475891,0.983510626,0.255,0.007679903,2.114644278,2.114644278,0.076540783
UBTF-K559,UBTF,-0.0117,0.553988779,0.256499032,-0.256499032,0.990319758,0.255,0.007679903,2.114644278,2.114644278,0.076540783
UBTF-K652,UBTF,0.0877,0.931892689,0.030634095,0.030634095,1,0.255,0.007679903,2.114644278,2.114644278,0.076540783
UCHL1-K135,UCHL1,-0.97475,0.225868258,0.646144797,-0.646144797,0.879057947,-1.195,0.102502141,0.989267061,-0.989267061,0.321042589
UCHL1-K199,UCHL1,0.5855,0.428571429,0.367976785,0.367976785,0.961720515,-1.195,0.102502141,0.989267061,-0.989267061,0.321042589
UCHL5-K178,UCHL5,0.551,0.074136003,1.129970835,1.129970835,0.735568256,0.25,0.101440757,0.993787517,0.993787517,0.319325789
UFC1-K122,UFC1,0.134,0.47164469,0.326385051,0.326385051,0.967568225,0.165,0.418482179,0.378323032,0.378323032,0.672671552
UFC1-K162,UFC1,0.1515,0.885714286,0.052706351,0.052706351,1,0.165,0.418482179,0.378323032,0.378323032,0.672671552
UGDH-K107,UGDH,0.2646,0.009526933,2.021046902,2.021046902,0.466840202,0.585,4.76E-04,3.322841875,3.322841875,0.01636336
UGDH-K124,UGDH,0.594,0.268549875,0.570975045,0.570975045,0.902857656,0.585,4.76E-04,3.322841875,3.322841875,0.01636336
UGDH-K490,UGDH,0.5860645,0.001736559,2.760310577,2.760310577,0.297574479,0.585,4.76E-04,3.322841875,3.322841875,0.01636336
UGP2-K184,UGP2,-0.0685,0.493962848,0.306305714,-0.306305714,0.969644025,-0.085,0.881620204,0.054718465,-0.054718465,0.94938043
UGP2-K319,UGP2,-0.0847,0.277667631,0.556474745,-0.556474745,0.90847153,-0.085,0.881620204,0.054718465,-0.054718465,0.94938043
UGP2-K33,UGP2,0.2885,0.170881867,0.767304019,0.767304019,0.858569025,-0.085,0.881620204,0.054718465,-0.054718465,0.94938043
UGP2-K438,UGP2,-0.2225,0.259303544,0.586191548,-0.586191548,0.89910915,-0.085,0.881620204,0.054718465,-0.054718465,0.94938043
UGP2-K69,UGP2,0.0527,0.626400976,0.203147574,0.203147574,1,-0.085,0.881620204,0.054718465,-0.054718465,0.94938043
UGP2-K91,UGP2,0.01235,0.765418415,0.116101093,0.116101093,1,-0.085,0.881620204,0.054718465,-0.054718465,0.94938043
UHRF2-K12,UHRF2,0.0738,0.736930257,0.132573612,0.132573612,1,0.01,0.728176717,0.137763211,0.137763211,0.871987715
UMPS-K162,UMPS,0.0185,0.720943622,0.142098696,0.142098696,1,0.145,0.03800571,1.420151152,1.420151152,0.18711891
UNC119B-K24,UNC119B,-0.01605,0.809934895,0.091549889,-0.091549889,1,-0.08,0.401542607,0.396268365,-0.396268365,0.65816145
UNC45A-K70,UNC45A,0.15185,0.256429564,0.591031906,0.591031906,0.896059652,-0.01,0.320773346,0.493801725,-0.493801725,0.590809236
UPF1-K604,UPF1,-0.069,0.800523499,0.096625915,-0.096625915,1,0.175,0.090515773,1.043275735,1.043275735,0.30054994
UPF1-K793,UPF1,-0.1264,0.610093396,0.214603676,-0.214603676,1,0.175,0.090515773,1.043275735,1.043275735,0.30054994
UQCR10-K59,UQCR10,-0.147,0.885714286,0.052706351,-0.052706351,1,0.235,0.007030391,2.153020538,2.153020538,0.073253869
UQCRC1-K111,UQCRC1,0.083825,0.885714286,0.052706351,0.052706351,1,0.345,0.01790643,1.746990981,1.746990981,0.123229699
UQCRC1-K85,UQCRC1,0.49275,0.316483516,0.499648905,0.499648905,0.920825313,0.345,0.01790643,1.746990981,1.746990981,0.123229699
UQCRC2-K159,UQCRC2,0.21625,0.850014076,0.070573882,0.070573882,1,0.035,0.432742498,0.363770452,0.363770452,0.684288943
UQCRC2-K359,UQCRC2,0.26633,0.301704599,0.52041807,0.52041807,0.920466754,0.035,0.432742498,0.363770452,0.363770452,0.684288943
UQCRC2-K430,UQCRC2,-0.4184,0.42515083,0.371456969,-0.371456969,0.961720515,0.035,0.432742498,0.363770452,0.363770452,0.684288943
UQCRC2-K98,UQCRC2,-0.27847,0.335488041,0.474322956,-0.474322956,0.930954294,0.035,0.432742498,0.363770452,0.363770452,0.684288943
UQCRHL-K85,UQCRHL,0.396,0.100439757,0.998094345,0.998094345,0.776434795,-0.33,0.126120236,0.899215227,-0.899215227,0.361149297
UQCRQ-K33,UQCRQ,-0.11825,0.927272727,0.032792513,-0.032792513,1,0.23,0.003747577,2.426249408,2.426249408,0.052385422
USO1-K206,USO1,-0.24465,0.342857143,0.464886798,-0.464886798,0.930954294,-0.07,0.854278895,0.068400323,-0.068400323,0.937477007
USP14-K14,USP14,-0.0175,0.698219819,0.156007828,-0.156007828,1,0.09,0.030445893,1.516471289,1.516471289,0.165200323
USP14-K214,USP14,-0.3074058,0.078991597,1.102419108,-1.102419108,0.755262977,0.09,0.030445893,1.516471289,1.516471289,0.165200323
USP14-K391,USP14,-0.1975,0.916297798,0.037963357,-0.037963357,1,0.09,0.030445893,1.516471289,1.516471289,0.165200323
USP16-K37,USP16,-0.036,0.740460641,0.130498021,-0.130498021,1,-0.07,0.913037781,0.039511251,-0.039511251,0.964007664
USP22-K417,USP22,0.2515,0.485714286,0.313619123,0.313619123,0.967568225,0.09,0.38502268,0.414513688,0.414513688,0.643905791
USP49-K182,USP49,0.86615,0.733303848,0.134716036,0.134716036,1,-0.15,0.281397762,0.550679362,-0.550679362,0.551612866
USP49-K193,USP49,0.86615,0.733303848,0.134716036,0.134716036,1,-0.15,0.281397762,0.550679362,-0.550679362,0.551612866
USP5-K360,USP5,-0.0795,0.861538462,0.06472533,-0.06472533,1,0.2,0.170670482,0.767841586,0.767841586,0.42132585
USP5-K508,USP5,0.22458,0.787878788,0.103540592,0.103540592,1,0.2,0.170670482,0.767841586,0.767841586,0.42132585
USP5-K743,USP5,0.0344,0.485714286,0.313619123,0.313619123,0.967568225,0.2,0.170670482,0.767841586,0.767841586,0.42132585
USP7-K1084,USP7,0.0077265,1,0,0,1,0.1,0.10350517,0.985037957,0.985037957,0.322980902
USP7-K272,USP7,0.1645,0.285249452,0.544775181,0.544775181,0.909317859,0.1,0.10350517,0.985037957,0.985037957,0.322980902
USP7-K277,USP7,0.1761255,0.685714286,0.163856803,0.163856803,1,0.1,0.10350517,0.985037957,0.985037957,0.322980902
USP7-K391,USP7,-0.2275,0.937229437,0.028154079,-0.028154079,1,0.1,0.10350517,0.985037957,0.985037957,0.322980902
USP7-K914,USP7,0.098,0.818121877,0.087181994,0.087181994,1,0.1,0.10350517,0.985037957,0.985037957,0.322980902
UTP18-K41,UTP18,0.2503,0.427761017,0.368798796,0.368798796,0.961720515,0.2,0.00351252,2.454381191,2.454381191,0.050309913
UTRN-K1117,UTRN,-0.4445,0.685714286,0.163856803,-0.163856803,1,-0.215,0.016072404,1.793919161,-1.793919161,0.115548796
VAPA-K125,VAPA,-0.068125,0.50748314,0.294578381,-0.294578381,0.974580176,-0.065,0.129993723,0.886077618,-0.886077618,0.367260997
VAPB-K118,VAPB,0.2639,0.31959707,0.495397211,0.495397211,0.926274173,0.105,0.427076559,0.369494265,0.369494265,0.679912643
VARS-K433,VARS,-0.1954,0.066786343,1.175312334,-1.175312334,0.722248672,0.36,0.008154725,2.088590677,2.088590677,0.07892487
VARS-K645,VARS,-0.13075,0.273614195,0.562861375,-0.562861375,0.902857656,0.36,0.008154725,2.088590677,2.088590677,0.07892487
VARS-K952,VARS,-0.045855,0.419640485,0.37712262,-0.37712262,0.961484712,0.36,0.008154725,2.088590677,2.088590677,0.07892487
VASP-K283,VASP,-0.2874,0.580595418,0.236126396,-0.236126396,1,0.19,0.237449829,0.624428138,0.624428138,0.504848307
VBP1-K88,VBP1,-0.11265,0.927272727,0.032792513,-0.032792513,1,0.19,0.170697421,0.767773042,0.767773042,0.42132585
VBP1-K95,VBP1,0.3015,0.23030303,0.637700348,0.637700348,0.879057947,0.19,0.170697421,0.767773042,0.767773042,0.42132585
VCAN-K98,VCAN,-0.711,0.374937154,0.426041521,-0.426041521,0.943798045,0.625,0.06064822,1.217181939,1.217181939,0.240266627
VCL-K1020,VCL,-0.1065,0.62997125,0.20067927,-0.20067927,1,-0.12,0.717118944,0.144408804,-0.144408804,0.865792125
VCL-K1024,VCL,-0.356,0.107630439,0.96806489,-0.96806489,0.776434795,-0.12,0.717118944,0.144408804,-0.144408804,0.865792125
VCL-K1038,VCL,-0.146,0.197882716,0.703592137,-0.703592137,0.859405482,-0.12,0.717118944,0.144408804,-0.144408804,0.865792125
VCL-K170,VCL,-0.0111,0.418540791,0.378262209,-0.378262209,0.960850268,-0.12,0.717118944,0.144408804,-0.144408804,0.865792125
VCL-K173,VCL,0.1017,0.62275325,0.205683997,0.205683997,1,-0.12,0.717118944,0.144408804,-0.144408804,0.865792125
VCL-K210,VCL,0.16535,0.246753247,0.607737124,0.607737124,0.892241579,-0.12,0.717118944,0.144408804,-0.144408804,0.865792125
VCL-K228,VCL,-0.0366725,0.653223465,0.184938223,-0.184938223,1,-0.12,0.717118944,0.144408804,-0.144408804,0.865792125
VCL-K267,VCL,-0.04745,0.77934086,0.108272554,-0.108272554,1,-0.12,0.717118944,0.144408804,-0.144408804,0.865792125
VCL-K276,VCL,-0.3405,0.245378151,0.61016411,-0.61016411,0.891892991,-0.12,0.717118944,0.144408804,-0.144408804,0.865792125
VCL-K326,VCL,-0.101,0.173104328,0.761692074,-0.761692074,0.859405482,-0.12,0.717118944,0.144408804,-0.144408804,0.865792125
VCL-K352,VCL,-0.3995,0.112328978,0.949508191,-0.949508191,0.776434795,-0.12,0.717118944,0.144408804,-0.144408804,0.865792125
VCL-K366,VCL,-0.282,0.377032052,0.423621729,-0.423621729,0.943988084,-0.12,0.717118944,0.144408804,-0.144408804,0.865792125
VCL-K373,VCL,-0.0295,0.578767651,0.237495751,-0.237495751,0.999456539,-0.12,0.717118944,0.144408804,-0.144408804,0.865792125
VCL-K387,VCL,-0.106,0.308964172,0.510091879,-0.510091879,0.920825313,-0.12,0.717118944,0.144408804,-0.144408804,0.865792125
VCL-K417,VCL,-0.157,0.493368172,0.306828871,-0.306828871,0.969644025,-0.12,0.717118944,0.144408804,-0.144408804,0.865792125
VCL-K496,VCL,-0.058,0.572811637,0.241988168,-0.241988168,0.994309193,-0.12,0.717118944,0.144408804,-0.144408804,0.865792125
VCL-K544,VCL,-0.0145,1,0,0,1,-0.12,0.717118944,0.144408804,-0.144408804,0.865792125
VCL-K639,VCL,-0.0225,0.236985575,0.625278089,-0.625278089,0.879057947,-0.12,0.717118944,0.144408804,-0.144408804,0.865792125
VCL-K646,VCL,-0.218,0.230717543,0.636919381,-0.636919381,0.879057947,-0.12,0.717118944,0.144408804,-0.144408804,0.865792125
VCL-K655,VCL,-0.199,0.276173974,0.558817252,-0.558817252,0.906076353,-0.12,0.717118944,0.144408804,-0.144408804,0.865792125
VCL-K699,VCL,-0.01575,0.447655035,0.349056526,-0.349056526,0.961720515,-0.12,0.717118944,0.144408804,-0.144408804,0.865792125
VCL-K708,VCL,-0.1886,0.174079695,0.759251882,-0.759251882,0.859405482,-0.12,0.717118944,0.144408804,-0.144408804,0.865792125
VCL-K71,VCL,-0.0585,0.672910621,0.172042617,-0.172042617,1,-0.12,0.717118944,0.144408804,-0.144408804,0.865792125
VCL-K731,VCL,0.143,0.725842798,0.139157428,0.139157428,1,-0.12,0.717118944,0.144408804,-0.144408804,0.865792125
VCL-K738,VCL,0.0196,0.693123182,0.159189575,0.159189575,1,-0.12,0.717118944,0.144408804,-0.144408804,0.865792125
VCL-K778,VCL,-0.51855,0.142216401,0.847050317,-0.847050317,0.820443268,-0.12,0.717118944,0.144408804,-0.144408804,0.865792125
VCL-K784,VCL,-0.0935,0.441830065,0.354744735,-0.354744735,0.961720515,-0.12,0.717118944,0.144408804,-0.144408804,0.865792125
VCL-K802,VCL,-0.3712,0.345305902,0.461795999,-0.461795999,0.933847322,-0.12,0.717118944,0.144408804,-0.144408804,0.865792125
VCL-K815,VCL,0.1998,0.310619711,0.507770988,0.507770988,0.920825313,-0.12,0.717118944,0.144408804,-0.144408804,0.865792125
VCL-K830,VCL,0.1175,0.606993007,0.216816312,0.216816312,1,-0.12,0.717118944,0.144408804,-0.144408804,0.865792125
VCL-K992,VCL,-0.1925,0.255744054,0.592194455,-0.592194455,0.896059652,-0.12,0.717118944,0.144408804,-0.144408804,0.865792125
VCP-K109,VCP,0.05,0.809665462,0.091694386,0.091694386,1,-0.03,0.662227509,0.178992783,-0.178992783,0.834399531
VCP-K231,VCP,0.1377255,0.237856971,0.623684115,0.623684115,0.879057947,-0.03,0.662227509,0.178992783,-0.178992783,0.834399531
VCP-K236,VCP,0.131095,0.302299867,0.519562043,0.519562043,0.920533109,-0.03,0.662227509,0.178992783,-0.178992783,0.834399531
VCP-K502,VCP,0.0735,0.672261926,0.172461485,0.172461485,1,-0.03,0.662227509,0.178992783,-0.178992783,0.834399531
VCP-K505,VCP,-0.1059,0.751132004,0.124283733,-0.124283733,1,-0.03,0.662227509,0.178992783,-0.178992783,0.834399531
VCP-K658,VCP,0.266,0.285714286,0.544068044,0.544068044,0.909317859,-0.03,0.662227509,0.178992783,-0.178992783,0.834399531
VCP-K754,VCP,-0.05355,0.963585434,0.016109774,-0.016109774,1,-0.03,0.662227509,0.178992783,-0.178992783,0.834399531
VDAC1-K109,VDAC1,0.0465,0.849330982,0.070923034,0.070923034,1,0.395,0.002808625,2.551506261,2.551506261,0.044398623
VDAC1-K174,VDAC1,-0.24735,0.133449029,0.874684583,-0.874684583,0.809164535,0.395,0.002808625,2.551506261,2.551506261,0.044398623
VDAC1-K20,VDAC1,0.469,0.486239048,0.313150167,0.313150167,0.968040271,0.395,0.002808625,2.551506261,2.551506261,0.044398623
VDAC1-K224,VDAC1,0.1345,0.272726826,0.564272142,0.564272142,0.902857656,0.395,0.002808625,2.551506261,2.551506261,0.044398623
VDAC1-K236,VDAC1,0.50716,0.086052227,1.065237883,1.065237883,0.773258044,0.395,0.002808625,2.551506261,2.551506261,0.044398623
VDAC1-K252,VDAC1,0.239,0.152754966,0.816004661,0.816004661,0.834881371,0.395,0.002808625,2.551506261,2.551506261,0.044398623
VDAC1-K274,VDAC1,-0.06032,0.854978711,0.068044699,-0.068044699,1,0.395,0.002808625,2.551506261,2.551506261,0.044398623
VDAC1-K61,VDAC1,-0.341155,0.545186721,0.26345473,-0.26345473,0.988661605,0.395,0.002808625,2.551506261,2.551506261,0.044398623
VDAC2-K135,VDAC2,0.0558,0.789326896,0.102743098,0.102743098,1,0.175,0.198545755,0.702139394,0.702139394,0.456401461
VDAC2-K262,VDAC2,0.264,0.419401809,0.377369701,0.377369701,0.961484712,0.175,0.198545755,0.702139394,0.702139394,0.456401461
VDAC2-K54,VDAC2,-0.2075,0.953046953,0.020885703,-0.020885703,1,0.175,0.198545755,0.702139394,0.702139394,0.456401461
VDAC2-K87,VDAC2,-0.2175,0.436684231,0.359832491,-0.359832491,0.961720515,0.175,0.198545755,0.702139394,0.702139394,0.456401461
VDAC2-K89,VDAC2,-0.0195,0.747003519,0.126677352,-0.126677352,1,0.175,0.198545755,0.702139394,0.702139394,0.456401461
VDAC3-K110,VDAC3,-0.4845,0.137728938,0.860974802,-0.860974802,0.814916032,0.095,0.328161938,0.483911792,0.483911792,0.598257403
VDAC3-K12,VDAC3,0.1165,0.606357059,0.217271562,0.217271562,1,0.095,0.328161938,0.483911792,0.483911792,0.598257403
VDAC3-K15,VDAC3,0.287,0.936708172,0.028395691,0.028395691,1,0.095,0.328161938,0.483911792,0.483911792,0.598257403
VDAC3-K175,VDAC3,-0.245,0.377379759,0.423221398,-0.423221398,0.943988084,0.095,0.328161938,0.483911792,0.483911792,0.598257403
VDAC3-K20,VDAC3,-0.42125,0.574337427,0.240832882,-0.240832882,0.994730291,0.095,0.328161938,0.483911792,0.483911792,0.598257403
VDAC3-K28,VDAC3,-0.027,0.859281176,0.065864702,-0.065864702,1,0.095,0.328161938,0.483911792,0.483911792,0.598257403
VDAC3-K62,VDAC3,-0.1145,0.982393195,0.007714654,-0.007714654,1,0.095,0.328161938,0.483911792,0.483911792,0.598257403
VDAC3-K64,VDAC3,0.24575,0.709728533,0.148907735,0.148907735,1,0.095,0.328161938,0.483911792,0.483911792,0.598257403
VDAC3-K91,VDAC3,0.2757,0.76732849,0.115018677,0.115018677,1,0.095,0.328161938,0.483911792,0.483911792,0.598257403
VDAC3-K97,VDAC3,-0.2513,0.046034277,1.336918674,-1.336918674,0.647485954,0.095,0.328161938,0.483911792,0.483911792,0.598257403
VEZF1-K325,VEZF1,0.129,0.708603281,0.149596841,0.149596841,1,0.145,0.001434848,2.843194048,2.843194048,0.030232951
VEZF1-K51,VEZF1,-0.198,0.308374373,0.51092172,-0.51092172,0.920825313,0.145,0.001434848,2.843194048,2.843194048,0.030232951
VGLL4-K225,VGLL4,0.687,0.241508616,0.617067371,0.617067371,0.885069173,-0.275,1.58E-04,3.800031433,-3.800031433,0.008882786
VIM-K120,VIM,-0.3375,0.113380734,0.945460736,-0.945460736,0.776434795,-0.39,0.004595594,2.337658366,-2.337658366,0.05835501
VIM-K129,VIM,-0.0645,0.33008725,0.48137125,-0.48137125,0.930954294,-0.39,0.004595594,2.337658366,-2.337658366,0.05835501
VIM-K139,VIM,-0.2155,0.737533117,0.132218474,-0.132218474,1,-0.39,0.004595594,2.337658366,-2.337658366,0.05835501
VIM-K168,VIM,-0.2565,0.052318903,1.281341367,-1.281341367,0.67940945,-0.39,0.004595594,2.337658366,-2.337658366,0.05835501
VIM-K188,VIM,-0.55175,0.001352574,2.868838961,-2.868838961,0.263676789,-0.39,0.004595594,2.337658366,-2.337658366,0.05835501
VIM-K223,VIM,-0.465,0.043047095,1.366056153,-1.366056153,0.636009498,-0.39,0.004595594,2.337658366,-2.337658366,0.05835501
VIM-K235,VIM,-0.35335,0.052317667,1.28135163,-1.28135163,0.67940945,-0.39,0.004595594,2.337658366,-2.337658366,0.05835501
VIM-K282,VIM,-0.363,0.235559458,0.627899453,-0.627899453,0.879057947,-0.39,0.004595594,2.337658366,-2.337658366,0.05835501
VIM-K294,VIM,-0.317475,0.015078462,1.821642958,-1.821642958,0.506519998,-0.39,0.004595594,2.337658366,-2.337658366,0.05835501
VIM-K313,VIM,0.5432,0.914309699,0.038906673,0.038906673,1,-0.39,0.004595594,2.337658366,-2.337658366,0.05835501
VIM-K334,VIM,-0.264725,0.034923907,1.456877181,-1.456877181,0.61764214,-0.39,0.004595594,2.337658366,-2.337658366,0.05835501
VIM-K373,VIM,-0.070175,0.515598244,0.28768857,-0.28768857,0.980353276,-0.39,0.004595594,2.337658366,-2.337658366,0.05835501
VIM-K439,VIM,0.0714,0.341175946,0.467021596,0.467021596,0.930954294,-0.39,0.004595594,2.337658366,-2.337658366,0.05835501
VIM-K445,VIM,-0.612125,0.114285714,0.942008053,-0.942008053,0.776434795,-0.39,0.004595594,2.337658366,-2.337658366,0.05835501
VIM-K97,VIM,-0.04163725,0.957539877,0.018843131,-0.018843131,1,-0.39,0.004595594,2.337658366,-2.337658366,0.05835501
VPS29-K105,VPS29,0.06188,0.767757733,0.114775801,0.114775801,1,0.085,0.279196564,0.554089931,0.554089931,0.549403729
VPS29-K53,VPS29,-0.01445,0.948250331,0.023076997,-0.023076997,1,0.085,0.279196564,0.554089931,0.554089931,0.549403729
VPS33B-K335,VPS33B,0.16,0.660471881,0.180145667,0.180145667,1,0.12,0.057887242,1.23741714,1.23741714,0.233724777
VPS35-K38,VPS35,-0.18935,0.4238061,0.372832797,-0.372832797,0.961720515,-0.04,0.830979305,0.080409792,-0.080409792,0.926501091
VPS35-K515,VPS35,-0.0341,1,0,0,1,-0.04,0.830979305,0.080409792,-0.080409792,0.926501091
VPS35-K552,VPS35,-0.1504,0.79896574,0.097471843,-0.097471843,1,-0.04,0.830979305,0.080409792,-0.080409792,0.926501091
VPS35-K694,VPS35,-0.15525,0.774753519,0.110836442,-0.110836442,1,-0.04,0.830979305,0.080409792,-0.080409792,0.926501091
VPS4A-K51,VPS4A,0.0424,0.859462495,0.06577307,0.06577307,1,0.125,0.166060551,0.779733524,0.779733524,0.415790394
VPS4B-K422,VPS4B,0.1726655,0.423447141,0.373200795,0.373200795,0.961720515,-0.035,0.98811894,0.005190776,-0.005190776,0.995960893
VPS4B-K53,VPS4B,0.2067,0.070838534,1.149730432,1.149730432,0.735103698,-0.035,0.98811894,0.005190776,-0.005190776,0.995960893
VPS53-K110,VPS53,-0.19295,0.889953478,0.050632696,-0.050632696,1,0.175,0.031983117,1.495079219,1.495079219,0.169082073
VPS53-K133,VPS53,0.116,0.818181818,0.087150176,0.087150176,1,0.175,0.031983117,1.495079219,1.495079219,0.169082073
VPS72-K90,VPS72,-0.0273,0.761600972,0.11827251,-0.11827251,1,0.005,0.842614761,0.074370937,0.074370937,0.931897251
VRK1-K293,VRK1,-0.048,0.58318255,0.23419548,-0.23419548,1,0.35,0.044406382,1.352554605,1.352554605,0.203928434
VTN-K186,VTN,-0.4689,0.308640473,0.510547124,-0.510547124,0.920825313,-0.67,0.017436384,1.758543576,-1.758543576,0.121170899
VWA8-K1286,VWA8,0.24,0.179124281,0.746845539,0.746845539,0.859405482,-0.055,0.992080004,0.003453304,-0.003453304,0.997690119
WAC-K302,WAC,0.19535,0.179222522,0.746607416,0.746607416,0.859405482,0.015,0.932750267,0.030234618,0.030234618,0.97309982
WAPL-K168,WAPL,-0.049,0.321069101,0.493401488,-0.493401488,0.928767355,-0.06,0.237385798,0.624545267,-0.624545267,0.504848307
WAPL-K34,WAPL,0.06025,0.918418957,0.036959161,0.036959161,1,-0.06,0.237385798,0.624545267,-0.624545267,0.504848307
WARS-K114,WARS,0.556,0.445221445,0.351423925,0.351423925,0.961720515,0.32,0.067775417,1.168927805,1.168927805,0.255606092
WARS-K366,WARS,0.194625,0.262491349,0.580885005,0.580885005,0.899293861,0.32,0.067775417,1.168927805,1.168927805,0.255606092
WARS-K374,WARS,0.2791,0.108619327,0.964092891,0.964092891,0.776434795,0.32,0.067775417,1.168927805,1.168927805,0.255606092
WARS-K431,WARS,0.0295155,0.904825824,0.043435013,0.043435013,1,0.32,0.067775417,1.168927805,1.168927805,0.255606092
WARS2-K234,WARS2,-0.1328,0.885714286,0.052706351,-0.052706351,1,-0.055,0.658683124,0.181323463,-0.181323463,0.832349878
WARS2-K333,WARS2,-0.033395,0.697881954,0.156218032,-0.156218032,1,-0.055,0.658683124,0.181323463,-0.181323463,0.832349878
WBP11-K13,WBP11,0.3242,0.071618005,1.14497778,1.14497778,0.735103698,0.14,0.010277412,1.988116217,1.988116217,0.090152806
WBP11-K565,WBP11,0.015,0.720840563,0.142160783,0.142160783,1,0.14,0.010277412,1.988116217,1.988116217,0.090152806
WDHD1-K314,WDHD1,0.09285,0.628205128,0.201898523,0.201898523,1,0.545,3.80E-04,3.420339255,3.420339255,0.01438775
WDR1-K104,WDR1,0.0205,0.877726407,0.056640835,0.056640835,1,0.145,0.008146025,2.089054276,2.089054276,0.07892487
WDR1-K115,WDR1,-0.04635,0.465656695,0.331934149,-0.331934149,0.967568225,0.145,0.008146025,2.089054276,2.089054276,0.07892487
WDR1-K180,WDR1,-0.2357,0.179110106,0.74687991,-0.74687991,0.859405482,0.145,0.008146025,2.089054276,2.089054276,0.07892487
WDR1-K219,WDR1,-0.092,0.245753347,0.609500559,-0.609500559,0.892238483,0.145,0.008146025,2.089054276,2.089054276,0.07892487
WDR1-K223,WDR1,-0.228731,0.254523564,0.594272004,-0.594272004,0.896059652,0.145,0.008146025,2.089054276,2.089054276,0.07892487
WDR1-K256,WDR1,-0.1884,0.382676147,0.417168607,-0.417168607,0.94739124,0.145,0.008146025,2.089054276,2.089054276,0.07892487
WDR1-K38,WDR1,-0.243,0.047311628,1.325032108,-1.325032108,0.658795645,0.145,0.008146025,2.089054276,2.089054276,0.07892487
WDR1-K405,WDR1,0.019375,0.856355221,0.06734605,0.06734605,1,0.145,0.008146025,2.089054276,2.089054276,0.07892487
WDR1-K569,WDR1,0.03325,0.216545463,0.66445091,0.66445091,0.874908498,0.145,0.008146025,2.089054276,2.089054276,0.07892487
WDR1-K65,WDR1,0.191,0.870588235,0.060187206,0.060187206,1,0.145,0.008146025,2.089054276,2.089054276,0.07892487
WDR1-K81,WDR1,-0.1383,0.433370733,0.363140422,-0.363140422,0.961720515,0.145,0.008146025,2.089054276,2.089054276,0.07892487
WDR1-K90,WDR1,-0.21,0.699174407,0.155414478,-0.155414478,1,0.145,0.008146025,2.089054276,2.089054276,0.07892487
WDR1-K95,WDR1,-0.0057,0.325122428,0.48795307,-0.48795307,0.930954294,0.145,0.008146025,2.089054276,2.089054276,0.07892487
WDR33-K46,WDR33,0.10575,0.58082667,0.23595345,0.23595345,1,0.095,0.231532378,0.635388268,0.635388268,0.497292831
WDR45B-K73,WDR45B,0.2005,0.124246201,0.905716883,0.905716883,0.79922227,0.11,0.968327152,0.01397789,0.01397789,0.986928781
WDR48-K616,WDR48,0.51975,0.066666667,1.176091259,1.176091259,0.722248672,-0.085,0.070808947,1.149911862,-1.149911862,0.262032926
WDR5-K112,WDR5,0.0907,0.649531065,0.187400073,0.187400073,1,0.2,0.001439005,2.841937647,2.841937647,0.030232951
WDR5-K250,WDR5,-0.1099,0.328720654,0.483173007,-0.483173007,0.930954294,0.2,0.001439005,2.841937647,2.841937647,0.030232951
WDR5-K27,WDR5,0.2505,0.900713554,0.045413302,0.045413302,1,0.2,0.001439005,2.841937647,2.841937647,0.030232951
WDR70-K509,WDR70,0.1165,0.176119976,0.754191383,0.754191383,0.859405482,-0.125,0.203799768,0.690796315,-0.690796315,0.46366629
WDR75-K466,WDR75,0.0385,0.630228369,0.200502052,0.200502052,1,0.1,0.637245311,0.195693351,0.195693351,0.820046795
WFDC2-K108,WFDC2,-0.388,0.465337295,0.332232139,-0.332232139,0.967568225,0.1,0.396048896,0.402251193,0.402251193,0.653638577
WFDC2-K116,WFDC2,-0.1295,0.561459231,0.250681774,-0.250681774,0.991315092,0.1,0.396048896,0.402251193,0.402251193,0.653638577
WFDC2-K76,WFDC2,0.4255,0.094427835,1.024899967,1.024899967,0.776434795,0.1,0.396048896,0.402251193,0.402251193,0.653638577
WIPI2-K223,WIPI2,0.06935,0.916902566,0.037676812,0.037676812,1,-0.08,0.01361284,1.866051255,-1.866051255,0.105495328
WIZ-K540,WIZ,-0.140515,0.885714286,0.052706351,-0.052706351,1,0.055,0.616138276,0.210321811,0.210321811,0.806287327
WRN-K493,WRN,0.202,0.352801271,0.452469859,0.452469859,0.935291689,-0.015,0.988119065,0.005190721,-0.005190721,0.995960893
WRNIP1-K141,WRNIP1,0.0975,0.928621281,0.032161368,0.032161368,1,0.205,0.166073891,0.779698638,0.779698638,0.415790394
WRNIP1-K633,WRNIP1,-0.0835,0.991752657,0.003596627,-0.003596627,1,0.205,0.166073891,0.779698638,0.779698638,0.415790394
WTAP-K268,WTAP,-0.0985,1,0,0,1,0.165,0.059220619,1.227527059,1.227527059,0.236871884
XPC-K72,XPC,0.0031,0.961215255,0.017179345,0.017179345,1,-0.015,0.687632436,0.162643646,-0.162643646,0.84981535
XPNPEP1-K173,XPNPEP1,0.107745,0.435598305,0.360913819,0.360913819,0.961720515,0.01,0.313598751,0.503625676,0.503625676,0.584136369
XPNPEP1-K330,XPNPEP1,-0.1065,0.920932747,0.035772084,-0.035772084,1,0.01,0.313598751,0.503625676,0.503625676,0.584136369
XPNPEP3-K412,XPNPEP3,0.2566255,1,0,0,1,0.055,0.191687467,0.717406282,0.717406282,0.446763881
XPO1-K103,XPO1,-0.11515,0.670173174,0.17381296,-0.17381296,1,0.205,0.034049249,1.467892468,1.467892468,0.175272968
XPO1-K446,XPO1,-0.07125,0.36006192,0.443622808,-0.443622808,0.936845827,0.205,0.034049249,1.467892468,1.467892468,0.175272968
XPO1-K455,XPO1,-0.0808,0.924547871,0.034070597,-0.034070597,1,0.205,0.034049249,1.467892468,1.467892468,0.175272968
XPO1-K531,XPO1,0.08478,0.483238871,0.315838139,0.315838139,0.967568225,0.205,0.034049249,1.467892468,1.467892468,0.175272968
XPO1-K560,XPO1,-0.112205,0.148950808,0.826957135,-0.826957135,0.831563929,0.205,0.034049249,1.467892468,1.467892468,0.175272968
XPO1-K686,XPO1,-0.111385,0.441439461,0.355128847,-0.355128847,0.961720515,0.205,0.034049249,1.467892468,1.467892468,0.175272968
XPO1-K693,XPO1,-0.04466,0.554797121,0.255865801,-0.255865801,0.990319758,0.205,0.034049249,1.467892468,1.467892468,0.175272968
XPO1-K700,XPO1,0.1988,0.33562752,0.474142436,0.474142436,0.930954294,0.205,0.034049249,1.467892468,1.467892468,0.175272968
XRCC1-K169,XRCC1,0.256,0.013548368,1.868113002,1.868113002,0.502151081,0.145,0.016729333,1.776521379,1.776521379,0.118305395
XRCC1-K260,XRCC1,-0.160405,0.185152713,0.73246992,-0.73246992,0.859405482,0.145,0.016729333,1.776521379,1.776521379,0.118305395
XRCC1-K298,XRCC1,0.2139,0.313700348,0.503484999,0.503484999,0.920825313,0.145,0.016729333,1.776521379,1.776521379,0.118305395
XRCC1-K431,XRCC1,-0.0765,0.339834244,0.46873286,-0.46873286,0.930954294,0.145,0.016729333,1.776521379,1.776521379,0.118305395
XRCC5-K265,XRCC5,0.03912,0.97141236,0.012596375,0.012596375,1,0.08,0.387771758,0.411423825,0.411423825,0.646248086
XRCC5-K332,XRCC5,0.09,0.741877143,0.129668009,0.129668009,1,0.08,0.387771758,0.411423825,0.411423825,0.646248086
XRCC5-K347,XRCC5,-0.4275,0.064559121,1.19004239,-1.19004239,0.714196044,0.08,0.387771758,0.411423825,0.411423825,0.646248086
XRCC5-K532,XRCC5,0.08125,0.183519494,0.736317797,0.736317797,0.859405482,0.08,0.387771758,0.411423825,0.411423825,0.646248086
XRCC5-K543,XRCC5,0.03915,0.748350226,0.125895106,0.125895106,1,0.08,0.387771758,0.411423825,0.411423825,0.646248086
XRCC5-K565,XRCC5,0.116,0.083507538,1.07827432,1.07827432,0.763093622,0.08,0.387771758,0.411423825,0.411423825,0.646248086
XRCC5-K648,XRCC5,0.0259,0.677231038,0.169263146,0.169263146,1,0.08,0.387771758,0.411423825,0.411423825,0.646248086
XRCC5-K665,XRCC5,0.2376,0.257403286,0.589385914,0.589385914,0.896059652,0.08,0.387771758,0.411423825,0.411423825,0.646248086
XRCC5-K702,XRCC5,0.0207,0.638753503,0.194666705,0.194666705,1,0.08,0.387771758,0.411423825,0.411423825,0.646248086
XRCC6-K114,XRCC6,-0.480719,0.019230769,1.716003344,-1.716003344,0.550225095,0.19,0.002545489,2.594228798,2.594228798,0.041912359
XRCC6-K287,XRCC6,0.094,0.413671433,0.383344469,0.383344469,0.956240488,0.19,0.002545489,2.594228798,2.594228798,0.041912359
XRCC6-K317,XRCC6,-0.0259,0.685714286,0.163856803,-0.163856803,1,0.19,0.002545489,2.594228798,2.594228798,0.041912359
XRCC6-K331,XRCC6,0.0944,0.594072594,0.226160482,0.226160482,1,0.19,0.002545489,2.594228798,2.594228798,0.041912359
XRCC6-K338,XRCC6,0.0382,0.994137781,0.002553421,0.002553421,1,0.19,0.002545489,2.594228798,2.594228798,0.041912359
XRCC6-K392,XRCC6,-0.169997,0.718059856,0.143839353,-0.143839353,1,0.19,0.002545489,2.594228798,2.594228798,0.041912359
XRCC6-K461,XRCC6,0.15265,0.025202335,1.598559226,1.598559226,0.579356878,0.19,0.002545489,2.594228798,2.594228798,0.041912359
XRCC6-K516,XRCC6,0.0274,0.124659004,0.904276348,0.904276348,0.79922227,0.19,0.002545489,2.594228798,2.594228798,0.041912359
XRCC6-K565,XRCC6,-0.095395,0.681870885,0.166297853,-0.166297853,1,0.19,0.002545489,2.594228798,2.594228798,0.041912359
XRCC6-K591,XRCC6,-0.027446,0.639884798,0.193898207,-0.193898207,1,0.19,0.002545489,2.594228798,2.594228798,0.041912359
XRCC6-K94,XRCC6,-0.0215,0.688820089,0.161894195,-0.161894195,1,0.19,0.002545489,2.594228798,2.594228798,0.041912359
XRN2-K210,XRN2,0.1102,0.767898768,0.114696029,0.114696029,1,0.03,0.348122396,0.458268036,0.458268036,0.615976174
XRN2-K337,XRN2,0.19955,0.199086582,0.70095801,0.70095801,0.859405482,0.03,0.348122396,0.458268036,0.458268036,0.615976174
XRN2-K874,XRN2,0.2149,0.682384146,0.165971072,0.165971072,1,0.03,0.348122396,0.458268036,0.458268036,0.615976174
YAP1-K280,YAP1,0.05865,0.393715315,0.404817691,0.404817691,0.954173427,0.03,0.976238519,0.01044406,0.01044406,0.991234632
YAP1-K346,YAP1,0.1456,0.432952649,0.363559599,0.363559599,0.961720515,0.03,0.976238519,0.01044406,0.01044406,0.991234632
YARS-K474,YARS,0.2144,0.737816972,0.132051359,0.132051359,1,0.44,0.003144361,2.502467583,2.502467583,0.047376547
YARS-K482,YARS,0.0886,0.522456711,0.281949688,0.281949688,0.982788878,0.44,0.003144361,2.502467583,2.502467583,0.047376547
YARS2-K355,YARS2,0.0143,0.786130139,0.104505553,0.104505553,1,-0.025,0.525206677,0.279669762,-0.279669762,0.750517953
YARS2-K367,YARS2,-0.0412,1,0,0,1,-0.025,0.525206677,0.279669762,-0.279669762,0.750517953
YBX1-K118,YBX1,0.044,0.937229437,0.028154079,0.028154079,1,0.165,0.135168801,0.869123538,0.869123538,0.371498723
YBX1-K170,YBX1,0.064575,0.443928449,0.352687023,0.352687023,0.961720515,0.165,0.135168801,0.869123538,0.869123538,0.371498723
YEATS2-K113,YEATS2,0.217435,0.41098204,0.386177156,0.386177156,0.956240488,0.165,0.18672029,0.728808487,0.728808487,0.440502556
YEATS2-K411,YEATS2,0.3898,0.476190476,0.322219295,0.322219295,0.967568225,0.165,0.18672029,0.728808487,0.728808487,0.440502556
YEATS4-K131,YEATS4,-0.0602,0.43005137,0.366479664,-0.366479664,0.961720515,0.245,0.002053332,2.687540851,2.687540851,0.037031477
YLPM1-K1812,YLPM1,-0.0509135,0.685714286,0.163856803,-0.163856803,1,-0.045,0.438676305,0.357855823,-0.357855823,0.689304396
YLPM1-K270,YLPM1,0.11022,0.690363617,0.160922105,0.160922105,1,-0.045,0.438676305,0.357855823,-0.357855823,0.689304396
YLPM1-K317,YLPM1,0.05325,0.401614261,0.396190874,0.396190874,0.956240488,-0.045,0.438676305,0.357855823,-0.357855823,0.689304396
YLPM1-K324,YLPM1,0.1691655,0.342857143,0.464886798,0.464886798,0.930954294,-0.045,0.438676305,0.357855823,-0.357855823,0.689304396
YLPM1-K499,YLPM1,-0.2019345,0.685714286,0.163856803,-0.163856803,1,-0.045,0.438676305,0.357855823,-0.357855823,0.689304396
YLPM1-K950,YLPM1,0.04164,0.591604715,0.227968374,0.227968374,1,-0.045,0.438676305,0.357855823,-0.357855823,0.689304396
YTHDC1-K132,YTHDC1,-0.2883905,0.6917994,0.160019819,-0.160019819,1,0.075,0.66946,0.174275367,0.174275367,0.839304802
YTHDC1-K72,YTHDC1,-0.07,1,0,0,1,0.075,0.66946,0.174275367,0.174275367,0.839304802
YTHDC1-K82,YTHDC1,0.08,0.886701338,0.052222636,0.052222636,1,0.075,0.66946,0.174275367,0.174275367,0.839304802
YTHDC1-K90,YTHDC1,0.059,0.898973846,0.046252943,0.046252943,1,0.075,0.66946,0.174275367,0.174275367,0.839304802
YWHAB-K11,YWHAB,0.02905,0.958333061,0.018483529,0.018483529,1,-0.01,0.952503089,0.021133607,-0.021133607,0.981249221
YWHAB-K159,YWHAB,-0.020533,0.855798049,0.067628708,-0.067628708,1,-0.01,0.952503089,0.021133607,-0.021133607,0.981249221
YWHAB-K195,YWHAB,-0.00847,1,0,0,1,-0.01,0.952503089,0.021133607,-0.021133607,0.981249221
YWHAB-K29,YWHAB,-0.3324,0.114628483,0.940707455,-0.940707455,0.777778072,-0.01,0.952503089,0.021133607,-0.021133607,0.981249221
YWHAB-K70,YWHAB,-0.06105,0.810034797,0.091496325,-0.091496325,1,-0.01,0.952503089,0.021133607,-0.021133607,0.981249221
YWHAE-K106,YWHAE,0.1951,0.439802642,0.356742166,0.356742166,0.961720515,0.19,0.005274245,2.277839737,2.277839737,0.062555609
YWHAE-K118,YWHAE,-0.03015,0.941363871,0.026242474,-0.026242474,1,0.19,0.005274245,2.277839737,2.277839737,0.062555609
YWHAE-K123,YWHAE,-0.2973,0.312742641,0.504812901,-0.504812901,0.920825313,0.19,0.005274245,2.277839737,2.277839737,0.062555609
YWHAE-K142,YWHAE,0.65165,0.535552116,0.271198261,0.271198261,0.984176452,0.19,0.005274245,2.277839737,2.277839737,0.062555609
YWHAE-K153,YWHAE,0.3096,0.289798808,0.537903405,0.537903405,0.911658441,0.19,0.005274245,2.277839737,2.277839737,0.062555609
YWHAE-K215,YWHAE,-0.149,0.583333333,0.234083206,-0.234083206,1,0.19,0.005274245,2.277839737,2.277839737,0.062555609
YWHAE-K28,YWHAE,-0.1852,0.292660698,0.533635596,-0.533635596,0.914776293,0.19,0.005274245,2.277839737,2.277839737,0.062555609
YWHAE-K50,YWHAE,-0.181,0.311223094,0.506928184,-0.506928184,0.920825313,0.19,0.005274245,2.277839737,2.277839737,0.062555609
YWHAE-K69,YWHAE,-0.02985,0.538470472,0.268838107,-0.268838107,0.985226023,0.19,0.005274245,2.277839737,2.277839737,0.062555609
YWHAE-K94,YWHAE,0.00859,0.963862827,0.015984769,0.015984769,1,0.19,0.005274245,2.277839737,2.277839737,0.062555609
YWHAG-K10,YWHAG,0.09815,0.276806455,0.557823787,0.557823787,0.906076353,0.205,0.049337235,1.30682519,1.30682519,0.21514036
YWHAG-K120,YWHAG,-0.1432,0.781433913,0.107107745,-0.107107745,1,0.205,0.049337235,1.30682519,1.30682519,0.21514036
YWHAG-K142,YWHAG,-0.022725,0.722342673,0.141256728,-0.141256728,1,0.205,0.049337235,1.30682519,1.30682519,0.21514036
YWHAG-K69,YWHAG,-0.01422,0.54176582,0.266188398,-0.266188398,0.986280811,0.205,0.049337235,1.30682519,1.30682519,0.21514036
YWHAG-K77,YWHAG,-0.4765,0.053099142,1.2749125,-1.2749125,0.67940945,0.205,0.049337235,1.30682519,1.30682519,0.21514036
YWHAH-K77,YWHAH,0.03675,0.754240233,0.122490305,0.122490305,1,0.195,0.063407153,1.197861746,1.197861746,0.246194511
YWHAQ-K139,YWHAQ,-0.879125,0.485714286,0.313619123,-0.313619123,0.967568225,-0.055,0.881622055,0.054717554,-0.054717554,0.94938043
YWHAQ-K157,YWHAQ,0.1069,0.887145506,0.052005143,0.052005143,1,-0.055,0.881622055,0.054717554,-0.054717554,0.94938043
YWHAQ-K212,YWHAQ,-0.3235,0.485714286,0.313619123,-0.313619123,0.967568225,-0.055,0.881622055,0.054717554,-0.054717554,0.94938043
YWHAQ-K27,YWHAQ,0.254145,0.373626374,0.427562475,0.427562475,0.94252692,-0.055,0.881622055,0.054717554,-0.054717554,0.94938043
YWHAQ-K49,YWHAQ,-0.33215,0.159740123,0.796585987,-0.796585987,0.84636288,-0.055,0.881622055,0.054717554,-0.054717554,0.94938043
YWHAQ-K68,YWHAQ,0.1487,0.041711204,1.379747271,1.379747271,0.631716774,-0.055,0.881622055,0.054717554,-0.054717554,0.94938043
YWHAQ-K85,YWHAQ,-0.10185,0.083463862,1.078501524,-1.078501524,0.763093622,-0.055,0.881622055,0.054717554,-0.054717554,0.94938043
YWHAQ-K9,YWHAQ,0.0321,0.79255394,0.100971171,0.100971171,1,-0.055,0.881622055,0.054717554,-0.054717554,0.94938043
YWHAZ-K103,YWHAZ,-0.175835,0.880975593,0.055036124,-0.055036124,1,0.01,0.901238979,0.045160033,0.045160033,0.959008171
YWHAZ-K138,YWHAZ,-0.06985,0.804453864,0.094498858,-0.094498858,1,0.01,0.901238979,0.045160033,0.045160033,0.959008171
YWHAZ-K157,YWHAZ,0.01375,0.25366906,0.595732501,0.595732501,0.896059652,0.01,0.901238979,0.045160033,0.045160033,0.959008171
YWHAZ-K27,YWHAZ,0.125825,0.603656027,0.219210459,0.219210459,1,0.01,0.901238979,0.045160033,0.045160033,0.959008171
YWHAZ-K68,YWHAZ,0.09285,0.306607612,0.513417067,0.513417067,0.920825313,0.01,0.901238979,0.045160033,0.045160033,0.959008171
YWHAZ-K85,YWHAZ,-0.36985,0.108213526,0.965718453,-0.965718453,0.776434795,0.01,0.901238979,0.045160033,0.045160033,0.959008171
YWHAZ-K9,YWHAZ,-0.102,0.193491904,0.713337203,-0.713337203,0.859405482,0.01,0.901238979,0.045160033,0.045160033,0.959008171
YY1-K339,YY1,0.143,0.004036132,2.394034638,2.394034638,0.377682496,0.115,0.249419975,0.603068769,0.603068769,0.518636295
YY1-K409,YY1,-0.1894,0.825177335,0.083452709,-0.083452709,1,0.115,0.249419975,0.603068769,0.603068769,0.518636295
ZBTB33-K474,ZBTB33,0.0059,0.502503011,0.298861332,0.298861332,0.972539701,0.055,0.746929119,0.12672061,0.12672061,0.882967121
ZBTB47-K440,ZBTB47,-0.2258,0.888881874,0.05115595,-0.05115595,1,0.01,0.301861728,0.520191946,0.520191946,0.572461292
ZBTB7A-K389,ZBTB7A,-0.3198,0.758763428,0.11989361,-0.11989361,1,0.025,0.932750267,0.030234618,0.030234618,0.97309982
ZC3H11A-K518,ZC3H11A,0.087,0.904761905,0.043465694,0.043465694,1,-0.06,0.788647098,0.103117291,-0.103117291,0.904396453
ZC3H11A-K565,ZC3H11A,0.1535,1,0,0,1,-0.06,0.788647098,0.103117291,-0.103117291,0.904396453
ZC3H11A-K595,ZC3H11A,0.12125,0.335582863,0.474200225,0.474200225,0.930954294,-0.06,0.788647098,0.103117291,-0.103117291,0.904396453
ZC3H11A-K654,ZC3H11A,-0.0394,0.980662753,0.00848032,-0.00848032,1,-0.06,0.788647098,0.103117291,-0.103117291,0.904396453
ZC3H11A-K684,ZC3H11A,0.1461,0.145510757,0.837104899,0.837104899,0.828033443,-0.06,0.788647098,0.103117291,-0.103117291,0.904396453
ZC3H14-K378,ZC3H14,0.5229,0.439435765,0.3571046,0.3571046,0.961720515,0.035,0.48383607,0.315301759,0.315301759,0.725370785
ZC3H14-K689,ZC3H14,0.505,0.243906598,0.612776451,0.612776451,0.890318598,0.035,0.48383607,0.315301759,0.315301759,0.725370785
ZC3H15-K362,ZC3H15,-0.28716,0.384456617,0.41515266,-0.41515266,0.9476637,-0.09,0.936697563,0.02840061,-0.02840061,0.974849861
ZC3H18-K659,ZC3H18,-0.1484,0.848972923,0.071106161,-0.071106161,1,0.21,0.160113568,0.795571864,0.795571864,0.407225729
ZC3H18-K807,ZC3H18,-0.3445,0.19047619,0.720159303,-0.720159303,0.859405482,0.21,0.160113568,0.795571864,0.795571864,0.407225729
ZC3H18-K838,ZC3H18,0.42305,0.126489397,0.897945878,0.897945878,0.803279972,0.21,0.160113568,0.795571864,0.795571864,0.407225729
ZC3H4-K1067,ZC3H4,-0.1096,0.468009846,0.329745011,-0.329745011,0.967568225,0.135,0.534938483,0.271696158,0.271696158,0.755088844
ZC3H4-K1084,ZC3H4,-0.24645,0.021201366,1.673636155,-1.673636155,0.553711116,0.135,0.534938483,0.271696158,0.271696158,0.755088844
ZC3H4-K1203,ZC3H4,-1.082,0.527272727,0.277964692,-0.277964692,0.982788878,0.135,0.534938483,0.271696158,0.271696158,0.755088844
ZC3H4-K383,ZC3H4,-0.0189635,0.685714286,0.163856803,-0.163856803,1,0.135,0.534938483,0.271696158,0.271696158,0.755088844
ZFAND6-K204,ZFAND6,0.4825,0.092719046,1.032831047,1.032831047,0.776434795,0.015,0.781034257,0.107329917,0.107329917,0.900290827
ZFHX3-K669,ZFHX3,-0.6151575,0.132967033,0.876256022,-0.876256022,0.809164535,-0.33,0.193463849,0.713400176,-0.713400176,0.448922106
ZFP64-K142,ZFP64,-0.02,0.500287833,0.300780059,-0.300780059,0.971766598,0.2,0.176971058,0.752097752,0.752097752,0.429762844
ZFR-K495,ZFR,0.1251,0.499828001,0.301179417,0.301179417,0.971766598,-0.03,0.588428933,0.230305981,-0.230305981,0.789111409
ZFR-K509,ZFR,0.0898,0.063432136,1.197690666,1.197690666,0.71154052,-0.03,0.588428933,0.230305981,-0.230305981,0.789111409
ZMIZ1-K843,ZMIZ1,-0.16155,0.347111086,0.459531515,-0.459531515,0.93437433,-0.305,0.350754777,0.454996406,-0.454996406,0.618856048
ZMIZ2-K701,ZMIZ2,-0.0253,0.497279016,0.303399866,-0.303399866,0.970789538,-0.115,0.724526928,0.139945469,-0.139945469,0.869630793
ZMYM2-K1275,ZMYM2,0.775,0.072727273,1.138302698,1.138302698,0.735103698,-0.125,0.330595312,0.480703309,-0.480703309,0.600455512
ZMYM3-K1273,ZMYM3,-0.204,0.730769231,0.136219747,-0.136219747,1,0.07,0.385045133,0.414488362,0.414488362,0.643905791
ZMYM3-K233,ZMYM3,-0.018,0.60952381,0.215009325,-0.215009325,1,0.07,0.385045133,0.414488362,0.414488362,0.643905791
ZMYM3-K439,ZMYM3,-0.19655,0.485714286,0.313619123,-0.313619123,0.967568225,0.07,0.385045133,0.414488362,0.414488362,0.643905791
ZMYM3-K489,ZMYM3,0.10705,0.455944056,0.341088442,0.341088442,0.9663303,0.07,0.385045133,0.414488362,0.414488362,0.643905791
ZMYM4-K1438,ZMYM4,0.05775,0.594360898,0.22594977,0.22594977,1,-0.015,0.885526611,0.052798383,-0.052798383,0.951013655
ZMYM4-K345,ZMYM4,0.1315,0.616062427,0.210375278,0.210375278,1,-0.015,0.885526611,0.052798383,-0.052798383,0.951013655
ZMYND11-K441,ZMYND11,-0.0905,0.980871397,0.00838793,-0.00838793,1,-0.18,0.007916923,2.101443573,-2.101443573,0.077777555
ZMYND8-K440,ZMYND8,0.1848,0.556855705,0.254257326,0.254257326,0.990772801,0.055,0.83486981,0.078381244,0.078381244,0.928134285
ZNF140-K187,ZNF140,-0.883,0.485714286,0.313619123,-0.313619123,0.967568225,-0.025,0.393205381,0.405380547,-0.405380547,0.651336122
ZNF143-K235,ZNF143,0.265287,0.326932971,0.485541278,0.485541278,0.930954294,-0.06,0.551344267,0.258577137,-0.258577137,0.766331079
ZNF148-K132,ZNF148,0.17685,0.484848485,0.314393957,0.314393957,0.967568225,-0.05,0.360983264,0.442512933,-0.442512933,0.623782104
ZNF148-K291,ZNF148,0.3355,1,0,0,1,-0.05,0.360983264,0.442512933,-0.442512933,0.623782104
ZNF148-K335,ZNF148,-0.1555,0.203814345,0.690765252,-0.690765252,0.86374944,-0.05,0.360983264,0.442512933,-0.442512933,0.623782104
ZNF148-K342,ZNF148,-0.0602,0.921180652,0.035655192,-0.035655192,1,-0.05,0.360983264,0.442512933,-0.442512933,0.623782104
ZNF207-K106,ZNF207,-0.2982,0.874875125,0.058053931,-0.058053931,1,0.04,0.17372269,0.760143454,0.760143454,0.425500126
ZNF207-K31,ZNF207,-0.03235,0.865291068,0.062837779,-0.062837779,1,0.04,0.17372269,0.760143454,0.760143454,0.425500126
ZNF207-K366,ZNF207,-0.05299,0.78870016,0.103088071,-0.103088071,1,0.04,0.17372269,0.760143454,0.760143454,0.425500126
ZNF207-K42,ZNF207,0.00895,0.710121279,0.148667473,0.148667473,1,0.04,0.17372269,0.760143454,0.760143454,0.425500126
ZNF22-K18,ZNF22,-0.2192,0.143177441,0.844125404,-0.844125404,0.823124408,-0.07,0.209173262,0.679493832,-0.679493832,0.470005453
ZNF281-K219,ZNF281,0.6423,0.019151921,1.717787657,1.717787657,0.550225095,0.155,0.070792675,1.150011678,1.150011678,0.262032926
ZNF281-K236,ZNF281,-0.00285,0.885714286,0.052706351,-0.052706351,1,0.155,0.070792675,1.150011678,1.150011678,0.262032926
ZNF281-K792,ZNF281,0.27643,0.005597558,2.252001415,2.252001415,0.384392544,0.155,0.070792675,1.150011678,1.150011678,0.262032926
ZNF292-K1117,ZNF292,0.2585,0.274804659,0.560975909,0.560975909,0.902857656,0.14,0.193424101,0.713489412,0.713489412,0.448922106
ZNF292-K2042,ZNF292,0.1535,0.68230089,0.166024062,0.166024062,1,0.14,0.193424101,0.713489412,0.713489412,0.448922106
ZNF292-K2620,ZNF292,0.1073,0.758142649,0.120249071,0.120249071,1,0.14,0.193424101,0.713489412,0.713489412,0.448922106
ZNF292-K2716,ZNF292,0.1515,0.840385277,0.075521565,0.075521565,1,0.14,0.193424101,0.713489412,0.713489412,0.448922106
ZNF318-K1866,ZNF318,0.2307,0.2455311,0.609893491,0.609893491,0.891892991,0.015,0.698608933,0.155765866,0.155765866,0.856012755
ZNF326-K283,ZNF326,-0.730035,0.114285714,0.942008053,-0.942008053,0.776434795,-0.1,0.294897024,0.53032961,-0.53032961,0.565169431
ZNF407-K2077,ZNF407,0.10423,0.525549887,0.279386053,0.279386053,0.982788878,0.02,0.830953083,0.080423497,0.080423497,0.926501091
ZNF407-K88,ZNF407,0.1411,0.685714286,0.163856803,0.163856803,1,0.02,0.830953083,0.080423497,0.080423497,0.926501091
ZNF473-K235,ZNF473,0.5155,0.087912088,1.055951405,1.055951405,0.773861515,0.17,0.210995692,0.675726412,0.675726412,0.472246388
ZNF473-K290,ZNF473,-0.2274,0.591307235,0.228186807,-0.228186807,1,0.17,0.210995692,0.675726412,0.675726412,0.472246388
ZNF48-K166,ZNF48,0.0096,0.671876113,0.172710799,0.172710799,1,0.115,0.29495786,0.530240027,0.530240027,0.565169431
ZNF503-K155,ZNF503,-0.874,0.165876565,0.780214966,-0.780214966,0.85031237,-0.35,0.045482949,1.342151387,-1.342151387,0.206135798
ZNF503-K172,ZNF503,-0.137855,0.750269339,0.124782802,-0.124782802,1,-0.35,0.045482949,1.342151387,-1.342151387,0.206135798
ZNF503-K209,ZNF503,0.2281,0.886636763,0.052254265,0.052254265,1,-0.35,0.045482949,1.342151387,-1.342151387,0.206135798
ZNF512-K100,ZNF512,-0.323,0.299986391,0.522898446,-0.522898446,0.918544718,-0.75,2.15E-05,4.667666683,-4.667666683,0.003323505
ZNF512-K18,ZNF512,0.063034,0.960358989,0.017566394,0.017566394,1,-0.75,2.15E-05,4.667666683,-4.667666683,0.003323505
ZNF512-K29,ZNF512,-0.23795,0.386286855,0.41309007,-0.41309007,0.949216088,-0.75,2.15E-05,4.667666683,-4.667666683,0.003323505
ZNF512B-K332,ZNF512B,-0.026,0.447667068,0.349044852,-0.349044852,0.961720515,0.145,0.257748337,0.588804129,0.588804129,0.526237851
ZNF592-K481,ZNF592,-0.8525,0.315151515,0.501480601,-0.501480601,0.920825313,0.055,0.306526375,0.51353215,0.51353215,0.577213184
ZNF594-K23,ZNF594,-0.1481,0.606393606,0.217245386,-0.217245386,1,-0.075,0.361081588,0.442394656,-0.442394656,0.623782104
ZNF609-K84,ZNF609,0.0509,0.774061176,0.111224715,0.111224715,1,-0.05,0.588466133,0.230278527,-0.230278527,0.789111409
ZNF638-K1391,ZNF638,0.0312,0.878478572,0.056268828,0.056268828,1,-0.1,0.1556387,0.807882407,-0.807882407,0.400906323
ZNF638-K1410,ZNF638,-0.26375,0.666521679,0.17618572,-0.17618572,1,-0.1,0.1556387,0.807882407,-0.807882407,0.400906323
ZNF638-K1415,ZNF638,0.01455,1,0,0,1,-0.1,0.1556387,0.807882407,-0.807882407,0.400906323
ZNF638-K1430,ZNF638,-0.339,0.509022636,0.293262904,-0.293262904,0.975315181,-0.1,0.1556387,0.807882407,-0.807882407,0.400906323
ZNF638-K1441,ZNF638,0.12783,0.229065321,0.640040655,0.640040655,0.879057947,-0.1,0.1556387,0.807882407,-0.807882407,0.400906323
ZNF638-K1455,ZNF638,-0.205,0.946206358,0.024014138,-0.024014138,1,-0.1,0.1556387,0.807882407,-0.807882407,0.400906323
ZNF638-K1457,ZNF638,-0.05935,0.623878701,0.204899841,-0.204899841,1,-0.1,0.1556387,0.807882407,-0.807882407,0.400906323
ZNF638-K1477,ZNF638,0.18,0.361139554,0.442324943,0.442324943,0.936845827,-0.1,0.1556387,0.807882407,-0.807882407,0.400906323
ZNF638-K1516,ZNF638,0.0597,0.428571429,0.367976785,0.367976785,0.961720515,-0.1,0.1556387,0.807882407,-0.807882407,0.400906323
ZNF638-K1860,ZNF638,0.013,0.885559427,0.05278229,0.05278229,1,-0.1,0.1556387,0.807882407,-0.807882407,0.400906323
ZNF638-K1866,ZNF638,0.036838,0.767898768,0.114696029,0.114696029,1,-0.1,0.1556387,0.807882407,-0.807882407,0.400906323
ZNF638-K1958,ZNF638,-0.2655,0.272127872,0.565226974,-0.565226974,0.902857656,-0.1,0.1556387,0.807882407,-0.807882407,0.400906323
ZNF638-K602,ZNF638,-0.24905,0.285714286,0.544068044,-0.544068044,0.909317859,-0.1,0.1556387,0.807882407,-0.807882407,0.400906323
ZNF638-K609,ZNF638,-0.2853,0.109090909,0.962211439,-0.962211439,0.776434795,-0.1,0.1556387,0.807882407,-0.807882407,0.400906323
ZNF638-K658,ZNF638,-0.1418,1,0,0,1,-0.1,0.1556387,0.807882407,-0.807882407,0.400906323
ZNF638-K811,ZNF638,0.603,0.342857143,0.464886798,0.464886798,0.930954294,-0.1,0.1556387,0.807882407,-0.807882407,0.400906323
ZNF638-K825,ZNF638,-0.061,0.574206417,0.240931959,-0.240931959,0.994730291,-0.1,0.1556387,0.807882407,-0.807882407,0.400906323
ZNF638-K86,ZNF638,0.1826783,0.678431373,0.168494077,0.168494077,1,-0.1,0.1556387,0.807882407,-0.807882407,0.400906323
ZNF652-K135,ZNF652,0.0646,0.444687771,0.351944814,0.351944814,0.961720515,0.09,0.048206731,1.316892316,1.316892316,0.212749001
ZNF652-K184,ZNF652,0.1031,0.766583913,0.115440299,0.115440299,1,0.09,0.048206731,1.316892316,1.316892316,0.212749001
ZNF668-K273,ZNF668,-0.0897,0.681940144,0.166253743,-0.166253743,1,0.225,0.001413849,2.849596842,2.849596842,0.030023547
ZNF687-K951,ZNF687,-0.1905,0.635878913,0.196625577,-0.196625577,1,0.14,0.163052114,0.787673567,0.787673567,0.41139761
ZNF703-K109,ZNF703,-0.34387,0.412121212,0.384975032,-0.384975032,0.956240488,-0.825,0.002386659,2.622209581,-2.622209581,0.040464937
ZNF703-K124,ZNF703,-0.1048,0.504762746,0.296912706,-0.296912706,0.97292638,-0.825,0.002386659,2.622209581,-2.622209581,0.040464937
ZNF703-K141,ZNF703,-0.059,0.754311323,0.122449373,-0.122449373,1,-0.825,0.002386659,2.622209581,-2.622209581,0.040464937
ZNF703-K155,ZNF703,-0.372,0.005469452,2.262056146,-2.262056146,0.384392544,-0.825,0.002386659,2.622209581,-2.622209581,0.040464937
ZNF706-K34,ZNF706,-0.0825,1,0,0,1,-0.05,0.885542127,0.052790774,-0.052790774,0.951013655
ZNF706-K7,ZNF706,-0.0328,0.819691297,0.086349676,-0.086349676,1,-0.05,0.885542127,0.052790774,-0.052790774,0.951013655
ZNF740-K155,ZNF740,0.022,0.725851699,0.139152102,0.139152102,1,0.02,0.713330404,0.146709265,0.146709265,0.86374531
ZNF740-K34,ZNF740,0.04265,0.8078637,0.092661906,0.092661906,1,0.02,0.713330404,0.146709265,0.146709265,0.86374531
ZNF740-K78,ZNF740,0.0363,0.735450057,0.133446814,0.133446814,1,0.02,0.713330404,0.146709265,0.146709265,0.86374531
ZNF746-K608,ZNF746,0.08757,0.909235064,0.041323824,0.041323824,1,0.1,0.15572336,0.807646233,0.807646233,0.400906323
ZNHIT1-K53,ZNHIT1,-0.010885,0.59929967,0.222355961,-0.222355961,1,-0.13,0.27265132,0.564392395,-0.564392395,0.542650841
ZNHIT1-K66,ZNHIT1,0.0395,0.914673341,0.038733979,0.038733979,1,-0.13,0.27265132,0.564392395,-0.564392395,0.542650841
ZRANB2-K43,ZRANB2,-0.10925,0.398383631,0.399698515,-0.399698515,0.956240488,-0.11,0.190059691,0.721109981,-0.721109981,0.444871128
ZRANB2-K54,ZRANB2,0.106,0.465663718,0.331927599,0.331927599,0.967568225,-0.11,0.190059691,0.721109981,-0.721109981,0.444871128
ZSCAN18-K422,ZSCAN18,-0.4885,3.20E-06,5.494823469,-5.494823469,0.007486324,-0.32,0.042855615,1.367992264,-1.367992264,0.199707863
ZSCAN31-K215,ZSCAN31,0.11945,0.944711261,0.024700908,0.024700908,1,-0.23,0.235519011,0.627974031,-0.627974031,0.502451759
ZSCAN32-K659,ZSCAN32,0.034,0.697000482,0.156766922,0.156766922,1,0.05,0.16603387,0.779803309,0.779803309,0.415790394
ZW10-K634,ZW10,0.18115,0.375819227,0.425021005,0.425021005,0.943988084,0.235,0.008271433,2.082419259,2.082419259,0.079398912
ZYX-K24,ZYX,-0.03675,0.726297083,0.1388857,-0.1388857,1,-0.09,0.427115381,0.369454789,-0.369454789,0.679912643
ZYX-K25,ZYX,-0.1179,0.951767091,0.021469316,-0.021469316,1,-0.09,0.427115381,0.369454789,-0.369454789,0.679912643
ZYX-K279,ZYX,0.138,0.306819928,0.513116436,0.513116436,0.920825313,-0.09,0.427115381,0.369454789,-0.369454789,0.679912643
