ope_id,school,state,zip_code,school_type,dl_subsidized_recipients,dl_subsidized_number_of_loans_originated,dl_subsidized_dollar_amount_of_loans_originated,dl_subsidized_number_of_disbursements,dl_subsidized_dollar_amount_of_disbursements,dl_unsubsidized_undergraduate_recipients,dl_unsubsidized_undergraduate_number_of_loans_originated,dl_unsubsidized_undergraduate_dollar_amount_of_loans_originated,dl_unsubsidized_undergraduate_number_of_disbursements,dl_unsubsidized_undergraduate_dollar_amount_of_disbursements,dl_unsubsidized_graduate_recipients,dl_unsubsidized_graduate_number_of_loans_originated,dl_unsubsidized_graduate_dollar_amount_of_loans_originated,dl_unsubsidized_graduate_number_of_disbursements,dl_unsubsidized_graduate_dollar_amount_of_disbursements,dl_parent_plus_recipients,dl_parent_plus_number_of_loans_originated,dl_parent_plus_dollar_amount_of_loans_originated,dl_parent_plus_number_of_disbursements,dl_parent_plus_dollar_amount_of_disbursements,dl_grad_plus_recipients,dl_grad_plus_number_of_loans_originated,dl_grad_plus_dollar_amount_of_loans_originated,dl_grad_plus_number_of_disbursements,dl_grad_plus_dollar_amount_of_disbursements
00100200,ALABAMA AGRICULTURAL & MECHANICAL UNIVERSITY,AL,357621357,Public,328,334,1103838,679,1132615,312,327,889597,667,928654,125,131,862371,262,862371,140,147,1255773,297,1276416,59,60,450413,120,450413
00100300,FAULKNER UNIVERSITY,AL,361093398,Private-Nonprofit,340,347,779957,737,840044,376,387,1072824,821,1138754,283,311,1890904,640,1977239,12,13,90420,22,91520,163,175,2830735,347,2830735
00100400,UNIVERSITY OF MONTEVALLO,AL,351156000,Public,80,80,137684,80,137684,43,43,98156,43,98156,46,48,300572,48,300572,13,14,61638,14,61638,14,15,121014,15,121014
00100500,ALABAMA STATE UNIVERSITY,AL,361045714,Public,282,286,712319,598,773831,227,238,579490,504,631599,44,48,338038,97,348288,111,117,635339,240,683608,94,98,723124,196,723531
00100700,CENTRAL ALABAMA COMMUNITY COLLEGE,AL,350100000,Public,35,35,85050,92,124225,30,32,71543,73,84040,-,-, -,-, -,1,1,5083,2,5083,-,-, -,-, -
00100800,ATHENS STATE UNIVERSITY,AL,356111999,Public,115,116,277516,222,483017,138,138,418802,241,686454,48,49,253894,85,503679,2,2,13427,3,15182,-,-, -,-, -
00100900,AUBURN UNIVERSITY,AL,368495113,Public,501,504,1231710,545,1248460,377,377,1054894,425,1065207,376,376,2769087,415,2846437,216,225,2768219,241,2793265,217,230,3018642,253,3045447
00101200,BIRMINGHAM-SOUTHERN COLLEGE,AL,352540002,Private-Nonprofit,29,29,105482,65,108232,32,34,99626,75,103376,-,-, -,-, -,3,3,24783,3,24783,-,-, -,-, -
00101300,CALHOUN COMMUNITY COLLEGE,AL,356710000,Public,72,73,199471,221,338854,67,67,151392,202,339784,-,-, -,-, -,2,2,7610,3,7610,-,-, -,-, -
00101500,ENTERPRISE STATE COMMUNITY COLLEGE,AL,363311300,Public,33,34,81430,92,126040,22,22,51889,65,96866,-,-, -,-, -,-,-, -,-, -,-,-, -,-, -
00101600,UNIVERSITY OF NORTH ALABAMA,AL,356320001,Public,166,166,285525,278,294467,112,113,265189,195,269730,215,217,1055681,368,1113697,17,17,69751,33,69751,29,29,163216,49,163216
00101900,HUNTINGDON COLLEGE,AL,361062148,Private-Nonprofit,1,1,3500,8,12248,4,4,15000,9,29850,1,1,3500,5,30832,3,3,19200,11,63746,0,0,0,3,15058
00102000,JACKSONVILLE STATE UNIVERSITY,AL,362651602,Public,316,319,633374,326,633374,179,182,432168,192,432168,317,317,1357867,318,1357867,54,55,211672,56,212172,20,20,122830,20,122830
00102200,JEFFERSON STATE COMMUNITY COLLEGE,AL,352153098,Public,164,164,412758,437,634954,156,161,328361,346,364110,-,-, -,-, -,-,-, -,-, -,-,-, -,-, -
00102400,UNIVERSITY OF WEST ALABAMA,AL,354700000,Public,301,305,479903,405,647818,195,196,474398,288,700725,546,565,3652814,2030,13115849,15,15,81187,16,92744,47,49,323204,151,1087314
00102800,MILES COLLEGE,AL,350642697,Private-Nonprofit,212,212,402207,424,402207,96,96,150091,192,150091,-,-, -,-, -,3,3,8462,6,8462,-,-, -,-, -
00102900,UNIVERSITY OF MOBILE,AL,366630220,Private-Nonprofit,28,29,72930,65,79504,24,26,81535,55,90660,36,36,255472,72,255472,6,6,54159,14,62766,15,15,126982,30,126982
00103100,NORTHEAST ALABAMA COMMUNITY COLLEGE,AL,359860159,Public,34,35,93676,85,121301,22,22,46000,47,48785,-,-, -,-, -,-,-, -,-, -,-,-, -,-, -
00103300,OAKWOOD UNIVERSITY,AL,358960001,Private-Nonprofit,71,71,277909,185,421648,85,88,305697,214,434110,3,3,56434,9,97434,12,12,151812,28,240088,-,-, -,-, -
00103600,SAMFORD UNIVERSITY,AL,352297000,Private-Nonprofit,7,7,19760,8,19760,13,14,57393,16,57393,343,344,2130509,344,2130509,16,18,164333,18,164333,500,504,6152809,505,6152809
00103800,SNEAD STATE COMMUNITY COLLEGE,AL,359570734,Public,18,18,43712,50,66341,14,14,44111,40,69523,-,-, -,-, -,-,-, -,-, -,-,-, -,-, -
00104000,SOUTHERN UNION STATE COMMUNITY COLLEGE,AL,362760000,Public,69,70,145177,149,185098,61,61,151901,133,201411,-,-, -,-, -,-,-, -,-, -,-,-, -,-, -
00104100,SPRING HILL COLLEGE,AL,366081791,Private-Nonprofit,28,29,42619,29,42619,13,14,46186,14,46186,9,9,54657,22,139570,17,17,89459,17,89459,1,1,13555,1,13555
00104400,STILLMAN COLLEGE,AL,354011430,Private-Nonprofit,34,35,95037,71,97787,32,33,69820,67,73320,-,-, -,-, -,7,7,36527,14,36527,-,-, -,-, -
00104600,TALLADEGA COLLEGE,AL,351602354,Private-Nonprofit,14,14,46042,33,64170,13,13,58545,34,83983,10,10,104367,36,186009,2,2,15182,8,24382,1,1,7695,14,66860
00104700,TROY UNIVERSITY,AL,360820001,Public,462,468,999912,858,1499980,389,393,933375,761,1554177,186,195,1159683,512,2833383,100,107,660683,123,716300,114,120,699330,164,821984
00105000,TUSKEGEE UNIVERSITY,AL,360881645,Private-Nonprofit,79,80,216244,160,217994,59,62,175341,125,178341,52,52,354205,104,354205,78,79,547855,158,547855,56,65,620681,129,620681
00105100,UNIVERSITY OF ALABAMA,AL,354870120,Public,449,452,1069262,462,1072762,377,380,1147715,396,1149715,378,379,2570619,385,2570619,243,266,2606577,269,2606577,129,134,1137899,136,1137899
00105200,UNIVERSITY OF ALABAMA AT BIRMINGHAM,AL,352941150,Public,507,520,1129380,818,1646911,373,388,1101082,691,1755952,531,572,4832831,1888,14545582,113,131,946859,199,1447568,312,349,2962954,621,5642554
00105500,UNIVERSITY OF ALABAMA IN HUNTSVILLE,AL,358990001,Public,98,101,269464,101,269464,96,99,292116,99,292116,102,103,604842,103,604842,18,19,111390,19,111390,21,21,156852,21,156852
00105700,UNIVERSITY OF SOUTH ALABAMA,AL,366880002,Public,373,398,754405,510,978100,247,257,682087,359,927028,582,604,7905345,1135,11092122,163,169,1139179,191,1257031,505,527,5245143,661,5598434
00106000,COASTAL ALABAMA COMMUNITY COLLEGE,AL,365072698,Public,133,133,395162,385,634720,109,109,296220,341,621459,-,-, -,-, -,2,2,6665,7,23065,-,-, -,-, -
00106100,ALASKA PACIFIC UNIVERSITY,AK,995084672,Private-Nonprofit,3,3,10750,6,17250,3,3,22000,10,37311,8,8,79987,16,109879,1,1,3500,1,3500,1,1,8875,2,11875
00106300,UNIVERSITY OF ALASKA FAIRBANKS,AK,997757500,Public,49,51,136482,56,136482,45,51,149244,54,149244,22,24,195517,24,195517,4,4,26699,4,26699,3,3,23734,3,23734
00106500,UNIVERSITY OF ALASKA SOUTHEAST,AK,998018680,Public,9,10,28339,23,43445,12,12,30230,28,59712,17,17,188937,32,291307,1,1,4957,1,4957,1,1,716,4,17216
00107100,ARIZONA WESTERN COLLEGE,AZ,853658847,Public,1,1,1750,2,1750,-,-, -,-, -,-,-, -,-, -,-,-, -,-, -,-,-, -,-, -
00107200,COCHISE COLLEGE,AZ,856352317,Public,17,17,30831,38,36081,15,15,34368,34,39549,-,-, -,-, -,-,-, -,-, -,-,-, -,-, -
00107400,GRAND CANYON UNIVERSITY,AZ,850173030,Proprietary,12674,12694,46251111,35830,70024272,12796,12874,59178902,36899,90249973,11561,11605,147662109,39394,232525080,340,346,3244864,722,3814614,588,603,7777093,2002,11258712
00107600,GLENDALE COMMUNITY COLLEGE,AZ,853023090,Public,152,154,284907,300,289532,66,67,119843,129,122843,-,-, -,-, -,-,-, -,-, -,-,-, -,-, -
00107700,MESA COMMUNITY COLLEGE,AZ,852024866,Public,135,136,236009,267,243509,68,69,132129,133,132129,-,-, -,-, -,2,2,13768,4,13768,-,-, -,-, -
00107800,PHOENIX COLLEGE,AZ,850134234,Public,126,133,217344,262,225800,79,84,159612,166,161326,-,-, -,-, -,-,-, -,-, -,-,-, -,-, -
00107900,YAVAPAI COLLEGE,AZ,863013297,Public,38,39,75098,76,75098,39,42,82638,83,83735,-,-, -,-, -,1,1,3443,2,3443,-,-, -,-, -
00108100,ARIZONA STATE UNIVERSITY,AZ,852870412,Public,5062,5209,13596848,5351,13613401,4181,4367,12291599,4522,12321317,2426,2566,17181475,2594,17194975,861,912,6341121,984,6398161,1870,2018,17496333,2066,17512861
00108200,NORTHERN ARIZONA UNIVERSITY,AZ,860110001,Public,507,508,1511936,527,1512811,348,350,1114430,373,1116910,377,380,2699232,386,2699232,38,39,336081,50,341581,261,277,3157713,287,3168267
00108300,UNIVERSITY OF ARIZONA (THE),AZ,857210066,Public,834,859,2374479,1039,2447283,661,691,2015684,895,2097438,576,627,7659064,988,10503865,337,371,2364297,452,2598133,568,642,6481811,996,8439061
00108500,UNIVERSITY OF ARKANSAS AT MONTICELLO,AR,716560000,Public,126,130,281438,255,284313,117,119,267391,239,269980,182,189,1108182,373,1108182,4,5,22477,10,22477,3,3,11953,6,11953
00108600,UNIVERSITY OF ARKANSAS AT PINE BLUFF,AR,716012790,Public,113,118,256388,238,267888,94,99,218755,197,225755,13,13,76231,26,76231,21,22,91237,46,94737,-,-, -,-, -
00108700,ARKANSAS BAPTIST COLLEGE,AR,722026099,Private-Nonprofit,38,41,104812,94,130187,34,35,65843,83,83360,-,-, -,-, -,-,-, -,-, -,-,-, -,-, -
00108800,LYON COLLEGE,AR,725013699,Private-Nonprofit,1,1,5500,2,5500,0,0,0,1,3800,-,-, -,-, -,0,0,0,1,900,-,-, -,-, -
00108900,ARKANSAS TECH UNIVERSITY,AR,728012222,Public,200,208,417342,412,417342,169,179,497434,355,497434,72,73,364905,146,364905,14,14,47833,29,48096,9,9,56274,18,56274
00109000,ARKANSAS STATE UNIVERSITY,AR,724010000,Public,394,399,955212,415,957962,421,436,1300016,454,1301016,1649,1722,8343024,1725,8343024,34,34,157735,38,157735,229,240,1865031,244,1865031
00109100,ARKANSAS STATE UNIVERSITY - BEEBE,AR,720121000,Public,33,34,74144,76,84888,29,29,89974,60,91636,-,-, -,-, -,1,1,3500,4,9250,-,-, -,-, -
00109200,UNIVERSITY OF CENTRAL ARKANSAS,AR,720350001,Public,196,199,384574,206,384574,150,152,332978,154,332978,330,344,1455659,346,1455659,48,50,195619,51,195619,205,221,1366673,221,1366673
00109300,CENTRAL BAPTIST COLLEGE,AR,720346470,Private-Nonprofit,4,4,6688,16,16888,3,3,6738,16,27069,-,-, -,-, -,1,1,4924,2,4924,-,-, -,-, -
00109400,UNIVERSITY OF THE OZARKS,AR,728302880,Private-Nonprofit,6,6,16459,12,17244,8,8,28424,15,28424,-,-, -,-, -,2,2,13000,4,13000,-,-, -,-, -
00109500,CROWLEY'S RIDGE COLLEGE,AR,724509775,Private-Nonprofit,-,-, -,-, -,1,1,3000,2,3000,-,-, -,-, -,2,3,20500,6,20500,-,-, -,-, -
00109700,HARDING UNIVERSITY,AR,721490001,Private-Nonprofit,132,132,357479,200,452285,153,163,452216,252,570227,250,251,2593656,387,3894054,40,40,417986,46,462185,76,77,747797,130,1200223
00109800,HENDERSON STATE UNIVERSITY,AR,719990001,Public,42,42,98368,60,107118,44,45,134097,58,143347,75,80,476572,131,491322,9,10,44172,13,45672,22,22,147144,37,147144
00109900,HENDRIX COLLEGE,AR,720323080,Private-Nonprofit,2,2,8250,2,8250,4,4,14500,4,14500,-,-, -,-, -,2,2,8700,2,8700,-,-, -,-, -
00110000,JOHN BROWN UNIVERSITY,AR,727612747,Private-Nonprofit,17,17,61477,62,124875,14,14,40361,44,104525,28,28,355891,227,1179521,3,3,9999,4,9999,1,1,19558,4,26392
00110100,UNIVERSITY OF ARKANSAS AT LITTLE ROCK,AR,722041099,Public,272,277,685623,277,685623,249,254,751343,255,753549,75,76,506379,76,506379,9,11,39266,11,39266,78,79,558834,79,558834
00110200,OUACHITA BAPTIST UNIVERSITY,AR,719980001,Private-Nonprofit,4,4,9525,4,9525,5,5,16374,5,16374,27,27,214666,52,381682,1,1,2192,2,3347,0,0,0,1,10405
00110300,PHILANDER SMITH COLLEGE,AR,722023718,Private-Nonprofit,30,31,60420,69,69295,18,19,56454,42,60704,-,-, -,-, -,2,2,4076,4,4076,-,-, -,-, -
00110500,SHORTER COLLEGE,AR,721144885,Private-Nonprofit,52,56,129884,169,162325,44,47,109087,152,158536,-,-, -,-, -,-,-, -,-, -,-,-, -,-, -
00110600,WILLIAMS BAPTIST UNIVERSITY,AR,724764661,Private-Nonprofit,4,4,7272,4,7272,6,6,7488,7,9205,3,3,15984,11,44478,3,3,5905,5,8292,-,-, -,-, -
00110700,SOUTHERN ARKANSAS UNIVERSITY,AR,717535000,Public,75,79,218416,159,220166,80,86,262575,173,263575,223,229,1303428,448,1303428,30,31,133782,61,133782,69,71,543126,140,543126
00110800,UNIVERSITY OF ARKANSAS,AR,727010000,Public,978,1014,1732941,1098,1738491,686,701,1269124,777,1269853,305,320,1734867,330,1734867,115,122,893169,148,893169,116,135,957845,148,957845
00110900,UNIVERSITY OF ARKANSAS FOR MEDICAL SCIENCES,AR,722057102,Public,19,21,74050,26,81796,17,18,78362,22,82362,444,457,14272201,883,14272201,4,4,15712,4,15712,342,380,6219714,695,6219714
00111000,UNIVERSITY OF ARKANSAS AT FORT SMITH,AR,729047397,Public,41,41,147962,136,227107,41,41,175239,127,263055,3,3,19593,9,40093,1,1,8765,4,18005,1,1,11019,2,11019
00111100,ALLAN HANCOCK COLLEGE,CA,934546399,Public,36,43,156816,100,160066,34,41,164119,96,171869,-,-, -,-, -,-,-, -,-, -,-,-, -,-, -
00111300,ANTELOPE VALLEY COLLEGE,CA,935365426,Public,57,57,198773,171,201898,56,61,170472,174,172722,-,-, -,-, -,-,-, -,-, -,-,-, -,-, -
00111600,ART CENTER COLLEGE OF DESIGN,CA,911031999,Private-Nonprofit,174,174,443485,264,607519,152,152,374837,239,540247,20,20,215250,23,235750,30,31,421328,40,479008,8,8,111384,11,122539
00111700,AZUSA PACIFIC UNIVERSITY,CA,917027000,Private-Nonprofit,289,339,1200742,788,1538514,271,302,1280433,712,1717008,350,361,3966190,1456,10241814,41,44,454412,76,530634,392,418,3978466,1369,9323315
00111800,BAKERSFIELD COLLEGE,CA,933051299,Public,41,41,123688,84,127938,39,40,86462,80,86462,-,-, -,-, -,-,-, -,-, -,-,-, -,-, -
00111900,BARSTOW COMMUNITY COLLEGE,CA,923116608,Public,80,80,206343,169,240101,10,10,34000,21,37900,-,-, -,-, -,-,-, -,-, -,-,-, -,-, -
00112000,BERKELEY SCHOOL OF THEOLOGY,CA,947043029,Private-Nonprofit,-,-, -,-, -,-,-, -,-, -,1,1,6960,2,6960,-,-, -,-, -,-,-, -,-, -
00112200,BIOLA UNIVERSITY,CA,906390001,Private-Nonprofit,18,18,64780,103,200808,19,19,57770,105,270368,3,3,27332,40,274631,3,3,24413,6,45641,1,1,9165,18,217384
00112400,CABRILLO COLLEGE,CA,950033194,Public,6,6,23000,12,23000,6,6,28695,12,28695,-,-, -,-, -,-,-, -,-, -,-,-, -,-, -
00112500,CALIFORNIA BAPTIST UNIVERSITY,CA,925043297,Private-Nonprofit,855,870,1993170,971,2179313,767,782,2273597,878,2506552,360,362,2909689,1718,12037770,35,38,246883,42,263123,200,213,1876581,392,3479506
00112700,CALIFORNIA COLLEGE OF THE ARTS,CA,941072206,Private-Nonprofit,19,20,78196,33,78196,18,18,62952,28,62952,26,27,346077,38,346077,9,11,143445,12,143445,14,15,225000,24,225000
00113100,CALIFORNIA INSTITUTE OF TECHNOLOGY,CA,911250001,Private-Nonprofit,2,2,3400,6,3400,4,4,22600,12,22600,-,-, -,-, -,-,-, -,-, -,-,-, -,-, -
00113200,CALIFORNIA INSTITUTE OF THE ARTS,CA,913552397,Private-Nonprofit,1,1,4500,3,7250,0,0,0,1,1000,1,2,10000,2,10000,1,1,4000,1,4000,3,3,8988,4,10988
00113300,CALIFORNIA LUTHERAN UNIVERSITY,CA,913602787,Private-Nonprofit,22,22,107170,80,177450,27,27,124150,85,198793,95,96,777886,383,2337075,24,25,280817,32,288703,24,25,214299,81,521438
00113400,CALIFORNIA STATE UNIVERSITY MARITIME ACADEMY,CA,945908181,Public,22,22,39413,23,39413,14,14,20112,18,20112,0,0,0,6,31536,9,9,46916,9,46916,-,-, -,-, -
00113700,"CALIFORNIA STATE UNIVERSITY, FULLERTON",CA,928313599,Public,437,448,1340209,663,1371629,322,328,937146,480,968667,220,225,1514191,253,1528149,15,15,188381,24,220091,57,57,585842,61,585842
00113800,"CALIFORNIA STATE UNIVERSITY, EAST BAY",CA,945423000,Public,192,196,700787,218,703537,168,171,619575,193,621671,61,64,480303,77,490553,7,7,45397,9,45397,8,8,77974,11,77974
00113900,"CALIFORNIA STATE UNIVERSITY, LONG BEACH",CA,908400006,Public,265,266,1121731,462,1129481,262,267,866346,445,874548,162,164,1226555,217,1295805,10,11,92668,18,103205,45,47,350193,49,350193
00114000,"CALIFORNIA STATE UNIVERSITY, LOS ANGELES",CA,900324226,Public,148,149,556066,232,574666,134,136,594249,218,610824,70,70,524928,110,546459,4,4,36142,6,36142,49,50,467357,59,471357
00114100,"CALIFORNIA STATE UNIVERSITY, DOMINGUEZ HILLS",CA,907470001,Public,163,164,512513,242,526413,124,124,383631,169,388631,100,101,938701,156,941201,6,6,20989,8,20989,31,31,254693,33,257561
00114200,"CALIFORNIA STATE UNIVERSITY, SAN BERNARDINO",CA,924072393,Public,320,323,1023970,382,1042107,256,259,827599,302,844432,68,71,443002,80,445045,5,5,35703,10,44525,17,19,158193,28,169458
00114300,CALIFORNIA POLYTECHNIC STATE UNIVERSITY,CA,934070001,Public,155,167,468459,291,497026,112,117,307260,187,335467,16,18,97079,28,124693,81,84,587432,132,635629,6,6,27368,6,27368
00114400,"CALIFORNIA STATE POLYTECHNIC UNIVERSITY, POMONA",CA,917682500,Public,269,280,778364,343,788114,172,175,495842,217,503617,49,50,311054,52,311054,13,13,91417,15,91417,22,22,188022,23,188022
00114600,"CALIFORNIA STATE UNIVERSITY, CHICO",CA,959290001,Public,150,163,379391,209,384048,147,158,402871,186,403879,77,81,437774,89,437774,2,3,8314,6,8314,16,16,126244,16,126244
00114700,"CALIFORNIA STATE UNIVERSITY, FRESNO",CA,937408026,Public,197,200,673777,308,694755,136,138,461908,211,474909,22,23,190121,40,231121,1,1,5000,2,5000,20,20,170466,20,170466
00114900,"CALIFORNIA STATE POLYTECHNIC UNIVERSITY, HUMBOLDT",CA,955218299,Public,58,60,203478,90,207478,64,66,192329,91,197683,35,35,198420,41,203420,1,1,8500,1,8500,5,6,34826,8,45706
00115000,CALIFORNIA STATE UNIVERSITY - SACRAMENTO,CA,958196044,Public,214,218,802390,314,829914,241,245,831756,310,849644,72,76,673963,89,691163,24,27,208454,51,222982,33,36,327534,40,333119
00115100,SAN DIEGO STATE UNIVERSITY,CA,921821690,Public,379,393,1208993,531,1212973,333,343,1142313,461,1148242,223,227,1699139,263,1699139,32,32,254728,49,297036,116,117,1291900,127,1291900
00115300,"CALIFORNIA STATE UNIVERSITY, NORTHRIDGE",CA,913308307,Public,368,376,1501532,678,1513090,272,275,999833,503,1007833,296,303,1928624,351,1928624,-,-, -,-, -,183,186,1853754,202,1853754
00115400,SAN FRANCISCO STATE UNIVERSITY,CA,941321740,Public,461,476,1274757,565,1290672,340,355,1133788,445,1142381,73,75,537099,94,546011,107,111,775683,128,786219,64,66,622508,70,622508
00115500,SAN JOSE STATE UNIVERSITY,CA,951920036,Public,217,225,758667,295,776827,168,174,575850,240,593690,112,115,755338,134,765213,53,56,382028,71,382028,80,85,576576,98,580567
00115600,SONOMA STATE UNIVERSITY,CA,949283609,Public,63,63,185510,86,191725,45,46,133949,67,136261,39,39,297317,39,297317,9,9,76489,14,76489,5,5,43357,6,43357
00115700,"CALIFORNIA STATE UNIVERSITY, STANISLAUS",CA,953820299,Public,169,177,555174,223,565637,134,139,400499,183,404671,15,15,111753,18,119253,5,5,31000,6,31000,6,6,49169,6,49169
00116100,CERRITOS COMMUNITY COLLEGE,CA,906506296,Public,57,57,204694,113,204694,55,55,242693,111,245943,-,-, -,-, -,-,-, -,-, -,-,-, -,-, -
00116200,CHABOT COLLEGE,CA,945452400,Public,10,10,36400,20,36400,8,8,35614,18,38614,-,-, -,-, -,-,-, -,-, -,-,-, -,-, -
00116300,CHAFFEY COMMUNITY COLLEGE,CA,917379400,Public,18,18,35938,20,38188,20,20,58000,22,59000,-,-, -,-, -,-,-, -,-, -,-,-, -,-, -
00116400,CHAPMAN UNIVERSITY,CA,928661099,Private-Nonprofit,27,27,85958,45,85958,28,28,75754,45,75754,93,93,1280358,499,4741125,21,21,225135,47,284271,125,126,1608286,613,7564680
00116500,CHURCH DIVINITY SCHOOL OF THE PACIFIC,CA,947091217,Private-Nonprofit,-,-, -,-, -,-,-, -,-, -,0,0,0,1,4330,-,-, -,-, -,-,-, -,-, -
00116600,CITRUS COLLEGE,CA,917411899,Public,21,22,49624,50,69516,21,22,58249,50,89027,-,-, -,-, -,-,-, -,-, -,-,-, -,-, -
00116900,CLAREMONT GRADUATE UNIVERSITY,CA,917116163,Private-Nonprofit,-,-, -,-, -,-,-, -,-, -,46,49,551089,54,564436,-,-, -,-, -,128,145,1886955,165,1908708
00117000,CLAREMONT MCKENNA COLLEGE,CA,917116400,Private-Nonprofit,3,3,8342,5,8342,4,4,15857,7,15857,-,-, -,-, -,-,-, -,-, -,-,-, -,-, -
00117100,HARVEY MUDD COLLEGE,CA,917115990,Private-Nonprofit,-,-, -,-, -,1,1,2000,2,3915,-,-, -,-, -,0,0,0,1,5564,-,-, -,-, -
00117200,PITZER COLLEGE,CA,917116101,Private-Nonprofit,2,2,10500,3,10500,5,5,20360,8,20360,-,-, -,-, -,2,2,47138,2,47138,-,-, -,-, -
00117300,POMONA COLLEGE,CA,917116301,Private-Nonprofit,4,4,7146,8,7146,3,3,13930,5,13930,-,-, -,-, -,1,1,31324,2,31324,-,-, -,-, -
00117400,SCRIPPS COLLEGE,CA,917113948,Private-Nonprofit,6,6,27281,12,27281,5,5,30000,9,30000,-,-, -,-, -,1,1,6000,2,6000,-,-, -,-, -
00117600,WEST HILLS COMMUNITY COLLEGE,CA,932101399,Public,1,1,1750,17,11638,1,1,3000,17,14882,-,-, -,-, -,-,-, -,-, -,-,-, -,-, -
00117700,UNIVERSITY OF SILICON VALLEY,CA,951341697,Proprietary,126,132,473700,324,655329,126,156,486112,369,635884,2,2,26273,7,51135,61,83,782759,181,1005076,-,-, -,-, -
00117800,COLLEGE OF MARIN,CA,949042590,Public,3,3,10940,12,21690,1,1,10000,7,20000,-,-, -,-, -,-,-, -,-, -,-,-, -,-, -
00117900,NOTRE DAME DE NAMUR UNIVERSITY,CA,940021997,Private-Nonprofit,6,6,23786,10,23786,6,6,38173,10,38173,41,42,672874,69,672874,-,-, -,-, -,1,1,4000,1,4000
00118100,COLLEGE OF SAN MATEO,CA,944023784,Public,4,4,14000,8,14000,6,6,15177,12,15177,-,-, -,-, -,-,-, -,-, -,-,-, -,-, -
00118200,COLLEGE OF THE DESERT,CA,922609305,Public,4,4,10250,12,18375,4,4,12000,10,18375,-,-, -,-, -,-,-, -,-, -,-,-, -,-, -
00118300,HOLY NAMES UNIVERSITY,CA,946191699,Private-Nonprofit,25,25,83750,38,97000,28,28,91000,45,101000,121,126,1409086,175,1626236,6,6,72561,10,72561,19,20,213853,25,233367
00118500,COLLEGE OF THE REDWOODS,CA,955019300,Public,20,20,63455,44,67946,18,18,46156,42,57338,-,-, -,-, -,-,-, -,-, -,-,-, -,-, -
00118600,COLLEGE OF THE SEQUOIAS,CA,932772234,Public,4,4,11698,8,11698,1,1,1200,2,1200,-,-, -,-, -,-,-, -,-, -,-,-, -,-, -
00118700,COLLEGE OF THE SISKIYOUS,CA,960942899,Public,5,5,12750,24,31575,6,6,18242,27,41798,-,-, -,-, -,1,1,5000,2,5000,-,-, -,-, -
00119000,CONTRA COSTA COLLEGE,CA,948063195,Public,10,10,24733,32,43933,10,10,35750,28,58683,-,-, -,-, -,-,-, -,-, -,-,-, -,-, -
00119100,DIABLO VALLEY COLLEGE,CA,945231544,Public,27,27,80578,48,96266,27,27,104662,46,127412,-,-, -,-, -,-,-, -,-, -,-,-, -,-, -
00119200,CUESTA COLLEGE,CA,934038106,Public,17,19,52328,49,86489,23,25,75565,55,125760,-,-, -,-, -,0,0,0,1,5666,-,-, -,-, -
00119300,CYPRESS COLLEGE,CA,906305897,Public,15,15,36700,31,37669,10,10,29500,21,31281,-,-, -,-, -,-,-, -,-, -,-,-, -,-, -
00119600,DOMINICAN UNIVERSITY OF CALIFORNIA,CA,949012298,Private-Nonprofit,15,16,71750,28,80000,16,19,46856,31,54856,37,38,646007,147,1260544,6,6,60009,6,60009,65,68,816604,71,841085
00119700,EL CAMINO COLLEGE,CA,905060002,Public,68,69,140109,284,244823,63,64,175177,266,316172,-,-, -,-, -,1,1,12098,2,12098,-,-, -,-, -
00119900,FOOTHILL COLLEGE,CA,940224597,Public,62,64,174228,295,384382,41,45,126157,232,380304,-,-, -,-, -,-,-, -,-, -,-,-, -,-, -
00120000,FULLER THEOLOGICAL SEMINARY,CA,911820002,Private-Nonprofit,-,-, -,-, -,1,1,2375,13,33510,55,55,539653,693,3809308,-,-, -,-, -,10,10,138963,196,1058317
00120100,FULLERTON COLLEGE,CA,928322095,Public,44,44,136912,90,139162,41,41,149649,83,149649,-,-, -,-, -,-,-, -,-, -,-,-, -,-, -
00120200,GAVILAN COLLEGE,CA,950209599,Public,1,1,3500,2,3500,-,-, -,-, -,-,-, -,-, -,-,-, -,-, -,-,-, -,-, -
00120300,GLENDALE COMMUNITY COLLEGE,CA,912082894,Public,77,77,287855,132,307955,41,42,218355,83,239605,-,-, -,-, -,-,-, -,-, -,-,-, -,-, -
00120500,GOLDEN GATE UNIVERSITY,CA,941052967,Private-Nonprofit,67,68,273876,138,336465,65,66,347230,134,436634,222,222,3920585,525,4693344,-,-, -,-, -,158,159,5806688,452,5870908
00120600,GOLDEN WEST COLLEGE,CA,926472748,Public,29,32,89168,37,99418,23,25,89837,29,95837,-,-, -,-, -,-,-, -,-, -,-,-, -,-, -
00120700,GRADUATE THEOLOGICAL UNION,CA,947091212,Private-Nonprofit,-,-, -,-, -,-,-, -,-, -,-,-, -,-, -,-,-, -,-, -,1,1,6000,1,6000
00120800,GROSSMONT COLLEGE,CA,920201799,Public,20,20,63000,48,71184,17,17,68564,39,77947,-,-, -,-, -,-,-, -,-, -,-,-, -,-, -
00120900,HARTNELL COMMUNITY COLLEGE,CA,939011697,Public,5,5,18250,11,20000,5,5,23000,11,25831,-,-, -,-, -,-,-, -,-, -,-,-, -,-, -
00121200,HUMPHREYS UNIVERSITY,CA,952073896,Private-Nonprofit,40,40,125150,264,196084,36,36,152023,256,267936,41,41,526896,290,850294,3,3,40098,18,41398,4,4,42009,21,61508
00121500,LA SIERRA UNIVERSITY,CA,925053332,Private-Nonprofit,47,47,119760,668,975703,38,39,126385,633,737409,92,104,532079,226,1200931,22,25,218293,196,910898,33,49,290528,84,462493
00121600,UNIVERSITY OF LA VERNE,CA,917504443,Private-Nonprofit,59,59,212224,81,243633,50,52,188827,72,235496,143,148,913034,186,1124778,5,5,49660,6,49660,279,292,2044762,332,2434571
00121700,LASSEN COLLEGE,CA,961303000,Public,1,1,3500,13,11875,0,0,0,11,13250,-,-, -,-, -,0,0,0,3,9087,-,-, -,-, -
00121800,LOMA LINDA UNIVERSITY,CA,923500001,Private-Nonprofit,170,172,742064,632,968157,170,175,816153,648,1090291,821,860,19796104,2591,20822572,15,16,406535,53,464673,540,626,15407468,1948,17001423
00121900,LONG BEACH CITY COLLEGE,CA,908081780,Public,29,29,101000,173,311624,25,25,98266,166,329573,-,-, -,-, -,-,-, -,-, -,-,-, -,-, -
00122000,MASTER'S UNIVERSITY AND SEMINARY (THE),CA,913211200,Private-Nonprofit,14,14,42953,84,124255,12,12,63292,70,155120,6,6,51005,21,125666,2,2,10500,4,12000,-,-, -,-, -
00122300,LOS ANGELES CITY COLLEGE,CA,900293588,Public,99,102,330621,284,447491,100,106,387030,273,514770,-,-, -,-, -,-,-, -,-, -,-,-, -,-, -
00122400,LOS ANGELES HARBOR COLLEGE,CA,907442397,Public,11,11,43400,22,49650,12,12,51250,23,55750,-,-, -,-, -,-,-, -,-, -,-,-, -,-, -
00122600,LOS ANGELES PIERCE COLLEGE,CA,913710001,Public,86,90,341436,228,424436,82,84,323916,215,419250,-,-, -,-, -,-,-, -,-, -,-,-, -,-, -
00122700,LOS ANGELES TRADE-TECHNICAL COLLEGE,CA,900154181,Public,32,32,84338,89,125488,26,27,95067,79,147643,-,-, -,-, -,-,-, -,-, -,-,-, -,-, -
00122800,LOS ANGELES VALLEY COLLEGE,CA,914014096,Public,41,44,126840,123,182825,43,45,160281,117,215016,-,-, -,-, -,-,-, -,-, -,-,-, -,-, -
00122900,SOUTHERN CALIFORNIA UNIVERSITY OF HEALTH SCIENCES,CA,906044051,Private-Nonprofit,37,38,86718,54,111183,35,36,99764,53,146574,433,712,6076047,1364,11497539,1,1,6000,1,6000,238,253,2616068,404,4211700
00123000,MARSHALL B. KETCHUM UNIVERSITY,CA,928311699,Private-Nonprofit,-,-, -,-, -,-,-, -,-, -,323,329,11608693,1196,11608693,-,-, -,-, -,271,303,8813455,1007,8813455
00123200,AMERICAN RIVER COLLEGE,CA,958414286,Public,71,73,240811,148,247041,60,64,182544,127,188386,-,-, -,-, -,-,-, -,-, -,-,-, -,-, -
00123300,SACRAMENTO CITY COLLEGE,CA,958221386,Public,89,90,280289,184,290789,80,90,200023,182,211861,-,-, -,-, -,-,-, -,-, -,-,-, -,-, -
00123600,MENLO COLLEGE,CA,940274301,Private-Nonprofit,12,12,49858,17,52108,9,9,22500,11,22500,-,-, -,-, -,2,2,26625,4,41768,-,-, -,-, -
00123700,MERCED COLLEGE,CA,953482898,Public,4,4,10750,13,16750,4,4,7581,9,9331,-,-, -,-, -,-,-, -,-, -,-,-, -,-, -
00123800,MILLS COLLEGE,CA,946131301,Private-Nonprofit,4,5,12000,9,22000,6,7,13884,9,15884,9,11,95919,12,95919,3,3,28618,6,43999,10,12,82013,12,82013
00123900,MIRACOSTA COLLEGE,CA,920563899,Public,48,51,156793,118,160357,38,39,156671,92,164421,-,-, -,-, -,-,-, -,-, -,-,-, -,-, -
00124000,MODESTO JUNIOR COLLEGE,CA,953505800,Public,6,6,11500,12,11500,2,2,6000,4,6000,-,-, -,-, -,-,-, -,-, -,-,-, -,-, -
00124200,MONTEREY PENINSULA COLLEGE,CA,939404799,Public,12,12,44000,74,86500,11,11,54348,68,110723,-,-, -,-, -,0,0,0,3,23000,-,-, -,-, -
00124300,MOUNT SAINT MARY'S UNIVERSITY,CA,900491599,Private-Nonprofit,48,48,186061,161,355707,49,49,231308,162,457128,21,22,296599,377,2638177,13,15,106070,18,114404,53,64,625711,171,1630537
00124500,MOUNT SAN ANTONIO COLLEGE,CA,917891399,Public,34,34,133411,205,245672,33,33,142257,201,256688,-,-, -,-, -,0,0,0,6,21740,-,-, -,-, -
00124600,MT. SAN JACINTO COLLEGE,CA,925832399,Public,16,16,59913,33,61663,12,12,51799,25,54299,-,-, -,-, -,-,-, -,-, -,-,-, -,-, -
00124700,NAPA VALLEY COLLEGE,CA,945586236,Public,2,2,6250,10,12375,2,2,4776,10,12876,-,-, -,-, -,-,-, -,-, -,-,-, -,-, -
00124900,OCCIDENTAL COLLEGE,CA,900413314,Private-Nonprofit,1,1,300,2,300,-,-, -,-, -,-,-, -,-, -,-,-, -,-, -,-,-, -,-, -
00125000,ORANGE COAST COLLEGE,CA,926285005,Public,50,50,148034,51,148034,39,41,125788,43,125788,-,-, -,-, -,3,3,33701,4,33701,-,-, -,-, -
00125100,OTIS COLLEGE OF ART AND DESIGN,CA,900453505,Private-Nonprofit,7,7,20003,15,28753,8,8,33000,16,38000,4,4,72500,8,72500,4,4,57939,6,76039,3,3,61400,6,61400
00125200,HOPE INTERNATIONAL UNIVERSITY,CA,928313104,Private-Nonprofit,276,282,1135075,508,1135075,293,302,1070123,544,1070123,295,318,5012893,600,5012893,48,49,708226,89,708226,24,27,424719,51,424719
00125300,FRESNO PACIFIC UNIVERSITY,CA,937024798,Private-Nonprofit,609,632,2604953,1439,2614953,541,565,2992776,1279,2993775,271,287,4180039,647,4190289,2,2,18300,4,25800,14,15,130557,28,130557
00125500,PACIFIC OAKS COLLEGE,CA,911033606,Private-Nonprofit,113,118,463953,329,741064,113,116,677500,313,1014076,240,240,4216100,662,6376700,-,-, -,-, -,45,45,993831,119,1394566
00125600,PACIFIC SCHOOL OF RELIGION,CA,947091323,Private-Nonprofit,-,-, -,-, -,-,-, -,-, -,6,6,67159,14,67159,-,-, -,-, -,1,1,5220,1,5220
00125800,PACIFIC UNION COLLEGE,CA,945089797,Private-Nonprofit,32,32,96921,388,655608,42,42,156853,458,825071,0,0,0,1,4166,4,4,22819,54,318773,-,-, -,-, -
00126000,PALOMAR COLLEGE,CA,920691486,Public,36,36,119914,94,163732,7,7,42500,22,59737,-,-, -,-, -,-,-, -,-, -,-,-, -,-, -
00126100,PASADENA CITY COLLEGE,CA,911062003,Public,10,10,38500,20,38500,6,6,25331,12,25331,-,-, -,-, -,-,-, -,-, -,-,-, -,-, -
00126200,POINT LOMA NAZARENE UNIVERSITY,CA,921062899,Private-Nonprofit,175,182,544969,237,634502,154,163,527253,210,628631,448,457,4222987,547,4781017,24,25,132682,26,132682,30,35,326092,49,401265
00126600,LANEY COLLEGE,CA,946074893,Public,16,18,39875,42,43875,15,17,44500,40,48250,-,-, -,-, -,-,-, -,-, -,-,-, -,-, -
00126700,MERRITT COLLEGE,CA,946193196,Public,8,8,29250,23,35500,7,7,32583,21,41583,-,-, -,-, -,-,-, -,-, -,-,-, -,-, -
00126800,PORTERVILLE COLLEGE,CA,932576059,Public,1,1,2750,2,2750,1,1,1750,2,1750,-,-, -,-, -,-,-, -,-, -,-,-, -,-, -
00126900,RIO HONDO COMMUNITY COLLEGE,CA,906011699,Public,13,13,33000,59,63250,14,14,65000,63,107750,-,-, -,-, -,-,-, -,-, -,-,-, -,-, -
00127000,RIVERSIDE CITY COLLEGE,CA,925061299,Public,30,30,78485,73,99783,29,29,84611,70,107223,-,-, -,-, -,-,-, -,-, -,-,-, -,-, -
00127200,SAN BERNARDINO VALLEY COLLEGE,CA,924102798,Public,1,1,1750,6,5500,1,1,3000,6,8250,-,-, -,-, -,-,-, -,-, -,-,-, -,-, -
00127300,SAN DIEGO CITY COLLEGE,CA,921014787,Public,32,36,78801,78,91301,8,8,30000,17,33000,-,-, -,-, -,-,-, -,-, -,-,-, -,-, -
00127500,SAN DIEGO MESA COLLEGE,CA,921114996,Public,22,23,60048,54,76548,4,4,19500,8,19500,-,-, -,-, -,5,5,52509,10,52509,-,-, -,-, -
00127800,SAN FRANCISCO CONSERVATORY OF MUSIC,CA,941026011,Private-Nonprofit,-,-, -,-, -,-,-, -,-, -,1,1,2000,1,2000,-,-, -,-, -,1,1,4000,1,4000
00128000,SAN JOAQUIN DELTA COLLEGE,CA,952076370,Public,18,22,38622,44,38622,20,24,71358,48,71358,-,-, -,-, -,-,-, -,-, -,-,-, -,-, -
00128100,WILLIAM JESSUP UNIVERSITY,CA,957653784,Private-Nonprofit,124,125,274534,241,432526,113,113,398412,226,606660,11,11,154413,119,818373,7,7,79446,13,117100,2,2,8000,3,9146
00128200,SAN JOSE CITY COLLEGE,CA,951282797,Public,7,7,22750,15,24750,3,3,10000,6,10000,-,-, -,-, -,-,-, -,-, -,-,-, -,-, -
00128400,SANTA ANA COLLEGE,CA,927063398,Public,21,23,51976,128,129079,18,20,61318,118,161084,-,-, -,-, -,-,-, -,-, -,-,-, -,-, -
00128500,SANTA BARBARA CITY COLLEGE,CA,931092394,Public,47,47,165765,97,175327,42,42,142893,87,151105,-,-, -,-, -,-,-, -,-, -,-,-, -,-, -
00128600,SANTA MONICA COLLEGE,CA,904051644,Public,57,59,231195,159,319007,48,51,217269,138,320193,-,-, -,-, -,1,1,10640,2,10640,-,-, -,-, -
00128900,SHASTA COLLEGE,CA,960497692,Public,59,60,164960,180,226361,62,63,189254,184,268373,-,-, -,-, -,-,-, -,-, -,-,-, -,-, -
00129000,SIERRA COLLEGE,CA,956773397,Public,46,46,155455,125,220536,41,44,109295,118,183960,-,-, -,-, -,1,1,1500,2,1500,-,-, -,-, -
00129100,SIMPSON UNIVERSITY,CA,960038606,Private-Nonprofit,69,70,302920,135,264423,70,71,372918,134,318921,16,18,268356,56,421415,-,-, -,-, -,2,2,14760,6,36602
00129200,SOLANO COMMUNITY COLLEGE,CA,945343197,Public,19,20,70539,58,76571,15,16,67956,50,78706,-,-, -,-, -,-,-, -,-, -,-,-, -,-, -
00129300,VANGUARD UNIVERSITY OF SOUTHERN CALIFORNIA,CA,926266597,Private-Nonprofit,17,17,56640,98,170107,16,16,86286,89,220033,4,4,44167,96,627586,2,2,13096,4,36273,0,0,0,7,43091
00129400,SOUTHWESTERN COMMUNITY COLLEGE DISTRICT,CA,919107299,Public,25,25,87674,62,111091,6,6,21851,17,26965,-,-, -,-, -,-,-, -,-, -,-,-, -,-, -
00129500,SOUTHWESTERN LAW SCHOOL,CA,900101106,Private-Nonprofit,-,-, -,-, -,-,-, -,-, -,321,321,6086191,1002,6086191,-,-, -,-, -,239,346,7708686,1159,7708686
00130200,SAINT MARY'S COLLEGE OF CALIFORNIA,CA,945752744,Private-Nonprofit,42,43,175689,77,168828,50,50,254657,86,240266,156,157,2730409,360,2652297,14,14,137581,21,137581,75,77,1186317,118,1185175
00130500,STANFORD UNIVERSITY,CA,943052004,Private-Nonprofit,24,25,72298,33,73282,37,37,139860,56,142626,90,90,1380699,154,1797502,8,9,196448,16,204458,67,73,1547224,91,1714794
00130700,FRESNO CITY COLLEGE,CA,937410002,Public,6,6,19500,12,19500,4,4,10109,8,10109,-,-, -,-, -,-,-, -,-, -,-,-, -,-, -
00130800,REEDLEY COLLEGE,CA,936542099,Public,4,4,13226,8,13226,2,2,3500,4,3500,-,-, -,-, -,0,0,0,1,8188,-,-, -,-, -
00130900,TAFT COLLEGE,CA,932682317,Public,1,1,4500,2,4500,-,-, -,-, -,-,-, -,-, -,-,-, -,-, -,-,-, -,-, -
00131200,"UNIVERSITY OF CALIFORNIA, BERKELEY",CA,947201520,Public,851,959,2440198,1304,2447448,448,508,1164244,678,1165744,347,359,3208903,413,3208903,119,130,847970,138,847970,291,332,3854811,447,3854811
00131300,"UNIVERSITY OF CALIFORNIA, DAVIS",CA,956168558,Public,1085,1118,1947828,2706,2064306,310,321,649532,548,695508,848,870,20077371,2926,20364944,78,78,470387,110,522646,524,539,18368931,1770,18430485
00131400,"UNIVERSITY OF CALIFORNIA, IRVINE",CA,926970001,Public,761,834,1948617,1603,1953450,406,446,917420,886,921667,163,203,1685293,631,2707848,192,263,1125053,488,1131142,86,96,960253,316,1602194
00131500,"UNIVERSITY OF CALIFORNIA, LOS ANGELES",CA,900959000,Public,397,432,966942,627,1002633,415,459,1023908,619,1046854,305,321,2548533,513,2763643,212,229,1295610,259,1316032,490,536,7541270,684,7721649
00131600,"UNIVERSITY OF CALIFORNIA, RIVERSIDE",CA,925210209,Public,1477,1525,2410332,1821,2487215,1225,1265,1480076,1521,1544354,139,141,2664310,468,2715802,110,114,555894,138,593745,65,65,1065090,200,1122183
00131700,"UNIVERSITY OF CALIFORNIA, SAN DIEGO",CA,920930013,Public,821,923,2257132,1749,2354856,738,832,1670753,1543,1727523,235,250,1661509,340,1735289,152,173,1069984,326,1157961,141,155,1135211,217,1175047
00131900,"UNIVERSITY OF CALIFORNIA, SAN FRANCISCO",CA,941430402,Public,-,-, -,-, -,-,-, -,-, -,538,575,14742130,1992,14889387,-,-, -,-, -,334,409,9578007,1245,9786721
00132000,"UNIVERSITY OF CALIFORNIA, SANTA BARBARA",CA,931062030,Public,778,897,2001866,1030,2037597,379,434,847374,512,864474,52,61,451648,76,472147,128,139,722799,165,728482,7,7,46940,16,58211
00132100,"UNIVERSITY OF CALIFORNIA, SANTA CRUZ",CA,950640001,Public,453,472,1152544,697,1256118,348,375,830092,547,886948,34,34,280041,51,298375,42,43,417073,90,492945,10,10,58568,19,64430
00132200,UNIVERSITY OF REDLANDS,CA,923730999,Private-Nonprofit,82,86,345793,200,511888,74,76,392802,184,603858,184,184,2952314,843,6061079,6,6,105804,11,105804,38,40,561594,137,1009747
00132500,UNIVERSITY OF SAN FRANCISCO,CA,941171080,Private-Nonprofit,33,34,131810,42,134060,51,51,199344,60,200344,260,276,2621781,288,2670510,48,54,757771,56,757771,700,761,11576006,780,11613847
00132600,SANTA CLARA UNIVERSITY,CA,950534956,Private-Nonprofit,23,24,79490,47,90462,14,16,38833,38,52633,75,79,675192,86,695694,15,15,156549,21,205783,206,212,2777479,228,2792381
00132800,UNIVERSITY OF SOUTHERN CALIFORNIA,CA,900890001,Private-Nonprofit,111,121,377734,156,377734,114,124,265967,170,265967,4499,4538,49048102,4671,49058352,123,129,2255728,139,2255728,2862,2998,43311859,3108,43313619
00132900,UNIVERSITY OF THE PACIFIC,CA,952110197,Private-Nonprofit,36,41,129722,79,158243,36,38,133615,77,165798,423,433,4724934,1002,10846462,14,17,192586,30,215180,492,537,8046732,1086,18056536
00133400,VENTURA COLLEGE,CA,930033872,Public,13,13,46724,25,46724,13,13,60792,26,60792,-,-, -,-, -,-,-, -,-, -,-,-, -,-, -
00133500,VICTOR VALLEY COMMUNITY COLLEGE,CA,923955850,Public,11,11,35650,37,64900,9,9,10350,32,44498,-,-, -,-, -,-,-, -,-, -,-,-, -,-, -
00133800,WEST VALLEY COLLEGE,CA,950705697,Public,3,3,6688,10,8438,2,2,4500,6,7500,-,-, -,-, -,-,-, -,-, -,-,-, -,-, -
00133900,CORBAN UNIVERSITY,OR,973179392,Private-Nonprofit,8,8,14738,11,20154,8,8,25675,15,41741,7,8,52561,41,267282,4,4,39880,4,39880,1,1,7046,6,40858
00134100,WESTMONT COLLEGE,CA,931081099,Private-Nonprofit,4,4,12500,9,18680,8,8,25008,16,33806,-,-, -,-, -,6,6,67416,13,73332,-,-, -,-, -
00134200,WHITTIER COLLEGE,CA,906084413,Private-Nonprofit,19,19,68375,36,71974,19,19,66850,36,67850,5,5,66983,14,121653,8,9,74414,18,74414,2,2,17448,4,17448
00134300,WOODBURY UNIVERSITY,CA,915041052,Private-Nonprofit,32,34,94474,35,94474,24,25,58563,25,58563,22,22,215490,28,235990,13,14,93700,15,93700,12,13,65900,19,81900
00134400,YUBA COLLEGE,CA,959017699,Public,2,2,9000,20,38500,2,2,6376,15,24886,-,-, -,-, -,-,-, -,-, -,-,-, -,-, -
00134500,ADAMS STATE UNIVERSITY,CO,811022373,Public,33,33,68173,65,68173,30,30,83806,59,83806,27,27,188361,580,3496598,10,10,67573,20,67573,6,6,58646,45,260712
00134600,ARAPAHOE COMMUNITY COLLEGE,CO,801609002,Public,63,63,164263,195,304722,68,69,231261,202,442732,-,-, -,-, -,2,2,11178,5,19178,-,-, -,-, -
00134700,COLORADO COLLEGE,CO,809033294,Private-Nonprofit,-,-, -,-, -,2,2,5431,3,5431,6,6,102340,17,130829,1,1,15000,3,27053,-,-, -,-, -
00134800,COLORADO SCHOOL OF MINES,CO,804011887,Public,52,55,137828,62,140578,36,38,122637,48,127137,8,8,49630,9,49630,46,47,427513,47,427513,5,6,34513,6,34513
00134900,UNIVERSITY OF NORTHERN COLORADO,CO,806390001,Public,158,161,462966,194,497062,151,155,423992,181,444703,338,343,2127302,370,2167447,92,97,642922,107,651838,257,264,2292903,277,2296539
00135000,COLORADO STATE UNIVERSITY,CO,805230100,Public,346,368,990546,448,995546,350,371,1140406,446,1144906,273,286,5595093,488,5603093,176,196,1610970,225,1630257,187,197,2760300,301,2760300
00135200,DENVER SEMINARY,CO,801202192,Private-Nonprofit,-,-, -,-, -,-,-, -,-, -,23,23,89046,32,136669,-,-, -,-, -,2,2,8900,3,19521
00135300,FORT LEWIS COLLEGE,CO,813013999,Public,55,55,147151,72,147152,33,35,85819,45,85819,5,5,25380,5,25380,7,7,40645,7,40645,-,-, -,-, -
00135400,ILIFF SCHOOL OF THEOLOGY,CO,802104798,Private-Nonprofit,-,-, -,-, -,-,-, -,-, -,9,9,127102,27,133935,-,-, -,-, -,1,1,30500,4,30500
00135500,LAMAR COMMUNITY COLLEGE,CO,810523999,Public,3,3,7731,11,13201,5,5,9342,18,20735,-,-, -,-, -,2,2,7178,4,7178,-,-, -,-, -
00135800,COLORADO MESA UNIVERSITY,CO,815013122,Public,130,136,278482,138,281982,121,127,312431,129,314431,35,36,282711,43,341621,32,33,180070,35,189286,31,33,504137,39,533218
00135900,COLORADO NORTHWESTERN COMMUNITY COLLEGE,CO,816483598,Public,10,10,32068,26,38529,12,12,51586,24,51586,-,-, -,-, -,1,1,3000,6,30416,-,-, -,-, -
00136000,METROPOLITAN STATE UNIVERSITY OF DENVER,CO,802043362,Public,223,232,568004,262,577504,245,252,823789,296,831692,98,102,600343,103,600343,10,10,88652,11,99962,7,7,53663,9,53663
00136100,NORTHEASTERN JUNIOR COLLEGE,CO,807512399,Public,12,14,28254,31,30500,16,16,45502,32,45502,-,-, -,-, -,2,2,3700,4,3700,-,-, -,-, -
00136200,OTERO COLLEGE,CO,810503346,Public,16,16,34871,48,49021,20,20,43218,46,51968,-,-, -,-, -,4,4,10500,8,10500,-,-, -,-, -
00136300,REGIS UNIVERSITY,CO,802211099,Private-Nonprofit,274,290,1150197,551,1150197,267,285,1494008,532,1494008,918,958,16104509,2389,16104509,13,14,328323,35,328323,232,291,6382031,723,6382031
00136500,COLORADO STATE UNIVERSITY-PUEBLO,CO,810014901,Public,102,104,290717,116,295218,88,93,281472,110,285031,21,22,143734,25,143734,7,8,57463,9,67354,8,8,57315,8,57315
00136800,TRINIDAD STATE COLLEGE,CO,810822396,Public,13,13,47650,36,54170,10,10,24046,25,29439,-,-, -,-, -,1,1,8300,2,8300,-,-, -,-, -
00137000,UNIVERSITY OF COLORADO BOULDER,CO,803090017,Public,274,287,665557,311,676307,152,157,410817,194,435904,97,106,717733,111,717733,130,141,1336054,156,1356756,156,182,1417793,185,1417793
00137100,UNIVERSITY OF DENVER,CO,802082000,Private-Nonprofit,63,67,142512,108,162010,56,60,204747,107,241823,380,407,4278697,2055,12328571,33,39,442257,57,457943,545,650,6333862,1624,12418640
00137200,WESTERN COLORADO UNIVERSITY,CO,812310000,Public,17,17,40106,17,40106,10,10,27303,10,27303,32,32,211707,32,211707,9,9,53487,9,53487,17,19,120209,19,120209
00137400,ALBERTUS MAGNUS COLLEGE,CT,065111189,Private-Nonprofit,68,74,202430,78,202430,64,76,231673,80,231673,23,26,210721,51,370396,1,1,10000,1,10000,5,5,33200,7,41989
00137800,CENTRAL CONNECTICUT STATE UNIVERSITY,CT,060502490,Public,127,130,383489,201,425647,137,146,426107,218,457631,95,101,851917,105,853167,29,29,160802,35,179951,33,36,283235,47,343529
00137900,CONNECTICUT COLLEGE,CT,063204196,Private-Nonprofit,2,2,9000,10,12920,4,4,6013,8,6013,-,-, -,-, -,5,5,64041,12,73789,-,-, -,-, -
00138000,WESTERN CONNECTICUT STATE UNIVERSITY,CT,068106826,Public,39,40,95384,55,113384,32,34,83521,53,101521,27,27,153225,50,231300,8,8,42523,14,52523,7,8,55772,10,55772
00138500,FAIRFIELD UNIVERSITY,CT,068245171,Private-Nonprofit,30,30,152250,58,188864,55,56,314209,120,409336,66,66,974797,122,1321906,15,15,251509,20,274969,35,36,332160,60,498027
00138700,HARTFORD INTERNATIONAL UNIVERSITY FOR RELIGION AND PEACE,CT,061052279,Private-Nonprofit,-,-, -,-, -,-,-, -,-, -,1,1,4748,2,4748,-,-, -,-, -,-,-, -,-, -
00138900,HOLY APOSTLES COLLEGE & SEMINARY,CT,064162027,Private-Nonprofit,5,5,4651,21,21567,3,3,2353,14,20065,4,4,6982,43,98915,-,-, -,-, -,-,-, -,-, -
00139300,MITCHELL COLLEGE,CT,063204498,Private-Nonprofit,2,2,5250,3,5250,2,2,3000,3,3000,-,-, -,-, -,2,2,1606,3,1606,-,-, -,-, -
00139700,UNIVERSITY OF NEW HAVEN,CT,065161999,Private-Nonprofit,60,60,117546,69,117546,125,128,199231,146,203731,59,62,565204,65,575454,19,19,193471,61,413116,25,25,251526,40,366420
00140100,POST UNIVERSITY,CT,067233240,Proprietary,7309,7412,20135671,31206,28482170,7226,7333,31125666,30920,44117122,578,610,7238105,2245,9536083,26,26,213995,100,245517,12,12,105936,48,155408
00140200,QUINNIPIAC UNIVERSITY,CT,065181908,Private-Nonprofit,26,27,74720,137,249039,27,31,110070,145,337158,659,674,14849235,1301,15931111,27,28,675146,104,977702,262,322,5579542,523,5705764
00140300,SACRED HEART UNIVERSITY,CT,068251000,Private-Nonprofit,50,51,165651,108,227065,55,57,216622,121,303572,250,272,1794768,879,5612149,53,55,469209,72,526696,89,98,786983,235,2150256
00140600,SOUTHERN CONNECTICUT STATE UNIVERSITY,CT,065151355,Public,65,67,171276,75,173776,71,73,241527,116,382459,182,185,1242917,190,1242917,13,13,57183,14,63683,44,45,318589,45,318589
00140900,UNIVERSITY OF SAINT JOSEPH,CT,061172791,Private-Nonprofit,32,32,144350,34,144350,39,40,254597,41,254597,338,360,6465236,897,7007524,4,4,37048,6,57655,80,87,3179373,234,3372883
00141400,TRINITY COLLEGE,CT,061063100,Private-Nonprofit,7,7,28108,15,32197,12,13,51062,26,53508,1,1,20500,2,20500,5,5,142710,7,142710,1,1,5000,2,5000
00141600,UNIVERSITY OF BRIDGEPORT,CT,066015650,Private-Nonprofit,153,158,538600,455,548600,162,165,727539,475,738039,403,424,6976140,992,7004640,12,14,186702,22,198693,101,109,3120559,249,3120559
00141700,UNIVERSITY OF CONNECTICUT,CT,062692151,Public,321,328,875694,384,880948,268,276,753356,316,754356,393,438,4423877,454,4456664,97,100,726783,110,753345,210,226,2729474,240,2753291
00142200,UNIVERSITY OF HARTFORD,CT,061171599,Private-Nonprofit,49,50,195615,58,196939,45,48,158085,66,161511,290,292,2208034,295,2216944,30,30,239579,42,243314,8,8,49838,11,49838
00142400,WESLEYAN UNIVERSITY,CT,064593208,Private-Nonprofit,8,8,27298,13,27298,8,10,21018,17,21018,1,1,3000,1,3000,2,2,94971,3,94971,-,-, -,-, -
00142500,EASTERN CONNECTICUT STATE UNIVERSITY,CT,062262295,Public,32,32,86127,44,89627,50,52,133674,75,136674,29,29,222382,29,222382,26,26,162000,33,167000,1,1,8574,1,8574
00142600,YALE UNIVERSITY,CT,065208229,Private-Nonprofit,15,15,56386,22,56386,14,14,64755,26,70159,53,55,1227977,360,2915342,4,4,33057,5,33057,37,40,645148,308,3889212
00142800,DELAWARE STATE UNIVERSITY,DE,199012277,Public,135,136,428585,256,544473,126,128,389873,255,488722,53,56,558213,70,626963,21,21,368546,45,502839,22,24,344369,32,386748
00142900,GOLDEY-BEACOM COLLEGE,DE,198081993,Private-Nonprofit,5,5,8912,11,16654,9,9,20320,16,36215,16,16,70143,60,229971,0,0,0,1,1934,-,-, -,-, -
00143100,UNIVERSITY OF DELAWARE,DE,197160099,Public,139,151,395541,224,401291,223,239,597160,371,604565,127,132,748478,136,751193,86,90,715127,117,720385,37,52,447757,53,451508
00143400,AMERICAN UNIVERSITY (THE),DC,200168020,Private-Nonprofit,174,176,531663,217,531663,177,180,336172,224,336172,1041,1057,10130192,1407,10130192,31,32,344668,37,344668,303,323,2945230,368,2945230
00143600,CAPITOL TECHNOLOGY UNIVERSITY,MD,207089759,Private-Nonprofit,3,3,7500,6,13750,4,4,7250,7,12250,14,14,132266,151,787837,1,1,5400,5,35508,10,10,133273,33,265989
00143700,CATHOLIC UNIVERSITY OF AMERICA (THE),DC,200640002,Private-Nonprofit,15,15,43652,20,46402,20,21,67540,29,71040,36,37,398779,81,688148,13,13,197853,14,197853,76,84,968169,96,990673
00144100,UNIVERSITY OF THE DISTRICT OF COLUMBIA,DC,200081175,Public,46,46,116745,90,142798,32,33,109797,64,147049,9,9,107215,18,127715,-,-, -,-, -,31,31,379999,61,383222
00144300,GALLAUDET UNIVERSITY,DC,200023695,Private-Nonprofit,45,46,178702,88,195951,50,51,171022,95,187806,23,25,206388,33,206388,2,2,6935,3,6935,27,29,224006,30,224006
00144400,GEORGE WASHINGTON UNIVERSITY,DC,200522353,Private-Nonprofit,104,105,452127,272,697658,117,117,570512,284,890840,733,760,6943326,943,8042938,39,41,709740,67,798110,739,856,8157474,1147,10841051
00144500,GEORGETOWN UNIVERSITY,DC,200571252,Private-Nonprofit,35,35,106433,74,136270,35,35,99228,55,108728,490,493,8683822,1516,12573208,7,7,112058,18,176812,476,494,13807190,1567,22053426
00144800,HOWARD UNIVERSITY,DC,200590001,Private-Nonprofit,104,105,367935,164,380381,110,117,376403,190,391568,307,310,2412598,337,2627632,128,131,1725861,165,1802453,421,428,4938210,447,5111846
00145900,STRAYER UNIVERSITY,DC,200052603,Proprietary,9036,9064,25217569,37971,46700689,8682,8701,36050159,37927,67766520,1418,1421,17651732,6658,33004715,12,12,80034,43,109144,92,92,1124565,395,1986032
00146000,TRINITY WASHINGTON UNIVERSITY,DC,200171004,Private-Nonprofit,42,43,133059,152,249974,36,38,115935,144,307425,46,47,479921,140,1040189,2,2,5100,2,5100,5,5,44685,10,61056
00146400,WESLEY THEOLOGICAL SEMINARY,DC,200165690,Private-Nonprofit,-,-, -,-, -,1,1,2234,1,2234,17,17,101707,20,111707,-,-, -,-, -,1,1,4350,1,4350
00146600,BARRY UNIVERSITY,FL,331616628,Private-Nonprofit,265,267,1053641,453,1116153,276,287,1022225,480,1109351,1122,1146,18245428,2194,23778964,51,55,393171,66,393171,540,584,8464346,992,10203830
00146700,BETHUNE COOKMAN UNIVERSITY,FL,321143099,Private-Nonprofit,136,140,386765,328,481015,172,182,561137,479,686093,20,20,269505,49,300255,43,46,499133,126,564617,3,3,14744,6,14744
00146800,SAINT THOMAS UNIVERSITY,FL,330540000,Private-Nonprofit,34,34,103314,158,176795,39,42,169696,162,250610,286,291,2660121,1433,6127416,16,16,126932,26,135054,350,363,4343375,529,4787682
00146900,FLORIDA INSTITUTE OF TECHNOLOGY,FL,329016988,Private-Nonprofit,275,278,531024,654,786219,274,276,586451,644,937096,430,432,5581254,1941,11772652,31,32,583167,54,703794,48,50,456959,138,776741
00147000,EASTERN FLORIDA STATE COLLEGE,FL,329226503,Public,240,240,572700,667,912770,274,278,803662,714,1231374,-,-, -,-, -,0,0,0,2,7128,-,-, -,-, -
00147100,COLLEGE OF CENTRAL FLORIDA,FL,344744415,Public,92,92,189577,260,318664,94,94,197208,274,358199,-,-, -,-, -,1,1,3659,3,6294,-,-, -,-, -
00147500,DAYTONA STATE COLLEGE,FL,321142800,Public,265,288,528103,672,704686,261,280,609631,602,700905,-,-, -,-, -,3,3,11773,7,12373,-,-, -,-, -
00147700,FLORIDA SOUTHWESTERN STATE COLLEGE,FL,339195566,Public,95,98,216825,269,359108,82,85,177799,199,238398,-,-, -,-, -,1,1,2622,4,10462,-,-, -,-, -
00147800,EDWARD WATERS UNIVERSITY,FL,322096199,Private-Nonprofit,23,23,65579,198,160260,9,9,18986,73,60572,7,7,92037,32,150113,4,4,10863,21,33667,12,12,122978,28,133154
00147900,EMBRY-RIDDLE AERONAUTICAL UNIVERSITY,FL,321143900,Private-Nonprofit,710,725,1579448,996,1763831,686,708,1128721,989,1406210,168,174,1019216,387,1696159,238,327,4018490,338,4031953,16,18,80703,30,94158
00148000,FLORIDA AGRICULTURAL & MECHANICAL UNIVERSITY,FL,323073100,Public,402,402,1403452,772,1804186,279,279,680310,575,1034715,125,128,1305409,423,2142568,63,63,471571,253,1163242,97,98,875059,283,1886788
00148100,FLORIDA ATLANTIC UNIVERSITY,FL,334316498,Public,1015,1018,2371293,1082,2456864,864,871,2187120,968,2334467,742,751,7907680,858,7961734,102,105,719729,111,783562,152,161,1966171,200,1966171
00148200,FLORIDA COLLEGE,FL,336175578,Private-Nonprofit,3,3,5818,3,5818,4,5,22282,6,25031,-,-, -,-, -,4,4,36250,19,171371,-,-, -,-, -
00148400,FLORIDA STATE COLLEGE AT JACKSONVILLE,FL,322024030,Public,1243,1252,3389283,2506,3391908,1028,1036,3469210,2079,3478410,-,-, -,-, -,1,1,2886,2,2886,-,-, -,-, -
00148500,COLLEGE OF THE FLORIDA KEYS (THE),FL,330404397,Public,10,10,29072,26,40059,15,15,78310,34,94343,-,-, -,-, -,2,2,24567,5,30162,-,-, -,-, -
00148600,FLORIDA MEMORIAL UNIVERSITY,FL,330546199,Private-Nonprofit,17,17,44597,58,84175,23,23,38606,63,67038,2,2,13829,6,19169,5,5,48312,11,53112,-,-, -,-, -
00148700,ECKERD COLLEGE,FL,337114744,Private-Nonprofit,1,1,2750,3,5625,1,1,1000,1,1000,-,-, -,-, -,1,1,4000,1,4000,-,-, -,-, -
00148800,FLORIDA SOUTHERN COLLEGE,FL,338015698,Private-Nonprofit,42,43,104156,44,104156,41,43,110566,45,110566,185,187,1768773,189,1768773,14,15,102402,20,110404,65,70,549278,74,556301
00148900,FLORIDA STATE UNIVERSITY,FL,323061470,Public,2184,2200,5317716,2225,5327887,1383,1398,2065750,1416,2068303,2319,2325,20812619,2369,20860863,78,79,530620,87,536604,363,366,2981965,437,3038950
00149000,GULF COAST STATE COLLEGE,FL,324011058,Public,31,31,60223,50,87143,29,29,59605,55,108558,-,-, -,-, -,-,-, -,-, -,-,-, -,-, -
00149300,INDIAN RIVER STATE COLLEGE,FL,349815596,Public,61,61,165249,156,246291,78,78,174225,181,229326,-,-, -,-, -,-,-, -,-, -,-,-, -,-, -
00149500,JACKSONVILLE UNIVERSITY,FL,322113394,Private-Nonprofit,84,84,378197,103,410156,94,94,543322,113,588428,73,73,524835,275,1916767,31,32,369516,39,448839,121,123,1728579,176,2613547
00149900,ALTIERUS CAREER COLLEGE,FL,336145801,Private-Nonprofit,297,301,688122,973,1333492,307,317,1010263,1005,1933685,-,-, -,-, -,29,29,144950,136,342328,-,-, -,-, -
00150000,BROWARD COLLEGE,FL,333012298,Public,321,324,652810,921,1212216,91,92,213009,192,238345,-,-, -,-, -,5,6,45141,13,50391,-,-, -,-, -
00150100,FLORIDA GATEWAY COLLEGE,FL,320252007,Public,31,31,56610,62,106916,23,23,60135,52,100094,-,-, -,-, -,-,-, -,-, -,-,-, -,-, -
00150200,LAKE-SUMTER STATE COLLEGE,FL,347888751,Public,44,44,141658,125,220890,26,26,99082,78,173595,-,-, -,-, -,-,-, -,-, -,-,-, -,-, -
00150400,"STATE COLLEGE OF FLORIDA, MANATEE-SARASOTA",FL,342073596,Public,67,70,192613,194,286009,64,65,196871,172,295499,-,-, -,-, -,-,-, -,-, -,-,-, -,-, -
00150500,LYNN UNIVERSITY,FL,334315598,Private-Nonprofit,35,35,86388,81,131046,29,30,56763,79,105013,47,47,260066,172,905094,9,10,281761,24,301842,18,18,151829,44,243319
00150600,MIAMI DADE COLLEGE,FL,331322297,Public,203,203,535213,522,774371,164,164,505044,430,717928,-,-, -,-, -,1,1,4000,1,4000,-,-, -,-, -
00150900,NOVA SOUTHEASTERN UNIVERSITY,FL,333147796,Private-Nonprofit,568,601,1467209,604,1467209,501,526,1289030,531,1289030,7211,7361,81480904,7388,81488617,101,108,1028131,132,1178601,3591,3833,61228922,5454,76103144
00151000,NORTHWEST FLORIDA STATE COLLEGE,FL,325781295,Public,20,21,36705,42,36705,21,21,46521,41,46521,-,-, -,-, -,-,-, -,-, -,-,-, -,-, -
00151200,PALM BEACH STATE COLLEGE,FL,334614796,Public,587,626,1423665,1896,2450961,439,471,949711,1479,1986374,-,-, -,-, -,3,3,9610,10,63609,-,-, -,-, -
00151300,PENSACOLA STATE COLLEGE,FL,325048998,Public,67,68,144932,270,342203,54,54,129911,231,335804,-,-, -,-, -,-,-, -,-, -,-,-, -,-, -
00151400,POLK STATE COLLEGE,FL,338814256,Public,80,80,179205,141,224064,79,79,198138,136,239300,-,-, -,-, -,1,1,4000,1,4000,-,-, -,-, -
00151500,ROLLINS COLLEGE,FL,327894499,Private-Nonprofit,18,18,43980,24,43980,14,14,51686,20,51686,27,27,202160,77,555310,9,10,57576,12,57576,17,17,197458,46,498035
00151900,SANTA FE COLLEGE,FL,326066200,Public,113,113,297122,404,606047,96,96,250402,544,1045709,-,-, -,-, -,1,1,5000,9,38950,-,-, -,-, -
00152000,SEMINOLE STATE COLLEGE OF FLORIDA,FL,327736199,Public,277,285,528687,579,558090,316,326,703446,661,732792,-,-, -,-, -,2,2,9111,3,9111,-,-, -,-, -
00152100,SOUTHEASTERN UNIVERSITY,FL,338016099,Private-Nonprofit,68,68,187485,186,333823,73,74,228631,219,479159,69,73,397982,345,1916325,35,39,312708,51,343860,10,11,66529,77,227287
00152200,SOUTH FLORIDA STATE COLLEGE,FL,338259399,Public,11,12,21908,39,48205,12,12,46446,40,71035,-,-, -,-, -,-,-, -,-, -,-,-, -,-, -
00152300,SAINT JOHNS RIVER STATE COLLEGE,FL,321773897,Public,37,37,76002,154,194105,48,48,146991,188,332277,-,-, -,-, -,-,-, -,-, -,-,-, -,-, -
00152600,SAINT LEO UNIVERSITY,FL,335746665,Private-Nonprofit,554,560,1842043,2505,2814520,533,540,2534835,2455,3953736,560,562,8714547,2564,13474302,12,12,100636,26,118264,98,99,1542535,401,1937061
00152800,ST. PETERSBURG COLLEGE,FL,337603768,Public,707,729,1110933,750,1139792,795,827,1476246,852,1523341,-,-, -,-, -,5,5,14096,5,14096,-,-, -,-, -
00153100,STETSON UNIVERSITY,FL,327233761,Private-Nonprofit,34,34,96778,56,116528,50,50,179121,74,189712,282,312,2495470,348,2502303,20,20,266404,45,352051,178,202,1209371,218,1215188
00153300,TALLAHASSEE COMMUNITY COLLEGE,FL,323042895,Public,346,356,636629,1321,1463630,252,259,522522,1034,1313194,-,-, -,-, -,6,6,24433,33,125891,-,-, -,-, -
00153500,UNIVERSITY OF FLORIDA,FL,326113150,Public,672,695,1650957,735,1650957,429,452,1175509,493,1177513,1376,1456,8537106,1485,8537707,96,102,626413,110,626753,992,1139,8892226,1180,8894770
00153600,UNIVERSITY OF MIAMI,FL,331466531,Private-Nonprofit,87,87,244115,170,372538,72,72,211153,142,334005,762,783,25303798,1601,27227344,33,36,557070,47,609412,1116,1276,27408020,1979,30723066
00153700,UNIVERSITY OF SOUTH FLORIDA,FL,336206960,Public,2802,2854,6029246,2855,6029246,2473,2524,5192699,2524,5192699,2028,2082,24163947,2425,24163947,100,104,372211,107,378213,321,378,4285081,545,4288294
00153800,UNIVERSITY OF TAMPA (THE),FL,336061490,Private-Nonprofit,76,81,155778,95,157528,72,73,176969,83,179719,58,59,420950,128,871530,46,47,431893,52,458509,21,22,188900,93,1272685
00154000,WEBBER INTERNATIONAL UNIVERSITY,FL,338270096,Private-Nonprofit,136,136,559827,438,707113,106,107,462004,365,671198,10,10,114262,27,196222,14,14,174422,39,200817,2,2,10350,5,20317
00154100,ABRAHAM BALDWIN AGRICULTURAL COLLEGE,GA,317932601,Public,90,90,143609,188,170801,63,64,135150,138,163760,-,-, -,-, -,8,8,29915,16,32915,-,-, -,-, -
00154200,AGNES SCOTT COLLEGE,GA,300303770,Private-Nonprofit,50,50,211642,135,222642,43,43,294765,127,300515,5,5,31415,10,72414,7,8,85432,12,103847,-,-, -,-, -
00154400,ALBANY STATE UNIVERSITY,GA,317052796,Public,211,211,619265,866,1364634,193,194,655578,796,1322032,65,68,576946,252,1274839,29,29,176121,107,300740,12,12,101118,31,140556
00154500,ANDREW COLLEGE,GA,398401395,Private-Nonprofit,15,17,35500,34,35500,9,10,18459,21,21873,-,-, -,-, -,3,3,16923,6,16923,-,-, -,-, -
00154700,POINT UNIVERSITY,GA,318331200,Private-Nonprofit,127,145,405521,310,511462,122,132,517400,280,638382,6,7,72520,18,112881,2,2,14500,7,31966,-,-, -,-, -
00155400,BERRY COLLEGE,GA,301495007,Private-Nonprofit,8,8,19385,12,19385,12,13,32484,21,32484,14,14,104799,46,274244,6,6,28031,7,33389,1,1,3420,1,3420
00155500,THOMAS UNIVERSITY,GA,317927499,Private-Nonprofit,24,24,56678,51,119095,22,22,71435,43,133983,29,29,188433,327,2109775,-,-, -,-, -,1,1,6833,22,101181
00155600,BRENAU UNIVERSITY,GA,305013668,Private-Nonprofit,141,141,413573,214,515784,113,113,372872,186,533515,159,160,2086199,396,3900030,7,7,47669,8,60263,297,297,4903922,396,5751123
00155700,BREWTON PARKER COLLEGE,GA,304450000,Private-Nonprofit,3,3,11200,9,14200,4,4,17000,9,21000,-,-, -,-, -,3,3,6086,11,31686,-,-, -,-, -
00155800,COLLEGE OF COASTAL GEORGIA,GA,315203644,Public,58,59,140487,93,192583,58,59,175451,102,256979,-,-, -,-, -,3,3,11500,4,11500,-,-, -,-, -
00155900,CLARK ATLANTA UNIVERSITY,GA,303144385,Private-Nonprofit,24,24,81810,42,99730,29,29,83332,50,115517,12,12,106266,16,137160,94,95,598912,105,639973,43,43,357642,47,379170
00156000,COLUMBIA THEOLOGICAL SEMINARY,GA,300310520,Private-Nonprofit,-,-, -,-, -,-,-, -,-, -,1,2,7500,2,7500,-,-, -,-, -,-,-, -,-, -
00156100,COLUMBUS STATE UNIVERSITY,GA,319075645,Public,128,129,324487,137,334809,130,130,381830,137,395256,210,212,1330390,213,1335390,20,20,117997,21,117997,29,30,242254,32,250754
00156300,EMMANUEL UNIVERSITY,GA,306390000,Private-Nonprofit,5,5,14454,16,25956,2,2,3250,11,15953,1,1,6833,2,6833,2,2,27115,6,29921,-,-, -,-, -
00156400,EMORY UNIVERSITY,GA,303221960,Private-Nonprofit,69,72,228996,74,228996,53,55,178442,57,178442,251,258,3889864,260,3889864,13,14,158705,15,158705,778,831,15969179,835,15969179
00156600,FORT VALLEY STATE UNIVERSITY,GA,310303298,Public,10,10,25556,24,40556,14,14,42926,34,58187,19,19,168927,52,270198,11,11,54973,43,195102,10,10,84849,25,128212
00156800,INTERDENOMINATIONAL THEOLOGICAL CENTER,GA,303144143,Private-Nonprofit,-,-, -,-, -,-,-, -,-, -,26,27,382687,65,392937,-,-, -,-, -,3,4,75531,8,75531
00156900,GEORGIA INSTITUTE OF TECHNOLOGY,GA,303320325,Public,598,601,1378062,606,1378374,615,626,1271806,634,1276145,294,302,2641105,304,2641105,202,208,1493378,211,1494378,83,89,552806,90,552806
00157100,GEORGIA MILITARY COLLEGE,GA,310613398,Public,456,498,781666,1168,902993,309,333,534270,789,633753,-,-, -,-, -,15,16,39054,40,47107,-,-, -,-, -
00157200,GEORGIA SOUTHERN UNIVERSITY,GA,304588065,Public,874,908,1633005,937,1635917,624,655,1550764,691,1558014,1004,1033,4620486,1036,4620486,111,119,515853,119,515853,84,86,512468,86,512468
00157300,GEORGIA SOUTHWESTERN STATE UNIVERSITY,GA,317094693,Public,55,56,138227,72,161589,82,84,232814,103,272998,293,300,1517826,311,1559897,4,5,20000,8,34652,-,-, -,-, -
00157400,GEORGIA STATE UNIVERSITY,GA,303033010,Public,1581,1597,4202515,1636,4223111,1359,1380,3858339,1425,3883907,732,740,10694635,1466,12466586,189,189,1487398,194,1492398,140,145,1309373,147,1327457
00157500,GORDON STATE COLLEGE,GA,302041762,Public,60,60,96499,135,123066,52,52,124905,118,147296,-,-, -,-, -,-,-, -,-, -,-,-, -,-, -
00157700,KENNESAW STATE UNIVERSITY,GA,301445591,Public,1154,1166,2065642,1171,2065642,997,1006,2216443,1010,2216443,484,486,3212681,486,3212681,98,101,668726,102,668726,65,68,655158,68,655158
00157800,LAGRANGE COLLEGE,GA,302402999,Private-Nonprofit,9,9,16000,9,16000,6,6,20500,6,20500,39,40,413078,79,664441,6,6,27980,6,27980,2,2,16266,8,48006
00157900,AUGUSTA UNIVERSITY,GA,309090004,Public,74,74,221161,104,267373,83,88,225778,113,275943,275,287,2487690,704,5134511,21,21,105865,25,130611,124,152,989446,463,3778095
00158000,MERCER UNIVERSITY,GA,312070001,Private-Nonprofit,236,237,644846,359,821740,390,399,1217970,537,1491601,345,355,6544991,1418,12542698,27,27,185728,34,261192,242,260,4420929,889,6619736
00158100,MIDDLE GEORGIA STATE UNIVERSITY,GA,312065145,Public,214,218,492302,521,693744,167,171,559231,423,806508,39,41,247034,93,338169,42,43,308211,95,373986,5,5,46381,13,70189
00158200,MOREHOUSE COLLEGE,GA,303143773,Private-Nonprofit,73,75,234129,84,235879,74,76,262522,89,269272,-,-, -,-, -,33,33,460862,42,460862,-,-, -,-, -
00158300,MORRIS BROWN COLLEGE,GA,303144140,Private-Nonprofit,7,7,11554,17,13243,2,2,4142,5,11390,-,-, -,-, -,-,-, -,-, -,-,-, -,-, -
00158500,UNIVERSITY OF NORTH GEORGIA,GA,305970001,Public,163,165,345136,198,408925,141,144,313328,174,388482,141,148,877287,185,1084612,12,12,79520,13,86641,14,16,108581,20,130328
00158600,OGLETHORPE UNIVERSITY,GA,303192737,Private-Nonprofit,37,37,158051,83,162551,34,34,127449,79,131063,-,-, -,-, -,4,4,74141,13,104536,-,-, -,-, -
00158700,PAINE COLLEGE,GA,309013182,Private-Nonprofit,4,4,15000,8,17250,8,8,25318,17,28318,-,-, -,-, -,4,4,25457,9,31090,-,-, -,-, -
00158800,PIEDMONT UNIVERSITY,GA,305355644,Private-Nonprofit,33,33,145836,69,198952,34,34,114902,67,177668,75,75,480384,378,2374933,2,2,8263,6,27795,2,2,12862,5,23247
00158900,REINHARDT UNIVERSITY,GA,301832900,Private-Nonprofit,47,47,188618,104,188618,42,42,201806,92,201806,38,38,384223,64,384223,2,2,41300,3,41300,1,1,30000,3,30000
00159000,SAVANNAH STATE UNIVERSITY,GA,314045298,Public,46,47,82109,108,102711,16,17,31106,42,41843,20,20,128852,51,187907,26,27,107697,54,107697,7,7,49770,14,49770
00159100,SHORTER UNIVERSITY,GA,301654298,Private-Nonprofit,99,104,344011,223,344011,105,110,517958,238,517958,71,72,1130802,140,1130802,5,5,44245,13,44245,3,3,24026,7,24026
00159200,SOUTH GEORGIA STATE COLLEGE,GA,315338104,Public,35,35,68014,86,100947,16,16,42038,48,81259,-,-, -,-, -,2,2,4600,4,6931,-,-, -,-, -
00159400,SPELMAN COLLEGE,GA,303144399,Private-Nonprofit,12,12,44000,24,45750,9,9,14293,18,15293,-,-, -,-, -,19,19,160400,39,182010,-,-, -,-, -
00159600,TOCCOA FALLS COLLEGE,GA,305980001,Private-Nonprofit,16,16,26125,84,108099,20,21,51339,94,139730,6,6,23628,22,71149,2,2,7910,5,14444,-,-, -,-, -
00159700,TRUETT MCCONNELL UNIVERSITY,GA,305281264,Private-Nonprofit,5,5,14000,10,20294,11,11,33815,13,34815,4,4,17622,4,17622,3,3,10894,5,21082,-,-, -,-, -
00159800,UNIVERSITY OF GEORGIA,GA,306024212,Public,156,159,408934,172,414911,239,242,535219,262,549135,482,485,2736091,863,6132102,139,143,722066,150,722066,378,382,2649470,578,3877287
00159900,VALDOSTA STATE UNIVERSITY,GA,316980001,Public,325,327,696401,452,876116,250,254,609555,369,806180,160,163,897948,757,3652865,93,98,418315,114,463976,14,14,84273,52,247347
00160000,WESLEYAN COLLEGE,GA,312104462,Private-Nonprofit,30,30,112911,66,155231,27,28,75857,61,108212,12,12,180581,31,214746,11,11,56034,18,72570,-,-, -,-, -
00160100,UNIVERSITY OF WEST GEORGIA,GA,301180002,Public,491,495,965634,505,967384,465,470,1191579,479,1192579,1023,1037,5129209,1037,5129209,33,34,186911,35,190293,19,21,108658,21,108658
00160200,GEORGIA COLLEGE & STATE UNIVERSITY,GA,310610490,Public,56,56,111234,56,111234,69,72,167833,72,167833,243,243,1419341,243,1419341,19,20,117607,21,117607,47,47,309742,47,309742
00160400,YOUNG HARRIS COLLEGE,GA,305824137,Private-Nonprofit,-,-, -,-, -,1,1,4000,1,4000,4,4,19662,4,19662,6,6,24459,6,24459,-,-, -,-, -
00160500,CHAMINADE UNIVERSITY OF HONOLULU,HI,968161578,Private-Nonprofit,54,55,174352,77,192352,45,46,149563,64,202268,76,77,1607344,368,2700861,3,3,21141,3,21141,13,14,295018,68,569047
00160600,BRIGHAM YOUNG UNIVERSITY - HAWAII,HI,967621294,Private-Nonprofit,150,163,311030,241,431219,49,58,81003,71,92663,-,-, -,-, -,7,9,44935,12,51835,-,-, -,-, -
00161000,UNIVERSITY OF HAWAII AT MANOA,HI,968222399,Public,171,173,391809,193,406188,113,114,264374,140,296213,126,128,3090613,251,3313838,95,95,595515,105,622013,128,129,1725022,247,2230788
00161100,UNIVERSITY OF HAWAII AT HILO,HI,967204091,Public,27,27,66337,29,66337,22,23,72634,23,72634,3,3,15851,3,15851,7,8,47375,8,47375,8,9,80048,9,80048
00161200,HONOLULU COMMUNITY COLLEGE,HI,968174598,Public,2,2,7000,6,11000,3,3,10700,8,14450,-,-, -,-, -,-,-, -,-, -,-,-, -,-, -
00161300,KAPIOLANI COMMUNITY COLLEGE,HI,968164421,Public,38,39,95611,78,95611,29,30,84734,60,88234,-,-, -,-, -,-,-, -,-, -,-,-, -,-, -
00161400,KAUAI COMMUNITY COLLEGE,HI,967669591,Public,1,1,3500,2,3500,-,-, -,-, -,-,-, -,-, -,-,-, -,-, -,-,-, -,-, -
00161500,UNIVERSITY OF HAWAII MAUI COLLEGE,HI,967321644,Public,6,6,17570,12,17570,5,5,27600,11,29350,-,-, -,-, -,-,-, -,-, -,-,-, -,-, -
00161600,BOISE STATE UNIVERSITY,ID,837251000,Public,376,383,837894,389,837894,354,364,926854,375,926854,321,335,2025565,335,2025565,25,25,176570,28,176570,59,66,477368,67,477368
00161700,COLLEGE OF IDAHO (THE),ID,836054432,Private-Nonprofit,7,7,23976,13,26726,4,5,19000,9,26126,3,3,61500,9,61500,3,3,27806,7,30430,-,-, -,-, -
00161900,COLLEGE OF SOUTHERN IDAHO,ID,833033398,Public,12,13,37258,26,39008,7,7,17591,14,17591,-,-, -,-, -,-,-, -,-, -,-,-, -,-, -
00162000,IDAHO STATE UNIVERSITY,ID,832095377,Public,136,137,382373,142,382373,112,114,301052,117,301052,254,255,2254092,366,3254243,6,6,27506,6,27506,135,148,1181091,195,1604415
00162100,LEWIS-CLARK STATE COLLEGE,ID,835012698,Public,57,57,101618,59,103118,58,58,157408,61,160158,-,-, -,-, -,-,-, -,-, -,-,-, -,-, -
00162300,NORTH IDAHO COLLEGE,ID,838142199,Public,32,32,82517,132,123347,13,13,44803,55,72871,-,-, -,-, -,-,-, -,-, -,-,-, -,-, -
00162400,NORTHWEST NAZARENE UNIVERSITY,ID,836865897,Private-Nonprofit,7,7,18784,59,89249,4,4,17062,46,90641,20,20,141929,280,1632570,2,2,7187,6,20381,2,2,14381,19,77515
00162500,BRIGHAM YOUNG UNIVERSITY - IDAHO,ID,834601650,Private-Nonprofit,1802,1813,5210711,2527,6007386,1358,1362,4670232,1940,5553516,-,-, -,-, -,6,6,28118,11,38602,-,-, -,-, -
00162600,UNIVERSITY OF IDAHO,ID,838444291,Public,62,64,182655,83,193184,62,63,159061,84,172133,75,76,627331,88,643611,16,16,111770,30,143882,84,87,868288,126,936618
00162800,AMERICAN ACADEMY OF ART COLLEGE,IL,606044302,Proprietary,6,6,28875,17,44375,5,5,8937,15,21187,-,-, -,-, -,2,2,42221,6,69274,-,-, -,-, -
00163300,AUGUSTANA COLLEGE,IL,612012296,Private-Nonprofit,7,7,16099,14,23849,6,6,6549,13,9549,23,23,205123,23,205123,10,10,45467,14,55692,-,-, -,-, -
00163400,AURORA UNIVERSITY,IL,605064892,Private-Nonprofit,120,120,310266,124,310266,118,118,331543,122,331543,737,749,4169898,752,4183227,8,9,49823,11,49823,161,161,991401,161,991401
00163600,SOUTHWESTERN ILLINOIS COLLEGE,IL,622215899,Public,66,66,94761,282,246179,48,48,83148,190,185516,-,-, -,-, -,0,0,0,3,6151,-,-, -,-, -
00163800,BLACK HAWK COLLEGE,IL,612655899,Public,14,15,14367,32,15243,11,13,19510,27,20010,-,-, -,-, -,1,1,5500,2,5500,-,-, -,-, -
00163900,BLACKBURN UNIVERSITY,IL,626261498,Private-Nonprofit,7,7,18250,10,23000,9,10,12077,13,14746,-,-, -,-, -,3,3,10269,6,17344,-,-, -,-, -
00164000,PRAIRIE STATE COLLEGE,IL,604118226,Public,12,12,41156,24,41156,19,19,38877,43,45877,-,-, -,-, -,0,0,0,1,7000,-,-, -,-, -
00164100,BRADLEY UNIVERSITY,IL,616250002,Private-Nonprofit,-,-, -,-, -,6,6,31243,12,31243,159,159,1847139,726,5173877,3,3,20575,4,20575,45,46,583249,129,1022562
00164300,SPOON RIVER COLLEGE,IL,615208907,Public,5,6,6430,12,6430,9,11,14224,22,14224,-,-, -,-, -,1,1,1878,2,1878,-,-, -,-, -
00164800,CITY COLLEGES OF CHICAGO HARRY S TRUMAN COLLEGE,IL,606405691,Public,11,12,22426,24,22426,8,9,16809,19,20309,-,-, -,-, -,-,-, -,-, -,-,-, -,-, -
00164900,RICHARD J DALEY COLLEGE-CITY COLLEGES OF CHICAGO,IL,606521299,Public,3,3,7000,7,7875,2,2,3714,5,5214,-,-, -,-, -,-,-, -,-, -,-,-, -,-, -
00165000,CITY COLLEGES OF CHICAGO - MALCOLM X COLLEGE,IL,606123197,Public,14,14,36981,29,37703,10,10,23681,20,23681,-,-, -,-, -,-,-, -,-, -,-,-, -,-, -
00165200,HAROLD WASHINGTON COLLEGE,IL,606012403,Public,16,17,33658,34,33658,10,10,14910,20,14910,-,-, -,-, -,-,-, -,-, -,-,-, -,-, -
00165400,CITY COLLEGES OF CHICAGO - KENNEDY KING COLLEGE,IL,606213798,Public,7,8,19110,18,22610,9,9,17350,21,24625,-,-, -,-, -,-,-, -,-, -,-,-, -,-, -
00165500,WILBUR WRIGHT COLLEGE,IL,606341591,Public,5,5,11196,10,11196,8,8,19167,16,19167,-,-, -,-, -,-,-, -,-, -,-,-, -,-, -
00165700,MIDWESTERN UNIVERSITY,IL,605151200,Private-Nonprofit,-,-, -,-, -,-,-, -,-, -,3130,3154,109332120,11813,110810451,-,-, -,-, -,2670,2970,150942693,10802,152576266
00165900,ROSALIND FRANKLIN UNIVERSITY OF MEDICINE AND SCIENCE,IL,600643095,Private-Nonprofit,-,-, -,-, -,-,-, -,-, -,978,978,32358087,3649,32358087,-,-, -,-, -,878,886,30717996,3236,30730428
00166100,CHICAGO THEOLOGICAL SEMINARY,IL,606372902,Private-Nonprofit,-,-, -,-, -,-,-, -,-, -,1,1,10250,5,24266,-,-, -,-, -,1,1,13667,4,28061
00166300,SPERTUS COLLEGE OF JUDAICA,IL,606051995,Private-Nonprofit,-,-, -,-, -,-,-, -,-, -,1,1,4331,1,4331,-,-, -,-, -,-,-, -,-, -
00166400,UNIVERSITY OF ST. FRANCIS,IL,604356188,Private-Nonprofit,14,14,31713,26,46431,7,7,17711,20,49449,67,67,857530,428,2537921,2,2,11106,8,31310,34,36,1016411,187,1979148
00166500,COLUMBIA COLLEGE CHICAGO,IL,606051996,Private-Nonprofit,86,89,227788,134,237455,77,83,235473,146,243351,0,0,0,24,163028,40,42,405915,59,466959,3,4,20338,21,188357
00166600,CONCORDIA UNIVERSITY,IL,603051499,Private-Nonprofit,91,93,353709,209,353709,88,90,453554,204,453554,1132,1140,15686743,2963,15686834,3,3,22206,6,22206,93,93,1642202,239,1642202
00166900,DANVILLE AREA COMMUNITY COLLEGE,IL,618325199,Public,7,7,10426,14,10426,6,6,9525,12,9525,-,-, -,-, -,1,1,5000,2,5000,-,-, -,-, -
00167100,DEPAUL UNIVERSITY,IL,606042287,Private-Nonprofit,604,623,1142849,829,1338989,630,658,1134113,879,1295849,1230,1284,8497121,1374,8785846,120,133,1182700,229,1594519,323,367,2288940,413,2427491
00167400,EASTERN ILLINOIS UNIVERSITY,IL,619203099,Public,145,146,329046,164,348426,121,123,331675,146,360232,145,145,777828,151,796074,21,21,89121,25,96319,10,10,58475,10,58475
00167500,ELGIN COMMUNITY COLLEGE,IL,601237193,Public,45,45,157358,182,157358,32,32,122798,118,122798,-,-, -,-, -,1,1,8667,6,8667,-,-, -,-, -
00167600,ELMHURST UNIVERSITY,IL,601263296,Private-Nonprofit,19,19,61985,47,117714,20,20,58809,51,127305,5,5,55498,21,198998,15,16,99674,21,99674,4,4,31410,14,97479
00167800,EUREKA COLLEGE,IL,615309976,Private-Nonprofit,4,4,20000,8,20000,7,7,32000,14,32000,-,-, -,-, -,6,6,71816,9,101116,-,-, -,-, -
00168100,HIGHLAND COMMUNITY COLLEGE,IL,610329341,Public,10,11,19441,29,27129,4,4,5315,17,16859,-,-, -,-, -,1,1,2500,2,2500,-,-, -,-, -
00168200,GARRETT - EVANGELICAL THEOLOGICAL SEMINARY,IL,602012926,Private-Nonprofit,-,-, -,-, -,-,-, -,-, -,7,7,71433,9,76308,-,-, -,-, -,1,1,8507,1,8507
00168400,GREENVILLE UNIVERSITY,IL,622461199,Private-Nonprofit,33,33,101364,53,123681,39,39,138559,56,162490,18,18,141164,59,343206,4,4,23345,6,23345,-,-, -,-, -
00168500,HEBREW THEOLOGICAL COLLEGE,IL,600773263,Private-Nonprofit,12,12,39896,28,39896,12,12,37988,29,37988,-,-, -,-, -,2,2,13612,4,13612,-,-, -,-, -
00168800,ILLINOIS COLLEGE,IL,626502299,Private-Nonprofit,22,22,58965,60,76769,21,25,59002,59,81433,-,-, -,-, -,3,3,5925,4,7277,-,-, -,-, -
00168900,ILLINOIS COLLEGE OF OPTOMETRY,IL,606163878,Private-Nonprofit,-,-, -,-, -,-,-, -,-, -,22,22,154304,192,2125996,-,-, -,-, -,39,46,158925,225,1196685
00169100,ILLINOIS INSTITUTE OF TECHNOLOGY,IL,606163717,Private-Nonprofit,15,17,47759,34,69263,24,26,88283,45,101759,48,53,373619,59,373619,13,13,108205,16,108205,132,160,1372332,166,1372332
00169200,ILLINOIS STATE UNIVERSITY,IL,617901000,Public,252,253,728754,339,741644,193,198,603653,292,617171,78,78,398142,87,398142,88,96,591880,109,593680,2,2,17479,2,17479
00169300,NORTHEASTERN ILLINOIS UNIVERSITY,IL,606254699,Public,163,168,379283,208,382383,161,165,375143,208,386143,112,122,665490,135,665490,5,5,33430,6,33430,6,7,31888,7,31888
00169400,CHICAGO STATE UNIVERSITY,IL,606281598,Public,51,53,110039,58,111039,65,69,224328,73,228328,71,74,656262,79,656262,6,7,78143,8,78143,100,112,1435903,128,1440166
00169600,ILLINOIS WESLEYAN UNIVERSITY,IL,617022900,Private-Nonprofit,0,0,0,1,3255,1,1,2000,1,2000,-,-, -,-, -,3,3,5807,3,5807,-,-, -,-, -
00169900,JOLIET JUNIOR COLLEGE,IL,604318938,Public,36,37,73586,85,84393,59,64,115540,149,139063,-,-, -,-, -,0,0,0,1,2653,-,-, -,-, -
00170000,JUDSON UNIVERSITY,IL,601231498,Private-Nonprofit,45,47,64988,131,245591,39,40,73530,118,271765,12,12,110433,25,166699,3,4,11718,4,11718,-,-, -,-, -
00170400,KNOX COLLEGE,IL,614014999,Private-Nonprofit,8,8,20501,14,23448,7,9,26441,14,30777,-,-, -,-, -,8,9,73745,15,73745,-,-, -,-, -
00170500,ILLINOIS VALLEY COMMUNITY COLLEGE,IL,613489692,Public,4,5,8662,10,8662,3,3,2445,6,2445,-,-, -,-, -,-,-, -,-, -,-,-, -,-, -
00170600,LAKE FOREST COLLEGE,IL,600452399,Private-Nonprofit,6,7,27950,12,27950,13,16,65200,30,65200,-,-, -,-, -,3,3,35333,5,35333,-,-, -,-, -
00170700,LEWIS UNIVERSITY,IL,604462200,Private-Nonprofit,36,36,145241,116,251034,45,46,175738,128,331120,79,80,709547,429,2870254,16,16,182940,25,237540,10,10,112001,61,476194
00170800,LINCOLN CHRISTIAN UNIVERSITY,IL,626562167,Private-Nonprofit,3,3,2248,3,2248,0,0,0,1,3125,10,10,38615,22,110789,1,1,7396,1,7396,-,-, -,-, -
00170900,LINCOLN COLLEGE,IL,626561699,Private-Nonprofit,1,1,2109,7,10608,2,2,7891,8,16177,0,0,0,1,750,2,2,7000,4,7000,-,-, -,-, -
00171000,LOYOLA UNIVERSITY CHICAGO,IL,606601537,Private-Nonprofit,294,299,836542,476,990366,272,280,1223764,499,1423428,722,1217,22822867,2168,22822867,139,150,1407920,166,1407920,796,888,14496771,1275,14506038
00171600,GENERATIONS COLLEGE,IL,606024405,Private-Nonprofit,46,46,112648,104,155246,49,49,259893,108,361352,-,-, -,-, -,0,0,0,1,7775,-,-, -,-, -
00172100,MCCORMICK THEOLOGICAL SEMINARY,IL,606155604,Private-Nonprofit,-,-, -,-, -,-,-, -,-, -,4,4,41021,4,41021,-,-, -,-, -,-,-, -,-, -
00172200,MCKENDREE UNIVERSITY,IL,622541299,Private-Nonprofit,26,26,62075,40,76575,29,29,72910,42,76110,19,19,86775,20,97025,12,12,100893,22,133382,-,-, -,-, -
00172300,MEADVILLE THEOLOGICAL SCHOOL OF LOMBARD COLLEGE,IL,606013616,Private-Nonprofit,-,-, -,-, -,-,-, -,-, -,0,0,0,13,53746,-,-, -,-, -,0,0,0,1,6898
00172400,MILLIKIN UNIVERSITY,IL,625222084,Private-Nonprofit,24,24,66967,38,67192,33,34,101357,60,101357,6,6,55724,65,343657,6,6,42800,12,55250,4,4,15187,51,300020
00172500,MONMOUTH COLLEGE,IL,614621963,Private-Nonprofit,-,-, -,-, -,2,2,1265,4,1265,-,-, -,-, -,1,1,4882,2,4882,-,-, -,-, -
00172700,MOODY BIBLE INSTITUTE,IL,606103214,Private-Nonprofit,46,46,138507,90,142963,48,50,182375,99,198055,22,22,213064,45,213165,11,11,76472,23,81772,2,2,24500,4,24500
00172800,MORTON COLLEGE,IL,608044398,Public,1,1,1750,3,3250,1,1,1000,3,2500,-,-, -,-, -,-,-, -,-, -,-,-, -,-, -
00173200,NATIONAL UNIVERSITY OF HEALTH SCIENCES (THE),IL,601484583,Private-Nonprofit,6,6,26375,17,46875,10,10,57632,23,81019,195,195,5716305,516,7466504,-,-, -,-, -,147,157,2091866,438,2720595
00173300,NATIONAL LOUIS UNIVERSITY,IL,606033032,Private-Nonprofit,186,194,493418,967,1490532,171,174,501853,844,1601570,465,477,4548450,2052,10461276,8,8,78863,43,230640,118,145,1652278,449,1983931
00173400,NORTH CENTRAL COLLEGE,IL,605404690,Private-Nonprofit,14,14,72333,32,74083,16,16,48140,32,49140,115,115,2037830,277,2037830,3,3,13972,5,25472,51,53,1826935,141,1826935
00173500,NORTH PARK UNIVERSITY,IL,606254895,Private-Nonprofit,15,15,40664,40,81657,22,23,68437,62,151561,34,41,181650,141,599412,9,10,55380,11,55380,1,1,1500,4,23363
00173600,NORTHERN BAPTIST THEOLOGICAL SEMINARY,IL,605321348,Private-Nonprofit,-,-, -,-, -,-,-, -,-, -,8,8,67140,35,156359,-,-, -,-, -,0,0,0,1,3901
00173700,NORTHERN ILLINOIS UNIVERSITY,IL,601152854,Public,231,244,727156,346,773589,220,227,623796,319,652582,305,318,1565101,360,1642159,52,53,299672,80,329721,89,91,718601,106,727756
00173900,NORTHWESTERN UNIVERSITY,IL,602080001,Private-Nonprofit,97,102,220880,176,241764,86,87,299997,179,345564,708,836,9348980,2212,13961644,21,25,331572,36,334372,612,851,15270672,2090,23804705
00174100,OLIVET NAZARENE UNIVERSITY,IL,609142271,Private-Nonprofit,21,21,55048,46,92269,24,24,74021,52,127850,22,22,87707,36,122930,8,8,27578,9,35461,-,-, -,-, -
00174200,ILLINOIS EASTERN COMMUNITY COLLEGES,IL,624501099,Public,13,13,25187,38,46022,10,10,22875,34,43757,-,-, -,-, -,-,-, -,-, -,-,-, -,-, -
00174500,QUINCY UNIVERSITY,IL,623012699,Private-Nonprofit,19,19,70002,41,70002,22,23,85949,48,85949,14,14,193047,33,193047,3,3,30799,6,30799,-,-, -,-, -
00174700,ROCK VALLEY COLLEGE,IL,611145699,Public,10,10,19389,33,25316,4,4,11013,38,38376,-,-, -,-, -,-,-, -,-, -,-,-, -,-, -
00174800,ROCKFORD UNIVERSITY,IL,611082393,Private-Nonprofit,32,36,84486,59,108698,30,33,83630,56,109095,23,25,218067,31,235150,14,14,127997,18,127997,-,-, -,-, -
00174900,ROOSEVELT UNIVERSITY,IL,606051394,Private-Nonprofit,64,64,237671,152,288253,52,52,161377,132,210122,170,171,1689157,378,2149759,11,12,126934,34,214277,69,76,621190,168,804670
00175000,DOMINICAN UNIVERSITY,IL,603051066,Private-Nonprofit,15,16,48996,28,56412,17,17,46459,32,54125,291,295,5009204,744,5009204,7,8,46520,16,46520,67,74,2114236,169,2114236
00175200,SAUK VALLEY COMMUNITY COLLEGE,IL,610219112,Public,7,8,14725,15,14725,9,9,16003,18,16003,-,-, -,-, -,-,-, -,-, -,-,-, -,-, -
00175300,SCHOOL OF THE ART INSTITUTE OF CHICAGO,IL,606033013,Private-Nonprofit,97,101,400586,170,408336,102,107,350605,187,377855,81,82,1173028,123,1214028,38,45,441090,57,490874,33,44,307248,56,307248
00175800,SOUTHERN ILLINOIS UNIVERSITY AT CARBONDALE,IL,629010000,Public,147,153,418690,180,425440,142,147,395455,185,400411,276,288,2365098,291,2365098,53,60,427173,70,427173,247,269,2440988,283,2440988
00175900,SOUTHERN ILLINOIS UNIVERSITY EDWARDSVILLE,IL,620261060,Public,168,170,402834,183,402834,168,176,487877,197,491627,439,532,2920307,535,2920307,66,67,355504,72,355504,160,160,1216960,163,1216960
00176500,UNIVERSITY OF SAINT MARY OF THE LAKE,IL,600601174,Private-Nonprofit,-,-, -,-, -,-,-, -,-, -,0,0,0,2,266,-,-, -,-, -,-,-, -,-, -
00176700,BENEDICTINE UNIVERSITY,IL,605320900,Private-Nonprofit,126,132,495200,323,524046,138,142,491495,342,534649,338,464,6438044,1724,6468796,19,22,295689,45,295689,32,37,437493,123,465054
00176800,SAINT XAVIER UNIVERSITY,IL,606553199,Private-Nonprofit,39,40,110897,47,114897,42,44,118400,50,122400,141,148,715607,152,723470,11,11,52694,11,52694,33,33,274339,33,274339
00177100,TRINITY CHRISTIAN COLLEGE,IL,604630929,Private-Nonprofit,6,6,18600,44,81970,9,9,30997,43,123720,0,0,0,26,171863,0,0,0,1,1940,-,-, -,-, -
00177200,TRINITY INTERNATIONAL UNIVERSITY,IL,600151283,Private-Nonprofit,4,4,11000,6,16000,5,5,8057,9,15109,52,52,359936,263,1290978,6,6,40246,9,44972,33,35,348961,202,1671817
00177300,TRITON COLLEGE,IL,601711995,Public,31,31,81259,68,92925,27,27,74764,60,82764,-,-, -,-, -,2,2,15127,4,15127,-,-, -,-, -
00177400,UNIVERSITY OF CHICAGO (THE),IL,606371476,Private-Nonprofit,12,13,35583,18,37416,17,19,74503,28,76337,323,364,6835173,1009,7011739,9,11,197504,15,212504,166,195,4994439,513,5135849
00177500,UNIVERSITY OF ILLINOIS URBANA-CHAMPAIGN,IL,618205796,Public,362,370,756932,440,793403,202,208,464707,277,483957,682,709,4344748,732,4350748,89,91,645592,116,709032,469,492,3650486,510,3650486
00177600,UNIVERSITY OF ILLINOIS CHICAGO,IL,606124305,Public,225,234,727127,330,773858,159,166,405259,242,476993,769,793,6360242,1084,9955752,45,48,271422,58,275172,1077,1196,14236165,1621,20077671
00177800,VANDERCOOK COLLEGE OF MUSIC,IL,606163731,Private-Nonprofit,-,-, -,-, -,-,-, -,-, -,0,0,0,4,27332,-,-, -,-, -,-,-, -,-, -
00178000,WESTERN ILLINOIS UNIVERSITY,IL,614551390,Public,300,305,692612,319,697610,274,365,513159,385,515159,111,139,573664,141,573664,20,26,90247,26,90247,6,6,31109,6,31109
00178100,WHEATON COLLEGE,IL,601875535,Private-Nonprofit,5,5,20167,22,36678,5,5,11500,21,20458,15,15,217617,52,397628,6,6,94191,7,94191,28,34,367153,39,386710
00178300,WORSHAM COLLEGE OF MORTUARY SCIENCE,IL,600902646,Proprietary,97,98,318366,225,369648,101,102,470657,240,557459,-,-, -,-, -,2,3,25705,7,25705,-,-, -,-, -
00178500,ANDERSON UNIVERSITY,IN,460123495,Private-Nonprofit,97,103,239084,109,239084,80,82,164150,91,164256,31,31,235919,32,235919,20,20,151610,26,151610,2,2,14176,2,14176
00178600,BALL STATE UNIVERSITY,IN,473060880,Public,579,591,1679908,635,1693720,273,281,621824,332,641761,1059,1080,5969970,1086,5974113,43,46,265055,61,275247,74,79,534086,79,534086
00178700,BETHEL UNIVERSITY,IN,465455591,Private-Nonprofit,14,14,43941,41,85846,11,11,50252,45,120464,6,6,32052,24,151737,4,4,34667,11,44218,-,-, -,-, -
00178800,BUTLER UNIVERSITY,IN,462083487,Private-Nonprofit,22,22,76794,61,114136,25,25,87551,47,107253,79,79,1150159,168,1435883,18,19,151451,24,193295,99,100,1094421,112,1156848
00178900,CHRISTIAN THEOLOGICAL SEMINARY,IN,462083301,Private-Nonprofit,-,-, -,-, -,-,-, -,-, -,4,4,32084,4,32084,-,-, -,-, -,-,-, -,-, -
00179200,DEPAUW UNIVERSITY,IN,461350037,Private-Nonprofit,6,6,15290,10,15290,6,6,14469,11,14469,-,-, -,-, -,3,3,21223,5,21223,-,-, -,-, -
00179300,EARLHAM COLLEGE,IN,473744095,Private-Nonprofit,1,1,3500,3,4500,1,1,2000,3,2770,8,9,153059,19,153059,-,-, -,-, -,3,3,17423,6,17423
00179500,UNIVERSITY OF EVANSVILLE,IN,477220002,Private-Nonprofit,31,32,65575,38,65575,17,19,47713,27,47713,40,40,400691,45,400691,6,6,39696,6,39696,112,126,1618469,144,1618469
00179800,FRANKLIN COLLEGE OF INDIANA,IN,461312623,Private-Nonprofit,5,5,10910,5,10910,4,4,12528,5,13528,23,23,455671,65,660671,1,1,1980,1,1980,24,24,463001,58,600817
00179900,GOSHEN COLLEGE,IN,465264794,Private-Nonprofit,14,14,35496,16,37329,15,15,26500,19,34250,2,2,12497,21,124013,1,1,14000,3,24427,1,1,1666,3,5032
00180000,GRACE COLLEGE AND THEOLOGICAL SEMINARY,IN,465901224,Private-Nonprofit,9,9,28049,39,70878,8,8,21118,43,96279,9,9,92389,93,626928,2,3,8781,8,33527,1,1,10065,5,23918
00180100,HANOVER COLLEGE,IN,472430108,Private-Nonprofit,-,-, -,-, -,-,-, -,-, -,64,64,1305167,191,1305167,2,2,21000,3,25546,61,61,2762867,182,2762867
00180300,HUNTINGTON UNIVERSITY,IN,467501299,Private-Nonprofit,4,4,6139,21,24419,1,1,1602,14,13593,88,91,980943,189,1583065,2,2,8909,2,8909,35,43,419050,105,704547
00180400,UNIVERSITY OF INDIANAPOLIS,IN,462273697,Private-Nonprofit,198,216,574647,223,574647,109,117,332254,125,332254,310,326,2562029,327,2562029,13,17,103004,17,103004,50,56,445593,58,445593
00180500,INDIANA INSTITUTE OF TECHNOLOGY,IN,468031297,Private-Nonprofit,181,186,317581,2665,1345140,198,208,567917,2722,2032436,44,44,305342,430,1070561,3,4,40361,11,53406,6,6,52491,19,72994
00180700,INDIANA STATE UNIVERSITY,IN,478092501,Public,104,105,280278,129,289778,101,102,306453,124,319953,161,165,875296,168,880296,36,37,168714,56,168714,87,97,706594,102,706594
00180800,UNIVERSITY OF SOUTHERN INDIANA,IN,477123596,Public,60,60,126389,74,129139,51,53,136827,66,137827,204,207,848724,217,867555,13,13,57926,17,68513,27,27,130746,29,141246
00180900,INDIANA UNIVERSITY - BLOOMINGTON,IN,474057000,Public,408,449,1103829,603,1106552,295,306,826902,481,840226,449,485,2999791,547,2999791,83,87,920148,123,942784,283,338,2794196,402,2794196
00181100,INDIANA UNIVERSITY - EAST,IN,473741289,Public,157,162,407160,167,407160,129,132,318451,136,318451,29,29,151866,29,151866,2,2,23582,3,23582,-,-, -,-, -
00181300,INDIANA UNIVERSITY - PURDUE UNIVERSITY INDIANAPOLIS,IN,462022896,Public,500,518,1305323,590,1305323,378,394,1074523,472,1075523,1309,1496,10975110,1561,10981944,42,43,295724,53,295724,1042,1213,13962450,1296,13962450
00181400,INDIANA UNIVERSITY - KOKOMO,IN,469023557,Public,71,71,152769,74,152769,49,49,127426,55,127426,29,29,141868,29,141868,3,4,17363,4,17363,-,-, -,-, -
00181500,INDIANA UNIVERSITY - NORTHWEST,IN,464081197,Public,119,125,237759,144,240509,107,108,301057,127,302121,54,54,191360,54,191360,2,2,13227,4,16227,6,6,24735,6,24735
00181600,INDIANA UNIVERSITY - SOUTH BEND,IN,466347111,Public,144,150,284909,160,284909,110,115,282604,128,282604,128,131,593366,132,593366,6,8,23861,10,23861,24,26,198276,26,198276
00181700,INDIANA UNIVERSITY SOUTHEAST,IN,471506405,Public,144,146,313254,157,313254,86,88,221587,99,221587,59,59,304670,62,304670,3,4,23437,5,23437,-,-, -,-, -
00182000,MANCHESTER UNIVERSITY,IN,469621276,Private-Nonprofit,10,10,31193,17,33943,12,12,41307,27,49162,22,22,391458,52,396502,2,2,24606,4,24606,71,71,1242739,81,1261999
00182100,MARIAN UNIVERSITY,IN,462221997,Private-Nonprofit,381,386,1364893,541,1333781,434,442,2293527,618,2245020,188,190,3376692,477,3224409,10,10,295468,20,300468,105,114,4341778,298,4375951
00182200,INDIANA WESLEYAN UNIVERSITY,IN,469534974,Private-Nonprofit,1051,1067,2963443,5638,5689610,1049,1063,4449298,5533,8404262,988,989,12769279,3614,20421480,9,9,97515,31,122634,81,82,753259,234,1132876
00182300,ANABAPTIST MENNONITE BIBLICAL SEMINARY,IN,465171999,Private-Nonprofit,-,-, -,-, -,-,-, -,-, -,0,0,0,1,7000,-,-, -,-, -,-,-, -,-, -
00182400,OAKLAND CITY UNIVERSITY,IN,476601099,Private-Nonprofit,5,5,21044,21,44288,7,7,38906,25,86344,8,8,58681,23,160013,-,-, -,-, -,0,0,0,1,2607
00182500,PURDUE UNIVERSITY,IN,479072040,Public,140,140,479749,251,479749,168,169,713040,326,714040,686,687,9469749,1153,9475533,90,95,1683629,190,1683629,73,75,772089,110,772089
00182700,PURDUE UNIVERSITY NORTHWEST,IN,463232094,Public,95,97,189807,192,196682,90,91,227179,181,232179,73,74,305600,150,351723,13,13,46422,25,46422,9,9,32102,24,77655
00182800,PURDUE UNIVERSITY FORT WAYNE,IN,468051499,Public,111,113,250666,128,256416,105,107,258089,121,261089,48,49,220296,52,220296,4,5,14019,8,16804,1,1,4000,1,4000
00183000,ROSE-HULMAN INSTITUTE OF TECHNOLOGY,IN,478033999,Private-Nonprofit,7,7,19093,12,19951,8,8,30514,14,33322,1,1,10000,1,10000,5,5,45717,16,133338,-,-, -,-, -
00183200,UNIVERSITY OF SAINT FRANCIS,IN,468083994,Private-Nonprofit,14,14,54739,38,74456,12,12,59665,40,100271,69,69,897519,274,1684950,3,3,11635,4,18135,28,28,266433,45,404035
00183400,CALUMET COLLEGE OF SAINT JOSEPH,IN,463942195,Private-Nonprofit,20,21,42900,26,46400,23,24,77122,28,77122,16,18,144905,26,180239,2,2,10337,4,15147,-,-, -,-, -
00183500,SAINT MARY OF THE WOODS COLLEGE,IN,478760067,Private-Nonprofit,56,62,103699,65,103699,82,85,189566,87,189997,57,59,199715,59,199715,1,1,756,1,756,5,5,13870,5,13870
00183600,SAINT MARY'S COLLEGE,IN,465565007,Private-Nonprofit,17,17,40286,22,40286,9,9,18705,13,18705,2,2,14095,46,309750,7,7,72066,10,72066,1,1,14845,19,111565
00183800,TAYLOR UNIVERSITY,IN,469891001,Private-Nonprofit,20,20,57166,30,70165,19,21,56226,31,68093,-,-, -,-, -,7,7,22383,7,22383,-,-, -,-, -
00183900,TRINE UNIVERSITY,IN,467031764,Private-Nonprofit,54,56,105985,79,110653,55,57,115504,84,120838,38,43,187834,162,1003255,14,15,63980,15,63980,11,17,121410,92,993182
00184000,UNIVERSITY OF NOTRE DAME,IN,465565602,Private-Nonprofit,4,4,14840,8,14840,8,8,26200,24,31020,124,125,2236024,332,2246274,17,18,436666,46,436666,51,57,1807169,152,1807169
00184200,VALPARAISO UNIVERSITY,IN,463836493,Private-Nonprofit,94,95,247947,167,248947,102,106,284855,187,284855,52,53,568156,95,568156,15,16,207396,34,219174,12,12,106572,20,106572
00184300,VINCENNES UNIVERSITY,IN,475911523,Public,93,95,185345,192,197025,100,103,243635,208,251530,-,-, -,-, -,15,15,60922,32,69673,-,-, -,-, -
00184400,WABASH COLLEGE,IN,479330352,Private-Nonprofit,1,1,3500,2,3500,3,4,13650,8,13650,-,-, -,-, -,1,1,22000,2,22000,-,-, -,-, -
00184600,BRIAR CLIFF UNIVERSITY,IA,511042324,Private-Nonprofit,15,16,34080,16,34080,9,9,24786,9,24786,50,50,651614,50,651614,3,3,10438,3,10438,52,53,790964,53,790964
00184700,BUENA VISTA UNIVERSITY,IA,505889987,Private-Nonprofit,60,60,197157,383,734175,52,52,219553,355,815478,89,89,415409,258,1278132,6,6,42444,13,72051,-,-, -,-, -
00184800,SOUTHEASTERN COMMUNITY COLLEGE,IA,526550605,Public,38,39,84937,96,114456,24,30,69942,74,103329,-,-, -,-, -,-,-, -,-, -,-,-, -,-, -
00185000,CENTRAL COLLEGE,IA,502191999,Private-Nonprofit,5,5,22500,6,24750,11,11,28490,12,29490,-,-, -,-, -,1,1,2800,1,2800,-,-, -,-, -
00185200,CLARKE UNIVERSITY,IA,520013198,Private-Nonprofit,19,19,47507,23,51507,17,18,61712,22,65712,15,16,138223,16,138223,4,4,22577,4,22577,18,19,163003,20,172463
00185400,COE COLLEGE,IA,524025092,Private-Nonprofit,5,5,12870,11,20870,8,8,17830,18,25080,-,-, -,-, -,10,10,65602,15,65602,-,-, -,-, -
00185500,DES MOINES UNIVERSITY - OSTEOPATHIC MEDICAL CENTER,IA,502665360,Private-Nonprofit,-,-, -,-, -,-,-, -,-, -,447,463,4858318,500,4905782,-,-, -,-, -,54,59,366096,114,388108
00185600,CORNELL COLLEGE,IA,523141098,Private-Nonprofit,6,6,6560,9,6560,-,-, -,-, -,-,-, -,-, -,3,3,10919,5,10919,-,-, -,-, -
00185700,SOUTHWESTERN COMMUNITY COLLEGE,IA,508011098,Public,20,20,55295,46,66795,15,15,31558,36,45558,-,-, -,-, -,-,-, -,-, -,-,-, -,-, -
00185800,DIVINE WORD COLLEGE,IA,520450380,Private-Nonprofit,2,2,3500,4,3500,-,-, -,-, -,-,-, -,-, -,-,-, -,-, -,-,-, -,-, -
00185900,DORDT UNIVERSITY,IA,512501697,Private-Nonprofit,4,4,15500,4,15500,6,6,21999,6,21999,31,32,291693,62,291693,4,4,38830,4,38830,-,-, -,-, -
00186000,DRAKE UNIVERSITY,IA,503114505,Private-Nonprofit,40,41,142169,60,142169,35,36,130724,55,130724,352,366,6033706,794,6033706,13,13,103472,19,103472,136,153,4817763,353,4817763
00186200,ELLSWORTH COMMUNITY COLLEGE,IA,501262302,Public,40,41,55556,84,57806,21,22,30784,46,31484,-,-, -,-, -,4,4,6600,8,6600,-,-, -,-, -
00186400,IOWA LAKES COMMUNITY COLLEGE,IA,513342234,Public,20,20,33599,63,64671,19,20,39706,69,81025,-,-, -,-, -,1,1,3000,3,9233,-,-, -,-, -
00186500,IOWA CENTRAL COMMUNITY COLLEGE,IA,505015798,Public,177,184,310129,439,418810,148,149,263026,371,406890,-,-, -,-, -,10,10,24081,20,24081,-,-, -,-, -
00186600,GRACELAND UNIVERSITY,IA,501401699,Private-Nonprofit,11,11,32900,39,61055,20,22,87036,43,125179,103,110,712622,284,1684822,4,4,34732,10,47704,9,9,43149,11,45697
00186700,GRAND VIEW UNIVERSITY,IA,503161599,Private-Nonprofit,48,51,141386,76,143636,42,45,152070,69,156904,27,28,152206,94,356638,2,3,6428,4,6428,-,-, -,-, -
00186800,GRINNELL COLLEGE,IA,501121690,Private-Nonprofit,10,10,9385,12,9385,6,6,7455,7,7455,-,-, -,-, -,-,-, -,-, -,-,-, -,-, -
00186900,IOWA STATE UNIVERSITY OF SCIENCE & TECHNOLOGY,IA,500112103,Public,814,832,1899681,1007,2144448,812,832,1817300,1075,2146903,308,316,2541973,339,2600489,102,105,541581,124,557489,19,19,116240,21,116240
00187100,IOWA WESLEYAN UNIVERSITY,IA,526411398,Private-Nonprofit,0,0,0,2,5500,1,1,1697,5,6882,3,3,10905,9,28135,0,0,0,1,1700,-,-, -,-, -
00187300,LORAS COLLEGE,IA,520040178,Private-Nonprofit,21,21,82406,58,83327,24,25,61014,68,61014,24,24,349400,75,349400,3,3,18719,6,18719,-,-, -,-, -
00187400,LUTHER COLLEGE,IA,521011045,Private-Nonprofit,7,7,15457,10,15457,6,6,15842,9,15842,-,-, -,-, -,2,2,23797,3,23797,-,-, -,-, -
00187500,MARSHALLTOWN COMMUNITY COLLEGE,IA,501584760,Public,22,22,27606,44,27606,22,22,33592,44,33592,-,-, -,-, -,1,1,1195,2,1195,-,-, -,-, -
00187700,NORTH IOWA AREA COMMUNITY COLLEGE,IA,504017299,Public,12,12,34454,39,49688,20,20,47482,46,59099,-,-, -,-, -,0,0,0,2,4643,-,-, -,-, -
00187900,MORNINGSIDE UNIVERSITY,IA,511061751,Private-Nonprofit,14,16,48280,21,50216,16,24,50806,29,51808,168,255,664582,256,664582,5,5,37150,7,37650,1,1,6582,1,6582
00188000,MOUNT MERCY UNIVERSITY,IA,524024797,Private-Nonprofit,19,19,58789,75,150916,63,66,143751,75,160729,74,83,414186,83,414186,3,3,8224,3,8224,3,5,26262,5,26262
00188100,UNIVERSITY OF ARIZONA GLOBAL CAMPUS (THE),CA,921231406,Proprietary,4905,5613,14755668,12538,20942836,4530,5105,20208946,11740,28538862,1414,1681,18491732,3911,25974792,33,33,425541,85,540801,239,263,3788634,833,5492852
00188300,NORTHWESTERN COLLEGE,IA,510411996,Private-Nonprofit,27,27,59384,44,77722,16,16,29890,23,49140,65,65,544296,124,724765,0,0,0,1,7050,4,4,52915,46,709332
00188700,SIMPSON COLLEGE,IA,501251297,Private-Nonprofit,12,12,35979,23,51232,8,8,21333,15,27953,11,11,110667,14,122323,6,6,35223,7,35223,-,-, -,-, -
00188900,SAINT AMBROSE UNIVERSITY,IA,528032898,Private-Nonprofit,27,27,70273,35,75773,23,23,66125,29,69625,203,203,1891820,207,1911156,9,9,57532,10,57532,56,58,424356,58,424356
00189000,UNIVERSITY OF NORTHERN IOWA,IA,506140002,Public,172,176,372881,214,381381,140,152,389343,184,400388,110,120,599545,121,599545,8,8,43519,9,43519,36,37,239041,39,239041
00189100,UNIVERSITY OF DUBUQUE,IA,520015099,Private-Nonprofit,208,218,432545,223,432545,237,260,523320,266,523320,97,100,641147,101,641147,14,19,69479,19,69479,26,29,228759,29,228759
00189200,UNIVERSITY OF IOWA,IA,522421316,Public,158,187,436157,187,436157,161,199,512019,199,512019,408,501,2758105,501,2758105,115,129,1144171,129,1144171,357,364,3018780,364,3018780
00189300,UPPER IOWA UNIVERSITY,IA,521429206,Private-Nonprofit,382,383,810993,1156,1332012,366,368,1081140,1154,1859823,153,154,1209178,448,2311294,7,7,60089,16,79234,-,-, -,-, -
00189500,WALDORF UNIVERSITY,IA,504361700,Proprietary,190,200,504604,807,823498,228,242,981438,932,1585968,70,73,654180,375,1215588,9,9,74496,17,86361,4,4,25753,13,25753
00189600,WARTBURG COLLEGE,IA,506772200,Private-Nonprofit,5,5,21500,9,21500,5,5,12053,8,12053,2,2,3840,4,9273,2,2,8134,2,8134,1,1,12800,1,12800
00189700,WARTBURG THEOLOGICAL SEMINARY,IA,520037769,Private-Nonprofit,-,-, -,-, -,-,-, -,-, -,5,5,13987,5,13987,-,-, -,-, -,-,-, -,-, -
00190000,WILLIAM PENN UNIVERSITY,IA,525771799,Private-Nonprofit,53,53,128742,106,128742,48,50,118392,100,118392,1,1,2933,2,2933,14,14,58008,28,58008,-,-, -,-, -
00190100,ALLEN COUNTY COMMUNITY COLLEGE,KS,667491607,Public,2,2,4500,5,4848,-,-, -,-, -,-,-, -,-, -,-,-, -,-, -,-,-, -,-, -
00190200,COWLEY COUNTY COMMUNITY COLLEGE & AREA VOCATIONAL TECHNICAL SCHOOL,KS,670052662,Public,40,40,69061,67,107575,23,23,39832,38,69082,-,-, -,-, -,-,-, -,-, -,-,-, -,-, -
00190300,BAKER UNIVERSITY,KS,660060065,Private-Nonprofit,68,69,257769,134,318472,68,69,352297,143,464813,113,115,1556417,317,2604444,4,4,16766,4,16766,7,7,131611,20,240440
00190400,BETHANY COLLEGE,KS,674561897,Private-Nonprofit,4,4,13804,6,13804,5,5,10083,7,10083,-,-, -,-, -,5,5,38713,6,38713,-,-, -,-, -
00190500,BETHEL COLLEGE,KS,671178061,Private-Nonprofit,1,1,2750,2,2750,1,1,1000,2,1000,-,-, -,-, -,3,3,31114,7,35618,-,-, -,-, -
00190600,BUTLER COUNTY COMMUNITY COLLEGE,KS,670423280,Public,108,108,334111,146,371989,61,61,160143,89,192765,-,-, -,-, -,1,1,7583,1,7583,-,-, -,-, -
00190800,CENTRAL CHRISTIAN COLLEGE OF KANSAS,KS,674605799,Private-Nonprofit,37,37,141085,157,298991,33,34,160875,151,354680,11,11,104253,27,149003,5,5,33385,13,39749,-,-, -,-, -
00190900,CLOUD COUNTY COMMUNITY COLLEGE,KS,669011002,Public,6,6,9126,18,17566,8,8,19200,19,20751,-,-, -,-, -,1,1,2045,4,6659,-,-, -,-, -
00191000,COFFEYVILLE COMMUNITY COLLEGE,KS,673375064,Public,37,37,98074,61,114379,29,30,85814,47,103064,-,-, -,-, -,1,1,2500,3,4500,-,-, -,-, -
00191100,COLBY COMMUNITY COLLEGE,KS,677014099,Public,22,22,49641,58,95225,18,18,46942,55,98981,-,-, -,-, -,0,0,0,1,4669,-,-, -,-, -
00191300,DODGE CITY COMMUNITY COLLEGE,KS,678012399,Public,62,64,182278,123,185928,48,48,97772,103,98772,-,-, -,-, -,1,1,2700,2,7688,-,-, -,-, -
00191400,DONNELLY COLLEGE,KS,661024298,Private-Nonprofit,11,11,29163,11,29163,8,8,17424,8,17424,-,-, -,-, -,-,-, -,-, -,-,-, -,-, -
00191500,FORT HAYS STATE UNIVERSITY,KS,676014099,Public,273,289,433835,297,445373,306,313,616193,330,635757,307,312,1051229,313,1051229,9,9,31739,10,31739,4,5,11676,5,11676
00191600,FORT SCOTT COMMUNITY COLLEGE,KS,667013199,Public,4,4,7500,19,21125,8,8,16361,32,39425,-,-, -,-, -,-,-, -,-, -,-,-, -,-, -
00191700,BARCLAY COLLEGE,KS,670590288,Private-Nonprofit,5,5,19250,13,34750,7,7,32939,18,48139,-,-, -,-, -,-,-, -,-, -,-,-, -,-, -
00191800,FRIENDS UNIVERSITY,KS,672133397,Private-Nonprofit,53,55,199355,111,201605,49,50,223665,96,226665,152,155,2213913,349,2213913,5,5,20013,5,20013,12,12,165015,34,165015
00191900,GARDEN CITY COMMUNITY COLLEGE,KS,678466398,Public,43,44,96922,47,96922,23,25,57411,29,57411,-,-, -,-, -,1,1,804,1,804,-,-, -,-, -
00192000,HESSTON COLLEGE,KS,670623000,Private-Nonprofit,-,-, -,-, -,1,1,3500,1,3500,-,-, -,-, -,3,3,16900,3,16900,-,-, -,-, -
00192100,HIGHLAND COMMUNITY COLLEGE,KS,660354062,Public,25,25,35508,54,39033,23,24,38954,54,46827,-,-, -,-, -,-,-, -,-, -,-,-, -,-, -
00192300,HUTCHINSON COMMUNITY COLLEGE,KS,675015894,Public,56,58,111173,59,113423,55,55,106408,59,119658,-,-, -,-, -,3,3,5569,6,11554,-,-, -,-, -
00192400,INDEPENDENCE COMMUNITY COLLEGE,KS,673018556,Public,34,34,49952,89,68585,17,17,25528,47,34158,-,-, -,-, -,1,1,2436,2,2436,-,-, -,-, -
00192500,KANSAS CITY KANSAS COMMUNITY COLLEGE,KS,661129978,Public,20,20,23787,52,47976,12,12,16360,42,43949,-,-, -,-, -,-,-, -,-, -,-,-, -,-, -
00192600,PITTSBURG STATE UNIVERSITY,KS,667627500,Public,87,89,159202,89,159202,52,63,87980,63,87980,223,225,909492,225,909492,3,3,12822,3,12822,1,1,5382,1,5382
00192700,EMPORIA STATE UNIVERSITY,KS,668015415,Public,94,96,152647,102,152647,116,119,186742,130,188155,591,621,2817152,628,2822687,2,2,23640,5,23640,12,12,106536,20,106536
00192800,KANSAS STATE UNIVERSITY,KS,665060112,Public,178,180,417355,214,442610,182,193,487236,239,512478,412,435,2629726,451,2657705,103,108,591558,112,594558,198,221,1625251,229,1625251
00192900,KANSAS WESLEYAN UNIVERSITY,KS,674016196,Private-Nonprofit,13,13,19241,15,21491,14,14,42750,18,43750,18,18,128505,34,146273,2,2,16384,2,16384,-,-, -,-, -
00193000,LABETTE COMMUNITY COLLEGE,KS,673574299,Public,7,7,16100,15,23100,9,9,15500,20,27250,-,-, -,-, -,-,-, -,-, -,-,-, -,-, -
00193100,MANHATTAN CHRISTIAN COLLEGE,KS,665024081,Private-Nonprofit,2,2,2750,17,15117,2,2,5652,8,11005,-,-, -,-, -,-,-, -,-, -,-,-, -,-, -
00193300,MCPHERSON COLLEGE,KS,674603899,Private-Nonprofit,6,6,15186,8,15186,14,14,49019,21,49019,-,-, -,-, -,4,4,23900,8,23900,-,-, -,-, -
00193600,NEOSHO COUNTY COMMUNITY COLLEGE,KS,667202699,Public,15,15,31709,24,45091,13,14,27767,25,50556,-,-, -,-, -,1,1,2700,1,2700,-,-, -,-, -
00193700,OTTAWA UNIVERSITY,KS,660673399,Private-Nonprofit,170,170,691424,393,925884,173,173,812242,406,1134640,135,135,1816987,349,2501070,6,6,60617,11,69356,2,2,31412,6,55714
00193800,PRATT COMMUNITY COLLEGE,KS,671248432,Public,20,21,57633,41,63366,17,18,41138,40,43805,-,-, -,-, -,-,-, -,-, -,-,-, -,-, -
00193900,NEWMAN UNIVERSITY,KS,672132084,Private-Nonprofit,38,38,195543,80,205543,36,36,200068,72,217068,56,57,909877,178,1186615,6,6,55213,10,59213,41,44,902919,119,1190303
00194000,SOUTHWESTERN COLLEGE,KS,671562499,Private-Nonprofit,47,48,185967,108,185967,56,59,304786,129,304786,12,12,177090,25,177090,5,5,45346,9,57625,3,3,27175,6,27175
00194300,UNIVERSITY OF SAINT MARY,KS,660485023,Private-Nonprofit,15,15,55488,33,84168,20,21,91164,40,124897,49,49,475098,198,1417164,2,2,6000,2,6000,4,5,19781,61,441587
00194500,STERLING COLLEGE,KS,675791533,Private-Nonprofit,9,9,23953,19,36210,8,8,21700,15,34948,7,7,58405,8,60405,2,2,12000,3,19668,-,-, -,-, -
00194600,TABOR COLLEGE,KS,670631799,Private-Nonprofit,4,4,14605,10,21382,2,2,3334,7,9933,8,8,35281,23,98233,0,0,0,1,1299,-,-, -,-, -
00194800,UNIVERSITY OF KANSAS,KS,660457535,Public,505,515,1040881,562,1041735,228,234,597912,305,617511,1042,1108,16588249,1404,16588249,253,260,1440439,279,1469975,224,266,2922978,338,2922978
00194900,WASHBURN UNIVERSITY - TOPEKA,KS,666211110,Public,72,72,176351,92,186401,73,74,214165,93,224915,56,57,248634,59,248634,9,10,39400,13,43797,57,59,443239,63,443239
00195000,WICHITA STATE UNIVERSITY,KS,672600024,Public,254,255,533913,280,544924,241,243,573200,280,586466,275,275,1393548,287,1414276,14,14,66118,18,67128,95,100,718650,103,718650
00195100,ALICE LLOYD COLLEGE,KY,418449703,Private-Nonprofit,6,6,17675,6,17675,2,2,5400,3,5400,-,-, -,-, -,1,1,4175,1,4175,-,-, -,-, -
00195200,ASBURY UNIVERSITY,KY,403901198,Private-Nonprofit,16,16,32571,17,33571,18,19,54049,24,58808,88,89,1201514,209,1205421,6,6,30266,6,30266,2,2,55450,6,55450
00195300,ASBURY THEOLOGICAL SEMINARY,KY,403901199,Private-Nonprofit,-,-, -,-, -,-,-, -,-, -,80,84,914234,191,914234,-,-, -,-, -,6,6,88858,16,88858
00195400,BELLARMINE UNIVERSITY,KY,402051877,Private-Nonprofit,91,92,310398,111,313898,76,76,383634,93,385634,112,113,954074,113,954074,14,14,71198,16,77033,129,133,1707755,134,1707755
00195500,BEREA COLLEGE,KY,404042182,Private-Nonprofit,27,29,72456,29,72456,9,9,11690,10,11690,-,-, -,-, -,-,-, -,-, -,-,-, -,-, -
00195800,BRESCIA UNIVERSITY,KY,423013023,Private-Nonprofit,5,5,9750,6,11500,7,7,19325,8,20325,8,8,28184,8,28184,1,1,2500,1,2500,15,15,113502,15,113502
00195900,CAMPBELLSVILLE UNIVERSITY,KY,427182799,Private-Nonprofit,301,310,617547,372,685822,249,270,640047,330,701823,712,758,4709312,829,4835092,20,20,115510,26,123494,32,35,228086,47,270866
00196000,SPALDING UNIVERSITY,KY,402032188,Private-Nonprofit,29,30,132211,66,132211,31,33,145741,71,145741,314,383,6128729,966,6249676,3,3,20855,4,20855,102,124,1880855,259,1890170
00196100,CENTRE COLLEGE OF KENTUCKY,KY,404221394,Private-Nonprofit,11,11,30777,11,30777,9,9,28492,9,28492,-,-, -,-, -,6,7,74094,7,74094,-,-, -,-, -
00196200,UNIVERSITY OF THE CUMBERLANDS,KY,407691372,Private-Nonprofit,241,248,455572,865,1159119,219,224,522068,814,1482397,929,963,5169080,2955,15692708,5,5,22541,7,33200,86,89,666249,278,1481115
00196300,EASTERN KENTUCKY UNIVERSITY,KY,404753102,Public,339,344,868498,415,904838,336,341,986035,411,1033119,444,449,2189533,471,2215250,34,34,200843,46,219130,69,70,459711,73,459711
00196400,GEORGETOWN COLLEGE,KY,403241628,Private-Nonprofit,1,1,695,1,695,5,5,10975,9,13725,164,165,473260,308,473260,1,1,2564,1,2564,-,-, -,-, -
00196500,KENTUCKY CHRISTIAN UNIVERSITY,KY,411432205,Private-Nonprofit,0,0,0,2,2527,2,2,4000,6,7723,0,0,0,25,124450,2,2,8150,4,8150,-,-, -,-, -
00196800,KENTUCKY STATE UNIVERSITY,KY,406012355,Public,29,29,77725,58,81225,25,25,60251,48,64251,4,4,25931,8,25931,6,6,40221,14,57793,-,-, -,-, -
00196900,KENTUCKY WESLEYAN COLLEGE,KY,423016057,Private-Nonprofit,11,11,27448,24,30628,11,12,25350,36,50432,-,-, -,-, -,0,0,0,3,15009,-,-, -,-, -
00197100,LEXINGTON THEOLOGICAL SEMINARY,KY,405033337,Private-Nonprofit,-,-, -,-, -,-,-, -,-, -,3,3,3257,6,3257,-,-, -,-, -,-,-, -,-, -
00197200,LINDSEY WILSON COLLEGE,KY,427281223,Private-Nonprofit,42,46,111323,145,360338,37,42,64032,97,205029,60,61,372823,400,2646417,-,-, -,-, -,20,21,162037,31,204456
00197400,LOUISVILLE PRESBYTERIAN THEOLOGICAL SEMINARY,KY,402051798,Private-Nonprofit,-,-, -,-, -,-,-, -,-, -,5,5,34996,5,34996,-,-, -,-, -,-,-, -,-, -
00197500,MIDWAY UNIVERSITY,KY,403471120,Private-Nonprofit,83,86,196296,95,196296,76,84,211577,93,211577,48,52,235477,58,235477,6,7,36749,7,36749,2,2,1690,2,1690
00197600,MOREHEAD STATE UNIVERSITY,KY,403511689,Public,61,61,148756,125,158256,74,77,202273,156,206273,60,63,302378,125,302378,11,11,48804,23,53304,9,10,50699,20,50699
00197700,MURRAY STATE UNIVERSITY,KY,420710009,Public,117,126,323976,150,325726,98,104,279554,133,279554,225,230,1262875,236,1262875,18,19,99774,24,99774,83,83,1061061,83,1061061
00197900,WEST KENTUCKY COMMUNITY AND TECHNICAL COLLEGE,KY,420027380,Public,48,49,73389,96,73389,58,62,104305,122,104305,-,-, -,-, -,-,-, -,-, -,-,-, -,-, -
00198000,UNIVERSITY OF PIKEVILLE,KY,415011194,Private-Nonprofit,27,29,85026,44,85863,25,27,80174,46,85338,262,269,9611389,741,9611389,9,9,68346,13,75927,184,193,4734547,465,4734547
00198700,TRANSYLVANIA UNIVERSITY,KY,405081797,Private-Nonprofit,2,2,9000,4,9000,3,3,6750,5,6750,-,-, -,-, -,1,1,20540,2,20540,-,-, -,-, -
00198800,UNION COLLEGE,KY,409061499,Private-Nonprofit,11,11,23175,22,23175,16,18,41094,36,41094,63,65,297499,130,297499,5,6,32857,11,32857,-,-, -,-, -
00198900,UNIVERSITY OF KENTUCKY,KY,405060032,Public,256,263,746668,337,761911,266,275,827330,371,839353,873,906,19010331,1278,19027407,108,115,1072609,120,1086913,596,755,9265343,1021,9304710
00199000,ASHLAND COMMUNITY AND TECHNICAL COLLEGE,KY,411013683,Public,40,42,78977,86,82942,49,50,101436,104,111329,-,-, -,-, -,1,1,1519,2,1519,-,-, -,-, -
00199100,ELIZABETHTOWN COMMUNITY  AND TECHNICAL COLLEGE,KY,427013081,Public,145,151,253798,303,261297,100,108,169055,218,171680,-,-, -,-, -,-,-, -,-, -,-,-, -,-, -
00199300,HENDERSON COMMUNITY COLLEGE,KY,424204699,Public,19,19,38974,39,41224,14,14,31421,30,34421,-,-, -,-, -,-,-, -,-, -,-,-, -,-, -
00199400,HOPKINSVILLE COMMUNITY COLLEGE,KY,422412621,Public,57,59,122995,169,183338,52,56,94939,163,155820,-,-, -,-, -,0,0,0,1,1500,-,-, -,-, -
00199600,BIG SANDY COMMUNITY AND TECHNICAL COLLEGE,KY,416531815,Public,60,62,100593,126,100593,43,45,78394,90,78394,-,-, -,-, -,-,-, -,-, -,-,-, -,-, -
00199700,SOMERSET COMMUNITY COLLEGE,KY,425012973,Public,143,148,288315,292,288561,119,124,206986,249,209894,-,-, -,-, -,1,1,1813,2,1813,-,-, -,-, -
00199800,SOUTHEAST KENTUCKY COMMUNITY AND TECHNICAL COLLEGE,KY,408231099,Public,5,5,7600,10,7600,5,6,11045,13,12795,-,-, -,-, -,-,-, -,-, -,-,-, -,-, -
00199900,UNIVERSITY OF LOUISVILLE,KY,402081415,Public,433,442,1045796,491,1047354,316,328,1037927,406,1038711,323,334,2191861,364,2191861,53,56,406748,76,406748,401,427,3674578,529,3676428
00200100,THOMAS MORE UNIVERSITY,KY,410173495,Private-Nonprofit,11,11,36353,75,137666,13,13,57944,84,228847,3,3,35290,40,261300,3,3,16462,16,59870,-,-, -,-, -
00200200,WESTERN KENTUCKY UNIVERSITY,KY,421013576,Public,254,267,751373,304,784628,244,258,757714,307,808474,150,155,1014454,158,1024704,48,49,274639,53,307984,72,79,648415,79,648415
00200300,CENTENARY COLLEGE OF LOUISIANA,LA,711043396,Private-Nonprofit,0,0,0,1,1000,-,-, -,-, -,8,8,93173,22,93173,-,-, -,-, -,-,-, -,-, -
00200400,DILLARD UNIVERSITY,LA,701223097,Private-Nonprofit,5,5,12504,12,16102,5,6,12300,13,13300,-,-, -,-, -,3,3,8077,11,23727,-,-, -,-, -
00200500,NICHOLLS STATE UNIVERSITY,LA,703100001,Public,135,135,269734,136,269734,97,97,251056,98,251056,41,41,332835,41,332835,8,9,43009,9,43009,1,1,8297,1,8297
00200600,GRAMBLING STATE UNIVERSITY,LA,712452215,Public,526,530,758730,1011,771921,251,252,411969,478,421969,115,117,600586,227,600586,67,69,280910,141,307849,221,227,1345570,443,1353054
00200700,LOUISIANA COLLEGE,LA,713605122,Private-Nonprofit,23,23,47635,56,48841,13,13,41179,36,45123,70,71,330459,146,338492,2,2,10879,4,10879,-,-, -,-, -
00200800,LOUISIANA TECH UNIVERSITY,LA,712720001,Public,133,134,297130,199,327556,136,141,331816,190,360102,60,61,266949,69,283621,102,104,626197,126,649010,23,23,126661,27,127547
00201000,LOUISIANA STATE UNIVERSITY & AGRICULTURAL & MECHANICAL COLLEGE,LA,708035710,Public,1082,1119,4297397,3042,4309397,1099,1198,4190049,3269,4201049,1271,1363,19038952,4397,19038952,258,272,5668489,599,5718499,373,391,6278657,1363,6278657
00201100,LOUISIANA STATE UNIVERSITY AT ALEXANDRIA,LA,713029121,Public,194,194,378981,382,383251,241,241,574810,479,579446,-,-, -,-, -,6,6,31263,20,55408,-,-, -,-, -
00201200,LOUISIANA STATE UNIVERSITY AT EUNICE,LA,705356726,Public,89,90,237715,245,351441,75,75,175356,219,309695,-,-, -,-, -,0,0,0,1,3091,-,-, -,-, -
00201300,LOUISIANA STATE UNIVERSITY IN SHREVEPORT,LA,711152399,Public,68,69,142039,121,234212,76,77,195402,136,328307,504,514,2414573,3030,9807777,3,3,11623,7,18204,7,7,44565,24,107699
00201400,LOUISIANA STATE UNIVERSITY HEALTH SCIENCES CENTER,LA,701122223,Public,10,10,38864,36,88931,9,9,33869,37,92523,293,298,9628499,784,11684088,0,0,0,3,17912,161,170,3789055,477,5798987
00201500,UNIVERSITY OF NEW ORLEANS (THE),LA,701480001,Public,168,174,346338,178,346338,141,150,357097,157,357097,65,65,294200,66,294200,18,20,93100,23,93100,8,8,40664,8,40664
00201600,LOYOLA UNIVERSITY NEW ORLEANS,LA,701186195,Private-Nonprofit,61,61,200803,149,278181,57,59,230625,151,342055,162,166,2860017,371,2565874,22,23,142508,27,142508,125,132,1697903,164,1675296
00201700,MCNEESE STATE UNIVERSITY,LA,706094510,Public,110,110,240049,136,242299,74,75,188147,92,190397,18,18,91453,20,91453,9,9,48664,9,48664,-,-, -,-, -
00202000,UNIVERSITY OF LOUISIANA AT MONROE,LA,712099001,Public,131,133,327326,133,327326,103,103,284935,105,288185,335,337,3509686,401,3518444,20,20,104394,20,104394,88,91,933418,112,933418
00202100,NORTHWESTERN STATE UNIVERSITY,LA,714970001,Public,224,230,561024,446,563274,263,276,805258,538,805258,89,94,505517,184,505517,31,37,217988,74,224129,24,25,291479,50,291479
00202300,UNIVERSITY OF HOLY CROSS,LA,701317399,Private-Nonprofit,11,11,21723,14,23056,11,11,30509,13,30509,21,21,151520,182,1158739,4,4,17577,5,27536,12,12,91050,20,132152
00202400,SOUTHEASTERN LOUISIANA UNIVERSITY,LA,704020001,Public,267,270,435766,536,442194,229,234,454713,471,473054,132,134,476266,267,476313,29,30,104718,63,117767,11,11,44937,22,44937
00202500,SOUTHERN UNIVERSITY AND AGRICULTURAL & MECHANICAL COLG AT BATON ROUGE,LA,708139374,Public,176,179,464597,383,554997,194,197,504593,424,601232,53,58,411133,149,715614,98,103,502194,209,514830,284,294,2486650,588,2501900
00202600,SOUTHERN UNIVERSITY AT NEW ORLEANS,LA,701260002,Public,33,33,81251,85,122439,26,26,75758,65,110940,12,12,84184,26,110934,1,1,7088,2,7088,1,1,5000,2,5000
00202700,SAINT JOSEPH SEMINARY COLLEGE,LA,704579990,Private-Nonprofit,0,0,0,12,32285,0,0,0,10,18931,-,-, -,-, -,1,1,3162,1,3162,-,-, -,-, -
00202900,TULANE UNIVERSITY,LA,701185698,Private-Nonprofit,61,61,187923,78,187923,61,62,207534,81,212708,626,632,6591106,784,6866628,28,29,364902,45,451160,292,295,3807250,587,4471478
00203100,UNIVERSITY OF LOUISIANA AT LAFAYETTE,LA,705032014,Public,283,290,684704,310,686454,208,215,519531,234,520531,111,114,707784,117,707784,59,64,274659,67,285174,26,27,193493,27,193493
00203200,XAVIER UNIVERSITY OF LOUISIANA,LA,701251098,Private-Nonprofit,78,84,133280,97,136030,33,37,82473,53,82473,2,2,23196,66,556482,90,116,687149,138,687149,93,109,606849,189,1384441
00203300,UNIVERSITY OF MAINE AT PRESQUE ISLE,ME,047692888,Public,85,86,139808,90,141308,39,40,64700,41,66200,1,1,4100,1,4100,1,1,5867,2,5867,-,-, -,-, -
00203600,BATES COLLEGE,ME,042406028,Private-Nonprofit,20,20,55285,39,55285,17,17,54574,33,54574,-,-, -,-, -,4,4,57745,8,57745,-,-, -,-, -
00203800,BOWDOIN COLLEGE,ME,040118451,Private-Nonprofit,1,1,2200,1,2200,1,1,700,1,700,-,-, -,-, -,-,-, -,-, -,-,-, -,-, -
00203900,COLBY COLLEGE,ME,049018840,Private-Nonprofit,6,6,17224,12,17224,14,15,46921,35,62921,-,-, -,-, -,3,3,29752,4,29752,-,-, -,-, -
00204000,UNIVERSITY OF MAINE - FARMINGTON,ME,049381990,Public,26,27,67213,38,73713,16,16,41667,24,44162,7,7,23507,7,23507,2,2,7101,4,14451,-,-, -,-, -
00204100,UNIVERSITY OF MAINE - FORT KENT,ME,047431292,Public,25,25,80794,26,80794,25,26,82627,28,82627,6,6,21655,6,21655,-,-, -,-, -,-,-, -,-, -
00204300,HUSSON UNIVERSITY,ME,044012999,Private-Nonprofit,57,59,129124,107,194057,66,66,145733,118,232556,65,66,553005,221,1546274,17,19,86643,25,119406,40,45,326963,76,538016
00204400,MAINE MARITIME ACADEMY,ME,044200001,Public,2,2,9000,2,9000,1,1,2000,1,2000,-,-, -,-, -,1,1,12000,1,12000,-,-, -,-, -
00205000,UNIVERSITY OF NEW ENGLAND,ME,040059599,Private-Nonprofit,58,58,239862,134,287786,63,63,339116,134,376630,1093,1129,19862832,2621,19862832,11,11,123075,14,123075,510,542,6418861,638,6431361
00205100,SAINT JOSEPH'S COLLEGE,ME,040845236,Private-Nonprofit,24,24,43715,48,69325,26,26,53262,48,87058,57,60,281647,156,626286,1,1,7000,1,7000,0,0,0,1,4387
00205200,THOMAS COLLEGE,ME,049015097,Private-Nonprofit,3,3,5956,6,5956,2,2,739,4,739,7,7,33790,34,120367,4,4,18742,8,18742,-,-, -,-, -
00205300,UNIVERSITY OF MAINE,ME,044690001,Public,216,222,571879,418,621931,189,190,562370,325,584838,82,88,511989,102,511989,32,36,261622,43,278587,12,12,82244,12,82244
00205400,UNIVERSITY OF SOUTHERN MAINE,ME,041049301,Public,212,218,393929,246,399153,238,243,559442,270,565772,406,411,2050681,440,2054403,8,8,47813,9,47813,57,58,96288,60,96288
00205700,ALLEGANY COLLEGE OF MARYLAND,MD,215022596,Public,173,174,487010,406,487010,157,157,675306,370,675306,-,-, -,-, -,-,-, -,-, -,-,-, -,-, -
00205800,ANNE ARUNDEL COMMUNITY COLLEGE,MD,210121895,Public,92,99,181652,133,230427,80,84,190472,124,260838,-,-, -,-, -,-,-, -,-, -,-,-, -,-, -
00206200,BOWIE STATE UNIVERSITY,MD,207159465,Public,180,184,480450,614,1012967,167,174,534965,608,1058937,32,32,381361,96,678369,15,15,123066,74,425563,12,14,110578,36,141096
00206300,COMMUNITY COLLEGE OF BALTIMORE COUNTY,MD,212285381,Public,112,112,297925,217,297925,105,109,371018,214,371018,-,-, -,-, -,6,6,41739,12,41739,-,-, -,-, -
00206400,COLLEGE OF SOUTHERN MARYLAND,MD,206460910,Public,81,82,214035,167,353193,79,80,248335,183,494492,-,-, -,-, -,1,1,1800,1,1800,-,-, -,-, -
00206500,NOTRE DAME OF MARYLAND UNIVERSITY,MD,212102476,Private-Nonprofit,63,68,194359,72,194359,60,66,236381,70,236381,80,82,1938927,186,1949177,10,10,154660,14,154660,55,56,1915952,150,1915952
00206700,WASHINGTON ADVENTIST UNIVERSITY,MD,209127796,Private-Nonprofit,25,25,83414,46,95164,26,26,99336,49,113836,4,4,69500,10,100250,5,5,41055,9,41055,2,2,9125,2,9125
00206800,COPPIN STATE UNIVERSITY,MD,212163698,Public,47,47,134163,110,175193,48,50,151325,110,179818,15,15,156232,35,202718,6,6,47432,13,51932,-,-, -,-, -
00207100,FREDERICK COMMUNITY COLLEGE,MD,217029745,Public,31,33,73592,35,77592,29,30,66112,33,69362,-,-, -,-, -,-,-, -,-, -,-,-, -,-, -
00207200,FROSTBURG STATE UNIVERSITY,MD,215321099,Public,64,64,195137,128,195137,87,91,356520,209,359270,114,115,1873879,281,1872818,21,22,390301,85,390301,55,56,1124727,136,1124727
00207300,GOUCHER COLLEGE,MD,212042794,Private-Nonprofit,5,5,14240,9,14240,10,10,32668,16,32668,63,71,423511,72,433761,6,6,110791,8,110791,2,2,8100,2,8100
00207400,HAGERSTOWN COMMUNITY COLLEGE,MD,217426514,Public,89,92,233988,276,341447,113,115,303753,315,399946,-,-, -,-, -,1,1,12989,2,12989,-,-, -,-, -
00207500,HARFORD COMMUNITY COLLEGE,MD,210151696,Public,28,29,62846,58,62846,26,28,85937,56,85937,-,-, -,-, -,-,-, -,-, -,-,-, -,-, -
00207600,HOOD COLLEGE,MD,217018575,Private-Nonprofit,2,2,6500,3,9250,3,3,14000,4,17500,8,8,71046,40,177237,8,8,79897,8,79897,2,2,9247,9,35294
00207700,JOHNS HOPKINS UNIVERSITY,MD,212182693,Private-Nonprofit,38,38,151052,53,161898,35,35,136963,49,154148,1068,1286,20327158,4505,27197651,15,15,315032,18,315032,571,611,15720303,1849,21978938
00207800,LOYOLA UNIVERSITY MARYLAND,MD,212102699,Private-Nonprofit,37,37,152293,72,155043,60,61,252766,119,253766,276,281,4305167,574,4305167,17,17,130614,19,130614,23,24,541154,51,541154
00208000,MARYLAND INSTITUTE COLLEGE OF ART,MD,212174191,Private-Nonprofit,3,3,9500,4,9500,4,4,7472,6,7472,123,126,2032701,280,2441592,5,5,92464,5,92464,58,58,765782,132,863564
00208300,MORGAN STATE UNIVERSITY,MD,212510002,Public,128,141,430235,272,441235,177,192,483591,375,499726,18,20,191462,37,201712,70,76,642577,156,676011,14,17,108928,36,121330
00208600,MOUNT SAINT MARY'S UNIVERSITY,MD,217277799,Private-Nonprofit,11,11,27387,23,32404,26,26,66725,52,81080,58,62,268998,85,268998,15,15,135101,23,135101,-,-, -,-, -
00208900,PRINCE GEORGE'S COMMUNITY COLLEGE,MD,207742199,Public,31,31,57311,70,66452,36,36,77211,79,88404,-,-, -,-, -,0,0,0,2,7360,-,-, -,-, -
00209100,SALISBURY UNIVERSITY,MD,218016862,Public,55,60,156843,80,156843,53,56,170225,74,170225,31,32,178708,32,178708,41,41,203463,43,203463,16,18,90536,26,90536
00209200,ST. JOHN'S COLLEGE,MD,214011655,Private-Nonprofit,-,-, -,-, -,-,-, -,-, -,9,9,46830,10,53352,-,-, -,-, -,1,1,5000,1,5000
00209300,SAINT JOHN'S COLLEGE,NM,875054599,Private-Nonprofit,0,0,0,6,9504,1,1,4000,10,18358,5,5,40515,19,114687,1,1,4254,5,57194,2,2,17563,4,17563
00209500,SAINT MARY'S COLLEGE OF MARYLAND,MD,206863001,Public,7,7,25628,13,25628,8,8,12366,14,12366,-,-, -,-, -,3,3,13869,3,13869,1,1,14352,4,14352
00209900,TOWSON UNIVERSITY,MD,212520002,Public,255,264,632996,288,632996,232,242,524395,270,526395,93,97,852820,98,852820,87,98,631870,109,631870,52,61,434636,66,434636
00210200,UNIVERSITY OF BALTIMORE,MD,212015779,Public,21,21,65801,23,67551,24,25,70642,26,70642,70,75,605122,114,927149,1,1,1253,1,1253,58,62,473161,67,473161
00210300,"UNIVERSITY OF MARYLAND, COLLEGE PARK",MD,207425145,Public,290,310,843503,501,877121,245,257,726851,439,761470,156,178,1511632,294,1824220,71,75,853952,99,874479,233,275,2535751,350,2605893
00210400,"UNIVERSITY OF MARYLAND, BALTIMORE",MD,212011691,Public,18,18,77879,29,77879,20,20,90270,32,90270,732,746,20454795,1655,20523795,-,-, -,-, -,701,736,24378250,1657,24418051
00210500,UNIVERSITY OF MARYLAND - BALTIMORE COUNTY,MD,212500002,Public,214,225,481413,258,488073,167,177,388308,199,390308,27,27,205038,28,205038,34,35,302899,46,305576,4,4,17298,7,18558
00210600,UNIVERSITY OF MARYLAND - EASTERN SHORE,MD,218531299,Public,36,38,124575,85,149017,33,34,99490,77,116990,8,10,66011,21,67811,12,12,96936,30,131209,43,45,514077,90,514077
00210700,STEVENSON UNIVERSITY,MD,211530641,Private-Nonprofit,31,33,90263,60,154339,35,37,151102,70,242332,65,71,448496,82,523802,15,16,121342,24,182746,22,22,131595,22,131595
00210800,WASHINGTON COLLEGE,MD,216201197,Private-Nonprofit,3,3,7500,5,7500,6,6,11060,10,11060,-,-, -,-, -,1,1,6832,1,6832,-,-, -,-, -
00210900,MCDANIEL COLLEGE,MD,211574390,Private-Nonprofit,12,12,38604,19,44854,10,10,38599,17,41599,21,21,132650,115,684315,11,12,76713,12,76713,-,-, -,-, -
00211400,AMERICAN INTERNATIONAL COLLEGE,MA,011093189,Private-Nonprofit,37,41,151468,94,151468,41,43,139978,97,139978,153,161,2345789,470,2881897,11,15,169817,31,169817,47,52,864060,115,878541
00211500,AMHERST COLLEGE,MA,010025000,Private-Nonprofit,3,3,7803,6,7803,2,2,8144,4,8144,-,-, -,-, -,2,2,41342,5,60092,-,-, -,-, -
00211700,ANNA MARIA COLLEGE,MA,016121198,Private-Nonprofit,9,11,29467,27,52315,44,45,174610,80,224812,101,108,524609,116,562943,9,9,84905,14,97983,4,4,35432,5,44182
00211800,ASSUMPTION UNIVERSITY,MA,016151294,Private-Nonprofit,2,2,7000,3,7000,1,1,2000,1,2000,129,129,2164662,325,2164662,3,3,10700,3,10700,12,12,130236,29,130236
00212000,MERRIMACK COLLEGE,MA,018455800,Private-Nonprofit,161,162,681504,385,687195,218,224,757303,521,762803,307,316,5042786,734,5042786,40,43,813180,70,813180,28,29,420768,58,420768
00212100,BABSON COLLEGE,MA,024570310,Private-Nonprofit,28,28,113676,59,124176,13,13,35801,23,36801,29,29,432519,55,565769,4,4,114161,12,131656,5,5,84304,9,102979
00212200,BAY PATH UNIVERSITY,MA,011062212,Private-Nonprofit,56,56,111997,618,670815,58,58,140047,699,987617,625,649,10532879,3241,12897155,1,1,8000,4,10049,122,124,4232472,439,5003485
00212400,BENTLEY UNIVERSITY,MA,024524705,Private-Nonprofit,40,40,170220,73,171970,49,49,147705,89,148705,10,10,124702,17,159491,12,13,269471,19,269471,8,9,75189,10,75189
00212600,BERKLEE COLLEGE OF MUSIC,MA,022153693,Private-Nonprofit,146,147,365825,717,1124718,163,166,520625,856,1821392,47,47,626963,310,2051291,19,19,301134,91,1109568,8,8,186681,92,815097
00212800,BOSTON COLLEGE,MA,024673800,Private-Nonprofit,19,20,63051,35,63051,28,28,79391,55,79391,536,546,8184851,837,8209290,20,21,390725,32,390725,170,196,2633736,304,2644903
00213000,BOSTON UNIVERSITY,MA,022151789,Private-Nonprofit,211,296,564901,320,564901,123,150,206410,183,210660,1144,1459,18606468,2555,18611524,50,51,642978,66,658844,341,439,9438790,763,9460948
00213300,BRANDEIS UNIVERSITY,MA,024532728,Private-Nonprofit,6,6,16857,12,21857,20,20,42785,26,51184,17,17,297003,107,672750,1,1,2031,2,8901,8,8,69648,23,198577
00213900,CLARK UNIVERSITY,MA,016101473,Private-Nonprofit,7,7,33069,20,33069,10,10,32783,27,32783,13,13,230650,34,230650,-,-, -,-, -,2,2,25499,5,25499
00214000,COLLEGE OF OUR LADY OF THE ELMS,MA,010132839,Private-Nonprofit,28,30,91687,114,215608,29,30,104383,114,259910,8,8,65442,38,251249,9,9,117567,13,128233,5,5,39626,18,125780
00214100,COLLEGE OF THE HOLY CROSS,MA,016102395,Private-Nonprofit,2,2,9000,4,9000,5,5,18250,9,18250,-,-, -,-, -,1,1,28496,1,28496,-,-, -,-, -
00214300,CURRY COLLEGE,MA,021862395,Private-Nonprofit,17,19,54132,81,169455,22,23,75182,92,252187,16,16,123935,52,324565,7,7,79616,13,85289,0,0,0,1,2618
00214400,DEAN COLLEGE,MA,020381994,Private-Nonprofit,15,15,40505,48,51308,18,18,90330,59,108302,-,-, -,-, -,4,4,14397,10,26452,-,-, -,-, -
00214500,EASTERN NAZARENE COLLEGE,MA,021702999,Private-Nonprofit,18,18,35946,25,41571,7,7,31634,11,38134,7,7,55218,10,85968,5,5,39929,7,48929,-,-, -,-, -
00214600,EMERSON COLLEGE,MA,021164624,Private-Nonprofit,186,192,771060,374,779408,202,205,511187,391,519437,836,842,12276144,1252,12280143,43,44,1046406,70,1057704,342,359,5495495,555,5567864
00214700,EMMANUEL COLLEGE,MA,021155798,Private-Nonprofit,9,9,28347,16,31097,10,11,42971,21,49804,9,9,126752,26,159178,6,6,73875,13,78702,-,-, -,-, -
00214800,ENDICOTT COLLEGE,MA,019152098,Private-Nonprofit,31,33,87011,42,87011,23,23,62937,33,62937,254,266,1470290,352,1470290,6,6,60097,6,60097,1,1,20094,3,20094
00215000,FISHER COLLEGE,MA,021161500,Private-Nonprofit,83,85,188089,548,519271,74,76,178217,510,625327,9,9,68170,114,556497,2,2,9852,9,40291,1,1,4234,9,21804
00215100,BENJAMIN FRANKLIN CUMMINGS INSTITUTE,MA,021166296,Private-Nonprofit,22,22,59750,87,129513,21,21,68750,89,169231,-,-, -,-, -,-,-, -,-, -,-,-, -,-, -
00215300,GORDON COLLEGE,MA,019841899,Private-Nonprofit,5,5,20750,11,22535,6,6,31000,11,31000,22,26,177906,42,222531,7,7,94767,13,97579,-,-, -,-, -
00215400,HELLENIC COLLEGE & HOLY CROSS GREEK ORTHODOX SCHOOL OF THEOLOGY,MA,024457496,Private-Nonprofit,-,-, -,-, -,-,-, -,-, -,2,2,19206,3,19723,-,-, -,-, -,-,-, -,-, -
00215500,HARVARD UNIVERSITY,MA,021383800,Private-Nonprofit,68,68,174674,81,174674,78,79,279668,91,279668,226,237,2028922,321,2047522,3,3,56914,6,56914,107,112,1332689,171,1332689
00215700,HEBREW COLLEGE,MA,024662237,Private-Nonprofit,-,-, -,-, -,-,-, -,-, -,1,1,18000,2,18000,-,-, -,-, -,1,1,2500,2,2500
00215800,LASELL UNIVERSITY,MA,024662716,Private-Nonprofit,2,2,4412,2,4412,2,2,1963,2,1963,25,25,76516,127,350927,3,3,9200,3,9200,3,3,9505,11,24442
00216000,LESLEY UNIVERSITY,MA,021382790,Private-Nonprofit,23,23,72817,103,182908,31,31,125697,111,280595,125,129,1140608,425,2902104,2,2,43772,3,43772,21,23,201972,59,536016
00216100,UNIVERSITY OF MASSACHUSETTS - LOWELL,MA,018542881,Public,397,414,810651,653,1280128,360,372,855091,650,1455527,155,157,1217436,298,2250235,35,35,188843,40,209380,13,13,75335,17,85446
00216400,NEW ENGLAND COLLEGE OF OPTOMETRY (THE),MA,021151129,Private-Nonprofit,-,-, -,-, -,-,-, -,-, -,180,183,7621651,601,7621651,-,-, -,-, -,33,33,692631,116,692631
00216500,MCPHS UNIVERSITY,MA,021155804,Private-Nonprofit,319,319,1073025,609,1476433,361,364,1607275,697,1953734,356,480,8134765,2320,16172376,49,51,598755,94,1078927,257,289,6436930,1027,11255239
00216700,BERKSHIRE COMMUNITY COLLEGE,MA,012015786,Public,12,12,42432,25,44682,10,11,18860,24,24762,-,-, -,-, -,1,1,6010,2,6010,-,-, -,-, -
00216800,CAPE COD COMMUNITY COLLEGE,MA,026681599,Public,9,9,29936,52,69200,12,12,48869,65,118016,-,-, -,-, -,2,2,8000,4,8000,-,-, -,-, -
00216900,GREENFIELD COMMUNITY COLLEGE,MA,013019739,Public,7,7,10942,12,10942,5,5,8801,9,8801,-,-, -,-, -,-,-, -,-, -,-,-, -,-, -
00217000,HOLYOKE COMMUNITY COLLEGE,MA,010401099,Public,31,34,63177,71,64728,37,37,100148,78,102518,-,-, -,-, -,-,-, -,-, -,-,-, -,-, -
00217100,MASSACHUSETTS BAY COMMUNITY COLLEGE,MA,024815399,Public,30,31,60667,41,73005,32,32,83276,49,108592,-,-, -,-, -,0,0,0,1,2025,-,-, -,-, -
00217200,MOUNT WACHUSETT COMMUNITY COLLEGE,MA,014401000,Public,33,33,61606,156,179682,22,22,63059,135,213075,-,-, -,-, -,0,0,0,1,1800,-,-, -,-, -
00217300,NORTH SHORE COMMUNITY COLLEGE,MA,019234093,Public,39,40,77147,79,82897,25,26,61260,52,63286,-,-, -,-, -,-,-, -,-, -,-,-, -,-, -
00217400,NORTHERN ESSEX COMMUNITY COLLEGE,MA,018302399,Public,20,20,57103,32,68116,20,20,48972,33,78472,-,-, -,-, -,-,-, -,-, -,-,-, -,-, -
00217500,QUINSIGAMOND COMMUNITY COLLEGE,MA,016062092,Public,223,239,346670,498,366810,168,179,404294,389,437606,-,-, -,-, -,-,-, -,-, -,-,-, -,-, -
00217600,BRISTOL COMMUNITY COLLEGE,MA,027207399,Public,75,80,129119,158,129119,80,83,197772,162,197772,-,-, -,-, -,-,-, -,-, -,-,-, -,-, -
00217700,MASSASOIT COMMUNITY COLLEGE,MA,023023996,Public,38,38,78124,99,121671,53,54,149562,144,215967,-,-, -,-, -,0,0,0,2,3250,-,-, -,-, -
00217800,MASSACHUSETTS INSTITUTE OF TECHNOLOGY,MA,021394307,Private-Nonprofit,6,6,23750,11,23750,10,10,50329,19,50329,55,55,1041553,150,1041553,3,3,25980,6,25980,21,35,2191378,103,2191378
00218000,MASSACHUSETTS COLLEGE OF ART AND DESIGN,MA,021155803,Public,22,22,30529,22,30529,14,14,14900,15,14900,24,24,430500,57,430500,1,1,8000,1,8000,7,7,153043,15,153043
00218100,MASSACHUSETTS MARITIME ACADEMY,MA,025323400,Public,11,11,45748,543,1240615,14,14,61928,774,1530930,0,0,0,22,79266,9,9,86699,78,872894,0,0,0,4,17014
00218300,BRIDGEWATER STATE UNIVERSITY,MA,023250001,Public,113,116,377720,146,382720,131,133,365686,167,370472,38,38,233710,40,235657,39,41,224091,43,224091,-,-, -,-, -
00218400,FITCHBURG STATE UNIVERSITY,MA,014202697,Public,36,36,130314,57,164438,42,42,135605,64,180032,88,88,418831,286,1320099,3,3,13677,5,19038,0,0,0,1,5290
00218500,FRAMINGHAM STATE UNIVERSITY,MA,017022471,Public,46,47,73521,57,84021,25,25,55070,32,62535,36,37,105080,37,105080,2,2,7275,3,21426,-,-, -,-, -
00218700,MASSACHUSETTS COLLEGE OF LIBERAL ARTS,MA,012474100,Public,29,29,57031,29,57031,20,21,34810,21,34810,4,4,13850,8,53923,-,-, -,-, -,-,-, -,-, -
00218800,SALEM STATE UNIVERSITY,MA,019705353,Public,166,167,468894,205,502488,198,198,656489,249,696901,106,107,595096,114,616247,17,17,103400,23,106564,33,33,218412,33,218412
00218900,WESTFIELD STATE UNIVERSITY,MA,010861630,Public,10,10,17888,25,28657,8,8,24363,17,32880,14,14,76537,78,536159,1,1,2188,8,19466,1,1,33054,48,662402
00219000,WORCESTER STATE UNIVERSITY,MA,016022597,Public,38,39,78725,78,78725,42,43,101194,85,101194,95,99,506314,198,506314,6,6,36386,12,36386,-,-, -,-, -
00219200,MOUNT HOLYOKE COLLEGE,MA,010751492,Private-Nonprofit,8,8,22631,9,22631,11,12,27088,15,27088,3,3,21617,3,21617,3,3,25161,3,25161,-,-, -,-, -
00219400,NEW ENGLAND CONSERVATORY OF MUSIC,MA,021155018,Private-Nonprofit,1,1,2750,1,2750,1,1,1000,1,1000,-,-, -,-, -,1,1,21154,1,21154,-,-, -,-, -
00219700,NICHOLS COLLEGE,MA,015716346,Private-Nonprofit,33,33,129824,85,194714,30,30,99730,87,216457,16,16,180403,39,244696,5,5,65381,12,99788,4,4,22787,7,22787
00219900,NORTHEASTERN UNIVERSITY,MA,021155000,Private-Nonprofit,354,363,1321825,824,1745278,444,455,2061175,990,2684872,653,667,11720640,2332,17890837,113,123,1842951,214,1896831,398,510,10283890,1454,12957691
00220500,QUINCY COLLEGE,MA,021694339,Public,30,30,66270,54,100720,29,29,97260,53,143310,-,-, -,-, -,-,-, -,-, -,-,-, -,-, -
00220600,REGIS COLLEGE,MA,024931571,Private-Nonprofit,50,50,206009,112,221749,62,62,356515,139,387590,439,442,6512547,1548,10787670,13,15,228913,23,228913,77,83,1548353,203,1788941
00220800,SIMMONS UNIVERSITY,MA,021155898,Private-Nonprofit,25,25,59277,60,104085,37,37,121333,84,219280,1045,1050,10237239,1831,17389469,5,5,25006,6,27707,161,171,1383590,262,1968636
00220900,SMITH COLLEGE,MA,010632936,Private-Nonprofit,8,8,20266,12,20266,11,11,24834,21,24834,239,245,4102412,426,4102412,3,3,32000,6,32000,68,81,1549609,157,1549609
00221000,UNIVERSITY OF MASSACHUSETTS - DARTMOUTH,MA,027472300,Public,90,94,241884,104,241884,87,94,271142,116,274892,65,66,403667,67,403667,52,54,338567,60,338567,82,91,867983,102,867983
00221100,SPRINGFIELD COLLEGE,MA,011093797,Private-Nonprofit,238,304,931021,594,960558,245,311,1136919,616,1189122,365,401,6490051,920,6496884,9,9,87200,14,87200,93,102,2488017,238,2488017
00221700,STONEHILL COLLEGE,MA,023576110,Private-Nonprofit,2,2,5250,2,5250,3,4,12500,4,12500,0,0,0,10,64138,3,3,15500,5,19519,0,0,0,1,4918
00221800,SUFFOLK UNIVERSITY,MA,021082770,Private-Nonprofit,54,54,166163,69,166163,53,53,120477,69,120477,139,139,1576868,180,1761368,16,16,166930,22,166930,71,73,1098517,103,1233094
00221900,TUFTS UNIVERSITY,MA,021555808,Private-Nonprofit,16,18,54178,26,55928,13,13,29513,21,34263,191,195,3116300,561,5677605,2,3,31999,4,31999,193,219,2066166,584,5547161
00222100,UNIVERSITY OF MASSACHUSETTS - AMHERST,MA,010030000,Public,443,451,1133568,498,1135818,436,447,1002054,498,1003054,120,123,1074537,126,1074537,48,48,429862,51,431832,24,28,145231,28,145231
00222200,UNIVERSITY OF MASSACHUSETTS AT BOSTON,MA,021253393,Public,369,375,988287,453,1051649,355,365,1137775,456,1222338,125,131,944357,142,1016337,29,31,191975,38,211400,26,29,217181,32,217181
00222400,WELLESLEY COLLEGE,MA,024818203,Private-Nonprofit,14,16,17271,20,17271,12,12,44480,21,45780,-,-, -,-, -,6,6,27936,9,27936,-,-, -,-, -
00222500,WENTWORTH INSTITUTE OF TECHNOLOGY,MA,021155998,Private-Nonprofit,250,251,699310,624,1633093,272,274,531815,646,1150003,4,4,60670,27,218314,90,92,1152329,145,1885307,1,1,3060,3,18922
00222600,WESTERN NEW ENGLAND UNIVERSITY,MA,011192684,Private-Nonprofit,15,15,57250,25,57250,22,22,58250,36,58250,21,21,307246,154,954111,8,8,109899,15,113204,2,2,24440,60,422013
00222700,WHEATON COLLEGE,MA,027662322,Private-Nonprofit,6,6,21500,10,21500,8,8,24520,14,24520,-,-, -,-, -,3,3,17075,4,19575,-,-, -,-, -
00222900,WILLIAMS COLLEGE,MA,012672600,Private-Nonprofit,9,10,13074,16,13074,7,7,10340,11,10340,-,-, -,-, -,-,-, -,-, -,-,-, -,-, -
00223300,WORCESTER POLYTECHNIC INSTITUTE,MA,016092280,Private-Nonprofit,9,9,21835,16,31335,26,26,65647,52,70647,15,15,161413,18,191913,17,17,163197,19,163197,6,7,80675,7,80675
00223400,ADRIAN COLLEGE,MI,492212575,Private-Nonprofit,5,5,23460,10,23460,5,5,15000,10,15000,12,12,92003,16,109720,5,5,72880,9,72880,3,3,20907,3,20907
00223500,ALBION COLLEGE,MI,492241831,Private-Nonprofit,20,20,80732,42,84685,30,31,87248,61,88248,-,-, -,-, -,6,6,72644,11,72644,-,-, -,-, -
00223600,ALMA COLLEGE,MI,488011599,Private-Nonprofit,7,7,27180,13,27180,11,11,42320,21,42320,9,9,153750,15,153750,37,38,123040,41,123040,-,-, -,-, -
00223700,ALPENA COMMUNITY COLLEGE,MI,497071495,Public,3,3,6501,6,6501,4,4,8666,8,8666,-,-, -,-, -,-,-, -,-, -,-,-, -,-, -
00223800,ANDREWS UNIVERSITY,MI,491040750,Private-Nonprofit,57,59,155917,72,173917,63,64,159413,82,173363,178,180,1687901,282,2564520,19,19,136910,21,143410,93,95,834661,146,1357411
00223900,AQUINAS COLLEGE,MI,495061801,Private-Nonprofit,4,4,11816,5,11816,12,12,32579,13,32579,10,10,35426,10,35426,6,6,46837,9,46837,-,-, -,-, -
00224000,BAY DE NOC COMMUNITY COLLEGE,MI,498292524,Public,17,17,38825,37,39387,24,24,55647,56,56147,-,-, -,-, -,-,-, -,-, -,-,-, -,-, -
00224100,CALVIN UNIVERSITY,MI,495464388,Private-Nonprofit,23,23,72999,35,75749,14,14,40950,22,41950,52,54,633081,82,745581,3,3,23475,3,23475,7,7,42965,8,47215
00224300,CENTRAL MICHIGAN UNIVERSITY,MI,488590001,Public,414,416,776223,431,777223,484,495,1094801,522,1103801,568,569,3847326,572,3865701,130,131,568107,135,568107,291,292,3004730,295,3006998
00224600,CLEARY UNIVERSITY,MI,488438566,Private-Nonprofit,38,38,98645,161,268512,39,39,69194,150,275133,12,12,59879,76,293536,-,-, -,-, -,-,-, -,-, -
00224800,CRANBROOK ACADEMY OF ART,MI,483045162,Private-Nonprofit,-,-, -,-, -,-,-, -,-, -,0,0,0,1,2000,-,-, -,-, -,1,1,11500,5,18050
00224900,DAVENPORT UNIVERSITY,MI,495129396,Private-Nonprofit,371,372,867011,531,1208259,388,392,1131974,557,1592798,247,250,2144651,381,3202237,25,27,204420,32,224882,83,92,966178,125,1272193
00225100,DELTA COLLEGE,MI,487100001,Public,136,136,265150,476,410288,58,58,101861,342,262205,-,-, -,-, -,1,1,527,2,527,-,-, -,-, -
00225900,EASTERN MICHIGAN UNIVERSITY,MI,481972214,Public,296,301,826073,327,827823,293,298,1119696,334,1120696,221,231,1956832,257,2188002,107,107,851923,115,860117,169,172,1745069,199,1951376
00226000,FERRIS STATE UNIVERSITY,MI,493072251,Public,263,264,542331,267,545181,299,302,773998,306,775575,77,79,422324,79,422324,44,44,236879,44,236879,105,105,1107693,106,1126587
00226100,CHARLES STEWART MOTT COMMUNITY COLLEGE,MI,485032089,Public,213,215,517793,790,1071476,131,135,363158,457,790427,-,-, -,-, -,1,1,2988,3,5343,-,-, -,-, -
00226200,KETTERING UNIVERSITY,MI,485046214,Private-Nonprofit,27,31,100672,31,100672,35,45,104712,47,107962,14,17,84170,39,181401,17,18,229551,21,230141,2,2,16688,3,16688
00226300,GLEN OAKS COMMUNITY COLLEGE,MI,490329719,Public,5,5,9875,10,9875,7,7,15525,20,25639,-,-, -,-, -,-,-, -,-, -,-,-, -,-, -
00226400,GOGEBIC COMMUNITY COLLEGE,MI,499381365,Public,1,1,700,4,1308,2,2,5318,5,6836,-,-, -,-, -,-,-, -,-, -,-,-, -,-, -
00226500,GRACE CHRISTIAN UNIVERSITY,MI,495091998,Private-Nonprofit,132,132,366468,324,530463,146,146,476599,348,681058,15,15,92794,40,139102,0,0,0,4,15330,-,-, -,-, -
00226600,CORNERSTONE UNIVERSITY,MI,495255897,Private-Nonprofit,63,63,224149,369,457185,66,66,275518,365,605550,79,80,916135,171,1097946,-,-, -,-, -,4,4,60916,8,60916
00226700,GRAND RAPIDS COMMUNITY COLLEGE,MI,495033295,Public,309,321,577277,641,588010,193,202,385331,407,397825,-,-, -,-, -,0,0,0,1,1500,-,-, -,-, -
00226800,GRAND VALLEY STATE UNIVERSITY,MI,494019403,Public,556,560,1218698,570,1218698,402,405,1096053,421,1099553,356,357,2098231,357,2098231,345,345,2116818,346,2116818,462,466,5005975,469,5005975
00226900,GREAT LAKES CHRISTIAN COLLEGE,MI,489171299,Private-Nonprofit,5,5,21116,15,28945,3,3,4892,6,4892,-,-, -,-, -,0,0,0,2,6638,-,-, -,-, -
00227000,HENRY FORD COLLEGE,MI,481281495,Public,299,299,630344,596,630344,196,200,449658,399,449658,-,-, -,-, -,-,-, -,-, -,-,-, -,-, -
00227300,HOPE COLLEGE,MI,494233607,Private-Nonprofit,6,6,18799,11,22227,12,13,42390,29,51858,-,-, -,-, -,10,10,93922,18,116705,-,-, -,-, -
00227400,JACKSON COLLEGE,MI,492018399,Public,184,188,354502,380,367674,161,165,466212,338,486408,-,-, -,-, -,-,-, -,-, -,-,-, -,-, -
00227500,KALAMAZOO COLLEGE,MI,490063295,Private-Nonprofit,2,2,4379,2,4379,1,1,2000,1,2000,-,-, -,-, -,3,3,11200,3,11200,-,-, -,-, -
00227600,KELLOGG COMMUNITY COLLEGE,MI,490173397,Public,68,68,187648,139,190197,93,93,282716,192,292290,-,-, -,-, -,1,1,1497,2,1497,-,-, -,-, -
00227700,LAKE MICHIGAN COLLEGE,MI,490221899,Public,30,33,72212,74,91659,35,37,84603,78,88864,-,-, -,-, -,-,-, -,-, -,-,-, -,-, -
00227800,LANSING COMMUNITY COLLEGE,MI,489331293,Public,121,122,175302,364,267236,95,98,194803,309,308956,-,-, -,-, -,7,7,16208,17,29443,-,-, -,-, -
00227900,LAWRENCE TECHNOLOGICAL UNIVERSITY,MI,480751058,Private-Nonprofit,101,102,251823,109,251823,113,119,230885,129,230885,95,99,908985,99,908985,52,54,577280,54,577280,11,11,100000,11,100000
00228200,MADONNA UNIVERSITY,MI,481501176,Private-Nonprofit,44,44,161329,58,189728,53,53,220313,69,254539,15,15,118178,16,118178,13,13,190902,33,344825,2,2,11318,3,11318
00228800,ROCHESTER UNIVERSITY,MI,483072704,Private-Nonprofit,21,21,73970,38,96674,25,25,98361,59,188108,-,-, -,-, -,0,0,0,4,22158,-,-, -,-, -
00229000,MICHIGAN STATE UNIVERSITY,MI,488241046,Public,617,618,2283911,2948,4301756,604,606,1942156,2915,3882523,512,563,7577716,2859,19637466,426,453,4867796,1298,5918293,1209,1341,21216106,2876,23362707
00229200,MICHIGAN TECHNOLOGICAL UNIVERSITY,MI,499311295,Public,16,16,77161,39,101971,24,24,81515,35,97797,6,6,54379,18,140332,15,15,143447,15,143447,5,5,45896,5,45896
00229300,LAKE SUPERIOR STATE UNIVERSITY,MI,497831691,Public,18,18,41618,36,41618,18,18,27519,36,27519,-,-, -,-, -,2,2,7323,4,7323,-,-, -,-, -
00229400,MONROE COUNTY COMMUNITY COLLEGE,MI,481619746,Public,25,25,57870,55,63845,15,15,30820,38,43857,-,-, -,-, -,1,1,3907,1,3907,-,-, -,-, -
00229500,MONTCALM COMMUNITY COLLEGE,MI,488859723,Public,13,13,28677,27,30927,10,11,26932,23,29932,-,-, -,-, -,-,-, -,-, -,-,-, -,-, -
00229700,MUSKEGON COMMUNITY COLLEGE,MI,494421432,Public,25,26,61019,168,139317,18,19,41540,123,99634,-,-, -,-, -,-,-, -,-, -,-,-, -,-, -
00229900,NORTH CENTRAL MICHIGAN COLLEGE,MI,497708740,Public,5,5,9804,13,12918,2,2,1054,7,10125,-,-, -,-, -,-,-, -,-, -,-,-, -,-, -
00230100,NORTHERN MICHIGAN UNIVERSITY,MI,498555316,Public,127,129,277593,243,279099,95,103,240037,186,240037,49,49,272848,96,272848,26,26,171108,49,171108,1,1,1848,3,8933
00230200,NORTHWESTERN MICHIGAN COLLEGE,MI,496863061,Public,35,36,103084,94,148071,28,29,87419,82,135853,-,-, -,-, -,8,9,80707,21,134914,-,-, -,-, -
00230300,OAKLAND COMMUNITY COLLEGE,MI,483232845,Public,303,305,776775,586,782525,374,378,1020011,733,1023261,-,-, -,-, -,1,1,3000,2,3000,-,-, -,-, -
00230700,OAKLAND UNIVERSITY,MI,483094830,Public,245,251,741345,258,742975,276,285,885950,295,891570,303,310,1706255,315,1706255,98,109,752190,112,752190,226,236,2030880,257,2051710
00230800,UNIVERSITY OF OLIVET (THE),MI,490769902,Private-Nonprofit,23,23,46173,67,56487,14,15,45505,57,69055,3,3,21000,7,21000,4,4,56381,16,81920,-,-, -,-, -
00231000,ST. CLAIR COUNTY COMMUNITY COLLEGE,MI,480603864,Public,30,30,47519,63,49813,35,38,75272,77,77628,-,-, -,-, -,1,1,5000,2,5000,-,-, -,-, -
00231400,SAGINAW VALLEY STATE UNIVERSITY,MI,487100001,Public,185,187,397732,209,400482,137,140,398423,168,398423,92,94,657577,94,657577,29,35,154431,35,154431,33,34,196123,34,196123
00231500,SCHOOLCRAFT COLLEGE,MI,481522696,Public,111,111,186495,222,188245,156,157,336691,313,339316,-,-, -,-, -,-,-, -,-, -,-,-, -,-, -
00231600,SIENA HEIGHTS UNIVERSITY,MI,492211796,Private-Nonprofit,170,174,612948,667,612948,193,205,1128191,828,1128191,88,90,1290769,407,1291019,11,11,56589,20,56589,-,-, -,-, -
00231700,SOUTHWESTERN MICHIGAN COLLEGE,MI,490479793,Public,20,20,37938,41,38238,21,22,39975,44,39975,-,-, -,-, -,0,0,0,2,5122,-,-, -,-, -
00231800,SPRING ARBOR UNIVERSITY,MI,492839984,Private-Nonprofit,31,31,115432,114,261369,37,37,111034,134,331140,109,109,946181,400,2892048,5,5,40952,24,131901,12,12,62439,38,190836
00232200,FINLANDIA UNIVERSITY,MI,499301882,Private-Nonprofit,5,5,6100,10,6100,6,6,12925,12,12925,-,-, -,-, -,4,4,10468,8,10468,-,-, -,-, -
00232300,UNIVERSITY OF DETROIT MERCY,MI,482213038,Private-Nonprofit,124,124,333442,165,395118,118,118,347234,160,420467,337,352,3060328,482,4190310,19,20,171986,33,216122,298,325,1998284,409,2425192
00232500,UNIVERSITY OF MICHIGAN,MI,481091340,Public,723,829,1975358,954,2001946,436,463,777843,562,809023,1405,1457,17443872,1650,19293540,51,59,507820,81,528798,434,461,5441444,613,5977466
00232600,UNIVERSITY OF MICHIGAN - DEARBORN,MI,481282406,Public,427,443,1075829,456,1078579,332,337,780788,350,781788,71,71,615368,71,615368,20,23,145496,25,154246,7,9,69941,9,69941
00232700,UNIVERSITY OF MICHIGAN - FLINT,MI,485021950,Public,105,105,332945,280,461999,109,109,375910,319,616230,22,22,233396,169,874387,15,17,70336,20,70336,300,305,4401571,355,4401571
00232800,WASHTENAW COMMUNITY COLLEGE,MI,481054800,Public,237,242,553637,624,833813,322,331,754111,801,1146533,-,-, -,-, -,-,-, -,-, -,-,-, -,-, -
00232900,WAYNE STATE UNIVERSITY,MI,482011306,Public,551,567,1669213,654,1690313,388,400,1267656,481,1294021,666,688,5235007,728,5245979,62,64,521092,73,526410,445,502,4520417,546,4520417
00233000,WESTERN MICHIGAN UNIVERSITY,MI,490083899,Public,384,442,1118985,641,1115569,411,478,1248971,695,1253220,397,471,3859040,638,3863735,178,215,1545752,237,1555102,234,303,1918473,314,1921573
00233100,WESTERN THEOLOGICAL SEMINARY,MI,494233622,Private-Nonprofit,-,-, -,-, -,-,-, -,-, -,2,2,9722,4,9722,-,-, -,-, -,-,-, -,-, -
00233200,ANOKA-RAMSEY COMMUNITY COLLEGE,MN,554333499,Public,107,124,250821,130,252571,97,117,222403,126,225153,-,-, -,-, -,-,-, -,-, -,-,-, -,-, -
00233400,AUGSBURG UNIVERSITY,MN,554541351,Private-Nonprofit,35,37,97201,74,136280,28,28,92668,69,158062,150,150,2338678,508,4048946,10,10,71926,14,74178,53,55,2057345,182,2425219
00233500,RIVERLAND COMMUNITY COLLEGE,MN,559121473,Public,73,76,164465,93,171715,78,88,208155,118,227780,-,-, -,-, -,1,1,2700,1,2700,-,-, -,-, -
00233600,BEMIDJI STATE UNIVERSITY,MN,566012699,Public,117,122,216612,130,219362,112,122,255233,133,255233,45,47,241236,51,241236,5,5,23646,5,23646,7,8,43568,8,43568
00233700,BETHANY LUTHERAN COLLEGE,MN,560016163,Private-Nonprofit,2,2,5835,2,5835,2,2,8665,2,8665,4,4,15090,11,47966,1,1,10000,1,10000,-,-, -,-, -
00233900,CENTRAL LAKES COLLEGE,MN,564013900,Public,51,55,121630,116,134380,46,52,105869,114,120294,-,-, -,-, -,1,1,5000,2,5000,-,-, -,-, -
00234000,CARLETON COLLEGE,MN,550574001,Private-Nonprofit,12,13,42832,300,366746,18,21,65364,495,580515,-,-, -,-, -,2,2,11571,47,318507,-,-, -,-, -
00234100,COLLEGE OF SAINT BENEDICT,MN,563742099,Private-Nonprofit,10,10,30917,17,30917,7,7,15840,13,15840,1,1,3794,1,3794,2,2,13760,2,13760,-,-, -,-, -
00234200,ST. CATHERINE UNIVERSITY,MN,551051789,Private-Nonprofit,102,104,273313,265,470560,93,97,356638,247,633828,230,234,1477935,341,2161335,21,22,190209,27,199209,198,213,1593486,255,1959894
00234300,COLLEGE OF SAINT SCHOLASTICA,MN,558114199,Private-Nonprofit,66,67,182374,234,454075,52,56,169562,212,506540,519,553,4691981,553,4691981,2,2,2000,6,29645,106,119,738042,119,738042
00234500,UNIVERSITY OF SAINT THOMAS,MN,551051096,Private-Nonprofit,78,79,251053,124,251053,62,63,196275,97,196275,230,233,1468743,353,2139888,14,14,108135,16,108135,155,161,1089225,188,1271150
00234600,CONCORDIA COLLEGE - MOORHEAD,MN,565620001,Private-Nonprofit,3,3,8159,7,11923,6,6,22378,12,26378,10,10,73852,10,73852,2,2,9762,5,17873,-,-, -,-, -
00234700,CONCORDIA UNIVERSITY - SAINT PAUL,MN,551045494,Private-Nonprofit,154,165,571717,761,1503089,198,212,1033396,860,2394896,99,106,764598,972,4755777,12,12,161711,23,276522,13,13,146597,66,693449
00235300,GUSTAVUS ADOLPHUS COLLEGE,MN,560821498,Private-Nonprofit,10,10,29932,16,35432,14,14,31438,20,33438,-,-, -,-, -,7,7,53841,11,53841,-,-, -,-, -
00235400,HAMLINE UNIVERSITY,MN,551041284,Private-Nonprofit,28,29,82452,62,115123,21,25,60748,53,98171,90,106,569322,295,1604592,14,15,102376,24,108213,18,18,157626,42,260355
00235500,MINNESOTA NORTH COLLEGE,MN,557463300,Public,24,28,49937,58,51909,37,42,68572,87,75889,-,-, -,-, -,1,1,1200,2,1200,-,-, -,-, -
00235700,LUTHER SEMINARY,MN,551081496,Private-Nonprofit,-,-, -,-, -,-,-, -,-, -,9,9,104015,18,104015,-,-, -,-, -,-,-, -,-, -
00235800,MACALESTER COLLEGE,MN,551051899,Private-Nonprofit,1,1,2010,2,2010,0,0,0,4,6436,-,-, -,-, -,-,-, -,-, -,-,-, -,-, -
00236000,"MINNESOTA STATE UNIVERSITY, MANKATO",MN,560016068,Public,365,377,627260,407,632760,204,224,499739,270,507992,261,278,1506418,294,1506418,34,35,189399,37,189399,41,41,285513,41,285513
00236100,MARTIN LUTHER COLLEGE,MN,560733965,Private-Nonprofit,5,5,17837,5,17837,7,7,13948,7,13948,-,-, -,-, -,-,-, -,-, -,-,-, -,-, -
00236200,MINNEAPOLIS COMMUNITY AND TECHNICAL COLLEGE,MN,554031779,Public,157,208,374917,409,385154,157,166,282589,328,302933,-,-, -,-, -,-,-, -,-, -,-,-, -,-, -
00236500,MINNEAPOLIS COLLEGE OF ART & DESIGN,MN,554044343,Private-Nonprofit,1,1,1000,1,1000,1,1,4113,1,4113,13,13,213968,35,213968,-,-, -,-, -,-,-, -,-, -
00236700,MINNESOTA STATE UNIVERSITY MOORHEAD,MN,565630001,Public,175,184,374903,207,383153,117,127,274053,153,287119,169,185,1035143,194,1035143,8,8,36456,8,36456,2,2,13615,2,13615
00236900,NORTH CENTRAL UNIVERSITY,MN,554041391,Private-Nonprofit,15,15,41601,16,43851,10,10,26202,11,27202,13,14,81672,16,102172,1,1,4500,2,13420,-,-, -,-, -
00237000,NORTH HENNEPIN COMMUNITY COLLEGE,MN,554452299,Public,80,90,193577,93,193577,90,104,174743,109,174743,-,-, -,-, -,-,-, -,-, -,-,-, -,-, -
00237100,UNIVERSITY OF NORTHWESTERN- ST PAUL,MN,551131598,Private-Nonprofit,39,43,93547,76,140077,28,32,92635,61,160965,9,9,58949,28,152876,2,2,3979,4,35019,-,-, -,-, -
00237300,ROCHESTER COMMUNITY AND TECHNICAL COLLEGE,MN,559044999,Public,80,89,182096,174,182096,71,77,176973,153,179973,-,-, -,-, -,1,1,4000,2,4000,-,-, -,-, -
00237500,SOUTHWEST MINNESOTA STATE UNIVERSITY,MN,562581598,Public,89,91,187571,93,187571,76,80,175419,84,175419,53,56,214109,59,214730,2,3,5406,3,5406,-,-, -,-, -
00237700,ST. CLOUD STATE UNIVERSITY,MN,563014498,Public,196,205,435326,230,438761,156,160,374740,185,376500,127,136,724526,142,726026,7,7,40718,8,40718,3,4,29956,4,29956
00237900,SAINT JOHN'S UNIVERSITY,MN,563212000,Private-Nonprofit,5,5,16500,9,18750,4,4,9000,8,10000,2,2,9090,2,9090,2,2,12603,3,12603,-,-, -,-, -
00238000,SAINT MARY'S UNIVERSITY OF MINNESOTA,MN,559871399,Private-Nonprofit,18,18,58801,59,117475,23,23,116270,73,225211,229,229,2275605,1458,9360288,3,3,37579,4,37579,27,27,379487,170,1380529
00238200,SAINT OLAF COLLEGE,MN,550571098,Private-Nonprofit,10,10,26088,17,26935,9,9,16038,16,16038,-,-, -,-, -,1,1,14476,2,14476,-,-, -,-, -
00238300,CROWN COLLEGE,MN,553759001,Private-Nonprofit,22,23,70032,86,160435,21,22,79048,82,183798,31,32,249295,166,1065901,1,1,10000,1,10000,0,0,0,1,760
00238500,NORTHLAND COMMUNITY AND TECHNICAL COLLEGE,MN,567012598,Public,38,43,84055,82,84055,34,38,85500,71,88500,-,-, -,-, -,1,1,6730,2,6730,-,-, -,-, -
00238600,UNITED THEOLOGICAL SEMINARY OF THE TWIN CITIES,MN,551141039,Private-Nonprofit,-,-, -,-, -,-,-, -,-, -,3,3,33782,53,279988,-,-, -,-, -,1,1,6000,11,79867
00238800,UNIVERSITY OF MINNESOTA  DULUTH,MN,558122496,Public,121,124,258536,134,258536,69,72,186468,90,186468,106,113,1522956,114,1522956,14,14,96855,16,96855,25,26,232913,27,232913
00238900,UNIVERSITY OF MINNESOTA MORRIS,MN,562672113,Public,12,12,26866,14,26866,12,12,39362,19,39362,-,-, -,-, -,3,3,18009,3,18009,-,-, -,-, -
00239100,MITCHELL HAMLINE SCHOOL OF LAW,MN,551053076,Private-Nonprofit,-,-, -,-, -,1,1,4808,1,4808,356,389,5900178,898,5900178,-,-, -,-, -,244,359,3972554,450,3972554
00239300,MINNESOTA STATE COLLEGE SOUTHEAST,MN,559870409,Public,31,35,86355,71,86855,25,36,105044,72,106794,-,-, -,-, -,-,-, -,-, -,-,-, -,-, -
00239400,WINONA STATE UNIVERSITY,MN,559875838,Public,160,168,283295,180,283295,105,110,224260,134,224947,142,146,838842,150,838842,17,18,90155,22,90155,36,38,258401,38,258401
00239600,ALCORN STATE UNIVERSITY,MS,390967500,Public,254,260,483560,518,490810,142,144,334480,285,337480,78,83,618367,167,628617,60,63,242335,127,249035,111,113,1022249,226,1022249
00239700,BELHAVEN UNIVERSITY,MS,392021789,Private-Nonprofit,47,47,102810,294,459620,53,53,154407,322,735012,207,208,868671,1152,5359555,4,4,12313,4,12313,9,9,30599,55,200524
00239800,BLUE MOUNTAIN CHRISTIAN UNIVERSITY,MS,386109370,Private-Nonprofit,3,3,3304,15,18062,2,2,5000,19,29184,5,5,31237,27,91697,-,-, -,-, -,-,-, -,-, -
00240200,COPIAH-LINCOLN COMMUNITY COLLEGE,MS,391910649,Public,29,29,48545,60,53209,27,27,35428,60,46641,-,-, -,-, -,2,2,7467,4,7467,-,-, -,-, -
00240300,DELTA STATE UNIVERSITY,MS,387330000,Public,75,75,171064,107,171064,60,60,121035,81,122035,199,202,1152865,274,1152865,11,11,70109,17,72609,48,49,299724,69,301224
00240400,EAST CENTRAL COMMUNITY COLLEGE,MS,393270129,Public,36,38,70061,87,88493,32,34,58025,81,81701,-,-, -,-, -,1,1,2500,3,4250,-,-, -,-, -
00240500,EAST MISSISSIPPI COMMUNITY COLLEGE,MS,393580000,Public,111,113,202318,365,350591,84,87,162943,289,288471,-,-, -,-, -,1,1,3148,5,12428,-,-, -,-, -
00240700,HINDS COMMUNITY COLLEGE,MS,391549799,Public,255,264,402704,637,520651,186,190,372501,448,450943,-,-, -,-, -,3,3,7354,7,8219,-,-, -,-, -
00240800,HOLMES COMMUNITY COLLEGE,MS,390790000,Public,111,119,212204,264,241198,135,148,266736,321,298118,-,-, -,-, -,-,-, -,-, -,-,-, -,-, -
00240900,ITAWAMBA COMMUNITY COLLEGE,MS,388431099,Public,17,17,34004,59,66160,15,15,36632,57,77805,-,-, -,-, -,-,-, -,-, -,-,-, -,-, -
00241000,JACKSON STATE UNIVERSITY,MS,392170001,Public,203,212,459053,553,618734,145,149,465421,442,698633,181,193,1322873,466,1551105,51,54,262736,109,267486,160,165,999953,374,1181380
00241100,JONES COUNTY JUNIOR COLLEGE,MS,394373999,Public,43,47,76132,116,99268,42,43,74625,99,99577,-,-, -,-, -,7,7,22013,15,24633,-,-, -,-, -
00241300,MERIDIAN COMMUNITY COLLEGE,MS,393075890,Public,19,19,26801,128,101250,24,24,42638,145,154337,-,-, -,-, -,1,1,5000,4,6455,-,-, -,-, -
00241400,MILLSAPS COLLEGE,MS,392100001,Private-Nonprofit,6,6,13364,7,13364,1,1,2000,2,2000,9,9,53915,9,53915,4,4,25430,4,25430,1,1,2500,1,2500
00241500,MISSISSIPPI COLLEGE,MS,390580001,Private-Nonprofit,65,67,265588,153,265588,76,79,383698,178,392698,598,601,10143329,1458,10143329,20,23,294871,35,294871,255,261,8571247,674,8571247
00241700,MISSISSIPPI GULF COAST COMMUNITY COLLEGE,MS,395730000,Public,143,143,436817,379,605308,117,117,300020,303,486133,-,-, -,-, -,1,1,1645,2,1645,-,-, -,-, -
00242200,MISSISSIPPI UNIVERSITY FOR WOMEN,MS,397015818,Public,96,99,273181,196,396171,84,87,252727,193,446225,34,34,171062,40,212648,16,25,99782,26,99782,9,9,66636,9,66636
00242300,MISSISSIPPI STATE UNIVERSITY,MS,397629698,Public,435,447,1098766,498,1109059,348,355,947143,419,957563,422,443,3142028,452,3142028,104,109,638210,126,640640,184,194,2024182,205,2024182
00242400,MISSISSIPPI VALLEY STATE UNIVERSITY,MS,389411400,Public,160,165,420367,328,423742,79,82,202777,162,204794,12,12,49716,24,49716,12,12,48143,24,48143,3,4,18896,8,18896
00242600,NORTHEAST MISSISSIPPI COMMUNITY COLLEGE,MS,388291731,Public,25,25,63250,51,65500,30,30,87149,61,90149,-,-, -,-, -,-,-, -,-, -,-,-, -,-, -
00242700,NORTHWEST MISSISSIPPI COMMUNITY COLLEGE,MS,386681703,Public,83,84,124845,194,158545,66,71,117939,165,151276,-,-, -,-, -,2,2,10420,4,10420,-,-, -,-, -
00243000,PEARL RIVER COMMUNITY COLLEGE,MS,394702201,Public,120,122,232071,244,239571,87,88,175851,180,183289,-,-, -,-, -,1,1,5655,2,5655,-,-, -,-, -
00243300,RUST COLLEGE,MS,386352328,Private-Nonprofit,-,-, -,-, -,1,1,5500,4,5500,-,-, -,-, -,-,-, -,-, -,-,-, -,-, -
00243900,TOUGALOO COLLEGE,MS,391749799,Private-Nonprofit,14,14,49438,33,58807,12,12,41897,28,48216,7,7,55430,16,68180,4,4,24637,9,27805,-,-, -,-, -
00244000,UNIVERSITY OF MISSISSIPPI,MS,386771848,Public,394,409,1318652,659,1324888,377,386,1359217,639,1379019,1100,1144,31655836,2473,31659210,125,133,1129463,167,1138747,589,637,10921203,1262,10898117
00244100,UNIVERSITY OF SOUTHERN MISSISSIPPI,MS,394060001,Public,495,500,1222850,507,1233132,364,369,873141,385,885753,446,456,2522551,468,2533115,92,97,478071,98,479220,231,235,2023927,248,2023927
00244700,WILLIAM CAREY UNIVERSITY,MS,394015499,Private-Nonprofit,420,420,1576009,1225,1576009,427,427,1877582,1231,1877582,579,579,7562571,1789,7875196,17,17,313265,51,313265,279,281,3580903,870,4036852
00244900,AVILA UNIVERSITY,MO,641451698,Private-Nonprofit,23,24,53836,66,115790,36,38,99464,82,194871,77,78,344898,109,532561,7,7,30921,9,39276,3,3,26647,4,26647
00245000,CALVARY UNIVERSITY,MO,641471341,Private-Nonprofit,4,4,8997,55,57813,4,4,4115,48,44714,0,0,0,12,43172,0,0,0,1,1325,-,-, -,-, -
00245300,CENTRAL METHODIST UNIVERSITY,MO,652481198,Private-Nonprofit,112,112,337273,769,805312,84,86,276460,676,805366,10,10,42025,88,380714,2,2,11530,9,21022,-,-, -,-, -
00245400,UNIVERSITY OF CENTRAL MISSOURI,MO,640935001,Public,179,187,426344,226,428344,144,148,304289,164,307039,191,195,963451,198,963451,33,36,166794,40,166794,13,13,90879,14,90879
00245600,COLUMBIA COLLEGE,MO,652164581,Private-Nonprofit,432,444,1206440,1092,1598126,512,543,1601767,1261,2095436,54,56,357261,138,576540,3,3,18643,6,18643,5,7,55012,14,55012
00245700,CONCORDIA SEMINARY,MO,631053199,Private-Nonprofit,-,-, -,-, -,-,-, -,-, -,13,13,84670,13,84670,-,-, -,-, -,-,-, -,-, -
00245800,COTTEY COLLEGE,MO,647722790,Private-Nonprofit,9,9,27767,19,36484,10,10,23667,18,32899,-,-, -,-, -,4,4,22007,4,22007,-,-, -,-, -
00245900,CROWDER COLLEGE,MO,648509165,Public,33,35,72483,96,105569,31,31,60329,77,78839,-,-, -,-, -,-,-, -,-, -,-,-, -,-, -
00246000,CULVER-STOCKTON COLLEGE,MO,634351299,Private-Nonprofit,1,2,4054,4,4054,4,4,13155,14,13155,8,8,50502,33,142402,2,2,2610,4,2610,-,-, -,-, -
00246100,DRURY UNIVERSITY,MO,658023791,Private-Nonprofit,47,47,125783,74,147164,61,61,160718,83,182318,43,45,132832,45,132832,4,4,13160,4,13160,-,-, -,-, -
00246200,EDEN THEOLOGICAL SEMINARY,MO,631193192,Private-Nonprofit,-,-, -,-, -,-,-, -,-, -,2,2,25638,5,26138,-,-, -,-, -,-,-, -,-, -
00246300,EVANGEL UNIVERSITY,MO,658022125,Private-Nonprofit,34,36,79465,133,229825,30,30,84965,126,291458,33,33,183131,128,719925,1,1,4000,2,16000,1,1,6741,3,13664
00246400,FONTBONNE UNIVERSITY,MO,631053098,Private-Nonprofit,403,403,1595233,750,1595233,416,416,1339190,775,1339190,161,161,2733423,370,2733423,5,5,87595,12,95395,8,8,126216,21,126216
00246600,HARRIS - STOWE STATE UNIVERSITY,MO,631032199,Public,40,45,61829,90,61829,35,38,55587,76,55587,-,-, -,-, -,4,5,12477,10,12477,-,-, -,-, -
00246700,CONCEPTION SEMINARY COLLEGE,MO,644330502,Private-Nonprofit,-,-, -,-, -,1,1,8177,2,8177,-,-, -,-, -,-,-, -,-, -,-,-, -,-, -
00246800,JEFFERSON COLLEGE,MO,630502441,Public,18,20,27211,43,31461,27,28,46841,57,49841,-,-, -,-, -,1,1,4000,2,4000,-,-, -,-, -
00247100,SAINT LOUIS COMMUNITY COLLEGE,MO,630442551,Public,22,24,29860,51,37360,26,28,35127,60,42096,-,-, -,-, -,1,1,5000,2,5000,-,-, -,-, -
00247300,KANSAS CITY ART INSTITUTE,MO,641111874,Private-Nonprofit,2,2,11000,4,11000,2,2,4000,4,4000,-,-, -,-, -,2,2,22593,3,22593,-,-, -,-, -
00247400,KANSAS CITY UNIVERSITY,MO,641062311,Private-Nonprofit,-,-, -,-, -,-,-, -,-, -,9,10,113733,11,113733,-,-, -,-, -,71,74,486110,84,498717
00247700,A. T. STILL UNIVERSITY OF HEALTH SCIENCES,MO,635011497,Private-Nonprofit,-,-, -,-, -,-,-, -,-, -,435,460,13980648,853,14059081,-,-, -,-, -,471,732,22306894,1341,22348092
00247900,LINCOLN UNIVERSITY,MO,651013500,Public,60,61,163244,122,169494,42,45,112262,91,116762,4,5,31165,10,31165,18,18,81000,37,84200,-,-, -,-, -
00248000,LINDENWOOD UNIVERSITY,MO,633011695,Private-Nonprofit,52,52,113658,223,371391,58,58,143080,240,509649,71,71,455294,642,4059873,3,3,12225,10,51716,11,11,48478,51,271807
00248200,MARYVILLE UNIVERSITY OF SAINT LOUIS,MO,631417299,Private-Nonprofit,322,325,1060973,1449,2762101,305,314,1250906,1410,3607199,537,557,4884165,2483,17614117,23,23,167144,74,473445,146,148,1197008,761,3732633
00248400,METROPOLITAN COMMUNITY COLLEGE,MO,641112408,Public,58,58,165030,119,171959,47,49,106621,99,112045,-,-, -,-, -,1,1,1447,1,1447,-,-, -,-, -
00248500,MIDWESTERN BAPTIST THEOLOGICAL SEMINARY,MO,641184697,Private-Nonprofit,12,12,31750,50,103000,16,16,39982,47,109188,27,27,210643,114,764020,1,1,10000,2,16500,3,3,21706,4,31956
00248600,MINERAL AREA COLLEGE,MO,636011000,Public,7,7,13649,23,23652,14,15,31999,39,45734,-,-, -,-, -,-,-, -,-, -,-,-, -,-, -
00248800,MISSOURI SOUTHERN STATE UNIVERSITY,MO,648011595,Public,144,151,230830,155,236330,69,72,118766,75,118766,8,10,21840,10,21840,3,3,15000,3,15000,-,-, -,-, -
00248900,MISSOURI VALLEY COLLEGE,MO,653403197,Private-Nonprofit,6,6,23760,19,35746,3,3,6790,9,9456,0,0,0,7,37003,1,1,5040,3,9787,1,1,3700,4,9556
00249000,MISSOURI WESTERN STATE UNIVERSITY,MO,645072294,Public,31,31,68341,34,70091,38,41,84149,48,85304,9,9,49064,9,49064,4,4,13756,5,13756,-,-, -,-, -
00249100,MOBERLY AREA COMMUNITY COLLEGE,MO,652701304,Public,79,80,187965,167,196121,75,75,216398,155,223053,-,-, -,-, -,4,4,19367,8,19367,-,-, -,-, -
00249400,NAZARENE THEOLOGICAL SEMINARY,MO,641311246,Private-Nonprofit,-,-, -,-, -,-,-, -,-, -,1,1,5000,19,62981,-,-, -,-, -,-,-, -,-, -
00249500,TRUMAN STATE UNIVERSITY,MO,635014221,Public,31,32,62491,36,62491,23,24,49241,28,49241,50,51,277087,55,277087,2,2,6383,2,6383,1,1,1720,1,1720
00249600,NORTHWEST MISSOURI STATE UNIVERSITY,MO,644686001,Public,154,156,269731,163,272211,143,148,356063,162,359346,268,275,1438578,855,4085961,86,88,391856,89,391856,-,-, -,-, -
00249800,PARK UNIVERSITY,MO,641523795,Private-Nonprofit,216,218,537528,747,1049932,207,210,482512,761,1127347,87,88,432502,404,1584607,6,6,38217,16,67954,1,1,5219,11,26135
00249900,ROCKHURST UNIVERSITY,MO,641102561,Private-Nonprofit,19,20,50399,26,50399,22,22,62833,25,62833,96,97,879479,149,889729,9,10,50010,12,50010,96,105,976861,124,976861
00250100,SOUTHEAST MISSOURI STATE UNIVERSITY,MO,637014799,Public,158,166,305543,306,309257,135,138,274843,252,276814,119,120,522921,222,527918,53,54,220153,99,220153,3,3,11649,5,11649
00250200,SOUTHWEST BAPTIST UNIVERSITY,MO,656132597,Private-Nonprofit,28,28,86389,33,88139,26,28,84342,35,91976,46,47,169131,52,169131,4,4,14493,4,14493,34,37,170763,49,170763
00250300,MISSOURI STATE UNIVERSITY,MO,658970094,Public,616,633,1034037,881,1041787,439,457,977988,528,985121,445,460,2079878,474,2079878,30,32,132871,35,132871,121,141,1059818,147,1059818
00250400,UNIVERSITY OF HEALTH SCIENCES AND PHARMACY IN ST. LOUIS,MO,631101088,Private-Nonprofit,4,4,14750,7,14750,4,4,12385,6,12385,268,272,9198551,784,9198551,3,3,13000,3,13000,114,135,2867136,307,2867136
00250600,SAINT LOUIS UNIVERSITY,MO,631032097,Private-Nonprofit,136,138,490033,188,491783,138,139,607988,187,607988,307,315,7431784,467,7431784,45,48,518689,54,519552,419,504,7613085,667,7622814
00251200,STEPHENS COLLEGE,MO,652150001,Private-Nonprofit,36,39,125860,63,145692,34,38,90422,63,109464,33,33,601770,107,992629,4,4,27840,8,72549,7,8,122102,47,526898
00251400,NORTH CENTRAL MISSOURI COLLEGE,MO,646831824,Public,39,39,87668,90,111794,38,38,74558,88,103091,-,-, -,-, -,-,-, -,-, -,-,-, -,-, -
00251600,UNIVERSITY OF MISSOURI - COLUMBIA,MO,652111600,Public,1295,1316,2425782,1371,2431065,414,429,961402,462,971662,859,901,4232685,917,4238157,240,252,1703757,269,1733017,315,334,1834849,362,1834849
00251700,MISSOURI UNIVERSITY OF SCIENCE AND TECHNOLOGY,MO,654090250,Public,76,78,173627,97,173627,64,69,158338,96,158338,27,28,204540,39,204540,30,30,245795,37,253779,5,5,35630,5,35630
00251800,UNIVERSITY OF MISSOURI - KANSAS CITY,MO,641102497,Public,245,251,516499,280,519249,160,166,437759,183,437759,780,816,5934409,823,5934409,70,73,479121,88,484121,544,592,4850391,613,4850391
00251900,UNIVERSITY OF MISSOURI - SAINT LOUIS,MO,631214499,Public,207,210,551453,240,557699,185,192,505850,220,512587,286,296,1802881,300,1802881,14,16,68378,17,68378,145,148,1301308,149,1301308
00252000,WASHINGTON UNIVERSITY IN ST. LOUIS,MO,631304899,Private-Nonprofit,44,44,166940,67,166940,50,51,138344,79,138344,227,233,3694766,534,4425041,6,6,75589,13,75589,251,268,3545632,394,3750757
00252100,WEBSTER UNIVERSITY,MO,631193194,Private-Nonprofit,124,129,314853,200,340154,128,132,306422,207,325389,636,668,3524260,695,3534510,20,20,178558,40,202520,165,170,1236035,178,1245949
00252300,WESTMINSTER COLLEGE,MO,652511299,Private-Nonprofit,1,1,1375,1,1375,2,2,4125,3,4125,-,-, -,-, -,1,1,2000,2,5461,-,-, -,-, -
00252400,WILLIAM JEWELL COLLEGE,MO,640681896,Private-Nonprofit,31,31,112067,36,117158,23,23,114936,27,118436,4,4,27472,5,27472,6,6,51644,6,51644,-,-, -,-, -
00252500,WILLIAM WOODS UNIVERSITY,MO,652512388,Private-Nonprofit,5,5,9358,35,61676,5,5,14399,31,68841,61,61,279870,334,1295558,1,1,10783,3,15875,1,1,4637,6,12516
00252600,CARROLL COLLEGE,MT,596250002,Private-Nonprofit,13,13,38304,26,60750,16,18,71854,33,106662,0,0,0,4,30752,3,3,16750,3,16750,1,2,26187,2,26187
00252700,UNIVERSITY OF PROVIDENCE,MT,594054996,Private-Nonprofit,9,10,21334,44,99254,9,10,32280,44,139637,11,11,80096,72,487797,0,0,0,1,15000,2,2,9000,10,58838
00252800,MILES COMMUNITY COLLEGE,MT,593014799,Public,9,9,21881,18,21881,5,5,7497,9,7497,-,-, -,-, -,-,-, -,-, -,-,-, -,-, -
00252900,DAWSON COMMUNITY COLLEGE,MT,593301405,Public,15,17,48901,34,48901,16,17,50317,34,50317,-,-, -,-, -,-,-, -,-, -,-,-, -,-, -
00253000,MONTANA STATE UNIVERSITY - BILLINGS,MT,591010298,Public,81,81,208084,85,208084,85,85,228599,90,228599,46,46,247271,46,247271,3,3,13225,3,13225,9,9,41400,9,41400
00253100,MONTANA TECHNOLOGICAL UNIVERSITY,MT,597018997,Public,31,31,114064,77,114064,37,37,178843,93,178843,14,14,166222,27,166222,1,1,9501,2,9501,-,-, -,-, -
00253200,MONTANA STATE UNIVERSITY BOZEMAN,MT,597174160,Public,122,122,293102,139,305464,125,128,404450,153,417387,59,59,326076,63,343317,34,34,267961,40,319372,21,22,174683,22,174683
00253300,MONTANA STATE UNIVERSITY - NORTHERN,MT,595013148,Public,9,9,21586,20,33881,19,20,49351,32,72708,4,4,14018,12,48770,1,1,5099,1,5099,-,-, -,-, -
00253400,ROCKY MOUNTAIN COLLEGE,MT,591021796,Private-Nonprofit,3,3,3000,3,3000,4,4,4260,4,4260,97,97,1918301,332,2881415,6,6,101425,6,101425,88,98,1270677,233,2485813
00253600,UNIVERSITY OF MONTANA (THE),MT,598120001,Public,115,117,236608,131,243709,99,101,279064,117,291064,109,118,669039,129,669039,26,27,158812,29,163575,105,117,845827,122,845827
00253700,UNIVERSITY OF MONTANA WESTERN (THE),MT,597253598,Public,48,49,170774,107,170774,40,41,175995,92,175995,-,-, -,-, -,5,6,89492,14,89492,-,-, -,-, -
00253900,CHADRON STATE COLLEGE,NE,693372690,Public,59,60,122334,63,122334,47,50,130243,50,130243,64,73,280562,73,280562,12,18,50355,18,50355,-,-, -,-, -
00254000,COLLEGE OF SAINT MARY,NE,681062606,Private-Nonprofit,62,63,100648,65,100648,49,49,85260,50,85260,76,78,1244491,299,2199790,3,3,13868,3,13868,58,64,1656869,265,2974497
00254100,CONCORDIA UNIVERSITY,NE,684341594,Private-Nonprofit,2,2,7250,5,10918,3,3,10210,8,26656,47,47,172531,162,697057,3,3,24661,3,24661,-,-, -,-, -
00254200,CREIGHTON UNIVERSITY,NE,681780315,Private-Nonprofit,125,126,494500,222,493940,137,138,757887,238,753721,1439,1494,41792817,3619,41501558,19,20,460819,44,460819,989,1042,47136532,2459,46883051
00254400,DOANE UNIVERSITY,NE,683332421,Private-Nonprofit,7,7,6637,33,35479,10,10,16730,42,64604,89,89,312199,229,804054,2,2,18722,3,18722,-,-, -,-, -
00254800,HASTINGS COLLEGE,NE,689017621,Private-Nonprofit,2,2,3000,3,5000,7,7,18000,7,18000,-,-, -,-, -,2,2,10340,2,10340,-,-, -,-, -
00255100,UNIVERSITY OF NEBRASKA - KEARNEY,NE,688490001,Public,142,143,323630,155,328322,127,129,327451,140,330168,194,202,864967,202,864967,9,9,36606,9,36606,6,6,39801,6,39801
00255300,MIDLAND UNIVERSITY,NE,680254254,Private-Nonprofit,14,15,39651,25,46131,17,17,43762,30,58524,10,10,59261,50,197420,0,0,0,1,2000,-,-, -,-, -
00255400,UNIVERSITY OF NEBRASKA AT OMAHA,NE,681820001,Public,325,331,636270,343,636957,215,220,530205,228,533955,189,200,972467,202,982717,62,62,297653,67,297653,84,85,638895,85,638895
00255500,NEBRASKA WESLEYAN UNIVERSITY,NE,685042796,Private-Nonprofit,22,23,67498,30,67498,17,17,77401,29,80627,22,22,281290,55,320909,8,8,41720,10,62710,-,-, -,-, -
00255700,MID-PLAINS COMMUNITY COLLEGE,NE,691019420,Public,17,17,28091,41,36257,20,20,47700,44,52307,-,-, -,-, -,1,1,500,2,500,-,-, -,-, -
00255900,PERU STATE COLLEGE,NE,684210010,Public,68,70,122253,73,122253,60,62,136789,68,136789,63,65,265387,66,265387,1,1,3523,1,3523,-,-, -,-, -
00256000,WESTERN NEBRASKA COMMUNITY COLLEGE,NE,693611815,Public,8,8,14219,17,16469,4,4,7684,17,17382,-,-, -,-, -,-,-, -,-, -,-,-, -,-, -
00256300,UNION ADVENTIST UNIVERSITY,NE,685064387,Private-Nonprofit,18,18,49477,30,58977,19,20,53971,42,66638,1,1,6200,46,301243,3,3,48875,8,67555,17,17,121598,43,473113
00256500,UNIVERSITY OF NEBRASKA,NE,685880419,Public,276,289,628315,330,628315,175,182,426794,222,426794,107,116,549437,125,549437,95,97,603799,106,603799,72,79,505842,81,505842
00256600,WAYNE STATE COLLEGE,NE,687871172,Public,107,108,223677,110,223677,45,48,110361,50,110361,141,143,672438,144,673119,25,25,99342,25,99342,-,-, -,-, -
00256700,YORK UNIVERSITY,NE,684672699,Private-Nonprofit,1,1,1500,2,1500,4,4,14400,8,14400,23,23,122994,91,235250,1,1,2200,2,2200,-,-, -,-, -
00256800,"UNIVERSITY OF NEVADA , RENO",NV,895570002,Public,166,169,397868,171,399893,100,104,268811,108,274491,492,520,5295196,576,5312857,27,28,156996,28,156996,84,95,940643,119,940643
00256900,UNIVERSITY OF NEVADA - LAS VEGAS,NV,891541001,Public,381,394,1125559,557,1331661,323,333,1039506,447,1168674,220,236,2265154,618,6303247,86,91,777515,106,898752,160,171,1909017,428,5641434
00257200,COLBY-SAWYER COLLEGE,NH,032574648,Private-Nonprofit,24,24,46938,26,52022,21,21,53018,23,60518,1,1,4137,2,14387,1,1,3200,2,13258,-,-, -,-, -
00257300,DARTMOUTH COLLEGE,NH,037553529,Private-Nonprofit,79,87,274610,199,305756,130,144,462607,343,491768,135,143,4813764,328,5014589,41,46,1133966,93,1169726,84,85,1860759,178,1914763
00257500,FRANKLIN PIERCE UNIVERSITY,NH,034610060,Private-Nonprofit,8,8,14001,43,40198,16,17,29169,60,54661,16,18,189022,275,1344829,1,1,2700,5,12568,32,32,103970,271,2488200
00257900,NEW ENGLAND COLLEGE,NH,032423293,Private-Nonprofit,13,13,41559,93,104526,10,10,20620,105,113535,20,22,130444,140,553058,6,6,86315,18,115770,2,2,10994,6,12734
00258000,SOUTHERN NEW HAMPSHIRE UNIVERSITY,NH,031061045,Private-Nonprofit,60443,62123,175547467,261085,188869746,61952,63111,257039417,262115,264589781,13212,16113,124837900,40982,158557610,161,165,2248267,733,2323190,536,651,5450227,1810,6769296
00258100,NHTI - CONCORD'S COMMUNITY COLLEGE,NH,033017412,Public,193,196,555489,460,575463,194,200,836184,482,861810,-,-, -,-, -,4,4,39100,10,39100,-,-, -,-, -
00258200,MANCHESTER COMMUNITY COLLEGE,NH,031028518,Public,110,112,360136,266,331044,100,107,458969,255,423493,-,-, -,-, -,1,2,15600,3,15600,-,-, -,-, -
00258300,GREAT BAY COMMUNITY COLLEGE,NH,038012807,Public,63,64,164598,145,172098,65,67,232673,150,239923,-,-, -,-, -,-,-, -,-, -,-,-, -,-, -
00258600,RIVIER UNIVERSITY,NH,030605086,Private-Nonprofit,135,137,475940,348,475940,145,150,773075,386,773075,80,80,1115794,185,1115794,7,8,52561,10,52561,16,17,191765,23,191765
00258700,SAINT ANSELM COLLEGE,NH,031021310,Private-Nonprofit,-,-, -,-, -,2,2,6800,4,6800,12,12,228336,36,228336,1,1,7000,2,15945,-,-, -,-, -
00258900,UNIVERSITY OF NEW HAMPSHIRE,NH,038242511,Public,287,301,687269,778,1040362,255,266,590626,695,963336,191,196,3120980,487,3190342,23,23,261156,52,290911,57,62,1561107,165,1573107
00259000,KEENE STATE COLLEGE,NH,034351504,Public,35,36,63620,41,63620,24,25,50128,34,50128,3,3,15444,5,22277,14,15,81378,16,94859,-,-, -,-, -
00259100,PLYMOUTH STATE UNIVERSITY OF THE UNIVERSITY SYSTEM OF NEW HAMPSHIRE,NH,032641595,Public,22,22,84530,43,86218,28,28,83431,49,84431,173,174,3175765,469,3175765,3,3,25459,4,25459,52,52,1604840,150,1604840
00259600,ATLANTIC CAPE COMMUNITY COLLEGE,NJ,083302699,Public,19,19,58409,39,62796,16,16,55516,47,90206,-,-, -,-, -,2,2,15000,7,25310,-,-, -,-, -
00259700,BLOOMFIELD COLLEGE,NJ,070033425,Private-Nonprofit,13,13,36250,25,36250,13,13,18781,25,18781,-,-, -,-, -,12,12,48633,24,48633,-,-, -,-, -
00259800,CALDWELL UNIVERSITY,NJ,070066195,Private-Nonprofit,17,18,83610,34,87360,23,23,148335,44,154914,7,7,95807,20,148090,17,17,167167,23,182107,1,1,42585,3,42585
00259900,CENTENARY UNIVERSITY,NJ,078402184,Private-Nonprofit,17,17,58917,39,64417,21,21,74893,50,88695,13,13,105668,46,184250,17,18,171737,35,171737,2,3,32494,6,32494
00260000,SAINT ELIZABETH UNIVERSITY,NJ,079606989,Private-Nonprofit,10,10,19500,17,35000,9,9,30240,15,33245,62,62,1089520,113,1140770,4,4,18149,5,24149,37,39,1588774,76,1607089
00260300,DREW UNIVERSITY,NJ,079404063,Private-Nonprofit,11,11,32195,18,35242,14,15,38910,26,43363,29,30,414490,63,414490,8,8,76812,10,90863,9,10,93701,17,96176
00260700,FAIRLEIGH DICKINSON UNIVERSITY,NJ,076661996,Private-Nonprofit,77,80,202609,91,206109,82,86,271667,104,280416,97,106,839037,114,893987,29,30,232705,37,232705,57,63,419250,66,419250
00260800,GEORGIAN COURT UNIVERSITY,NJ,087012697,Private-Nonprofit,17,18,43748,32,71244,19,20,41659,38,79316,48,50,227530,126,592750,7,7,49775,7,49775,19,21,140727,21,140727
00260900,ROWAN UNIVERSITY,NJ,080281702,Public,175,177,521818,197,542318,122,122,356797,140,376297,181,181,4529207,271,4551935,60,63,395148,70,443742,101,105,1897484,155,1897484
00261000,FELICIAN UNIVERSITY,NJ,076442198,Private-Nonprofit,96,96,272062,202,425508,89,90,329275,208,557919,17,17,185284,60,412977,18,18,209261,28,249693,4,4,26523,5,29856
00261300,NEW JERSEY CITY UNIVERSITY,NJ,073051597,Public,110,110,393250,169,430629,104,106,388203,172,439814,79,82,751001,130,1193133,9,10,80421,22,94380,12,14,120420,16,126177
00261500,MIDDLESEX COLLEGE,NJ,088183050,Public,38,42,84506,48,86382,31,33,86149,40,86480,-,-, -,-, -,1,1,6000,1,6000,-,-, -,-, -
00261600,MONMOUTH UNIVERSITY,NJ,077641898,Private-Nonprofit,58,58,162930,64,162930,31,32,74164,37,74164,60,61,552623,63,560123,18,21,145721,21,145721,6,6,88548,6,88548
00261700,MONTCLAIR STATE UNIVERSITY,NJ,070439987,Public,179,181,520322,226,577991,126,127,322746,161,375737,204,208,1480308,406,2592999,47,48,288658,58,327161,78,80,522146,93,577233
00261900,NEW BRUNSWICK THEOLOGICAL SEMINARY,NJ,089011196,Private-Nonprofit,-,-, -,-, -,-,-, -,-, -,5,5,41106,5,41106,-,-, -,-, -,1,1,3000,1,3000
00262100,NEW JERSEY INSTITUTE OF TECHNOLOGY,NJ,071021982,Public,178,181,653668,235,655909,162,170,520376,223,520376,41,43,357266,45,361359,24,25,211165,29,211165,13,15,135374,18,135374
00262200,KEAN UNIVERSITY,NJ,070837131,Public,240,247,464497,336,486053,215,222,485922,313,523018,108,110,803546,137,825246,39,42,327102,67,332779,90,92,933615,119,933615
00262400,OCEAN COUNTY COLLEGE,NJ,087542001,Public,28,28,56858,109,95596,28,28,70879,113,125661,-,-, -,-, -,-,-, -,-, -,-,-, -,-, -
00262500,WILLIAM PATERSON UNIVERSITY OF NEW JERSEY,NJ,074702152,Public,186,189,495987,207,529310,162,163,559741,181,595076,206,210,1514817,227,1590650,29,30,163567,36,183152,34,35,284848,36,284848
00262600,PRINCETON THEOLOGICAL SEMINARY,NJ,085400803,Private-Nonprofit,-,-, -,-, -,-,-, -,-, -,6,8,75300,20,75300,-,-, -,-, -,1,1,14490,3,14490
00262700,PRINCETON UNIVERSITY,NJ,085442001,Private-Nonprofit,5,5,16326,9,16326,4,4,18748,9,22498,2,2,10600,4,10600,2,2,12408,4,12408,-,-, -,-, -
00262800,RIDER UNIVERSITY,NJ,086483099,Private-Nonprofit,12,12,25425,37,37749,12,12,22432,41,46507,57,57,455429,161,633145,17,17,89271,40,107828,16,17,154771,43,162571
00262900,"RUTGERS, THE STATE UNIVERSITY OF NEW JERSEY",NJ,089011281,Public,480,495,1493880,875,1888773,424,433,1342795,766,1718659,1064,1428,24757159,3309,28286435,158,169,1722955,245,2130280,471,503,9608082,1190,12207987
00263200,SETON HALL UNIVERSITY,NJ,070792697,Private-Nonprofit,71,72,248145,120,304895,66,67,181056,115,216051,161,170,1746176,266,2321805,42,43,492862,56,564655,182,189,2157898,213,2252845
00263800,SAINT PETER'S UNIVERSITY,NJ,073065997,Private-Nonprofit,35,37,98501,122,183955,46,48,175073,154,331656,33,34,233442,78,282428,5,5,14167,26,64547,12,12,79496,28,108419
00263900,STEVENS INSTITUTE OF TECHNOLOGY,NJ,070305370,Private-Nonprofit,7,7,29431,40,97985,9,9,24805,43,71751,26,27,271644,42,425394,7,7,117897,8,117897,22,23,322803,25,322803
00264200,COLLEGE OF NEW JERSEY (THE),NJ,086280718,Public,41,44,120907,58,120907,44,47,122440,68,122440,37,37,325095,39,325095,21,21,190779,26,190779,9,10,56279,10,56279
00264300,UNION COLLEGE,NJ,070161598,Public,64,66,131616,127,133366,61,64,137786,125,138786,-,-, -,-, -,-,-, -,-, -,-,-, -,-, -
00265000,UNIVERSITY OF THE SOUTHWEST,NM,882409129,Private-Nonprofit,16,16,49747,53,81798,12,12,27132,47,69306,89,89,602471,658,2129253,2,2,4800,2,4800,15,15,113429,87,456613
00265100,EASTERN NEW MEXICO UNIVERSITY,NM,881306000,Public,89,93,214249,193,222869,71,75,195484,151,200359,55,58,246154,116,246154,2,2,7800,4,7800,3,3,5420,6,5420
00265300,NEW MEXICO HIGHLANDS UNIVERSITY,NM,877014436,Public,39,39,92011,80,97511,37,40,81606,80,82738,107,119,548152,234,548152,3,3,18417,6,18417,9,9,52737,18,52737
00265400,NEW MEXICO INSTITUTE OF MINING & TECHNOLOGY,NM,878014796,Public,9,9,14345,12,16101,-,-, -,-, -,2,2,19868,4,23868,0,0,0,1,2000,-,-, -,-, -
00265500,NEW MEXICO JUNIOR COLLEGE,NM,882409123,Public,4,5,7750,10,7750,4,4,10721,8,10721,-,-, -,-, -,-,-, -,-, -,-,-, -,-, -
00265600,NEW MEXICO MILITARY INSTITUTE,NM,882015173,Public,3,3,8750,6,8750,3,3,5000,6,5000,-,-, -,-, -,-,-, -,-, -,-,-, -,-, -
00265700,NEW MEXICO STATE UNIVERSITY,NM,880038001,Public,240,245,617383,484,617383,150,157,428962,308,428962,73,77,356723,153,366053,9,10,49260,20,49260,7,9,41790,18,41790
00266000,SAN JUAN COLLEGE,NM,874024699,Public,65,69,133090,136,133090,70,70,155747,138,155747,-,-, -,-, -,-,-, -,-, -,-,-, -,-, -
00266300,UNIVERSITY OF NEW MEXICO,NM,871310001,Public,377,408,1096265,539,1262454,378,401,1155894,524,1353147,348,379,2432344,971,3573907,19,19,94400,26,118839,109,125,811656,246,1069981
00266400,WESTERN NEW MEXICO UNIVERSITY,NM,880615417,Public,58,61,125550,124,130497,43,45,108382,91,112732,294,295,1122078,588,1125259,4,4,19833,8,19833,9,9,41493,18,41493
00266500,VAUGHN COLLEGE OF AERONAUTICS AND TECHNOLOGY,NY,113699997,Private-Nonprofit,77,77,267619,148,293567,80,81,330131,151,371388,-,-, -,-, -,21,21,413246,63,647451,-,-, -,-, -
00266600,ADELPHI UNIVERSITY,NY,115304299,Private-Nonprofit,90,90,351646,156,362016,102,102,329284,188,349964,233,234,2511509,249,2582711,40,42,442025,70,479907,72,75,846362,94,883692
00266800,ALFRED UNIVERSITY,NY,148021205,Private-Nonprofit,12,13,33779,17,33779,12,12,31224,18,31224,128,138,743795,168,785496,7,7,69366,17,82446,6,6,29391,6,29391
00266900,BANK STREET COLLEGE OF EDUCATION,NY,100251898,Private-Nonprofit,-,-, -,-, -,3,3,12872,5,12872,142,147,1543920,338,1798592,-,-, -,-, -,22,22,176624,37,212418
00267000,CLARKS SUMMIT UNIVERSITY,PA,184111250,Private-Nonprofit,16,16,34693,16,34693,13,14,28175,14,28175,29,29,84453,31,92769,2,2,6161,2,6161,-,-, -,-, -
00267100,BARD COLLEGE,NY,125045000,Private-Nonprofit,10,10,20751,16,20751,4,4,12367,8,12367,47,48,734761,114,825477,-,-, -,-, -,13,14,159187,30,171296
00267400,NEW YORK THEOLOGICAL SEMINARY,NY,101150002,Private-Nonprofit,-,-, -,-, -,-,-, -,-, -,15,15,223983,53,363383,-,-, -,-, -,-,-, -,-, -
00267700,BROOKLYN LAW SCHOOL,NY,112013798,Private-Nonprofit,-,-, -,-, -,-,-, -,-, -,5,5,78068,10,78068,-,-, -,-, -,5,5,64346,21,140008
00267800,BRYANT & STRATTON COLLEGE,NY,142031630,Private-Nonprofit,5696,5706,15523952,12555,19793337,5662,5670,22803409,12638,29360169,-,-, -,-, -,113,113,827314,277,1069965,-,-, -,-, -
00268100,"CANISIUS UNIVERSITY OF BUFFALO, NEW YORK",NY,142081098,Private-Nonprofit,10,10,36069,17,36069,9,9,16000,16,16000,162,164,2653073,383,2653073,3,3,24507,5,28393,42,44,1331043,119,1331043
00268500,CAZENOVIA COLLEGE,NY,130351085,Private-Nonprofit,17,18,55383,70,58019,12,12,46636,53,47969,2,3,14200,14,14200,-,-, -,-, -,-,-, -,-, -
00268700,CUNY BROOKLYN COLLEGE,NY,112102814,Public,199,211,583297,426,588232,138,147,358072,296,360072,114,124,796044,248,796044,2,2,9600,6,17980,12,12,99143,24,99143
00268800,CITY COLLEGE OF NEW YORK - CUNY,NY,100319198,Public,131,140,384752,289,394157,96,103,274014,214,280626,295,304,8917689,603,8926205,2,2,9066,4,9066,150,205,2697725,416,2697725
00268900,CUNY HUNTER COLLEGE,NY,100655024,Public,176,183,469610,364,469610,116,122,268262,243,268262,248,261,1891547,527,2000577,11,11,109554,22,109554,17,18,154897,36,154897
00269000,CUNY QUEENS COLLEGE,NY,113671597,Public,225,234,800515,469,806499,151,159,484065,320,488672,45,45,374827,90,392077,4,4,25005,8,25005,1,1,13808,2,13808
00269100,CUNY BOROUGH OF MANHATTAN COMMUNITY COLLEGE,NY,100071047,Public,105,117,290616,409,549422,42,45,114925,195,279923,-,-, -,-, -,1,1,5000,3,6372,-,-, -,-, -
00269200,CUNY BRONX COMMUNITY COLLEGE,NY,104533102,Public,43,43,124671,142,208273,18,18,47128,82,127202,-,-, -,-, -,-,-, -,-, -,-,-, -,-, -
00269300,CUNY JOHN JAY COLLEGE OF CRIMINAL JUSTICE,NY,100191093,Public,290,325,1065426,694,1065426,222,239,689055,507,689055,123,136,1116981,280,1168442,19,20,190676,41,190676,13,13,85812,27,92166
00269400,KINGSBOROUGH COMMUNITY COLLEGE/CUNY,NY,112352398,Public,140,144,389591,456,676816,94,101,330468,324,540176,-,-, -,-, -,-,-, -,-, -,-,-, -,-, -
00269600,NEW YORK CITY COLLEGE OF TECHNOLOGY OF THE CITY UNIVERSITY OF NEW YORK,NY,112012983,Public,97,100,230322,197,234385,64,66,173586,133,174924,-,-, -,-, -,1,1,3153,2,3153,-,-, -,-, -
00269700,QUEENSBOROUGH COMMUNITY COLLEGE-CUNY,NY,113641497,Public,50,53,158436,106,158436,37,41,104977,82,106427,-,-, -,-, -,-,-, -,-, -,-,-, -,-, -
00269800,COLLEGE OF STATEN ISLAND/CUNY,NY,103146600,Public,76,79,212009,158,215884,57,60,187761,121,189761,17,19,106944,38,106944,1,1,4000,2,4000,-,-, -,-, -
00269900,CLARKSON UNIVERSITY,NY,136991403,Private-Nonprofit,26,27,66645,29,66645,25,28,60370,30,60370,140,144,2448619,379,2520191,10,11,70085,15,70085,102,107,1743187,147,1760655
00270100,COLGATE UNIVERSITY,NY,133461386,Private-Nonprofit,9,10,25403,14,25403,3,3,7453,5,7453,-,-, -,-, -,1,1,30000,1,30000,-,-, -,-, -
00270300,COLLEGE OF MOUNT SAINT VINCENT,NY,104711093,Private-Nonprofit,219,224,849630,426,892809,233,239,1332979,445,1388285,171,180,2283717,361,2283717,23,27,228310,54,228310,8,8,65521,18,64221
00270500,COLLEGE OF SAINT ROSE,NY,122031490,Private-Nonprofit,31,31,133597,71,133597,34,34,108092,74,108092,186,192,2947749,416,2978498,8,9,93104,17,93104,28,28,387776,66,387776
00270700,COLUMBIA UNIVERSITY IN THE CITY OF NEW YORK,NY,100270000,Private-Nonprofit,255,270,1195182,497,1195182,235,248,1420419,461,1420419,1059,1074,19778919,2302,20805465,15,15,283791,19,283791,1042,1185,37836499,2188,38426686
00270800,BARNARD COLLEGE,NY,100276598,Private-Nonprofit,5,5,18020,7,19320,6,6,21500,8,25250,-,-, -,-, -,2,2,93464,3,93464,-,-, -,-, -
00271000,COOPER UNION FOR THE ADVANCEMENT OF SCIENCE & ART (THE),NY,100037120,Private-Nonprofit,2,2,10000,4,10000,2,2,4000,4,4000,-,-, -,-, -,-,-, -,-, -,-,-, -,-, -
00271100,CORNELL UNIVERSITY,NY,148532801,Private-Nonprofit,142,158,428904,264,430654,89,94,251430,174,261680,295,303,4298741,518,4686053,31,31,442825,52,452125,231,249,3625996,388,4182903
00271200,D'YOUVILLE UNIVERSITY,NY,142011084,Private-Nonprofit,109,110,495336,223,479070,109,111,612983,234,552885,327,333,7084619,769,6747808,12,13,126201,23,141198,65,73,1203200,130,1204964
00271300,DOMINICAN UNIVERSITY NEW YORK,NY,109621210,Private-Nonprofit,48,48,81429,69,113145,40,40,111287,64,158748,33,33,243157,169,1113194,9,9,63610,11,76875,36,37,218267,78,514155
00271800,ELMIRA COLLEGE,NY,149012099,Private-Nonprofit,8,8,15232,22,24065,8,8,25159,25,46270,18,18,250700,49,278584,7,7,80035,9,83350,3,3,10697,9,21253
00272200,FORDHAM UNIVERSITY,NY,104585157,Private-Nonprofit,67,68,178743,112,194493,55,57,190502,95,199002,185,193,2132723,955,7133197,21,23,292389,43,418664,362,405,5206181,989,10540151
00272800,HAMILTON COLLEGE,NY,133231218,Private-Nonprofit,3,3,8750,4,8750,5,5,8750,10,8750,-,-, -,-, -,7,7,98615,7,98615,-,-, -,-, -
00272900,HARTWICK COLLEGE,NY,138204020,Private-Nonprofit,6,6,26000,11,28750,6,6,21500,12,25750,0,0,0,2,10800,2,2,29457,6,50522,-,-, -,-, -
00273100,HOBART AND WILLIAM SMITH COLLEGES,NY,144563397,Private-Nonprofit,-,-, -,-, -,4,4,16434,8,16434,-,-, -,-, -,7,8,56701,9,56701,-,-, -,-, -
00273200,HOFSTRA UNIVERSITY,NY,115491010,Private-Nonprofit,50,51,146613,92,172673,62,67,146189,109,176591,454,459,7947786,612,7947786,52,53,796873,62,801398,199,203,2422483,254,2422483
00273400,HOUGHTON UNIVERSITY,NY,147440128,Private-Nonprofit,11,11,42632,43,51436,11,11,53209,44,60127,5,5,62425,14,62425,-,-, -,-, -,-,-, -,-, -
00273500,HILBERT COLLEGE,NY,140751597,Private-Nonprofit,28,28,59032,53,90659,34,35,84751,58,115578,13,13,133151,21,187815,5,5,16924,5,16924,0,0,0,1,6000
00273700,IONA UNIVERSITY,NY,108011890,Private-Nonprofit,25,25,95989,43,95989,22,24,119905,42,120905,116,122,1835907,251,1835907,15,17,122779,20,122779,37,41,683245,85,683245
00273900,ITHACA COLLEGE,NY,148507000,Private-Nonprofit,13,13,36091,22,41591,16,16,42401,26,43401,88,88,1432354,194,1432354,14,14,254393,24,254393,45,45,1445658,119,1445658
00274000,JEWISH THEOLOGICAL SEMINARY OF AMERICA (THE),NY,100274649,Private-Nonprofit,-,-, -,-, -,-,-, -,-, -,2,2,14500,4,14500,-,-, -,-, -,-,-, -,-, -
00274200,JUILLIARD SCHOOL (THE),NY,100236588,Private-Nonprofit,1,1,3000,2,3000,-,-, -,-, -,-,-, -,-, -,-,-, -,-, -,-,-, -,-, -
00274400,KEUKA COLLEGE,NY,144780000,Private-Nonprofit,17,17,67618,19,70368,19,19,80059,22,80260,4,4,35209,7,62789,1,1,7021,1,7021,1,1,4616,1,4616
00274800,LE MOYNE COLLEGE,NY,132141399,Private-Nonprofit,43,44,162253,67,165003,43,43,127560,66,127560,130,131,1962640,303,2787640,11,11,57851,12,57851,94,95,2155509,206,2612508
00274900,NEW YORK COLLEGE OF PODIATRIC MEDICINE,NY,100351940,Private-Nonprofit,-,-, -,-, -,-,-, -,-, -,203,214,8159598,412,8159598,-,-, -,-, -,139,178,4607130,342,4607130
00275100,LONG ISLAND UNIVERSITY,NY,115481326,Private-Nonprofit,141,146,525768,283,527518,143,150,628245,291,628345,471,472,9992740,936,10009115,44,47,616364,94,616364,347,356,5484397,711,5500599
00275800,MANHATTAN COLLEGE,NY,104714098,Private-Nonprofit,8,8,36450,16,38159,18,18,63950,29,64844,40,43,181576,47,190854,15,15,103227,26,158880,17,17,93453,18,96911
00276000,MANHATTANVILLE COLLEGE,NY,105772132,Private-Nonprofit,34,34,150516,53,150516,44,45,253114,68,254571,117,123,1481409,209,1491409,7,7,66895,12,82240,9,10,60749,13,60749
00276300,MARIA COLLEGE,NY,122081798,Private-Nonprofit,108,116,367188,494,376355,111,122,504654,508,520258,25,25,445786,102,445786,5,5,61882,28,63988,9,9,141793,40,141793
00276500,MARIST COLLEGE,NY,126011387,Private-Nonprofit,12,12,33485,22,42647,12,12,36501,24,46751,119,120,1667058,208,2059523,8,8,55407,13,63652,98,98,1908843,180,2245666
00276900,MARYMOUNT MANHATTAN COLLEGE,NY,100214597,Private-Nonprofit,31,31,105560,51,112998,42,43,150125,69,152667,-,-, -,-, -,22,22,356955,45,398988,-,-, -,-, -
00277200,MERCY UNIVERSITY,NY,105221189,Private-Nonprofit,226,229,629842,553,856825,242,249,803417,607,1199057,204,206,2128157,751,4565261,36,42,390503,95,478838,103,111,1139545,416,3079439
00277500,MOLLOY UNIVERSITY,NY,115701100,Private-Nonprofit,61,62,239875,71,243178,57,58,226697,71,227697,88,92,736160,98,746410,29,29,207950,38,207950,11,11,81431,18,91030
00277700,MEDAILLE UNIVERSITY,NY,142142695,Private-Nonprofit,73,74,207305,138,256394,75,77,314172,144,387035,99,99,1589604,222,2142917,2,2,18122,4,18122,24,25,281315,44,328037
00277800,MOUNT SAINT MARY COLLEGE,NY,125503494,Private-Nonprofit,79,79,332493,172,327976,90,91,449331,195,432309,39,39,684443,96,670777,23,24,466858,47,480286,10,10,197435,25,197435
00277900,NAZARETH UNIVERSITY,NY,146183790,Private-Nonprofit,73,73,363158,196,363158,99,99,326998,251,326998,274,279,4684443,672,4684443,16,16,402780,33,402780,87,88,2512039,215,2512039
00278200,NEW YORK INSTITUTE OF TECHNOLOGY,NY,115688000,Private-Nonprofit,57,58,230678,93,232428,56,62,195762,99,196762,514,526,18227101,997,18227101,19,19,144324,26,151824,352,465,14040002,851,14040002
00278300,NEW YORK LAW SCHOOL,NY,100132960,Private-Nonprofit,-,-, -,-, -,-,-, -,-, -,15,18,122600,20,122600,-,-, -,-, -,49,57,377938,63,377938
00278400,NEW YORK MEDICAL COLLEGE,NY,105951600,Private-Nonprofit,-,-, -,-, -,-,-, -,-, -,468,475,15991634,1083,15991634,-,-, -,-, -,390,434,14142539,980,14142539
00278500,NEW YORK UNIVERSITY,NY,100121091,Private-Nonprofit,740,769,1995863,893,2035836,691,738,1644276,883,1708328,2183,2245,22435578,2349,22603712,421,478,7261900,544,8072570,1865,2049,25427504,2156,25599010
00278800,NIAGARA UNIVERSITY,NY,141092010,Private-Nonprofit,42,44,176819,81,176819,36,36,181170,62,181170,231,257,4172199,615,4172199,12,13,169715,23,169715,12,13,148288,26,148288
00279000,ALLIANCE UNIVERSITY,NY,100041014,Private-Nonprofit,21,21,42649,26,52649,17,18,47250,25,57100,82,99,550377,104,559377,4,4,33107,4,33107,2,2,20220,3,20220
00279100,PACE UNIVERSITY,NY,100381598,Private-Nonprofit,112,116,436173,217,588652,131,134,503921,256,707659,424,439,5045300,492,5482143,89,93,969580,109,1059668,193,212,2124667,228,2220368
00279500,PAUL SMITH'S COLLEGE OF ARTS & SCIENCES,NY,129700000,Private-Nonprofit,-,-, -,-, -,1,1,7000,1,7000,4,4,41794,6,61087,0,0,0,2,5053,-,-, -,-, -
00279800,PRATT INSTITUTE,NY,112053899,Private-Nonprofit,11,11,42666,19,49916,6,6,21500,13,25970,68,69,557742,72,557742,24,24,474891,26,474891,66,69,907570,74,913306
00280300,RENSSELAER POLYTECHNIC INSTITUTE,NY,121803590,Private-Nonprofit,363,372,1457299,617,1480764,411,418,1177965,693,1187499,8,8,97517,12,118016,56,57,967427,73,983580,1,1,60000,2,60000
00280500,ROBERTS WESLEYAN UNIVERSITY,NY,146241997,Private-Nonprofit,65,67,270272,134,308887,74,75,410795,151,470813,150,151,2399218,345,2771334,7,7,48224,7,48224,19,20,314088,41,321111
00280600,ROCHESTER INSTITUTE OF TECHNOLOGY,NY,146235608,Private-Nonprofit,772,783,3568519,2094,3594715,754,796,2217805,2136,2229858,129,131,2289387,313,2292387,38,38,605687,70,605687,13,14,236504,29,236504
00280800,DAEMEN UNIVERSITY,NY,142263592,Private-Nonprofit,13,13,34064,21,39167,13,13,39287,19,40542,18,18,236314,35,241306,0,0,0,2,8613,2,2,10105,2,10105
00281000,RUSSELL SAGE COLLEGE,NY,121804199,Private-Nonprofit,13,14,51618,22,51618,16,16,77329,26,77329,307,310,5240164,735,5240164,5,5,26259,5,26259,115,118,3092910,298,3092910
00281200,TROCAIRE COLLEGE,NY,142202094,Private-Nonprofit,97,99,279223,213,323728,106,108,410237,225,493106,-,-, -,-, -,4,4,21138,6,35227,-,-, -,-, -
00281300,SARAH LAWRENCE COLLEGE,NY,107085999,Private-Nonprofit,1,1,5500,1,5500,1,1,2000,1,2000,-,-, -,-, -,1,1,3000,1,3000,-,-, -,-, -
00281400,SKIDMORE COLLEGE,NY,128661632,Private-Nonprofit,3,3,11500,6,11500,3,3,5263,11,13507,-,-, -,-, -,-,-, -,-, -,-,-, -,-, -
00281600,SIENA COLLEGE,NY,122111462,Private-Nonprofit,8,8,29322,14,32072,7,7,14750,11,18250,2,2,23105,2,23105,25,27,291225,35,291225,2,2,10482,2,10482
00281700,ST. BONAVENTURE UNIVERSITY,NY,147782284,Private-Nonprofit,566,579,2586208,1075,2586208,716,737,2564815,1382,2564815,600,798,9175703,1222,9175703,171,234,3250537,325,3250537,109,200,2481698,219,2481698
00282000,SAINT FRANCIS COLLEGE,NY,112014398,Private-Nonprofit,35,35,134250,35,134250,25,27,51654,27,51654,-,-, -,-, -,20,20,108439,20,108439,1,1,12000,1,12000
00282100,ST. JOHN FISHER UNIVERSITY,NY,146183597,Private-Nonprofit,13,13,56803,21,54969,16,16,77617,28,77617,373,374,7996402,884,7815952,9,9,122104,15,122104,148,153,3345360,418,3337719
00282300,SAINT JOHN'S UNIVERSITY,NY,114391343,Private-Nonprofit,116,117,456404,247,470120,112,116,306153,253,315937,218,221,4334938,578,4345188,55,57,1576027,128,1610980,60,62,2205472,161,2205472
00282500,ST. JOSEPH'S UNIVERSITY NEW YORK,NY,112053688,Private-Nonprofit,79,83,313394,101,318894,62,63,246251,85,259501,146,147,2065673,301,2065673,2,2,33130,6,39055,6,6,70507,15,70507
00282900,ST. LAWRENCE UNIVERSITY,NY,136171455,Private-Nonprofit,16,16,59305,23,59305,17,17,52850,28,54602,-,-, -,-, -,11,11,153324,14,163324,-,-, -,-, -
00283200,SAINT THOMAS AQUINAS COLLEGE,NY,109761050,Private-Nonprofit,15,15,51250,31,51250,24,24,82210,49,85960,30,35,546745,83,546745,23,23,268603,43,268603,1,1,2250,4,2250
00283400,EXCELSIOR UNIVERSITY,NY,122035159,Private-Nonprofit,575,575,1965361,1669,3483423,594,602,3424416,1726,5904716,63,64,704731,235,1847552,1,1,2600,2,13082,1,1,5859,10,62931
00283500,STATE UNIVERSITY OF NEW YORK AT ALBANY,NY,122220001,Public,378,389,1221743,525,1250874,311,319,796381,479,831070,204,213,1310264,232,1318889,119,132,800692,208,845211,14,18,79303,28,79303
00283600,BINGHAMTON UNIVERSITY,NY,139026000,Public,255,264,649925,292,653425,166,172,397411,194,403661,87,90,681086,95,687500,55,59,498821,80,547458,19,19,164995,26,164995
00283700,STATE UNIVERSITY OF NEW YORK AT BUFFALO,NY,142600001,Public,457,483,1074231,596,1077358,413,429,881462,533,885962,716,735,14163096,1033,14171337,94,103,787575,120,792045,391,485,8321037,736,8324036
00283800,STATE UNIVERSITY OF NEW YORK AT STONY BROOK,NY,117940701,Public,590,629,2349546,687,2356796,440,466,1795795,532,1798795,704,725,7299817,752,7299817,53,57,348437,70,366829,80,85,477624,124,477624
00283900,STATE UNIVERSITY OF NEW YORK DOWNSTATE HEALTH SCIENCES UNIVERSITY,NY,112032098,Public,62,64,284421,143,284421,50,52,309008,114,309008,440,465,10457145,877,10478506,-,-, -,-, -,253,282,6127351,512,6135160
00284000,STATE UNIVERSITY OF NEW YORK UPSTATE MEDICAL UNIVERSITY,NY,132102375,Public,9,9,25002,46,85426,9,9,24847,41,73997,417,425,13356842,986,13429864,0,0,0,1,6350,325,338,9041757,879,9140285
00284100,SUNY COLLEGE AT BROCKPORT,NY,144202914,Public,118,121,366296,170,393467,142,146,384684,205,410959,112,114,592266,123,614560,25,27,118536,34,118536,20,20,112273,20,112273
00284200,SUNY BUFFALO STATE UNIVERSITY,NY,142221095,Public,136,138,292463,150,306188,117,121,294389,141,303913,79,82,521739,85,531989,29,29,123937,31,125937,9,12,77947,13,77947
00284300,SUNY CORTLAND,NY,130450900,Public,111,111,483950,258,488487,119,120,377753,278,387964,77,78,908521,145,908521,20,20,219874,39,225736,-,-, -,-, -
00284400,SUNY AT FREDONIA,NY,140631145,Public,68,71,178270,78,180465,40,42,96749,52,99749,39,42,209688,42,209688,23,24,112472,24,112472,-,-, -,-, -
00284500,SUNY COLLEGE AT GENESEO,NY,144541401,Public,61,67,195017,102,208718,38,39,94171,68,115969,11,12,53027,12,53027,12,12,68409,19,78409,-,-, -,-, -
00284600,STATE UNIVERSITY OF NEW YORK AT NEW PALTZ,NY,125612499,Public,112,116,419607,240,435419,121,127,441381,269,455881,70,71,957526,148,970983,15,15,125815,27,132178,1,1,11195,2,11195
00284700,STATE UNIVERSITY OF NEW YORK AT ONEONTA,NY,138204015,Public,30,30,56926,53,85570,16,16,40686,36,66318,59,59,391303,61,394309,5,5,29419,16,57950,2,2,14214,5,22722
00284800,STATE UNIVERSITY OF NEW YORK AT OSWEGO (SUNY OSWEGO),NY,131263599,Public,163,167,605889,300,641428,141,147,434381,251,478444,126,128,1781391,278,1794444,30,30,374383,102,485606,6,6,57596,11,57596
00284900,STATE UNIVERSITY OF NEW YORK AT PLATTSBURGH,NY,129012681,Public,78,80,207762,142,305392,87,89,273979,166,369239,25,27,167886,37,212806,15,15,108017,34,193827,8,8,44546,13,52159
00285000,STATE UNIVERSITY OF NEW YORK COLLEGE AT POTSDAM,NY,136762294,Public,51,51,126033,73,148896,54,56,179013,91,208691,72,75,495384,79,495384,14,17,96537,24,97052,3,3,17335,7,17335
00285100,SUNY COLLEGE OF ENVIRONMENT SCIENCE & FORESTRY,NY,132102778,Public,5,6,13848,8,13848,4,4,18397,5,18397,0,0,0,1,6330,4,5,22499,5,22499,-,-, -,-, -
00285300,SUNY MARITIME COLLEGE,NY,104654198,Public,77,79,338364,193,338364,88,98,313702,255,316452,13,14,195656,26,195656,54,56,1044762,103,1044762,6,6,126180,14,126180
00285400,SUNY COLLEGE OF TECHNOLOGY AT ALFRED,NY,148029951,Public,30,31,100493,59,100493,45,47,186238,93,186238,-,-, -,-, -,4,4,22782,5,22782,-,-, -,-, -
00285500,SUNY COLLEGE OF TECHNOLOGY AT CANTON,NY,136171098,Public,62,63,102789,93,107172,29,30,77764,40,81764,-,-, -,-, -,3,3,21260,7,21260,-,-, -,-, -
00285600,SUNY COLLEGE OF AGRICULTURE & TECHNOLOGY AT COBLESKILL,NY,120439986,Public,69,69,234022,152,235720,70,73,225314,167,226366,-,-, -,-, -,9,10,29913,20,29913,-,-, -,-, -
00285700,SUNY COLLEGE OF TECHNOLOGY AT DELHI,NY,137531190,Public,51,53,128963,75,136386,45,48,114220,71,119970,-,-, -,-, -,7,7,45010,10,56600,-,-, -,-, -
00285800,STATE UNIVERSITY OF NEW YORK AT FARMINGDALE,NY,117351021,Public,125,129,372945,304,434476,136,141,464282,340,585091,1,1,4000,2,4000,19,19,69746,42,90526,-,-, -,-, -
00285900,SUNY COLLEGE OF AGRICULTURE & TECHNOLOGY AT MORRISVILLE,NY,134080901,Public,29,29,103803,88,128777,23,23,62004,67,87281,-,-, -,-, -,6,6,74047,22,78945,-,-, -,-, -
00286000,ADIRONDACK COMMUNITY COLLEGE - SUNY OFFICE OF COMMUNITY COLLEGES,NY,128041445,Public,42,43,127413,153,131788,50,53,162508,182,165508,-,-, -,-, -,4,4,19188,10,19188,-,-, -,-, -
00286100,CAYUGA COMMUNITY COLLEGE,NY,130213099,Public,33,33,70473,85,101266,40,42,141623,105,201658,-,-, -,-, -,-,-, -,-, -,-,-, -,-, -
00286200,SUNY BROOME COMMUNITY COLLEGE,NY,139051328,Public,24,24,48197,51,55075,22,22,54739,47,63259,-,-, -,-, -,6,6,27644,11,27644,-,-, -,-, -
00286300,CORNING COMMUNITY COLLEGE - SUNY OFFICE OF COMMUNITY COLLEGES,NY,148303297,Public,51,51,76205,107,85874,42,42,106426,89,114976,-,-, -,-, -,1,1,1200,2,1200,-,-, -,-, -
00286400,DUTCHESS COMMUNITY COLLEGE,NY,126011595,Public,19,20,47744,46,63394,29,30,99197,68,129248,-,-, -,-, -,0,0,0,1,12264,-,-, -,-, -
00286600,FASHION INSTITUTE OF TECHNOLOGY,NY,100015992,Public,58,63,208153,84,208153,55,56,189905,80,189905,2,2,5985,2,5985,26,27,309535,31,309535,2,2,34074,3,34074
00286700,SUNY FULTON-MONTGOMERY COMMUNITY COLLEGE,NY,120953790,Public,18,18,59900,45,61650,22,23,99433,58,99433,-,-, -,-, -,-,-, -,-, -,-,-, -,-, -
00286800,HUDSON VALLEY COMMUNITY COLLEGE,NY,121806096,Public,50,51,125872,222,228191,41,42,132661,192,241771,-,-, -,-, -,1,1,9000,1,9000,-,-, -,-, -
00286900,JAMESTOWN COMMUNITY COLLEGE,NY,147020020,Public,11,11,22688,21,22688,10,11,20812,22,20812,-,-, -,-, -,-,-, -,-, -,-,-, -,-, -
00287000,JEFFERSON COMMUNITY COLLEGE,NY,136011897,Public,17,17,50969,35,55130,19,19,57655,47,79208,-,-, -,-, -,-,-, -,-, -,-,-, -,-, -
00287100,MOHAWK VALLEY COMMUNITY COLLEGE - SUNY OFFICE OF COMMUNITY COLLEGES,NY,135015394,Public,27,27,62162,82,62724,23,23,67308,64,67308,-,-, -,-, -,1,1,1600,4,1600,-,-, -,-, -
00287200,MONROE COMMUNITY COLLEGE,NY,146235780,Public,167,169,269456,367,342506,161,163,332703,341,383104,-,-, -,-, -,4,4,21801,8,21801,-,-, -,-, -
00287300,NASSAU COMMUNITY COLLEGE,NY,115306793,Public,58,58,137043,209,303080,50,50,143662,196,335888,-,-, -,-, -,1,1,2500,2,3750,-,-, -,-, -
00287400,NIAGARA COUNTY COMMUNITY COLLEGE,NY,141329460,Public,35,35,58947,70,58947,39,40,59385,81,61653,-,-, -,-, -,2,2,5964,4,5964,-,-, -,-, -
00287500,ONONDAGA COMMUNITY COLLEGE,NY,132154585,Public,77,78,191331,947,894673,75,77,197613,1014,1012840,-,-, -,-, -,0,0,0,10,21835,-,-, -,-, -
00287600,ORANGE COUNTY COMMUNITY COLLEGE,NY,109406441,Public,48,49,112304,81,115013,61,61,181981,102,188172,-,-, -,-, -,1,1,10416,3,10416,-,-, -,-, -
00287700,ROCKLAND COMMUNITY COLLEGE,NY,109013611,Public,85,92,226280,142,278887,76,81,209802,151,297636,-,-, -,-, -,1,1,2761,2,5761,-,-, -,-, -
00287800,SUFFOLK COUNTY COMMUNITY COLLEGE,NY,117842899,Public,48,48,92593,75,97093,66,67,144295,112,151913,-,-, -,-, -,1,1,1700,5,14464,-,-, -,-, -
00287900,SULLIVAN COUNTY COMMUNITY COLLEGE - SUNY OFFICE OF COMMUNITY COLLEGES,NY,127595151,Public,6,6,11484,13,13333,9,9,14659,19,16685,-,-, -,-, -,-,-, -,-, -,-,-, -,-, -
00288000,ULSTER COUNTY COMMUNITY COLLEGE,NY,124840557,Public,5,5,15750,10,15750,7,7,24041,15,26041,-,-, -,-, -,2,3,9000,6,9000,-,-, -,-, -
00288100,SUNY WESTCHESTER COMMUNITY COLLEGE,NY,105951698,Public,38,39,69875,73,78538,85,91,235299,170,245835,-,-, -,-, -,2,2,14500,4,14500,-,-, -,-, -
00288200,SYRACUSE UNIVERSITY,NY,132442130,Private-Nonprofit,259,261,677499,295,698055,228,231,372500,270,382783,1145,1201,10208803,1210,10208803,48,49,734457,68,734457,501,561,4807826,592,4846880
00288300,UTICA UNIVERSITY,NY,135024892,Private-Nonprofit,285,288,961372,576,963122,315,320,1631159,626,1632159,498,500,7511571,1171,7500144,25,25,442293,43,449032,50,50,1232724,115,1228525
00288500,ALBANY COLLEGE OF PHARMACY AND HEALTH SCIENCES,NY,122083492,Private-Nonprofit,18,18,93000,52,93000,21,21,86000,60,86000,117,117,3578624,230,3578624,7,8,193878,19,206378,27,28,590938,55,590938
00288600,ALBANY LAW SCHOOL OF UNION UNIVERSITY,NY,122083494,Private-Nonprofit,-,-, -,-, -,-,-, -,-, -,80,83,1506790,246,1506790,-,-, -,-, -,60,61,1672950,162,1672950
00288700,ALBANY MEDICAL COLLEGE,NY,122083479,Private-Nonprofit,-,-, -,-, -,-,-, -,-, -,55,56,1082009,207,1634117,-,-, -,-, -,64,116,1584560,330,2207437
00288900,UNION COLLEGE,NY,123082311,Private-Nonprofit,16,17,57703,49,84652,19,19,45538,63,65751,-,-, -,-, -,14,14,185660,20,267448,-,-, -,-, -
00289000,UNION THEOLOGICAL SEMINARY,NY,100275710,Private-Nonprofit,-,-, -,-, -,-,-, -,-, -,-,-, -,-, -,-,-, -,-, -,1,1,10000,2,10000
00289200,UNITED STATES MERCHANT MARINE ACADEMY,NY,110241634,Public,2,2,7000,6,7000,-,-, -,-, -,-,-, -,-, -,-,-, -,-, -,-,-, -,-, -
00289400,UNIVERSITY OF ROCHESTER,NY,146279000,Private-Nonprofit,51,53,168936,139,343334,53,57,214853,145,411916,64,70,584695,108,804317,20,23,278815,28,278815,49,55,431333,68,492494
00289500,VASSAR COLLEGE,NY,126040008,Private-Nonprofit,1,1,3000,2,3000,6,6,18500,12,19204,-,-, -,-, -,2,2,24081,2,24081,-,-, -,-, -
00289600,VILLA MARIA COLLEGE OF BUFFALO,NY,142253999,Private-Nonprofit,8,8,25879,22,30150,7,7,16740,15,16740,-,-, -,-, -,2,2,5360,4,5360,-,-, -,-, -
00289900,WAGNER COLLEGE,NY,103014495,Private-Nonprofit,47,47,193178,88,193178,47,48,249851,88,249851,9,9,102220,19,102220,16,17,352804,38,412289,3,3,30251,7,35565
00290100,WELLS COLLEGE,NY,130260500,Private-Nonprofit,0,0,0,1,1750,2,2,6757,4,7757,-,-, -,-, -,1,1,1747,1,1747,-,-, -,-, -
00290300,YESHIVA UNIVERSITY,NY,100333201,Private-Nonprofit,38,38,128755,60,128755,43,45,129058,74,129058,477,518,8759665,1546,8759665,22,22,197362,32,197362,285,316,6636070,967,6636070
00290500,NORTH CAROLINA AGRICULTURAL AND TECHNICAL STATE UNIVERSITY,NC,274110001,Public,40,42,117469,88,126202,89,92,182037,184,198088,49,52,128905,102,128905,54,58,250473,119,267419,7,7,30038,17,36038
00290600,APPALACHIAN STATE UNIVERSITY,NC,286080001,Public,185,195,348428,301,349428,253,254,471958,382,471958,243,255,863406,357,863406,63,71,271308,110,278909,58,61,285365,89,285365
00290700,UNIVERSITY OF NORTH CAROLINA  ASHEVILLE,NC,288048503,Public,14,14,46017,27,55635,21,23,46673,30,59437,-,-, -,-, -,2,2,41344,4,47344,-,-, -,-, -
00290800,BARTON COLLEGE,NC,278933104,Private-Nonprofit,18,18,53944,48,89887,13,13,35085,44,91252,8,8,48505,20,103227,5,5,26431,10,32737,-,-, -,-, -
00291000,BELMONT ABBEY COLLEGE,NC,280121802,Private-Nonprofit,11,11,28713,13,28713,14,14,28569,15,28569,4,4,55480,8,55480,6,6,24246,6,24246,-,-, -,-, -
00291100,BENNETT COLLEGE,NC,274013239,Private-Nonprofit,0,0,0,3,7250,0,0,0,5,9750,-,-, -,-, -,0,0,0,1,7187,-,-, -,-, -
00291200,BREVARD COLLEGE,NC,287123306,Private-Nonprofit,2,2,4500,2,4500,1,1,1000,1,1000,-,-, -,-, -,1,1,5000,1,5000,-,-, -,-, -
00291300,CAMPBELL UNIVERSITY,NC,275060036,Private-Nonprofit,77,77,205946,106,205946,62,65,159395,95,162395,285,292,11424738,539,11430588,36,37,228358,47,228358,538,607,13897085,874,13902682
00291400,CATAWBA COLLEGE,NC,281442488,Private-Nonprofit,12,12,9762,13,9762,9,9,12786,11,12786,15,15,67318,15,67318,3,3,11261,3,11261,-,-, -,-, -
00291600,CHOWAN UNIVERSITY,NC,278551850,Private-Nonprofit,31,32,53850,64,53850,25,28,66993,56,66993,31,31,140383,62,140383,10,11,92231,22,92231,-,-, -,-, -
00291800,DAVIDSON COLLEGE,NC,280350000,Private-Nonprofit,3,3,6534,4,6534,4,5,16962,9,16962,-,-, -,-, -,3,3,66374,4,66374,-,-, -,-, -
00291900,DAVIDSON-DAVIE COMMUNITY COLLEGE,NC,273600000,Public,70,70,173984,208,314254,56,59,153018,189,345827,-,-, -,-, -,1,1,5000,2,5000,-,-, -,-, -
00292000,DUKE UNIVERSITY,NC,277080397,Private-Nonprofit,23,24,53559,143,263905,21,22,45436,126,252002,456,495,5867303,1545,11267096,5,6,53281,8,76700,795,954,9852794,1245,10960517
00292300,EAST CAROLINA UNIVERSITY,NC,278581818,Public,508,509,858075,518,858075,370,372,717088,383,717088,348,358,1836384,487,3436792,80,82,500170,87,500170,96,109,598532,154,766412
00292600,ELIZABETH CITY STATE UNIVERSITY,NC,279097806,Public,105,106,159442,211,159442,58,58,108931,114,109571,18,19,66701,37,66701,4,5,16388,9,16388,-,-, -,-, -
00292700,ELON UNIVERSITY,NC,272442010,Private-Nonprofit,15,15,43493,19,43493,23,24,57843,32,57843,18,21,213238,176,1709738,16,16,110782,17,110782,85,88,882106,268,3327499
00292800,FAYETTEVILLE STATE UNIVERSITY,NC,283014298,Public,255,255,442110,510,442110,315,319,557511,637,557511,117,119,434455,238,434455,10,10,32511,20,32511,6,6,31290,13,31290
00292900,GARDNER - WEBB UNIVERSITY,NC,280170000,Private-Nonprofit,22,22,49032,207,395255,22,22,72757,202,515646,33,33,231368,623,4093779,3,3,16246,5,29791,19,19,123042,89,797445
00293000,GREENSBORO COLLEGE,NC,274011875,Private-Nonprofit,31,31,81051,61,81051,24,24,74159,48,74159,2,2,6198,4,6198,2,2,11800,4,11800,-,-, -,-, -
00293100,GUILFORD COLLEGE,NC,274104171,Private-Nonprofit,16,17,66081,33,66081,17,17,66249,33,67249,-,-, -,-, -,3,3,14750,4,14750,-,-, -,-, -
00293300,HIGH POINT UNIVERSITY,NC,272682726,Private-Nonprofit,15,15,41261,16,41261,21,21,67130,24,70380,271,275,3030767,422,4018765,29,29,229228,30,247950,210,214,2622596,297,4003204
00293600,JOHNSON C. SMITH UNIVERSITY,NC,282165398,Private-Nonprofit,19,19,68233,146,217892,15,15,41525,150,243011,7,7,71750,14,71750,2,2,14944,12,45513,-,-, -,-, -
00293900,LEES-MCRAE COLLEGE,NC,286040000,Private-Nonprofit,11,11,14345,11,14345,3,3,3805,3,3805,-,-, -,-, -,8,8,26300,8,26300,-,-, -,-, -
00294100,LENOIR-RHYNE UNIVERSITY,NC,286013984,Private-Nonprofit,12,12,38293,17,41793,16,18,74229,26,80229,172,172,2873299,428,2873299,13,13,140899,24,140899,30,32,397324,75,397324
00294200,LIVINGSTONE COLLEGE,NC,281445298,Private-Nonprofit,71,71,301819,198,437319,62,76,239083,235,393538,-,-, -,-, -,13,13,150833,38,200017,-,-, -,-, -
00294300,LOUISBURG COLLEGE,NC,275492398,Private-Nonprofit,2,2,3500,4,3500,3,4,8000,8,8000,-,-, -,-, -,2,2,15296,5,19814,-,-, -,-, -
00294400,MARS HILL UNIVERSITY,NC,287540000,Private-Nonprofit,13,14,54474,36,54474,19,20,105829,47,105829,15,16,216517,38,216517,6,6,56057,12,56057,-,-, -,-, -
00294500,MEREDITH COLLEGE,NC,276075298,Private-Nonprofit,40,41,78747,45,78747,24,26,104990,30,104990,29,29,176439,29,176439,18,18,72331,21,72331,6,6,29928,7,29928
00294600,METHODIST UNIVERSITY,NC,283111420,Private-Nonprofit,43,43,79821,57,80946,29,30,67767,41,73017,17,17,81272,209,1327878,7,7,39295,9,39295,9,9,62853,188,2506699
00294800,MONTREAT COLLEGE,NC,287571267,Private-Nonprofit,23,23,72364,212,199002,21,21,98348,193,248897,10,10,76151,155,492579,3,3,20618,8,29148,-,-, -,-, -
00294900,UNIVERSITY OF MOUNT OLIVE,NC,283651299,Private-Nonprofit,148,156,430510,557,1017738,175,184,581894,653,1468822,9,9,69222,111,745053,4,6,17083,7,19283,0,0,0,2,3496
00295000,NORTH CAROLINA CENTRAL UNIVERSITY,NC,277073198,Public,309,313,398898,618,398898,171,176,296870,340,296870,90,92,449917,182,449917,54,55,120959,106,120959,285,288,1734035,571,1734035
00295100,NORTH CAROLINA WESLEYAN UNIVERSITY,NC,278048699,Private-Nonprofit,112,121,384639,372,552865,111,117,477815,382,723803,28,30,288583,102,634905,7,7,36015,11,59700,1,1,5887,3,11060
00295300,WILLIAM PEACE UNIVERSITY,NC,276041194,Private-Nonprofit,17,17,55824,48,88756,22,22,71226,48,106053,-,-, -,-, -,4,4,55941,7,58447,-,-, -,-, -
00295400,UNIVERSITY OF NORTH CAROLINA AT PEMBROKE,NC,283721510,Public,102,104,206862,185,208612,141,146,387424,269,410921,211,214,1063654,998,2655321,5,5,28039,9,28039,14,15,70812,37,100346
00295500,PFEIFFER UNIVERSITY,NC,281090000,Private-Nonprofit,3,3,6750,22,27981,6,7,11750,17,23959,12,12,87329,204,1307395,1,1,18000,2,18000,4,4,44160,93,1409403
00295600,CAROLINA UNIVERSITY,NC,271015025,Private-Nonprofit,5,5,10800,25,32066,7,8,18500,35,61900,6,6,41704,71,346500,3,3,19365,5,22767,3,3,13527,19,116876
00295700,QUEENS UNIVERSITY OF CHARLOTTE,NC,282740001,Private-Nonprofit,31,31,135697,34,135697,35,35,215460,40,215460,32,32,330839,334,1437537,15,15,149992,17,149992,5,5,37144,22,122306
00296000,SALEM COLLEGE,NC,271015376,Private-Nonprofit,3,3,10061,10,12097,4,4,9231,10,16079,9,9,28996,47,200502,1,1,5426,1,5426,1,1,3389,1,3389
00296200,SHAW UNIVERSITY,NC,276012393,Private-Nonprofit,49,49,130131,99,131881,54,56,138334,116,144554,8,8,44888,17,53638,14,14,80843,37,95068,-,-, -,-, -
00296800,SAINT AUGUSTINE'S UNIVERSITY,NC,276102298,Private-Nonprofit,25,25,88928,54,102678,32,32,86111,63,95361,-,-, -,-, -,2,2,25500,4,25500,-,-, -,-, -
00297200,NORTH CAROLINA STATE UNIVERSITY,NC,276957001,Public,430,441,861317,554,861317,166,173,330963,221,334713,268,280,1953937,304,1966603,47,48,283358,62,287509,72,81,645683,102,646433
00297400,UNIVERSITY OF NORTH CAROLINA - CHAPEL HILL,NC,275999100,Public,512,544,1389344,798,1440108,267,284,727386,436,784863,886,977,13115683,1431,13150545,18,20,123467,36,128437,789,901,8836775,1124,8849648
00297500,UNIVERSITY OF NORTH CAROLINA - CHARLOTTE,NC,282230001,Public,295,307,664779,343,664779,223,233,571119,267,571119,275,284,1750535,292,1750535,75,81,472759,88,472759,89,92,706147,94,706147
00297600,UNIVERSITY OF NORTH CAROLINA -GREENSBORO,NC,274120001,Public,359,359,551613,366,551613,319,327,625691,339,625691,252,257,1097250,262,1097250,41,47,151226,54,151226,31,32,186693,33,186693
00297800,WAKE FOREST UNIVERSITY,NC,271097246,Private-Nonprofit,22,22,66426,24,66426,9,9,19004,11,19004,516,533,13360501,1547,16206186,4,4,50441,6,50441,392,431,12789410,1224,15182416
00297900,WARREN WILSON COLLEGE,NC,287782099,Private-Nonprofit,1,1,2250,1,2250,1,1,3000,1,3000,15,15,196695,24,196695,-,-, -,-, -,-,-, -,-, -
00298100,WESTERN CAROLINA UNIVERSITY,NC,287239731,Public,94,95,162633,104,170133,121,122,205094,139,214030,166,166,487221,169,503471,4,4,10448,4,10448,53,56,303208,57,303208
00298400,UNIVERSITY OF NORTH CAROLINA AT WILMINGTON (THE),NC,284033297,Public,189,195,406246,285,407529,214,220,532048,315,538264,379,393,1980697,671,1980697,35,39,187388,45,187388,50,53,345106,79,345106
00298500,WINGATE UNIVERSITY,NC,281740159,Private-Nonprofit,14,14,44052,21,44052,37,39,128350,62,128350,85,85,2113941,458,3866335,28,28,227813,47,245206,69,72,1612834,412,3677544
00298600,WINSTON-SALEM STATE UNIVERSITY,NC,271100001,Public,150,152,235314,328,292616,98,104,193880,228,257138,60,62,312886,157,588131,10,10,71862,21,81488,3,4,18725,9,25025
00298800,BISMARCK STATE COLLEGE,ND,585011299,Public,63,63,98051,63,98051,56,57,114676,58,114676,-,-, -,-, -,-,-, -,-, -,-,-, -,-, -
00298900,DICKINSON STATE UNIVERSITY,ND,586014896,Public,44,45,87850,47,87850,23,24,46807,24,46807,8,8,33872,8,33872,1,1,5694,1,5694,-,-, -,-, -
00299000,UNIVERSITY OF JAMESTOWN,ND,584053401,Private-Nonprofit,6,6,17199,22,40449,10,10,14489,25,50510,17,17,89901,100,627540,3,4,13797,6,24853,3,3,9800,23,140543
00299100,LAKE REGION STATE COLLEGE,ND,583011598,Public,36,36,53253,37,53253,35,36,76131,36,76131,-,-, -,-, -,1,1,4284,1,4284,-,-, -,-, -
00299200,UNIVERSITY OF MARY,ND,585049652,Private-Nonprofit,118,119,475457,408,628031,130,130,620044,437,803133,280,284,4525300,852,6010099,6,6,45455,10,45455,24,25,280536,44,300976
00299300,MAYVILLE STATE UNIVERSITY,ND,582571299,Public,33,33,79056,33,79056,36,37,74467,37,74467,7,7,28652,7,28652,-,-, -,-, -,-,-, -,-, -
00299400,MINOT STATE UNIVERSITY,ND,587070001,Public,58,58,113920,58,113920,52,52,109945,53,109945,17,17,80548,17,80548,-,-, -,-, -,-,-, -,-, -
00299500,DAKOTA COLLEGE AT BOTTINEAU,ND,583181159,Public,17,17,24242,34,24242,15,15,20529,31,21028,-,-, -,-, -,-,-, -,-, -,-,-, -,-, -
00299600,NORTH DAKOTA STATE COLLEGE OF SCIENCE,ND,580760002,Public,58,59,75742,60,75742,31,31,66887,36,66887,-,-, -,-, -,4,4,11852,4,11852,-,-, -,-, -
00299700,NORTH DAKOTA STATE UNIVERSITY - FARGO,ND,581020000,Public,220,225,530759,235,530759,107,110,285176,130,288426,149,153,976873,154,976873,12,12,71027,12,71027,4,4,37364,4,37364
00300500,UNIVERSITY OF NORTH DAKOTA,ND,582028193,Public,346,348,665076,364,666826,178,184,564801,211,565801,404,417,2803306,421,2813906,34,36,358240,41,362240,188,206,1781047,226,1781047
00300700,WILLISTON STATE COLLEGE,ND,588014464,Public,17,17,40493,34,42743,7,7,10896,14,10896,-,-, -,-, -,-,-, -,-, -,-,-, -,-, -
00300800,VALLEY CITY STATE UNIVERSITY,ND,580720000,Public,47,47,74948,47,74948,19,19,42435,19,42435,14,14,49690,14,49690,2,2,3200,2,3200,-,-, -,-, -
00301000,ANTIOCH UNIVERSITY,OH,453871608,Private-Nonprofit,76,80,204014,186,244010,77,79,289922,182,350133,821,823,9763452,1468,11552558,1,1,8151,2,8151,238,251,3303649,488,3981013
00301100,ART ACADEMY OF CINCINNATI,OH,452027106,Private-Nonprofit,1,1,4500,4,9875,0,0,0,2,5500,1,1,10500,2,10500,1,1,6171,2,6171,-,-, -,-, -
00301200,ASHLAND UNIVERSITY,OH,448053799,Private-Nonprofit,82,83,219835,111,230352,100,105,376050,135,396782,252,258,1649884,274,1649884,9,9,77914,11,77914,36,39,376501,41,376501
00301400,BALDWIN WALLACE UNIVERSITY,OH,440172088,Private-Nonprofit,110,112,497823,269,497823,106,111,436854,268,436854,157,160,2834497,419,2834497,8,8,56864,10,56864,74,74,2048139,188,2048139
00301600,BLUFFTON UNIVERSITY,OH,458172104,Private-Nonprofit,7,7,30455,10,30455,8,8,22465,11,22465,6,6,46611,10,46611,2,2,9300,2,9300,-,-, -,-, -
00301800,BOWLING GREEN STATE UNIVERSITY,OH,434030001,Public,540,544,1018684,548,1018684,550,570,1015651,576,1016778,434,440,3083651,446,3087907,94,95,1506194,174,1506194,28,28,370953,62,370953
00302300,CAPITAL UNIVERSITY,OH,432092394,Private-Nonprofit,76,76,335125,200,335125,95,96,483636,258,484478,126,126,2241637,323,2260477,14,14,148408,26,150928,66,66,1815219,183,1827682
00302400,CASE WESTERN RESERVE UNIVERSITY,OH,441067049,Private-Nonprofit,53,53,240265,141,240265,58,59,196354,153,196354,961,1220,22119596,2641,22959005,19,19,193588,23,193588,640,720,13082608,1076,13105482
00302500,CEDARVILLE UNIVERSITY,OH,453148564,Private-Nonprofit,36,37,108581,48,112081,27,27,67155,36,69655,88,89,2019781,229,2019781,25,25,171498,25,171498,45,45,686236,112,686236
00302600,CENTRAL STATE UNIVERSITY,OH,453841004,Public,42,42,132645,80,141518,42,42,114533,77,118533,-,-, -,-, -,2,2,27384,7,36513,-,-, -,-, -
00303000,OHIO CHRISTIAN UNIVERSITY,OH,431139487,Private-Nonprofit,108,108,223157,218,230907,127,129,332801,261,336801,47,47,326276,94,326276,1,1,3574,3,13561,-,-, -,-, -
00303100,CLEVELAND INSTITUTE OF MUSIC (THE),OH,441061776,Private-Nonprofit,1,1,5500,2,5500,1,1,1000,2,1000,-,-, -,-, -,-,-, -,-, -,1,1,3686,2,3686
00303200,CLEVELAND STATE UNIVERSITY,OH,441152214,Public,167,171,504365,220,567282,151,155,498368,212,588093,150,153,1166318,205,1553801,21,23,180978,25,184879,130,139,1359332,145,1374653
00303300,MOUNT ST. JOSEPH UNIVERSITY,OH,452331670,Private-Nonprofit,41,42,173345,95,175097,44,46,159152,106,162155,245,248,3878363,442,3878363,8,8,84176,18,84398,69,71,556474,105,556474
00303500,OHIO DOMINICAN UNIVERSITY,OH,432192099,Private-Nonprofit,23,23,81518,44,81518,36,36,135620,72,135620,121,121,1909554,264,1909554,5,5,31383,7,31383,64,65,1091454,122,1091454
00303600,FRANCISCAN UNIVERSITY OF STEUBENVILLE,OH,439521763,Private-Nonprofit,74,75,234166,140,238415,77,79,303125,154,305971,73,75,996373,144,996373,18,19,164778,24,164778,4,5,49210,11,49210
00303700,COLLEGE OF WOOSTER (THE),OH,446912363,Private-Nonprofit,2,2,11000,6,12000,4,4,10062,12,19062,-,-, -,-, -,4,4,34049,7,35093,-,-, -,-, -
00303900,COLUMBUS COLLEGE OF ART & DESIGN,OH,432151758,Private-Nonprofit,1,1,4500,2,4500,3,3,10500,5,10500,1,1,20500,2,20500,-,-, -,-, -,-,-, -,-, -
00304000,CUYAHOGA COMMUNITY COLLEGE,OH,441152878,Public,253,262,448356,789,831209,251,269,446350,814,895175,-,-, -,-, -,-,-, -,-, -,-,-, -,-, -
00304100,DEFIANCE COLLEGE,OH,435121695,Private-Nonprofit,6,6,24080,12,24080,7,11,38673,26,40673,3,3,47834,8,54972,-,-, -,-, -,-,-, -,-, -
00304200,DENISON UNIVERSITY,OH,430231329,Private-Nonprofit,-,-, -,-, -,2,2,4000,3,4000,-,-, -,-, -,1,1,11155,1,11155,-,-, -,-, -
00304500,UNIVERSITY OF FINDLAY (THE),OH,458403695,Private-Nonprofit,19,20,56246,52,78166,43,44,104361,101,123158,63,67,464571,362,2165556,10,10,72032,20,137454,12,13,68420,164,722705
00304600,FRANKLIN UNIVERSITY,OH,432155399,Private-Nonprofit,997,1047,3578371,4570,3592996,1000,1037,5205758,4501,5232012,736,769,11086456,3534,11130821,7,7,75675,29,75675,107,115,1959732,540,1964987
00304800,HEIDELBERG UNIVERSITY,OH,448832462,Private-Nonprofit,7,7,32456,21,36956,9,9,28211,25,30211,26,29,167552,29,167552,1,1,10724,4,17739,1,1,6400,2,6400
00304900,HIRAM COLLEGE,OH,442341808,Private-Nonprofit,13,14,43364,28,53866,15,15,44542,32,63210,0,0,0,1,6832,8,8,42392,11,42392,-,-, -,-, -
00305000,JOHN CARROLL UNIVERSITY,OH,441184581,Private-Nonprofit,17,17,52758,29,57518,22,22,69959,36,71021,78,78,950746,135,955246,11,11,82877,16,101663,17,17,191167,34,191167
00305100,KENT STATE UNIVERSITY,OH,442420001,Public,1215,1254,4863708,2910,4696392,1290,1335,5810371,3074,5546454,831,864,14857702,2136,15271185,129,143,940645,147,940645,167,252,3573329,575,3882377
00306500,KENYON COLLEGE,OH,430229623,Private-Nonprofit,1,1,3500,2,3500,1,1,2000,2,2000,-,-, -,-, -,-,-, -,-, -,-,-, -,-, -
00306600,LAKE ERIE COLLEGE,OH,440773389,Private-Nonprofit,11,11,51750,21,51750,12,13,50672,25,50672,78,78,1266424,177,1266424,2,2,14201,3,14201,45,46,1347296,104,1347296
00306800,LORAIN COUNTY COMMUNITY COLLEGE,OH,440351691,Public,168,172,520069,657,621487,192,197,868847,739,998700,-,-, -,-, -,2,2,22368,8,24613,-,-, -,-, -
00306900,LOURDES UNIVERSITY,OH,435602898,Private-Nonprofit,42,46,145113,97,150488,49,57,171859,121,177958,67,71,1103499,159,1103499,11,12,168156,26,168156,39,40,830205,98,830205
00307200,MALONE UNIVERSITY,OH,447093897,Private-Nonprofit,31,31,120035,68,120035,33,34,171098,68,171098,105,105,1573107,236,1573107,3,3,36627,5,36627,6,6,43111,13,43111
00307300,MARIETTA COLLEGE,OH,457504033,Private-Nonprofit,1,1,2733,2,2733,0,0,0,1,192,31,31,600361,59,600361,1,1,4672,4,11508,28,30,1133389,57,1133389
00307500,METHODIST THEOLOGICAL SCHOOL IN OHIO,OH,430153211,Private-Nonprofit,-,-, -,-, -,-,-, -,-, -,0,0,0,1,2000,-,-, -,-, -,-,-, -,-, -
00307700,MIAMI UNIVERSITY,OH,450561831,Public,163,167,363525,205,368025,144,151,411875,225,413875,111,118,934289,122,934289,28,30,223499,37,238828,12,12,114493,14,114493
00307800,WRIGHT STATE UNIVERSITY,OH,454350002,Public,562,585,2254805,1424,2254805,572,600,2513991,1447,2513991,625,667,17623835,1486,17623835,42,47,506489,102,506489,408,584,7586335,1185,7586335
00308300,UNIVERSITY OF MOUNT UNION,OH,446013993,Private-Nonprofit,25,26,97022,43,97022,26,27,73306,45,73306,172,173,3043943,432,3043943,15,15,124721,22,124721,90,90,3115696,256,3115696
00308400,MUSKINGUM UNIVERSITY,OH,437621837,Private-Nonprofit,73,86,278549,130,278549,69,77,391199,123,391199,173,240,2497859,240,2497859,2,2,11211,2,11211,20,22,334876,22,334876
00308500,NOTRE DAME COLLEGE OF OHIO,OH,441214293,Private-Nonprofit,85,86,330804,193,323057,101,103,562097,234,540922,37,37,591998,71,482085,1,1,4293,1,4293,3,3,38949,8,29236
00308600,OBERLIN COLLEGE,OH,440741090,Private-Nonprofit,1,1,1818,3,2618,-,-, -,-, -,-,-, -,-, -,-,-, -,-, -,-,-, -,-, -
00308900,OHIO NORTHERN UNIVERSITY,OH,458101555,Private-Nonprofit,14,15,58884,33,58884,18,18,49216,38,49216,99,100,2587451,226,2587451,13,14,119448,19,119448,40,45,633967,86,633967
00309000,OHIO STATE UNIVERSITY (THE),OH,432011601,Public,1509,1605,6289629,4030,6291344,1588,1730,6355155,4407,6360655,2052,2150,57805365,5949,57816979,140,145,2130369,322,2147287,885,971,19238356,2752,19300682
00310000,OHIO UNIVERSITY,OH,457012979,Public,1002,1036,3949543,2361,3951293,926,972,4019325,2269,4021201,1818,1890,39013559,4599,39013559,111,121,1585717,226,1622363,454,538,14158573,1425,14158573
00310900,OHIO WESLEYAN UNIVERSITY,OH,430152398,Private-Nonprofit,2,2,4404,3,6654,3,3,9500,5,10500,-,-, -,-, -,6,6,28010,6,28010,-,-, -,-, -
00311000,OTTERBEIN UNIVERSITY,OH,430812006,Private-Nonprofit,68,74,265296,171,267046,62,70,227003,179,228003,117,119,2105290,324,2105290,4,5,71956,12,71956,49,53,2012585,147,2012585
00311400,FIRELANDS REGIONAL MEDICAL CENTER,OH,448704788,Private-Nonprofit,13,14,66499,37,66499,12,13,74050,33,74050,-,-, -,-, -,-,-, -,-, -,-,-, -,-, -
00311600,UNIVERSITY OF RIO GRANDE,OH,456743131,Private-Nonprofit,131,131,350853,296,445555,183,183,644435,404,782586,1,1,9196,2,9196,1,1,1774,11,49136,-,-, -,-, -
00311900,SINCLAIR COMMUNITY COLLEGE,OH,454021460,Public,687,706,1162087,1401,1169807,606,614,1214771,1217,1228601,-,-, -,-, -,2,2,7166,4,7166,-,-, -,-, -
00312100,TIFFIN UNIVERSITY,OH,448832161,Private-Nonprofit,181,194,680271,361,682521,192,201,834701,381,835860,245,264,3153865,483,3153865,14,15,113652,19,113652,14,15,182466,34,182466
00312200,UNITED THEOLOGICAL SEMINARY,OH,454262308,Private-Nonprofit,-,-, -,-, -,1,1,8951,2,8951,13,13,145878,22,151821,-,-, -,-, -,2,2,37000,4,37000
00312300,UNIVERSITY OF AKRON (THE),OH,443254702,Public,247,258,730803,279,737053,158,165,453082,185,454957,227,247,1384242,248,1384242,37,38,249902,43,266674,41,42,439405,42,439405
00312500,UNIVERSITY OF CINCINNATI,OH,452210125,Public,1785,1868,4059734,2268,4440101,1694,1783,4011509,2142,4502826,651,685,6040165,2044,16668409,163,183,1326571,257,1785526,587,689,5144842,1201,7684098
00312700,UNIVERSITY OF DAYTON,OH,454691668,Private-Nonprofit,32,32,108797,46,108797,39,39,133451,59,139676,246,248,1545422,590,3677273,39,41,284506,43,289856,179,179,2387846,338,2903157
00313100,UNIVERSITY OF TOLEDO,OH,436063390,Public,577,600,2147876,1261,2153207,622,657,2454070,1355,2457039,759,1044,20148576,2817,20148576,108,123,1458949,278,1458949,428,610,9743986,1668,9743986
00313400,URSULINE COLLEGE,OH,441244398,Private-Nonprofit,78,78,355639,151,378891,89,91,514888,165,555200,68,71,1086263,184,1505296,4,4,30654,5,44654,11,15,113811,22,137680
00313500,WALSH UNIVERSITY,OH,447203396,Private-Nonprofit,97,102,350987,224,350987,98,105,575896,243,575896,348,360,5955928,851,5955928,10,10,99388,19,99388,51,66,892323,170,892323
00314100,WILBERFORCE UNIVERSITY,OH,453841001,Private-Nonprofit,5,5,14250,14,18000,4,4,12762,15,23160,0,0,0,2,9900,2,2,11000,4,11000,-,-, -,-, -
00314200,WILMINGTON COLLEGE,OH,451772499,Private-Nonprofit,34,37,114700,64,116618,35,36,141271,61,141979,10,10,189500,28,189500,5,5,46012,9,46012,-,-, -,-, -
00314300,WITTENBERG UNIVERSITY,OH,455012199,Private-Nonprofit,9,9,30583,16,33333,14,14,52127,22,53127,1,1,10000,3,10000,6,6,64635,12,68285,-,-, -,-, -
00314400,XAVIER UNIVERSITY,OH,452071035,Private-Nonprofit,221,221,838073,437,838073,253,254,1392191,508,1392191,259,270,4600416,658,4600416,46,48,877062,83,877062,37,40,665635,94,665635
00314500,YOUNGSTOWN STATE UNIVERSITY,OH,445550001,Public,250,258,730202,275,730202,158,168,391249,181,391249,517,519,2955616,521,2955616,29,30,189168,32,189168,69,71,564242,71,564242
00314600,WESTERN OKLAHOMA STATE COLLEGE,OK,735211397,Public,13,15,21742,30,21742,9,10,14753,20,14753,-,-, -,-, -,-,-, -,-, -,-,-, -,-, -
00314700,BACONE COLLEGE,OK,744031597,Private-Nonprofit,8,8,19162,15,21374,7,7,19976,11,19976,-,-, -,-, -,-,-, -,-, -,-,-, -,-, -
00314900,SOUTHERN NAZARENE UNIVERSITY,OK,730082694,Private-Nonprofit,89,90,208212,109,245482,87,88,276725,109,343726,33,33,212798,35,225280,2,2,15981,3,15981,6,6,37689,7,44099
00315000,CAMERON UNIVERSITY,OK,735056377,Public,85,87,178419,169,178419,70,71,155491,139,158491,29,29,152172,58,152172,1,1,3008,2,3008,-,-, -,-, -
00315100,OKLAHOMA WESLEYAN UNIVERSITY,OK,740066299,Private-Nonprofit,31,35,56956,97,138652,28,33,98024,91,211519,4,4,38322,35,209482,2,2,6164,3,9464,0,0,0,1,4468
00315200,UNIVERSITY OF CENTRAL OKLAHOMA,OK,730345209,Public,270,274,651071,314,658024,217,221,608264,249,624718,68,71,425499,73,425499,26,27,147526,30,147526,10,10,70891,11,70891
00315300,CONNORS STATE COLLEGE,OK,744692204,Public,14,14,35271,28,37321,16,16,46992,38,55753,-,-, -,-, -,0,0,0,2,5805,-,-, -,-, -
00315400,EAST CENTRAL UNIVERSITY,OK,748206999,Public,71,73,180641,98,181892,59,64,186493,87,186493,65,69,473950,79,473950,8,8,37051,10,37051,-,-, -,-, -
00315500,EASTERN OKLAHOMA STATE COLLEGE,OK,745784999,Public,24,24,60466,63,91141,22,22,43300,49,58157,-,-, -,-, -,-,-, -,-, -,-,-, -,-, -
00315600,REDLANDS COMMUNITY COLLEGE,OK,730365304,Public,12,12,20509,38,39743,12,12,21480,33,39404,-,-, -,-, -,2,2,3970,4,3970,-,-, -,-, -
00315700,LANGSTON UNIVERSITY,OK,730500000,Public,71,74,192494,169,240534,65,68,173894,151,225147,37,37,167467,76,182217,40,40,369431,77,369431,15,15,58266,29,58266
00315800,MURRAY STATE COLLEGE,OK,734603137,Public,21,21,60771,41,65771,28,28,117969,56,123335,-,-, -,-, -,2,2,9647,4,9647,-,-, -,-, -
00316000,NORTHEASTERN OKLAHOMA A & M COLLEGE,OK,743546497,Public,49,49,142136,104,155138,47,49,129592,103,141839,-,-, -,-, -,5,5,31800,11,38200,-,-, -,-, -
00316100,NORTHEASTERN STATE UNIVERSITY,OK,744642399,Public,175,176,399294,192,407284,159,160,388087,181,393143,184,188,750971,198,766284,13,13,43498,14,43498,74,75,739105,77,739105
00316200,NORTHERN OKLAHOMA COLLEGE,OK,746530310,Public,47,47,119025,97,121983,52,52,128015,107,132759,-,-, -,-, -,6,6,21203,13,26620,-,-, -,-, -
00316300,NORTHWESTERN OKLAHOMA STATE UNIVERSITY,OK,737172799,Public,69,72,130155,72,130155,54,56,110722,57,114472,41,41,159699,41,159699,9,9,31397,9,31397,-,-, -,-, -
00316400,OKLAHOMA BAPTIST UNIVERSITY,OK,748012590,Private-Nonprofit,13,13,51927,36,63107,10,10,29060,28,42277,-,-, -,-, -,6,6,38317,13,61437,-,-, -,-, -
00316500,OKLAHOMA CHRISTIAN UNIVERSITY,OK,730130000,Private-Nonprofit,28,29,84608,49,86858,41,41,163358,82,165608,10,10,82654,21,114837,5,5,33702,8,33702,-,-, -,-, -
00316600,OKLAHOMA CITY UNIVERSITY,OK,731061493,Private-Nonprofit,45,47,204554,109,204554,52,55,294517,128,294517,388,389,7296013,1059,7302077,17,18,296484,36,296484,258,264,9039436,726,9039436
00316700,UNIVERSITY OF SCIENCE & ARTS OF OKLAHOMA,OK,730185322,Public,88,91,198179,180,198179,75,79,145308,157,145308,-,-, -,-, -,4,4,12113,8,12113,-,-, -,-, -
00316800,ROGERS STATE UNIVERSITY,OK,740173252,Public,107,108,192664,195,211329,90,91,216007,163,228007,6,6,46541,10,46541,4,4,25498,9,25799,-,-, -,-, -
00317000,OKLAHOMA STATE UNIVERSITY,OK,740781026,Public,304,315,748421,338,777386,278,289,712417,312,740224,352,371,1376579,430,1765451,164,171,1127204,173,1149130,164,170,710162,194,790404
00317200,OKLAHOMA STATE UNIVERSITY INSTITUTE OF TECHNOLOGY - OKMULGEE,OK,744473901,Public,76,79,238204,501,675391,85,92,301249,515,788483,-,-, -,-, -,8,9,60650,76,401187,-,-, -,-, -
00317400,OKLAHOMA PANHANDLE STATE UNIVERSITY,OK,739390000,Public,104,106,272249,140,274517,106,110,338032,140,347732,-,-, -,-, -,4,4,20500,7,20500,-,-, -,-, -
00317600,CARL ALBERT STATE COLLEGE,OK,749535208,Public,29,29,61219,60,64719,19,19,49725,40,52975,-,-, -,-, -,-,-, -,-, -,-,-, -,-, -
00317800,SEMINOLE STATE COLLEGE,OK,748180351,Public,15,15,43096,32,46013,12,12,29757,28,35373,-,-, -,-, -,1,1,1202,2,1202,-,-, -,-, -
00317900,SOUTHEASTERN OKLAHOMA STATE UNIVERSITY,OK,747010609,Public,73,74,204653,79,216403,98,98,250109,102,259109,192,192,1035657,856,4641054,4,5,19823,5,19823,-,-, -,-, -
00318000,SOUTHWESTERN CHRISTIAN UNIVERSITY,OK,730082335,Private-Nonprofit,8,8,29565,22,41040,12,12,27743,27,35626,-,-, -,-, -,3,3,50427,6,50427,-,-, -,-, -
00318100,SOUTHWESTERN OKLAHOMA STATE UNIVERSITY,OK,730963098,Public,151,154,294846,166,298416,126,128,329951,146,335439,117,120,472348,127,502548,15,15,74341,17,74341,19,19,66613,20,66613
00318400,UNIVERSITY OF OKLAHOMA,OK,730193073,Public,425,435,1589470,800,1649972,442,450,1719472,849,1772876,1439,1471,25124319,2896,25208411,113,127,1076412,168,1136816,713,795,19648586,1654,19686086
00318500,UNIVERSITY OF TULSA (THE),OK,741049700,Private-Nonprofit,24,24,94643,26,96393,23,24,62825,28,63825,110,110,1367695,116,1403945,11,11,115543,15,139354,41,41,536669,43,543713
00318600,BLUE MOUNTAIN COMMUNITY COLLEGE,OR,978010000,Public,25,28,81773,111,142662,29,30,99249,108,179174,-,-, -,-, -,-,-, -,-, -,-,-, -,-, -
00318800,CENTRAL OREGON COMMUNITY COLLEGE,OR,977035998,Public,194,215,586045,891,1030966,184,203,722199,875,1318774,-,-, -,-, -,4,4,108776,26,188859,-,-, -,-, -
00318900,CLATSOP COMMUNITY COLLEGE,OR,971033698,Public,7,7,15417,39,52070,8,8,36730,43,87453,-,-, -,-, -,-,-, -,-, -,-,-, -,-, -
00319300,EASTERN OREGON UNIVERSITY,OR,978502807,Public,194,203,756118,564,850850,178,187,932915,551,1036139,81,81,1469366,291,1477959,11,11,143423,40,194761,24,24,315630,92,315630
00319400,GEORGE FOX UNIVERSITY,OR,971322697,Private-Nonprofit,38,39,91181,154,230474,36,38,158132,145,354415,549,566,3957146,566,3957146,10,11,51883,11,51883,189,229,2308148,232,2326814
00319600,LANE COMMUNITY COLLEGE,OR,974050640,Public,361,389,1030400,1550,1798213,104,108,410069,480,749422,-,-, -,-, -,6,6,118746,32,157757,-,-, -,-, -
00319700,LEWIS & CLARK COLLEGE,OR,972197899,Private-Nonprofit,14,14,58233,27,58233,11,11,25500,23,25500,454,474,8541874,1251,8541874,1,1,44593,3,44593,322,426,10083516,1219,10083516
00319800,LINFIELD UNIVERSITY,OR,971286894,Private-Nonprofit,84,86,345860,276,463394,82,82,417748,270,599711,9,10,104939,16,118607,8,9,171103,15,187692,-,-, -,-, -
00320300,MOUNT ANGEL SEMINARY,OR,973739700,Private-Nonprofit,-,-, -,-, -,-,-, -,-, -,1,1,7150,2,7150,-,-, -,-, -,-,-, -,-, -
00320400,MT. HOOD COMMUNITY COLLEGE,OR,970303300,Public,286,318,816688,1160,1261111,264,293,1028601,1093,1666973,-,-, -,-, -,0,0,0,3,7669,-,-, -,-, -
00320600,MULTNOMAH UNIVERSITY,OR,972205814,Private-Nonprofit,7,8,18750,8,18750,4,5,10000,5,10000,0,0,0,16,101002,3,3,16421,3,16421,0,0,0,6,58720
00320800,BUSHNELL UNIVERSITY,OR,974013727,Private-Nonprofit,18,18,63624,50,103259,20,20,97868,52,162316,47,47,645269,102,885146,1,1,7578,3,13227,3,3,29857,8,55818
00320900,WESTERN OREGON UNIVERSITY,OR,973611394,Public,234,246,834657,720,912093,230,246,946176,728,1025383,91,97,1441511,306,1519538,20,21,266747,63,279456,14,16,154047,46,154047
00321000,OREGON STATE UNIVERSITY,OR,973318507,Public,1780,1941,7038230,5905,8111093,1774,1954,8705316,5966,10028805,467,499,10400657,1747,10791243,160,173,3072014,620,3752838,154,193,3374786,678,3399789
00321100,OREGON INSTITUTE OF TECHNOLOGY,OR,976018801,Public,253,267,960705,786,1057627,276,294,1357576,868,1473250,17,18,277933,55,291601,43,43,789359,140,919932,2,3,21160,6,21160
00321200,PACIFIC UNIVERSITY,OR,971161797,Private-Nonprofit,6,6,18768,59,95425,6,6,25632,55,120686,467,472,13998390,1762,18150390,11,11,68065,14,103312,458,545,12902341,1566,15728067
00321300,PORTLAND COMMUNITY COLLEGE,OR,972197132,Public,1959,2196,5598558,7371,7962612,1589,1688,5874724,6122,8622308,-,-, -,-, -,8,10,135766,32,171831,-,-, -,-, -
00321600,PORTLAND STATE UNIVERSITY,OR,972010000,Public,267,268,873571,823,1486825,248,251,941782,776,1697922,200,200,1686208,473,2901157,26,27,213534,69,382707,74,74,513200,180,919261
00321700,REED COLLEGE,OR,972028199,Private-Nonprofit,3,3,6653,6,6653,3,3,6000,5,6000,-,-, -,-, -,-,-, -,-, -,-,-, -,-, -
00321800,CHEMEKETA COMMUNITY COLLEGE,OR,973091500,Public,435,481,1248481,1365,1405975,395,426,1421985,1213,1558900,-,-, -,-, -,-,-, -,-, -,-,-, -,-, -
00321900,SOUTHERN OREGON UNIVERSITY,OR,975205010,Public,145,151,428240,291,521153,117,122,379010,257,463973,111,115,731983,136,808417,19,21,258107,52,282902,40,40,281761,46,286145
00322000,SOUTHWESTERN OREGON COMMUNITY COLLEGE,OR,974202956,Public,55,61,163709,297,323706,52,59,187455,323,436183,-,-, -,-, -,5,5,37885,35,116337,-,-, -,-, -
00322100,TREASURE VALLEY COMMUNITY COLLEGE,OR,979143423,Public,53,53,135480,278,368937,40,40,126362,240,381658,-,-, -,-, -,1,1,64798,15,194552,-,-, -,-, -
00322200,UMPQUA COMMUNITY COLLEGE,OR,974700226,Public,34,34,56561,288,322101,13,13,31377,94,150611,-,-, -,-, -,-,-, -,-, -,-,-, -,-, -
00322300,UNIVERSITY OF OREGON,OR,974031226,Public,725,781,1473925,1118,1703429,707,760,1175733,1068,1410974,303,328,2081616,411,2258438,295,327,2486764,505,3116109,166,191,928123,242,996828
00322400,UNIVERSITY OF PORTLAND,OR,972035798,Private-Nonprofit,50,50,186895,87,186895,53,54,187782,93,187782,46,46,706188,72,706188,31,31,256552,34,256552,22,22,134417,24,134417
00322500,WARNER PACIFIC UNIVERSITY,OR,972154099,Private-Nonprofit,113,117,462817,194,468567,114,117,627846,195,634346,89,95,1498980,151,1498980,1,1,3600,1,3600,6,6,50882,9,50882
00322700,WILLAMETTE UNIVERSITY,OR,973013930,Private-Nonprofit,8,8,27153,14,29403,9,9,21250,15,22250,127,130,2202272,291,2202272,3,3,17817,5,17817,110,142,3238383,306,3238383
00322800,BRYN ATHYN COLLEGE OF THE NEW CHURCH,PA,190090717,Private-Nonprofit,21,21,74534,116,204525,24,24,73538,132,177184,2,2,41000,8,41000,10,10,133152,37,270602,-,-, -,-, -
00322900,ALBRIGHT COLLEGE,PA,196125234,Private-Nonprofit,6,6,11999,36,56266,6,6,14832,32,65803,8,8,54664,39,137961,11,11,68844,14,73344,-,-, -,-, -
00323000,ALLEGHENY COLLEGE,PA,163353902,Private-Nonprofit,5,5,9067,7,10817,7,7,18553,10,19553,-,-, -,-, -,7,8,83945,10,83945,-,-, -,-, -
00323100,COMMUNITY COLLEGE OF ALLEGHENY COUNTY,PA,152331804,Public,210,217,319929,1219,1029279,245,253,435978,1415,1478089,-,-, -,-, -,3,3,7909,24,46335,-,-, -,-, -
00323300,ALVERNIA UNIVERSITY,PA,196071799,Private-Nonprofit,80,81,189790,108,241840,101,103,351292,135,442438,85,85,668269,124,1025625,7,8,70992,10,78770,19,19,96380,22,116420
00323500,ARCADIA UNIVERSITY,PA,190383295,Private-Nonprofit,23,24,89327,53,92077,30,40,103568,90,104568,328,329,6302855,875,6541931,23,23,317311,39,317311,191,200,7583972,539,7606055
00323700,BRYN MAWR COLLEGE,PA,190102899,Private-Nonprofit,23,23,107077,42,107077,18,19,121674,36,123674,32,32,533911,59,533911,1,1,1099,1,1099,8,8,122736,16,122736
00323800,BUCKNELL UNIVERSITY,PA,178372122,Private-Nonprofit,6,6,23540,11,25040,9,9,29603,17,35893,-,-, -,-, -,5,5,155868,8,164641,-,-, -,-, -
00323900,BUCKS COUNTY COMMUNITY COLLEGE,PA,189401320,Public,41,44,70886,85,126374,56,59,139227,114,243390,-,-, -,-, -,3,3,10278,4,14778,-,-, -,-, -
00324000,BUTLER COUNTY COMMUNITY COLLEGE,PA,160031203,Public,44,45,62635,49,65135,41,41,53914,42,54514,-,-, -,-, -,-,-, -,-, -,-,-, -,-, -
00324100,CABRINI UNIVERSITY,PA,190873698,Private-Nonprofit,10,10,35500,19,45000,15,15,55692,31,68105,33,33,365225,86,719695,7,7,78509,16,93691,2,2,12510,6,23754
00324200,CARNEGIE MELLON UNIVERSITY,PA,152133890,Private-Nonprofit,18,18,59700,26,59700,11,11,17468,18,17468,98,100,1157796,107,1157796,7,7,85486,9,85486,64,69,550410,74,550410
00324300,CEDAR CREST COLLEGE,PA,181046196,Private-Nonprofit,40,41,92353,94,184971,52,56,126110,126,279701,26,26,203956,132,891612,8,9,76113,9,76113,29,29,326890,48,624152
00324400,CHATHAM UNIVERSITY,PA,152322826,Private-Nonprofit,3,3,10000,6,17250,9,10,24545,16,31656,218,228,3899328,532,5125747,4,4,23402,5,23402,116,134,1934555,255,2549770
00324500,CHESTNUT HILL COLLEGE,PA,191182693,Private-Nonprofit,32,32,77194,124,201692,32,32,108029,124,281341,17,17,197175,234,1960813,9,9,97025,11,97025,5,6,43621,44,319973
00324700,MISERICORDIA  UNIVERSITY,PA,186121008,Private-Nonprofit,146,147,377148,218,530411,152,153,375908,224,566569,105,105,1196855,184,1820169,14,14,163881,15,190734,58,58,725631,75,782997
00324900,COMMUNITY COLLEGE OF PHILADELPHIA,PA,191303991,Public,348,367,664610,785,759034,346,373,783701,785,896075,-,-, -,-, -,6,6,23019,12,23019,-,-, -,-, -
00325200,DELAWARE VALLEY UNIVERSITY,PA,189012697,Private-Nonprofit,10,10,15125,11,15125,7,7,20500,8,20500,23,23,115627,58,290271,7,7,32834,9,32834,0,0,0,1,6435
00325300,DICKINSON COLLEGE,PA,170132896,Private-Nonprofit,3,3,6738,7,14987,4,4,13762,8,15762,-,-, -,-, -,2,2,15910,3,15910,-,-, -,-, -
00325600,DREXEL UNIVERSITY,PA,191042875,Private-Nonprofit,235,236,909564,3697,5046420,260,262,879895,3875,4102630,327,328,4904363,1780,12696048,117,142,2167070,1095,7003488,183,203,3461820,993,8212097
00325800,DUQUESNE UNIVERSITY OF THE HOLY SPIRIT,PA,152820001,Private-Nonprofit,38,38,92896,56,92896,49,49,170701,77,170701,263,269,2951967,273,2951967,78,88,988419,93,988419,286,311,3661182,321,3661182
00325900,EASTERN UNIVERSITY,PA,190873696,Private-Nonprofit,183,183,619921,599,619921,227,227,1242472,725,1242472,739,741,9821144,2617,9821144,13,13,173234,29,173234,47,48,667300,159,667300
00326200,ELIZABETHTOWN COLLEGE,PA,170222298,Private-Nonprofit,34,36,84272,39,84272,35,37,110298,41,113576,103,103,1538912,170,1538912,8,8,69069,16,69069,17,18,134568,22,134568
00326300,EVANGELICAL THEOLOGICAL SEMINARY,PA,170671299,Private-Nonprofit,-,-, -,-, -,-,-, -,-, -,1,1,10126,4,23929,-,-, -,-, -,2,2,20376,2,20376
00326500,FRANKLIN & MARSHALL COLLEGE,PA,176032802,Private-Nonprofit,95,96,134985,182,134985,6,6,6019,7,6019,-,-, -,-, -,5,5,21703,8,21703,-,-, -,-, -
00326600,GANNON UNIVERSITY,PA,165410001,Private-Nonprofit,30,30,113933,47,114183,30,30,96757,46,101382,353,354,5617292,730,7136825,8,8,78149,10,78149,206,206,2109737,239,2824657
00326700,GENEVA COLLEGE,PA,150103599,Private-Nonprofit,13,13,41377,29,41377,12,12,47646,26,47646,29,29,463090,69,463090,2,2,44545,7,44545,-,-, -,-, -
00326800,GETTYSBURG COLLEGE,PA,173251486,Private-Nonprofit,2,2,5211,4,5211,-,-, -,-, -,-,-, -,-, -,1,1,3132,1,3132,-,-, -,-, -
00327000,GWYNEDD MERCY UNIVERSITY,PA,194370901,Private-Nonprofit,57,58,242061,141,298623,63,63,368163,148,449932,126,130,1908367,467,3288736,3,3,15627,5,38589,31,32,758880,79,858943
00327200,HARCUM COLLEGE,PA,190103476,Private-Nonprofit,107,108,340063,252,342313,123,126,494202,296,498452,-,-, -,-, -,3,3,33506,5,33506,-,-, -,-, -
00327300,HARRISBURG AREA COMMUNITY COLLEGE,PA,171102999,Public,366,383,826850,877,1108088,348,361,967626,807,1325367,-,-, -,-, -,6,6,15122,11,15122,-,-, -,-, -
00327400,HAVERFORD COLLEGE,PA,190411392,Private-Nonprofit,1,1,2336,2,2336,1,1,3126,2,3126,-,-, -,-, -,-,-, -,-, -,-,-, -,-, -
00327500,HOLY FAMILY UNIVERSITY,PA,191142094,Private-Nonprofit,157,159,405750,163,405750,188,192,668040,196,668040,208,224,1726155,224,1726155,6,7,47403,7,47403,11,11,70703,11,70703
00327600,IMMACULATA UNIVERSITY,PA,193450647,Private-Nonprofit,16,16,35649,59,110272,26,26,87149,80,244501,26,26,176499,264,1606114,9,11,78662,14,79996,13,14,93198,41,307038
00327700,INDIANA UNIVERSITY OF PENNSYLVANIA,PA,157059717,Public,297,298,591667,364,606257,219,223,541382,312,573978,224,229,1572977,234,1572977,76,78,487028,109,487028,53,54,377784,56,377784
00327900,JUNIATA COLLEGE,PA,166522196,Private-Nonprofit,3,3,7750,3,7750,3,3,6801,3,6801,5,5,15563,5,15563,7,8,33809,10,35950,-,-, -,-, -
00328000,KEYSTONE COLLEGE,PA,184400200,Private-Nonprofit,15,15,44243,63,89730,14,14,55088,74,128060,7,7,59171,66,179437,11,11,99899,19,135963,0,0,0,1,782
00328200,KINGS COLLEGE,PA,187110801,Private-Nonprofit,16,16,49105,23,49105,14,14,32592,24,32592,68,69,1266248,178,1771498,17,17,135452,28,135452,64,73,1149543,155,1335746
00328300,LACKAWANNA COLLEGE,PA,185099961,Private-Nonprofit,41,41,141703,88,153953,44,46,161891,98,171391,-,-, -,-, -,11,11,55020,23,59058,-,-, -,-, -
00328400,LAFAYETTE COLLEGE,PA,180421768,Private-Nonprofit,6,6,7020,7,7020,3,3,15712,6,15712,-,-, -,-, -,4,5,32294,6,32294,-,-, -,-, -
00328500,LANCASTER BIBLE COLLEGE,PA,176015036,Private-Nonprofit,52,53,121565,183,292079,87,94,216933,171,344107,51,52,187869,116,466486,3,3,13878,3,13878,0,0,0,1,1326
00328600,LANCASTER THEOLOGICAL SEMINARY OF THE UNITED CHURCH OF CHRIST,PA,176032897,Private-Nonprofit,-,-, -,-, -,-,-, -,-, -,3,3,23550,11,90065,-,-, -,-, -,0,0,0,1,14334
00328700,LA SALLE UNIVERSITY,PA,191411199,Private-Nonprofit,92,94,227691,98,230441,112,115,357042,122,359292,319,334,2569319,336,2570035,9,10,61690,12,61690,51,54,528180,57,528180
00328800,LEBANON VALLEY COLLEGE,PA,170031400,Private-Nonprofit,23,23,64972,28,64972,29,30,84350,51,93283,47,49,473455,72,473455,10,10,116994,16,129788,7,7,113666,17,113666
00328900,LEHIGH UNIVERSITY,PA,180151588,Private-Nonprofit,43,46,94436,55,94436,48,53,128103,66,128103,44,47,286604,47,286604,14,16,85264,17,85264,1,1,14500,1,14500
00329000,LINCOLN UNIVERSITY,PA,193520999,Public,64,64,98721,129,100971,37,37,53492,75,54492,34,34,228471,68,228471,15,15,99901,29,99901,-,-, -,-, -
00329100,UNITED LUTHERAN SEMINARY,PA,173251795,Private-Nonprofit,-,-, -,-, -,-,-, -,-, -,-,-, -,-, -,-,-, -,-, -,0,0,0,1,13073
00329300,LYCOMING COLLEGE,PA,177015192,Private-Nonprofit,-,-, -,-, -,-,-, -,-, -,-,-, -,-, -,1,1,3000,2,11150,-,-, -,-, -
00329400,MANOR COLLEGE,PA,190463399,Private-Nonprofit,1,1,4500,3,5332,1,1,2000,7,12150,-,-, -,-, -,-,-, -,-, -,-,-, -,-, -
00329600,MARYWOOD UNIVERSITY,PA,185091598,Private-Nonprofit,54,58,139938,62,139938,52,56,107758,61,111508,197,211,1996688,230,1996688,13,13,104099,14,111599,58,59,555214,59,555214
00329700,MERCYHURST UNIVERSITY,PA,165460001,Private-Nonprofit,99,99,165326,113,174878,108,108,248683,128,263390,70,70,1086007,157,1086007,3,3,13817,3,13817,43,43,1769886,117,1769886
00329800,MESSIAH UNIVERSITY,PA,170550000,Private-Nonprofit,53,53,147942,63,152559,69,69,158660,79,161071,360,363,2666081,373,2666081,4,4,33836,7,39912,41,43,365489,45,368771
00330000,MOORE COLLEGE OF ART AND DESIGN,PA,191031190,Private-Nonprofit,1,1,2000,1,2000,1,1,4500,3,7500,6,6,42254,13,89156,0,0,0,1,21,6,7,114984,16,148242
00330100,MORAVIAN UNIVERSITY,PA,180186650,Private-Nonprofit,9,9,27556,12,27556,12,12,41078,15,41078,185,188,2952757,397,3121328,12,12,59475,13,59475,49,49,510020,91,570130
00330200,MOUNT ALOYSIUS COLLEGE,PA,166301999,Private-Nonprofit,10,10,49618,17,49618,18,18,81355,29,81355,5,6,25184,8,25184,9,10,30629,14,30629,-,-, -,-, -
00330300,CARLOW UNIVERSITY,PA,152133165,Private-Nonprofit,134,143,501865,225,510338,129,137,648923,228,660422,46,48,580931,361,2543772,13,13,109182,17,110955,24,25,159839,64,403620
00330400,MUHLENBERG COLLEGE,PA,181045586,Private-Nonprofit,29,31,93972,64,93972,31,33,146267,70,149517,7,7,73873,11,73873,8,8,36788,17,36788,-,-, -,-, -
00330600,UNIVERSITY OF VALLEY FORGE,PA,194602399,Private-Nonprofit,24,25,93144,75,99019,26,28,98295,80,102462,17,18,275850,81,301932,7,7,79480,10,79480,0,0,0,1,401
00330900,PEIRCE COLLEGE,PA,191035443,Private-Nonprofit,219,219,764087,1210,1278318,283,285,1082204,1356,1864943,29,29,373196,238,737506,2,2,18800,13,41151,-,-, -,-, -
00331100,SALUS UNIVERSITY,PA,190271598,Private-Nonprofit,-,-, -,-, -,-,-, -,-, -,640,644,21521003,1939,21505281,-,-, -,-, -,392,457,10705689,1378,10705689
00331300,WIDENER UNIVERSITY,PA,190135792,Private-Nonprofit,116,117,504502,231,504502,135,138,638640,272,638640,984,993,13600951,1655,13600951,25,26,337435,34,337435,194,207,2310433,351,2310433
00331500,COMMONWEALTH UNIVERSITY OF PENNSYLVANIA,PA,178151301,Public,416,424,1592096,950,1621543,448,455,1505430,1070,1534607,281,284,4124490,675,4652240,61,62,385686,88,426026,58,58,726070,124,805160
00331600,PENNSYLVANIA WESTERN UNIVERSITY,PA,154191394,Public,501,510,2054186,1238,2061608,524,544,2080719,1308,2091089,1048,1070,16024333,2410,16028133,46,49,474262,94,490014,75,78,776736,153,799951
00331700,CHEYNEY UNIVERSITY OF PENNSYLVANIA,PA,193190200,Public,11,11,44700,45,92197,14,16,50632,54,84699,-,-, -,-, -,3,3,25000,19,100449,-,-, -,-, -
00332000,EAST STROUDSBURG UNIVERSITY OF PENNSYLVANIA,PA,183012999,Public,42,43,134075,63,138325,54,55,155735,78,160485,22,26,146339,30,146339,28,30,200241,37,200241,20,21,138373,24,138373
00332200,KUTZTOWN UNIVERSITY OF PENNSYLVANIA,PA,195309339,Public,117,118,259537,124,263447,69,72,115049,76,115049,64,67,344433,70,344433,33,37,153912,39,153912,10,10,76951,10,76951
00332500,MILLERSVILLE UNIVERSITY OF PENNSYLVANIA,PA,175511800,Public,155,156,611857,460,613644,171,175,698978,429,704678,95,97,1496065,300,1496065,33,36,461109,106,469517,4,5,52507,17,52507
00332600,SHIPPENSBURG UNIVERSITY OF PENNSYLVANIA,PA,172572299,Public,44,45,107400,59,118400,44,44,142493,66,153311,48,49,307229,49,307229,27,29,213738,35,233437,12,12,94966,13,94966
00332700,SLIPPERY ROCK UNIVERSITY,PA,160571326,Public,155,157,383910,170,386939,143,144,311670,162,322004,201,202,1648294,209,1653496,44,45,198746,53,209249,93,97,1061078,98,1061078
00332800,WEST CHESTER UNIVERSITY OF PENNSYLVANIA,PA,193830001,Public,126,128,351554,209,371064,143,147,506745,240,520495,91,94,703761,163,705780,44,48,278450,72,278450,73,81,715295,132,715295
00332900,PENNSYLVANIA STATE UNIVERSITY (THE),PA,168021503,Public,1690,1712,4381556,1910,4392759,1347,1429,4265284,1655,4273284,501,524,11317050,759,11325049,510,559,4708505,600,4725411,384,489,5453601,737,5453601
00335000,UNIVERSITY OF THE ARTS (THE),PA,191029493,Private-Nonprofit,0,0,0,1,2750,0,0,0,1,3500,18,18,302306,42,327126,-,-, -,-, -,0,0,0,1,767
00335100,CAIRN UNIVERSITY,PA,190472942,Private-Nonprofit,4,4,10427,13,15396,4,4,13401,16,32182,26,26,178396,41,178396,2,2,9300,2,9300,-,-, -,-, -
00335200,PHILADELPHIA COLLEGE OF OSTEOPATHIC MEDICINE,PA,191311694,Private-Nonprofit,-,-, -,-, -,-,-, -,-, -,1356,1382,45414332,4970,45418185,-,-, -,-, -,1055,1354,34774113,4511,34774113
00335600,PITTSBURGH THEOLOGICAL SEMINARY,PA,152062596,Private-Nonprofit,-,-, -,-, -,-,-, -,-, -,2,2,12085,2,12085,-,-, -,-, -,-,-, -,-, -
00335700,POINT PARK UNIVERSITY,PA,152221912,Private-Nonprofit,187,289,629519,376,658022,219,336,744646,443,790033,257,361,2765053,692,3219403,16,19,115790,21,115790,13,18,138922,28,149172
00335900,ROBERT MORRIS UNIVERSITY,PA,151081189,Private-Nonprofit,26,26,74529,30,76779,35,35,127344,45,135181,39,39,261803,145,957296,23,23,220702,31,254103,6,6,20997,21,111554
00336000,ROSEMONT COLLEGE,PA,190101699,Private-Nonprofit,25,28,70117,38,77617,23,24,68428,34,75095,29,31,252083,59,439282,3,3,26900,4,26900,2,2,12886,2,12886
00336200,SETON HILL UNIVERSITY,PA,156011599,Private-Nonprofit,17,17,48829,20,48829,24,24,52122,29,52122,127,129,1904185,151,1904185,15,15,95710,15,95710,64,70,1555228,80,1555228
00336600,SAINT FRANCIS UNIVERSITY,PA,159400600,Private-Nonprofit,94,94,233645,96,233645,87,88,201712,90,204462,123,123,1187695,125,1208195,9,10,44000,11,44000,45,45,465831,45,465831
00336700,SAINT JOSEPH'S UNIVERSITY,PA,191311395,Private-Nonprofit,54,54,206771,126,247335,57,58,159396,145,256620,420,423,6410502,1152,9140559,30,31,545546,50,617342,206,214,4871539,395,5136405
00336800,SAINT VINCENT COLLEGE & SEMINARY,PA,156502690,Private-Nonprofit,4,4,16640,4,16640,4,4,14499,4,14499,78,78,1256006,126,1256006,10,10,67118,10,67118,30,30,233862,32,233862
00336900,SUSQUEHANNA UNIVERSITY,PA,178701001,Private-Nonprofit,19,19,38627,20,38627,28,29,68581,35,68581,-,-, -,-, -,18,19,139086,26,140586,-,-, -,-, -
00337000,SWARTHMORE COLLEGE,PA,190811390,Private-Nonprofit,4,4,10526,7,10526,7,7,21207,13,21207,-,-, -,-, -,1,1,1591,3,15091,-,-, -,-, -
00337100,TEMPLE UNIVERSITY,PA,191226003,Public,361,363,767937,543,780619,263,263,671167,397,681417,994,1000,26658057,1712,27080610,155,161,1512880,236,1550080,696,737,13087722,1408,13765491
00337500,THEOLOGICAL SEMINARY REFORMED EPISCOPAL CHURCH,PA,194221257,Private-Nonprofit,-,-, -,-, -,-,-, -,-, -,0,0,0,1,1500,-,-, -,-, -,-,-, -,-, -
00337600,THIEL COLLEGE,PA,161252181,Private-Nonprofit,1,1,2067,2,2067,3,3,13250,5,13250,18,18,369000,80,779709,4,4,64529,10,64529,19,22,122143,57,381617
00337800,UNIVERSITY OF PENNSYLVANIA,PA,191046216,Private-Nonprofit,35,35,118651,66,118651,49,51,170102,99,170102,654,667,12363710,1017,12373960,18,20,311077,31,311077,602,686,15693340,1107,15697085
00337900,UNIVERSITY OF PITTSBURGH,PA,152600001,Public,226,227,490259,239,497192,185,190,419350,207,426666,204,214,1863453,228,1863453,108,115,991223,124,1021844,448,494,6706654,505,6706654
00338400,UNIVERSITY OF SCRANTON,PA,185104622,Private-Nonprofit,14,14,35893,21,35893,14,16,47531,23,47531,104,106,1075739,456,2693059,4,4,28061,6,28061,17,17,101197,61,379127
00338500,URSINUS COLLEGE,PA,194261000,Private-Nonprofit,-,-, -,-, -,1,1,4000,2,4000,-,-, -,-, -,1,1,11207,1,11207,-,-, -,-, -
00338600,VALLEY FORGE MILITARY COLLEGE,PA,190873695,Private-Nonprofit,-,-, -,-, -,-,-, -,-, -,-,-, -,-, -,1,1,26000,2,26000,-,-, -,-, -
00338800,VILLANOVA UNIVERSITY,PA,190851699,Private-Nonprofit,81,83,326567,162,328416,90,90,491435,165,492435,379,386,5645021,976,5645021,17,17,354381,28,354381,89,92,1399569,182,1399569
00338900,WASHINGTON AND JEFFERSON COLLEGE,PA,153014801,Private-Nonprofit,5,5,13000,6,13000,10,11,37750,13,37750,-,-, -,-, -,7,7,66462,7,66462,-,-, -,-, -
00339100,WAYNESBURG UNIVERSITY,PA,153701222,Private-Nonprofit,20,20,59365,27,59365,20,21,96993,31,103243,52,54,231763,55,235498,2,2,12931,2,12931,12,12,110861,12,110861
00339200,WESTMINSTER COLLEGE,PA,161720002,Private-Nonprofit,3,3,6831,3,6831,2,3,4465,3,4465,12,13,63490,13,63490,4,4,14336,4,14336,-,-, -,-, -
00339300,WESTMINSTER THEOLOGICAL SEMINARY,PA,190386073,Private-Nonprofit,-,-, -,-, -,2,3,11820,6,11820,18,24,164859,39,164859,-,-, -,-, -,-,-, -,-, -
00339400,WILKES UNIVERSITY,PA,187660998,Private-Nonprofit,35,35,100176,41,111926,44,45,167799,51,171222,263,264,2287092,691,4539516,17,17,114021,19,114021,53,54,362784,60,390226
00339500,PENNSYLVANIA COLLEGE OF TECHNOLOGY,PA,177015779,Public,107,108,327277,203,329027,115,116,431670,211,432670,11,11,115292,11,115292,31,31,198010,32,207715,2,2,24900,2,24900
00339600,WILSON COLLEGE,PA,172011285,Private-Nonprofit,70,71,156925,81,161509,68,71,233156,87,235489,22,22,159476,22,159476,10,10,40394,10,40394,1,1,3347,1,3347
00339900,YORK COLLEGE OF PENNSYLVANIA,PA,174033651,Private-Nonprofit,47,49,140090,71,191042,71,74,182657,98,215684,26,26,225477,27,225477,21,23,137224,32,151224,22,23,314829,24,314829
00340100,BROWN UNIVERSITY,RI,029129127,Private-Nonprofit,11,11,44935,18,45935,12,12,25566,16,25566,228,229,7330194,501,7330194,3,3,27694,4,27694,69,69,2534724,153,2534724
00340200,BRYANT UNIVERSITY,RI,029171284,Private-Nonprofit,4,4,12333,5,14167,7,7,20583,8,22917,6,6,55285,131,792218,5,5,49783,5,49783,2,2,51520,64,768091
00340400,JOHNSON & WALES UNIVERSITY,RI,029033703,Private-Nonprofit,740,781,2216281,2111,2943902,829,878,2767567,2367,3740722,456,480,5258458,1399,7177483,83,84,695951,222,863556,41,43,397736,103,477418
00340600,PROVIDENCE COLLEGE,RI,029180001,Private-Nonprofit,21,23,77398,52,77398,23,23,91231,46,91231,26,29,410866,66,410866,3,3,37000,4,37000,-,-, -,-, -
00340700,RHODE ISLAND COLLEGE,RI,029081991,Public,140,144,387748,221,393187,121,124,327306,191,332575,68,68,467133,110,477383,13,14,69767,15,69767,-,-, -,-, -
00340800,COMMUNITY COLLEGE OF RHODE ISLAND,RI,028861807,Public,53,53,132517,157,144017,52,53,153713,153,172213,-,-, -,-, -,2,2,11365,6,11365,-,-, -,-, -
00340900,RHODE ISLAND SCHOOL OF DESIGN,RI,029032784,Private-Nonprofit,-,-, -,-, -,-,-, -,-, -,1,1,20500,3,20500,3,3,83426,4,83426,2,2,22642,2,22642
00341000,ROGER WILLIAMS UNIVERSITY,RI,028092921,Private-Nonprofit,18,18,40367,26,42117,18,20,44741,32,45741,20,20,185301,48,304879,4,4,51900,7,51900,129,142,993358,181,1099073
00341100,SALVE REGINA UNIVERSITY,RI,028404192,Private-Nonprofit,7,7,17881,9,18201,6,6,22704,10,23508,156,211,681610,214,681610,3,3,21200,4,24573,6,6,27292,7,29375
00341400,UNIVERSITY OF RHODE ISLAND,RI,028810000,Public,87,88,239358,210,309702,105,108,294505,226,362863,36,36,298197,201,738428,64,67,619581,83,619581,25,27,161552,48,161552
00341700,ALLEN UNIVERSITY,SC,292041085,Private-Nonprofit,4,4,13118,27,30383,6,6,14660,30,39341,1,1,7589,17,50739,4,4,13074,14,27572,-,-, -,-, -
00341800,ANDERSON UNIVERSITY,SC,296214035,Private-Nonprofit,31,31,85579,107,219215,32,32,107899,114,312266,68,69,764420,376,2853448,1,1,5000,2,5057,13,13,78194,72,587433
00341900,CHARLESTON SOUTHERN UNIVERSITY,SC,294062160,Private-Nonprofit,56,57,177425,66,195007,57,60,216814,72,246876,114,118,1202633,208,1897269,19,19,147903,23,174457,23,23,139451,85,799388
00342000,BENEDICT COLLEGE,SC,292041086,Private-Nonprofit,1,1,2250,2,4500,2,2,5000,4,6000,0,0,0,3,12078,-,-, -,-, -,-,-, -,-, -
00342100,BOB JONES UNIVERSITY,SC,296141000,Proprietary,53,55,99748,55,99748,27,29,72428,29,72428,10,11,33606,11,33606,8,8,30310,8,30310,-,-, -,-, -
00342200,SOUTHERN WESLEYAN UNIVERSITY,SC,296301020,Private-Nonprofit,6,6,16540,103,156743,6,6,16662,107,251018,2,2,7445,124,640945,1,1,2194,9,39155,0,0,0,3,9000
00342300,"CITADEL, THE MILITARY COLLEGE OF SOUTH CAROLINA",SC,294090002,Public,34,34,116361,43,116361,32,32,123379,44,123379,112,113,666714,114,666714,4,4,56546,6,56546,13,13,107901,13,107901
00342400,CLAFLIN UNIVERSITY,SC,291154498,Private-Nonprofit,43,43,136658,56,152761,28,28,64930,74,131448,5,5,43798,33,122112,2,2,4200,15,36077,-,-, -,-, -
00342500,CLEMSON UNIVERSITY,SC,296340001,Public,197,197,547137,198,549887,189,192,557584,197,558584,217,219,1356751,219,1356751,148,155,1716923,155,1716923,101,104,1016284,104,1016284
00342600,UNIVERSITY OF SOUTH CAROLINA - SUMTER,SC,291502498,Public,5,5,10731,5,10731,7,7,21815,7,21815,-,-, -,-, -,-,-, -,-, -,-,-, -,-, -
00342700,COKER UNIVERSITY,SC,295503797,Private-Nonprofit,34,36,48679,110,147436,19,19,35183,90,160371,30,30,410653,194,532920,1,1,2500,3,16115,-,-, -,-, -
00342800,COLLEGE OF CHARLESTON,SC,294240100,Public,86,87,211933,95,214183,60,60,162107,69,164872,21,22,145151,23,145151,62,68,601053,76,601053,23,27,158114,31,158114
00342900,COLUMBIA INTERNATIONAL UNIVERSITY,SC,292031599,Private-Nonprofit,22,22,42814,130,145267,23,23,71806,125,203300,44,44,327655,221,1023922,1,1,10775,2,11475,5,5,45406,17,121126
00343000,COLUMBIA COLLEGE,SC,292035998,Private-Nonprofit,34,35,90158,103,203483,52,55,174985,127,322388,52,55,298872,186,1084503,6,7,29773,7,29773,-,-, -,-, -
00343100,CONVERSE UNIVERSITY,SC,293021931,Private-Nonprofit,1,1,2000,3,2370,3,3,6293,3,6293,22,22,169622,28,171314,4,4,13450,4,13450,10,10,89219,10,89219
00343200,ERSKINE COLLEGE,SC,296390000,Private-Nonprofit,17,17,34417,40,82667,33,35,81733,84,150233,-,-, -,-, -,19,19,148887,31,186227,-,-, -,-, -
00343400,FURMAN UNIVERSITY,SC,296135253,Private-Nonprofit,13,13,37752,20,37752,15,15,35327,24,36812,31,31,471298,76,510911,8,8,82936,11,85686,12,12,292063,32,292063
00343500,LANDER UNIVERSITY,SC,296492099,Public,45,45,143156,114,206717,26,26,77878,75,156688,24,24,131443,49,242044,10,10,53034,57,231215,14,14,79684,15,87316
00343600,LIMESTONE UNIVERSITY,SC,293403799,Private-Nonprofit,70,70,179334,470,441749,71,75,182355,500,572163,38,38,201379,189,621764,11,12,49382,30,73029,0,0,0,24,26643
00343800,MEDICAL UNIVERSITY OF SOUTH CAROLINA,SC,294250100,Public,13,13,58129,121,278050,15,16,55093,135,344617,1260,1306,36299146,3845,38790340,2,2,20419,6,70320,987,1090,30700202,2957,32513503
00343900,MORRIS COLLEGE,SC,291503599,Private-Nonprofit,51,55,97894,125,132653,62,72,154272,160,186486,-,-, -,-, -,16,16,60960,34,66135,-,-, -,-, -
00344000,NEWBERRY COLLEGE,SC,291082197,Private-Nonprofit,3,3,10750,32,29851,6,6,20736,48,57819,-,-, -,-, -,6,6,31526,20,31526,-,-, -,-, -
00344100,NORTH GREENVILLE UNIVERSITY,SC,296881892,Private-Nonprofit,15,15,44303,27,56360,14,14,62674,22,74354,9,9,97239,54,406617,3,4,18115,7,31015,2,2,42438,36,817566
00344500,PRESBYTERIAN COLLEGE,SC,293252503,Private-Nonprofit,13,13,38325,20,42325,10,10,22657,14,24157,43,43,1437196,204,2062725,5,6,45152,18,73940,38,39,863862,200,2077949
00344600,SOUTH CAROLINA STATE UNIVERSITY,SC,291174427,Public,188,188,640715,386,663188,189,196,574472,413,616972,18,20,213205,44,254205,90,93,1017078,189,1020078,33,36,384890,74,384890
00344700,SPARTANBURG METHODIST COLLEGE,SC,293010000,Private-Nonprofit,10,10,16786,30,26198,13,13,19634,38,35871,-,-, -,-, -,2,2,3463,3,3463,-,-, -,-, -
00344800,UNIVERSITY OF SOUTH CAROLINA - COLUMBIA,SC,292083999,Public,460,465,854521,472,856271,270,275,600805,283,601805,691,710,5389138,724,5389138,230,245,1793399,247,1793399,547,585,5229174,632,5229174
00344900,UNIVERSITY OF SOUTH CAROLINA - AIKEN,SC,298016399,Public,78,80,168214,80,168214,86,87,245257,87,245257,111,116,649028,116,649028,21,22,133976,22,133976,10,11,64338,11,64338
00345000,UNIVERSITY OF SOUTH CAROLINA BEAUFORT,SC,299094602,Public,71,73,115294,73,115294,48,49,103947,50,103947,3,3,10721,3,10721,15,15,76114,15,76114,-,-, -,-, -
00345100,COASTAL CAROLINA UNIVERSITY,SC,295268428,Public,136,142,293066,151,298566,109,113,238351,126,242851,45,47,348755,51,348755,76,79,460979,79,460979,19,19,128936,19,128936
00345300,UNIVERSITY OF SOUTH CAROLINA - LANCASTER,SC,297210889,Public,11,11,20658,21,20658,10,10,23541,20,23541,-,-, -,-, -,-,-, -,-, -,-,-, -,-, -
00345400,UNIVERSITY OF SOUTH CAROLINA - SALKEHATCHIE,SC,298100617,Public,7,7,14372,13,14372,6,6,9000,11,9000,-,-, -,-, -,1,1,3500,2,3500,-,-, -,-, -
00345600,WINTHROP UNIVERSITY,SC,297330001,Public,53,56,107729,58,107729,40,43,98908,47,102265,103,109,827494,381,2678424,29,32,154114,32,154114,20,21,157361,70,506689
00345700,WOFFORD COLLEGE,SC,293033663,Private-Nonprofit,-,-, -,-, -,1,2,4000,6,5138,-,-, -,-, -,4,4,45463,10,52639,-,-, -,-, -
00345800,AUGUSTANA UNIVERSITY,SD,571970001,Private-Nonprofit,16,17,43957,25,43957,13,13,68341,24,73481,23,23,203688,34,231055,2,2,14174,2,14174,1,1,10000,2,10000
00345900,BLACK HILLS STATE UNIVERSITY,SD,577999502,Public,69,69,145918,72,145918,36,36,95019,40,95019,10,10,47900,10,47900,3,3,21800,5,21800,1,1,5125,1,5125
00346100,DAKOTA WESLEYAN UNIVERSITY,SD,573014398,Private-Nonprofit,30,30,130955,71,130955,43,43,251168,95,251169,23,23,254977,41,254977,-,-, -,-, -,-,-, -,-, -
00346300,DAKOTA STATE UNIVERSITY,SD,570421799,Public,72,74,97205,74,97205,73,74,122318,74,122318,20,20,94433,20,94433,3,3,7166,3,7166,1,1,5351,1,5351
00346500,MOUNT MARTY UNIVERSITY,SD,570783724,Private-Nonprofit,17,17,61344,41,68957,11,11,42403,27,53290,118,118,2280246,340,2280246,4,4,16714,4,16714,96,101,3753512,290,3753512
00346600,NORTHERN STATE UNIVERSITY,SD,574017198,Public,54,54,123253,56,123253,44,44,116304,45,116304,28,28,127510,29,127510,-,-, -,-, -,2,2,11181,2,11181
00346700,PRESENTATION COLLEGE,SD,574011299,Private-Nonprofit,4,4,17017,35,64753,7,7,30614,34,101023,1,1,4800,13,84114,1,1,18170,3,36770,-,-, -,-, -
00346900,UNIVERSITY OF SIOUX FALLS,SD,571051699,Private-Nonprofit,38,38,117524,82,180399,38,38,124560,82,201151,54,55,669098,106,728679,2,2,31013,4,31013,1,1,8550,3,8550
00347000,SOUTH DAKOTA SCHOOL OF MINES AND TECHNOLOGY,SD,577013995,Public,11,11,20056,12,22056,8,8,18031,8,18031,1,1,3500,1,3500,3,3,13946,3,13946,1,1,7500,1,7500
00347100,SOUTH DAKOTA STATE UNIVERSITY,SD,570072298,Public,272,277,546919,301,550490,318,324,667708,371,668500,128,131,2075743,221,2087623,20,21,110414,24,113262,9,9,48161,10,48161
00347400,UNIVERSITY OF SOUTH DAKOTA,SD,570692390,Public,133,135,256540,136,256540,88,90,225594,91,225594,328,332,2779544,332,2779544,12,13,41398,13,41398,13,14,78056,16,78056
00347800,AUSTIN PEAY STATE UNIVERSITY,TN,370440002,Public,106,106,360557,224,518504,91,92,317473,174,487981,39,39,302754,104,631176,27,31,177009,32,177009,32,32,196498,37,220406
00347900,BELMONT UNIVERSITY,TN,372123757,Private-Nonprofit,86,86,203441,112,205691,62,62,199389,101,204398,97,97,633929,105,633929,105,110,1557153,123,1604388,245,250,4070087,253,4070087
00348000,BETHEL UNIVERSITY,TN,382011705,Private-Nonprofit,124,124,393990,1002,1101163,119,119,597774,984,1663432,96,96,1630280,516,3045437,6,6,26133,11,39306,41,42,1018450,137,1499276
00348100,CARSON - NEWMAN UNIVERSITY,TN,377602204,Private-Nonprofit,46,47,70302,85,75518,32,35,82411,64,89945,230,249,1592513,707,2760336,11,11,50847,20,54347,3,3,29042,5,29042
00348200,CHRISTIAN BROTHERS UNIVERSITY,TN,381045581,Private-Nonprofit,27,27,37508,27,37508,21,21,34544,21,34544,8,8,38393,96,746922,3,3,16747,3,16747,1,1,2951,80,1198909
00348300,COLUMBIA STATE COMMUNITY COLLEGE,TN,384015653,Public,59,61,130266,121,131719,48,51,123007,98,123007,-,-, -,-, -,1,2,3000,4,3000,-,-, -,-, -
00348400,COVENANT COLLEGE,GA,307504164,Private-Nonprofit,4,4,6000,4,6000,1,1,1000,1,1000,9,10,108266,22,108266,1,1,5000,1,5000,-,-, -,-, -
00348500,CUMBERLAND UNIVERSITY,TN,370873554,Private-Nonprofit,17,17,32944,38,37484,19,19,32735,40,33789,56,58,340666,176,534090,2,2,16000,4,16000,-,-, -,-, -
00348600,LIPSCOMB UNIVERSITY,TN,372043951,Private-Nonprofit,45,53,127887,57,136387,51,60,176952,67,189452,459,635,6424914,665,6677718,13,15,171587,15,171587,142,202,2472515,208,2514745
00348700,EAST TENNESSEE STATE UNIVERSITY,TN,376141700,Public,244,258,707199,352,898756,197,205,591198,288,795821,284,311,6078921,483,6459020,30,32,210561,34,214061,244,305,3374693,422,3374693
00349000,FISK UNIVERSITY,TN,372083045,Private-Nonprofit,25,25,78982,58,97074,34,35,92219,65,101469,3,3,30750,3,30750,6,6,75254,13,87224,-,-, -,-, -
00349200,FREED-HARDEMAN UNIVERSITY,TN,383402399,Private-Nonprofit,5,5,12881,7,15631,11,11,51172,18,54672,87,90,577902,93,581600,9,9,99608,18,108805,22,22,206971,34,206971
00349500,JOHNSON UNIVERSITY,TN,379989775,Private-Nonprofit,4,4,16250,34,39684,2,2,5392,21,23394,12,12,121950,80,299324,4,4,12844,9,20013,0,0,0,1,10069
00349600,KING UNIVERSITY,TN,376202699,Private-Nonprofit,196,196,641858,324,797470,194,195,860394,320,1041686,113,113,1301453,178,1606255,1,1,3000,2,10160,5,5,39962,10,42107
00349900,LANE COLLEGE,TN,383014598,Private-Nonprofit,6,6,14327,11,24577,4,4,5000,9,11500,-,-, -,-, -,-,-, -,-, -,-,-, -,-, -
00350000,LEE UNIVERSITY,TN,373114475,Private-Nonprofit,225,229,567107,426,893936,254,274,518003,477,892184,92,92,736997,151,1137887,24,24,190746,39,269993,7,7,43315,9,46866
00350100,LEMOYNE-OWEN COLLEGE,TN,381266510,Private-Nonprofit,4,4,10706,16,25374,3,3,7626,13,28751,-,-, -,-, -,1,1,6000,3,10000,-,-, -,-, -
00350200,LINCOLN MEMORIAL UNIVERSITY,TN,377527920,Private-Nonprofit,50,50,212665,100,234458,62,65,294385,128,329745,777,787,23667558,1784,26880088,17,18,118009,27,123377,767,833,20883203,1640,23629405
00350400,UNIVERSITY OF TENNESSEE SOUTHERN,TN,384782799,Public,44,44,132646,76,145473,42,42,152621,77,170200,13,13,114753,24,114753,2,2,10700,3,10700,-,-, -,-, -
00350500,MARYVILLE COLLEGE,TN,378045907,Private-Nonprofit,1,1,2750,3,4622,1,1,3500,2,4500,-,-, -,-, -,4,4,61392,8,61392,-,-, -,-, -
00350600,MEHARRY MEDICAL COLLEGE,TN,372083599,Private-Nonprofit,-,-, -,-, -,-,-, -,-, -,419,419,17573375,838,17640165,-,-, -,-, -,360,370,15800797,740,15925062
00350900,UNIVERSITY OF MEMPHIS (THE),TN,381524611,Public,552,564,1070655,583,1079839,479,488,1118892,512,1148642,346,355,2074005,359,2083084,81,86,488391,86,488391,176,188,1819231,190,1819231
00351000,MIDDLE TENNESSEE STATE UNIVERSITY,TN,371323754,Public,210,217,466716,220,468966,213,231,473795,231,473795,211,232,1499118,232,1499118,100,110,771295,111,771295,68,74,530770,74,530770
00351100,MILLIGAN UNIVERSITY,TN,376824001,Private-Nonprofit,10,10,39742,18,39742,12,12,41236,23,41236,76,79,938892,183,1277135,-,-, -,-, -,18,18,130378,55,590868
00351700,SOUTHERN COLLEGE OF OPTOMETRY,TN,381042222,Private-Nonprofit,-,-, -,-, -,-,-, -,-, -,210,241,8252570,634,8252570,-,-, -,-, -,64,72,619496,146,619496
00351800,SOUTHERN ADVENTIST UNIVERSITY,TN,373150370,Private-Nonprofit,13,14,44584,34,67084,13,14,35586,28,61336,16,16,131985,73,503358,8,8,62268,13,82875,7,7,50940,15,83784
00351900,RHODES COLLEGE,TN,381121690,Private-Nonprofit,8,8,35566,15,35566,8,9,32307,17,32307,2,2,10720,4,13756,1,1,2000,2,2000,2,2,12601,3,12601
00352200,TENNESSEE STATE UNIVERSITY,TN,372091561,Public,208,208,720988,367,758546,196,203,530632,374,563152,59,61,560938,70,564188,55,56,532552,80,552852,54,55,529762,57,529762
00352300,TENNESSEE TECHNOLOGICAL UNIVERSITY,TN,385050001,Public,131,132,318329,137,318329,134,137,434261,144,434261,146,151,984399,152,984399,21,23,97650,23,97650,29,32,203794,32,203794
00352500,TENNESSEE WESLEYAN UNIVERSITY,TN,373710040,Private-Nonprofit,17,17,56608,47,94187,17,17,68840,44,101094,8,8,90029,51,338210,5,5,50386,10,65683,6,7,52926,30,223788
00352600,TREVECCA NAZARENE UNIVERSITY,TN,372102877,Private-Nonprofit,93,95,263636,158,360474,94,96,356328,158,454297,442,452,4608565,902,6652323,2,2,6050,2,6050,114,127,1657070,234,2472444
00352700,TUSCULUM UNIVERSITY,TN,377430001,Private-Nonprofit,66,72,171169,122,249669,51,55,138442,116,256223,26,28,194568,79,538482,13,13,67191,14,67191,2,4,14987,4,14987
00352800,UNION UNIVERSITY,TN,383053697,Private-Nonprofit,31,32,82285,211,366314,25,25,80546,198,466304,60,60,515925,327,2238598,2,2,16302,12,125333,29,29,319712,198,1964400
00352900,UNIVERSITY OF TENNESSEE - CHATTANOOGA,TN,374032598,Public,225,231,467050,240,469800,191,196,482672,204,486172,164,172,1279214,211,1642114,37,38,285461,39,285461,31,31,285448,57,372757
00353000,UNIVERSITY OF TENNESSEE,TN,379960150,Public,283,287,790810,324,805209,261,264,799168,300,808648,353,355,2792506,359,2792506,129,140,1113241,143,1130891,207,227,2388441,233,2390775
00353100,UNIVERSITY OF TENNESSEE - MARTIN,TN,382380002,Public,93,100,282439,196,284189,114,120,325884,232,326406,107,112,756983,223,763383,18,19,82321,38,82321,15,15,123317,30,123317
00353400,UNIVERSITY OF THE SOUTH (THE),TN,373831000,Private-Nonprofit,2,2,3814,3,3814,6,7,21211,11,21211,12,12,82598,12,82598,2,2,24703,2,24703,-,-, -,-, -
00353500,VANDERBILT UNIVERSITY,TN,372400001,Private-Nonprofit,19,20,56913,25,56913,18,18,48631,21,48631,342,355,3350313,387,3512371,5,5,75710,6,75710,573,612,10190915,642,10362621
00353600,BRYAN COLLEGE,TN,373217000,Private-Nonprofit,17,17,31743,69,110928,10,10,17981,65,142533,14,14,37912,53,163634,0,0,0,1,10600,-,-, -,-, -
00353700,ABILENE CHRISTIAN UNIVERSITY,TX,796993701,Private-Nonprofit,180,185,341294,471,776386,189,196,535168,474,1198264,231,242,1184396,881,5118573,13,13,116721,17,132721,156,175,1486190,186,1554147
00353900,ALVIN COMMUNITY COLLEGE,TX,775114807,Public,28,28,65718,45,76718,22,22,42350,32,48350,-,-, -,-, -,1,1,3860,2,3860,-,-, -,-, -
00354000,AMARILLO COLLEGE,TX,791092446,Public,168,169,420193,171,421211,198,200,644528,201,646869,-,-, -,-, -,-,-, -,-, -,-,-, -,-, -
00354100,ANGELO STATE UNIVERSITY,TX,769095069,Public,299,322,482431,492,482431,197,209,404938,324,404938,374,394,1085283,418,1085283,84,88,315899,146,315899,3,3,5238,3,5238
00354300,AUSTIN COLLEGE,TX,750904440,Private-Nonprofit,6,7,22597,12,22597,12,12,37791,21,37791,6,6,45400,6,45400,5,5,26873,6,26873,2,2,14070,2,14070
00354400,AUSTIN PRESBYTERIAN THEOLOGICAL SEMINARY,TX,787055711,Private-Nonprofit,-,-, -,-, -,-,-, -,-, -,2,2,18425,2,18425,-,-, -,-, -,-,-, -,-, -
00354500,BAYLOR UNIVERSITY,TX,767980011,Private-Nonprofit,170,172,562805,277,693173,133,134,598811,247,776165,1107,1124,13043642,2045,19419153,110,120,1310154,137,1360984,632,681,7626737,1082,10853408
00354600,COASTAL BEND COLLEGE,TX,781022197,Public,40,45,61026,90,61026,50,55,96651,110,96651,-,-, -,-, -,-,-, -,-, -,-,-, -,-, -
00354900,BLINN COLLEGE,TX,778334098,Public,102,102,241480,232,281286,105,107,278754,249,317202,-,-, -,-, -,9,9,54469,17,54469,-,-, -,-, -
00355300,CISCO COLLEGE,TX,764379803,Public,27,27,46062,189,162675,46,46,92238,267,276432,-,-, -,-, -,-,-, -,-, -,-,-, -,-, -
00355400,CLARENDON COLLEGE,TX,792260000,Public,20,20,60141,64,93177,15,15,34139,57,90124,-,-, -,-, -,0,0,0,2,1000,-,-, -,-, -
00355600,COMMONWEALTH INSTITUTE OF FUNERAL SERVICE,TX,770905918,Private-Nonprofit,77,77,175891,335,293178,71,71,231893,307,410160,-,-, -,-, -,-,-, -,-, -,-,-, -,-, -
00355700,CONCORDIA UNIVERSITY TEXAS,TX,787264141,Private-Nonprofit,108,110,311134,364,737730,102,108,425315,374,1005817,43,43,259040,183,1164083,26,28,286702,47,471920,5,5,38435,13,100877
00355800,NORTH CENTRAL TEXAS COLLEGE,TX,762404699,Public,114,116,212817,234,223612,102,103,234786,213,266416,-,-, -,-, -,1,1,4240,1,4240,-,-, -,-, -
00356000,DALLAS BAPTIST UNIVERSITY,TX,752119299,Private-Nonprofit,78,78,252770,105,264020,78,79,237735,109,242735,51,56,496880,58,496880,19,20,175078,21,175078,31,31,315582,31,315582
00356200,DALLAS THEOLOGICAL SEMINARY,TX,752046411,Private-Nonprofit,-,-, -,-, -,-,-, -,-, -,31,31,160666,83,466499,-,-, -,-, -,-,-, -,-, -
00356300,DEL MAR COLLEGE,TX,784043897,Public,72,76,135137,147,135137,52,55,90266,109,90266,-,-, -,-, -,1,2,9696,5,14696,-,-, -,-, -
00356400,EAST TEXAS BAPTIST UNIVERSITY,TX,756701498,Private-Nonprofit,22,22,43567,24,45317,30,30,104074,39,124274,45,47,292350,49,293790,2,2,26340,3,26340,2,2,6244,2,6244
00356500,TEXAS A&M UNIVERSITY - COMMERCE,TX,754293011,Public,176,180,515336,478,671660,258,265,758651,600,959240,690,717,3334830,1116,3351986,64,66,249234,103,249234,247,254,1367052,377,1367052
00356600,EPISCOPAL THEOLOGICAL SEMINARY OF THE SOUTHWEST (THE),TX,787053128,Private-Nonprofit,-,-, -,-, -,-,-, -,-, -,1,1,3000,6,18585,-,-, -,-, -,1,1,19079,1,19079
00356800,FRANK PHILLIPS COLLEGE,TX,790074427,Public,1,1,1500,2,1500,1,1,2068,3,2293,-,-, -,-, -,-,-, -,-, -,-,-, -,-, -
00357000,GRAYSON COLLEGE,TX,750208299,Public,37,37,90170,160,145589,37,37,103480,146,176243,-,-, -,-, -,0,0,0,4,3500,-,-, -,-, -
00357100,HARDIN-SIMMONS UNIVERSITY,TX,796986050,Private-Nonprofit,23,23,63262,32,63262,13,13,28897,19,28897,141,142,2285379,278,2285379,9,9,126570,14,126570,61,62,1247263,107,1247263
00357200,TRINITY VALLEY COMMUNITY COLLEGE,TX,757512734,Public,70,70,129380,174,204340,74,75,195073,179,302708,-,-, -,-, -,-,-, -,-, -,-,-, -,-, -
00357300,HILL COLLEGE,TX,766452711,Public,37,38,109814,44,117786,40,42,154858,52,183136,-,-, -,-, -,-,-, -,-, -,-,-, -,-, -
00357400,HOWARD COUNTY JUNIOR COLLEGE DISTRICT,TX,797200213,Public,12,12,30390,22,31841,11,11,37124,23,44524,-,-, -,-, -,-,-, -,-, -,-,-, -,-, -
00357500,HOWARD PAYNE UNIVERSITY,TX,768012715,Private-Nonprofit,25,25,97320,61,97320,23,23,86258,55,86258,10,10,134986,23,134986,1,1,350,1,350,-,-, -,-, -
00357600,HOUSTON CHRISTIAN UNIVERSITY,TX,770743298,Private-Nonprofit,238,241,913037,873,915737,227,229,1024503,843,1029378,543,546,8924628,2054,8925181,12,12,330806,46,336392,40,41,742369,163,742369
00357700,HUSTON - TILLOTSON UNIVERSITY,TX,787022795,Private-Nonprofit,74,75,138996,376,437247,39,39,92348,292,538544,0,0,0,2,13666,2,2,5000,4,5000,1,1,15472,2,15472
00357800,UNIVERSITY OF THE INCARNATE WORD,TX,782096398,Private-Nonprofit,334,345,1360120,737,1372260,311,317,1724003,700,1745285,918,925,28031560,2473,28047258,32,33,505646,59,533022,559,571,20109599,1577,20245415
00358000,KILGORE COLLEGE,TX,756623299,Public,40,40,89726,133,196032,41,41,107014,134,243849,-,-, -,-, -,-,-, -,-, -,-,-, -,-, -
00358100,LAMAR UNIVERSITY,TX,777100042,Public,337,348,750141,690,751540,342,356,967176,735,1025343,931,951,5507602,4587,13627552,28,33,131181,66,131181,52,52,347444,167,485074
00358300,LEE COLLEGE,TX,775204796,Public,28,28,43463,57,45213,40,40,96031,81,97024,-,-, -,-, -,-,-, -,-, -,-,-, -,-, -
00358400,LETOURNEAU UNIVERSITY,TX,756023564,Private-Nonprofit,23,23,48175,160,262968,22,22,72482,150,361028,15,15,139101,108,788845,4,5,34513,13,97613,2,2,17800,6,41838
00358600,LUBBOCK CHRISTIAN UNIVERSITY,TX,794072099,Private-Nonprofit,50,50,201919,113,201919,54,60,241641,134,241641,109,111,1726197,268,1726197,7,7,56930,15,56930,4,4,39344,10,39344
00358800,UNIVERSITY OF MARY HARDIN-BAYLOR,TX,765132599,Private-Nonprofit,71,72,137635,72,137635,51,55,157849,55,157849,77,81,663274,119,1047149,66,73,579917,73,579917,112,120,1539165,132,1717277
00359000,MCLENNAN COMMUNITY COLLEGE,TX,767081498,Public,166,169,241840,321,241840,137,142,254261,268,254261,-,-, -,-, -,-,-, -,-, -,-,-, -,-, -
00359100,MCMURRY UNIVERSITY,TX,796970001,Private-Nonprofit,34,35,81303,123,132385,27,28,76300,114,164452,-,-, -,-, -,6,7,38761,7,38761,-,-, -,-, -
00359200,MIDWESTERN STATE UNIVERSITY,TX,763082099,Public,217,227,491183,349,493433,176,191,449609,308,450609,104,110,534526,168,534526,62,64,378566,96,381325,1,2,9500,3,9500
00359300,NAVARRO COLLEGE,TX,751104818,Public,64,66,154416,140,166559,60,63,169466,134,183906,-,-, -,-, -,1,1,3098,2,3098,-,-, -,-, -
00359400,UNIVERSITY OF NORTH TEXAS,TX,762035017,Public,1088,1109,2450861,1172,2463361,835,857,2313425,937,2324116,538,565,2991577,579,2991577,476,497,3246737,529,3266383,57,65,383968,66,383968
00359600,ODESSA COLLEGE,TX,797647127,Public,30,30,54667,76,65081,30,31,73403,82,93733,-,-, -,-, -,-,-, -,-, -,-,-, -,-, -
00359800,OUR LADY OF THE LAKE UNIVERSITY,TX,782074689,Private-Nonprofit,25,27,82953,28,84703,21,21,68411,23,74894,99,100,616907,821,5295417,3,4,29186,4,29186,36,38,202913,146,757795
00359900,UNIVERSITY OF TEXAS RIO GRANDE VALLEY,TX,785392999,Public,1290,1369,2251799,2413,2277780,1124,1201,2277418,2128,2296203,740,841,4861989,2718,8741387,18,18,90151,34,90151,101,122,792286,262,823067
00360000,PANOLA COLLEGE,TX,756332397,Public,23,23,35598,46,35598,17,17,24543,34,24543,-,-, -,-, -,-,-, -,-, -,-,-, -,-, -
00360100,PARIS JUNIOR COLLEGE,TX,754606298,Public,7,7,20001,98,93943,3,3,8759,77,72541,-,-, -,-, -,-,-, -,-, -,-,-, -,-, -
00360200,PAUL QUINN COLLEGE,TX,752414398,Private-Nonprofit,263,268,885002,650,885002,235,237,877740,542,877740,-,-, -,-, -,8,8,28566,15,28566,-,-, -,-, -
00360300,RANGER COLLEGE,TX,764703298,Public,13,13,39826,42,63772,13,13,28281,46,79806,-,-, -,-, -,-,-, -,-, -,-,-, -,-, -
00360400,WILLIAM MARSH RICE UNIVERSITY,TX,770051892,Private-Nonprofit,10,11,25351,15,25351,11,11,33650,17,33650,73,75,1335594,288,2218150,3,3,39684,4,39684,43,46,818996,154,1518666
00360600,SAM HOUSTON STATE UNIVERSITY,TX,773400000,Public,705,711,1563371,755,1577371,519,525,1401793,567,1411543,513,515,4462363,571,4462363,318,322,1560654,344,1566904,72,74,1271297,115,1271297
00360800,SAINT PHILIP'S COLLEGE,TX,782032098,Public,60,65,97669,131,100211,64,68,138848,139,144835,-,-, -,-, -,-,-, -,-, -,-,-, -,-, -
00360900,SAN JACINTO COMMUNITY COLLEGE DISTRICT,TX,775043323,Public,135,141,264778,1157,448373,145,150,345727,1218,554651,-,-, -,-, -,0,0,0,15,15534,-,-, -,-, -
00361000,SCHREINER UNIVERSITY,TX,780285697,Private-Nonprofit,5,5,18188,26,46066,9,9,23000,31,78736,17,17,132080,65,322013,2,2,18226,3,18226,1,1,6424,9,10321
00361100,SOUTH PLAINS COLLEGE,TX,793366595,Public,92,92,273518,252,506177,93,93,276257,275,638744,-,-, -,-, -,3,3,8000,6,27312,-,-, -,-, -
00361200,UNIVERSITY OF HOUSTON - DOWNTOWN,TX,770021001,Public,411,422,1157551,440,1160270,365,383,1203083,401,1204835,173,185,1258276,189,1258276,6,6,38754,6,38754,30,30,300553,30,300553
00361300,SOUTHERN METHODIST UNIVERSITY,TX,752750100,Private-Nonprofit,18,18,70750,27,70750,24,25,67992,37,67992,118,122,1221496,521,3915231,32,39,480978,50,480978,145,161,1803193,434,4639193
00361400,SOUTHWEST TEXAS JUNIOR COLLEGE,TX,788016221,Public,23,26,53843,53,55593,26,30,82378,61,82818,-,-, -,-, -,-,-, -,-, -,-,-, -,-, -
00361500,TEXAS STATE UNIVERSITY,TX,786664684,Public,577,590,1294017,644,1306017,543,558,1284978,609,1292478,253,260,1139330,271,1139330,170,176,873117,213,887012,51,54,311776,54,311776
00361600,SOUTHWESTERN ASSEMBLIES OF GOD UNIVERSITY,TX,751652397,Private-Nonprofit,24,24,70913,94,139168,20,20,55106,81,110018,5,5,28253,29,98862,2,2,9613,25,139803,5,5,37354,16,81304
00361900,SOUTHWESTERN ADVENTIST UNIVERSITY,TX,760591922,Private-Nonprofit,6,6,15500,11,23857,4,4,7750,16,42686,-,-, -,-, -,9,9,64597,17,97968,-,-, -,-, -
00362000,SOUTHWESTERN UNIVERSITY,TX,786266111,Private-Nonprofit,2,2,4068,2,4068,4,4,8430,6,8430,-,-, -,-, -,7,7,30698,7,30698,-,-, -,-, -
00362100,ST. EDWARD'S UNIVERSITY,TX,787040000,Private-Nonprofit,63,68,237764,134,237764,58,62,180002,126,180002,324,354,5744523,835,5744523,19,22,369834,37,369834,91,99,2102032,236,2102032
00362300,ST. MARY'S UNIVERSITY,TX,782288500,Private-Nonprofit,42,42,122780,51,124084,37,38,97956,49,97956,187,197,1518931,201,1529181,8,10,58130,14,58130,83,89,797761,95,797761
00362400,STEPHEN F AUSTIN STATE UNIVERSITY,TX,759620001,Public,405,411,812833,816,813031,282,294,665581,585,668133,249,260,988468,518,990183,157,158,463492,313,463492,3,3,12921,6,12921
00362500,SUL ROSS STATE UNIVERSITY,TX,798320113,Public,90,98,162085,197,163460,78,84,178196,168,178196,87,98,293627,193,293627,5,6,21719,12,21719,-,-, -,-, -
00362600,TARRANT COUNTY COLLEGE DISTRICT,TX,761026599,Public,330,338,706681,833,1019532,294,309,714764,723,1061492,-,-, -,-, -,-,-, -,-, -,-,-, -,-, -
00362700,TEMPLE COLLEGE,TX,765047435,Public,141,142,424054,337,533326,111,112,339351,283,483849,-,-, -,-, -,1,1,568,2,568,-,-, -,-, -
00362800,TEXARKANA COLLEGE,TX,755990001,Public,51,51,143431,226,235735,30,30,47552,171,147943,-,-, -,-, -,-,-, -,-, -,-,-, -,-, -
00363000,PRAIRIE VIEW AGRICULTURAL & MECHANICAL UNIVERSITY,TX,774462967,Public,296,298,546896,583,559554,217,220,506542,422,524667,160,161,830746,322,830746,98,104,473402,189,476654,24,25,138808,51,143871
00363100,TARLETON STATE UNIVERSITY,TX,764010002,Public,252,263,607449,279,617442,428,444,1076253,464,1097312,356,367,1877367,368,1877367,47,49,311429,54,333756,62,68,429051,68,429051
00363200,TEXAS A&M UNIVERSITY,TX,778431246,Public,794,832,1870142,942,1872392,568,584,1420432,677,1420432,1153,1455,18466579,1886,18466579,137,148,964119,171,964119,350,431,4251218,621,4251218
00363400,TEXAS STATE TECHNICAL COLLEGE,TX,767051695,Public,174,174,535899,1118,1773686,173,173,650003,1025,2082143,-,-, -,-, -,0,0,0,28,158947,-,-, -,-, -
00363500,TEXAS CHIROPRACTIC COLLEGE,TX,775051699,Private-Nonprofit,-,-, -,-, -,-,-, -,-, -,115,115,3483334,333,5067541,-,-, -,-, -,53,55,499647,211,798682
00363600,TEXAS CHRISTIAN UNIVERSITY,TX,761290001,Private-Nonprofit,53,55,223675,102,228675,53,54,206379,101,207379,346,354,6536482,961,6536482,39,40,779134,63,800260,167,191,5516106,520,5516106
00363700,JARVIS CHRISTIAN UNIVERSITY,TX,757651470,Private-Nonprofit,10,10,23813,74,84539,11,11,40455,90,119291,-,-, -,-, -,1,1,3000,2,3000,-,-, -,-, -
00363800,TEXAS COLLEGE,TX,757024500,Private-Nonprofit,10,10,31190,32,32940,14,14,46636,47,49761,-,-, -,-, -,4,4,24688,14,24688,-,-, -,-, -
00363900,TEXAS A&M UNIVERSITY - KINGSVILLE,TX,783638203,Public,205,207,416279,208,416279,104,106,247228,106,247228,178,181,783344,181,783344,29,29,146104,29,146104,30,31,181660,31,181660
00364100,TEXAS LUTHERAN UNIVERSITY,TX,781555999,Private-Nonprofit,63,63,152598,99,180223,52,53,185482,80,226982,7,7,52580,34,257580,8,8,35731,13,56301,2,2,16270,15,146699
00364200,TEXAS SOUTHERN UNIVERSITY,TX,770044598,Public,73,73,170572,94,183718,79,81,251082,114,270959,67,67,502195,71,502195,40,40,281231,66,301287,259,265,2842609,297,2879954
00364400,TEXAS TECH UNIVERSITY,TX,794092011,Public,640,648,1124258,700,1137743,639,653,1637324,714,1651756,584,618,2605548,740,3280199,148,162,833301,173,833301,137,154,819829,207,986432
00364500,TEXAS WESLEYAN UNIVERSITY,TX,761051536,Private-Nonprofit,39,40,171755,96,174505,40,40,184688,92,185688,367,371,6890517,847,6890517,2,2,88815,5,88815,136,141,5756348,391,5756348
00364600,TEXAS WOMAN'S UNIVERSITY,TX,762045587,Public,895,929,3275391,2080,3240241,829,884,3687320,1954,3653144,1720,1789,25243967,4394,25117161,37,39,430976,84,427252,101,114,974000,244,974916
00364700,TRINITY UNIVERSITY,TX,782127200,Private-Nonprofit,6,7,24666,13,26416,8,8,25653,14,26653,46,46,889737,94,889737,-,-, -,-, -,8,8,158484,22,158484
00364800,TYLER JUNIOR COLLEGE,TX,757013436,Public,68,68,211618,153,236454,69,69,175393,163,238713,-,-, -,-, -,3,3,12385,6,12385,-,-, -,-, -
00365100,UNIVERSITY OF DALLAS,TX,750624799,Private-Nonprofit,14,16,37750,19,40247,14,15,29000,17,29000,110,110,1758667,231,2275828,2,2,39539,7,71622,11,12,178134,28,235446
00365200,UNIVERSITY OF HOUSTON,TX,772042018,Public,981,1016,2441230,1268,2543761,762,802,2023963,1032,2092884,720,763,4595244,803,4624102,89,107,702715,119,756339,152,167,1578802,169,1584627
00365400,UNIVERSITY OF SAINT THOMAS,TX,770064626,Private-Nonprofit,74,75,310445,172,422164,127,131,599178,220,739602,104,105,763574,107,763574,9,9,132406,12,143406,28,29,248709,31,248709
00365600,UNIVERSITY OF TEXAS AT ARLINGTON,TX,760190125,Public,2255,2320,3887645,2359,3924602,2146,2340,4143974,2368,4188475,2357,2427,14654813,2433,14668479,50,52,376765,70,376765,80,83,444979,104,447479
00365800,UNIVERSITY OF TEXAS AT AUSTIN,TX,787120000,Public,901,936,1937035,992,1972748,525,550,1118477,629,1167482,666,848,7966236,1057,8045118,500,522,2998913,554,3138639,586,625,6074878,664,6140925
00365900,UNIVERSITY OF TEXAS HEALTH SCIENCE CENTER AT SAN ANTONIO,TX,782293900,Public,58,59,248695,137,373967,35,35,172216,112,340836,254,298,5933078,895,8724302,0,0,0,2,19205,73,80,357839,384,2012382
00366100,UNIVERSITY OF TEXAS AT EL PASO,TX,799680500,Public,585,592,1610841,642,1614836,477,484,1187953,504,1190953,368,373,2032371,382,2047688,40,40,174149,41,174149,89,92,647859,96,647859
00366200,VICTORIA COLLEGE,TX,779014494,Public,10,10,18641,21,20391,18,18,36898,37,37648,-,-, -,-, -,-,-, -,-, -,-,-, -,-, -
00366300,WAYLAND BAPTIST UNIVERSITY,TX,790726998,Private-Nonprofit,178,189,484724,235,514099,178,198,562348,244,598830,104,120,682913,135,712488,10,12,100910,15,100910,4,4,23995,8,41650
00366400,WEATHERFORD COLLEGE,TX,760865699,Public,34,34,67585,116,163733,29,30,90885,112,241476,-,-, -,-, -,0,0,0,1,1666,-,-, -,-, -
00366500,WEST TEXAS A&M UNIVERSITY,TX,790150001,Public,159,159,330566,263,330566,146,150,370844,251,373944,207,213,1000259,363,1010261,10,11,41927,15,41927,13,13,85398,23,85398
00366800,WHARTON COUNTY JUNIOR COLLEGE,TX,774883298,Public,11,11,21016,21,21016,11,12,32768,22,32768,-,-, -,-, -,1,1,1250,1,1250,-,-, -,-, -
00366900,WILEY COLLEGE,TX,756705199,Private-Nonprofit,23,23,71552,65,93268,20,20,62172,100,153899,-,-, -,-, -,1,1,6071,2,6071,-,-, -,-, -
00367000,BRIGHAM YOUNG UNIVERSITY,UT,846028406,Private-Nonprofit,148,153,482778,255,492333,122,130,435291,181,435833,37,39,277981,51,277981,5,5,23332,7,23332,8,8,64105,13,64105
00367100,UTAH TECH UNIVERSITY,UT,847703876,Public,61,62,170971,139,265315,58,59,183989,134,286806,6,6,35250,10,52135,3,3,14000,6,27014,-,-, -,-, -
00367200,ENSIGN COLLEGE,UT,841013500,Private-Nonprofit,20,20,37669,20,37669,17,18,50383,18,50383,-,-, -,-, -,-,-, -,-, -,-,-, -,-, -
00367500,UNIVERSITY OF UTAH,UT,841129055,Public,464,477,1081268,515,1096268,359,375,887540,409,900290,691,748,5377070,779,5398570,40,46,287747,50,287747,448,493,5659370,529,5662235
00367700,UTAH STATE UNIVERSITY,UT,843221400,Public,268,280,747870,377,754370,173,176,683417,206,694937,122,127,1055772,150,1065443,4,4,19621,4,19621,27,29,280890,30,280890
00367800,SOUTHERN UTAH UNIVERSITY,UT,847202415,Public,193,196,521750,211,533075,193,196,615322,203,620952,328,331,1761430,335,1777543,6,6,92261,24,322329,4,4,19866,11,82919
00367900,SNOW COLLEGE,UT,846271299,Public,10,10,22976,25,29402,17,17,52331,35,61405,-,-, -,-, -,1,1,1500,2,1500,-,-, -,-, -
00368000,WEBER STATE UNIVERSITY,UT,844081001,Public,234,235,746040,649,1314440,212,212,884173,585,1576394,41,41,351902,109,742962,0,0,0,3,14861,2,2,5714,2,5714
00368100,WESTMINSTER UNIVERSITY,UT,841053697,Private-Nonprofit,3,3,5333,6,11667,5,5,19387,9,32471,27,27,468916,109,1005317,3,3,25727,3,25727,15,15,219847,64,796024
00368200,BENNINGTON COLLEGE,VT,052016001,Private-Nonprofit,3,3,7894,3,7894,2,2,2000,2,2000,27,28,378219,40,378219,4,4,62815,4,62815,5,5,13865,7,13865
00368400,CHAMPLAIN COLLEGE,VT,054013950,Private-Nonprofit,419,459,1499266,971,1506295,463,499,2279917,1043,2284750,185,188,2482093,390,2475260,12,13,89314,16,89314,15,15,167534,33,161967
00368600,GODDARD COLLEGE,VT,056670000,Private-Nonprofit,1,1,1000,2,3750,0,0,0,1,3500,-,-, -,-, -,-,-, -,-, -,3,4,13301,5,13301
00369100,MIDDLEBURY COLLEGE,VT,057530000,Private-Nonprofit,10,10,32924,20,32924,11,11,42723,19,42723,42,42,411876,47,411876,5,5,107889,9,107889,7,7,72540,9,75435
00369200,NORWICH UNIVERSITY,VT,056631035,Private-Nonprofit,34,34,90805,82,166370,41,41,129416,98,244113,71,73,616629,213,1359110,9,9,43374,14,53973,18,19,147651,82,376595
00369400,SAINT MICHAEL'S COLLEGE,VT,054390001,Private-Nonprofit,7,7,27073,14,29823,6,6,14184,12,14184,7,7,31977,7,31977,6,6,49856,8,49856,2,2,16505,2,16505
00369600,UNIVERSITY OF VERMONT AND STATE AGRICULTURAL COLLEGE,VT,054050160,Public,60,60,190865,97,224712,39,39,133580,63,141712,56,56,555034,75,712113,27,30,270110,41,341676,58,58,839318,146,1749688
00369700,VERMONT COLLEGE OF FINE ARTS,VT,056023128,Private-Nonprofit,-,-, -,-, -,-,-, -,-, -,45,46,795666,125,1212285,-,-, -,-, -,24,25,671375,44,800339
00369800,VERMONT STATE UNIVERSITY,VT,050610500,Public,94,96,234211,284,448008,78,79,199979,269,545866,69,71,325371,153,730228,9,9,53610,9,53610,0,0,0,1,3890
00370200,AVERETT UNIVERSITY,VA,245413692,Private-Nonprofit,36,36,98721,59,125971,37,37,147594,47,163844,61,63,313708,63,313708,9,9,135876,17,164599,6,6,50835,6,50835
00370300,BLUEFIELD COLLEGE,VA,246051799,Private-Nonprofit,37,40,102737,179,207401,28,30,79464,165,208275,28,28,163271,123,486538,13,14,42723,19,44390,3,3,13191,13,37494
00370400,BRIDGEWATER COLLEGE,VA,228121599,Private-Nonprofit,0,0,0,2,4500,1,1,3750,4,7750,21,21,403331,61,403331,2,2,19296,2,19296,4,4,56342,12,56342
00370500,COLLEGE OF WILLIAM & MARY,VA,231878795,Public,50,51,162542,61,162542,38,40,114177,52,114177,126,130,1442911,502,3831487,14,16,128640,16,128640,61,65,573450,176,1583894
00370600,CHRISTOPHER NEWPORT UNIVERSITY,VA,236063072,Public,4,4,13500,5,13500,7,7,21435,8,21435,10,11,88715,11,88715,4,4,29093,4,29093,-,-, -,-, -
00370700,RICHARD BLAND COLLEGE,VA,238057100,Public,9,9,21063,20,23113,9,9,30624,20,32985,-,-, -,-, -,2,2,13750,4,13750,-,-, -,-, -
00370800,EASTERN MENNONITE UNIVERSITY,VA,228022462,Private-Nonprofit,52,53,129862,56,131612,59,60,128548,68,129676,29,30,206753,30,206753,6,6,32532,7,34932,6,6,21225,6,21225
00370900,EMORY & HENRY COLLEGE,VA,243270010,Private-Nonprofit,15,15,44218,21,44590,12,12,34727,18,34727,33,33,566384,229,1894925,9,9,76034,11,76034,18,21,85769,204,1838705
00371100,FERRUM COLLEGE,VA,240882612,Private-Nonprofit,4,4,7500,8,7500,4,4,8000,8,8000,3,3,10000,9,27067,7,7,31352,14,31352,-,-, -,-, -
00371200,TIDEWATER COMMUNITY COLLEGE,VA,235101910,Public,248,253,590248,443,594248,264,274,491417,490,500422,-,-, -,-, -,3,3,16411,6,16411,-,-, -,-, -
00371300,HAMPDEN SYDNEY COLLEGE,VA,239430128,Private-Nonprofit,2,2,8000,4,8000,3,3,5944,5,5944,-,-, -,-, -,3,3,18041,5,18041,-,-, -,-, -
00371400,HAMPTON UNIVERSITY,VA,236680099,Private-Nonprofit,30,30,86873,50,96998,37,37,116957,60,130332,104,104,1689283,264,1665805,40,42,640690,63,666645,130,131,1399431,280,1380920
00371500,HOLLINS UNIVERSITY,VA,240194421,Private-Nonprofit,-,-, -,-, -,1,1,1003,2,1003,54,55,672177,78,672177,-,-, -,-, -,5,6,52426,11,52426
00371900,LONGWOOD UNIVERSITY,VA,239091899,Public,38,38,74051,38,74051,28,30,83549,33,83549,130,131,722282,132,722282,30,31,140068,33,140068,37,37,256056,37,256056
00372000,UNIVERSITY OF LYNCHBURG,VA,245013199,Private-Nonprofit,9,9,37750,15,45500,8,8,35772,14,43522,203,203,3137758,483,4736712,7,7,58436,13,80435,81,81,1091301,154,1332528
00372100,JAMES MADISON UNIVERSITY,VA,228073780,Public,350,358,1293187,386,1319843,227,240,644388,270,671618,214,316,1921288,321,1921288,50,50,315069,59,327248,8,8,39236,11,39236
00372300,MARY BALDWIN UNIVERSITY,VA,244013610,Private-Nonprofit,43,44,88087,117,196922,51,54,127579,122,253631,92,96,893440,297,2312271,4,4,14795,8,27624,139,146,969750,147,979750
00372400,MARYMOUNT UNIVERSITY,VA,222074224,Private-Nonprofit,15,15,38042,62,124245,9,9,35416,59,154812,173,177,1608720,179,1608720,12,13,148439,18,224819,145,148,2448332,152,2457889
00372600,AMERICAN NATIONAL UNIVERSITY,VA,241534524,Proprietary,405,534,830906,1506,1147065,323,420,702685,925,950332,12,17,99880,59,142147,2,2,6575,3,6575,-,-, -,-, -
00372700,NORTHERN VIRGINIA COMMUNITY COLLEGE,VA,220033743,Public,428,431,1128162,560,1320223,300,307,1041761,438,1307786,-,-, -,-, -,6,6,32416,6,32416,-,-, -,-, -
00372800,OLD DOMINION UNIVERSITY,VA,235290001,Public,699,707,1731312,756,1741738,672,682,2202810,737,2210212,277,282,2422216,283,2422216,136,149,865892,167,865892,105,113,869529,114,869529
00373200,RADFORD UNIVERSITY,VA,241426905,Public,145,147,333241,229,362541,147,149,401744,218,434673,408,415,3380555,520,3468584,34,36,207590,50,207590,38,41,169627,44,169627
00373300,RANDOLPH - MACON COLLEGE,VA,230055505,Private-Nonprofit,1,1,4500,2,4500,2,2,8500,4,8500,-,-, -,-, -,3,3,14160,5,27058,-,-, -,-, -
00373400,RANDOLPH COLLEGE,VA,245031526,Private-Nonprofit,0,0,0,1,226,1,1,1984,1,1984,47,48,642531,71,642531,-,-, -,-, -,4,4,20900,6,20900
00373500,VIRGINIA COMMONWEALTH UNIVERSITY,VA,232849004,Public,256,260,732901,347,819375,246,252,775720,353,861524,217,217,2338479,577,4774032,108,116,960986,124,960986,377,413,3976564,445,4052649
00373600,ROANOKE COLLEGE,VA,241533794,Private-Nonprofit,-,-, -,-, -,2,2,8250,2,8250,-,-, -,-, -,16,17,75114,17,75114,-,-, -,-, -
00373700,SHENANDOAH UNIVERSITY,VA,226015195,Private-Nonprofit,37,37,172354,82,203101,41,41,270796,89,306828,149,149,2884534,546,4671981,2,2,7814,3,7814,132,141,1209038,155,1229964
00373800,SOUTHERN VIRGINIA UNIVERSITY,VA,244163038,Private-Nonprofit,29,29,115006,45,130724,26,27,93753,41,100753,-,-, -,-, -,-,-, -,-, -,-,-, -,-, -
00374200,SWEET BRIAR COLLEGE,VA,245959998,Private-Nonprofit,1,1,3260,2,3260,-,-, -,-, -,-,-, -,-, -,2,2,11300,3,11300,-,-, -,-, -
00374300,UNION PRESBYTERIAN SEMINARY,VA,232274514,Private-Nonprofit,-,-, -,-, -,-,-, -,-, -,0,0,0,3,11783,-,-, -,-, -,-,-, -,-, -
00374400,UNIVERSITY OF RICHMOND,VA,231730001,Private-Nonprofit,22,22,66555,24,69305,11,11,24816,12,25816,17,17,118696,17,118696,3,3,11683,3,11683,2,2,11430,3,11430
00374500,UNIVERSITY OF VIRGINIA,VA,229032600,Public,162,167,482883,294,500847,103,108,290403,198,317333,394,400,3675585,529,3698139,27,27,262023,40,269370,340,418,4664142,654,4731939
00374600,UNIVERSITY OF MARY WASHINGTON,VA,224015358,Public,13,13,29231,13,29231,22,22,73133,25,73133,9,9,44366,10,46309,2,2,4734,5,21568,-,-, -,-, -
00374700,UNIVERSITY OF VIRGINIA'S COLLEGE AT WISE (THE),VA,242934412,Public,48,49,69547,77,74047,45,45,64255,72,73294,-,-, -,-, -,1,1,313,1,313,-,-, -,-, -
00374900,GEORGE MASON UNIVERSITY,VA,220304444,Public,381,387,1036725,436,1039513,355,361,1136141,407,1136141,280,281,2938916,881,6902810,105,114,777807,119,797871,138,150,1590959,220,2286874
00375300,VIRGINIA MILITARY INSTITUTE,VA,244502138,Public,1,1,4500,2,4500,4,4,20000,7,20000,-,-, -,-, -,5,6,34056,6,34056,-,-, -,-, -
00375400,VIRGINIA POLYTECHNIC INSTITUTE & STATE UNIVERSITY,VA,240612000,Public,144,149,360935,159,369185,90,90,203947,99,209447,214,216,2431880,220,2431880,71,78,575300,84,575300,62,66,529956,76,529956
00375800,DANVILLE COMMUNITY COLLEGE,VA,245414004,Public,6,6,14990,13,16740,15,15,34684,29,35821,-,-, -,-, -,-,-, -,-, -,-,-, -,-, -
00375900,J SARGEANT REYNOLDS COMMUNITY COLLEGE,VA,232285622,Public,37,37,83423,75,85173,48,49,127964,101,136214,-,-, -,-, -,1,1,6000,2,6000,-,-, -,-, -
00376000,VIRGINIA WESTERN COMMUNITY COLLEGE,VA,240154700,Public,40,43,107694,82,107694,31,31,74968,61,74968,-,-, -,-, -,-,-, -,-, -,-,-, -,-, -
00376100,WYTHEVILLE COMMUNITY COLLEGE,VA,243823308,Public,4,4,6097,8,6097,6,6,8399,12,8399,-,-, -,-, -,-,-, -,-, -,-,-, -,-, -
00376200,VIRGINIA UNIVERSITY OF LYNCHBURG,VA,245016400,Private-Nonprofit,6,6,13170,26,28616,8,8,9275,32,27671,58,58,428976,238,1179454,1,1,3200,3,5762,5,5,31495,18,90644
00376400,VIRGINIA STATE UNIVERSITY,VA,238060001,Public,20,20,47713,54,78181,18,21,43579,56,61329,12,12,92944,25,102039,8,8,45823,22,105279,9,9,77239,18,77239
00376500,NORFOLK STATE UNIVERSITY,VA,235048000,Public,235,236,413117,248,413117,201,210,459909,224,459909,20,21,135163,28,135163,83,85,528434,96,530398,1,1,5279,1,5279
00376600,VIRGINIA UNION UNIVERSITY,VA,232201711,Private-Nonprofit,19,19,67750,54,101000,25,30,72080,81,104330,10,10,133188,69,440399,3,3,46569,9,66876,0,0,0,5,17956
00376700,VIRGINIA WESLEYAN UNIVERSITY,VA,234550000,Private-Nonprofit,30,30,106688,74,144222,30,30,126458,77,184264,8,8,93525,32,200499,0,0,0,4,11297,-,-, -,-, -
00376800,WASHINGTON AND LEE UNIVERSITY,VA,244500303,Private-Nonprofit,2,2,1519,4,1519,4,4,4348,7,4348,-,-, -,-, -,-,-, -,-, -,2,2,18718,4,18718
00376900,BELLEVUE COLLEGE,WA,980076484,Public,21,21,41345,28,44409,20,20,55461,27,61961,-,-, -,-, -,-,-, -,-, -,-,-, -,-, -
00377000,BIG BEND COMMUNITY COLLEGE,WA,988373299,Public,12,12,26150,75,93082,10,10,21264,72,95251,-,-, -,-, -,0,0,0,6,43960,-,-, -,-, -
00377100,CENTRAL WASHINGTON UNIVERSITY,WA,989267501,Public,350,363,846202,727,1238701,286,298,828291,711,1346692,131,138,841009,193,1114143,108,108,683609,250,1398910,52,52,304078,59,321943
00377300,CLARK COLLEGE,WA,986633598,Public,79,79,187775,125,201783,65,66,211198,101,244193,-,-, -,-, -,1,1,4000,3,9568,-,-, -,-, -
00377400,COLUMBIA BASIN COLLEGE,WA,993013379,Public,61,63,149790,188,279643,61,62,159939,218,395553,-,-, -,-, -,2,2,11848,5,24615,-,-, -,-, -
00377500,EASTERN WASHINGTON UNIVERSITY,WA,990042444,Public,235,250,548468,548,927745,184,193,487300,526,946804,480,558,2661345,893,4132249,17,18,67771,38,121052,119,124,659836,147,709715
00377600,EVERETT COMMUNITY COLLEGE,WA,982011352,Public,23,23,57008,74,89444,21,21,62584,75,113667,-,-, -,-, -,1,1,7729,3,12075,-,-, -,-, -
00377700,HERITAGE UNIVERSITY,WA,989489562,Private-Nonprofit,2,2,4500,5,13333,7,8,24245,11,31401,13,13,154088,18,188587,1,1,8000,1,8000,3,3,27000,3,27000
00377800,GONZAGA UNIVERSITY,WA,992580083,Private-Nonprofit,22,22,44529,43,74244,14,14,49892,19,59873,114,114,1125887,656,4591801,11,11,80300,12,90386,137,139,1791840,233,2490015
00377900,GRAYS HARBOR COLLEGE,WA,985207599,Public,15,15,24710,58,57732,16,16,40928,70,115515,-,-, -,-, -,-,-, -,-, -,-,-, -,-, -
00378000,GREEN RIVER COLLEGE,WA,980923622,Public,250,268,805155,945,1180261,220,236,896752,853,1368478,-,-, -,-, -,2,2,44456,6,51893,-,-, -,-, -
00378100,HIGHLINE COLLEGE,WA,981989800,Public,28,30,89313,95,125925,20,24,65758,93,143197,-,-, -,-, -,-,-, -,-, -,-,-, -,-, -
00378200,LOWER COLUMBIA COLLEGE,WA,986320310,Public,41,41,50182,125,96583,37,37,75716,121,141949,-,-, -,-, -,1,1,2500,3,5834,-,-, -,-, -
00378300,NORTHWEST UNIVERSITY,WA,980337523,Private-Nonprofit,11,11,28027,48,91759,30,30,96626,67,175675,27,27,158967,176,1315081,6,6,24736,9,36003,6,6,36407,30,160100
00378400,OLYMPIC COLLEGE,WA,983371600,Public,29,29,66863,135,153406,22,22,63293,151,251481,-,-, -,-, -,1,1,6565,2,6565,-,-, -,-, -
00378500,PACIFIC LUTHERAN UNIVERSITY,WA,984470003,Private-Nonprofit,14,15,47335,26,48710,17,18,69736,32,69736,167,168,2365884,269,2376134,5,5,59584,10,70073,41,41,544686,69,544686
00378600,PENINSULA COLLEGE,WA,983626660,Public,11,11,17250,31,27441,7,7,13922,22,24123,-,-, -,-, -,0,0,0,1,6616,-,-, -,-, -
00378700,SEATTLE CENTRAL COLLEGE,WA,981222413,Public,52,52,151434,200,271822,41,42,152752,198,368843,-,-, -,-, -,-,-, -,-, -,-,-, -,-, -
00378800,SEATTLE PACIFIC UNIVERSITY,WA,981191997,Private-Nonprofit,60,61,220279,199,264018,61,66,224671,207,267334,257,262,5031611,870,5023070,16,17,215979,44,276087,75,76,1904645,252,1910019
00379000,SEATTLE UNIVERSITY,WA,981221090,Private-Nonprofit,75,77,204597,123,216931,76,78,185715,124,200213,771,786,13889588,2471,13872506,15,17,220241,28,248049,336,374,7810821,966,7812322
00379100,SHORELINE COMMUNITY COLLEGE,WA,981335696,Public,33,33,80833,123,196086,20,20,58472,124,257924,-,-, -,-, -,1,1,7268,5,27217,-,-, -,-, -
00379200,SKAGIT VALLEY COLLEGE,WA,982735899,Public,24,24,61844,141,175878,16,16,39133,149,251641,-,-, -,-, -,-,-, -,-, -,-,-, -,-, -
00379300,SPOKANE COMMUNITY COLLEGE,WA,992075399,Public,112,112,256069,363,416813,64,64,156934,234,320498,-,-, -,-, -,1,1,3465,3,7842,-,-, -,-, -
00379400,SAINT MARTIN'S UNIVERSITY,WA,985037500,Private-Nonprofit,35,35,160771,84,163521,34,34,145765,78,146765,74,76,1250917,176,1250917,15,15,253331,26,253331,21,21,371346,46,371346
00379600,TACOMA COMMUNITY COLLEGE,WA,984666100,Public,190,202,444356,484,553402,148,160,403084,405,557167,-,-, -,-, -,1,1,6271,2,6271,-,-, -,-, -
00379700,UNIVERSITY OF PUGET SOUND,WA,984160001,Private-Nonprofit,14,14,41566,22,41566,16,17,51727,28,51727,103,105,1186321,172,1186321,3,4,36875,4,36875,14,15,47863,15,47863
00379800,UNIVERSITY OF WASHINGTON - SEATTLE,WA,981951122,Public,1206,1231,4417962,3662,4597120,966,987,3544776,2847,3705088,1865,1901,52178101,6602,53216092,173,188,4551050,557,4688242,1370,1770,31152591,4619,31345822
00379900,WALLA WALLA UNIVERSITY,WA,993241198,Private-Nonprofit,82,90,202413,524,836944,60,65,101351,582,779535,68,69,591653,167,1194203,5,5,36987,35,226008,20,23,203943,64,516269
00380000,WASHINGTON STATE UNIVERSITY,WA,991641035,Public,599,615,1638736,659,1641486,388,400,1033397,456,1035730,396,415,2183926,426,2210248,223,227,1772866,237,1772866,489,531,3535284,546,3535284
00380100,WENATCHEE VALLEY COLLEGE,WA,988011799,Public,13,13,33546,73,89968,7,7,7171,66,92446,-,-, -,-, -,0,0,0,1,1806,-,-, -,-, -
00380200,WESTERN WASHINGTON UNIVERSITY,WA,982255946,Public,150,151,502726,512,909983,162,162,531729,536,948826,25,25,162443,86,391930,25,25,158221,97,493409,15,15,94150,42,222996
00380300,WHITMAN COLLEGE,WA,993622067,Private-Nonprofit,9,9,27650,16,27650,8,8,21478,15,21478,-,-, -,-, -,-,-, -,-, -,-,-, -,-, -
00380400,WHITWORTH UNIVERSITY,WA,992510001,Private-Nonprofit,20,20,66349,117,210133,16,16,60324,114,258420,62,65,684592,202,1295036,2,2,9000,4,9000,8,8,78515,26,121288
00380500,YAKIMA VALLEY COLLEGE,WA,989072520,Public,39,39,95579,136,151139,33,33,111093,121,186604,-,-, -,-, -,-,-, -,-, -,-,-, -,-, -
00380600,ALDERSON BROADDUS UNIVERSITY,WV,264161051,Private-Nonprofit,23,24,93741,59,90075,26,28,135699,68,133628,67,67,1120679,164,1120679,6,6,29820,6,29820,61,64,2482774,149,2438877
00380800,BETHANY COLLEGE,WV,260320417,Private-Nonprofit,7,7,15900,19,29900,12,16,38382,35,43382,-,-, -,-, -,2,2,10131,5,21406,-,-, -,-, -
00380900,BLUEFIELD STATE UNIVERSITY,WV,247012198,Public,19,19,40880,38,40880,17,17,44332,36,44332,-,-, -,-, -,4,4,17200,8,17200,-,-, -,-, -
00381000,CONCORD UNIVERSITY,WV,247120000,Public,52,56,81377,108,81377,38,40,75401,79,75401,153,161,1153277,318,1153277,6,6,17439,12,17439,6,6,26766,12,26766
00381100,DAVIS & ELKINS COLLEGE,WV,262413996,Private-Nonprofit,8,8,22454,25,37004,9,9,33941,26,52231,-,-, -,-, -,-,-, -,-, -,-,-, -,-, -
00381200,FAIRMONT STATE UNIVERSITY,WV,265542470,Public,30,30,56276,35,56276,35,35,79934,44,82134,38,39,202618,39,202618,8,8,17866,13,25366,5,5,34258,5,34258
00381300,GLENVILLE STATE UNIVERSITY,WV,263511200,Public,10,10,29042,23,33577,12,14,25280,30,27413,-,-, -,-, -,1,1,6000,3,11886,-,-, -,-, -
00381500,MARSHALL UNIVERSITY,WV,257553300,Public,174,186,378501,321,380251,163,178,354351,302,354351,485,504,3592813,624,4262732,36,38,181056,59,181056,350,367,3806034,464,4760907
00381600,SOUTHERN WEST VIRGINIA COMMUNITY AND TECHNICAL COLLEGE,WV,256013542,Public,4,4,8750,8,8750,4,4,11463,8,11463,-,-, -,-, -,-,-, -,-, -,-,-, -,-, -
00381800,UNIVERSITY OF CHARLESTON,WV,253041099,Private-Nonprofit,224,226,352027,337,353034,255,262,606999,394,610241,134,135,2302062,308,2466078,6,6,28002,10,28002,68,70,1902412,194,2135072
00382000,SALEM UNIVERSITY,WV,264260500,Proprietary,160,163,317455,336,505597,142,146,382007,304,589165,52,54,398165,118,552348,7,8,22757,17,31707,1,1,3214,1,3214
00382200,SHEPHERD UNIVERSITY,WV,254435000,Public,52,54,112438,56,112438,46,47,106437,48,106437,16,16,73622,16,73622,5,5,23112,6,27945,1,2,9953,2,9953
00382300,WEST LIBERTY UNIVERSITY,WV,260740295,Public,6,6,12520,7,12520,9,9,31629,12,31629,58,63,690698,133,690698,11,11,49608,16,49608,26,29,843125,73,843125
00382600,WEST VIRGINIA STATE UNIVERSITY,WV,251120000,Public,10,10,25063,18,25063,9,9,20373,18,24623,13,13,97003,29,126463,3,3,16178,6,21178,3,3,18151,8,27171
00382700,WEST VIRGINIA UNIVERSITY,WV,265066201,Public,430,431,826079,438,826079,365,368,841760,384,841760,883,887,6535844,891,6540703,135,146,1210646,151,1210646,431,452,6012137,463,6016323
00382800,WEST VIRGINIA UNIVERSITY - PARKERSBURG,WV,261019577,Public,37,37,68616,74,68616,45,45,125408,89,125408,-,-, -,-, -,-,-, -,-, -,-,-, -,-, -
00383000,WEST VIRGINIA WESLEYAN COLLEGE,WV,262012600,Private-Nonprofit,1,1,1065,5,4039,3,3,5862,5,9141,2,2,8600,13,57796,1,1,543,4,8950,2,2,7769,2,7769
00383100,WHEELING UNIVERSITY,WV,260036243,Private-Nonprofit,9,9,35265,22,39265,13,14,74495,35,81245,99,102,1766842,237,1766842,4,5,61232,11,70374,54,69,1470518,135,1470518
00383200,ALVERNO COLLEGE,WI,532343922,Private-Nonprofit,36,37,69559,37,69559,42,42,98104,42,98104,357,369,3047070,369,3047070,3,3,19050,3,19050,171,198,2084917,198,2084917
00383500,BELOIT COLLEGE,WI,535115595,Private-Nonprofit,17,17,48384,21,48384,18,18,44175,24,44175,-,-, -,-, -,5,5,40983,5,40983,-,-, -,-, -
00383700,CARDINAL STRITCH UNIVERSITY,WI,532179884,Private-Nonprofit,46,48,186286,117,180869,55,58,293125,137,284973,130,139,2134614,323,2045176,5,5,48292,12,48292,9,10,63425,21,58551
00383800,CARROLL UNIVERSITY,WI,531865593,Private-Nonprofit,15,15,31418,18,34418,16,16,30748,23,39148,266,266,4909480,732,4922309,3,3,24426,5,29064,116,117,3828844,365,3828844
00383900,CARTHAGE COLLEGE,WI,531401994,Private-Nonprofit,19,19,63447,42,79447,25,25,68577,53,80077,9,9,111344,15,122091,8,8,128707,14,152707,2,2,15900,3,15900
00384000,WESTERN TECHNICAL COLLEGE,WI,546010908,Public,143,147,359171,463,762575,173,175,363132,488,942558,-,-, -,-, -,1,1,2500,2,6500,-,-, -,-, -
00384200,CONCORDIA UNIVERSITY,WI,530972402,Private-Nonprofit,19,20,58433,28,71683,19,19,43085,29,70786,146,147,2611353,330,3581621,8,8,77498,9,77498,52,56,885094,199,2153422
00384800,EDGEWOOD COLLEGE,WI,537111958,Private-Nonprofit,24,25,62457,30,62457,29,29,107624,31,107624,107,107,548398,109,548398,2,2,41418,4,41418,11,11,157325,26,157325
00385400,LAKELAND UNIVERSITY,WI,530734878,Private-Nonprofit,53,55,171299,228,433556,56,58,234773,235,625330,54,56,443110,171,1156646,3,4,11802,4,11802,3,3,16184,8,41657
00385600,LAWRENCE UNIVERSITY,WI,549110000,Private-Nonprofit,8,8,24630,22,32812,8,8,12381,18,18847,-,-, -,-, -,1,1,15825,2,18414,-,-, -,-, -
00386100,MARIAN UNIVERSITY,WI,549354699,Private-Nonprofit,55,58,128363,64,132863,58,62,228317,72,233817,50,52,318648,52,318648,8,8,49519,10,49519,7,7,58839,7,58839
00386300,MARQUETTE UNIVERSITY,WI,532011881,Private-Nonprofit,39,42,126378,65,128482,55,57,158308,89,159954,341,343,2919646,351,2919646,42,43,424025,59,424025,330,364,4860460,381,4860460
00386600,MILWAUKEE AREA TECHNICAL COLLEGE,WI,532331443,Public,236,241,563092,536,591769,255,260,707796,584,759064,-,-, -,-, -,-,-, -,-, -,-,-, -,-, -
00386800,MILWAUKEE SCHOOL OF ENGINEERING,WI,532023109,Private-Nonprofit,48,51,169030,123,194559,58,58,266486,145,289163,7,7,48607,13,78440,4,5,53654,11,66415,1,1,10546,8,36948
00386900,MOUNT MARY UNIVERSITY,WI,532224597,Private-Nonprofit,16,16,50529,35,50529,12,12,46502,28,46502,126,127,1882211,281,1882211,1,1,20000,2,20000,14,15,204673,36,204673
00387400,NASHOTAH HOUSE,WI,530589793,Private-Nonprofit,-,-, -,-, -,-,-, -,-, -,3,3,30510,7,30510,-,-, -,-, -,-,-, -,-, -
00388400,RIPON COLLEGE,WI,549710248,Private-Nonprofit,2,2,4832,3,4832,10,10,39516,19,39516,-,-, -,-, -,1,1,13476,2,13476,-,-, -,-, -
00389200,ST NORBERT COLLEGE,WI,541152099,Private-Nonprofit,5,5,12750,7,12750,9,9,20099,14,20099,-,-, -,-, -,3,3,18226,4,18226,-,-, -,-, -
00389500,UNIVERSITY OF WISCONSIN - MADISON,WI,537061380,Public,457,465,1319664,511,1321914,220,227,694406,308,695406,365,382,2969412,405,2976659,45,47,407473,52,407473,239,259,2345013,303,2349333
00389600,UNIVERSITY OF WISCONSIN - MILWAUKEE,WI,532113165,Public,527,532,1224847,730,1335929,353,365,1083844,581,1241088,227,234,1265060,238,1279385,48,55,330953,68,330953,87,93,820727,101,820727
00389900,UNIVERSITY OF WISCONSIN - GREEN BAY,WI,543117001,Public,251,256,393882,256,393882,264,274,540661,274,540661,42,42,222966,42,222966,3,3,19238,3,19238,4,4,18838,4,18838
00391100,VITERBO UNIVERSITY,WI,546014777,Private-Nonprofit,43,43,90992,44,90992,48,49,128911,49,128911,158,160,857086,160,857086,5,5,35491,5,35491,54,56,231893,56,231893
00391500,UNIVERSITY OF WISCONSIN - STOUT,WI,547510790,Public,69,70,178558,75,181683,81,82,209768,88,217642,89,90,408108,90,408108,13,13,58679,15,66431,8,9,21986,9,21986
00391700,UNIVERSITY OF WISCONSIN - EAU CLAIRE,WI,547024004,Public,146,147,364188,189,367516,118,120,360675,177,361825,47,47,204578,49,204578,10,10,31969,11,31969,1,1,1500,1,1500
00391900,UNIVERSITY OF WISCONSIN - LACROSSE,WI,546013742,Public,198,208,502944,214,502944,129,135,344734,157,350874,278,288,1821322,290,1821322,7,7,49533,7,49533,3,3,7575,3,7575
00392000,UNIVERSITY OF WISCONSIN - OSHKOSH,WI,549018604,Public,139,160,436303,180,436303,132,156,503767,179,507017,141,145,593108,145,593108,10,10,55944,11,55944,20,21,128990,22,128990
00392100,UNIVERSITY OF WISCONSIN - PLATTEVILLE,WI,538183099,Public,46,47,95792,61,105292,46,48,88626,66,113508,15,15,74654,16,84621,10,10,39774,10,39774,1,1,2585,1,2585
00392300,UNIVERSITY OF WISCONSIN - RIVER FALLS,WI,540225013,Public,39,40,84414,53,92414,33,33,99092,53,116194,59,60,328297,62,328297,12,12,42393,12,42393,8,8,52922,8,52922
00392400,UNIVERSITY OF WISCONSIN - STEVENS POINT,WI,544813897,Public,429,469,1484247,990,1503747,470,505,1765442,1217,1794103,204,209,3014352,494,3014352,19,21,158766,39,158766,6,6,79653,16,79653
00392500,UNIVERSITY OF WISCONSIN - SUPERIOR,WI,548802898,Public,80,82,202270,110,225779,98,101,250779,118,277034,171,185,890123,190,892403,1,1,4000,1,4000,8,8,49184,8,49184
00392600,UNIVERSITY OF WISCONSIN - WHITEWATER,WI,531901792,Public,184,191,379603,203,381853,126,128,277911,145,278911,144,148,752438,150,752438,31,32,140543,33,140543,14,14,77956,14,77956
00392800,CASPER COLLEGE,WY,826014612,Public,9,9,20066,28,33203,13,13,42872,39,63334,-,-, -,-, -,-,-, -,-, -,-,-, -,-, -
00392900,EASTERN WYOMING COLLEGE,WY,822401603,Public,1,1,3500,2,3500,1,1,945,2,945,-,-, -,-, -,-,-, -,-, -,-,-, -,-, -
00393000,NORTHERN WYOMING COMMUNITY COLLEGE DISTRICT,WY,828019133,Public,18,18,42033,42,72594,16,16,37996,48,102543,-,-, -,-, -,-,-, -,-, -,-,-, -,-, -
00393100,NORTHWEST COLLEGE,WY,824351895,Public,8,8,14850,15,14850,2,2,7557,4,7557,-,-, -,-, -,-,-, -,-, -,-,-, -,-, -
00393200,UNIVERSITY OF WYOMING,WY,820712000,Public,162,167,385912,171,385912,166,175,425721,185,425721,169,183,1341632,187,1341632,16,17,114525,21,116125,22,25,124878,29,124878
00393300,WESTERN WYOMING COMMUNITY COLLEGE,WY,829010428,Public,41,41,121198,80,101228,39,40,188920,75,143601,-,-, -,-, -,-,-, -,-, -,-,-, -,-, -
00393500,UNIVERSITY OF GUAM,GU,969230000,Public,36,36,110654,102,158969,28,28,97568,75,128551,13,13,104473,30,132712,1,1,8000,2,8000,0,0,0,1,7500
00393600,PONTIFICAL CATHOLIC UNIVERSITY OF PUERTO RICO (THE),PR,007170655,Private-Nonprofit,67,67,179617,424,713127,47,48,138327,170,299353,212,219,753936,863,2731771,-,-, -,-, -,223,224,1504926,483,1679833
00393700,UNIVERSIDAD DEL SAGRADO CORAZON,PR,009148505,Private-Nonprofit,22,22,66424,74,123674,21,21,67118,89,219152,6,6,27997,165,514943,1,1,5000,2,10000,-,-, -,-, -
00393900,INTER AMERICAN UNIVERSITY OF PUERTO RICO - AGUADILLA CAMPUS,PR,006052000,Private-Nonprofit,0,0,0,1,1750,-,-, -,-, -,8,8,18504,8,18504,-,-, -,-, -,-,-, -,-, -
00394000,INTER AMERICAN UNIVERSITY OF PUERTO RICO - METROPOLITAN CAMPUS,PR,009191293,Private-Nonprofit,26,26,55210,36,75494,14,14,33934,19,43018,63,63,341536,85,491737,1,1,4500,1,4500,1,1,6000,2,12834
00394100,UNIVERSIDAD ANA G. MÉNDEZ - CAROLINA CAMPUS,PR,009832010,Private-Nonprofit,249,253,488126,271,517882,246,267,602782,270,607282,247,273,1233699,282,1290470,2,2,37153,2,37153,3,3,26331,3,26331
00394400,UNIVERSITY OF PUERTO RICO - MAYAGUEZ,PR,006800000,Public,60,60,257086,60,257086,5,5,8350,5,8350,6,6,40950,6,40950,-,-, -,-, -,-,-, -,-, -
00394600,UNIVERSITY OF THE VIRGIN ISLANDS,VI,008026025,Public,5,5,16201,12,17688,8,8,35006,18,37756,4,5,35718,8,44451,-,-, -,-, -,3,3,37109,6,37109
00394700,"UNIVERSITY OF CALIFORNIA COLLEGE OF THE LAW, SAN FRANCISCO",CA,941024978,Public,-,-, -,-, -,-,-, -,-, -,2,2,30019,7,46642,-,-, -,-, -,6,6,54147,119,844831
00395400,UNIVERSITY OF CENTRAL FLORIDA,FL,328160001,Public,5357,5439,13243068,5484,13251004,2895,2980,6077789,2994,6086820,2000,2018,24516852,2430,24524892,127,129,719884,132,731586,189,192,2523999,392,2524760
00395500,UNIVERSITY OF WEST FLORIDA (THE),FL,325145750,Public,144,144,506340,248,674062,151,151,589185,247,810367,186,186,1278430,727,3854716,14,14,102191,33,275105,22,23,174905,58,325582
00395600,DALTON STATE COLLEGE,GA,307203797,Public,77,78,136196,154,136196,61,61,112509,122,112509,-,-, -,-, -,2,2,4193,4,4193,-,-, -,-, -
00396100,HARPER COLLEGE,IL,600677398,Public,26,26,54517,52,56097,16,18,43306,36,43340,-,-, -,-, -,-,-, -,-, -,-,-, -,-, -
00396500,BAY STATE COLLEGE,MA,021164101,Proprietary,67,67,217304,166,302090,74,75,324303,189,455584,-,-, -,-, -,7,7,140152,19,169763,-,-, -,-, -
00396600,BOSTON ARCHITECTURAL COLLEGE,MA,021152795,Private-Nonprofit,0,0,0,1,2750,0,0,0,2,5500,2,2,41000,9,91294,1,1,6027,2,6027,8,8,54535,18,82168
00396900,UNIVERSITY OF MINNESOTA - TWIN CITIES,MN,554550422,Public,307,313,769608,358,777622,200,205,558711,267,574934,1293,1393,18036022,1431,18046272,53,59,360867,72,371081,964,1049,8767575,1087,8769606
00397900,"TEACHERS COLLEGE, COLUMBIA UNIVERSITY",NY,100276696,Private-Nonprofit,-,-, -,-, -,-,-, -,-, -,196,210,3050948,479,3749053,-,-, -,-, -,356,422,6141272,787,7138744
00398100,UNIVERSITY OF NORTH CAROLINA SCHOOL OF THE ARTS,NC,271272188,Public,1,1,3500,2,3500,1,1,2000,2,2000,-,-, -,-, -,1,1,6221,2,6221,1,1,2617,2,2617
00398200,CLEVELAND INSTITUTE OF ART (THE),OH,441064387,Private-Nonprofit,-,-, -,-, -,-,-, -,-, -,-,-, -,-, -,0,0,0,1,4600,-,-, -,-, -
00398500,ORAL ROBERTS UNIVERSITY,OK,741710001,Private-Nonprofit,397,468,833003,743,835301,386,465,913819,743,916849,149,150,924006,211,924006,55,61,206138,106,212338,3,3,22614,4,22614
00398600,DESALES UNIVERSITY,PA,180349568,Private-Nonprofit,66,66,236017,131,292351,77,77,308540,143,412822,213,213,3243921,469,3673505,7,7,97683,11,115502,87,87,1593372,181,1617639
00398700,LA ROCHE UNIVERSITY,PA,152375898,Private-Nonprofit,18,18,33518,23,37220,12,12,25906,22,36406,191,191,1916787,192,1919787,7,7,52387,8,52387,122,122,1278134,128,1296201
00398800,NEUMANN UNIVERSITY,PA,190141298,Private-Nonprofit,14,14,36250,52,83165,15,15,57841,60,155555,48,48,782057,185,1416202,6,6,41570,13,47570,10,10,83246,43,289132
00399000,FLORENCE - DARLINGTON TECHNICAL COLLEGE,SC,295011251,Public,24,24,58551,101,130835,37,37,99767,194,344749,-,-, -,-, -,1,1,10191,2,10191,-,-, -,-, -
00399100,GREENVILLE TECHNICAL COLLEGE,SC,296072439,Public,121,125,263245,301,358456,101,111,226794,276,374860,-,-, -,-, -,9,9,27524,17,27524,-,-, -,-, -
00399200,PIEDMONT TECHNICAL COLLEGE,SC,296481467,Public,178,181,535363,535,856054,165,170,732312,501,1200436,-,-, -,-, -,1,1,9437,2,9437,-,-, -,-, -
00399300,MIDLANDS TECHNICAL COLLEGE,SC,291702199,Public,146,150,330283,335,384329,177,195,390087,438,485970,-,-, -,-, -,7,7,24326,24,55458,-,-, -,-, -
00399400,SPARTANBURG COMMUNITY COLLEGE,SC,293034386,Public,31,31,79686,117,147004,24,24,50478,109,156342,-,-, -,-, -,-,-, -,-, -,-,-, -,-, -
00399500,CENTRAL CAROLINA TECHNICAL COLLEGE,SC,291502499,Public,64,65,116019,255,251899,97,97,177896,326,351893,-,-, -,-, -,-,-, -,-, -,-,-, -,-, -
00399600,YORK TECHNICAL COLLEGE,SC,297303395,Public,34,34,81485,68,107330,17,17,54737,44,75042,-,-, -,-, -,-,-, -,-, -,-,-, -,-, -
00399800,CHATTANOOGA STATE COMMUNITY COLLEGE,TN,374061097,Public,133,136,309946,338,429432,136,142,327733,340,454139,-,-, -,-, -,1,1,4000,2,4000,-,-, -,-, -
00399900,CLEVELAND STATE COMMUNITY COLLEGE,TN,373122858,Public,24,24,36919,48,37794,20,20,57794,41,59294,-,-, -,-, -,-,-, -,-, -,-,-, -,-, -
00400300,CENTRAL TEXAS COLLEGE DISTRICT,TX,765404199,Public,85,85,212768,406,412473,71,71,239572,350,501008,-,-, -,-, -,-,-, -,-, -,-,-, -,-, -
00400400,BRIGHTPOINT COMMUNITY COLLEGE,VA,238315316,Public,46,47,119878,86,146740,52,55,143832,101,197682,-,-, -,-, -,3,3,14500,7,21435,-,-, -,-, -
00400700,MADISON AREA TECHNICAL COLLEGE,WI,537042599,Public,193,197,467887,215,476887,139,144,387034,159,399784,-,-, -,-, -,1,1,5300,1,5300,-,-, -,-, -
00401200,HEBREW UNIVERSITY OF JERUSALEM (THE),,91905,Foreign-Private,-,-, -,-, -,-,-, -,-, -,0,0,0,1,3000,-,-, -,-, -,-,-, -,-, -
00402400,GEORGIA NORTHWESTERN TECHNICAL COLLEGE,GA,301616757,Public,37,37,46769,123,69812,20,20,36487,125,115844,-,-, -,-, -,-,-, -,-, -,-,-, -,-, -
00402700,UTAH VALLEY UNIVERSITY,UT,840585999,Public,409,427,1029612,444,1044879,390,410,1004826,421,1024850,66,69,367428,151,948121,11,11,116831,11,116831,5,5,32369,15,96145
00403300,ASHEVILLE BUNCOMBE TECHNICAL COMMUNITY COLLEGE,NC,288014897,Public,20,20,52120,281,181833,13,13,38419,303,253976,-,-, -,-, -,-,-, -,-, -,-,-, -,-, -
00405400,HEBREW UNION COLLEGE - JEWISH INSTITUTE OF RELIGION,NY,100121186,Private-Nonprofit,-,-, -,-, -,-,-, -,-, -,21,22,338915,54,338915,-,-, -,-, -,8,10,118449,18,118449
00405600,KAIROS UNIVERSITY,SD,571052729,Private-Nonprofit,-,-, -,-, -,-,-, -,-, -,4,4,17000,4,17000,-,-, -,-, -,-,-, -,-, -
00405700,NATIONAL AMERICAN UNIVERSITY,SD,577013692,Proprietary,237,239,577107,777,882659,241,243,788779,800,1213920,59,59,659983,216,1059085,3,3,8514,8,9892,-,-, -,-, -
00405800,GRATZ COLLEGE,PA,190273097,Private-Nonprofit,-,-, -,-, -,-,-, -,-, -,14,14,90329,55,341652,-,-, -,-, -,0,0,0,1,8924
00406000,WINEBRENNER THEOLOGICAL SEMINARY,OH,458407514,Private-Nonprofit,-,-, -,-, -,-,-, -,-, -,1,1,7528,11,53325,-,-, -,-, -,0,0,0,1,694
00406200,PITT COMMUNITY COLLEGE,NC,285900000,Public,93,93,169212,226,232630,166,166,380355,382,512731,-,-, -,-, -,1,1,3000,3,6229,-,-, -,-, -
00406900,UNIVERSITY OF MINNESOTA - CROOKSTON,MN,567165001,Public,70,71,162471,73,162471,51,51,110088,54,116338,-,-, -,-, -,1,1,750,1,750,-,-, -,-, -
00407100,WALSH COLLEGE OF ACCOUNTANCY & BUSINESS ADMINISTRATION,MI,480835066,Private-Nonprofit,37,37,130137,137,313378,32,32,102034,116,287656,50,51,320326,233,1434336,0,0,0,3,13000,4,4,19266,15,92004
00407200,NORTHWOOD UNIVERSITY,MI,486402398,Private-Nonprofit,202,205,485793,243,546260,217,221,628919,259,710134,109,109,978038,130,1151911,13,13,90139,14,90139,0,0,0,10,46322
00407500,EASTERN IOWA COMMUNITY COLLEGE DISTRICT,IA,528011419,Public,91,94,178043,195,189528,64,67,112606,136,114445,-,-, -,-, -,-,-, -,-, -,-,-, -,-, -
00407600,KIRKWOOD COMMUNITY COLLEGE,IA,524062068,Public,199,202,437173,456,522511,165,169,362019,411,509200,-,-, -,-, -,5,5,18700,10,18700,-,-, -,-, -
00408000,STARR KING SCHOOL FOR THE MINISTRY,CA,946122624,Private-Nonprofit,-,-, -,-, -,-,-, -,-, -,5,5,94166,14,94166,-,-, -,-, -,3,3,126203,9,126203
00411700,GRADY HEALTH SYSTEM,GA,303033050,Public,0,0,0,20,30388,2,2,7084,25,60023,-,-, -,-, -,-,-, -,-, -,-,-, -,-, -
00423300,SAINT LUKE'S METHODIST HOSPITAL SCHOOL OF RADIOLOGIC TECHNOLOGY,IA,524025098,Private-Nonprofit,4,4,17166,12,17166,3,3,5129,9,5129,-,-, -,-, -,-,-, -,-, -,-,-, -,-, -
00445200,MONTGOMERY COUNTY COMMUNITY COLLEGE,PA,194226300,Public,164,165,423494,435,642449,157,157,465308,410,743223,-,-, -,-, -,2,2,9672,7,15828,-,-, -,-, -
00445300,DALLAS COLLEGE,TX,752023604,Public,531,550,1483650,1238,1657577,498,519,1875821,1163,2071978,-,-, -,-, -,-,-, -,-, -,-,-, -,-, -
00448000,DE ANZA COMMUNITY COLLEGE,CA,950145793,Public,37,37,94246,280,336117,34,35,97868,243,367417,-,-, -,-, -,0,0,0,1,8334,-,-, -,-, -
00448100,OHLONE COLLEGE,CA,945395847,Public,2,2,5250,11,12750,1,1,3000,7,14804,-,-, -,-, -,-,-, -,-, -,-,-, -,-, -
00450200,CITY COLLEGE OF SAN FRANCISCO,CA,941121821,Public,30,30,65522,86,89711,28,28,81831,78,113023,-,-, -,-, -,-,-, -,-, -,-,-, -,-, -
00450600,COLORADO MOUNTAIN COLLEGE,CO,816013307,Public,17,17,49915,42,70699,13,13,36716,31,48792,-,-, -,-, -,-,-, -,-, -,-,-, -,-, -
00450800,UNIVERSITY OF COLORADO DENVER,CO,802042029,Public,337,344,924636,355,928304,250,253,832021,269,840010,1288,1337,8735613,1368,8745863,50,52,329822,56,341739,964,1023,13277483,1048,13294650
00450900,UNIVERSITY OF COLORADO COLORADO SPRINGS,CO,809183735,Public,292,296,758794,318,760544,215,221,663491,251,664491,195,203,1090289,209,1090289,54,54,359232,57,359232,104,107,733392,108,733392
00454900,LEEWARD COMMUNITY COLLEGE,HI,967823393,Public,16,16,44786,32,44786,18,20,44827,40,44827,-,-, -,-, -,-,-, -,-, -,-,-, -,-, -
00456000,GEM CITY COLLEGE,IL,623014949,Proprietary,14,14,33516,33,47886,14,14,27743,32,39654,-,-, -,-, -,-,-, -,-, -,-,-, -,-, -
00457900,INTERNATIONAL BUSINESS COLLEGE,IN,462563954,Proprietary,34,34,110902,92,166453,17,23,43538,75,88786,-,-, -,-, -,8,8,58692,30,122262,-,-, -,-, -
00458600,PURDUE UNIVERSITY GLOBAL,IN,479061332,Public,7038,7554,19152676,23387,29554832,7133,7604,29034179,24350,45571765,3160,3573,31170696,14256,52530854,106,116,917860,449,1400586,85,91,939794,379,1543777
00458700,NORTHEAST IOWA COMMUNITY COLLEGE,IA,521320400,Public,60,64,125213,83,146341,57,64,123310,88,164215,-,-, -,-, -,-,-, -,-, -,-,-, -,-, -
00459500,HAWKEYE COMMUNITY COLLEGE,IA,507048015,Public,106,109,195128,244,234815,69,71,155626,158,185043,-,-, -,-, -,1,1,1868,2,1868,-,-, -,-, -
00459800,IOWA WESTERN COMMUNITY COLLEGE,IA,515030567,Public,147,153,328652,301,328652,86,88,206260,173,206260,-,-, -,-, -,12,12,43569,24,43569,-,-, -,-, -
00460000,NORTHWEST IOWA COMMUNITY COLLEGE,IA,512011046,Public,19,20,39399,50,73038,16,26,57311,68,101602,-,-, -,-, -,-,-, -,-, -,-,-, -,-, -
00460800,BARTON COUNTY COMMUNITY COLLEGE,KS,675309283,Public,56,57,149597,121,160946,36,36,108815,90,163619,-,-, -,-, -,-,-, -,-, -,-,-, -,-, -
00461900,SULLIVAN UNIVERSITY,KY,402053031,Proprietary,942,996,2404015,2760,3284300,876,913,3032039,2463,4125322,137,144,2677911,589,4728867,79,89,846337,277,1169284,83,97,2331261,444,3630630
00462100,AYERS CAREER COLLEGE,LA,711085845,Proprietary,37,38,118304,91,148054,37,38,174545,91,215545,-,-, -,-, -,3,3,19008,8,23534,-,-, -,-, -
00462500,DELGADO COMMUNITY COLLEGE,LA,701194399,Public,347,352,927283,1700,2588640,323,332,869039,1599,2331238,-,-, -,-, -,2,2,7762,7,14204,-,-, -,-, -
00464100,DUNWOODY COLLEGE OF TECHNOLOGY,MN,554031192,Private-Nonprofit,10,10,38500,35,57187,12,12,61274,33,86091,-,-, -,-, -,3,4,31766,4,31766,-,-, -,-, -
00466100,HAMPSHIRE COLLEGE,MA,010023359,Private-Nonprofit,8,8,8651,11,10401,3,3,6000,5,7000,-,-, -,-, -,2,2,30900,2,30900,-,-, -,-, -
00466900,UPPER CAPE COD REGIONAL TECHNICAL SCHOOL,MA,025323310,Public,1,1,1750,1,1750,1,1,1990,1,1990,-,-, -,-, -,-,-, -,-, -,-,-, -,-, -
00467300,BAKER COLLEGE,MI,488678956,Private-Nonprofit,439,446,1386908,962,1388658,484,518,2240502,1126,2243908,60,61,590962,124,590962,7,7,41326,14,41326,-,-, -,-, -
00469200,DORSEY COLLEGE,MI,480711871,Proprietary,1075,1093,2458962,3347,3650107,1061,1078,3589383,3280,5347356,-,-, -,-, -,86,88,416539,298,626589,-,-, -,-, -
00470300,LOGAN UNIVERSITY,MO,630175529,Private-Nonprofit,52,52,122241,145,264254,37,37,134432,129,322963,537,573,14155178,1405,19546489,-,-, -,-, -,310,512,3493281,684,3934527
00470700,COVENANT THEOLOGICAL SEMINARY,MO,631418609,Private-Nonprofit,-,-, -,-, -,1,1,5994,2,5994,29,29,320631,67,320631,-,-, -,-, -,-,-, -,-, -
00471100,STATE TECHNICAL COLLEGE OF MISSOURI,MO,650519607,Public,46,46,121028,95,122228,58,59,201375,123,201375,-,-, -,-, -,1,1,20318,4,29155,-,-, -,-, -
00471300,THREE RIVERS COLLEGE,MO,639012393,Public,41,41,98655,173,245230,24,24,53519,130,181177,-,-, -,-, -,-,-, -,-, -,-,-, -,-, -
00473600,BERGEN COMMUNITY COLLEGE,NJ,076521595,Public,58,60,164905,83,179905,55,55,169258,76,180258,-,-, -,-, -,1,1,600,1,600,-,-, -,-, -
00474000,MERCER COUNTY COMMUNITY COLLEGE,NJ,086900182,Public,31,31,71224,63,72974,31,33,64388,67,67388,-,-, -,-, -,-,-, -,-, -,-,-, -,-, -
00474200,CENTRAL NEW MEXICO COMMUNITY COLLEGE,NM,871064096,Public,85,86,253804,415,574970,29,29,83429,161,230643,-,-, -,-, -,1,1,2000,2,2000,-,-, -,-, -
00474300,CLOVIS COMMUNITY COLLEGE,NM,881018381,Public,13,13,21972,26,21972,9,10,11948,20,11948,-,-, -,-, -,-,-, -,-, -,-,-, -,-, -
00475900,CUNY YORK COLLEGE,NY,114510001,Public,35,35,101823,70,101823,29,31,71339,62,71339,19,20,168575,40,168575,1,1,3500,2,3500,-,-, -,-, -
00476500,CUNY GRADUATE SCHOOL & UNIVERSITY CENTER,NY,100164309,Public,71,74,218283,148,220783,46,47,166131,96,167453,61,65,469084,127,469084,1,1,2750,2,2750,8,10,67796,15,67796
00478800,HERKIMER COUNTY COMMUNITY COLLEGE - SUNY OFFICE OF COMMUNITY COLLEGES,NY,133501598,Public,19,20,24292,42,24292,18,19,31576,44,31576,-,-, -,-, -,4,4,12867,8,12867,-,-, -,-, -
00479900,MONROE COLLEGE,NY,104684305,Proprietary,1428,1476,4447323,3093,5817575,1250,1349,3898813,2639,4935016,168,186,1443273,373,1904879,61,68,385934,112,464434,1,2,5311,3,5311
00483800,GUILFORD TECHNICAL COMMUNITY COLLEGE,NC,272820309,Public,206,206,555491,2577,1887541,170,170,369367,2402,2107695,-,-, -,-, -,3,3,24992,16,31561,-,-, -,-, -
00484400,WAKE TECHNICAL COMMUNITY COLLEGE,NC,276035696,Public,276,281,540388,568,577507,177,178,377687,376,425950,-,-, -,-, -,2,2,7287,4,7287,-,-, -,-, -
00484500,WILSON COMMUNITY COLLEGE,NC,278933310,Public,18,18,31564,52,65381,8,8,16848,33,69540,-,-, -,-, -,-,-, -,-, -,-,-, -,-, -
00485200,CLARK STATE COLLEGE,OH,455054795,Public,218,246,440934,513,485987,194,204,346649,430,390830,-,-, -,-, -,1,1,3413,2,3413,-,-, -,-, -
00485500,DAVIS COLLEGE,OH,436042638,Proprietary,39,39,109155,129,149717,40,41,161557,127,220229,-,-, -,-, -,-,-, -,-, -,-,-, -,-, -
00486100,UNIVERSITY OF NORTHWESTERN OHIO,OH,458051498,Private-Nonprofit,779,1026,1814193,4110,2691630,938,1653,2114357,6818,3068615,8,8,52628,23,90287,199,273,1683493,1116,2369493,-,-, -,-, -
00486600,STAUTZENBERGER COLLEGE,OH,435374007,Proprietary,583,587,1553092,2026,2325243,614,618,2229745,2104,3387435,-,-, -,-, -,11,11,105579,44,155672,-,-, -,-, -
00487800,CLACKAMAS COMMUNITY COLLEGE,OR,970457998,Public,247,277,726676,934,1050795,234,259,806451,862,1238986,-,-, -,-, -,2,2,9238,8,24722,-,-, -,-, -
00488200,OREGON HEALTH & SCIENCE UNIVERSITY,OR,972393098,Public,177,181,727416,524,751095,176,177,980536,500,1004166,929,947,28562668,3455,28672409,9,9,255086,33,255086,652,706,22161030,2635,22202920
00489000,CENTRAL PENN COLLEGE,PA,170930309,Proprietary,147,147,422333,688,887225,189,191,678604,822,1327915,2,2,22251,10,58648,20,20,121249,81,205728,-,-, -,-, -
00489900,UPMC MERCY SCHOOL OF NURSING,PA,152195166,Private-Nonprofit,50,50,171058,103,187902,54,57,246389,116,276912,-,-, -,-, -,3,4,35800,8,35800,-,-, -,-, -
00490200,PENN COMMERCIAL BUSINESS/TECHNICAL SCHOOL,PA,153012871,Proprietary,41,41,94315,122,160986,40,40,132460,119,214720,-,-, -,-, -,8,8,37655,23,66524,-,-, -,-, -
00492000,TRIDENT TECHNICAL COLLEGE,SC,294064607,Public,241,246,552035,837,1088334,181,190,418640,740,1032184,-,-, -,-, -,0,0,0,6,20544,-,-, -,-, -
00492300,CLINTON COLLEGE,SC,297305152,Private-Nonprofit,2,2,5250,4,5250,1,1,2000,2,2000,-,-, -,-, -,-,-, -,-, -,-,-, -,-, -
00492500,HORRY - GEORGETOWN TECHNICAL COLLEGE,SC,295269521,Public,385,393,679002,762,680752,235,238,447497,465,449073,-,-, -,-, -,1,2,5700,4,5700,-,-, -,-, -
00492600,TRI-COUNTY TECHNICAL COLLEGE,SC,296709133,Public,28,28,52404,69,74576,18,20,30665,54,52727,-,-, -,-, -,1,1,461,4,15693,-,-, -,-, -
00492700,UNIVERSITY OF SOUTH CAROLINA - UNION,SC,293790729,Public,7,7,10490,13,10490,7,7,16495,14,16495,-,-, -,-, -,-,-, -,-, -,-,-, -,-, -
00493800,SOUTH COLLEGE,TN,379093323,Proprietary,3296,3517,9612899,10616,13101264,3309,3464,13218929,10491,18286037,790,797,15459539,3011,22130574,158,163,1469485,535,2099709,585,587,20746093,2294,28157726
00494900,BAYLOR COLLEGE OF MEDICINE,TX,770303498,Private-Nonprofit,-,-, -,-, -,-,-, -,-, -,0,0,0,1,10000,-,-, -,-, -,2,2,7660,3,8160
00495100,UNIVERSITY OF TEXAS HEALTH SCIENCE CENTER AT HOUSTON,TX,770305400,Public,228,232,954694,538,957444,178,183,874671,427,874671,712,784,18801068,1804,18805056,23,25,416178,58,416178,165,170,2279244,386,2280782
00495200,UNIVERSITY OF TEXAS MEDICAL BRANCH AT GALVESTON,TX,775551305,Public,48,48,220994,207,524568,38,38,216036,188,540296,741,876,24693945,1997,27503927,4,4,27396,13,114985,175,322,2035912,504,2533039
00497200,GALVESTON COLLEGE,TX,775507447,Public,17,17,39789,73,83720,17,17,41989,84,119822,-,-, -,-, -,0,0,0,3,6517,-,-, -,-, -
00497700,SOUTH TEXAS COLLEGE OF LAW HOUSTON,TX,770027006,Private-Nonprofit,-,-, -,-, -,-,-, -,-, -,181,183,1724469,197,1830133,-,-, -,-, -,136,137,592523,143,597317
00498800,CENTRAL VIRGINIA COMMUNITY COLLEGE,VA,245022498,Public,21,21,34200,42,34200,18,18,47130,36,47130,-,-, -,-, -,-,-, -,-, -,-,-, -,-, -
00499600,MOUNTAIN GATEWAY COMMUNITY COLLEGE,VA,244221000,Public,6,6,10503,12,10503,3,3,6250,6,6250,-,-, -,-, -,1,1,2100,2,2100,-,-, -,-, -
00499900,BELLINGHAM TECHNICAL COLLEGE,WA,982251599,Public,28,28,34247,142,151975,26,26,48379,156,258432,-,-, -,-, -,0,0,0,2,8069,-,-, -,-, -
00500000,PIERCE COLLEGE,WA,984981919,Public,99,100,259651,306,397153,96,97,318077,313,545834,-,-, -,-, -,-,-, -,-, -,-,-, -,-, -
00500100,EDMONDS COLLEGE,WA,980365999,Public,22,23,53846,91,97442,24,25,51105,107,120891,-,-, -,-, -,-,-, -,-, -,-,-, -,-, -
00500600,WALLA WALLA COMMUNITY COLLEGE,WA,993629267,Public,36,36,97534,130,158371,23,23,74856,123,170419,-,-, -,-, -,1,1,3351,3,8122,-,-, -,-, -
00500700,WEST VIRGINIA JUNIOR COLLEGE,WV,265055596,Proprietary,228,231,687016,918,1107003,193,195,561686,775,915793,-,-, -,-, -,14,15,107573,45,140883,-,-, -,-, -
00500800,MOUNTAIN STATE COLLEGE,WV,261013993,Proprietary,9,9,22985,29,32317,8,8,28000,27,44000,-,-, -,-, -,-,-, -,-, -,-,-, -,-, -
00501500,UNIVERSITY OF WISCONSIN - PARKSIDE,WI,531412000,Public,63,65,151921,112,185871,89,89,238052,139,286785,84,84,401957,85,408598,2,2,10040,2,10040,2,3,11456,4,11456
00501900,UNIVERSIDAD ADVENTISTA DE LAS ANTILLAS,PR,006810118,Private-Nonprofit,4,4,6850,18,16650,3,3,9000,12,10850,2,2,4000,42,61270,-,-, -,-, -,-,-, -,-, -
00502200,UNIVERSIDAD CENTRAL DE BAYAMÓN,PR,009601725,Private-Nonprofit,5,5,8300,12,11800,3,3,4530,12,16655,3,3,6025,107,224423,-,-, -,-, -,0,0,0,2,4250
00502600,INTER AMERICAN UNIVERSITY OF PUERTO RICO - ARECIBO CAMPUS,PR,006144050,Private-Nonprofit,5,5,15750,7,15750,-,-, -,-, -,4,4,10633,46,288859,-,-, -,-, -,0,0,0,26,110008
00502700,INTER AMERICAN UNIVERSITY OF PUERTO RICO - BARRANQUITAS CAMPUS,PR,007940517,Private-Nonprofit,3,3,6100,3,6100,-,-, -,-, -,1,1,5000,2,7834,-,-, -,-, -,-,-, -,-, -
00502800,INTER AMERICAN UNIVERSITY OF PUERTO RICO - BAYAMON CAMPUS,PR,009576257,Private-Nonprofit,23,23,51807,23,51807,4,4,10546,4,10546,2,2,4100,2,4100,3,3,36248,3,36248,-,-, -,-, -
00502900,INTER AMERICAN UNIVERSITY OF PUERTO RICO - PONCE CAMPUS,PR,007151602,Private-Nonprofit,4,4,8250,4,8250,1,1,2250,1,2250,3,3,6150,3,6150,-,-, -,-, -,-,-, -,-, -
00503400,AMERICAN UNIVERSITY IN CAIRO (THE),,11835,Foreign-Private,0,0,0,1,250,-,-, -,-, -,0,0,0,2,9262,1,1,2416,3,5258,0,0,0,1,942
00520400,BEAL UNIVERSITY,ME,044016896,Proprietary,126,127,395922,314,533817,121,123,563646,285,768029,1,1,7210,3,17460,-,-, -,-, -,-,-, -,-, -
00520800,COLLEGE OF WESTCHESTER (THE),NY,106061231,Proprietary,184,185,567084,855,1017475,159,160,449595,734,853755,-,-, -,-, -,14,14,58906,39,75002,-,-, -,-, -
00522000,SALT LAKE COMMUNITY COLLEGE,UT,841233145,Public,159,159,283755,284,473282,97,97,237724,163,366619,-,-, -,-, -,1,1,5430,1,5430,-,-, -,-, -
00522300,NEW RIVER COMMUNITY COLLEGE,VA,240841127,Public,15,15,21962,29,21962,10,10,18700,21,21887,-,-, -,-, -,-,-, -,-, -,-,-, -,-, -
00524400,BLUEGRASS COMMUNITY & TECHNICAL COLLEGE,KY,405060235,Public,233,236,483722,467,486535,199,203,412850,397,419693,-,-, -,-, -,2,2,9867,4,9867,-,-, -,-, -
00524500,UNIVERSITY OF ARKANSAS COMMUNITY COLLEGE AT MORRILTON,AR,721109601,Public,17,17,28980,32,28980,14,14,29039,27,29039,-,-, -,-, -,-,-, -,-, -,-,-, -,-, -
00525200,RIDGEWATER COLLEGE,MN,562012098,Public,58,62,106902,71,114152,47,48,82941,57,90941,-,-, -,-, -,0,0,0,1,2500,-,-, -,-, -
00525800,HAWAII COMMUNITY COLLEGE,HI,967204075,Public,4,4,6758,10,8292,2,2,2000,5,2500,-,-, -,-, -,-,-, -,-, -,-,-, -,-, -
00526300,MINNESOTA WEST COMMUNITY AND TECHNICAL COLLEGE,MN,562411096,Public,56,64,105957,127,105957,48,50,139954,100,139954,-,-, -,-, -,-,-, -,-, -,-,-, -,-, -
00526400,FLINT HILLS TECHNICAL COLLEGE,KS,668015999,Public,22,22,64614,45,64614,24,25,107284,49,107284,-,-, -,-, -,-,-, -,-, -,-,-, -,-, -
00526500,NORTH CENTRAL KANSAS TECHNICAL COLLEGE,KS,674200000,Public,1,1,1750,1,1750,1,1,1000,2,3750,-,-, -,-, -,-,-, -,-, -,-,-, -,-, -
00526700,NORTHWEST KANSAS TECHNICAL COLLEGE,KS,677353441,Public,17,17,46007,30,54007,13,13,33500,32,38250,-,-, -,-, -,2,2,15840,3,15840,-,-, -,-, -
00527100,SOUTHCENTRAL KENTUCKY COMMUNITY AND TECHNICAL COLLEGE,KY,421013601,Public,57,61,112365,117,112365,61,68,124593,132,124593,-,-, -,-, -,-,-, -,-, -,-,-, -,-, -
00527300,GATEWAY COMMUNITY AND TECHNICAL COLLEGE,KY,410422031,Public,71,75,139461,152,145670,77,82,142410,170,159269,-,-, -,-, -,2,2,7000,4,7000,-,-, -,-, -
00527600,CENTRAL MAINE COMMUNITY COLLEGE,ME,042106498,Public,26,26,68477,51,70977,29,33,77521,64,77521,-,-, -,-, -,-,-, -,-, -,-,-, -,-, -
00527700,EASTERN MAINE COMMUNITY COLLEGE,ME,044014280,Public,19,19,39576,41,47390,23,24,50488,53,67912,-,-, -,-, -,-,-, -,-, -,-,-, -,-, -
00527900,GREATER LOWELL REGIONAL VOCATIONAL TECHNICAL SCHOOL,MA,018792214,Public,0,0,0,2,2200,0,0,0,2,3732,-,-, -,-, -,-,-, -,-, -,-,-, -,-, -
00528900,WAYNESVILLE CAREER CENTER,MO,655832131,Public,0,0,0,1,1750,0,0,0,1,1000,-,-, -,-, -,-,-, -,-, -,-,-, -,-, -
00529100,WHITE MOUNTAINS COMMUNITY COLLEGE,NH,035703799,Public,38,39,102225,79,102225,38,38,117624,73,117624,-,-, -,-, -,1,1,3579,2,3579,-,-, -,-, -
00529400,WAUKESHA COUNTY TECHNICAL COLLEGE,WI,530724601,Public,97,100,296260,715,683561,94,97,405808,719,879530,-,-, -,-, -,-,-, -,-, -,-,-, -,-, -
00530100,NORTHEAST WISCONSIN TECHNICAL COLLEGE,WI,543034999,Public,112,116,219954,228,222204,68,71,171268,138,171268,-,-, -,-, -,-,-, -,-, -,-,-, -,-, -
00530400,CHIPPEWA VALLEY TECHNICAL COLLEGE,WI,547016162,Public,207,211,555327,442,558827,205,208,794959,444,800559,-,-, -,-, -,1,1,5666,2,5666,-,-, -,-, -
00530600,BATES TECHNICAL COLLEGE,WA,984054895,Public,33,34,52390,109,89165,35,36,83321,107,133491,-,-, -,-, -,0,0,0,1,2000,-,-, -,-, -
00530900,LAKE AREA TECHNICAL COLLEGE,SD,572010730,Public,36,38,87950,223,290773,33,36,77552,229,336286,-,-, -,-, -,3,3,13500,9,38271,-,-, -,-, -
00531000,PITTSBURGH INSTITUTE OF AERONAUTICS,PA,151222674,Private-Nonprofit,130,130,437201,297,582554,136,145,418317,323,580707,-,-, -,-, -,20,22,158779,47,215523,-,-, -,-, -
00531300,NORTH CENTRAL STATE COLLEGE,OH,449061546,Public,52,52,60895,104,60895,51,51,104811,102,104811,-,-, -,-, -,1,1,653,2,653,-,-, -,-, -
00531700,FORSYTH TECHNICAL COMMUNITY COLLEGE,NC,271035197,Public,182,182,436233,2068,1484104,129,129,406850,1687,1602545,-,-, -,-, -,1,1,15204,2,15204,-,-, -,-, -
00532000,CAPE FEAR COMMUNITY COLLEGE,NC,284013910,Public,70,70,133609,199,226844,73,74,189378,218,343353,-,-, -,-, -,2,2,18700,4,18700,-,-, -,-, -
00533000,FAYETTE COUNTY CAREER & TECHNICAL INSTITUTE,PA,154010122,Public,47,47,116507,98,117339,42,42,167330,83,168439,-,-, -,-, -,1,1,1100,2,1100,-,-, -,-, -
00533500,CENTRAL PENNSYLVANIA INSTITUTE OF SCIENCE AND TECHNOLOGY,PA,168238644,Public,3,3,11500,38,61408,4,4,5169,56,123940,-,-, -,-, -,2,2,6001,4,6001,-,-, -,-, -
00533900,METRO TECHNOLOGY CENTERS SCHOOL DISTRICT #22,OK,731115240,Public,14,14,55833,43,78581,13,14,79000,40,108558,-,-, -,-, -,-,-, -,-, -,-,-, -,-, -
00536300,DENMARK TECHNICAL COLLEGE,SC,290420000,Public,5,5,12000,14,13000,7,8,21000,16,21000,-,-, -,-, -,-,-, -,-, -,-,-, -,-, -
00536500,YORK COUNTY SCHOOL OF TECHNOLOGY,PA,174024696,Public,11,11,28980,76,117654,11,11,28453,79,166861,-,-, -,-, -,0,0,0,2,5079,-,-, -,-, -
00537200,SOUTH PUGET SOUND COMMUNITY COLLEGE,WA,985126292,Public,28,28,41249,80,57530,31,31,58306,83,82376,-,-, -,-, -,-,-, -,-, -,-,-, -,-, -
00537300,LAKE WASHINGTON INSTITUTE OF TECHNOLOGY,WA,980348505,Public,58,58,188650,186,274089,55,55,231330,176,331316,-,-, -,-, -,-,-, -,-, -,-,-, -,-, -
00538000,MID-STATE TECHNICAL COLLEGE,WI,544945512,Public,51,54,125838,117,125838,29,33,79891,76,83641,-,-, -,-, -,-,-, -,-, -,-,-, -,-, -
00538400,NICOLET AREA TECHNICAL COLLEGE,WI,545010518,Public,17,17,30384,34,30384,22,24,46827,54,47927,-,-, -,-, -,-,-, -,-, -,-,-, -,-, -
00538700,NORTHCENTRAL TECHNICAL COLLEGE,WI,544011899,Public,128,134,177084,270,181334,75,88,145301,178,147051,-,-, -,-, -,-,-, -,-, -,-,-, -,-, -
00538900,GATEWAY TECHNICAL COLLEGE,WI,531441690,Public,533,539,715746,1070,715746,465,471,860852,935,860852,-,-, -,-, -,1,1,4794,2,4794,-,-, -,-, -
00539000,BLACKHAWK TECHNICAL COLLEGE,WI,535475009,Public,55,57,85898,116,85898,46,47,100607,93,100607,-,-, -,-, -,-,-, -,-, -,-,-, -,-, -
00539900,MONMOUTH COUNTY VOCATIONAL SCHOOL DISTRICT,NJ,077534473,Public,0,0,0,7,10046,0,0,0,6,14000,-,-, -,-, -,-,-, -,-, -,-,-, -,-, -
00542400,SOUTHERN MISSOURI TECHNICAL INSTITUTE,MO,657753052,Public,0,0,0,11,17925,0,0,0,12,28458,-,-, -,-, -,-,-, -,-, -,-,-, -,-, -
00542900,ROLLA TECHNICAL INSTITUTE CENTER,MO,654013601,Public,6,6,9822,11,9822,4,4,11495,8,11495,-,-, -,-, -,-,-, -,-, -,-,-, -,-, -
00543000,POPLAR BLUFF TECHNICAL CAREER CENTER,MO,639018960,Public,6,6,13837,21,27511,6,6,21226,23,46056,-,-, -,-, -,-,-, -,-, -,-,-, -,-, -
00543800,SALINE COUNTY CAREER CENTER,MO,653401698,Public,16,16,31040,32,31040,16,16,32982,32,32982,-,-, -,-, -,-,-, -,-, -,-,-, -,-, -
00544800,DURHAM TECHNICAL COMMUNITY COLLEGE,NC,277035023,Public,70,72,175108,213,278998,80,91,225999,244,310473,-,-, -,-, -,-,-, -,-, -,-,-, -,-, -
00545200,AVIATION INSTITUTE OF MAINTENANCE,NJ,076043015,Proprietary,179,199,740006,519,999628,175,182,663920,476,912652,-,-, -,-, -,-,-, -,-, -,-,-, -,-, -
00546100,SALEM COMMUNITY COLLEGE,NJ,080692799,Public,25,25,55814,45,64814,18,18,33175,34,40425,-,-, -,-, -,1,1,2447,2,7447,-,-, -,-, -
00548900,CENTRAL LOUISIANA TECHNICAL COMMUNITY COLLEGE,LA,713010516,Public,18,19,49091,37,49693,16,17,49114,35,51299,-,-, -,-, -,-,-, -,-, -,-,-, -,-, -
00549800,WICHITA STATE UNIVERSITY CAMPUS OF APPLIED SCIENCES AND TECHNOLOGY,KS,672268101,Public,124,125,263701,363,453339,112,114,279188,328,532538,-,-, -,-, -,1,1,2500,3,11149,-,-, -,-, -
00549900,SALINA AREA TECHNICAL COLLEGE,KS,674018195,Public,8,8,11984,15,12803,10,11,27021,22,29771,-,-, -,-, -,-,-, -,-, -,-,-, -,-, -
00550000,MANHATTAN AREA TECHNICAL COLLEGE,KS,665032499,Public,16,17,26040,27,32857,8,9,15799,19,25432,-,-, -,-, -,-,-, -,-, -,-,-, -,-, -
00551900,DIMAN REGIONAL VOCATIONAL TECHNICAL INSTITUTE,MA,027203519,Public,18,18,15440,48,36440,19,19,20078,49,49078,-,-, -,-, -,0,0,0,1,6750,-,-, -,-, -
00552300,BLUE HILLS REGIONAL TECHNICAL SCHOOL,MA,020211398,Public,1,1,3451,6,9095,0,0,0,5,16676,-,-, -,-, -,1,1,10064,2,10064,-,-, -,-, -
00552500,SOUTHERN MAINE COMMUNITY COLLEGE,ME,041061698,Public,48,50,118081,77,123270,52,52,107497,88,113214,-,-, -,-, -,1,1,1145,2,4478,-,-, -,-, -
00553200,CAPE GIRARDEAU CAREER AND TECHNOLOGY CENTER,MO,637037511,Public,29,29,67683,79,97550,30,30,71485,74,101715,-,-, -,-, -,-,-, -,-, -,-,-, -,-, -
00553300,SAINT PAUL COLLEGE - A COMMUNITY & TECHNICAL COLLEGE,MN,551021800,Public,131,136,322330,269,344936,113,151,306881,303,327667,-,-, -,-, -,1,1,4137,2,4137,-,-, -,-, -
00553400,ST. CLOUD TECHNICAL AND COMMUNITY COLLEGE,MN,563031240,Public,66,68,170892,71,170892,61,69,193483,76,193483,-,-, -,-, -,-,-, -,-, -,-,-, -,-, -
00553500,PINE TECHNICAL AND COMMUNITY COLLEGE,MN,550632198,Public,23,27,62410,54,62410,25,31,88951,61,88951,-,-, -,-, -,-,-, -,-, -,-,-, -,-, -
00553700,SOUTH CENTRAL COLLEGE,MN,560011920,Public,35,38,61777,75,61777,37,43,83840,85,83840,-,-, -,-, -,-,-, -,-, -,-,-, -,-, -
00554100,MINNESOTA STATE COMMUNITY AND TECHNICAL COLLEGE,MN,565371000,Public,126,140,212871,281,216871,105,111,223432,221,226226,-,-, -,-, -,-,-, -,-, -,-,-, -,-, -
00554400,ALEXANDRIA TECHNICAL AND COMMUNITY COLLEGE,MN,563083799,Public,25,29,51525,33,51525,16,16,36399,18,36399,-,-, -,-, -,-,-, -,-, -,-,-, -,-, -
00562100,SOUTHERN CRESCENT TECHNICAL COLLEGE,GA,302232097,Public,75,78,222432,321,475745,91,94,254361,374,699599,-,-, -,-, -,-,-, -,-, -,-,-, -,-, -
00569700,NORTHWEST - SHOALS COMMUNITY COLLEGE,AL,356623206,Public,40,42,111369,113,173583,40,42,104280,83,108212,-,-, -,-, -,-,-, -,-, -,-,-, -,-, -
00570700,SOUTHEAST ARKANSAS COLLEGE,AR,716033900,Public,32,32,58010,82,86110,31,34,58457,90,87716,-,-, -,-, -,-,-, -,-, -,-,-, -,-, -
00575200,CLOVER PARK TECHNICAL COLLEGE,WA,984994004,Public,35,35,80853,181,206340,32,32,106583,207,353147,-,-, -,-, -,-,-, -,-, -,-,-, -,-, -
00575300,OWENS COMMUNITY COLLEGE,OH,435510000,Public,373,376,1112630,900,1150402,365,372,1495051,894,1533616,-,-, -,-, -,11,11,87726,31,89269,-,-, -,-, -
00575700,LAKE SUPERIOR COLLEGE,MN,558113399,Public,55,60,117024,118,120399,39,41,89251,82,91976,-,-, -,-, -,1,1,3000,2,3000,-,-, -,-, -
00575900,NORTHWEST TECHNICAL COLLEGE - BEMIDJI,MN,566014907,Public,14,14,25729,16,25729,13,13,36502,15,36502,-,-, -,-, -,-,-, -,-, -,-,-, -,-, -
00576000,NORTHERN MAINE COMMUNITY COLLEGE,ME,047692016,Public,5,5,16250,12,21400,7,7,27435,17,37698,-,-, -,-, -,-,-, -,-, -,-,-, -,-, -
00576100,L. E. FLETCHER TECHNICAL COMMUNITY COLLEGE,LA,703953232,Public,40,41,134450,88,124116,42,42,198018,89,183295,-,-, -,-, -,-,-, -,-, -,-,-, -,-, -
00576300,CENTRAL GEORGIA TECHNICAL COLLEGE,GA,310882729,Public,153,153,268806,723,525130,137,137,308059,655,656998,-,-, -,-, -,-,-, -,-, -,-,-, -,-, -
00613600,NATIONAL AVIATION ACADEMY - NEW ENGLAND,MA,017422620,Proprietary,75,78,215404,206,340571,75,78,234623,203,360107,-,-, -,-, -,20,21,116319,64,237362,-,-, -,-, -
00616500,LOS ANGELES COUNTY COLLEGE OF NURSING AND ALLIED HEALTH,CA,900331018,Public,6,6,21410,7,21410,1,1,6000,1,6000,-,-, -,-, -,-,-, -,-, -,-,-, -,-, -
00621400,BLESSING HOSPITAL,IL,623010000,Private-Nonprofit,3,3,5286,3,5286,2,2,5550,3,5764,0,0,0,2,12451,-,-, -,-, -,-,-, -,-, -
00622500,TRINITY COLLEGE OF NURSING & HEALTH SCIENCES,IL,612015317,Private-Nonprofit,29,29,142459,82,217617,32,32,184686,97,268547,10,10,184500,25,251800,1,1,2256,2,5308,2,2,18500,4,18500
00622800,METHODIST COLLEGE,IL,616159235,Private-Nonprofit,291,331,1248810,550,1354394,326,368,1721573,621,1892673,18,18,315823,33,315823,17,17,204220,34,204220,8,8,222941,21,222941
00624000,SAINT FRANCIS MEDICAL CENTER COLLEGE OF NURSING,IL,616033783,Private-Nonprofit,2,2,4939,3,5692,-,-, -,-, -,1,1,10500,1,10500,-,-, -,-, -,-,-, -,-, -
00625700,SAINT ELIZABETH SCHOOL OF NURSING,IN,479049988,Private-Nonprofit,58,58,260129,155,266638,55,58,278065,146,288640,-,-, -,-, -,4,4,70000,10,75000,-,-, -,-, -
00626700,UNITYPOINT HEALTH-DES MOINES,IA,503091499,Private-Nonprofit,1,1,3000,2,3000,4,4,16734,11,16734,-,-, -,-, -,1,1,10000,3,10000,-,-, -,-, -
00627300,MERCY COLLEGE OF HEALTH SCIENCES,IA,503091239,Private-Nonprofit,64,64,157026,486,832641,63,63,186609,474,953679,-,-, -,-, -,0,0,0,11,71321,-,-, -,-, -
00630500,MAINE COLLEGE OF HEALTH PROFESSIONS,ME,042439986,Private-Nonprofit,45,45,148812,94,148812,53,53,235235,107,235235,-,-, -,-, -,2,2,29091,6,29091,-,-, -,-, -
00632400,LABOURÉ COLLEGE OF HEALTHCARE,MA,021864253,Private-Nonprofit,299,304,893695,517,1129939,306,323,1467717,554,1875628,-,-, -,-, -,4,4,37541,8,56520,-,-, -,-, -
00633100,LAWRENCE MEMORIAL HOSPITAL SCHOOL OF NURSING,MA,021551643,Private-Nonprofit,3,3,5250,6,5250,6,6,14114,12,14114,-,-, -,-, -,-,-, -,-, -,-,-, -,-, -
00638500,CHAMBERLAIN UNIVERSITY,IL,601010000,Proprietary,9697,9753,34647009,30446,36378704,10343,10419,47444418,32881,49158931,5429,5485,44318221,22469,55538953,270,280,3282724,911,3380532,87,87,971889,258,1061744
00638900,GOLDFARB SCHOOL OF NURSING AT BARNES-JEWISH COLLEGE,MO,631101091,Private-Nonprofit,254,265,1102612,499,1102612,283,292,1372607,555,1372607,46,46,817838,110,817838,12,12,263890,18,263890,7,8,164030,15,164030
00639200,RESEARCH MEDICAL CENTER,MO,641321199,Proprietary,24,24,112199,48,112199,25,26,189274,52,189274,16,17,206187,34,206187,-,-, -,-, -,-,-, -,-, -
00639900,BRYAN COLLEGE OF HEALTH SCIENCES,NE,685061398,Private-Nonprofit,5,5,19849,51,83201,6,6,20641,48,63603,22,22,443369,70,755192,5,5,22991,17,85557,1,1,19566,25,390702
00640400,NEBRASKA METHODIST COLLEGE OF NURSING & ALLIED HEALTH,NE,681142852,Private-Nonprofit,166,167,421612,213,515812,177,180,549532,236,685778,111,113,722052,174,1111090,27,27,128518,31,142927,10,12,37871,13,40781
00641700,HOLY NAME MEDICAL CENTER SCHOOL OF NURSING,NJ,076320000,Private-Nonprofit,4,4,18000,8,18000,4,4,24000,8,24000,-,-, -,-, -,-,-, -,-, -,-,-, -,-, -
00642100,JFK  MEDICAL CENTER MUHLENBERG HAROLD B. AND DOROTHY A. SNYDER SCHOOLS,NJ,070613399,Private-Nonprofit,25,26,95465,48,97215,33,34,196855,66,197855,-,-, -,-, -,1,2,17200,5,17200,-,-, -,-, -
00643800,MOUNT SINAI PHILLIPS SCHOOL OF NURSING,NY,100356354,Private-Nonprofit,1,1,5500,1,5500,1,1,7000,1,7000,-,-, -,-, -,-,-, -,-, -,-,-, -,-, -
00644300,COCHRAN SCHOOL OF NURSING - ST. JOHN'S RIVERSIDE HOSPITAL,NY,107011399,Private-Nonprofit,61,61,203180,101,203180,70,70,404343,115,404343,-,-, -,-, -,1,1,4500,1,4500,-,-, -,-, -
00644500,BILL AND SANDRA POMEROY COLLEGE OF NURSING AT CROUSE HOSPITAL,NY,130579205,Private-Nonprofit,1,1,3500,18,31343,1,1,6000,19,52907,-,-, -,-, -,0,0,0,1,6000,-,-, -,-, -
00646700,SAINT JOSEPH'S COLLEGE OF NURSING AT ST JOSEPH'S HOSPITAL HEALTH CENTE,NY,132031806,Private-Nonprofit,-,-, -,-, -,-,-, -,-, -,-,-, -,-, -,1,1,5777,2,5777,-,-, -,-, -
00647700,CABARRUS COLLEGE OF HEALTH SCIENCES,NC,280253959,Private-Nonprofit,3,3,13500,11,21167,4,4,19355,8,23855,3,3,20499,44,304070,1,1,5000,1,5000,2,2,30000,9,84888
00648300,WATTS COLLEGE OF NURSING,NC,277052505,Private-Nonprofit,3,3,11500,6,11500,3,3,7000,6,7000,-,-, -,-, -,1,1,6000,2,6000,-,-, -,-, -
00648700,AULTMAN COLLEGE OF NURSING AND HEALTH SCIENCES,OH,447101799,Private-Nonprofit,39,39,150521,95,150521,41,41,172157,98,172157,-,-, -,-, -,5,5,114580,15,114580,-,-, -,-, -
00648900,CHRIST COLLEGE OF NURSING AND HEALTH SCIENCES,OH,452192906,Private-Nonprofit,29,29,66109,97,173401,32,32,88280,105,256945,-,-, -,-, -,4,4,25512,7,53512,-,-, -,-, -
00649400,GOOD SAMARITAN COLLEGE OF NURSING AND HEALTH SCIENCE,OH,452202489,Private-Nonprofit,31,31,84923,39,93852,43,43,152633,57,175579,-,-, -,-, -,-,-, -,-, -,-,-, -,-, -
00650700,TRINITY HEALTH SYSTEM SCHOOL OF NURSING,OH,439523512,Private-Nonprofit,15,15,48825,35,48825,20,20,62435,40,62435,-,-, -,-, -,-,-, -,-, -,-,-, -,-, -
00653700,CONEMAUGH MEMORIAL MEDICAL CENTER,PA,159054398,Proprietary,0,0,0,4,7363,0,0,0,6,18636,-,-, -,-, -,-,-, -,-, -,-,-, -,-, -
00655100,UPMC ST. MARGARET SCHOOL OF NURSING,PA,152383205,Private-Nonprofit,34,35,137898,65,139648,34,34,155658,65,158658,-,-, -,-, -,2,3,25286,6,25286,-,-, -,-, -
00656000,HERITAGE VALLEY KENNEDY SCHOOL OF NURSING,PA,151361694,Private-Nonprofit,0,0,0,5,5551,0,0,0,11,25750,-,-, -,-, -,0,0,0,1,2663,-,-, -,-, -
00656500,READING HOSPITAL SCHOOL OF HEALTH SCIENCES,PA,196111744,Private-Nonprofit,13,13,49797,28,57297,17,17,76086,37,89734,-,-, -,-, -,-,-, -,-, -,-,-, -,-, -
00657400,"ST. LUKE'S HOSPITAL OF BETHLEHEM, PA",PA,180151065,Private-Nonprofit,61,61,162293,233,287021,94,94,418326,345,713664,-,-, -,-, -,3,3,31967,7,30767,-,-, -,-, -
00657700,UPMC SHADYSIDE,PA,152321381,Private-Nonprofit,78,80,279348,189,367030,86,86,400420,201,506768,-,-, -,-, -,2,2,18250,6,24502,-,-, -,-, -
00657800,SHARON REGIONAL SCHOOL OF NURSING,PA,161463395,Proprietary,5,5,9500,22,28892,4,4,15459,21,41912,-,-, -,-, -,0,0,0,1,5000,-,-, -,-, -
00658200,WASHINGTON HOSPITAL (THE),PA,153013398,Private-Nonprofit,2,2,6469,12,20969,3,3,11250,22,55695,-,-, -,-, -,0,0,0,2,7698,-,-, -,-, -
00660600,BAPTIST HEALTH SYSTEM SCHOOL OF HEALTH PROFESSIONS,TX,782293234,Proprietary,153,153,475037,339,655049,153,155,643955,331,896020,-,-, -,-, -,3,3,7327,3,7327,-,-, -,-, -
00661200,COVENANT SCHOOL OF NURSING AND ALLIED HEALTH,TX,794070120,Private-Nonprofit,52,61,127729,61,127729,61,72,197461,72,197461,-,-, -,-, -,-,-, -,-, -,-,-, -,-, -
00663900,BELLIN COLLEGE,WI,543110000,Private-Nonprofit,18,18,67823,88,179091,13,13,61863,88,191148,1,1,20500,1,20500,2,2,14820,7,73154,2,2,9500,2,9500
00665600,COLLEGE OF DUPAGE,IL,601376599,Public,83,85,221814,173,340704,66,67,188917,141,331845,-,-, -,-, -,-,-, -,-, -,-,-, -,-, -
00667700,MCGILL UNIVERSITY,,H3A   0G4,Foreign-Private,1,1,1000,2,1000,-,-, -,-, -,2,2,4370,25,98350,-,-, -,-, -,3,3,33551,5,55885
00667900,QUEEN'S UNIVERSITY AT KINGSTON,,K7L   3N6,Foreign-Private,-,-, -,-, -,-,-, -,-, -,0,0,0,4,13560,-,-, -,-, -,0,0,0,1,365
00668300,UNIVERSITY OF GUELPH,,N1G 2W1,Foreign-Private,1,1,5500,1,5500,1,1,2000,1,2000,0,0,0,4,22063,-,-, -,-, -,1,1,14629,2,14629
00668400,UNIVERSITY OF MANITOBA,,R3T   2N2,Foreign-Private,-,-, -,-, -,1,1,3250,1,3250,0,0,0,6,18799,-,-, -,-, -,2,2,12248,2,12248
00668600,UNIVERSITY OF OTTAWA,,K1N   6N5,Foreign-Private,-,-, -,-, -,0,0,0,1,2500,0,0,0,9,57992,0,0,0,1,3500,0,0,0,5,16911
00668800,UNIVERSITY OF TORONTO,,M5S 1A1,Foreign-Private,1,1,5500,1,5500,2,2,8500,2,8500,1,1,10320,8,51865,1,1,61650,3,118910,0,0,0,6,88332
00668900,UNIVERSITY OF WINDSOR,,N9B   3P4,Foreign-Private,-,-, -,-, -,-,-, -,-, -,0,0,0,2,13666,-,-, -,-, -,0,0,0,2,10134
00669000,UNIVERSITY OF COPENHAGEN,,1017K,Foreign-Private,-,-, -,-, -,-,-, -,-, -,-,-, -,-, -,-,-, -,-, -,0,0,0,3,26000
00669100,UNIVERSITY OF CAMBRIDGE - PEMBROKE COLLEGE,,CB2   1RF,Foreign-Private,-,-, -,-, -,-,-, -,-, -,1,1,20500,3,27200,-,-, -,-, -,1,1,15899,2,15899
00669200,UNIVERSITY OF LEEDS,,LS2 9JT,Foreign-Private,2,2,7000,4,7000,2,2,4000,4,4000,0,0,0,35,264684,2,2,51557,4,51557,2,2,20326,36,406404
00669300,UNIVERSITY OF LONDON - LONDON SCHOOL OF ECONOMICS & POLITICAL SCIENCE,,WC2A 2AE,Foreign-Private,0,0,0,1,1500,0,0,0,2,2500,2,2,33500,194,1294727,0,0,0,1,13108,1,1,5500,146,1765252
00669400,UNIVERSITY OF LONDON - SCHOOL OF ORIENTAL & AFRICAN STUDIES,,WC1H  0XG,Foreign-Private,-,-, -,-, -,-,-, -,-, -,0,0,0,5,37836,-,-, -,-, -,0,0,0,4,32137
00669500,UNIVERSITY OF LONDON - UNIVERSITY COLLEGE LONDON,,WC1E  6BT,Foreign-Private,1,1,3500,1,3500,2,2,8500,3,8500,5,5,91000,14,127958,0,0,0,3,4064,5,5,141507,25,290063
00669600,UNIVERSITY OF LONDON - SCHOOL OF ADVANCED STUDY,,WC1E 7HU,Foreign-Private,-,-, -,-, -,-,-, -,-, -,0,0,0,7,51254,-,-, -,-, -,0,0,0,4,35521
00669700,QUEEN MARY UNIVERSITY OF LONDON,,E1 4NS,Foreign-Private,-,-, -,-, -,-,-, -,-, -,0,0,0,38,252688,-,-, -,-, -,1,1,4535,36,336867
00669900,UNIVERSITY OF SUSSEX,,BN1   9RH,Foreign-Private,-,-, -,-, -,-,-, -,-, -,1,1,5000,30,196684,-,-, -,-, -,0,0,0,22,193385
00670000,UNIVERSITY OF YORK,,YO10 5DD,Foreign-Private,1,1,4500,24,32993,1,1,7500,25,26819,2,2,41000,142,718975,0,0,0,15,170045,1,1,6785,118,769394
00670400,UNIVERSITY COLLEGE CORK,,,Foreign-Private,-,-, -,-, -,-,-, -,-, -,3,3,61000,6,61000,-,-, -,-, -,2,2,15600,3,15600
00671300,UPPSALA UNIVERSITY,,,Foreign-Private,-,-, -,-, -,-,-, -,-, -,1,1,20500,2,20500,-,-, -,-, -,2,2,20750,4,20750
00672000,COLLEGE OF ALAMEDA,CA,945012109,Public,1,1,4500,4,6750,2,2,9000,6,10848,-,-, -,-, -,-,-, -,-, -,-,-, -,-, -
00672500,UNIVERSITY OF TENNESSEE HEALTH SCIENCE CENTER,TN,381634900,Public,0,0,0,27,51306,2,2,8045,32,64441,57,62,482968,168,1165038,1,1,1567,5,25158,110,142,730605,199,1269815
00673100,CASA LOMA COLLEGE,CA,914036654,Private-Nonprofit,197,198,779482,489,962638,197,199,951805,507,1182882,-,-, -,-, -,8,8,51583,25,85581,-,-, -,-, -
00675000,VALENCIA COLLEGE,FL,328023028,Public,525,550,1406792,1403,2093564,387,400,1177685,1036,1878327,-,-, -,-, -,8,8,58470,19,87023,-,-, -,-, -
00675300,ILLINOIS CENTRAL COLLEGE,IL,616350001,Public,42,43,89682,91,97196,32,33,66109,77,80215,-,-, -,-, -,-,-, -,-, -,-,-, -,-, -
00675600,NORTHSHORE TECHNICAL COMMUNITY COLLEGE,LA,704275866,Public,67,68,144651,144,154674,58,58,119446,126,143261,-,-, -,-, -,-,-, -,-, -,-,-, -,-, -
00676000,UNIVERSITY OF MAINE - AUGUSTA,ME,043309410,Public,325,339,1112398,805,1113273,345,361,1610832,877,1612332,14,16,181981,38,181981,2,2,21242,6,21242,-,-, -,-, -
00676800,MID MICHIGAN COLLEGE,MI,486259447,Public,35,35,90601,96,123063,23,23,54930,83,103921,-,-, -,-, -,-,-, -,-, -,-,-, -,-, -
00677100,COLLEGE FOR CREATIVE STUDIES,MI,482024034,Private-Nonprofit,8,9,22000,15,27000,6,6,14400,12,20798,-,-, -,-, -,7,7,49353,7,49353,-,-, -,-, -
00677700,FLATHEAD VALLEY COMMUNITY COLLEGE,MT,599012699,Public,13,13,36738,34,66306,9,9,21381,33,63008,-,-, -,-, -,-,-, -,-, -,-,-, -,-, -
00678200,GENESEE COMMUNITY COLLEGE,NY,140209704,Public,33,35,66687,89,109836,34,34,72586,84,119913,-,-, -,-, -,2,2,4082,5,6582,-,-, -,-, -
00678500,SCHENECTADY COUNTY COMMUNITY COLLEGE,NY,123052294,Public,26,27,46113,54,46113,24,26,44020,54,48003,-,-, -,-, -,2,2,5500,3,5500,-,-, -,-, -
00678700,CLINTON COMMUNITY COLLEGE - SUNY OFFICE OF COMMUNITY COLLEGES,NY,129015690,Public,4,4,7610,10,8610,5,5,15916,10,15916,-,-, -,-, -,-,-, -,-, -,-,-, -,-, -
00678800,TOMPKINS CORTLAND COMMUNITY COLLEGE,NY,130530139,Public,52,53,136008,111,136008,48,49,157498,104,157498,-,-, -,-, -,2,2,16480,4,16480,-,-, -,-, -
00678900,COLUMBIA - GREENE COMMUNITY COLLEGE - SUNY OFFICE OF CMNTY COLLEGES,NY,125349543,Public,10,10,20208,34,40106,7,7,24422,25,34974,-,-, -,-, -,1,1,2500,2,2500,-,-, -,-, -
00679100,SUNY COLLEGE AT PURCHASE,NY,105771400,Public,37,38,116966,48,116966,26,28,69683,36,69683,1,1,3250,1,3250,16,17,133333,20,133333,1,1,5600,1,5600
00680400,LAKELAND COMMUNITY COLLEGE,OH,440945198,Public,205,211,612519,488,618612,207,216,801651,509,814098,-,-, -,-, -,-,-, -,-, -,-,-, -,-, -
00680700,COMMUNITY COLLEGE OF BEAVER COUNTY,PA,150612588,Public,38,38,82416,91,108470,42,42,112231,99,153931,-,-, -,-, -,5,6,73890,12,73890,-,-, -,-, -
00681000,LEHIGH CARBON COMMUNITY COLLEGE,PA,180782598,Public,46,46,102000,125,158322,42,42,132887,121,233086,-,-, -,-, -,1,1,6000,2,6000,-,-, -,-, -
00681100,LUZERNE COUNTY COMMUNITY COLLEGE,PA,186343899,Public,72,72,135775,156,171629,50,53,116045,112,131045,-,-, -,-, -,3,3,9458,6,9458,-,-, -,-, -
00681500,ORANGEBURG - CALHOUN TECHNICAL COLLEGE,SC,291188299,Public,33,34,68009,68,68009,54,55,112027,110,112027,-,-, -,-, -,-,-, -,-, -,-,-, -,-, -
00681900,BLUE RIDGE COMMUNITY COLLEGE,VA,244860080,Public,25,26,53306,54,57306,21,22,60612,47,62003,-,-, -,-, -,2,2,3837,4,3837,-,-, -,-, -
00683500,DYERSBURG STATE COMMUNITY COLLEGE,TN,380252450,Public,44,45,78735,89,78735,49,57,99100,114,99100,-,-, -,-, -,-,-, -,-, -,-,-, -,-, -
00683800,DALHOUSIE UNIVERSITY,,B3H   4R2,Foreign-Private,1,1,4500,1,4500,1,1,2000,1,2000,0,0,0,3,23918,2,2,13200,2,13200,-,-, -,-, -
00683900,UNIVERSITY OF EDINBURGH,,EH8 9YL,Foreign-Private,8,8,40000,16,40000,8,8,27500,16,27500,5,5,62641,252,1728106,4,4,87800,8,87800,6,7,103500,270,2569587
00684200,UNIVERSITY OF DUBLIN TRINITY COLLEGE,,,Foreign-Private,1,1,4500,2,4500,2,2,13500,3,13500,0,0,0,1,3000,0,0,0,2,17000,0,0,0,3,14154
00685000,UNIVERSITY OF CAMBRIDGE - DOWNING COLLEGE,,CB2   1DQ,Foreign-Private,-,-, -,-, -,-,-, -,-, -,0,0,0,1,10250,-,-, -,-, -,0,0,0,1,29066
00685800,UNITY ENVIRONMENTAL UNIVERSITY,ME,049600000,Private-Nonprofit,668,668,548946,4820,2180710,647,647,839231,4982,3316975,48,48,190269,304,1011956,5,5,34039,69,140645,4,4,13718,12,29018
00686500,CAMDEN COUNTY COLLEGE,NJ,080123240,Public,132,137,282521,275,286771,139,146,382971,297,389070,-,-, -,-, -,1,1,6350,2,6350,-,-, -,-, -
00686700,COLUMBUS STATE COMMUNITY COLLEGE,OH,432151786,Public,493,499,1094488,651,1267508,397,403,840416,541,1033255,-,-, -,-, -,2,2,11599,4,14349,-,-, -,-, -
00687100,VIRGINIA PENINSULA COMMUNITY COLLEGE,VA,236661433,Public,77,78,195386,164,211193,77,83,209034,172,223465,-,-, -,-, -,-,-, -,-, -,-,-, -,-, -
00689500,UNIVERSITY OF NEBRASKA MEDICAL CENTER,NE,681984265,Public,16,17,67037,90,198576,20,21,98031,88,241302,100,100,1690149,512,3843550,3,3,17980,19,143496,88,95,811115,431,2627510
00690100,ROWAN COLLEGE OF SOUTH JERSEY,NJ,080804249,Public,67,67,133183,189,204600,80,82,207769,230,329807,-,-, -,-, -,3,3,12696,7,23696,-,-, -,-, -
00691100,MONTGOMERY  COLLEGE,MD,208501195,Public,58,58,188066,88,194316,51,51,176573,72,184986,-,-, -,-, -,-,-, -,-, -,-,-, -,-, -
00693100,WAUBONSEE COMMUNITY COLLEGE,IL,605540000,Public,32,34,56547,40,64812,39,42,76058,48,79558,-,-, -,-, -,-,-, -,-, -,-,-, -,-, -
00693800,LINN-BENTON COMMUNITY COLLEGE,OR,973213774,Public,227,253,723224,1073,1286246,196,215,798069,933,1439688,-,-, -,-, -,2,2,16064,15,60938,-,-, -,-, -
00694100,DALLAS CHRISTIAN COLLEGE,TX,752347229,Private-Nonprofit,9,9,11144,20,12894,3,4,14500,15,19617,-,-, -,-, -,2,2,13444,8,20192,-,-, -,-, -
00694200,MID-AMERICA CHRISTIAN UNIVERSITY,OK,731704504,Private-Nonprofit,300,301,986771,1502,1647243,310,313,1457151,1587,2530378,35,35,430987,411,1945771,3,3,22326,6,22326,1,1,8400,7,14697
00694900,KALAMAZOO VALLEY COMMUNITY COLLEGE,MI,490099606,Public,109,114,210401,224,210401,124,126,279312,247,279312,-,-, -,-, -,-,-, -,-, -,-,-, -,-, -
00695100,UNIVERSITY OF SOUTH CAROLINA UPSTATE,SC,293039972,Public,101,104,225149,106,225149,136,137,367612,141,367612,1,1,10250,1,10250,48,52,219925,52,219925,-,-, -,-, -
00696000,MAYSVILLE COMMUNITY AND TECHNICAL COLLEGE,KY,410568910,Public,61,64,129067,129,132629,88,95,157769,188,162587,-,-, -,-, -,-,-, -,-, -,-,-, -,-, -
00696100,JEFFERSON COMMUNITY AND TECHNICAL COLLEGE,KY,402022005,Public,140,141,268996,282,277301,107,108,229933,216,249820,-,-, -,-, -,2,2,2532,4,2532,-,-, -,-, -
00696200,HAZARD COMMUNITY AND TECHNICAL COLLEGE,KY,417012402,Public,26,28,43366,55,43366,35,35,53819,69,53819,-,-, -,-, -,-,-, -,-, -,-,-, -,-, -
00697300,CANADA COLLEGE,CA,940611099,Public,4,4,16709,8,16709,2,2,12000,4,12000,-,-, -,-, -,-,-, -,-, -,-,-, -,-, -
00697700,GREAT BASIN COLLEGE,NV,898013348,Public,17,19,33876,35,33876,18,20,60457,37,60457,-,-, -,-, -,-,-, -,-, -,-,-, -,-, -
00701200,SAMUEL MERRITT UNIVERSITY,CA,946093108,Private-Nonprofit,148,149,716705,209,875097,145,149,877145,204,1058713,350,353,3758716,695,7632602,6,7,196230,13,315770,109,127,1219271,685,9870532
00702200,CUNY LEHMAN COLLEGE,NY,104681589,Public,409,453,1533208,1020,1532372,257,273,1027477,630,1027945,120,132,1210670,288,1210670,-,-, -,-, -,2,2,15450,5,15450
00702600,ICAHN SCHOOL OF MEDICINE AT MOUNT SINAI,NY,100296500,Private-Nonprofit,-,-, -,-, -,-,-, -,-, -,33,33,454563,117,1305389,-,-, -,-, -,16,16,188850,64,641710
00703200,MIDAMERICA NAZARENE UNIVERSITY,KS,660621899,Private-Nonprofit,74,75,230068,130,354106,74,74,352497,128,505112,26,26,121126,177,1004371,3,3,66920,5,103420,0,0,0,6,40585
00703500,KETTERING COLLEGE,OH,454291299,Private-Nonprofit,85,85,330763,220,469870,101,104,461738,256,632184,108,108,1598303,235,2285053,14,14,186074,37,262603,84,86,1391505,178,1753642
00704700,LOS ANGELES SOUTHWEST COLLEGE,CA,900474810,Public,12,12,36450,34,55950,8,8,40500,28,64636,-,-, -,-, -,-,-, -,-, -,-,-, -,-, -
00705000,BELLUS ACADEMY,CA,919111773,Proprietary,99,99,274287,260,388578,99,99,307706,259,443490,-,-, -,-, -,20,20,133092,51,161625,-,-, -,-, -
00708500,MOUNT VERNON NAZARENE UNIVERSITY,OH,430509500,Private-Nonprofit,63,66,159352,93,210321,69,71,265755,97,342076,37,40,332607,56,445280,6,6,64360,10,68599,1,1,3294,2,13176
00709600,COLLEGE OF THE MAINLAND,TX,775730000,Public,17,17,20407,36,22157,19,19,37577,39,39700,-,-, -,-, -,0,0,0,2,920,-,-, -,-, -
00710800,UNIVERSITY OF PUERTO RICO - RIO PIEDRAS CAMPUS,PR,009313300,Public,54,54,239250,60,249000,7,7,16500,9,25250,37,37,351561,107,746033,-,-, -,-, -,20,20,168752,22,178464
00710900,SUNY OLD WESTBURY,NY,115680210,Public,98,100,181199,101,183949,84,85,179009,87,183259,17,19,75872,19,75872,6,6,28600,6,28600,-,-, -,-, -
00711000,DELAWARE COUNTY COMMUNITY COLLEGE,PA,190631094,Public,142,147,352441,292,357066,119,122,351759,241,363250,-,-, -,-, -,1,1,2500,1,2500,-,-, -,-, -
00711100,NORTH COUNTRY COMMUNITY COLLEGE,NY,129832046,Public,2,2,3957,4,3957,0,0,0,3,5362,-,-, -,-, -,-,-, -,-, -,-,-, -,-, -
00711300,ARIZONA CHRISTIAN UNIVERSITY,AZ,853067097,Private-Nonprofit,24,24,85204,58,109511,21,21,90694,57,136724,-,-, -,-, -,5,5,41042,12,50192,-,-, -,-, -
00711500,MOORPARK COLLEGE,CA,930211695,Public,16,16,52471,29,52471,14,14,51286,25,51286,-,-, -,-, -,1,1,6121,2,6121,-,-, -,-, -
00711800,PARKLAND COLLEGE,IL,618211899,Public,65,67,98866,129,98866,42,49,74324,101,79327,-,-, -,-, -,5,5,26582,10,26582,-,-, -,-, -
00712000,DES MOINES AREA COMMUNITY COLLEGE,IA,500213993,Public,277,277,641458,863,1125832,209,211,400645,747,1084056,-,-, -,-, -,3,3,6548,8,22217,-,-, -,-, -
00712100,FAITH BAPTIST BIBLE COLLEGE & THEOLOGICAL SEMINARY,IA,500232152,Private-Nonprofit,11,11,32995,22,32995,6,6,11054,12,11054,-,-, -,-, -,-,-, -,-, -,-,-, -,-, -
00714200,LYLE'S COLLEGE OF BEAUTY,CA,937103948,Proprietary,37,37,95428,86,121096,35,35,121982,78,137262,-,-, -,-, -,-,-, -,-, -,-,-, -,-, -
00716400,BRYAN UNIVERSITY,AZ,852811495,Proprietary,735,744,2352968,1876,3031413,668,675,3094119,1676,4022561,-,-, -,-, -,15,15,79346,42,120472,-,-, -,-, -
00717000,LINCOLN LAND COMMUNITY COLLEGE,IL,627949256,Public,289,299,747857,645,779803,264,272,891888,574,927437,-,-, -,-, -,3,3,18619,7,18619,-,-, -,-, -
00717100,KIRTLAND COMMUNITY COLLEGE,MI,497389704,Public,25,25,93261,89,130400,23,23,61140,79,111559,-,-, -,-, -,-,-, -,-, -,-,-, -,-, -
00717800,WESTERN SEMINARY,OR,972153367,Private-Nonprofit,-,-, -,-, -,1,1,1580,1,1580,54,54,343781,125,538634,-,-, -,-, -,-,-, -,-, -
00718700,NORTH ADRIAN'S COLLEGE OF BEAUTY,CA,953502381,Proprietary,36,36,108314,80,125814,31,34,103495,73,115644,-,-, -,-, -,3,3,24260,6,24260,-,-, -,-, -
00719100,NORTHAMPTON COUNTY AREA COMMUNITY COLLEGE,PA,180207599,Public,186,201,378926,420,420290,163,186,324845,382,356448,-,-, -,-, -,4,4,15447,14,41468,-,-, -,-, -
00720300,SALON SUCCESS ACADEMY,CA,917864060,Proprietary,86,86,250772,230,339163,87,87,300498,273,405001,-,-, -,-, -,9,9,34186,19,38631,-,-, -,-, -
00720400,MODERN BEAUTY ACADEMY,CA,930307016,Proprietary,17,19,52580,46,65927,8,9,18996,21,20861,-,-, -,-, -,1,1,7066,2,7066,-,-, -,-, -
00720900,REDONDO BEACH BEAUTY COLLEGE,CA,905055909,Proprietary,4,4,10502,9,11669,3,4,13504,9,15504,-,-, -,-, -,-,-, -,-, -,-,-, -,-, -
00722800,UNIVERSITY OF PUERTO RICO - ARECIBO,PR,006144010,Public,4,4,21000,55,129275,-,-, -,-, -,-,-, -,-, -,-,-, -,-, -,-,-, -,-, -
00725300,FEDERICO BEAUTY INSTITUTE,CA,958341905,Proprietary,96,98,244297,243,337136,95,100,289512,251,400905,-,-, -,-, -,12,14,61638,28,66330,-,-, -,-, -
00726300,HOLY CROSS COLLEGE,IN,465560308,Private-Nonprofit,4,4,16500,8,24615,2,2,4000,4,5000,-,-, -,-, -,-,-, -,-, -,-,-, -,-, -
00726500,CARL SANDBURG COLLEGE,IL,614019576,Public,8,8,7062,16,7062,3,3,1773,6,1773,-,-, -,-, -,-,-, -,-, -,-,-, -,-, -
00726600,PIMA COUNTY COMMUNITY COLLEGE,AZ,857095000,Public,130,130,233034,272,252784,104,108,234228,223,255910,-,-, -,-, -,2,2,10000,4,10000,-,-, -,-, -
00727300,CUNY BERNARD M. BARUCH COLLEGE,NY,100105518,Public,178,186,547258,379,547258,147,151,434170,306,434170,37,39,337974,79,331209,19,19,140736,39,140736,4,4,69054,9,69054
00727500,EASTERN GATEWAY COMMUNITY COLLEGE,OH,439523598,Public,200,220,267145,535,364054,113,119,148238,290,194412,-,-, -,-, -,1,1,2358,4,5358,-,-, -,-, -
00727900,HAWAII PACIFIC UNIVERSITY,HI,968134920,Private-Nonprofit,39,41,115015,48,117265,34,35,114250,43,115250,27,27,285633,29,296633,14,14,151765,27,239740,18,20,276077,35,500005
00728300,CENTRAL ARIZONA COLLEGE,AZ,851289779,Public,11,11,21044,22,23324,7,8,10178,19,15441,-,-, -,-, -,-,-, -,-, -,-,-, -,-, -
00728700,BRAZOSPORT COLLEGE,TX,775663199,Public,7,7,21250,21,34650,7,7,17552,15,19302,-,-, -,-, -,-,-, -,-, -,-,-, -,-, -
00728900,CENTRAL WYOMING COLLEGE,WY,825012215,Public,8,8,15017,11,18304,8,8,15348,11,22346,-,-, -,-, -,-,-, -,-, -,-,-, -,-, -
00729100,ST. LUKE'S COLLEGE,IA,511040263,Private-Nonprofit,42,42,99404,71,99404,38,38,129574,68,129574,-,-, -,-, -,5,5,62677,10,62677,-,-, -,-, -
00729700,SPARTAN COLLEGE OF AERONAUTICS AND TECHNOLOGY,CO,800209988,Proprietary,127,141,518904,422,560000,142,154,670208,457,728114,-,-, -,-, -,16,17,177536,50,189130,-,-, -,-, -
00730300,LINCOLN TECHNICAL INSTITUTE,CT,060512904,Proprietary,2276,2325,6428888,5559,8326759,2222,2601,7179962,6152,9349434,-,-, -,-, -,446,451,3451236,1106,4516484,-,-, -,-, -
00730400,CULINARY INSTITUTE OF AMERICA,NY,125381499,Private-Nonprofit,502,502,1153277,724,1632789,522,536,961914,754,1356097,17,17,82560,17,82560,156,157,2056167,195,2550748,-,-, -,-, -
00730500,PORTER AND CHESTER INSTITUTE OF HAMDEN,CT,065144132,Proprietary,88,88,242424,261,312479,83,83,291925,254,372967,-,-, -,-, -,13,13,66392,50,129760,-,-, -,-, -
00731600,WESTERN IOWA TECH COMMUNITY COLLEGE,IA,511061997,Public,86,88,158373,174,160123,93,95,240284,189,246034,-,-, -,-, -,1,1,4060,2,4060,-,-, -,-, -
00735000,ANOKA TECHNICAL COLLEGE,MN,553031590,Public,32,33,62356,37,63356,39,44,121908,52,121908,-,-, -,-, -,-,-, -,-, -,-,-, -,-, -
00737500,ISLAND DRAFTING & TECHNICAL INSTITUTE,NY,117012704,Proprietary,24,24,95899,54,107157,21,21,63097,47,72967,-,-, -,-, -,1,1,8517,2,8517,-,-, -,-, -
00738700,LONG ISLAND BEAUTY SCHOOL,NY,117884346,Proprietary,28,28,75944,60,98678,30,30,86596,68,128119,-,-, -,-, -,3,3,22101,8,36411,-,-, -,-, -
00738800,LONG ISLAND BEAUTY SCHOOL,NY,115503704,Proprietary,34,34,89179,83,115068,37,37,125795,90,156263,-,-, -,-, -,1,1,15669,2,15669,-,-, -,-, -
00739400,BERKELEY COLLEGE,NY,100174604,Proprietary,567,582,1673626,1311,2291951,554,602,2023707,1372,2807916,-,-, -,-, -,12,12,84461,29,111061,-,-, -,-, -
00740100,MANDL SCHOOL,NY,100195516,Proprietary,219,219,652752,552,920148,210,210,785842,508,1130558,-,-, -,-, -,15,15,142521,36,218396,-,-, -,-, -
00743700,PITTSBURGH TECHNICAL COLLEGE,PA,150713205,Private-Nonprofit,251,252,832934,959,1369317,245,260,690413,1005,1265174,-,-, -,-, -,43,43,362256,191,866610,-,-, -,-, -
00744700,DEL-MAR-VA BEAUTY ACADEMY,MD,218046952,Proprietary,25,25,73554,53,81502,23,23,85832,52,96434,-,-, -,-, -,1,1,7200,2,7200,-,-, -,-, -
00745900,PAIER COLLEGE,CT,066043902,Proprietary,15,15,57886,31,59636,13,13,44926,27,44978,1,1,18082,2,18082,-,-, -,-, -,-,-, -,-, -
00746500,AMERICAN ACADEMY OF DRAMATIC ARTS,NY,100167089,Private-Nonprofit,3,3,8750,20,36751,2,2,6000,21,46500,-,-, -,-, -,3,3,19274,13,146370,-,-, -,-, -
00746600,LIM COLLEGE,NY,100173620,Proprietary,155,165,375788,187,410690,151,154,338399,173,366747,55,55,572429,74,736429,12,12,97623,43,429023,8,8,73880,23,156880
00746800,SCHOOL OF VISUAL ARTS,NY,100103994,Proprietary,3,3,11250,8,17000,4,4,12500,11,20250,0,0,0,13,88842,12,12,190551,15,256276,2,2,3210,15,197538
00746900,HUSSIAN COLLEGE,PA,191304148,Proprietary,198,200,511334,548,697645,200,207,604001,568,874379,-,-, -,-, -,6,6,30465,14,38097,-,-, -,-, -
00750200,BERKELEY COLLEGE,NJ,074243367,Proprietary,723,737,2259953,1660,2902147,757,804,2814811,1810,3673913,61,69,536824,174,747267,30,31,291415,65,315226,-,-, -,-, -
00751800,APEX TECHNICAL SCHOOL,NY,111015107,Private-Nonprofit,244,244,483167,701,869291,240,240,611623,696,1083893,-,-, -,-, -,41,41,239637,117,419037,-,-, -,-, -
00752200,CONTINENTAL SCHOOL OF BEAUTY CULTURE,NY,146233231,Proprietary,123,127,229079,273,330080,134,135,344084,291,497490,-,-, -,-, -,21,21,83205,49,108906,-,-, -,-, -
00752900,CHESTER COUNTY INTERMEDIATE UNIT PRACTICAL NURSING PROGRAM,PA,193353043,Public,29,29,92471,54,94221,34,34,149684,63,152684,-,-, -,-, -,-,-, -,-, -,-,-, -,-, -
00753100,ACADEMY OF ART UNIVERSITY,CA,941053410,Proprietary,408,408,1413609,700,1674959,394,394,1470446,755,1903980,88,88,906524,261,1574246,151,165,1379710,401,1956629,130,147,1412949,279,1704031
00753200,FINGER LAKES COMMUNITY COLLEGE - SUNY OFFICE OF COMMUNITY COLLEGES,NY,144248395,Public,154,156,438510,328,375994,146,149,535661,306,459250,-,-, -,-, -,4,4,27990,9,27990,-,-, -,-, -
00753600,COSUMNES RIVER COLLEGE,CA,958235799,Public,34,35,119733,75,129483,30,30,66657,63,76237,-,-, -,-, -,-,-, -,-, -,-,-, -,-, -
00754000,MISSOURI BAPTIST UNIVERSITY,MO,631418698,Private-Nonprofit,47,47,130332,98,211454,61,61,189759,127,304117,43,43,266759,301,1746119,12,12,74081,22,106969,6,6,16234,19,53883
00754400,APPALACHIAN BIBLE COLLEGE,WV,258809554,Private-Nonprofit,5,5,16720,9,16720,2,2,4780,4,4780,-,-, -,-, -,1,1,7857,2,7857,-,-, -,-, -
00755500,LAKES REGION COMMUNITY COLLEGE,NH,032461326,Public,26,28,68201,65,71701,21,24,68556,56,76431,-,-, -,-, -,1,1,5500,2,5500,-,-, -,-, -
00756000,RIVER VALLEY COMMUNITY COLLEGE,NH,037439707,Public,73,73,252387,169,243182,72,74,393478,171,379223,-,-, -,-, -,-,-, -,-, -,-,-, -,-, -
00757000,HELENA COLLEGE UNIVERSITY OF MONTANA,MT,596013098,Public,13,13,29447,28,30720,23,23,55910,48,55910,-,-, -,-, -,-,-, -,-, -,-,-, -,-, -
00757200,AMERICAN MUSICAL & DRAMATIC ACADEMY,NY,100232106,Private-Nonprofit,223,224,922795,589,1353297,240,241,568081,619,809016,2,2,27473,2,27473,188,217,6359800,500,8606339,4,7,49480,11,49480
00757300,EMPIRE BEAUTY SCHOOL,NY,111034028,Proprietary,269,273,671071,634,908551,257,263,846414,608,1154257,-,-, -,-, -,40,40,206733,101,277891,-,-, -,-, -
00758200,AIMS COMMUNITY COLLEGE,CO,806343002,Public,46,48,113645,96,113645,36,40,80300,78,80300,-,-, -,-, -,-,-, -,-, -,-,-, -,-, -
00758800,CAPRI COLLEGE,IA,520040873,Proprietary,47,49,152877,113,195151,50,57,164686,126,195224,-,-, -,-, -,5,5,24685,11,25266,-,-, -,-, -
00759300,PARISIAN BEAUTY ACADEMY PAUL MITCHELL PARTNER SCHOOL,NJ,076015509,Proprietary,180,180,424504,425,543614,182,182,552665,435,712486,-,-, -,-, -,12,12,123190,39,224563,-,-, -,-, -
00759800,HOCKING TECHNICAL COLLEGE,OH,457649582,Public,114,114,332921,442,336129,115,115,453438,440,454730,-,-, -,-, -,15,15,145753,54,145753,-,-, -,-, -
00760000,INTERNATIONAL BEAUTY SCHOOL,WV,254013231,Proprietary,38,38,92444,96,120630,38,38,120153,93,143039,-,-, -,-, -,1,1,2300,6,12595,-,-, -,-, -
00760700,CONCORDE CAREER COLLEGE,CA,916063134,Proprietary,167,169,525477,681,951366,170,170,673636,678,1241756,-,-, -,-, -,38,38,335626,126,481675,-,-, -,-, -
00761100,SOHO HAIR ACADEMY,IA,515017541,Proprietary,18,18,38420,35,46181,9,9,15895,18,23170,-,-, -,-, -,-,-, -,-, -,-,-, -,-, -
00761700,CARNEGIE INSTITUTE,MI,480831159,Proprietary,46,51,118066,137,129736,38,40,139632,111,152730,-,-, -,-, -,2,2,11032,6,11032,-,-, -,-, -
00763200,UNIVERSITY OF BRISTOL,,BS8 1QU,Foreign-Private,0,0,0,1,2250,0,0,0,1,1000,2,2,40524,30,207683,0,0,0,1,26384,0,0,0,23,213414
00763500,CONNECTICUT STATE COMMUNITY COLLEGE,CT,061031207,Public,71,72,163183,148,182869,56,56,132956,115,153298,-,-, -,-, -,-,-, -,-, -,-,-, -,-, -
00764000,FAYETTEVILLE TECHNICAL COMMUNITY COLLEGE,NC,283030236,Public,369,375,838530,2710,1811846,285,285,712757,2329,1708789,-,-, -,-, -,1,1,2783,6,3230,-,-, -,-, -
00764400,LAKE LAND COLLEGE,IL,619389366,Public,19,20,26382,41,28632,22,25,38230,52,41480,-,-, -,-, -,3,3,5810,6,5810,-,-, -,-, -
00764900,ROCKY MOUNTAIN COLLEGE OF ART + DESIGN,CO,802141433,Proprietary,801,920,2641679,2038,3335011,815,890,3277371,2005,4312476,-,-, -,-, -,119,134,1302538,309,1567532,-,-, -,-, -
00765900,LA' JAMES COLLEGE OF HAIRSTYLING,IA,504013308,Proprietary,17,17,34998,46,57284,18,18,49651,47,73060,-,-, -,-, -,1,1,17085,5,28958,-,-, -,-, -
00766900,SOUTHWEST WISCONSIN TECHNICAL COLLEGE,WI,538099778,Public,90,94,245433,331,246308,53,54,209674,206,217649,-,-, -,-, -,-,-, -,-, -,-,-, -,-, -
00767800,SPARTAN COLLEGE OF AERONAUTICS AND TECHNOLOGY,OK,741155800,Proprietary,202,209,778496,613,1019682,227,234,972828,680,1266574,-,-, -,-, -,63,68,1357917,175,1663185,-,-, -,-, -
00767900,YORK UNIVERSITY,,M3J 1P3,Foreign-Private,-,-, -,-, -,-,-, -,-, -,1,1,20500,1,20500,1,1,7489,1,7489,1,1,13923,1,13923
00768400,KISHWAUKEE COLLEGE,IL,601509699,Public,26,27,49614,54,49614,25,26,51458,51,51458,-,-, -,-, -,2,2,14891,4,14891,-,-, -,-, -
00768600,SOUTHERN UNIVERSITY AT SHREVEPORT - BOSSIER CITY,LA,711074795,Public,97,97,269881,227,342925,83,86,191609,214,223118,-,-, -,-, -,2,2,4493,6,9157,-,-, -,-, -
00769000,KANKAKEE COMMUNITY COLLEGE,IL,609016505,Public,14,14,22235,35,29202,14,14,24312,39,39092,-,-, -,-, -,-,-, -,-, -,-,-, -,-, -
00769100,MCHENRY COUNTY COLLEGE,IL,600122761,Public,11,11,28497,27,36184,11,11,17007,25,20761,-,-, -,-, -,-,-, -,-, -,-,-, -,-, -
00769200,MORAINE VALLEY COMMUNITY COLLEGE,IL,604650937,Public,19,19,33082,56,64004,13,13,26454,46,76773,-,-, -,-, -,-,-, -,-, -,-,-, -,-, -
00769400,COLLEGE OF LAKE COUNTY,IL,600301198,Public,30,32,74782,65,77182,31,32,69423,65,69606,-,-, -,-, -,1,1,5000,2,5000,-,-, -,-, -
00770500,ROYAL COLLEGE OF SURGEONS IN IRELAND,,2,Foreign-Private,-,-, -,-, -,-,-, -,-, -,-,-, -,-, -,-,-, -,-, -,0,0,0,3,24000
00771300,SKYLINE COLLEGE,CA,940661698,Public,2,2,3500,4,3500,2,2,4000,5,4342,-,-, -,-, -,-,-, -,-, -,-,-, -,-, -
00771700,CAPRI COLLEGE,IA,528072622,Proprietary,47,50,124842,100,154555,46,46,122486,100,156653,-,-, -,-, -,4,4,28485,8,28485,-,-, -,-, -
00772900,COUNTY COLLEGE OF MORRIS,NJ,078692086,Public,16,16,41494,26,51614,12,12,26130,27,55636,-,-, -,-, -,2,2,6526,2,6526,-,-, -,-, -
00773000,ROWAN COLLEGE AT BURLINGTON COUNTY,NJ,080549416,Public,55,55,116301,97,177735,58,58,107760,118,234696,-,-, -,-, -,3,3,13000,4,16500,-,-, -,-, -
00773100,RARITAN VALLEY COMMUNITY COLLEGE,NJ,088761265,Public,21,22,43318,24,46441,30,32,75973,37,83323,-,-, -,-, -,2,2,4200,2,4200,-,-, -,-, -
00773800,SOUTHERN ARKANSAS UNIVERSITY TECH,AR,717011900,Public,14,14,16281,28,16281,17,17,23569,34,23569,-,-, -,-, -,3,3,8092,6,8092,-,-, -,-, -
00776400,SOUTHEAST TECHNICAL COLLEGE,SD,571071301,Public,75,75,125178,96,157025,60,60,169802,86,220046,-,-, -,-, -,2,2,5500,4,14833,-,-, -,-, -
00777900,LANSDALE SCHOOL OF BUSINESS,PA,194544114,Proprietary,42,43,118499,121,199558,38,39,128136,103,212723,-,-, -,-, -,-,-, -,-, -,-,-, -,-, -
00778000,NEW CASTLE SCHOOL OF TRADES,PA,161018739,Proprietary,144,145,441534,499,603745,129,129,381792,437,557403,-,-, -,-, -,13,13,71050,50,99894,-,-, -,-, -
00778300,MIDDLE TENNESSEE SCHOOL OF ANESTHESIA,TN,371150417,Private-Nonprofit,-,-, -,-, -,-,-, -,-, -,6,6,123000,335,2350558,-,-, -,-, -,4,4,105082,302,4424445
00783900,TRIANGLE TECH,PA,152143897,Proprietary,93,99,352500,189,354250,105,110,428620,211,431620,-,-, -,-, -,32,32,243564,61,243564,-,-, -,-, -
00784500,NEW ENGLAND INSTITUTE OF TECHNOLOGY,RI,028181205,Private-Nonprofit,49,50,70264,53,71851,53,55,69480,60,69480,10,10,68332,10,68332,7,7,52965,7,52965,1,1,9726,1,9726
00787000,HILLSBOROUGH COMMUNITY COLLEGE,FL,336143572,Public,527,529,944152,1183,1363838,520,520,1142793,1130,1642875,-,-, -,-, -,3,3,17809,8,32466,-,-, -,-, -
00787100,GEORGE C. WALLACE STATE COMMUNITY COLLEGE,AL,350772000,Public,87,88,225236,235,331618,72,72,246476,199,391120,-,-, -,-, -,2,2,6200,6,11200,-,-, -,-, -
00787400,UNIVERSITY OF CALGARY,,T2N 1N4,Foreign-Private,0,0,0,1,2750,1,1,2000,1,2000,0,0,0,8,40887,-,-, -,-, -,1,1,48241,6,69985
00788100,AMERICAN UNIVERSITY OF PARIS,,75007,Foreign-Private,-,-, -,-, -,-,-, -,-, -,1,1,10000,18,130613,0,0,0,8,79398,0,0,0,18,77006
00789300,FLAGLER COLLEGE,FL,320844342,Private-Nonprofit,195,209,364929,216,370429,106,111,211050,114,213050,-,-, -,-, -,9,9,55644,10,63762,-,-, -,-, -
00790000,BUTTE ACADEMY OF BEAUTY CULTURE,MT,597019197,Proprietary,6,6,12536,15,16728,8,8,17548,18,23855,-,-, -,-, -,-,-, -,-, -,-,-, -,-, -
00791200,THADDEUS STEVENS COLLEGE OF TECHNOLOGY,PA,176023198,Public,11,11,21794,20,23075,6,6,14576,10,14576,-,-, -,-, -,4,4,28757,8,28757,-,-, -,-, -
00791600,FRANKLIN COUNTY CAREER AND TECHNOLOGY CENTER,PA,172028895,Public,18,19,46369,24,46369,19,20,76635,28,76635,-,-, -,-, -,-,-, -,-, -,-,-, -,-, -
00792100,PAUL MITCHELL THE SCHOOL ARKANSAS,AR,727035318,Proprietary,28,29,86242,80,121652,32,32,74427,79,106242,-,-, -,-, -,0,0,0,2,10110,-,-, -,-, -
00793000,CONCORDE CAREER COLLEGE,CA,921131962,Proprietary,180,181,561263,634,907246,183,185,801606,642,1250432,-,-, -,-, -,20,20,203812,81,369404,-,-, -,-, -
00793300,FRONT RANGE COMMUNITY COLLEGE,CO,800312199,Public,161,162,343176,422,589103,115,115,341686,319,683100,-,-, -,-, -,4,4,21651,10,37375,-,-, -,-, -
00793700,MS ROBERTS ACADEMY OF BEAUTY CULTURE,IL,601621305,Proprietary,15,15,39250,28,46000,16,16,49647,30,58647,-,-, -,-, -,0,0,0,1,3924,-,-, -,-, -
00793800,LINCOLN COLLEGE OF TECHNOLOGY,IN,462684198,Proprietary,3172,3217,9649373,7704,12310023,3177,3922,10357646,9277,12960898,-,-, -,-, -,1055,1071,10384301,2667,12647944,-,-, -,-, -
00794100,SALON PROFESSIONAL ACADEMY (THE),IA,506135061,Proprietary,26,26,83691,59,107691,21,22,90795,53,115160,-,-, -,-, -,-,-, -,-, -,-,-, -,-, -
00794800,WILMINGTON UNIVERSITY,DE,197206491,Private-Nonprofit,315,317,904771,965,1869873,313,314,1116498,961,2515849,238,239,1880133,990,6396358,10,10,59237,13,65992,8,9,42088,49,188969
00795000,WEST SHORE COMMUNITY COLLEGE,MI,494540000,Public,4,5,11718,13,11718,5,5,18474,12,18474,-,-, -,-, -,-,-, -,-, -,-,-, -,-, -
00795400,NORMANDALE COMMUNITY COLLEGE,MN,554314399,Public,106,122,225136,130,225136,101,106,242297,114,242297,-,-, -,-, -,2,2,5235,2,5235,-,-, -,-, -
00799300,"CALIFORNIA STATE UNIVERSITY, BAKERSFIELD",CA,933111022,Public,159,164,379867,177,379867,124,127,301918,137,301918,65,66,434828,69,434828,2,2,8000,2,8000,5,5,28035,5,28035
00806700,LOUISIANA STATE UNIVERSITY HEALTH SCIENCES CENTER IN SHREVEPORT,LA,711303932,Public,3,3,6422,3,6422,5,5,20122,5,20122,94,100,764117,100,764117,-,-, -,-, -,86,91,791533,91,791533
00807100,CONCORDE CAREER COLLEGE,CA,928409201,Proprietary,212,212,648129,789,1123505,194,194,852931,766,1526130,-,-, -,-, -,23,23,238168,96,387507,-,-, -,-, -
00807300,BUTTE COLLEGE,CA,959658399,Public,18,18,58286,37,60536,22,24,70773,49,73773,-,-, -,-, -,2,2,17000,4,17000,-,-, -,-, -
00807800,SPRINGFIELD TECHNICAL COMMUNITY COLLEGE,MA,011019000,Public,95,98,197826,168,248156,76,80,162033,154,259425,-,-, -,-, -,-,-, -,-, -,-,-, -,-, -
00808000,STATE FAIR COMMUNITY COLLEGE,MO,653012199,Public,44,49,105360,150,137795,31,36,72744,114,104326,-,-, -,-, -,0,0,0,6,7001,-,-, -,-, -
00812900,"ADULT & COMMUNITY EDUCATION, COLUMBUS CITY SCHOOLS",OH,432112017,Public,27,27,44490,59,54698,23,23,64918,52,81209,-,-, -,-, -,-,-, -,-, -,-,-, -,-, -
00813200,TOLEDO PUBLIC SCHOOLS ADULT AND CONTINUING EDUCATION,OH,436201152,Public,2,3,7000,6,7000,3,3,7718,6,7718,-,-, -,-, -,-,-, -,-, -,-,-, -,-, -
00813300,ZANE STATE COLLEGE,OH,437012626,Public,10,10,18327,65,74898,5,5,10503,22,25437,-,-, -,-, -,0,0,0,4,7539,-,-, -,-, -
00814500,NASHVILLE STATE COMMUNITY COLLEGE,TN,372094515,Public,41,42,77874,84,77874,50,51,107876,102,113000,-,-, -,-, -,-,-, -,-, -,-,-, -,-, -
00814700,UNIVERSIDAD AUTONOMA DE GUADALAJARA,,45100,Foreign-Private,-,-, -,-, -,-,-, -,-, -,8,8,148500,422,4318473,-,-, -,-, -,20,20,362629,878,14586142
00814800,UNIVERSITY OF WINNIPEG (THE),,R3B 2E9,Foreign-Private,-,-, -,-, -,1,1,3000,2,3000,-,-, -,-, -,-,-, -,-, -,-,-, -,-, -
00815500,EVERGREEN STATE COLLEGE (THE),WA,985050002,Public,121,127,285520,168,320920,136,144,364574,172,395113,15,16,120781,32,198664,9,9,90643,11,105120,15,15,122707,18,135411
00817500,HOWARD COMMUNITY COLLEGE,MD,210443197,Public,82,82,224360,87,226110,84,88,222537,94,223537,-,-, -,-, -,1,1,3500,1,3500,-,-, -,-, -
00817800,EMPIRE BEAUTY SCHOOL,MI,495441635,Proprietary,364,368,872555,901,1225112,350,355,1067509,873,1531449,-,-, -,-, -,62,63,306777,163,455184,-,-, -,-, -
00818900,CONTINENTAL SCHOOL OF BEAUTY CULTURE,NY,142243402,Proprietary,24,25,45785,54,68733,25,26,75750,56,108920,-,-, -,-, -,1,1,251,6,6317,-,-, -,-, -
00820000,UPMC JAMESON SCHOOL OF NURSING,PA,161052595,Private-Nonprofit,41,42,160953,88,171453,42,43,203274,92,230459,-,-, -,-, -,1,3,12000,6,12000,-,-, -,-, -
00822100,UNIVERSAL TECHNICAL INSTITUTE,AZ,853237946,Proprietary,2491,2526,8465117,6017,10767741,2523,2549,8570331,6262,10968700,-,-, -,-, -,1138,1172,10913628,3481,14338144,-,-, -,-, -
00822800,SEWARD COUNTY COMMUNITY COLLEGE,KS,679011137,Public,10,10,25150,20,25150,6,6,10600,12,10600,-,-, -,-, -,-,-, -,-, -,-,-, -,-, -
00824400,JOHNSON COUNTY COMMUNITY COLLEGE,KS,662101299,Public,144,158,263746,309,263746,83,93,239471,184,239471,-,-, -,-, -,-,-, -,-, -,-,-, -,-, -
00825900,EDUCATORS OF BEAUTY COLLEGE OF COSMETOLOGY,IL,610813611,Proprietary,47,50,131808,127,174975,39,41,117048,106,152209,-,-, -,-, -,6,8,58296,16,58296,-,-, -,-, -
00826000,IOWA SCHOOL OF BEAUTY,IA,503223203,Proprietary,25,25,75459,63,98849,30,31,108169,77,139164,-,-, -,-, -,3,3,19950,10,29694,-,-, -,-, -
00826300,AWARD BEAUTY SCHOOL,MD,217405624,Proprietary,38,38,99845,89,133185,38,38,127640,89,171390,-,-, -,-, -,2,2,8000,7,13031,-,-, -,-, -
00827800,TERRA STATE COMMUNITY COLLEGE,OH,434209670,Public,29,29,87946,67,87946,29,31,97691,76,99064,-,-, -,-, -,1,1,3500,2,3500,-,-, -,-, -
00828400,MITCHELL TECHNICAL COLLEGE,SD,573019931,Public,73,74,204882,151,204882,66,67,200838,116,200838,-,-, -,-, -,1,1,12580,3,12580,-,-, -,-, -
00830300,GATEWAY COMMUNITY COLLEGE,AZ,850341795,Public,96,96,180888,195,188891,56,61,121811,125,126770,-,-, -,-, -,-,-, -,-, -,-,-, -,-, -
00830400,SCOTTSDALE COMMUNITY COLLEGE,AZ,852562626,Public,47,48,87609,98,91859,19,20,36328,43,41328,-,-, -,-, -,1,1,5336,2,5336,-,-, -,-, -
00830800,CECIL COLLEGE,MD,219011999,Public,15,15,47360,34,58860,15,15,32161,44,63968,-,-, -,-, -,-,-, -,-, -,-,-, -,-, -
00831000,AUBURN UNIVERSITY MONTGOMERY,AL,361173596,Public,161,162,311744,322,311744,118,118,288034,233,288034,93,96,550586,192,550586,41,41,167080,82,167080,36,36,201580,72,201580
00836200,UNIVERSITY OF ALBERTA (THE),,T6G 2R3,Foreign-Private,-,-, -,-, -,-,-, -,-, -,1,1,10000,4,23000,-,-, -,-, -,-,-, -,-, -
00836400,SAINT MARY'S UNIVERSITY,,B3H 3C3,Foreign-Private,-,-, -,-, -,-,-, -,-, -,0,0,0,1,6834,-,-, -,-, -,-,-, -,-, -
00836500,CONCORDIA UNIVERSITY,,H3G 1M8,Foreign-Private,4,4,20000,7,20000,8,8,41500,11,41500,9,9,139871,23,139871,2,2,18747,2,18747,3,3,44226,9,44226
00836600,UNIVERSITE DE MONTREAL,,H3T 1J4,Foreign-Private,-,-, -,-, -,-,-, -,-, -,0,0,0,5,28580,-,-, -,-, -,-,-, -,-, -
00836800,CARLETON UNIVERSITY,,K1S   5B6,Foreign-Private,1,1,5500,3,5500,-,-, -,-, -,2,2,26500,5,26500,1,1,38000,3,38000,1,1,9427,3,9427
00836900,UNIVERSITY OF BRITISH COLUMBIA,,V6T   1Z1,Foreign-Private,-,-, -,-, -,2,2,14401,3,15401,4,4,31305,34,176046,0,0,0,5,69434,8,8,37406,13,111753
00837000,UNIVERSITY OF VICTORIA,,V8W   2Y2,Foreign-Public,1,1,5500,1,5500,1,1,2000,1,2000,4,4,9865,4,9865,-,-, -,-, -,3,3,24048,3,24048
00837300,TEL AVIV UNIVERSITY,,69978,Foreign-Private,0,0,0,1,1750,0,0,0,2,4250,0,0,0,10,102500,0,0,0,1,7300,0,0,0,10,93293
00837700,UNIVERSITEIT VAN AMSTERDAM,,1012 WX,Foreign-Private,-,-, -,-, -,-,-, -,-, -,0,0,0,2,6878,-,-, -,-, -,0,0,0,1,5000
00838000,UNIVERSITY OF WARWICK,,CV4 8UW,Foreign-Private,1,1,4500,7,9832,1,1,2000,8,6498,1,1,20500,7,71750,0,0,0,3,43872,1,1,2162,8,96814
00838300,UNIVERSITY OF GLASGOW,,G12 8QQ,Foreign-Private,1,1,4500,2,4500,1,1,6000,2,6000,0,0,0,211,1507880,-,-, -,-, -,3,3,77339,194,2272991
00839400,UNIVERSITY OF OXFORD,,OX1   2JD,Foreign-Private,-,-, -,-, -,-,-, -,-, -,0,0,0,43,235754,-,-, -,-, -,0,0,0,33,420931
00839800,UNIVERSITY OF SHEFFIELD (THE),,SI0 2TN,Foreign-Private,-,-, -,-, -,-,-, -,-, -,1,1,18420,2,28670,-,-, -,-, -,0,0,0,1,20103
00839900,UNIVERSITY OF SOUTHAMPTON,,S017 1BJ,Foreign-Private,-,-, -,-, -,-,-, -,-, -,0,0,0,11,75174,0,0,0,1,2088,0,0,0,10,80691
00840300,INDIAN HILLS COMMUNITY COLLEGE,IA,525011398,Public,37,37,105019,247,285833,37,37,94574,266,342225,-,-, -,-, -,0,0,0,4,9254,-,-, -,-, -
00840400,BROOKDALE COMMUNITY COLLEGE,NJ,077381597,Public,49,49,117274,50,117274,40,40,73963,40,73963,-,-, -,-, -,2,2,3200,2,3200,-,-, -,-, -
00842400,LA' JAMES INTERNATIONAL COLLEGE,IA,505015577,Proprietary,7,9,24494,19,28203,7,9,16472,20,24264,-,-, -,-, -,-,-, -,-, -,-,-, -,-, -
00843700,CLINTON-ESSEX-WARREN-WASHINGTON BOCES,NY,129010455,Public,8,8,10400,16,10400,8,8,13864,16,13864,-,-, -,-, -,-,-, -,-, -,-,-, -,-, -
00844400,SIMON FRASER UNIVERSITY,,V5A 1S6,Foreign-Public,-,-, -,-, -,-,-, -,-, -,0,0,0,13,73597,-,-, -,-, -,0,0,0,8,48596
00844600,UNIVERSITY OF WESTERN ONTARIO (THE),,N6A 3K6,Foreign-Private,-,-, -,-, -,-,-, -,-, -,2,2,31847,14,93625,-,-, -,-, -,1,1,4512,3,9246
00845200,ABERYSTWYTH UNIVERSITY,,SY23 3FB,Foreign-Private,-,-, -,-, -,-,-, -,-, -,0,0,0,7,69175,-,-, -,-, -,0,0,0,5,53240
00845800,LOUGHBOROUGH UNIVERSITY,,LE11  3TU,Foreign-Private,1,1,4500,1,4500,1,1,2000,1,2000,0,0,0,12,85424,-,-, -,-, -,0,0,0,10,105726
00846000,UNIVERSITY OF NEWCASTLE UPON TYNE,,NE1   7RU,Foreign-Private,0,0,0,7,9405,0,0,0,9,16010,0,0,0,29,190602,0,0,0,2,19000,2,2,15500,24,187750
00846100,UNIVERSITY OF SAINT ANDREWS,,KY16 0US,Foreign-Private,2,2,8000,4,8000,2,2,4000,4,4000,5,5,80415,110,662668,-,-, -,-, -,4,4,90164,58,531814
00846600,SOUTHWESTERN COMMUNITY COLLEGE,NC,287798581,Public,1,1,2250,100,40831,2,2,5750,101,58389,-,-, -,-, -,-,-, -,-, -,-,-, -,-, -
00849200,CHI HEALTH SCHOOL OF RADIOLOGIC TECHNOLOGY,NE,681229832,Private-Nonprofit,1,1,5500,2,5500,1,1,4000,2,4000,-,-, -,-, -,-,-, -,-, -,-,-, -,-, -
00849400,HOHOKUS SCHOOL OF TRADE AND TECHNICAL SCIENCES,NJ,075131402,Proprietary,75,75,181182,175,232585,75,75,227331,178,300816,-,-, -,-, -,16,16,151046,41,197494,-,-, -,-, -
00849500,JAMESTOWN BUSINESS COLLEGE,NY,147020429,Proprietary,25,28,82151,82,93401,27,29,106360,85,120158,-,-, -,-, -,2,2,15407,6,15407,-,-, -,-, -
00850500,UNIVERSITY OF MELBOURNE,,3010,Foreign-Private,0,0,0,3,6250,0,0,0,2,6000,0,0,0,46,466375,-,-, -,-, -,0,0,0,42,884215
00852600,UNIVERSITY OF WATERLOO,,N2L 3G1,Foreign-Private,-,-, -,-, -,-,-, -,-, -,0,0,0,4,20734,-,-, -,-, -,1,1,9400,2,18068
00853700,CONCORDE CAREER COLLEGE,CA,924083403,Proprietary,212,212,687392,798,1171036,196,196,870197,776,1535336,-,-, -,-, -,28,31,249698,109,396929,-,-, -,-, -
00854300,ATLANTA TECHNICAL COLLEGE,GA,303104499,Public,275,280,633297,1482,1075256,157,162,371504,1117,883407,-,-, -,-, -,-,-, -,-, -,-,-, -,-, -
00855200,STEVENS - THE INSTITUTE OF BUSINESS & ARTS,MO,631030000,Proprietary,34,36,85341,129,147127,35,40,122414,143,196902,-,-, -,-, -,3,3,17313,14,27247,-,-, -,-, -
00855700,NASH COMMUNITY COLLEGE,NC,278040488,Public,13,13,42250,42,72500,12,12,12205,38,41773,-,-, -,-, -,-,-, -,-, -,-,-, -,-, -
00856800,VET TECH INSTITUTE,PA,152223400,Proprietary,56,56,158458,155,288206,52,69,142289,188,239980,-,-, -,-, -,11,11,127770,55,273976,-,-, -,-, -
00858600,SWANSEA UNIVERSITY,,SA2 8PP,Foreign-Private,-,-, -,-, -,-,-, -,-, -,2,2,39098,19,139352,-,-, -,-, -,1,1,9007,18,168206
00858700,UNIVERSITY OF DURHAM,,DH1 3LE,Foreign-Private,1,1,3752,18,26079,0,0,0,18,14989,0,0,0,52,328447,0,0,0,10,138859,2,2,27000,43,386911
00859600,WEST LOS ANGELES COLLEGE,CA,902303500,Public,39,42,143343,102,172364,36,36,148562,94,192616,-,-, -,-, -,-,-, -,-, -,-,-, -,-, -
00859700,FEATHER RIVER COLLEGE,CA,959719124,Public,3,3,8474,5,8474,1,1,2000,2,2000,-,-, -,-, -,2,2,22318,4,22318,-,-, -,-, -
00861100,HOSTOS COMMUNITY COLLEGE OF THE CITY UNIVERSITY OF NEW YORK,NY,104512946,Public,40,40,82944,80,82944,23,23,45162,46,45162,-,-, -,-, -,-,-, -,-, -,-,-, -,-, -
00864500,EMPIRE BEAUTY SCHOOLS,NH,031069716,Proprietary,68,68,170455,173,229138,70,77,199250,193,276431,-,-, -,-, -,7,7,42325,18,57773,-,-, -,-, -
00865300,JEFFERSON COUNTY DUBOIS AREA VOCATIONAL TECHNICAL SCHOOL,PA,158511199,Public,6,6,17500,15,23188,5,5,30000,14,39187,-,-, -,-, -,-,-, -,-, -,-,-, -,-, -
00865500,GENESIS CAREER COLLEGE,TN,385011959,Proprietary,58,58,122950,168,229416,57,57,157872,168,316025,-,-, -,-, -,10,10,58204,22,66685,-,-, -,-, -
00865800,O'BRIENS AVEDA INSTITUTE,VT,054959998,Proprietary,16,16,37330,32,45497,16,16,60811,34,67369,-,-, -,-, -,3,3,29350,6,29350,-,-, -,-, -
00865900,LAUREL RIDGE COMMUNITY COLLEGE,VA,226450047,Public,17,18,44675,65,79142,20,22,39813,70,74863,-,-, -,-, -,0,0,0,2,2750,-,-, -,-, -
00866000,GERMANNA COMMUNITY COLLEGE,VA,225082102,Public,37,37,97443,39,100943,46,48,122430,49,125430,-,-, -,-, -,1,1,2804,1,2804,-,-, -,-, -
00866500,UNIVERSITY OF KENT,,CT2 7NZ,Foreign-Private,1,1,5500,2,5500,1,1,7000,2,7000,1,1,9000,6,50000,-,-, -,-, -,4,4,65812,35,186086
00867000,UNIVERSITY OF NEW SOUTH WALES (THE),,2052,Foreign-Private,1,1,5166,4,6333,2,2,3333,5,5833,3,3,47833,18,125519,0,0,0,1,13900,2,2,56020,16,214114
00867700,NORTHWEST STATE COMMUNITY COLLEGE,OH,435029542,Public,33,33,98562,80,92654,6,6,22056,13,22056,-,-, -,-, -,-,-, -,-, -,-,-, -,-, -
00868700,UNIVERSITY OF ESSEX,,CO4   3SQ,Foreign-Private,1,1,4500,17,25246,0,0,0,15,18329,3,3,44087,103,564550,0,0,0,7,98792,2,2,9555,99,797203
00869300,"CITY, UNIVERSITY OF LONDON",,EC1V 0HB,Foreign-Private,0,0,0,11,14999,0,0,0,10,13303,1,1,4000,80,531224,0,0,0,5,68843,1,1,4768,67,826717
00869400,RASMUSSEN UNIVERSITY,MN,563013713,Proprietary,6578,7007,16634164,21777,26667880,6388,6666,24309659,21188,39681239,155,158,1959077,573,3247740,100,105,1185326,378,2003751,4,4,31452,7,31452
00884600,WRIGHT INSTITUTE (THE),CA,947041796,Private-Nonprofit,-,-, -,-, -,-,-, -,-, -,13,13,156129,277,2212046,-,-, -,-, -,15,17,286164,226,1884541
00884800,WARNER UNIVERSITY,FL,338598725,Private-Nonprofit,22,23,46118,65,80134,23,24,58947,61,98049,4,4,41250,34,224866,1,1,2900,5,15069,2,2,20750,5,21715
00884900,PALM BEACH ATLANTIC UNIVERSITY,FL,334016505,Private-Nonprofit,59,59,116941,92,190975,41,42,83161,72,138529,236,257,2525910,347,2551915,16,17,112484,19,127096,70,77,1876139,159,1876139
00885500,EDGECOMBE COMMUNITY COLLEGE,NC,278869399,Public,56,56,158797,185,273291,60,64,125467,194,188724,-,-, -,-, -,-,-, -,-, -,-,-, -,-, -
00885900,JOHN A GUPTON COLLEGE,TN,372032934,Private-Nonprofit,25,25,43909,58,55709,14,14,33941,36,54780,-,-, -,-, -,1,1,8000,3,8000,-,-, -,-, -
00886000,SIT,VT,053024801,Private-Nonprofit,-,-, -,-, -,-,-, -,-, -,26,26,406755,86,516083,-,-, -,-, -,3,4,30152,26,165079
00886200,EAST CENTRAL COLLEGE,MO,630840529,Public,18,18,28031,36,28031,19,19,37954,38,37954,-,-, -,-, -,-,-, -,-, -,-,-, -,-, -
00886400,ARIZONA ACADEMY OF BEAUTY,AZ,857125021,Proprietary,14,14,33900,45,45746,14,14,45125,33,52903,-,-, -,-, -,1,1,5568,2,5568,-,-, -,-, -
00887100,CONCORDE CAREER COLLEGE,CO,800104314,Proprietary,492,496,1483166,1516,2014043,473,477,2146090,1492,2898318,-,-, -,-, -,29,29,378490,104,529935,-,-, -,-, -
00887800,MIAMI INTERNATIONAL UNIVERSITY OF ART & DESIGN,FL,331321418,Private-Nonprofit,175,179,588622,734,1001282,176,180,688371,705,1163345,1,1,13666,9,50118,25,25,237371,102,344457,-,-, -,-, -
00888600,PORTAGE LAKES CAREER CENTER,OH,446859554,Public,17,17,12024,100,61484,17,19,25828,114,106141,-,-, -,-, -,-,-, -,-, -,-,-, -,-, -
00888700,CONCORDE CAREER COLLEGE,OR,972322242,Proprietary,84,85,251531,352,469464,87,88,363728,356,660350,-,-, -,-, -,7,7,61297,35,134867,-,-, -,-, -
00889600,PIKES PEAK STATE COLLEGE,CO,809065498,Public,189,193,430458,493,627486,153,154,327525,355,388870,-,-, -,-, -,1,1,6000,2,6000,-,-, -,-, -
00890200,COLUMBIA CENTRAL UNIVERSITY,PR,007258517,Proprietary,175,178,609988,405,738551,117,118,369422,286,494375,67,67,570705,151,684180,-,-, -,-, -,-,-, -,-, -
00890300,COLLEGE OF THE CANYONS,CA,913551899,Public,30,30,71000,171,165868,26,26,80500,147,196866,-,-, -,-, -,0,0,0,9,36395,-,-, -,-, -
00890600,MACOMB COMMUNITY COLLEGE,MI,480883896,Public,149,149,195605,150,196248,123,123,196602,125,200602,-,-, -,-, -,-,-, -,-, -,-,-, -,-, -
00890800,UNIVERSITY OF BIRMINGHAM (THE),,B15 2TT,Foreign-Private,1,1,4500,2,4500,1,1,2000,2,2000,5,5,85787,15,137037,1,1,52685,2,52685,2,2,69518,10,144255
00891000,UNIVERSITY OF HULL,,HU6 7RX,Foreign-Private,-,-, -,-, -,-,-, -,-, -,1,1,20500,1,20500,-,-, -,-, -,-,-, -,-, -
00891600,NEW ENGLAND LAW | BOSTON,MA,021165687,Private-Nonprofit,-,-, -,-, -,-,-, -,-, -,14,15,101758,30,101758,-,-, -,-, -,99,110,848211,155,848211
00891800,SADDLEBACK COLLEGE,CA,926923699,Public,24,24,46125,155,152424,23,23,60203,167,216293,-,-, -,-, -,-,-, -,-, -,-,-, -,-, -
00892000,UNIVERSITY OF NOTTINGHAM,,NG7 2RD,Foreign-Private,-,-, -,-, -,-,-, -,-, -,1,1,8000,20,141260,-,-, -,-, -,0,0,0,17,195272
00893800,GRAHAM HOSPITAL SCHOOL OF NURSING,IL,615202497,Private-Nonprofit,0,0,0,1,875,0,0,0,1,1500,-,-, -,-, -,1,1,4000,2,4000,-,-, -,-, -
00894600,MICHIGAN COLLEGE OF BEAUTY,MI,483291618,Proprietary,7,7,21083,15,22833,5,5,13699,11,14699,-,-, -,-, -,1,1,4300,2,4300,-,-, -,-, -
00895500,SALON PROFESSIONAL ACADEMY (THE),PA,166012419,Proprietary,44,44,99105,112,131298,47,47,113311,121,159848,-,-, -,-, -,5,5,20543,19,43130,-,-, -,-, -
00895900,CLARKSBURG BEAUTY ACADEMY & SCHOOL OF MASSAGE THERAPY,WV,263012903,Proprietary,20,21,64914,50,80580,17,18,58080,44,79763,-,-, -,-, -,1,1,6500,3,10500,-,-, -,-, -
00897600,CLAYTON STATE UNIVERSITY,GA,302600285,Public,163,166,472229,279,671472,162,173,584677,285,827087,32,35,263537,76,610093,34,35,184063,44,234453,34,36,359621,38,369871
00900600,UNIVERSITY OF SALFORD (THE),,M5 4WT,Foreign-Private,-,-, -,-, -,-,-, -,-, -,0,0,0,5,32036,-,-, -,-, -,0,0,0,3,15202
00901000,MADISONVILLE COMMUNITY COLLEGE,KY,424319199,Public,41,42,73584,82,73584,29,29,59874,56,59874,-,-, -,-, -,-,-, -,-, -,-,-, -,-, -
00902200,ASSOCIATED TECHNICAL COLLEGE,CA,900171604,Proprietary,16,16,45500,35,61250,20,20,93000,34,102000,-,-, -,-, -,1,1,5500,2,5500,-,-, -,-, -
00903200,EMPIRE COLLEGE,CA,954032122,Proprietary,-,-, -,-, -,-,-, -,-, -,18,18,311964,81,544286,-,-, -,-, -,10,10,284000,37,367333
00904700,HUNTINGTON JUNIOR COLLEGE,WV,257012004,Private-Nonprofit,70,71,196968,424,274597,74,77,279359,433,389018,-,-, -,-, -,1,1,1724,4,1724,-,-, -,-, -
00905400,WEST VIRGINIA NORTHERN COMMUNITY COLLEGE,WV,260033699,Public,21,21,28323,42,28323,15,15,23984,30,23984,-,-, -,-, -,-,-, -,-, -,-,-, -,-, -
00905800,BETHEL UNIVERSITY,MN,551126999,Private-Nonprofit,40,40,156507,140,305853,48,48,202378,146,414826,152,159,1280258,415,2683213,6,6,61656,13,77950,27,37,264348,67,460970
00908400,"UNIVERSITY OF LONDON, BIRKBECK",,WC1 E7HX,Foreign-Private,0,0,0,9,13166,0,0,0,8,14149,1,1,20500,38,260542,-,-, -,-, -,1,1,34448,29,470883
00908500,KING'S COLLEGE LONDON,,SE1 8WA,Foreign-Private,1,1,5500,32,49980,1,1,2000,35,35500,2,2,40500,294,1523162,1,1,42500,23,329100,2,2,61900,262,2921017
00908600,UNIVERSITY OF LONDON - ROYAL HOLLOWAY,,TW20  0EX,Foreign-Private,1,1,5000,2,5000,-,-, -,-, -,0,0,0,3,22773,-,-, -,-, -,0,0,0,5,68352
00908900,HANNIBAL - LAGRANGE UNIVERSITY,MO,634011999,Private-Nonprofit,10,10,17812,21,42382,5,5,7750,13,36368,2,2,15375,16,107506,-,-, -,-, -,0,0,0,1,17000
00914300,BAR-ILAN UNIVERSITY,,5290002,Foreign-Private,1,1,2750,1,2750,1,1,3500,1,3500,1,1,10250,1,10250,-,-, -,-, -,-,-, -,-, -
00914500,GOVERNORS STATE UNIVERSITY,IL,604660975,Public,105,109,254234,119,259734,106,111,290289,116,290289,146,150,1188724,158,1202687,11,11,58855,17,107440,90,92,859509,116,1083178
00915600,WAYNE COUNTY SCHOOLS CAREER CENTER,OH,446779672,Public,18,18,49142,83,70003,17,17,70905,81,101417,-,-, -,-, -,0,0,0,4,9169,-,-, -,-, -
00915700,WYOTECH,WY,820709049,Proprietary,231,235,348247,519,439201,259,265,322455,581,409148,-,-, -,-, -,220,231,1537570,501,2021416,-,-, -,-, -
00915900,PAUL D. CAMP COMMUNITY COLLEGE,VA,238510737,Public,8,8,13129,15,14879,6,6,10121,13,11743,-,-, -,-, -,1,1,4800,2,4800,-,-, -,-, -
00916300,SAN ANTONIO COLLEGE,TX,782124299,Public,127,141,202667,284,210574,141,166,292983,341,307918,-,-, -,-, -,1,1,8426,2,8426,-,-, -,-, -
00918500,ROSE STATE COLLEGE,OK,731102799,Public,122,127,301592,262,320325,102,106,206540,214,218348,-,-, -,-, -,1,1,1566,2,1566,-,-, -,-, -
00919200,SIERRA NEVADA COLLEGE,NV,894519500,Private-Nonprofit,3,3,9346,5,9346,5,5,19250,9,19250,4,4,22603,4,22603,1,1,3582,1,3582,-,-, -,-, -
00919400,LAKESHORE TECHNICAL COLLEGE,WI,530151412,Public,69,69,193087,163,194312,23,25,79262,58,79262,-,-, -,-, -,-,-, -,-, -,-,-, -,-, -
00922600,FRANCIS MARION UNIVERSITY,SC,295020000,Public,61,62,132990,73,132990,47,50,115055,62,115055,32,32,220598,46,220598,21,24,90765,29,90765,46,46,539926,47,539926
00923000,WAYNE COUNTY COMMUNITY COLLEGE DISTRICT,MI,482263010,Public,172,177,430945,365,452975,200,220,506199,448,536207,-,-, -,-, -,-,-, -,-, -,-,-, -,-, -
00923100,WASHINGTON COUNTY COMMUNITY COLLEGE,ME,046199704,Public,3,3,10867,6,10867,3,3,5165,6,5165,-,-, -,-, -,-,-, -,-, -,-,-, -,-, -
00923600,NASHUA COMMUNITY COLLEGE,NH,030632052,Public,26,29,80907,62,78744,24,24,106300,54,96003,-,-, -,-, -,-,-, -,-, -,-,-, -,-, -
00924800,SAMARITAN HOSPITAL SCHOOL OF NURSING,NY,121802475,Private-Nonprofit,16,16,37500,22,37500,16,16,48153,20,48153,-,-, -,-, -,-,-, -,-, -,-,-, -,-, -
00924900,UNIVERSITY OF LIVERPOOL (THE),,L69   7ZX,Foreign-Private,-,-, -,-, -,-,-, -,-, -,0,0,0,15,102495,-,-, -,-, -,0,0,0,13,143807
00925200,BROCK UNIVERSITY,,L2S   3A1,Foreign-Private,-,-, -,-, -,-,-, -,-, -,2,2,26860,3,26860,-,-, -,-, -,-,-, -,-, -
00925600,MORAINE PARK TECHNICAL COLLEGE,WI,549361940,Public,11,11,28841,24,42242,14,14,28918,24,42493,-,-, -,-, -,-,-, -,-, -,-,-, -,-, -
00925900,LARAMIE COUNTY COMMUNITY COLLEGE,WY,820073299,Public,29,29,83432,46,108182,36,37,96190,60,132044,-,-, -,-, -,-,-, -,-, -,-,-, -,-, -
00927000,ART INSTITUTE OF ATLANTA (THE),GA,303281649,Private-Nonprofit,61,62,164742,296,394693,66,67,246374,295,504102,-,-, -,-, -,7,7,85125,41,186953,-,-, -,-, -
00927500,NORTHERN KENTUCKY UNIVERSITY,KY,410990001,Public,226,232,674665,240,678165,198,202,644274,215,648274,744,770,4900834,781,4913334,35,40,220053,42,220053,713,739,6121376,756,6123958
00928400,BRITTANY BEAUTY SCHOOL,NY,117561345,Proprietary,49,49,112654,145,184668,48,48,171366,151,292198,-,-, -,-, -,2,2,12335,8,28017,-,-, -,-, -
00931400,GREAT FALLS COLLEGE MONTANA STATE UNIVERSITY,MT,594054907,Public,14,14,14234,88,95412,13,13,31590,87,149654,-,-, -,-, -,-,-, -,-, -,-,-, -,-, -
00933300,UNIVERSITY OF ILLINOIS AT SPRINGFIELD,IL,627035407,Public,80,84,203354,90,209104,73,74,163262,80,170262,137,144,556935,145,561736,7,7,28790,8,28790,29,30,108322,30,108322
00934400,RAMAPO COLLEGE OF NEW JERSEY,NJ,074301680,Public,23,23,67021,28,69771,36,36,162350,45,165850,25,25,206891,25,206891,18,18,168003,22,178501,1,2,10251,2,10251
00934500,STOCKTON UNIVERSITY,NJ,082059441,Public,44,44,145885,84,219956,76,77,234399,97,259255,22,22,193655,38,298488,35,42,215187,45,230591,41,42,299128,46,301728
00936700,UNIVERSITY OF PRINCE EDWARD ISLAND,,C1A   4P3,Foreign-Private,5,5,21750,10,21750,5,5,27750,10,27750,18,18,366500,36,366500,-,-, -,-, -,19,19,960845,39,960845
00936800,UNIVERSITY OF ABERDEEN,,AB24 3FX,Foreign-Private,-,-, -,-, -,-,-, -,-, -,1,1,5000,48,336705,-,-, -,-, -,3,3,20337,48,477621
00938700,PERRY TECHNICAL INSTITUTE,WA,989031239,Private-Nonprofit,351,474,778780,790,1074613,340,464,678137,773,955290,-,-, -,-, -,10,10,53644,21,89040,-,-, -,-, -
00940100,COLORADO CHRISTIAN UNIVERSITY,CO,802267449,Private-Nonprofit,1232,1320,3756972,2728,5013053,1171,1230,5571776,2634,7528609,435,570,5873584,1674,7736066,12,12,94051,24,105557,29,30,163183,87,220353
00941200,FORTIS COLLEGE,OH,442212998,Proprietary,485,496,1291312,1753,2012083,455,477,1841110,1705,2851901,-,-, -,-, -,25,25,153492,105,295540,-,-, -,-, -
00941900,STATE COLLEGE OF BEAUTY CULTURE,WI,544034667,Proprietary,9,9,23790,17,23790,9,9,28316,17,28316,-,-, -,-, -,-,-, -,-, -,-,-, -,-, -
00942300,ROYAL COLLEGE OF ART,,SW7 2EU,Foreign-Private,-,-, -,-, -,-,-, -,-, -,0,0,0,34,232438,-,-, -,-, -,0,0,0,29,439140
00942800,TECHNION-ISRAEL INSTITUTE OF TECHNOLOGY,,32000,Foreign-Private,-,-, -,-, -,-,-, -,-, -,30,30,596250,59,596250,-,-, -,-, -,24,24,1007396,48,1007396
00944200,UNIVERSITY OF EXETER,,EX4   4QJ,Foreign-Private,-,-, -,-, -,-,-, -,-, -,0,0,0,37,267742,-,-, -,-, -,1,1,69401,33,529987
00944400,UNIVERSITY OF LANCASTER,,LA1 4YW,Foreign-Private,0,0,0,2,3334,0,0,0,3,3834,0,0,0,9,43000,0,0,0,2,19900,0,0,0,8,61272
00944900,PENNCO TECH,PA,190073696,Proprietary,170,189,400397,475,523875,171,190,545019,478,689783,-,-, -,-, -,25,25,175424,73,253076,-,-, -,-, -
00945900,EMPIRE BEAUTY SCHOOL,ME,044016534,Proprietary,253,257,660180,643,938066,245,250,729063,632,1093492,-,-, -,-, -,55,55,293539,126,387208,-,-, -,-, -
00947500,EDUCATORS OF BEAUTY COLLEGE OF COSMETOLOGY,IL,613543101,Proprietary,14,14,38980,43,62573,20,21,57172,56,78726,-,-, -,-, -,7,7,32878,16,43162,-,-, -,-, -
00947900,ST. PAUL'S SCHOOL OF NURSING,NY,103111004,Proprietary,256,263,962650,635,1194123,272,278,1302750,676,1650020,-,-, -,-, -,18,18,263153,35,263153,-,-, -,-, -
00948600,TRINITY WESTERN UNIVERSITY,,V2Y 1Y1,Foreign-Private,-,-, -,-, -,1,1,6500,1,6500,0,0,0,1,10245,-,-, -,-, -,-,-, -,-, -
00950000,MEMORIAL UNIVERSITY OF NEWFOUNDLAND,,A1C5S7,Foreign-Private,-,-, -,-, -,-,-, -,-, -,0,0,0,5,13359,-,-, -,-, -,-,-, -,-, -
00950700,GEORGIA HIGHLANDS COLLEGE,GA,301611864,Public,75,76,127313,83,127313,93,97,232896,101,232896,-,-, -,-, -,-,-, -,-, -,-,-, -,-, -
00950900,CHARLES A. JONES CAREER AND EDUCATION CENTER,CA,958241529,Public,4,4,13273,36,39309,3,3,14706,24,39617,-,-, -,-, -,-,-, -,-, -,-,-, -,-, -
00951500,J. MICHAEL HARROLD BEAUTY ACADEMY,IN,478073390,Proprietary,41,41,101118,92,121643,33,34,115823,80,150923,-,-, -,-, -,5,5,27854,12,41762,-,-, -,-, -
00953000,GERBER AKRON BEAUTY SCHOOL,OH,443136995,Proprietary,7,7,19688,14,22896,4,4,12000,8,15000,-,-, -,-, -,-,-, -,-, -,-,-, -,-, -
00953100,SPA SCHOOL (THE),OH,432141524,Proprietary,20,20,52147,63,94680,17,17,44769,60,93245,-,-, -,-, -,8,8,70600,22,95650,-,-, -,-, -
00953500,STAUNTON SCHOOL OF COSMETOLOGY,VA,244014323,Proprietary,10,11,29250,29,42641,11,11,31736,29,42786,-,-, -,-, -,1,1,2500,3,7000,-,-, -,-, -
00953700,ASHER INSTITUTE OF HAMPTON,VA,236664013,Proprietary,26,26,64981,59,88813,21,21,68099,49,99359,-,-, -,-, -,4,4,12420,7,12420,-,-, -,-, -
00954200,COMMUNITY COLLEGE OF DENVER,CO,802172026,Public,111,111,304151,302,457589,63,63,145477,186,326379,-,-, -,-, -,1,1,10000,3,16779,-,-, -,-, -
00954300,RED ROCKS COMMUNITY COLLEGE,CO,802281255,Public,54,55,134815,150,200582,37,37,107462,92,155259,2,2,15295,4,15295,1,1,8000,2,8000,5,5,53885,45,450309
00954400,SPOKANE FALLS COMMUNITY COLLEGE,WA,992245204,Public,96,98,195198,343,367875,56,58,139870,228,298057,-,-, -,-, -,-,-, -,-, -,-,-, -,-, -
00954900,WESTERN TEXAS COLLEGE,TX,795499501,Public,1,1,1750,2,1750,1,1,285,2,285,-,-, -,-, -,0,0,0,1,1100,-,-, -,-, -
00956700,TENNESSEE SCHOOL OF BEAUTY,TN,379213303,Proprietary,49,49,135520,137,205135,56,56,173944,149,264206,-,-, -,-, -,3,4,34661,8,40858,-,-, -,-, -
00959000,SUMMIT SALON ACADEMY KANSAS CITY,MO,640551105,Proprietary,60,63,166441,130,186004,55,55,169506,123,201230,-,-, -,-, -,4,4,25830,13,30840,-,-, -,-, -
00959500,CANNELLA SCHOOL OF HAIR DESIGN,IL,606174303,Proprietary,6,6,11931,14,17499,1,1,1250,2,1250,-,-, -,-, -,-,-, -,-, -,-,-, -,-, -
00960000,"COSMETOLOGY CAREERS UNLIMITED COLLEGE OF HAIR, SKIN, AND NAILS",MN,558022031,Proprietary,9,9,28320,19,29940,11,11,35053,22,37066,-,-, -,-, -,-,-, -,-, -,-,-, -,-, -
00960700,HOUSE OF HEAVILIN BEAUTY COLLEGE,MO,641102826,Proprietary,17,17,48573,45,68093,14,14,52999,49,83757,-,-, -,-, -,0,0,0,1,1713,-,-, -,-, -
00961700,CAPITOL BEAUTY SCHOOL,NE,681372325,Proprietary,53,54,175286,140,222682,57,58,184691,141,234670,-,-, -,-, -,11,11,42338,23,46821,-,-, -,-, -
00961800,TULSA WELDING SCHOOL,OK,741043909,Proprietary,751,753,2042175,1710,2634843,715,718,2707112,1659,3552982,-,-, -,-, -,154,154,1936626,412,2677429,-,-, -,-, -
00962100,HERZING UNIVERSITY,WI,537184236,Private-Nonprofit,2731,2759,8512118,6390,11792567,2606,2661,9686615,6265,13366870,771,787,8432203,1963,11631737,70,70,555106,175,721256,42,43,533211,96,680554
00963400,UNIVERSITY OF OXFORD - ST CATHERINE'S COLLEGE,,OX1   3UJ,Foreign-Private,-,-, -,-, -,-,-, -,-, -,0,0,0,11,58084,-,-, -,-, -,0,0,0,8,95830
00963500,FLORIDA INTERNATIONAL UNIVERSITY,FL,331990001,Public,4500,4541,10891481,4566,10893986,2927,2974,6679231,2989,6680431,3186,3237,29328563,3300,29369933,71,79,385857,81,385857,1301,1342,6541013,1394,6591979
00964700,OKLAHOMA STATE UNIVERSITY - OKLAHOMA CITY,OK,731076159,Public,72,72,114431,146,123097,72,72,136506,145,148007,-,-, -,-, -,1,1,1506,2,1506,-,-, -,-, -
00965100,TEXAS A&M INTERNATIONAL UNIVERSITY,TX,780411900,Public,243,250,603079,250,603079,171,176,475341,176,475341,417,445,2628463,446,2634893,5,6,15415,6,15415,2,2,9615,2,9615
00965200,UNIVERSITY OF PUERTO RICO - PONCE,PR,007160000,Public,19,19,77250,40,105250,-,-, -,-, -,-,-, -,-, -,-,-, -,-, -,-,-, -,-, -
00966000,TIFFIN ACADEMY OF HAIR DESIGN,OH,448832833,Proprietary,14,14,44000,31,52250,14,15,42333,32,49965,-,-, -,-, -,1,1,3134,1,3134,-,-, -,-, -
00966400,EMPIRE BEAUTY SCHOOL,PA,180525730,Proprietary,302,307,720414,765,1050087,291,295,925295,759,1369835,-,-, -,-, -,66,66,254454,172,447279,-,-, -,-, -
00967300,RUDAE'S SCHOOL OF BEAUTY CULTURE,IN,468255444,Proprietary,37,38,112521,95,148135,34,35,128159,91,181002,-,-, -,-, -,2,2,9930,4,9930,-,-, -,-, -
00968400,BLUE RIDGE COMMUNITY COLLEGE,NC,287319624,Public,7,7,21750,39,62433,6,6,16578,35,63280,-,-, -,-, -,-,-, -,-, -,-,-, -,-, -
00970400,NORTH SEATTLE COLLEGE,WA,981033599,Public,24,24,70982,91,129066,17,17,76765,79,165259,-,-, -,-, -,-,-, -,-, -,-,-, -,-, -
00970600,SOUTH SEATTLE COLLEGE,WA,981061499,Public,13,13,28100,35,42894,13,13,29759,41,61483,-,-, -,-, -,-,-, -,-, -,-,-, -,-, -
00970800,ELITE ACADEMY OF COSMETOLOGY,OK,735014303,Proprietary,28,28,76790,61,89040,25,28,54480,54,55480,-,-, -,-, -,-,-, -,-, -,-,-, -,-, -
00973900,GLEN DOW ACADEMY OF HAIR DESIGN & SALONS,WA,992010209,Proprietary,33,34,85420,79,101086,39,40,123921,91,143123,-,-, -,-, -,3,3,15497,7,18247,-,-, -,-, -
00974000,INVER HILLS COMMUNITY COLLEGE,MN,550763224,Public,81,92,201162,97,201162,82,95,223688,98,223688,-,-, -,-, -,-,-, -,-, -,-,-, -,-, -
00974100,UNIVERSITY OF TEXAS AT DALLAS,TX,750801407,Public,259,265,655210,276,657960,216,219,619506,236,620885,274,292,1564206,299,1564206,76,82,545728,87,545728,237,257,1814286,258,1814286
00974300,BELLEVUE UNIVERSITY,NE,680053098,Private-Nonprofit,978,1010,3320428,2034,4367606,978,1014,4320755,2020,5688005,421,436,4579219,1375,8173191,12,12,101077,34,166579,195,205,1573962,581,2775359
00974400,FOX VALLEY TECHNICAL COLLEGE,WI,549122277,Public,104,107,161053,217,165178,80,80,118498,171,127895,-,-, -,-, -,1,1,1200,2,1200,-,-, -,-, -
00974700,GORDON CONWELL THEOLOGICAL SEMINARY,MA,019822325,Private-Nonprofit,-,-, -,-, -,-,-, -,-, -,21,21,217296,37,223296,-,-, -,-, -,3,3,20357,4,20357
00974800,CARRINGTON COLLEGE,CA,958263203,Proprietary,1617,1644,4932217,6401,6460068,1611,1636,5632399,6399,7448294,-,-, -,-, -,155,162,1113616,644,1390393,-,-, -,-, -
00975600,UNIVERSITY OF MASSACHUSETTS MEDICAL SCHOOL,MA,016550001,Public,-,-, -,-, -,-,-, -,-, -,241,255,9739522,475,9751355,-,-, -,-, -,188,212,3483941,312,3490861
00976300,TULSA COMMUNITY COLLEGE,OK,741192095,Public,222,222,530727,596,768173,128,129,353770,412,697080,-,-, -,-, -,1,1,2110,2,2110,-,-, -,-, -
00976700,OLIVE-HARVEY COLLEGE,IL,606281696,Public,10,10,24090,19,24090,10,10,14908,18,14908,-,-, -,-, -,-,-, -,-, -,-,-, -,-, -
00976800,UNIVERSITY OF NORTH TEXAS HEALTH SCIENCE CENTER AT FORT WORTH,TX,761072699,Public,-,-, -,-, -,-,-, -,-, -,1211,1212,37920952,3026,38004595,-,-, -,-, -,269,273,5005319,829,5013569
00976900,METROPOLITAN COLLEGE OF NEW YORK,NY,100061735,Private-Nonprofit,203,205,620515,273,619265,212,217,955081,290,938831,133,135,2237106,233,2452356,1,1,18000,3,18000,31,31,428409,55,459965
00979700,MIDLAND COLLEGE,TX,797056397,Public,11,11,20326,36,45076,10,10,29209,36,75096,-,-, -,-, -,-,-, -,-, -,-,-, -,-, -
00980000,RUSH UNIVERSITY,IL,606123806,Private-Nonprofit,33,36,102208,39,104958,29,30,94312,33,97812,780,803,9856039,1043,12111871,2,2,18078,2,18078,464,520,4551857,688,6122904
00980800,"UNIVERSITY OF STRATHCLYDE, GLASGOW",,G1 1XQ,Foreign-Private,-,-, -,-, -,-,-, -,-, -,0,0,0,30,215979,-,-, -,-, -,1,1,4000,18,166349
00982600,KENNEBEC VALLEY COMMUNITY COLLEGE,ME,049371367,Public,21,21,39852,52,57102,20,20,39663,52,61447,-,-, -,-, -,-,-, -,-, -,-,-, -,-, -
00983100,MODEL COLLEGE OF HAIR DESIGN,MN,563014280,Proprietary,42,42,105677,93,131284,43,43,127633,100,156234,-,-, -,-, -,1,1,7357,1,7357,-,-, -,-, -
00984100,UNIVERSITY OF NORTH FLORIDA,FL,322242645,Public,192,198,359457,226,364774,207,214,485926,253,497526,151,163,995689,170,1008939,29,29,126017,30,126017,101,108,1085389,109,1085389
00986000,UNIVERSITY OF SURREY,,GU2 7XH,Foreign-Private,-,-, -,-, -,-,-, -,-, -,1,1,20500,2,20500,-,-, -,-, -,1,1,22048,2,22048
00986200,CLARKSON COLLEGE,NE,681312739,Private-Nonprofit,125,125,255649,200,419247,150,150,424503,240,670539,25,25,197987,249,1575913,3,3,24080,16,103419,3,3,23600,23,207544
00986300,PENNSYLVANIA COLLEGE OF HEALTH SCIENCES,PA,176015871,Private-Nonprofit,39,39,110405,55,115655,35,35,136254,55,143254,3,3,36847,9,84681,3,3,42530,6,55599,2,2,15096,5,25226
00987300,AVEDA INSTITUTE TWIN FALLS,ID,833014154,Proprietary,26,26,74686,59,89117,26,26,84422,58,105422,-,-, -,-, -,1,1,12000,2,12000,-,-, -,-, -
00989600,OAKTON COMMUNITY COLLEGE,IL,600161268,Public,7,8,23958,20,27414,6,6,9770,16,14651,-,-, -,-, -,-,-, -,-, -,-,-, -,-, -
00989800,AVERY JAMES COLLEGE,LA,706018511,Proprietary,26,26,65608,50,82091,22,22,37909,40,45672,-,-, -,-, -,-,-, -,-, -,-,-, -,-, -
00989900,LOWELL ACADEMY HAIR STYLING INSTITUTE,MA,018521909,Proprietary,23,23,56038,55,79706,21,22,56231,54,77414,-,-, -,-, -,3,3,8355,7,13985,-,-, -,-, -
00991000,TECHNICAL COLLEGE OF THE LOWCOUNTRY - BEAUFORT CAMPUS,SC,299025441,Public,19,19,53219,52,73052,22,22,58253,54,72175,-,-, -,-, -,-,-, -,-, -,-,-, -,-, -
00991200,VOLUNTEER STATE COMMUNITY COLLEGE,TN,370663188,Public,118,118,194457,235,194457,101,101,187488,200,187488,-,-, -,-, -,1,1,7965,2,7965,-,-, -,-, -
00991400,ROANE STATE COMMUNITY COLLEGE,TN,377488664,Public,17,17,31131,34,31131,17,18,38827,36,38827,-,-, -,-, -,-,-, -,-, -,-,-, -,-, -
00991700,IVY TECH COMMUNITY COLLEGE OF INDIANA,IN,462081763,Public,1033,1201,2084598,3734,3692073,784,905,1407616,2907,2659354,-,-, -,-, -,15,20,48302,69,107061,-,-, -,-, -
00992700,UNIVERSITY OF CAMBRIDGE - FITZWILLIAM COLLEGE,,CB3   ODG,Foreign-Private,-,-, -,-, -,-,-, -,-, -,0,0,0,2,20500,-,-, -,-, -,0,0,0,2,34271
00992800,PIEDMONT VIRGINIA COMMUNITY COLLEGE,VA,229027589,Public,22,23,48059,26,48059,22,23,70155,25,70155,-,-, -,-, -,-,-, -,-, -,-,-, -,-, -
00992900,SUNY COLLEGE OF OPTOMETRY,NY,100368003,Public,-,-, -,-, -,-,-, -,-, -,131,139,5153915,269,5153915,-,-, -,-, -,59,69,898517,122,898517
00993000,UNIVERSITY OF TEXAS OF THE PERMIAN BASIN,TX,797620001,Public,238,247,648186,259,648186,168,178,509779,189,509779,152,157,1038445,159,1038445,5,5,51797,6,51797,12,12,87420,12,87420
00993600,MIDDLESEX COMMUNITY COLLEGE,MA,017301197,Public,45,48,96386,151,159741,52,55,171877,160,238465,-,-, -,-, -,-,-, -,-, -,-,-, -,-, -
00994100,BELMONT COLLEGE,OH,439509766,Public,13,14,19014,30,19358,15,16,31969,37,37874,-,-, -,-, -,-,-, -,-, -,-,-, -,-, -
00994200,SHAWNEE STATE UNIVERSITY,OH,456624344,Public,127,130,457597,308,471157,119,126,501221,297,516760,27,27,398538,57,398538,9,9,89501,23,93621,3,3,25582,7,25582
00996200,LUNA COMMUNITY COLLEGE,NM,877010000,Public,3,3,12000,6,12000,2,2,1777,6,5777,-,-, -,-, -,-,-, -,-, -,-,-, -,-, -
00997600,ARKANSAS STATE UNIVERSITY THREE RIVERS,AR,721040816,Public,69,71,189667,75,189667,87,89,233066,96,233066,-,-, -,-, -,-,-, -,-, -,-,-, -,-, -
00998100,MORGAN COMMUNITY COLLEGE,CO,807014371,Public,13,13,41991,30,43991,4,4,23501,9,23983,-,-, -,-, -,-,-, -,-, -,-,-, -,-, -
00998700,SAINT ANTHONY COLLEGE OF NURSING,IL,611140000,Private-Nonprofit,-,-, -,-, -,-,-, -,-, -,1,1,4750,1,4750,1,1,4041,1,4041,3,3,16200,3,16200
00998900,CALIFORNIA AERONAUTICAL UNIVERSITY,CA,933081649,Proprietary,93,103,342170,436,549858,77,96,326184,393,474857,2,2,17221,8,21409,57,105,1153026,374,1789298,-,-, -,-, -
00999200,OAK HILLS CHRISTIAN COLLEGE,MN,566018832,Private-Nonprofit,2,2,4190,3,4190,1,1,4126,1,4126,-,-, -,-, -,0,0,0,1,3364,-,-, -,-, -
00999400,PASSAIC COUNTY COMMUNITY COLLEGE,NJ,075051179,Public,9,9,21500,18,23750,8,8,28250,15,28250,-,-, -,-, -,-,-, -,-, -,-,-, -,-, -
01000600,GREATER JOHNSTOWN AREA VOCATIONAL TECHNICAL SCHOOL,PA,159042998,Public,32,33,91682,73,110190,26,27,86711,65,107748,-,-, -,-, -,0,0,0,3,11415,-,-, -,-, -
01001400,GARRETT COLLEGE,MD,215411265,Public,2,2,5250,4,5250,1,1,2435,2,2435,-,-, -,-, -,-,-, -,-, -,-,-, -,-, -
01001700,PAYNE THEOLOGICAL SEMINARY,OH,453840474,Private-Nonprofit,-,-, -,-, -,-,-, -,-, -,2,2,9814,2,9814,-,-, -,-, -,-,-, -,-, -
01001900,UNIVERSITY OF TEXAS SOUTHWESTERN MEDICAL CENTER (THE),TX,753909096,Public,-,-, -,-, -,-,-, -,-, -,249,263,4333362,669,4333362,-,-, -,-, -,124,137,2068693,350,2068693
01002000,LEWIS AND CLARK COMMUNITY COLLEGE,IL,620352466,Public,17,17,27628,85,78791,18,19,22971,80,68430,-,-, -,-, -,0,0,0,1,242,-,-, -,-, -
01002700,JAMES A. RHODES STATE COLLEGE,OH,458043597,Public,82,85,257104,239,303122,81,87,297416,258,379791,-,-, -,-, -,2,2,24719,6,24719,-,-, -,-, -
01005100,CUNY LAGUARDIA COMMUNITY COLLEGE,NY,111013083,Public,92,94,270607,371,604042,53,54,162337,228,423364,-,-, -,-, -,-,-, -,-, -,-,-, -,-, -
01005200,JEFFERSON LEWIS BOCES PROGRAM OF PRACTICAL NURSING,NY,136019509,Public,-,-, -,-, -,1,1,2750,3,2863,-,-, -,-, -,-,-, -,-, -,-,-, -,-, -
01005500,CRAWFORD COUNTY CAREER & TECHNICAL CENTER,PA,163352152,Public,0,0,0,4,4319,0,0,0,4,6334,-,-, -,-, -,-,-, -,-, -,-,-, -,-, -
01005600,AIKEN TECHNICAL COLLEGE,SC,298020696,Public,32,32,58750,66,58750,37,37,105083,78,105083,-,-, -,-, -,-,-, -,-, -,-,-, -,-, -
01006000,VERNON COLLEGE,TX,763844092,Public,33,33,59026,77,74413,27,27,58893,62,67921,-,-, -,-, -,-,-, -,-, -,-,-, -,-, -
01006700,LUND UNIVERSITY,,221   00,Foreign-Private,0,0,0,1,1750,0,0,0,1,1000,1,1,20500,4,40750,0,0,0,1,6340,1,1,23930,3,26610
01008400,UNIVERSITY OF CAPE TOWN,,8001,Foreign-Private,0,0,0,1,1750,0,0,0,1,3000,0,0,0,4,33258,-,-, -,-, -,0,0,0,8,49883
01008700,UNIVERSITY OF OXFORD - ST PETER'S COLLEGE,,OX1   2DL,Foreign-Private,-,-, -,-, -,-,-, -,-, -,0,0,0,3,17084,-,-, -,-, -,0,0,0,5,51677
01008800,UNIVERSITY OF OXFORD - CORPUS CHRISTI COLLEGE,,OX1   4JF,Foreign-Private,-,-, -,-, -,-,-, -,-, -,0,0,0,5,30751,-,-, -,-, -,0,0,0,5,68166
01008900,ROYAL CENTRAL SCHOOL OF SPEECH AND DRAMA (THE),,NW3 3HY,Foreign-Private,0,0,0,6,8666,0,0,0,7,8832,0,0,0,44,261157,0,0,0,3,43447,0,0,0,26,235144
01009000,UNIVERSITY OF OXFORD - BALLIOL COLLEGE,,OX1   3BJ,Foreign-Private,0,0,0,1,1166,0,0,0,1,666,0,0,0,8,47835,0,0,0,1,20845,0,0,0,6,76215
01009700,CUNY MEDGAR EVERS COLLEGE,NY,112252010,Public,84,88,228258,176,228258,35,36,65349,72,65349,-,-, -,-, -,-,-, -,-, -,-,-, -,-, -
01009800,NEUMONT COLLEGE OF COMPUTER SCIENCE,UT,841111917,Proprietary,256,258,1117630,1050,1615214,256,259,826143,1042,1212842,-,-, -,-, -,122,137,2263906,558,3503829,-,-, -,-, -
01011100,CERRO COSO COMMUNITY COLLEGE,CA,935559571,Public,3,3,10500,6,10500,2,2,6063,4,6063,-,-, -,-, -,-,-, -,-, -,-,-, -,-, -
01011500,UNIVERSITY OF TEXAS AT SAN ANTONIO,TX,782490600,Public,1056,1078,2306669,1174,2317672,829,843,1969539,932,1982509,401,415,1556809,428,1566764,103,120,551613,128,551613,51,52,231955,54,231955
01012200,PHAGANS' MEDFORD BEAUTY SCHOOL,OR,975045297,Proprietary,9,9,24653,53,41008,8,8,24498,47,39766,-,-, -,-, -,0,0,0,2,2885,-,-, -,-, -
01013000,WADE COLLEGE,TX,752073199,Proprietary,77,82,237947,206,336293,74,76,271797,191,381179,-,-, -,-, -,6,7,61765,15,65621,-,-, -,-, -
01013800,STEWART SCHOOL,SD,571040000,Proprietary,28,30,77151,88,124836,29,32,86354,85,131440,-,-, -,-, -,4,5,14858,13,21620,-,-, -,-, -
01014200,TOURO UNIVERSITY,NY,100362705,Private-Nonprofit,302,309,1221681,708,1224431,298,307,1408459,695,1411959,1067,1124,22481006,2750,22491006,22,23,301111,35,301111,621,700,24074450,1737,24084450
01014300,UNIVERSITY OF READING,,RG6 6AH,Foreign-Private,-,-, -,-, -,-,-, -,-, -,0,0,0,11,65343,-,-, -,-, -,0,0,0,10,87460
01014700,WESTERN SUFFOLK BOCES,NY,117683499,Public,23,23,67461,74,116239,20,20,77983,67,139422,-,-, -,-, -,-,-, -,-, -,-,-, -,-, -
01014800,COLORADO TECHNICAL UNIVERSITY,CO,809073896,Proprietary,11087,11384,33136477,37158,47464389,11028,11283,45231089,36741,64710761,836,867,9793142,2765,14138961,52,52,513702,207,746531,69,69,758694,260,1210930
01014900,PEPPERDINE UNIVERSITY,CA,902634301,Private-Nonprofit,118,123,366006,180,433662,59,60,249943,114,348524,453,462,6872470,2585,21715247,83,88,828030,90,838030,556,665,7481991,2147,23131231
01015100,VINCENNES BEAUTY COLLEGE,IN,475911297,Proprietary,2,2,3510,8,10561,2,2,6090,7,15788,-,-, -,-, -,-,-, -,-, -,-,-, -,-, -
01015300,HELENE FULD COLLEGE OF NURSING,NY,100352745,Private-Nonprofit,32,32,100054,214,301259,40,40,193930,254,586861,-,-, -,-, -,0,0,0,4,38594,-,-, -,-, -
01015700,CARDIFF UNIVERSITY,,CF10 3AT,Foreign-Private,-,-, -,-, -,-,-, -,-, -,0,0,0,27,190382,-,-, -,-, -,0,0,0,21,198871
01016100,LORAINES ACADEMY & SPA,FL,337106391,Proprietary,24,24,45568,58,67662,21,21,51663,51,79923,-,-, -,-, -,2,2,5992,6,9403,-,-, -,-, -
01017000,WESTERN DAKOTA TECHNICAL COLLEGE,SD,577014018,Public,52,52,135188,85,160188,49,50,165656,84,197025,-,-, -,-, -,2,2,9432,2,9432,-,-, -,-, -
01017600,WESTMORELAND COUNTY COMMUNITY COLLEGE,PA,156971895,Public,109,109,184954,263,267837,96,96,259103,222,345298,-,-, -,-, -,2,2,7000,4,7000,-,-, -,-, -
01018200,ROGUE COMMUNITY COLLEGE,OR,975279298,Public,62,62,96651,307,310552,57,57,126442,276,404732,-,-, -,-, -,-,-, -,-, -,-,-, -,-, -
01018800,"UNIVERSITY COLLEGE DUBLIN, NATIONAL UNIVERSITY OF IRELAND, DUBLIN",,,Foreign-Private,3,3,11250,6,11250,3,3,9000,6,9000,2,2,30000,130,831827,2,2,25036,5,28901,2,2,32968,103,918328
01019000,UNIVERSITY OF CAMBRIDGE CHURCHILL COLLEGE,,CB3   0DS,Foreign-Private,-,-, -,-, -,-,-, -,-, -,0,0,0,6,61500,-,-, -,-, -,0,0,0,3,51753
01019800,ECPI UNIVERSITY,VA,234626542,Proprietary,4476,4984,15860566,9806,18410409,4276,4645,19598429,9015,22751054,116,120,1564486,272,1859824,342,359,2595971,744,3076767,-,-, -,-, -
01022800,UNIVERSITY OF STIRLING,,FK9 4LA,Foreign-Private,0,0,0,1,1750,0,0,0,1,1000,0,0,0,39,264946,-,-, -,-, -,1,1,2428,36,300198
01025600,BENEDICTINE COLLEGE,KS,660021499,Private-Nonprofit,4,4,15274,6,15274,3,3,7140,4,7140,0,0,0,6,38169,3,3,17365,9,38534,-,-, -,-, -
01026600,RANDALL UNIVERSITY,OK,731600000,Private-Nonprofit,12,12,49476,26,52601,13,13,67733,28,72233,1,1,10250,3,12469,2,2,8935,5,18875,-,-, -,-, -
01028000,OHIO STATE BEAUTY ACADEMY,OH,458074950,Proprietary,27,27,57997,72,84961,26,27,94403,77,127026,-,-, -,-, -,1,1,14600,11,31939,-,-, -,-, -
01028600,EMPIRE STATE UNIVERSITY,NY,128664391,Public,854,889,2835213,1903,2836963,815,845,3898425,1809,3906754,162,171,2307300,398,2314800,2,2,8910,4,8910,11,13,199459,28,199459
01031900,FORTIS INSTITUTE - TOWSON,MD,212042503,Proprietary,1022,1052,2496082,3309,3642367,998,1035,3659497,3275,5401516,-,-, -,-, -,50,52,288809,184,458089,-,-, -,-, -
01032300,HANNAH E MULLINS SCHOOL OF PRACTICAL NURSING,OH,444602906,Public,12,12,29644,23,29644,11,11,32135,22,32135,-,-, -,-, -,-,-, -,-, -,-,-, -,-, -
01033200,UNIVERSITY OF CAMBRIDGE - CLARE COLLEGE,,CB2 1TL,Foreign-Private,-,-, -,-, -,-,-, -,-, -,0,0,0,1,10250,-,-, -,-, -,-,-, -,-, -
01033800,EASTERN VIRGINIA MEDICAL SCHOOL,VA,235071980,Public,-,-, -,-, -,-,-, -,-, -,170,176,5541566,600,7345026,-,-, -,-, -,137,148,3505588,493,5945155
01034000,LOS MEDANOS COLLEGE,CA,945655197,Public,19,19,58050,44,68800,16,16,64418,38,80887,-,-, -,-, -,-,-, -,-, -,-,-, -,-, -
01034500,CINCINNATI STATE TECHNICAL & COMMUNITY COLLEGE,OH,452232690,Public,504,509,1163894,1018,1163894,549,555,1448638,1110,1448638,-,-, -,-, -,4,4,17063,8,17063,-,-, -,-, -
01036200,COLLEGE OF SOUTHERN NEVADA,NV,891461139,Public,137,141,289915,281,293101,98,102,232029,195,232029,-,-, -,-, -,3,4,9937,8,9937,-,-, -,-, -
01036300,WESTERN NEVADA COLLEGE,NV,897037399,Public,7,7,12587,14,12587,7,7,20623,14,20623,-,-, -,-, -,-,-, -,-, -,-,-, -,-, -
01036400,WHATCOM COMMUNITY COLLEGE,WA,982268003,Public,48,48,132790,202,292406,38,38,107033,190,329724,-,-, -,-, -,0,0,0,3,14751,-,-, -,-, -
01036500,CHARLES R. DREW UNIVERSITY OF MEDICINE AND SCIENCE,CA,900593025,Private-Nonprofit,65,66,128625,68,131718,64,65,168749,66,172249,347,356,3748424,356,3748424,5,5,48493,5,48493,277,293,3461678,293,3461678
01037400,METROPOLITAN STATE UNIVERSITY,MN,551065000,Public,271,292,831601,304,834351,253,277,984493,294,988493,73,80,571105,84,581355,3,3,18000,3,18000,49,50,856111,50,856111
01038700,EL PASO COMMUNITY COLLEGE,TX,799151908,Public,66,68,116589,135,116589,59,60,129059,120,129059,-,-, -,-, -,-,-, -,-, -,-,-, -,-, -
01038800,READING AREA COMMUNITY COLLEGE,PA,196031706,Public,169,173,375988,374,440215,162,166,488816,358,579934,-,-, -,-, -,-,-, -,-, -,-,-, -,-, -
01039100,OKLAHOMA CITY COMMUNITY COLLEGE,OK,731594444,Public,189,189,520845,563,808622,88,88,267456,302,507348,-,-, -,-, -,-,-, -,-, -,-,-, -,-, -
01039500,UNIVERSITY OF SAN DIEGO,CA,921102492,Private-Nonprofit,40,42,136279,61,136279,29,33,95352,49,95352,226,237,1789251,266,1849748,26,26,312618,33,312618,373,423,4636012,529,4648541
01040200,DAKOTA COUNTY TECHNICAL COLLEGE,MN,550682999,Public,55,61,125773,67,126242,49,61,124658,67,128938,-,-, -,-, -,1,1,6000,2,6000,-,-, -,-, -
01040500,PINNACLE CAREER INSTITUTE,MO,641531151,Proprietary,168,168,413597,454,509723,167,168,595721,457,741566,-,-, -,-, -,10,10,55962,32,72050,-,-, -,-, -
01040600,"JOSEF'S SCHOOL OF HAIR, SKIN & BODY",ND,582016394,Proprietary,41,43,136771,106,159160,43,43,124255,107,161201,-,-, -,-, -,1,1,6266,6,15516,-,-, -,-, -
01042400,SUMMIT SALON ACADEMY,KY,405059001,Proprietary,41,42,111672,100,139957,39,42,131290,105,183626,-,-, -,-, -,1,1,8903,2,8903,-,-, -,-, -
01043400,RENTON TECHNICAL COLLEGE,WA,980564195,Public,24,24,62688,130,173629,14,14,42200,119,240754,-,-, -,-, -,-,-, -,-, -,-,-, -,-, -
01045300,WASHINGTON STATE COMMUNITY COLLEGE,OH,457509225,Public,34,34,57379,96,98477,26,26,48766,77,110206,-,-, -,-, -,-,-, -,-, -,-,-, -,-, -
01046000,AMERICAN BAPTIST THEOLOGICAL SEMINARY,TN,372074994,Private-Nonprofit,0,0,0,4,7500,0,0,0,2,4500,-,-, -,-, -,-,-, -,-, -,-,-, -,-, -
01047200,INSEAD,,77305,Foreign-Private,-,-, -,-, -,-,-, -,-, -,0,0,0,4,41000,-,-, -,-, -,3,3,117302,7,145737
01047400,MARYMOUNT CALIFORNIA UNIVERSITY,CA,902756299,Private-Nonprofit,5,5,10300,6,12050,5,5,5600,6,6600,6,7,48985,19,134044,2,3,10984,4,19215,2,2,10461,6,35157
01048700,WEST GEORGIA TECHNICAL COLLEGE,GA,301826476,Public,59,59,187032,226,336496,57,57,102897,225,303768,-,-, -,-, -,-,-, -,-, -,-,-, -,-, -
01048900,AMERICAN NATIONAL UNIVERSITY,KY,402235301,Proprietary,101,140,239696,393,313612,83,104,190124,195,231362,-,-, -,-, -,-,-, -,-, -,-,-, -,-, -
01049100,HENNEPIN TECHNICAL COLLEGE,MN,554452399,Public,78,95,179021,184,179021,60,68,152304,133,152304,-,-, -,-, -,-,-, -,-, -,-,-, -,-, -
01050100,LAKEVIEW COLLEGE OF NURSING,IL,618323781,Private-Nonprofit,8,8,34100,20,44850,10,10,60704,26,78704,-,-, -,-, -,1,1,14160,2,14160,-,-, -,-, -
01050300,WICHITA TECHNICAL INSTITUTE,KS,672131927,Proprietary,447,450,1098396,1226,1276218,444,458,1712350,1236,1976009,-,-, -,-, -,28,29,147543,104,179278,-,-, -,-, -
01050900,HALLMARK UNIVERSITY,TX,782514108,Private-Nonprofit,317,318,1217077,1152,1556903,329,329,1406517,1177,1787145,42,42,298832,123,360121,57,57,383129,207,473671,-,-, -,-, -
01052000,TRINITY LABAN CONSERVATOIRE OF MUSIC AND DANCE,,SE10 9JF,Foreign-Private,0,0,0,2,2666,0,0,0,3,3166,0,0,0,21,132178,0,0,0,3,36298,1,1,5500,9,62906
01052900,MEMPHIS THEOLOGICAL SEMINARY,TN,381044395,Private-Nonprofit,-,-, -,-, -,-,-, -,-, -,39,39,514517,90,552478,-,-, -,-, -,3,3,50764,6,50764
01054200,EMPIRE BEAUTY SCHOOL,PA,185071500,Proprietary,365,372,868412,908,1257704,363,374,1167885,918,1682386,-,-, -,-, -,63,64,416465,171,605937,-,-, -,-, -
01054600,CENTURY COLLEGE,MN,551101894,Public,173,193,381554,376,385784,158,185,363913,360,369360,-,-, -,-, -,3,3,11866,6,11866,-,-, -,-, -
01055100,NEW YORK SCHOOL FOR MEDICAL & DENTAL ASSISTANTS,NY,111012327,Proprietary,71,71,207851,204,321406,54,54,138525,163,242406,-,-, -,-, -,1,1,6730,6,16731,-,-, -,-, -
01057300,WEST VIRGINIA JUNIOR COLLEGE,WV,253131304,Proprietary,162,162,474079,516,589047,127,127,442680,426,546244,-,-, -,-, -,17,17,116917,56,129808,-,-, -,-, -
01057400,LONDON FILM SCHOOL,,WC2H  9UB,Foreign-Private,-,-, -,-, -,-,-, -,-, -,1,1,20500,13,105590,-,-, -,-, -,3,3,28603,14,156741
01058800,AUSTRALIAN NATIONAL UNIVERSITY,,2601,Foreign-Private,0,0,0,1,1750,0,0,0,1,1000,0,0,0,1,5500,0,0,0,1,19519,1,1,11000,1,11000
01058900,BANGOR UNIVERSITY,,LL57 2DG,Foreign-Private,1,1,4500,2,4500,1,1,6000,2,6000,1,1,20500,11,81535,-,-, -,-, -,1,1,5000,10,49300
01059400,"RICHMOND, THE AMERICAN INTERNATIONAL UNIVERSITY IN LONDON",,W4 5AN,Foreign-Private,2,2,9000,2,9000,2,2,4000,2,4000,5,5,102500,5,102500,2,2,31720,2,31720,1,1,20500,1,20500
01059900,INSTITUT D'ETUDES POLITIQUES DE PARIS,,75337,Foreign-Private,-,-, -,-, -,-,-, -,-, -,1,1,15000,1,15000,-,-, -,-, -,-,-, -,-, -
01061800,MID-AMERICA COLLEGE OF FUNERAL SERVICE,IN,471309990,Private-Nonprofit,75,75,217180,339,430544,80,81,339232,367,672289,-,-, -,-, -,3,3,30586,11,41647,-,-, -,-, -
01062900,PB COSMETOLOGY EDUCATION CENTRE,NJ,080301750,Proprietary,42,44,94392,81,121811,45,45,97654,87,144486,-,-, -,-, -,5,5,27298,14,35485,-,-, -,-, -
01063300,HOUSTON COMMUNITY COLLEGE,TX,770027517,Public,1141,1189,2238765,2667,2741466,1115,1157,3156500,2568,3753383,-,-, -,-, -,3,3,15677,7,18471,-,-, -,-, -
01065200,PASCO - HERNANDO STATE COLLEGE,FL,346545199,Public,82,83,140344,179,158820,114,114,208934,246,247603,-,-, -,-, -,3,3,13940,6,13940,-,-, -,-, -
01067400,TEXAS TECH UNIVERSITY HEALTH SCIENCES CENTER,TX,794300001,Public,477,490,2092511,1029,2093011,453,464,2063960,980,2066710,1204,1264,24230335,3018,24278193,24,25,565910,55,565910,609,670,11607598,1658,11628975
01068100,MACQUARIE UNIVERSITY,,2109,Foreign-Private,1,1,3500,7,14250,2,2,4000,8,10000,2,2,40500,7,75250,1,1,45107,3,66872,2,2,33546,4,48270
01068400,ERIE COMMUNITY COLLEGE,NY,142032698,Public,182,202,433958,474,556436,157,167,438292,421,628785,-,-, -,-, -,2,2,2783,8,21548,-,-, -,-, -
01069200,UNIVERSITY OF QUEENSLAND (THE),,4072,Foreign-Private,0,0,0,2,4000,0,0,0,3,7125,14,14,246782,293,2978404,0,0,0,1,26796,13,14,519575,420,10817757
01069500,TRI COUNTY BEAUTY ACADEMY,IL,620562036,Proprietary,2,2,6500,3,4750,2,2,6000,4,7750,-,-, -,-, -,-,-, -,-, -,-,-, -,-, -
01071000,CAPITAL AREA CAREER CENTER,IL,627123802,Public,10,10,26876,50,80069,18,23,84349,59,139951,-,-, -,-, -,0,0,0,1,6786,-,-, -,-, -
01072000,TORONTO METROPOLITAN UNIVERSITY,,M5B 2K3,Foreign-Private,1,1,1750,1,1750,1,1,1000,1,1000,0,0,0,5,30670,0,0,0,1,5358,0,0,0,2,11736
01072400,ALBIZU UNIVERSITY,PR,009023711,Private-Nonprofit,48,48,127617,160,280780,38,39,98402,98,195076,93,93,924642,1658,10560469,0,0,0,3,5770,31,31,334809,159,919656
01072700,DEVRY UNIVERSITY,IL,605320000,Proprietary,9725,9841,26877136,34351,31902196,9653,9798,32851049,36238,40050257,1196,1222,12121521,4843,15454969,49,53,388576,186,448456,76,79,925777,253,1242431
01073600,MARION TECHNICAL COLLEGE,OH,433025694,Public,31,31,44311,64,46811,29,29,51708,63,60201,-,-, -,-, -,0,0,0,1,2000,-,-, -,-, -
01074100,ACADEMY OF SALON AND SPA,AR,729013833,Proprietary,15,15,35648,37,47042,13,13,28051,30,36217,-,-, -,-, -,-,-, -,-, -,-,-, -,-, -
01076100,DALLAS INSTITUTE OF FUNERAL SERVICE,TX,752274314,Private-Nonprofit,119,119,324261,465,579223,131,134,491634,497,897833,-,-, -,-, -,3,3,22278,9,28428,-,-, -,-, -
01077100,GUPTON-JONES COLLEGE OF FUNERAL SERVICE,GA,300354022,Private-Nonprofit,94,94,167054,283,354591,98,98,268163,292,558005,-,-, -,-, -,1,1,3133,4,12445,-,-, -,-, -
01077900,PORTER AND CHESTER INSTITUTE,CT,066101604,Proprietary,656,669,1763835,1928,2266631,636,644,2245737,1862,2881850,-,-, -,-, -,83,85,544915,292,832129,-,-, -,-, -
01078900,UNIVERSITY OF OXFORD - WORCESTER COLLEGE,,OX1   2HB,Foreign-Private,-,-, -,-, -,-,-, -,-, -,0,0,0,2,10250,-,-, -,-, -,-,-, -,-, -
01079400,BRISTOL OLD VIC THEATRE SCHOOL,,BS8   2XF,Foreign-Private,-,-, -,-, -,-,-, -,-, -,-,-, -,-, -,-,-, -,-, -,0,0,0,8,150105
01081300,AMERICAN ACADEMY MCALLISTER INSTITUTE,NY,100365505,Private-Nonprofit,184,187,520307,374,520307,103,103,255254,206,255254,-,-, -,-, -,3,4,10900,7,10900,-,-, -,-, -
01081400,PITTSBURGH INSTITUTE OF MORTUARY SCIENCE,PA,152063706,Private-Nonprofit,103,104,394055,240,468432,107,108,495471,250,607404,-,-, -,-, -,3,3,52824,8,71928,-,-, -,-, -
01081600,KINGSTON UNIVERSITY,,KT1 1LQ,Foreign-Private,0,0,0,18,25330,0,0,0,16,13658,0,0,0,60,307500,0,0,0,12,106340,0,0,0,52,418271
01082700,DAVID PRESSLEY PROFESSIONAL SCHOOL OF COSMETOLOGY,MI,480673219,Proprietary,80,80,210784,193,269614,74,74,237938,185,293887,-,-, -,-, -,8,8,29156,17,30556,-,-, -,-, -
01083600,PIVOT POINT ACADEMY,IL,601084367,Proprietary,49,50,147573,123,188821,58,59,182214,141,220877,-,-, -,-, -,5,5,64450,12,75500,-,-, -,-, -
01085400,THOMAS JEFFERSON SCHOOL OF LAW,CA,921012928,Private-Nonprofit,-,-, -,-, -,-,-, -,-, -,10,10,123228,10,123228,-,-, -,-, -,140,149,1873166,240,2025012
01085800,AVALON INSTITUTE,AZ,852104010,Proprietary,420,421,1114782,1101,1530763,377,381,1063805,995,1474701,-,-, -,-, -,54,54,258521,126,316221,-,-, -,-, -
01086000,GREATER ALTOONA CAREER & TECHNOLOGY CENTER,PA,166023695,Public,41,41,104507,94,132409,40,40,95337,94,131150,-,-, -,-, -,-,-, -,-, -,-,-, -,-, -
01086400,UNIVERSITY OF DUNDEE,,DD1 4HN,Foreign-Private,-,-, -,-, -,-,-, -,-, -,1,1,10250,31,233909,-,-, -,-, -,1,1,18918,30,263629
01086600,UNIVERSITY OF OXFORD - MAGDALEN COLLEGE,,OX1   4AU,Foreign-Private,-,-, -,-, -,-,-, -,-, -,0,0,0,2,13668,-,-, -,-, -,0,0,0,2,39065
01086700,UNIVERSITY OF OXFORD - ST JOHN'S COLLEGE,,OX1   3JP,Foreign-Private,-,-, -,-, -,-,-, -,-, -,0,0,0,2,6383,0,0,0,1,18415,-,-, -,-, -
01087900,RICHLAND COMMUNITY COLLEGE,IL,625218513,Public,15,15,17239,33,20841,18,18,26918,37,28228,-,-, -,-, -,-,-, -,-, -,-,-, -,-, -
01088000,CHATFIELD COLLEGE,OH,451189705,Private-Nonprofit,4,4,9871,24,28333,3,3,4627,18,26782,-,-, -,-, -,-,-, -,-, -,-,-, -,-, -
01088100,STARK STATE COLLEGE,OH,447207299,Public,421,437,1082283,1849,1162106,437,459,1461564,1883,1589252,-,-, -,-, -,-,-, -,-, -,-,-, -,-, -
01090300,RIZZIERI AVEDA SCHOOL FOR BEAUTY AND WELLNESS,NJ,080434600,Proprietary,90,92,221844,227,285372,95,100,308489,249,400493,-,-, -,-, -,4,4,32418,12,51182,-,-, -,-, -
01090600,CINCINNATI COLLEGE OF MORTUARY SCIENCE,OH,452241462,Private-Nonprofit,28,28,119437,60,148717,31,31,143890,65,175585,-,-, -,-, -,2,2,30176,3,30176,-,-, -,-, -
01091400,MONASH UNIVERSITY,,3800,Foreign-Private,0,0,0,3,4500,0,0,0,3,3250,2,2,25500,10,75043,0,0,0,2,22383,1,1,36704,5,73484
01091500,UNIVERSITY OF EAST ANGLIA,,NR4 7TJ,Foreign-Private,-,-, -,-, -,1,1,2000,1,2000,1,1,10936,18,174936,-,-, -,-, -,0,0,0,16,260819
01092200,UNIVERSITY OF PUERTO RICO - UTUADO,PR,006412500,Public,0,0,0,6,12225,-,-, -,-, -,-,-, -,-, -,-,-, -,-, -,-,-, -,-, -
01092300,UNION INSTITUTE & UNIVERSITY,OH,452061925,Private-Nonprofit,118,129,315734,236,484226,140,156,566625,293,935045,66,66,639170,95,912892,1,1,6000,1,6000,5,5,53992,10,82342
01094200,UNIVERSITY OF OXFORD - ST HUGH'S COLLEGE,,OX2   6LE,Foreign-Private,-,-, -,-, -,-,-, -,-, -,0,0,0,14,72969,-,-, -,-, -,0,0,0,13,187798
01096300,GREENE COUNTY CAREER & TECHNOLOGY CENTER,PA,153708281,Public,18,18,49421,36,49421,19,19,88875,38,88875,-,-, -,-, -,-,-, -,-, -,-,-, -,-, -
01097500,UNIVERSITY OF PUERTO RICO - BAYAMON,PR,009591919,Public,-,-, -,-, -,2,2,6500,10,22500,-,-, -,-, -,-,-, -,-, -,-,-, -,-, -
01097700,UNIVERSIDAD CENTRAL DEL ESTE,,21000,Foreign-Private,7,7,33500,18,43000,7,7,35000,18,43500,6,6,92985,22,191610,1,1,17160,4,36091,14,14,238910,39,356233
01098000,UNIVERSITY OF OXFORD - SOMERVILLE COLLEGE,,OX2   6HD,Foreign-Private,-,-, -,-, -,-,-, -,-, -,0,0,0,4,20500,-,-, -,-, -,0,0,0,4,50972
01099300,HOBART INSTITUTE OF WELDING TECHNOLOGY,OH,453732400,Private-Nonprofit,36,36,113362,111,182747,42,42,130120,124,198198,-,-, -,-, -,15,15,273148,73,456361,-,-, -,-, -
01099700,EAST GEORGIA STATE COLLEGE,GA,304012699,Public,28,30,45679,68,60636,29,32,55045,71,67966,-,-, -,-, -,2,2,7800,4,7800,-,-, -,-, -
01099800,PENNSYLVANIA INSTITUTE OF TECHNOLOGY,PA,190634098,Private-Nonprofit,440,443,560288,948,647548,483,536,824798,1107,913482,-,-, -,-, -,25,30,57022,59,57022,-,-, -,-, -
01099900,UNIVERSITY OF OXFORD - WADHAM COLLEGE,,OX1   3PN,Foreign-Private,0,0,0,1,1166,-,-, -,-, -,0,0,0,3,17084,-,-, -,-, -,0,0,0,3,31056
01102600,WARRENSBURG AREA CAREER CENTER,MO,640932019,Public,0,0,0,6,6420,1,1,993,9,7094,-,-, -,-, -,-,-, -,-, -,-,-, -,-, -
01104600,CENTRAL OHIO TECHNICAL COLLEGE,OH,430551767,Public,231,234,604803,522,605070,232,244,846398,548,846398,-,-, -,-, -,-,-, -,-, -,-,-, -,-, -
01105300,UNIVERSITY OF OXFORD - ST HILDA'S COLLEGE,,OX4   1DY,Foreign-Private,-,-, -,-, -,-,-, -,-, -,0,0,0,9,41875,1,1,36735,2,36735,0,0,0,6,53498
01105400,UNIVERSITY OF OXFORD - ST ANNE'S COLLEGE,,OX2   6HS,Foreign-Private,-,-, -,-, -,-,-, -,-, -,0,0,0,9,51252,-,-, -,-, -,0,0,0,7,76638
01105500,UNIVERSITY OF OXFORD - LADY MARGARET HALL,,OX2   6QA,Foreign-Private,-,-, -,-, -,-,-, -,-, -,0,0,0,9,46084,-,-, -,-, -,0,0,0,6,57167
01105600,UNIVERSITY OF OXFORD - UNIVERSITY COLLEGE,,OX1   4BH,Foreign-Private,-,-, -,-, -,-,-, -,-, -,0,0,0,2,6383,0,0,0,1,13334,-,-, -,-, -
01105700,UNIVERSITY OF OXFORD - TRINITY COLLEGE,,OX1   3BH,Foreign-Private,-,-, -,-, -,0,0,0,1,2166,0,0,0,4,20500,-,-, -,-, -,0,0,0,3,36011
01105800,UNIVERSITY OF OXFORD - ST EDMUND HALL,,OX1   4AR,Foreign-Private,-,-, -,-, -,-,-, -,-, -,0,0,0,11,46202,0,0,0,1,17333,0,0,0,13,167581
01105900,UNIVERSITY OF OXFORD - ST ANTONY'S COLLEGE,,OX2   6JF,Foreign-Private,-,-, -,-, -,-,-, -,-, -,0,0,0,45,230116,-,-, -,-, -,1,1,11000,35,376036
01106100,UNIVERSITY OF OXFORD - PEMBROKE COLLEGE,,OX1   1DW,Foreign-Private,-,-, -,-, -,-,-, -,-, -,0,0,0,7,37584,-,-, -,-, -,0,0,0,9,126856
01106200,UNIVERSITY OF OXFORD - ORIEL COLLEGE,,OX1   4EW,Foreign-Private,-,-, -,-, -,-,-, -,-, -,0,0,0,11,54217,-,-, -,-, -,0,0,0,9,96410
01106400,UNIVERSITY OF OXFORD - NEW COLLEGE,,OX1   3BN,Foreign-Private,-,-, -,-, -,-,-, -,-, -,0,0,0,14,70744,-,-, -,-, -,1,1,16343,16,230512
01106500,UNIVERSITY OF OXFORD - MERTON COLLEGE,,OX1   4JD,Foreign-Private,0,0,0,1,1834,0,0,0,2,4168,0,0,0,7,22123,-,-, -,-, -,0,0,0,8,91834
01106600,UNIVERSITY OF OXFORD - LINCOLN COLLEGE,,OX1   3DR,Foreign-Private,-,-, -,-, -,-,-, -,-, -,0,0,0,8,41000,-,-, -,-, -,0,0,0,4,57353
01106700,UNIVERSITY OF OXFORD - KEBLE COLLEGE,,OX1   3PG,Foreign-Private,-,-, -,-, -,-,-, -,-, -,1,1,20500,8,51250,-,-, -,-, -,1,1,3625,8,80802
01106800,UNIVERSITY OF OXFORD - JESUS COLLEGE,,OX1   3DW,Foreign-Private,-,-, -,-, -,-,-, -,-, -,0,0,0,8,43845,-,-, -,-, -,0,0,0,6,64243
01106900,UNIVERSITY OF OXFORD - HERTFORD COLLEGE,,OX1   3BW,Foreign-Private,-,-, -,-, -,-,-, -,-, -,0,0,0,11,58084,-,-, -,-, -,0,0,0,7,69621
01107000,UNIVERSITY OF OXFORD - EXETER COLLEGE,,OX1   3DP,Foreign-Private,-,-, -,-, -,-,-, -,-, -,0,0,0,4,23752,-,-, -,-, -,0,0,0,3,27713
01107100,UNIVERSITY OF OXFORD - CHRIST CHURCH COLLEGE,,OX1   IDP,Foreign-Private,-,-, -,-, -,-,-, -,-, -,0,0,0,7,37584,-,-, -,-, -,0,0,0,9,100146
01107200,UNIVERSITY OF OXFORD - BRASENOSE COLLEGE,,OX1   4AJ,Foreign-Private,-,-, -,-, -,0,0,0,1,1834,0,0,0,8,35017,0,0,0,1,21846,0,0,0,7,126100
01109100,FLINDERS UNIVERSITY,,5042,Foreign-Private,0,0,0,2,4500,0,0,0,2,4000,1,1,20500,7,71750,1,1,32320,5,32320,1,1,36200,7,99205
01109400,UNIVERSITY OF WESTERN AUSTRALIA (THE),,6009,Foreign-Private,1,1,2021,1,2021,1,1,4042,1,4042,4,4,69418,14,133428,0,0,0,2,44728,3,3,80590,12,149475
01111200,FASHION INSTITUTE OF DESIGN & MERCHANDISING,CA,900151421,Proprietary,121,121,330667,610,955644,135,144,334405,725,913668,4,5,65100,18,134197,79,83,1056203,415,3657208,2,2,19058,12,48800
01111300,MAHARISHI INTERNATIONAL UNIVERSITY,IA,525570001,Private-Nonprofit,24,24,65257,26,71757,8,8,22214,8,22214,48,50,257128,54,295645,-,-, -,-, -,43,43,252387,45,271090
01111700,ALLIANT INTERNATIONAL UNIVERSITY,CA,921311799,Proprietary,-,-, -,-, -,64,66,519117,250,680983,827,855,13660417,3395,19052211,-,-, -,-, -,407,424,7885277,1058,9753405
01113300,COLLEGE OF EASTERN IDAHO,ID,834045788,Public,33,33,93910,80,114041,20,20,49390,51,78745,-,-, -,-, -,-,-, -,-, -,-,-, -,-, -
01114500,LONE STAR COLLEGE SYSTEM,TX,770733499,Public,785,815,1446843,1640,1507734,560,576,1499991,1170,1581239,-,-, -,-, -,7,8,56348,16,56348,-,-, -,-, -
01116100,TEXAS A&M UNIVERSITY - CORPUS CHRISTI,TX,784125599,Public,225,225,588194,385,640915,293,295,789413,498,836401,323,323,1496225,1311,3672345,201,207,1232731,330,1244882,75,75,285989,131,329017
01116300,UNIVERSITY OF TEXAS AT TYLER,TX,757996699,Public,422,442,1066415,456,1066415,329,347,837173,357,837173,255,260,1354160,263,1354160,68,68,373382,70,373382,113,123,1162674,123,1162674
01116600,BROADVIEW COLLEGE,UT,840884021,Proprietary,20,20,45288,84,106827,20,20,36886,90,126385,-,-, -,-, -,6,6,53541,17,73541,-,-, -,-, -
01116700,COMMUNITY COLLEGE OF VERMONT,VT,056010489,Public,69,72,152982,156,176191,71,79,139979,164,157606,-,-, -,-, -,3,3,10879,7,18379,-,-, -,-, -
01121000,BUNKER HILL COMMUNITY COLLEGE,MA,021292991,Public,39,43,78829,112,175205,57,61,109191,137,255211,-,-, -,-, -,0,0,0,1,2500,-,-, -,-, -
01121400,UNIVERSITY OF THE WITWATERSRAND,,2001,Foreign-Private,1,1,4200,2,6950,0,0,0,1,1000,0,0,0,2,11787,0,0,0,1,7174,0,0,0,1,14000
01122000,WINDWARD COMMUNITY COLLEGE,HI,967443528,Public,3,3,12500,6,12500,4,4,19000,8,19000,-,-, -,-, -,-,-, -,-, -,-,-, -,-, -
01124500,WEST VIRGINIA SCHOOL OF OSTEOPATHIC MEDICINE,WV,249011128,Public,-,-, -,-, -,-,-, -,-, -,640,666,24894103,1319,24895366,-,-, -,-, -,530,663,19893995,1321,19921461
01128200,OKLAHOMA STATE UNIVERSITY CENTER FOR HEALTH SCIENCES,OK,741171898,Public,-,-, -,-, -,-,-, -,-, -,16,18,98336,18,98336,-,-, -,-, -,39,49,216936,50,216936
01138500,COLLEGE OF THE ATLANTIC,ME,046091105,Private-Nonprofit,0,0,0,139,208340,0,0,0,135,128275,-,-, -,-, -,0,0,0,12,60726,-,-, -,-, -
01146000,NATIONAL UNIVERSITY,CA,921231426,Private-Nonprofit,1307,1348,5482982,3128,6977017,1342,1393,7397918,3223,9520065,1982,2093,30754003,5758,46637633,4,4,116679,9,134918,114,118,1631349,575,4540547
01146200,UNIVERSITY OF ALASKA ANCHORAGE,AK,995088050,Public,53,53,180959,88,228225,60,61,232811,92,299290,22,22,153512,33,211833,1,1,7547,1,7547,0,0,0,4,25629
01148100,DIVERS INSTITUTE OF TECHNOLOGY,WA,981038947,Proprietary,46,46,153742,128,217259,44,44,160883,122,233126,-,-, -,-, -,13,13,455796,32,552804,-,-, -,-, -
01148400,ADVANCED INSTITUTE OF HAIR DESIGN,WI,532283821,Proprietary,23,23,66664,58,84857,30,31,92209,69,107663,-,-, -,-, -,2,3,16515,8,23059,-,-, -,-, -
01150500,TRICOCI UNIVERSITY OF BEAUTY CULTURE,IN,463221554,Proprietary,108,108,259546,268,360179,99,99,311566,260,440412,-,-, -,-, -,14,14,127102,31,146484,-,-, -,-, -
01151900,JOSEPH'S COLLEGE COSMETOLOGY,NE,685052463,Proprietary,42,42,150653,93,178110,39,40,148346,87,182346,-,-, -,-, -,8,8,55767,19,68479,-,-, -,-, -
01156700,IMPERIAL COLLEGE LONDON,,SW7 2AZ,Foreign-Private,0,0,0,5,7166,0,0,0,8,9830,0,0,0,36,247348,0,0,0,4,65893,0,0,0,30,467893
01157200,COLORADO SCHOOL OF TRADES,CO,802152996,Proprietary,19,20,76000,45,91750,21,22,84097,50,106347,-,-, -,-, -,5,5,67280,10,67280,-,-, -,-, -
01159600,SYLVAIN MELLOUL INTERNATIONAL HAIR ACADEMY,VA,245022652,Proprietary,54,57,142636,120,168406,53,55,163260,118,192420,-,-, -,-, -,7,7,39661,15,43511,-,-, -,-, -
01161700,CENTER FOR ALLIED HEALTH EDUCATION,NY,112299023,Proprietary,56,58,102435,142,240555,61,63,159645,167,424050,-,-, -,-, -,9,9,105908,24,234730,-,-, -,-, -
01162100,AUTOMOTIVE TRAINING CENTER,PA,193411310,Proprietary,265,265,910903,651,1198580,285,291,893970,733,1158401,-,-, -,-, -,72,74,687835,171,795275,-,-, -,-, -
01162200,WELDER TRAINING & TESTING INSTITUTE,PA,181093253,Proprietary,6,6,21000,17,28875,6,6,20000,19,40500,-,-, -,-, -,0,0,0,1,3750,-,-, -,-, -
01164400,UNIVERSITY OF MARYLAND GLOBAL CAMPUS,MD,207838078,Public,4181,4329,14843864,9650,14850748,3790,3999,18543280,8716,18566275,1566,1617,17899205,3705,23322871,15,15,138798,31,138798,87,108,1037571,239,1272286
01164900,LOYOLA MARYMOUNT UNIVERSITY,CA,900452659,Private-Nonprofit,25,25,85869,66,115402,20,20,62943,45,80401,77,77,684691,119,776707,34,36,434482,57,450187,178,179,2233937,301,2642241
01166700,NORTHEAST COMMUNITY COLLEGE,NE,687020469,Public,19,19,30107,45,51113,9,9,16184,20,32712,-,-, -,-, -,-,-, -,-, -,-,-, -,-, -
01167200,MENDOCINO COLLEGE,CA,954823000,Public,10,10,35380,35,42255,5,5,23546,24,35458,-,-, -,-, -,-,-, -,-, -,-,-, -,-, -
01167300,MAINE COLLEGE OF ART,ME,041013987,Private-Nonprofit,1,1,3500,2,3500,1,1,6000,2,6000,20,20,381834,58,381834,-,-, -,-, -,14,14,342939,40,342939
01167800,STATE UNIVERSITY OF NEW YORK POLYTECHNIC INSTITUTE,NY,135021311,Public,33,35,129286,143,133286,23,25,91252,113,95252,14,14,202599,64,202599,2,2,8617,4,8617,5,5,45512,26,45512
01167900,UNIVERSITY OF BATH,,BA2 7AY,Foreign-Private,-,-, -,-, -,-,-, -,-, -,0,0,0,14,106829,-,-, -,-, -,0,0,0,9,88928
01168900,REFRIGERATION SCHOOL (THE),AZ,850341894,Proprietary,325,329,874207,784,1146789,309,315,1089190,761,1517441,-,-, -,-, -,46,47,438045,115,544354,-,-, -,-, -
01170700,NORTH-WEST COLLEGE,CA,917902097,Proprietary,203,203,663249,587,1028852,199,199,886435,576,1388956,-,-, -,-, -,18,18,170238,55,267144,-,-, -,-, -
01171100,UNIVERSITY OF HOUSTON - CLEAR LAKE,TX,770581002,Public,194,202,504604,212,504604,165,168,457154,173,459403,132,139,674919,139,674919,9,9,53076,9,53076,23,23,182135,23,182135
01171900,UNIVERSIDAD ANA G. MÉNDEZ - GURABO CAMPUS,PR,007780000,Private-Nonprofit,384,399,839001,419,871331,253,274,685609,287,705859,385,450,2891755,480,3067100,-,-, -,-, -,6,6,51515,11,98419
01172700,DELAWARE TECHNICAL COMMUNITY COLLEGE,DE,199041383,Public,183,186,464194,295,588512,139,142,359752,253,541025,-,-, -,-, -,-,-, -,-, -,-,-, -,-, -
01173200,MAYO CLINIC COLLEGE OF MEDICINE AND SCIENCE,MN,559050001,Private-Nonprofit,2,2,11000,26,46789,2,2,8270,24,49550,30,31,269401,137,730709,-,-, -,-, -,28,30,249945,141,905181
01173500,PIKE LINCOLN TECHNICAL CENTER,MO,633440000,Public,0,0,0,1,127,-,-, -,-, -,-,-, -,-, -,-,-, -,-, -,-,-, -,-, -
01174400,NATIONAL BEAUTY COLLEGE,OH,447091837,Proprietary,37,37,93043,95,131392,47,47,159235,126,228795,-,-, -,-, -,2,2,3646,8,13878,-,-, -,-, -
01174500,OHIO TECHNICAL COLLEGE,OH,441031228,Proprietary,31,31,85668,125,148939,37,37,108336,150,186274,-,-, -,-, -,4,4,30133,29,92353,-,-, -,-, -
01175800,UNIVERSITY OF CAMBRIDGE - PETERHOUSE,,CB2   1RD,Foreign-Private,-,-, -,-, -,-,-, -,-, -,0,0,0,1,7250,-,-, -,-, -,-,-, -,-, -
01176400,ROYAL ACADEMY OF MUSIC,,NW1 5HT,Foreign-Private,0,0,0,1,1834,0,0,0,1,2333,0,0,0,6,41004,-,-, -,-, -,0,0,0,2,24044
01176500,GOLDSMITHS COLLEGE - UNIVERSITY OF LONDON,,SE14  6NW,Foreign-Private,4,4,19000,22,30998,4,4,8000,22,18663,1,1,20500,19,194550,2,2,46500,16,134803,1,1,8250,35,226360
01178000,BRUNEL UNIVERSITY LONDON,,UB8   3PH,Foreign-Private,-,-, -,-, -,-,-, -,-, -,0,0,0,72,369000,-,-, -,-, -,0,0,0,59,533558
01179200,FRANCISCAN SCHOOL OF THEOLOGY,CA,921102492,Private-Nonprofit,-,-, -,-, -,-,-, -,-, -,5,5,55448,5,55448,-,-, -,-, -,1,1,9000,1,9000
01179900,PAUL MITCHELL THE SCHOOL CHARLESTON,SC,294186993,Proprietary,285,287,785427,656,978700,285,286,900589,672,1163005,-,-, -,-, -,22,22,128959,61,181216,-,-, -,-, -
01181000,TAYLOR BUSINESS INSTITUTE,IL,606024404,Proprietary,5,5,10834,15,16834,4,4,14750,15,20750,-,-, -,-, -,-,-, -,-, -,-,-, -,-, -
01182000,SAN DIEGO MIRAMAR COLLEGE,CA,921262999,Public,18,18,50500,39,55375,1,1,6000,2,6000,-,-, -,-, -,-,-, -,-, -,-,-, -,-, -
01182400,NORTHWOOD TECHNICAL COLLEGE,WI,548719300,Public,31,32,67254,39,68645,52,53,115108,58,115108,-,-, -,-, -,-,-, -,-, -,-,-, -,-, -
01183000,BERK TRADE AND BUSINESS SCHOOL,NY,111010000,Proprietary,16,16,34996,60,69976,15,15,34665,61,77484,-,-, -,-, -,0,0,0,2,6880,-,-, -,-, -
01183800,UNIVERSITY OF OXFORD - MANSFIELD COLLEGE,,OX1   3TF,Foreign-Private,-,-, -,-, -,-,-, -,-, -,0,0,0,11,64670,-,-, -,-, -,0,0,0,14,143872
01185900,WORD OF LIFE BIBLE INSTITUTE,NY,128600129,Private-Nonprofit,3,3,4618,5,4618,3,3,9000,5,9000,-,-, -,-, -,5,5,28359,8,28359,-,-, -,-, -
01186400,MOHAVE COMMUNITY COLLEGE,AZ,864091238,Public,25,25,61915,50,61915,23,23,41320,46,41320,-,-, -,-, -,-,-, -,-, -,-,-, -,-, -
01186500,CALIFORNIA HAIR DESIGN ACADEMY,CA,919425055,Proprietary,30,30,77242,75,97080,29,29,88925,77,112392,-,-, -,-, -,1,1,2560,1,2560,-,-, -,-, -
01186600,LU ROSS ACADEMY,CA,930012927,Proprietary,105,107,316098,251,379559,107,109,233096,258,275944,-,-, -,-, -,9,9,36571,22,45275,-,-, -,-, -
01191900,BEAVER FALLS BEAUTY ACADEMY,PA,150104208,Proprietary,7,7,13478,10,16978,6,6,12120,11,21690,-,-, -,-, -,-,-, -,-, -,-,-, -,-, -
01192100,WESTCHESTER SCHOOL OF BEAUTY CULTURE,NY,105502295,Proprietary,8,8,28000,27,47179,10,10,44581,31,66768,-,-, -,-, -,-,-, -,-, -,-,-, -,-, -
01193400,VERMONT LAW AND GRADUATE SCHOOL,VT,050689998,Private-Nonprofit,-,-, -,-, -,1,1,4345,1,4345,64,65,524929,140,880915,-,-, -,-, -,168,230,2156908,251,2272688
01194100,AMERICAN UNIVERSITY OF PUERTO RICO,PR,009602037,Private-Nonprofit,11,11,25975,53,62144,16,16,40300,55,55470,6,6,14700,29,40777,-,-, -,-, -,-,-, -,-, -
01201500,AUSTIN COMMUNITY COLLEGE,TX,787524390,Public,393,406,788463,489,800781,309,334,745757,404,764357,-,-, -,-, -,6,6,30502,9,34283,-,-, -,-, -
01202000,VICTORIA BEAUTY AND BARBER COLLEGE,TX,779016233,Proprietary,19,19,40837,54,74130,19,20,50460,58,89542,-,-, -,-, -,1,1,5531,6,19894,-,-, -,-, -
01202600,BELLUS ACADEMY,CA,920216247,Proprietary,39,39,124758,115,182543,37,37,138944,109,216299,-,-, -,-, -,6,6,44290,17,56562,-,-, -,-, -
01203100,SAN DIEGO CHRISTIAN COLLEGE,CA,920715820,Private-Nonprofit,1,1,1000,4,2088,0,0,0,4,7139,2,2,16552,17,86330,-,-, -,-, -,0,0,0,1,8818
01205000,ROSEDALE TECHNICAL COLLEGE,PA,152059719,Private-Nonprofit,119,119,418768,334,624024,110,110,325153,327,573412,-,-, -,-, -,15,15,131673,39,174752,-,-, -,-, -
01205100,PRO WAY HAIR SCHOOL,GA,300832884,Proprietary,40,40,115177,95,154677,41,41,155779,101,210779,-,-, -,-, -,-,-, -,-, -,-,-, -,-, -
01206400,ORION TECHNICAL COLLEGE,IA,528072589,Proprietary,29,29,102019,57,108669,29,29,108463,57,115682,-,-, -,-, -,1,1,7850,2,7850,-,-, -,-, -
01207500,UNIVERSITY OF CAMBRIDGE - TRINITY COLLEGE,,CB2   1TQ,Foreign-Private,-,-, -,-, -,1,1,6500,2,6500,-,-, -,-, -,-,-, -,-, -,-,-, -,-, -
01207800,VICTORIA UNIVERSITY OF WELLINGTON,,6012,Foreign-Private,0,0,0,2,4000,0,0,0,2,4000,0,0,0,4,12978,0,0,0,1,3000,-,-, -,-, -
01209000,ROBERT FIANCE BEAUTY SCHOOLS,NJ,088614118,Proprietary,33,33,69794,86,130129,30,30,72788,82,150298,-,-, -,-, -,4,4,34740,10,43489,-,-, -,-, -
01209200,KENNETH SHULER SCHOOL OF COSMETOLOGY,SC,297322169,Proprietary,107,110,278377,272,372197,104,107,352153,278,460703,-,-, -,-, -,12,12,89285,35,141508,-,-, -,-, -
01210100,UNIVERSITY OF CAMBRIDGE - GIRTON COLLEGE,,CB3   0JG,Foreign-Private,-,-, -,-, -,-,-, -,-, -,0,0,0,2,17084,-,-, -,-, -,1,1,9500,5,40717
01210500,NATIONAL PARK COLLEGE,AR,719139174,Public,36,36,88593,70,88593,25,25,82779,51,84941,-,-, -,-, -,1,1,1301,2,1301,-,-, -,-, -
01212300,UNIVERSITY OF PUERTO RICO - AGUADILLA,PR,006040060,Public,1,1,2750,1,2750,-,-, -,-, -,-,-, -,-, -,-,-, -,-, -,-,-, -,-, -
01213600,UNIVERSITY OF MANCHESTER (THE),,M13   9PL,Foreign-Private,2,2,7000,16,22996,2,2,4000,15,16080,1,1,18610,50,330857,1,1,31300,9,113054,0,0,0,42,348897
01215400,CALIFORNIA INSTITUTE OF INTEGRAL STUDIES,CA,941032557,Private-Nonprofit,18,19,52750,30,69994,21,21,78750,33,110505,39,39,396731,79,789128,-,-, -,-, -,233,269,4051522,293,4240494
01216500,ATLANTA METROPOLITAN  STATE COLLEGE,GA,303104498,Public,53,53,200037,150,287009,47,47,179619,141,307048,-,-, -,-, -,-,-, -,-, -,-,-, -,-, -
01218200,CHATTAHOOCHEE VALLEY COMMUNITY COLLEGE,AL,368697917,Public,46,49,115628,140,163955,39,41,113302,118,177308,-,-, -,-, -,1,1,8000,2,8000,-,-, -,-, -
01218700,BLACKSTONE VALLEY VOCATIONAL REGIONAL SCHOOL DISTRICT,MA,015681499,Public,0,0,0,1,1750,0,0,0,1,3000,-,-, -,-, -,-,-, -,-, -,-,-, -,-, -
01219800,UNIVERSITY OF BRADFORD,,BD7 1DP,Foreign-Private,0,0,0,2,2667,0,0,0,2,2667,0,0,0,7,47836,0,0,0,1,8834,0,0,0,5,65609
01220100,UNIVERSITY OF OXFORD - REGENT'S PARK COLLEGE,,OX1   2LB,Foreign-Private,-,-, -,-, -,-,-, -,-, -,0,0,0,5,30584,-,-, -,-, -,0,0,0,4,54739
01220600,JAMES COOK UNIVERSITY,,4811,Foreign-Private,1,1,5500,5,11750,1,1,7000,5,12000,1,1,2912,20,170812,0,0,0,2,11000,0,0,0,21,84443
01221500,BIRMINGHAM CITY UNIVERSITY,,B5 5JU,Foreign-Private,0,0,0,4,3806,0,0,0,4,6526,0,0,0,4,27336,0,0,0,1,9111,0,0,0,4,38254
01222300,JAGIELLONIAN UNIVERSITY MEDICAL COLLEGE,,31-008,Foreign-Private,-,-, -,-, -,-,-, -,-, -,1,1,7700,1,7700,-,-, -,-, -,1,1,15000,1,15000
01224800,CENTRAL SCHOOL OF PRACTICAL NURSING,OH,441312155,Private-Nonprofit,10,10,24500,24,42000,10,10,38000,24,62000,-,-, -,-, -,-,-, -,-, -,-,-, -,-, -
01225800,ASTON UNIVERSITY,,B4 7ET,Foreign-Private,0,0,0,4,6333,0,0,0,3,3665,1,1,11270,4,24936,-,-, -,-, -,0,0,0,2,6333
01226000,EAST ARKANSAS COMMUNITY COLLEGE,AR,723352204,Public,2,2,2500,10,6285,3,3,7500,18,24810,-,-, -,-, -,-,-, -,-, -,-,-, -,-, -
01226100,NORTH ARKANSAS COLLEGE,AR,726015508,Public,18,18,42201,36,42201,19,19,33721,37,33721,-,-, -,-, -,-,-, -,-, -,-,-, -,-, -
01226800,BALDWIN BEAUTY SCHOOLS,TX,787044785,Proprietary,25,25,45265,64,89266,30,30,68032,71,105513,-,-, -,-, -,0,0,0,1,599,-,-, -,-, -
01227500,UNIVERSITY OF OXFORD - WOLFSON COLLEGE,,OX2   6UD,Foreign-Private,-,-, -,-, -,-,-, -,-, -,0,0,0,29,150615,-,-, -,-, -,1,1,10000,28,311094
01227700,NORTHEAST COLLEGE OF HEALTH SCIENCES,NY,131480800,Private-Nonprofit,-,-, -,-, -,-,-, -,-, -,179,191,5027208,482,6761665,-,-, -,-, -,102,125,674418,271,866451
01229300,VEEB NASSAU COUNTY SCHOOL OF PRACTICAL NURSING,NY,118014302,Public,43,43,47892,125,52266,42,42,51821,125,56821,-,-, -,-, -,-,-, -,-, -,-,-, -,-, -
01230000,PALMER COLLEGE OF CHIROPRACTIC,IA,528035287,Private-Nonprofit,4,4,11750,4,11750,5,5,10985,5,10985,962,1080,16184478,1443,16892287,-,-, -,-, -,151,170,417640,365,1101442
01230200,UNIVERSITY OF CAMBRIDGE - GONVILLE & CAIUS COLLEGE,,CB2   1TA,Foreign-Private,-,-, -,-, -,-,-, -,-, -,0,0,0,2,20500,-,-, -,-, -,0,0,0,2,16964
01230900,UNIVERSITY OF WESTERN STATES,OR,972136655,Private-Nonprofit,-,-, -,-, -,-,-, -,-, -,178,179,1532703,462,4104071,-,-, -,-, -,184,244,1207361,351,1901945
01231500,CORNISH COLLEGE OF THE ARTS,WA,981214604,Private-Nonprofit,-,-, -,-, -,1,1,5000,2,5000,-,-, -,-, -,-,-, -,-, -,-,-, -,-, -
01232800,NORTHWESTERN HEALTH SCIENCES UNIVERSITY,MN,554311599,Private-Nonprofit,78,84,274156,183,364425,75,79,329873,160,440872,287,335,7914483,762,10674148,3,3,36019,4,36019,171,218,2083477,418,2687871
01233500,ROYAL COLLEGE OF MUSIC,,SW7 2BS,Foreign-Private,0,0,0,3,5168,0,0,0,3,3666,0,0,0,6,41004,0,0,0,1,24107,0,0,0,5,67744
01234700,PHAGANS' CENTRAL OREGON BEAUTY COLLEGE,OR,977015175,Proprietary,29,29,78089,143,104188,31,32,119266,150,150607,-,-, -,-, -,2,3,6385,13,9328,-,-, -,-, -
01234800,PHAGANS' BEAUTY COLLEGE,OR,973334716,Proprietary,15,15,43984,76,67346,15,15,45579,82,84194,-,-, -,-, -,-,-, -,-, -,-,-, -,-, -
01235000,PHAGANS' SCHOOL OF HAIR DESIGN,OR,970867721,Proprietary,64,64,170370,152,222317,67,67,239001,161,304190,-,-, -,-, -,5,5,31725,12,48959,-,-, -,-, -
01235100,PHAGANS' SCHOOL OF BEAUTY,OR,973014732,Proprietary,15,15,46883,83,71080,15,15,63404,87,91699,-,-, -,-, -,-,-, -,-, -,-,-, -,-, -
01235800,PLAZA COLLEGE,NY,113757324,Proprietary,428,428,900287,721,1445965,405,406,927420,657,1394191,-,-, -,-, -,10,10,80642,14,99242,-,-, -,-, -
01236200,NORTHWESTERN COLLEGE,IL,604531318,Proprietary,171,175,490219,676,816382,170,174,774358,671,1302768,-,-, -,-, -,6,6,52914,17,62334,-,-, -,-, -
01236400,ST. PAUL'S SCHOOL OF NURSING,NY,113740000,Proprietary,307,308,1058791,864,1507814,305,306,1580060,856,2199305,-,-, -,-, -,20,22,172501,69,247231,-,-, -,-, -
01238600,SOUTHEASTERN REGIONAL VOCATIONAL TECHNICAL SCHOOL,MA,023751780,Public,0,0,0,1,875,-,-, -,-, -,-,-, -,-, -,-,-, -,-, -,-,-, -,-, -
01239300,THOMAS JEFFERSON UNIVERSITY,PA,191075543,Private-Nonprofit,306,310,1073908,628,1130004,340,344,1616612,677,1684160,493,498,7751929,1359,10944051,24,28,863853,64,879443,298,335,6952223,851,8935289
01240700,SCHUYLER STEUBEN CHEMUNG TIOGA ALLEGANY BOCES,NY,149031089,Public,19,19,50313,71,109384,19,19,69518,72,154769,-,-, -,-, -,1,1,3808,4,13794,-,-, -,-, -
01242100,UNIVERSITY OF AUCKLAND (THE),,1142,Foreign-Private,0,0,0,3,7750,0,0,0,3,3000,3,3,46658,11,98130,0,0,0,3,49977,2,2,5264,4,11164
01242500,STONE ACADEMY,CT,065164049,Proprietary,554,560,1972072,1363,2475118,468,484,1575572,1260,2161351,-,-, -,-, -,25,25,121234,68,172606,-,-, -,-, -
01245200,EVERGREEN VALLEY COLLEGE,CA,951351598,Public,3,3,7589,6,7589,2,2,9661,4,9661,-,-, -,-, -,-,-, -,-, -,-,-, -,-, -
01246100,LINCOLN TECHNICAL INSTITUTE,NJ,088301636,Proprietary,1813,1838,4627223,4478,6171375,1804,1995,6198960,4808,8322026,-,-, -,-, -,188,190,1078301,468,1416609,-,-, -,-, -
01246200,EASTWICK COLLEGE - HACKENSACK CAMPUS.,NJ,076017197,Proprietary,126,132,327466,499,557887,98,105,309305,412,552998,-,-, -,-, -,6,6,65679,22,80702,-,-, -,-, -
01248300,PAUL MITCHELL THE SCHOOL DALLAS,TX,750062567,Proprietary,165,166,267705,360,474239,166,167,322733,368,604191,-,-, -,-, -,23,23,94928,47,148603,-,-, -,-, -
01249600,EVERGREEN BEAUTY AND BARBER COLLEGE,WA,981335615,Proprietary,20,20,62656,53,85477,23,23,88406,53,108487,-,-, -,-, -,2,2,26607,4,26607,-,-, -,-, -
01250000,RANKEN TECHNICAL COLLEGE,MO,631132811,Private-Nonprofit,100,101,186490,413,467503,113,120,242235,465,546098,-,-, -,-, -,18,18,86822,112,393503,-,-, -,-, -
01252500,CARIBBEAN UNIVERSITY,PR,009600493,Private-Nonprofit,27,27,83485,89,152501,19,19,49765,69,123071,20,20,116640,226,766347,-,-, -,-, -,1,1,13333,4,22433
01254000,UNIVERSIDAD DE NAVARRA,,31009,Foreign-Private,4,4,20000,9,24500,4,4,11000,11,18250,0,0,0,10,86232,4,4,59000,6,70000,0,0,0,5,115835
01255000,LOS ANGELES MISSION COLLEGE,CA,913423200,Public,15,15,57000,43,79875,16,17,75166,48,100096,-,-, -,-, -,-,-, -,-, -,-,-, -,-, -
01256100,FIVE TOWNS COLLEGE,NY,117465871,Proprietary,33,35,138374,56,138374,32,32,103914,51,103914,2,2,7305,4,8653,10,11,86103,17,88191,-,-, -,-, -
01258000,SAINT LOUIS CHRISTIAN COLLEGE,MO,630336499,Private-Nonprofit,0,0,0,1,1000,1,1,1000,3,2168,-,-, -,-, -,-,-, -,-, -,-,-, -,-, -
01258600,METROPOLITAN COMMUNITY COLLEGE,NE,681111658,Public,224,239,311184,1477,676422,115,116,241860,1067,724992,-,-, -,-, -,0,0,0,7,4158,-,-, -,-, -
01258900,ERIE 1 BOARD OF COOPERATIVE EDUCATIONAL SERVICES,NY,142241825,Public,91,91,248986,221,360249,90,90,377608,223,549789,-,-, -,-, -,0,0,0,1,3350,-,-, -,-, -
01260600,EMPIRE BEAUTY SCHOOL,PA,179013859,Proprietary,327,330,824821,817,1150877,312,318,1010854,792,1413294,-,-, -,-, -,41,41,222411,119,344745,-,-, -,-, -
01262700,THOMAS M. COOLEY LAW SCHOOL,MI,489332002,Private-Nonprofit,-,-, -,-, -,-,-, -,-, -,195,197,1839165,333,3143272,-,-, -,-, -,182,194,1592140,278,2305138
01265200,ONONDAGA CORTLAND MADISON BOCES,NY,130884500,Public,70,74,135373,180,182461,64,74,184587,176,238098,-,-, -,-, -,-,-, -,-, -,-,-, -,-, -
01267000,BEL - REA INSTITUTE OF ANIMAL TECHNOLOGY,CO,802473048,Proprietary,85,86,260407,271,363703,90,90,314578,288,440153,-,-, -,-, -,14,14,155157,48,216577,-,-, -,-, -
01269300,PELLISSIPPI STATE COMMUNITY COLLEGE,TN,379330990,Public,29,29,43432,58,45758,43,43,89330,87,94977,-,-, -,-, -,1,1,8500,3,10500,-,-, -,-, -
01274400,SOUTHSIDE COLLEGE OF HEALTH SCIENCES,VA,238345133,Private-Nonprofit,0,0,0,35,48606,3,3,5046,42,95079,-,-, -,-, -,0,0,0,1,3668,-,-, -,-, -
01275000,EDISON STATE COMMUNITY COLLEGE,OH,453569239,Public,52,52,139751,170,210815,47,48,153847,158,223277,-,-, -,-, -,-,-, -,-, -,-,-, -,-, -
01276500,UNIVERSITY OF OXFORD - LINACRE COLLEGE,,OX1 3JA,Foreign-Private,-,-, -,-, -,-,-, -,-, -,0,0,0,21,112752,-,-, -,-, -,0,0,0,17,184309
01278300,"CENTER FOR INSTRUCTION, TECHNOLOGY & INNOVATION",NY,131144498,Public,0,0,0,4,5880,0,0,0,2,5500,-,-, -,-, -,-,-, -,-, -,-,-, -,-, -
01280200,PONTIFICIA UNIVERSIDAD CATOLICA MADRE Y MAESTRA,,,Foreign-Private,2,2,2333,19,28671,4,4,7500,18,19219,0,0,0,4,27334,-,-, -,-, -,0,0,0,1,2198
01281100,INSTITUTO TECNOLOGICO DE SANTO DOMINGO,,10602,Foreign-Private,1,1,4500,5,8167,1,1,2000,5,3334,16,16,289223,48,306057,1,1,33000,3,33000,15,15,317645,42,317645
01281300,JOHN WOOD COMMUNITY COLLEGE,IL,623050401,Public,41,42,61051,80,61051,32,34,51580,66,51580,-,-, -,-, -,-,-, -,-, -,-,-, -,-, -
01283900,UNIVERSITY OF CAMBRIDGE - SAINT JOHN'S COLLEGE,,CB2   1TP,Foreign-Private,-,-, -,-, -,-,-, -,-, -,0,0,0,1,712,-,-, -,-, -,-,-, -,-, -
01284200,OXNARD COLLEGE,CA,930336699,Public,4,4,15000,8,15000,3,3,11000,6,11000,-,-, -,-, -,-,-, -,-, -,-,-, -,-, -
01284800,MOLER HOLLYWOOD BEAUTY ACADEMY,OH,452132577,Proprietary,34,34,74065,69,85970,34,35,129664,71,148084,-,-, -,-, -,1,1,3794,1,3794,-,-, -,-, -
01285000,INTERNATIONAL SALON AND SPA ACADEMY,CO,809183684,Proprietary,79,79,180268,183,233952,78,79,196412,203,259060,-,-, -,-, -,3,3,20940,9,32552,-,-, -,-, -
01287000,SOUTHERN STATE COMMUNITY COLLEGE,OH,451339406,Public,20,20,35625,50,54323,23,23,39299,51,58538,-,-, -,-, -,-,-, -,-, -,-,-, -,-, -
01287200,NORTH-WEST COLLEGE,CA,917683199,Proprietary,650,652,2090355,1691,2953064,627,629,2795737,1678,3996775,-,-, -,-, -,104,104,789661,257,1033048,-,-, -,-, -
01287900,PAT GOINS BENTON ROAD BEAUTY SCHOOL,LA,711114838,Proprietary,42,42,100159,118,170182,42,42,142847,123,254802,-,-, -,-, -,0,0,0,1,1755,-,-, -,-, -
01288000,CELEBRITY STYLIST BEAUTY SCHOOL,LA,712015167,Proprietary,28,28,65734,50,73684,29,29,108298,52,121927,-,-, -,-, -,-,-, -,-, -,-,-, -,-, -
01289600,"NORTH COAST COLLEGE, THE",OH,441073002,Proprietary,15,17,50728,38,62453,15,19,62122,39,74222,-,-, -,-, -,-,-, -,-, -,-,-, -,-, -
01290700,LAKE TAHOE COMMUNITY COLLEGE,CA,961504524,Public,3,3,9250,18,17470,3,3,13309,18,23192,-,-, -,-, -,-,-, -,-, -,-,-, -,-, -
01291200,MTI COLLEGE,CA,958413037,Proprietary,232,235,603380,489,754380,201,204,633501,428,797658,-,-, -,-, -,18,19,140905,42,163480,-,-, -,-, -
01292900,SOUTH HILLS BEAUTY ACADEMY,PA,152162335,Proprietary,85,85,125389,185,152612,86,86,147676,194,188858,-,-, -,-, -,7,7,34130,15,37556,-,-, -,-, -
01293000,CHARLES & SUE'S SCHOOL OF HAIR DESIGN,TX,778022798,Proprietary,22,22,31717,41,52873,25,26,43279,48,77734,-,-, -,-, -,1,1,1100,3,9133,-,-, -,-, -
01294800,ROB ROY ACADEMY,MA,027215330,Proprietary,23,23,66583,58,86489,23,23,85334,60,112451,-,-, -,-, -,2,2,8976,6,16726,-,-, -,-, -
01295400,HUDSON COUNTY COMMUNITY COLLEGE,NJ,073064012,Public,29,29,60603,47,83729,20,20,62488,37,88238,-,-, -,-, -,1,1,3000,5,17362,-,-, -,-, -
01297800,UNIVERSITY OF HUDDERSFIELD (THE),,HD1   3DH,Foreign-Private,0,0,0,1,1834,0,0,0,1,666,1,1,13120,2,13120,-,-, -,-, -,1,1,13142,2,13142
01298400,PROFESSIONAL INSTITUTE OF BEAUTY,CA,917312613,Proprietary,20,20,40106,57,53722,2,2,8384,4,8384,-,-, -,-, -,-,-, -,-, -,-,-, -,-, -
01300500,OLYMPIAN ACADEMY OF COSMETOLOGY,NM,880015330,Proprietary,202,202,497745,500,697388,202,202,699184,502,999062,-,-, -,-, -,22,22,117964,52,139798,-,-, -,-, -
01300600,LA' JAMES INTERNATIONAL COLLEGE,IA,506135242,Proprietary,12,13,34383,31,41864,11,11,43309,28,57132,-,-, -,-, -,-,-, -,-, -,-,-, -,-, -
01300700,NAZARENE BIBLE COLLEGE,CO,809204275,Private-Nonprofit,11,12,19707,41,38951,9,9,13298,28,28483,-,-, -,-, -,-,-, -,-, -,-,-, -,-, -
01300800,SUMMIT SALON ACADEMY - PORTLAND,OR,972236432,Proprietary,24,24,61675,61,88228,22,22,52302,55,75686,-,-, -,-, -,-,-, -,-, -,-,-, -,-, -
01301000,LANCASTER BEAUTY SCHOOL,CA,935343098,Proprietary,33,33,87346,72,104632,34,34,112291,73,129986,-,-, -,-, -,7,7,37214,15,46263,-,-, -,-, -
01301600,OGLE SCHOOL HAIR SKIN NAILS,TX,760137400,Proprietary,291,292,632988,767,956189,280,281,826259,758,1268216,-,-, -,-, -,29,30,171756,88,302726,-,-, -,-, -
01302200,CITY UNIVERSITY OF SEATTLE,WA,981211851,Private-Nonprofit,25,26,54477,183,208696,20,21,49152,155,254145,43,43,296898,346,1813071,-,-, -,-, -,2,2,7854,37,156612
01302900,BORICUA COLLEGE,NY,100321599,Private-Nonprofit,15,15,53276,68,137584,7,8,30849,40,83199,28,28,255690,81,476808,-,-, -,-, -,-,-, -,-, -
01303900,SOUTH UNIVERSITY,GA,314064881,Proprietary,3426,3625,10333619,11045,13686361,3406,3583,15288128,10857,20287216,1239,1269,20944474,5409,34858673,35,37,291256,116,375862,355,381,9396029,2077,16694473
01307400,AMERICAN BEAUTY COLLEGE,CA,917902906,Proprietary,69,71,202101,193,294830,52,54,144933,132,178770,-,-, -,-, -,2,2,7622,6,9671,-,-, -,-, -
01308800,CAPRI OAK FOREST BEAUTY COLLEGE,IL,604522798,Proprietary,26,26,70106,71,107596,27,27,65837,81,107068,-,-, -,-, -,2,2,9059,5,14160,-,-, -,-, -
01309500,SALON SUCCESS ACADEMY,CA,928813415,Proprietary,152,154,423148,412,598851,150,151,498220,481,719321,-,-, -,-, -,14,14,78038,42,118392,-,-, -,-, -
01310300,CALIFORNIA WESTERN SCHOOL OF LAW,CA,921013046,Private-Nonprofit,-,-, -,-, -,-,-, -,-, -,130,133,2457534,299,3087801,-,-, -,-, -,131,248,4632982,417,5684042
01313200,INTERNATIONAL COLLEGE OF BROADCASTING,OH,454311898,Proprietary,12,12,35834,34,56292,12,12,37595,38,63587,-,-, -,-, -,3,3,4852,5,4852,-,-, -,-, -
01315300,MASSEY UNIVERSITY,,4744,Foreign-Private,3,3,9750,7,14250,3,3,7000,7,9000,7,7,143500,24,246393,1,2,19995,3,27314,5,5,151163,23,443007
01320800,BAPTIST BIBLE COLLEGE,MO,658033498,Private-Nonprofit,4,4,8650,25,21660,4,4,15520,15,21887,0,0,0,6,7374,2,2,6900,6,8900,-,-, -,-, -
01321800,M.J. MURPHY BEAUTY COLLEGE,MI,488582502,Proprietary,10,10,30623,24,36873,9,9,31000,20,36666,-,-, -,-, -,-,-, -,-, -,-,-, -,-, -
01323100,UNIVERSITY OF HOUSTON - VICTORIA,TX,779015731,Public,159,161,323112,161,323112,150,157,392240,161,392240,214,221,1042775,222,1042775,2,2,10256,2,10256,23,23,152109,23,152109
01323200,ACADEMY OF HAIR DESIGN,NV,891461617,Proprietary,68,68,192160,165,239538,70,89,223390,221,288774,-,-, -,-, -,8,8,46814,18,53437,-,-, -,-, -
01324000,LYTLE'S REDWOOD EMPIRE BEAUTY COLLEGE,CA,954037757,Proprietary,26,26,74811,66,102228,29,29,94230,76,141814,-,-, -,-, -,3,3,34713,12,40817,-,-, -,-, -
01326300,SOUTH HILLS SCHOOL OF BUSINESS & TECHNOLOGY,PA,168014516,Proprietary,38,39,89509,261,322669,43,44,125482,286,353452,-,-, -,-, -,4,4,24572,33,139730,-,-, -,-, -
02050300,ACADEMY COLLEGE,MN,554311411,Proprietary,15,15,54750,51,73485,14,14,61591,45,84259,-,-, -,-, -,4,4,158706,14,203456,-,-, -,-, -
02052200,BLACK RIVER TECHNICAL COLLEGE,AR,724550468,Public,24,24,44010,48,44010,26,26,45150,50,45150,-,-, -,-, -,-,-, -,-, -,-,-, -,-, -
02052300,UNIVERSITY OF WEST LOS ANGELES,CA,903014501,Proprietary,-,-, -,-, -,-,-, -,-, -,94,94,1817148,216,2104773,-,-, -,-, -,49,49,1063517,109,1181632
02052400,UNIVERSITY OF CAMBRIDGE - DARWIN COLLEGE,,CB3   9EU,Foreign-Private,-,-, -,-, -,-,-, -,-, -,0,0,0,12,119584,-,-, -,-, -,0,0,0,10,193215
02053000,LIBERTY UNIVERSITY,VA,245152269,Private-Nonprofit,4487,4765,14690892,15082,29896255,4440,4876,16308664,15507,37224528,7034,7944,69650121,25025,168770137,121,138,1208424,292,2266646,689,737,5088251,2649,17729684
02053700,EASTWICK COLLEGE,NJ,074462546,Proprietary,165,166,546054,697,903248,158,159,529563,636,929303,-,-, -,-, -,6,6,36211,33,79595,-,-, -,-, -
02055400,BOSSIER PARISH COMMUNITY COLLEGE,LA,711110000,Public,179,179,477031,408,561465,87,87,266072,244,414344,-,-, -,-, -,1,1,3392,4,13587,-,-, -,-, -
02056100,FOUR RIVERS CAREER CENTER,MO,630904543,Public,19,19,42655,38,42655,20,20,52380,40,52380,-,-, -,-, -,-,-, -,-, -,-,-, -,-, -
02056400,CAPRI COSMETOLOGY LEARNING CENTER,NY,109544915,Proprietary,87,87,229107,214,298689,87,87,272665,215,366289,-,-, -,-, -,7,7,49549,21,81338,-,-, -,-, -
02056500,MITCHELL'S ACADEMY,NC,276063326,Proprietary,22,22,54071,48,62371,18,18,64200,39,68950,-,-, -,-, -,1,1,3330,4,10706,-,-, -,-, -
02058600,BK COSMO COLLEGE OF COSMETOLOGY,TX,780284288,Proprietary,23,23,49837,58,69545,23,23,60258,59,87757,-,-, -,-, -,-,-, -,-, -,-,-, -,-, -
02060300,MIAT COLLEGE OF TECHNOLOGY,MI,481882533,Proprietary,500,547,1522940,1859,2144590,502,520,1719686,1783,2411352,-,-, -,-, -,48,48,288405,171,399007,-,-, -,-, -
02061000,VENUS BEAUTY ACADEMY,PA,190143018,Proprietary,27,27,54126,67,77653,27,27,55772,70,88751,-,-, -,-, -,2,2,8042,4,13702,-,-, -,-, -
02061600,WAYNE'S COLLEGE OF BEAUTY,CA,939062830,Proprietary,16,16,46967,34,52217,12,12,33603,27,35981,-,-, -,-, -,1,2,9941,4,9941,-,-, -,-, -
02063500,COASTLINE COMMUNITY COLLEGE,CA,927082597,Public,27,30,85653,119,154775,27,31,111779,110,173511,-,-, -,-, -,-,-, -,-, -,-,-, -,-, -
02063700,SHERMAN COLLEGE OF STRAIGHT CHIROPRACTIC,SC,293167251,Private-Nonprofit,-,-, -,-, -,-,-, -,-, -,113,113,3379059,649,6957342,-,-, -,-, -,99,99,1649238,668,3450722
02065300,PRESCOTT COLLEGE,AZ,863012990,Private-Nonprofit,16,17,52715,28,72298,14,15,43654,25,66278,156,157,2015311,284,2403065,1,1,2200,1,2200,36,37,468467,66,477380
02065700,CALIFORNIA BEAUTY COLLEGE,CA,953541190,Proprietary,28,28,67150,58,69821,29,29,59308,62,62876,-,-, -,-, -,1,1,1427,2,1427,-,-, -,-, -
02066100,OHIO STATE COLLEGE OF BARBER STYLING,OH,432131301,Proprietary,50,50,133319,127,191194,45,45,113500,124,165631,-,-, -,-, -,0,0,0,2,14500,-,-, -,-, -
02066200,"NEW SCHOOL, THE",NY,100118603,Private-Nonprofit,27,27,95554,69,138442,21,21,70183,52,111396,16,16,189173,61,414071,24,24,466602,109,1014464,21,21,247795,100,819945
02068100,ADLER UNIVERSITY,IL,606027298,Private-Nonprofit,-,-, -,-, -,-,-, -,-, -,73,77,526832,923,7041536,-,-, -,-, -,56,58,339614,684,4871992
02068200,COX COLLEGE,MO,658021988,Private-Nonprofit,25,26,57855,41,91886,29,31,103112,49,164377,10,10,43962,10,43962,2,2,11744,2,11744,20,20,153669,20,153669
02068300,DOUGLAS EDUCATION CENTER,PA,150621097,Proprietary,60,61,212537,169,286971,61,61,195241,162,272665,-,-, -,-, -,16,16,274278,39,352967,-,-, -,-, -
02069000,NEW YORK SCHOOL OF INTERIOR DESIGN,NY,100215110,Private-Nonprofit,2,2,6750,7,10250,2,2,7000,8,16250,1,1,15000,2,15000,1,1,14750,2,14750,-,-, -,-, -
02070500,CONCORDIA UNIVERSITY,CA,926123203,Private-Nonprofit,138,138,623008,310,624758,153,153,978133,333,979133,805,817,12951675,2030,12951675,10,10,404561,21,404561,44,45,827578,112,827578
02073300,GALLIA JACKSON VINTON JOINT SCHOOL ADULT EDUCATION,OH,456740000,Public,21,22,52987,62,75935,17,18,44691,44,56217,-,-, -,-, -,1,1,3000,2,3000,-,-, -,-, -
02073500,UNIVERSITY OF ARKANSAS COMMUNITY COLLEGE AT BATESVILLE,AR,725010000,Public,21,25,53265,50,53265,28,30,83042,59,83042,-,-, -,-, -,-,-, -,-, -,-,-, -,-, -
02073900,WOR-WIC COMMUNITY COLLEGE,MD,218041486,Public,30,30,58875,56,90844,22,22,53578,38,82550,-,-, -,-, -,-,-, -,-, -,-,-, -,-, -
02074600,SOUTH ARKANSAS COLLEGE,AR,717317010,Public,37,37,69430,74,69430,87,87,200206,172,200206,-,-, -,-, -,-,-, -,-, -,-,-, -,-, -
02074800,LIFE UNIVERSITY,GA,300602996,Private-Nonprofit,26,26,38559,55,79254,26,26,33606,57,65987,88,88,905222,98,953677,17,17,118808,41,265664,789,789,5677679,1199,7702390
02075300,UNIVERSITY OF ARKANSAS - PULASKI TECHNICAL COLLEGE,AR,721183347,Public,283,284,747849,569,750902,404,406,1130090,810,1130090,-,-, -,-, -,3,4,13987,8,13987,-,-, -,-, -
02075800,SOUTHERN CALIFORNIA INSTITUTE OF ARCHITECTURE (THE),CA,900131829,Private-Nonprofit,2,2,4750,3,4750,2,2,9500,3,9500,13,13,249112,27,324275,-,-, -,-, -,13,15,188962,32,380266
02077100,MILWAUKEE INSTITUTE OF ART & DESIGN,WI,532026003,Private-Nonprofit,58,61,154639,63,154639,61,62,104624,63,104624,-,-, -,-, -,3,4,20510,4,20510,-,-, -,-, -
02078800,COLLECTIV HAIR DRESSING ACADEMY,UT,840948409,Proprietary,31,31,95572,76,119935,32,33,90935,90,127691,-,-, -,-, -,2,2,12895,4,12895,-,-, -,-, -
02079400,EMPIRE BEAUTY SCHOOL,PA,191542810,Proprietary,359,367,854286,848,1146937,352,363,1082177,855,1482556,-,-, -,-, -,74,77,425098,175,517689,-,-, -,-, -
02079700,COLLEGE OF HAIR DESIGN,NE,685082199,Proprietary,78,79,265210,181,307242,80,81,268713,184,313634,-,-, -,-, -,5,5,59121,13,71706,-,-, -,-, -
02081400,ARLINGTON BAPTIST UNIVERSITY,TX,760123425,Private-Nonprofit,0,0,0,4,4037,1,1,5000,2,5000,1,1,4112,2,4112,0,0,0,2,5100,-,-, -,-, -
02082400,UNIVERSITY OF CAMBRIDGE - QUEEN'S COLLEGE,,CB3   9ET,Foreign-Private,-,-, -,-, -,-,-, -,-, -,0,0,0,3,30308,-,-, -,-, -,0,0,0,1,14854
02083400,UNIVERSITY OF CAMBRIDGE - WOLFSON COLLEGE,,CB3   9BB,Foreign-Private,-,-, -,-, -,-,-, -,-, -,1,1,20500,7,71750,-,-, -,-, -,1,1,35243,8,143911
02083900,NORTHERN NEW MEXICO COLLEGE,NM,875320000,Public,3,3,6007,5,7507,2,2,5161,6,7911,-,-, -,-, -,-,-, -,-, -,-,-, -,-, -
02084800,RAVENSCROFT BEAUTY COLLEGE,IN,468354132,Proprietary,36,36,87430,97,131142,34,34,91721,97,158919,-,-, -,-, -,1,1,5700,2,5700,-,-, -,-, -
02087000,OZARKA COLLEGE,AR,725560010,Public,7,7,4028,97,97639,13,13,18814,102,98543,-,-, -,-, -,-,-, -,-, -,-,-, -,-, -
02087400,UNIVERSITY OF CAMBRIDGE - NEWNHAM COLLEGE,,CB3   9DF,Foreign-Private,-,-, -,-, -,-,-, -,-, -,0,0,0,4,30893,-,-, -,-, -,0,0,0,1,28834
02087600,CONCORDIA THEOLOGICAL SEMINARY,IN,468254996,Private-Nonprofit,-,-, -,-, -,-,-, -,-, -,3,3,17315,11,29270,-,-, -,-, -,0,0,0,1,1348
02087900,OXFORD BROOKES UNIVERSITY,,OX3   0BP,Foreign-Private,0,0,0,1,1750,0,0,0,1,1000,0,0,0,2,20500,0,0,0,1,26226,0,0,0,1,22221
02089600,CONCORDE CAREER INSTITUTE,FL,322566905,Proprietary,251,253,729871,927,1223403,238,238,1081361,912,1825735,-,-, -,-, -,29,30,241483,99,383594,-,-, -,-, -
02090300,CAPRI COLLEGE,IA,524040000,Proprietary,43,43,108065,104,154400,44,51,153958,114,188219,-,-, -,-, -,5,5,20190,11,22582,-,-, -,-, -
02090700,CLEVELAND UNIVERSITY-KANSAS CITY,KS,662101613,Private-Nonprofit,26,27,96784,68,154534,29,30,127609,72,175843,247,263,7534161,674,10519293,2,5,31000,5,31000,201,318,2628351,387,2868383
02092100,MASSACHUSETTS SCHOOL OF BARBERING,MA,021695058,Proprietary,13,13,31921,32,42450,14,15,48479,35,67842,-,-, -,-, -,1,1,7500,2,7500,-,-, -,-, -
02092300,EASTWICK COLLEGE - NUTLEY CAMPUS,NJ,071109802,Proprietary,122,122,297120,456,535045,103,105,244085,365,442942,-,-, -,-, -,6,6,31103,29,73363,-,-, -,-, -
02092500,LAUREL TECHNICAL INSTITUTE,PA,161489010,Proprietary,73,75,217004,183,257656,64,66,169366,172,219137,-,-, -,-, -,9,9,34775,23,40628,-,-, -,-, -
02093700,LONG ISLAND BUSINESS INSTITUTE,NY,113542997,Proprietary,9,11,26513,25,41013,9,12,25965,23,28215,-,-, -,-, -,-,-, -,-, -,-,-, -,-, -
02094100,BEN-GURION UNIVERSITY OF THE NEGEV,,8410501,Foreign-Private,-,-, -,-, -,-,-, -,-, -,12,12,246000,26,250000,-,-, -,-, -,11,11,493087,27,525280
02094400,UNIVERSITY OF CAMBRIDGE - ST EDMUND'S COLLEGE,,CB3   0BN,Foreign-Private,-,-, -,-, -,-,-, -,-, -,0,0,0,2,20500,-,-, -,-, -,0,0,0,2,38170
02095500,UNIVERSITY OF LONDON - LONDON BUSINESS SCHOOL,,NW1 4SA,Foreign-Private,-,-, -,-, -,-,-, -,-, -,5,5,102500,24,246000,-,-, -,-, -,7,7,343530,30,614821
02096100,FIELDING GRADUATE UNIVERSITY,CA,931053814,Private-Nonprofit,-,-, -,-, -,-,-, -,-, -,146,169,1839854,690,4933546,-,-, -,-, -,115,128,2673156,597,5686417
02097300,HASTINGS BEAUTY SCHOOL,MN,550331205,Proprietary,8,8,23611,17,26986,9,10,32415,20,33137,-,-, -,-, -,-,-, -,-, -,-,-, -,-, -
02098300,WESTERN TECHNICAL COLLEGE,TX,799272105,Proprietary,647,661,2279639,1664,3074104,639,651,2648313,1664,3678486,6,6,61584,12,67375,120,122,889990,294,1096121,-,-, -,-, -
02098800,UNIVERSITY OF PHOENIX,AZ,850400723,Proprietary,14660,14683,48807893,44951,79386079,15174,15194,69764821,55447,114844617,3817,3824,46000629,13752,80184200,162,162,1318313,492,1866771,683,683,4842059,2105,7127168
02099500,CENTRAL COMMUNITY COLLEGE,NE,688024903,Public,19,19,43495,41,49596,10,10,18557,27,31557,-,-, -,-, -,-,-, -,-, -,-,-, -,-, -
02099700,ROSS MEDICAL EDUCATION CENTER,MI,485071234,Proprietary,176,176,529508,444,727091,171,171,698034,441,969357,-,-, -,-, -,1,1,5324,3,7438,-,-, -,-, -
02100000,UNIVERSIDAD POLITECNICA DE PUERTO RICO,PR,009185955,Private-Nonprofit,59,59,95324,80,109725,39,39,72733,53,104223,22,22,93241,30,122754,-,-, -,-, -,1,1,6054,3,12104
02100500,UNIVERSAL TECHNICAL INSTITUTE,AZ,853239969,Proprietary,1234,1248,4228764,3239,5584942,1253,1265,4271721,3394,5744630,-,-, -,-, -,495,504,3893047,1507,5381899,-,-, -,-, -
02100600,CARRINGTON COLLEGE,AZ,850154096,Proprietary,1184,1205,3922731,4795,5231485,1166,1184,4779257,4726,6436142,-,-, -,-, -,76,80,620897,434,874988,-,-, -,-, -
02101000,NORTHWEST COLLEGE SCHOOL OF BEAUTY,OR,970867702,Proprietary,133,135,344036,339,471892,131,133,430235,333,581578,-,-, -,-, -,1,1,2590,3,4960,-,-, -,-, -
02101900,ROEHAMPTON UNIVERSITY,,SW15 5PJ,Foreign-Private,0,0,0,49,70824,0,0,0,53,60814,0,0,0,50,329475,0,0,0,29,284687,2,2,11272,41,298418
02102100,KINGSWOOD UNIVERSITY,,E4E 5L2,Foreign-Private,1,1,2750,1,2750,1,1,3000,1,3000,-,-, -,-, -,-,-, -,-, -,-,-, -,-, -
02104300,OTSEGO DELAWARE SCHOHARIE GREENE BOCES,NY,121340000,Public,0,0,0,18,15054,0,0,0,20,26151,-,-, -,-, -,0,0,0,2,5500,-,-, -,-, -
02104400,SPA TECH INSTITUTE,ME,040920000,Proprietary,150,151,339202,427,503649,157,162,521580,458,756017,-,-, -,-, -,21,21,156224,55,209069,-,-, -,-, -
02104900,SUMNER COLLEGE,OR,972206809,Proprietary,191,191,653699,697,875663,214,219,1065866,792,1418761,-,-, -,-, -,5,5,46620,19,65972,-,-, -,-, -
02105900,BRITTANY BEAUTY ACADEMY,NY,112095409,Proprietary,31,31,60310,76,89677,31,32,94871,78,139909,-,-, -,-, -,1,1,3843,10,15883,-,-, -,-, -
02106100,COLLEGE OF COSMETOLOGY,OR,976013233,Proprietary,19,20,51027,48,68102,20,23,67305,51,82819,-,-, -,-, -,0,0,0,1,2900,-,-, -,-, -
02106600,AMERICAN INSTITUTE,CT,061101922,Proprietary,593,597,1469700,1458,1972395,431,436,1606587,1100,2146670,-,-, -,-, -,17,17,96691,39,117775,-,-, -,-, -
02107300,PENNSYLVANIA ACADEMY OF THE FINE ARTS,PA,191021424,Private-Nonprofit,-,-, -,-, -,-,-, -,-, -,15,15,237665,34,237665,-,-, -,-, -,2,2,27121,4,27121
02107700,TRUCKEE MEADOWS COMMUNITY COLLEGE,NV,895123999,Public,25,25,72795,53,75383,19,20,50305,42,50305,-,-, -,-, -,-,-, -,-, -,-,-, -,-, -
02107800,UNIVERSITY OF HAWAII - WEST OAHU,HI,967074507,Public,27,29,73715,37,74715,23,23,58472,30,59472,-,-, -,-, -,1,1,23941,2,23941,-,-, -,-, -
02108600,LONDON ACADEMY OF MUSIC & DRAMATIC ART,,W14 9DA,Foreign-Private,0,0,0,6,7462,0,0,0,8,13203,0,0,0,32,177672,0,0,0,2,39330,0,0,0,31,314298
02110200,COLUMBIA COLLEGE HOLLYWOOD,CA,900152205,Private-Nonprofit,70,72,236877,280,448992,76,80,258994,309,438749,-,-, -,-, -,15,15,135814,76,437800,-,-, -,-, -
02110900,CATTARAUGUS/ALLEGANY/ERIE/WYOMING BOCES,NY,147609303,Public,-,-, -,-, -,0,0,0,1,234,-,-, -,-, -,-,-, -,-, -,-,-, -,-, -
02111100,UNIVERSITY OF ARKANSAS COMMUNITY COLLEGE RICH MOUNTAIN,AR,719532500,Public,2,2,4252,8,10919,1,1,1373,3,3373,-,-, -,-, -,-,-, -,-, -,-,-, -,-, -
02111300,CUYAMACA COLLEGE,CA,920194369,Public,9,9,34191,18,34191,8,8,28476,18,33726,-,-, -,-, -,-,-, -,-, -,-,-, -,-, -
02111600,SOVAH SCHOOL OF HEALTH PROFESSIONS,VA,245412922,Proprietary,5,5,16650,5,16650,5,5,14350,5,14350,-,-, -,-, -,-,-, -,-, -,-,-, -,-, -
02112200,GREAT LAKES INSTITUTE OF TECHNOLOGY,PA,165092482,Proprietary,121,121,298525,356,444232,114,114,366895,359,552009,-,-, -,-, -,10,10,53345,38,90253,-,-, -,-, -
02112700,PAUL MITCHELL THE SCHOOL NORTH HAVEN,CT,064733108,Proprietary,41,41,114436,107,150195,42,42,134040,115,183270,-,-, -,-, -,6,6,60053,15,74871,-,-, -,-, -
02113600,AMERICAN INTERCONTINENTAL UNIVERSITY,AZ,852861585,Proprietary,6340,6618,18257868,19526,24952804,6303,6575,24687921,19074,33384236,698,759,8626999,2189,12322919,75,77,573027,263,735808,40,42,520026,129,792576
02113800,ROBERTO-VENN SCHOOL OF LUTHIERY,AZ,850072514,Proprietary,0,0,0,6,8076,0,0,0,6,12304,-,-, -,-, -,0,0,0,1,11538,-,-, -,-, -
02114200,JOHNSON COLLEGE,PA,185081495,Private-Nonprofit,2,2,7000,3,7653,5,5,23155,7,26155,-,-, -,-, -,2,2,5721,3,7721,-,-, -,-, -
02115900,UNIVERSITY OF PORTSMOUTH,,PO1 2UP,Foreign-Private,-,-, -,-, -,-,-, -,-, -,0,0,0,11,106021,1,1,20000,2,20000,0,0,0,9,124954
02116300,PUEBLO COMMUNITY COLLEGE,CO,810041499,Public,117,117,305606,281,419194,67,68,217397,146,251596,-,-, -,-, -,-,-, -,-, -,-,-, -,-, -
02116700,UNIVERSITY OF CAMBRIDGE - LUCY CAVENDISH COLLEGE,,CB3   0BU,Foreign-Private,-,-, -,-, -,-,-, -,-, -,0,0,0,2,20500,-,-, -,-, -,0,0,0,2,52446
02116900,UPPER VALLEY CAREER CENTER,OH,453569237,Public,26,30,82904,60,88154,23,28,102258,58,111092,-,-, -,-, -,-,-, -,-, -,-,-, -,-, -
02117100,ART INSTITUTE OF HOUSTON (THE),TX,770277311,Private-Nonprofit,60,61,179333,310,412422,64,65,246663,321,548779,-,-, -,-, -,10,12,140799,62,280335,-,-, -,-, -
02117300,GREAT OAKS CAREER CAMPUSES-SCARLET OAKS,OH,452411581,Public,2,2,4846,6,7568,12,12,54646,27,61451,-,-, -,-, -,2,2,6241,5,6241,-,-, -,-, -
02117400,BECK SCHOOL OF PRACTICAL NURSING,IL,622783368,Public,32,34,89666,107,148596,32,35,127302,104,196409,-,-, -,-, -,0,0,0,1,337,-,-, -,-, -
02117500,NAROPA UNIVERSITY,CO,803026697,Private-Nonprofit,5,5,17500,10,18211,9,9,51828,15,51828,127,127,2338540,368,2611052,2,2,13971,2,13971,78,78,1754033,260,1957349
02117800,AVEDA ARTS & SCIENCES INSTITUTE LAFAYETTE,LA,705033246,Proprietary,90,91,271969,230,351988,100,101,312556,257,399752,-,-, -,-, -,8,8,61565,19,81765,-,-, -,-, -
02119100,MISSION COLLEGE,CA,950541897,Public,0,0,0,1,875,0,0,0,1,500,-,-, -,-, -,-,-, -,-, -,-,-, -,-, -
02120000,"UNIVERSITY OF LONDON, THE COURTAULD INSTITUTE OF ART",,WC1X 9EW,Foreign-Private,0,0,0,1,1166,0,0,0,1,666,1,1,20500,18,122176,-,-, -,-, -,1,1,2950,13,87398
02120600,SAYBROOK UNIVERSITY,CA,911033606,Private-Nonprofit,-,-, -,-, -,-,-, -,-, -,181,181,3251852,568,5205358,-,-, -,-, -,103,104,2990562,451,6092127
02120700,SAN JOAQUIN VALLEY COLLEGE,CA,932919283,Proprietary,2876,2908,8267608,7520,11701233,2684,2712,10178401,7161,14607263,-,-, -,-, -,387,389,2647888,1026,3779752,-,-, -,-, -
02121100,MIDWEST INSTITUTE,MO,630451210,Proprietary,53,53,170757,132,240077,56,56,243733,139,325883,-,-, -,-, -,12,13,94946,28,106711,-,-, -,-, -
02122000,NEW ENGLAND HAIR ACADEMY,MA,021485118,Proprietary,-,-, -,-, -,-,-, -,-, -,-,-, -,-, -,5,5,34742,12,51750,-,-, -,-, -
02123200,AVEDA ARTS & SCIENCES INSTITUTE MINNEAPOLIS,MN,554141004,Proprietary,115,116,292761,296,386123,133,134,415167,333,541496,-,-, -,-, -,9,9,105088,23,127738,-,-, -,-, -
02124000,ORANGE ULSTER BOCES SCHOOL OF PRACTICAL NURSING,NY,109242410,Public,25,25,25500,50,25500,32,32,47172,64,47172,-,-, -,-, -,1,1,3382,2,3382,-,-, -,-, -
02124400,UNIVERSITY OF SPA & COSMETOLOGY ARTS,IL,627040000,Proprietary,32,33,66207,81,103273,29,30,74961,76,119944,-,-, -,-, -,3,3,19457,6,20047,-,-, -,-, -
02124500,FRANKLIN TECHNOLOGY CENTER,MO,648011595,Public,1,1,2345,5,6439,1,1,4020,5,11040,-,-, -,-, -,-,-, -,-, -,-,-, -,-, -
02125000,CAREER ACADEMY OF BEAUTY,CA,928452032,Proprietary,51,52,115822,126,153968,44,45,114169,120,160058,-,-, -,-, -,3,3,15144,6,15144,-,-, -,-, -
02125600,MICHIGAN COLLEGE OF BEAUTY-TROY,MI,480835210,Proprietary,61,61,136891,146,185515,71,72,219496,167,271106,-,-, -,-, -,7,8,61073,17,65494,-,-, -,-, -
02126300,MADISON ONEIDA BOCES PRACTICAL NURSING PROGRAM,NY,134783526,Public,29,30,51625,96,84000,31,31,91500,102,144250,-,-, -,-, -,-,-, -,-, -,-,-, -,-, -
02126500,FORMATIONS INSTITUTE,OK,737034767,Proprietary,12,12,32650,21,34400,10,10,26490,17,26490,-,-, -,-, -,0,0,0,1,3000,-,-, -,-, -
02127400,YTI CAREER INSTITUTE,PA,174029017,Proprietary,205,205,564549,624,733863,203,204,703178,628,919294,-,-, -,-, -,9,9,59909,39,104826,-,-, -,-, -
02128200,BRIDGES BEAUTY COLLEGE,CA,923953821,Proprietary,22,24,56673,51,59788,7,7,9420,13,9420,-,-, -,-, -,1,1,7337,2,7337,-,-, -,-, -
02128300,INSTITUTE FOR BUSINESS & TECHNOLOGY,CA,950511303,Proprietary,316,318,934041,931,1403579,313,319,1358488,912,1961464,-,-, -,-, -,19,19,153907,63,259747,-,-, -,-, -
02129000,TRIANGLE TECH,PA,156013304,Proprietary,103,106,411088,227,451317,112,117,414476,251,461533,-,-, -,-, -,44,49,497167,99,513886,-,-, -,-, -
02131600,PENNCO TECH,NJ,080129961,Proprietary,290,310,710475,727,891571,282,301,830537,711,1044056,-,-, -,-, -,47,48,268282,123,356841,-,-, -,-, -
02132300,FORTIS INSTITUTE,NJ,074707041,Proprietary,494,514,1127473,1622,1696519,486,514,1452447,1642,2234444,-,-, -,-, -,66,68,232373,218,363553,-,-, -,-, -
02132800,NATIONAL CONSERVATORY OF DRAMATIC ARTS,DC,200072758,Private-Nonprofit,5,5,15000,8,15000,4,4,16000,6,16000,-,-, -,-, -,-,-, -,-, -,-,-, -,-, -
02133400,UNIVERSITY OF CAMBRIDGE - SIDNEY SUSSEX COLLEGE,,CB2   3HU,Foreign-Private,-,-, -,-, -,-,-, -,-, -,0,0,0,1,10250,-,-, -,-, -,0,0,0,1,14453
02134500,LA' JAMES INTERNATIONAL COLLEGE,IA,528063452,Proprietary,26,27,72325,60,92497,25,25,108407,57,131409,-,-, -,-, -,1,1,14111,3,16286,-,-, -,-, -
02134800,OLD TOWN BARBER  COLLEGE,KS,672111693,Proprietary,28,28,63235,63,83735,28,30,81001,65,111667,-,-, -,-, -,3,3,18355,5,18355,-,-, -,-, -
02136600,WISCONSIN LUTHERAN COLLEGE,WI,532264626,Private-Nonprofit,3,3,4062,10,15243,4,4,6246,13,23851,14,14,64682,25,102181,5,5,20580,5,20580,-,-, -,-, -
02137000,ROB ROY ACADEMY,MA,027803212,Proprietary,3,3,8750,9,15750,4,4,24500,11,32500,-,-, -,-, -,-,-, -,-, -,-,-, -,-, -
02137100,SALON PROFESSIONAL ACADEMY (THE),SD,577011745,Proprietary,15,15,40977,38,54501,15,15,33863,37,48340,-,-, -,-, -,1,1,2550,2,2550,-,-, -,-, -
02138300,PALO ALTO UNIVERSITY,CA,943041337,Private-Nonprofit,0,0,0,22,30193,0,0,0,20,33647,24,24,459133,278,1709006,0,0,0,1,15251,15,15,256436,260,2574583
02139500,HAWAII INSTITUTE OF HAIR DESIGN,HI,968175195,Proprietary,15,15,39618,52,66089,10,10,23612,32,39358,-,-, -,-, -,0,0,0,1,4820,-,-, -,-, -
02140000,RIVERSIDE COLLEGE OF HEALTH CAREERS,VA,236013808,Private-Nonprofit,3,3,6959,36,58359,2,2,8855,34,79446,-,-, -,-, -,-,-, -,-, -,-,-, -,-, -
02140400,"ST. JOSEPH HOSPITAL OF NASHUA, N.H.",NH,030604161,Private-Nonprofit,17,17,28337,43,67076,16,16,44425,45,102670,-,-, -,-, -,0,0,0,2,7459,-,-, -,-, -
02140700,CANTON CITY SCHOOL DISTRICT ADULT CAREER & TECHNICAL EDUCATION,OH,447022019,Public,-,-, -,-, -,0,0,0,1,451,-,-, -,-, -,-,-, -,-, -,-,-, -,-, -
02140800,MARTIN UNIVERSITY,IN,462183878,Private-Nonprofit,19,19,65640,122,227861,16,16,61262,117,288589,5,5,59484,38,290717,-,-, -,-, -,1,1,8818,2,8818
02141500,SAVANNAH COLLEGE OF ART AND DESIGN,GA,314014592,Private-Nonprofit,651,663,1171962,3819,5709855,729,743,1116500,4292,5055572,321,328,2510537,983,6314749,366,383,4706264,1992,23376679,134,141,831917,384,2068671
02142000,UNIVERSITY OF CAMBRIDGE - HOMERTON COLLEGE,,CB2   8PH,Foreign-Private,-,-, -,-, -,-,-, -,-, -,0,0,0,1,10250,-,-, -,-, -,0,0,0,1,16000
02142200,LEX LA RAY TECHNICAL CENTER,MO,640671525,Public,16,16,33676,32,33676,15,15,30460,30,30460,-,-, -,-, -,-,-, -,-, -,-,-, -,-, -
02143400,SALISH KOOTENAI COLLEGE,MT,598550000,Public,14,14,43387,107,166563,6,6,19454,63,91724,-,-, -,-, -,-,-, -,-, -,-,-, -,-, -
02143500,STERLING COLLEGE,VT,058270072,Private-Nonprofit,11,13,22663,26,22663,12,14,16457,28,16457,-,-, -,-, -,1,1,5250,2,5250,-,-, -,-, -
02144000,BEAUTY INSTITUTE (THE),PA,180521629,Proprietary,48,49,98716,109,141007,46,47,103893,101,162752,-,-, -,-, -,5,5,42150,15,53600,-,-, -,-, -
02144800,VET TECH INSTITUTE OF HOUSTON,TX,770279881,Proprietary,2,2,5458,54,107372,2,2,47,74,96441,-,-, -,-, -,0,0,0,23,90973,-,-, -,-, -
02145800,CAYUGA ONONDAGA BOCES,NY,130219430,Public,10,10,15300,20,15300,11,11,18700,22,18700,-,-, -,-, -,-,-, -,-, -,-,-, -,-, -
02146000,WAYNE - FINGER LAKES BOCES,NY,145131863,Public,22,22,24116,43,24116,23,23,34750,46,34750,-,-, -,-, -,-,-, -,-, -,-,-, -,-, -
02146600,SOUTH MOUNTAIN COMMUNITY COLLEGE,AZ,850425898,Public,38,44,83930,89,86180,18,18,35967,37,37467,-,-, -,-, -,-,-, -,-, -,-,-, -,-, -
02149900,PAUL MITCHELL THE SCHOOL JACKSONVILLE,FL,322464737,Proprietary,81,83,209924,197,281061,78,80,210738,192,302386,-,-, -,-, -,8,8,64288,20,83052,-,-, -,-, -
02150600,COSMETOLOGY AND SPA ACADEMY,IL,600144003,Proprietary,163,165,492991,375,581016,174,186,641305,418,758984,-,-, -,-, -,27,28,196357,56,219274,-,-, -,-, -
02151500,CENTRAL SUSQUEHANNA LPN CAREER CENTER,PA,178479756,Public,17,17,39026,35,40674,16,16,30741,32,33567,-,-, -,-, -,1,1,3358,2,3358,-,-, -,-, -
02151900,KEISER UNIVERSITY,FL,333093700,Private-Nonprofit,5553,5876,18657274,15399,26569327,5350,5611,23275650,14591,33531670,632,744,10458339,2116,16041705,608,644,6403243,1621,8562749,227,241,5344053,710,8564811
02153100,PAUL MITCHELL THE SCHOOL MURFREESBORO,TN,371293382,Proprietary,128,130,350246,340,499432,124,126,392161,341,581913,-,-, -,-, -,7,7,54614,23,87135,-,-, -,-, -
02154400,BEAU MONDE ACADEMY OF BARBERING AND COSMETOLOGY,OR,972321315,Proprietary,16,16,44827,38,56205,14,14,64465,36,82195,-,-, -,-, -,1,1,14813,3,20225,-,-, -,-, -
02155300,CHICAGO SCHOOL OF PROFESSIONAL PSYCHOLOGY,CA,900173830,Private-Nonprofit,142,147,483105,370,758761,130,135,648717,345,1017995,1762,1768,38385930,5014,49542865,3,3,16320,4,16320,1263,1281,35671000,3889,46541094
02156800,UNIVERSITY OF OTAGO,,9016,Foreign-Private,1,1,4000,1,4000,1,1,8500,1,8500,7,7,99713,14,120213,-,-, -,-, -,3,3,53362,9,68052
02157100,CONCORDE CAREER COLLEGE,TN,381370132,Proprietary,530,530,1502484,1652,2284354,483,484,2046268,1581,3180244,-,-, -,-, -,24,24,330765,89,496965,-,-, -,-, -
02157900,ROCHESTER GENERAL-ISABELLA GRAHAM HART SCHOOL OF PRACTICAL NURSING,NY,146222477,Private-Nonprofit,79,80,150607,209,242269,86,88,235276,221,386526,-,-, -,-, -,1,1,11000,2,11000,-,-, -,-, -
02158200,WASHINGTON SARATOGA WARREN HAMILTON ESSEX BOCES,NY,128391053,Public,24,24,34891,25,35891,23,23,42445,23,42445,-,-, -,-, -,-,-, -,-, -,-,-, -,-, -
02158300,MIFFLIN COUNTY ACADEMY OF SCIENCE AND TECHNOLOGY,PA,170441675,Public,7,7,9954,8,10227,7,7,15238,8,17213,-,-, -,-, -,1,1,12000,1,12000,-,-, -,-, -
02158500,OHIO BUSINESS COLLEGE,OH,440350701,Proprietary,149,151,376187,476,523346,140,142,400145,446,551981,-,-, -,-, -,6,6,26800,28,51525,-,-, -,-, -
02159600,BAPTIST COLLEGE OF FLORIDA (THE),FL,324403306,Private-Nonprofit,16,17,32447,17,32447,15,15,27327,15,27327,3,3,4177,3,4177,-,-, -,-, -,-,-, -,-, -
02159700,NEW HOPE CHRISTIAN COLLEGE,OR,974051194,Private-Nonprofit,1,1,2979,2,2979,-,-, -,-, -,-,-, -,-, -,-,-, -,-, -,-,-, -,-, -
02160900,PCI ACADEMY,IA,500106062,Proprietary,85,85,239385,223,320646,86,90,283152,239,392361,-,-, -,-, -,16,16,117905,40,145855,-,-, -,-, -
02161800,MUSICIANS INSTITUTE,CA,900286157,Proprietary,81,114,172719,310,268304,96,134,259478,362,410102,1,1,4352,3,11185,24,32,417959,99,743871,-,-, -,-, -
02163300,UNIVERSIDAD CENTRAL DEL CARIBE,PR,009606032,Private-Nonprofit,1,1,5500,2,5500,-,-, -,-, -,18,18,117742,40,158325,-,-, -,-, -,55,56,338648,113,347064
02163600,WILLIAM JAMES COLLEGE,MA,024593211,Private-Nonprofit,10,11,46838,33,46838,9,10,33862,30,33862,293,297,7497685,812,7497685,-,-, -,-, -,103,114,639048,124,639048
02164300,DON ROBERTS SCHOOL OF HAIR DESIGN,IN,463759999,Proprietary,4,4,11106,19,27794,5,5,18845,21,39914,-,-, -,-, -,0,0,0,1,5558,-,-, -,-, -
02165100,EDP UNIVERSITY OF PUERTO RICO,PR,009192303,Private-Nonprofit,667,672,2246386,970,2558840,658,665,2557296,984,3131921,16,17,145400,68,393596,-,-, -,-, -,-,-, -,-, -
02165200,SALON PROFESSIONAL ACADEMY (THE),CO,815015309,Proprietary,9,10,23988,19,30842,8,9,15509,16,16228,-,-, -,-, -,1,1,4000,2,4000,-,-, -,-, -
02166000,CENTRO DE ESTUDIOS AVANZADOS DE PUERTO RICO Y EL CARIBE,PR,009013970,Private-Nonprofit,-,-, -,-, -,-,-, -,-, -,14,14,146500,52,274959,-,-, -,-, -,0,0,0,1,10250
02166100,ELAINE P. NUNEZ COMMUNITY COLLEGE,LA,700431249,Public,155,169,481413,361,505889,131,135,581307,299,594694,-,-, -,-, -,-,-, -,-, -,-,-, -,-, -
02166200,ITI TECHNICAL COLLEGE,LA,708175927,Proprietary,132,134,423389,564,731869,104,105,304629,453,543474,-,-, -,-, -,29,29,143819,133,233168,-,-, -,-, -
02167400,UNIVERSITY OF CAMBRIDGE - CORPUS CHRISTI COLLEGE,,CB2   1RH,Foreign-Private,-,-, -,-, -,-,-, -,-, -,0,0,0,1,3250,-,-, -,-, -,0,0,0,2,43319
02167800,ESTES INSTITUTE OF COSMETOLOGY ARTS & SCIENCES,CA,932916354,Proprietary,6,7,14734,19,26488,4,4,5278,8,6773,-,-, -,-, -,1,1,10000,2,10000,-,-, -,-, -
02168600,EAST-WEST UNIVERSITY,IL,606052185,Private-Nonprofit,17,18,21333,261,297544,12,13,17797,235,193204,-,-, -,-, -,0,0,0,21,103675,-,-, -,-, -
02168900,KANSAS CHRISTIAN COLLEGE,KS,662041975,Private-Nonprofit,13,13,30574,31,37820,9,10,22500,24,27000,-,-, -,-, -,1,1,11500,2,11500,-,-, -,-, -
02169100,DAVIS COLLEGE,NY,137902700,Private-Nonprofit,2,2,10734,4,10734,3,4,11650,6,11650,-,-, -,-, -,-,-, -,-, -,-,-, -,-, -
02169600,CLEARFIELD COUNTY CAREER AND TECHNOLOGY CENTER,PA,168309702,Public,14,14,30807,29,32557,17,17,32202,36,35202,-,-, -,-, -,-,-, -,-, -,-,-, -,-, -
02170000,SWEDISH INSTITUTE,NY,100016700,Proprietary,383,385,1134865,1240,1696049,377,383,1434919,1223,2178037,-,-, -,-, -,12,12,120709,38,145809,-,-, -,-, -
02170200,ALBANY SCHOHARIE SCHENECTADY SARATOGA BOCES PRACTICAL NURSING PROGRAM,NY,122051009,Public,0,0,0,69,56436,1,1,2332,77,102145,-,-, -,-, -,-,-, -,-, -,-,-, -,-, -
02170600,UNITED STATES SPORTS ACADEMY,AL,365267055,Private-Nonprofit,28,29,55749,31,57216,21,22,60128,25,60996,51,58,254910,69,290020,-,-, -,-, -,6,6,46444,6,46444
02172700,CONCORDE CAREER INSTITUTE,FL,336074165,Proprietary,115,115,343960,403,577711,109,110,440101,392,728054,-,-, -,-, -,18,19,105522,66,191306,-,-, -,-, -
02172800,DUTCHESS BOCES SCHOOL OF PRACTICAL NURSING,NY,126016599,Public,4,4,8750,52,53392,4,4,13000,50,84483,-,-, -,-, -,-,-, -,-, -,-,-, -,-, -
02173200,EMPIRE BEAUTY SCHOOL,NY,100013010,Proprietary,420,423,885861,964,1261968,385,389,1087294,916,1571987,-,-, -,-, -,67,67,343502,159,460653,-,-, -,-, -
02174400,TRIANGLE TECH,PA,158409544,Proprietary,59,67,229129,146,259738,62,65,210915,143,240305,-,-, -,-, -,22,24,256696,50,270196,-,-, -,-, -
02174800,MICHAEL'S SCHOOL OF HAIR DESIGN & ESTHETICS,NH,031100000,Proprietary,12,12,25581,33,40032,13,13,31999,34,45047,-,-, -,-, -,2,2,12051,4,12051,-,-, -,-, -
02175800,CENTRA COLLEGE,VA,245011109,Private-Nonprofit,3,3,5832,22,37826,3,3,10000,22,50048,-,-, -,-, -,-,-, -,-, -,-,-, -,-, -
02177500,RIO SALADO COMMUNITY COLLEGE,AZ,852816948,Public,233,237,434558,530,522489,153,165,336805,355,378987,-,-, -,-, -,1,1,3289,2,3289,-,-, -,-, -
02177700,UNIVERSITY OF CAMBRIDGE - KING'S COLLEGE,,CB2   1ST,Foreign-Private,-,-, -,-, -,-,-, -,-, -,0,0,0,2,20500,-,-, -,-, -,0,0,0,2,43792
02178200,CHARLESTON SCHOOL OF BEAUTY CULTURE,WV,253042024,Proprietary,16,16,42755,34,48005,15,15,43678,34,57178,-,-, -,-, -,-,-, -,-, -,-,-, -,-, -
02178500,EAGLE GATE COLLEGE,UT,841235798,Proprietary,258,260,1029616,684,1423811,255,261,1276966,690,1786000,15,15,247622,43,378904,1,3,26390,10,42220,9,10,155424,31,207970
02178700,CITRUS HEIGHTS BEAUTY COLLEGE,CA,956101410,Proprietary,51,51,125968,128,166423,45,45,134165,113,177292,-,-, -,-, -,3,3,24872,7,33487,-,-, -,-, -
02179400,EASTERN SUFFOLK BOCES,NY,117170000,Public,0,0,0,41,36705,0,0,0,46,63174,-,-, -,-, -,0,0,0,2,6462,-,-, -,-, -
02179600,EMPIRE BEAUTY SCHOOLS,NH,038781592,Proprietary,35,35,90852,77,106647,36,40,105194,86,121087,-,-, -,-, -,6,6,42150,12,44912,-,-, -,-, -
02180100,ROSS MEDICAL EDUCATION CENTER,MI,480712565,Proprietary,116,117,338876,284,468425,104,104,409654,267,581097,-,-, -,-, -,-,-, -,-, -,-,-, -,-, -
02180500,MIDDLESEX UNIVERSITY,,NW4 4BT,Foreign-Private,1,1,5500,2,5500,1,1,7000,2,7000,0,0,0,12,75308,-,-, -,-, -,1,1,10000,10,77379
02181600,ROB ROY ACADEMY,MA,016092038,Proprietary,18,18,53652,64,106530,18,18,62636,64,137134,-,-, -,-, -,2,2,25002,7,31435,-,-, -,-, -
02182200,NEW SCHOOL CENTER FOR MEDIA,NY,100015271,Proprietary,3,3,5610,6,5610,2,2,4727,4,4727,-,-, -,-, -,-,-, -,-, -,-,-, -,-, -
02182900,CAMBRIDGE COLLEGE,MA,021291647,Private-Nonprofit,41,41,115830,285,463596,40,40,112674,300,684431,119,126,585568,594,2837740,0,0,0,1,271,3,3,14278,6,19963
02183000,ORLEANS TECHNICAL COLLEGE,PA,191141014,Private-Nonprofit,72,72,195360,185,259196,76,76,285514,187,373729,-,-, -,-, -,13,13,115562,33,140038,-,-, -,-, -
02183500,UNIVERSITY OF OXFORD - WYCLIFFE HALL,,OX2   6PW,Foreign-Private,-,-, -,-, -,-,-, -,-, -,1,1,20500,6,42709,-,-, -,-, -,0,0,0,4,23834
02184200,PAROBA COLLEGE OF COSMETOLOGY,WA,982043210,Proprietary,23,23,67519,48,70019,28,28,132049,58,136049,-,-, -,-, -,2,2,19985,4,19985,-,-, -,-, -
02184400,JENKS BEAUTY COLLEGE,OK,740373750,Proprietary,34,34,75485,87,104865,25,25,63103,98,123523,-,-, -,-, -,-,-, -,-, -,-,-, -,-, -
02185400,SAINT AUGUSTINE COLLEGE,IL,606403593,Private-Nonprofit,13,13,41009,74,76090,5,5,28680,26,40286,-,-, -,-, -,-,-, -,-, -,-,-, -,-, -
02185800,MOLER BARBER COLLEGE,CA,946095719,Proprietary,127,128,347320,287,445383,126,127,467376,281,598509,-,-, -,-, -,2,2,13000,5,19000,-,-, -,-, -
02186000,UNIVERSITY OF CAMBRIDGE - MAGDALENE COLLEGE,,CB3   0AG,Foreign-Private,-,-, -,-, -,-,-, -,-, -,0,0,0,4,30891,-,-, -,-, -,0,0,0,2,32148
02186100,UNIVERSITY OF CAMBRIDGE - EMMANUEL COLLEGE,,CB2 3AP,Foreign-Private,-,-, -,-, -,-,-, -,-, -,0,0,0,4,40039,-,-, -,-, -,0,0,0,4,109127
02187900,ASHTABULA COUNTY TECHNICAL AND CAREER CAMPUS,OH,440479487,Public,15,15,41905,32,44617,19,19,72720,40,76583,-,-, -,-, -,-,-, -,-, -,-,-, -,-, -
02188300,PENTECOSTAL THEOLOGICAL SEMINARY,TN,373203330,Private-Nonprofit,-,-, -,-, -,-,-, -,-, -,4,4,13079,5,13079,-,-, -,-, -,-,-, -,-, -
02188900,HOBE SOUND BIBLE COLLEGE,FL,334557734,Private-Nonprofit,22,22,70880,41,70880,16,16,65146,28,65146,-,-, -,-, -,-,-, -,-, -,-,-, -,-, -
02189000,MID-EAST CAREER AND TECHNOLOGY CENTERS - ADULT EDUCATION,OH,437014600,Public,5,5,12132,95,76546,5,5,14186,98,103610,-,-, -,-, -,0,0,0,1,2874,-,-, -,-, -
02189100,CEM COLLEGE,PR,009261931,Proprietary,34,37,58196,116,114195,18,22,42132,70,87182,-,-, -,-, -,-,-, -,-, -,-,-, -,-, -
02190400,SCHILLING - DOUGLAS SCHOOL OF HAIR DESIGN,DE,197110000,Proprietary,39,39,88679,91,111416,37,37,122955,88,152272,-,-, -,-, -,1,1,4000,2,4000,-,-, -,-, -
02190700,FORTIS COLLEGE,OH,454592712,Proprietary,464,477,1216531,1728,1973517,417,435,1664932,1624,2766975,-,-, -,-, -,29,29,165773,94,241214,-,-, -,-, -
02192100,BUTLER TECHNOLOGY AND CAREER DEVELOPMENT SCHOOLS,OH,450502299,Public,44,44,115754,202,195920,55,57,206593,232,329048,-,-, -,-, -,4,4,24947,13,38957,-,-, -,-, -
02192200,THOMAS EDISON STATE UNIVERSITY,NJ,086081176,Public,216,216,504235,459,846084,232,234,878010,470,1386931,41,41,239651,135,721172,0,0,0,1,3000,5,5,24885,10,33762
02192800,WALNUT HILL COLLEGE,PA,191043596,Proprietary,61,61,267711,201,301462,70,70,237001,274,397421,-,-, -,-, -,17,18,241070,85,428005,-,-, -,-, -
02194800,"UNIVERSITY OF THE WEST OF ENGLAND, BRISTOL",,BS16 1QY,Foreign-Private,-,-, -,-, -,-,-, -,-, -,0,0,0,20,136162,-,-, -,-, -,1,1,7000,16,90998
02195100,UNIVERSITY OF WESTMINSTER,,W1B 2HW,Foreign-Private,1,1,3500,2,3500,0,0,0,1,1000,0,0,0,73,491903,-,-, -,-, -,1,1,5000,63,550027
02195800,LICEO DE ARTE Y TECNOLOGÍA,PR,009183429,Proprietary,28,28,82030,71,114237,18,18,57304,49,77082,-,-, -,-, -,-,-, -,-, -,-,-, -,-, -
02196300,COLLINS CAREER TECHNICAL CENTER,OH,456197962,Public,115,119,277072,294,376479,93,97,311293,252,461445,-,-, -,-, -,-,-, -,-, -,-,-, -,-, -
02196700,GUILDHALL SCHOOL OF MUSIC & DRAMA,,EC2Y  8DT,Foreign-Private,0,0,0,2,3668,0,0,0,3,4501,0,0,0,5,34170,0,0,0,2,20232,0,0,0,4,60994
02197900,NORTH BENNET STREET SCHOOL,MA,021090000,Private-Nonprofit,2,2,8000,6,11490,2,2,12000,6,18510,-,-, -,-, -,-,-, -,-, -,-,-, -,-, -
02198900,MICHIGAN SCHOOL OF PSYCHOLOGY,MI,483344512,Private-Nonprofit,-,-, -,-, -,-,-, -,-, -,8,8,92159,153,1321300,-,-, -,-, -,13,16,104855,119,1454161
02199300,ORLEANS NIAGARA BOCES,NY,141329466,Public,0,0,0,8,14000,0,0,0,7,17023,-,-, -,-, -,-,-, -,-, -,-,-, -,-, -
02199700,HERITAGE CHRISTIAN UNIVERSITY,AL,356306245,Private-Nonprofit,1,1,2750,2,2750,1,1,1000,2,1000,1,1,1474,2,1474,-,-, -,-, -,-,-, -,-, -
02202200,STYLEMASTERS COLLEGE OF HAIR DESIGN,WA,986323027,Proprietary,10,10,24135,19,27206,8,8,21996,15,24996,-,-, -,-, -,-,-, -,-, -,-,-, -,-, -
02202300,PITTSBURGH CAREER INSTITUTE,PA,152191907,Proprietary,104,110,316519,390,472948,109,121,368539,429,555168,-,-, -,-, -,21,23,145861,96,248490,-,-, -,-, -
02202400,UNIVERSITY OF AESTHETICS & COSMETOLOGY,AR,717303349,Proprietary,12,12,28059,26,34559,13,13,57596,27,63262,-,-, -,-, -,2,2,10684,4,10684,-,-, -,-, -
02202500,NEW ENGLAND TRACTOR TRAILER TRAINING SCHOOL OF CONNECTICUT,CT,060712036,Proprietary,436,436,1016747,996,1237834,429,450,1539586,1015,1862179,-,-, -,-, -,34,34,149227,78,172752,-,-, -,-, -
02202600,CANNELLA SCHOOL OF HAIR DESIGN,IL,601811321,Proprietary,5,5,4006,11,5656,1,1,3730,2,3730,-,-, -,-, -,-,-, -,-, -,-,-, -,-, -
02202700,OZARK CHRISTIAN COLLEGE,MO,648014804,Private-Nonprofit,2,2,2000,2,2000,3,3,10027,4,10027,-,-, -,-, -,2,2,7943,2,7943,-,-, -,-, -
02203300,GENE JUAREZ ACADEMY,WA,980035087,Proprietary,41,41,122244,116,189836,40,40,160952,128,256185,-,-, -,-, -,-,-, -,-, -,-,-, -,-, -
02203900,ERIE INSTITUTE OF TECHNOLOGY,PA,165651002,Proprietary,67,68,192725,225,272897,65,66,221387,220,288826,-,-, -,-, -,4,4,13634,14,28122,-,-, -,-, -
02204200,"CHATTANOOGA COLLEGE - MEDICAL, DENTAL AND TECHNICAL CAREERS",TN,374156906,Proprietary,63,64,169582,239,281438,64,64,189162,268,306044,-,-, -,-, -,4,4,18249,20,46387,-,-, -,-, -
02205000,COLLEGE OF WILMINGTON,NC,284030000,Proprietary,27,27,71519,70,104983,27,27,88030,83,150579,-,-, -,-, -,-,-, -,-, -,-,-, -,-, -
02206000,HUNTER BUSINESS SCHOOL,NY,117561331,Proprietary,176,177,538501,515,830217,202,203,887168,573,1260342,-,-, -,-, -,10,10,75572,30,124431,-,-, -,-, -
02206200,BEAUTY INSTITUTE (THE),PA,190024527,Proprietary,42,42,89368,96,119632,37,38,88516,91,126517,-,-, -,-, -,5,5,27000,12,35414,-,-, -,-, -
02206300,BEAUTY INSTITUTE (THE),PA,183601720,Proprietary,27,27,66399,59,83796,28,28,92793,60,109588,-,-, -,-, -,1,1,4400,4,13200,-,-, -,-, -
02207300,UNIVERSITY OF CAMBRIDGE - CHRIST'S COLLEGE,,CB2   3BU,Foreign-Private,-,-, -,-, -,-,-, -,-, -,0,0,0,6,58750,-,-, -,-, -,0,0,0,5,71285
02209200,DORSEY SCHOOL OF BEAUTY,MI,481801866,Proprietary,112,112,305050,233,369794,111,111,432718,232,532607,-,-, -,-, -,12,13,76803,34,109013,-,-, -,-, -
02209500,UNIVERSITEIT UTRECHT,,3584 CS,Foreign-Private,-,-, -,-, -,-,-, -,-, -,0,0,0,1,10250,-,-, -,-, -,0,0,0,1,6505
02210000,UNIVERSITY OF LONDON - LONDON SCHOOL OF HYGIENE & TROPICAL MEDICINE,,WC1E 7HT,Foreign-Private,-,-, -,-, -,-,-, -,-, -,1,1,6591,45,292099,-,-, -,-, -,1,1,4256,28,306067
02211000,SALON SUCCESS ACADEMY,CA,925064018,Proprietary,63,63,175507,145,215183,58,58,185928,184,238579,-,-, -,-, -,1,2,4424,6,8901,-,-, -,-, -
02211600,PAUL MITCHELL THE SCHOOL PORTSMOUTH,NH,038014084,Proprietary,21,21,64000,51,75505,24,26,83318,55,92318,-,-, -,-, -,2,2,13111,4,13111,-,-, -,-, -
02211900,CHEEKS BEAUTY ACADEMY,WY,820014413,Proprietary,39,39,113458,92,144067,31,31,75932,70,92202,-,-, -,-, -,-,-, -,-, -,-,-, -,-, -
02212300,UNIVERSITY OF CAMBRIDGE - ROBINSON COLLEGE,,CB3   9AN,Foreign-Private,-,-, -,-, -,-,-, -,-, -,0,0,0,1,6041,-,-, -,-, -,-,-, -,-, -
02212700,LANCASTER SCHOOL OF COSMETOLOGY & THERAPEUTIC BODYWORK,PA,176023222,Proprietary,32,32,49988,106,96488,34,34,76044,114,150732,-,-, -,-, -,-,-, -,-, -,-,-, -,-, -
02214100,OAK POINT UNIVERSITY,IL,606221711,Private-Nonprofit,218,220,961161,412,1098661,210,212,1116611,402,1287461,18,18,312650,40,375669,11,12,149062,21,167953,-,-, -,-, -
02217100,PIMA MEDICAL INSTITUTE,AZ,857122801,Proprietary,2501,2516,8532976,6245,12070191,2499,2576,11423610,6460,16020351,33,33,339199,81,402766,181,184,1332981,532,2142674,-,-, -,-, -
02218000,CARRINGTON COLLEGE,ID,837040000,Proprietary,405,408,1469974,1184,1754488,416,418,1931150,1192,2314482,-,-, -,-, -,25,25,320263,74,403851,-,-, -,-, -
02218300,SOUTHWEST SCHOOL OF BUSINESS & TECHNICAL CAREERS,TX,782211038,Proprietary,11,11,33939,28,47215,11,11,26046,28,38810,-,-, -,-, -,-,-, -,-, -,-,-, -,-, -
02218800,BROOKLINE COLLEGE,AZ,850215815,Proprietary,719,728,2539924,1735,3329510,699,715,3004709,1723,4063959,13,15,221406,36,274060,48,50,520859,123,710683,1,1,2688,2,2688
02219500,MILDRED ELLEY,NY,122061513,Proprietary,874,950,2654900,2039,3252203,825,899,3718645,1932,4542317,-,-, -,-, -,1,1,8816,4,15577,-,-, -,-, -
02220400,CATHERINE HINDS INSTITUTE OF ESTHETICS,MA,018016815,Proprietary,58,59,150327,150,195215,63,64,214472,159,269777,-,-, -,-, -,9,10,96215,27,122198,-,-, -,-, -
02220500,GOD'S BIBLE SCHOOL & COLLEGE,OH,452026899,Private-Nonprofit,4,4,7750,7,11750,2,2,2000,4,4550,-,-, -,-, -,-,-, -,-, -,-,-, -,-, -
02220800,CAREER & TECHNOLOGY EDUCATION CENTERS OF LICKING COUNTY,OH,430553399,Public,26,26,82501,68,113959,26,26,88767,66,127074,-,-, -,-, -,2,2,10609,6,19137,-,-, -,-, -
02222000,AMERICAN FILM INSTITUTE CONSERVATORY,CA,900271625,Private-Nonprofit,-,-, -,-, -,-,-, -,-, -,146,166,2742632,268,2742632,-,-, -,-, -,92,108,5383890,191,5383890
02222900,INTERNATIONAL AIR & HOSPITALITY ACADEMY,WA,986614835,Proprietary,83,84,193526,198,251352,81,83,257813,197,339335,-,-, -,-, -,19,20,130125,43,168930,-,-, -,-, -
02223700,ROBERT FIANCE BEAUTY SCHOOLS,NJ,070934623,Proprietary,44,44,97994,140,175531,43,43,130544,137,233053,-,-, -,-, -,8,8,31665,26,64442,-,-, -,-, -
02224600,TRI-STATE COSMETOLOGY INSTITUTE,TX,779354904,Proprietary,44,44,118574,112,155042,44,44,114063,120,158342,-,-, -,-, -,0,0,0,1,3015,-,-, -,-, -
02226000,EAST LOS ANGELES COLLEGE,CA,917546099,Public,35,35,122708,86,152851,27,27,91328,69,115303,-,-, -,-, -,-,-, -,-, -,-,-, -,-, -
02228100,STEVEN PAPAGEORGE HAIR ACADEMY,IL,606255103,Proprietary,5,5,13717,13,18967,6,6,24850,15,31850,-,-, -,-, -,-,-, -,-, -,-,-, -,-, -
02228500,LIFE CHIROPRACTIC COLLEGE WEST,CA,945452800,Private-Nonprofit,-,-, -,-, -,-,-, -,-, -,41,42,842521,433,4467857,-,-, -,-, -,78,98,672720,381,1917482
02229100,UNIVERSITY OF LEICESTER,,LE1 7RH,Foreign-Private,-,-, -,-, -,-,-, -,-, -,0,0,0,12,96872,-,-, -,-, -,0,0,0,11,151863
02229600,TEL AVIV UNIVERSITY SACKLER SCHOOL OF MEDICINE,,6997801,Foreign-Private,-,-, -,-, -,-,-, -,-, -,-,-, -,-, -,-,-, -,-, -,0,0,0,1,4000
02230500,OGLE SCHOOL HAIR SKIN NAILS,TX,761323638,Proprietary,274,275,623762,824,1082020,262,262,878969,803,1508977,-,-, -,-, -,20,20,138439,57,211243,-,-, -,-, -
02230600,OGLE SCHOOL HAIR SKIN NAILS,TX,760534650,Proprietary,377,381,780867,953,1150980,363,367,1097279,944,1646879,-,-, -,-, -,33,33,196215,98,334019,-,-, -,-, -
02231600,MGH INSTITUTE OF HEALTH PROFESSIONS,MA,021294557,Private-Nonprofit,43,43,209513,162,416006,38,38,206182,155,489382,360,360,7025256,913,9094589,1,1,84405,5,179798,250,252,7482621,634,9542669
02231900,GEMOLOGICAL INSTITUTE OF AMERICA,CA,920084602,Private-Nonprofit,17,17,46290,36,51679,17,17,64857,38,78698,-,-, -,-, -,-,-, -,-, -,-,-, -,-, -
02232100,UNIVERSITY OF CAMBRIDGE - HUGHES HALL,,CB1   2EW,Foreign-Private,-,-, -,-, -,-,-, -,-, -,0,0,0,3,30750,-,-, -,-, -,0,0,0,1,45385
02233300,"ST.  GEORGE'S UNIVERSITY, SCHOOL OF MEDICINE",,,Foreign-For-Profit,-,-, -,-, -,-,-, -,-, -,1393,1397,24622700,2024,25400538,-,-, -,-, -,1510,1674,57371258,1777,60563559
02234600,SHORE BEAUTY SCHOOL,NJ,082342621,Proprietary,36,36,57700,78,106704,35,35,78314,83,146740,-,-, -,-, -,0,0,0,6,8980,-,-, -,-, -
02235300,LONDON METROPOLITAN UNIVERSITY,,N7 8DB,Foreign-Private,0,0,0,1,1750,0,0,0,1,1000,0,0,0,20,132342,-,-, -,-, -,0,0,0,17,178221
02235600,ERIE 2 - CHAUTAUQUA - CATTARAUGUS BOCES,NY,140069621,Public,0,0,0,5,8750,0,0,0,5,9000,-,-, -,-, -,-,-, -,-, -,-,-, -,-, -
02235900,ACADEMY OF HAIR DESIGN # 4,MS,392083503,Proprietary,17,17,50750,44,73660,10,10,33166,24,41474,-,-, -,-, -,-,-, -,-, -,-,-, -,-, -
02237500,LAS VEGAS COLLEGE,NV,891135391,Proprietary,172,173,519000,684,882739,178,179,801874,698,1307706,-,-, -,-, -,6,6,50623,17,52318,-,-, -,-, -
02238100,NOVA ACADEMY OF COSMETOLOGY WOODBURY,MN,551252252,Proprietary,37,39,101656,92,132326,37,39,111729,89,136749,-,-, -,-, -,1,1,6000,3,12535,-,-, -,-, -
02238500,CENTRAL OKLAHOMA COLLEGE,OK,731346007,Proprietary,145,145,417688,604,625873,147,147,550732,733,851112,-,-, -,-, -,1,1,1329,11,22465,-,-, -,-, -
02241700,PJ'S COLLEGE OF COSMETOLOGY,IN,471292204,Proprietary,60,60,165571,134,191449,60,60,209990,130,246832,-,-, -,-, -,8,8,66000,20,71250,-,-, -,-, -
02241800,AMERICAN CAREER COLLEGE,CA,900046818,Proprietary,992,1004,3259695,3628,5664926,954,968,4064188,3501,7274086,-,-, -,-, -,134,137,1505740,446,2357117,-,-, -,-, -
02242400,HENRICO COUNTY-SAINT MARY'S HOSPITAL SCHOOL OF PRACTICAL NURSING,VA,232295513,Public,6,6,27000,6,13500,3,3,14000,3,7000,-,-, -,-, -,-,-, -,-, -,-,-, -,-, -
02242500,BASTYR UNIVERSITY,WA,980284966,Private-Nonprofit,6,6,18355,41,77665,5,5,10668,39,83041,115,115,1244916,381,4091296,-,-, -,-, -,18,21,189515,402,4108711
02242700,BERKELEY CITY COLLEGE,CA,947041183,Public,16,16,57250,36,59500,13,14,71000,32,74000,-,-, -,-, -,-,-, -,-, -,-,-, -,-, -
02244300,MISSISSIPPI BARBER ACADEMY,MS,392114052,Proprietary,45,45,136934,100,159934,34,34,118947,71,134614,-,-, -,-, -,-,-, -,-, -,-,-, -,-, -
02244400,AMERICAN UNIVERSITY OF THE CARIBBEAN,,,Foreign-For-Profit,-,-, -,-, -,-,-, -,-, -,622,622,6257592,985,9810303,-,-, -,-, -,668,674,17976473,1160,28149289
02244900,GOODWIN UNIVERSITY,CT,061189980,Private-Nonprofit,1054,1072,3180659,2267,4153239,1130,1172,4736332,2447,6220924,42,43,424785,99,591335,18,21,108402,26,118938,-,-, -,-, -
02245400,KEENE BEAUTY ACADEMY,NH,034311513,Proprietary,11,11,25748,28,38332,10,10,21483,25,35150,-,-, -,-, -,1,1,3920,4,18052,-,-, -,-, -
02245600,WARREN COUNTY CAREER CENTER,OH,450361099,Public,15,15,40175,36,51480,14,14,47833,40,84968,-,-, -,-, -,-,-, -,-, -,-,-, -,-, -
02246000,"ROSS UNIVERSITY, SCHOOL OF MEDICINE",,BB11093,Foreign-For-Profit,-,-, -,-, -,-,-, -,-, -,1068,1075,11113705,1842,18229874,-,-, -,-, -,1150,1165,31778085,2199,54477512
02246300,ROSS MEDICAL EDUCATION CENTER,OH,452463317,Proprietary,105,105,305716,256,409455,97,97,422531,246,581602,-,-, -,-, -,1,1,16694,2,16694,-,-, -,-, -
02247000,NEW ENGLAND SCHOOL OF HAIR DESIGN,NH,037842003,Proprietary,4,4,10995,8,10995,4,4,10220,8,10220,-,-, -,-, -,-,-, -,-, -,-,-, -,-, -
02248200,MILAN INSTITUTE OF COSMETOLOGY,NV,895025031,Proprietary,341,343,789416,817,1046599,324,325,1066901,794,1406197,-,-, -,-, -,32,32,145213,77,174081,-,-, -,-, -
02251200,SCHUYLKILL TECHNOLOGY CENTERS,PA,179312100,Public,16,16,48365,43,63695,16,16,87019,42,107378,-,-, -,-, -,-,-, -,-, -,-,-, -,-, -
02251600,ACADEMY OF HAIR DESIGN #6,MS,394017549,Proprietary,26,26,75343,57,93236,14,14,53170,35,66778,-,-, -,-, -,-,-, -,-, -,-,-, -,-, -
02251700,FOSTER'S COSMETOLOGY AND BARBER COLLEGE,MS,386630066,Proprietary,15,15,41767,31,42567,8,8,19149,16,19149,-,-, -,-, -,-,-, -,-, -,-,-, -,-, -
02253700,INTELLITEC COLLEGE,CO,809096096,Proprietary,170,171,443945,384,553608,165,166,574338,388,752812,-,-, -,-, -,2,2,11802,5,17305,-,-, -,-, -
02255400,TONI&GUY HAIRDRESSING ACADEMY,CA,900363901,Proprietary,46,46,101643,96,137213,43,43,128312,92,161229,-,-, -,-, -,3,3,22735,11,35782,-,-, -,-, -
02256200,BROKEN ARROW BEAUTY COLLEGE,OK,741332549,Proprietary,27,27,76250,65,93628,33,34,132587,80,155230,-,-, -,-, -,1,1,7117,3,9189,-,-, -,-, -
02257400,ARNOLD'S BEAUTY SCHOOL,TN,383582713,Proprietary,5,5,14000,12,17250,5,5,12166,13,15998,-,-, -,-, -,-,-, -,-, -,-,-, -,-, -
02257700,HAYS ACADEMY OF HAIR DESIGN,KS,676013685,Proprietary,40,43,130344,103,158546,41,45,129791,109,164533,-,-, -,-, -,5,5,40021,13,53221,-,-, -,-, -
02257900,INTERNATIONAL ACADEMY,FL,321193541,Proprietary,46,46,110883,110,147568,42,42,174163,102,229260,-,-, -,-, -,2,2,14500,4,20500,-,-, -,-, -
02258400,AVEDA ARTS & SCIENCES INSTITUTE BATON ROUGE,LA,708162246,Proprietary,83,84,248203,187,293591,89,90,261622,206,326847,-,-, -,-, -,4,4,16701,9,21203,-,-, -,-, -
02259400,AMBERTON UNIVERSITY,TX,750415511,Private-Nonprofit,17,19,49039,50,54239,19,20,67668,55,74918,158,177,1479430,597,1617186,-,-, -,-, -,2,2,8395,8,8395
02260200,DIESEL DRIVING ACADEMY,LA,711095209,Proprietary,96,103,206534,230,246746,95,101,326563,226,393493,-,-, -,-, -,4,4,17262,8,17262,-,-, -,-, -
02260600,NUC UNIVERSITY,PR,009602036,Proprietary,5040,5161,15405394,19821,21510295,4490,4600,18416478,17190,26100235,381,385,4727930,2162,7813270,100,103,473842,356,622697,1,1,17562,4,17562
02260800,HUERTAS COLLEGE,PR,007260000,Proprietary,8,8,28000,61,87041,10,10,45000,73,146068,-,-, -,-, -,-,-, -,-, -,-,-, -,-, -
02261200,G SKIN & BEAUTY INSTITUTE,IL,601953112,Proprietary,101,101,224746,238,288550,109,109,356636,252,449774,-,-, -,-, -,13,13,92811,32,115865,-,-, -,-, -
02262100,HAIR PROFESSIONALS SCHOOL OF COSMETOLOGY,IL,605439175,Proprietary,26,27,67164,64,91820,27,28,93682,70,124824,-,-, -,-, -,2,2,21549,6,30475,-,-, -,-, -
02262500,FAUST INSTITUTE OF COSMETOLOGY,IA,513601649,Proprietary,2,2,2510,3,3676,1,1,6500,4,9985,-,-, -,-, -,-,-, -,-, -,-,-, -,-, -
02263700,MIAMI VALLEY CAREER TECHNOLOGY CENTER,OH,453154531,Public,39,39,97427,88,113008,44,44,171398,97,192422,-,-, -,-, -,0,0,0,1,4898,-,-, -,-, -
02266400,CENTRAL CHRISTIAN COLLEGE OF THE BIBLE,MO,652701997,Private-Nonprofit,4,4,5947,4,5947,4,4,8849,5,10719,-,-, -,-, -,1,1,1500,1,1500,-,-, -,-, -
02266600,ST GEORGE'S HOSPITAL MEDICAL SCHOOL,,SW17  0RE,Foreign-Private,-,-, -,-, -,-,-, -,-, -,0,0,0,1,6834,-,-, -,-, -,0,0,0,1,14015
02267100,EXPOSITO SCHOOL OF HAIR DESIGN,TX,791093208,Proprietary,5,5,10333,13,15583,6,6,16344,15,23344,-,-, -,-, -,1,1,1615,2,1615,-,-, -,-, -
02267600,SOFIA UNIVERSITY,CA,943034624,Proprietary,2,2,11000,7,16836,2,2,12225,7,21894,5,5,76763,90,544380,-,-, -,-, -,7,7,78962,60,580276
02269700,AVEDA INSTITUTE MARYLAND,MD,210143639,Proprietary,43,43,105556,103,132800,40,40,104168,101,138783,-,-, -,-, -,10,10,72545,26,98772,-,-, -,-, -
02270500,BUCKS COUNTY SCHOOL OF BEAUTY CULTURE,PA,190537368,Proprietary,14,14,29518,37,44680,16,16,32915,42,54333,-,-, -,-, -,2,2,15557,4,15557,-,-, -,-, -
02270600,LIFE PACIFIC UNIVERSITY,CA,917733298,Private-Nonprofit,7,7,20323,25,43973,11,11,30144,28,44807,5,5,64492,17,117927,5,5,53814,10,53814,-,-, -,-, -
02270800,JOYCE UNIVERSITY OF NURSING AND HEALTH SCIENCES,UT,840206545,Proprietary,873,896,3057838,2132,4280744,925,945,4332837,2238,5991237,30,31,352712,68,398105,23,30,228540,68,332865,-,-, -,-, -
02271300,WISCONSIN SCHOOL OF PROFESSIONAL PSYCHOLOGY,WI,532254960,Private-Nonprofit,-,-, -,-, -,-,-, -,-, -,0,0,0,17,106683,-,-, -,-, -,9,9,89565,13,109632
02271800,UNIVERSITY OF OXFORD - CAMPION HALL,,0X1  1QS,Foreign-Private,-,-, -,-, -,-,-, -,-, -,0,0,0,1,6834,-,-, -,-, -,0,0,0,1,16271
02271900,UNIVERSITY OF OXFORD - BLACKFRIARS,,OX1   3LY,Foreign-Private,-,-, -,-, -,-,-, -,-, -,0,0,0,12,64918,-,-, -,-, -,0,0,0,10,143914
02272200,UNIVERSITY OF CAMBRIDGE - MURRAY EDWARDS COLLEGE,,CB3   0DF,Foreign-Private,-,-, -,-, -,-,-, -,-, -,0,0,0,2,20500,-,-, -,-, -,0,0,0,2,17845
02272400,EASTERN COLLEGE OF HEALTH VOCATIONS,AR,722053535,Proprietary,50,50,143400,120,178778,29,29,74450,66,92264,-,-, -,-, -,-,-, -,-, -,-,-, -,-, -
02272700,COLUMBIANA COUNTY VOCATIONAL SCHOOL DISTRICT,OH,444329585,Public,13,13,21166,26,21166,15,15,34774,30,34774,-,-, -,-, -,-,-, -,-, -,-,-, -,-, -
02272900,ROCKLAND COUNTY BOCES ADULT EDUCATION,NY,109941025,Public,12,12,9450,21,9450,15,15,17677,28,17677,-,-, -,-, -,-,-, -,-, -,-,-, -,-, -
02273400,RECONSTRUCTIONIST RABBINICAL COLLEGE,PA,190951898,Private-Nonprofit,-,-, -,-, -,-,-, -,-, -,1,1,7500,2,7500,-,-, -,-, -,0,0,0,1,8000
02273600,QUEEN'S UNIVERSITY OF BELFAST (THE),,BT7 1NN,Foreign-Private,-,-, -,-, -,-,-, -,-, -,2,2,15781,59,392396,0,0,0,1,4280,1,1,10131,48,413662
02273900,HERIOT-WATT UNIVERSITY,,EH14 4AS,Foreign-Private,1,1,5500,2,5500,1,1,7000,3,10750,2,2,41000,11,68836,-,-, -,-, -,1,1,5500,6,41499
02274100,LA' JAMES INTERNATIONAL COLLEGE - DES MOINES,IA,501318813,Proprietary,10,10,29877,31,51213,14,14,61705,40,89295,-,-, -,-, -,4,4,22843,10,31725,-,-, -,-, -
02274300,CONWAY SCHOOL OF LANDSCAPE DESIGN,MA,010603687,Private-Nonprofit,-,-, -,-, -,-,-, -,-, -,1,1,20500,2,20500,-,-, -,-, -,2,2,25600,4,25600
02275000,JENNY LEA ACADEMY OF COSMETOLOGY,TN,376014626,Proprietary,38,38,103170,99,128912,35,35,126298,89,148263,-,-, -,-, -,0,0,0,1,1783,-,-, -,-, -
02275100,CONCORDE CAREER INSTITUTE,FL,330250000,Proprietary,90,91,271142,304,424497,79,80,355885,290,574893,-,-, -,-, -,12,12,92712,41,139767,-,-, -,-, -
02275500,PAUL MITCHELL THE SCHOOL KNOXVILLE,TN,379192117,Proprietary,32,32,96117,92,148653,34,34,129460,91,190134,-,-, -,-, -,2,2,10191,4,10191,-,-, -,-, -
02275800,MR. LEON'S SCHOOL OF HAIR DESIGN,ID,838433040,Proprietary,0,0,0,5,6686,0,0,0,4,6863,-,-, -,-, -,-,-, -,-, -,-,-, -,-, -
02275900,MODERN WELDING SCHOOL,NY,123042033,Proprietary,9,9,25079,29,39998,10,10,36219,30,58383,-,-, -,-, -,1,1,9223,5,22443,-,-, -,-, -
02276800,WESTMINSTER THEOLOGICAL SEMINARY IN CALIFORNIA,CA,920274128,Private-Nonprofit,-,-, -,-, -,-,-, -,-, -,4,4,56505,11,77095,-,-, -,-, -,-,-, -,-, -
02276900,COMMUNITY COLLEGE OF AURORA,CO,800119036,Public,49,49,85442,113,140186,36,36,87009,95,175895,-,-, -,-, -,-,-, -,-, -,-,-, -,-, -
02277400,SOUTH COAST COLLEGE,CA,928688124,Proprietary,54,54,197201,292,355727,56,56,243316,314,472164,-,-, -,-, -,1,1,6275,9,20520,-,-, -,-, -
02277500,HOUSE OF HEAVILIN BEAUTY COLLEGE,MO,640143953,Proprietary,17,17,44709,50,75504,18,18,60675,60,110874,-,-, -,-, -,1,1,3426,4,8278,-,-, -,-, -
02277900,ROSS UNIVERSITY SCHOOL OF VETERINARY MEDICINE,,,Foreign-For-Profit,-,-, -,-, -,-,-, -,-, -,631,634,6543028,1169,11847042,-,-, -,-, -,639,640,15855467,1185,29201985
02278100,SANTA FE COMMUNITY COLLEGE,NM,875084887,Public,4,4,8500,10,14750,3,3,9250,9,15000,-,-, -,-, -,-,-, -,-, -,-,-, -,-, -
02278700,MISTER WAYNE'S SCHOOL OF UNISEX HAIR DESIGN,TN,385013139,Proprietary,7,7,22000,18,30750,7,7,22999,18,35999,-,-, -,-, -,-,-, -,-, -,-,-, -,-, -
02278800,SOUTHERN TECHNICAL COLLEGE,FL,339071157,Proprietary,499,512,1227081,1759,1969571,480,491,1547727,1665,2544497,-,-, -,-, -,6,6,38921,26,72654,-,-, -,-, -
02279600,CORTIVA INSTITUTE,FL,337133614,Proprietary,80,80,189111,177,238435,71,71,290196,165,362905,-,-, -,-, -,1,1,3485,3,6662,-,-, -,-, -
02280500,CHARLES OF ITALY BEAUTY COLLEGE,AZ,864035770,Proprietary,25,28,78344,65,94872,25,28,90708,59,98986,-,-, -,-, -,1,1,2500,2,2500,-,-, -,-, -
02280900,MID-ATLANTIC CHRISTIAN UNIVERSITY,NC,279094054,Private-Nonprofit,1,1,3500,2,3500,-,-, -,-, -,-,-, -,-, -,-,-, -,-, -,-,-, -,-, -
02282500,LENAPE TECHNICAL SCHOOL,PA,162261608,Public,38,38,114700,96,149298,47,47,200730,111,247257,-,-, -,-, -,2,2,4600,4,4600,-,-, -,-, -
02282700,INTER AMERICAN UNIVERSITY OF PUERTO RICO - GUAYAMA CAMPUS,PR,007854004,Private-Nonprofit,51,53,126124,82,150582,29,30,78883,56,121301,3,3,6700,3,6700,-,-, -,-, -,-,-, -,-, -
02282800,INTER AMERICAN UNIVERSITY OF PUERTO RICO - FAJARDO CAMPUS,PR,007387003,Private-Nonprofit,6,6,9700,6,9700,1,1,2600,1,2600,1,1,650,2,3484,-,-, -,-, -,-,-, -,-, -
02284200,NEW TYLER BARBER COLLEGE,AR,721144973,Proprietary,8,8,24750,16,24750,7,7,31500,14,31500,-,-, -,-, -,-,-, -,-, -,-,-, -,-, -
02284300,INTERACTIVE COLLEGE OF TECHNOLOGY,GA,303412818,Proprietary,193,196,492127,511,678913,158,174,275765,375,359751,-,-, -,-, -,8,8,40809,15,46614,-,-, -,-, -
02285000,PAUL MITCHELL THE SCHOOL HUNTSVILLE,AL,357580000,Proprietary,31,31,80654,76,113202,33,34,99033,91,143211,-,-, -,-, -,4,5,32544,15,56414,-,-, -,-, -
02285500,CREATIVE CIRCUS,GA,303244144,Proprietary,9,9,23169,42,57788,14,15,47468,59,106044,-,-, -,-, -,1,1,15091,9,44285,-,-, -,-, -
02285900,UCAS UNIVERSITY OF COSMETOLOGY ARTS & SCIENCES,TX,785040391,Proprietary,95,96,237288,255,364962,103,104,375518,258,482360,-,-, -,-, -,10,10,36721,22,49201,-,-, -,-, -
02287100,LA BELLE BEAUTY SCHOOL,FL,330123224,Proprietary,41,41,105168,94,134283,41,41,73942,94,94036,-,-, -,-, -,-,-, -,-, -,-,-, -,-, -
02287800,NATIONAL TRACTOR TRAILER SCHOOL,NY,130882505,Proprietary,90,90,181509,230,251883,88,88,285111,225,398431,-,-, -,-, -,4,4,15827,10,24719,-,-, -,-, -
02287900,RAPHAEL'S SCHOOL OF BEAUTY CULTURE,OH,444464613,Proprietary,80,80,239173,205,334216,74,75,233923,227,350542,-,-, -,-, -,-,-, -,-, -,-,-, -,-, -
02288400,GWINNETT TECHNICAL COLLEGE,GA,300435702,Public,272,282,597950,409,749969,221,227,600218,329,787731,-,-, -,-, -,-,-, -,-, -,-,-, -,-, -
02289000,AMERICAN HAIR ACADEMY,IA,526411856,Proprietary,9,9,23304,23,35827,8,8,14418,19,29411,-,-, -,-, -,1,1,1054,2,1054,-,-, -,-, -
02290400,ALTOONA BEAUTY SCHOOL,PA,166026039,Proprietary,19,19,33753,44,40828,19,19,45447,46,63585,-,-, -,-, -,1,1,8400,2,8400,-,-, -,-, -
02292700,LANSDALE SCHOOL OF COSMETOLOGY,PA,194462003,Proprietary,4,4,7000,10,9482,7,7,17150,16,20168,-,-, -,-, -,-,-, -,-, -,-,-, -,-, -
02293400,ECOLE DES HAUTES ETUDES COMMERCIALES,,78351,Foreign-Private,-,-, -,-, -,-,-, -,-, -,0,0,0,12,82006,-,-, -,-, -,0,0,0,12,305064
02296300,UNIVERSITY OF CAMBRIDGE - JESUS COLLEGE,,CB5   8BL,Foreign-Private,-,-, -,-, -,-,-, -,-, -,0,0,0,4,29298,-,-, -,-, -,1,1,6544,5,44778
02297500,OEHRLEIN SCHOOL OF COSMETOLOGY,IL,616112804,Proprietary,5,5,13750,18,27468,6,6,18166,22,37403,-,-, -,-, -,0,0,0,4,18921,-,-, -,-, -
02297700,AUTOMECA TECHNICAL COLLEGE,PR,009570000,Proprietary,69,69,180161,240,250186,22,22,81300,85,113296,-,-, -,-, -,0,0,0,5,16667,-,-, -,-, -
02297800,PAUL MITCHELL THE SCHOOL RAPID CITY,SD,577012733,Proprietary,17,17,47082,40,58717,19,19,49304,43,63211,-,-, -,-, -,1,1,6000,3,10000,-,-, -,-, -
02298000,DESIGN INSTITUTE OF SAN DIEGO,CA,921212685,Proprietary,21,21,80118,37,84368,20,20,79952,36,87702,2,2,41000,6,51250,6,6,97188,15,116771,-,-, -,-, -
02299300,TRINITY EPISCOPAL SCHOOL FOR MINISTRY,PA,150032397,Private-Nonprofit,-,-, -,-, -,-,-, -,-, -,3,3,6166,3,6166,-,-, -,-, -,-,-, -,-, -
02301400,EAST OHIO COLLEGE,OH,439209139,Proprietary,77,78,262324,233,352875,73,74,270698,222,355824,-,-, -,-, -,8,9,54742,27,58068,-,-, -,-, -
02302800,HATFIELD'S MISSISSIPPI COLLEGE OF BEAUTY CULTURE,MS,394406605,Proprietary,16,16,44102,44,63602,15,17,61063,43,68437,-,-, -,-, -,1,1,7700,2,7700,-,-, -,-, -
02304300,"PLATT COLLEGE, SAN DIEGO",CA,921153979,Proprietary,25,27,70104,63,96533,21,29,67778,69,90920,-,-, -,-, -,6,6,31788,17,54372,-,-, -,-, -
02304700,TRI-RIVERS CAREER CENTER,OH,433028913,Public,14,14,30020,68,65785,12,12,34774,60,82992,-,-, -,-, -,-,-, -,-, -,-,-, -,-, -
02304800,PJ'S COLLEGE OF COSMETOLOGY,IN,473743103,Proprietary,16,16,48554,43,65318,15,15,60224,42,86533,-,-, -,-, -,3,3,27000,6,27000,-,-, -,-, -
02305300,PARKER UNIVERSITY,TX,752295609,Private-Nonprofit,184,185,566861,296,622310,195,197,785364,313,875756,694,698,21562024,1850,29398358,2,2,16372,6,35372,347,370,4659531,755,5716142
02305800,FLORIDA CAREER COLLEGE,FL,331742521,Proprietary,1981,1987,5225343,5135,8168653,1727,1732,6807714,4776,11126937,-,-, -,-, -,196,196,1479135,529,2366693,-,-, -,-, -
02306200,VENANGO COUNTY AREA VOCATIONAL TECHNICAL SCHOOL,PA,163013501,Public,0,0,0,24,25087,0,0,0,21,27349,-,-, -,-, -,0,0,0,1,3571,-,-, -,-, -
02306700,FORT WORTH BEAUTY SCHOOL,TX,760487601,Proprietary,19,19,47682,41,59930,18,20,58576,41,79426,-,-, -,-, -,-,-, -,-, -,-,-, -,-, -
02306800,MILLER-MOTTE COLLEGE,TN,374212569,Proprietary,3055,3124,7866872,9945,11569566,2900,3025,10260222,9604,14956952,-,-, -,-, -,131,134,484731,461,740436,-,-, -,-, -
02306900,IOWA SCHOOL OF BEAUTY,IA,525012312,Proprietary,2,2,4000,2,4000,2,2,4000,2,4000,-,-, -,-, -,-,-, -,-, -,-,-, -,-, -
02309100,AMERICAN COLLEGE OF HAIR DESIGN,MO,653012144,Proprietary,1,1,3500,2,3500,1,1,1079,2,1079,-,-, -,-, -,-,-, -,-, -,-,-, -,-, -
02310500,DE MONTFORT UNIVERSITY,,LE1 9BH,Foreign-Private,0,0,0,6,20080,0,0,0,1,1000,0,0,0,4,27332,0,0,0,2,21284,0,0,0,2,21859
02310800,LANCASTER COUNTY CAREER AND TECHNOLOGY CENTER,PA,175840527,Public,66,66,190888,173,265760,65,65,215269,173,311631,-,-, -,-, -,1,1,13659,3,13659,-,-, -,-, -
02312000,BERGEN COUNTY TECHNICAL SCHOOLS,NJ,076016195,Public,12,12,29735,22,36735,14,14,57930,27,72470,-,-, -,-, -,-,-, -,-, -,-,-, -,-, -
02313000,CASS CAREER CENTER,MO,647012087,Public,1,1,2178,17,16803,0,0,0,15,17433,-,-, -,-, -,-,-, -,-, -,-,-, -,-, -
02314000,NATHAN LAYNE INSTITUTE OF COSMETOLOGY,ID,832023110,Proprietary,23,23,65861,48,75195,21,21,77114,46,86448,-,-, -,-, -,-,-, -,-, -,-,-, -,-, -
02314100,SCHILLER INTERNATIONAL UNIVERSITY,FL,336024719,Proprietary,10,10,43371,28,59489,12,12,57122,28,67240,3,3,31008,8,47418,0,0,0,2,13606,-,-, -,-, -
02314200,EMPIRE BEAUTY SCHOOL,NY,105663805,Proprietary,13,13,17161,33,31161,14,14,34162,36,50092,-,-, -,-, -,2,2,14300,6,21550,-,-, -,-, -
02315400,NORTHEAST TEXAS COMMUNITY COLLEGE,TX,754560000,Public,29,29,67840,109,109123,26,26,82491,101,141075,-,-, -,-, -,-,-, -,-, -,-,-, -,-, -
02315500,TOLEDO ACADEMY OF BEAUTY,OH,436163313,Proprietary,21,21,41686,39,41686,20,20,62473,38,62473,-,-, -,-, -,-,-, -,-, -,-,-, -,-, -
02316600,CORTIVA INSTITUTE,CT,064161649,Proprietary,64,64,124839,162,172217,65,65,192140,163,268189,-,-, -,-, -,2,2,11450,6,15250,-,-, -,-, -
02317200,MARANATHA BAPTIST UNIVERSITY,WI,530947638,Private-Nonprofit,9,10,28352,10,28352,5,5,16379,5,16379,5,5,35460,6,38860,-,-, -,-, -,-,-, -,-, -
02317300,TRICOCI UNIVERSITY OF BEAUTY CULTURE,IL,618013214,Proprietary,59,59,147591,128,164965,55,55,176480,127,192120,-,-, -,-, -,3,3,28910,6,28910,-,-, -,-, -
02318200,KD CONSERVATORY COLLEGE OF FILM AND DRAMATIC ARTS,TX,752072111,Proprietary,45,46,162590,113,210064,46,49,192801,117,248051,-,-, -,-, -,9,9,83272,24,113731,-,-, -,-, -
02319200,LAKE FOREST GRADUATE SCHOOL OF MANAGEMENT,IL,600454824,Private-Nonprofit,-,-, -,-, -,3,3,14581,5,14581,12,14,162019,75,234987,-,-, -,-, -,-,-, -,-, -
02320200,HOUSTON GRADUATE SCHOOL OF THEOLOGY,TX,770353602,Private-Nonprofit,-,-, -,-, -,-,-, -,-, -,1,1,20500,18,85160,-,-, -,-, -,3,3,16524,3,16524
02320500,ROYAL NORTHERN COLLEGE OF MUSIC,,M13 9RD,Foreign-Private,0,0,0,2,2332,0,0,0,2,1332,0,0,0,4,27336,0,0,0,2,25026,0,0,0,2,15064
02320900,TIDEWATER TECH,VA,235021613,Proprietary,182,188,471881,434,622555,167,169,581894,403,783414,-,-, -,-, -,11,11,88213,23,96423,-,-, -,-, -
02323000,MISSIO THEOLOGICAL SEMINARY,PA,191233924,Private-Nonprofit,-,-, -,-, -,-,-, -,-, -,2,2,30750,3,30750,-,-, -,-, -,-,-, -,-, -
02323300,PROFESSIONAL'S CHOICE HAIR DESIGN ACADEMY,IL,604356434,Proprietary,6,6,16169,13,17919,6,6,18501,12,21501,-,-, -,-, -,1,1,10000,2,10000,-,-, -,-, -
02324500,MICHIGAN COLLEGE OF BEAUTY-MONROE,MI,481613901,Proprietary,32,32,81455,81,104953,38,46,103303,113,135147,-,-, -,-, -,0,0,0,1,2763,-,-, -,-, -
02325100,KEY COLLEGE,FL,333061801,Proprietary,2,2,10000,10,15000,2,2,12445,10,18927,-,-, -,-, -,-,-, -,-, -,-,-, -,-, -
02326000,UCAS UNIVERSITY OF COSMETOLOGY ARTS & SCIENCES,TX,782016530,Proprietary,6,6,11020,15,19476,4,4,14552,13,24028,-,-, -,-, -,0,0,0,1,3103,-,-, -,-, -
02326800,MERIDIAN COLLEGE,FL,342408478,Proprietary,141,141,419734,518,727428,143,145,549673,520,984198,-,-, -,-, -,8,9,46042,29,84085,-,-, -,-, -
02326900,AVEDA INSTITUTE - FORT MYERS,FL,339071415,Proprietary,65,65,143278,153,225409,63,63,139096,151,243173,-,-, -,-, -,6,6,12596,10,17644,-,-, -,-, -
02328500,MOLER - PICKENS BEAUTY COLLEGE,OH,450144260,Proprietary,28,28,69820,56,74152,26,26,92420,52,107578,-,-, -,-, -,-,-, -,-, -,-,-, -,-, -
02328900,EMMAUS BIBLE COLLEGE,IA,520013096,Private-Nonprofit,2,2,10500,5,12700,3,3,13855,7,15880,-,-, -,-, -,0,0,0,2,5650,-,-, -,-, -
02330300,LEBANON COUNTY CAREER AND TECHNOLOGY CENTER,PA,170429197,Public,1,1,1750,13,15852,2,2,2217,17,26489,-,-, -,-, -,-,-, -,-, -,-,-, -,-, -
02330500,LAGUNA COLLEGE OF ART AND DESIGN,CA,926511136,Private-Nonprofit,6,6,6000,12,6000,1,1,2000,2,2000,-,-, -,-, -,2,2,35401,4,35401,-,-, -,-, -
02330600,PENNSYLVANIA GUNSMITH SCHOOL,PA,152022637,Proprietary,7,7,28500,20,40500,8,8,28000,25,47315,-,-, -,-, -,3,3,48500,10,90350,-,-, -,-, -
02330800,JEFFERSON REGIONAL SCHOOL OF NURSING,AR,716036301,Private-Nonprofit,10,11,35226,27,43325,8,8,35851,23,57002,-,-, -,-, -,-,-, -,-, -,-,-, -,-, -
02331000,MARYLAND BEAUTY ACADEMY OF ESSEX,MD,212242148,Proprietary,7,7,20700,17,27408,7,7,23362,18,29788,-,-, -,-, -,-,-, -,-, -,-,-, -,-, -
02331200,BAPTIST MISSIONARY ASSOCIATION THEOLOGICAL SEMINARY,TX,757665407,Private-Nonprofit,0,0,0,1,875,0,0,0,4,6418,0,0,0,1,1125,-,-, -,-, -,-,-, -,-, -
02331300,INTERACTIVE COLLEGE OF TECHNOLOGY,TX,775021201,Proprietary,54,54,116985,112,148713,25,26,35064,56,41467,-,-, -,-, -,1,1,7848,2,7848,-,-, -,-, -
02332200,HAIR PROFESSIONALS CAREER COLLEGE,IL,601783164,Proprietary,16,16,39723,37,50544,15,15,53981,34,63124,-,-, -,-, -,0,0,0,3,11886,-,-, -,-, -
02332800,CENTER FOR EMPLOYMENT TRAINING,CA,951102940,Private-Nonprofit,203,203,617357,523,841079,189,189,735414,518,1024843,-,-, -,-, -,25,25,121271,68,153187,-,-, -,-, -
02333000,HAIR ACADEMY,MD,207843002,Proprietary,149,149,266370,273,324477,139,139,445697,273,532521,-,-, -,-, -,3,3,12000,8,16000,-,-, -,-, -
02334300,EMPIRE BEAUTY SCHOOL,OH,452393926,Proprietary,56,56,137663,124,189639,52,52,172511,118,244500,-,-, -,-, -,7,7,40995,14,49107,-,-, -,-, -
02334400,CENTURA COLLEGE,VA,233202882,Proprietary,471,493,1257045,1180,1633697,427,436,1627374,1064,2112616,-,-, -,-, -,13,13,69474,32,107986,-,-, -,-, -
02335100,UNIVERSITY OF CAMBRIDGE - TRINITY HALL,,CB2   1TJ,Foreign-Private,-,-, -,-, -,-,-, -,-, -,0,0,0,2,20500,-,-, -,-, -,0,0,0,2,33166
02335500,THEOLOGICAL UNIVERSITY OF THE CARIBBEAN,PR,009780901,Private-Nonprofit,3,3,6334,7,11834,-,-, -,-, -,0,0,0,2,3667,-,-, -,-, -,-,-, -,-, -
02335700,BATON ROUGE GENERAL MEDICAL CENTER,LA,708063820,Private-Nonprofit,1,1,1750,1,1750,2,2,8250,2,8250,-,-, -,-, -,-,-, -,-, -,-,-, -,-, -
02336300,KNOX COUNTY CAREER CENTER,OH,430504298,Public,4,4,10196,24,37740,3,3,6666,21,43832,-,-, -,-, -,-,-, -,-, -,-,-, -,-, -
02336700,CUYAHOGA VALLEY CAREER CENTER,OH,441411296,Public,4,4,11673,11,18173,6,6,24355,15,28001,-,-, -,-, -,-,-, -,-, -,-,-, -,-, -
02337200,PJ'S COLLEGE OF COSMETOLOGY,KY,421013759,Proprietary,82,82,228917,195,289151,82,82,275862,193,344300,-,-, -,-, -,9,9,59100,18,59100,-,-, -,-, -
02337400,BANCROFT SCHOOL OF MASSAGE THERAPY,MA,016044614,Proprietary,5,5,12870,14,18470,5,5,22033,14,31578,-,-, -,-, -,-,-, -,-, -,-,-, -,-, -
02337700,PROFESSIONAL SKILLS INSTITUTE,OH,435372901,Proprietary,124,124,317348,511,610220,139,139,561854,543,990997,-,-, -,-, -,5,5,31523,26,87150,-,-, -,-, -
02337900,COLLEGE OF HAIR DESIGN CAREERS,OR,973011952,Proprietary,17,18,47732,40,65312,19,20,86584,43,98148,-,-, -,-, -,1,1,10000,2,10000,-,-, -,-, -
02338400,FORT PIERCE BEAUTY ACADEMY,FL,349820000,Proprietary,69,69,152094,162,209357,67,67,167387,159,254477,-,-, -,-, -,8,8,27482,19,31482,-,-, -,-, -
02338500,GLENDALE CAREER COLLEGE,CA,912031207,Proprietary,539,544,1910923,1340,2559432,539,548,2557122,1359,3494277,-,-, -,-, -,36,36,410810,84,546203,-,-, -,-, -
02338600,CHARZANNE BEAUTY COLLEGE,SC,296498520,Proprietary,16,16,42750,32,54375,17,17,67833,34,85458,-,-, -,-, -,1,1,9000,2,9000,-,-, -,-, -
02338900,UNIVERSITY FOR THE CREATIVE ARTS,,GU9 7DS,Foreign-Private,0,0,0,9,12576,0,0,0,9,7989,0,0,0,2,10165,0,0,0,5,76405,0,0,0,2,26983
02339400,ROB ROY ACADEMY,MA,027462114,Proprietary,2,2,3610,5,7110,2,2,8000,5,11000,-,-, -,-, -,-,-, -,-, -,-,-, -,-, -
02339600,ROGERS ACADEMY OF HAIR DESIGN,IN,477081445,Proprietary,34,35,99625,79,125125,37,39,130017,91,167960,-,-, -,-, -,4,4,26330,9,28496,-,-, -,-, -
02339700,ROSS MEDICAL EDUCATION CENTER,MI,481167402,Proprietary,494,513,1250799,1257,1648700,395,408,1535304,1030,2037576,-,-, -,-, -,0,0,0,2,5645,-,-, -,-, -
02340500,ST. LOUIS COLLEGE OF HEALTH CAREERS,MO,630261909,Proprietary,212,213,655369,513,896573,206,207,800247,552,1097057,6,6,91086,15,99103,7,7,57953,20,67215,-,-, -,-, -
02340800,PAUL MITCHELL THE SCHOOL LEXINGTON,KY,405141545,Proprietary,56,60,163268,133,200452,58,62,173823,134,216102,-,-, -,-, -,6,6,54009,16,66512,-,-, -,-, -
02341000,FORTIS COLLEGE,AL,366083712,Proprietary,416,420,1010825,1316,1460902,404,415,1419536,1294,2040836,-,-, -,-, -,40,40,199266,113,246524,-,-, -,-, -
02341100,KENNETH SHULER SCHOOL OF COSMETOLOGY & NAILS,SC,292107306,Proprietary,216,218,510942,530,682009,201,203,654121,552,896271,-,-, -,-, -,33,33,213186,89,279535,-,-, -,-, -
02341300,PALO ALTO COLLEGE,TX,782242499,Public,26,27,42585,55,43460,37,41,69565,83,71065,-,-, -,-, -,-,-, -,-, -,-,-, -,-, -
02341700,CAREER ACADEMY OF HAIR DESIGN,AR,727647128,Proprietary,67,67,169720,179,237124,67,67,186474,172,264419,-,-, -,-, -,3,3,12523,10,18195,-,-, -,-, -
02343400,BELLUS ACADEMY,CA,920644633,Proprietary,155,156,425942,390,585999,153,153,490567,387,668794,-,-, -,-, -,11,11,66272,34,104812,-,-, -,-, -
02343800,MONTGOMERY BEAUTY SCHOOL,MD,209013905,Proprietary,116,120,263660,262,355700,111,114,365389,250,481516,-,-, -,-, -,9,9,25280,20,35280,-,-, -,-, -
02348500,LAMAR STATE COLLEGE - PORT ARTHUR,TX,776406604,Public,19,19,48058,37,48058,15,16,28232,32,28232,-,-, -,-, -,-,-, -,-, -,-,-, -,-, -
02349200,HEADMASTERS SCHOOL OF HAIR DESIGN,ID,835011834,Proprietary,11,11,28160,58,43328,11,11,51061,63,79704,-,-, -,-, -,-,-, -,-, -,-,-, -,-, -
02349500,CANNELLA SCHOOL OF HAIR DESIGN,IL,606322549,Proprietary,3,3,8323,9,11224,-,-, -,-, -,-,-, -,-, -,-,-, -,-, -,-,-, -,-, -
02350100,WESTERN AREA CAREER & TECHNOLOGY CENTER,PA,153171445,Public,0,0,0,17,27830,0,0,0,18,46615,-,-, -,-, -,-,-, -,-, -,-,-, -,-, -
02350200,INDIANA COUNTY TECHNOLOGY CENTER,PA,157011465,Public,14,14,40343,44,58351,21,21,80003,58,109215,-,-, -,-, -,-,-, -,-, -,-,-, -,-, -
02351500,NORTHERN CAREER INSTITUTE,OH,440952604,Public,5,5,8273,26,35498,7,7,19481,34,74621,-,-, -,-, -,-,-, -,-, -,-,-, -,-, -
02351700,PAUL MITCHELL THE SCHOOL - LOUISVILLE,KY,402220000,Proprietary,56,57,165601,152,235129,55,56,149448,154,218947,-,-, -,-, -,4,4,18292,13,36850,-,-, -,-, -
02351800,UNIVERSIDAD IBEROAMERICANA (UNIBE),,,Foreign-Private,8,8,36000,20,43650,8,8,19000,19,24000,14,14,272200,58,580575,5,5,156000,13,197100,13,13,214565,57,520440
02352100,UNIVERSITY OF PLYMOUTH,,PL4 8AA,Foreign-Private,-,-, -,-, -,-,-, -,-, -,0,0,0,8,51171,-,-, -,-, -,0,0,0,6,56018
02352800,POLARIS CAREER CENTER - ADULT EDUCATION DEPARTMENT,OH,441303342,Public,1,1,1173,25,32563,3,3,8770,25,36078,-,-, -,-, -,-,-, -,-, -,-,-, -,-, -
02353100,NORTHERN TIER CAREER CENTER,PA,188488095,Public,13,13,28426,26,28426,14,15,37500,30,37500,-,-, -,-, -,3,3,12691,6,12691,-,-, -,-, -
02354200,SCIOTO COUNTY CAREER TECHNICAL CENTER,OH,456480000,Public,27,27,78524,72,115356,43,46,211164,118,283351,-,-, -,-, -,1,1,7376,2,7376,-,-, -,-, -
02356600,CHARLESTON COSMETOLOGY INSTITUTE,SC,294207319,Proprietary,49,49,109727,97,120737,47,47,101179,95,113715,-,-, -,-, -,-,-, -,-, -,-,-, -,-, -
02357700,PAUL MITCHELL THE SCHOOL HOUSTON,TX,770433412,Proprietary,143,143,317592,352,446557,136,136,346027,332,495919,-,-, -,-, -,9,9,48951,20,54992,-,-, -,-, -
02358000,THOMAS AQUINAS COLLEGE,CA,930609622,Private-Nonprofit,1,1,5500,3,8250,6,6,22719,12,22719,-,-, -,-, -,2,2,13843,4,13843,-,-, -,-, -
02358200,LAMAR STATE COLLEGE - ORANGE,TX,776305899,Public,1,1,2250,1,2250,1,1,3089,1,3089,-,-, -,-, -,-,-, -,-, -,-,-, -,-, -
02358500,BON SECOURS ST MARY'S HOSPITAL SCHOOL OF MEDICAL IMAGING,VA,232274612,Private-Nonprofit,2,2,9000,4,9000,1,1,10500,2,10500,-,-, -,-, -,-,-, -,-, -,-,-, -,-, -
02358600,STAGE ONE THE HAIR SCHOOL,LA,706051625,Proprietary,29,29,84759,64,101009,31,35,77033,78,87019,-,-, -,-, -,2,2,8747,5,9848,-,-, -,-, -
02359300,SHASTA BIBLE COLLEGE AND GRADUATE SCHOOL,CA,960021544,Private-Nonprofit,1,1,2750,2,2750,0,0,0,1,1000,0,0,0,1,2800,-,-, -,-, -,-,-, -,-, -
02360800,PROVO COLLEGE,UT,846011305,Proprietary,327,331,1273260,857,1805918,319,326,1358916,860,1960605,0,0,0,7,68139,5,6,92684,17,129912,0,0,0,3,21428
02361400,COLLIN COUNTY COMMUNITY COLLEGE DISTRICT,TX,750690000,Public,425,434,1109789,868,1117740,226,236,696837,471,699263,-,-, -,-, -,6,7,62433,14,62433,-,-, -,-, -
02361600,CONCORDE CAREER COLLEGE,MO,641144855,Proprietary,407,408,1329793,1272,1848205,411,412,1973984,1329,2731859,-,-, -,-, -,31,32,366047,135,721568,-,-, -,-, -
02362000,UNIVERSAL TECHNICAL INSTITUTE,TX,770739982,Proprietary,2042,2071,7116976,5035,9055766,2048,2068,6990338,5095,8932159,-,-, -,-, -,872,891,7339339,2502,9385348,-,-, -,-, -
02362100,FULL SAIL UNIVERSITY,FL,327927427,Proprietary,9714,9779,34210544,23644,45887167,9457,9517,40545868,22810,53869075,549,554,9468715,1066,11393256,901,918,15678509,2309,20252591,71,76,979810,185,1278162
02362300,MERCER COUNTY CAREER CENTER,PA,161370000,Public,2,2,6030,4,6030,-,-, -,-, -,-,-, -,-, -,-,-, -,-, -,-,-, -,-, -
02363500,ARTHUR'S BEAUTY COLLEGE,AR,724016198,Proprietary,32,32,96118,76,119868,33,33,127175,79,150273,-,-, -,-, -,-,-, -,-, -,-,-, -,-, -
02453500,MEDICAL COLLEGE OF WISCONSIN,WI,532260509,Private-Nonprofit,-,-, -,-, -,-,-, -,-, -,890,899,35458994,1735,35458994,-,-, -,-, -,735,928,18623931,1710,18623931
02454400,NORTHEAST OHIO MEDICAL UNIVERSITY,OH,442729621,Public,-,-, -,-, -,-,-, -,-, -,83,85,898086,85,898086,-,-, -,-, -,57,58,461424,59,461424
02460000,UNIVERSITY OF PUERTO RICO - MEDICAL SCIENCE CAMPUS,PR,009360000,Public,2,2,4700,8,17672,-,-, -,-, -,23,23,267297,174,793089,-,-, -,-, -,4,4,21897,16,40543
02482100,MOREHOUSE SCHOOL OF MEDICINE,GA,303101495,Private-Nonprofit,-,-, -,-, -,-,-, -,-, -,142,148,2734980,363,2749980,-,-, -,-, -,135,157,4947398,387,4947398
02482400,PONCE HEALTH SCIENCES UNIVERSITY,PR,007162347,Proprietary,2,2,5000,9,14083,2,2,4000,7,9091,20,21,118699,57,378607,-,-, -,-, -,62,63,289750,73,342924
02482700,WESTERN UNIVERSITY OF HEALTH SCIENCES,CA,917661854,Private-Nonprofit,-,-, -,-, -,-,-, -,-, -,633,693,25102627,1768,27869056,-,-, -,-, -,614,1066,21403447,2544,26669542
02491000,WEST MICHIGAN COLLEGE OF BARBERING AND BEAUTY,MI,490080000,Proprietary,11,11,35250,25,47492,10,10,31334,22,46134,-,-, -,-, -,1,1,8000,2,8000,-,-, -,-, -
02491100,BECKFIELD COLLEGE,KY,410421466,Proprietary,505,540,1606552,1763,2180019,519,547,2237283,1769,2978423,-,-, -,-, -,17,17,96294,69,155491,-,-, -,-, -
02492600,EASTERN CENTER FOR ARTS AND TECHNOLOGY-PRACTICAL NURSING,PA,190901488,Public,30,30,90150,96,151227,21,21,88850,75,178857,-,-, -,-, -,-,-, -,-, -,-,-, -,-, -
02494700,BALTIMORE STUDIO OF HAIR DESIGN,MD,212013420,Proprietary,18,18,40944,34,52944,16,16,58273,30,71639,-,-, -,-, -,-,-, -,-, -,-,-, -,-, -
02494800,CR'U INSTITUTE OF COSMETOLOGY AND BARBERING,CA,928454321,Proprietary,42,42,115976,89,137244,41,41,127472,118,160769,-,-, -,-, -,3,3,21096,8,24610,-,-, -,-, -
02495500,ALL-STATE CAREER SCHOOL,PA,190290000,Proprietary,334,340,697395,906,963546,310,316,1023821,862,1430021,-,-, -,-, -,37,38,178426,117,267161,-,-, -,-, -
02496700,NATIONAL FILM & TELEVISION SCHOOL,,HP9 1LG,Foreign-Private,-,-, -,-, -,-,-, -,-, -,0,0,0,7,71748,-,-, -,-, -,0,0,0,6,88650
02497300,MILAN INSTITUTE,CA,932779535,Proprietary,183,185,547332,445,736893,181,183,607901,448,802581,-,-, -,-, -,14,14,80834,38,118353,-,-, -,-, -
02497500,CLINTON TECHNICAL SCHOOL,MO,647352966,Public,1,1,3500,11,18375,1,1,6000,11,24000,-,-, -,-, -,0,0,0,1,700,-,-, -,-, -
02498200,G SKIN & BEAUTY INSTITUTE,IL,605231805,Proprietary,82,82,202572,235,325091,80,80,276876,234,452092,-,-, -,-, -,14,14,103999,39,156156,-,-, -,-, -
02499000,ACADEMY OF COSMETOLOGY,FL,329533311,Proprietary,35,35,73479,69,85723,35,35,85177,72,101729,-,-, -,-, -,-,-, -,-, -,-,-, -,-, -
02500000,SAN JOAQUIN COLLEGE OF LAW,CA,936121312,Private-Nonprofit,-,-, -,-, -,-,-, -,-, -,79,79,1584028,232,1584028,-,-, -,-, -,33,33,936708,102,948981
02503400,AMRIDGE UNIVERSITY,AL,361173553,Private-Nonprofit,28,28,87389,170,229222,32,32,122992,175,325520,25,25,215823,228,1134802,1,1,7892,6,28693,15,15,128809,109,775617
02504200,WALDEN UNIVERSITY,MN,554012511,Proprietary,1927,1989,6121662,7022,9289503,2021,2073,9940127,7162,14981175,10059,10152,147660276,40536,247867585,7,7,26039,16,32995,2112,2217,29638211,8503,50905725
02505400,ATLANTIC UNIVERSITY,PR,009700000,Private-Nonprofit,9,10,25861,32,34039,0,0,0,1,1000,4,4,7960,12,13337,-,-, -,-, -,7,7,13362,18,24558
02508300,SOUTHEAST COMMUNITY COLLEGE,NE,685201299,Public,80,80,198731,355,468534,70,70,184798,326,532949,-,-, -,-, -,1,1,4702,3,9702,-,-, -,-, -
02511500,"JOFFREY BALLET SCHOOL, AMERICAN BALLET CENTER",NY,100118456,Proprietary,0,0,0,1,1665,1,1,978,3,2520,-,-, -,-, -,0,0,0,3,9078,-,-, -,-, -
02515400,CITY COLLEGE,FL,330244045,Proprietary,57,64,143573,179,222018,61,67,184632,183,279869,-,-, -,-, -,1,1,6000,4,9124,-,-, -,-, -
02516200,WESLEY BIBLICAL SEMINARY,MS,391571920,Private-Nonprofit,-,-, -,-, -,-,-, -,-, -,10,10,36647,10,36647,-,-, -,-, -,-,-, -,-, -
02517100,SARASOTA SCHOOL OF MASSAGE THERAPY,FL,342436130,Proprietary,17,17,46199,47,67842,19,19,94579,57,146659,-,-, -,-, -,0,0,0,1,1800,-,-, -,-, -
02518300,LASALLE TECH,LA,703635173,Proprietary,67,67,158395,157,215976,69,69,230504,173,312460,-,-, -,-, -,8,8,48283,18,53541,-,-, -,-, -
02519300,OHIO STATE SCHOOL OF COSMETOLOGY,OH,431102754,Proprietary,11,11,23395,46,65030,10,10,27985,37,58651,-,-, -,-, -,0,0,0,4,15550,-,-, -,-, -
02520000,INTERNATIONAL SCHOOL OF SKIN AND NAILCARE,GA,303501003,Proprietary,60,60,115133,149,168572,58,58,158847,149,234172,-,-, -,-, -,6,6,27199,15,39307,-,-, -,-, -
02520300,INTERIOR DESIGNERS INSTITUTE,CA,926603228,Proprietary,15,15,38554,65,80773,16,16,62859,82,137766,-,-, -,-, -,1,1,8222,15,30056,-,-, -,-, -
02520400,ADRIANS BEAUTY COLLEGE OF TURLOCK,CA,953805116,Proprietary,19,19,48471,48,73226,21,22,50099,54,71465,-,-, -,-, -,2,2,11850,4,11850,-,-, -,-, -
02520800,MERRELL UNIVERSITY OF BEAUTY ARTS & SCIENCE,MO,651092534,Proprietary,29,29,75617,71,102180,30,30,76172,72,112172,-,-, -,-, -,1,1,3650,2,3650,-,-, -,-, -
02521200,ARLINGTON CAREER INSTITUTE,TX,750502636,Proprietary,93,99,259599,468,496897,84,94,290410,435,558332,-,-, -,-, -,-,-, -,-, -,-,-, -,-, -
02521800,SEGUIN BEAUTY SCHOOL,TX,781555704,Proprietary,27,27,57317,60,72512,28,31,73278,73,101082,-,-, -,-, -,7,7,37333,16,56483,-,-, -,-, -
02522700,EASTLAND-FAIRFIELD CAREER AND TECHNICAL SCHOOLS,OH,431259236,Public,7,7,21000,26,39335,7,7,28557,27,52042,0,0,0,1,3964,-,-, -,-, -,-,-, -,-, -
02522800,FOX COLLEGE,IL,604774451,Proprietary,26,26,88877,117,227856,30,50,134602,185,262431,-,-, -,-, -,5,5,44403,15,69574,-,-, -,-, -
02523900,ELIZABETH GRADY SCHOOL OF ESTHETICS AND MASSAGE THERAPY,MA,021554243,Proprietary,60,60,116285,145,161644,59,64,178534,152,239656,-,-, -,-, -,3,4,10575,11,19011,-,-, -,-, -
02524000,JONES TECHNICAL INSTITUTE,FL,322560367,Private-Nonprofit,257,261,809529,715,886771,273,278,821163,772,898525,-,-, -,-, -,43,43,209668,123,218056,-,-, -,-, -
02525900,ARTISTIC ACADEMY OF HAIR DESIGN (THE),NJ,079501409,Proprietary,5,5,16015,43,56964,5,5,16667,43,55314,-,-, -,-, -,2,2,12713,10,32758,-,-, -,-, -
02528200,ROBERT FIANCE BEAUTY SCHOOLS,NJ,070604840,Proprietary,34,34,68957,87,119382,28,28,71990,83,151277,-,-, -,-, -,6,7,50569,21,68982,-,-, -,-, -
02529500,HAMRICK SCHOOL,OH,442560000,Proprietary,5,5,10095,15,15140,5,5,17310,15,25965,-,-, -,-, -,-,-, -,-, -,-,-, -,-, -
02529800,WILKES BARRE AREA CAREER AND TECHNICAL CENTER PRACTICAL NURSING PRGM,PA,187050699,Public,6,6,17500,33,57801,8,8,44894,41,107686,-,-, -,-, -,1,1,4154,1,4154,-,-, -,-, -
02530600,SAINT CHARLES COMMUNITY COLLEGE,MO,633760975,Public,31,33,67281,43,77477,35,37,81320,46,91184,-,-, -,-, -,-,-, -,-, -,-,-, -,-, -
02530700,SEBRING CAREER SCHOOLS,TX,770831510,Proprietary,5,5,14394,11,17894,4,4,18800,9,23990,-,-, -,-, -,-,-, -,-, -,-,-, -,-, -
02531200,FORMATIONS INSTITUTE,OK,738013336,Proprietary,10,10,22723,25,35361,9,9,24053,23,36553,-,-, -,-, -,-,-, -,-, -,-,-, -,-, -
02531800,PAUL MITCHELL THE SCHOOL COSTA MESA,CA,926263804,Proprietary,397,404,1108922,959,1424297,398,404,1290822,975,1657068,-,-, -,-, -,29,29,217207,81,331492,-,-, -,-, -
02532600,LANDMARK COLLEGE,VT,053460000,Private-Nonprofit,1,1,3500,7,9162,4,4,12799,13,24134,-,-, -,-, -,0,0,0,5,13554,-,-, -,-, -
02533600,ROSS MEDICAL EDUCATION CENTER,MI,489172108,Proprietary,210,210,618393,509,836957,199,199,727705,517,1019479,-,-, -,-, -,-,-, -,-, -,-,-, -,-, -
02534000,NATIONAL UNIVERSITY OF NATURAL MEDICINE,OR,972014878,Private-Nonprofit,0,0,0,16,27008,0,0,0,13,26338,19,22,146876,305,2948425,0,0,0,1,9280,16,18,143824,234,2086694
02536400,LOUISIANA ACADEMY OF BEAUTY,LA,705353512,Proprietary,4,4,12000,9,13750,2,2,7000,5,8000,-,-, -,-, -,0,0,0,1,5800,-,-, -,-, -
02537200,PALOMAR INSTITUTE OF COSMETOLOGY,CA,920782644,Proprietary,55,55,156837,129,187633,52,52,153426,117,175055,-,-, -,-, -,4,4,17528,9,24266,-,-, -,-, -
02538300,DELTA COLLEGE OF ARTS & TECHNOLOGY,LA,708061529,Proprietary,64,67,213123,241,423785,62,65,170823,242,362167,-,-, -,-, -,4,4,35532,10,42460,-,-, -,-, -
02538500,ARTHUR'S BEAUTY COLLEGE,AR,720322320,Proprietary,37,37,106468,85,133005,37,37,118016,90,150616,-,-, -,-, -,4,4,14837,8,14837,-,-, -,-, -
02539500,IRVINE VALLEY COLLEGE,CA,926184399,Public,24,26,68080,35,71580,12,12,37500,15,37500,-,-, -,-, -,-,-, -,-, -,-,-, -,-, -
02539800,QUEEN CITY COLLEGE,TN,370423545,Proprietary,28,28,75776,75,112300,27,27,75764,73,107725,-,-, -,-, -,-,-, -,-, -,-,-, -,-, -
02541000,ALASKA CAREER COLLEGE,AK,995071033,Proprietary,34,34,99206,127,203181,34,34,130308,114,245242,-,-, -,-, -,1,1,10000,4,14688,-,-, -,-, -
02541200,STRATFORD UNIVERSITY,VA,223145202,Proprietary,398,419,1398066,1145,1609313,457,483,2105154,1314,2440477,35,41,512676,114,560431,1,1,6459,4,18583,-,-, -,-, -
02541900,BJ'S BEAUTY & BARBER COLLEGE,WA,984094318,Proprietary,15,15,41708,40,60670,15,15,58016,40,84050,-,-, -,-, -,-,-, -,-, -,-,-, -,-, -
02542300,NATIONAL HOLISTIC INSTITUTE,CA,946082020,Proprietary,279,281,833573,783,1239643,273,277,1276814,792,1904346,-,-, -,-, -,1,1,5562,5,12737,-,-, -,-, -
02543400,BROWNSON TECHNICAL SCHOOL,CA,928056329,Proprietary,40,40,133704,125,215954,40,40,192907,127,309402,-,-, -,-, -,7,7,56087,18,79712,-,-, -,-, -
02544300,BUTLER BEAUTY ACADEMY,PA,160015925,Proprietary,22,22,65660,50,77910,21,21,57995,48,73545,-,-, -,-, -,1,1,11700,2,11700,-,-, -,-, -
02545400,NORTH AMERICAN TRADE SCHOOLS,MD,212440069,Proprietary,185,185,379516,507,486566,219,224,687300,616,866404,-,-, -,-, -,2,2,6786,12,13650,-,-, -,-, -
02545700,GLASGOW SCHOOL OF ART,,G3 6RQ,Foreign-Private,-,-, -,-, -,-,-, -,-, -,0,0,0,1,6834,-,-, -,-, -,0,0,0,1,2000
02545900,HYPNOSIS MOTIVATION INSTITUTE,CA,913564154,Private-Nonprofit,131,131,442390,364,642686,140,140,824206,382,1162157,-,-, -,-, -,4,4,16528,9,18594,-,-, -,-, -
02546200,LAUREL BUSINESS INSTITUTE,PA,154010877,Proprietary,106,113,349483,265,413812,115,121,391013,282,474114,-,-, -,-, -,18,21,145938,47,156908,-,-, -,-, -
02547600,FLORIDA NATIONAL UNIVERSITY,FL,330124108,Proprietary,1147,1196,3870272,2783,4860279,1081,1225,3524724,2777,4411201,122,167,1447139,396,1816247,88,96,355108,218,421475,-,-, -,-, -
02548500,COSMETOLOGY TRAINING CENTER,LA,705035138,Proprietary,31,32,91113,75,109956,34,35,94511,78,106343,-,-, -,-, -,-,-, -,-, -,-,-, -,-, -
02551100,PJ'S COLLEGE OF COSMETOLOGY,KY,421412434,Proprietary,12,12,33000,35,56542,12,12,37333,36,78667,-,-, -,-, -,1,1,6000,3,11000,-,-, -,-, -
02552400,ACADEMY OF HAIR TECHNOLOGY,SC,296152363,Proprietary,13,13,30996,40,46169,6,6,19033,21,35099,-,-, -,-, -,-,-, -,-, -,-,-, -,-, -
02553000,MODERN COLLEGE OF DESIGN (THE),OH,454401612,Proprietary,65,68,224016,126,237560,74,79,246237,145,267161,-,-, -,-, -,31,34,293488,59,293488,-,-, -,-, -
02553500,ASSOCIATED TECHNICAL COLLEGE,CA,921081602,Proprietary,6,6,21000,33,57750,7,7,42000,35,105000,-,-, -,-, -,-,-, -,-, -,-,-, -,-, -
02553600,DIVERSIFIED VOCATIONAL COLLEGE,CA,900171604,Proprietary,24,24,65042,43,73465,28,28,128015,48,136530,-,-, -,-, -,-,-, -,-, -,-,-, -,-, -
02554500,HAZLETON AREA CAREER CENTER,PA,182021597,Public,0,0,0,6,10500,0,0,0,6,12000,-,-, -,-, -,-,-, -,-, -,-,-, -,-, -
02554800,PAUL MITCHELL THE SCHOOL NEW ORLEANS,LA,700024705,Proprietary,130,134,388588,305,473158,139,143,492576,344,635642,-,-, -,-, -,14,14,120761,28,126059,-,-, -,-, -
02555400,UNIVERSITY OF TEXAS M.D. ANDERSON CANCER CENTER,TX,770300240,Public,3,3,12166,74,125031,3,3,14166,61,133348,1,1,20500,5,41002,1,1,10254,2,10254,-,-, -,-, -
02556100,ETI SCHOOL OF SKILLED TRADES,IL,605275627,Proprietary,61,61,201509,178,308933,63,65,283726,189,444845,-,-, -,-, -,5,5,51884,20,96474,-,-, -,-, -
02556500,YUKON BEAUTY COLLEGE,OK,730994108,Proprietary,11,11,31332,23,35414,13,14,48740,30,58236,-,-, -,-, -,1,1,4852,2,4852,-,-, -,-, -
02556600,JOHN AMICO SCHOOL OF HAIR DESIGN 2,IL,607142827,Proprietary,25,25,80000,55,90500,24,24,83343,55,93105,-,-, -,-, -,1,1,8000,2,8000,-,-, -,-, -
02556800,PAUL MITCHELL THE SCHOOL SALT LAKE CITY,UT,841177204,Proprietary,76,79,201888,208,306214,67,70,229330,197,360019,-,-, -,-, -,2,2,14554,6,23790,-,-, -,-, -
02558700,PRISM CAREER INSTITUTE,PA,191522923,Proprietary,247,251,763415,871,1399449,260,265,1200512,876,2151827,-,-, -,-, -,16,16,97247,57,176124,-,-, -,-, -
02559000,UNIVERSITY OF ADVANCING COMPUTER TECHNOLOGY,AZ,852831056,Proprietary,362,451,1279433,1001,1641200,359,389,1421141,880,1908103,28,30,497013,68,610572,85,100,1133186,217,1344991,-,-, -,-, -
02559300,UNITED EDUCATION INSTITUTE,CA,902552933,Proprietary,3120,3123,9326451,8261,14075606,2887,2891,13000353,7979,20112769,-,-, -,-, -,233,233,1985488,643,3047340,-,-, -,-, -
02559400,INTERCOAST COLLEGES,CA,917911540,Proprietary,367,380,946406,864,1139968,356,380,1152512,852,1406937,-,-, -,-, -,29,29,153435,61,156899,-,-, -,-, -
02559500,SALON PROFESSIONAL ACADEMY (THE),ID,836865104,Proprietary,17,17,54653,42,68654,16,16,46229,38,60342,-,-, -,-, -,1,1,1482,2,1934,-,-, -,-, -
02560000,CASAL AVEDA INSTITUTE,OH,444464693,Proprietary,31,32,59763,86,97619,34,34,101935,102,159025,-,-, -,-, -,1,1,5000,3,8081,-,-, -,-, -
02560200,PHILLIPS THEOLOGICAL SEMINARY,OK,741165612,Private-Nonprofit,-,-, -,-, -,-,-, -,-, -,1,1,3450,2,3450,-,-, -,-, -,-,-, -,-, -
02560600,PINNACLE INSTITUTE OF COSMETOLOGY,NC,281158020,Proprietary,11,11,36500,44,67047,12,12,44999,45,80465,-,-, -,-, -,0,0,0,1,5000,-,-, -,-, -
02560700,PICKAWAY ROSS COUNTY JOINT VOCATIONAL SCHOOL DISTRICT,OH,456013977,Public,6,6,16410,29,42649,9,9,39768,30,77709,-,-, -,-, -,-,-, -,-, -,-,-, -,-, -
02561600,SOLENT UNIVERSITY,,SO14 0YN,Foreign-Private,-,-, -,-, -,-,-, -,-, -,0,0,0,8,49838,-,-, -,-, -,0,0,0,4,39950
02562300,APOLLO CAREER CENTER,OH,458061497,Public,30,31,79800,77,111385,35,35,126485,83,159677,-,-, -,-, -,-,-, -,-, -,-,-, -,-, -
02563000,RAPHAEL'S SCHOOL OF BEAUTY CULTURE,OH,446012847,Proprietary,118,119,317065,303,459048,105,105,309731,306,448388,-,-, -,-, -,1,1,8364,2,8364,-,-, -,-, -
02568100,TEXAS BARBER COLLEGE,TX,770367450,Proprietary,143,143,291502,318,415324,136,136,452847,305,635196,-,-, -,-, -,5,5,29628,18,62923,-,-, -,-, -
02568500,GRABBER SCHOOL OF HAIR DESIGN,MO,631263933,Proprietary,69,69,208427,149,243056,74,74,314795,161,374212,-,-, -,-, -,10,10,72411,20,78190,-,-, -,-, -
02568600,MAHONING COUNTY CAREER AND TECHNICAL CENTER,OH,444069710,Public,1,1,3000,10,14950,0,0,0,2,5450,-,-, -,-, -,-,-, -,-, -,-,-, -,-, -
02568800,SUSSEX COUNTY COMMUNITY COLLEGE,NJ,078601149,Public,14,14,33744,24,47005,22,22,66390,32,77140,-,-, -,-, -,5,5,18920,6,18920,-,-, -,-, -
02569600,SEARCY BEAUTY COLLEGE,AR,721430000,Proprietary,16,16,43422,37,57922,18,18,74221,42,86305,-,-, -,-, -,-,-, -,-, -,-,-, -,-, -
02573100,EVANS HAIRSTYLING COLLEGE OF CEDAR CITY,UT,847202523,Proprietary,1,1,1750,3,4375,2,2,10000,7,18750,-,-, -,-, -,-,-, -,-, -,-,-, -,-, -
02573200,LA BELLE BEAUTY ACADEMY,FL,331352827,Proprietary,18,18,34600,52,62980,18,18,27658,52,48150,-,-, -,-, -,-,-, -,-, -,-,-, -,-, -
02573700,INSTITUTE FOR CLINICAL SOCIAL WORK,IL,606401229,Private-Nonprofit,-,-, -,-, -,-,-, -,-, -,1,1,12837,28,184758,-,-, -,-, -,0,0,0,7,42920
02576900,CHARTER COLLEGE,AK,995084103,Proprietary,740,748,2125547,2670,3277309,722,735,2562098,2312,3788811,-,-, -,-, -,8,9,101282,25,105526,-,-, -,-, -
02577000,PAUL MITCHELL THE SCHOOL - ESANI,GA,300761507,Proprietary,163,171,374360,371,439172,170,173,471218,374,554832,-,-, -,-, -,9,9,78998,19,86187,-,-, -,-, -
02578200,NOSSI COLLEGE OF ART AND DESIGN,TN,371155138,Proprietary,105,107,382855,251,472622,110,111,416571,246,473413,-,-, -,-, -,45,48,439683,114,531299,-,-, -,-, -
02578400,MARYLAND UNIVERSITY OF INTEGRATIVE HEALTH,MD,207236010,Private-Nonprofit,-,-, -,-, -,-,-, -,-, -,19,19,222774,339,2239984,-,-, -,-, -,17,18,295405,122,1314861
02579600,MURDOCH UNIVERSITY,,6150,Foreign-Private,1,1,5500,1,5500,1,1,7000,1,7000,0,0,0,1,5250,-,-, -,-, -,0,0,0,4,84741
02580200,ATLANTA SCHOOL OF MASSAGE,GA,303386704,Proprietary,100,100,192929,270,326924,101,102,263861,285,459502,-,-, -,-, -,2,2,21445,11,75135,-,-, -,-, -
02582200,BELBO BEAUTY INSTITUTE,LA,711052404,Proprietary,13,13,43166,32,50128,13,13,50000,33,67825,-,-, -,-, -,-,-, -,-, -,-,-, -,-, -
02584400,NEW ENGLAND TRACTOR TRAILER TRAINING SCHOOL OF MASSACHUSETTS,RI,028601752,Proprietary,509,509,1209734,1237,1589552,504,523,1835599,1279,2383901,-,-, -,-, -,40,40,164355,110,270777,-,-, -,-, -
02584900,FIRST INSTITUTE,IL,600147489,Proprietary,48,48,150752,155,260715,47,47,181763,157,340726,-,-, -,-, -,2,2,26046,4,26046,-,-, -,-, -
02586400,TRUMBULL CAREER AND TECHNICAL CENTER-ADULT TRAINING CENTER,OH,444831997,Public,14,14,37756,41,60352,13,14,48794,40,77701,-,-, -,-, -,-,-, -,-, -,-,-, -,-, -
02587500,UNIVERSIDAD ANA G. MÉNDEZ - CUPEY CAMPUS,PR,009262602,Private-Nonprofit,287,306,636801,326,670998,261,273,706778,275,711278,279,302,1760909,320,1895912,-,-, -,-, -,2,2,17463,2,17463
02587600,ORLO SCHOOL OF HAIR DESIGN AND COSMETOLOGY (THE),NY,122061723,Proprietary,12,12,36666,28,45739,13,13,42589,30,57793,-,-, -,-, -,2,2,16104,4,16104,-,-, -,-, -
02587700,HAIR PROFESSIONALS CAREER COLLEGE,IL,604651929,Proprietary,17,17,47269,40,59021,18,18,49324,42,60658,-,-, -,-, -,5,5,28994,8,28994,-,-, -,-, -
02588200,DOUGLAS J AVEDA INSTITUTE,MI,488234351,Proprietary,238,244,658806,627,880439,250,256,746256,679,1004989,-,-, -,-, -,46,47,324083,129,429677,-,-, -,-, -
02588500,OHIO STATE SCHOOL OF COSMETOLOGY,OH,430562300,Proprietary,17,17,45227,48,72909,20,20,74102,58,105086,-,-, -,-, -,1,1,13200,4,22650,-,-, -,-, -
02588600,SEMINARIO EVANGELICO DE PUERTO RICO,PR,009252207,Private-Nonprofit,-,-, -,-, -,-,-, -,-, -,1,1,2800,1,2800,-,-, -,-, -,-,-, -,-, -
02591600,NORTH-WEST COLLEGE,CA,914111611,Proprietary,91,91,307298,238,426308,88,88,421297,238,594488,-,-, -,-, -,9,9,63561,23,94716,-,-, -,-, -
02593700,RTP HISPANIC AMERICAN COLLEGE,LA,708360000,Proprietary,23,23,65506,46,65506,24,24,82602,48,82602,-,-, -,-, -,-,-, -,-, -,-,-, -,-, -
02593800,CONCORDIA UNIVERSITY OF EDMONTON,,T5B 4E4,Foreign-Private,-,-, -,-, -,-,-, -,-, -,1,1,20500,2,20500,-,-, -,-, -,1,1,11705,2,11705
02595000,HAIR ACADEMY THE,TN,373342909,Proprietary,15,15,42481,38,56380,17,17,48266,42,60901,-,-, -,-, -,1,1,1700,3,6250,-,-, -,-, -
02595700,HILLSDALE BEAUTY COLLEGE,MI,492420000,Proprietary,13,14,39871,29,42709,13,14,24487,25,25659,-,-, -,-, -,3,3,14404,5,14404,-,-, -,-, -
02596400,SPARTAN COLLEGE OF AERONAUTICS AND TECHNOLOGY,CA,903012904,Proprietary,213,228,814523,582,1104581,212,232,900254,585,1236286,-,-, -,-, -,60,63,1035790,150,1188182,-,-, -,-, -
02597300,SOUTH BAYLO UNIVERSITY,CA,928011701,Private-Nonprofit,1,1,2112,6,10406,0,0,0,4,6539,21,21,241666,97,486939,0,0,0,3,13952,7,7,142593,20,153082
02599400,NEW YORK COLLEGE OF HEALTH PROFESSIONS,NY,117914413,Private-Nonprofit,38,38,159043,95,227220,32,32,167987,79,251190,28,28,497997,75,727565,-,-, -,-, -,1,1,2453,5,18628
02600100,NEW YORK ACADEMY OF ART (THE),NY,100132911,Private-Nonprofit,-,-, -,-, -,-,-, -,-, -,0,0,0,2,13666,-,-, -,-, -,0,0,0,7,86089
02600200,OCEAN (THE),TX,770993479,Proprietary,54,56,167556,126,206056,57,59,248239,140,330489,-,-, -,-, -,13,13,225939,34,311167,-,-, -,-, -
02600900,AVEDA ARTS & SCIENCES INSTITUTE COVINGTON,LA,704332922,Proprietary,749,754,2147991,1958,2911859,774,788,2494623,2040,3399549,-,-, -,-, -,67,68,508524,178,703549,-,-, -,-, -
02601100,OPELOUSAS SCHOOL OF COSMETOLOGY,LA,705706156,Proprietary,13,13,36242,29,43242,9,9,14100,20,23558,-,-, -,-, -,-,-, -,-, -,-,-, -,-, -
02602100,NORTHWEST COLLEGE OF ART & DESIGN,WA,984024333,Proprietary,23,23,71785,61,105680,24,26,86131,64,108294,-,-, -,-, -,6,6,60290,13,76336,-,-, -,-, -
02602300,CENTRAL COAST COLLEGE,CA,939013301,Proprietary,125,125,410900,397,539044,127,127,579124,397,733313,-,-, -,-, -,16,16,139729,54,169704,-,-, -,-, -
02603100,"CRAVE BEAUTY ACADEMY,LLC",KS,672035428,Proprietary,73,76,174660,177,227124,80,83,222285,192,297712,-,-, -,-, -,9,9,80440,17,80440,-,-, -,-, -
02603700,OREGON COLLEGE OF ORIENTAL MEDICINE,OR,972092859,Private-Nonprofit,-,-, -,-, -,-,-, -,-, -,5,5,29835,5,29835,-,-, -,-, -,16,19,59905,19,59905
02603800,LORAIN COUNTY JVS ADULT CAREER CENTER,OH,440749799,Public,1,1,1112,13,16852,0,0,0,5,6615,-,-, -,-, -,-,-, -,-, -,-,-, -,-, -
02604700,CENTER FOR ADVANCED LEGAL STUDIES,TX,770421912,Proprietary,79,80,229846,169,271736,68,70,335353,149,368524,-,-, -,-, -,-,-, -,-, -,-,-, -,-, -
02606300,PAUL MITCHELL THE SCHOOL WICHITA,KS,672261321,Proprietary,73,74,205040,178,257030,73,74,228452,186,292450,-,-, -,-, -,7,7,47401,17,49651,-,-, -,-, -
02607000,TRICOCI UNIVERSITY OF BEAUTY CULTURE,IN,474042419,Proprietary,31,31,82930,85,118782,27,27,83159,76,120195,-,-, -,-, -,2,2,15026,8,38177,-,-, -,-, -
02607100,PAUL MITCHELL THE SCHOOL BOISE,ID,837091662,Proprietary,120,121,334588,267,399734,116,118,353124,258,423678,-,-, -,-, -,3,3,30177,7,37186,-,-, -,-, -
02608000,NEOSHO BEAUTY COLLEGE,MO,648501525,Proprietary,6,6,12893,14,20093,8,8,22690,18,35484,-,-, -,-, -,-,-, -,-, -,-,-, -,-, -
02609000,EMPEROR'S COLLEGE OF TRADITIONAL ORIENTAL MEDICINE,CA,904035609,Proprietary,-,-, -,-, -,-,-, -,-, -,54,60,786678,248,1268415,-,-, -,-, -,19,25,438698,92,606405
02609400,VALLEY COLLEGE,WV,254045711,Proprietary,319,329,960649,908,1482543,295,312,1392497,868,2126633,-,-, -,-, -,12,12,83375,34,137201,-,-, -,-, -
02610500,XENON A STEPHANIE MOSS ACADEMY,NE,681273522,Proprietary,61,62,197431,157,261180,51,52,175519,134,238140,-,-, -,-, -,5,5,45257,11,47462,-,-, -,-, -
02611700,DUBLIN CITY UNIVERSITY,,D9,Foreign-Private,-,-, -,-, -,-,-, -,-, -,0,0,0,7,47838,-,-, -,-, -,0,0,0,6,50977
02612700,"SALON PROFESSIONAL ACADEMY - MELBOURNE, THE",FL,329043919,Proprietary,64,66,124859,133,165322,65,68,167204,134,223604,-,-, -,-, -,2,2,9707,5,15402,-,-, -,-, -
02615800,COLLEGE OF COURT REPORTING,IN,463855529,Proprietary,37,37,117411,93,174575,39,40,205527,105,303247,-,-, -,-, -,-,-, -,-, -,-,-, -,-, -
02616100,JEAN MADELINE AVEDA INSTITUTE,PA,191471542,Proprietary,114,116,272978,249,313557,127,128,277033,272,316445,-,-, -,-, -,19,19,63812,39,65875,-,-, -,-, -
02616600,SHEAR EGO INTERNATIONAL SCHOOL OF HAIR DESIGN,NY,146173501,Proprietary,4,4,7964,31,40955,3,3,7000,31,52642,-,-, -,-, -,1,1,10704,4,19392,-,-, -,-, -
02619200,DENHAM SPRINGS BEAUTY COLLEGE,LA,707263829,Proprietary,10,11,27093,28,35726,10,10,39371,25,50629,-,-, -,-, -,2,2,3821,4,3821,-,-, -,-, -
02620000,SANDUSKY CAREER CENTER,OH,448701630,Public,11,11,27586,53,78432,12,12,32132,55,125312,-,-, -,-, -,-,-, -,-, -,-,-, -,-, -
02621300,ACADEMY OF COSMETOLOGY,MT,597153544,Proprietary,8,8,25228,17,26978,10,10,28937,21,29937,-,-, -,-, -,-,-, -,-, -,-,-, -,-, -
02621500,CAREER COLLEGE OF NORTHERN NEVADA,NV,894347905,Proprietary,67,67,207397,514,357700,68,68,229558,475,403742,-,-, -,-, -,10,10,67744,50,83442,-,-, -,-, -
02622000,SOUTHWEST ACUPUNCTURE COLLEGE,NM,875056353,Proprietary,-,-, -,-, -,-,-, -,-, -,11,11,190645,43,423065,-,-, -,-, -,8,8,87720,23,133970
02623600,PARADISE VALLEY COMMUNITY COLLEGE,AZ,850321210,Public,52,57,101492,116,104970,32,40,75764,80,78661,-,-, -,-, -,-,-, -,-, -,-,-, -,-, -
03001800,WELCH COLLEGE,TN,370668460,Private-Nonprofit,3,3,10000,7,11750,3,3,6871,8,12455,1,1,2260,3,6760,2,2,10418,4,10418,-,-, -,-, -
03002000,HAIRMASTERS INSTITUTE OF COSMETOLOGY,IL,617015547,Proprietary,12,12,35974,25,37724,11,11,13076,22,13476,-,-, -,-, -,-,-, -,-, -,-,-, -,-, -
03002100,KENTUCKY MOUNTAIN BIBLE COLLEGE,KY,413399433,Private-Nonprofit,1,1,2270,2,2270,0,0,0,2,4605,-,-, -,-, -,-,-, -,-, -,-,-, -,-, -
03005100,ARKANSAS BEAUTY SCHOOL- LITTLE ROCK,AR,722095116,Proprietary,23,23,50625,49,58210,26,26,76768,58,94102,-,-, -,-, -,-,-, -,-, -,-,-, -,-, -
03005400,GEORGIA CAREER INSTITUTE,GA,300945912,Proprietary,206,207,530195,505,705022,210,214,728475,523,962899,-,-, -,-, -,17,17,82541,41,121060,-,-, -,-, -
03005700,DETROIT BUSINESS INSTITUTE - DOWNRIVER,MI,481936761,Proprietary,45,45,145024,85,146774,45,45,250010,87,253941,-,-, -,-, -,-,-, -,-, -,-,-, -,-, -
03006300,IBMC COLLEGE,CO,805253044,Proprietary,190,193,527341,571,709668,193,195,618129,555,822596,-,-, -,-, -,25,25,129370,70,172981,-,-, -,-, -
03007000,FRONTIER NURSING UNIVERSITY,KY,403830000,Private-Nonprofit,-,-, -,-, -,-,-, -,-, -,638,647,9552220,3038,18872074,-,-, -,-, -,40,41,557421,159,812840
03007100,HOT SPRINGS BEAUTY COLLEGE,AR,719015432,Proprietary,30,30,87101,68,109851,30,30,98756,68,125042,-,-, -,-, -,-,-, -,-, -,-,-, -,-, -
03008600,CORTIVA INSTITUTE,FL,330641342,Proprietary,85,85,182657,196,234837,82,82,257478,190,323275,-,-, -,-, -,3,3,21751,10,37905,-,-, -,-, -
03008800,BRILLARE BEAUTY INSTITUTE,TN,373123939,Private-Nonprofit,67,67,182298,179,257493,66,66,215995,184,319269,-,-, -,-, -,2,2,10801,6,15837,-,-, -,-, -
03010400,CRESCENT CITY SCHOOL OF GAMING & BARTENDING,LA,701195507,Proprietary,49,49,156247,103,168497,48,48,260118,100,276118,-,-, -,-, -,-,-, -,-, -,-,-, -,-, -
03010700,PAUL MITCHELL THE SCHOOL ROANOKE,VA,240152255,Proprietary,17,17,41532,49,76295,18,18,53900,51,82430,-,-, -,-, -,1,1,2111,8,17060,-,-, -,-, -
03011300,"CALIFORNIA STATE UNIVERSITY, SAN MARCOS",CA,920960001,Public,273,279,737475,296,742475,199,204,564385,214,567396,54,57,249794,60,252759,7,7,73905,10,73905,81,83,678772,84,678772
03011600,FORTIS INSTITUTE,PA,185092902,Proprietary,156,156,417742,485,608222,151,152,572215,476,846223,-,-, -,-, -,13,13,70487,38,90071,-,-, -,-, -
03011800,UCAS UNIVERSITY OF COSMETOLOGY ARTS & SCIENCES,TX,782149903,Proprietary,12,12,30131,38,54125,14,14,46877,38,64052,-,-, -,-, -,3,3,11198,8,14901,-,-, -,-, -
03012700,UNIVERSITY OF BUCKINGHAM,,MK18 1EG,Foreign-Private,1,1,3500,1,3500,1,1,6000,1,6000,2,2,30802,2,30802,1,1,37000,1,37000,1,1,37000,1,37000
03014900,PLATT COLLEGE,CO,801112417,Proprietary,117,149,454944,499,674516,126,147,681267,532,1017214,-,-, -,-, -,3,3,41010,18,81913,-,-, -,-, -
03015300,EHOVE CAREER CENTER,OH,448469500,Public,17,18,37188,139,186390,18,19,45981,151,272609,-,-, -,-, -,-,-, -,-, -,-,-, -,-, -
03016000,UNIVERSITY OF PUERTO RICO - CAROLINA,PR,009874807,Public,10,10,43166,54,107086,-,-, -,-, -,-,-, -,-, -,-,-, -,-, -,-,-, -,-, -
03018500,BENE'S CAREER ACADEMY,FL,346521636,Proprietary,65,66,131849,162,193445,66,67,198071,161,282185,-,-, -,-, -,3,3,17195,12,33424,-,-, -,-, -
03019800,PCI HEALTH TRAINING CENTER,TX,752474720,Proprietary,70,71,198268,264,303239,70,75,264589,277,398497,-,-, -,-, -,5,5,15644,25,41623,-,-, -,-, -
03019900,CAPSTONE COLLEGE,CA,911034201,Proprietary,37,37,117427,95,164677,37,37,148499,95,218249,-,-, -,-, -,8,8,63760,19,80388,-,-, -,-, -
03021500,NUVANI INSTITUTE,TX,788524859,Proprietary,35,35,92361,73,113480,37,37,91368,76,116068,-,-, -,-, -,2,2,13861,4,13861,-,-, -,-, -
03023400,ARKANSAS TECHNICAL SCHOOL,AR,721145615,Proprietary,34,34,85991,74,104826,35,35,120744,77,144128,-,-, -,-, -,-,-, -,-, -,-,-, -,-, -
03023700,MADISON ADULT CAREER CENTER,OH,449052718,Public,2,2,5950,15,10779,1,1,2500,8,7274,-,-, -,-, -,-,-, -,-, -,-,-, -,-, -
03025000,TEXAS COLLEGE OF COSMETOLOGY,TX,796052001,Proprietary,84,84,231332,199,296412,84,85,299707,199,373046,-,-, -,-, -,6,6,62499,11,67059,-,-, -,-, -
03025500,MECH TECH COLLEGE,PR,007256118,Proprietary,194,198,378634,451,508930,116,119,193958,276,289520,-,-, -,-, -,6,6,20169,12,27646,-,-, -,-, -
03025800,DAWN CAREER INSTITUTE,DE,197025436,Proprietary,102,104,259642,338,362644,102,104,371942,326,519072,-,-, -,-, -,8,8,42107,27,54828,-,-, -,-, -
03026500,REMINGTON COLLEGE,TX,750419935,Private-Nonprofit,1203,1304,2881276,3042,3567982,1147,1239,4121985,2926,5105934,-,-, -,-, -,60,69,279210,191,404706,-,-, -,-, -
03027200,BLADES SCHOOL OF HAIR DESIGN,MD,206190226,Proprietary,8,8,24750,20,33500,9,9,26081,20,32081,-,-, -,-, -,1,1,4600,3,7100,-,-, -,-, -
03027300,BLALOCK'S PROFESSIONAL BEAUTY COLLEGE,LA,711085745,Proprietary,15,17,42125,28,40750,15,16,55240,26,53762,-,-, -,-, -,-,-, -,-, -,-,-, -,-, -
03027400,AVALON INSTITUTE,CO,800141193,Proprietary,71,71,179442,173,228068,70,70,190464,166,240731,-,-, -,-, -,8,10,46025,22,54582,-,-, -,-, -
03027700,PACIFIC COLLEGE OF HEALTH AND SCIENCE,CA,921084408,Proprietary,119,119,406736,269,531207,131,131,671202,286,881643,295,297,5036037,765,7321160,0,0,0,1,10415,71,75,1368136,169,1767079
03028200,TRINITY COLLEGE OF FLORIDA,FL,346554401,Private-Nonprofit,1,1,1300,2,1300,-,-, -,-, -,-,-, -,-, -,-,-, -,-, -,-,-, -,-, -
03029400,UNIVERSITY OF KEELE,,ST5 5BG,Foreign-Private,-,-, -,-, -,-,-, -,-, -,0,0,0,2,20500,-,-, -,-, -,0,0,0,1,14149
03029500,UNIVERSITY OF NORTHUMBRIA AT NEWCASTLE,,NE1 8ST,Foreign-Private,1,1,3500,2,5750,1,1,6000,2,7000,1,1,20500,19,139769,0,0,0,1,26550,1,1,18455,13,86423
03030900,DIESEL DRIVING ACADEMY,LA,708158109,Proprietary,91,99,186225,208,220373,87,94,282447,200,339068,-,-, -,-, -,2,2,6429,4,6429,-,-, -,-, -
03032300,SCHOOL OF AUTOMOTIVE MACHINISTS & TECHNOLOGY,TX,770551803,Proprietary,18,18,52539,50,75887,23,23,95205,62,129342,-,-, -,-, -,4,4,58007,10,73652,-,-, -,-, -
03032400,KC'S SCHOOL OF HAIR DESIGN,MS,388630000,Proprietary,11,12,36500,31,47634,8,8,18948,19,25565,-,-, -,-, -,-,-, -,-, -,-,-, -,-, -
03033300,MANCHESTER METROPOLITAN UNIVERSITY (THE),,M15 6BH,Foreign-Private,0,0,0,14,19165,0,0,0,13,19165,0,0,0,21,134176,0,0,0,4,34667,0,0,0,16,83504
03034400,CONSERVATORY OF RECORDING ARTS & SCIENCES,AZ,852821707,Proprietary,152,153,348837,398,503070,165,167,468856,448,671705,-,-, -,-, -,24,24,186160,78,395892,-,-, -,-, -
03034500,OWENSBORO COMMUNITY & TECHNICAL COLLEGE,KY,423031899,Public,65,68,128185,135,128185,41,45,73397,88,73397,-,-, -,-, -,-,-, -,-, -,-,-, -,-, -
03035200,TINT SCHOOL OF MAKEUP & COSMETOLOGY,TX,750514891,Proprietary,100,100,212019,225,279702,96,96,309818,215,401930,-,-, -,-, -,7,7,27541,18,32339,-,-, -,-, -
03035300,SOUTHERN CAREERS INSTITUTE,TX,787047667,Proprietary,1634,1699,4053720,3841,5421598,1543,1683,6006452,3845,8082729,-,-, -,-, -,121,134,627827,303,811781,-,-, -,-, -
03035700,LAS POSITAS COLLEGE,CA,945516750,Public,1,1,4500,2,4500,-,-, -,-, -,-,-, -,-, -,-,-, -,-, -,-,-, -,-, -
03035900,NATIONAL AVIATION ACADEMY,FL,337603931,Proprietary,258,274,831929,661,1152283,240,250,825050,624,1130639,-,-, -,-, -,85,89,499771,228,777012,-,-, -,-, -
03037500,HODGES UNIVERSITY,FL,339661018,Private-Nonprofit,110,147,365884,253,534823,125,164,413932,281,635587,49,70,692571,108,961373,6,7,42359,10,48759,-,-, -,-, -
03039900,FREMONT UNIVERSITY,CA,907035342,Proprietary,75,79,242686,222,292272,75,76,318936,212,375726,2,2,21400,11,61366,2,3,9257,8,16557,-,-, -,-, -
03042500,CARRINGTON COLLEGE,OR,972321302,Proprietary,211,214,533865,1067,760675,214,217,649741,1089,926455,-,-, -,-, -,8,8,38455,58,77880,-,-, -,-, -
03043900,NEWSCHOOL OF ARCHITECTURE AND DESIGN,CA,921016634,Proprietary,22,22,56139,200,302866,21,23,63638,201,325376,15,15,225295,63,437132,10,10,176984,29,249519,6,6,93183,18,173682
03045000,UNIVERSITY OF EAST LONDON,,E16 2RD,Foreign-Private,0,0,0,1,1750,0,0,0,1,1000,1,1,20500,6,61500,0,0,0,1,21000,1,1,27100,6,87000
03051400,AUBURN CAREER CENTER,OH,440779723,Public,20,20,50140,47,62550,16,16,47356,39,66087,-,-, -,-, -,-,-, -,-, -,-,-, -,-, -
03051900,ADLER GRADUATE SCHOOL,MN,553434638,Private-Nonprofit,-,-, -,-, -,-,-, -,-, -,26,27,159435,160,802003,-,-, -,-, -,2,2,17440,14,75998
03052300,KENNETH SHULER SCHOOL OF COSMETOLOGY & HAIR DESIGN,SC,298412013,Proprietary,115,117,313347,283,419053,110,112,357552,279,501346,-,-, -,-, -,18,18,112501,38,134555,-,-, -,-, -
03061100,GENESIS CAREER COLLEGE,TN,370872718,Proprietary,37,37,99324,101,136847,33,33,103278,97,146238,-,-, -,-, -,1,1,4570,7,17084,-,-, -,-, -
03061200,MIDWEST COLLEGE OF ORIENTAL MEDICINE,WI,534039747,Proprietary,2,2,11000,8,16499,2,2,19500,9,23577,34,34,580409,140,878760,-,-, -,-, -,15,15,456398,56,599346
03062700,PLATT COLLEGE,CA,918039998,Proprietary,838,926,2543878,2869,3634656,699,732,2335713,2553,3380123,-,-, -,-, -,103,104,648610,361,845243,-,-, -,-, -
03063300,NORTHWEST ARKANSAS COMMUNITY COLLEGE,AR,727125190,Public,68,69,111131,147,113756,38,39,74681,86,81956,-,-, -,-, -,1,1,3000,2,3000,-,-, -,-, -
03063400,MODERN TECHNOLOGY SCHOOL,CA,927081336,Proprietary,47,47,134828,120,188302,41,42,158014,113,232602,-,-, -,-, -,7,7,57452,21,88322,-,-, -,-, -
03064600,TEXAS SOUTHMOST COLLEGE,TX,785204993,Public,24,26,53837,31,53837,29,30,65239,34,65239,-,-, -,-, -,0,0,0,1,2930,-,-, -,-, -
03065000,PAUL MITCHELL THE SCHOOL RICHLAND,WA,993529700,Proprietary,106,106,297580,247,397054,104,104,327150,245,436845,-,-, -,-, -,4,4,37205,7,37205,-,-, -,-, -
03065300,PAUL MITCHELL THE SCHOOL TINLEY PARK,IL,604776273,Proprietary,33,34,99919,105,160541,40,41,147419,123,228205,-,-, -,-, -,6,6,61406,21,106675,-,-, -,-, -
03066300,BRYAN UNIVERSITY,MO,658044921,Proprietary,59,64,167043,183,205571,63,70,244821,199,298521,5,6,34122,13,38418,-,-, -,-, -,-,-, -,-, -
03066900,INTELLITEC COLLEGE,CO,815063994,Proprietary,458,470,1171930,904,1325361,454,466,1414736,940,1633678,-,-, -,-, -,9,10,62965,25,68263,-,-, -,-, -
03067200,UNIVERSITY OF SYDNEY,,2006,Foreign-Private,0,0,0,3,6750,0,0,0,4,11500,1,1,10250,71,649884,0,0,0,3,83791,3,4,13643,89,1583432
03067500,INSTITUTE OF TECHNOLOGY,CA,936123217,Proprietary,512,525,1364078,1204,1728264,506,537,1839190,1233,2300423,-,-, -,-, -,49,50,390775,122,529590,-,-, -,-, -
03067600,RAPHAEL'S SCHOOL OF BEAUTY CULTURE,OH,445124748,Proprietary,37,38,108202,101,156472,36,36,109799,101,150762,-,-, -,-, -,1,1,2622,3,7933,-,-, -,-, -
03068200,OHIO MEDIA SCHOOL,OH,441256273,Proprietary,159,160,504845,372,614358,211,212,1092013,499,1396399,-,-, -,-, -,11,11,123746,25,133557,-,-, -,-, -
03068600,SPECIAL SCHOOL DISTRICT OF ST. LOUIS COUNTY,MO,631271324,Public,87,87,234490,162,236390,90,91,374750,172,382350,-,-, -,-, -,2,2,15350,3,15350,-,-, -,-, -
03069100,ALLEN COLLEGE,IA,507031916,Private-Nonprofit,72,72,328692,145,349442,79,81,319442,154,352642,96,96,1414328,214,1492911,3,3,56475,6,67825,4,4,65449,12,94880
03070900,SOUTHEAST MISSOURI HOSPITAL COLLEGE OF NURSING AND HEALTH SCIENCES,MO,637034507,Private-Nonprofit,27,27,86077,63,86077,30,30,147561,71,147561,-,-, -,-, -,2,2,34219,6,34219,-,-, -,-, -
03071600,CBT TECHNOLOGY INSTITUTE,FL,331442028,Proprietary,86,86,157650,142,252775,80,80,175522,132,278222,-,-, -,-, -,6,6,11799,12,21776,-,-, -,-, -
03071900,MOUNT CARMEL COLLEGE OF NURSING,OH,432221598,Private-Nonprofit,85,85,324418,200,380728,83,83,443699,204,530930,40,40,635478,96,632244,4,4,163631,13,175036,1,1,16795,3,16795
03072200,CHANDLER - GILBERT COMMUNITY COLLEGE,AZ,852252499,Public,67,70,116114,135,116114,55,58,113468,115,115468,-,-, -,-, -,-,-, -,-, -,-,-, -,-, -
03074500,EAST WEST COLLEGE OF THE HEALING ARTS,OR,972015446,Proprietary,22,22,41686,106,119013,23,25,49503,115,182310,-,-, -,-, -,-,-, -,-, -,-,-, -,-, -
03075200,TWIN CITY BEAUTY COLLEGE,MI,490853305,Proprietary,49,49,137612,102,148012,42,42,143140,85,153890,-,-, -,-, -,11,11,77200,21,84150,-,-, -,-, -
03076100,SOUTHWESTERN COLLEGE,NM,875070000,Private-Nonprofit,-,-, -,-, -,0,0,0,1,2930,0,0,0,82,171319,-,-, -,-, -,15,15,96690,219,569887
03076300,BEULAH HEIGHTS UNIVERSITY,GA,303161873,Private-Nonprofit,5,5,15000,34,48657,8,9,25805,42,77956,9,9,96199,44,287669,0,0,0,1,4453,0,0,0,8,49446
03077200,PAUL MITCHELL THE SCHOOL MISSOURI COLUMBIA,MO,652036520,Proprietary,47,48,134387,105,156154,48,49,148135,108,171664,-,-, -,-, -,6,6,34597,11,34597,-,-, -,-, -
03078000,MIAMI MEDIA SCHOOL,FL,331261823,Proprietary,101,102,321382,229,380552,125,126,657793,290,811471,-,-, -,-, -,4,4,27215,14,42390,-,-, -,-, -
03078300,VANCOUVER SCHOOL OF THEOLOGY,,V6T 1Z1,Foreign-Private,-,-, -,-, -,-,-, -,-, -,0,0,0,1,1334,-,-, -,-, -,-,-, -,-, -
03078400,CAMEO BEAUTY ACADEMY,IL,604533196,Proprietary,27,27,71195,68,101608,24,24,69593,67,110138,-,-, -,-, -,3,3,17686,5,17686,-,-, -,-, -
03078700,UNIVERSITA COMMERCIALE LUIGI BOCCONI,,20136,Foreign-Private,0,0,0,1,2750,0,0,0,1,1000,0,0,0,3,30750,-,-, -,-, -,0,0,0,1,3992
03079000,ETI TECHNICAL COLLEGE OF NILES,OH,444464398,Proprietary,79,79,138517,161,141142,82,85,221436,175,226936,-,-, -,-, -,0,0,0,4,16133,-,-, -,-, -
03079100,NORTH CENTRAL INSTITUTE,TN,370423116,Proprietary,4,4,12103,10,15015,4,4,17470,10,21352,-,-, -,-, -,-,-, -,-, -,-,-, -,-, -
03079900,CITY COLLEGE,FL,327143129,Proprietary,41,44,112978,180,207421,43,45,164067,171,298976,-,-, -,-, -,1,1,6706,3,10667,-,-, -,-, -
03081900,YTI CAREER INSTITUTE - ALTOONA,PA,166024310,Proprietary,57,57,189788,239,320722,62,62,282084,253,465091,-,-, -,-, -,0,0,0,3,10399,-,-, -,-, -
03082100,MYOTHERAPY MASSAGE COLLEGE,UT,841072173,Proprietary,13,13,37913,34,51557,13,13,59103,34,80769,-,-, -,-, -,-,-, -,-, -,-,-, -,-, -
03083000,OZARKS TECHNICAL COMMUNITY COLLEGE,MO,658023601,Public,263,295,572487,596,579662,339,405,838650,809,842525,-,-, -,-, -,-,-, -,-, -,-,-, -,-, -
03083700,GALEN HEALTH INSTITUTES,KY,402455396,Proprietary,2565,2577,7664137,9608,13253666,2705,2736,11347845,10307,19834548,36,36,518872,83,710051,61,61,609147,272,1091508,-,-, -,-, -
03083800,HEARTLAND COMMUNITY COLLEGE,IL,617619446,Public,41,41,74129,86,80254,29,29,63508,63,74008,-,-, -,-, -,-,-, -,-, -,-,-, -,-, -
03084300,UNIVERSITY OF LIMERICK,,V94 T9PX,Foreign-Private,-,-, -,-, -,-,-, -,-, -,0,0,0,4,20250,-,-, -,-, -,4,4,28500,13,85500
03084400,VALLEY COLLEGE,WV,258012643,Proprietary,33,35,83659,85,126890,32,32,94795,72,145839,-,-, -,-, -,3,3,17033,6,26315,-,-, -,-, -
03084700,VENTURA ADULT AND CONTINUING EDUCATION,CA,930037313,Public,5,5,12112,12,19112,3,3,12000,7,19000,-,-, -,-, -,-,-, -,-, -,-,-, -,-, -
03085100,UNIVERSITY OF WOLVERHAMPTON,,WV1 1LY,Foreign-Private,-,-, -,-, -,-,-, -,-, -,0,0,0,3,15768,-,-, -,-, -,0,0,0,2,14316
03088700,ROYAL CONSERVATOIRE OF SCOTLAND,,G2 3DB,Foreign-Private,0,0,0,20,29817,0,0,0,18,15509,0,0,0,28,135652,0,0,0,14,150101,0,0,0,20,172699
03089100,GEORGIA INSTITUTE OF COSMETOLOGY,GA,306063152,Proprietary,78,78,213380,216,332370,76,79,266207,213,419584,-,-, -,-, -,7,7,56023,18,73484,-,-, -,-, -
03089300,HERITAGE BIBLE COLLEGE,NC,283340000,Private-Nonprofit,6,8,24687,43,47178,5,5,20591,35,56043,-,-, -,-, -,0,0,0,1,493,-,-, -,-, -
03090000,SHARP'S ACADEMY OF HAIRSTYLING,MI,484391838,Proprietary,7,7,17334,14,18630,4,4,5921,9,8671,-,-, -,-, -,-,-, -,-, -,-,-, -,-, -
03090800,LAKE ERIE COLLEGE OF OSTEOPATHIC MEDICINE,PA,165091025,Private-Nonprofit,-,-, -,-, -,-,-, -,-, -,1327,1342,58403560,2647,58397170,-,-, -,-, -,1138,1327,34447249,2543,34448803
03091300,REGENT UNIVERSITY,VA,234649800,Private-Nonprofit,417,417,1193157,1149,2268547,362,363,1392465,1051,2910258,440,440,3925272,2684,18608309,15,15,108834,29,215375,131,133,1209965,833,6152368
03092500,NOTTINGHAM TRENT UNIVERSITY,,NG1 4FQ,Foreign-Private,1,1,4500,2,4500,1,1,6000,2,6000,0,0,0,14,133555,0,0,0,1,3566,0,0,0,7,99107
03094800,INDUSTRIAL MANAGEMENT & TRAINING INSTITUTE,CT,067061211,Proprietary,3,3,10500,20,35000,3,3,14000,21,51500,-,-, -,-, -,-,-, -,-, -,-,-, -,-, -
03095400,BOND UNIVERSITY,,4229,Foreign-Private,0,0,0,5,6335,0,0,0,4,4001,10,10,176015,29,285349,0,0,0,4,61769,11,11,259506,29,392956
03095500,ASA COLLEGE,NY,112015208,Proprietary,205,205,379396,378,612886,149,149,302923,273,500186,-,-, -,-, -,1,1,2450,1,2450,-,-, -,-, -
03095600,VANTAGE CAREER CENTER,OH,458911378,Public,8,8,14969,16,14969,5,5,12260,10,12260,-,-, -,-, -,-,-, -,-, -,-,-, -,-, -
03095900,ESSEC BUSINESS SCHOOL,,F-95021,Foreign-Private,-,-, -,-, -,-,-, -,-, -,0,0,0,4,26168,-,-, -,-, -,0,0,0,1,3666
03096100,LA TROBE UNIVERSITY,,3083,Foreign-Public,-,-, -,-, -,-,-, -,-, -,1,1,20500,2,20500,-,-, -,-, -,-,-, -,-, -
03096200,CHARLES STUART SCHOOL,NY,112292004,Proprietary,1,1,3500,3,5250,1,1,6000,3,9000,-,-, -,-, -,-,-, -,-, -,-,-, -,-, -
03097000,MERCY COLLEGE OF OHIO,OH,436041132,Private-Nonprofit,273,275,929314,638,961198,289,294,1358012,665,1417920,37,37,671355,118,782313,5,5,92742,12,100802,33,33,1544187,100,1544187
03097700,CENTRAL CALIFORNIA SCHOOL OF CONTINUING EDUCATION,CA,934016739,Proprietary,26,26,79332,69,105500,23,23,67507,60,76199,-,-, -,-, -,1,1,4401,2,4401,-,-, -,-, -
03098000,ST. JOHN'S COLLEGE,IL,627025321,Private-Nonprofit,9,9,49500,17,49500,9,9,58500,17,58500,-,-, -,-, -,1,1,6000,1,6000,-,-, -,-, -
03098200,YO SAN UNIVERSITY OF TRADITIONAL CHINESE MEDICINE,CA,900661103,Private-Nonprofit,-,-, -,-, -,-,-, -,-, -,30,30,468999,79,630125,-,-, -,-, -,14,17,379034,41,445178
03098600,CAREER TECHNOLOGY CENTER OF LACKAWANNA COUNTY,PA,185081475,Public,28,28,91990,91,112990,29,29,120350,90,151850,-,-, -,-, -,-,-, -,-, -,-,-, -,-, -
03098700,MILAN INSTITUTE,CA,922116030,Proprietary,157,158,369114,366,477691,141,142,433063,343,578378,-,-, -,-, -,1,1,11611,8,29660,-,-, -,-, -
03100100,PARAMOUNT BEAUTY ACADEMY,OH,456624136,Proprietary,11,12,30214,26,34464,12,14,48280,30,50946,-,-, -,-, -,1,1,6625,3,8998,-,-, -,-, -
03100400,COCONINO COUNTY COMMUNITY COLLEGE,AZ,860052701,Public,1,1,500,9,10000,0,0,0,5,14651,-,-, -,-, -,-,-, -,-, -,-,-, -,-, -
03100700,CARROLL COMMUNITY COLLEGE,MD,211576913,Public,0,0,0,7,5401,1,1,3000,9,13849,-,-, -,-, -,-,-, -,-, -,-,-, -,-, -
03100900,LUTHER RICE COLLEGE & SEMINARY,GA,300382454,Private-Nonprofit,58,60,226743,159,226743,53,54,292593,145,292593,52,54,788489,125,788489,-,-, -,-, -,-,-, -,-, -
03101000,NEW DIMENSION SCHOOL OF HAIR DESIGN,MO,648015017,Proprietary,6,6,14720,23,32700,7,7,20068,25,39606,-,-, -,-, -,1,1,4500,2,4500,-,-, -,-, -
03101800,ILLINOIS MEDIA SCHOOL,IL,606312802,Proprietary,98,98,290875,199,334348,140,140,743223,301,883851,-,-, -,-, -,-,-, -,-, -,-,-, -,-, -
03101900,TRINITY BAPTIST COLLEGE,FL,322211398,Private-Nonprofit,7,7,13750,18,16031,9,9,22288,24,31344,0,0,0,3,20500,1,1,2268,12,30267,1,1,3678,2,3678
03102000,"RIVERTOWN SCHOOL OF BEAUTY, BARBER, SKIN CARE AND NAILS",GA,319093625,Proprietary,55,55,143351,117,181263,57,57,202078,120,253633,-,-, -,-, -,-,-, -,-, -,-,-, -,-, -
03102100,MORGANTOWN BEAUTY COLLEGE,WV,265055430,Proprietary,22,22,65805,57,89883,19,19,44706,50,66520,-,-, -,-, -,5,5,16935,11,20664,-,-, -,-, -
03102500,AMERICAN UNIVERSITY OF ROME,,00153,Foreign-Private,1,1,4500,1,4500,1,1,6000,1,6000,-,-, -,-, -,0,0,0,3,23445,-,-, -,-, -
03102800,ROBERT GORDON UNIVERSITY,,AB10 7QB,Foreign-Private,-,-, -,-, -,-,-, -,-, -,0,0,0,5,31334,-,-, -,-, -,0,0,0,4,40001
03103300,JNA INSTITUTE OF CULINARY ARTS,PA,191463119,Proprietary,2,2,7000,8,14500,2,2,8000,8,17274,-,-, -,-, -,-,-, -,-, -,-,-, -,-, -
03103800,SOUTHERN SCHOOL OF BEAUTY,OK,747015008,Proprietary,2,2,7000,4,7000,2,2,12000,5,14722,-,-, -,-, -,-,-, -,-, -,-,-, -,-, -
03104000,SHAWSHEEN VALLEY SCHOOL OF PRACTICAL NURSING,MA,018215499,Public,0,0,0,1,1165,0,0,0,1,666,-,-, -,-, -,-,-, -,-, -,-,-, -,-, -
03104200,CAROLINAS COLLEGE OF HEALTH SCIENCES,NC,282172861,Public,13,13,46500,74,137304,13,13,69637,75,185738,-,-, -,-, -,-,-, -,-, -,-,-, -,-, -
03104300,CAREER TECHNICAL INSTITUTE,DC,200053521,Proprietary,88,89,225858,213,299282,108,109,386064,245,502047,-,-, -,-, -,5,5,26581,12,42783,-,-, -,-, -
03104500,ATLANTA INSTITUTE OF MUSIC AND MEDIA,GA,300964988,Proprietary,53,53,149963,197,233331,57,57,200976,207,308151,-,-, -,-, -,6,6,50528,21,119163,-,-, -,-, -
03106000,MISSOURI STATE UNIVERSITY - WEST PLAINS,MO,657752715,Public,27,28,46660,58,50660,20,21,38573,42,38573,-,-, -,-, -,1,1,2199,2,2199,-,-, -,-, -
03106200,FRANCISCAN MISSIONARIES OF OUR LADY UNIVERSITY,LA,708084345,Private-Nonprofit,32,32,94511,79,171092,29,30,99723,80,205294,19,19,141653,188,1425596,4,4,15051,9,59012,49,52,335403,163,1792880
03106500,SENTARA COLLEGE OF HEALTH SCIENCES,VA,233202843,Private-Nonprofit,-,-, -,-, -,-,-, -,-, -,29,29,131613,34,162272,-,-, -,-, -,1,1,5000,11,76781
03106900,ESCUELA DE PERITOS ELECTRICISTAS DE ISABELA,PR,006620457,Proprietary,3,3,5250,8,8750,-,-, -,-, -,-,-, -,-, -,-,-, -,-, -,-,-, -,-, -
03107000,SONORAN UNIVERSITY OF HEALTH SCIENCES,AZ,852821751,Private-Nonprofit,-,-, -,-, -,-,-, -,-, -,359,383,3716103,461,4226788,-,-, -,-, -,85,102,990214,122,1276019
03108100,SUMMIT COLLEGE,CA,924082815,Proprietary,293,298,926948,727,1212384,294,302,1353519,735,1747430,-,-, -,-, -,37,37,336889,90,415994,-,-, -,-, -
03108500,EVERGLADES UNIVERSITY,FL,334310000,Private-Nonprofit,471,488,1732808,1356,2605518,457,463,2321067,1279,3507252,71,71,1087886,213,1700881,34,34,324037,95,498788,8,8,62860,21,86929
03108600,COMPU-MED VOCATIONAL CAREERS,FL,330124861,Proprietary,116,118,422676,382,704325,112,113,571184,356,923401,-,-, -,-, -,6,6,36068,17,54211,-,-, -,-, -
03109000,SCHOOL OF COMMUNICATION ARTS OF NORTH CAROLINA,NC,276147076,Proprietary,79,88,257835,282,408759,85,92,273755,295,449540,-,-, -,-, -,32,35,469680,119,671134,-,-, -,-, -
03109100,ASPIRA CITY COLLEGE,PA,191402302,Private-Nonprofit,6,6,19900,16,21300,6,6,26000,16,28400,-,-, -,-, -,-,-, -,-, -,-,-, -,-, -
03109500,DONGGUK UNIVERSITY LOS ANGELES,CA,900201765,Private-Nonprofit,1,1,5500,5,6875,1,1,7000,4,7000,9,9,123273,49,238273,-,-, -,-, -,2,2,15000,8,18319
03109800,PONCA CITY BEAUTY COLLEGE,OK,746011029,Proprietary,15,16,39950,32,39950,13,14,46851,28,46851,-,-, -,-, -,-,-, -,-, -,-,-, -,-, -
03110400,PAUL MITCHELL THE SCHOOL ST. GEORGE,UT,847705233,Proprietary,24,24,72651,52,82888,17,17,51613,41,62905,-,-, -,-, -,-,-, -,-, -,-,-, -,-, -
03110700,AVIATION INSTITUTE OF MAINTENANCE,PA,191141017,Proprietary,140,160,500773,414,701105,133,144,523344,370,726184,-,-, -,-, -,22,22,155565,55,189671,-,-, -,-, -
03110800,BAKKE GRADUATE UNIVERSITY,TX,752437039,Private-Nonprofit,-,-, -,-, -,-,-, -,-, -,2,2,40033,11,54682,-,-, -,-, -,-,-, -,-, -
03110900,ACADEMY OF BEAUTY PROFESSIONALS,MO,640839195,Proprietary,71,72,170158,177,231544,71,72,182241,182,264563,-,-, -,-, -,11,11,94691,26,105905,-,-, -,-, -
03112100,DEWEY UNIVERSITY,PR,009159538,Private-Nonprofit,68,68,147934,289,344174,66,66,150337,266,330106,22,22,124261,152,655201,-,-, -,-, -,-,-, -,-, -
03113300,UEI COLLEGE,CA,937265398,Proprietary,927,931,2769148,2374,4001429,840,844,3843419,2261,5648763,-,-, -,-, -,62,62,472246,174,760194,-,-, -,-, -
03113600,SOUTHERN CALIFORNIA INSTITUTE OF TECHNOLOGY,CA,928015454,Proprietary,189,190,460459,607,722594,175,177,553072,579,891029,-,-, -,-, -,29,29,152348,102,238385,-,-, -,-, -
03114700,PRAXIS INSTITUTE,FL,331352657,Proprietary,107,107,316175,321,504400,98,98,467277,300,745112,-,-, -,-, -,9,9,42394,27,68598,-,-, -,-, -
03115000,ARIZONA COLLEGE,AZ,852821840,Proprietary,2663,2737,9427941,6682,11904398,2583,2641,12971057,6498,16415886,-,-, -,-, -,168,175,1884225,474,2527890,-,-, -,-, -
03115200,MOTORING TECHNICAL TRAINING INSTITUTE,MA,027715933,Proprietary,105,105,341025,268,460893,105,105,460050,275,624660,-,-, -,-, -,19,19,175189,47,244935,-,-, -,-, -
03115300,GENESEE-LIVINGSTON-STEUBEN-WYOMING BOCES,NY,140201099,Public,3,3,2130,23,29396,4,4,10648,22,53148,-,-, -,-, -,-,-, -,-, -,-,-, -,-, -
03115500,ADVENTHEALTH UNIVERSITY,FL,328031237,Private-Nonprofit,115,117,389884,444,834010,128,133,450823,502,948866,81,81,1426442,291,2764609,15,15,129850,62,282554,67,72,729800,330,2829698
03117000,ASHLAND COUNTY - WEST HOLMES CAREER CENTER - ADULT EDUCATION,OH,448050000,Public,1,1,2333,3,3276,1,1,4000,3,5616,-,-, -,-, -,-,-, -,-, -,-,-, -,-, -
03120700,NEW YORK CONSERVATORY FOR DRAMATIC ARTS (THE),NY,100114225,Proprietary,15,15,48646,49,83646,15,16,50250,52,92750,-,-, -,-, -,8,8,152576,24,303261,-,-, -,-, -
03122600,EASTERN INTERNATIONAL COLLEGE,NJ,073063906,Proprietary,255,256,940547,545,1174875,269,272,1195033,535,1449059,-,-, -,-, -,24,24,276783,52,340352,-,-, -,-, -
03122900,YORK COUNTY COMMUNITY COLLEGE,ME,040900529,Public,5,6,16443,10,19593,11,14,26320,22,28070,-,-, -,-, -,-,-, -,-, -,-,-, -,-, -
03123900,SOUTHEASTERN COLLEGE,FL,334090000,Proprietary,329,348,945156,904,1419436,294,308,1266779,824,1929223,-,-, -,-, -,23,24,216615,69,333726,-,-, -,-, -
03124000,NORTHWESTERN TECHNOLOGICAL INSTITUTE,MI,480752412,Proprietary,125,126,400100,384,642809,117,117,547573,356,876632,-,-, -,-, -,2,2,19684,7,35182,-,-, -,-, -
03124900,PAUL MITCHELL THE SCHOOL - LITTLE ROCK,AR,721172516,Proprietary,82,84,238964,240,371112,82,84,268114,251,435057,-,-, -,-, -,3,3,15561,14,47424,-,-, -,-, -
03125300,JOHN WESLEY INTERNATIONAL BARBER AND BEAUTY COLLEGE,CA,908134592,Proprietary,13,13,35750,30,44750,-,-, -,-, -,-,-, -,-, -,-,-, -,-, -,-,-, -,-, -
03125600,MIAMI AD SCHOOL,FL,331373800,Proprietary,17,17,57067,75,89460,18,18,86368,79,137200,-,-, -,-, -,-,-, -,-, -,-,-, -,-, -
03125800,PREMIERE CAREER COLLEGE,CA,917063746,Proprietary,17,17,60364,56,100564,14,14,61255,49,106445,-,-, -,-, -,1,1,11000,2,11000,-,-, -,-, -
03126300,AVIATION INSTITUTE OF MAINTENANCE,VA,235183205,Proprietary,64,71,256942,179,336136,65,69,292632,173,395132,-,-, -,-, -,17,17,138171,38,160391,-,-, -,-, -
03126800,PACIFICA GRADUATE INSTITUTE,CA,930133019,Proprietary,-,-, -,-, -,-,-, -,-, -,33,33,465600,792,3924699,-,-, -,-, -,52,56,920616,680,4733112
03127500,ADVANCED TECHNOLOGY INSTITUTE,VA,234622409,Proprietary,83,88,308399,196,354840,89,96,275983,206,316194,-,-, -,-, -,27,31,156349,73,186645,-,-, -,-, -
03128100,COLLEGE OF HEALTH CARE PROFESSIONS (THE),TX,770928541,Proprietary,1873,1884,5720761,4956,8100607,1675,1700,6027562,4581,8786311,-,-, -,-, -,97,99,571155,295,933425,-,-, -,-, -
03128400,DELAWARE COUNTY TECHNICAL SCHOOL,PA,190081928,Public,40,40,116553,92,143963,37,37,150280,86,186870,-,-, -,-, -,1,1,16000,2,16000,-,-, -,-, -
03129100,FOND DU LAC TRIBAL & COMMUNITY COLLEGE,MN,557202984,Public,24,26,52083,53,56083,26,27,50832,56,57489,-,-, -,-, -,1,1,8122,2,8122,-,-, -,-, -
03131300,FIVE BRANCHES UNIVERSITY,CA,950624669,Proprietary,-,-, -,-, -,-,-, -,-, -,32,32,561248,87,784564,-,-, -,-, -,27,27,524808,71,709489
03144400,AMERICAN COLLEGE OF HEALTHCARE AND TECHNOLOGY,CA,925053038,Proprietary,141,144,456222,416,715819,138,145,580065,411,929077,-,-, -,-, -,21,22,124247,67,196072,-,-, -,-, -
03150400,UNIVERSITY OF TECHNOLOGY SYDNEY,,2007,Foreign-Private,0,0,0,3,5000,0,0,0,3,5000,0,0,0,1,10250,0,0,0,1,21000,0,0,0,1,8470
03153300,AMERICAN COLLEGE OF ACUPUNCTURE & ORIENTAL MEDICINE,TX,770634104,Proprietary,-,-, -,-, -,-,-, -,-, -,13,13,153875,46,232464,-,-, -,-, -,2,2,34000,10,43450
03156300,ESTRELLA MOUNTAIN COMMUNITY COLLEGE,AZ,853921010,Public,115,116,197194,226,200319,57,58,91194,108,91194,-,-, -,-, -,-,-, -,-, -,-,-, -,-, -
03156400,AOMA GRADUATE SCHOOL OF INTEGRATIVE MEDICINE,TX,787451479,Proprietary,-,-, -,-, -,-,-, -,-, -,20,20,344509,109,692807,-,-, -,-, -,11,11,294632,69,771408
03160300,ALASKA VOCATIONAL TECHNICAL CENTER,AK,996640889,Public,0,0,0,1,1750,1,1,3000,1,3000,-,-, -,-, -,0,0,0,1,6989,-,-, -,-, -
03169300,STUDIO JEWELERS,NY,100164112,Proprietary,2,2,5600,6,8400,3,4,18765,10,24857,-,-, -,-, -,-,-, -,-, -,-,-, -,-, -
03170300,TEXAS A & M UNIVERSITY - TEXARKANA,TX,755035518,Public,100,100,203124,100,203124,113,115,347034,116,347034,67,69,392668,70,392668,1,1,4597,1,4597,1,1,7990,1,7990
03171300,UNIVERSITY OF ST. AUGUSTINE FOR HEALTH SCIENCES,CA,920690000,Proprietary,-,-, -,-, -,-,-, -,-, -,1216,1217,23240764,6747,48075054,-,-, -,-, -,1068,1139,37287559,5717,76584937
03173300,ATLANTA'S JOHN MARSHALL LAW SCHOOL,GA,303092947,Proprietary,-,-, -,-, -,-,-, -,-, -,4,4,28201,4,28201,-,-, -,-, -,108,111,1523127,111,1523127
03176300,AVIATION INSTITUTE OF MAINTENANCE,IN,462411445,Proprietary,181,226,634028,539,849695,158,189,660421,454,885073,-,-, -,-, -,27,27,185748,75,286828,-,-, -,-, -
03177300,SAN JUAN BAUTISTA SCHOOL OF  MEDICINE,PR,007250000,Private-Nonprofit,-,-, -,-, -,-,-, -,-, -,108,108,4134807,295,4636550,-,-, -,-, -,81,81,1940693,273,2981268
03179500,TEXAS HEALTH AND SCIENCE UNIVERSITY,TX,787046748,Proprietary,5,5,24446,9,24446,5,5,24408,9,24408,14,14,251755,37,354255,-,-, -,-, -,4,4,23653,10,30273
03180400,PENNSYLVANIA HIGHLANDS COMMUNITY COLLEGE,PA,159042949,Public,56,56,76166,112,76166,49,49,98671,98,98671,-,-, -,-, -,2,2,7692,4,7692,-,-, -,-, -
03185300,PHAGANS' GRANTS PASS COLLEGE OF BEAUTY,OR,975267902,Proprietary,11,11,32021,55,46651,9,9,29863,44,51191,-,-, -,-, -,-,-, -,-, -,-,-, -,-, -
03191300,CUNY SCHOOL OF LAW,NY,111014356,Public,-,-, -,-, -,-,-, -,-, -,66,68,579122,136,579122,-,-, -,-, -,14,14,94588,28,94588
03193300,MANHATTAN SCHOOL OF COMPUTER TECHNOLOGY,NY,112301617,Private-Nonprofit,0,0,0,3,4500,0,0,0,2,1750,-,-, -,-, -,-,-, -,-, -,-,-, -,-, -
03194300,BOSTON GRADUATE SCHOOL OF PSYCHOANALYSIS,MA,024464602,Private-Nonprofit,-,-, -,-, -,-,-, -,-, -,0,0,0,1,2936,-,-, -,-, -,0,0,0,1,1049
03203300,NEW YORK INSTITUTE OF MASSAGE,NY,142216021,Proprietary,13,13,34860,51,76523,15,15,58186,53,119880,-,-, -,-, -,1,1,4000,2,4000,-,-, -,-, -
03206300,MESALANDS COMMUNITY COLLEGE,NM,884013352,Public,0,0,0,2,875,0,0,0,2,1500,-,-, -,-, -,-,-, -,-, -,-,-, -,-, -
03214300,VELVATEX COLLEGE OF BEAUTY CULTURE,AR,722025452,Proprietary,6,6,17000,10,17000,6,6,28000,10,28000,-,-, -,-, -,-,-, -,-, -,-,-, -,-, -
03216300,HJ INTERNATIONAL GRADUATE SCHOOL FOR PEACE AND PUBLIC LEADERSHIP,NY,100367408,Private-Nonprofit,-,-, -,-, -,-,-, -,-, -,2,2,37613,7,58990,-,-, -,-, -,-,-, -,-, -
03218300,UNIVERSITY OF THE POTOMAC,DC,200059997,Proprietary,14,15,34593,29,38985,11,11,40760,22,45151,4,5,27940,11,30972,-,-, -,-, -,0,0,0,1,7500
03220300,"PROFESSIONAL HAIR DESIGN ACADEMY, THE",WI,547017633,Proprietary,13,13,45955,34,60180,14,14,58322,35,73594,-,-, -,-, -,-,-, -,-, -,-,-, -,-, -
03224300,NEW PROFESSIONS TECHNICAL INSTITUTE,FL,331341640,Proprietary,117,117,394249,412,490732,116,116,439628,416,518493,-,-, -,-, -,6,6,8074,18,9098,-,-, -,-, -
03225300,AMERICAN UNIVERSITY OF HEALTH SCIENCES,CA,907553612,Proprietary,161,161,625616,621,895097,211,212,1124973,853,1577348,76,76,1688433,350,2231520,19,19,226999,77,267880,41,48,768334,214,1051218
03234300,CHARTER OAK STATE COLLEGE,CT,060512150,Public,110,120,220261,122,220823,131,140,338011,147,360679,13,14,79731,15,79731,-,-, -,-, -,-,-, -,-, -
03235300,MASSACHUSETTS SCHOOL OF LAW AT ANDOVER,MA,018101094,Private-Nonprofit,-,-, -,-, -,-,-, -,-, -,1,1,10399,4,30899,-,-, -,-, -,0,0,0,1,10000
03238300,FLORIDA COLLEGE OF INTEGRATIVE MEDICINE,FL,328095721,Proprietary,-,-, -,-, -,-,-, -,-, -,0,0,0,22,204861,-,-, -,-, -,0,0,0,7,67400
03240300,TONI & GUY HAIRDRESSING ACADEMY,MA,016052213,Proprietary,59,64,86478,139,182431,75,78,121202,159,255723,-,-, -,-, -,5,5,38561,24,102114,-,-, -,-, -
03242300,CAREER NETWORKS INSTITUTE,CA,927054931,Proprietary,312,313,1094469,834,1492554,311,313,1441138,861,1973819,-,-, -,-, -,10,10,191494,45,376526,-,-, -,-, -
03248300,BOSTON BAPTIST COLLEGE,MA,021364030,Private-Nonprofit,-,-, -,-, -,-,-, -,-, -,-,-, -,-, -,1,1,3089,1,3089,-,-, -,-, -
03250300,CBD COLLEGE,CA,900102777,Private-Nonprofit,477,480,1645426,1193,2132135,488,492,2360003,1212,3037819,-,-, -,-, -,20,20,171277,54,220349,-,-, -,-, -
03253300,PAUL MITCHELL THE SCHOOL MEMPHIS,TN,381114067,Proprietary,62,62,175585,173,266176,67,67,208957,185,320755,-,-, -,-, -,3,3,20737,6,20737,-,-, -,-, -
03255300,FLORIDA GULF COAST UNIVERSITY,FL,339656565,Public,145,146,324257,156,331158,134,134,362484,146,375330,179,181,1162589,197,1213184,39,39,290741,41,299491,68,68,814736,74,866235
03260300,"CALIFORNIA STATE UNIVERSITY, MONTEREY BAY",CA,939558001,Public,98,100,253221,124,261357,116,121,303423,151,308863,178,181,998208,184,998208,6,6,49471,10,59985,77,82,763096,83,763096
03263300,TRAXLER'S SCHOOL OF HAIR,MS,392122529,Proprietary,2,2,7000,4,7000,2,2,8500,4,8500,-,-, -,-, -,-,-, -,-, -,-,-, -,-, -
03264300,SOUTH FLORIDA BIBLE COLLEGE AND THEOLOGICAL SEMINARY,FL,334425768,Private-Nonprofit,8,9,16186,57,66325,5,5,25314,47,105312,-,-, -,-, -,-,-, -,-, -,-,-, -,-, -
03266300,BETHESDA UNIVERSITY,CA,928014132,Private-Nonprofit,9,9,22311,45,74826,6,6,15500,35,72123,2,2,22750,9,84250,-,-, -,-, -,-,-, -,-, -
03267300,CAPELLA UNIVERSITY,MN,554023389,Proprietary,2231,2262,5414089,9458,11221858,2039,2079,6549643,10035,15374900,3856,3892,23097204,21838,85215851,0,0,0,1,2750,411,420,2258342,2183,7971063
03273300,CANADIAN COLLEGE OF NATUROPATHIC MEDICINE,,M2K 1E2,Foreign-Private,-,-, -,-, -,-,-, -,-, -,7,7,143500,23,164000,-,-, -,-, -,6,6,110712,20,127516
03276300,ACADEMY OF HAIR DESIGN,TX,759014900,Proprietary,46,47,108161,94,135304,46,47,160806,94,206400,-,-, -,-, -,3,3,41425,6,41425,-,-, -,-, -
03277300,PATHWAY VOCATIONAL ACADEMY,TX,777014650,Proprietary,17,17,36574,38,51504,18,18,57853,41,80782,-,-, -,-, -,0,0,0,1,6547,-,-, -,-, -
03279300,MYOTHERAPY INSTITUTE,NE,685102601,Proprietary,5,5,11978,10,13466,6,6,29842,12,32953,-,-, -,-, -,-,-, -,-, -,-,-, -,-, -
03280300,SEATTLE INSTITUTE OF EAST ASIAN MEDICINE,WA,981082407,Private-Nonprofit,-,-, -,-, -,-,-, -,-, -,0,0,0,16,107487,-,-, -,-, -,1,1,4000,16,131010
03287300,LIVERPOOL INSTITUTE FOR PERFORMING ARTS (THE),,L1 9HF,Foreign-Private,0,0,0,14,20914,0,0,0,14,17412,0,0,0,2,13668,0,0,0,9,96598,0,0,0,2,15438
03288300,ACADEMY OF CHINESE CULTURE AND HEALTH SCIENCES,CA,946122168,Private-Nonprofit,-,-, -,-, -,1,1,6833,1,6833,54,59,895979,127,895979,-,-, -,-, -,42,46,704348,102,704348
03293300,STRAND COLLEGE OF HAIR DESIGN,SC,295724310,Proprietary,26,28,72701,63,86786,25,26,58379,58,84007,-,-, -,-, -,1,1,4839,2,4839,-,-, -,-, -
03294300,BLUE CLIFF COLLEGE,LA,700023458,Proprietary,614,634,1440107,1845,2153685,595,623,2059084,1821,3120964,-,-, -,-, -,19,20,127361,53,168873,-,-, -,-, -
03296300,CORTIVA INSTITUTE,MD,210902261,Proprietary,106,107,247330,257,334317,98,99,343091,242,481312,-,-, -,-, -,8,8,47585,19,58013,-,-, -,-, -
03299300,PACIFIC COLLEGE,CA,926263402,Proprietary,156,157,507371,338,589723,157,159,640075,335,775964,8,9,152870,17,152870,-,-, -,-, -,-,-, -,-, -
03306300,MONTESSORI EDUCATION CENTER OF THE ROCKIES,CO,802054972,Private-Nonprofit,2,2,7000,4,7000,2,2,13500,4,13500,-,-, -,-, -,-,-, -,-, -,-,-, -,-, -
03316400,FINE MORTUARY COLLEGE,MA,020624766,Proprietary,30,32,91513,129,157104,28,28,99343,133,192928,-,-, -,-, -,3,3,27700,12,39224,-,-, -,-, -
03319300,CREATIVE IMAGES INSTITUTE OF COSMETOLOGY,OH,454142557,Proprietary,52,54,150184,164,244681,66,82,208090,225,297181,-,-, -,-, -,5,5,23968,14,37336,-,-, -,-, -
03327300,HAIR ACADEMY II,MD,207481401,Proprietary,92,92,183764,168,227550,82,82,280048,159,351234,-,-, -,-, -,-,-, -,-, -,-,-, -,-, -
03327400,"ACUPUNCTURE AND INTEGRATIVE MEDICINE COLLEGE, BERKELEY",CA,947042724,Private-Nonprofit,-,-, -,-, -,1,1,4200,2,4200,19,19,342250,61,560050,-,-, -,-, -,6,6,50575,23,131600
03329300,JOHN CABOT UNIVERSITY,,00165,Foreign-Private,-,-, -,-, -,-,-, -,-, -,0,0,0,1,3000,0,0,0,3,12354,0,0,0,1,6450
03332300,SOUTHERN CALIFORNIA SEMINARY,CA,920191109,Private-Nonprofit,6,6,11672,15,23615,0,0,0,6,7013,5,5,26444,39,175299,-,-, -,-, -,1,1,4180,6,40841
03332600,DELTA COLLEGE,LA,704338514,Proprietary,30,30,98405,184,328370,31,31,95816,191,338020,-,-, -,-, -,1,1,9300,2,9300,-,-, -,-, -
03333300,MEDICAL UNIVERSITY OF LUBLIN,,20-059,Foreign-Public,0,0,0,2,2750,0,0,0,1,3750,17,17,328000,54,523990,0,0,0,3,12550,21,24,1007064,71,1597210
03334300,UNIVERSIDAD CATÓLICA NORDESTANA,,31000,Foreign-Private,-,-, -,-, -,0,0,0,1,6250,4,4,62250,11,93000,-,-, -,-, -,6,6,123360,14,128390
03335400,BURMAN UNIVERSITY,,T4L 2E5,Foreign-Private,1,1,2750,4,7750,1,1,1000,4,5000,-,-, -,-, -,-,-, -,-, -,-,-, -,-, -
03339400,WESTERN GOVERNORS UNIVERSITY,UT,841072533,Private-Nonprofit,10987,11016,33451890,35718,62362563,12692,12744,52970882,39745,96725969,6202,6252,48924681,19063,88870835,20,20,97233,51,146906,20,20,160117,52,257652
03342300,GLASGOW CALEDONIAN UNIVERSITY,,G4 0BA,Foreign-Private,0,0,0,1,2750,0,0,0,1,3500,0,0,0,17,116161,-,-, -,-, -,0,0,0,16,154177
03346300,ACADEMY FOR NURSING AND HEALTH OCCUPATIONS,FL,334174574,Private-Nonprofit,157,158,522276,445,714355,169,171,737153,453,983271,-,-, -,-, -,7,7,59207,21,102929,-,-, -,-, -
03347300,INTERNATIONAL BAPTIST COLLEGE AND SEMINARY,AZ,852866799,Private-Nonprofit,4,4,17647,8,17647,2,2,9000,4,10400,0,0,0,1,6480,-,-, -,-, -,-,-, -,-, -
03349400,"QUEEN MARGARET UNIVERSITY, EDINBURGH",,EH21 6UU,Foreign-Private,-,-, -,-, -,-,-, -,-, -,0,0,0,13,97497,-,-, -,-, -,1,1,2000,13,111332
03350300,BOURNEMOUTH UNIVERSITY,,BH12 5BB,Foreign-Private,-,-, -,-, -,-,-, -,-, -,0,0,0,22,157204,-,-, -,-, -,0,0,0,15,127981
03352300,LONDON SOUTH BANK UNIVERSITY,,SE1 0AA,Foreign-Private,-,-, -,-, -,-,-, -,-, -,1,1,20500,11,82003,-,-, -,-, -,1,1,35240,8,92395
03355400,RICHMONT GRADUATE UNIVERSITY,TN,374043026,Private-Nonprofit,-,-, -,-, -,-,-, -,-, -,3,3,15220,62,232804,-,-, -,-, -,9,9,61975,21,143565
03356300,MEDICAL TRAINING COLLEGE,LA,708168190,Proprietary,28,28,91087,86,146396,29,29,89450,90,132124,-,-, -,-, -,1,1,7867,2,7867,-,-, -,-, -
03358300,ALLEN SCHOOL,NY,114324901,Proprietary,242,244,620301,540,815942,242,261,935050,586,1249532,-,-, -,-, -,21,21,98572,53,150587,-,-, -,-, -
03361300,GWINNETT COLLEGE,NC,276162811,Proprietary,45,45,89285,103,114677,44,44,123345,105,166806,-,-, -,-, -,6,6,39694,20,46094,-,-, -,-, -
03361400,FORTIS COLLEGE,AL,363037859,Proprietary,363,379,982843,1179,1330719,354,372,1456381,1166,1960073,-,-, -,-, -,26,27,175880,90,211293,-,-, -,-, -
03367300,PROFESSIONAL GOLFERS CAREER COLLEGE,CA,925916013,Proprietary,17,17,50698,41,73198,14,14,63110,41,101860,-,-, -,-, -,2,2,36544,6,45455,-,-, -,-, -
03367400,COMMUNITY CARE COLLEGE,OK,741456420,Private-Nonprofit,241,247,696895,664,980495,224,230,797421,591,1089842,-,-, -,-, -,6,6,48658,17,65113,-,-, -,-, -
03368300,MIDWEST TECHNICAL INSTITUTE,IL,627078805,Proprietary,757,772,2038781,2044,3003153,752,773,2842686,2040,4212698,-,-, -,-, -,69,70,310961,185,471121,-,-, -,-, -
03371300,TONI&GUY HAIRDRESSING ACADEMY,TX,750935235,Proprietary,38,40,70477,103,104715,41,42,106898,113,158242,-,-, -,-, -,3,3,20013,11,33770,-,-, -,-, -
03372300,NORTHWEST VISTA COLLEGE,TX,782514217,Public,42,43,63324,89,67074,50,55,93877,114,98628,-,-, -,-, -,1,1,2684,2,2684,-,-, -,-, -
03373300,BEACON COLLEGE,FL,347485224,Private-Nonprofit,5,5,17740,11,19490,6,6,22367,13,23367,-,-, -,-, -,6,7,54384,18,95856,-,-, -,-, -
03377300,CARDIFF METROPOLITAN UNIVERSITY,,CF5  2YB,Foreign-Private,-,-, -,-, -,-,-, -,-, -,0,0,0,6,34384,-,-, -,-, -,2,2,40991,9,68079
03400300,QUEST COLLEGE,TX,782293539,Proprietary,52,52,153898,96,154279,50,50,248801,90,241787,-,-, -,-, -,3,3,33362,5,27764,-,-, -,-, -
03403300,EPIC BIBLE COLLEGE,CA,958413546,Private-Nonprofit,11,11,21140,42,44398,10,10,39100,42,69154,6,6,77986,28,132001,-,-, -,-, -,-,-, -,-, -
03409500,CHESTER CAREER COLLEGE,VA,238362516,Proprietary,42,43,121849,97,156948,36,38,125218,93,179378,-,-, -,-, -,3,3,13460,7,18904,-,-, -,-, -
03409600,BENNETT CAREER INSTITUTE,DC,200171754,Proprietary,29,29,72378,76,106385,24,25,60045,68,97637,-,-, -,-, -,1,1,5078,2,5078,-,-, -,-, -
03411400,INTERNATIONAL TRAINING CAREERS,FL,331551462,Private-Nonprofit,16,16,52900,46,75648,17,17,94638,48,133638,-,-, -,-, -,-,-, -,-, -,-,-, -,-, -
03414500,ACUPUNCTURE AND MASSAGE COLLEGE,FL,331761509,Proprietary,37,37,107600,103,166934,34,34,133268,99,198925,25,26,326772,76,450818,-,-, -,-, -,-,-, -,-, -
03418300,GWINNETT COLLEGE-SANDY SPRINGS,GA,300762129,Proprietary,90,90,223467,304,343226,84,84,237217,276,377144,-,-, -,-, -,3,3,39679,9,39679,-,-, -,-, -
03418400,EDINBURGH NAPIER UNIVERSITY,,EH14 1DJ,Foreign-Private,0,0,0,1,2250,0,0,0,2,4000,0,0,0,27,188687,-,-, -,-, -,0,0,0,22,240294
03419400,NORTHEASTERN SEMINARY,NY,146241997,Private-Nonprofit,-,-, -,-, -,-,-, -,-, -,9,10,46897,27,159390,-,-, -,-, -,6,9,49186,9,49186
03422300,MILAN INSTITUTE,TX,782384103,Proprietary,763,765,1951854,1790,2475577,743,744,2355850,1803,2989946,-,-, -,-, -,58,58,307132,151,416114,-,-, -,-, -
03422400,COLLEGE OF BIBLICAL STUDIES-HOUSTON,TX,770363211,Private-Nonprofit,11,11,26294,24,32086,12,12,43019,28,54732,-,-, -,-, -,-,-, -,-, -,-,-, -,-, -
03424500,NEW COMMUNITY CAREER AND TECHNICAL INSTITUTE,NJ,071032419,Private-Nonprofit,19,19,34725,40,44768,3,3,3884,9,5941,-,-, -,-, -,-,-, -,-, -,-,-, -,-, -
03425300,ROSEDALE BIBLE COLLEGE,OH,430299501,Private-Nonprofit,0,0,0,1,1750,-,-, -,-, -,-,-, -,-, -,-,-, -,-, -,-,-, -,-, -
03426300,COLLEGE OF HEALTH CARE PROFESSIONS (THE),TX,787239802,Proprietary,268,269,819645,755,1258063,244,247,1049372,719,1645196,-,-, -,-, -,19,19,70465,51,133573,-,-, -,-, -
03427500,UNIVERSITY OF ANTELOPE VALLEY,CA,935343324,Proprietary,108,114,390429,299,566675,107,114,385696,331,587689,11,12,122218,36,158561,14,14,92320,38,146493,-,-, -,-, -
03428300,KLAMATH COMMUNITY COLLEGE,OR,976037121,Public,145,158,362847,510,548774,124,133,412598,458,661731,-,-, -,-, -,0,0,0,1,7801,-,-, -,-, -
03429600,ATLANTIC INSTITUTE OF ORIENTAL MEDICINE,FL,333013510,Private-Nonprofit,-,-, -,-, -,1,1,3667,2,3667,23,23,439144,127,840746,-,-, -,-, -,11,11,270231,54,476627
03429700,EAST WEST COLLEGE OF NATURAL MEDICINE,FL,342345362,Proprietary,1,1,5500,3,8250,1,1,6000,3,6836,35,35,614291,87,781167,-,-, -,-, -,10,10,147714,22,173724
03433400,NEW CONCEPT MASSAGE & BEAUTY SCHOOL,FL,331440000,Proprietary,45,45,114765,100,140513,44,45,120750,99,145767,-,-, -,-, -,-,-, -,-, -,-,-, -,-, -
03433500,LIA SCHORR INSTITUTE OF COSMETIC SKIN CARE TRAINING (THE),NY,100192813,Proprietary,25,25,58325,53,61823,24,24,55873,52,61029,-,-, -,-, -,-,-, -,-, -,-,-, -,-, -
03434300,FORTIS COLLEGE,FL,320655813,Proprietary,171,179,417004,454,561378,161,164,625559,423,832015,-,-, -,-, -,8,8,47257,30,81694,-,-, -,-, -
03435300,ANGLIA  RUSKIN UNIVERSITY,,CM1 1SQ,Foreign-Private,1,1,3500,4,7000,1,1,6000,4,10000,0,0,0,15,100590,1,1,17500,2,17500,1,1,7600,12,100030
03438300,PACIFIC ISLANDS UNIVERSITY,GU,969132619,Private-Nonprofit,-,-, -,-, -,1,1,1000,3,2767,-,-, -,-, -,-,-, -,-, -,-,-, -,-, -
03440300,BAPTIST MEMORIAL COLLEGE OF HEALTH SCIENCES,TN,381043104,Private-Nonprofit,273,273,651546,319,744468,289,300,801574,349,901142,7,7,53465,14,112801,32,32,171765,32,171765,-,-, -,-, -
03440400,MARIAN HEALTH CAREERS CENTER,CA,900101728,Proprietary,89,89,287437,231,379225,84,84,360366,218,464865,-,-, -,-, -,4,4,39737,18,87385,-,-, -,-, -
03441300,IOWA SCHOOL OF BEAUTY,IA,511065111,Proprietary,15,15,47882,40,66640,11,11,39933,32,56827,-,-, -,-, -,1,1,2367,4,9125,-,-, -,-, -
03443300,NEW YORK COLLEGE OF TRADITIONAL CHINESE MEDICINE,NY,115014005,Private-Nonprofit,24,24,99212,37,99212,15,16,70520,23,70520,39,42,533741,66,533741,-,-, -,-, -,-,-, -,-, -
03445300,HDS TRUCK DRIVING INSTITUTE,AZ,857069263,Proprietary,11,11,24133,28,39664,11,11,39094,28,65724,-,-, -,-, -,-,-, -,-, -,-,-, -,-, -
03453400,SHAWNEE BEAUTY COLLEGE,OK,748043141,Proprietary,21,22,63378,45,66044,21,23,49854,47,52237,-,-, -,-, -,1,1,6000,2,6000,-,-, -,-, -
03460300,KATHOLISCHE HOCHSCHULE ITI,,2521,Foreign-Private,-,-, -,-, -,1,1,2000,1,2000,2,2,19000,2,19000,-,-, -,-, -,-,-, -,-, -
03463300,CAREERS UNLIMITED,UT,840584905,Proprietary,35,35,157500,103,248091,35,36,183313,110,303425,-,-, -,-, -,3,3,53472,12,102928,-,-, -,-, -
03466400,SEATTLE SCHOOL OF THEOLOGY AND PSYCHOLOGY (THE),WA,981211177,Private-Nonprofit,-,-, -,-, -,-,-, -,-, -,13,14,94314,143,883944,-,-, -,-, -,7,7,51286,26,125498
03468500,MDT COLLEGE OF HEALTH SCIENCES,IL,606021708,Proprietary,119,119,313488,290,485129,113,113,466943,281,728904,-,-, -,-, -,3,3,39946,8,60933,-,-, -,-, -
03473300,UNIVERSITY OF THE ARTS LONDON,,WC1V 7EY,Foreign-Private,0,0,0,4,5000,2,2,18000,8,22298,1,1,20500,41,348636,1,1,65690,6,101809,0,0,0,45,661242
03478300,ROYAL WELSH COLLEGE OF MUSIC AND DRAMA,,CF10 3ER,Foreign-Private,0,0,0,1,1500,0,0,0,2,2500,0,0,0,9,61506,-,-, -,-, -,0,0,0,8,61203
03478400,PHOENIX SEMINARY,AZ,852605510,Private-Nonprofit,-,-, -,-, -,1,1,896,1,896,8,8,13288,8,13288,-,-, -,-, -,-,-, -,-, -
03479300,PCI COLLEGE,CA,907032522,Proprietary,106,106,405136,257,512219,88,90,191004,227,258688,-,-, -,-, -,-,-, -,-, -,-,-, -,-, -
03480300,FORTIS COLLEGE,LA,708176244,Proprietary,690,722,1851765,2439,2755813,672,711,2562632,2410,3840310,-,-, -,-, -,64,65,437187,235,610954,-,-, -,-, -
03483500,CASCADIA COLLEGE,WA,980119510,Public,2,2,7000,7,14110,3,3,6490,10,21084,-,-, -,-, -,-,-, -,-, -,-,-, -,-, -
03490300,PAUL MITCHELL THE SCHOOL CHICAGO,IL,606070000,Proprietary,75,77,218812,211,315037,79,80,237173,228,366348,-,-, -,-, -,19,19,135428,47,176908,-,-, -,-, -
03491400,AMERICAN ADVANCED TECHNICIANS INSTITUTE,FL,330144430,Proprietary,6,6,13261,15,18081,7,7,16878,17,19634,-,-, -,-, -,-,-, -,-, -,-,-, -,-, -
03492300,UNIVERSITY OF OXFORD - GREEN TEMPLETON COLLEGE,,OX2 6HG,Foreign-Private,-,-, -,-, -,-,-, -,-, -,0,0,0,22,116168,-,-, -,-, -,0,0,0,17,271615
03492400,UNIVERSITY OF CAMBRIDGE - ST. CATHARINE'S COLLEGE,,CB2 1RL,Foreign-Private,-,-, -,-, -,-,-, -,-, -,0,0,0,3,22078,-,-, -,-, -,0,0,0,2,19426
03493300,ALL-STATE CAREER,MD,212246614,Proprietary,521,529,1190967,1460,1561802,507,520,1819553,1441,2375613,-,-, -,-, -,27,27,159535,107,253753,-,-, -,-, -
03494400,UNIVERSITY OF CAMBRIDGE - SELWYN COLLEGE,,CB3 9DQ,Foreign-Private,-,-, -,-, -,-,-, -,-, -,0,0,0,2,20500,-,-, -,-, -,0,0,0,2,50400
03494500,UNIVERSITY OF OXFORD - ST BENET'S HALL,,OX1 3LN,Foreign-Private,-,-, -,-, -,-,-, -,-, -,0,0,0,5,27334,-,-, -,-, -,0,0,0,3,16505
03494600,UNIVERSITY OF OXFORD - HARRIS MANCHESTER COLLEGE,,OX1 3TD,Foreign-Private,-,-, -,-, -,-,-, -,-, -,0,0,0,8,40899,-,-, -,-, -,0,0,0,8,93352
03498400,OMEGA INSTITUTE OF COSMETOLOGY,LA,703600000,Proprietary,1,1,3500,7,10461,2,2,9859,8,16880,-,-, -,-, -,-,-, -,-, -,-,-, -,-, -
03501400,LEEDS BECKETT UNIVERSITY,,LS1 3HB,Foreign-Private,-,-, -,-, -,-,-, -,-, -,0,0,0,21,134329,-,-, -,-, -,1,1,1355,20,142286
03507300,UNIVERSITY OF SUNDERLAND,,SR1 3SD,Foreign-Private,0,0,0,3,4166,0,0,0,3,3666,0,0,0,4,27336,0,0,0,2,7000,0,0,0,4,24921
03510300,ERIKSON INSTITUTE,IL,606544510,Private-Nonprofit,-,-, -,-, -,0,0,0,1,2667,7,7,113834,129,810955,-,-, -,-, -,2,2,5000,62,357805
03513500,WILLIAMSON CHRISTIAN COLLEGE,TN,370678237,Private-Nonprofit,7,7,15839,11,20898,6,6,13677,10,17427,0,0,0,2,2969,-,-, -,-, -,-,-, -,-, -
03515300,UNIVERSITY OF CENTRAL LANCASHIRE,,PR1 2HE,Foreign-Private,0,0,0,37,44144,0,0,0,37,27839,0,0,0,3,20300,0,0,0,31,465784,0,0,0,4,13053
03516300,KING'S UNIVERSITY (THE),TX,760926507,Private-Nonprofit,7,7,16205,16,24371,5,5,21200,14,32783,16,16,160530,48,285077,0,0,0,1,2500,0,0,0,4,29338
03517300,UNIVERSITY OF BRIGHTON,,BN2 4AT,Foreign-Private,1,1,3500,1,3500,1,1,2000,1,2000,1,1,20500,16,156200,-,-, -,-, -,1,1,32710,8,114437
03518300,EUROPEAN GRADUATE SCHOOL (EGS),,3930,Foreign-Private,-,-, -,-, -,0,0,0,1,4350,5,5,48932,16,110732,-,-, -,-, -,-,-, -,-, -
03519300,MISSOURI COLLEGE OF COSMETOLOGY NORTH,MO,658041235,Proprietary,12,13,33613,34,48196,10,12,34583,32,50248,-,-, -,-, -,2,2,6944,6,6944,-,-, -,-, -
03523300,AVIATION INSTITUTE OF MAINTENANCE,GA,300965038,Proprietary,492,572,1693043,1374,2279239,445,485,1712732,1215,2415313,-,-, -,-, -,45,45,324613,110,437134,-,-, -,-, -
03532400,ATA COLLEGE,CA,920200918,Proprietary,11,11,28946,29,44696,9,9,20668,25,33548,-,-, -,-, -,-,-, -,-, -,-,-, -,-, -
03533300,BATH SPA UNIVERSITY,,BA2 9BN,Foreign-Private,-,-, -,-, -,-,-, -,-, -,0,0,0,12,88840,-,-, -,-, -,0,0,0,11,147216
03534400,AMERICAN INSTITUTE OF ALTERNATIVE MEDICINE,OH,432291113,Proprietary,88,88,205993,303,373117,91,92,349193,312,616454,4,4,82000,24,164003,0,0,0,2,4379,1,1,18663,11,60171
03536300,INSTITUTE FOR THERAPEUTIC MASSAGE,NJ,074201452,Proprietary,5,5,14000,19,26600,5,5,23550,18,42524,-,-, -,-, -,-,-, -,-, -,-,-, -,-, -
03537300,NEW YORK AUTOMOTIVE & DIESEL INSTITUTE,NY,114331433,Proprietary,148,149,448035,410,613106,135,136,407490,341,558637,-,-, -,-, -,14,14,89072,34,115616,-,-, -,-, -
03542300,CONCORDE CAREER COLLEGE,TX,750523831,Proprietary,230,234,664496,752,1035410,210,212,950944,717,1530563,-,-, -,-, -,16,16,137150,70,294690,-,-, -,-, -
03542400,COPPER MOUNTAIN COLLEGE,CA,922526102,Public,2,2,8000,6,12000,1,1,2500,2,2500,-,-, -,-, -,-,-, -,-, -,-,-, -,-, -
03544300,ATENAS COLLEGE,PR,006740000,Private-Nonprofit,1,1,1833,2,1833,1,1,2333,2,2333,-,-, -,-, -,-,-, -,-, -,-,-, -,-, -
03547300,UNIVERSITY OF SOUTH WALES,,CF37 1DL,Foreign-Private,-,-, -,-, -,-,-, -,-, -,-,-, -,-, -,-,-, -,-, -,1,1,5000,2,5000
03549300,ULTIMATE MEDICAL ACADEMY,FL,337564917,Private-Nonprofit,8644,10439,26442290,25036,33624998,9169,14189,31461898,31393,38218316,-,-, -,-, -,3,3,19984,8,26217,-,-, -,-, -
03555300,SOUTHEASTERN COLLEGE,NC,282170000,Proprietary,67,71,185222,192,276711,68,72,287201,195,418087,-,-, -,-, -,5,5,39100,14,70614,-,-, -,-, -
03555400,SOUTHEASTERN COLLEGE,SC,294060000,Proprietary,82,83,226733,230,361373,80,85,362943,239,556852,-,-, -,-, -,7,8,58655,28,127674,-,-, -,-, -
03557300,NORTH FLORIDA COSMETOLOGY INSTITUTE,FL,323122603,Proprietary,43,44,99610,99,127181,36,36,101871,87,142150,-,-, -,-, -,-,-, -,-, -,-,-, -,-, -
03559300,APPALACHIAN SCHOOL OF LAW,VA,246140000,Private-Nonprofit,-,-, -,-, -,-,-, -,-, -,49,50,908288,143,927766,-,-, -,-, -,46,47,1444830,128,1448040
03561400,SUSQUEHANNA COUNTY CAREER & TECHNOLOGY CENTER,PA,188440000,Public,0,0,0,1,1750,0,0,0,1,3000,-,-, -,-, -,-,-, -,-, -,-,-, -,-, -
03565300,MASARYKOVA UNIVERZITA,,601 77,Foreign-Private,-,-, -,-, -,-,-, -,-, -,0,0,0,1,10250,-,-, -,-, -,-,-, -,-, -
03568300,LEON STUDIO ONE SCHOOL OF BEAUTY KNOWLEDGE,NY,142215323,Proprietary,3,3,9125,13,20637,3,3,9214,16,29761,-,-, -,-, -,-,-, -,-, -,-,-, -,-, -
03570300,CAROLINA CHRISTIAN COLLEGE,NC,271053241,Private-Nonprofit,-,-, -,-, -,1,1,2000,1,2000,0,0,0,2,12368,-,-, -,-, -,-,-, -,-, -
03570500,NORTHPOINT BIBLE COLLEGE,MA,018350000,Private-Nonprofit,-,-, -,-, -,0,0,0,1,2800,0,0,0,6,23643,-,-, -,-, -,-,-, -,-, -
03573300,AVIATION INSTITUTE OF MAINTENANCE,TX,750626303,Proprietary,208,250,700097,603,940658,191,216,739589,511,1017455,-,-, -,-, -,28,29,194547,67,265337,-,-, -,-, -
03577300,COBA ACADEMY,CA,928014622,Proprietary,54,57,150024,126,178159,51,54,158489,122,186067,-,-, -,-, -,2,2,20055,5,23955,-,-, -,-, -
03579300,TEXAS COUNTY TECHNICAL INSTITUTE,MO,654832700,Proprietary,34,34,115712,69,115712,32,32,144248,63,144248,-,-, -,-, -,-,-, -,-, -,-,-, -,-, -
03583300,OHIO INSTITUTE OF ALLIED HEALTH,OH,454243646,Private-Nonprofit,53,54,113024,169,176449,57,60,218273,188,330084,-,-, -,-, -,2,2,15834,7,26500,-,-, -,-, -
03584400,COLORADO SCHOOL OF HEALING ARTS,CO,802264332,Proprietary,11,11,27333,29,38533,9,9,36800,26,53900,-,-, -,-, -,1,1,2500,2,2500,-,-, -,-, -
03588300,IRENE'S MYOMASSOLOGY INSTITUTE,MI,480332404,Proprietary,52,52,124872,151,197178,51,51,199330,150,319119,-,-, -,-, -,1,1,1283,1,1283,-,-, -,-, -
03589400,ARTS UNIVERSITY BOURNEMOUTH,,BH12 5HH,Foreign-Private,0,0,0,8,12332,0,0,0,7,7829,0,0,0,4,27332,0,0,0,4,45715,0,0,0,3,15944
03590400,NTMA MACHINIST CAREER COLLEGE,CA,906703722,Private-Nonprofit,25,25,87500,54,94500,27,29,107310,62,115082,-,-, -,-, -,4,4,19610,10,26660,-,-, -,-, -
03593300,SOUTHWEST INSTITUTE OF HEALING ARTS,AZ,852825687,Proprietary,147,148,409173,439,685055,149,150,698030,446,1147121,-,-, -,-, -,4,4,20901,14,46164,-,-, -,-, -
03597300,JAGIELLONIAN UNIVERSITY,,31-007,Foreign-Private,-,-, -,-, -,-,-, -,-, -,1,1,14600,1,14600,-,-, -,-, -,-,-, -,-, -
03611400,FLORIDA BARBER ACADEMY,FL,333173127,Proprietary,77,77,209445,195,282386,76,76,317127,191,422970,-,-, -,-, -,1,1,4344,2,4344,-,-, -,-, -
03612400,VALLEY GRANDE INSTITUTE FOR ACADEMIC STUDIES,TX,785960000,Private-Nonprofit,66,68,204241,153,244967,68,72,247473,155,293882,-,-, -,-, -,9,9,36449,20,44799,-,-, -,-, -
03613300,UNIVERSITY OF NORTHERN BRITISH COLUMBIA,,V2N 4Z9,Foreign-Private,-,-, -,-, -,-,-, -,-, -,0,0,0,1,2668,-,-, -,-, -,-,-, -,-, -
03616300,AVIATION INSTITUTE OF MAINTENANCE,MO,641291811,Proprietary,84,89,287763,212,367609,78,83,333459,193,413758,-,-, -,-, -,17,19,126223,51,171405,-,-, -,-, -
03617300,HEALING MOUNTAIN MASSAGE SCHOOL,UT,841024006,Proprietary,21,21,62518,67,110768,20,21,67343,66,127015,-,-, -,-, -,-,-, -,-, -,-,-, -,-, -
03617500,PHOENIX INSTITUTE OF HERBAL MEDICINE & ACUPUNCTURE,AZ,850121275,Proprietary,0,0,0,1,2750,-,-, -,-, -,12,12,230184,91,634332,-,-, -,-, -,9,9,196517,58,460545
03619300,UNIVERSITY OF GREENWICH,,SE10 9LS,Foreign-Private,1,1,4500,30,42673,1,1,2000,35,42969,1,1,20500,25,171789,1,1,24800,19,206780,0,0,0,18,192079
03626300,BROWN AVEDA INSTITUTE,OH,440606212,Proprietary,68,68,182054,201,272445,67,67,198010,211,321672,-,-, -,-, -,8,8,57367,19,71192,-,-, -,-, -
03627300,LAMAR INSTITUTE OF TECHNOLOGY,TX,777054142,Public,50,50,113078,99,114828,34,35,92875,70,95875,-,-, -,-, -,-,-, -,-, -,-,-, -,-, -
03627600,FLORIDA EDUCATION INSTITUTE,FL,331445036,Proprietary,168,169,546440,418,711487,167,168,868366,417,1132580,-,-, -,-, -,11,11,67107,24,72536,-,-, -,-, -
03639300,SMITH CHASON COLLEGE,CA,900102502,Proprietary,508,508,1772463,2103,3003441,532,533,2351888,2189,3939263,-,-, -,-, -,50,50,438119,217,717407,-,-, -,-, -
03642300,INSTITUTE OF TECHNOLOGY,OR,973051373,Proprietary,110,116,270564,274,317589,107,110,402134,261,475048,-,-, -,-, -,5,5,43400,12,45931,-,-, -,-, -
03645400,"RUDY & KELLY ACADEMY, A PAUL MITCHELL PARTNER SCHOOL",VA,234646857,Proprietary,33,33,100893,110,173625,41,43,141072,130,232520,-,-, -,-, -,2,2,15000,6,33275,-,-, -,-, -
03646300,DESIGN'S SCHOOL OF COSMETOLOGY,CA,934469530,Proprietary,31,31,76055,71,94371,31,31,78092,83,104756,-,-, -,-, -,4,4,22605,11,35675,-,-, -,-, -
03650600,PC AGE,NJ,073063936,Proprietary,97,97,220601,200,252101,100,100,294705,205,336705,-,-, -,-, -,5,5,56059,12,66881,-,-, -,-, -
03653400,UNIVERSIDAD DE IBEROAMÉRICA,,11870-1000,Foreign-Private,-,-, -,-, -,-,-, -,-, -,5,5,97941,12,120285,-,-, -,-, -,3,3,9215,6,9215
03654300,EASTERN VIRGINIA CAREER COLLEGE,VA,224088605,Proprietary,48,48,155419,124,206009,49,49,211349,125,286844,-,-, -,-, -,3,3,35648,7,39211,-,-, -,-, -
03661400,SOUTH FLORIDA INSTITUTE OF TECHNOLOGY,FL,331253013,Proprietary,619,619,2100552,1356,2327078,608,608,3458805,1326,3817918,-,-, -,-, -,-,-, -,-, -,-,-, -,-, -
03663300,HOOD THEOLOGICAL SEMINARY,NC,281445768,Private-Nonprofit,-,-, -,-, -,-,-, -,-, -,23,23,101600,23,101600,-,-, -,-, -,-,-, -,-, -
03666300,PILLAR COLLEGE,NJ,071025511,Private-Nonprofit,28,31,61623,99,103977,33,35,95099,106,158725,36,49,474086,121,593167,-,-, -,-, -,2,2,17593,4,17593
03670300,TIGI HAIRDRESSING ACADEMY LEGACY,CO,809184001,Proprietary,67,72,201991,159,233282,71,77,248307,165,288029,-,-, -,-, -,1,1,4700,2,4700,-,-, -,-, -
03674300,ABERTAY UNIVERSITY,,DD1 1HG,Foreign-Private,-,-, -,-, -,-,-, -,-, -,0,0,0,2,13666,-,-, -,-, -,0,0,0,3,14731
03676300,FAMILY OF FAITH CHRISTIAN UNIVERSITY,OK,748049526,Private-Nonprofit,-,-, -,-, -,0,0,0,1,2000,3,3,8980,22,60034,-,-, -,-, -,-,-, -,-, -
03678300,PIMA MEDICAL INSTITUTE,NM,871103935,Proprietary,190,194,626127,511,938083,179,196,741907,510,1127782,-,-, -,-, -,22,22,243833,55,321897,-,-, -,-, -
03680300,JAY'S TECHNICAL INSTITUTE,TX,770713509,Proprietary,2,2,5105,6,10355,2,2,4000,3,5000,-,-, -,-, -,-,-, -,-, -,-,-, -,-, -
03681300,CALIFORNIA HEALING ARTS COLLEGE,CA,907463207,Proprietary,80,83,240792,201,324819,77,79,348875,189,472534,-,-, -,-, -,10,12,71009,29,97862,-,-, -,-, -
03682400,DALLAS BARBER & STYLIST COLLEGE,TX,752436017,Proprietary,6,6,18472,32,39477,6,6,27405,24,61351,-,-, -,-, -,-,-, -,-, -,-,-, -,-, -
03684400,UNIVERSITY OF LINCOLN,,LN6 7TS,Foreign-Private,-,-, -,-, -,-,-, -,-, -,0,0,0,9,64922,-,-, -,-, -,0,0,0,9,49430
03686300,COLORADO CHINESE MEDICINE UNIVERSITY,CO,802062127,Proprietary,-,-, -,-, -,-,-, -,-, -,20,20,262906,55,412784,-,-, -,-, -,11,12,98298,26,121993
03689400,FAITH INTERNATIONAL UNIVERSITY,WA,984072607,Private-Nonprofit,14,15,46625,62,82244,14,14,57283,62,108568,9,9,63230,47,202707,-,-, -,-, -,1,1,9069,4,21875
03691400,AVE MARIA SCHOOL OF LAW,FL,341191376,Private-Nonprofit,-,-, -,-, -,-,-, -,-, -,15,15,199699,15,199699,-,-, -,-, -,79,82,1140372,85,1140372
03694300,UNIVERSITY OF CHICHESTER,,PO19 6PE,Foreign-Private,-,-, -,-, -,-,-, -,-, -,0,0,0,3,23918,-,-, -,-, -,0,0,0,2,15828
03695300,COMMUNITY ENHANCEMENT SERVICES,CA,915022750,Private-Nonprofit,25,25,69182,81,119419,23,23,72034,77,151206,-,-, -,-, -,0,0,0,1,545,-,-, -,-, -
03695500,ARIZONA SCHOOL OF ACUPUNCTURE AND ORIENTAL MEDICINE,AZ,857161518,Proprietary,-,-, -,-, -,-,-, -,-, -,12,12,228182,28,277758,-,-, -,-, -,9,9,163461,17,163461
03695700,SANTIAGO CANYON COLLEGE,CA,928694512,Public,29,29,68875,124,137283,20,20,60545,70,102741,-,-, -,-, -,2,2,24389,5,24389,-,-, -,-, -
03696300,UNIVERSITY OF THE WEST,CA,917703709,Private-Nonprofit,-,-, -,-, -,-,-, -,-, -,-,-, -,-, -,-,-, -,-, -,1,1,14889,1,14889
03696400,SABER COLLEGE,FL,331341604,Private-Nonprofit,69,71,269106,183,368231,70,72,387620,184,532495,-,-, -,-, -,5,5,24846,8,24846,-,-, -,-, -
03698300,WEST COAST UNIVERSITY,CA,916063206,Proprietary,4626,4948,19692877,13593,28408400,4649,4720,23985753,12982,34731243,698,790,8813982,2386,14256212,504,529,11742218,1385,16645394,212,279,3095700,771,4778968
03702300,DELAWARE LEARNING INSTITUTE OF COSMETOLOGY,DE,199399759,Proprietary,25,26,65162,70,92431,25,26,74664,69,109651,-,-, -,-, -,2,2,9309,4,9309,-,-, -,-, -
03706300,HOLLYWOOD INSTITUTE,FL,330633901,Proprietary,43,43,97134,106,125454,38,38,126855,97,165455,-,-, -,-, -,3,3,11206,7,13660,-,-, -,-, -
03709300,EDWARD VIA VIRGINIA COLLEGE OF OSTEOPATHIC MEDICINE,VA,240606360,Private-Nonprofit,-,-, -,-, -,-,-, -,-, -,55,86,1897995,157,2120162,-,-, -,-, -,75,110,1529624,194,1632772
03714300,TREND BARBER COLLEGE,TX,770712104,Proprietary,56,58,133506,124,166318,58,60,195987,128,238090,-,-, -,-, -,-,-, -,-, -,-,-, -,-, -
03720300,CARLSON COLLEGE OF MASSAGE THERAPY,IA,522057519,Proprietary,1,1,1797,15,21242,1,1,3080,16,33382,-,-, -,-, -,-,-, -,-, -,-,-, -,-, -
03723300,CULINARY INSTITUTE LENOTRE,TX,770224322,Proprietary,112,112,313819,390,467995,118,118,400101,389,557728,-,-, -,-, -,23,23,135274,78,183558,-,-, -,-, -
03724300,DIGIPEN INSTITUTE OF TECHNOLOGY,WA,980525170,Proprietary,1,1,1000,4,6250,3,3,9500,9,22000,-,-, -,-, -,7,7,71438,9,98680,-,-, -,-, -
03727500,MOORE CAREER COLLEGE,LA,708174182,Proprietary,28,28,81045,65,100461,28,28,105756,69,125288,-,-, -,-, -,-,-, -,-, -,-,-, -,-, -
03727600,AUGUSTE ESCOFFIER SCHOOL OF CULINARY ARTS,TX,787520000,Proprietary,108,108,392401,268,518199,109,109,446594,268,574270,-,-, -,-, -,31,32,279975,81,352851,-,-, -,-, -
03728300,UNIVERSITY OF DERBY,,DE22 1GB,Foreign-Private,-,-, -,-, -,0,0,0,1,3000,0,0,0,4,27336,-,-, -,-, -,0,0,0,4,20023
03729300,NEW HAMPSHIRE INSTITUTE FOR THERAPEUTIC ARTS,NH,030604906,Proprietary,-,-, -,-, -,0,0,0,1,3957,-,-, -,-, -,0,0,0,1,3270,-,-, -,-, -
03730300,BATON ROUGE COMMUNITY COLLEGE,LA,708064129,Public,281,282,763663,569,773163,326,333,1000498,668,1015083,-,-, -,-, -,2,2,4542,4,4542,-,-, -,-, -
03732300,IYRS SCHOOL OF TECHNOLOGY & TRADES,RI,028406720,Private-Nonprofit,3,3,10033,15,25817,3,3,9733,16,33050,-,-, -,-, -,-,-, -,-, -,-,-, -,-, -
03734300,JOHN D. ROCKEFELLER IV CAREER CENTER,WV,260479424,Public,0,0,0,11,14762,0,0,0,11,15056,-,-, -,-, -,-,-, -,-, -,-,-, -,-, -
03735300,INSTITUTE OF CLINICAL ACUPUNCTURE AND ORIENTAL MEDICINE,HI,968174724,Proprietary,-,-, -,-, -,-,-, -,-, -,2,2,25668,33,193530,-,-, -,-, -,0,0,0,5,16666
03740400,ATI COLLEGE,CA,906032139,Proprietary,45,46,149301,129,226161,36,37,100878,117,172503,-,-, -,-, -,2,2,11800,6,16206,-,-, -,-, -
03746300,LEGRAND INSTITUTE OF COSMETOLOGY,SC,290200000,Proprietary,9,9,21851,25,34844,11,11,26613,31,35908,-,-, -,-, -,0,0,0,2,5183,-,-, -,-, -
03746400,SOUTHEASTERN COLLEGE,SC,292230000,Proprietary,74,75,209892,213,340017,71,74,289967,210,481257,-,-, -,-, -,9,9,96532,23,132049,-,-, -,-, -
03747300,BEXLEY SEABURY SEMINARY FEDERATION,IL,606372920,Private-Nonprofit,-,-, -,-, -,-,-, -,-, -,0,0,0,2,5966,-,-, -,-, -,-,-, -,-, -
03750300,PROSPECT COLLEGE,DC,200063749,Proprietary,68,68,219485,130,219488,69,74,283435,151,298736,-,-, -,-, -,-,-, -,-, -,-,-, -,-, -
03751300,ESCUELA HOTELERA DE SAN JUAN,PR,009170091,Proprietary,18,18,60032,42,72282,16,16,55018,39,77018,-,-, -,-, -,-,-, -,-, -,-,-, -,-, -
03752400,SUM BIBLE COLLEGE & THEOLOGICAL SEMINARY,CA,987625711,Private-Nonprofit,20,20,42154,42,54568,21,21,47449,39,50125,2,2,5000,4,6100,-,-, -,-, -,-,-, -,-, -
03757300,ADVANCE SCIENCE INTERNATIONAL COLLEGE,FL,330140000,Proprietary,78,86,366770,171,368520,72,79,418824,149,421824,-,-, -,-, -,-,-, -,-, -,-,-, -,-, -
03759300,STELLAR CAREER COLLEGE,CA,953569327,Proprietary,63,64,155022,144,185485,66,67,183629,152,212597,-,-, -,-, -,5,5,26357,11,31725,-,-, -,-, -
03764300,ST. MATTHEW'S UNIVERSITY SCHOOL OF MEDICINE,,,Foreign-For-Profit,-,-, -,-, -,-,-, -,-, -,80,81,959470,173,1104387,-,-, -,-, -,94,95,2907808,213,3230926
03766300,CORTIVA INSTITUTE,PA,194063101,Proprietary,26,26,75709,60,91709,24,24,113070,59,145039,-,-, -,-, -,1,1,6254,2,6254,-,-, -,-, -
03770300,NAZARENE THEOLOGICAL COLLEGE,,M2O 2GU,Foreign-Private,-,-, -,-, -,1,1,3700,2,3700,-,-, -,-, -,-,-, -,-, -,-,-, -,-, -
03776300,AUGUSTE ESCOFFIER SCHOOL OF CULINARY ARTS,CO,803055961,Proprietary,2506,2520,6980078,6813,10508020,2552,2576,10152122,7128,15283658,-,-, -,-, -,22,22,146369,57,237386,-,-, -,-, -
03776400,ORION INSTITUTE,OH,435513138,Proprietary,20,20,54600,50,70000,24,24,108700,57,131100,-,-, -,-, -,2,2,12650,5,14511,-,-, -,-, -
03776500,"UNIVERSIDAD DE LA SALLE BAJIO, A.C.",,37150,Foreign-Private,17,17,59500,52,98949,19,19,50250,59,114984,3,3,61500,65,666250,8,8,206590,18,240152,31,32,1205568,142,3018139
03777300,PAUL MITCHELL THE SCHOOL CHARLOTTE,NC,282042509,Proprietary,74,76,216657,194,301187,73,76,233074,202,331740,-,-, -,-, -,9,10,72794,23,82373,-,-, -,-, -
03780300,SABA UNIVERSITY SCHOOL OF MEDICINE,,,Foreign-For-Profit,-,-, -,-, -,-,-, -,-, -,90,90,1119012,179,1283012,-,-, -,-, -,96,96,2815541,197,3192211
03781300,PITC INSTITUTE,PA,190951221,Proprietary,144,146,516183,388,704967,141,141,499659,356,678762,-,-, -,-, -,2,2,13749,8,24272,-,-, -,-, -
03783300,BLUE CLIFF CAREER COLLEGE,AL,366064749,Proprietary,24,24,69321,67,95963,23,23,72779,62,102441,-,-, -,-, -,-,-, -,-, -,-,-, -,-, -
03789300,UNITECH TRAINING ACADEMY,LA,705067215,Proprietary,448,448,1228654,1199,1898785,413,426,1655594,1216,2612513,-,-, -,-, -,57,57,246090,150,384059,-,-, -,-, -
03789400,RIVER PARISHES COMMUNITY COLLEGE,LA,707378134,Public,61,62,217394,137,219854,35,36,162098,74,170098,-,-, -,-, -,1,1,6464,3,6464,-,-, -,-, -
03797400,CAREER CARE INSTITUTE,CA,935344765,Proprietary,200,202,636122,567,950127,188,190,834191,547,1241121,-,-, -,-, -,16,16,173855,56,315740,-,-, -,-, -
03801400,BEAUTY INSTITUTE (THE),FL,334092972,Proprietary,7,7,24500,19,33250,7,7,34000,19,47000,-,-, -,-, -,-,-, -,-, -,-,-, -,-, -
03803300,HEALTHCARE TRAINING INSTITUTE,NJ,070833504,Proprietary,38,40,133122,96,165732,38,40,181030,101,226366,-,-, -,-, -,3,3,33887,7,37275,-,-, -,-, -
03804400,GWINNETT COLLEGE,GA,300676040,Proprietary,62,66,119068,223,205786,49,51,128155,180,236963,-,-, -,-, -,1,1,5045,5,7390,-,-, -,-, -
03807300,ROSE BRUFORD COLLEGE OF THEATRE AND PERFORMANCE,,DA15 9DF,Foreign-Private,0,0,0,1,1166,0,0,0,3,6332,0,0,0,11,75006,-,-, -,-, -,0,0,0,8,71933
03808300,INSTITUTE OF BEAUTY AND WELLNESS (THE),WI,532025715,Proprietary,97,97,251273,208,278396,102,102,343381,221,396162,-,-, -,-, -,13,13,66687,30,89571,-,-, -,-, -
03811300,EASTERN SCHOOL OF ACUPUNCTURE AND TRADITIONAL MEDICINE,NJ,070033426,Proprietary,-,-, -,-, -,-,-, -,-, -,16,17,266500,28,287000,-,-, -,-, -,-,-, -,-, -
03812300,OMNITECH INSTITUTE,GA,303495555,Proprietary,19,19,54627,32,49126,19,19,77501,34,79417,-,-, -,-, -,1,1,10038,2,9575,-,-, -,-, -
03813300,NORTHCENTRAL UNIVERSITY,CA,920371013,Private-Nonprofit,37,37,111618,315,189737,39,39,163449,352,267471,2698,2722,35805455,29624,64328402,-,-, -,-, -,1064,1106,17124823,11175,30751318
03814300,TURNING POINT BEAUTY COLLEGE,AZ,852253447,Proprietary,11,11,24917,28,33367,11,11,27804,24,33404,-,-, -,-, -,-,-, -,-, -,-,-, -,-, -
03814400,SOKA UNIVERSITY OF AMERICA,CA,926568081,Private-Nonprofit,-,-, -,-, -,1,1,2000,2,2000,-,-, -,-, -,-,-, -,-, -,-,-, -,-, -
03816300,ARTISTIC NAILS & BEAUTY ACADEMY,FL,336055919,Proprietary,139,139,297067,298,380683,124,124,444580,272,560128,-,-, -,-, -,6,6,25629,15,31629,-,-, -,-, -
03816400,AMERICAN GRADUATE SCHOOL IN PARIS,,75006,Foreign-Private,-,-, -,-, -,-,-, -,-, -,0,0,0,1,7600,-,-, -,-, -,-,-, -,-, -
03819300,AMERICAN PUBLIC UNIVERSITY SYSTEM,WV,254141621,Proprietary,1970,2079,6228248,6837,9800734,2089,2210,8426413,7071,13092308,871,943,8536204,2652,13726284,2,2,17027,9,32870,55,59,546649,182,939209
03821400,UNIVERSAL COLLEGE OF HEALING ARTS,NE,681121810,Proprietary,8,8,25150,23,39258,9,9,43700,24,64700,-,-, -,-, -,-,-, -,-, -,-,-, -,-, -
03822300,PAUL MITCHELL THE SCHOOL - MADISON,WI,537170000,Proprietary,17,18,44994,34,50976,13,13,33758,27,43502,-,-, -,-, -,-,-, -,-, -,-,-, -,-, -
03823300,FLORIDA ACADEMY OF HEALTH & BEAUTY,FL,333111243,Proprietary,13,13,35962,41,59542,8,8,17386,25,31720,-,-, -,-, -,-,-, -,-, -,-,-, -,-, -
03824300,"ROYAL VETERINARY COLLEGE (THE), UNIVERSITY OF LONDON",,NW1 0TU,Foreign-Private,0,0,0,3,4166,0,0,0,4,6500,0,0,0,90,615060,-,-, -,-, -,1,1,53464,120,1842495
03827300,CHARLOTTE CHRISTIAN COLLEGE AND THEOLOGICAL SEMINARY,NC,282271648,Private-Nonprofit,12,12,50979,28,63054,13,13,66532,34,99282,22,22,366391,83,456534,-,-, -,-, -,-,-, -,-, -
03829500,SKINWORKS SCHOOL OF ADVANCED SKINCARE,UT,841152844,Proprietary,30,30,70207,70,104335,28,28,69287,66,107018,-,-, -,-, -,-,-, -,-, -,-,-, -,-, -
03830300,SAE INSTITUTE OF TECHNOLOGY,TN,372034310,Proprietary,501,515,1462559,1180,1958177,487,516,1842707,1193,2451465,-,-, -,-, -,56,59,638624,167,994562,-,-, -,-, -
03832400,COSMETOLOGY SCHOOL OF ARTS & SCIENCES,ID,833184901,Proprietary,5,5,14000,16,27416,4,4,13000,11,24575,-,-, -,-, -,-,-, -,-, -,-,-, -,-, -
03833300,AMERICAN ACADEMY OF HEALTH AND WELLNESS,MN,551130000,Proprietary,-,-, -,-, -,-,-, -,-, -,0,0,0,6,42064,-,-, -,-, -,0,0,0,1,8294
03837300,AVEDA FREDRIC'S INSTITUTE,OH,450692794,Proprietary,111,112,308334,290,425669,112,113,386177,295,525032,-,-, -,-, -,16,16,165605,43,210076,-,-, -,-, -
03838300,NIGHTINGALE COLLEGE,UT,841110000,Proprietary,1293,1334,4743836,3161,6796332,1261,1300,6734418,3187,9673650,0,0,0,1,3714,16,16,208911,35,241337,-,-, -,-, -
03838500,NORTHWEST CAREER COLLEGE,NV,891280255,Proprietary,339,339,1017497,1011,1548066,318,318,1357107,946,2098825,-,-, -,-, -,6,6,42081,24,68860,-,-, -,-, -
03839300,AVEDA ARTS & SCIENCES INSTITUTE NEW YORK,NY,100131522,Proprietary,70,70,180095,181,248856,72,73,246176,186,331675,-,-, -,-, -,2,2,12042,12,51430,-,-, -,-, -
03840300,OMEGA GRADUATE SCHOOL,TN,373216736,Private-Nonprofit,-,-, -,-, -,-,-, -,-, -,0,0,0,6,60428,-,-, -,-, -,0,0,0,2,19848
03841300,LAWRENCEBURG TECHNICAL COLLEGE,TN,384643634,Proprietary,8,8,22729,15,23896,4,5,7454,10,7454,-,-, -,-, -,-,-, -,-, -,-,-, -,-, -
03842500,CAMBRIDGE COLLEGE OF HEALTHCARE & TECHNOLOGY,FL,327010000,Proprietary,131,135,403048,307,552241,135,140,491647,312,648988,-,-, -,-, -,5,5,42511,18,60198,-,-, -,-, -
03853300,KECK GRADUATE INSTITUTE OF APPLIED LIFE SCIENCES,CA,917114817,Private-Nonprofit,-,-, -,-, -,-,-, -,-, -,125,125,2521500,246,2521500,-,-, -,-, -,116,124,5385857,240,5385857
03855300,ECCLESIA COLLEGE,AR,727628159,Private-Nonprofit,2,2,5250,5,9750,1,1,3000,2,3000,-,-, -,-, -,-,-, -,-, -,-,-, -,-, -
03856500,FLORIDA SCHOOL OF TRADITIONAL MIDWIFERY,FL,326015507,Private-Nonprofit,25,30,98783,56,98783,26,31,139678,57,139678,-,-, -,-, -,-,-, -,-, -,-,-, -,-, -
03859300,EINE ELECTROLOGY/ESTHETICS INSTITUTE OF NE,MA,018764709,Proprietary,8,8,15832,24,28959,8,8,25999,24,46085,-,-, -,-, -,-,-, -,-, -,-,-, -,-, -
03859400,FALMOUTH UNIVERSITY,,TR11 4RH,Foreign-Private,0,0,0,1,1166,0,0,0,1,666,0,0,0,1,6834,-,-, -,-, -,-,-, -,-, -
03862600,VERITAS BAPTIST COLLEGE,IN,470250000,Private-Nonprofit,3,4,7892,7,7892,3,3,11478,5,11478,1,1,2077,1,2077,-,-, -,-, -,-,-, -,-, -
03868300,WORLD MISSION UNIVERSITY,CA,900201789,Private-Nonprofit,-,-, -,-, -,-,-, -,-, -,2,2,6000,4,6000,-,-, -,-, -,-,-, -,-, -
03868400,LOS ANGELES COLLEGE OF MUSIC,CA,911052540,Proprietary,12,12,50945,73,126515,4,4,13827,65,89721,-,-, -,-, -,8,8,33825,39,224386,-,-, -,-, -
03871300,FOLSOM LAKE COLLEGE,CA,956306798,Public,24,24,82145,49,83895,18,18,40571,37,43571,-,-, -,-, -,-,-, -,-, -,-,-, -,-, -
03872400,DIVINE MERCY UNIVERSITY,VA,201663609,Private-Nonprofit,-,-, -,-, -,-,-, -,-, -,84,85,1250116,247,1956031,-,-, -,-, -,28,29,732107,85,1005865
03873300,COPENHAGEN BUSINESS SCHOOL,,DK-2000,Foreign-Private,2,2,10000,4,10000,2,2,13000,4,13000,3,3,61500,7,61500,-,-, -,-, -,2,2,39384,4,39384
03874300,CAMBRIDGE JUNIOR COLLEGE,CA,959914002,Proprietary,9,9,30625,35,60375,9,9,33910,36,70752,-,-, -,-, -,0,0,0,4,15002,-,-, -,-, -
03874400,COMMUNITY CHRISTIAN COLLEGE,CA,923742893,Private-Nonprofit,145,149,381364,385,446946,146,151,309359,381,354313,-,-, -,-, -,5,5,70067,12,70407,-,-, -,-, -
03876300,CULPEPER COSMETOLOGY TRAINING CENTER,VA,227013105,Public,11,11,33500,29,44922,10,10,35832,31,50411,-,-, -,-, -,2,2,4624,5,7602,-,-, -,-, -
03881400,EUROPEAN MASSAGE THERAPY SCHOOL  (THE),NV,891178826,Proprietary,24,24,56928,80,93863,24,24,73533,81,132588,-,-, -,-, -,2,2,8548,5,11784,-,-, -,-, -
03883400,AVIATION INSTITUTE OF MAINTENANCE,VA,201094156,Proprietary,77,88,275695,213,361060,78,87,302663,212,409735,-,-, -,-, -,16,16,165066,39,203754,-,-, -,-, -
03885300,EMPLOYMENT SOLUTIONS,KY,405173260,Private-Nonprofit,56,56,115859,130,158206,59,59,160606,138,209759,-,-, -,-, -,1,1,8650,3,9900,-,-, -,-, -
03888300,DRAGON RISES COLLEGE OF ORIENTAL MEDICINE,FL,326015089,Private-Nonprofit,-,-, -,-, -,-,-, -,-, -,11,11,204616,33,307982,-,-, -,-, -,6,6,58855,14,68165
03889300,STANBRIDGE UNIVERSITY,CA,926121105,Proprietary,781,806,3086634,2791,4476906,774,797,3869576,2766,5680385,86,86,1746806,225,2290056,89,92,1953735,297,2530990,52,52,860995,148,1123131
03891300,SOMA INSTITUTE - THE NATIONAL SCHOOL OF CLINICAL MASSAGE THERAPY,IL,606044110,Proprietary,58,59,131784,167,232054,55,57,192262,173,357422,-,-, -,-, -,-,-, -,-, -,-,-, -,-, -
03894300,HUNTSVILLE BIBLE COLLEGE,AL,358111632,Private-Nonprofit,3,3,4500,7,6250,3,3,5500,7,8500,-,-, -,-, -,-,-, -,-, -,-,-, -,-, -
03900300,MEDICAL UNIVERSITY OF THE AMERICAS,,,Foreign-For-Profit,-,-, -,-, -,-,-, -,-, -,109,110,1500085,240,1756329,-,-, -,-, -,119,123,4036707,285,4618181
03903400,AMERICAN BEAUTY SCHOOL,NY,104628003,Proprietary,17,17,48619,50,69468,10,10,28211,21,30211,-,-, -,-, -,-,-, -,-, -,-,-, -,-, -
03903500,SOUTHERN TECHNICAL COLLEGE,FL,328090000,Proprietary,677,701,1583233,2330,2370102,651,672,2067367,2261,3162573,-,-, -,-, -,35,36,188372,155,355532,-,-, -,-, -
03907300,PAUL MITCHELL THE SCHOOL GREAT LAKES,MI,480600000,Proprietary,53,53,152979,138,211229,58,58,171115,157,227730,-,-, -,-, -,5,5,28934,12,43670,-,-, -,-, -
03909300,PAUL MITCHELL THE SCHOOL LOGAN,UT,843410000,Proprietary,29,29,77269,76,115222,26,26,88276,68,128177,-,-, -,-, -,-,-, -,-, -,-,-, -,-, -
03910400,NATIONAL POLYTECHNIC COLLEGE,CA,907121043,Proprietary,93,95,364333,227,448358,82,83,301722,205,380490,-,-, -,-, -,11,11,57044,26,64044,-,-, -,-, -
03914300,"CALC, INSTITUTE OF TECHNOLOGY",IL,620025946,Proprietary,14,14,35712,40,58673,14,14,45526,45,80853,-,-, -,-, -,0,0,0,5,17517,-,-, -,-, -
03917300,EVERGREEN BEAUTY AND BARBER COLLEGE,WA,982083759,Proprietary,237,237,634634,564,817549,240,240,867364,548,1094287,-,-, -,-, -,11,11,88826,36,161840,-,-, -,-, -
03921300,CAMEO COLLEGE OF ESSENTIAL BEAUTY,UT,841076134,Proprietary,44,44,109012,109,142100,42,42,106842,103,146307,-,-, -,-, -,-,-, -,-, -,-,-, -,-, -
03923300,PRECISION MANUFACTURING INSTITUTE,PA,163358380,Private-Nonprofit,3,3,7306,3,3070,2,2,3000,2,1167,-,-, -,-, -,-,-, -,-, -,-,-, -,-, -
03935300,CALIFORNIA NURSES EDUCATIONAL INSTITUTE,CA,922702703,Proprietary,85,85,319916,203,390779,83,83,442462,201,528050,-,-, -,-, -,10,10,120766,21,123258,-,-, -,-, -
03939600,DAYTONA COLLEGE,FL,321748449,Proprietary,60,60,171787,172,252132,50,54,149235,154,223316,-,-, -,-, -,3,3,6110,9,16926,-,-, -,-, -
03941300,AVE MARIA UNIVERSITY,FL,341429505,Private-Nonprofit,3,3,7968,5,9718,9,10,28011,15,29011,2,2,25554,4,36794,2,2,8500,2,8500,0,0,0,1,10506
03945300,UNIVERSITY OF WEST LONDON (THE),,W5 5RF,Foreign-Private,2,2,7000,2,7000,2,2,4000,2,4000,0,0,0,14,95171,1,1,2500,1,2500,0,0,0,7,60994
03948300,HARRISBURG UNIVERSITY OF SCIENCE AND TECHNOLOGY,PA,171012116,Private-Nonprofit,40,41,83614,82,83614,31,32,51872,64,51872,15,16,93498,32,93498,3,3,14002,6,14002,-,-, -,-, -
03949300,WON INSTITUTE OF GRADUATE STUDIES,PA,189744836,Private-Nonprofit,-,-, -,-, -,-,-, -,-, -,2,2,13500,62,377809,-,-, -,-, -,9,9,84128,29,176604
03956300,SOUTH LOUISIANA COMMUNITY COLLEGE,LA,705060000,Public,167,168,490689,480,751685,149,153,457134,434,813036,-,-, -,-, -,2,2,12414,4,20978,-,-, -,-, -
03957300,BLUE RIDGE COMMUNITY AND TECHNICAL COLLEGE,WV,254036043,Public,26,26,50034,68,66662,17,17,39616,62,102834,-,-, -,-, -,-,-, -,-, -,-,-, -,-, -
03957400,NEW COLLEGE OF FLORIDA,FL,342432109,Public,1,1,951,1,951,1,2,2798,2,2798,-,-, -,-, -,-,-, -,-, -,-,-, -,-, -
03960300,NEW RIVER COMMUNITY AND TECHNICAL COLLEGE,WV,258132636,Public,41,43,79962,86,79962,30,30,47016,60,47016,-,-, -,-, -,-,-, -,-, -,-,-, -,-, -
03962300,AMERICAN INSTITUTE OF MASSAGE THERAPY,CA,927055411,Proprietary,2,2,4833,4,4833,1,1,4160,2,4160,-,-, -,-, -,-,-, -,-, -,-,-, -,-, -
03964400,INTERNATIONAL SCHOOL OF BEAUTY,CA,922602740,Proprietary,22,22,62631,82,128028,21,21,65216,76,119786,-,-, -,-, -,0,0,0,2,7609,-,-, -,-, -
03965400,MYRANGEL BEAUTY INSTITUTE,PR,007543917,Proprietary,15,15,31500,23,39750,16,16,39607,24,45864,-,-, -,-, -,-,-, -,-, -,-,-, -,-, -
03965500,HAIR EXPRESSIONS - PAUL MITCHELL PARTNER SCHOOL,MD,207940000,Proprietary,80,80,209031,194,262671,76,76,226731,189,289126,-,-, -,-, -,7,7,61964,14,69964,-,-, -,-, -
03966300,VIRGINIA BEACH THEOLOGICAL SEMINARY,VA,234646847,Private-Nonprofit,-,-, -,-, -,-,-, -,-, -,0,0,0,1,6832,-,-, -,-, -,-,-, -,-, -
03968300,LAKEWOOD SCHOOL OF THERAPEUTIC MASSAGE,MI,480605347,Proprietary,3,3,8751,6,8751,3,3,8332,6,8332,-,-, -,-, -,-,-, -,-, -,-,-, -,-, -
03969600,UEI COLLEGE,CA,902474201,Proprietary,1355,1360,3977209,3622,6100228,1242,1246,5784629,3476,9096357,-,-, -,-, -,72,72,692120,218,1123538,-,-, -,-, -
03970300,HANDS ON THERAPY,TX,751492294,Proprietary,24,24,67226,58,87221,24,24,104947,59,133499,-,-, -,-, -,-,-, -,-, -,-,-, -,-, -
03970400,WELLSPRING SCHOOL OF ALLIED HEALTH,MO,641143313,Proprietary,144,145,382310,306,536986,141,147,419110,310,606057,-,-, -,-, -,3,3,15677,7,22096,-,-, -,-, -
03971300,AMERICAN CAREER COLLEGE,CA,917644906,Proprietary,481,489,1568752,1718,2634596,482,495,2027350,1714,3438460,-,-, -,-, -,52,53,564359,163,829472,-,-, -,-, -
03973300,SAE  EXPRESSION COLLEGE,CA,946081021,Proprietary,42,45,161198,96,180191,44,46,188092,96,203467,-,-, -,-, -,2,2,7091,4,7091,-,-, -,-, -
03974300,"ST. GEORGE'S UNIVERSITY, SCHOOL OF VETERINARY MEDICINE",,,Foreign-For-Profit,-,-, -,-, -,-,-, -,-, -,137,138,2707791,138,2707791,-,-, -,-, -,139,143,2464364,143,2464364
03974500,CALIFORNIA CAREER COLLEGE,CA,913032006,Proprietary,22,22,77500,88,188312,22,22,121500,87,259250,-,-, -,-, -,1,1,5000,2,5000,-,-, -,-, -
03980300,CALIFORNIA STATE UNIVERSITY CHANNEL ISLANDS,CA,930128599,Public,50,51,208940,73,214795,42,44,160922,58,169362,5,5,26027,5,26027,2,2,14984,2,14984,1,1,10000,1,10000
03982300,VISIBLE MUSIC COLLEGE,TN,381032710,Private-Nonprofit,6,6,16351,10,16351,5,5,23347,9,23347,-,-, -,-, -,0,0,0,2,5614,-,-, -,-, -
03983300,"SCHOOL OF PROFESSIONAL HORTICULTURE, N. Y. BOTANICAL GARDEN",NY,104585126,Private-Nonprofit,0,0,0,3,5250,0,0,0,2,5250,-,-, -,-, -,-,-, -,-, -,-,-, -,-, -
03985300,CDA TECHNICAL INSTITUTE,FL,322084131,Proprietary,16,16,27441,49,60147,10,10,18868,43,59409,-,-, -,-, -,6,6,139789,14,199851,-,-, -,-, -
03986300,AVIATOR COLLEGE OF AERONAUTICAL SCIENCE & TECHNOLOGY,FL,349469022,Proprietary,49,50,177629,114,220575,51,51,211125,125,260861,-,-, -,-, -,2,2,27660,9,65016,-,-, -,-, -
03987300,TEXAS HEALTH SCHOOL,TX,770792106,Proprietary,27,27,76983,78,115930,20,20,95691,68,153744,-,-, -,-, -,0,0,0,2,10041,-,-, -,-, -
03995300,UNIVERSITY OF EAST-WEST MEDICINE,CA,940853922,Proprietary,-,-, -,-, -,-,-, -,-, -,8,8,77011,20,111811,-,-, -,-, -,-,-, -,-, -
03997300,ARKANSAS BEAUTY COLLEGE,AR,728013741,Proprietary,9,9,23166,19,30833,9,10,17429,21,23459,-,-, -,-, -,-,-, -,-, -,-,-, -,-, -
03999300,BEAUMONT ADULT SCHOOL,CA,922235121,Public,15,15,53780,43,80690,15,15,79355,42,105209,-,-, -,-, -,-,-, -,-, -,-,-, -,-, -
04001300,LOS ANGELES COLLEGE OF AESTHETICS,CA,900064233,Proprietary,22,23,57670,46,57670,17,17,40749,34,40749,-,-, -,-, -,-,-, -,-, -,-,-, -,-, -
04002400,ECUMENICAL THEOLOGICAL SEMINARY,MI,482013035,Private-Nonprofit,-,-, -,-, -,-,-, -,-, -,9,9,48566,34,112852,-,-, -,-, -,0,0,0,2,6700
04003300,BLAKE AUSTIN COLLEGE,CA,956884647,Proprietary,77,78,257964,228,395073,73,75,317123,222,514287,-,-, -,-, -,18,20,164553,46,214050,-,-, -,-, -
04005300,UNITED STATES UNIVERSITY,CA,921084429,Proprietary,9,9,29390,19,42738,16,18,72216,35,98418,256,275,3288897,603,4343970,-,-, -,-, -,-,-, -,-, -
04006300,NUVO COLLEGE OF COSMETOLOGY,MI,494413822,Proprietary,11,11,32222,26,42472,10,10,27033,24,34999,-,-, -,-, -,1,1,5462,2,5462,-,-, -,-, -
04014300,P&A SCHOLARS BEAUTY SCHOOL,MI,482040000,Proprietary,28,28,63285,63,87538,27,27,91612,61,129329,-,-, -,-, -,1,1,1240,2,1240,-,-, -,-, -
04014400,PALLADIUM TECHNICAL ACADEMY,CA,917804027,Proprietary,17,17,57750,35,61250,17,17,75820,40,79820,-,-, -,-, -,-,-, -,-, -,-,-, -,-, -
04016500,AMERICAN INSTITUTE OF BEAUTY,FL,337715901,Proprietary,97,98,219857,237,307998,91,92,305746,234,455932,-,-, -,-, -,6,6,28257,16,45525,-,-, -,-, -
04021300,AUGUSTA SCHOOL OF MASSAGE,GA,308093185,Proprietary,9,9,19740,20,23238,9,9,30710,21,35376,-,-, -,-, -,1,1,13283,2,13283,-,-, -,-, -
04021400,"AMERICAN COLLEGE, DUBLIN LIMITED (THE)",,,Foreign-Private,0,0,0,1,1750,0,0,0,2,6000,0,0,0,1,10250,-,-, -,-, -,-,-, -,-, -
04028300,MOUNTAIN STATE SCHOOL OF MASSAGE,WV,253042025,Proprietary,8,8,19736,18,25764,7,7,26695,17,37031,-,-, -,-, -,2,2,19009,4,19009,-,-, -,-, -
04029300,TRENDSETTERS OF FL. SCHOOL OF BEAUTY & BARBERING,FL,322054737,Proprietary,3,3,8750,7,12250,3,3,15000,7,21000,-,-, -,-, -,-,-, -,-, -,-,-, -,-, -
04031300,SALON PROFESSIONAL ACADEMY (THE),ND,581033337,Proprietary,31,31,93259,70,121718,31,34,113360,77,143242,-,-, -,-, -,0,0,0,1,6800,-,-, -,-, -
04032300,YORK ST JOHN UNIVERSITY,,Y031 7EX,Foreign-Private,2,2,8000,4,8000,2,2,4000,4,4000,0,0,0,4,27336,2,2,55674,5,59865,0,0,0,4,31500
04036300,SOUTHEAST TEXAS CAREER INSTITUTE,TX,776568601,Proprietary,23,23,54571,52,70746,24,25,79658,58,102701,-,-, -,-, -,-,-, -,-, -,-,-, -,-, -
04037300,LOS ANGELES FILM SCHOOL (THE),CA,900287300,Proprietary,1754,1798,6499056,4642,9271175,1740,1806,8049788,4627,11395154,-,-, -,-, -,178,194,2588167,482,3257875,-,-, -,-, -
04037500,ACADEMY OF HAIR DESIGN,MO,658042303,Proprietary,82,84,174337,196,243953,78,79,216848,185,298446,-,-, -,-, -,1,1,5300,2,5300,-,-, -,-, -
04038300,ATA COLLEGE,KY,402233832,Proprietary,522,586,1350271,1850,1882271,438,472,1666075,1585,2384936,-,-, -,-, -,5,6,35317,17,37817,-,-, -,-, -
04038400,AVI CAREER TRAINING,VA,220661839,Proprietary,19,19,45772,47,57434,20,20,64003,52,86958,-,-, -,-, -,0,0,0,2,5925,-,-, -,-, -
04038500,PIERPONT COMMUNITY & TECHNICAL COLLEGE,WV,265548887,Public,26,27,47133,53,48883,25,25,45992,51,53742,-,-, -,-, -,-,-, -,-, -,-,-, -,-, -
04038600,BRIDGEVALLEY COMMUNITY AND TECHNICAL COLLEGE,WV,253032735,Public,17,17,25291,35,26291,15,15,40121,31,43371,-,-, -,-, -,-,-, -,-, -,-,-, -,-, -
04038700,IDEAL BEAUTY ACADEMY,KY,402235606,Proprietary,9,9,23498,18,26414,9,9,27312,18,30645,-,-, -,-, -,1,1,4947,3,7421,-,-, -,-, -
04040300,COMPASS CAREER COLLEGE,LA,704030653,Proprietary,46,46,133064,118,186347,47,47,170339,116,242373,-,-, -,-, -,1,1,5424,2,5424,-,-, -,-, -
04041300,BERKS CAREER & TECHNOLOGY CENTER,PA,195339112,Public,0,0,0,2,3500,0,0,0,3,2040,-,-, -,-, -,-,-, -,-, -,-,-, -,-, -
04041400,MOUNTWEST COMMUNITY AND TECHNICAL COLLEGE,WV,257019311,Public,21,23,39872,45,39872,21,23,48258,46,51508,-,-, -,-, -,-,-, -,-, -,-,-, -,-, -
04043300,ACE INSTITUTE OF TECHNOLOGY,NY,100186473,Proprietary,100,100,321626,254,429017,89,89,346492,220,454191,-,-, -,-, -,-,-, -,-, -,-,-, -,-, -
04044300,HAZELDEN GRADUATE SCHOOL OF ADDICTION STUDIES,MN,550120000,Private-Nonprofit,-,-, -,-, -,-,-, -,-, -,51,56,748547,136,1085792,-,-, -,-, -,14,17,125168,34,162151
04055300,CREATIVE HAIR SCHOOL OF COSMETOLOGY,MI,485071227,Proprietary,15,16,46155,36,55934,14,14,48416,30,58416,-,-, -,-, -,-,-, -,-, -,-,-, -,-, -
04057300,ASHER COLLEGE,CA,958254025,Proprietary,215,217,677074,568,933659,215,217,919810,550,1275314,-,-, -,-, -,7,7,47394,16,47394,-,-, -,-, -
04059300,TUCSON COLLEGE OF BEAUTY,AZ,857052451,Proprietary,44,44,102667,103,128815,45,47,133314,106,161197,-,-, -,-, -,-,-, -,-, -,-,-, -,-, -
04060300,ATA COLLEGE,OK,741465201,Proprietary,103,115,281731,373,384831,93,97,353384,331,466172,-,-, -,-, -,6,7,33090,16,33090,-,-, -,-, -
04065300,ROSEMAN UNIVERSITY OF HEALTH SCIENCES,NV,890142333,Private-Nonprofit,240,242,1100657,543,1354727,259,264,1547474,571,1884867,124,124,4356886,260,4535151,28,39,522392,57,528316,148,186,3816031,329,4273526
04066300,CARDIAC AND VASCULAR INSTITUTE OF ULTRASOUND,AL,366061411,Proprietary,16,18,65760,48,94080,15,15,66009,44,111259,-,-, -,-, -,-,-, -,-, -,-,-, -,-, -
04070300,"RAPHAEL RECANATI INTERNATIONAL SCHOOL, THE INTERDISCIPLINARY CENTER",,4610101,Foreign-Private,5,5,22564,8,22564,8,8,31148,12,31148,2,2,30500,9,47503,4,4,56495,6,56495,-,-, -,-, -
04072300,AVEDA INSTITUTE PROVO,UT,846011008,Proprietary,37,37,93669,93,133228,45,45,137289,109,185605,-,-, -,-, -,-,-, -,-, -,-,-, -,-, -
04073300,JUNG TAO SCHOOL OF CLASSICAL CHINESE MEDICINE,NC,286799657,Private-Nonprofit,-,-, -,-, -,-,-, -,-, -,1,1,3000,3,4750,-,-, -,-, -,-,-, -,-, -
04074300,HONDROS COLLEGE OF NURSING,OH,430813855,Proprietary,1017,1057,1329566,1992,2474500,1015,1065,1972113,2061,3866963,-,-, -,-, -,16,16,60921,38,138476,-,-, -,-, -
04075300,QUEST UNIVERSITY CANADA,,V8B 0N8,Foreign-Private,1,1,206,2,206,1,1,3544,2,3544,-,-, -,-, -,-,-, -,-, -,-,-, -,-, -
04076400,GNOMON,CA,900382616,Proprietary,42,42,183207,214,345764,41,41,162375,201,319403,-,-, -,-, -,17,17,442652,76,798403,-,-, -,-, -
04080300,ASPEN UNIVERSITY,AZ,850401930,Proprietary,503,533,1801379,1200,2506140,569,608,2904693,1369,3944071,175,182,1856054,417,2700022,4,4,34474,7,34474,16,18,214988,50,355047
04083400,CAMBRIDGE COLLEGE OF HEALTHCARE & TECHNOLOGY,FL,334846543,Proprietary,421,458,1316085,1037,1811937,396,422,1774167,943,2378327,-,-, -,-, -,24,25,160061,54,202398,-,-, -,-, -
04085400,NEW ZEALAND COLLEGE OF CHIROPRACTIC,,1060,Foreign-Private,-,-, -,-, -,-,-, -,-, -,0,0,0,2,20500,-,-, -,-, -,0,0,0,2,15000
04089400,CCI TRAINING CENTER,TX,760114857,Proprietary,28,28,86888,98,165722,26,28,99239,98,173171,-,-, -,-, -,2,3,14849,9,25467,-,-, -,-, -
04093300,ACADEMY OF NATURAL THERAPY,CO,806313425,Proprietary,6,6,16044,15,21876,6,6,24167,17,37448,-,-, -,-, -,1,1,12350,3,13850,-,-, -,-, -
04095300,KING'S COLLEGE (THE),NY,100041603,Private-Nonprofit,11,11,22874,15,29374,10,10,15303,13,19053,-,-, -,-, -,2,2,20681,5,31813,-,-, -,-, -
04096300,CHARLESTON SCHOOL OF LAW,SC,294036248,Proprietary,-,-, -,-, -,-,-, -,-, -,5,5,37568,32,283568,-,-, -,-, -,100,104,1624292,117,1648242
04100300,DENMARK COLLEGE,IN,464105310,Proprietary,59,60,178029,150,227862,58,66,120372,160,152497,-,-, -,-, -,1,1,1574,1,1574,-,-, -,-, -
04100400,TAFT UNIVERSITY SYSTEM (THE),CO,802223317,Proprietary,2,2,5511,4,8261,2,2,7679,4,11179,26,27,396157,94,759121,-,-, -,-, -,6,6,141058,25,353348
04102300,NEW AGE TRAINING,NY,100014006,Proprietary,110,110,314081,302,501676,117,117,410260,334,697953,-,-, -,-, -,6,6,19895,13,20836,-,-, -,-, -
04104300,ACADEMY DI CAPELLI,CT,064920000,Proprietary,53,53,134422,132,182405,54,54,162301,131,229543,-,-, -,-, -,4,5,16075,12,19372,-,-, -,-, -
04105400,PENSACOLA SCHOOL OF MASSAGE THERAPY & HEALTH CAREERS,FL,325047337,Proprietary,14,14,38890,38,54872,14,14,44136,39,66234,-,-, -,-, -,2,2,10545,5,13545,-,-, -,-, -
04106300,PALM BEACH ACADEMY OF HEALTH & BEAUTY,FL,334152130,Proprietary,32,32,83338,99,133487,33,33,129213,99,207062,-,-, -,-, -,-,-, -,-, -,-,-, -,-, -
04110300,UNIVERSITY OF MANAGEMENT AND TECHNOLOGY (THE),VA,222091609,Proprietary,2,2,7344,14,18388,4,4,16851,19,37822,5,5,29846,18,55256,1,1,1057,1,1057,-,-, -,-, -
04111300,WEST HILLS COLLEGE LEMOORE,CA,932459248,Public,3,3,12500,61,63716,1,1,3700,50,51405,-,-, -,-, -,-,-, -,-, -,-,-, -,-, -
04112300,LOUISIANA CULINARY INSTITUTE,LA,708164109,Proprietary,33,33,117371,77,146121,28,28,100760,71,136925,-,-, -,-, -,6,6,34841,18,84562,-,-, -,-, -
04114300,NEVADA STATE UNIVERSITY,NV,890029776,Public,202,210,570113,215,570113,182,199,601033,203,601033,2,2,21554,2,21554,2,2,22270,2,22270,-,-, -,-, -
04114400,INSTITUTE OF WORLD POLITICS (THE),DC,200361464,Private-Nonprofit,-,-, -,-, -,-,-, -,-, -,9,9,62451,9,62451,-,-, -,-, -,13,13,131424,13,131424
04114500,VALLEY COLLEGE OF MEDICAL CAREERS,CA,913042354,Proprietary,19,20,63388,63,80412,19,20,78842,54,100491,-,-, -,-, -,6,7,40137,16,45192,-,-, -,-, -
04115300,COACHELLA VALLEY BEAUTY COLLEGE,CA,922534501,Proprietary,69,77,177354,168,215681,25,27,45022,60,59103,-,-, -,-, -,-,-, -,-, -,-,-, -,-, -
04115600,MAYFIELD COLLEGE,CA,922347014,Proprietary,104,104,339698,254,436986,103,103,466135,254,591067,-,-, -,-, -,23,23,111500,75,182361,-,-, -,-, -
04115900,LIVERPOOL HOPE UNIVERSITY,,L16 9JD,Foreign-Private,-,-, -,-, -,-,-, -,-, -,0,0,0,1,6834,-,-, -,-, -,0,0,0,1,4367
04116300,EDHEC BUSINESS SCHOOL,,59057,Foreign-Private,-,-, -,-, -,-,-, -,-, -,2,2,41000,2,41000,-,-, -,-, -,1,1,10000,3,15000
04116400,FUTURE-TECH INSTITUTE,FL,331354142,Proprietary,18,18,56896,58,113574,14,14,54842,44,83480,-,-, -,-, -,-,-, -,-, -,-,-, -,-, -
04116600,TAYLOR COLLEGE,FL,344208714,Proprietary,152,152,520897,392,771586,153,153,740667,391,1104624,-,-, -,-, -,2,2,8600,4,20237,-,-, -,-, -
04116900,DIGRIGOLI SCHOOL OF COSMETOLOGY,MA,010894623,Proprietary,21,21,37670,52,57619,20,20,50081,50,75003,-,-, -,-, -,2,2,24309,4,24309,-,-, -,-, -
04117300,DAYTON SCHOOL OF MEDICAL MASSAGE,OH,454291111,Proprietary,198,200,514009,511,679413,194,196,801904,544,1068904,-,-, -,-, -,11,11,51399,32,71013,-,-, -,-, -
04117400,MILWAUKEE CAREER COLLEGE,WI,532224305,Proprietary,36,36,95857,88,132683,32,32,104640,81,147480,-,-, -,-, -,-,-, -,-, -,-,-, -,-, -
04117600,LARRY'S BARBER COLLEGE,IL,606282322,Proprietary,29,31,87844,54,89594,15,16,49144,33,50144,-,-, -,-, -,-,-, -,-, -,-,-, -,-, -
04117700,"MONROE 2 - ORLEANS BOCES, CENTER FOR WORKFORCE DEVELOPMENT",NY,146241119,Public,7,7,15832,18,22832,8,9,26644,20,33644,-,-, -,-, -,-,-, -,-, -,-,-, -,-, -
04117900,CHAMPION BEAUTY COLLEGE,TX,770683569,Proprietary,12,12,32270,24,36955,12,12,39772,24,50921,-,-, -,-, -,-,-, -,-, -,-,-, -,-, -
04118600,TRICOCI UNIVERSITY OF BEAUTY CULTURE,WI,535483307,Proprietary,26,26,55628,72,89099,24,24,67342,68,97035,-,-, -,-, -,-,-, -,-, -,-,-, -,-, -
04118800,NEW YORK FILM ACADEMY,CA,915054068,Proprietary,95,95,368845,236,536270,93,93,259000,241,418427,37,37,687345,67,779595,47,47,1450742,129,2086037,29,29,621185,60,736159
04119000,EASTERN WEST VIRGINIA COMMUNITY & TECHNICAL COLLEGE,WV,268360000,Public,6,6,8787,13,10072,-,-, -,-, -,-,-, -,-, -,-,-, -,-, -,-,-, -,-, -
04119400,AVEDA INSTITUTE - SOUTH FLORIDA,FL,333280000,Proprietary,357,362,906387,802,1063278,362,367,1082224,837,1278765,-,-, -,-, -,22,23,174417,53,213611,-,-, -,-, -
04120300,HEALTH AND STYLE INSTITUTE,NC,274074751,Proprietary,281,282,785734,640,965970,271,273,1130614,633,1361892,-,-, -,-, -,18,18,117414,50,177634,-,-, -,-, -
04120400,PAUL MITCHELL THE SCHOOL MIAMI,FL,331560000,Proprietary,19,19,47483,50,68582,21,21,56557,52,75328,-,-, -,-, -,0,0,0,1,2880,-,-, -,-, -
04120900,ARIZONA CULINARY INSTITUTE,AZ,852594939,Proprietary,10,10,31500,32,54875,11,11,46801,36,86801,-,-, -,-, -,3,3,64878,8,78614,-,-, -,-, -
04121000,MYCOMPUTERCAREER AT INDIANAPOLIS,IN,462415544,Proprietary,51,53,162588,160,261613,49,51,250947,155,405246,-,-, -,-, -,2,2,15567,7,26881,-,-, -,-, -
04121100,ELEVATE SALON INSTITUTE,MI,480732428,Proprietary,49,49,124155,117,150543,47,47,125538,112,160157,-,-, -,-, -,1,1,4507,2,4507,-,-, -,-, -
04121200,INSTITUTE OF TAOIST EDUCATION AND ACUPUNCTURE,CO,800271028,Private-Nonprofit,-,-, -,-, -,-,-, -,-, -,0,0,0,16,80307,-,-, -,-, -,0,0,0,13,91875
04121500,COLUMBIA SOUTHERN UNIVERSITY,AL,365613815,Proprietary,1220,1315,3286095,5297,5473517,1328,1436,5139202,5841,9030152,771,841,7309357,3703,12680013,1,1,1250,4,6584,22,25,274408,131,480680
04122300,UNIVERSITY OF ARKANSAS - GRANTHAM,AR,722073608,Public,1098,1325,2379411,5472,3801999,1028,1154,3209767,4904,5109331,150,184,911776,819,1450728,3,4,6306,11,6306,2,2,18422,12,31997
04123900,LEXINGTON HEALING ARTS ACADEMY,KY,405031932,Proprietary,8,8,19454,32,41297,7,7,27974,32,69730,-,-, -,-, -,-,-, -,-, -,-,-, -,-, -
04124100,ELITE COLLEGE OF COSMETOLOGY,TN,383511431,Proprietary,9,9,22166,26,38330,9,9,13035,24,23867,-,-, -,-, -,-,-, -,-, -,-,-, -,-, -
04124200,CATHOLIC DISTANCE UNIVERSITY,WV,254141621,Private-Nonprofit,0,0,0,3,1278,-,-, -,-, -,1,1,1665,4,8357,-,-, -,-, -,-,-, -,-, -
04124500,MYCOMPUTERCAREER AT COLUMBUS,OH,432196170,Proprietary,248,249,676134,855,1283043,238,239,1077388,844,2094739,-,-, -,-, -,6,6,32852,26,107223,-,-, -,-, -
04124600,PROFESSIONAL ACADEMY OF COSMETOLOGY,PA,194010000,Proprietary,0,0,0,1,1750,-,-, -,-, -,-,-, -,-, -,-,-, -,-, -,-,-, -,-, -
04124700,AMBRIA COLLEGE OF NURSING,IL,601923712,Proprietary,59,59,199295,108,250045,59,59,295310,108,364950,-,-, -,-, -,2,2,4300,2,4300,-,-, -,-, -
04125400,PAUL MITCHELL THE SCHOOL AUSTIN,TX,787595690,Proprietary,40,40,71742,100,108746,43,44,112882,107,153147,-,-, -,-, -,2,2,21544,6,25330,-,-, -,-, -
04125500,MANUEL & THERESA'S SCHOOL OF HAIR DESIGN,TX,778033236,Proprietary,28,28,57250,65,74750,29,29,61940,72,86290,-,-, -,-, -,5,5,10776,11,15451,-,-, -,-, -
04125600,CAREER SCHOOL OF NY,NY,103012416,Private-Nonprofit,17,17,45732,45,66032,16,16,47636,44,74798,-,-, -,-, -,1,1,6400,2,6400,-,-, -,-, -
04126000,PAUL MITCHELL THE SCHOOL CLEVELAND,OH,440873107,Proprietary,40,43,117048,99,158060,43,44,142754,112,184713,-,-, -,-, -,5,5,37435,8,38115,-,-, -,-, -
04126900,ACADEMY OF CAREER TRAINING,FL,347414644,Proprietary,15,15,37268,42,56095,14,14,42296,39,58416,-,-, -,-, -,-,-, -,-, -,-,-, -,-, -
04127100,"UNIVERSITY OF CALIFORNIA, MERCED",CA,953435001,Public,175,177,506275,252,508025,93,93,241519,134,241519,5,5,62321,9,62321,36,41,196133,47,196133,-,-, -,-, -
04127200,VICTORIA'S ACADEMY OF COSMETOLOGY,WA,993363826,Proprietary,35,35,85062,81,109663,36,36,101642,85,138992,-,-, -,-, -,2,2,17300,4,17300,-,-, -,-, -
04127300,COLUMBIA COLLEGE,VA,221822214,Proprietary,14,15,28529,15,28529,9,10,25437,10,25437,-,-, -,-, -,-,-, -,-, -,-,-, -,-, -
04127500,CDE CAREER INSTITUTE,PA,183729034,Proprietary,62,62,166098,157,262975,66,66,300161,163,475340,-,-, -,-, -,1,1,3205,3,4807,-,-, -,-, -
04128000,MILLENNIUM TRAINING INSTITUTE,MA,018016386,Proprietary,11,11,23033,36,49283,8,8,33527,30,69527,-,-, -,-, -,0,0,0,1,6008,-,-, -,-, -
04128400,MIAMI REGIONAL UNIVERSITY,FL,331665473,Proprietary,410,451,1879078,1042,2396441,379,411,1776724,935,2245893,722,773,8670389,1581,10749051,15,15,91510,32,109635,22,23,206191,28,218567
04128700,HERTIE SCHOOL,,10117,Foreign-Private,-,-, -,-, -,-,-, -,-, -,0,0,0,3,20500,-,-, -,-, -,-,-, -,-, -
04128800,BRANFORD ACADEMY OF HAIR & COSMETOLOGY,CT,064056066,Proprietary,13,13,31493,34,48160,13,13,41995,35,65660,-,-, -,-, -,3,3,29497,9,44997,-,-, -,-, -
04129400,CENTER FOR MASSAGE & NATURAL HEALTH,NC,288018331,Proprietary,14,14,28822,33,36818,12,12,37519,32,56683,-,-, -,-, -,1,1,4117,2,4117,-,-, -,-, -
04129800,MEDIATECH INSTITUTE,TX,752345738,Proprietary,76,77,252146,193,345974,81,84,342143,210,471970,-,-, -,-, -,7,8,55101,20,71659,-,-, -,-, -
04129900,FLORIDA SCHOOL OF MASSAGE,FL,326085419,Proprietary,17,17,40969,48,61817,16,16,58145,53,92399,-,-, -,-, -,1,1,20946,2,20946,-,-, -,-, -
04130100,LOUISIANA DELTA COMMUNITY COLLEGE,LA,712033618,Public,339,340,857569,703,858694,295,297,1046468,607,1046468,-,-, -,-, -,2,2,11000,6,14500,-,-, -,-, -
04130200,INSTITUTE OF PRODUCTION AND RECORDING (THE),MN,554011648,Proprietary,9,9,17625,44,47273,11,11,22714,53,64052,-,-, -,-, -,1,1,6216,8,39541,-,-, -,-, -
04130400,SHEAR EXCELLENCE HAIR ACADEMY,FL,336142783,Proprietary,49,49,130343,104,152127,48,48,163863,104,193814,-,-, -,-, -,1,1,8350,2,8350,-,-, -,-, -
04130500,PACIFIC NORTHWEST UNIVERSITY OF HEALTH SCIENCES,WA,989011471,Private-Nonprofit,-,-, -,-, -,-,-, -,-, -,223,227,9747661,452,9768106,-,-, -,-, -,206,211,9905576,671,10233873
04130600,HEALING ARTS CENTER,MO,631222104,Proprietary,14,14,29767,48,53860,11,11,39999,43,80222,-,-, -,-, -,-,-, -,-, -,-,-, -,-, -
04130700,ACADEMY OF MASSAGE AND BODYWORK,DE,197011344,Proprietary,24,24,51271,73,83919,20,20,66383,67,118636,-,-, -,-, -,1,1,7272,2,7272,-,-, -,-, -
04130900,TRICOCI UNIVERSITY OF BEAUTY CULTURE,IN,462563317,Proprietary,152,152,330452,368,462594,139,139,420777,352,601549,-,-, -,-, -,11,11,71371,26,100722,-,-, -,-, -
04131200,TOTAL IMAGE BEAUTY ACADEMY,NJ,070872943,Proprietary,62,63,149080,167,218655,45,45,120106,122,180413,-,-, -,-, -,-,-, -,-, -,-,-, -,-, -
04131300,CORINTH ACADEMY OF COSMETOLOGY,MS,388344813,Proprietary,28,29,76012,61,88443,26,26,54987,54,62223,-,-, -,-, -,-,-, -,-, -,-,-, -,-, -
04131700,SOUTHWEST UNIVERSITY AT EL PASO,TX,799256230,Proprietary,868,881,3031644,2116,3962229,883,895,4159453,2234,5500164,-,-, -,-, -,97,102,533955,250,646866,-,-, -,-, -
04132400,ACADEMY OF ESTHETICS AND COSMETOLOGY,CA,913403373,Proprietary,3,3,6077,8,9064,2,2,1909,4,2158,-,-, -,-, -,-,-, -,-, -,-,-, -,-, -
04132600,ENTOURAGE INSTITUTE OF BEAUTY AND ESTHETICS,NE,685162306,Proprietary,10,10,28296,26,36053,8,8,26479,19,36982,-,-, -,-, -,0,0,0,1,3139,-,-, -,-, -
04132700,HEALTHCARE CAREER COLLEGE,CA,907235579,Proprietary,65,65,216629,169,310089,64,64,324510,169,453153,-,-, -,-, -,4,4,37920,12,48150,-,-, -,-, -
04132900,Z HAIR ACADEMY,KS,660464040,Proprietary,63,64,194117,154,244769,72,75,221232,191,302143,-,-, -,-, -,5,5,40191,11,45191,-,-, -,-, -
04133300,TREND SETTERS SCHOOL,MO,637037607,Proprietary,24,24,64833,55,79458,25,25,72515,57,92121,-,-, -,-, -,1,1,5181,2,5181,-,-, -,-, -
04133500,ACADEMY FOR FIVE ELEMENT ACUPUNCTURE,FL,326016811,Private-Nonprofit,-,-, -,-, -,-,-, -,-, -,13,13,228827,50,467633,-,-, -,-, -,12,12,97709,33,162846
04133700,NEW YORK MEDICAL CAREER TRAINING CENTER,NY,113544232,Proprietary,161,161,577627,435,790698,171,172,691599,464,983500,-,-, -,-, -,14,14,58487,33,73176,-,-, -,-, -
04134100,JERSEY COLLEGE,NJ,076081104,Proprietary,1329,1342,3799583,4339,5781368,1165,1172,5481449,3970,8539952,-,-, -,-, -,42,45,323489,116,407515,-,-, -,-, -
04134200,LONDON CONTEMPORARY DANCE SCHOOL,,WC1H 9PY,Foreign-Private,0,0,0,5,7166,0,0,0,6,5164,-,-, -,-, -,0,0,0,3,53435,-,-, -,-, -
04134300,EVANS HAIRSTYLING COLLEGE,ID,834405277,Proprietary,12,12,44253,27,51193,9,9,29426,18,34600,-,-, -,-, -,1,1,3547,2,3547,-,-, -,-, -
04134800,AVEDA INSTITUTE - TALLAHASSEE,FL,323043186,Proprietary,294,297,751035,654,867265,287,289,915876,644,1073880,-,-, -,-, -,25,25,198740,52,213736,-,-, -,-, -
04135000,COZMO BEAUTY SCHOOL,FL,341354810,Proprietary,13,13,22436,31,36408,13,13,25694,33,47195,-,-, -,-, -,-,-, -,-, -,-,-, -,-, -
04136400,AMERICAN INSTITUTE OF MEDICAL SCIENCES & EDUCATION,NJ,088543870,Proprietary,59,60,175691,182,295135,52,53,227117,160,359395,-,-, -,-, -,2,2,14237,7,30587,-,-, -,-, -
04136900,UNIVERSITY OF AESTHETICS & COSMETOLOGY,IL,606222151,Proprietary,12,12,33546,33,48126,12,12,47081,33,68747,-,-, -,-, -,-,-, -,-, -,-,-, -,-, -
04137000,UNIVERSITY OF AESTHETICS & COSMETOLOGY (THE),IL,605154607,Proprietary,19,19,53388,54,78437,23,23,82737,63,119108,-,-, -,-, -,1,1,5000,2,5000,-,-, -,-, -
04137300,CAYCE/REILLY SCHOOL OF MASSAGE,VA,234512061,Private-Nonprofit,7,7,19054,27,36747,8,8,36947,29,65721,-,-, -,-, -,-,-, -,-, -,-,-, -,-, -
04137500,TRICOCI UNIVERSITY OF BEAUTY CULTURE,IL,606561805,Proprietary,86,87,228266,198,271626,84,85,242407,195,301460,-,-, -,-, -,9,9,57836,22,81541,-,-, -,-, -
04137600,MEDICAL CAREER COLLEGE OF NORTHERN CALIFORNIA,CA,956785133,Proprietary,7,7,10367,20,21481,7,7,18226,18,34438,-,-, -,-, -,-,-, -,-, -,-,-, -,-, -
04137800,AVEDA INSTITUTE COLUMBUS,OH,432141903,Proprietary,73,74,171332,200,266155,69,69,198875,197,331624,-,-, -,-, -,3,3,37646,13,68884,-,-, -,-, -
04138200,SALON PROFESSIONAL ACADEMY (THE),WI,549143921,Proprietary,22,23,79382,56,95393,23,26,94543,60,112987,-,-, -,-, -,2,2,9500,5,15000,-,-, -,-, -
04138400,SALON PROFESSIONAL ACADEMY (THE),MI,490152853,Proprietary,12,12,31120,37,45889,12,12,44713,38,71580,-,-, -,-, -,2,2,11298,4,11298,-,-, -,-, -
04138500,HOUSTON INTERNATIONAL COLLEGE CARDIOTECH ULTRASOUND SCHOOL,TX,770991440,Proprietary,22,22,77250,49,91854,22,22,104250,48,134521,-,-, -,-, -,-,-, -,-, -,-,-, -,-, -
04138700,PAUL MITCHELL THE SCHOOL - PASADENA,CA,911010000,Proprietary,71,72,188358,159,229637,68,69,226206,162,277068,-,-, -,-, -,4,4,34298,13,61633,-,-, -,-, -
04139000,MIDWESTERN CAREER COLLEGE,IL,606011201,Proprietary,141,141,480912,366,618546,141,144,647486,372,836076,-,-, -,-, -,5,6,31184,14,40184,-,-, -,-, -
04139100,UNIVERSITA DEGLI STUDI DI SCIENZE GASTRONOMICHE,,12042,Foreign-Private,-,-, -,-, -,-,-, -,-, -,0,0,0,3,27000,-,-, -,-, -,0,0,0,1,17500
04139400,HAIR ACADEMY (THE),ND,585014929,Proprietary,10,10,36025,20,39275,17,18,82643,38,89143,-,-, -,-, -,-,-, -,-, -,-,-, -,-, -
04140200,"MISSISSIPPI INSTITUTE OF AESTHETICS, NAILS, & COSMETOLOGY",MS,390565628,Proprietary,29,29,71201,58,71201,28,28,77441,58,79847,-,-, -,-, -,4,4,17593,8,17593,-,-, -,-, -
04140700,AVEDA INSTITUTE CHAPEL HILL,NC,275147001,Proprietary,54,55,144623,142,193378,55,56,167783,146,229119,-,-, -,-, -,9,9,91474,22,110227,-,-, -,-, -
04141000,DOUGLAS J AVEDA INSTITUTE-CHICAGO,IL,606570000,Proprietary,23,23,58834,57,83588,24,24,72017,62,103520,-,-, -,-, -,1,1,8447,4,20800,-,-, -,-, -
04141100,FRENCH ACADEMY OF COSMETOLOGY,MI,494563207,Proprietary,12,12,26336,31,35897,12,12,32446,28,38395,-,-, -,-, -,-,-, -,-, -,-,-, -,-, -
04141200,TONI & GUY HAIRDRESSING ACADEMY,RI,029200000,Proprietary,46,47,95686,81,130970,47,47,101537,82,157135,-,-, -,-, -,2,2,18947,7,37898,-,-, -,-, -
04141300,SAN FRANCISCO INSTITUTE OF ESTHETICS & COSMETOLOGY,CA,941034083,Proprietary,48,48,134627,133,190217,49,49,206776,136,277955,-,-, -,-, -,8,8,84045,18,90314,-,-, -,-, -
04141400,LAURUS COLLEGE,CA,934015405,Proprietary,190,194,497914,760,925755,189,192,714687,767,1332105,-,-, -,-, -,-,-, -,-, -,-,-, -,-, -
04141600,OMEGA STUDIOS' SCHOOL OF APPLIED RECORDING ARTS & SCIENCES,MD,208521731,Proprietary,7,7,17893,24,35529,8,8,20148,28,40056,-,-, -,-, -,4,5,91974,15,188011,-,-, -,-, -
04141700,HEALING HANDS SCHOOL OF HOLISTIC HEALTH,CA,920251722,Proprietary,18,18,45678,56,81938,20,20,73146,54,116197,-,-, -,-, -,-,-, -,-, -,-,-, -,-, -
04142000,AUSTIN'S BEAUTY COLLEGE,TN,370403397,Proprietary,24,26,67314,72,107534,23,25,93119,68,144621,-,-, -,-, -,1,2,9449,5,13349,-,-, -,-, -
04142300,AVEDA ARTS & SCIENCES INSTITUTE CORPUS CHRISTI,TX,784043027,Proprietary,105,106,300109,266,397970,106,107,358311,277,481089,-,-, -,-, -,10,10,75635,24,97399,-,-, -,-, -
04142500,TOURO UNIVERSITY WORLDWIDE,CA,900464506,Private-Nonprofit,158,165,606318,411,606318,153,161,785116,404,785116,984,1044,15054522,2372,15054522,-,-, -,-, -,158,180,4069037,429,4069037
04142600,TOURO UNIVERSITY,CA,945921118,Private-Nonprofit,5,5,20600,7,20600,4,5,26400,11,26400,782,809,29835056,2009,29835056,-,-, -,-, -,733,1022,29748323,2379,29748323
04142900,GEORGIA GWINNETT COLLEGE,GA,300437409,Public,238,240,610927,533,740145,235,238,779421,520,870054,-,-, -,-, -,35,35,162838,70,173184,-,-, -,-, -
04143200,HULT INTERNATIONAL BUSINESS SCHOOL,MA,021411805,Private-Nonprofit,4,4,18000,10,20250,3,3,6000,7,7000,0,0,0,62,428634,2,2,44330,5,51252,2,2,86087,67,1092981
04143700,"ST MARY'S UNIVERSITY, TWICKENHAM",,TW1 4SX,Foreign-Private,-,-, -,-, -,-,-, -,-, -,0,0,0,14,95652,-,-, -,-, -,0,0,0,13,131350
04143800,WOODLAND COMMUNITY COLLEGE,CA,957765156,Public,1,1,1125,7,7875,1,1,1200,6,9700,-,-, -,-, -,-,-, -,-, -,-,-, -,-, -
04144200,CAREER DEVELOPMENT INSTITUTE,CA,900354364,Proprietary,64,72,197087,156,240037,64,67,285842,156,353203,-,-, -,-, -,2,2,5495,4,12340,-,-, -,-, -
04144300,INSTITUTE OF CULINARY EDUCATION,NY,102815205,Proprietary,128,134,296658,416,509969,133,139,422519,430,715583,-,-, -,-, -,24,25,758830,71,1099230,-,-, -,-, -
04144400,ACADEMY OF HAIR DESIGN (THE),OK,731348021,Proprietary,14,14,43250,38,59313,15,15,45165,41,66997,-,-, -,-, -,2,2,9681,4,9681,-,-, -,-, -
04144500,PAUL MITCHELL THE SCHOOL REXBURG,ID,834402600,Proprietary,58,58,175424,155,237513,54,54,149143,145,204239,-,-, -,-, -,3,3,34900,7,38453,-,-, -,-, -
04144800,INTERNATIONAL ACADEMY OF STYLE,NV,895021559,Proprietary,53,54,145620,106,149120,51,52,186917,103,190223,-,-, -,-, -,-,-, -,-, -,-,-, -,-, -
04145400,OXFORD ACADEMY OF HAIR DESIGN,CT,064832911,Proprietary,42,43,97004,102,130723,41,42,127625,99,166627,-,-, -,-, -,6,7,29418,13,29418,-,-, -,-, -
04145500,SKIN SCIENCE INSTITUTE OF LASER & ESTHETICS,UT,840940000,Proprietary,43,43,100107,116,144708,48,48,111046,126,162839,-,-, -,-, -,2,2,14500,4,14500,-,-, -,-, -
04145700,PAUL MITCHELL THE SCHOOL SPRINGFIELD,MO,658075969,Proprietary,59,59,138801,166,220007,62,62,168626,169,268205,-,-, -,-, -,3,3,16432,7,21432,-,-, -,-, -
04145900,CELEBRITY SCHOOL OF BEAUTY,FL,331444203,Proprietary,181,183,408939,451,554889,182,184,472304,452,629716,-,-, -,-, -,9,9,33958,29,56844,-,-, -,-, -
04146000,NATIONAL CAREER COLLEGE,CA,914024222,Proprietary,127,127,391331,301,492207,122,122,435276,290,528383,-,-, -,-, -,17,17,85859,67,136197,-,-, -,-, -
04146400,DAOIST TRADITIONS COLLEGE OF CHINESE MEDICAL ARTS,NC,288011060,Proprietary,-,-, -,-, -,-,-, -,-, -,2,2,13800,4,13800,-,-, -,-, -,2,2,17036,3,17036
04146500,PORTLAND ACTORS CONSERVATORY,OR,972094160,Private-Nonprofit,-,-, -,-, -,1,1,501,1,501,-,-, -,-, -,-,-, -,-, -,-,-, -,-, -
04146700,AVIATION INSTITUTE OF MAINTENANCE,TX,770614004,Proprietary,110,124,435035,318,567612,105,110,437628,281,587092,-,-, -,-, -,21,22,137415,51,161490,-,-, -,-, -
04146800,SOUTH TEXAS TRAINING CENTER,TX,785867721,Proprietary,66,66,200433,203,243369,57,57,88209,145,110725,-,-, -,-, -,2,2,12786,4,12786,-,-, -,-, -
04146900,ADVANCED WELDING INSTITUTE,VT,054030000,Proprietary,14,14,38953,28,38953,14,14,25843,28,25843,-,-, -,-, -,5,5,60643,10,60643,-,-, -,-, -
04147000,PAUL MITCHELL THE SCHOOL ATLANTA,GA,303185241,Proprietary,87,88,250276,207,333975,90,91,310749,222,407644,-,-, -,-, -,5,5,26471,12,39074,-,-, -,-, -
04147100,TRICOCI UNIVERSITY OF BEAUTY CULTURE,IL,600482906,Proprietary,76,76,198577,216,304132,79,79,268935,223,379555,-,-, -,-, -,12,12,69919,32,112335,-,-, -,-, -
04147200,TRICOCI UNIVERSITY OF BEAUTY CULTURE,IL,604551824,Proprietary,128,129,332994,338,464732,127,127,416217,339,596707,-,-, -,-, -,12,12,93704,34,132115,-,-, -,-, -
04147300,TRICOCI UNIVERSITY OF BEAUTY CULTURE,IL,601393119,Proprietary,81,81,190680,213,286677,80,80,255779,220,384633,-,-, -,-, -,16,16,99546,33,115735,-,-, -,-, -
04147400,TRICOCI UNIVERSITY OF BEAUTY CULTURE,IL,616144831,Proprietary,55,55,144751,142,195221,55,55,164564,144,227452,-,-, -,-, -,6,7,51579,18,66320,-,-, -,-, -
04147500,TRICOCI UNIVERSITY OF BEAUTY CULTURE,IL,611082337,Proprietary,55,55,133904,124,169081,50,50,169323,117,213667,-,-, -,-, -,6,6,37875,13,43992,-,-, -,-, -
04147600,AVEDA INSTITUTE LAS VEGAS,NV,891196103,Proprietary,108,109,290619,286,395684,119,125,376008,322,500161,-,-, -,-, -,3,3,31571,9,35582,-,-, -,-, -
04148200,BEYOND 21ST CENTURY BEAUTY ACADEMY,CA,906706316,Proprietary,28,28,65928,62,72296,14,14,46725,31,49152,-,-, -,-, -,-,-, -,-, -,-,-, -,-, -
04148300,DENVER COLLEGE OF NURSING,CO,802021213,Proprietary,195,197,670529,985,1473517,221,223,988569,1030,2075445,7,7,61907,24,106323,11,11,174984,51,346818,-,-, -,-, -
04148400,TIGI HAIRDRESSING ACADEMY GUILFORD,CT,064370000,Proprietary,10,11,25631,32,39870,14,16,56700,41,72480,-,-, -,-, -,7,8,49720,16,53015,-,-, -,-, -
04148500,MEDICAL INSTITUTE OF PALM BEACH,FL,334633276,Proprietary,53,55,148006,132,191240,52,54,213085,129,276680,-,-, -,-, -,0,0,0,1,3675,-,-, -,-, -
04149100,PAUL MITCHELL THE SCHOOL CINCINNATI,OH,452411702,Proprietary,138,142,403286,342,518553,148,150,507944,355,638760,-,-, -,-, -,6,6,37408,15,56200,-,-, -,-, -
04149200,XCELL ACADEMY A PAUL MITCHELL SCHOOL,AL,352164990,Proprietary,31,31,84243,80,116341,30,30,83875,92,137953,-,-, -,-, -,3,3,23399,11,30691,-,-, -,-, -
04149400,GARY MANUEL AVEDA INSTITUTE,WA,981223815,Proprietary,32,32,95568,80,128301,34,35,136235,87,177287,-,-, -,-, -,-,-, -,-, -,-,-, -,-, -
04149700,HOMESTEAD SCHOOLS,CA,905055945,Private-Nonprofit,100,100,343690,206,367560,103,103,509618,212,541151,-,-, -,-, -,10,10,92100,19,85100,0,0,0,2,16150
04149800,SOMERSET COUNTY TECHNOLOGY CENTER,PA,155011444,Public,10,10,30774,20,30774,12,12,45110,23,45110,-,-, -,-, -,-,-, -,-, -,-,-, -,-, -
04149900,PROFILE INSTITUTE OF BARBER-STYLING,GA,303158295,Proprietary,22,24,70353,49,76853,23,25,82567,49,92567,-,-, -,-, -,-,-, -,-, -,-,-, -,-, -
04150600,URBAN 113 SCHOOL OF COSMETOLOGY,ID,833016229,Proprietary,18,18,57403,51,84615,17,17,53667,47,81953,-,-, -,-, -,0,0,0,1,5725,-,-, -,-, -
04150900,KEUNE ACADEMY BY 124,GA,300437346,Proprietary,46,46,144465,100,162715,47,47,140657,99,151408,-,-, -,-, -,7,7,36247,20,51796,-,-, -,-, -
04151200,SALON PROFESSIONAL ACADEMY (THE),NY,141509200,Proprietary,58,58,119420,140,162330,60,61,168140,147,215810,-,-, -,-, -,6,6,46632,12,49005,-,-, -,-, -
04151500,AMERICAN ACADEMY OF COSMETOLOGY,FL,320658026,Proprietary,44,44,84534,99,114968,38,39,88768,92,134290,-,-, -,-, -,5,5,18049,9,21115,-,-, -,-, -
04151700,BELLA CAPELLI ACADEMY A PAUL MITCHELL PARTNER SCHOOL,PA,151462388,Proprietary,78,78,157021,180,199895,91,91,181428,206,235683,-,-, -,-, -,5,5,55042,14,71257,-,-, -,-, -
04151800,TEMPLE (THE): A PAUL MITCHELL PARTNER SCHOOL,MD,217015409,Proprietary,91,95,282042,266,411953,98,102,328169,278,479380,-,-, -,-, -,15,15,108073,38,130000,-,-, -,-, -
04151900,COLUMBIA GORGE COMMUNITY COLLEGE,OR,970583434,Public,9,10,18570,39,41982,9,10,30875,42,64876,-,-, -,-, -,-,-, -,-, -,-,-, -,-, -
04152200,CARTHAGE R-9 SCHOOL DISTRICT/CARTHAGE TECHNICAL CENTER,MO,648361332,Public,2,2,7000,17,28655,3,3,17500,16,43500,-,-, -,-, -,-,-, -,-, -,-,-, -,-, -
04152400,INTERNATIONAL INSTITUTE OF COSMETOLOGY,CT,061090000,Proprietary,39,39,110663,106,157734,40,40,112922,113,156138,-,-, -,-, -,4,4,19427,12,31606,-,-, -,-, -
04152800,PAUL MITCHELL THE SCHOOL SACRAMENTO,CA,958252276,Proprietary,150,163,404291,334,437883,151,157,523917,333,574394,-,-, -,-, -,6,6,33565,11,33565,-,-, -,-, -
04152900,STUDIO ACADEMY OF BEAUTY (THE),AZ,852243600,Proprietary,256,257,600869,629,791390,233,234,616449,606,853295,-,-, -,-, -,12,12,57501,32,75582,-,-, -,-, -
04153000,RENAISSANCE ACADEMIE,UT,846040000,Proprietary,33,34,78769,82,101921,31,31,86352,76,111657,-,-, -,-, -,0,0,0,2,7215,-,-, -,-, -
04153200,SOUTHERN WORCESTER COUNTY REGIONAL VOC SCHOOL DISTRICT,MA,015071331,Public,0,0,0,2,3500,0,0,0,2,6000,-,-, -,-, -,-,-, -,-, -,-,-, -,-, -
04153300,PAUL MITCHELL THE SCHOOL COLUMBUS,OH,432316038,Proprietary,38,40,114258,97,150676,39,41,127995,111,179446,-,-, -,-, -,1,1,5483,4,10884,-,-, -,-, -
04153800,ASCENT COLLEGE,VA,201553122,Private-Nonprofit,1,1,3500,9,9250,1,1,6000,10,13000,-,-, -,-, -,-,-, -,-, -,-,-, -,-, -
04154200,CAROLINA COLLEGE OF BIBLICAL STUDIES,NC,283035157,Private-Nonprofit,1,1,743,4,6993,1,1,5507,6,18305,0,0,0,1,3729,-,-, -,-, -,-,-, -,-, -
04154800,DUVALL'S SCHOOL OF COSMETOLOGY,TX,760214159,Proprietary,22,22,45128,58,72727,20,20,74459,57,119912,-,-, -,-, -,4,4,13099,14,20583,-,-, -,-, -
04154900,NATIONAL CAREER INSTITUTE,NJ,070182011,Proprietary,24,24,59115,60,84505,28,28,107322,63,137304,-,-, -,-, -,3,3,14739,9,20599,-,-, -,-, -
04155000,NORTHWEST SCHOOL OF WOODEN BOAT BUILDING,WA,983398706,Private-Nonprofit,0,0,0,7,7488,0,0,0,7,10998,-,-, -,-, -,-,-, -,-, -,-,-, -,-, -
04155100,INSTITUTE OF MEDICAL AND BUSINESS CAREERS,PA,152351013,Proprietary,347,356,1027693,1240,1431785,352,374,1196808,1253,1697577,-,-, -,-, -,13,13,86702,41,103714,-,-, -,-, -
04155200,OLIVER FINLEY ACADEMY OF COSMETOLOGY,ID,837142900,Proprietary,85,87,249402,205,296958,88,88,285642,211,343533,-,-, -,-, -,0,0,0,4,12651,-,-, -,-, -
04155500,ACADEMY FOR JEWISH RELIGION CALIFORNIA,CA,900452659,Private-Nonprofit,-,-, -,-, -,-,-, -,-, -,0,0,0,1,10250,-,-, -,-, -,-,-, -,-, -
04155900,AVEDA FREDRIC'S INSTITUTE,IN,460323215,Proprietary,52,53,150081,147,213532,53,53,156385,149,233186,-,-, -,-, -,3,3,24032,17,75514,-,-, -,-, -
04156000,PAUL MITCHELL THE SCHOOL NYC,NY,103063003,Proprietary,21,21,38659,48,52161,26,26,50769,54,65519,-,-, -,-, -,5,5,42257,13,57010,-,-, -,-, -
04156200,INSTITUTE OF ADVANCED MEDICAL ESTHETICS,VA,230052111,Proprietary,8,11,14386,29,21973,9,12,26039,32,39956,-,-, -,-, -,6,6,50295,14,56920,-,-, -,-, -
04156300,UNIVERSITY OF FORT LAUDERDALE,FL,333135809,Private-Nonprofit,3,3,9750,29,26265,2,2,3000,18,16000,-,-, -,-, -,-,-, -,-, -,-,-, -,-, -
04156400,AVIATION INSTITUTE OF MAINTENANCE,FL,327072905,Proprietary,150,160,552679,413,761470,148,153,650796,397,882512,-,-, -,-, -,23,23,132005,63,215880,-,-, -,-, -
04157100,L3HARRIS AEROSIM ACADEMY,FL,327739683,Proprietary,13,13,27169,39,42458,12,12,23570,37,32163,-,-, -,-, -,10,15,745210,54,1493255,-,-, -,-, -
04157200,LOVE BEAUTY SCHOOL,TN,373552950,Proprietary,19,20,46814,40,52689,16,17,45092,37,51592,-,-, -,-, -,1,1,2843,3,8343,-,-, -,-, -
04157400,NATIONAL PARALEGAL COLLEGE,AZ,850141561,Proprietary,91,91,253191,1022,523975,81,81,323211,931,636503,9,9,154047,121,332974,-,-, -,-, -,-,-, -,-, -
04157600,NOVA ACADEMY OF COSMETOLOGY,MN,559018754,Proprietary,46,46,126518,99,149427,64,64,174044,143,207876,-,-, -,-, -,2,2,35090,5,41834,-,-, -,-, -
04157700,SALON PROFESSIONAL ACADEMY (THE),WI,546508699,Proprietary,21,21,79483,63,116821,22,23,96433,67,136882,-,-, -,-, -,3,3,25246,6,25246,-,-, -,-, -
04158000,METRO BEAUTY ACADEMY,PA,181069693,Proprietary,28,28,61608,72,82659,34,34,69874,84,94231,-,-, -,-, -,9,9,30452,21,39239,-,-, -,-, -
04158100,AIKEN SCHOOL OF COSMETOLOGY AND BARBERING,SC,298014554,Proprietary,3,3,7968,4,6218,2,2,4000,2,3000,-,-, -,-, -,-,-, -,-, -,-,-, -,-, -
04158200,PAUL MITCHELL THE SCHOOL SHERMAN OAKS,CA,914035882,Proprietary,78,78,229283,190,316943,80,80,271701,187,374417,-,-, -,-, -,2,2,27842,9,65839,-,-, -,-, -
04158400,L'ESPRIT ACADEMY,MI,481870000,Proprietary,97,99,232611,221,280434,94,96,290390,224,366237,-,-, -,-, -,7,7,53380,19,58779,-,-, -,-, -
04158800,THEATRE OF ARTS,CA,900286111,Proprietary,6,6,12662,26,34996,5,5,12666,27,47336,-,-, -,-, -,0,0,0,4,13302,-,-, -,-, -
04158900,FLAIR BEAUTY COLLEGE,CA,913552196,Proprietary,16,16,42081,39,50852,19,19,71480,45,83785,-,-, -,-, -,2,2,20894,6,22400,-,-, -,-, -
04159300,MARKETTI ACADEMY OF COSMETOLOGY,MI,483293506,Proprietary,5,5,15570,11,17320,5,5,12593,11,12793,-,-, -,-, -,2,2,11997,4,11997,-,-, -,-, -
04159600,GALAXY MEDICAL COLLEGE,CA,916061593,Proprietary,5,5,17500,15,26250,5,5,29004,15,43607,-,-, -,-, -,-,-, -,-, -,-,-, -,-, -
04159700,AMERICAN MEDICAL SCIENCES CENTER,CA,912045108,Proprietary,56,62,240150,153,292784,45,49,145324,119,175239,-,-, -,-, -,-,-, -,-, -,-,-, -,-, -
04159800,RENNES SCHOOL OF BUSINESS,,35065,Foreign-Private,-,-, -,-, -,-,-, -,-, -,0,0,0,3,28250,-,-, -,-, -,0,0,0,1,7205
04160400,ANGELES COLLEGE,CA,900102100,Proprietary,60,61,221701,241,400304,54,54,287447,222,497063,-,-, -,-, -,2,2,44565,10,74468,-,-, -,-, -
04160600,PAUL MITCHELL THE SCHOOL NORMAL,IL,617610000,Proprietary,25,26,63714,55,82464,34,35,118297,79,150142,-,-, -,-, -,1,1,13352,3,21368,-,-, -,-, -
04160700,AVENUE FIVE INSTITUTE,TX,787577000,Proprietary,178,178,414568,348,423864,178,178,561229,366,577534,-,-, -,-, -,11,11,100766,22,100766,-,-, -,-, -
04161700,SHASTA SCHOOL OF COSMETOLOGY,CA,960030000,Proprietary,35,36,94907,71,97823,33,34,101159,67,104159,-,-, -,-, -,1,1,10000,2,10000,-,-, -,-, -
04161800,BRANDMAN UNIVERSITY,CA,926183801,Private-Nonprofit,263,265,956039,1096,2298982,243,246,1007256,1052,2652214,341,344,3765227,2097,14586619,5,5,67421,13,95444,93,93,1077782,711,4799773
04161900,MANDALYN ACADEMY,UT,840032161,Proprietary,40,40,100292,86,111542,43,44,144690,93,160023,-,-, -,-, -,1,1,4367,2,4367,-,-, -,-, -
04162000,JOSE MARIA VARGAS UNIVERSITY,FL,330263978,Proprietary,15,15,40250,224,83900,15,15,61000,224,122600,3,3,41000,26,53300,-,-, -,-, -,-,-, -,-, -
04162400,PAUL MITCHELL THE SCHOOL ALBUQUERQUE,NM,871104404,Proprietary,27,27,71628,89,121788,27,27,85293,90,147247,-,-, -,-, -,-,-, -,-, -,-,-, -,-, -
04162500,HOLLYWOOD INSTITUTE OF BEAUTY CAREERS,FL,330236720,Proprietary,246,246,558225,572,735896,231,231,721403,561,963409,1,1,9500,2,9500,17,17,71252,52,109111,-,-, -,-, -
04162700,ERIC FISHER ACADEMY,KS,672123376,Proprietary,62,62,178518,151,223674,67,68,200136,165,263085,-,-, -,-, -,8,8,33059,17,37593,-,-, -,-, -
04162800,PAUL MITCHELL THE SCHOOL MODESTO,CA,953501440,Proprietary,101,102,268778,231,320781,103,104,338398,236,401642,-,-, -,-, -,7,7,39061,16,44315,-,-, -,-, -
04163000,SUMMIT SALON ACADEMY,FL,336246321,Proprietary,48,48,128682,121,169018,53,54,168887,136,218032,-,-, -,-, -,6,6,42258,15,47389,-,-, -,-, -
04163100,SUMMIT SALON ACADEMY - GAINESVILLE,FL,326071672,Proprietary,46,46,119401,106,150738,46,46,152018,105,191854,-,-, -,-, -,-,-, -,-, -,-,-, -,-, -
04163200,TENAJ SALON INSTITUTE,FL,321629311,Proprietary,26,26,67643,48,81643,25,25,82000,47,100000,-,-, -,-, -,1,1,3000,2,5000,-,-, -,-, -
04163300,COMPASS COLLEGE OF CINEMATIC ARTS,MI,495034227,Private-Nonprofit,17,17,41002,17,41002,19,19,34745,19,34745,-,-, -,-, -,-,-, -,-, -,-,-, -,-, -
04163400,COSMO BEAUTY ACADEMY,CA,958211904,Proprietary,11,11,25171,22,25171,11,11,27252,22,27252,-,-, -,-, -,-,-, -,-, -,-,-, -,-, -
04163700,BITTERROOT SCHOOL OF COSMETOLOGY,MT,598403118,Proprietary,7,7,21500,14,21500,6,6,15999,12,15999,-,-, -,-, -,-,-, -,-, -,-,-, -,-, -
04164100,MONTANA ACADEMY OF SALONS,MT,594051800,Proprietary,21,21,51457,47,64179,22,23,67310,52,83918,-,-, -,-, -,4,4,22600,9,24350,-,-, -,-, -
04164400,ANGELES INSTITUTE,CA,907016610,Proprietary,50,53,158743,135,214552,53,56,221463,139,296059,-,-, -,-, -,8,8,78851,29,98576,-,-, -,-, -
04165000,MERIDIAN INSTITUTE OF SURGICAL ASSISTING,TN,372180000,Proprietary,81,82,195274,354,425317,83,83,357493,360,767344,-,-, -,-, -,-,-, -,-, -,-,-, -,-, -
04165300,PAUL MITCHELL THE SCHOOL MILWAUKEE,WI,532220000,Proprietary,30,30,73204,72,107192,28,28,73590,66,119396,-,-, -,-, -,1,1,2343,3,7220,-,-, -,-, -
04165500,ACAYDIA SPA AND SCHOOL OF AESTHETICS,UT,846010000,Proprietary,46,47,110655,106,130246,46,47,123396,109,149474,-,-, -,-, -,0,0,0,2,5515,-,-, -,-, -
04165800,SALON PROFESSIONAL ACADEMY (THE),TX,750672348,Proprietary,24,24,51224,57,69932,26,27,74993,64,104003,-,-, -,-, -,3,3,22470,8,31330,-,-, -,-, -
04165900,PAUL MITCHELL THE SCHOOL FRESNO,CA,937107617,Proprietary,112,115,360210,265,431210,99,103,339876,242,401550,-,-, -,-, -,7,7,51942,16,51942,-,-, -,-, -
04166700,SUMMIT SALON ACADEMY,IN,460132832,Proprietary,31,32,91743,94,134033,31,33,83587,93,134595,-,-, -,-, -,-,-, -,-, -,-,-, -,-, -
04166800,SUMMIT SALON ACADEMY,OH,455510000,Proprietary,33,33,123445,74,135990,33,33,133450,77,147512,-,-, -,-, -,1,1,5884,2,5884,-,-, -,-, -
04167000,PAUL MITCHELL THE SCHOOL TEMECULA,CA,925914663,Proprietary,131,141,366235,333,502332,129,138,390431,322,531865,-,-, -,-, -,7,7,60464,21,108235,-,-, -,-, -
04167100,AVEDA INSTITUTE DENVER,CO,802040000,Proprietary,80,81,211963,216,302687,87,88,281128,237,403102,-,-, -,-, -,12,12,60553,32,90087,-,-, -,-, -
04167200,GEISINGER COMMONWEALTH SCHOOL OF MEDICINE,PA,185093240,Private-Nonprofit,1,1,1167,22,27089,1,1,2000,22,29837,25,25,219325,111,777409,2,2,4422,3,5483,32,33,120833,98,469147
04167300,SALON PROFESSIONAL ACADEMY (THE),FL,339071015,Proprietary,22,22,43476,35,54066,24,24,51585,34,56835,-,-, -,-, -,1,1,3300,2,5150,-,-, -,-, -
04167400,SAGE SCHOOL OF MASSAGE & ESTHETICS,OR,977034082,Proprietary,8,8,15129,16,15129,9,9,29823,18,29823,-,-, -,-, -,-,-, -,-, -,-,-, -,-, -
04167500,WORLD A CUTS BARBER INSTITUTE,PA,174011105,Proprietary,5,5,17500,10,17500,5,5,26000,10,26000,-,-, -,-, -,-,-, -,-, -,-,-, -,-, -
04167800,INNOVATIONS DESIGN ACADEMY,IL,614552625,Proprietary,12,12,36150,30,45650,14,14,34565,30,40231,-,-, -,-, -,1,1,9859,2,9859,-,-, -,-, -
04168000,AMERICAN COLLEGE OF GREECE (THE),,15342,Foreign-Private,1,1,5500,2,5500,1,1,2000,2,2000,2,2,16228,8,46980,-,-, -,-, -,-,-, -,-, -
04168600,COLLEGE OF MASSAGE THERAPY,ID,832211758,Proprietary,0,0,0,6,7440,0,0,0,5,9989,-,-, -,-, -,-,-, -,-, -,-,-, -,-, -
04168700,PELOTON COLLEGE,TX,752061815,Proprietary,40,40,120216,96,161726,38,38,180935,102,247513,-,-, -,-, -,2,2,6039,4,7585,-,-, -,-, -
04168900,HOLISTIC MASSAGE TRAINING INSTITUTE,MD,212184220,Proprietary,5,6,12868,14,17593,5,5,18460,12,22960,-,-, -,-, -,-,-, -,-, -,-,-, -,-, -
04169000,SALON & SPA INSTITUTE,TX,785208809,Proprietary,21,21,43519,68,87278,19,19,49670,108,121169,-,-, -,-, -,1,1,3038,4,6038,-,-, -,-, -
04169100,DIAMONDS COLLEGE,TX,750902657,Proprietary,7,7,11121,17,23373,5,5,14864,14,29800,-,-, -,-, -,-,-, -,-, -,-,-, -,-, -
04169400,NORTHERN VIRGINIA SCHOOL OF THERAPEUTIC MASSAGE,VA,220424302,Proprietary,26,26,56385,64,71493,28,28,97153,69,124474,-,-, -,-, -,1,1,6970,2,6970,-,-, -,-, -
04169700,UNITEK COLLEGE,CA,945383185,Proprietary,1518,1528,5547914,4044,7638020,1574,1605,7115696,4195,9763514,-,-, -,-, -,128,129,1852168,337,2545501,-,-, -,-, -
04169800,GURNICK ACADEMY OF MEDICAL ARTS,CA,944031849,Proprietary,863,869,2997403,2300,4301792,904,911,4152439,2403,5923855,-,-, -,-, -,59,59,649549,136,806032,-,-, -,-, -
04169900,AMERICAN BEAUTY ACADEMY,UT,846510000,Proprietary,25,25,60781,47,75406,24,24,77244,42,84352,-,-, -,-, -,-,-, -,-, -,-,-, -,-, -
04170100,SUMMIT SALON ACADEMY,WA,984097321,Proprietary,40,41,140499,108,188537,42,44,205548,111,257249,-,-, -,-, -,2,2,10000,3,10000,-,-, -,-, -
04170200,PAUL MITCHELL THE SCHOOL COLORADO SPRINGS,CO,809030000,Proprietary,57,58,138764,138,187826,59,60,159827,142,218126,-,-, -,-, -,2,2,10823,6,16942,-,-, -,-, -
04170300,BEAUTY ACADEMY OF SOUTH FLORIDA,FL,330162421,Proprietary,48,48,120005,116,160207,48,48,172396,116,232471,-,-, -,-, -,2,2,7738,9,16209,-,-, -,-, -
04170600,SALON PROFESSIONAL ACADEMY (THE),MO,633011021,Proprietary,53,54,171812,140,228062,58,61,235570,156,316427,-,-, -,-, -,3,3,39295,6,39295,-,-, -,-, -
04170700,PAUL MITCHELL THE SCHOOL ST LOUIS,MO,631081554,Proprietary,47,47,130584,126,191069,53,53,187531,134,265242,-,-, -,-, -,6,6,49997,17,68418,-,-, -,-, -
04170900,UNIVERSITY OF CHESTER,,CH1 4BJ,Foreign-Private,-,-, -,-, -,-,-, -,-, -,0,0,0,17,167229,-,-, -,-, -,0,0,0,14,116572
04171000,ADVANCED TRAINING INSTITUTE,NV,891181519,Proprietary,138,138,372992,383,543783,144,144,505498,390,727273,-,-, -,-, -,8,8,93632,17,103444,-,-, -,-, -
04171100,PAUL MITCHELL THE SCHOOL - DELAWARE,DE,197025108,Proprietary,40,40,106929,81,125179,42,42,120932,86,148099,-,-, -,-, -,3,3,30833,7,36303,-,-, -,-, -
04171400,AVEDA INSTITUTE PORTLAND,OR,972093144,Proprietary,61,61,164649,169,234041,63,63,196706,192,297346,-,-, -,-, -,3,3,13675,18,61722,-,-, -,-, -
04172500,DR. IDA ROLF INSTITUTE,CO,803010000,Private-Nonprofit,5,5,12685,11,13702,5,5,21746,10,21746,-,-, -,-, -,-,-, -,-, -,-,-, -,-, -
04172700,SALON PROFESSIONAL ACADEMY (THE),IN,477157822,Proprietary,46,46,133566,118,176874,52,52,162249,136,217673,-,-, -,-, -,7,7,40344,18,54403,-,-, -,-, -
04173200,TAYLOR ANDREWS ACADEMY OF HAIR DESIGN,UT,840886577,Proprietary,91,91,262136,230,346302,93,93,281831,239,407321,-,-, -,-, -,1,1,6000,2,6000,-,-, -,-, -
04173500,MORENO VALLEY COLLEGE,CA,925512204,Public,6,6,10917,17,16417,9,9,34750,24,43176,-,-, -,-, -,-,-, -,-, -,-,-, -,-, -
04173700,MANNA UNIVERSITY,NC,283142343,Private-Nonprofit,14,14,54164,30,48150,13,13,71262,28,60527,3,3,34421,7,34421,-,-, -,-, -,-,-, -,-, -
04173800,SALON PROFESSIONAL ACADEMY (THE),CO,809182932,Proprietary,75,75,173423,169,219513,73,76,232154,167,288284,-,-, -,-, -,-,-, -,-, -,-,-, -,-, -
04173900,EVOLVE BEAUTY ACADEMY,MO,630904507,Proprietary,8,8,23750,20,29000,8,8,20309,22,30671,-,-, -,-, -,2,2,5100,4,7999,-,-, -,-, -
04174000,SKIN INSTITUTE,MO,631263552,Proprietary,18,18,57750,48,84000,20,23,67017,58,90009,-,-, -,-, -,4,5,29470,13,42205,-,-, -,-, -
04174100,PAUL MITCHELL THE SCHOOL PHOENIX,AZ,850171919,Proprietary,25,25,68155,58,84981,24,24,82348,52,100490,-,-, -,-, -,1,1,13065,2,13065,-,-, -,-, -
04174500,AVEDA INSTITUTE OF NEW MEXICO (THE),NM,871041160,Proprietary,21,21,67134,74,118350,17,17,37193,66,86225,-,-, -,-, -,-,-, -,-, -,-,-, -,-, -
04174800,AMERICAN TRADE SCHOOL,MO,630741807,Proprietary,54,54,169558,201,227608,51,53,227955,197,314353,-,-, -,-, -,4,5,25146,15,26597,-,-, -,-, -
04174900,ESTELLE SKIN CARE AND SPA INSTITUTE,IL,600779945,Proprietary,39,39,104615,118,165969,35,35,129777,117,231863,-,-, -,-, -,2,2,10731,5,12190,-,-, -,-, -
04175000,UNIVERSAL SPA TRAINING ACADEMY,IL,605150000,Proprietary,53,53,148893,162,230127,55,56,219153,178,356145,-,-, -,-, -,4,4,59079,16,102448,-,-, -,-, -
04175100,PAUL MITCHELL THE SCHOOL HONOLULU,HI,968162433,Proprietary,35,35,123026,78,144071,28,28,101336,69,127562,-,-, -,-, -,5,5,40206,11,43566,-,-, -,-, -
04175200,PAUL MITCHELL THE SCHOOL EAST BAY,CA,945235515,Proprietary,83,84,230908,189,278530,85,86,254961,193,314431,-,-, -,-, -,7,7,59777,15,63643,-,-, -,-, -
04175300,PENROSE ACADEMY,AZ,852544065,Proprietary,78,79,188747,209,276353,83,83,228850,224,368790,-,-, -,-, -,9,9,89591,27,142133,-,-, -,-, -
04175400,ELITE COSMETOLOGY SCHOOL,CA,922603324,Proprietary,36,37,93353,87,114828,30,30,85809,77,113292,-,-, -,-, -,3,3,12598,6,12598,-,-, -,-, -
04176100,NORCO COLLEGE,CA,928602600,Public,3,3,8500,10,13375,3,3,10000,9,14000,-,-, -,-, -,-,-, -,-, -,-,-, -,-, -
04176700,AVEDA INSTITUTE BOISE,ID,837044406,Proprietary,18,18,41025,44,57843,17,17,52462,40,67508,-,-, -,-, -,-,-, -,-, -,-,-, -,-, -
04177100,PIMA MEDICAL INSTITUTE,CO,800123690,Proprietary,247,251,784810,696,1214827,234,251,917108,732,1462932,-,-, -,-, -,8,8,73363,46,195818,-,-, -,-, -
04177300,OHIO MEDICAL CAREER COLLEGE,OH,454174094,Proprietary,103,108,325998,343,431984,97,101,431024,329,584328,-,-, -,-, -,-,-, -,-, -,-,-, -,-, -
04177400,CAPILO SCHOOL OF HAIR DESIGN,ME,043300000,Proprietary,58,59,150698,130,177171,52,54,160740,120,186986,-,-, -,-, -,4,4,18875,8,18875,-,-, -,-, -
04177500,PURE AESTHETICS NATURAL SKINCARE SCHOOL,AZ,857163823,Proprietary,18,18,36150,39,41985,17,17,45751,39,55751,-,-, -,-, -,4,4,24749,8,24749,-,-, -,-, -
04177600,LINDSEY INSTITUTE OF COSMETOLOGY,KY,421038036,Proprietary,7,11,29038,22,29038,9,14,48626,28,48626,-,-, -,-, -,-,-, -,-, -,-,-, -,-, -
04177900,BUCKNER BARBER SCHOOL,TX,752171775,Proprietary,15,16,19968,30,23468,14,15,31417,29,33417,-,-, -,-, -,0,0,0,2,9168,-,-, -,-, -
04178100,CAROLINA COLLEGE OF HAIR DESIGN,NC,288062711,Proprietary,5,5,17000,12,20250,1,1,2000,2,2000,-,-, -,-, -,-,-, -,-, -,-,-, -,-, -
04178200,VOGUE COLLEGE - SAN ANTONIO,TX,782015035,Proprietary,23,23,33741,69,69761,23,23,52355,68,95707,-,-, -,-, -,0,0,0,1,5106,-,-, -,-, -
04178300,VOGUE COLLEGE OF COSMETOLOGY,TX,782384402,Proprietary,22,22,52634,58,73055,23,23,79776,62,110777,-,-, -,-, -,1,1,564,2,564,-,-, -,-, -
04178400,VOGUE COLLEGE OF COSMETOLOGY,TX,785011945,Proprietary,74,74,161034,200,254702,72,72,217541,197,340182,-,-, -,-, -,2,2,8495,7,14038,-,-, -,-, -
04178500,VOGUE COLLEGE OF COSMETOLOGY,NM,875057636,Proprietary,20,20,54958,50,73076,19,19,52504,44,66328,-,-, -,-, -,1,1,6038,3,7706,-,-, -,-, -
04178700,ATELIER ESTHETIQUE INSTITUTE OF ESTHETICS,NY,100016700,Proprietary,50,50,97043,133,141965,46,46,138282,124,210400,-,-, -,-, -,1,1,3155,3,5420,-,-, -,-, -
04179100,VERVE COLLEGE,IL,605231234,Proprietary,71,71,152745,201,236181,66,66,238957,198,390196,-,-, -,-, -,1,1,26482,2,26482,-,-, -,-, -
04179200,ADVANCED COLLEGE OF COSMETOLOGY,WI,539630000,Proprietary,11,11,34375,22,35375,10,11,30163,23,35691,-,-, -,-, -,0,0,0,1,5128,-,-, -,-, -
04179500,NORTH AMERICAN UNIVERSITY,TX,774772451,Private-Nonprofit,8,8,16000,57,42630,5,5,7000,29,24074,2,2,40711,18,68794,0,0,0,4,4873,-,-, -,-, -
04179800,SOTHEBY'S INSTITUTE OF ART - NY,NY,100226717,Proprietary,-,-, -,-, -,-,-, -,-, -,1,1,20500,2,20500,-,-, -,-, -,1,1,8483,2,8483
04179900,TOMORROW'S IMAGE BARBER & BEAUTY ACADEMY OF VIRGINIA,VA,236083900,Proprietary,39,39,125824,88,146234,40,40,161163,90,187183,-,-, -,-, -,1,1,2300,1,2300,-,-, -,-, -
04180000,CINTA AVEDA INSTITUTE,CA,941083204,Proprietary,58,58,164291,133,188721,55,55,189466,124,220976,-,-, -,-, -,2,2,23829,4,23829,-,-, -,-, -
04180200,LONG ISLAND NAIL SKIN & HAIR INSTITUTE,NY,117561316,Proprietary,34,34,73627,90,98807,34,35,110326,90,143488,-,-, -,-, -,2,2,8753,4,8753,-,-, -,-, -
04180600,APPALACHIAN COLLEGE OF PHARMACY,VA,246319210,Private-Nonprofit,-,-, -,-, -,-,-, -,-, -,47,47,1112917,120,1750492,-,-, -,-, -,20,20,186461,61,323961
04181200,SOUTHERN CALIFORNIA HEALTH INSTITUTE (SOCHI),CA,916012028,Proprietary,44,44,137108,112,189577,42,42,213460,111,298054,-,-, -,-, -,2,2,18368,4,18368,-,-, -,-, -
04181400,BEST CARE COLLEGE,NJ,070181703,Proprietary,30,30,90720,70,111510,31,31,134820,73,171290,-,-, -,-, -,-,-, -,-, -,-,-, -,-, -
04181600,INTEGRITY COLLEGE OF HEALTH,CA,911042300,Proprietary,46,46,146343,135,230660,46,46,202256,136,300393,-,-, -,-, -,5,5,44318,18,76890,-,-, -,-, -
04182100,FIRST CLASS COSMETOLOGY SCHOOL,WI,525110000,Proprietary,27,27,75207,67,101287,26,26,70023,68,107269,-,-, -,-, -,4,4,31002,10,34580,-,-, -,-, -
04182200,HAWAII MEDICAL COLLEGE,HI,968143518,Proprietary,132,137,391761,469,545279,168,173,598428,553,800565,-,-, -,-, -,-,-, -,-, -,-,-, -,-, -
04182500,MILLENNIA ATLANTIC UNIVERSITY,FL,331782995,Proprietary,1,1,3500,4,3500,0,0,0,1,265,-,-, -,-, -,-,-, -,-, -,-,-, -,-, -
04182600,HCI COLLEGE,FL,334095189,Proprietary,176,176,591274,532,921996,169,169,765954,495,1187029,-,-, -,-, -,14,14,93390,32,122941,-,-, -,-, -
04183100,WASHINGTON BARBER COLLEGE,AR,722093820,Proprietary,19,19,57999,47,71919,17,17,49799,51,68374,-,-, -,-, -,-,-, -,-, -,-,-, -,-, -
04183300,ABCOTT INSTITUTE,MI,480755227,Proprietary,51,51,124158,127,160530,49,49,188979,124,249952,-,-, -,-, -,5,5,35387,11,52093,-,-, -,-, -
04183400,SALON PROFESSIONAL ACADEMY (THE),AR,721202404,Proprietary,46,48,122884,105,142796,46,49,139272,114,173849,-,-, -,-, -,3,3,17279,9,25292,-,-, -,-, -
04183600,SALON PROFESSIONAL ACADEMY OF KENOSHA (THE),WI,531424950,Proprietary,25,25,65196,76,104898,24,24,82774,74,140138,-,-, -,-, -,2,2,11000,8,19750,-,-, -,-, -
04183900,CETYS UNIVERSIDAD,,21259,Foreign-Private,10,10,28864,23,32086,6,6,4193,25,21158,2,2,2190,11,8991,-,-, -,-, -,-,-, -,-, -
04184000,PAUL MITCHELL THE SCHOOL INDIANAPOLIS,IN,462276252,Proprietary,47,47,135455,107,162197,49,49,155470,113,193771,-,-, -,-, -,2,2,11029,4,11029,-,-, -,-, -
04184200,TAYLOR ANDREWS ACADEMY-ST. GEORGE,UT,847902636,Proprietary,39,40,108147,107,137058,38,39,109537,99,133995,-,-, -,-, -,-,-, -,-, -,-,-, -,-, -
04184500,CHRISTINE VALMY INTERNATIONAL SCHOOL OF ESTHETICS & COSMETOLOGY,NJ,070589589,Proprietary,35,35,83357,126,152980,36,36,105838,127,186799,-,-, -,-, -,0,0,0,2,5873,-,-, -,-, -
04184700,PROTEGE ACADEMY,MI,488238660,Proprietary,24,24,65680,69,101887,26,28,59436,78,105092,-,-, -,-, -,1,1,4466,2,4466,-,-, -,-, -
04185000,COLORADO ACADEMY OF VETERINARY TECHNOLOGY,CO,809064944,Proprietary,10,10,39644,49,68024,11,11,45272,53,85219,-,-, -,-, -,-,-, -,-, -,-,-, -,-, -
04185100,NORTHEAST TECHNICAL INSTITUTE,ME,040740000,Proprietary,50,50,140623,128,187595,51,51,232695,126,300413,-,-, -,-, -,2,2,18377,7,25445,-,-, -,-, -
04185500,BEVERLY HILLS DESIGN INSTITUTE,CA,902113219,Proprietary,3,3,6166,10,12667,3,3,8666,10,18666,-,-, -,-, -,-,-, -,-, -,-,-, -,-, -
04185600,MEDICAL ALLIED CAREER CENTER,CA,906704710,Proprietary,34,34,110768,95,159678,33,33,163781,94,231661,-,-, -,-, -,1,1,13400,5,28147,-,-, -,-, -
04185900,ELITE SCHOOL OF COSMETOLOGY,OH,448572714,Proprietary,28,28,68632,76,105753,24,24,95345,80,146676,-,-, -,-, -,-,-, -,-, -,-,-, -,-, -
04186300,PAUL MITCHELL THE SCHOOL LAS VEGAS,NV,891238014,Proprietary,66,66,213433,177,289258,69,69,259102,191,367266,-,-, -,-, -,3,3,15997,8,29340,-,-, -,-, -
04186600,SUMMIT SALON ACADEMY KOKOMO,IN,469016248,Proprietary,42,42,116089,96,143748,43,44,138400,107,178152,-,-, -,-, -,6,6,37702,12,37702,-,-, -,-, -
04186900,INTERNATIONAL COLLEGE OF BEAUTY ARTS & SCIENCES,CA,900391012,Proprietary,29,31,71484,77,94726,31,31,99916,76,117929,-,-, -,-, -,1,1,4137,2,4137,-,-, -,-, -
04187200,NEW BEGINNING COLLEGE OF COSMETOLOGY,AL,359510000,Proprietary,18,18,48375,50,74553,17,17,55329,44,85278,-,-, -,-, -,-,-, -,-, -,-,-, -,-, -
04187400,JOHN AMICO SCHOOL OF HAIR DESIGN,IL,604522501,Proprietary,95,95,272204,220,329655,99,100,372815,237,445392,-,-, -,-, -,7,7,30169,17,40168,-,-, -,-, -
04187700,CREVIER'S SCHOOL OF COSMETOLOGY,MT,599014402,Proprietary,12,13,34030,29,37502,13,13,35614,29,42558,-,-, -,-, -,-,-, -,-, -,-,-, -,-, -
04187800,CYBERTEX INSTITUTE OF TECHNOLOGY,TX,787523825,Proprietary,62,62,169175,177,257131,60,60,238019,178,356075,-,-, -,-, -,7,7,50678,19,64508,-,-, -,-, -
04188300,FLORIDA ACADEMY,FL,339661155,Proprietary,83,83,174174,196,232923,86,88,265214,201,348385,-,-, -,-, -,0,0,0,1,2250,-,-, -,-, -
04188700,ASI CAREER INSTITUTE,NJ,080121043,Proprietary,16,16,33567,34,37065,19,19,62836,40,67502,-,-, -,-, -,3,3,25072,7,29239,-,-, -,-, -
04188800,INSTITUTE FOR DOCTORAL STUDIES IN THE VISUAL ARTS,ME,041020000,Private-Nonprofit,-,-, -,-, -,-,-, -,-, -,17,17,316332,59,396694,-,-, -,-, -,16,16,431750,52,523548
04189000,BARBER & BEAUTY INSTITUTE OF NEW YORK,NY,115506317,Proprietary,12,12,21673,34,37164,11,11,25378,32,41669,-,-, -,-, -,2,2,6500,4,6500,-,-, -,-, -
04189100,SALON INSTITUTE - TOLEDO CAMPUS,OH,436151731,Proprietary,33,33,99846,97,160141,39,39,150938,108,215952,-,-, -,-, -,7,7,56699,15,60824,-,-, -,-, -
04189200,SALON PROFESSIONAL ACADEMY (THE),IL,605868789,Proprietary,14,15,44349,38,58044,15,16,44780,38,54817,-,-, -,-, -,1,2,6541,4,6541,-,-, -,-, -
04189400,REFLECTIONS ACADEMY OF BEAUTY,IL,625262425,Proprietary,8,8,19022,22,27807,8,8,27047,22,37797,-,-, -,-, -,-,-, -,-, -,-,-, -,-, -
04189600,STATE CAREER COLLEGE,IL,600313774,Proprietary,11,11,27622,24,34622,9,9,40000,22,50000,-,-, -,-, -,0,0,0,1,1180,-,-, -,-, -
04189700,CALIFORNIA MIRAMAR UNIVERSITY,CA,921081737,Proprietary,13,14,56500,89,94276,18,18,52644,91,74063,3,3,20541,25,76130,3,3,38489,15,53789,0,0,0,2,12000
04189800,ACADEMY FOR SALON PROFESSIONALS,CA,913242305,Proprietary,33,33,85422,90,114456,34,34,111966,92,148226,-,-, -,-, -,-,-, -,-, -,-,-, -,-, -
04190500,NEW YORK SCHOOL OF ESTHETICS & DAY SPA,NY,106063232,Proprietary,52,52,119609,127,147617,53,53,163028,129,205696,-,-, -,-, -,1,1,2500,2,2500,-,-, -,-, -
04191300,ANNENBERG SCHOOL OF NURSING,CA,913353711,Private-Nonprofit,18,18,59500,34,59500,16,16,73000,31,73000,-,-, -,-, -,-,-, -,-, -,-,-, -,-, -
04191900,PAUL MITCHELL THE SCHOOL SPOKANE,WA,990375041,Proprietary,33,34,77286,81,109973,31,32,90002,77,132886,-,-, -,-, -,-,-, -,-, -,-,-, -,-, -
04192100,AMERICAN MEDICAL ACADEMY,FL,331864830,Proprietary,33,33,56640,86,94195,29,29,68469,77,115209,-,-, -,-, -,-,-, -,-, -,-,-, -,-, -
04192200,ATHENA CAREER ACADEMY,OH,436156800,Proprietary,75,75,185983,179,255786,71,71,273826,178,395603,-,-, -,-, -,4,4,34312,8,34312,-,-, -,-, -
04192700,BARBER SCHOOL (THE) BY TIM HITE,UT,840473723,Proprietary,31,31,92468,79,129082,30,30,126968,77,176735,-,-, -,-, -,-,-, -,-, -,-,-, -,-, -
04193000,RIO GRANDE VALLEY COLLEGE,TX,785779627,Proprietary,148,148,526559,408,762279,157,157,521316,428,714129,-,-, -,-, -,12,12,53666,29,67346,-,-, -,-, -
04193100,ALEXANDER ACADEMY,MA,014620000,Proprietary,1,1,3500,11,19250,1,1,6000,13,33000,-,-, -,-, -,0,0,0,1,2300,-,-, -,-, -
04193200,ROCKY MOUNTAIN UNIVERSITY OF HEALTH PROFESSIONS,UT,846066101,Proprietary,-,-, -,-, -,-,-, -,-, -,481,481,8750570,1209,11828798,-,-, -,-, -,340,345,8071105,840,9884447
04193700,JOHN PAUL THE GREAT CATHOLIC UNIVERSITY,CA,920252601,Private-Nonprofit,97,110,408257,387,544754,97,106,318676,387,455018,-,-, -,-, -,18,18,286085,70,427945,-,-, -,-, -
04193800,SHEPHERDS COLLEGE,WI,531821527,Private-Nonprofit,1,1,4500,4,9000,1,1,2000,4,6500,-,-, -,-, -,-,-, -,-, -,-,-, -,-, -
04194400,AMERICAN COLLEGE OF HEALTHCARE SCIENCES,OR,972393914,Proprietary,312,333,989033,770,1253934,290,313,1220795,686,1506228,114,122,1551492,250,1794457,3,3,49545,6,49545,8,9,77176,19,84560
04194500,AVEDA INSTITUTE TUCSON,AZ,857014876,Proprietary,141,141,391678,373,544387,146,146,467415,389,649131,-,-, -,-, -,16,16,109476,42,145715,-,-, -,-, -
04194900,TILLAMOOK BAY COMMUNITY COLLEGE,OR,971412807,Public,3,3,4592,6,4592,1,1,1167,2,1167,-,-, -,-, -,-,-, -,-, -,-,-, -,-, -
04195300,ELEVATE SALON INSTITUTE,CO,800316458,Proprietary,40,40,105503,95,115027,40,41,118855,96,135039,-,-, -,-, -,2,2,4640,5,8080,-,-, -,-, -
04195400,UNITEK COLLEGE,CA,945417026,Proprietary,116,116,398120,312,546657,113,113,535009,305,723783,-,-, -,-, -,8,8,84654,19,100662,-,-, -,-, -
04197500,UNIVERSITY ACADEMY OF HAIR DESIGN,AL,354015621,Proprietary,9,9,28500,32,51750,8,8,32666,26,53667,-,-, -,-, -,-,-, -,-, -,-,-, -,-, -
04197600,"FLORIDA INSTITUTE OF RECORDING, SOUND AND TECHNOLOGY",FL,328106121,Proprietary,189,191,430862,503,618098,189,191,549343,524,817056,-,-, -,-, -,18,18,229299,76,466248,-,-, -,-, -
04202800,PANACHE ACADEMY OF BEAUTY,WI,539409700,Proprietary,5,5,15972,25,34631,5,5,15736,25,41117,-,-, -,-, -,-,-, -,-, -,-,-, -,-, -
04203100,PAUL MITCHELL THE SCHOOL RENO,NV,895023356,Proprietary,67,67,200460,177,271835,70,70,197565,177,275839,-,-, -,-, -,-,-, -,-, -,-,-, -,-, -
04203200,BOISE BARBER COLLEGE A D.MARTIN ACADEMY,ID,837091695,Proprietary,24,24,74730,58,97230,24,24,86353,58,115922,-,-, -,-, -,2,2,15109,4,15109,-,-, -,-, -
04203300,AVEDA INSTITUTE DES MOINES,IA,502668137,Proprietary,55,55,171984,127,204216,67,67,209467,154,251493,-,-, -,-, -,12,12,85619,32,112750,-,-, -,-, -
04203400,ARKANSAS STATE UNIVERSITY - NEWPORT,AR,721129073,Public,45,46,97375,139,181692,75,81,202927,211,281085,-,-, -,-, -,1,1,4000,3,8592,-,-, -,-, -
04203500,AUSTIN KADE ACADEMY,ID,834045540,Proprietary,39,39,99884,104,143774,42,42,132979,111,182462,-,-, -,-, -,1,1,792,2,792,-,-, -,-, -
04203600,FRANKLIN HAIR ACADEMY SCHOOL OF COSMETOLOGY,TN,370642126,Proprietary,9,9,24994,18,28203,7,7,24263,14,29513,-,-, -,-, -,-,-, -,-, -,-,-, -,-, -
04203800,WOODRUFF MEDICAL AND WELLNESS TRAINING,GA,300845865,Proprietary,22,22,62941,51,78228,23,23,101254,52,116693,-,-, -,-, -,0,0,0,1,8600,-,-, -,-, -
04204000,ASPEN BEAUTY ACADEMY - LAUREL,MD,207242013,Proprietary,26,26,74794,68,105764,22,22,70405,63,120445,-,-, -,-, -,1,1,12000,5,15959,-,-, -,-, -
04204300,"AESTHETIC SCIENCE INSTITUTE, (THE)",NY,121101095,Proprietary,33,33,62265,78,77423,32,32,82001,79,105332,-,-, -,-, -,0,0,0,1,3436,-,-, -,-, -
04204500,ELAINE STERLING INSTITUTE(THE),GA,303261000,Proprietary,240,241,522589,548,692190,243,245,738853,562,1018969,-,-, -,-, -,21,21,104710,43,127068,-,-, -,-, -
04204700,PAUL MITCHELL THE SCHOOL RALEIGH,NC,276127358,Proprietary,29,29,84526,77,117232,30,30,93314,79,139743,-,-, -,-, -,2,2,11813,4,11813,-,-, -,-, -
04204800,AMERICAN COLLEGE OF BARBERING,KY,402292862,Proprietary,23,23,71730,60,98939,23,23,100306,59,135562,-,-, -,-, -,1,1,12958,3,16187,-,-, -,-, -
04205200,WADE GORDON HAIRDRESSING ACADEMY,TX,791091708,Proprietary,63,63,135188,165,222669,64,64,165097,192,284863,-,-, -,-, -,0,0,0,6,22095,-,-, -,-, -
04205300,Y'S HAIR INTERNATIONAL,KS,662121457,Proprietary,40,44,121000,91,129750,42,46,174946,95,189946,-,-, -,-, -,6,6,35000,12,35000,-,-, -,-, -
04205500,LIL LOU'S BEAUTY AND BARBER COLLEGE,IN,464092404,Proprietary,10,10,26965,35,48245,11,11,45453,35,70246,-,-, -,-, -,-,-, -,-, -,-,-, -,-, -
04206200,DIGITAL FILM ACADEMY,NY,100363708,Proprietary,17,18,49583,41,68606,16,16,66336,35,88931,-,-, -,-, -,1,1,2600,1,2600,-,-, -,-, -
04206300,FVI SCHOOL OF NURSING AND TECHNOLOGY,FL,331543762,Proprietary,312,323,1102154,821,1360576,311,323,1500774,792,1864146,-,-, -,-, -,28,28,171225,71,196269,-,-, -,-, -
04206400,HELMS COLLEGE,GA,309073835,Private-Nonprofit,39,39,105581,141,180442,39,39,131471,139,246557,-,-, -,-, -,0,0,0,3,8968,-,-, -,-, -
04206500,MYCOMPUTERCAREER AT RALEIGH,NC,276063365,Proprietary,345,350,1088841,1132,1906299,336,341,1751151,1116,3102601,-,-, -,-, -,16,16,116467,48,188942,-,-, -,-, -
04206700,ELITE WELDING ACADEMY,OH,452461013,Proprietary,19,19,59726,43,73726,19,19,75926,45,103426,-,-, -,-, -,3,3,21384,8,30257,-,-, -,-, -
04206800,ADVANCE BEAUTY TECHS ACADEMY,CA,928796572,Proprietary,39,40,93671,87,108891,38,39,98120,88,114821,-,-, -,-, -,6,6,16999,12,20646,-,-, -,-, -
04207000,SCHOOL OF MISSIONARY AVIATION TECHNOLOGY,MI,488467412,Private-Nonprofit,0,0,0,5,11103,0,0,0,6,14750,-,-, -,-, -,-,-, -,-, -,-,-, -,-, -
04207500,MEDICAL CAREER INSTITUTE,NJ,077127202,Proprietary,63,63,196580,146,228523,64,64,269432,157,322307,-,-, -,-, -,3,3,52410,6,52410,-,-, -,-, -
04208400,RIVERSIDE COUNTY OFFICE OF EDUCATION,CA,925082321,Public,14,14,33832,32,38905,15,16,35955,36,43305,-,-, -,-, -,-,-, -,-, -,-,-, -,-, -
04208600,RELAY GRADUATE SCHOOL OF EDUCATION,NY,100041061,Private-Nonprofit,-,-, -,-, -,1,1,6834,1,6834,451,510,4152081,1228,5249126,-,-, -,-, -,-,-, -,-, -
04208700,COLORADO STATE UNIVERSITY - GLOBAL CAMPUS,CO,800110000,Public,931,963,2837599,4441,4708303,1041,1085,4835392,4936,8176265,450,468,3861778,2595,8726072,5,5,64807,30,86392,3,3,31762,21,80592
04208900,ADVANCED CAREER INSTITUTE,CA,932919254,Proprietary,76,76,180260,191,260264,67,68,231593,182,342680,-,-, -,-, -,6,6,34412,23,67490,-,-, -,-, -
04209300,PAUL MITCHELL THE SCHOOL OVERLAND PARK,KS,662124050,Proprietary,60,62,174884,149,219570,60,62,203214,142,261842,-,-, -,-, -,7,9,35971,20,38532,-,-, -,-, -
04209500,SHEAR FINESSE BEAUTY ACADEMY,FL,322258212,Proprietary,10,10,22498,22,28426,10,10,33328,22,39401,-,-, -,-, -,0,0,0,1,5616,-,-, -,-, -
04209600,INSTITUTE OF HEALTH SCIENCES,MD,210311408,Proprietary,34,34,99416,63,101166,38,38,184750,68,184750,-,-, -,-, -,-,-, -,-, -,-,-, -,-, -
04209800,HINTON BARBER AND BEAUTY COLLEGE,CA,945904547,Proprietary,20,20,57750,52,86000,20,20,64001,50,97667,-,-, -,-, -,4,4,33892,7,33892,-,-, -,-, -
04210100,STELLA AND CHARLES GUTTMAN COMMUNITY COLLEGE,NY,100182602,Public,3,3,4352,11,11900,0,0,0,5,5933,-,-, -,-, -,-,-, -,-, -,-,-, -,-, -
04210300,NIMA NATIONAL INSTITUTE OF MEDICAL AESTHETICS,UT,840953519,Proprietary,67,68,186469,189,270635,73,74,254381,206,390997,-,-, -,-, -,2,2,20565,4,20565,-,-, -,-, -
04210700,NEW YORK INSTITUTE OF BEAUTY,NY,117491479,Proprietary,49,49,110785,147,170881,52,52,178246,159,268833,-,-, -,-, -,3,3,22505,11,35997,-,-, -,-, -
04210800,NRI INSTITUTE OF HEALTH SCIENCES,FL,334114221,Proprietary,54,54,202105,155,286230,56,56,267874,158,392919,-,-, -,-, -,4,4,25381,7,25381,-,-, -,-, -
04211000,SALON PROFESSIONAL ACADEMY (THE),AL,358161849,Proprietary,21,22,63816,53,84079,22,22,57581,53,76199,-,-, -,-, -,-,-, -,-, -,-,-, -,-, -
04211200,BRIGHTON INSTITUTE OF COSMETOLOGY,MI,481168360,Proprietary,7,8,24250,20,30597,6,7,16665,17,22999,-,-, -,-, -,-,-, -,-, -,-,-, -,-, -
04211800,COLLEGE OF WESTERN IDAHO,ID,836875505,Public,106,107,183477,244,228637,48,48,89506,111,114265,-,-, -,-, -,-,-, -,-, -,-,-, -,-, -
04211900,XAVIER COLLEGE SCHOOL OF NURSING,CA,952021332,Proprietary,73,73,257837,153,274929,72,72,378724,153,400847,-,-, -,-, -,4,4,72000,8,72000,-,-, -,-, -
04212000,LAWRENCE & COMPANY COLLEGE OF COSMETOLOGY,CA,932304102,Proprietary,27,27,81200,58,89700,20,21,44543,44,48984,-,-, -,-, -,3,3,18989,6,18989,-,-, -,-, -
04212100,ACADEMY OF SALON PROFESSIONALS,MO,653016910,Proprietary,16,16,45069,44,57799,15,15,50206,38,60517,-,-, -,-, -,-,-, -,-, -,-,-, -,-, -
04212900,UNIVERSITY COLLEGE BIRMINGHAM,,B31JB,Foreign-Private,0,0,0,1,1500,0,0,0,1,666,-,-, -,-, -,0,0,0,1,10297,-,-, -,-, -
04213200,KAIZEN BEAUTY ACADEMY,FL,330246609,Proprietary,17,17,40007,33,41757,15,15,47411,28,48707,-,-, -,-, -,-,-, -,-, -,-,-, -,-, -
04213300,SOUTHERN TEXAS CAREERS ACADEMY,TX,785722427,Proprietary,7,7,15337,25,27854,7,8,11722,23,20706,-,-, -,-, -,0,0,0,1,10666,-,-, -,-, -
04213400,ACCESS CAREERS,NY,115500000,Proprietary,8,8,26250,21,36750,9,9,24801,23,37110,-,-, -,-, -,-,-, -,-, -,-,-, -,-, -
04213500,SHARP EDGEZ BARBER INSTITUTE,NY,146150000,Proprietary,47,47,98130,89,101631,47,47,140948,90,146195,-,-, -,-, -,2,2,3348,3,3348,-,-, -,-, -
04213800,SALON PROFESSIONAL ACADEMY (THE),TN,372142163,Proprietary,8,8,23288,24,35987,11,11,28877,30,40868,-,-, -,-, -,2,2,10287,4,10287,-,-, -,-, -
04214500,PRESTIGE HEALTH & BEAUTY SCIENCES ACADEMY,FL,330094660,Proprietary,1,1,1633,2,1633,1,1,2800,2,2800,-,-, -,-, -,-,-, -,-, -,-,-, -,-, -
04214700,LUCKES BEAUTY ACADEMY,VA,236011303,Proprietary,8,8,17797,20,29547,5,5,24728,18,39961,-,-, -,-, -,0,0,0,1,2432,-,-, -,-, -
04215000,TOTAL TRANSFORMATION INSTITUTE OF COSMETOLOGY,TX,786668115,Proprietary,16,16,35736,38,50622,17,17,52661,40,73081,-,-, -,-, -,2,2,9714,6,28149,-,-, -,-, -
04215100,CALIFORNIA CAREER INSTITUTE,CA,928065100,Proprietary,66,66,214332,249,421443,66,66,322372,258,659507,-,-, -,-, -,2,2,20424,6,23766,-,-, -,-, -
04215200,VIBE BARBER COLLEGE,TN,381072538,Proprietary,28,28,75507,46,75507,26,26,105595,43,105595,-,-, -,-, -,-,-, -,-, -,-,-, -,-, -
04215400,GRACE SCHOOL OF THEOLOGY,TX,773844894,Private-Nonprofit,3,3,9000,17,22684,3,3,11769,16,25966,1,1,9000,18,72496,-,-, -,-, -,-,-, -,-, -
04215500,CHAMP'S BARBER SCHOOL,PA,176033809,Proprietary,11,11,30298,39,60048,10,10,32503,38,74829,-,-, -,-, -,-,-, -,-, -,-,-, -,-, -
04216000,UNIVERSAL TRAINING INSTITUTE,NJ,088614106,Proprietary,38,38,101168,103,145102,39,39,147128,105,216664,-,-, -,-, -,4,4,32225,11,38947,-,-, -,-, -
04216500,CENTER FOR THE HEALING ARTS,NJ,080431911,Proprietary,8,8,18664,21,24499,8,8,26666,20,34666,-,-, -,-, -,-,-, -,-, -,-,-, -,-, -
04216800,BONNIE JOSEPH ACADEMY OF COSMETOLOGY & BARBERING,UT,840322044,Proprietary,2,2,6970,4,6970,2,2,7542,4,7542,-,-, -,-, -,-,-, -,-, -,-,-, -,-, -
04216900,SAN IGNACIO UNIVERSITY,FL,331782785,Proprietary,-,-, -,-, -,-,-, -,-, -,2,2,28513,6,30332,-,-, -,-, -,-,-, -,-, -
04217000,HEALTHCARE TRAINING INSTITUTE,LA,700627630,Proprietary,3,3,7000,14,26890,13,13,81570,51,191570,-,-, -,-, -,-,-, -,-, -,-,-, -,-, -
04217400,HIGH TECH HIGH GRADUATE SCHOOL OF EDUCATION,CA,921066025,Private-Nonprofit,-,-, -,-, -,-,-, -,-, -,1,1,3600,3,3600,-,-, -,-, -,-,-, -,-, -
04217500,J D ACADEMY OF SALON AND SPA,CA,945264012,Proprietary,31,31,74961,81,102199,37,37,91128,94,134277,-,-, -,-, -,6,6,48000,13,51450,-,-, -,-, -
04217600,SESSIONS COLLEGE FOR PROFESSIONAL DESIGN,AZ,852812863,Proprietary,68,72,198764,167,257443,65,66,257682,167,353378,-,-, -,-, -,3,5,14109,9,14109,-,-, -,-, -
04217800,BOCA BEAUTY ACADEMY,FL,334344178,Proprietary,125,126,270565,322,376994,122,123,280214,317,402474,-,-, -,-, -,5,5,13438,15,22146,-,-, -,-, -
04218300,MIDWIVES COLLEGE OF UTAH,UT,841062671,Private-Nonprofit,44,44,169152,121,239190,39,39,197961,101,283600,0,0,0,1,10250,-,-, -,-, -,-,-, -,-, -
04218400,CITY POINTE BEAUTY ACADEMY,MO,648702502,Proprietary,24,24,65850,63,88838,22,22,67626,60,99298,-,-, -,-, -,2,2,10277,5,13069,-,-, -,-, -
04218500,INNOVATE SALON ACADEMY,NJ,070800000,Proprietary,118,118,281376,280,351131,121,121,367419,292,450346,-,-, -,-, -,7,7,73543,16,85046,-,-, -,-, -
04218900,ROCKY VISTA UNIVERSITY,CO,801349498,Proprietary,-,-, -,-, -,-,-, -,-, -,247,250,9705050,491,9705050,-,-, -,-, -,317,412,13063037,641,13063037
04219000,WASHINGTON UNIVERSITY OF SCIENCE AND TECHNOLOGY,VA,221822400,Proprietary,0,0,0,1,1167,0,0,0,1,667,-,-, -,-, -,-,-, -,-, -,-,-, -,-, -
04219100,ALEXANDER PAUL INSTITUTE OF HAIR DESIGN,NC,278583344,Proprietary,17,17,52962,43,66212,18,21,52118,49,61118,-,-, -,-, -,2,3,5250,6,5250,-,-, -,-, -
04219300,EAST-WEST HEALING ARTS INSTITUTE,WI,537191133,Proprietary,11,11,32508,30,44861,11,11,55775,31,77614,-,-, -,-, -,-,-, -,-, -,-,-, -,-, -
04220000,DESIGNER BARBER & STYLIST SCHOOL,AR,729033753,Proprietary,21,21,60621,51,81871,21,21,70679,50,91346,-,-, -,-, -,-,-, -,-, -,-,-, -,-, -
04220200,MORE TECH INSTITUTE,FL,330122165,Proprietary,19,19,49870,44,63520,16,16,73505,42,95255,-,-, -,-, -,1,1,2995,2,2995,-,-, -,-, -
04220400,CHRYSM INSTITUTE OF ESTHETICS (THE),VA,234528503,Proprietary,97,98,205840,225,241221,103,104,356580,238,409923,-,-, -,-, -,4,4,16120,15,33822,-,-, -,-, -
04220500,BUTTE COUNTY REGIONAL OCCUPATIONAL PROGRAM,CA,959287191,Public,0,0,0,1,1167,0,0,0,1,2000,-,-, -,-, -,-,-, -,-, -,-,-, -,-, -
04221000,"STANDARD HEALTHCARE SERVICES, COLLEGE OF NURSING",VA,220430000,Proprietary,154,155,480851,484,743048,148,149,700861,468,1106519,-,-, -,-, -,1,1,3431,3,7681,-,-, -,-, -
04221300,PHILADELPHIA TECHNICIAN TRAINING INSTITUTE,PA,191381324,Private-Nonprofit,222,222,624270,502,821374,216,216,910906,496,1200863,-,-, -,-, -,5,5,66787,12,76196,-,-, -,-, -
04221400,PAUL MITCHELL THE SCHOOL DENVER,CO,802267395,Proprietary,52,52,141140,147,213128,48,48,163379,144,258254,-,-, -,-, -,4,4,19503,12,28570,-,-, -,-, -
04221700,ZMS THE ACADEMY,CA,900331878,Proprietary,44,44,99846,118,134275,35,35,87221,86,104918,-,-, -,-, -,-,-, -,-, -,-,-, -,-, -
04221900,CALIFORNIA TECHNICAL ACADEMY,CA,925072122,Proprietary,10,10,31000,14,21448,12,12,56246,15,34376,-,-, -,-, -,1,1,461,1,461,-,-, -,-, -
04222000,ARCLABS,SC,296736729,Proprietary,141,141,374996,343,492436,139,139,481856,349,644328,-,-, -,-, -,39,39,308246,97,376954,-,-, -,-, -
04222200,FAB SCHOOL (THE),CA,917309114,Proprietary,14,14,35832,48,65634,13,13,34378,48,69542,-,-, -,-, -,9,9,231799,29,386487,-,-, -,-, -
04223100,ARROJO COSMETOLOGY SCHOOL,NY,100144960,Proprietary,37,43,46868,102,76998,37,45,64823,107,98489,-,-, -,-, -,1,1,1812,2,6144,-,-, -,-, -
04223400,INTERAMERICAN TECHNICAL INSTITUTE,FL,331742900,Proprietary,89,89,282140,206,329103,88,88,461915,204,542415,-,-, -,-, -,-,-, -,-, -,-,-, -,-, -
04223500,LYNNES WELDING TRAINING,ND,581024018,Proprietary,19,19,32302,39,33109,20,20,35335,41,36719,-,-, -,-, -,-,-, -,-, -,-,-, -,-, -
04223600,ACADEMY OF INTERACTIVE ENTERTAINMENT,WA,981094623,Private-Nonprofit,0,0,0,6,11910,0,0,0,6,11855,-,-, -,-, -,0,0,0,1,4918,-,-, -,-, -
04223700,BAY AREA MEDICAL ACADEMY,CA,941083623,Proprietary,20,20,59363,76,121753,19,19,80910,81,158865,-,-, -,-, -,2,2,8510,4,10446,-,-, -,-, -
04223800,ELECTRICAL AND HVAC/R TRAINING CENTER,NY,117262701,Proprietary,49,49,111347,136,154963,48,48,137666,138,197818,-,-, -,-, -,7,7,63822,23,95712,-,-, -,-, -
04223900,MIND BODY INSTITUTE,TN,371152120,Proprietary,5,5,12249,14,18118,6,6,19061,17,32246,-,-, -,-, -,-,-, -,-, -,-,-, -,-, -
04224100,COSMETOLOGY ACADEMY OF TEXARKANA,TX,755034855,Proprietary,23,23,37304,60,67903,19,19,47645,53,96680,-,-, -,-, -,0,0,0,1,3009,-,-, -,-, -
04224200,BELLE ACADEMY OF COSMETOLOGY,CT,067040135,Proprietary,5,5,10935,12,14435,3,3,3868,8,9118,-,-, -,-, -,1,1,3342,2,3342,-,-, -,-, -
04224300,VALOR CHRISTIAN COLLEGE,OH,431100000,Private-Nonprofit,41,41,127748,127,177157,40,40,164459,112,224693,-,-, -,-, -,2,2,19768,8,25641,-,-, -,-, -
04224400,NETWORKS BARBER COLLEGE,IL,604093401,Proprietary,22,22,65968,58,94558,23,23,103197,100,148270,-,-, -,-, -,-,-, -,-, -,-,-, -,-, -
04224500,TRENZ BEAUTY ACADEMY,IL,604090000,Proprietary,15,15,26222,34,48490,15,15,38941,35,74563,-,-, -,-, -,-,-, -,-, -,-,-, -,-, -
04224600,BARBER SCHOOL OF PITTSBURGH,PA,152165537,Proprietary,33,34,86213,90,122963,36,37,141491,100,194334,-,-, -,-, -,3,3,39715,7,42829,-,-, -,-, -
04224700,JB'S HAIR DESIGN AND BARBER COLLEGE,OK,731391602,Proprietary,24,24,71750,63,102500,24,24,104333,63,151333,-,-, -,-, -,2,2,9228,4,9228,-,-, -,-, -
04225000,PARISIAN SPA INSTITUTE,FL,322044127,Proprietary,75,75,129252,162,154344,77,77,210205,168,241351,-,-, -,-, -,2,2,5333,4,5333,-,-, -,-, -
04225300,CREATIVE TOUCH COSMETOLOGY SCHOOL,IL,622981609,Proprietary,6,6,18500,18,27301,6,6,6275,18,18239,-,-, -,-, -,-,-, -,-, -,-,-, -,-, -
04225500,WESTCHESTER SCHOOL FOR MEDICAL & DENTAL ASSISTANTS,NY,105021047,Proprietary,17,17,39663,53,69136,17,17,26450,55,41779,-,-, -,-, -,-,-, -,-, -,-,-, -,-, -
04225700,LABARBERIA INSTITUTE OF HAIR,OH,441240000,Proprietary,88,88,279511,224,383916,86,87,415343,243,561312,-,-, -,-, -,0,0,0,1,2358,-,-, -,-, -
04226000,BOS-MAN'S BARBER COLLEGE,LA,711082653,Proprietary,11,11,32395,36,57395,11,11,41860,36,67574,-,-, -,-, -,-,-, -,-, -,-,-, -,-, -
04226100,LAWRENCE & COMPANY COLLEGE OF COSMETOLOGY,CA,936623509,Proprietary,13,13,38008,30,46756,12,12,29001,26,38001,-,-, -,-, -,1,1,18916,3,25726,-,-, -,-, -
04226300,BARBER AND BEAUTY ACADEMY OF PENNSYLVANIA,PA,171092103,Proprietary,34,34,51591,81,62683,35,35,76158,83,93158,-,-, -,-, -,-,-, -,-, -,-,-, -,-, -
04226400,MT TRAINING CENTER,TX,750513542,Proprietary,33,33,72194,74,87686,31,31,117652,71,143716,-,-, -,-, -,2,2,18094,4,18094,-,-, -,-, -
04226700,ALABAMA COLLEGE OF OSTEOPATHIC MEDICINE,AL,363032251,Private-Nonprofit,-,-, -,-, -,-,-, -,-, -,4,5,72893,20,188775,-,-, -,-, -,26,27,127347,75,262178
04227100,AMERICA EVANGELICAL UNIVERSITY,CA,902474432,Private-Nonprofit,3,3,8640,8,8640,2,4,10314,12,10314,-,-, -,-, -,-,-, -,-, -,-,-, -,-, -
04227500,MERRYFIELD ACADEMY,FL,333344925,Proprietary,19,19,42903,59,66226,22,22,86000,64,122661,-,-, -,-, -,1,1,2655,6,8447,-,-, -,-, -
04227800,BETHANY GLOBAL UNIVERSITY,MN,554382849,Private-Nonprofit,6,6,16250,27,48357,7,7,20500,29,43885,-,-, -,-, -,1,1,7373,2,12446,-,-, -,-, -
04228100,HIGH DESERT MEDICAL COLLEGE,CA,935341134,Proprietary,478,483,1721366,1492,2472705,473,487,2240547,1513,3269081,-,-, -,-, -,92,92,793817,285,1132247,-,-, -,-, -
04228300,PAUL MITCHELL THE SCHOOL SCHENECTADY,NY,123052303,Proprietary,67,69,150015,164,198075,67,69,178792,169,251719,-,-, -,-, -,9,9,79969,19,84669,-,-, -,-, -
04228400,BEYOND MEASURE BARBERING INSTITUTE,NC,273022323,Proprietary,19,19,61046,50,81664,15,15,58610,41,81297,-,-, -,-, -,3,3,15500,9,22603,-,-, -,-, -
04228600,TOP OF THE LINE BARBER COLLEGE,SC,294034814,Proprietary,14,14,41500,43,69062,14,14,35998,43,66745,-,-, -,-, -,-,-, -,-, -,-,-, -,-, -
04228900,MCDOUGLE TECHNICAL INSTITUTE,FL,330621000,Proprietary,14,14,24525,35,34194,14,14,33664,35,45665,-,-, -,-, -,0,0,0,2,8901,-,-, -,-, -
04229000,BARBER INSTITUTE OF TEXAS,TX,756023456,Proprietary,32,32,105000,61,105000,32,32,158000,61,158000,-,-, -,-, -,-,-, -,-, -,-,-, -,-, -
04229100,ADVANTAGE CAREER INSTITUTE,NJ,077240000,Proprietary,8,8,17581,26,29241,6,6,16900,23,32819,-,-, -,-, -,0,0,0,1,1042,-,-, -,-, -
04229200,JUPITER BEAUTY ACADEMY,MA,021222834,Proprietary,7,7,9390,15,12653,1,1,3667,4,7667,-,-, -,-, -,-,-, -,-, -,-,-, -,-, -
04229300,MEDQUEST COLLEGE,KY,402233836,Proprietary,222,222,541732,628,882874,214,215,729278,647,1188640,-,-, -,-, -,9,9,33818,29,79571,-,-, -,-, -
04229400,MIDFIELD INSTITUTE OF COSMETOLOGY,AL,352282233,Private-Nonprofit,0,0,0,1,1046,-,-, -,-, -,-,-, -,-, -,-,-, -,-, -,-,-, -,-, -
04229500,TEXAS A&M UNIVERSITY - CENTRAL TEXAS,TX,765495901,Public,100,102,206163,104,206163,148,148,458296,152,458296,113,123,547326,124,547326,3,3,13253,3,13253,1,1,862,1,862
04229700,FIRST COAST BARBER ACADEMY,FL,322028054,Proprietary,23,23,59556,52,71806,23,23,81466,52,94466,-,-, -,-, -,1,1,3184,2,3184,-,-, -,-, -
04229900,DEBUTANTES SCHOOL OF BEAUTY,IL,601153301,Proprietary,16,16,47969,37,57927,17,18,50098,41,67180,-,-, -,-, -,-,-, -,-, -,-,-, -,-, -
04230200,PAUL MITCHELL THE SCHOOL FARMINGTON HILLS,MI,483345224,Proprietary,33,33,101888,93,150270,37,37,138526,99,184521,-,-, -,-, -,1,1,13712,2,13712,-,-, -,-, -
04230300,PAUL MITCHELL THE SCHOOL MERRILLVILLE,IN,464105540,Proprietary,34,34,93206,69,100956,45,45,131500,93,140835,-,-, -,-, -,2,2,8260,4,8260,-,-, -,-, -
04230500,PAUL MITCHELL THE SCHOOL  GRAND RAPIDS,MI,495121781,Proprietary,32,32,84816,78,107523,31,31,71781,75,100932,-,-, -,-, -,7,7,44579,17,47244,-,-, -,-, -
04230700,UNIVERSITY OF THE HIGHLANDS AND ISLANDS,,IV3 5SQ,Foreign-Private,-,-, -,-, -,-,-, -,-, -,-,-, -,-, -,1,1,30559,2,30559,-,-, -,-, -
04230900,TIGI HAIRDRESSING ACADEMY NEWTOWN,CT,064700000,Proprietary,32,32,85652,76,104429,36,37,88701,86,115408,-,-, -,-, -,10,11,74864,25,77323,-,-, -,-, -
04231000,STUDIO BEAUTY SCHOOL,WA,992063646,Proprietary,23,23,60958,54,79166,21,21,80301,52,103514,-,-, -,-, -,-,-, -,-, -,-,-, -,-, -
04231200,NEECEE'S BARBER COLLEGE,TX,796027835,Proprietary,18,18,39357,39,47357,17,17,51562,42,65200,-,-, -,-, -,1,1,2000,2,2000,-,-, -,-, -
04231400,BELLA ACADEMY OF COSMETOLOGY,WI,542205466,Proprietary,5,5,11995,8,11995,6,6,22888,12,22888,-,-, -,-, -,-,-, -,-, -,-,-, -,-, -
04231900,ALAMO CITY BARBER COLLEGE,TX,782503227,Proprietary,58,58,138391,130,175001,59,59,99702,197,154056,-,-, -,-, -,2,2,6386,4,9436,-,-, -,-, -
04232300,HVAC TECHNICAL INSTITUTE,IL,606324457,Proprietary,15,15,35819,81,99977,14,14,40383,80,118127,-,-, -,-, -,-,-, -,-, -,-,-, -,-, -
04232800,JOHN PATRICK UNIVERSITY OF HEALTH AND APPLIED SCIENCES,IN,466012352,Proprietary,22,22,101000,56,123588,26,26,162139,66,218226,11,11,142925,29,210555,1,1,11484,2,11484,2,2,21779,8,35111
04233100,ARIZONA SCHOOL OF INTEGRATIVE STUDIES,AZ,852107311,Proprietary,30,30,80629,90,135326,29,29,141912,94,242163,-,-, -,-, -,-,-, -,-, -,-,-, -,-, -
04233400,LEE PROFESSIONAL INSTITUTE,FL,339169320,Proprietary,19,19,44327,45,52489,19,19,64316,45,75622,-,-, -,-, -,1,1,2104,3,3156,-,-, -,-, -
04233700,"CHRISTINE VALMY INTERNATIONAL SCHOOL FORESTHETICS, SKIN CARE & MAKE-UP",NY,100365501,Proprietary,147,147,324871,363,412970,144,144,426976,363,537586,-,-, -,-, -,9,9,33931,19,37960,-,-, -,-, -
04233900,ATLANTIS UNIVERSITY,FL,331360000,Proprietary,88,91,329725,195,358915,60,62,215323,137,240537,88,89,1206188,211,1432261,-,-, -,-, -,1,1,9908,2,9908
04234000,SAN FRANCISCO FILM SCHOOL,CA,941042835,Proprietary,17,17,58986,37,64236,18,18,101298,38,110048,-,-, -,-, -,1,1,16000,2,16000,-,-, -,-, -
04234200,CENTER FOR ULTRASOUND RESEARCH & EDUCATION,NY,106045104,Proprietary,78,81,285752,193,359377,75,75,364930,185,466680,-,-, -,-, -,7,7,72028,17,87511,-,-, -,-, -
04234300,CULINARY TECH CENTER,NY,100229502,Proprietary,10,10,22164,22,25662,10,10,32666,22,38666,-,-, -,-, -,-,-, -,-, -,-,-, -,-, -
04234900,AMG SCHOOL OF NURSING,NY,112011728,Proprietary,103,103,330825,245,409151,100,102,364124,247,488875,-,-, -,-, -,5,5,25963,10,25963,-,-, -,-, -
04235000,FELBRY COLLEGE-SCHOOL OF NURSING,OH,432312256,Proprietary,89,89,270137,207,378832,79,79,346410,175,447478,-,-, -,-, -,-,-, -,-, -,-,-, -,-, -
04235400,SAINT MICHAEL COLLEGE OF ALLIED HEALTH,DC,200022512,Proprietary,55,58,190408,121,194488,56,59,291415,120,302415,-,-, -,-, -,-,-, -,-, -,-,-, -,-, -
04235500,PRESIDIO GRADUATE SCHOOL,CA,941054127,Private-Nonprofit,-,-, -,-, -,-,-, -,-, -,11,11,190836,26,222076,-,-, -,-, -,-,-, -,-, -
04235900,BELLA COSMETOLOGY AND BARBER COLLEGE,TX,754020000,Proprietary,23,24,41591,65,56349,23,24,48303,66,73468,-,-, -,-, -,1,1,10595,2,10595,-,-, -,-, -
04236400,SANDRA ACADEMY OF SALON SERVICES,TN,378257239,Proprietary,14,14,33983,38,56656,13,13,39652,38,71588,-,-, -,-, -,1,1,9500,2,9500,-,-, -,-, -
04236800,FOUNTAIN OF YOUTH ACADEMY OF COSMETOLOGY,PA,152171602,Proprietary,23,24,41835,60,63069,21,22,57456,55,85128,-,-, -,-, -,3,3,33294,7,37170,-,-, -,-, -
04237100,SALON PROFESSIONAL ACADEMY (THE),CA,951295101,Proprietary,57,58,154610,149,210245,56,58,190768,150,249228,-,-, -,-, -,2,2,15993,7,29197,-,-, -,-, -
04237400,WRIGHT GRADUATE UNIVERSITY FOR THE REALIZATION OF HUMAN POTENTIAL,WI,532332666,Private-Nonprofit,-,-, -,-, -,-,-, -,-, -,7,7,89949,29,170122,-,-, -,-, -,0,0,0,2,8004
04237600,CALIFORNIA JAZZ CONSERVATORY,CA,947041268,Private-Nonprofit,1,1,1693,2,1693,-,-, -,-, -,-,-, -,-, -,1,1,2579,1,2579,-,-, -,-, -
04238400,FLORIDA INTERNATIONAL TRAINING INSTITUTE,FL,331221507,Proprietary,81,81,222557,204,255670,64,64,179281,163,197781,-,-, -,-, -,-,-, -,-, -,-,-, -,-, -
04238600,GOULD'S ACADEMY,TN,381195317,Proprietary,100,101,270290,258,358571,98,99,297353,272,411898,-,-, -,-, -,3,3,17179,21,56550,-,-, -,-, -
04238700,DERMAL SCIENCE INTERNATIONAL AESTHETICS & NAIL ACADEMY,VA,201905226,Proprietary,9,9,15162,34,32667,9,9,21999,35,49833,-,-, -,-, -,1,1,3000,2,3000,-,-, -,-, -
04239000,B-UNIQUE BEAUTY & BARBER ACADEMY,SC,296072314,Proprietary,8,8,20625,16,25625,8,8,33208,17,42542,-,-, -,-, -,-,-, -,-, -,-,-, -,-, -
04239500,VIRGINIA UNIVERSITY OF INTEGRATIVE MEDICINE,VA,221823913,Private-Nonprofit,-,-, -,-, -,-,-, -,-, -,48,48,727441,245,1412555,-,-, -,-, -,-,-, -,-, -
04239600,KENTUCKY HORSESHOEING SCHOOL,KY,404751810,Proprietary,3,3,10500,14,20383,5,5,29500,17,34808,-,-, -,-, -,0,0,0,3,29000,-,-, -,-, -
04239700,VOCATIONAL NURSING INSTITUTE,TX,770655399,Private-Nonprofit,4,4,5744,10,8369,4,4,7656,12,16904,-,-, -,-, -,-,-, -,-, -,-,-, -,-, -
04240100,AMERICAN UNIVERSITY OF ANTIGUA COLLEGE OF MEDICINE,,,Foreign-For-Profit,-,-, -,-, -,-,-, -,-, -,130,130,2385680,874,7694411,-,-, -,-, -,179,198,11672139,1242,31412507
04240200,AVIATION INSTITUTE OF MAINTENANCE,CA,945397663,Proprietary,98,110,375425,305,562658,94,100,421349,280,621325,-,-, -,-, -,13,15,115946,37,156203,-,-, -,-, -
04240400,ANA G. MENDEZ UNIVERSITY,FL,328221733,Private-Nonprofit,1048,1212,2115218,1231,2122218,857,976,2364222,999,2367472,1008,1211,8061777,1236,8097512,-,-, -,-, -,31,31,299145,31,299145
04240500,PAUL MITCHELL THE SCHOOL TULSA,OK,741341410,Proprietary,53,53,155134,144,214192,55,55,148858,158,212274,-,-, -,-, -,5,5,26470,11,34903,-,-, -,-, -
04240700,IMAGE MAKER BEAUTY INSTITUTE,TN,370754488,Proprietary,15,15,47425,42,67111,16,16,48479,46,79364,-,-, -,-, -,1,1,6802,4,15472,-,-, -,-, -
04241500,WAVE LEADERSHIP COLLEGE,VA,234542140,Private-Nonprofit,-,-, -,-, -,0,0,0,2,2148,-,-, -,-, -,-,-, -,-, -,-,-, -,-, -
04241800,ACADEMY OF PROFESSIONAL COSMETOLOGY,AR,727562084,Proprietary,22,22,51612,47,59976,23,24,76867,50,89566,-,-, -,-, -,-,-, -,-, -,-,-, -,-, -
04241900,RIVER VALLEY SCHOOL OF MASSAGE,AR,728022310,Proprietary,0,0,0,2,2138,0,0,0,2,3666,-,-, -,-, -,-,-, -,-, -,-,-, -,-, -
04242000,LATIN BEAUTY ACADEMY,FL,334156104,Proprietary,60,60,143690,133,171102,61,61,219695,134,260027,-,-, -,-, -,-,-, -,-, -,-,-, -,-, -
04242100,UNIVERSITY OF NORTH TEXAS AT DALLAS,TX,752414600,Public,140,144,407094,161,409844,153,158,447998,173,453520,84,89,340806,95,340806,12,12,80183,14,80183,35,36,335975,37,335975
04242300,DALTON INSTITUTE OF ESTHETICS AND COSMETOLOGY,GA,307208402,Proprietary,19,19,39235,55,70253,17,17,34078,49,65072,-,-, -,-, -,-,-, -,-, -,-,-, -,-, -
04242500,ASSOCIATED BARBER COLLEGE OF SAN DIEGO,CA,921014210,Proprietary,33,33,99687,82,128737,34,34,145384,94,198887,-,-, -,-, -,3,3,24485,7,26235,-,-, -,-, -
04242600,ABCO TECHNOLOGY,CA,900432808,Proprietary,7,7,18781,18,24135,7,7,20832,17,27133,-,-, -,-, -,-,-, -,-, -,-,-, -,-, -
04242800,COALITION OF AFRICAN AMERICAN NURSES,IL,604433821,Private-Nonprofit,20,20,58517,51,82558,23,23,86713,60,135867,-,-, -,-, -,-,-, -,-, -,-,-, -,-, -
04243100,ALHAMBRA MEDICAL UNIVERSITY,CA,918031310,Proprietary,1,1,5500,6,10084,0,0,0,2,4084,2,2,17498,22,101081,-,-, -,-, -,-,-, -,-, -
04243300,GARDEN STATE SCIENCE AND TECHNOLOGY INSTITUTE,NJ,073062714,Proprietary,81,81,218200,155,247477,69,70,301009,137,340742,-,-, -,-, -,2,2,7250,5,9108,-,-, -,-, -
04243400,LIONEL UNIVERSITY,CA,930132912,Proprietary,33,33,44152,139,145642,25,25,52488,112,178056,-,-, -,-, -,-,-, -,-, -,-,-, -,-, -
04243500,BARBER TECH ACADEMY,SC,291156069,Proprietary,16,16,45441,32,52542,16,16,61091,33,69333,-,-, -,-, -,-,-, -,-, -,-,-, -,-, -
04243800,ABRAHAM LINCOLN UNIVERSITY,CA,912101211,Proprietary,5,5,24750,23,54292,6,6,32112,23,69518,12,12,127874,62,435604,-,-, -,-, -,-,-, -,-, -
04244000,CALIFORNIA INTERCONTINENTAL UNIVERSITY,SD,571037045,Proprietary,50,50,128107,120,184989,36,36,130071,96,192039,41,41,559543,129,793496,-,-, -,-, -,10,10,108686,38,261678
04244300,ANTIOCH COLLEGE,OH,453871683,Private-Nonprofit,4,4,8238,75,103414,2,2,2800,42,45125,-,-, -,-, -,0,0,0,5,18265,-,-, -,-, -
04244500,NORWICH UNIVERSITY OF THE ARTS,,NR2 4SN,Foreign-Private,0,0,0,8,9589,0,0,0,7,7072,0,0,0,2,13666,0,0,0,3,34718,0,0,0,2,15821
04244600,AMERICARE TECHNICAL SCHOOL,IL,600683143,Proprietary,30,30,98760,57,98760,30,30,155651,56,155651,-,-, -,-, -,-,-, -,-, -,-,-, -,-, -
04244700,MED COLLEGE,FL,330184937,Proprietary,62,64,223720,376,453901,61,61,288485,329,571614,-,-, -,-, -,6,6,26750,20,38750,-,-, -,-, -
04244900,SONORAN DESERT INSTITUTE,AZ,852813376,Proprietary,536,552,1418981,1311,1929794,484,504,1899389,1214,2574224,-,-, -,-, -,-,-, -,-, -,-,-, -,-, -
04245400,INFINITY COLLEGE,LA,705010000,Proprietary,34,34,112236,75,128275,37,37,169676,81,201187,-,-, -,-, -,1,1,1800,3,2700,-,-, -,-, -
04245800,NATURAL IMAGES BEAUTY COLLEGE,TX,775313603,Proprietary,26,26,57434,62,77558,25,25,78335,65,111499,-,-, -,-, -,2,2,22000,5,34000,-,-, -,-, -
04246100,NASHVILLE FILM INSTITUTE,TN,372104225,Proprietary,3,3,8750,12,20048,5,5,19250,14,29250,-,-, -,-, -,3,3,32057,7,47664,-,-, -,-, -
04246200,CALIFORNIA INSTITUTE OF MEDICAL SCIENCE,CA,936120000,Proprietary,13,13,28554,30,39289,12,12,39733,31,60009,-,-, -,-, -,2,2,21912,4,21912,-,-, -,-, -
04246300,EDUMED PARTNERS,TN,370722329,Proprietary,8,8,18664,18,20825,7,7,24667,15,26667,-,-, -,-, -,-,-, -,-, -,-,-, -,-, -
04246500,MASSAGE INSTITUTE OF MEMPHIS (THE),TN,381044138,Proprietary,4,4,10892,11,14975,4,4,18672,15,34000,-,-, -,-, -,-,-, -,-, -,-,-, -,-, -
04246600,TEXTURES INSTITUTE OF COSMETOLOGY,IN,462683635,Proprietary,14,14,29711,29,38171,14,14,45128,29,57962,-,-, -,-, -,-,-, -,-, -,-,-, -,-, -
04246700,WILLIAMS TECHNICAL COLLEGE,LA,703602816,Proprietary,10,10,19222,24,32528,10,10,28959,24,55937,-,-, -,-, -,-,-, -,-, -,-,-, -,-, -
04246900,PIBERRY INSTITUTE,FL,330333215,Proprietary,40,40,98834,96,141634,34,35,142000,93,213866,-,-, -,-, -,1,1,4100,3,7526,-,-, -,-, -
04247200,WESTERN MARICOPA EDUCATION CENTER,AZ,853070000,Public,8,8,22084,21,31404,7,7,21025,19,32559,-,-, -,-, -,-,-, -,-, -,-,-, -,-, -
04247400,EA LA MAR'S COSMETOLOGY & BARBER COLLEGE,MO,641271912,Proprietary,12,12,37489,28,44099,11,11,40120,27,55370,-,-, -,-, -,-,-, -,-, -,-,-, -,-, -
04247600,NEW BEGINNINGS BEAUTY ACADEMY,AR,716015257,Proprietary,13,13,41150,25,41150,12,12,60674,23,60674,-,-, -,-, -,-,-, -,-, -,-,-, -,-, -
04247700,REGINA WEBB ACADEMY,KY,421044457,Proprietary,6,6,18917,14,20410,6,6,18333,14,20491,-,-, -,-, -,-,-, -,-, -,-,-, -,-, -
04248000,"RECORDING CONSERVATORY OF AUSTIN, (THE)",TX,787303004,Proprietary,14,14,56627,34,68127,14,14,57000,33,71000,-,-, -,-, -,3,3,47465,8,64632,-,-, -,-, -
04248200,DEHART TECHNICAL SCHOOL,CA,953569292,Proprietary,10,10,33250,31,52225,9,9,31000,27,53000,-,-, -,-, -,1,1,13145,3,19694,-,-, -,-, -
04248300,LOS ANGELES ACADEMY OF FIGURATIVE ART,CA,914062127,Proprietary,0,0,0,2,1750,1,1,4125,5,6125,-,-, -,-, -,-,-, -,-, -,-,-, -,-, -
04248400,ACADEMY OF INTERACTIVE ENTERTAINMENT,LA,705064293,Private-Nonprofit,26,26,111799,53,116299,26,26,78590,53,84590,-,-, -,-, -,9,9,124756,18,124756,-,-, -,-, -
04248500,TEXAS A&M UNIVERSITY-SAN ANTONIO,TX,782243134,Public,145,148,427398,153,429776,212,215,813115,221,816572,46,47,205576,48,207040,1,1,1603,2,5397,4,4,22256,4,22256
04248800,WONGU UNIVERSITY OF ORIENTAL MEDICINE,NV,891232836,Private-Nonprofit,-,-, -,-, -,-,-, -,-, -,4,4,68770,40,175265,-,-, -,-, -,3,3,48814,11,48814
04248900,VH BARBER & STYLING ACADEMY,LA,711114409,Proprietary,6,6,16500,24,37832,6,6,15332,24,42598,-,-, -,-, -,-,-, -,-, -,-,-, -,-, -
04249000,MEDICAL CAREER AND TECHNICAL COLLEGE,KY,404752614,Proprietary,21,23,53239,87,125180,21,22,87654,84,171278,-,-, -,-, -,1,1,7576,2,7576,-,-, -,-, -
04249300,SALON BOUTIQUE ACADEMY,TX,750014399,Proprietary,54,55,138517,144,189557,53,55,197955,141,269492,-,-, -,-, -,6,6,40163,15,53634,-,-, -,-, -
04249400,CENTER FOR NEUROSOMATIC STUDIES,FL,337603712,Proprietary,4,4,11668,11,14586,4,4,19990,11,24990,-,-, -,-, -,-,-, -,-, -,-,-, -,-, -
04249600,WESTCLIFF UNIVERSITY,CA,926145236,Proprietary,51,51,192532,114,216177,53,54,164055,120,196104,20,20,280216,46,355524,7,7,65525,21,94419,20,20,162226,41,162226
04249800,DOLCE THE ACADEMY,CT,067053271,Proprietary,17,17,42746,40,57781,17,18,39276,53,58922,-,-, -,-, -,-,-, -,-, -,-,-, -,-, -
04250100,SANTA BARBARA AND VENTURA COLLEGES OF LAW (THE),CA,930037774,Private-Nonprofit,2,2,11000,5,13750,2,2,14000,5,15000,91,91,1443319,272,2073324,-,-, -,-, -,24,26,589684,58,679792
04250200,FOCUS PERSONAL TRAINING INSTITUTE,NY,100016217,Proprietary,2,2,2716,4,3882,1,1,4000,3,4666,-,-, -,-, -,-,-, -,-, -,-,-, -,-, -
04250300,HAIR ACADEMY SCHOOL OF BARBERING & BEAUTY,DE,197132305,Proprietary,5,5,14000,11,16957,5,5,16149,11,23765,-,-, -,-, -,-,-, -,-, -,-,-, -,-, -
04250400,FOSBRE ACADEMY OF HAIR DESIGN,WA,985021018,Proprietary,36,37,103771,79,116021,33,34,133414,73,151437,-,-, -,-, -,1,1,5082,2,5082,-,-, -,-, -
04250500,NATIONAL PERSONAL TRAINING INSTITUTE,FL,328171478,Proprietary,5,5,10499,14,15413,5,5,15333,13,23333,-,-, -,-, -,-,-, -,-, -,-,-, -,-, -
04250800,MISSION BEAUTY INSTITUTE,TX,785724404,Proprietary,12,12,22352,24,24102,12,12,33366,24,34366,-,-, -,-, -,-,-, -,-, -,-,-, -,-, -
04250900,INTER AMERICAN UNIVERSITY OF PUERTO RICO - SCHOOL OF LAW,PR,009368351,Private-Nonprofit,-,-, -,-, -,-,-, -,-, -,26,26,134026,28,134026,-,-, -,-, -,147,152,950117,160,950117
04251000,INTER AMERICAN UNIVERSITY OF PUERTO RICO - SCHOOL OF OPTOMETRY,PR,009576257,Private-Nonprofit,-,-, -,-, -,-,-, -,-, -,40,41,1424177,80,1424177,-,-, -,-, -,80,89,885378,122,885378
04251400,ELIM BIBLE INSTITUTE AND COLLEGE,NY,144859704,Private-Nonprofit,1,1,1750,5,5361,-,-, -,-, -,-,-, -,-, -,-,-, -,-, -,-,-, -,-, -
04251700,HOPE COLLEGE OF ARTS AND SCIENCES,FL,330693240,Proprietary,21,21,62550,63,102194,21,21,62088,55,91207,-,-, -,-, -,-,-, -,-, -,-,-, -,-, -
04251800,GRADUATE INSTITUTE OF INTERNATIONAL AND DEVELOPMENT STUDIES (THE),,1202,Foreign-Private,-,-, -,-, -,-,-, -,-, -,2,2,39900,4,39900,-,-, -,-, -,0,0,0,1,4000
04252200,EDGE HILL UNIVERSITY,,L39 4QP,Foreign-Private,-,-, -,-, -,-,-, -,-, -,0,0,0,4,30281,-,-, -,-, -,0,0,0,2,8702
04252300,PREMIER BARBER INSTITUTE,PA,194015163,Proprietary,23,24,66394,64,94865,23,24,97157,73,139541,-,-, -,-, -,-,-, -,-, -,-,-, -,-, -
04252400,WORLDCLASS ACADEMY OF BEAUTY CAREERS,FL,323106831,Proprietary,10,10,20000,21,28750,11,11,22187,24,29873,-,-, -,-, -,-,-, -,-, -,-,-, -,-, -
04252700,PACIFIC RIM CHRISTIAN UNIVERSITY,HI,968192228,Private-Nonprofit,10,10,33365,18,35553,11,11,35215,21,40003,7,7,70784,10,70784,2,2,27696,3,27696,-,-, -,-, -
04252900,INTERNATIONAL BEAUTY EDUCATION CENTER,WA,990010000,Proprietary,34,34,71020,75,89594,35,35,117366,76,143317,-,-, -,-, -,-,-, -,-, -,-,-, -,-, -
04253100,ALLIED HEALTH CAREERS INSTITUTE,TN,371305996,Proprietary,-,-, -,-, -,1,1,4267,2,4267,-,-, -,-, -,-,-, -,-, -,-,-, -,-, -
04253400,CLOVIS COMMUNITY COLLEGE,CA,937305401,Public,3,3,11250,6,11250,1,1,1500,2,1500,-,-, -,-, -,-,-, -,-, -,-,-, -,-, -
04253500,RAVENSBOURNE UNIVERSITY LONDON,,SE10 0EW,Foreign-Private,0,0,0,7,10163,0,0,0,6,7330,0,0,0,2,13666,0,0,0,5,82531,0,0,0,2,26300
04253600,CLAREMONT LINCOLN UNIVERSITY,CA,917114744,Private-Nonprofit,-,-, -,-, -,-,-, -,-, -,57,57,590293,336,1262594,-,-, -,-, -,-,-, -,-, -
04253700,SACRAMENTO ULTRASOUND INSTITUTE,CA,958155097,Proprietary,39,39,130521,87,145157,39,39,166844,88,181059,-,-, -,-, -,1,1,19600,3,30780,-,-, -,-, -
04254000,PHIPPS ACADEMY OF BARBERING,IL,604711404,Proprietary,13,14,40457,32,49243,9,10,13928,22,19171,-,-, -,-, -,-,-, -,-, -,-,-, -,-, -
04254100,TECHNOLOGY LEARNING CENTER,MA,015401411,Proprietary,6,6,10585,10,10585,6,6,15037,10,15037,-,-, -,-, -,-,-, -,-, -,-,-, -,-, -
04254200,INTER AMERICAN UNIVERSITY OF PUERTO RICO - SAN GERMAN CAMPUS,PR,006839801,Private-Nonprofit,3,3,6750,3,6750,2,2,2700,2,2700,22,22,123656,31,190906,-,-, -,-, -,1,1,7000,1,7000
04254300,PETS PLAYGROUND GROOMING SCHOOL,FL,330623705,Proprietary,1,1,1166,3,3500,1,1,2000,3,6000,-,-, -,-, -,-,-, -,-, -,-,-, -,-, -
04254400,ARKANSAS STATE UNIVERSITY - MOUNTAIN HOME,AR,726535326,Public,31,31,42712,60,42712,16,16,20358,40,32628,-,-, -,-, -,-,-, -,-, -,-,-, -,-, -
04255100,U.S. TRUCK DRIVER TRAINING SCHOOL,MI,483124518,Proprietary,14,14,30433,26,30433,15,15,55355,28,55355,-,-, -,-, -,-,-, -,-, -,-,-, -,-, -
04255300,HOSS LEE ACADEMY,CA,956615233,Proprietary,33,33,83661,74,96493,35,35,112446,78,126445,-,-, -,-, -,2,2,25506,5,31607,-,-, -,-, -
04255400,REGAN CAREER INSTITUTE,CA,917333254,Proprietary,10,10,30785,34,55165,9,9,47835,30,72255,-,-, -,-, -,-,-, -,-, -,-,-, -,-, -
04255500,ALABAMA SCHOOL OF NAIL TECHNOLOGY & COSMETOLOGY,AL,365452718,Proprietary,25,25,67539,53,80539,25,25,79504,53,94838,-,-, -,-, -,0,0,0,1,2274,-,-, -,-, -
04255700,BOLIVAR TECHNICAL COLLEGE,MO,656138095,Private-Nonprofit,27,28,86925,70,121002,23,26,95802,67,144346,-,-, -,-, -,-,-, -,-, -,-,-, -,-, -
04256100,INDIANA COLLEGE OF SPORTS & MEDICAL MASSAGE,IN,462901006,Proprietary,49,49,141689,130,198326,50,50,224781,132,298493,-,-, -,-, -,2,2,17546,6,23580,-,-, -,-, -
04256200,KENNY'S ACADEMY OF BARBERING,IN,462222327,Proprietary,47,47,128099,101,159941,47,47,146222,114,187962,-,-, -,-, -,2,2,8972,5,10856,-,-, -,-, -
04256400,SAN BERNARDINO BEAUTY COLLEGE,CA,924104414,Proprietary,0,0,0,1,477,-,-, -,-, -,-,-, -,-, -,-,-, -,-, -,-,-, -,-, -
04256600,MAK BEAUTY INSTITUTE,GA,300402783,Proprietary,2,2,3500,8,9516,1,1,330,3,4330,-,-, -,-, -,-,-, -,-, -,-,-, -,-, -
04256800,ARKANSAS COLLEGES OF HEALTH EDUCATION,AR,729166024,Private-Nonprofit,-,-, -,-, -,-,-, -,-, -,44,44,836326,124,1230951,-,-, -,-, -,51,55,664048,143,929453
04257100,UNIVERSITEIT MAASTRICHT,,6211 LK,Foreign-Private,-,-, -,-, -,0,0,0,1,3250,1,1,6000,4,22687,0,0,0,1,12025,0,0,0,1,5902
04257800,MOBILE TECHNICAL TRAINING,NJ,076060000,Proprietary,15,15,36779,41,49671,15,18,48240,51,68508,-,-, -,-, -,4,4,44253,10,58318,-,-, -,-, -
04257900,AMERICAN BARBER AND BEAUTY ACADEMY,PA,196071602,Proprietary,28,28,62754,81,104607,28,28,81519,82,136110,-,-, -,-, -,6,6,17986,15,25521,-,-, -,-, -
04258000,SEATTLE FILM INSTITUTE,WA,981191707,Proprietary,27,28,103130,71,103130,31,32,138418,83,138418,21,21,317056,47,317056,1,1,15000,3,15000,5,5,113890,13,113890
04258200,CHRISTINA AND COMPANY EDUCATION CENTER,IN,479054633,Proprietary,10,10,22743,28,36312,11,11,25951,29,37628,-,-, -,-, -,-,-, -,-, -,-,-, -,-, -
04258500,PREMIERE INTERNATIONAL COLLEGE,FL,339013916,Proprietary,7,7,13000,9,14500,7,7,20000,9,22000,-,-, -,-, -,-,-, -,-, -,-,-, -,-, -
04258900,MASTER'S BARBER & STYLING COLLEGE,TN,371384676,Proprietary,7,7,21000,13,22750,7,7,31423,13,34423,-,-, -,-, -,-,-, -,-, -,-,-, -,-, -
04259300,BURRELL COLLEGE OF OSTEOPATHIC MEDICINE,NM,880016056,Proprietary,-,-, -,-, -,-,-, -,-, -,169,169,6986319,338,7019041,-,-, -,-, -,121,121,5226886,251,5226886
04259500,UNIVERSITY OF THE WEST OF SCOTLAND,,PA1 2BE,Foreign-Private,-,-, -,-, -,-,-, -,-, -,0,0,0,5,34165,-,-, -,-, -,0,0,0,4,19421
04259700,UNIVERSITY OF SAINT KATHERINE,CA,920692971,Private-Nonprofit,1,1,1000,4,6000,0,0,0,2,4500,1,1,3416,5,23918,0,0,0,2,1000,0,0,0,3,21695
04259800,CALIFORNIA INSTITUTE OF ARTS & TECHNOLOGY,CA,919506610,Proprietary,221,226,615318,447,703522,214,220,879036,439,1003665,-,-, -,-, -,3,3,22899,7,28079,-,-, -,-, -
04260000,INSTITUTE OF MEDICAL ULTRASOUND,GA,303033030,Proprietary,25,25,80546,96,123874,26,26,126004,97,176336,-,-, -,-, -,1,1,15544,6,26488,-,-, -,-, -
04260200,"ELITE COSMETOLOGY, BARBER & SPA ACADEMY",WA,989025105,Proprietary,28,28,72597,68,97260,29,29,98484,69,129483,-,-, -,-, -,-,-, -,-, -,-,-, -,-, -
04260400,CUTTING EDGE ACADEMY,NJ,078761311,Proprietary,7,7,16750,27,38674,7,7,16804,29,52577,-,-, -,-, -,-,-, -,-, -,-,-, -,-, -
04260500,DIGITAL MEDIA INSTITUTE,LA,711033600,Private-Nonprofit,0,0,0,3,5250,0,0,0,3,7000,-,-, -,-, -,1,1,5560,2,5560,-,-, -,-, -
04260900,MYSTROS BARBER ACADEMY,TX,770903300,Private-Nonprofit,8,8,18250,19,28750,10,10,32752,22,44752,-,-, -,-, -,0,0,0,1,2500,-,-, -,-, -
04261300,EUROPEAN MEDICAL SCHOOL OF MASSAGE,PA,196081680,Proprietary,4,4,6116,4,6116,4,4,10480,4,10480,-,-, -,-, -,-,-, -,-, -,-,-, -,-, -
04262100,MY BEAUTY & BARBER COLLEGE,CA,958234687,Proprietary,17,19,42069,39,49319,17,19,44607,38,53942,-,-, -,-, -,-,-, -,-, -,-,-, -,-, -
04262300,LEEDS ARTS UNIVERSITY,,LS2 9AQ,Foreign-Private,-,-, -,-, -,-,-, -,-, -,0,0,0,2,13668,0,0,0,1,6499,-,-, -,-, -
04262900,WESTERN MICHIGAN UNIVERSITY HOMER STRYKER M.D. SCHOOL OF MEDICINE,MI,490078010,Private-Nonprofit,-,-, -,-, -,-,-, -,-, -,129,130,5372939,262,5434284,-,-, -,-, -,112,114,3489130,227,3532035
04263000,HARMONY HEALTH CARE INSTITUTE,NH,030540000,Proprietary,52,54,120797,125,146186,52,54,182549,126,228339,-,-, -,-, -,-,-, -,-, -,-,-, -,-, -
04263400,FLORIDA POLYTECHNIC UNIVERSITY,FL,338058531,Public,15,15,54583,30,54583,10,10,48832,27,48832,0,0,0,1,7667,2,3,20598,5,20598,-,-, -,-, -
04263500,AMERICAN BEAUTY SCHOOLS,FL,331440000,Proprietary,6,6,16612,19,24137,3,3,9000,12,17000,-,-, -,-, -,-,-, -,-, -,-,-, -,-, -
04263600,NORTHEAST LAKEVIEW COLLEGE,TX,781483789,Public,18,19,32278,38,33153,18,23,32984,47,33363,-,-, -,-, -,1,1,8758,2,8758,-,-, -,-, -
04263700,REACH UNIVERSITY,CA,946121278,Private-Nonprofit,4,4,13250,7,13250,3,3,11086,6,11086,-,-, -,-, -,-,-, -,-, -,-,-, -,-, -
04264600,HOGAN INSTITUTE OF COSMETOLOGY AND ESTHETICS,GA,300473717,Proprietary,37,37,65637,92,103364,37,37,94800,94,141743,-,-, -,-, -,0,0,0,2,7817,-,-, -,-, -
04264800,J'S BARBER COLLEGE,LA,705606138,Proprietary,10,10,30361,28,44111,10,10,33666,28,53416,-,-, -,-, -,0,0,0,2,17511,-,-, -,-, -
04265400,ANN WEBB SKIN INSTITUTE,TX,787593936,Proprietary,31,31,86564,82,117182,38,38,169035,98,213107,-,-, -,-, -,1,1,9975,4,15916,-,-, -,-, -
04265500,ICOHS COLLEGE,CA,921012927,Private-Nonprofit,27,27,73030,72,94527,25,25,105645,67,134445,-,-, -,-, -,-,-, -,-, -,-,-, -,-, -
04265600,AMERICAN FITNESS AND NUTRITION ACADEMY,CA,911013530,Proprietary,5,5,14580,11,16038,6,6,26248,13,28748,-,-, -,-, -,-,-, -,-, -,-,-, -,-, -
04265700,SAN DIEGO GLOBAL KNOWLEDGE UNIVERSITY,CA,921017446,Proprietary,5,5,17500,13,22750,5,5,27000,12,36000,-,-, -,-, -,-,-, -,-, -,-,-, -,-, -
04266100,APEX ACADEMY HAIR SKIN NAILS SCHOOL OF COSMETOLOGY,OH,449061793,Proprietary,12,12,29720,21,29720,8,8,18564,16,18564,-,-, -,-, -,-,-, -,-, -,-,-, -,-, -
04266300,JOHNNY MATTHEW'S HAIRDRESSING TRAINING SCHOOL,OR,973019531,Proprietary,21,21,53319,45,60723,21,21,65184,46,75082,-,-, -,-, -,2,2,2633,4,2633,-,-, -,-, -
04267100,UNLIMITED COSMETOLOGY SCHOOL,MS,394013601,Proprietary,2,2,6362,6,9362,2,2,10906,6,14906,-,-, -,-, -,-,-, -,-, -,-,-, -,-, -
04267200,ALLGOOD BEAUTY INSTITUTE,TX,750332553,Proprietary,8,8,23335,16,25085,9,9,45000,19,50500,-,-, -,-, -,-,-, -,-, -,-,-, -,-, -
04267300,LEHIGH VALLEY BARBER & BEAUTY ACADEMY,PA,180175405,Proprietary,40,53,140875,98,137375,42,55,183168,102,177168,-,-, -,-, -,-,-, -,-, -,-,-, -,-, -
04267500,INTERNATIONAL BARBER COLLEGE,AZ,852263205,Proprietary,14,14,43500,29,46546,14,14,56000,31,62247,-,-, -,-, -,-,-, -,-, -,-,-, -,-, -
04267700,ESTHETIC INSTITUTE (THE),VA,221823818,Proprietary,22,22,47544,59,63879,21,21,68747,58,102220,-,-, -,-, -,-,-, -,-, -,-,-, -,-, -
04267900,BROWN BEAUTY BARBER SCHOOL,AL,350205016,Proprietary,13,13,38834,29,45834,14,14,51739,35,75489,-,-, -,-, -,-,-, -,-, -,-,-, -,-, -
04268000,KOR BEAUTY ACADEMY,AZ,853824958,Proprietary,5,5,12016,18,28641,3,3,12667,18,37557,-,-, -,-, -,0,0,0,1,3250,-,-, -,-, -
04268100,RAY J'S COLLEGE OF HAIR,LA,708061522,Proprietary,12,12,34627,34,54877,10,10,43909,34,67687,-,-, -,-, -,-,-, -,-, -,-,-, -,-, -
04268300,REXBURG COLLEGE OF MASSAGE THERAPY,ID,834403873,Proprietary,17,17,40987,34,40987,17,17,50288,34,50288,-,-, -,-, -,-,-, -,-, -,-,-, -,-, -
04269000,GLOBAL TECH COLLEGE,OH,436234234,Proprietary,7,7,18474,19,21972,7,7,30000,17,34000,-,-, -,-, -,-,-, -,-, -,-,-, -,-, -
04269400,CROWN CUTZ ACADEMY BRISTOL,VA,242013323,Proprietary,13,13,34000,31,44810,9,9,26638,20,38138,-,-, -,-, -,-,-, -,-, -,-,-, -,-, -
04269500,GOSHEN SCHOOL OF COSMETOLOGY,MS,387320000,Proprietary,16,16,43889,33,51832,16,16,58595,33,69236,-,-, -,-, -,-,-, -,-, -,-,-, -,-, -
04269600,IBS SCHOOL OF COSMETOLOGY AND MASSAGE,HI,967322118,Proprietary,10,11,37685,28,48083,8,9,30129,22,36295,-,-, -,-, -,-,-, -,-, -,-,-, -,-, -
04269700,UR BEAUTY & BARBER ACADEMY,FL,338701220,Proprietary,5,5,10755,12,15423,4,4,14000,11,17861,-,-, -,-, -,-,-, -,-, -,-,-, -,-, -
04269800,L MAKEUP INSTITUTE,NV,891456247,Proprietary,34,34,70875,70,76880,35,35,88803,74,103885,-,-, -,-, -,10,10,84921,25,109219,-,-, -,-, -
04270000,URBAN BARBER COLLEGE,CA,945202522,Proprietary,56,56,171558,141,222370,54,54,218821,136,288080,-,-, -,-, -,7,8,40345,19,40345,-,-, -,-, -
04270100,DELTA DESIGNS COSMETOLOGY SCHOOL,AR,723961602,Proprietary,1,1,3500,2,2916,1,1,6000,2,4000,-,-, -,-, -,-,-, -,-, -,-,-, -,-, -
04270400,TRANSITIONS CAREER INSTITUTE SCHOOL OF NURSING,NY,113541964,Proprietary,29,29,80876,95,144391,31,31,129728,95,207727,-,-, -,-, -,4,4,39753,10,51071,-,-, -,-, -
04270700,MCALLEN CAREERS INSTITUTE,TX,785012702,Proprietary,38,38,121059,93,159968,38,38,161000,94,221342,-,-, -,-, -,12,12,99895,26,117169,-,-, -,-, -
04270900,D&S SCHOOL OF COSMETOLOGY,MI,483282918,Proprietary,2,2,5609,7,10609,2,2,3035,7,8827,-,-, -,-, -,-,-, -,-, -,-,-, -,-, -
04271000,STACEY JAMES INSTITUTE,CO,801343358,Proprietary,22,22,62129,56,78082,27,27,74308,64,85804,-,-, -,-, -,2,2,20577,5,27098,-,-, -,-, -
04271100,MERIDIAN UNIVERSITY,CA,949523092,Proprietary,-,-, -,-, -,-,-, -,-, -,20,20,254686,112,619259,-,-, -,-, -,6,6,105450,54,425145
04271400,CENTRAL PENNSYLVANIA DIESEL INSTITUTE,PA,170459201,Proprietary,4,4,9761,8,9761,4,4,11178,8,11178,-,-, -,-, -,2,2,27650,4,27650,-,-, -,-, -
04271600,"AVENUE ACADEMY, A COSMETOLOGY INSTITUTE (THE)",NM,871103449,Proprietary,45,45,124408,102,144968,42,42,129442,94,151701,-,-, -,-, -,2,2,8886,5,8886,-,-, -,-, -
04271700,SALON PROFESSIONAL ACADEMY OF SAN ANTONIO (THE),TX,782322242,Proprietary,29,29,68779,64,80111,32,32,111758,70,127174,-,-, -,-, -,5,5,25189,10,29918,-,-, -,-, -
04272100,PRINCESS INSTITUTE OF BEAUTY,CA,936542455,Proprietary,17,17,47609,41,61609,7,7,24203,16,27683,-,-, -,-, -,-,-, -,-, -,-,-, -,-, -
04272400,NORTHERN TECHNICAL COLLEGE,AR,716016835,Proprietary,19,20,64031,42,67531,17,18,71888,38,77888,-,-, -,-, -,-,-, -,-, -,-,-, -,-, -
04272600,VOGUE INTERNATIONAL ACADEMY,TX,770825300,Proprietary,0,0,0,9,10495,0,0,0,9,10289,-,-, -,-, -,-,-, -,-, -,-,-, -,-, -
04272800,INDEPENDENT TRAINING & APPRENTICESHIP PROGRAM,CA,958271741,Proprietary,40,40,136060,82,143060,45,45,191551,100,206301,-,-, -,-, -,10,10,95371,21,98222,-,-, -,-, -
04273200,BERKOWITS SCHOOL OF ELECTROLYSIS,NY,113756820,Proprietary,2,2,4666,8,9330,2,2,8000,8,14666,-,-, -,-, -,-,-, -,-, -,-,-, -,-, -
04273300,VICTORY CAREER COLLEGE,CA,905024434,Proprietary,18,18,43755,51,62344,13,13,49333,39,72001,-,-, -,-, -,-,-, -,-, -,-,-, -,-, -
04273500,WINONAH'S INTERNATIONAL SCHOOL OF COSMETOLOGY,AL,352447103,Proprietary,27,27,71258,65,101876,24,25,88516,56,127894,-,-, -,-, -,-,-, -,-, -,-,-, -,-, -
04273900,SOUTHEASTERN ESTHETICS INSTITUTE,SC,290450000,Proprietary,94,95,201877,242,265673,94,98,284691,253,382207,-,-, -,-, -,13,14,96600,36,123800,-,-, -,-, -
04274000,SOUTHEASTERN FREE WILL BAPTIST BIBLE COLLEGE,NC,275919072,Private-Nonprofit,2,2,2363,2,2363,0,0,0,1,5250,-,-, -,-, -,-,-, -,-, -,-,-, -,-, -
04274100,ARKANSAS WELDING ACADEMY,AR,720762302,Proprietary,23,24,75250,59,96250,24,25,107000,61,135000,-,-, -,-, -,6,7,102482,18,142234,-,-, -,-, -
04274200,INSTALLER INSTITUTE,FL,321642220,Proprietary,2,2,3112,7,8362,2,2,5334,7,14334,-,-, -,-, -,-,-, -,-, -,-,-, -,-, -
04274300,CARIS COLLEGE,IN,471308293,Proprietary,13,13,39958,53,79794,17,17,82131,78,148095,-,-, -,-, -,3,3,24870,11,37321,-,-, -,-, -
04274400,PMCA PITTSBURGH MULTICULTURAL COSMETOLOGY ACADEMY,PA,152222245,Proprietary,8,8,15258,17,17008,8,8,18857,17,21857,-,-, -,-, -,-,-, -,-, -,-,-, -,-, -
04274500,STRAND INSTITUTE OF BEAUTY & ESTHETICS (THE),TX,783741734,Proprietary,20,20,57002,52,75164,20,20,77785,53,97776,-,-, -,-, -,2,2,15126,5,20076,-,-, -,-, -
04274700,CENTRALIA BEAUTY COLLEGE,WA,985314016,Proprietary,12,12,37138,31,49352,11,11,29859,31,41831,-,-, -,-, -,-,-, -,-, -,-,-, -,-, -
04274900,CONTRA COSTA MEDICAL CAREER COLLEGE,CA,945316208,Proprietary,56,56,157818,132,190481,55,55,123004,129,163267,-,-, -,-, -,-,-, -,-, -,-,-, -,-, -
04275100,ANOUSHEH SCHOOL OF HAIR,NY,139031559,Proprietary,5,5,9915,11,14290,4,4,14788,10,19744,-,-, -,-, -,0,0,0,1,4209,-,-, -,-, -
04275200,DSDT,MI,482160000,Proprietary,3,3,6999,9,10500,3,3,12000,9,18000,-,-, -,-, -,-,-, -,-, -,-,-, -,-, -
04275300,ZION MASSAGE COLLEGE,UT,847708819,Proprietary,8,8,28000,26,45500,9,9,45000,28,73000,-,-, -,-, -,1,1,11000,2,11000,-,-, -,-, -
04275400,MAKANA ESTHETICS WELLNESS ACADEMY,HI,968175327,Proprietary,9,9,20997,19,22163,9,9,21665,19,22331,-,-, -,-, -,-,-, -,-, -,-,-, -,-, -
04275600,G.A. BEAUTY & BARBER SCHOOL,TX,785013309,Proprietary,25,25,54542,89,101367,12,12,18384,34,32817,-,-, -,-, -,-,-, -,-, -,-,-, -,-, -
04275700,STAFFORDSHIRE UNIVERSITY,,ST4 2DE,Foreign-Private,-,-, -,-, -,-,-, -,-, -,1,1,20500,4,34168,-,-, -,-, -,1,1,12500,4,28601
04275900,ANOTHER LEVEL BARBERING AND COSMETOLOGY SCHOOL,VA,238033245,Proprietary,15,15,46032,42,64201,16,17,59450,47,81339,-,-, -,-, -,0,0,0,1,2000,-,-, -,-, -
04276000,GLITZ SCHOOL OF COSMETOLOGY,NM,880114531,Proprietary,73,74,211690,157,232301,72,72,239903,155,271234,-,-, -,-, -,3,3,17529,6,17529,-,-, -,-, -
04276100,CHAMPION CHRISTIAN COLLEGE,AR,719133531,Private-Nonprofit,1,1,459,3,3659,-,-, -,-, -,-,-, -,-, -,-,-, -,-, -,-,-, -,-, -
04276300,AMERICAN MASSAGE & BODYWORK INSTITUTE,VA,221822245,Proprietary,31,31,71140,64,83446,32,32,106110,65,127634,-,-, -,-, -,2,2,15581,4,15581,-,-, -,-, -
04276400,CULINARY SCHOOL OF FORT WORTH (THE),TX,761164353,Proprietary,11,11,36750,31,50099,15,15,77500,34,88500,-,-, -,-, -,2,2,29265,5,36765,-,-, -,-, -
04276500,GLOBAL MEDICAL & TECHNICAL TRAINING INSTITUTE,FL,331253562,Proprietary,120,121,269822,195,312618,117,118,433609,191,506439,-,-, -,-, -,-,-, -,-, -,-,-, -,-, -
04276700,SALON PROFESSIONAL ACADEMY (THE),TX,786265470,Proprietary,17,17,33978,45,55228,20,20,46501,53,75584,-,-, -,-, -,4,4,36236,8,36236,-,-, -,-, -
04276800,KCK BEAUTY & BARBER ACADEMY,FL,321185578,Proprietary,6,6,16964,15,22964,6,6,24080,15,32080,-,-, -,-, -,-,-, -,-, -,-,-, -,-, -
04277100,YOUNG AMERICANS COLLEGE OF THE PERFORMING ARTS (THE),CA,928813390,Private-Nonprofit,1,1,1000,1,1000,-,-, -,-, -,-,-, -,-, -,-,-, -,-, -,-,-, -,-, -
04277400,ELITE ACADEMY OF HAIR DESIGN,OH,439122513,Proprietary,13,13,36250,32,49500,11,12,41333,34,59496,-,-, -,-, -,4,4,20783,8,20783,-,-, -,-, -
04277700,CALIFORNIA COLLEGE OF BARBERING AND COSMETOLOGY,CA,952103514,Proprietary,120,130,323832,286,374742,120,129,380958,284,446654,-,-, -,-, -,5,5,36824,16,49742,-,-, -,-, -
04277800,PRO BEAUTY ACADEMY (THE),NJ,088202843,Proprietary,26,26,63688,63,78441,27,27,82106,63,97709,-,-, -,-, -,1,1,12000,2,12000,-,-, -,-, -
04277900,HOUSTON SCHOOL OF CARPENTRY,TX,770034844,Proprietary,4,4,14000,7,12250,4,4,24000,7,21000,-,-, -,-, -,-,-, -,-, -,-,-, -,-, -
04278400,MONTANA BARBER INSTITUTE,TX,799384655,Proprietary,1,1,3500,6,8165,2,2,11171,7,11247,0,0,0,2,11192,-,-, -,-, -,-,-, -,-, -
04278800,LOS ANGELES PACIFIC UNIVERSITY,CA,917731741,Private-Nonprofit,359,361,1145875,1475,2380481,353,361,1731146,1444,3472019,37,38,384122,220,1423580,4,4,24579,14,80947,0,0,0,5,53239
04278900,PROFESSIONAL UNIVERSITY DR. CARLOS J. BORRERO RÍOS,PR,009180000,Proprietary,-,-, -,-, -,-,-, -,-, -,80,80,1183641,190,1210972,-,-, -,-, -,-,-, -,-, -
04279000,AMERICAN INSTITUTE OF HEALTHCARE & TECHNOLOGY,CT,066157149,Proprietary,26,26,81944,59,100960,24,24,78963,57,95686,-,-, -,-, -,-,-, -,-, -,-,-, -,-, -
04279300,PREMIER ACADEMY OF COSMETOLOGY,OK,745014143,Proprietary,2,2,6000,9,14176,2,2,8000,9,20874,-,-, -,-, -,-,-, -,-, -,-,-, -,-, -
04279500,HARTPURY UNIVERSITY,,GL 19 3BE,Foreign-Private,-,-, -,-, -,-,-, -,-, -,1,1,20500,2,20500,-,-, -,-, -,-,-, -,-, -
04279700,ALBERT EINSTEIN COLLEGE OF MEDICINE,NY,104611900,Private-Nonprofit,-,-, -,-, -,-,-, -,-, -,233,254,9747613,506,9747613,-,-, -,-, -,122,193,4128019,385,4128019
04279800,MAINE MEDIA COLLEGE,ME,048565952,Private-Nonprofit,2,2,7000,4,7000,2,2,8000,4,8000,5,5,69500,10,69500,1,1,32000,2,32000,-,-, -,-, -
04279900,ESTEEM ACADEMY OF BEAUTY,UT,844034374,Proprietary,4,4,11538,10,16788,3,3,16667,9,22499,-,-, -,-, -,-,-, -,-, -,-,-, -,-, -
04280000,GREAT LAKES BOAT BUILDING SCHOOL,MI,497199790,Private-Nonprofit,4,4,9000,8,9000,6,6,17164,12,17164,-,-, -,-, -,1,1,7200,2,7200,-,-, -,-, -
04280200,UNIVERSITY OF ARKANSAS SYSTEM EVERSITY,AR,722073608,Public,4,4,7752,109,61344,2,2,7000,103,92790,-,-, -,-, -,-,-, -,-, -,-,-, -,-, -
04280300,CAREERS INSTITUTE OF AMERICA,TX,752444310,Proprietary,3,3,8610,7,10045,3,3,11480,7,12300,-,-, -,-, -,1,1,7830,2,7830,-,-, -,-, -
04280400,KC BEAUTY ACADEMY,CA,900124303,Proprietary,17,18,36450,37,39255,11,11,37101,26,41078,-,-, -,-, -,2,2,15985,6,16985,-,-, -,-, -
04280600,GOODFELLAS BARBER COLLEGE,AR,722046332,Proprietary,13,13,37750,30,47750,14,14,63750,31,81250,-,-, -,-, -,-,-, -,-, -,-,-, -,-, -
04280800,TEXAS TECH UNIVERSITY HEALTH SCIENCES CENTER EL PASO,TX,799052827,Public,112,112,557831,262,557831,113,113,700545,256,700545,143,149,5239160,312,5701768,2,2,49268,6,49268,61,63,709805,138,856672
04280900,HOUSTON BARBER SCHOOL,TX,770734400,Proprietary,69,69,170113,170,236834,69,69,275879,172,386179,-,-, -,-, -,3,3,10200,6,10200,-,-, -,-, -
04281100,MIXED INSTITUTE OF COSMETOLOGY & BARBER,CA,958232370,Proprietary,41,41,122816,96,151842,39,39,84891,100,109138,-,-, -,-, -,1,1,2137,2,2137,-,-, -,-, -
04281300,REISS-DAVIS GRADUATE SCHOOL (THE),CA,900343710,Private-Nonprofit,-,-, -,-, -,-,-, -,-, -,0,0,0,10,44083,-,-, -,-, -,0,0,0,2,17174
04281400,CALIFORNIA HEALTH SCIENCES UNIVERSITY,CA,936120303,Proprietary,-,-, -,-, -,-,-, -,-, -,28,30,993604,90,993604,-,-, -,-, -,21,23,651883,69,651883
04281500,VSKI COSMETOLOGY SCHOOL,SC,294074610,Proprietary,6,6,16708,16,25458,6,6,21042,16,32042,-,-, -,-, -,1,1,3092,3,3092,-,-, -,-, -
04281700,COMPTON COLLEGE,CA,902215393,Public,16,16,39250,37,48381,16,16,50800,34,58675,-,-, -,-, -,-,-, -,-, -,-,-, -,-, -
04281800,SHEAR PERFECTION ACADEMY OF COSMETOLOGY,TN,372116422,Proprietary,19,19,44917,33,42263,20,20,74710,36,72017,-,-, -,-, -,1,1,10802,2,10802,-,-, -,-, -
04281900,PERSONAL TOUCH BEAUTY AND BARBER COLLEGE,SC,295563346,Proprietary,5,5,17000,12,17000,6,6,31000,12,31000,-,-, -,-, -,-,-, -,-, -,-,-, -,-, -
04282300,ANTIGUA COLLEGE INTERNATIONAL,FL,330161511,Proprietary,81,82,309667,235,449270,74,82,330833,255,486155,-,-, -,-, -,1,1,5000,5,10220,-,-, -,-, -
04282400,VAUGHN BEAUTY COLLEGE,MS,397303238,Proprietary,5,5,13500,16,19500,2,2,7000,8,12500,-,-, -,-, -,-,-, -,-, -,-,-, -,-, -
04282500,AUSTIN CAREER INSTITUTE,TX,787522911,Proprietary,18,18,47676,39,56426,18,18,72100,39,82300,-,-, -,-, -,-,-, -,-, -,-,-, -,-, -
04282700,URSHAN COLLEGE,MO,633857526,Private-Nonprofit,2,2,1483,4,1483,2,2,3967,4,3967,-,-, -,-, -,-,-, -,-, -,-,-, -,-, -
04282800,GLASGOW CALEDONIAN NEW YORK COLLEGE,NY,100124350,Private-Nonprofit,-,-, -,-, -,-,-, -,-, -,3,3,34168,8,38659,-,-, -,-, -,-,-, -,-, -
04283000,AMERICAN COLLEGE OF THE BUILDING ARTS,SC,294034223,Private-Nonprofit,5,5,18250,11,20000,7,7,22000,15,23000,-,-, -,-, -,-,-, -,-, -,-,-, -,-, -
04283100,TEXAS HEALTHTECH INSTITUTE,TX,777072604,Proprietary,21,21,57027,58,78734,19,19,79565,56,112708,-,-, -,-, -,-,-, -,-, -,-,-, -,-, -
04283200,DELUXE BARBER COLLEGE,TX,782172118,Proprietary,39,39,91636,85,113281,40,40,133969,86,161074,-,-, -,-, -,-,-, -,-, -,-,-, -,-, -
04283300,A BETTER U BEAUTY BARBER ACADEMY,NM,871103128,Proprietary,18,18,46250,45,58000,17,17,51667,43,67000,-,-, -,-, -,-,-, -,-, -,-,-, -,-, -
04283500,FALCON INSTITUTE OF HEALTH AND SCIENCE,PA,180172113,Proprietary,66,69,217985,165,275682,65,65,284997,159,380988,-,-, -,-, -,-,-, -,-, -,-,-, -,-, -
04283600,COLLEGE UNBOUND,RI,029052340,Private-Nonprofit,11,11,21347,51,48849,11,11,25127,45,61856,-,-, -,-, -,-,-, -,-, -,-,-, -,-, -
04283700,OREGON COAST COMMUNITY COLLEGE,OR,973664100,Public,5,5,15438,56,67301,5,5,7203,48,65555,-,-, -,-, -,-,-, -,-, -,-,-, -,-, -
04283800,PROFESSIONAL CULINARY ACADEMY,NY,142221433,Proprietary,4,4,5508,11,12504,3,3,5333,10,17333,-,-, -,-, -,-,-, -,-, -,-,-, -,-, -
04284500,MIDWEST BARBER COLLEGE,KS,666112358,Proprietary,16,16,49500,35,56147,17,17,59882,36,66482,-,-, -,-, -,-,-, -,-, -,-,-, -,-, -
04284900,ROYAL LEARNING INSTITUTE,NY,100015786,Proprietary,3,3,7000,7,11682,3,3,3360,6,8143,-,-, -,-, -,-,-, -,-, -,-,-, -,-, -
04285000,LOTUS PROFESSIONAL COLLEGE,VA,232296323,Proprietary,37,37,78741,81,88094,37,37,131849,80,144678,-,-, -,-, -,0,0,0,1,2500,-,-, -,-, -
04285300,HOLLYWOOD CULTURAL COLLEGE,CA,900102214,Proprietary,4,4,13678,9,15428,2,2,4869,4,4869,-,-, -,-, -,-,-, -,-, -,-,-, -,-, -
04285500,MARIANO MORENO CULINARY INSTITUTE,FL,331452627,Proprietary,16,16,57895,83,104776,16,16,76248,81,133823,-,-, -,-, -,0,0,0,1,1496,-,-, -,-, -
04285600,BURLINGTON COUNTY INSTITUTE OF TECHNOLOGY - ADULT EDUCATION,NJ,080603826,Public,7,7,15700,14,15700,10,10,23599,20,23599,-,-, -,-, -,-,-, -,-, -,-,-, -,-, -
04285700,APEX COLLEGE OF VETERINARY TECHNOLOGY,CO,809033737,Proprietary,2,2,7000,30,35871,2,2,12000,30,46498,-,-, -,-, -,1,1,1300,3,1800,-,-, -,-, -
04285900,TUANA EUROPEAN BEAUTY ACADEMY,CO,805243302,Proprietary,8,8,26299,22,35103,7,7,30000,19,45000,-,-, -,-, -,-,-, -,-, -,-,-, -,-, -
04286100,HAIR ACADEMY,OH,456012667,Proprietary,2,2,3763,4,3763,2,2,12581,4,12581,-,-, -,-, -,-,-, -,-, -,-,-, -,-, -
04286300,XTYLO BEAUTY COLLEGE,AZ,850081303,Proprietary,6,6,12933,17,17483,1,1,4000,2,4000,-,-, -,-, -,-,-, -,-, -,-,-, -,-, -
04286500,TONSORIAL ARTS BARBER COLLEGE,TX,755013264,Proprietary,25,25,59970,54,68610,25,25,88140,52,100473,-,-, -,-, -,2,2,18351,4,18351,-,-, -,-, -
04287000,ALDER GRADUATE SCHOOL OF EDUCATION,CA,940621510,Private-Nonprofit,-,-, -,-, -,-,-, -,-, -,92,99,1286390,254,1271017,-,-, -,-, -,7,7,34215,15,32215
04287100,WEBB'S BARBER SCHOOL OF ARTS,GA,312064118,Proprietary,9,10,26890,20,31640,7,8,28654,16,32114,-,-, -,-, -,-,-, -,-, -,-,-, -,-, -
04287200,EVVAYLOIS ACADEMY SCHOOL OF BEAUTY,TX,778335873,Private-Nonprofit,1,1,3500,3,5250,1,1,2000,3,5000,-,-, -,-, -,-,-, -,-, -,-,-, -,-, -
04287300,MICHAEL'S BARBER & HAIR STYLIST ACADEMY,TX,750626016,Proprietary,25,25,64263,54,76763,25,25,92462,55,109585,-,-, -,-, -,1,1,6000,2,6000,-,-, -,-, -
04287400,ADRIAN H. WALLACE BARBER ACADEMY (THE),FL,325032802,Proprietary,12,12,36125,29,37205,2,2,7000,4,8667,-,-, -,-, -,-,-, -,-, -,-,-, -,-, -
04287800,ST. LOUIS MED TECH,MO,631233107,Private-Nonprofit,1,1,2345,2,2345,2,2,2730,4,2730,-,-, -,-, -,-,-, -,-, -,-,-, -,-, -
04288000,RAPHA SCHOOL (THE),PA,157479615,Proprietary,20,21,55050,41,55050,18,20,69131,38,69131,-,-, -,-, -,2,2,11465,4,11465,-,-, -,-, -
04288100,TOTAL BEAUTY INSTITUTE,FL,322085119,Private-Nonprofit,8,8,20376,17,22965,9,9,30419,16,35804,-,-, -,-, -,-,-, -,-, -,-,-, -,-, -
04288900,PEARLANDS INNOVATIVE SCHOOL OF BEAUTY,TX,775847891,Proprietary,9,9,24693,24,36749,11,11,50544,28,62467,-,-, -,-, -,-,-, -,-, -,-,-, -,-, -
04289600,DURANT INSTITUTE OF HAIR DESIGN,OK,747013089,Proprietary,13,13,44500,30,50698,13,13,47666,28,48977,-,-, -,-, -,-,-, -,-, -,-,-, -,-, -
04290200,SRI SAI KRISH INSTITUTE,CA,906803957,Proprietary,15,15,54490,35,63240,15,15,72541,35,87541,-,-, -,-, -,-,-, -,-, -,-,-, -,-, -
04290500,PAUL MITCHELL THE SCHOOL SAN JOSE,CA,951221409,Proprietary,38,38,95075,81,110653,37,37,105119,88,118077,-,-, -,-, -,13,13,47734,35,55289,-,-, -,-, -
04290700,PREMIERE AESTHETICS INSTITUTE,OR,977031964,Proprietary,10,10,22163,21,24497,11,11,26665,23,29332,-,-, -,-, -,-,-, -,-, -,-,-, -,-, -
04290800,CALIFORNIA UNIVERSITY OF SCIENCE AND MEDICINE,CA,923241603,Private-Nonprofit,-,-, -,-, -,-,-, -,-, -,7,7,30670,14,30670,-,-, -,-, -,26,26,112036,52,112036
04291100,COMMERCIAL DIVERS INTERNATIONAL,AZ,853383693,Proprietary,10,10,25590,22,28148,11,11,36191,23,38384,-,-, -,-, -,2,2,41666,5,41666,-,-, -,-, -
04291600,RIGGINS URBAN BARBER COLLEGE,CA,921143618,Proprietary,19,19,59750,49,77750,19,20,83075,51,107408,-,-, -,-, -,-,-, -,-, -,-,-, -,-, -
04291700,HAIR ARTS INSTITUTE,OK,731345076,Proprietary,12,12,39500,26,42750,13,13,53266,30,58266,-,-, -,-, -,-,-, -,-, -,-,-, -,-, -
04291900,FLORIDA PROFESSIONAL INSTITUTE,FL,331556752,Proprietary,18,18,41994,40,46658,18,18,51700,41,56456,-,-, -,-, -,-,-, -,-, -,-,-, -,-, -
04292100,RUBEN'S FIVE STAR ACADEMY,FL,338534409,Proprietary,7,7,16500,15,17250,5,5,12167,10,12167,-,-, -,-, -,-,-, -,-, -,-,-, -,-, -
04292300,"FLORIDA ACADEMY OF NURSING, THE",FL,330257000,Proprietary,44,44,137019,111,166067,34,34,116554,78,136553,-,-, -,-, -,-,-, -,-, -,-,-, -,-, -
04292400,BODY WISDOM MASSAGE THERAPY SCHOOL,IA,503222903,Proprietary,6,6,17608,22,34880,7,7,40500,25,70972,-,-, -,-, -,-,-, -,-, -,-,-, -,-, -
04292800,MASON ANTHONY SCHOOL OF COSMETOLOGY ARTS & SCIENCES,OH,430268252,Proprietary,61,61,162249,152,187765,63,63,220483,158,261253,-,-, -,-, -,7,7,67842,15,71842,-,-, -,-, -
04293000,CALIFORNIA COLLEGE OF MUSIC,CA,911062403,Proprietary,2,2,4667,5,5833,2,2,6667,5,8667,-,-, -,-, -,-,-, -,-, -,-,-, -,-, -
04293200,PROFESSIONAL COSMETOLOGY ACADEMY (THE),TX,780415930,Proprietary,6,6,10100,12,10100,-,-, -,-, -,-,-, -,-, -,-,-, -,-, -,-,-, -,-, -
04293300,HACKENSACK MERIDIAN SCHOOL OF MEDICINE,NJ,071101912,Private-Nonprofit,-,-, -,-, -,-,-, -,-, -,2,2,70750,5,90453,-,-, -,-, -,8,9,35270,19,62253
04293700,SALON PROFESSIONAL ACADEMY OF HOLLAND (THE),MI,494247521,Proprietary,7,8,24250,26,37208,7,8,22333,28,43003,-,-, -,-, -,-,-, -,-, -,-,-, -,-, -
04293800,MOTION PICTURE INSTITUTE,MI,480845505,Proprietary,5,5,11831,24,30352,6,6,15398,29,47565,-,-, -,-, -,1,1,11760,7,25980,-,-, -,-, -
04293900,LAKEWOOD UNIVERSITY,OH,441123044,Private-Nonprofit,2,2,7000,4,7000,2,2,12000,4,12000,-,-, -,-, -,-,-, -,-, -,-,-, -,-, -
04294200,ACADEMY OF ALLIED HEALTH CAREERS,TN,374115336,Proprietary,8,9,24144,18,24144,8,9,24356,18,24356,-,-, -,-, -,-,-, -,-, -,-,-, -,-, -
04294300,RCCGNA SEMINARY,TX,754017614,Private-Nonprofit,0,0,0,2,2333,-,-, -,-, -,-,-, -,-, -,-,-, -,-, -,-,-, -,-, -
04294500,CALCOPA MASSAGE SCHOOL,CA,926482071,Proprietary,1,1,2333,2,2333,1,1,4000,2,4000,-,-, -,-, -,-,-, -,-, -,-,-, -,-, -
04294900,CTK HEALTHCARE & CAREER INSTITUTE,TX,750627861,Proprietary,6,6,12924,15,16155,6,6,19297,15,24835,-,-, -,-, -,-,-, -,-, -,-,-, -,-, -
04295100,AESTHETICS INSTITUTE,MO,631233107,Private-Nonprofit,4,4,14000,12,20461,5,5,17270,12,22741,-,-, -,-, -,1,1,4000,2,4000,-,-, -,-, -
04295500,ZEN SHIATSU CHICAGO,IL,602014317,Proprietary,2,2,5562,10,13349,2,2,9532,10,23635,-,-, -,-, -,-,-, -,-, -,-,-, -,-, -
04296000,INSTITUTE OF ALLIED HEALTHCARE (THE),TX,782294538,Proprietary,5,5,7002,9,7002,5,5,10223,9,10223,-,-, -,-, -,-,-, -,-, -,-,-, -,-, -
04296100,MADERA COMMUNITY COLLEGE,CA,936388321,Public,2,2,3500,4,3500,2,2,6000,4,6000,-,-, -,-, -,-,-, -,-, -,-,-, -,-, -
04296200,MEI BARBER SCHOOL,TX,785205472,Proprietary,4,4,11400,14,21317,3,3,14000,12,22977,-,-, -,-, -,-,-, -,-, -,-,-, -,-, -
04296700,SIERRA ACADEMY OF STYLE,NV,897016324,Proprietary,25,25,67662,64,89824,26,26,78134,69,107605,-,-, -,-, -,0,0,0,2,9600,-,-, -,-, -
04297100,ELITE BEAUTY COLLEGE,OK,744012104,Proprietary,5,5,14250,9,18063,4,4,19000,8,23000,-,-, -,-, -,-,-, -,-, -,-,-, -,-, -
04297300,HELLO GORGEOUS BARBERS STILLWATER'S SCHOOL OF BARBERING,OK,740744104,Proprietary,5,5,15750,16,24899,5,5,21333,14,33333,-,-, -,-, -,-,-, -,-, -,-,-, -,-, -
04297400,STUDIO 75 HAIR ACADEMY,TN,380532066,Proprietary,1,1,1580,2,1580,-,-, -,-, -,-,-, -,-, -,-,-, -,-, -,-,-, -,-, -
04297700,COMMERCIAL DIVING TECHNOLOGIES INSTITUTE,FL,346676613,Proprietary,3,3,8706,6,8706,3,3,12358,6,12358,-,-, -,-, -,-,-, -,-, -,-,-, -,-, -
04298200,SOUTHERN CALIFORNIA COLLEGE OF BARBER AND BEAUTY,CA,920251801,Proprietary,13,13,38149,29,46899,9,9,45200,25,54115,-,-, -,-, -,1,1,9650,2,9650,-,-, -,-, -
04298800,SALON PROFESSIONAL ACADEMY (THE),NJ,077313385,Proprietary,17,17,41162,43,53414,15,15,45332,39,59999,-,-, -,-, -,-,-, -,-, -,-,-, -,-, -
04299200,KINO COLLEGE,AZ,857047802,Proprietary,4,4,9800,12,16450,5,5,15567,13,20887,-,-, -,-, -,-,-, -,-, -,-,-, -,-, -
04299700,UPPER KUTZ BARBER & STYLE COLLEGE,MS,387015962,Proprietary,3,3,10500,6,10500,3,3,18000,6,18000,-,-, -,-, -,-,-, -,-, -,-,-, -,-, -
04300400,EDGE ACADEMY OF BEAUTY,KY,409628700,Proprietary,4,4,14000,8,14000,2,2,12000,4,12000,-,-, -,-, -,-,-, -,-, -,-,-, -,-, -
04300500,TOP OF THE LINE BARBER SCHOOL,TX,782182109,Proprietary,18,18,50531,35,53009,16,16,71395,34,75449,-,-, -,-, -,1,1,17958,2,17958,-,-, -,-, -
04300900,SWEETWATER INSTITUTE OF COSMETOLOGY,TN,378743026,Proprietary,3,3,6951,5,6951,3,4,8715,7,8715,-,-, -,-, -,-,-, -,-, -,-,-, -,-, -
04302900,BARBERS TRADE SCHOOL,TX,777013308,Proprietary,10,10,31270,20,31270,10,13,57586,27,57586,-,-, -,-, -,-,-, -,-, -,-,-, -,-, -
04303000,ACADEMIA MEDICAL INSTITUTE,OH,432040000,Proprietary,16,16,54250,31,54250,17,17,57800,33,57800,-,-, -,-, -,-,-, -,-, -,-,-, -,-, -
04303600,JT'S CUTS ACADEMY,FL,333342765,Proprietary,1,1,3500,2,3500,-,-, -,-, -,-,-, -,-, -,-,-, -,-, -,-,-, -,-, -
04304100,NURSE ACADEMY (THE),CA,919502964,Proprietary,2,2,7000,4,7000,2,2,12000,4,12000,-,-, -,-, -,-,-, -,-, -,-,-, -,-, -
04304600,LEGENDS BARBER COLLEGE,TX,759043105,Proprietary,12,12,38947,23,38947,11,12,39031,23,39031,-,-, -,-, -,-,-, -,-, -,-,-, -,-, -
04304800,JAZZ BARBER AND HAIRSTYLING ACADEMY,VA,238033508,Proprietary,1,1,3500,2,3500,2,2,15500,4,15500,-,-, -,-, -,-,-, -,-, -,-,-, -,-, -
04305500,CENTRAL VALLEY BARBER COLLEGE,CA,953672024,Proprietary,10,10,34500,20,34500,8,8,41000,16,41000,-,-, -,-, -,-,-, -,-, -,-,-, -,-, -
04305900,ONE STOP ACADEMY,NC,283068490,Proprietary,1,1,3500,2,3500,-,-, -,-, -,-,-, -,-, -,-,-, -,-, -,-,-, -,-, -
