ope_id,school,state,zip_code,school_type,dl_subsidized_recipients,dl_subsidized_number_of_loans_originated,dl_subsidized_dollar_amount_of_loans_originated,dl_subsidized_number_of_disbursements,dl_subsidized_dollar_amount_of_disbursements,dl_unsubsidized_undergraduate_recipients,dl_unsubsidized_undergraduate_number_of_loans_originated,dl_unsubsidized_undergraduate_dollar_amount_of_loans_originated,dl_unsubsidized_undergraduate_number_of_disbursements,dl_unsubsidized_undergraduate_dollar_amount_of_disbursements,dl_unsubsidized_graduate_recipients,dl_unsubsidized_graduate_number_of_loans_originated,dl_unsubsidized_graduate_dollar_amount_of_loans_originated,dl_unsubsidized_graduate_number_of_disbursements,dl_unsubsidized_graduate_dollar_amount_of_disbursements,dl_parent_plus_recipients,dl_parent_plus_number_of_loans_originated,dl_parent_plus_dollar_amount_of_loans_originated,dl_parent_plus_number_of_disbursements,dl_parent_plus_dollar_amount_of_disbursements,dl_grad_plus_recipients,dl_grad_plus_number_of_loans_originated,dl_grad_plus_dollar_amount_of_loans_originated,dl_grad_plus_number_of_disbursements,dl_grad_plus_dollar_amount_of_disbursements
100200,ALABAMA AGRICULTURAL & MECHANICAL UNIVERSITY,AL,357621357,Public,3223,3255,12704566,6079,12275177,3166,3546,12042488,6670,11605265,548,584,9357515,1056,8722062,1263,1356,20263760,2627,20130339,169,201,1920735,385,1875036
100300,FAULKNER UNIVERSITY,AL,361093398,Private-Nonprofit,885,1325,3278168,2361,3001195,946,1421,4288422,2519,3835398,954,1457,16007433,2720,15217886,90,98,853875,184,849375,440,883,13327256,1934,13270412
100400,UNIVERSITY OF MONTEVALLO,AL,351156000,Public,822,869,3173478,1571,3173478,933,992,3386433,1846,3386433,190,233,2904969,410,2904969,161,191,2060315,359,2060315,21,26,177044,37,177044
100500,ALABAMA STATE UNIVERSITY,AL,361045714,Public,2069,2126,7926451,4010,7920451,2014,2419,7239544,4574,7231195,423,453,7062452,853,7021508,707,748,10150436,1448,10128278,164,214,2432539,413,2431039
100700,CENTRAL ALABAMA COMMUNITY COLLEGE,AL,350100000,Public,360,371,1125646,713,963202,93,108,322682,208,278522,,,,,,,,,,,,,,,
100800,ATHENS STATE UNIVERSITY,AL,356111999,Public,979,1016,4118129,1680,3991557,927,960,5463695,1587,5313785,267,286,3964614,456,3864064,21,21,159958,31,159958,18,22,302510,35,291436
100900,AUBURN UNIVERSITY,AL,368495113,Public,4513,4699,19060125,8676,19060125,6358,6475,26013397,12131,26013397,1636,1884,40948552,3335,40948552,2004,2405,58783846,4094,58783846,596,806,15889761,1289,15889761
101300,CALHOUN COMMUNITY COLLEGE,AL,356710000,Public,1335,1346,4291016,2167,3965006,1316,1334,5774892,2161,5335819,,,,,,29,30,197350,53,190313,,,,,
101500,ENTERPRISE STATE COMMUNITY COLLEGE,AL,363311300,Public,439,458,1475536,734,1342270,414,435,1822882,704,1645123,,,,,,3,3,23443,5,23443,,,,,
101600,UNIVERSITY OF NORTH ALABAMA,AL,356320001,Public,1653,1727,6454105,3095,6271916,1742,1848,7353774,3369,7090321,1249,1391,17631217,2379,16688710,270,284,3378128,529,3305342,97,108,727612,161,593483
101900,HUNTINGDON COLLEGE,AL,361062148,Private-Nonprofit,484,484,1945449,877,1945449,615,647,2079211,1183,2079211,15,15,237339,31,237339,159,159,2311516,282,2311516,3,3,26000,8,26000
102000,JACKSONVILLE STATE UNIVERSITY,AL,362651602,Public,3116,3357,12409694,5719,12023925,3026,3346,11631731,5811,11290312,780,894,12564015,1319,11472206,744,859,8766736,1387,8529628,58,65,521121,83,508625
102200,JEFFERSON STATE COMMUNITY COLLEGE,AL,352153098,Public,1735,1786,5857865,2643,4606015,499,575,1754976,863,1390544,,,,,,,,,,,,,,,
102400,UNIVERSITY OF WEST ALABAMA,AL,354700000,Public,2125,2377,8423843,3877,7814686,1930,2135,9411119,3501,8620647,3087,3342,48245564,6501,41287838,137,181,1624237,269,1589550,306,334,7033078,711,6362200
102600,MARION MILITARY INSTITUTE,AL,367563214,Public,83,87,212471,152,212471,106,127,328034,219,328034,,,,,,24,34,197338,63,195338,,,,,
102800,MILES COLLEGE,AL,350642697,Private-Nonprofit,883,950,3497856,1702,3340833,883,926,3347174,1634,3154965,,,,,,250,259,2122629,486,2094129,,,,,
102900,UNIVERSITY OF MOBILE,AL,366630220,Private-Nonprofit,530,538,2113598,970,2056559,583,607,2190656,1111,2122161,143,149,2503840,314,2319332,135,151,1847777,251,1839737,46,52,1269491,122,1269491
103100,NORTHEAST ALABAMA COMMUNITY COLLEGE,AL,359860159,Public,361,386,1143204,637,1114077,91,106,357698,196,346573,,,,,,,,,,,,,,,
103300,OAKWOOD UNIVERSITY,AL,358960001,Private-Nonprofit,596,599,2557992,1097,2508242,626,687,2452822,1271,2409322,38,38,721297,70,721297,148,165,2242147,293,2199554,2,3,22500,4,18979
103600,SAMFORD UNIVERSITY,AL,352297000,Private-Nonprofit,718,723,3069961,1339,3047989,988,997,3931950,1858,3916548,1108,1317,24356817,2223,24211067,431,495,10793239,861,10756263,850,1385,24971471,2076,24878289
103800,SNEAD STATE COMMUNITY COLLEGE,AL,359570734,Public,237,244,702601,378,664792,225,237,900448,376,853905,,,,,,3,3,11400,5,11400,,,,,
104000,SOUTHERN UNION STATE COMMUNITY COLLEGE,AL,362760000,Public,858,874,2579660,1470,2514910,319,370,998006,665,983006,,,,,,59,66,508435,123,505435,,,,,
104100,SPRING HILL COLLEGE,AL,366081791,Private-Nonprofit,234,262,938088,463,938088,297,334,1211779,616,1208029,34,37,474436,63,400796,82,91,1312643,155,1312643,5,5,104331,9,96456
104400,STILLMAN COLLEGE,AL,354011430,Private-Nonprofit,479,498,1803461,941,1786336,467,526,1806724,1004,1802321,,,,,,81,89,767563,172,765578,,,,,
104600,TALLADEGA COLLEGE,AL,351602354,Private-Nonprofit,359,360,1501388,651,1419930,352,352,1550601,636,1431968,60,60,1045118,113,938793,89,89,887353,160,793611,5,5,23475,5,23475
104700,TROY UNIVERSITY,AL,360820001,Public,4305,4694,17435055,10035,15648324,4458,4866,20241662,10272,18049857,1546,1721,26745607,4255,23029652,460,589,5406253,939,5329136,214,278,2373288,565,2295312
105000,TUSKEGEE UNIVERSITY,AL,360881645,Private-Nonprofit,1378,1416,5492838,2681,5426810,1406,1573,4579662,3010,4531234,268,272,9271317,539,9271317,566,711,13180513,1368,13063518,199,247,6690742,482,6659790
105100,UNIVERSITY OF ALABAMA,AL,354870120,Public,7984,8369,32015018,14870,31935579,10356,11049,40631656,20037,40542414,1948,2197,29950345,3577,29857023,3364,3934,103342220,6815,102340021,384,494,6298322,723,6260906
105200,UNIVERSITY OF ALABAMA AT BIRMINGHAM,AL,352941150,Public,3966,4192,15678078,7299,15318763,4337,4649,17282365,8138,16824361,3677,4166,85493791,8104,83447167,729,952,12079211,1553,11960302,1191,1617,34039224,2823,33690802
105500,UNIVERSITY OF ALABAMA IN HUNTSVILLE,AL,358990001,Public,1630,1744,6522532,2942,6522532,1829,1951,7462120,3316,7462120,287,347,3938304,491,3938304,328,386,5314009,623,5314009,22,32,272134,43,272134
105700,UNIVERSITY OF SOUTH ALABAMA,AL,366880002,Public,3813,4176,15396234,7131,15361248,3972,4434,15728272,7739,15681220,2887,3312,50843968,5551,48794289,1371,1567,19365851,2706,19365851,1183,1628,16705671,2385,16153160
106000,COASTAL ALABAMA COMMUNITY COLLEGE,AL,365072698,Public,1711,1754,5577612,2860,5223144,1591,1620,6232099,2655,5841478,,,,,,20,20,157659,33,146145,,,,,
106100,ALASKA PACIFIC UNIVERSITY,AK,995084672,Private-Nonprofit,218,218,768131,351,763631,198,198,912095,323,909095,31,31,451358,49,451358,7,7,91581,11,91581,5,5,52825,5,52825
106300,UNIVERSITY OF ALASKA FAIRBANKS,AK,997757500,Public,858,919,3232131,1451,3017239,869,937,4381825,1478,4088351,154,193,2238079,294,2118377,37,44,535321,74,528028,9,9,70556,11,70556
106500,UNIVERSITY OF ALASKA SOUTHEAST,AK,998018680,Public,163,171,668074,289,634722,167,171,835360,295,794798,74,81,1027064,131,1002781,27,27,415635,49,415635,14,14,134760,24,134760
107100,ARIZONA WESTERN COLLEGE,AZ,853650000,Public,58,59,190790,169,169040,40,40,135914,115,116914,,,,,,4,4,52733,14,52733,,,,,
107200,COCHISE COLLEGE,AZ,856352317,Public,237,254,729097,414,676454,198,212,825846,361,776261,,,,,,2,2,43046,2,38523,,,,,
107400,GRAND CANYON UNIVERSITY,AZ,850173030,Proprietary,53379,57420,216908443,85596,171525942,50048,54213,262595231,81791,208256161,34906,39370,554432785,62948,447825932,2283,2527,35569280,4203,34443189,1330,1448,21260794,2416,18003867
107600,GLENDALE COMMUNITY COLLEGE,AZ,853023090,Public,1057,1103,3003803,1881,2961064,364,385,1244357,676,1210643,,,,,,,,,,,,,,,
107700,MESA COMMUNITY COLLEGE,AZ,852024866,Public,1283,1361,3712921,2316,3694475,484,535,1635224,917,1612831,,,,,,10,12,91220,22,86240,,,,,
107800,PHOENIX COLLEGE,AZ,850134234,Public,859,949,2583946,1632,2542305,359,419,1271230,693,1194971,,,,,,5,5,66254,9,66254,,,,,
107900,YAVAPAI COLLEGE,AZ,863013297,Public,313,337,1086601,597,1065496,304,342,1211447,599,1179569,,,,,,11,13,115318,25,115318,,,,,
108100,ARIZONA STATE UNIVERSITY,AZ,852870412,Public,34446,37403,139707040,61488,139519613,36147,40086,185083606,65470,184809438,13598,16573,216131438,25425,215106575,7667,8822,188308671,15896,188105466,6828,9174,120544185,14478,119917849
108200,NORTHERN ARIZONA UNIVERSITY,AZ,860110001,Public,5355,5536,21628808,9826,21628808,5717,5992,23155850,10658,23155850,1823,1988,32124979,3296,32115545,1792,1908,32432113,3459,32432113,747,1061,18108528,1628,18108528
108300,UNIVERSITY OF ARIZONA (THE),AZ,857210066,Public,8262,8721,32629098,15260,32562738,9272,10098,41888748,17866,41821474,3491,4123,86106626,7296,82531191,3727,4497,96343199,8362,96317824,1487,2225,36523692,3792,34752482
108500,UNIVERSITY OF ARKANSAS AT MONTICELLO,AR,716560000,Public,861,930,3301329,1697,3250340,824,907,3700573,1644,3626021,313,365,4581534,634,4405693,45,50,370160,99,370160,28,32,299620,49,214727
108600,UNIVERSITY OF ARKANSAS AT PINE BLUFF,AR,716012790,Public,995,1044,3906614,1926,3820461,966,1160,2906440,2123,2831230,84,118,879677,214,861775,149,168,1472086,322,1459805,,,,,
108700,ARKANSAS BAPTIST COLLEGE,AR,722026099,Private-Nonprofit,278,279,915506,444,882707,281,293,926855,464,877675,,,,,,17,17,128563,30,112222,,,,,
108800,LYON COLLEGE,AR,725013699,Private-Nonprofit,304,304,1133510,546,1110510,373,398,1282382,715,1245132,70,70,3275023,71,1647796,88,91,995277,168,958274,69,69,5830090,69,2915061
108900,ARKANSAS TECH UNIVERSITY,AR,728012222,Public,1741,1899,6289668,3532,6281918,1728,1916,7016634,3572,6996504,232,283,3075723,546,3067728,167,190,1732704,366,1732704,26,29,278680,55,278680
109000,ARKANSAS STATE UNIVERSITY,AR,724010000,Public,4072,4353,15983347,7176,15319807,4046,4409,19162191,7331,18311992,4181,5300,57897337,7948,56395786,358,407,4379021,656,4319277,410,509,5550276,649,5527409
109100,ARKANSAS STATE UNIVERSITY - BEEBE,AR,720121000,Public,668,701,2264858,1184,2050471,606,639,2652766,1083,2444005,,,,,,7,10,64414,18,60514,,,,,
109200,UNIVERSITY OF CENTRAL ARKANSAS,AR,720350001,Public,2608,2752,9817710,4767,9817710,2698,3008,9766833,5263,9766833,822,1098,12081480,1711,12081480,437,552,4712839,859,4712839,303,467,3063462,677,3063462
109300,CENTRAL BAPTIST COLLEGE,AR,720346470,Private-Nonprofit,209,214,805459,406,800459,202,205,728860,391,724860,,,,,,41,41,550984,81,550984,,,,,
109400,UNIVERSITY OF THE OZARKS,AR,728302880,Private-Nonprofit,248,248,915185,465,891539,276,289,952607,547,925753,,,,,,28,28,330445,53,321945,,,,,
109500,CROWLEY'S RIDGE COLLEGE,AR,724509775,Private-Nonprofit,93,93,373208,172,360208,117,128,441793,237,422712,,,,,,35,35,354688,62,347572,,,,,
109700,HARDING UNIVERSITY,AR,721490001,Private-Nonprofit,923,1033,3907814,1792,3907814,1247,1480,5567981,2531,5561981,629,936,14129693,1295,14129693,270,333,4555761,516,4555761,215,381,6135625,517,6135625
109800,HENDERSON STATE UNIVERSITY,AR,719990001,Public,667,711,2409866,1158,2246206,710,784,3021582,1307,2824789,256,316,4091578,466,3877761,104,129,1180198,188,1139934,46,61,481337,72,478837
109900,HENDRIX COLLEGE,AR,720323080,Private-Nonprofit,322,322,1302944,606,1302944,440,456,1685255,864,1685255,6,6,123000,12,123000,126,135,2304337,243,2304337,2,2,37188,4,37188
110000,JOHN BROWN UNIVERSITY,AR,727612747,Private-Nonprofit,416,416,1641303,764,1617637,511,511,2101436,934,2068545,187,187,2841510,429,2739310,150,150,1887256,267,1887256,5,5,61096,6,61096
110100,UNIVERSITY OF ARKANSAS AT LITTLE ROCK,AR,722041099,Public,2095,2263,8315215,3619,8042916,2086,2315,11108586,3676,10714377,884,981,14274703,1667,14087726,58,70,519134,108,503977,434,511,4760087,854,4635502
110200,OUACHITA BAPTIST UNIVERSITY,AR,719980001,Private-Nonprofit,374,374,1527855,691,1514037,497,499,1841858,934,1827358,87,88,1167926,195,1151618,100,100,1832360,187,1832360,,,,,
110300,PHILANDER SMITH COLLEGE,AR,722023718,Private-Nonprofit,436,438,1862589,849,1859839,430,449,1742681,866,1733181,32,46,560231,84,552231,58,58,607531,114,607531,2,2,20020,3,14015
110500,SHORTER COLLEGE,AR,721144885,Private-Nonprofit,258,264,938515,850,850515,252,269,1249477,852,1119729,,,,,,4,4,23048,12,19976,,,,,
110600,WILLIAMS BAPTIST UNIVERSITY,AR,724764661,Private-Nonprofit,163,163,700241,298,681902,165,170,536458,309,521297,15,17,225691,31,161608,25,25,382530,44,382530,,,,,
110700,SOUTHERN ARKANSAS UNIVERSITY,AR,717535000,Public,766,778,3210187,1222,2563042,735,800,2694380,1243,2126238,447,476,7797960,824,6939816,151,162,1500375,241,1134836,59,64,745901,104,627849
110800,UNIVERSITY OF ARKANSAS,AR,727010000,Public,5839,7195,25096296,12265,25072545,8702,10326,38877394,18222,38772636,980,1220,15506675,1976,15497825,2036,2413,42644823,4039,42634709,167,215,2356683,328,2356683
110900,UNIVERSITY OF ARKANSAS FOR MEDICAL SCIENCES,AR,722057102,Public,653,774,2649832,1314,2649832,583,695,3220214,1171,3220214,1001,1274,36526846,2026,29574862,36,37,279628,69,279628,630,839,16452230,1291,13089876
111000,UNIVERSITY OF ARKANSAS AT FORT SMITH,AR,729047397,Public,1229,1229,4752736,2307,4689592,1052,1067,4668763,2011,4601410,14,14,167961,25,167961,93,93,982942,183,980398,4,4,14641,7,14641
111100,ALLAN HANCOCK COLLEGE,CA,934546399,Public,66,66,236262,129,236262,58,58,240037,110,240037,,,,,,,,,,,,,,,
111300,ANTELOPE VALLEY COLLEGE,CA,935365426,Public,627,630,2311128,2020,2154984,585,595,3042765,1900,2845503,,,,,,6,6,53570,20,53570,,,,,
111600,ART CENTER COLLEGE OF DESIGN,CA,911031999,Private-Nonprofit,603,773,2643465,1182,2614715,579,718,2252375,1114,2220375,44,71,1042422,103,1042422,138,166,4934973,266,4934973,19,26,883663,45,883663
111700,AZUSA PACIFIC UNIVERSITY,CA,917027000,Private-Nonprofit,1226,1412,5518545,2873,5508544,1225,1383,5876913,2791,5874913,2277,2514,41416769,5116,40996486,340,365,7794604,681,7784240,1510,1968,37488801,3967,36876781
111800,BAKERSFIELD COLLEGE,CA,933051299,Public,291,318,915499,601,903499,278,302,1271594,568,1255594,,,,,,6,6,93462,12,93462,,,,,
111900,BARSTOW COMMUNITY COLLEGE,CA,923116608,Public,583,583,1948996,1013,1712351,99,99,411536,229,402536,,,,,,,,,,,,,,,
112000,BERKELEY SCHOOL OF THEOLOGY,CA,947043029,Private-Nonprofit,,,,,,,,,,,25,25,373535,40,355064,,,,,,1,1,9454,1,9454
112200,BIOLA UNIVERSITY,CA,906390001,Private-Nonprofit,1248,1280,5232482,2351,5193927,1365,1396,5098097,2587,5053908,372,380,6759968,683,6606633,336,357,7947597,620,7913331,86,91,1816250,168,1807256
112400,CABRILLO  COLLEGE,CA,950033194,Public,116,116,438591,228,438591,112,112,579101,221,579101,,,,,,,,,,,,,,,
112500,CALIFORNIA BAPTIST UNIVERSITY,CA,925043297,Private-Nonprofit,4724,5846,20889170,9249,20889170,4540,5628,19393472,8916,19393472,2788,3079,45794381,6422,45794381,766,952,18903689,1567,18903689,862,1230,24264500,2214,24264500
112700,CALIFORNIA COLLEGE OF THE ARTS,CA,941072206,Private-Nonprofit,268,338,1207076,557,1176712,253,297,945429,504,920756,76,89,1511597,153,1481311,90,97,3666652,180,3617091,57,63,1672289,108,1619643
113100,CALIFORNIA INSTITUTE OF TECHNOLOGY,CA,911250001,Private-Nonprofit,1,1,5500,3,5500,17,17,88668,45,85002,2,2,30000,6,30000,18,20,841778,59,836512,1,1,57148,3,57148
113200,CALIFORNIA INSTITUTE OF THE ARTS,CA,913552397,Private-Nonprofit,297,299,1298900,562,1296150,302,312,1068145,587,1067145,170,173,3378739,333,3378739,133,143,5032433,249,5012430,110,117,3513110,211,3513110
113300,CALIFORNIA LUTHERAN UNIVERSITY,CA,913602787,Private-Nonprofit,917,932,3956693,1867,3955759,1040,1099,3966662,2183,3965062,537,600,9989901,1479,9515756,356,401,9290316,750,9290316,100,126,2439347,297,2362864
113400,CALIFORNIA STATE UNIVERSITY MARITIME ACADEMY,CA,945908181,Public,208,230,883621,422,883621,281,331,1361507,594,1361507,9,9,138686,25,138686,101,121,1720039,216,1720039,,,,,
113700,"CALIFORNIA STATE UNIVERSITY, FULLERTON",CA,928313599,Public,6039,6244,25844099,11503,25365919,5926,6337,27718259,11703,27270623,1255,1484,18612015,2793,18065837,591,620,9869183,1146,9768608,103,122,2150742,231,2145230
113800,"CALIFORNIA STATE UNIVERSITY, EAST BAY",CA,945423000,Public,2324,2396,10362057,4101,10300158,2138,2250,11573680,3868,11529767,446,479,7224937,849,7217793,78,96,1044779,179,1044779,30,36,479128,61,479128
113900,"CALIFORNIA STATE UNIVERSITY, LONG BEACH",CA,908400006,Public,6436,6615,28363402,11734,27782023,5741,5957,26556074,10706,25964856,1559,1726,25328025,3006,24856810,483,494,8681712,943,8598085,137,164,1855898,234,1850898
114000,"CALIFORNIA STATE UNIVERSITY, LOS ANGELES",CA,900324226,Public,3346,3361,14969392,6050,14485466,2607,2626,13093640,4706,12696465,1011,1024,16022825,1906,15605368,67,68,1106769,129,1084978,90,101,1372855,174,1368382
114100,"CALIFORNIA STATE UNIVERSITY, DOMINGUEZ HILLS",CA,907470001,Public,2194,2266,9359634,4005,9055264,1732,1810,9127879,3169,8802983,632,704,9758779,1343,9589292,67,74,1058641,122,1050932,64,86,1289498,139,1289498
114200,"CALIFORNIA STATE UNIVERSITY, SAN BERNARDINO",CA,924072393,Public,3273,3393,13706202,5855,13687027,2824,3054,13929358,5226,13908731,1176,1263,18172411,2256,18080495,98,104,1087473,189,1087473,70,93,890782,150,888282
114300,CALIFORNIA POLYTECHNIC STATE UNIVERSITY,CA,934070001,Public,3254,3655,13887720,10144,13887266,4057,4888,17715963,13540,17715963,244,268,3709833,654,3709833,1181,1239,27698518,3475,27695730,23,28,442681,68,442681
114400,"CALIFORNIA STATE POLYTECHNIC UNIVERSITY, POMONA",CA,917682500,Public,4735,4839,20077046,8837,19975479,4496,4719,20642629,8632,20554650,697,744,10801125,1274,10742712,471,505,7377299,978,7371492,42,50,602609,78,602609
114600,"CALIFORNIA STATE UNIVERSITY, CHICO",CA,959290001,Public,3360,3990,13892067,6915,13890567,3103,3582,12060611,6150,12057861,438,622,5853795,1015,5853795,314,333,4500231,626,4500231,14,21,164920,32,164920
114700,"CALIFORNIA STATE UNIVERSITY, FRESNO",CA,937408026,Public,3617,3727,15070550,6463,15067800,3112,3255,13632376,5679,13628876,641,697,9538431,1231,9497431,112,116,1424025,222,1414245,58,70,607910,99,607910
114900,"CALIFORNIA STATE POLYTECHNIC UNIVERSITY, HUMBOLDT",CA,955218299,Public,1451,1517,5918912,2670,5887849,1427,1511,6354980,2671,6321775,204,230,3140917,403,3140917,160,170,2355892,312,2355892,9,11,64129,17,64129
115000,CALIFORNIA STATE UNIVERSITY - SACRAMENTO,CA,958196044,Public,5372,5534,22925220,9592,22923470,4625,4820,21148248,8225,21145248,889,1022,13980082,1657,13980082,776,791,13625656,1502,13625656,55,68,882764,107,872764
115100,SAN DIEGO STATE UNIVERSITY,CA,921821690,Public,5398,5590,23341548,10270,23341548,6773,7161,32595973,13230,32583542,1534,1716,24924569,3042,24904069,1848,2037,43121551,3879,43121551,209,255,2511050,387,2511050
115300,"CALIFORNIA STATE UNIVERSITY, NORTHRIDGE",CA,913308307,Public,6375,6615,26737435,11638,26729888,5879,6093,26420332,10892,26411670,1943,2299,31624425,4006,31560925,114,125,1583773,239,1583773,196,282,3287375,451,3287375
115400,SAN FRANCISCO STATE UNIVERSITY,CA,941321740,Public,3756,3967,15957362,6928,15939924,3812,4124,17025616,7159,16987444,776,840,12153454,1477,12143704,658,707,11481973,1328,11481973,111,134,1940559,231,1940559
115500,SAN JOSE STATE UNIVERSITY,CA,951920036,Public,4221,4370,18128917,7759,17871650,3990,4180,17639140,7417,17327240,2185,2437,34118232,4104,33313323,1067,1148,19565574,2125,19449210,889,1038,12656993,1767,12350211
115600,SONOMA STATE UNIVERSITY,CA,949283609,Public,954,979,3931806,1746,3922562,1048,1131,4796241,2020,4785241,158,178,2592783,302,2577533,170,174,2769144,324,2769144,9,10,146526,17,146526
115700,"CALIFORNIA STATE UNIVERSITY, STANISLAUS",CA,953820299,Public,1585,1713,6610415,2821,6606415,1363,1516,6694066,2479,6686816,374,402,5848222,714,5848222,139,149,1621528,269,1621528,12,13,182969,22,182969
116100,CERRITOS COMMUNITY COLLEGE,CA,906506296,Public,748,759,2469955,1339,2466455,762,776,3767813,1364,3762296,,,,,,,,,,,,,,,
116200,CHABOT COLLEGE,CA,945452400,Public,106,107,377829,355,373454,88,89,422311,301,416811,,,,,,,,,,,,,,,
116300,CHAFFEY COMMUNITY COLLEGE,CA,917379400,Public,146,148,449750,346,419875,145,148,572034,341,541734,,,,,,,,,,,,,,,
116400,CHAPMAN UNIVERSITY,CA,928661099,Private-Nonprofit,1869,1925,8246466,3679,8246466,1988,2065,6882248,3951,6875748,1107,1117,23780865,2377,23762615,1323,1342,42429615,2636,42427115,851,917,38330527,2158,38321027
116600,CITRUS COLLEGE,CA,917411899,Public,177,187,560186,314,495579,162,173,728970,285,640519,,,,,,5,6,54947,15,54947,,,,,
116900,CLAREMONT GRADUATE UNIVERSITY,CA,917116163,Private-Nonprofit,,,,,,,,,,,750,773,13651266,1374,13560269,,,,,,473,686,15705180,1151,15690625
117000,CLAREMONT MCKENNA COLLEGE,CA,917116400,Private-Nonprofit,150,155,711239,302,711239,96,98,415763,186,415763,1,1,20500,2,20500,55,57,2022215,105,2022215,1,1,4880,2,4880
117100,HARVEY MUDD COLLEGE,CA,917115990,Private-Nonprofit,221,221,985319,433,985319,243,244,882353,477,882353,,,,,,59,61,2038967,110,2038967,,,,,
117200,PITZER COLLEGE,CA,917116101,Private-Nonprofit,180,199,764632,343,764632,76,83,322477,148,322477,,,,,,41,49,1745893,79,1745893,,,,,
117300,POMONA COLLEGE,CA,917116301,Private-Nonprofit,57,59,214810,117,214810,145,146,727094,283,727094,,,,,,61,61,2195746,119,2195746,,,,,
117400,SCRIPPS COLLEGE,CA,917113948,Private-Nonprofit,152,158,619236,294,597986,62,63,294194,106,272444,,,,,,40,41,1569750,74,1569750,,,,,
117600,COALINGA COLLEGE,CA,932101399,Public,47,47,117102,118,109602,47,47,111456,128,105456,,,,,,,,,,,,,,,
117700,UNIVERSITY OF SILICON VALLEY,CA,951341697,Proprietary,385,490,1604031,708,1339425,372,544,1919020,797,1594296,9,13,161699,18,133241,57,80,1115569,130,955900,2,2,42534,3,29034
117800,COLLEGE OF MARIN,CA,949042590,Public,50,51,198041,99,193541,47,51,245619,98,239619,,,,,,,,,,,,,,,
117900,NOTRE DAME DE NAMUR UNIVERSITY,CA,940021997,Private-Nonprofit,23,26,120022,27,103524,18,22,159130,25,125632,69,85,1565230,118,1160323,1,2,42078,3,37578,6,6,76872,8,76872
118100,COLLEGE OF SAN MATEO,CA,944023784,Public,37,38,126250,73,124500,33,34,150924,66,150924,,,,,,2,2,35567,3,35567,,,,,
118200,COLLEGE OF THE DESERT,CA,922609305,Public,126,127,460295,231,458795,121,123,538705,225,538705,,,,,,,,,,,,,,,
118500,COLLEGE OF THE REDWOODS,CA,955019300,Public,330,330,1193690,639,1148890,280,280,1332552,564,1296943,,,,,,17,17,250651,34,221779,,,,,
118600,COLLEGE OF THE SEQUOIAS,CA,932772234,Public,165,173,591228,313,560853,99,101,445506,177,421656,,,,,,1,1,22000,2,22000,,,,,
118700,COLLEGE OF THE SISKIYOUS,CA,960942899,Public,79,79,271247,148,254497,87,87,378501,166,357501,,,,,,12,12,196310,22,194310,,,,,
119000,CONTRA COSTA COLLEGE,CA,948063195,Public,145,145,489030,243,409732,144,144,735061,245,605674,,,,,,,,,,,,,,,
119100,DIABLO VALLEY COLLEGE,CA,945231544,Public,245,245,935418,410,810969,245,245,1371805,411,1188314,,,,,,7,7,90800,14,90800,,,,,
119200,CUESTA COLLEGE,CA,934038106,Public,155,172,518193,244,515943,167,184,753232,260,750232,,,,,,16,18,231555,31,231555,,,,,
119300,CYPRESS COLLEGE,CA,906305897,Public,215,224,630703,423,620953,185,194,801128,371,792128,,,,,,,,,,,,,,,
119600,DOMINICAN UNIVERSITY OF CALIFORNIA,CA,949012298,Private-Nonprofit,458,464,1931771,853,1888268,538,555,2086294,1042,2048047,346,429,7125126,773,6419773,194,227,5625001,387,5625001,152,295,5178964,337,5128507
119700,EL CAMINO COLLEGE,CA,905060002,Public,107,107,375058,324,310186,81,81,393777,261,346597,,,,,,4,4,62293,14,57293,,,,,
119900,FOOTHILL COLLEGE,CA,940224597,Public,304,308,1096067,751,949744,268,270,1428843,651,1247279,,,,,,,,,,,,,,,
120000,FULLER THEOLOGICAL SEMINARY,CA,911820002,Private-Nonprofit,,,,,,1,1,6124,3,4593,428,609,8186843,1325,7417177,,,,,,88,166,2607523,427,2438960
120100,FULLERTON COLLEGE,CA,928322095,Public,463,482,1535938,899,1437938,387,407,1821638,748,1672094,,,,,,,,,,,,,,,
120200,GAVILAN COLLEGE,CA,950209599,Public,15,15,57750,30,55500,10,10,36574,18,34412,,,,,,,,,,,,,,,
120300,GLENDALE COMMUNITY COLLEGE,CA,912082894,Public,495,500,1880695,908,1880695,443,445,2427067,811,2427067,,,,,,5,5,113508,10,113508,,,,,
120500,GOLDEN GATE UNIVERSITY,CA,941052967,Private-Nonprofit,79,99,330158,151,330158,82,109,572416,162,572416,481,688,10130204,1030,10101394,,,,,,127,180,2164982,274,2139050
120600,GOLDEN WEST COLLEGE,CA,926472748,Public,159,193,515154,254,513404,121,149,499826,204,499826,,,,,,8,8,66346,10,66346,,,,,
120700,GRADUATE THEOLOGICAL UNION,CA,947091212,Private-Nonprofit,,,,,,,,,,,24,24,402631,47,402631,,,,,,11,13,282689,27,282689
120800,GROSSMONT COLLEGE,CA,920201799,Public,161,171,538256,326,538256,107,111,436286,214,436286,,,,,,,,,,,,,,,
120900,HARTNELL COMMUNITY COLLEGE,CA,939011697,Public,27,27,101250,51,95000,24,24,107000,45,98000,,,,,,,,,,,,,,,
121200,HUMPHREYS UNIVERSITY,CA,952073896,Private-Nonprofit,142,184,684687,711,494188,131,165,841333,649,624601,203,253,3867718,984,2907106,6,7,153511,34,129710,20,26,606256,98,458819
121500,LA SIERRA UNIVERSITY,CA,925053332,Private-Nonprofit,581,611,2415262,1615,2413762,588,633,1962938,1685,1962272,125,143,1894689,315,1894689,126,145,2173294,383,2166296,52,73,649694,139,649694
121600,UNIVERSITY OF LA VERNE,CA,917504443,Private-Nonprofit,1744,1779,7929363,3080,7450152,1741,1840,7516036,3175,6988590,1449,1537,27249563,2540,25945963,391,444,8277038,781,8067101,655,883,15780014,1286,15565734
121700,LASSEN COLLEGE,CA,961303000,Public,30,30,112517,116,112517,27,27,121493,106,121493,,,,,,2,2,23000,8,23000,,,,,
121800,LOMA LINDA UNIVERSITY,CA,923500001,Private-Nonprofit,610,618,2749962,1510,2749962,626,643,3114702,1540,3114702,1298,1342,39966998,2901,39551271,85,88,2473739,223,2473739,1042,1139,49962605,2399,49343084
121900,LONG BEACH CITY COLLEGE,CA,908081780,Public,468,472,1725160,871,1625087,454,465,2270425,856,2128412,,,,,,,,,,,,,,,
122000,MASTER'S UNIVERSITY AND SEMINARY (THE),CA,913211200,Private-Nonprofit,535,535,2329371,1107,2205998,620,620,2543656,1252,2406433,54,54,730437,118,602340,92,98,2222253,164,2222253,2,2,44779,5,38832
122300,LOS ANGELES CITY COLLEGE,CA,900293588,Public,596,664,2223139,1249,2109414,581,610,3145393,1151,2982593,,,,,,2,2,48299,4,48299,,,,,
122400,LOS ANGELES HARBOR COLLEGE,CA,907442397,Public,53,53,190011,93,170511,49,50,242411,89,220161,,,,,,,,,,,,,,,
122600,LOS ANGELES PIERCE COLLEGE,CA,913710001,Public,588,622,2145202,1193,2135502,575,605,2965716,1163,2954633,,,,,,2,2,31689,4,31689,,,,,
122700,LOS ANGELES TRADE-TECHNICAL COLLEGE,CA,900154181,Public,242,246,901518,439,819117,234,243,1175689,439,1073490,,,,,,4,4,61644,8,61644,,,,,
122800,LOS ANGELES VALLEY COLLEGE,CA,914014096,Public,421,439,1453014,820,1373764,417,432,2016470,805,1911271,,,,,,2,2,47241,3,36121,,,,,
122900,SOUTHERN CALIFORNIA UNIVERSITY OF HEALTH SCIENCES,CA,906044051,Private-Nonprofit,127,182,596626,403,573476,134,208,973328,449,940778,1220,2963,37329005,4308,37057823,,,,,,590,1046,19629698,1373,19474435
123000,MARSHALL B. KETCHUM UNIVERSITY,CA,928311699,Private-Nonprofit,,,,,,,,,,,363,541,18695671,976,10739166,,,,,,336,584,15231656,987,8580187
123200,AMERICAN RIVER COLLEGE,CA,958414286,Public,1110,1131,3908598,1977,3599500,1073,1093,5692171,1915,5233908,,,,,,,,,,,,,,,
123300,SACRAMENTO CITY COLLEGE,CA,958221386,Public,1168,1178,3665008,1986,3638605,1134,1152,5139913,1931,5099388,,,,,,,,,,,,,,,
123600,MENLO COLLEGE,CA,940274301,Private-Nonprofit,304,340,1329071,601,1318821,338,367,1214589,664,1207839,16,16,288567,29,279170,130,152,3199605,255,3152008,1,1,7147,1,7147
123700,MERCED COLLEGE,CA,953482898,Public,129,140,390913,271,382538,118,131,473254,254,465843,,,,,,,,,,,,,,,
123900,MIRACOSTA COLLEGE,CA,920563899,Public,307,334,1035417,478,1024191,284,308,1422207,439,1395622,,,,,,,,,,,,,,,
124000,MODESTO JUNIOR COLLEGE,CA,953505800,Public,73,73,240650,226,228150,76,76,311681,227,293181,,,,,,,,,,,,,,,
124200,MONTEREY PENINSULA COLLEGE,CA,939404799,Public,67,67,227625,103,227625,69,69,294957,109,294957,,,,,,5,5,121500,6,121500,,,,,
124300,MOUNT SAINT MARY'S UNIVERSITY,CA,900491599,Private-Nonprofit,1146,1151,4939099,2310,4798465,1046,1066,3885908,2148,3698223,385,399,7258311,992,7046273,235,252,5520758,463,5472027,204,274,8271206,594,8141191
124500,MOUNT SAN ANTONIO COLLEGE,CA,917891399,Public,340,340,1183406,1094,1176724,334,334,1438850,1076,1425350,,,,,,9,9,132240,32,132240,,,,,
124600,MT. SAN JACINTO COLLEGE,CA,925832399,Public,279,284,1072305,514,978852,265,274,1349593,495,1233503,,,,,,,,,,,,,,,
124700,NAPA VALLEY COLLEGE,CA,945586236,Public,37,37,123750,73,123750,39,39,167962,77,167962,,,,,,2,2,47247,4,47247,,,,,
124900,OCCIDENTAL COLLEGE,CA,900413314,Private-Nonprofit,496,498,2095516,973,2095516,579,580,2258586,1127,2251086,,,,,,99,110,3585355,198,3578355,,,,,
125000,ORANGE COAST COLLEGE,CA,926285005,Public,361,389,1297986,613,1237486,343,362,1444488,563,1369423,,,,,,48,51,874119,92,836774,,,,,
125100,OTIS COLLEGE OF ART AND DESIGN,CA,900453505,Private-Nonprofit,511,511,2309410,990,2289410,492,501,1829163,969,1804663,21,24,423500,39,409750,287,295,10755524,561,10723524,12,13,412275,22,382068
125200,HOPE INTERNATIONAL UNIVERSITY,CA,928313104,Private-Nonprofit,9,9,30500,9,30500,8,8,23750,8,23750,27,27,361117,27,361117,6,6,68199,6,68199,5,5,49196,5,49196
125300,FRESNO PACIFIC UNIVERSITY,CA,937024798,Private-Nonprofit,871,1052,4684311,1505,3539415,727,836,4246236,1232,3238241,381,509,8132231,670,5672180,50,57,811149,96,785149,74,96,1249768,134,990598
125500,PACIFIC OAKS COLLEGE,CA,911030000,Private-Nonprofit,251,382,1331676,591,1111600,254,372,1885772,572,1592327,661,884,16076972,1386,13783599,,,,,,177,207,4634664,348,4166600
125600,PACIFIC SCHOOL OF RELIGION,CA,947091323,Private-Nonprofit,,,,,,,,,,,50,53,836399,91,790733,,,,,,6,6,109377,9,93377
125800,PACIFIC UNION COLLEGE,CA,945089797,Private-Nonprofit,431,431,1887941,1105,1865236,503,503,2337529,1296,2308072,3,3,58567,7,58567,70,71,1401134,186,1401134,2,2,25630,4,25630
126000,PALOMAR COLLEGE,CA,920691486,Public,212,214,707169,401,707169,193,195,948063,365,948063,,,,,,,,,,,,,,,
126100,PASADENA CITY COLLEGE,CA,911062003,Public,262,268,894133,518,894133,240,254,1143569,490,1143569,,,,,,12,12,187294,24,187294,,,,,
126200,POINT LOMA NAZARENE UNIVERSITY,CA,921062899,Private-Nonprofit,1333,1692,6434909,2818,6354164,1599,1984,7688301,3325,7608761,803,1360,17414377,1907,17168812,455,495,15229090,892,15185714,147,240,3977113,324,3972356
126600,LANEY COLLEGE,CA,946074893,Public,110,111,358898,365,352523,107,108,519281,355,505781,,,,,,1,1,16500,1,16500,,,,,
126700,MERRITT COLLEGE,CA,946193196,Public,65,67,221528,188,211403,64,67,319250,189,303250,,,,,,,,,,,,,,,
126800,PORTERVILLE COLLEGE,CA,932576059,Public,16,18,49250,33,45250,6,6,21000,11,19000,,,,,,1,1,20000,2,20000,,,,,
126900,RIO HONDO COMMUNITY COLLEGE,CA,906011699,Public,90,91,304000,166,286875,85,85,445000,156,418000,,,,,,,,,,,,,,,
127000,RIVERSIDE CITY COLLEGE,CA,925061299,Public,274,276,899848,509,892973,250,255,1028756,471,1025006,,,,,,,,,,,,,,,
127200,SAN BERNARDINO VALLEY COLLEGE,CA,924102798,Public,64,64,233000,99,180875,59,59,306500,91,243000,,,,,,,,,,,,,,,
127300,SAN DIEGO CITY COLLEGE,CA,921014787,Public,281,337,925873,648,902998,181,222,872541,427,851541,,,,,,3,6,75788,12,75788,,,,,
127500,SAN DIEGO MESA COLLEGE,CA,921114996,Public,649,663,2021669,1120,1850399,120,128,570686,239,544136,,,,,,20,21,403626,42,403626,,,,,
127800,SAN FRANCISCO CONSERVATORY OF MUSIC,CA,941026011,Private-Nonprofit,56,56,233464,109,233464,69,70,242736,128,242736,58,60,1105942,112,1105942,33,33,1155794,62,1155794,37,39,993598,70,993598
128000,SAN JOAQUIN DELTA COLLEGE,CA,952076370,Public,294,301,906515,600,906515,300,306,1365360,612,1365360,,,,,,,,,,,,,,,
128100,WILLIAM JESSUP UNIVERSITY,CA,957653784,Private-Nonprofit,427,482,1752370,841,1748415,424,453,1816882,804,1811393,216,219,3503967,498,3468258,117,132,2210547,231,2210547,19,21,386912,43,375186
128200,SAN JOSE CITY COLLEGE,CA,951282797,Public,69,69,234187,130,230687,60,61,228170,113,224420,,,,,,2,2,30456,4,30456,,,,,
128400,SANTA ANA COLLEGE,CA,927063398,Public,214,219,693737,643,630237,189,196,865192,579,791192,,,,,,,,,,,,,,,
128500,SANTA BARBARA CITY COLLEGE,CA,931092394,Public,339,340,1173409,625,1144896,409,415,1959631,765,1908895,,,,,,82,92,1278136,179,1273512,,,,,
128600,SANTA MONICA COLLEGE,CA,904051644,Public,922,966,2994718,1677,2978169,917,982,4022696,1705,4001672,,,,,,39,45,492788,85,492788,,,,,
128700,SANTA ROSA JUNIOR COLLEGE,CA,954014395,Public,175,175,610098,317,603848,170,170,688815,308,681565,,,,,,,,,,,,,,,
128800,CLAREMONT SCHOOL OF THEOLOGY,CA,900240000,Private-Nonprofit,,,,,,,,,,,37,37,592451,64,582201,,,,,,14,14,400110,27,400110
128900,SHASTA COLLEGE,CA,960497692,Public,306,320,1000081,602,1000081,308,331,1341171,622,1341171,,,,,,,,,,,,,,,
129000,SIERRA COLLEGE,CA,956773397,Public,362,364,1307115,648,1264973,315,323,1388607,571,1337982,,,,,,9,9,174906,17,154906,,,,,
129100,SIMPSON UNIVERSITY,CA,960038606,Private-Nonprofit,425,502,1802542,820,1657476,453,526,1879570,878,1705286,73,75,1412171,194,1337841,108,109,2252258,195,2209440,20,23,637480,62,621480
129200,SOLANO COMMUNITY COLLEGE,CA,945343197,Public,169,170,641580,310,591132,180,184,1009244,337,921773,,,,,,,,,,,,,,,
129300,VANGUARD UNIVERSITY OF SOUTHERN CALIFORNIA,CA,926266597,Private-Nonprofit,858,858,3585573,1652,3584407,920,942,3278445,1810,3276445,170,170,2801724,392,2801724,218,221,4699665,417,4699665,14,15,419005,32,419005
129400,SOUTHWESTERN COMMUNITY COLLEGE DISTRICT,CA,919107299,Public,1496,1496,5123363,2490,4513270,1295,1295,6674498,2143,5874764,,,,,,,,,,,,,,,
129500,SOUTHWESTERN LAW SCHOOL,CA,900101106,Private-Nonprofit,,,,,,,,,,,650,836,16148121,1334,11950940,,,,,,704,1278,36704675,2307,31029212
129600,DOMINICAN SCHOOL OF PHILOSOPHY AND THEOLOGY,CA,947081295,Private-Nonprofit,,,,,,,,,,,1,1,20500,2,20500,,,,,,,,,,
130200,SAINT MARY'S COLLEGE OF CALIFORNIA,CA,945752744,Private-Nonprofit,673,679,2984828,1265,2846292,728,746,2901000,1411,2748908,248,298,5414349,508,4201761,279,308,8130289,519,8016517,107,132,2249074,205,1716008
130500,STANFORD UNIVERSITY,CA,943052004,Private-Nonprofit,165,181,664263,440,664263,377,393,2004202,1065,2004202,713,777,14193089,1909,14146962,158,173,6809675,455,6809675,499,645,23496996,1549,23432696
130700,FRESNO CITY COLLEGE,CA,937410002,Public,100,102,304347,200,299722,19,20,52769,38,52769,,,,,,3,3,42634,7,42634,,,,,
130800,REEDLEY COLLEGE,CA,936542099,Public,32,32,111420,60,99422,22,22,57038,41,48874,,,,,,7,8,153017,15,107012,,,,,
130900,TAFT COLLEGE,CA,932682317,Public,18,18,73750,35,73750,18,18,95000,35,95000,,,,,,,,,,,,,,,
131200,"UNIVERSITY OF CALIFORNIA, BERKELEY",CA,947201520,Public,3933,5598,15330929,9748,15278265,3565,4555,16615505,8103,16547090,2004,2530,40819572,4338,40516147,1537,1797,45276241,3267,45209890,1369,2428,58209755,4189,57862735
131300,"UNIVERSITY OF CALIFORNIA, DAVIS",CA,956168558,Public,4902,5128,18552585,14577,18525843,3229,3358,12490577,9252,12457463,1824,2163,52644300,4752,38725914,2074,2216,51330425,6213,51218233,1095,1378,46564162,2914,35174082
131400,"UNIVERSITY OF CALIFORNIA, IRVINE",CA,926970001,Public,4309,4309,18480049,12704,17908340,3836,3838,15319659,11375,15052893,1579,1996,36129448,5631,35975388,2103,2131,51985611,6453,51008421,1009,1021,33610845,3039,32677279
131500,"UNIVERSITY OF CALIFORNIA, LOS ANGELES",CA,900959000,Public,4725,5285,21376042,13680,20448225,4216,4769,17307805,12533,16638906,3183,4153,76905894,8743,70136309,2177,2403,58176566,6539,55087928,1955,2830,89669576,6150,77467203
131600,"UNIVERSITY OF CALIFORNIA, RIVERSIDE",CA,925210209,Public,4451,5113,21026217,12600,17640021,3938,4516,15249846,11346,13663162,588,644,15653643,1637,13593199,999,1041,22510847,2945,21963322,395,432,11483411,1067,9878893
131700,"UNIVERSITY OF CALIFORNIA, SAN DIEGO",CA,920930013,Public,6657,7437,28583233,20021,28164078,5034,5763,17871910,15383,17361775,1092,1466,26144741,3440,26105451,1998,2849,51194298,8059,50955283,644,971,17684864,2236,17627004
131900,"UNIVERSITY OF CALIFORNIA, SAN FRANCISCO",CA,941430402,Public,,,,,,,,,,,844,1181,32247713,2555,21422108,,,,,,416,619,13388381,1352,10156338
132000,"UNIVERSITY OF CALIFORNIA, SANTA BARBARA",CA,931062030,Public,2848,3574,10979646,8045,10921254,2618,3197,10513138,7837,10462181,151,226,2147948,401,2147948,1209,1439,29744540,3973,29593743,74,97,1871496,262,1871496
132100,"UNIVERSITY OF CALIFORNIA, SANTA CRUZ",CA,950640001,Public,3552,3795,15243409,10291,15200875,3262,3491,12334395,9372,12254110,142,153,2320596,414,2313343,1322,1363,31631475,3826,31465636,37,45,863176,110,863176
132200,UNIVERSITY OF REDLANDS,CA,923730999,Private-Nonprofit,909,939,4001766,1725,3868929,1073,1101,4109174,2013,3930155,657,683,12776961,1346,10240958,219,247,5240219,421,5240219,139,170,4081542,299,3471848
132500,UNIVERSITY OF SAN FRANCISCO,CA,941171080,Private-Nonprofit,2054,2089,9204146,3856,9171646,2163,2226,7220192,4103,7190192,1651,1833,32446696,3150,32068446,752,1029,25961642,1721,25922052,1332,2258,44652919,3352,44231196
132600,SANTA CLARA UNIVERSITY,CA,950534956,Private-Nonprofit,833,1079,3663942,2580,3640329,1241,1574,5549928,3831,5509922,921,980,17548129,2137,17264533,318,334,13218200,898,13136073,613,897,25340259,1629,24969462
132800,UNIVERSITY OF SOUTHERN CALIFORNIA,CA,900890001,Private-Nonprofit,3930,7149,17187293,7334,17180918,3529,6345,10311810,6547,10310310,8382,17389,201255147,17496,201150397,1844,3209,75134400,3252,75094442,6163,12615,280447654,12663,280389359
132900,UNIVERSITY OF THE PACIFIC,CA,952110197,Private-Nonprofit,1018,1139,4489894,1932,4432071,980,1087,3465410,1883,3402656,2348,3287,64179900,5726,63338598,394,463,11290004,801,11097787,1928,3227,101354877,5547,101051633
133400,VENTURA COLLEGE,CA,930033872,Public,138,144,484333,258,476458,104,109,469608,197,466108,,,,,,6,8,93138,16,93138,,,,,
133500,VICTOR VALLEY COMMUNITY COLLEGE,CA,923955850,Public,100,102,351124,195,351124,93,95,342250,182,342250,,,,,,,,,,,,,,,
133800,WEST VALLEY COLLEGE,CA,950705697,Public,32,35,119375,105,114875,30,34,151206,99,147206,,,,,,,,,,,,,,,
133900,CORBAN UNIVERSITY,OR,973179392,Private-Nonprofit,249,305,1119591,555,1115091,274,310,976580,567,962348,69,69,1043539,157,1033706,57,63,1103938,110,1103938,7,8,104591,21,104591
134100,WESTMONT COLLEGE,CA,931081099,Private-Nonprofit,437,453,1896486,829,1896486,566,592,2281258,1091,2281258,,,,,,161,165,4350125,312,4350125,,,,,
134200,WHITTIER COLLEGE,CA,906084413,Private-Nonprofit,292,299,1267082,548,1230465,342,357,1299894,659,1273886,21,22,384132,42,351332,80,87,1643527,166,1604522,,,,,
134300,WOODBURY UNIVERSITY,CA,915041052,Private-Nonprofit,425,441,1931540,817,1931540,398,426,1708575,793,1708575,41,47,825625,103,794875,184,202,4185102,364,4185102,31,40,492900,82,487325
134400,YUBA COLLEGE,CA,959017699,Public,57,57,228124,108,216124,55,55,298232,105,286982,,,,,,,,,,,,,,,
134500,ADAMS STATE UNIVERSITY,CO,811022373,Public,442,523,1686446,803,1686446,395,470,1561305,729,1561305,818,873,12486764,1887,12486764,74,79,1063799,138,1057107,114,116,1953736,261,1953736
134600,ARAPAHOE COMMUNITY COLLEGE,CO,801609002,Public,1064,1073,3469012,1718,3078107,1077,1082,5124909,1741,4555573,,,,,,8,8,82064,13,75564,,,,,
134700,COLORADO COLLEGE,CO,809033294,Private-Nonprofit,279,279,1124323,533,1117938,422,427,1850498,827,1849498,3,3,38986,6,38986,57,64,1836469,110,1836469,,,,,
134800,COLORADO SCHOOL OF MINES,CO,804011887,Public,1153,1195,4934015,2217,4929015,1647,1704,6900417,3169,6881302,254,277,4170699,412,4098949,642,721,19731838,1280,19712011,71,79,1634891,130,1598432
134900,UNIVERSITY OF NORTHERN COLORADO,CO,806390001,Public,1632,1702,6568717,2993,6365534,1882,2020,8019330,3583,7794735,979,1110,15389669,1788,14821010,813,883,13402049,1546,13109956,532,712,7398463,1112,7166780
135000,COLORADO STATE UNIVERSITY,CO,805230100,Public,5189,5490,21430426,9705,21430426,6427,6822,27507160,12207,27507160,1642,2016,37622665,3248,34788905,2389,2916,62140815,4909,62140815,568,839,14132236,1243,13083876
135200,DENVER SEMINARY,CO,801202192,Private-Nonprofit,,,,,,,,,,,183,191,2574438,343,2574438,,,,,,14,14,175955,22,175955
135300,FORT LEWIS COLLEGE,CO,813013999,Public,700,818,2770381,1311,2706327,685,791,2728735,1319,2692062,40,52,531775,73,521525,184,199,2811755,342,2786648,1,1,3800,2,3800
135400,ILIFF SCHOOL OF THEOLOGY,CO,802104798,Private-Nonprofit,,,,,,,,,,,33,33,595577,82,537496,,,,,,8,8,156696,20,145184
135500,LAMAR COMMUNITY COLLEGE,CO,810523999,Public,33,33,107183,63,105433,35,35,117347,68,114347,,,,,,5,5,47819,10,47819,,,,,
135800,COLORADO MESA UNIVERSITY,CO,815013122,Public,1961,2095,7373816,3470,7014008,2322,2438,10351288,4099,9860637,183,203,3173522,393,3087204,759,829,10610855,1461,10277419,107,137,2430276,271,2406240
135900,COLORADO NORTHWESTERN COMMUNITY COLLEGE,CO,816483598,Public,133,133,461308,243,461308,165,165,793733,301,793733,,,,,,11,11,181690,25,181690,,,,,
136000,METROPOLITAN STATE UNIVERSITY OF DENVER,CO,802043362,Public,4284,4498,17045693,7220,16326997,4434,4645,23149243,7447,22185816,668,753,10777899,1212,10477026,171,196,2978898,308,2933807,49,68,712637,95,708795
136100,NORTHEASTERN JUNIOR COLLEGE,CO,807512399,Public,189,189,594738,352,591238,188,192,657915,367,649529,,,,,,26,29,243359,55,243359,,,,,
136200,OTERO COLLEGE,CO,810503346,Public,136,136,457760,251,457760,124,124,550965,222,550965,,,,,,8,9,87250,17,87250,,,,,
136300,REGIS UNIVERSITY,CO,802211099,Private-Nonprofit,813,927,3527446,1492,3220114,848,973,4189220,1571,3683506,783,1066,19946088,1370,12335320,134,158,3050268,260,2988242,375,564,13831567,731,8437894
136500,COLORADO STATE UNIVERSITY-PUEBLO,CO,810014901,Public,951,969,3596484,1635,3594734,913,934,3968302,1576,3964903,225,255,3534466,400,3485695,82,92,1256229,156,1256229,29,35,379881,50,379881
136800,TRINIDAD STATE COLLEGE,CO,810822396,Public,174,174,585512,332,546454,172,172,806786,316,734027,,,,,,10,10,117909,24,117909,,,,,
137000,UNIVERSITY OF COLORADO BOULDER,CO,803090017,Public,5068,5381,21386025,9845,21354768,7217,7519,30404541,13835,30368607,1181,1317,20662198,2353,20651948,2131,2572,73517955,4303,73382537,508,701,12170864,1144,12170864
137100,UNIVERSITY OF DENVER,CO,802082000,Private-Nonprofit,1180,1235,5041508,3344,4951942,1590,1683,6383317,4558,6247678,3319,3711,62414285,9404,59379516,385,492,12406120,1203,12245387,1742,2790,68717251,6124,65883832
137200,WESTERN COLORADO UNIVERSITY,CO,812310000,Public,338,406,1359445,667,1347590,438,502,2130760,868,2113760,168,184,2655574,314,2617825,147,152,2040655,287,2040655,28,28,333947,52,329947
137400,ALBERTUS MAGNUS COLLEGE,CT,065111189,Private-Nonprofit,830,923,3388192,2025,3383174,873,1005,3925906,2176,3921420,190,203,3330708,482,3310209,126,130,2051791,241,2051791,16,16,237799,36,237799
137800,CENTRAL CONNECTICUT STATE UNIVERSITY,CT,060502490,Public,3086,3169,12267870,5641,12264995,3500,3619,14001012,6512,14001012,681,733,10319317,1253,10319317,496,602,7241523,1005,7241523,81,100,2460856,178,2460856
137900,CONNECTICUT COLLEGE,CT,063204196,Private-Nonprofit,451,451,1978559,912,1978559,592,592,2340395,1181,2340395,,,,,,98,107,3076335,218,3076335,,,,,
138000,WESTERN CONNECTICUT STATE UNIVERSITY,CT,068106826,Public,1433,1457,5492722,2614,5492722,1685,1700,6763752,3154,6763752,258,265,3903621,454,3903621,316,350,3974153,598,3974153,25,30,189140,35,189140
138500,FAIRFIELD UNIVERSITY,CT,068245171,Private-Nonprofit,879,879,3901215,1744,3901215,1812,1839,8667799,3626,8667799,544,548,9431214,996,9420964,340,401,12573422,676,12573422,112,156,2439989,220,2439989
138700,HARTFORD INTERNATIONAL UNIVERSITY FOR RELIGION AND PEACE,CT,061052279,Private-Nonprofit,,,,,,,,,,,26,26,392750,43,392750,,,,,,,,,,
138900,HOLY APOSTLES COLLEGE & SEMINARY,CT,064162027,Private-Nonprofit,64,64,180336,127,180336,39,39,146061,74,146061,62,62,354300,126,354300,,,,,,,,,,
139300,MITCHELL COLLEGE,CT,063204498,Private-Nonprofit,218,244,909932,438,906140,244,260,852262,484,848107,,,,,,78,88,1691888,164,1691888,,,,,
139700,UNIVERSITY OF NEW HAVEN,CT,065161999,Private-Nonprofit,2559,2735,10820481,5027,10801231,3153,3483,11141833,6367,11141833,758,851,12562439,1343,12562439,999,1035,26282114,1908,26282114,132,145,2034530,235,2034530
140100,POST UNIVERSITY,CT,067233240,Proprietary,15944,18462,56884916,42133,38852248,15982,18261,89082205,41929,60258106,802,943,11781998,2137,8523697,151,160,2458721,334,2328193,39,44,562120,102,403234
140200,QUINNIPIAC UNIVERSITY,CT,065181908,Private-Nonprofit,2532,2595,10875953,4995,10873211,3655,3831,14284009,7405,14280502,1571,1966,39206292,3146,33976508,980,1076,29922224,1990,29911341,616,936,19187432,1258,16747123
140300,SACRED HEART UNIVERSITY,CT,068251000,Private-Nonprofit,2565,2619,11073868,5026,11060530,3794,3932,14863880,7562,14844798,1262,1663,21757551,2965,21071179,969,1268,32058950,1977,32058950,274,375,6634713,659,6634713
140600,SOUTHERN CONNECTICUT STATE UNIVERSITY,CT,065151355,Public,3093,3137,12600749,5603,12559706,3098,3319,12038829,5984,11908741,1063,1082,16813924,1902,16809174,532,659,8284168,1080,8279168,65,73,796338,124,796338
140900,UNIVERSITY OF SAINT JOSEPH,CT,061172791,Private-Nonprofit,451,482,2017926,870,2017345,625,673,2809876,1234,2802376,535,655,12023958,940,9871710,109,115,2367517,200,2356876,173,237,6480058,317,4480212
141400,TRINITY COLLEGE,CT,061063100,Private-Nonprofit,313,313,1366732,603,1366732,680,685,3357454,1339,3357454,5,5,89069,9,71986,98,105,3865167,186,3865167,,,,,
141600,UNIVERSITY OF BRIDGEPORT,CT,066045650,Private-Nonprofit,1132,1247,4456872,2360,3931066,1191,1330,5585385,2518,4817016,631,828,14861804,1106,11277542,144,180,2786279,282,2770888,193,272,5665287,348,3969828
141700,UNIVERSITY OF CONNECTICUT,CT,062692151,Public,7589,7947,32321296,14795,32305796,9098,9730,34630137,18139,34621387,2173,3089,48487341,5303,48470300,2423,3063,61565799,5086,61548746,564,833,13038821,1235,13038821
142200,UNIVERSITY OF HARTFORD,CT,061171599,Private-Nonprofit,2108,2126,8985534,4005,8921417,2564,2714,9288528,5108,9210263,803,970,13727359,1506,13410685,651,757,15094268,1319,15075335,149,198,3269169,298,3263139
142400,WESLEYAN UNIVERSITY,CT,064593208,Private-Nonprofit,82,83,285252,157,285252,199,343,1022296,666,1022296,2,4,29223,7,29223,87,97,3703160,167,3703160,,,,,
142500,EASTERN CONNECTICUT STATE UNIVERSITY,CT,062262295,Public,1320,1373,5384183,2476,5373209,1765,1882,7036117,3459,7010117,100,111,1286386,152,1240864,319,399,4465717,628,4465717,,,,,
142600,YALE UNIVERSITY,CT,065208229,Private-Nonprofit,147,147,616484,255,616484,304,306,1517132,553,1517132,1589,1651,31687380,3478,31679535,168,170,6323560,319,6323560,968,1067,37969915,2250,37893576
142800,DELAWARE STATE UNIVERSITY,DE,199012277,Public,2284,2423,9098457,4428,9098457,2381,2839,8390129,5134,8390129,377,422,6432868,703,6432868,994,1186,23517412,2176,23469439,62,80,1158359,129,1158359
142900,GOLDEY-BEACOM COLLEGE,DE,198081993,Private-Nonprofit,250,251,880956,435,877950,284,296,1092830,529,1086734,54,54,895636,111,879838,44,44,478142,83,478142,5,5,31887,13,31887
143100,UNIVERSITY OF DELAWARE,DE,197160099,Public,6017,6278,25460347,11765,25409333,8989,9573,36589424,18040,36496272,554,1026,9234424,1166,9234424,1785,2144,52204691,3857,52118264,109,171,1947587,236,1902239
143400,AMERICAN UNIVERSITY (THE),DC,200168020,Private-Nonprofit,2244,2396,9744962,4373,9723962,2658,2890,8920481,5261,8906731,2485,4301,49006548,5077,49006548,761,1131,28523457,1607,28523457,1085,1854,41680828,2417,41680828
143600,CAPITOL TECHNOLOGY UNIVERSITY,MD,207089759,Private-Nonprofit,152,152,618349,272,605829,158,158,608505,279,594985,342,342,5665032,815,5144055,48,48,833545,88,803541,81,81,2442228,175,2291376
143700,CATHOLIC UNIVERSITY OF AMERICA (THE),DC,200640002,Private-Nonprofit,998,1025,4220025,1917,4220025,1410,1473,5801297,2793,5801297,510,545,9425986,976,9371315,265,296,7740683,512,7740683,281,400,9884328,653,9884328
144100,UNIVERSITY OF THE DISTRICT OF COLUMBIA,DC,200081175,Public,679,702,2440623,1143,2284316,596,615,2978763,991,2776982,262,279,5028198,499,4886411,6,6,70740,9,66344,134,192,3565915,321,3211102
144300,GALLAUDET UNIVERSITY,DC,200023695,Private-Nonprofit,269,314,1147597,489,1080595,285,320,1131135,519,1078651,189,213,3521391,348,3353730,24,25,377280,45,348430,53,54,1069382,110,1020819
144400,GEORGE WASHINGTON UNIVERSITY,DC,200522353,Private-Nonprofit,2979,2989,13051713,5795,13030725,3251,3347,11281377,6458,11240036,4846,5142,109646488,9033,109533797,786,912,29254851,1575,29251074,2587,3644,98553492,5763,98230553
144500,GEORGETOWN UNIVERSITY,DC,200571252,Private-Nonprofit,1000,1000,3940665,1923,3875632,621,621,2896673,1189,2848051,4010,4150,90391697,7772,86985872,322,331,15988921,645,15880705,3206,3356,153953503,6659,146669365
144800,HOWARD UNIVERSITY,DC,200590001,Private-Nonprofit,5226,6156,23486223,11974,23317358,5603,6042,17548447,11752,17343991,2359,2672,60392613,5178,60008831,3380,3546,106734546,6888,105041166,2051,2355,90945325,4754,89799668
145900,STRAYER UNIVERSITY,DC,200052603,Proprietary,26431,36508,117511182,73323,88493108,26693,33879,160957646,70051,123102907,4502,5560,81605566,12019,62671694,33,43,259421,83,206418,212,263,2805200,490,2276359
146000,TRINITY WASHINGTON UNIVERSITY,DC,200171004,Private-Nonprofit,712,776,2564488,1387,2550321,644,717,2526671,1275,2507005,221,257,3709931,505,3696264,34,45,415473,61,415473,7,7,78228,14,78228
146400,WESLEY THEOLOGICAL SEMINARY,DC,200165690,Private-Nonprofit,,,,,,,,,,,50,59,556211,84,552211,,,,,,5,9,69341,12,69341
146600,BARRY UNIVERSITY,FL,331616628,Private-Nonprofit,1228,1341,4825221,2165,4616945,1296,1499,4281492,2425,4071301,2692,4365,67511436,5840,60869301,199,278,2845550,398,2845550,1508,2779,61409892,3467,57178690
146700,BETHUNE COOKMAN UNIVERSITY,FL,321143099,Private-Nonprofit,2180,2193,8753334,4066,8465091,2083,2407,6432352,4445,6146527,85,90,1643977,159,1461404,451,473,4650344,911,4499981,8,8,92553,16,92553
146800,SAINT THOMAS UNIVERSITY,FL,330540000,Private-Nonprofit,1352,1367,4692209,2638,4674788,1381,1508,4181347,2901,4158032,2706,2793,47564847,9794,47207253,307,360,4587739,619,4587739,885,1391,35562628,2985,35442215
146900,FLORIDA INSTITUTE OF TECHNOLOGY,FL,329016988,Private-Nonprofit,1551,1785,6331552,3629,6288848,1731,1971,6840836,3985,6796670,2110,2273,33818118,4480,27134931,658,730,20148498,1270,19687638,180,227,3240747,397,2808888
147000,EASTERN FLORIDA STATE COLLEGE,FL,329226503,Public,2144,2339,6736712,3866,6477194,1994,2210,9030107,3632,8657948,,,,,,10,10,74048,18,73142,,,,,
147100,COLLEGE OF CENTRAL FLORIDA,FL,344744415,Public,923,931,2788493,1589,2704150,979,990,4365066,1695,4257120,,,,,,9,9,53477,18,49015,,,,,
147500,DAYTONA STATE COLLEGE,FL,321142800,Public,2204,2360,7437237,3988,7042913,2144,2398,9500228,4025,8935529,,,,,,24,27,217901,48,201028,,,,,
147700,FLORIDA SOUTHWESTERN STATE COLLEGE,FL,339195566,Public,1407,1425,4575156,2287,4177978,1192,1216,5488920,1949,5020694,,,,,,20,22,190190,38,171778,,,,,
147800,EDWARD WATERS UNIVERSITY,FL,322096199,Private-Nonprofit,713,721,2613691,1320,2560276,712,791,2629396,1437,2573638,94,96,1510476,194,1450941,97,98,942850,185,922107,16,17,129183,39,129183
147900,EMBRY-RIDDLE AERONAUTICAL UNIVERSITY,FL,321143900,Private-Nonprofit,4056,4895,16991464,9163,16831371,4713,5827,18759259,10688,18566461,825,921,12288578,2341,11917538,1433,2455,58015828,3445,58011613,96,127,1302758,240,1292861
148000,FLORIDA AGRICULTURAL & MECHANICAL UNIVERSITY,FL,323073100,Public,3715,3737,16291984,7097,15942252,3583,3608,12773420,6813,12553715,863,994,16145028,2053,15870369,1083,1209,18554031,2642,18251542,366,426,8212719,843,8146187
148100,FLORIDA ATLANTIC UNIVERSITY,FL,334316498,Public,4996,5166,21179386,8971,21173886,5524,5927,22361193,9820,22351443,2037,2346,36899442,3640,34946279,747,948,16989471,1543,16986471,275,357,4341617,475,4032999
148200,FLORIDA COLLEGE,FL,336175578,Private-Nonprofit,192,192,788453,345,740454,236,245,923227,441,864946,,,,,,92,95,1584907,167,1509150,,,,,
148400,FLORIDA STATE COLLEGE AT JACKSONVILLE,FL,322024030,Public,5058,5497,17382277,9774,17380319,4526,4903,22157433,8748,22154433,,,,,,32,50,427979,90,427979,,,,,
148500,COLLEGE OF THE FLORIDA KEYS (THE),FL,330404397,Public,191,193,782701,326,697535,171,173,881841,292,781930,,,,,,7,7,123000,12,112333,,,,,
148600,FLORIDA MEMORIAL UNIVERSITY,FL,330546199,Private-Nonprofit,812,812,3337304,1507,3292054,822,822,2783643,1532,2743643,21,21,385512,40,365012,236,236,3896216,464,3862525,5,5,90735,10,90735
148700,ECKERD COLLEGE,FL,337114744,Private-Nonprofit,624,634,2812514,1206,2812514,758,763,2602299,1463,2602299,,,,,,283,305,7869959,532,7869959,,,,,
148800,FLORIDA SOUTHERN COLLEGE,FL,338015698,Private-Nonprofit,1192,1286,5125240,2315,5125240,1438,1580,5161102,2882,5157352,251,398,5165208,541,5165208,421,502,9057171,838,9057171,92,207,2649558,212,2649558
148900,FLORIDA STATE UNIVERSITY,FL,323061470,Public,3917,7249,16764283,7296,16764283,5256,9967,24908371,10049,24902653,4203,8574,80495622,8710,80491622,691,1284,10914234,1356,10914234,810,1515,14351373,1682,14351373
149000,GULF COAST STATE COLLEGE,FL,324011058,Public,342,347,1038613,519,1017221,306,309,1171871,495,1145024,,,,,,12,12,137133,19,137133,,,,,
149300,INDIAN RIVER STATE COLLEGE,FL,349815596,Public,468,510,1658364,912,1639494,317,350,1053556,632,1049556,,,,,,12,14,133624,27,133624,,,,,
149500,JACKSONVILLE UNIVERSITY,FL,322113394,Private-Nonprofit,991,1019,4269860,1812,4120206,1195,1218,5034188,2181,4828480,694,734,12888923,1512,11874358,306,371,7788568,598,7614382,247,334,9085438,657,8838989
150000,BROWARD COLLEGE,FL,333012298,Public,3322,3421,11291404,5571,10688477,2727,2797,12018044,4555,11408069,,,,,,29,35,280676,63,270180,,,,,
150100,FLORIDA GATEWAY COLLEGE,FL,320252007,Public,474,489,1626969,768,1562609,422,474,1343282,723,1291427,,,,,,3,4,39655,8,39655,,,,,
150200,LAKE-SUMTER STATE COLLEGE,FL,347888751,Public,558,558,1850741,910,1757927,235,235,1237594,402,1163735,,,,,,6,6,39066,11,39066,,,,,
150400,"STATE COLLEGE OF FLORIDA, MANATEE-SARASOTA",FL,342073596,Public,620,632,2016830,1102,1953049,577,590,2257515,1032,2130085,,,,,,13,14,134886,23,111793,,,,,
150500,LYNN UNIVERSITY,FL,334315598,Private-Nonprofit,834,919,3400882,1569,3361007,895,976,3244824,1681,3180391,256,263,4570683,471,4389167,349,369,11803914,680,11744655,46,46,1466971,112,1350710
150600,MIAMI DADE COLLEGE,FL,331322297,Public,418,418,976186,507,873933,395,395,1053906,480,937777,,,,,,11,11,67382,19,67382,,,,,
150900,NOVA SOUTHEASTERN UNIVERSITY,FL,333147796,Private-Nonprofit,2648,3429,11766072,5468,11286362,2885,3668,11830948,5888,11318994,9732,16731,292664193,22720,279881616,916,1241,22372607,1956,21990514,7472,13870,365090091,18596,349337602
151000,NORTHWEST FLORIDA STATE COLLEGE,FL,325781295,Public,296,303,1052043,513,914287,247,254,1186569,429,1042545,,,,,,,,,,,,,,,
151200,PALM BEACH STATE COLLEGE,FL,334614796,Public,3273,3741,10703172,6594,9054195,2770,3059,11418821,5470,9690414,,,,,,16,18,279650,32,202107,,,,,
151300,PENSACOLA STATE COLLEGE,FL,325048998,Public,947,1041,3263227,1958,3238727,838,1062,3428047,2010,3402947,,,,,,12,12,145635,20,136722,,,,,
151400,POLK STATE COLLEGE,FL,338814256,Public,827,827,2834383,1375,2709344,795,796,3684893,1342,3503397,,,,,,6,6,25243,8,25243,,,,,
151500,ROLLINS COLLEGE,FL,327894499,Private-Nonprofit,813,872,3489581,1602,3489581,1000,1057,3747299,1959,3747299,188,200,3478208,383,3420128,209,235,5773306,421,5773306,57,66,1430015,128,1318029
151900,SANTA FE COLLEGE,FL,326066200,Public,1416,1881,4438201,4068,4015644,1015,1192,3556981,2750,3133992,,,,,,24,25,198614,40,195364,,,,,
152000,SEMINOLE STATE COLLEGE OF FLORIDA,FL,327736199,Public,2041,2203,6758862,4008,6374342,1743,1880,7580601,3432,7162454,,,,,,22,25,260573,48,260573,,,,,
152100,SOUTHEASTERN UNIVERSITY,FL,338016099,Private-Nonprofit,2265,2405,8986459,4191,8562599,2326,2475,8985541,4408,8522251,598,613,9699338,1290,8552914,324,373,6070591,638,5938362,77,81,1246788,197,1164474
152200,SOUTH FLORIDA STATE COLLEGE,FL,338259399,Public,173,183,597904,304,529030,160,166,570098,272,505600,,,,,,,,,,,,,,,
152300,SAINT JOHNS RIVER STATE COLLEGE,FL,321773897,Public,503,527,1657133,880,1597177,549,571,2471806,950,2350992,,,,,,6,9,47375,16,45756,,,,,
152600,SAINT LEO UNIVERSITY,FL,335746665,Private-Nonprofit,2121,2397,8650931,5425,7179212,2181,2478,11051691,5576,8898114,820,1043,17711608,2433,12950026,200,228,3356148,426,3314741,164,209,4635693,495,3247557
152800,ST. PETERSBURG COLLEGE,FL,337603768,Public,3819,4232,12644582,6336,12634515,3608,4018,17105651,5933,17092828,,,,,,14,15,147434,24,147434,,,,,
153100,STETSON UNIVERSITY,FL,327233761,Private-Nonprofit,928,942,3826245,1753,3789745,927,983,2914593,1833,2883961,843,1106,16894391,1827,16481787,291,309,6202083,554,6145066,650,968,18942044,1510,18592896
153300,TALLAHASSEE STATE COLLEGE,FL,323042895,Public,2585,2834,7649928,5540,7188693,2330,2587,7542651,5026,7157889,,,,,,138,144,1599095,286,1551874,,,,,
153500,UNIVERSITY OF FLORIDA,FL,326113150,Public,2266,2420,9541277,4078,9529214,3607,3914,18701820,6759,18665649,5622,8065,127289704,13927,127238195,906,1033,15541124,1824,15502624,2267,3466,42442834,5157,42440078
153600,UNIVERSITY OF MIAMI,FL,331466531,Private-Nonprofit,2673,2719,11572009,4955,11572009,2736,2841,9896809,5212,9896809,2847,3112,63534024,5571,63458860,884,1097,34652185,1758,34652185,2472,3495,116875956,5795,116619838
153700,UNIVERSITY OF SOUTH FLORIDA,FL,336206960,Public,6234,11799,25998385,11818,25997546,7073,13712,32159458,13740,32159458,3526,6918,72420935,7460,67567773,888,1104,12712567,1665,12712567,669,1037,13812346,1436,12296455
153800,UNIVERSITY OF TAMPA (THE),FL,336061490,Private-Nonprofit,2744,3329,11885071,5641,11883237,3981,4391,15594119,7725,15590369,318,383,5494479,648,5485895,1746,1949,50727666,3310,50692237,139,159,6303760,328,6303760
154000,WEBBER INTERNATIONAL UNIVERSITY,FL,338270096,Private-Nonprofit,913,924,3671898,1641,3494322,888,923,2752043,1642,2599210,35,36,508781,70,460948,296,320,5427268,592,5185834,3,3,70359,8,70359
154100,ABRAHAM BALDWIN AGRICULTURAL COLLEGE,GA,317932601,Public,540,552,2020520,1024,1941993,627,657,2441904,1215,2351260,,,,,,115,128,959380,239,931630,,,,,
154200,AGNES SCOTT COLLEGE,GA,300303770,Private-Nonprofit,378,379,1629455,712,1622455,404,431,1249544,810,1241044,233,239,3684442,460,3677609,115,137,2375277,231,2375277,108,147,2070042,224,2048512
154400,ALBANY STATE UNIVERSITY,GA,317052796,Public,4086,4127,15612006,7631,14514664,3941,3971,13871876,7282,12740795,508,522,8317138,1020,6991067,461,542,5307402,1018,5023008,33,33,455810,68,410270
154500,ANDREW COLLEGE,GA,398401395,Private-Nonprofit,341,345,1084979,616,1082729,360,435,1197068,780,1194068,,,,,,96,101,900763,184,900763,,,,,
154700,POINT UNIVERSITY,GA,318331200,Private-Nonprofit,373,378,1438071,680,1352645,364,372,1393718,671,1313206,32,32,504595,68,440548,88,91,1361541,169,1305812,1,1,15086,2,15086
155400,BERRY COLLEGE,GA,301495007,Private-Nonprofit,555,560,2215695,1066,2212945,736,760,2787642,1446,2784142,27,27,401882,51,401882,213,220,3767144,400,3767144,,,,,
155500,THOMAS UNIVERSITY,GA,317927499,Private-Nonprofit,467,480,1892192,824,1753399,465,491,2352964,843,2191049,577,579,10306230,1244,8854100,25,25,324289,42,300599,46,49,777972,96,726232
155600,BRENAU UNIVERSITY,GA,305013668,Private-Nonprofit,617,617,2380158,1079,2358834,683,689,3002754,1245,2974579,1149,1152,21052921,2081,20947338,57,62,789658,113,789658,602,856,17267819,1389,17264173
155700,BREWTON PARKER COLLEGE,GA,304450000,Private-Nonprofit,430,430,1625404,804,1604686,422,422,1430583,788,1397667,7,7,68588,14,68588,102,102,1239951,206,1221200,,,,,
155800,COLLEGE OF COASTAL GEORGIA,GA,315203644,Public,906,927,3457986,1565,3128908,904,954,3967689,1624,3564334,,,,,,92,97,748260,168,693175,,,,,
155900,CLARK ATLANTA UNIVERSITY,GA,303144385,Private-Nonprofit,2993,2993,12388437,5558,12373437,2933,2933,9049992,5459,9026924,455,456,7969184,840,7949534,2240,2416,72705697,4417,72705697,262,326,4587634,542,4577842
156000,COLUMBIA THEOLOGICAL SEMINARY,GA,300300000,Private-Nonprofit,,,,,,,,,,,21,21,349550,42,346550,,,,,,6,6,105189,14,105189
156100,COLUMBUS STATE UNIVERSITY,GA,319075645,Public,2074,2263,8250310,3679,7814651,2064,2284,8670943,3796,8164455,905,1099,13469833,1570,12776132,221,266,2702691,431,2645933,69,87,826241,116,788371
156300,EMMANUEL UNIVERSITY,GA,306390000,Private-Nonprofit,297,297,1149718,572,1139557,376,417,1449266,792,1437268,38,38,394750,70,340256,171,171,2236257,333,2230061,,,,,
156400,EMORY UNIVERSITY,GA,303221960,Private-Nonprofit,370,400,1532961,651,1526211,524,554,2520029,947,2507279,3106,3235,72085667,5621,72034417,257,299,10103662,526,9958389,2067,3287,90595204,4648,90479535
156600,FORT VALLEY STATE UNIVERSITY,GA,310303298,Public,1811,1836,7059013,3323,6657553,1742,1810,6103762,3254,5722529,132,132,2183039,213,1885554,405,430,4288307,741,4058407,17,17,189320,20,178835
156800,INTERDENOMINATIONAL THEOLOGICAL CENTER,GA,303144143,Private-Nonprofit,,,,,,,,,,,36,36,599649,63,599649,,,,,,2,2,75000,4,75000
156900,GEORGIA INSTITUTE OF TECHNOLOGY,GA,303320325,Public,2144,2395,9277961,4083,9171640,2527,2790,10694738,4782,10588349,1261,1541,20144049,2311,19692191,968,1057,17073870,1815,16916084,490,605,6240389,928,6143411
157100,GEORGIA MILITARY COLLEGE,GA,310613398,Public,1836,2466,5693937,5444,5552724,1490,2020,5697774,4459,5450804,,,,,,45,55,453555,130,440270,,,,,
157200,GEORGIA SOUTHERN UNIVERSITY,GA,304588065,Public,6629,7166,26667420,12315,25599735,7104,7722,27319970,13485,26342583,2202,2769,30569556,4200,29902564,1097,1270,14217803,2126,13964922,259,331,2835173,398,2799711
157300,GEORGIA SOUTHWESTERN STATE UNIVERSITY,GA,317094693,Public,1004,1042,3800258,1800,3610022,987,1090,4282518,1872,4025236,328,448,4408608,689,4212273,106,121,682433,200,660733,,,,,
157400,GEORGIA STATE UNIVERSITY,GA,303033010,Public,14708,15671,58922926,25492,56023439,13318,14429,56589685,23258,53558218,2976,3475,55116834,5430,49387853,1001,1245,18625799,1968,18376025,563,764,11146975,1110,10901386
157500,GORDON STATE COLLEGE,GA,302041762,Public,943,977,3349004,1675,3167228,865,918,3218675,1596,3063388,,,,,,53,57,506742,109,494458,,,,,
157700,KENNESAW STATE UNIVERSITY,GA,301445591,Public,10405,11550,39864002,19370,39862252,11356,12328,42735821,20974,42732071,2285,2682,33104541,4038,33104541,1374,1610,18769207,2713,18769207,287,353,3821662,441,3821662
157800,LAGRANGE COLLEGE,GA,302402999,Private-Nonprofit,357,357,1333315,640,1314940,411,446,1436537,804,1416912,174,174,2480047,361,2420079,100,101,1373261,180,1373261,20,20,480703,43,480703
157900,AUGUSTA UNIVERSITY,GA,309090004,Public,1660,1715,6575505,3041,6480161,1699,1794,6784908,3195,6697717,3004,3338,69356975,6008,68970190,316,364,3952858,614,3929552,1152,1470,26156753,2716,25904010
158000,MERCER UNIVERSITY,GA,312070001,Private-Nonprofit,2174,2434,8603626,4296,8437063,2505,2830,11465271,5005,11187198,3150,3532,72831779,6709,69758304,344,434,6495243,732,6495243,1275,1626,32916132,3329,31071601
158100,MIDDLE GEORGIA STATE UNIVERSITY,GA,312065145,Public,2283,2881,8538724,4167,8012255,2294,2944,10086270,4349,9364074,318,382,5168021,579,4640849,320,367,3402120,672,3257228,44,50,406910,84,353585
158200,MOREHOUSE COLLEGE,GA,303143773,Private-Nonprofit,1445,1451,6342228,2675,6162861,1630,1829,6659941,3363,6455010,,,,,,938,969,28740158,1777,28274091,,,,,
158300,MORRIS BROWN COLLEGE,GA,303144140,Private-Nonprofit,383,436,1260245,822,1217784,330,368,1347686,691,1308091,,,,,,11,12,131433,25,128933,,,,,
158500,UNIVERSITY OF NORTH GEORGIA,GA,305970001,Public,2284,2469,8356867,3989,8210039,2839,3069,12006068,5053,11745967,391,495,4764989,791,4506286,297,342,3298165,551,3262356,31,44,461709,85,461709
158600,OGLETHORPE UNIVERSITY,GA,303192737,Private-Nonprofit,405,405,1749231,760,1691731,458,458,1660886,859,1602136,10,10,184000,20,184000,133,134,2808096,251,2808096,1,1,15098,2,15098
158700,PAINE COLLEGE,GA,309013182,Private-Nonprofit,270,270,970002,493,963752,270,376,1001290,684,998290,,,,,,50,52,514026,97,514026,,,,,
158800,PIEDMONT UNIVERSITY,GA,305355644,Private-Nonprofit,603,604,2691824,1060,2584949,714,717,3242213,1263,3118327,679,679,12145554,1448,10287175,148,157,2378412,298,2309761,43,45,588523,100,563356
158900,REINHARDT UNIVERSITY,GA,301832900,Private-Nonprofit,451,451,1701322,791,1701322,556,585,1903867,1037,1903867,55,55,895586,91,895586,124,125,1943871,224,1943871,3,3,36614,6,36614
159000,SAVANNAH STATE UNIVERSITY,GA,314045298,Public,1925,2017,7263589,3727,7220597,1841,2103,5859070,3903,5840296,179,184,2850579,329,2782294,357,453,4464883,867,4439585,20,25,204949,42,176448
159100,SHORTER UNIVERSITY,GA,301654298,Private-Nonprofit,475,554,2022252,900,1781042,533,643,2275026,1070,1975647,52,64,1012949,100,831655,178,186,1613146,322,1609465,3,3,24249,5,24249
159200,SOUTH GEORGIA STATE COLLEGE,GA,315338104,Public,431,459,1551268,763,1443139,399,427,1666641,718,1545911,,,,,,24,30,187307,49,181864,,,,,
159400,SPELMAN COLLEGE,GA,303144399,Private-Nonprofit,1110,1114,4897689,2137,4897689,1146,1155,3700064,2210,3700064,,,,,,1081,1183,36667234,2168,36667234,,,,,
159600,TOCCOA FALLS COLLEGE,GA,305980001,Private-Nonprofit,433,466,1668045,948,1640634,398,444,1435066,877,1400387,37,53,507609,114,489541,75,89,995511,138,995511,,,,,
159700,TRUETT MCCONNELL UNIVERSITY,GA,305281264,Private-Nonprofit,283,283,1047231,518,1037231,363,372,1406667,684,1392417,17,17,154396,27,154396,68,69,1019395,127,1019395,,,,,
159800,UNIVERSITY OF GEORGIA,GA,306024212,Public,3316,3384,14164741,6106,14164741,5309,5421,24221234,9495,24221234,3332,3574,68407297,6652,66907054,1567,1752,24713068,3024,24713068,1500,1803,23136977,3138,21905961
159900,VALDOSTA STATE UNIVERSITY,GA,316980001,Public,2881,3103,11670040,5252,10970961,2771,3138,12294949,5374,11418770,1867,1972,26703319,3852,22996238,628,701,7007433,1174,6788339,274,300,3775034,592,3390560
160000,WESLEYAN COLLEGE,GA,312104462,Private-Nonprofit,189,189,748060,334,738560,175,185,635465,335,618558,17,17,188207,31,181374,31,32,299425,54,290812,,,,,
160100,UNIVERSITY OF WEST GEORGIA,GA,301180002,Public,2518,2666,10168542,4524,9589215,2527,2692,10254445,4631,9656555,2966,3718,42050888,5428,40006950,298,330,3720349,561,3626037,213,242,2723944,317,2610157
160200,GEORGIA COLLEGE & STATE UNIVERSITY,GA,310610490,Public,967,1060,3693260,1823,3686689,1582,1696,6555759,2998,6551259,583,691,8521403,1014,8283343,345,395,4542858,653,4507277,76,83,664746,93,639139
160400,YOUNG HARRIS COLLEGE,GA,305824137,Private-Nonprofit,272,272,1150512,506,1150512,388,392,1389552,728,1389552,5,5,31534,7,31534,86,91,1245719,158,1245719,,,,,
160500,CHAMINADE UNIVERSITY OF HONOLULU,HI,968161578,Private-Nonprofit,483,533,2110278,860,2026589,519,566,2385865,923,2280994,450,495,9262271,1191,7642880,148,167,3314084,289,3299021,119,138,2852734,337,2514864
160600,BRIGHAM YOUNG UNIVERSITY - HAWAII,HI,967621294,Private-Nonprofit,130,155,453215,250,438463,83,119,362403,152,350234,,,,,,11,17,78693,17,78693,,,,,
161000,UNIVERSITY OF HAWAII AT MANOA,HI,968222399,Public,2999,3069,12316447,5500,12316447,3398,3428,14147202,6242,14147202,883,897,16334793,1769,16334793,1764,1829,39994755,3443,39986638,465,507,8201418,1019,8201418
161100,UNIVERSITY OF HAWAII AT HILO,HI,967204091,Public,528,570,2178907,990,2178907,551,586,2467640,1016,2467640,141,152,3498594,285,3498594,51,57,898113,101,898113,82,101,1878806,176,1878806
161200,HONOLULU COMMUNITY COLLEGE,HI,968174598,Public,138,150,463649,287,463649,127,137,581157,260,581157,,,,,,2,2,19865,4,19865,,,,,
161300,KAPIOLANI COMMUNITY COLLEGE,HI,968164421,Public,294,330,909208,572,893670,266,292,1212464,512,1208721,,,,,,2,2,34747,4,34747,,,,,
161400,KAUAI COMMUNITY COLLEGE,HI,967669591,Public,31,32,107997,58,107997,30,33,135100,59,135100,,,,,,,,,,,,,,,
161500,UNIVERSITY OF HAWAII MAUI COLLEGE,HI,967321644,Public,112,113,395014,210,391014,88,89,411480,165,408480,,,,,,1,1,28176,2,28176,,,,,
161600,BOISE STATE UNIVERSITY,ID,837251000,Public,4208,4480,17005132,7620,16998882,5131,5579,23865708,9517,23857208,1091,1328,16541901,2038,16541901,805,879,18856950,1522,18856950,89,119,1231741,163,1231741
161700,COLLEGE OF IDAHO (THE),ID,836054432,Private-Nonprofit,291,294,1224439,564,1220439,373,375,1369442,719,1361200,16,16,199395,17,116266,68,71,1097318,131,1085184,3,3,44368,3,14792
161900,COLLEGE OF SOUTHERN IDAHO,ID,833033398,Public,232,244,779292,434,777035,132,139,588959,237,588959,,,,,,2,2,26149,4,26149,,,,,
162000,IDAHO STATE UNIVERSITY,ID,832095377,Public,1995,2053,7960084,3413,7960084,1758,1805,8255189,2977,8255189,930,1264,18741330,1998,18741330,73,77,1119837,146,1119837,270,452,7180035,662,7180035
162100,LEWIS-CLARK STATE COLLEGE,ID,835012698,Public,819,829,3020159,1344,3020159,830,842,3786759,1378,3786759,,,,,,38,39,420604,71,420604,,,,,
162300,NORTH IDAHO COLLEGE,ID,838142199,Public,644,653,2340169,1007,1975942,564,566,2771722,879,2314353,,,,,,6,6,70045,11,70045,,,,,
162400,NORTHWEST NAZARENE UNIVERSITY,ID,836865897,Private-Nonprofit,466,467,2034709,888,2034709,545,548,2133388,1037,2133388,383,386,5927440,911,5920608,68,68,1408491,153,1408491,32,32,436607,79,436607
162500,BRIGHAM YOUNG UNIVERSITY - IDAHO,ID,834601650,Private-Nonprofit,3226,4047,14477481,6632,14451293,3084,3901,16788141,6376,16783054,,,,,,44,48,344869,83,344869,,,,,
162600,UNIVERSITY OF IDAHO,ID,838444291,Public,1887,1895,7836241,4082,7819991,2096,2202,8523099,3974,8497821,809,833,13993717,1608,13967324,648,665,9832119,1301,9832119,442,525,10063773,1082,10063773
163200,AQUINAS INSTITUTE OF THEOLOGY,MO,631083323,Private-Nonprofit,,,,,,,,,,,1,1,20500,2,20500,,,,,,,,,,
163300,AUGUSTANA COLLEGE,IL,612012296,Private-Nonprofit,972,990,4175070,1885,4173070,1192,1281,4203517,2436,4203517,44,61,833445,101,833445,208,231,3704645,409,3701645,14,25,259667,37,259667
163400,AURORA UNIVERSITY,IL,605064892,Private-Nonprofit,1705,1786,7304643,3097,7260128,1832,1947,7710675,3308,7674675,1413,1897,21963383,2859,21798921,248,258,3741086,470,3701600,167,188,1474343,214,1474343
163600,SOUTHWESTERN ILLINOIS COLLEGE,IL,622215899,Public,821,856,2140504,1382,2125516,337,385,1358717,690,1338540,,,,,,9,10,75815,21,75815,,,,,
163800,BLACK HAWK COLLEGE,IL,612655899,Public,188,215,511808,394,503808,208,243,658396,453,652021,,,,,,14,14,148514,26,148514,,,,,
163900,BLACKBURN UNIVERSITY,IL,626261498,Private-Nonprofit,242,242,958758,452,958758,255,263,868786,489,868786,,,,,,63,63,645334,116,645334,,,,,
164000,PRAIRIE STATE COLLEGE,IL,604118226,Public,232,232,789282,416,775032,219,219,842076,411,828576,,,,,,2,2,15555,4,15555,,,,,
164100,BRADLEY UNIVERSITY,IL,616250002,Private-Nonprofit,1736,1775,7585855,3303,7585855,2110,2240,7428576,4191,7428576,743,777,11712513,1617,10943829,470,516,9319095,894,9319095,154,191,2859356,312,2684578
164300,SPOON RIVER COLLEGE,IL,615208907,Public,57,66,149419,114,144141,68,106,228564,191,224679,,,,,,6,6,36220,12,36220,,,,,
164800,CITY COLLEGES OF CHICAGO HARRY S TRUMAN COLLEGE,IL,606405691,Public,86,92,276549,168,265424,91,98,357463,178,346522,,,,,,,,,,,,,,,
164900,RICHARD J DALEY COLLEGE-CITY COLLEGES OF CHICAGO,IL,606521299,Public,12,12,34520,24,34520,9,9,18602,18,18602,,,,,,,,,,,,,,,
165000,CITY COLLEGES OF CHICAGO - MALCOLM X COLLEGE,IL,606123197,Public,241,243,744500,450,737459,227,238,787253,445,778403,,,,,,,,,,,,,,,
165200,HAROLD WASHINGTON COLLEGE,IL,606012403,Public,149,156,443189,274,441439,154,163,510916,291,505666,,,,,,,,,,,,,,,
165400,CITY COLLEGES OF CHICAGO - KENNEDY KING COLLEGE,IL,606213798,Public,115,119,349670,215,349670,101,112,346123,202,346121,,,,,,,,,,,,,,,
165500,WILBUR WRIGHT COLLEGE,IL,606341591,Public,52,53,160703,92,158953,48,51,155754,88,152754,,,,,,,,,,,,,,,
165700,MIDWESTERN UNIVERSITY,IL,605151200,Private-Nonprofit,,,,,,,,,,,3998,4981,176852062,9414,105419023,,,,,,3348,5374,269907998,9465,161052862
165900,ROSALIND FRANKLIN UNIVERSITY OF MEDICINE AND SCIENCE,IL,600643095,Private-Nonprofit,,,,,,,,,,,1259,1516,49866273,2523,26628063,,,,,,1152,1476,57958087,2554,29470829
166100,CHICAGO THEOLOGICAL SEMINARY,IL,606372902,Private-Nonprofit,,,,,,5,5,23064,11,23064,52,53,934818,103,876227,,,,,,15,16,313811,31,294561
166400,UNIVERSITY OF ST. FRANCIS,IL,604356188,Private-Nonprofit,500,503,1957536,911,1957536,567,567,2379379,1029,2377354,352,352,4157637,732,3914205,113,114,1465931,198,1465931,13,13,187190,23,166645
166500,COLUMBIA COLLEGE CHICAGO,IL,606051996,Private-Nonprofit,2877,2990,12222445,5397,12204268,3108,3384,9987394,6069,9963811,72,74,1320964,156,1293633,842,1016,23564776,1885,23564776,40,57,1510603,126,1488648
166600,CONCORDIA UNIVERSITY,IL,603051499,Private-Nonprofit,626,651,2543828,1185,2366563,621,659,2514829,1198,2278913,1033,1307,18638139,1916,11108037,90,106,1184005,205,1176505,118,147,2787547,226,1547371
166900,DANVILLE AREA COMMUNITY COLLEGE,IL,618325199,Public,68,68,211675,144,205850,58,58,223813,116,206772,,,,,,,,,,,,,,,
167100,DEPAUL UNIVERSITY,IL,606042287,Private-Nonprofit,5423,6258,22699867,14923,22654622,5701,6741,20678452,16082,20641444,2744,4044,49460799,7344,49429964,2222,2565,57337787,6529,57214914,1049,1680,25450377,2923,25447061
167400,EASTERN ILLINOIS UNIVERSITY,IL,619203099,Public,1628,1702,6275821,2906,6275821,1744,1883,6518182,3229,6518182,408,460,5300007,712,5300007,253,273,2955670,450,2944869,15,17,152274,21,152274
167500,ELGIN COMMUNITY COLLEGE,IL,601237193,Public,159,159,455157,421,455157,187,187,593440,488,593440,,,,,,2,2,10919,4,10919,,,,,
167600,ELMHURST UNIVERSITY,IL,601263296,Private-Nonprofit,1168,1202,4798482,2186,4606330,1135,1177,4428549,2153,4222601,293,303,5623267,611,5520837,227,263,4194804,449,4133237,131,190,2570210,288,2551615
167800,EUREKA COLLEGE,IL,615309976,Private-Nonprofit,295,295,1168352,506,1088847,321,343,1098479,585,1031787,,,,,,72,79,996188,128,978418,,,,,
168100,HIGHLAND COMMUNITY COLLEGE,IL,610329341,Public,51,57,159491,104,156922,51,56,177076,104,174157,,,,,,,,,,,,,,,
168200,GARRETT - EVANGELICAL THEOLOGICAL SEMINARY,IL,602012926,Private-Nonprofit,,,,,,,,,,,73,90,1327174,133,1293174,,,,,,11,13,185596,19,185596
168400,GREENVILLE UNIVERSITY,IL,622461199,Private-Nonprofit,459,486,1805672,874,1795923,524,549,2227511,997,2222010,55,57,647137,100,633471,140,145,2071547,259,2071547,1,1,8627,1,8627
168500,HEBREW THEOLOGICAL COLLEGE,IL,600773263,Private-Nonprofit,14,18,59780,30,55260,23,26,90172,46,85172,,,,,,7,7,89527,13,89527,,,,,
168800,ILLINOIS COLLEGE,IL,626502299,Private-Nonprofit,457,466,1942784,905,1909248,565,615,1985597,1174,1958766,3,3,38063,7,32176,72,85,914934,138,914934,,,,,
168900,ILLINOIS COLLEGE OF OPTOMETRY,IL,606163878,Private-Nonprofit,,,,,,,,,,,330,355,13757138,1144,13757138,,,,,,307,523,10829217,1281,10801356
169100,ILLINOIS INSTITUTE OF TECHNOLOGY,IL,606163717,Private-Nonprofit,768,805,3273607,1480,3227495,717,767,2849700,1415,2808729,687,740,13251970,1372,13140192,275,300,5314704,561,5295356,438,673,10189694,1197,10161677
169200,ILLINOIS STATE UNIVERSITY,IL,617901000,Public,6273,7017,25965369,12801,25963619,7472,7977,27959855,14794,27959855,460,564,6523777,947,6523777,1570,1791,27923099,3110,27923099,18,20,232847,28,232847
169300,NORTHEASTERN ILLINOIS UNIVERSITY,IL,606254699,Public,716,759,2766144,1273,2766144,626,699,2764974,1152,2764974,339,411,4181867,669,4181867,41,46,379567,78,379567,7,11,41123,16,41123
169400,CHICAGO STATE UNIVERSITY,IL,606281598,Public,712,796,2586319,1211,2579069,678,737,3190342,1138,3183842,378,433,6249127,690,6218377,45,51,595103,84,590072,206,278,7029761,424,6969289
169600,ILLINOIS WESLEYAN UNIVERSITY,IL,617022900,Private-Nonprofit,744,745,3218278,1429,3218278,900,902,3152332,1721,3152332,,,,,,229,240,4836887,434,4836887,,,,,
169900,JOLIET JUNIOR COLLEGE,IL,604318938,Public,202,222,591637,417,591637,434,511,1651462,984,1651462,,,,,,9,10,42282,18,42282,,,,,
170000,JUDSON UNIVERSITY,IL,601231498,Private-Nonprofit,305,317,1134173,550,1128673,350,396,1350848,694,1344848,64,86,972325,106,972325,73,78,899451,138,887829,2,2,15188,3,15188
170400,KNOX COLLEGE,IL,614014999,Private-Nonprofit,380,389,1568196,1067,1563363,454,478,1516520,1316,1506027,,,,,,69,72,1131357,199,1131357,,,,,
170500,ILLINOIS VALLEY COMMUNITY COLLEGE,IL,613489692,Public,39,39,119233,65,114733,61,61,213327,105,211171,,,,,,,,,,,,,,,
170600,LAKE FOREST COLLEGE,IL,600452399,Private-Nonprofit,568,583,2604322,1097,2604322,703,760,2735778,1427,2735778,11,11,167927,18,167927,121,132,2544044,229,2544044,1,1,7700,1,7700
170700,LEWIS UNIVERSITY,IL,604462200,Private-Nonprofit,1650,1758,7040825,3246,6746269,1822,1940,7804206,3582,7428306,573,613,9151647,1213,8188577,293,341,5819769,569,5737740,92,97,1645190,196,1494108
171000,LOYOLA UNIVERSITY CHICAGO,IL,606601537,Private-Nonprofit,4263,4423,18410701,8228,18105422,5371,5687,19543272,10607,19216180,2146,2875,52790102,4911,45474968,2090,2663,62430914,4512,61901207,1332,2485,42744842,3039,38550885
171200,LUTHERAN SCHOOL OF THEOLOGY AT CHICAGO,IL,606155698,Private-Nonprofit,,,,,,,,,,,4,4,47000,8,47000,,,,,,,,,,
171600,GENERATIONS COLLEGE,IL,606024405,Private-Nonprofit,170,190,493427,250,412427,98,111,579772,146,453933,,,,,,,,,,,,,,,
172200,MCKENDREE UNIVERSITY,IL,622541299,Private-Nonprofit,588,591,2242402,1059,2237402,651,683,2373632,1227,2372639,253,270,3347197,445,3347197,258,284,3882019,492,3882019,,,,,
172300,MEADVILLE THEOLOGICAL SCHOOL OF LOMBARD COLLEGE,IL,606013616,Private-Nonprofit,,,,,,,,,,,28,28,416068,59,396253,,,,,,6,6,144313,15,144313
172400,MILLIKIN UNIVERSITY,IL,625222084,Private-Nonprofit,643,723,2582388,1271,2542513,702,791,2837007,1433,2813008,77,80,1488295,145,1466995,136,149,1793565,253,1773232,54,55,1535100,136,1527357
172500,MONMOUTH COLLEGE,IL,614621963,Private-Nonprofit,361,376,1465577,717,1465577,472,504,1923039,974,1923039,,,,,,197,213,2507973,412,2507973,,,,,
172700,MOODY BIBLE INSTITUTE,IL,606103214,Private-Nonprofit,501,518,1934716,990,1932966,491,502,2097432,964,2089125,184,194,2756770,381,2756770,22,26,238680,51,238680,10,10,105136,19,105136
172800,MORTON COLLEGE,IL,608044398,Public,44,44,137000,78,137000,35,35,146833,68,146833,,,,,,,,,,,,,,,
173200,NATIONAL UNIVERSITY OF HEALTH SCIENCES (THE),IL,601484583,Private-Nonprofit,15,18,80615,29,71000,16,19,124433,31,109048,394,557,16919272,908,14044571,1,1,16965,2,16965,328,485,9673453,907,8410673
173300,NATIONAL LOUIS UNIVERSITY,IL,606033032,Private-Nonprofit,1508,1593,5768296,3819,5612505,1375,1497,6710336,3518,6516885,2381,2572,37535639,7006,36229785,81,91,1257766,208,1239403,258,303,3631862,806,3598388
173400,NORTH CENTRAL COLLEGE,IL,605404690,Private-Nonprofit,852,900,3639660,1653,3637031,1122,1221,4651006,2261,4648635,291,420,7274224,496,5109288,257,279,4614986,490,4607486,164,238,5417956,266,3107991
173500,NORTH PARK UNIVERSITY,IL,606254895,Private-Nonprofit,756,848,3207914,1475,3201997,875,947,3239064,1701,3230831,262,303,4141389,567,4135889,127,151,1881280,253,1881280,102,111,3206086,242,3206086
173600,NORTHERN BAPTIST THEOLOGICAL SEMINARY,IL,605321348,Private-Nonprofit,,,,,,,,,,,30,30,268944,77,258638,,,,,,,,,,
173700,NORTHERN ILLINOIS UNIVERSITY,IL,601152854,Public,4184,4884,17659890,8602,17659857,4327,5204,17692076,9014,17692076,1166,1321,18836996,2266,18836996,606,673,7094531,1202,7091052,264,331,4527162,593,4527162
173900,NORTHWESTERN UNIVERSITY,IL,602080001,Private-Nonprofit,1132,1208,4437464,3266,4430578,1215,1313,4962724,3556,4959490,3301,4635,68439493,9227,66491946,245,307,9249001,727,9215829,2752,4453,126554213,8924,121660409
174100,OLIVET NAZARENE UNIVERSITY,IL,609142271,Private-Nonprofit,1292,1319,5227274,2405,5227274,1538,1561,5642828,2879,5642828,263,279,3455533,569,3455533,313,332,4463015,573,4463015,6,6,99903,15,99903
174200,ILLINOIS EASTERN COMMUNITY COLLEGES,IL,624501099,Public,159,159,557030,300,544264,175,175,609305,337,595138,,,,,,9,9,91500,19,91500,,,,,
174500,QUINCY UNIVERSITY,IL,623012699,Private-Nonprofit,404,409,1602825,729,1600575,561,597,2112620,1070,2111620,20,22,263057,33,263057,107,118,1587383,193,1576521,,,,,
174700,ROCK VALLEY COLLEGE,IL,611145699,Public,125,125,385753,261,385753,185,185,711722,401,711722,,,,,,2,2,16142,4,16142,,,,,
174800,ROCKFORD UNIVERSITY,IL,611082393,Private-Nonprofit,548,616,2232120,1062,2225995,580,634,2049887,1122,2048372,59,64,878675,99,871842,162,185,2577119,312,2577119,3,4,40083,6,40083
174900,ROOSEVELT UNIVERSITY,IL,606051394,Private-Nonprofit,1424,1462,5913725,2752,5803457,1424,1505,5813108,2830,5712107,624,653,13347730,1308,13148326,239,280,4850927,551,4850927,196,259,3645545,509,3618448
175000,DOMINICAN UNIVERSITY,IL,603051066,Private-Nonprofit,1100,1116,4400539,2017,4400539,1034,1064,3470835,1946,3470835,413,512,8775600,714,6305734,108,118,1674899,213,1674899,85,116,2771294,145,1735271
175200,SAUK VALLEY COMMUNITY COLLEGE,IL,610219112,Public,68,75,196735,141,196735,82,97,317539,184,317539,,,,,,4,5,33500,10,33500,,,,,
175300,SCHOOL OF THE ART INSTITUTE OF CHICAGO,IL,606033013,Private-Nonprofit,867,1042,3716555,1880,3714805,1032,1151,3394860,2113,3393860,233,241,4491859,452,4491859,497,613,19816050,1114,19785688,136,194,3143675,324,3143675
175800,SOUTHERN ILLINOIS UNIVERSITY AT CARBONDALE,IL,629010000,Public,2795,2908,10967447,5071,10906041,3197,3448,12967498,6071,12890557,1203,1654,26180370,2498,26095728,440,519,6249916,909,6232422,461,720,8854779,1093,8843742
175900,SOUTHERN ILLINOIS UNIVERSITY EDWARDSVILLE,IL,620261060,Public,2611,2722,10703747,4824,10700997,2959,3141,12002712,5582,11998132,1137,2274,24447973,2793,24447973,513,562,7996950,994,7996950,353,581,9260761,742,9260761
176500,UNIVERSITY OF SAINT MARY OF THE LAKE,IL,600601174,Private-Nonprofit,,,,,,1,1,4143,2,4143,5,5,45499,10,45499,,,,,,1,2,20094,2,20094
176700,BENEDICTINE UNIVERSITY,IL,605320900,Private-Nonprofit,633,732,2579531,1268,2502680,783,906,3073847,1576,2994865,290,523,6923115,1013,4627486,121,150,1972614,261,1930937,32,42,531887,65,456465
176800,SAINT XAVIER UNIVERSITY,IL,606553199,Private-Nonprofit,1169,1236,4455014,2139,4455014,1011,1045,3863300,1829,3863300,246,329,2909744,512,2909744,190,221,2377533,348,2377533,37,49,421583,63,421583
177100,TRINITY CHRISTIAN COLLEGE,IL,604630929,Private-Nonprofit,350,350,1473024,646,1461531,391,391,1479712,725,1467708,13,13,214297,32,214297,65,69,711627,117,711627,,,,,
177200,TRINITY INTERNATIONAL UNIVERSITY,IL,600151283,Private-Nonprofit,8,8,19781,15,19781,11,11,55546,21,55546,557,580,9327586,1325,9025598,,,,,,282,289,6468268,730,6308585
177300,TRITON COLLEGE,IL,601711995,Public,118,123,364317,228,341987,147,172,523251,326,499154,,,,,,15,17,158778,30,158778,,,,,
177400,UNIVERSITY OF CHICAGO (THE),IL,606371476,Private-Nonprofit,107,108,454844,253,445479,264,271,1415534,665,1399451,1571,1731,33872555,4605,32686483,150,166,6799935,433,6727754,997,1197,50357484,3159,48874477
177500,UNIVERSITY OF ILLINOIS URBANA-CHAMPAIGN,IL,618205796,Public,6177,6456,25985048,12132,25953398,7408,7844,29619073,14830,29510348,3205,3904,65172055,6345,63918944,3096,3287,64666214,6123,64410999,1704,2336,29322001,3768,28724428
177600,UNIVERSITY OF ILLINOIS CHICAGO,IL,606077128,Public,4412,4560,18890128,8334,18846265,3853,4032,13947406,7369,13887984,4272,5115,109985697,9257,109945197,1143,1333,25041658,2335,25041658,2807,4155,91993062,7180,91941641
177800,VANDERCOOK COLLEGE OF MUSIC,IL,606163731,Private-Nonprofit,40,40,173217,73,166967,41,41,148434,78,144434,2,2,41000,5,41000,8,8,155007,17,155007,1,1,21118,2,21118
178000,WESTERN ILLINOIS UNIVERSITY,IL,614551390,Public,1389,1531,5608669,2704,5592919,1363,1473,5343250,2627,5317398,418,440,5844298,772,5839048,250,284,3170152,469,3162024,65,76,616028,128,615979
178100,WHEATON COLLEGE,IL,601875535,Private-Nonprofit,715,715,3170183,1415,3169183,848,848,3126008,1667,3126008,162,162,3459869,346,3456369,125,139,2693937,244,2693937,42,62,843831,105,843831
178300,WORSHAM COLLEGE OF MORTUARY SCIENCE,IL,600902646,Proprietary,131,166,612286,243,451116,150,194,926803,282,680109,,,,,,4,5,42737,7,32006,,,,,
178500,ANDERSON UNIVERSITY,IN,460123495,Private-Nonprofit,487,560,1977322,939,1977322,533,606,1866954,1048,1866954,35,59,608154,69,608154,127,142,1941495,238,1941495,3,3,27143,6,27143
178600,BALL STATE UNIVERSITY,IN,473060880,Public,4642,5153,18749505,8845,18749505,5179,5784,20880386,10067,20880386,3272,4974,49480555,6285,49470305,1001,1136,15006326,1990,15006326,258,344,2784587,440,2784587
178700,BETHEL UNIVERSITY,IN,465455591,Private-Nonprofit,347,356,1361479,638,1361479,400,412,1447037,751,1447037,50,51,558987,88,556385,60,68,935257,121,935257,,,,,
178800,BUTLER UNIVERSITY,IN,462083487,Private-Nonprofit,1134,1135,5116980,2258,5078454,1582,1582,6238329,3061,6203470,710,710,11826584,1323,11577914,444,519,12775765,953,12775765,239,357,7345595,524,7345595
178900,CHRISTIAN THEOLOGICAL SEMINARY,IN,462083301,Private-Nonprofit,,,,,,1,2,8930,3,8930,38,40,584419,65,584419,,,,,,2,2,10936,4,10936
179200,DEPAUW UNIVERSITY,IN,461350037,Private-Nonprofit,411,416,1792206,800,1792206,558,588,2071979,1130,2071979,,,,,,175,201,3953156,352,3953156,,,,,
179300,EARLHAM COLLEGE,IN,473744095,Private-Nonprofit,230,230,919082,439,919082,259,259,868599,498,868599,10,10,112636,14,112636,94,100,1552232,193,1552232,1,1,5149,1,5149
179500,UNIVERSITY OF EVANSVILLE,IN,477220002,Private-Nonprofit,524,569,2072442,1041,2072442,641,714,2583180,1325,2583180,330,341,6240880,554,6240880,144,167,2379263,301,2379263,214,395,5764860,608,5764860
179800,FRANKLIN COLLEGE OF INDIANA,IN,461312623,Private-Nonprofit,393,393,1577817,736,1577817,446,461,1427698,869,1427698,47,60,1199719,109,1066469,120,135,1893106,223,1893106,46,56,1365291,97,1230244
179900,GOSHEN COLLEGE,IN,465264794,Private-Nonprofit,283,285,1130843,535,1130843,297,304,1077140,559,1077140,33,33,509426,80,509426,36,40,435340,73,435340,1,1,7480,3,7480
180000,GRACE COLLEGE AND THEOLOGICAL SEMINARY,IN,465901224,Private-Nonprofit,669,669,2742133,1282,2705191,805,835,2888124,1566,2852459,189,189,3136378,474,2983806,158,159,2518587,299,2511295,5,5,46639,12,46639
180100,HANOVER COLLEGE,IN,472430108,Private-Nonprofit,383,383,1631098,720,1611973,534,565,2006143,1064,1989769,221,223,4379951,588,4332120,161,179,2455663,318,2446913,210,247,9644816,601,9520483
180300,HUNTINGTON UNIVERSITY,IN,467501299,Private-Nonprofit,436,471,1899135,868,1874706,519,576,2097115,1049,2046671,151,229,3269806,365,3006151,53,66,748792,104,748792,68,114,1385033,178,1224212
180400,UNIVERSITY OF INDIANAPOLIS,IN,462273697,Private-Nonprofit,1190,1405,5203205,2291,5203205,1254,1494,4997058,2505,4997058,692,1218,16633766,1613,16633766,291,385,4911450,613,4911450,177,262,3062540,342,3062540
180500,INDIANA INSTITUTE OF TECHNOLOGY,IN,468031297,Private-Nonprofit,2201,2241,7090782,10389,6989674,2345,2451,10109481,10918,9962984,262,288,3017693,1121,2826809,144,159,2478669,319,2478669,25,28,356759,114,313933
180700,INDIANA STATE UNIVERSITY,IN,478092501,Public,2265,2283,8602822,4061,8600572,2597,2630,10977400,4665,10973150,629,687,9383137,1135,9376137,382,451,4582464,765,4574964,106,178,1325067,222,1325067
180800,UNIVERSITY OF SOUTHERN INDIANA,IN,477123596,Public,1282,1308,4962579,2297,4841917,1579,1608,6680632,2849,6527373,727,899,9783369,1334,9472656,244,281,2824469,463,2795768,36,44,338386,54,329272
180900,INDIANA UNIVERSITY - BLOOMINGTON,IN,474057000,Public,5797,6323,23740101,11876,23740101,8450,8893,35799038,16881,35799038,2130,2830,40881861,5203,40881861,2319,2682,68070047,5121,68070047,697,1087,14716124,1977,14716124
181100,INDIANA UNIVERSITY - EAST,IN,473741289,Public,934,1033,3478813,1657,3478813,944,1111,4797893,1773,4797893,90,125,1185373,186,1185373,38,49,363016,84,363016,9,13,115906,14,115906
181300,INDIANA UNIVERSITY-INDIANAPOLIS,IN,462022896,Public,3565,3869,13870420,6701,13870420,3785,4194,16574623,7193,16574623,3818,6274,93610863,10925,93610863,458,545,6450746,989,6450746,1806,3101,50255791,5085,50255791
181400,INDIANA UNIVERSITY - KOKOMO,IN,469023557,Public,539,576,1870402,963,1870402,710,790,3456372,1335,3456372,64,88,967947,132,967947,45,51,418143,94,418143,2,3,36257,4,36257
181500,INDIANA UNIVERSITY - NORTHWEST,IN,464081197,Public,785,854,2883611,1387,2883611,869,975,4318720,1582,4318720,135,181,1947113,286,1947113,40,48,368793,87,368793,5,7,40705,7,40705
181600,INDIANA UNIVERSITY - SOUTH BEND,IN,466347111,Public,1076,1168,3728945,1949,3726195,1164,1292,5108674,2143,5107674,263,342,4026250,544,4026250,81,95,714131,170,714131,59,93,729668,139,729668
181700,INDIANA UNIVERSITY SOUTHEAST,IN,471506405,Public,687,792,2332715,1284,2332715,849,970,4184462,1589,4184462,141,200,1836748,311,1836748,58,65,559015,121,559015,2,3,26030,4,26030
182000,MANCHESTER UNIVERSITY,IN,469621276,Private-Nonprofit,539,542,2114759,1018,2108759,576,583,1973019,1095,1959459,245,245,6975891,436,6388222,165,173,2276521,317,2276521,198,211,5457731,382,4571983
182100,MARIAN UNIVERSITY,IN,462221997,Private-Nonprofit,1200,1315,5123759,2145,4712139,1287,1471,5814519,2404,5230381,404,428,13824418,699,12125064,215,244,3637962,429,3614712,325,345,14229568,613,10993503
182200,INDIANA WESLEYAN UNIVERSITY,IN,469534974,Private-Nonprofit,4731,5085,16023316,10773,11931217,4785,5008,22082925,10438,15985136,2902,3363,44476076,5771,35766004,231,254,3413328,452,3380607,145,184,1689931,286,1492801
182400,OAKLAND CITY UNIVERSITY,IN,476601099,Private-Nonprofit,155,155,527753,270,519753,174,180,626015,319,620820,47,48,503076,86,503076,17,17,142719,33,142719,3,3,32923,6,32923
182500,PURDUE UNIVERSITY,IN,479072040,Public,4955,4989,19713585,9316,19575646,8457,8555,38713025,15995,38451138,1539,1935,32506453,2906,30252607,1829,2023,44020645,3661,43936193,481,620,6895632,914,6571478
182700,PURDUE UNIVERSITY NORTHWEST,IN,463232094,Public,1298,1392,4689280,2567,4671233,1536,1659,7116071,3062,7083679,160,223,1930405,410,1895864,195,210,1819512,402,1816211,8,8,41742,14,37251
182800,PURDUE UNIVERSITY FORT WAYNE,IN,468051499,Public,1488,1591,5722387,2797,5669005,1509,1619,5932826,2783,5881255,135,179,1754926,279,1752426,125,156,1644959,260,1635539,3,3,10818,5,10818
183000,ROSE-HULMAN INSTITUTE OF TECHNOLOGY,IN,478033999,Private-Nonprofit,634,643,2666613,1814,2666613,761,778,2686477,2208,2686477,3,4,22003,6,22003,191,206,5915841,544,5915841,,,,,
183200,UNIVERSITY OF SAINT FRANCIS,IN,468083994,Private-Nonprofit,728,754,2702858,1290,2702428,838,911,3508258,1579,3503858,101,146,2328609,291,2277753,119,140,1788983,217,1788983,38,77,1299973,96,1299973
183400,CALUMET COLLEGE OF SAINT JOSEPH,IN,463942195,Private-Nonprofit,255,467,993019,486,993019,270,494,1049304,550,1049304,39,60,549566,61,549566,51,95,524189,97,524189,1,1,5134,1,5134
183500,SAINT MARY OF THE WOODS COLLEGE,IN,478760067,Private-Nonprofit,494,552,1889746,922,1887996,510,615,2195248,1027,2191998,135,213,1686522,324,1686522,103,115,1340617,200,1337601,7,10,123629,17,123629
183600,SAINT MARY'S COLLEGE,IN,465565007,Private-Nonprofit,521,529,2212577,1030,2208452,723,743,2925189,1460,2924189,47,48,829500,120,802165,239,259,4891765,481,4891765,16,18,400633,37,388052
183800,TAYLOR UNIVERSITY,IN,469891001,Private-Nonprofit,459,467,1903205,852,1903205,584,593,2311052,1081,2308302,10,11,161022,20,161022,151,172,2745349,302,2745349,1,1,2046,2,2046
183900,TRINE UNIVERSITY,IN,467031764,Private-Nonprofit,1310,1466,5135310,2571,5107260,1710,1981,6875637,3498,6835673,231,277,4010173,546,4010173,327,386,5796388,652,5796388,130,161,3876799,319,3876799
184000,UNIVERSITY OF NOTRE DAME,IN,465565602,Private-Nonprofit,792,792,3188804,1730,3188804,1441,1456,7387492,2944,7387492,602,641,12434065,1146,11093607,336,386,11217562,687,11217562,357,449,15205643,781,13728729
184200,VALPARAISO UNIVERSITY,IN,463836493,Private-Nonprofit,823,900,3439318,1564,3421194,1054,1177,4268316,2090,4241955,168,275,3688159,370,3636909,207,247,3945452,393,3945452,54,99,1487028,130,1487028
184300,VINCENNES UNIVERSITY,IN,475911523,Public,1175,1308,4337237,2379,4058067,1211,1372,5180646,2495,4858677,,,,,,186,206,2183889,386,2098385,,,,,
184400,WABASH COLLEGE,IN,479330352,Private-Nonprofit,358,362,1553442,697,1553442,515,532,1914948,1014,1914948,,,,,,78,86,1533240,147,1533240,,,,,
184600,BRIAR CLIFF UNIVERSITY,IA,511042324,Private-Nonprofit,280,282,1094606,497,1094606,361,371,1387312,650,1387312,161,164,2902040,280,2891790,63,68,917061,120,917061,72,118,1733552,146,1733552
184700,BUENA VISTA UNIVERSITY,IA,505889987,Private-Nonprofit,883,913,3581548,1840,3576548,924,959,4085872,1889,4074538,341,348,4403065,729,4392815,101,108,1267029,183,1267029,3,3,34326,7,34326
184800,SOUTHEASTERN COMMUNITY COLLEGE,IA,526550605,Public,500,514,1576563,884,1561096,487,513,2109330,881,2091488,,,,,,13,13,105882,22,105882,,,,,
185000,CENTRAL COLLEGE,IA,502191999,Private-Nonprofit,437,446,1808939,818,1804439,645,652,2539983,1210,2537983,,,,,,107,110,1489902,202,1486770,,,,,
185200,CLARKE UNIVERSITY,IA,520013198,Private-Nonprofit,405,406,1637643,738,1620643,499,525,1827699,946,1798699,106,106,1980687,201,1970437,120,130,1845965,217,1837470,39,50,793501,77,793501
185400,COE COLLEGE,IA,524025092,Private-Nonprofit,611,738,2668103,1293,2666353,730,807,2515780,1472,2512030,,,,,,166,190,2656083,324,2656083,,,,,
185500,DES MOINES UNIVERSITY - OSTEOPATHIC MEDICAL CENTER,IA,502665360,Private-Nonprofit,,,,,,,,,,,1277,1750,45257308,2920,45257308,,,,,,1052,1288,42500938,2512,42500938
185600,CORNELL COLLEGE,IA,523141098,Private-Nonprofit,517,565,2248004,1025,2248004,695,768,2655399,1392,2655399,,,,,,109,119,2014413,206,2014413,,,,,
185700,SOUTHWESTERN COMMUNITY COLLEGE,IA,508011098,Public,303,303,923054,535,913566,315,317,1205980,567,1201132,,,,,,14,14,93275,26,93275,,,,,
185900,DORDT UNIVERSITY,IA,512501697,Private-Nonprofit,419,419,1717854,786,1717854,601,603,2485474,1111,2485474,8,8,71339,13,71339,157,162,1826551,304,1826551,,,,,
186000,DRAKE UNIVERSITY,IA,503114505,Private-Nonprofit,846,884,3640519,1625,3583364,1143,1227,4731103,2268,4677693,538,719,11443408,1084,9226618,316,369,6114575,662,6102029,293,380,8803379,625,7715222
186200,ELLSWORTH COMMUNITY COLLEGE,IA,501262302,Public,207,226,628259,428,626384,235,273,691709,520,688897,,,,,,40,45,188779,88,188779,,,,,
186400,IOWA LAKES COMMUNITY COLLEGE,IA,513342234,Public,301,317,955256,592,950328,315,328,1080209,621,1070731,,,,,,18,18,355923,35,355923,,,,,
186500,IOWA CENTRAL COMMUNITY COLLEGE,IA,505015798,Public,1705,1811,5217566,3143,5136378,1825,1952,6879827,3431,6801282,,,,,,135,171,937222,331,934528,,,,,
186600,GRACELAND UNIVERSITY,IA,501401699,Private-Nonprofit,478,489,1931896,884,1931896,517,575,2033633,1042,2033633,290,379,4921992,673,4921992,120,157,1140496,232,1140496,61,101,2109584,138,2109584
186700,GRAND VIEW UNIVERSITY,IA,503161599,Private-Nonprofit,784,892,3277964,1458,3277964,890,973,3662983,1688,3662983,242,274,3693425,533,3662255,147,162,2188723,273,2188723,18,21,272932,42,272932
186800,GRINNELL COLLEGE,IA,501121690,Private-Nonprofit,129,159,449916,249,449916,175,189,806743,318,806743,,,,,,50,51,1076232,88,1076232,,,,,
186900,IOWA STATE UNIVERSITY OF SCIENCE & TECHNOLOGY,IA,500112103,Public,6204,8631,26384621,13108,25867930,9290,11777,42650354,18725,41857254,973,1494,27214338,2097,25870827,2001,2255,35071100,3860,34308295,303,363,6390004,587,6383491
187300,LORAS COLLEGE,IA,520040178,Private-Nonprofit,355,358,1477985,658,1477985,563,577,2412962,1081,2412962,44,61,972063,113,678882,86,87,1153595,159,1153595,4,4,42433,5,27767
187400,LUTHER COLLEGE,IA,521011045,Private-Nonprofit,538,556,2259911,1010,2259911,793,846,3074670,1527,3074670,,,,,,89,101,1630619,174,1630619,,,,,
187500,MARSHALLTOWN COMMUNITY COLLEGE,IA,501584760,Public,168,201,439828,311,439828,188,228,575262,361,575262,,,,,,5,5,34747,9,34747,,,,,
187700,NORTH IOWA AREA COMMUNITY COLLEGE,IA,504017299,Public,376,376,1216026,686,1215151,422,422,1604949,768,1599916,,,,,,15,16,110704,32,110704,,,,,
187900,MORNINGSIDE UNIVERSITY,IA,511061751,Private-Nonprofit,629,702,2730061,1212,2730061,775,1238,2941222,2096,2940222,278,1020,3485740,1024,3485740,139,174,1953022,289,1953022,6,11,77406,12,77406
188000,MOUNT MERCY UNIVERSITY,IA,524024797,Private-Nonprofit,462,496,1977475,903,1977475,575,666,2282338,1118,2282338,118,275,2014439,277,2014439,69,75,1119176,130,1119176,8,19,130887,19,130887
188100,UNIVERSITY OF ARIZONA GLOBAL CAMPUS (THE),CA,921231406,Proprietary,7611,8890,29330205,13011,22903899,7193,8391,39671435,12480,30624061,2589,3231,44037765,5149,36489254,29,31,419444,51,345948,312,362,6506798,703,5380932
188300,NORTHWESTERN COLLEGE,IA,510411996,Private-Nonprofit,437,438,1764154,847,1764154,583,583,2300536,1092,2297626,255,255,2687874,496,2687874,86,94,1121105,154,1121105,45,45,1474751,122,1474751
188700,SIMPSON COLLEGE,IA,501251297,Private-Nonprofit,648,662,2633047,1232,2633047,823,860,3132093,1594,3132093,10,11,124325,16,124325,138,157,1969183,271,1969183,1,1,1808,2,1808
188900,ST. AMBROSE UNIVERSITY,IA,528032898,Private-Nonprofit,861,920,3521144,1626,3495884,1163,1201,4962800,2138,4902311,390,529,7826672,752,7744672,188,194,2768527,343,2743411,172,236,3640614,343,3622332
189000,UNIVERSITY OF NORTHERN IOWA,IA,506140002,Public,2281,2592,9131808,4640,9131808,3116,3532,13361986,6284,13361986,460,646,6279786,941,6279786,350,396,3840862,664,3840862,68,81,499221,112,499221
189100,UNIVERSITY OF DUBUQUE,IA,520015099,Private-Nonprofit,735,983,3149734,1452,3132609,924,1396,4238583,2070,4224333,143,275,2517353,312,2517353,118,169,2494408,234,2494408,53,140,1430424,143,1430424
189200,UNIVERSITY OF IOWA,IA,522421316,Public,5487,10118,23087087,10118,23087087,8454,15801,35634402,15801,35634402,2532,6571,60016822,6571,60016822,1911,3441,44369007,3441,44369007,1464,2904,32926741,2904,32926741
189300,UPPER IOWA UNIVERSITY,IA,521429206,Private-Nonprofit,1209,1631,5054648,3562,4348801,1241,1664,6975332,3620,5966710,469,729,8706447,1439,7625471,35,39,345222,64,342722,14,18,104901,34,96606
189500,WALDORF UNIVERSITY,IA,504361700,Private-Nonprofit,810,962,3349158,1958,2906437,864,1072,4287877,2156,3579024,169,217,2989028,518,2298259,96,102,1288516,188,1285646,1,1,10250,2,10250
189600,WARTBURG COLLEGE,IA,506772200,Private-Nonprofit,650,727,2812777,1315,2810027,851,933,3158888,1701,3154138,8,8,115318,22,115318,147,164,2312750,283,2312750,,,,,
189700,WARTBURG THEOLOGICAL SEMINARY,IA,520037769,Private-Nonprofit,,,,,,,,,,,22,23,226790,39,226790,,,,,,,,,,
190000,WILLIAM PENN UNIVERSITY,IA,525771799,Private-Nonprofit,680,717,2708740,1334,2704856,740,892,3043125,1651,3030735,12,13,120273,26,120273,182,190,2016431,364,2015181,,,,,
190100,ALLEN COUNTY COMMUNITY COLLEGE,KS,667491607,Public,147,153,424628,238,424628,135,140,343086,217,343086,,,,,,2,2,3802,4,3802,,,,,
190200,COWLEY COLLEGE,KS,670052662,Public,477,477,1450276,782,1387165,452,453,1877946,725,1784840,,,,,,12,12,72800,21,72800,,,,,
190300,BAKER UNIVERSITY,KS,660060065,Private-Nonprofit,497,516,2014738,891,1977238,604,642,2479467,1136,2415967,171,172,2756226,277,2404472,108,125,1582063,213,1582063,9,9,315390,13,247602
190400,BETHANY COLLEGE,KS,674561897,Private-Nonprofit,376,445,1500796,737,1500796,407,475,1310156,833,1310156,,,,,,112,129,1923794,233,1923794,,,,,
190500,BETHEL COLLEGE,KS,671178061,Private-Nonprofit,281,285,1158248,518,1158248,316,338,997698,610,996698,,,,,,94,97,1640398,170,1640398,,,,,
190600,BUTLER COUNTY COMMUNITY COLLEGE,KS,670423280,Public,1191,1191,3717458,1862,3716458,1090,1091,4450603,1692,4444076,,,,,,11,11,91255,18,91255,,,,,
190800,CENTRAL CHRISTIAN COLLEGE OF KANSAS,KS,674605799,Private-Nonprofit,240,241,905260,450,861734,258,273,1035033,500,975309,6,6,117729,11,109823,35,35,430035,65,430035,,,,,
190900,CLOUD COUNTY COMMUNITY COLLEGE,KS,669011002,Public,109,112,343588,194,328788,106,110,354343,194,337548,,,,,,7,7,91057,14,91057,,,,,
191000,COFFEYVILLE COMMUNITY COLLEGE,KS,673375064,Public,271,271,920462,428,827729,238,245,802270,398,733800,,,,,,14,14,53224,19,51536,,,,,
191100,COLBY COMMUNITY COLLEGE,KS,677014099,Public,211,211,677284,365,665784,221,225,930534,382,918534,,,,,,21,21,141497,38,141497,,,,,
191300,DODGE CITY COMMUNITY COLLEGE,KS,678012399,Public,178,180,571036,522,546704,157,157,462753,465,439558,,,,,,3,3,36000,8,36000,,,,,
191400,DONNELLY COLLEGE,KS,661024298,Private-Nonprofit,136,145,459537,145,459537,120,135,652549,135,652549,,,,,,,,,,,,,,,
191500,FORT HAYS STATE UNIVERSITY,KS,676014099,Public,2107,2563,8067755,3898,8067755,2219,2704,10559255,4147,10559255,979,1383,12180002,1915,12180002,115,121,1144507,224,1144507,17,19,137026,26,137026
191600,FORT SCOTT COMMUNITY COLLEGE,KS,667013199,Public,159,174,433656,321,433656,138,147,539623,272,539623,,,,,,3,3,14120,6,14120,,,,,
191700,BARCLAY COLLEGE,KS,670590288,Private-Nonprofit,66,66,234924,111,229674,56,58,178487,102,172291,,,,,,4,4,20497,6,20497,,,,,
191800,FRIENDS UNIVERSITY,KS,672133397,Private-Nonprofit,539,550,2133494,983,2097049,574,597,2008494,1056,1964016,140,192,3131917,271,2364744,130,135,2052096,240,2052096,11,14,136243,17,136243
191900,GARDEN CITY COMMUNITY COLLEGE,KS,678466398,Public,215,240,679620,334,679620,202,224,695979,326,695979,,,,,,13,13,69720,19,69720,,,,,
192000,HESSTON COLLEGE,KS,670623000,Private-Nonprofit,176,176,677976,324,677976,190,200,672203,369,672203,,,,,,42,43,672721,75,672721,,,,,
192100,HIGHLAND COMMUNITY COLLEGE,KS,660354062,Public,265,266,775190,684,775190,216,218,638206,557,638206,,,,,,8,8,59281,21,59281,,,,,
192300,HUTCHINSON COMMUNITY COLLEGE,KS,675015894,Public,674,682,2133986,1108,2128986,664,674,2699030,1092,2689496,,,,,,14,14,73890,27,73890,,,,,
192400,INDEPENDENCE COMMUNITY COLLEGE,KS,673010000,Public,168,173,551889,300,495087,132,137,365647,232,318955,,,,,,4,4,32473,8,27365,,,,,
192500,KANSAS CITY KANSAS COMMUNITY COLLEGE,KS,661129978,Public,240,243,658216,431,644899,249,254,817636,455,805832,,,,,,7,7,55356,12,55356,,,,,
192600,PITTSBURG STATE UNIVERSITY,KS,667627500,Public,1202,1205,4574178,2376,4570428,1308,1311,5110102,2431,5108735,461,467,5017624,1182,5001874,175,193,1770581,389,1770581,14,18,75177,28,75177
192700,EMPORIA STATE UNIVERSITY,KS,668015415,Public,622,673,2192662,1111,2190912,712,770,2800763,1283,2794763,904,1319,9613694,1723,9602665,84,86,830875,150,824875,10,11,123081,14,100866
192800,KANSAS STATE UNIVERSITY,KS,665060112,Public,3601,4335,14599734,7341,14573220,4981,5640,21948631,9587,21881518,1451,2139,28592901,3616,28382454,1238,1379,20897561,2418,20878557,396,630,7947421,895,7942824
192900,KANSAS WESLEYAN UNIVERSITY,KS,674016196,Private-Nonprofit,498,498,2111227,921,2110610,603,658,2294443,1200,2294443,22,22,331501,74,306901,174,176,2618737,313,2618737,,,,,
193000,LABETTE COMMUNITY COLLEGE,KS,673574299,Public,90,92,293702,154,293702,80,82,360870,143,360870,,,,,,3,3,29134,6,29134,,,,,
193100,MANHATTAN CHRISTIAN COLLEGE,KS,665024081,Private-Nonprofit,65,66,263164,115,260414,64,68,207949,114,203449,,,,,,14,15,182108,23,182108,,,,,
193300,MCPHERSON COLLEGE,KS,674603899,Private-Nonprofit,462,471,1819554,832,1819554,508,574,1688772,1021,1688772,,,,,,156,172,2577756,299,2577756,,,,,
193600,NEOSHO COUNTY COMMUNITY COLLEGE,KS,667202699,Public,131,144,393493,266,383068,122,138,397809,258,388283,,,,,,5,6,38601,12,38601,,,,,
193700,OTTAWA UNIVERSITY,KS,660673399,Private-Nonprofit,1190,1200,4736526,2077,4681124,1329,1347,4859649,2333,4759786,282,309,4186496,523,3973920,489,496,10603421,900,10603421,8,8,126178,14,126178
193800,PRATT COMMUNITY COLLEGE,KS,671248432,Public,158,167,557480,269,482536,165,173,451837,283,407066,,,,,,5,5,37735,9,37735,,,,,
193900,NEWMAN UNIVERSITY,KS,672132084,Private-Nonprofit,284,314,1207181,520,1123884,311,353,1536784,600,1418080,111,124,1911440,178,1207639,92,108,1418480,186,1417480,66,87,2296678,109,1125598
194000,SOUTHWESTERN COLLEGE,KS,671562499,Private-Nonprofit,385,396,1542885,666,1493523,430,502,1680219,858,1620711,29,32,455169,45,352523,108,116,1888186,204,1876536,1,1,5000,1,5000
194300,UNIVERSITY OF SAINT MARY,KS,660485023,Private-Nonprofit,437,439,1866790,815,1801455,483,550,1923285,1026,1861270,331,338,5741932,698,5456198,135,136,1841449,249,1773922,107,112,3494882,277,3373594
194500,STERLING COLLEGE,KS,675791533,Private-Nonprofit,286,287,1165407,502,1114032,278,297,900030,513,832562,18,18,361500,39,361500,89,90,1528385,159,1528385,1,1,9203,2,9203
194600,TABOR COLLEGE,KS,670631799,Private-Nonprofit,221,221,912195,402,905195,262,279,993790,509,989790,45,45,556713,99,550213,61,62,670077,114,670077,,,,,
194800,UNIVERSITY OF KANSAS,KS,660457535,Public,4780,5073,19414891,9015,19213933,6850,7423,30687570,13423,30407575,2538,3347,58153797,5522,52844996,2773,3284,54959224,5766,54652078,616,962,15841917,1394,15582481
194900,WASHBURN UNIVERSITY - TOPEKA,KS,666211110,Public,1493,1529,5101697,2515,5096697,1558,1636,6719442,2734,6715877,417,432,7151576,767,7151576,181,196,1915828,334,1915828,165,220,2854491,365,2848184
195000,WICHITA STATE UNIVERSITY,KS,672600024,Public,3411,3509,13602389,6151,13600907,3329,3460,14534753,6051,14534753,1031,1109,15636885,1872,15634885,277,308,4098545,551,4098545,140,218,2327796,295,2327796
195100,ALICE LLOYD COLLEGE,KY,418449703,Private-Nonprofit,112,120,392124,192,392124,112,119,352364,197,352364,,,,,,2,2,7500,3,7500,,,,,
195200,ASBURY UNIVERSITY,KY,403901198,Private-Nonprofit,529,580,2108976,1036,2106643,572,609,2068415,1099,2068415,125,166,2557746,231,1781150,100,120,1467587,196,1467587,3,5,49914,6,46352
195300,ASBURY THEOLOGICAL SEMINARY,KY,403901199,Private-Nonprofit,,,,,,,,,,,158,166,2050583,318,2050583,,,,,,,,,,
195400,BELLARMINE UNIVERSITY,KY,402051877,Private-Nonprofit,782,830,3230572,1448,3230572,969,1071,4188685,1906,4188685,399,465,6668926,721,6668926,144,171,1960293,272,1960293,191,342,5329687,435,5329687
195500,BEREA COLLEGE,KY,404042182,Private-Nonprofit,1,1,1000,1,1000,67,82,298868,122,298868,,,,,,1,1,2251,2,2251,,,,,
195800,BRESCIA UNIVERSITY,KY,423013023,Private-Nonprofit,245,255,1006650,438,958967,247,281,1122756,483,1060609,110,116,2066285,205,2030660,47,47,682854,87,638002,48,65,867102,108,867102
195900,CAMPBELLSVILLE UNIVERSITY,KY,427182799,Private-Nonprofit,1070,1124,3629885,1873,3554710,1080,1195,3875680,2012,3794505,834,1444,15309362,2010,14620737,91,102,1021458,173,1013774,139,227,2243518,340,2225218
196000,SPALDING UNIVERSITY,KY,402032188,Private-Nonprofit,339,347,1443290,607,1381432,374,397,1544686,694,1475371,514,761,12400927,1008,8322956,53,63,737698,103,737698,178,300,4006163,374,3476552
196100,CENTRE COLLEGE OF KENTUCKY,KY,404221394,Private-Nonprofit,465,470,1905171,894,1905171,613,624,2356390,1200,2356390,,,,,,95,96,1698833,172,1698833,,,,,
196200,UNIVERSITY OF THE CUMBERLANDS,KY,407691372,Private-Nonprofit,3462,4165,12277477,7222,11314951,3090,3600,15007823,6662,14181803,5533,6309,81172434,12655,78405379,33,46,252860,70,240094,615,812,15949256,1442,15708223
196300,EASTERN KENTUCKY UNIVERSITY,KY,404753102,Public,4760,4843,17810635,8293,17810635,5168,5306,21769893,9102,21769893,1339,1583,20487735,2659,20487735,479,492,6046319,1065,6046319,125,142,1230085,235,1230085
196400,GEORGETOWN COLLEGE,KY,403241628,Private-Nonprofit,324,340,1199873,601,1181736,593,727,2580518,1160,2545833,98,100,382010,110,380282,72,79,801417,138,798661,1,2,12686,3,12686
196500,KENTUCKY CHRISTIAN UNIVERSITY,KY,411432205,Private-Nonprofit,267,268,895945,456,895945,298,312,833992,531,833992,28,28,358550,61,358550,53,58,604291,93,604291,,,,,
196800,KENTUCKY STATE UNIVERSITY,KY,406012355,Public,1013,1026,3941689,1789,3799168,972,1056,3410629,1829,3266433,62,62,1067732,112,1048482,216,241,3087359,401,2998392,9,9,146320,15,146320
196900,KENTUCKY WESLEYAN COLLEGE,KY,423016057,Private-Nonprofit,417,424,1538165,836,1512044,447,489,1643609,942,1623226,,,,,,58,62,656998,114,656998,,,,,
197100,LEXINGTON THEOLOGICAL SEMINARY,KY,405033337,Private-Nonprofit,,,,,,,,,,,2,2,11000,2,11000,,,,,,,,,,
197200,LINDSEY WILSON COLLEGE,KY,427281223,Private-Nonprofit,707,753,2641491,1305,2599074,613,665,2397422,1188,2346875,604,656,9219833,1383,9064783,41,45,422907,78,422907,40,47,680497,96,680497
197400,LOUISVILLE PRESBYTERIAN THEOLOGICAL SEMINARY,KY,402051798,Private-Nonprofit,,,,,,1,1,7500,1,3750,17,17,243907,29,234907,,,,,,1,1,15514,2,15514
197500,MIDWAY UNIVERSITY,KY,403471120,Private-Nonprofit,767,858,3039803,1387,2979465,729,842,2849683,1400,2744510,140,215,1578402,283,1532652,102,119,1658716,190,1623125,7,8,118523,14,117023
197600,MOREHEAD STATE UNIVERSITY,KY,403511689,Public,1465,1512,5111522,2686,5102030,1597,1723,6094353,3097,6078892,233,255,3577245,430,3530385,138,159,1433693,311,1433693,10,12,145085,23,139014
197700,MURRAY STATE UNIVERSITY,KY,420710009,Public,1860,1934,7211045,3435,7211045,2208,2453,9090617,4357,9087867,765,876,11216425,1410,11216425,350,424,3816494,686,3816494,114,165,2192550,214,2192550
197900,WEST KENTUCKY COMMUNITY AND TECHNICAL COLLEGE,KY,420027380,Public,473,531,1497696,944,1468631,448,572,1740718,994,1691210,,,,,,3,3,26303,5,26303,,,,,
198000,UNIVERSITY OF PIKEVILLE,KY,415011194,Private-Nonprofit,564,589,2236758,1004,2221760,587,624,2013269,1075,1999879,718,946,36379563,1701,28506956,100,107,1190331,178,1190331,528,714,23134676,1326,18801335
198700,TRANSYLVANIA UNIVERSITY,KY,405081797,Private-Nonprofit,320,327,1363344,631,1363344,424,454,1568254,878,1568254,,,,,,91,97,1644788,187,1644788,,,,,
198800,UNION COMMONWEALTH UNIVERSITY,KY,409061499,Private-Nonprofit,394,410,1449264,753,1446767,389,446,1370842,821,1358696,122,223,1235509,433,1202526,61,68,583162,126,583162,,,,,
198900,UNIVERSITY OF KENTUCKY,KY,405060032,Public,5842,6061,24506486,11139,23884547,7390,7936,30203274,14735,29445777,4369,4906,97929602,8119,90431296,1935,2283,51350624,3907,51080345,1430,2039,35257400,3057,33153333
199000,ASHLAND COMMUNITY AND TECHNICAL COLLEGE,KY,411013683,Public,494,558,1724970,972,1588113,469,588,1894016,1016,1722798,,,,,,2,2,17048,4,17048,,,,,
199100,ELIZABETHTOWN COMMUNITY  AND TECHNICAL COLLEGE,KY,427013081,Public,799,953,2649046,1658,2506099,789,1134,3091350,1942,2883175,,,,,,8,8,68053,14,68053,,,,,
199300,HENDERSON COMMUNITY COLLEGE,KY,424204699,Public,174,189,516682,326,500548,171,201,642102,352,621110,,,,,,,,,,,,,,,
199400,HOPKINSVILLE COMMUNITY COLLEGE,KY,422412621,Public,324,350,1034278,613,1025694,296,374,1165864,663,1146733,,,,,,,,,,,,,,,
199600,BIG SANDY COMMUNITY AND TECHNICAL COLLEGE,KY,416531815,Public,447,516,1487262,904,1408272,421,573,1619008,985,1507682,,,,,,,,,,,,,,,
199700,SOMERSET COMMUNITY COLLEGE,KY,425012973,Public,1460,1520,4993627,2631,4674641,1260,1376,4464915,2334,4091488,,,,,,6,6,30357,10,30357,,,,,
199800,SOUTHEAST KENTUCKY COMMUNITY AND TECHNICAL COLLEGE,KY,408231099,Public,212,221,636652,402,605577,111,120,316916,220,304291,,,,,,,,,,,,,,,
199900,UNIVERSITY OF LOUISVILLE,KY,402081415,Public,3848,4410,15767262,7589,15767262,4172,4667,17598982,8171,17598982,2406,3511,60958615,6396,60958615,641,761,11583554,1430,11583554,1420,1856,42694840,3325,42694840
200100,THOMAS MORE UNIVERSITY,KY,410173495,Private-Nonprofit,476,477,1870649,872,1819531,652,695,2607469,1268,2544797,72,75,1069749,137,983557,117,123,1779663,222,1770034,2,2,21054,4,21054
200200,WESTERN KENTUCKY UNIVERSITY,KY,421013576,Public,3650,3804,14874534,6561,14183705,4448,4838,19487086,8505,18663238,825,925,13160305,1501,12594298,856,1018,11338885,1696,11107680,148,230,2001710,311,1980339
200300,CENTENARY COLLEGE OF LOUISIANA,LA,711043396,Private-Nonprofit,405,405,1557941,733,1557941,415,416,1362489,757,1362489,6,7,87263,12,87263,126,127,1912206,224,1912206,2,2,15614,4,15614
200400,DILLARD UNIVERSITY,LA,701223097,Private-Nonprofit,793,793,3550438,1501,3423111,792,969,3016260,1839,2890301,8,8,164000,16,164000,234,234,3975828,443,3852946,1,1,12660,2,12660
200500,NICHOLLS STATE UNIVERSITY,LA,703100001,Public,1607,1650,5868806,2798,5868806,1747,1831,7034943,3149,7034943,285,312,3658937,471,3658937,236,272,2423781,433,2423781,6,6,41867,7,41867
200600,GRAMBLING STATE UNIVERSITY,LA,712452215,Public,3045,3395,12186460,6312,12133757,2926,3105,11556574,5801,11524865,657,740,10193241,1341,10104538,868,926,10056467,1757,10037319,340,506,6828425,939,6744162
200700,LOUISIANA CHRISTIAN UNIVERSITY,LA,713605122,Private-Nonprofit,340,347,1300117,1149,1300117,386,426,1225535,1416,1225535,153,194,1617092,528,1604874,89,109,933679,294,933679,,,,,
200800,LOUISIANA TECH UNIVERSITY,LA,712720001,Public,1986,2088,7687280,5498,7678294,2563,2839,10490653,7636,10485039,236,283,3416708,640,3416708,915,1051,10108201,2644,10104032,66,79,347082,163,347082
201000,LOUISIANA STATE UNIVERSITY & AGRICULTURAL & MECHANICAL COLLEGE,LA,708035710,Public,8219,9164,34908621,16008,32265085,9271,10984,37490641,19344,34797322,2941,4128,70303313,6971,53607249,3487,4040,79282291,6942,77122871,1029,1327,19248641,2302,18092285
201100,LOUISIANA STATE UNIVERSITY AT ALEXANDRIA,LA,713029121,Public,2774,2956,10731421,5493,10650354,2756,2982,13927948,5524,13820382,,,,,,61,68,488815,134,487149,,,,,
201200,LOUISIANA STATE UNIVERSITY AT EUNICE,LA,705356726,Public,1067,1097,3304471,1885,3287194,890,924,3327258,1547,3251065,,,,,,16,16,95420,31,95420,,,,,
201300,LOUISIANA STATE UNIVERSITY IN SHREVEPORT,LA,711152399,Public,761,787,2918768,1321,2782734,850,877,4159501,1459,3914521,4255,4353,54508363,12916,44394943,17,17,179621,30,170579,110,111,1804113,232,1699950
201400,LOUISIANA STATE UNIVERSITY HEALTH SCIENCES CENTER,LA,701122223,Public,350,369,1461536,692,1450741,376,400,1874356,726,1869628,1113,1162,30478651,2401,30239841,37,39,605176,63,602426,703,795,22494357,1701,22332982
201500,UNIVERSITY OF NEW ORLEANS (THE),LA,701480001,Public,1642,1930,6790309,3405,6443566,1466,1604,5879649,2816,5584994,412,468,6509243,789,6288907,128,139,1327095,278,1312145,47,50,501545,84,494717
201600,LOYOLA UNIVERSITY NEW ORLEANS,LA,701186195,Private-Nonprofit,1337,1373,5923155,2520,5640040,1431,1534,5249587,2857,4962572,722,788,14790321,1435,13394634,333,401,7171814,655,7089084,437,574,19139687,993,18515204
201700,MCNEESE STATE UNIVERSITY,LA,706094510,Public,1543,1626,5690218,2944,5608741,1722,1828,7513110,3340,7413233,226,246,3198138,444,3147103,106,136,968766,249,960537,,,,,
202000,UNIVERSITY OF LOUISIANA AT MONROE,LA,712099001,Public,1920,2021,7232931,3362,7208931,1934,2099,7549018,3530,7523768,1075,1346,20308799,2115,19470141,205,242,1725017,365,1725017,202,271,2801601,338,2748597
202100,NORTHWESTERN STATE UNIVERSITY,LA,714970001,Public,2335,2465,9117858,4399,8840434,2389,2676,10724687,4798,10324977,436,494,7210978,881,6850380,210,244,2407539,467,2376040,67,104,1482077,168,1124270
202300,UNIVERSITY OF HOLY CROSS,LA,701317399,Private-Nonprofit,223,227,759092,391,752842,261,268,1140491,465,1123852,220,229,3494341,500,3421824,12,21,125090,25,125090,34,38,617361,73,617361
202400,SOUTHEASTERN LOUISIANA UNIVERSITY,LA,704020001,Public,3430,4250,13159085,6598,13013630,3540,4242,14034218,6704,13818642,570,706,7991042,995,7940854,634,682,7231825,1257,7156272,117,123,878353,210,874223
202500,SOUTHERN UNIVERSITY AND AGRICULTURAL & MECHANICAL COLG AT BATON ROUGE,LA,708139374,Public,4724,4834,17896333,8743,17470812,4625,5037,15228578,9120,14676381,1162,1191,21657782,2211,20574093,873,1045,11079576,1971,10944551,627,932,19310619,1801,19193415
202600,SOUTHERN UNIVERSITY AT NEW ORLEANS,LA,701260002,Public,855,880,3079739,1630,2989908,867,925,3869759,1704,3746887,267,301,4715918,588,4199725,73,79,686361,148,669089,29,39,376519,78,342629
202700,SAINT JOSEPH SEMINARY COLLEGE,LA,704579990,Private-Nonprofit,3,3,13500,6,13500,4,4,11500,8,11500,,,,,,,,,,,,,,,
202900,TULANE UNIVERSITY,LA,701185698,Private-Nonprofit,1229,1236,5055574,2331,5037398,1645,1675,7027430,3218,6989052,2201,2531,52659227,4513,52023557,618,678,23780952,1237,23638988,1500,1769,52841288,3567,52306040
203100,UNIVERSITY OF LOUISIANA AT LAFAYETTE,LA,705032014,Public,4884,5156,20057204,9012,19167449,5084,5585,20016235,9924,19198118,681,798,10533987,1198,9915704,875,1031,12542068,1735,12273187,63,81,614497,107,598811
203200,XAVIER UNIVERSITY OF LOUISIANA,LA,701251098,Private-Nonprofit,1451,1573,5765883,2846,5710496,1483,1735,4698983,3189,4665411,462,482,10454987,952,10438104,635,747,13321256,1336,13237294,389,461,11575862,886,11529332
203300,UNIVERSITY OF MAINE AT PRESQUE ISLE,ME,047692888,Public,703,873,2025520,1161,2025520,670,788,3051113,1075,3051113,92,133,775709,153,775709,6,7,31023,10,31023,1,1,14234,1,14234
203600,BATES COLLEGE,ME,042406028,Private-Nonprofit,123,129,453517,252,453517,175,187,838644,368,838644,,,,,,71,74,2886102,142,2886102,,,,,
203800,BOWDOIN COLLEGE,ME,040110000,Private-Nonprofit,53,54,197348,105,197348,134,135,727593,248,727593,,,,,,63,73,2230978,116,2230978,,,,,
203900,COLBY COLLEGE,ME,049018840,Private-Nonprofit,81,83,247881,157,247881,202,209,1154572,407,1154572,,,,,,68,72,2735795,127,2735795,,,,,
204000,UNIVERSITY OF MAINE - FARMINGTON,ME,049381990,Public,475,500,1848406,888,1848406,552,614,2110189,1088,2110189,72,93,1020767,157,1020767,61,70,640297,109,640297,10,12,59382,18,59382
204100,UNIVERSITY OF MAINE - FORT KENT,ME,047431292,Public,145,160,506243,248,506243,179,201,948992,324,948992,87,139,1146856,186,1146856,4,5,43345,8,43345,,,,,
204300,HUSSON UNIVERSITY,ME,044012999,Private-Nonprofit,1876,2262,5841484,4601,5832150,2191,2579,7416391,5327,7407017,490,547,8159274,1027,8149023,225,347,3016227,550,3016227,92,153,1166957,204,1166957
204400,MAINE MARITIME ACADEMY,ME,044200001,Public,409,409,1759298,767,1734034,494,502,1810796,953,1782250,8,8,109940,22,109940,79,79,2224228,143,2199228,,,,,
205000,UNIVERSITY OF NEW ENGLAND,ME,040059599,Private-Nonprofit,1080,1084,4670174,2065,4626510,1424,1437,5022343,2737,4976587,1821,2457,56089692,3288,40914677,349,397,9437243,669,9437243,1372,2734,65144844,2798,64616037
205100,SAINT JOSEPH'S COLLEGE,ME,040845236,Private-Nonprofit,531,573,2148839,1054,2136274,701,760,2757712,1398,2747063,142,211,1747541,390,1747541,98,105,1855283,181,1855283,3,6,41045,9,41045
205200,THOMAS COLLEGE,ME,049015097,Private-Nonprofit,354,428,1502526,705,1502526,438,518,1522877,862,1522877,69,76,1048010,235,1035710,54,63,789195,100,789195,2,2,36378,4,36378
205300,UNIVERSITY OF MAINE,ME,044690001,Public,2486,2600,10132447,4886,10131349,3432,3612,14249893,6882,14249893,385,496,5713669,814,5713669,498,615,9708111,1027,9708111,42,54,518740,78,518740
205400,UNIVERSITY OF SOUTHERN MAINE,ME,041049301,Public,1354,1518,5413917,2590,5413917,1622,1839,7101986,3118,7101986,880,1174,13224658,1855,13224658,134,185,2050820,265,2050820,324,393,3844186,656,3844186
205700,ALLEGANY COLLEGE OF MARYLAND,MD,215022596,Public,757,827,2346755,1406,2096732,783,851,3423668,1458,3052579,,,,,,25,31,273879,58,273879,,,,,
205800,ANNE ARUNDEL COMMUNITY COLLEGE,MD,210121895,Public,898,938,2605027,1433,2571265,999,1056,3870366,1606,3825669,,,,,,2,2,17468,2,9104,,,,,
206200,BOWIE STATE UNIVERSITY,MD,207159465,Public,2234,2234,9294993,4243,8729023,2106,2107,8081944,3924,7511294,404,404,6012436,754,5579012,455,490,7610656,898,7474762,31,33,336732,53,310719
206300,COMMUNITY COLLEGE OF BALTIMORE COUNTY,MD,212285381,Public,1370,1407,4865864,2387,4418660,1438,1487,7339636,2538,6657217,,,,,,44,58,567979,113,565979,,,,,
206400,COLLEGE OF SOUTHERN MARYLAND,MD,206460910,Public,548,550,1792000,842,1573736,680,688,3055355,1039,2650166,,,,,,5,5,28893,7,26393,,,,,
206500,NOTRE DAME OF MARYLAND UNIVERSITY,MD,212102476,Private-Nonprofit,351,355,1476694,633,1380075,366,388,1752115,699,1627280,263,294,6734682,505,5899267,55,65,923332,103,873474,118,174,4232364,294,3549154
206700,WASHINGTON ADVENTIST UNIVERSITY,MD,209127796,Private-Nonprofit,208,208,802730,365,778883,250,250,1082782,446,1044629,51,53,985591,90,903591,53,53,829074,100,803214,11,11,128277,17,117571
206800,COPPIN STATE UNIVERSITY,MD,212163698,Public,623,623,2405346,1276,2401721,597,597,2292927,1265,2285215,134,134,1935952,282,1907390,81,92,984549,192,984549,19,23,201982,44,201982
207100,FREDERICK COMMUNITY COLLEGE,MD,217029745,Public,398,410,1168722,717,1159983,429,445,1709217,774,1703152,,,,,,10,11,80621,18,80621,,,,,
207200,FROSTBURG STATE UNIVERSITY,MD,215321099,Public,884,939,3388363,1606,3256815,1120,1236,4590705,2147,4394775,218,264,3631384,373,2904848,249,292,3818924,501,3818924,62,75,2621433,91,1031110
207300,GOUCHER COLLEGE,MD,212042794,Private-Nonprofit,409,412,1699854,769,1651415,448,475,1603408,875,1533434,91,133,1141892,151,1135204,125,146,2412548,230,2353610,13,24,271653,24,271653
207400,HAGERSTOWN COMMUNITY COLLEGE,MD,217426514,Public,620,633,1876335,1070,1805889,654,687,1804425,1173,1740132,,,,,,4,4,22113,8,22113,,,,,
207500,HARFORD COMMUNITY COLLEGE,MD,210151696,Public,418,428,1318746,647,1318746,527,544,2261953,809,2261953,,,,,,15,15,99588,26,99588,,,,,
207600,HOOD COLLEGE,MD,217018575,Private-Nonprofit,446,450,1898128,835,1879518,566,593,2298498,1110,2277748,129,132,2077328,263,2072004,167,179,3306729,306,3265181,18,18,200347,33,194964
207700,JOHNS HOPKINS UNIVERSITY,MD,212182693,Private-Nonprofit,217,231,740189,392,740189,370,393,2031247,691,2031247,3891,4664,76019779,9351,72521950,222,258,7571626,447,7571626,1780,2500,63526586,4302,58153101
207800,LOYOLA UNIVERSITY MARYLAND,MD,212102699,Private-Nonprofit,1246,1249,5123841,2410,5123841,1864,1900,7473897,3676,7473897,296,406,7010677,600,5431029,541,618,13331838,1069,13331838,71,90,1887100,133,1618481
208000,MARYLAND INSTITUTE COLLEGE OF ART,MD,212174191,Private-Nonprofit,415,490,1803209,809,1803209,435,504,1453945,853,1453945,206,233,4339724,388,3819125,196,206,7286618,380,7286618,107,115,3094576,194,2845024
208300,MORGAN STATE UNIVERSITY,MD,212510002,Public,5366,5540,21657703,10483,21555207,5446,6397,19340043,12117,19248134,631,656,11063441,1248,11031725,1795,2229,36460159,4364,36342818,127,145,2613099,277,2590584
208600,MOUNT ST. MARY'S UNIVERSITY,MD,217277799,Private-Nonprofit,571,614,2330880,1114,2324247,801,863,3081785,1580,3063929,151,272,2015887,430,1888795,221,243,4458967,422,4458967,2,3,19129,3,13129
208900,PRINCE GEORGE'S COMMUNITY COLLEGE,MD,207742199,Public,1487,1513,4254177,2609,4211271,1377,1397,5160442,2400,5123688,,,,,,6,6,32503,11,32503,,,,,
209100,SALISBURY UNIVERSITY,MD,218016862,Public,1561,1659,6206996,2937,6204246,2104,2311,8841279,4146,8840279,306,353,4841344,590,4841344,902,1009,15274129,1765,15274129,141,164,1221011,267,1221011
209200,ST. JOHN'S COLLEGE,MD,214011655,Private-Nonprofit,148,148,669453,291,667703,190,198,760522,384,757522,35,36,441119,56,434286,29,29,615826,53,615826,4,5,51908,7,40933
209300,SAINT JOHN'S COLLEGE,NM,875054599,Private-Nonprofit,123,123,555169,238,555169,131,131,436429,255,436429,37,38,601583,73,594750,23,24,518286,45,518286,2,3,38360,6,38360
209500,SAINT MARY'S COLLEGE OF MARYLAND,MD,206863001,Public,378,380,1569349,711,1537948,588,605,2537632,1148,2496424,4,4,82000,16,82000,168,178,3139668,319,3067279,1,1,25623,4,25623
209900,TOWSON UNIVERSITY,MD,212520002,Public,5017,5288,19690213,9452,19682963,5785,6194,21547451,11046,21535951,742,830,11321974,1358,11321974,1924,2197,35105273,3828,35105273,113,196,1704296,265,1704296
210200,UNIVERSITY OF BALTIMORE,MD,212015779,Public,385,400,1490470,644,1490470,394,423,2238213,673,2238213,1031,1101,17986574,1913,17986574,3,4,17002,6,17002,430,607,12560759,948,12560759
210300,"UNIVERSITY OF MARYLAND, COLLEGE PARK",MD,207425145,Public,3810,3983,15844653,7409,15563089,5367,5711,23579771,10697,23233495,1415,1704,23673503,2953,22773944,1441,1683,36267115,2919,35966190,799,1071,14190923,1799,13790936
210400,"UNIVERSITY OF MARYLAND, BALTIMORE",MD,212011691,Public,412,419,1980706,681,1957086,399,409,2088160,673,2072880,2597,2736,64064448,4769,57962761,36,39,819977,61,772335,1863,2288,71409285,3839,61451957
210500,UNIVERSITY OF MARYLAND - BALTIMORE COUNTY,MD,212500002,Public,2319,2660,9479926,4672,9479926,2505,2744,10468658,4954,10468658,291,314,4358219,514,4358219,921,1011,17409766,1785,17409766,35,41,709023,67,709023
210600,UNIVERSITY OF MARYLAND - EASTERN SHORE,MD,218531299,Public,1129,1143,4234340,2108,4196883,1145,1275,3819833,2353,3784652,325,334,6819010,609,6753048,220,250,3231365,473,3181045,136,217,4295849,412,4217171
210700,STEVENSON UNIVERSITY,MD,211530641,Private-Nonprofit,1170,1170,4591947,2182,4476351,1498,1498,5834381,2805,5627364,319,320,5648102,666,5053336,614,625,12887223,1175,12817500,21,21,358850,40,329509
210800,WASHINGTON COLLEGE,MD,216201197,Private-Nonprofit,285,286,1189654,545,1185927,421,421,1632258,807,1628758,,,,,,88,101,2085211,167,2085211,,,,,
210900,MCDANIEL COLLEGE,MD,211574390,Private-Nonprofit,715,726,2836526,1309,2820282,850,911,3077609,1667,3057859,213,224,3024244,474,2992577,234,269,4346460,444,4335751,8,10,160700,17,160700
211400,AMERICAN INTERNATIONAL COLLEGE,MA,011093189,Private-Nonprofit,677,715,2968909,1288,2831008,757,869,2884537,1565,2709029,515,747,8708054,1331,7484932,161,217,2614398,338,2594344,90,146,1994342,232,1860236
211500,AMHERST COLLEGE,MA,010025000,Private-Nonprofit,76,80,283349,144,283349,142,149,711181,271,711181,,,,,,56,58,2122004,100,2122004,,,,,
211700,ANNA MARIA COLLEGE,MA,016121198,Private-Nonprofit,503,894,1916541,894,1916541,627,1125,2350917,1125,2350917,129,247,2037518,248,2037518,137,238,2550284,243,2550284,11,20,156815,21,156815
211800,ASSUMPTION UNIVERSITY,MA,016151294,Private-Nonprofit,714,714,2932834,1369,2932834,1112,1112,4498342,2139,4498086,93,94,1626820,168,1585820,237,265,5338855,450,5338855,40,44,899985,74,870743
212000,MERRIMACK COLLEGE,MA,018455800,Private-Nonprofit,1518,1571,6811570,2934,6622055,2206,2290,8538459,4308,8330567,611,761,13150490,1032,9474172,447,527,13514211,839,13489871,113,142,1968742,178,1712660
212100,BABSON COLLEGE,MA,024570310,Private-Nonprofit,478,478,2034022,914,2034022,317,319,1439683,598,1436433,109,110,1992862,193,1972362,82,85,3219920,148,3219920,20,20,603070,37,603070
212200,BAY PATH UNIVERSITY,MA,011062212,Private-Nonprofit,817,817,3107139,2225,3092151,846,868,4035462,2334,4028712,1246,1246,21246465,3149,20542057,49,55,606482,94,606482,259,333,8055422,605,8030888
212400,BENTLEY UNIVERSITY,MA,024524705,Private-Nonprofit,1376,1381,6097985,2694,6078985,1806,1832,6224220,3551,6200470,185,185,3451682,295,3441432,313,350,11172552,681,11172552,36,41,611975,68,611975
212600,BERKLEE COLLEGE OF MUSIC,MA,022153693,Private-Nonprofit,2022,2028,8261595,4035,7972080,2647,2682,10951669,5296,10419441,305,306,5213091,668,4426208,560,790,22404933,1242,22380305,109,201,2654493,324,2580080
212800,BOSTON COLLEGE,MA,024673800,Private-Nonprofit,2138,2168,9476371,4217,9473438,1001,1062,4361614,2065,4359048,1442,1768,30050128,2757,27238046,545,638,22973870,1103,22963870,661,899,23064074,1413,21924011
213000,BOSTON UNIVERSITY,MA,022151789,Private-Nonprofit,2556,2656,11151309,5025,11081244,2278,2427,8939701,4589,8897232,4272,4494,87088338,7955,86988850,783,912,29744625,1631,29012137,1882,2591,94806817,4826,94651371
213300,BRANDEIS UNIVERSITY,MA,024532728,Private-Nonprofit,828,828,3477737,1600,3476737,464,471,2037724,877,2036051,239,239,3862318,551,3862318,159,177,5961945,299,5961945,55,57,1539660,123,1539660
213900,CLARK UNIVERSITY,MA,016101473,Private-Nonprofit,866,894,3938949,1708,3876274,1183,1206,4499086,2313,4444595,88,89,1341532,149,1328282,190,242,4290136,366,4290136,16,21,244211,29,244211
214000,COLLEGE OF OUR LADY OF THE ELMS,MA,010132839,Private-Nonprofit,576,592,2560628,1104,2402168,626,644,2752654,1201,2536983,126,126,2145029,218,1732728,72,81,1492402,139,1447322,23,24,403303,39,318102
214100,COLLEGE OF THE HOLY CROSS,MA,016102395,Private-Nonprofit,657,668,2664840,1298,2664840,770,780,3917066,1528,3917066,,,,,,198,218,8101718,373,8101718,,,,,
214300,CURRY COLLEGE,MA,021862395,Private-Nonprofit,1073,1132,4302072,2074,4294627,1331,1437,4930180,2658,4912002,79,87,1317456,162,1304288,236,268,5384429,498,5384429,11,12,260016,29,260016
214400,DEAN COLLEGE,MA,020381994,Private-Nonprofit,595,599,2415150,1150,2415150,789,803,2780265,1544,2780265,,,,,,228,282,5782767,554,5782767,,,,,
214500,EASTERN NAZARENE COLLEGE,MA,021702999,Private-Nonprofit,8,8,19904,8,19904,13,13,45712,13,45712,5,6,58824,8,58824,,,,,,,,,,
214600,EMERSON COLLEGE,MA,021164624,Private-Nonprofit,1235,1427,5686459,2549,5669959,1515,1597,5086478,2876,5075228,817,1022,16115219,1589,16049720,417,459,15558303,836,15558303,281,326,6871052,539,6864206
214700,EMMANUEL COLLEGE,MA,021155798,Private-Nonprofit,797,867,3405362,1594,3405362,1136,1196,4207227,2244,4207227,21,36,221598,39,207931,236,271,5211106,442,5211106,,,,,
214800,ENDICOTT COLLEGE,MA,019152098,Private-Nonprofit,1263,1287,5485151,2480,5485151,1960,2011,7718188,3886,7718188,326,366,4439802,540,4439802,352,422,9781707,698,9781707,20,23,308364,37,308364
215000,FISHER COLLEGE,MA,021161500,Private-Nonprofit,714,762,2616817,1908,2431241,752,789,2699966,1943,2461091,90,91,1277239,220,1188147,91,104,1274447,191,1272572,6,6,54630,17,51857
215100,BENJAMIN FRANKLIN CUMMINGS INSTITUTE,MA,021166296,Private-Nonprofit,309,309,949393,552,942552,297,297,828105,517,821437,,,,,,2,2,13300,4,13300,,,,,
215300,GORDON COLLEGE,MA,019841899,Private-Nonprofit,469,469,1987008,885,1987008,650,660,2428458,1248,2428458,13,13,92534,14,92534,130,174,2538866,256,2538866,,,,,
215400,HELLENIC COLLEGE & HOLY CROSS GREEK ORTHODOX SCHOOL OF THEOLOGY,MA,024457496,Private-Nonprofit,29,29,124596,55,124596,29,29,102669,53,102669,34,34,354838,61,354838,5,5,96176,11,96176,4,4,18127,6,18127
215500,HARVARD UNIVERSITY,MA,021383800,Private-Nonprofit,207,215,857045,369,857045,386,394,2196497,716,2196497,2386,2495,51221983,4630,51221983,132,148,4659565,243,4659565,895,1120,43517568,2049,43517568
215700,HEBREW COLLEGE,MA,024662237,Private-Nonprofit,,,,,,,,,,,31,31,546885,63,546885,,,,,,7,7,134198,14,134198
215800,LASELL UNIVERSITY,MA,024662716,Private-Nonprofit,664,695,2752687,1329,2735537,850,865,2945891,1669,2918861,204,204,2525128,774,2386715,181,193,3593721,348,3593721,20,20,255846,46,219214
216000,LESLEY UNIVERSITY,MA,021382790,Private-Nonprofit,573,668,2330847,1194,2314095,655,707,2575924,1294,2547131,629,711,10374566,1797,10294780,104,121,2469308,201,2469308,158,221,3189529,438,3137628
216100,UNIVERSITY OF MASSACHUSETTS - LOWELL,MA,018542881,Public,4200,4320,15571126,7817,15571126,5636,5821,24055498,10942,24040009,862,906,11507478,1473,11506736,531,602,8340805,994,8340805,46,55,564847,82,564847
216400,NEW ENGLAND COLLEGE OF OPTOMETRY (THE),MA,021151129,Private-Nonprofit,,,,,,,,,,,157,233,9173152,351,5437406,,,,,,102,129,2910148,236,2523898
216500,MCPHS UNIVERSITY,MA,021155804,Private-Nonprofit,1995,2483,9773174,4151,9408081,2066,2615,8511966,4348,7931565,1383,2151,38244920,4554,34425741,502,712,16517732,1130,16330185,878,1365,33705195,2253,30692419
216700,BERKSHIRE COMMUNITY COLLEGE,MA,012015786,Public,339,349,1066307,632,1058750,327,374,1190123,685,1173437,,,,,,1,1,5928,2,5928,,,,,
216800,CAPE COD COMMUNITY COLLEGE,MA,026681599,Public,147,147,516911,270,476223,173,174,737521,320,665389,,,,,,7,7,75525,14,60400,,,,,
216900,GREENFIELD COMMUNITY COLLEGE,MA,013019739,Public,64,64,188953,108,188953,55,58,201525,100,201525,,,,,,,,,,,,,,,
217000,HOLYOKE COMMUNITY COLLEGE,MA,010401099,Public,635,711,2076678,1276,2075803,596,657,2948692,1180,2948692,,,,,,,,,,,,,,,
217100,MASSACHUSETTS BAY COMMUNITY COLLEGE,MA,024815399,Public,188,198,317608,307,317608,252,266,641499,408,641499,,,,,,3,3,13854,4,13854,,,,,
217200,MOUNT WACHUSETT COMMUNITY COLLEGE,MA,014401000,Public,333,334,925666,596,840308,335,336,1410774,599,1268359,,,,,,2,2,6067,4,4567,,,,,
217300,NORTH SHORE COMMUNITY COLLEGE,MA,019234093,Public,394,405,1306162,716,1287662,181,189,932370,346,918182,,,,,,6,6,103300,12,103300,,,,,
217400,NORTHERN ESSEX COMMUNITY COLLEGE,MA,018302399,Public,211,211,663522,320,621238,196,196,723979,314,682020,,,,,,3,3,25900,5,25900,,,,,
217500,QUINSIGAMOND COMMUNITY COLLEGE,MA,016062092,Public,2034,2153,6329381,3740,6286979,2297,2477,10686331,4310,10621956,,,,,,1,1,7500,2,7500,,,,,
217600,BRISTOL COMMUNITY COLLEGE,MA,027207399,Public,1392,1435,4937924,2495,4512041,1342,1375,6710465,2403,6153646,,,,,,5,6,60818,12,60818,,,,,
217700,MASSASOIT COMMUNITY COLLEGE,MA,023023996,Public,73,77,224477,141,224477,112,120,453027,219,449027,,,,,,,,,,,,,,,
217800,MASSACHUSETTS INSTITUTE OF TECHNOLOGY,MA,021394307,Private-Nonprofit,106,106,448431,205,440681,224,226,1191786,430,1169536,205,207,3926524,376,3697618,93,95,3975683,181,3894534,104,105,6892984,195,6022774
218000,MASSACHUSETTS COLLEGE OF ART AND DESIGN,MA,021155803,Public,742,742,3206916,1441,3206916,822,822,2835355,1588,2835355,24,26,446033,45,446033,168,189,4287121,323,4287121,11,15,190642,22,190642
218100,MASSACHUSETTS MARITIME ACADEMY,MA,025323400,Public,478,478,1853233,893,1802133,880,880,3881074,1667,3792274,15,15,187335,49,187335,96,104,2027957,180,1977310,,,,,
218300,BRIDGEWATER STATE UNIVERSITY,MA,023250001,Public,3365,3809,13803307,6549,13800557,4464,4900,18584594,8667,18583987,397,432,6151155,713,6140905,389,461,5877811,810,5877811,,,,,
218400,FITCHBURG STATE UNIVERSITY,MA,014202697,Public,953,953,3767131,1702,3749000,1192,1192,4988112,2160,4939223,638,638,7659387,1055,6525704,99,104,1381418,186,1376911,6,6,80755,11,66269
218500,FRAMINGHAM STATE UNIVERSITY,MA,017022471,Public,1078,1098,4135130,1964,4133380,1360,1428,5270133,2581,5266383,125,149,1214835,259,1214835,161,175,2164560,291,2150861,8,8,43458,16,43458
218700,MASSACHUSETTS COLLEGE OF LIBERAL ARTS,MA,012474100,Public,356,376,1385255,661,1385255,438,471,1577528,832,1574778,33,38,399059,60,399059,58,70,743138,106,743138,,,,,
218800,SALEM STATE UNIVERSITY,MA,019705353,Public,1631,1652,6411898,2986,6411898,1890,1931,7550509,3476,7550509,573,650,8195184,1066,8195184,261,286,3490035,486,3490035,20,23,181489,30,179833
218900,WESTFIELD STATE UNIVERSITY,MA,010861630,Public,1333,1333,5024165,2403,5024165,1792,1800,7258496,3298,7258496,346,349,5789154,650,5789154,266,268,3122579,482,3122579,55,56,1900221,116,1900221
219000,WORCESTER STATE UNIVERSITY,MA,016022597,Public,1333,1347,4485147,2408,4485147,1789,1881,7236333,3403,7236333,272,299,3654217,522,2985409,201,231,2595306,383,2595306,,,,,
219200,MOUNT HOLYOKE COLLEGE,MA,010751492,Private-Nonprofit,840,890,3674899,1620,3674899,421,495,1476556,861,1476556,59,85,852479,138,852479,152,203,3681523,293,3681523,1,2,11733,2,11733
219400,NEW ENGLAND CONSERVATORY OF MUSIC,MA,021155018,Private-Nonprofit,77,78,326709,147,326709,96,100,349975,187,349975,92,93,1696102,174,1696102,62,66,2226141,117,2226141,63,70,1702625,122,1702625
219700,NICHOLS COLLEGE,MA,015716346,Private-Nonprofit,592,592,2461035,1103,2448290,822,822,3014076,1537,2986455,60,60,1021272,113,837393,224,228,5096521,420,5096521,,,,,
219900,NORTHEASTERN UNIVERSITY,MA,021155000,Private-Nonprofit,3141,3242,13265662,6176,13253996,5214,5468,24329931,10201,24299038,2697,2970,51502998,5714,47105331,894,1210,32314170,2072,32314170,1076,1493,39593801,2814,34596990
220500,QUINCY COLLEGE,MA,021694339,Public,465,465,1556340,814,1543365,437,441,2099879,780,2082229,,,,,,12,12,146962,24,146962,,,,,
220600,REGIS COLLEGE,MA,024931571,Private-Nonprofit,460,486,2064444,888,2007510,576,618,2488970,1142,2382534,1077,1157,18286562,2116,15523953,97,113,2209844,194,2197079,120,157,2618988,243,2268071
220800,SIMMONS UNIVERSITY,MA,021155898,Private-Nonprofit,854,854,3480416,1624,3473581,1010,1023,3666185,1924,3657795,2052,2927,41010705,4290,40788411,132,135,2575144,240,2575144,322,447,5677027,621,5661394
220900,SMITH COLLEGE,MA,010632936,Private-Nonprofit,165,169,607319,330,607319,292,299,1401343,579,1401343,189,190,3229060,201,2044540,119,132,3772204,240,3772204,35,36,884292,38,465540
221000,UNIVERSITY OF MASSACHUSETTS - DARTMOUTH,MA,027472300,Public,2674,3136,10716447,5360,10714197,3247,3697,12704873,6519,12704873,574,641,10047482,1089,10047482,462,573,7286169,924,7286169,206,291,5765496,481,5765496
221100,SPRINGFIELD COLLEGE,MA,011093797,Private-Nonprofit,865,937,3856229,1698,3649099,1189,1267,4926254,2349,4705448,579,744,12660453,1085,9833351,242,302,5239810,485,5209810,168,332,3803778,356,3597960
221700,STONEHILL COLLEGE,MA,023576110,Private-Nonprofit,970,1007,4005548,1919,4005548,1479,1518,5714059,2917,5714059,13,13,172634,19,136660,254,317,6438566,541,6438566,3,3,13384,4,13384
221800,SUFFOLK UNIVERSITY,MA,021082770,Private-Nonprofit,2107,2385,9447630,4243,9379380,2527,2697,8657719,4908,8589469,1006,1103,21182063,1929,20503188,543,654,13894460,1120,13831346,526,652,23527084,1131,23232223
221900,TUFTS UNIVERSITY,MA,021555808,Private-Nonprofit,817,825,3597075,1583,3597075,478,505,2131821,966,2131821,2707,2835,85084423,5511,84887591,203,239,8328227,380,8328227,2016,2779,119197454,5271,119179648
222100,UNIVERSITY OF MASSACHUSETTS - AMHERST,MA,010030000,Public,6737,7226,28761156,13172,28753406,10150,10937,42940373,20047,42937259,907,1030,15123630,1633,15123630,914,1143,21269986,1792,21269986,91,139,1494457,194,1494457
222200,UNIVERSITY OF MASSACHUSETTS AT BOSTON,MA,021253393,Public,4762,5041,19377111,8735,19374731,5178,5720,20009140,9858,20002535,780,899,12672179,1468,12651679,367,447,6576052,727,6576052,68,92,1168945,133,1168945
222400,WELLESLEY COLLEGE,MA,024818203,Private-Nonprofit,304,376,1185308,732,1185308,162,172,685706,334,685706,,,,,,91,101,3044810,179,3044810,,,,,
222500,WENTWORTH INSTITUTE OF TECHNOLOGY,MA,021155998,Private-Nonprofit,1649,2132,7165027,3322,7128656,1997,2507,7025924,3972,6996058,105,107,1864110,202,1823108,530,741,15233090,1073,15192840,25,33,517145,48,517145
222600,WESTERN NEW ENGLAND UNIVERSITY,MA,011192684,Private-Nonprofit,1158,1217,4808071,2243,4808071,1638,1681,6195136,3167,6195136,491,492,11048898,982,11048898,271,281,5232992,541,5232992,263,268,6513093,549,6513093
222700,WHEATON COLLEGE,MA,027662322,Private-Nonprofit,722,722,3033712,1393,3020962,741,752,2687334,1453,2673834,,,,,,160,161,3221838,304,3180123,,,,,
222900,WILLIAMS COLLEGE,MA,012672600,Private-Nonprofit,28,28,97755,53,97755,137,138,768678,268,768678,,,,,,45,50,1839822,94,1839822,,,,,
223300,WORCESTER POLYTECHNIC INSTITUTE,MA,016092280,Private-Nonprofit,1813,1842,7922427,3548,7922427,2682,2731,10344326,5264,10343326,142,153,2589526,216,2569026,357,433,11371442,716,11355136,21,24,459471,39,459471
223400,ADRIAN COLLEGE,MI,492212575,Private-Nonprofit,875,892,3549834,1627,3500084,1057,1129,3663049,2087,3655049,46,46,606645,78,606645,276,325,5630063,546,5558667,5,6,85091,10,85091
223500,ALBION COLLEGE,MI,492241831,Private-Nonprofit,644,644,2659872,1195,2632902,734,805,2632614,1502,2607585,,,,,,109,121,1470080,212,1442977,,,,,
223600,ALMA COLLEGE,MI,488011599,Private-Nonprofit,527,527,2270802,989,2270802,654,697,2376795,1313,2376795,23,23,438750,41,438750,170,201,3156291,317,3156291,4,4,93368,7,93368
223700,ALPENA COMMUNITY COLLEGE,MI,497071495,Public,92,101,261798,195,261792,105,120,389039,230,388695,,,,,,8,10,59856,20,59856,,,,,
223800,ANDREWS UNIVERSITY,MI,491040750,Private-Nonprofit,411,478,1782946,810,1782946,432,497,1674724,848,1674724,350,549,7798047,797,7584580,178,194,3836661,336,3836661,163,255,4793202,378,4751309
223900,AQUINAS COLLEGE,MI,495061801,Private-Nonprofit,293,293,1251281,555,1232271,392,400,1546535,757,1528422,31,37,467515,57,457265,90,92,1514118,176,1503584,2,2,13000,2,13000
224000,BAY DE NOC COMMUNITY COLLEGE,MI,498292524,Public,348,348,1078093,604,1078093,357,357,1469756,618,1469756,,,,,,5,5,34574,11,34574,,,,,
224100,CALVIN UNIVERSITY,MI,495464388,Private-Nonprofit,696,815,2965524,1425,2922464,921,1037,3873365,1860,3816805,144,181,2693497,275,2386426,132,141,2142094,253,2142094,29,39,659306,63,520686
224200,CALVIN THEOLOGICAL SEMINARY,MI,495464387,Private-Nonprofit,,,,,,3,3,26920,6,26920,9,10,83977,18,83977,,,,,,,,,,
224300,CENTRAL MICHIGAN UNIVERSITY,MI,488590001,Public,3684,4062,14753433,7794,14538640,4279,4625,18451817,8850,18198660,1790,1904,37346199,3907,36889504,902,1059,10681655,1972,10675455,717,988,18494192,1690,18482100
224600,CLEARY UNIVERSITY,MI,488438566,Private-Nonprofit,409,413,1675487,723,1674487,496,505,2727635,865,2713885,180,182,2637153,351,2560641,41,46,577772,80,577772,2,2,34312,3,29228
224800,CRANBROOK ACADEMY OF ART,MI,483045162,Private-Nonprofit,,,,,,,,,,,58,62,1162000,121,1151750,,,,,,45,55,1093334,104,1070063
224900,DAVENPORT UNIVERSITY,MI,495129396,Private-Nonprofit,1521,1826,6246384,2898,6081263,1758,2164,9430919,3424,9194958,628,950,11875353,1362,11667482,241,296,4177477,479,4172477,108,171,2436574,231,2378907
225100,DELTA COLLEGE,MI,487100001,Public,668,693,1874571,1919,1648919,812,849,3242513,2469,2894626,,,,,,6,7,48936,20,44878,,,,,
225900,EASTERN MICHIGAN UNIVERSITY,MI,481972214,Public,3615,3859,15879188,6663,15217514,3984,4543,18897410,7849,17984955,1022,1303,17799349,1996,16994015,1156,1261,17575698,2244,17001678,493,650,7674283,1007,7505660
226000,FERRIS STATE UNIVERSITY,MI,493072251,Public,2681,2837,10289496,4853,10289496,3092,3319,13539295,5707,13539295,587,987,15718176,1819,15718176,336,387,4525330,636,4525330,149,184,2194845,273,2194845
226100,CHARLES STEWART MOTT COMMUNITY COLLEGE,MI,485032089,Public,1965,2001,6905236,3330,4230024,894,930,4644672,1565,2992935,,,,,,6,6,72125,14,72125,,,,,
226200,KETTERING UNIVERSITY,MI,485046214,Private-Nonprofit,407,782,1701220,800,1701220,473,911,1718445,924,1718445,21,39,201518,54,201518,140,190,3003278,263,3003278,1,2,8064,2,8064
226300,GLEN OAKS COMMUNITY COLLEGE,MI,490329719,Public,72,73,254245,195,254245,75,82,327374,239,327374,,,,,,9,9,52780,36,52780,,,,,
226400,GOGEBIC COMMUNITY COLLEGE,MI,499381365,Public,91,91,304289,159,304289,91,91,365961,158,365961,,,,,,1,1,17000,2,17000,,,,,
226500,GRACE CHRISTIAN UNIVERSITY,MI,495091998,Private-Nonprofit,514,516,1656152,829,1651277,515,526,1919497,839,1910329,66,66,569204,102,569204,23,23,289415,40,289415,1,1,4763,1,4763
226600,CORNERSTONE UNIVERSITY,MI,495255897,Private-Nonprofit,560,613,2441188,1083,2023554,637,710,3135628,1273,2525331,181,242,3731958,317,2242678,59,65,816713,109,816713,7,9,146927,12,89743
226700,GRAND RAPIDS COMMUNITY COLLEGE,MI,495033295,Public,1619,1772,4557546,3108,4544547,1159,1361,3660123,2477,3636551,,,,,,19,20,142322,36,142322,,,,,
226800,GRAND VALLEY STATE UNIVERSITY,MI,494019403,Public,6198,6513,24590372,11643,24590372,8352,9031,36306979,16212,36306979,1238,1393,20284696,2310,20284696,2179,2388,29887468,4200,29887468,613,881,10530853,1256,10530853
226900,GREAT LAKES CHRISTIAN COLLEGE,MI,489171299,Private-Nonprofit,95,95,394111,328,374111,92,92,343841,326,323687,,,,,,9,9,116983,26,112931,,,,,
227000,HENRY FORD COLLEGE,MI,481281495,Public,2099,2194,6514691,3715,6302353,1831,1931,7071568,3226,6807067,,,,,,3,3,15899,6,15899,,,,,
227300,HOPE COLLEGE,MI,494233607,Private-Nonprofit,881,882,3639957,1704,3639957,1309,1323,5449045,2588,5449045,,,,,,212,216,4315157,431,4315157,,,,,
227400,JACKSON COLLEGE,MI,492018399,Public,712,732,2508763,1207,2217332,697,717,3252061,1183,2846887,,,,,,15,17,120588,31,115588,,,,,
227500,KALAMAZOO COLLEGE,MI,490063295,Private-Nonprofit,409,415,1760339,1153,1760339,559,567,2095878,1596,2095878,,,,,,91,109,1743919,256,1743919,,,,,
227600,KELLOGG COMMUNITY COLLEGE,MI,490173397,Public,473,505,1555812,1456,1504495,486,572,2240082,1581,2109768,,,,,,4,5,29153,13,26480,,,,,
227700,LAKE MICHIGAN COLLEGE,MI,490221899,Public,373,380,1276246,603,1033306,105,114,481367,198,419074,,,,,,4,5,28250,10,28250,,,,,
227800,LANSING COMMUNITY COLLEGE,MI,489331293,Public,1645,1681,5062517,2584,4870731,1440,1477,5633182,2268,5411212,,,,,,46,58,702138,93,676224,,,,,
227900,LAWRENCE TECHNOLOGICAL UNIVERSITY,MI,480751058,Private-Nonprofit,627,745,2633972,1217,2624222,671,821,2426762,1378,2421262,231,383,4988491,523,4943051,324,462,8903111,692,8880450,96,208,3222743,285,3222743
228200,MADONNA UNIVERSITY,MI,481501176,Private-Nonprofit,705,722,2975943,1238,2958443,858,898,3920203,1564,3901671,135,141,2334977,241,2314499,125,128,1883761,232,1883761,12,12,158832,20,158832
228800,ROCHESTER CHRISTIAN UNIVERSITY,MI,483072704,Private-Nonprofit,366,366,1567148,645,1567148,510,529,2575441,947,2575073,22,22,328513,39,328513,44,44,587827,81,587827,1,1,12000,2,12000
229000,MICHIGAN STATE UNIVERSITY,MI,488241046,Public,10012,10026,42370004,20207,41945595,12528,12541,48514123,24263,48180801,3812,5577,108609266,12048,107082276,4332,4978,108959921,10046,108952776,2280,3279,67389049,5979,67379924
229200,MICHIGAN TECHNOLOGICAL UNIVERSITY,MI,499311295,Public,1527,1543,6264855,2855,6264855,2138,2168,8938583,4006,8938583,125,133,2087899,220,2087899,407,465,8373811,792,8373811,27,29,453709,45,453709
229300,LAKE SUPERIOR STATE UNIVERSITY,MI,497831691,Public,380,390,1473612,718,1473612,432,447,1763083,822,1761083,6,6,107667,11,69502,60,67,958657,127,942912,,,,,
229400,MONROE COUNTY COMMUNITY COLLEGE,MI,481619746,Public,332,332,752392,558,745567,330,331,1068420,572,1060366,,,,,,2,2,24029,5,24029,,,,,
229500,MONTCALM COMMUNITY COLLEGE,MI,488859723,Public,121,123,405856,199,387404,124,142,543712,240,534589,,,,,,3,3,41651,3,27634,,,,,
229700,MUSKEGON COMMUNITY COLLEGE,MI,494421432,Public,185,205,502840,572,451557,136,156,467275,455,419831,,,,,,2,3,22000,8,22000,,,,,
229900,NORTH CENTRAL MICHIGAN COLLEGE,MI,497708740,Public,128,129,400270,203,396820,111,114,389888,181,384926,,,,,,4,4,30000,8,30000,,,,,
230100,NORTHERN MICHIGAN UNIVERSITY,MI,498555316,Public,2069,2104,7818562,3741,7740563,2652,3791,10669218,6764,10553888,221,247,3206820,401,3102173,434,472,6425194,793,6411456,11,11,104850,17,88508
230200,NORTHWESTERN MICHIGAN COLLEGE,MI,496863061,Public,603,619,1955767,1001,1904699,597,624,2486716,1018,2407228,,,,,,43,52,707728,73,702250,,,,,
230300,OAKLAND COMMUNITY COLLEGE,MI,483232845,Public,2745,2922,7578889,5083,7575493,2026,2393,4177577,4213,4174202,,,,,,2,2,6924,3,6924,,,,,
230700,OAKLAND UNIVERSITY,MI,483094830,Public,3537,3820,14453371,6485,14450621,4038,4646,18416718,7800,18413218,1324,1565,30197091,2621,30197091,698,865,8730855,1429,8730855,514,731,10924285,1070,10915551
230800,UNIVERSITY OF OLIVET (THE),MI,490769902,Private-Nonprofit,552,554,2112810,1018,2105935,663,714,2385632,1313,2369720,25,25,322728,54,312172,140,148,1657537,258,1656187,3,3,17331,5,16487
231000,ST. CLAIR COUNTY COMMUNITY COLLEGE,MI,480603864,Public,275,305,919826,796,897983,321,375,1232038,995,1190714,,,,,,9,10,92311,27,89161,,,,,
231100,KUYPER COLLEGE,MI,495259749,Private-Nonprofit,89,91,318785,161,318785,97,106,321178,193,321178,,,,,,11,12,121184,22,121184,,,,,
231300,SACRED HEART MAJOR SEMINARY,MI,482061799,Private-Nonprofit,3,3,14450,3,14450,7,8,47400,8,47400,,,,,,1,1,21067,1,21067,,,,,
231400,SAGINAW VALLEY STATE UNIVERSITY,MI,487100001,Public,2098,2265,8084388,3936,8084388,2604,2917,10990300,5077,10990300,404,458,6205345,698,6205345,254,319,2789422,510,2789422,59,86,449207,98,449207
231500,SCHOOLCRAFT COLLEGE,MI,481522696,Public,743,830,2362486,1588,2352392,814,1001,3039993,1914,3026085,,,,,,,,,,,,,,,
231600,SIENA HEIGHTS UNIVERSITY,MI,492211796,Private-Nonprofit,625,684,2535144,1309,2338898,745,890,3377059,1697,2985434,87,119,1646085,253,897554,215,240,2523737,414,2521072,11,11,122862,15,28679
231700,SOUTHWESTERN MICHIGAN COLLEGE,MI,490479793,Public,255,265,743674,476,743174,247,254,771409,455,770901,,,,,,25,25,233262,47,230262,,,,,
231800,SPRING ARBOR UNIVERSITY,MI,492839984,Private-Nonprofit,458,460,1881004,838,1872754,583,587,2535440,1051,2528345,1054,1061,15646003,1868,15599587,106,120,1225199,196,1225199,271,307,2355685,404,2355685
232300,UNIVERSITY OF DETROIT MERCY,MI,482213038,Private-Nonprofit,630,731,2716110,1212,2716110,746,872,3273984,1469,3273984,1229,1782,37083404,2680,37075279,223,252,3080070,446,3080070,993,1721,42019491,2471,42019491
232500,UNIVERSITY OF MICHIGAN,MI,481091340,Public,4470,5067,19093708,8990,19086478,6921,7680,29903668,13814,29880306,4241,6027,102762458,9067,102593023,1328,1707,42508466,2734,42508466,1941,3181,70823996,4624,70792427
232600,UNIVERSITY OF MICHIGAN - DEARBORN,MI,481282406,Public,1729,1857,7712435,3076,7393854,1606,1701,7300129,2852,6917407,336,375,5519654,560,5283904,117,129,1888580,221,1821513,33,52,505265,66,497765
232700,UNIVERSITY OF MICHIGAN - FLINT,MI,485021950,Public,1942,1947,7661816,3270,7657316,2105,2128,11077068,3609,11072389,992,996,17572726,1813,17572726,124,151,1419654,235,1419654,408,688,10187900,888,10187900
232800,WASHTENAW COMMUNITY COLLEGE,MI,481054800,Public,1732,1799,5485993,2811,4940643,1714,1768,7905548,2788,7166769,,,,,,9,9,80881,15,80881,,,,,
232900,WAYNE STATE UNIVERSITY,MI,482011306,Public,5082,5572,21640989,9474,21631057,5066,5396,22248192,9249,22242266,3745,4309,85889190,8826,85629554,619,754,9694305,1255,9670972,1280,1879,28134601,3796,28007750
233000,WESTERN MICHIGAN UNIVERSITY,MI,490083899,Public,3426,3676,14511006,6455,14339557,4368,4762,18455811,8523,18290769,824,977,13395856,1525,12630839,943,1202,17472476,1919,17461976,295,583,5942846,669,5942846
233100,WESTERN THEOLOGICAL SEMINARY,MI,494233622,Private-Nonprofit,,,,,,,,,,,24,25,241539,49,241539,,,,,,,,,,
233200,ANOKA-RAMSEY COMMUNITY COLLEGE,MN,554333499,Public,1060,1195,3314767,1873,3314767,1183,1428,4556681,2144,4556681,,,,,,7,8,80494,12,80494,,,,,
233400,AUGSBURG UNIVERSITY,MN,554541351,Private-Nonprofit,1063,1224,4507762,2078,4506095,1119,1187,3798882,2105,3796882,498,499,9330085,1147,9166431,127,144,2148085,250,2148085,109,115,3215712,264,3181794
233500,RIVERLAND COMMUNITY COLLEGE,MN,559121473,Public,394,432,1395223,719,1297356,410,470,1860242,779,1719262,,,,,,2,2,18050,4,18050,,,,,
233600,BEMIDJI STATE UNIVERSITY,MN,566012699,Public,1017,1152,3861976,1979,3861976,1347,1665,6433964,2848,6433964,158,220,2050888,326,2050888,63,66,726207,114,726207,1,1,3475,1,3475
233700,BETHANY LUTHERAN COLLEGE,MN,560016163,Private-Nonprofit,253,253,1067648,466,1067648,308,314,1160948,560,1160948,18,18,205750,35,205750,19,19,296401,35,296401,,,,,
233900,CENTRAL LAKES COLLEGE,MN,564013900,Public,459,521,1469722,850,1467257,497,695,1921952,1122,1918092,,,,,,4,4,37458,8,37458,,,,,
234000,CARLETON COLLEGE,MN,550574001,Private-Nonprofit,269,269,1012781,776,1010948,453,453,1793447,1312,1792947,,,,,,55,55,1193727,159,1193727,,,,,
234100,COLLEGE OF SAINT BENEDICT,MN,563742099,Private-Nonprofit,541,548,2324523,1052,2324523,765,792,3095110,1517,3095110,32,32,600715,86,600715,58,67,1086008,109,1086008,4,4,51702,12,51702
234200,ST. CATHERINE UNIVERSITY,MN,551051789,Private-Nonprofit,1267,1367,4791056,2343,4784390,1339,1420,6146782,2470,6141288,760,922,12801389,1484,12801389,96,116,1739679,192,1739679,273,355,5484604,592,5484604
234300,COLLEGE OF ST. SCHOLASTICA,MN,558114199,Private-Nonprofit,660,702,2677025,1289,2677025,827,883,3805466,1624,3803762,670,1071,12919984,1441,12895144,51,56,753643,95,753643,301,652,5985430,696,5985430
234500,UNIVERSITY OF SAINT THOMAS,MN,551051096,Private-Nonprofit,1837,1974,7821343,3696,7821343,2368,2494,9412591,4717,9412591,1117,1243,17642684,2357,17551351,337,397,7284897,670,7284897,559,672,11606247,1297,11588078
234600,CONCORDIA COLLEGE - MOORHEAD,MN,565620001,Private-Nonprofit,580,585,2345619,1092,2345619,917,945,3852149,1777,3852149,42,55,478898,72,478898,75,89,1164522,151,1164522,,,,,
234700,CONCORDIA UNIVERSITY - SAINT PAUL,MN,551045494,Private-Nonprofit,1698,1818,7198886,3346,6369396,1747,1890,8629143,3526,7623783,1188,1220,17986448,2860,16139355,115,144,2404314,234,2303351,123,145,3502516,328,3277448
235300,GUSTAVUS ADOLPHUS COLLEGE,MN,560821498,Private-Nonprofit,614,614,2558493,1171,2558493,905,919,3486775,1742,3486775,3,3,54000,7,54000,87,100,1706957,181,1706957,,,,,
235400,HAMLINE UNIVERSITY,MN,551041284,Private-Nonprofit,862,1004,3696830,1748,3695996,945,1054,3400786,1898,3399027,316,400,4326413,745,4265972,176,226,3057516,384,3057516,28,39,475375,67,475375
235500,MINNESOTA NORTH COLLEGE,MN,557463300,Public,654,816,1947774,1440,1932239,715,916,2379385,1619,2349727,,,,,,33,34,280369,61,280369,,,,,
235700,LUTHER SEMINARY,MN,551081496,Private-Nonprofit,,,,,,2,2,12493,2,7550,14,16,192884,29,183302,,,,,,,,,,
235800,MACALESTER COLLEGE,MN,551051899,Private-Nonprofit,307,318,1270913,606,1270913,468,474,2147879,908,2147879,,,,,,52,52,1516354,96,1516354,,,,,
236000,"MINNESOTA STATE UNIVERSITY, MANKATO",MN,560016068,Public,2900,3258,11357875,5848,11327515,4608,5204,20313294,9251,20247100,705,963,10386634,1519,10376093,374,450,5088649,732,5082524,57,68,541480,85,541480
236100,MARTIN LUTHER COLLEGE,MN,560733965,Private-Nonprofit,150,150,601125,269,601125,162,163,584691,305,584691,3,3,14529,7,14529,12,12,107445,23,107445,,,,,
236200,MINNEAPOLIS COMMUNITY AND TECHNICAL COLLEGE,MN,554031779,Public,1406,1554,4851854,2677,4339057,1410,1715,6918611,2936,6228939,,,,,,13,14,148568,25,148568,,,,,
236500,MINNEAPOLIS COLLEGE OF ART & DESIGN,MN,554044343,Private-Nonprofit,464,494,2046002,900,2046002,471,501,1531236,932,1531236,59,71,1100186,102,899444,107,123,2530049,207,2530049,6,7,81196,12,81196
236700,MINNESOTA STATE UNIVERSITY MOORHEAD,MN,565630001,Public,1022,1179,3974702,2075,3970202,1416,1688,6312992,2941,6310135,448,670,5518822,941,5511989,44,52,412943,80,412943,4,4,14378,4,14378
236900,NORTH CENTRAL UNIVERSITY,MN,554041391,Private-Nonprofit,398,410,1566352,725,1566352,398,444,1410964,788,1410964,49,50,843630,119,777743,56,63,931923,105,931923,,,,,
237000,NORTH HENNEPIN COMMUNITY COLLEGE,MN,554452299,Public,735,802,2310185,1226,2304435,770,926,3101407,1429,3089524,,,,,,,,,,,,,,,
237100,UNIVERSITY OF NORTHWESTERN- ST PAUL,MN,551131598,Private-Nonprofit,609,646,2566658,1163,2566658,711,759,2758563,1371,2758563,33,38,393333,65,366538,81,90,1280746,148,1280746,,,,,
237300,ROCHESTER COMMUNITY AND TECHNICAL COLLEGE,MN,559044999,Public,808,938,2567970,1643,2530798,934,1138,3911948,1962,3812028,,,,,,6,6,57000,12,57000,,,,,
237500,SOUTHWEST MINNESOTA STATE UNIVERSITY,MN,562581598,Public,906,1039,3496429,1740,3478011,1084,1310,4835919,2171,4808154,243,336,2802953,556,2802953,48,49,492374,84,492374,2,2,10457,2,10457
237700,ST. CLOUD STATE UNIVERSITY,MN,563014498,Public,1284,1499,4914219,2405,4906866,1578,1943,7033811,3162,7024443,666,975,9645633,1391,9635383,87,93,1005464,158,1005464,35,42,408885,57,408885
237900,SAINT JOHN'S UNIVERSITY,MN,563212000,Private-Nonprofit,453,459,1927021,874,1927021,699,705,2909577,1346,2909577,9,10,65593,17,65593,59,68,1123575,108,1123575,,,,,
238000,SAINT MARY'S UNIVERSITY OF MINNESOTA,MN,559871399,Private-Nonprofit,342,342,1378263,653,1341487,454,465,2042211,905,1979752,1421,1468,23202173,3278,21747096,64,73,1024734,123,1024734,263,304,7837318,734,7655047
238200,SAINT OLAF COLLEGE,MN,550571098,Private-Nonprofit,733,735,3263029,1400,3260279,1026,1039,4307085,1983,4306085,,,,,,107,116,2223003,201,2223003,,,,,
238300,CROWN COLLEGE,MN,553759001,Private-Nonprofit,437,448,1766797,834,1740131,453,475,1686558,884,1660893,171,185,2770292,394,2646046,46,48,699273,81,699273,2,2,13922,3,13922
238500,NORTHLAND COMMUNITY AND TECHNICAL COLLEGE,MN,567012598,Public,505,537,1877943,973,1722707,542,592,2332612,1074,2122416,,,,,,4,4,57036,7,57036,,,,,
238600,UNITED THEOLOGICAL SEMINARY OF THE TWIN CITIES,MN,551141039,Private-Nonprofit,,,,,,2,3,15843,6,15843,98,112,1173113,223,1163742,,,,,,20,24,540777,51,540777
238800,UNIVERSITY OF MINNESOTA  DULUTH,MN,558122496,Public,1826,2029,6978540,3713,6978540,3043,3211,13950083,5912,13950083,359,503,9204980,756,9204980,288,334,4144435,577,4144435,192,234,2067219,376,2067219
238900,UNIVERSITY OF MINNESOTA MORRIS,MN,562672113,Public,171,190,599686,345,599686,308,328,1462186,612,1462186,,,,,,25,29,310745,48,310745,,,,,
239100,MITCHELL HAMLINE SCHOOL OF LAW,MN,551053076,Private-Nonprofit,,,,,,1,1,3408,1,3408,609,781,13845239,1206,10750693,,,,,,650,1249,20902464,1857,20817845
239300,MINNESOTA STATE COLLEGE SOUTHEAST,MN,559870409,Public,373,405,1171268,718,1162213,434,496,1906512,884,1888534,,,,,,7,8,50274,15,42774,,,,,
239400,WINONA STATE UNIVERSITY,MN,559875838,Public,1404,1553,5493680,2785,5486105,2276,2558,9972215,4605,9965715,396,535,5997284,885,5992284,202,236,2396724,399,2396724,37,45,421977,62,421977
239600,ALCORN STATE UNIVERSITY,MS,390967500,Public,1692,1899,6945443,3426,6597520,1646,1876,6215703,3487,5916418,355,387,5950867,685,5503514,427,482,4385450,912,4324931,103,124,1758374,205,1565997
239700,BELHAVEN UNIVERSITY,MS,392021789,Private-Nonprofit,1078,1110,4257034,2214,4257034,1095,1180,4614033,2342,4614033,1508,1573,21405491,3511,21405491,159,174,2053112,333,2053112,194,208,2625947,469,2625947
239800,BLUE MOUNTAIN CHRISTIAN UNIVERSITY,MS,386109370,Private-Nonprofit,186,186,807890,372,807890,205,216,768345,436,768345,15,15,183118,48,181724,25,25,302468,51,302468,,,,,
240200,COPIAH-LINCOLN COMMUNITY COLLEGE,MS,391910649,Public,192,207,510115,402,508865,197,213,475317,412,475317,,,,,,11,11,52635,20,52635,,,,,
240300,DELTA STATE UNIVERSITY,MS,387330000,Public,840,890,3354659,1509,3328909,864,987,3543959,1671,3527412,649,871,9902296,1351,9850911,173,196,2073004,357,2073004,100,123,994277,191,982771
240500,EAST MISSISSIPPI COMMUNITY COLLEGE,MS,393580000,Public,532,595,1441085,1099,1411305,340,370,827524,671,795875,,,,,,34,34,167825,65,163089,,,,,
240700,HINDS COMMUNITY COLLEGE,MS,391549799,Public,2786,3199,8576232,4447,7776638,2177,2727,5891002,3697,5336657,,,,,,23,24,81384,36,72468,,,,,
240800,HOLMES COMMUNITY COLLEGE,MS,390790000,Public,607,674,1739369,1822,1728382,640,708,1977075,1927,1962715,,,,,,,,,,,,,,,
240900,ITAWAMBA COMMUNITY COLLEGE,MS,388431099,Public,479,479,1576035,875,1563453,489,489,1683218,903,1663202,,,,,,10,10,43630,21,43630,,,,,
241000,JACKSON STATE UNIVERSITY,MS,392170001,Public,3245,3488,13475561,7089,12694429,3275,3682,13304723,7538,12379219,1068,1146,18618395,2904,16676210,645,781,9262806,1500,9012193,289,346,4153384,685,3468731
241100,JONES COUNTY JUNIOR COLLEGE,MS,394373999,Public,251,278,688522,529,685431,248,275,748299,519,741214,,,,,,15,18,66672,36,66672,,,,,
241300,MERIDIAN COMMUNITY COLLEGE,MS,393075890,Public,321,341,785428,629,771691,334,360,1044596,662,1027818,,,,,,5,5,33993,6,18665,,,,,
241400,MILLSAPS COLLEGE,MS,392100001,Private-Nonprofit,241,244,958462,444,958462,310,311,1074306,575,1074306,21,25,384753,41,384753,109,122,1945947,219,1945947,2,2,31109,4,31109
241500,MISSISSIPPI COLLEGE,MS,390580001,Private-Nonprofit,730,736,3009636,1326,2912386,820,840,2923619,1519,2844619,495,537,8874196,846,7496896,152,174,2284524,277,2266348,247,289,8629351,436,5624656
241700,MISSISSIPPI GULF COAST COMMUNITY COLLEGE,MS,395730000,Public,1407,1412,4689939,2327,4218130,1299,1305,5495370,2158,4967184,,,,,,24,26,126224,43,108265,,,,,
242200,MISSISSIPPI UNIVERSITY FOR WOMEN,MS,397015818,Public,743,779,3186913,1395,3045498,730,783,3523871,1423,3358794,121,138,2012086,242,1938306,67,70,606537,121,594542,22,25,144346,35,144346
242300,MISSISSIPPI STATE UNIVERSITY,MS,397629698,Public,5461,6106,22904914,10781,22892664,6360,6906,25082873,12278,25068873,1596,1902,33171138,3084,33171138,1446,1678,27138058,2911,27138058,532,744,12582640,1115,12582640
242400,MISSISSIPPI VALLEY STATE UNIVERSITY,MS,389411400,Public,788,825,3115500,1536,2948727,771,845,2794361,1555,2625030,145,149,2534706,272,2374070,79,83,532374,161,524351,2,2,33622,4,33622
242600,NORTHEAST MISSISSIPPI COMMUNITY COLLEGE,MS,388291731,Public,364,364,1285149,632,1197260,323,325,1228764,569,1141687,,,,,,,,,,,,,,,
242700,NORTHWEST MISSISSIPPI COMMUNITY COLLEGE,MS,386681703,Public,1023,1024,3109791,1680,3076910,967,967,3596224,1674,3516954,,,,,,24,25,151919,44,151919,,,,,
243000,PEARL RIVER COMMUNITY COLLEGE,MS,394702201,Public,1760,1827,5933025,3128,5781652,1561,1610,6178337,2784,6076313,,,,,,34,34,229420,63,229420,,,,,
243300,RUST COLLEGE,MS,386352328,Private-Nonprofit,240,248,926625,466,922000,221,237,689569,445,686531,,,,,,40,46,319708,82,310258,,,,,
243900,TOUGALOO COLLEGE,MS,391749799,Private-Nonprofit,416,418,1728442,752,1726192,418,494,1439364,886,1439364,15,17,198879,27,198879,124,144,1795804,246,1795804,1,1,8135,2,8135
244000,UNIVERSITY OF MISSISSIPPI,MS,386771848,Public,4587,4863,19933151,8757,19022085,6063,6460,24723296,11827,23735222,1745,2052,40908130,3259,30456483,2225,2569,62288038,4523,61468605,658,866,15201801,1206,10623526
244100,UNIVERSITY OF SOUTHERN MISSISSIPPI,MS,394060001,Public,4042,4263,15842251,7263,15827751,4073,4498,16726381,7656,16713381,1363,1656,20666146,2610,20639624,707,838,8212165,1362,8211271,334,473,5592273,582,5577953
244700,WILLIAM CAREY UNIVERSITY,MS,394015499,Private-Nonprofit,1123,1156,4438052,2826,4400692,1154,1187,5169971,2818,5107464,1277,1715,27167177,4154,26989476,61,65,734865,186,712682,746,808,20836785,2109,20595713
244900,AVILA UNIVERSITY,MO,641451698,Private-Nonprofit,746,759,3246687,1575,2961844,738,779,2841557,1605,2484983,298,325,4727622,1022,3706653,78,79,1029068,135,976999,12,12,94461,39,73956
245000,CALVARY UNIVERSITY,MO,641471341,Private-Nonprofit,47,54,175053,97,163605,38,43,129748,76,119780,15,16,184947,36,184947,4,4,22745,7,22353,4,4,68586,9,68586
245300,CENTRAL METHODIST UNIVERSITY,MO,652481198,Private-Nonprofit,1224,1287,4582173,3401,4236942,1253,1356,4903494,3417,4485850,154,195,1772964,330,1762714,120,136,1465770,241,1465770,2,2,26594,3,26594
245400,UNIVERSITY OF CENTRAL MISSOURI,MO,640935001,Public,1632,1756,6439989,3017,6438864,2007,2235,8550312,3943,8550312,813,1063,10934044,1641,10934044,277,314,3062534,527,3062534,14,15,108162,19,108162
245600,COLUMBIA COLLEGE,MO,652164581,Private-Nonprofit,2162,2446,7574834,4876,7132847,2060,2421,9869114,4824,9297246,232,297,3703365,644,3546814,46,52,451050,100,451050,13,18,290001,40,264716
245700,CONCORDIA SEMINARY,MO,631053199,Private-Nonprofit,,,,,,,,,,,26,45,306511,47,306511,,,,,,1,1,2300,1,2300
245800,COTTEY COLLEGE,MO,647722790,Private-Nonprofit,109,109,453356,196,441356,131,139,466178,253,456178,,,,,,12,12,107332,21,107332,,,,,
245900,CROWDER COLLEGE,MO,648509165,Public,362,397,1223585,747,1213410,312,344,1013526,631,987994,,,,,,,,,,,,,,,
246000,CULVER-STOCKTON COLLEGE,MO,634351299,Private-Nonprofit,453,498,1861792,1773,1857614,572,672,2177966,2396,2165526,135,167,1767182,536,1737557,131,146,1983747,504,1983747,,,,,
246100,DRURY UNIVERSITY,MO,658023791,Private-Nonprofit,772,787,3079034,1388,3049148,879,905,3678890,1615,3640062,131,154,1787912,259,1787912,84,91,1450497,157,1450497,49,132,2131220,171,2131220
246200,EDEN THEOLOGICAL SEMINARY,MO,631193192,Private-Nonprofit,,,,,,,,,,,38,38,559990,70,544687,,,,,,3,3,69048,5,69048
246300,EVANGEL UNIVERSITY,MO,658022125,Private-Nonprofit,725,755,2974178,1386,2917264,826,859,2970058,1568,2921952,267,294,3511048,563,3235926,114,126,1338547,212,1338547,4,4,71845,8,66845
246400,FONTBONNE UNIVERSITY,MO,631053098,Private-Nonprofit,5,5,12746,6,12746,8,8,11068,9,11068,7,8,57596,8,57596,11,13,113622,18,113622,4,4,45430,6,45430
246600,HARRIS - STOWE STATE UNIVERSITY,MO,631032199,Public,593,628,2331762,1141,2315861,576,653,2073947,1170,2062188,,,,,,70,73,545504,123,545504,,,,,
246800,JEFFERSON COLLEGE,MO,630502441,Public,246,275,775688,509,770188,240,297,815103,549,813625,,,,,,16,19,155350,36,145850,,,,,
247100,SAINT LOUIS COMMUNITY COLLEGE,MO,630442551,Public,643,655,1615162,1131,1609090,474,481,1115850,844,1109600,,,,,,8,8,47500,14,47500,,,,,
247300,KANSAS CITY ART INSTITUTE,MO,641111874,Private-Nonprofit,480,481,2010447,908,2010447,521,555,1746052,1045,1746052,,,,,,148,156,2798428,290,2798428,,,,,
247400,KANSAS CITY UNIVERSITY,MO,641062311,Private-Nonprofit,,,,,,,,,,,1609,1728,68081887,3199,63988346,,,,,,1438,1994,74634709,3327,65137995
247700,A. T. STILL UNIVERSITY OF HEALTH SCIENCES,MO,635011497,Private-Nonprofit,,,,,,,,,,,2354,2662,81092582,4805,77339571,,,,,,2070,3036,123954940,5320,117180974
247900,LINCOLN UNIVERSITY,MO,651013500,Public,714,757,2661003,1444,2594671,683,860,2691064,1632,2597965,45,48,674483,87,646112,117,139,1076484,268,1053455,,,,,
248000,LINDENWOOD UNIVERSITY,MO,633011695,Private-Nonprofit,2201,2243,8006093,3893,7994321,2758,2793,12235895,4981,12212645,1158,1200,16746057,2415,16530692,380,418,5764081,746,5764081,111,130,1871215,252,1859009
248200,MARYVILLE UNIVERSITY OF SAINT LOUIS,MO,631417299,Private-Nonprofit,2771,2850,10711700,5427,9951359,3013,3175,14234174,6041,13049117,2960,3110,49633556,6457,45946962,449,475,7010857,886,6899113,1386,1575,24299549,3227,21980272
248400,METROPOLITAN COMMUNITY COLLEGE,MO,641112408,Public,481,491,1504993,868,1502190,514,539,2341987,959,2315228,,,,,,7,7,48742,13,47442,,,,,
248500,MIDWESTERN BAPTIST THEOLOGICAL SEMINARY,MO,641184697,Private-Nonprofit,242,242,884993,399,854213,218,218,948008,352,916505,257,257,3279638,406,3205976,11,11,117771,18,117771,12,13,153931,20,153931
248600,MINERAL AREA COLLEGE,MO,636011000,Public,273,290,879906,540,865402,261,294,934464,549,914944,,,,,,10,11,79029,22,79029,,,,,
248800,MISSOURI SOUTHERN STATE UNIVERSITY,MO,648011595,Public,991,1068,3577029,1702,3574779,948,1035,3881748,1692,3877498,94,119,1098258,181,1098258,35,51,352065,77,352065,2,2,7922,4,7922
248900,MISSOURI VALLEY COLLEGE,MO,653403197,Private-Nonprofit,637,637,2409271,1131,2307751,643,643,2374989,1133,2241673,29,29,479902,52,336244,137,137,1315554,238,1273802,1,1,9612,1,9612
249000,MISSOURI WESTERN STATE UNIVERSITY,MO,645072294,Public,770,798,2806766,1335,2806766,786,856,3107068,1464,3107068,99,119,1413103,183,1413103,106,122,972771,199,972771,8,8,63569,12,63569
249100,MOBERLY AREA COMMUNITY COLLEGE,MO,652701304,Public,354,412,1139290,600,1134790,468,577,1858702,842,1854352,,,,,,64,74,803156,126,803156,,,,,
249400,NAZARENE THEOLOGICAL SEMINARY,MO,641311246,Private-Nonprofit,,,,,,,,,,,51,51,549362,114,549362,,,,,,,,,,
249500,TRUMAN STATE UNIVERSITY,MO,635014221,Public,505,558,1955315,985,1955315,663,739,2806503,1330,2806503,164,237,2201619,346,2201619,68,76,725251,134,725251,4,6,42266,7,42266
249600,NORTHWEST MISSOURI STATE UNIVERSITY,MO,644686001,Public,1704,1845,6608264,3149,6608264,2030,2254,7994934,3894,7994934,1468,1729,17876639,3245,16463827,680,746,8729230,1318,8729230,,,,,
249800,PARK UNIVERSITY,MO,641523795,Private-Nonprofit,1473,1643,5361009,3986,5285738,1435,1627,5820887,3939,5739393,408,497,5572454,1393,5374484,69,84,911549,158,909545,22,30,278330,81,272732
249900,ROCKHURST UNIVERSITY,MO,641102561,Private-Nonprofit,537,558,2245167,956,2245167,631,661,2598715,1131,2598715,878,1076,14446209,1595,14435959,98,110,1932657,185,1932657,211,381,4461410,444,4461410
250100,SOUTHEAST MISSOURI STATE UNIVERSITY,MO,637014799,Public,1966,2105,7708225,3748,7708225,2257,2521,9613943,4501,9610929,364,457,4867808,789,4860626,522,636,6304401,1086,6293656,4,5,19474,9,19474
250200,SOUTHWEST BAPTIST UNIVERSITY,MO,656132597,Private-Nonprofit,731,788,2772590,1302,2772590,790,838,3275599,1411,3275599,259,262,4335364,619,4321697,76,88,903129,143,903129,102,117,2812790,237,2812790
250300,MISSOURI STATE UNIVERSITY,MO,658970094,Public,3921,4074,15518214,7124,15518214,4830,5129,20889675,8986,20889675,1284,1576,18819021,2450,18819021,526,583,6276824,987,6276824,193,315,3528511,397,3528511
250400,UNIVERSITY OF HEALTH SCIENCES AND PHARMACY IN ST. LOUIS,MO,631101088,Private-Nonprofit,175,179,725055,345,725055,199,220,648807,421,648807,162,211,6936881,289,3473440,73,84,2013489,151,2013489,115,211,3567539,270,2661186
250600,SAINT LOUIS UNIVERSITY,MO,631032097,Private-Nonprofit,2475,2535,10505335,4568,10240019,2962,3133,11841435,5663,11526853,1809,2079,44146415,3619,43583149,686,864,15703188,1432,15562939,1055,1593,35967673,2582,35830321
250900,SAINT PAUL SCHOOL OF THEOLOGY,KS,662243588,Private-Nonprofit,,,,,,,,,,,18,18,132191,27,132191,,,,,,,,,,
251200,STEPHENS COLLEGE,MO,652150001,Private-Nonprofit,201,254,954103,423,891853,223,270,922059,462,862355,122,151,2772785,244,2494855,41,50,629685,80,587952,66,88,1495927,130,1368007
251400,NORTH CENTRAL MISSOURI COLLEGE,MO,646831824,Public,313,335,1046568,598,980002,284,308,1048714,545,973700,,,,,,7,8,47514,15,43281,,,,,
251600,UNIVERSITY OF MISSOURI - COLUMBIA,MO,652111600,Public,5432,6828,23068654,11911,23068654,7701,8365,30978121,14920,30974371,2346,3334,52390576,5003,52390576,2177,2557,44378828,4253,44378828,806,1263,15009738,1777,15009738
251700,MISSOURI UNIVERSITY OF SCIENCE AND TECHNOLOGY,MO,654090250,Public,1397,1574,5627602,2828,5624852,1991,2329,8411501,4224,8404251,108,127,1394515,188,1375086,418,461,6387727,787,6387727,9,14,117195,16,117195
251800,UNIVERSITY OF MISSOURI - KANSAS CITY,MO,641102497,Public,2083,2262,8475628,3797,8277837,2096,2268,9082925,3860,8867674,2125,2783,54987738,4563,54373374,237,276,3778133,460,3759737,1226,2046,28472519,3225,28221037
251900,UNIVERSITY OF MISSOURI - SAINT LOUIS,MO,631214499,Public,2130,2437,9034804,3916,8948631,2090,2320,9918798,3773,9805714,1180,1486,21436536,2288,21147178,134,167,1860656,282,1846865,278,387,5280176,536,5268209
252000,WASHINGTON UNIVERSITY IN ST. LOUIS,MO,631304899,Private-Nonprofit,280,294,1066417,527,1066417,342,358,1511259,658,1490257,1314,1457,26006697,2683,25045380,110,120,3584299,221,3584299,752,950,20667199,1710,20043949
252100,WEBSTER UNIVERSITY,MO,631193194,Private-Nonprofit,776,806,3301756,1428,3231139,867,930,3372609,1649,3292634,975,1813,14806221,1818,14806221,142,153,2387714,267,2387714,278,557,6844225,559,6844225
252300,WESTMINSTER COLLEGE,MO,652511299,Private-Nonprofit,309,309,1281409,587,1279472,366,401,1280795,745,1278794,,,,,,115,120,1747775,215,1747775,,,,,
252400,WILLIAM JEWELL COLLEGE,MO,640681896,Private-Nonprofit,305,318,1235615,579,1213115,402,433,1719382,789,1708132,132,132,2623214,170,1675783,86,97,1428683,167,1419683,51,52,655298,71,449126
252500,WILLIAM WOODS UNIVERSITY,MO,652512388,Private-Nonprofit,634,636,2409458,1252,2347351,711,715,3017526,1404,2924629,413,414,5180074,901,5127928,105,106,1697058,187,1697058,8,8,97516,19,97516
252600,CARROLL COLLEGE,MT,596250002,Private-Nonprofit,283,292,1141250,533,1141250,411,448,1748529,826,1748529,34,34,668119,65,668119,106,125,1935325,204,1935325,17,17,287467,33,287467
252700,UNIVERSITY OF PROVIDENCE,MT,594054996,Private-Nonprofit,200,201,814165,358,794738,227,232,1069518,411,1047192,56,60,960384,126,915966,34,36,494008,64,494008,7,8,103831,8,89010
252800,MILES COMMUNITY COLLEGE,MT,593014799,Public,139,139,456298,236,449048,149,149,630793,259,624793,,,,,,10,10,67440,15,67440,,,,,
252900,DAWSON COMMUNITY COLLEGE,MT,593301405,Public,48,50,150433,87,143433,65,68,259949,119,236463,,,,,,6,7,70185,12,60155,,,,,
253000,MONTANA STATE UNIVERSITY - BILLINGS,MT,591010298,Public,922,962,3173046,1518,3173046,912,951,4158179,1519,4158179,107,125,1453935,192,1453935,33,33,346508,53,346508,21,26,132339,41,132339
253100,MONTANA TECHNOLOGICAL UNIVERSITY,MT,597018997,Public,468,479,1706962,809,1666798,580,591,2397401,1018,2347065,26,27,293600,41,257266,67,72,854873,118,840437,1,1,7452,2,7452
253200,MONTANA STATE UNIVERSITY BOZEMAN,MT,597174160,Public,2840,2887,11303362,5152,11299862,3880,3995,16370650,7106,16357900,326,342,4616741,568,4606491,867,957,22380826,1643,22378326,78,93,1037402,148,1037402
253300,MONTANA STATE UNIVERSITY - NORTHERN,MT,595013148,Public,190,210,654514,345,638573,227,249,954880,426,934787,16,23,190529,38,163411,50,50,411427,92,408060,,,,,
253400,ROCKY MOUNTAIN COLLEGE,MT,591021796,Private-Nonprofit,359,367,1428223,655,1428223,411,415,1432046,743,1432046,140,141,2826228,224,2167622,91,98,1799697,179,1799697,127,170,6157165,284,4958623
253600,UNIVERSITY OF MONTANA (THE),MT,598120001,Public,2436,2544,9792644,4386,9500037,2712,2862,11991957,4971,11728598,962,1067,17294186,1925,17156571,344,375,7247083,665,7129470,544,726,13206571,1288,13109942
253700,UNIVERSITY OF MONTANA WESTERN (THE),MT,597253598,Public,335,363,1367028,617,1276367,337,372,1504218,637,1401745,5,5,69154,8,63154,85,87,1157652,162,1131817,,,,,
253900,CHADRON STATE COLLEGE,NE,693372690,Public,547,655,2063916,1038,2063916,620,778,2688052,1194,2688052,160,228,1984317,347,1984317,71,76,699014,133,699014,,,,,
254000,COLLEGE OF SAINT MARY,NE,681062606,Private-Nonprofit,203,217,766264,378,761596,209,223,888566,404,884566,179,205,3708087,448,3456570,16,17,315702,31,315702,119,150,4018832,352,3827996
254100,CONCORDIA UNIVERSITY,NE,684341594,Private-Nonprofit,529,529,2231327,1004,2231327,647,648,2364711,1226,2364711,233,235,2452985,496,2432083,118,119,1591920,206,1591920,,,,,
254200,CREIGHTON UNIVERSITY,NE,681780315,Private-Nonprofit,967,1022,4443726,1879,4306703,1544,1605,7537234,3006,7280004,1841,2378,70223836,3470,47655910,298,334,7731200,585,7565049,1405,1814,84787097,2631,51614647
254400,DOANE UNIVERSITY,NE,683332421,Private-Nonprofit,435,441,1672893,912,1672893,564,565,2173324,1171,2173324,237,250,2628908,585,2615598,122,126,2228853,232,2228853,1,1,3654,1,3654
254800,HASTINGS COLLEGE,NE,689017621,Private-Nonprofit,399,427,1677513,774,1677513,509,543,1827295,997,1823545,6,6,56166,10,56166,141,152,2560391,266,2560391,,,,,
255100,UNIVERSITY OF NEBRASKA - KEARNEY,NE,688490001,Public,1162,1354,4510313,2279,4510313,1229,1387,5249423,2334,5249423,497,649,6243023,965,6243023,127,142,1457772,240,1457772,8,10,123346,14,123346
255300,MIDLAND UNIVERSITY,NE,680254254,Private-Nonprofit,551,564,2173761,1030,2172757,662,698,2390879,1286,2390879,79,83,1066278,146,1066278,150,156,2440614,292,2440614,5,5,63812,9,63812
255400,UNIVERSITY OF NEBRASKA AT OMAHA,NE,681820001,Public,2114,2279,8090119,3945,8087869,2492,2725,11841866,4779,11840866,761,925,10529729,1489,10519479,590,672,6863592,1115,6853534,62,69,636767,74,636767
255500,NEBRASKA WESLEYAN UNIVERSITY,NE,685042796,Private-Nonprofit,565,631,2399033,1091,2397545,677,725,2521866,1295,2517104,76,100,1148387,138,966824,158,170,2311454,281,2311454,,,,,
255700,MID-PLAINS COMMUNITY COLLEGE,NE,691019420,Public,157,162,508882,291,494971,163,177,710485,313,689361,,,,,,4,4,37824,8,37824,,,,,
255900,PERU STATE COLLEGE,NE,684210010,Public,423,454,1500829,777,1500829,493,573,2085205,980,2085205,68,96,806371,211,806371,80,85,578409,151,578409,,,,,
256000,WESTERN NEBRASKA COMMUNITY COLLEGE,NE,693611815,Public,77,77,234063,140,234063,80,80,290887,151,285760,,,,,,8,8,62737,16,62737,,,,,
256300,UNION ADVENTIST UNIVERSITY,NE,685064387,Private-Nonprofit,198,203,852407,308,708534,214,223,869985,345,742860,71,71,1416256,185,1402590,14,14,247257,26,247257,65,104,2402124,169,2381952
256500,UNIVERSITY OF NEBRASKA,NE,685880419,Public,3709,4473,15376126,7888,15372626,5448,6063,23611187,10746,23610187,726,866,11243742,1482,11243742,1787,2044,29812726,3618,29812726,258,311,3287134,537,3287134
256600,WAYNE STATE COLLEGE,NE,687871172,Public,850,896,3110692,1569,3107942,1079,1158,4258200,2054,4257200,206,276,2368600,390,2368600,183,206,1689300,353,1689300,,,,,
256700,YORK UNIVERSITY,NE,684672699,Private-Nonprofit,192,199,755825,380,753075,227,250,825586,482,819336,50,59,598861,198,586861,40,43,477702,82,477702,,,,,
256800,"UNIVERSITY OF NEVADA , RENO",NV,895570002,Public,2884,3105,11541416,5311,11343188,3526,3831,15723307,6659,15486535,1124,1525,21281670,2287,20079638,684,778,12918540,1319,12826151,197,295,4165737,398,3785760
256900,UNIVERSITY OF NEVADA - LAS VEGAS,NV,891541001,Public,5387,5922,21802176,9820,21683306,5218,5834,23749897,9751,23624968,2360,2641,52898128,4788,52445756,649,841,12585503,1355,12553814,1128,1605,35863501,2775,35704655
257200,COLBY-SAWYER COLLEGE,NH,032574648,Private-Nonprofit,358,363,1476828,677,1476828,489,508,2002504,960,2002504,55,55,874801,105,874801,90,97,1453902,172,1453902,4,4,55166,8,55166
257300,DARTMOUTH COLLEGE,NH,037553529,Private-Nonprofit,200,225,743352,493,743352,422,445,1954883,1077,1954883,331,338,9238985,1002,9238985,126,141,4940789,317,4940789,185,193,8160773,547,8160773
257500,FRANKLIN PIERCE UNIVERSITY,NH,034610060,Private-Nonprofit,482,486,1963052,941,1942521,666,711,2497068,1364,2474475,536,541,10232776,1678,10103084,166,184,2881654,325,2881654,464,540,24472531,1640,24344953
257900,NEW ENGLAND COLLEGE,NH,032423293,Private-Nonprofit,677,683,2456077,1572,2398313,802,810,3130143,1840,3050001,306,307,4343085,1022,4292736,166,170,2927701,314,2927701,28,30,272866,93,272866
258000,SOUTHERN NEW HAMPSHIRE UNIVERSITY,NH,031061045,Private-Nonprofit,107430,132309,405616948,330803,276972517,102685,124101,513187197,317658,313894323,19690,27194,349432028,61893,245599320,407,455,6321894,1081,5791621,1111,1702,19829661,3391,15397303
258100,NHTI - CONCORD'S COMMUNITY COLLEGE,NH,033017412,Public,532,538,1733709,956,1651740,596,621,2542137,1118,2414360,,,,,,31,41,294831,82,294831,,,,,
258200,MANCHESTER COMMUNITY COLLEGE,NH,031028518,Public,273,278,807523,477,791043,338,354,1454977,616,1425442,,,,,,3,4,21168,8,21168,,,,,
258300,GREAT BAY COMMUNITY COLLEGE,NH,038012807,Public,262,276,816891,494,814641,245,257,974251,449,973251,,,,,,,,,,,,,,,
258600,RIVIER UNIVERSITY,NH,030605086,Private-Nonprofit,549,588,2344858,1025,2213271,714,789,3118483,1402,2937414,247,283,4251205,429,3649858,135,150,2855918,260,2855918,32,52,970421,71,801098
258700,SAINT ANSELM COLLEGE,NH,031021310,Private-Nonprofit,720,720,3008638,1391,2997638,1397,1416,6287983,2727,6281483,10,10,170779,10,69931,217,244,5352086,415,5352086,1,1,8040,2,8040
258900,UNIVERSITY OF NEW HAMPSHIRE,NH,038242511,Public,4490,4558,19131186,8479,19129436,6301,6525,24139739,12265,24136739,918,937,15262149,1627,15262149,1057,1227,25160354,2083,25160354,283,359,6598720,588,6598720
259000,KEENE STATE COLLEGE,NH,034351504,Public,1196,1249,4839755,2297,4830255,1740,1823,6772591,3368,6769591,29,30,445996,59,428913,344,398,6068743,683,6060232,3,3,19099,6,19099
259100,PLYMOUTH STATE UNIVERSITY OF THE UNIVERSITY SYSTEM OF NEW HAMPSHIRE,NH,032641595,Public,1425,1425,5847176,2653,5695641,2079,2079,8160944,3864,7992150,101,101,1554957,168,1534457,434,441,7214146,782,7214146,14,14,136566,25,136566
259600,ATLANTIC CAPE COMMUNITY COLLEGE,NJ,083302699,Public,275,275,866579,499,853290,242,242,869196,440,846337,,,,,,12,12,203862,23,203862,,,,,
259800,CALDWELL UNIVERSITY,NJ,070066195,Private-Nonprofit,436,436,1818002,824,1813752,501,523,1651341,992,1650341,130,130,2354510,242,2354510,176,183,2896298,338,2896298,16,17,231816,27,231816
259900,CENTENARY UNIVERSITY,NJ,078402184,Private-Nonprofit,345,347,1416027,636,1409652,419,441,1608936,808,1597936,83,87,1488931,149,1351945,104,121,2110568,199,2093725,12,13,215528,25,196528
260000,SAINT ELIZABETH UNIVERSITY,NJ,079606989,Private-Nonprofit,342,342,1436743,625,1424243,343,343,1060613,636,1048613,183,183,3313471,322,3289793,81,87,1266833,152,1266833,97,107,3468852,180,3287558
260300,DREW UNIVERSITY,NJ,079404063,Private-Nonprofit,543,548,2379547,1052,2358145,677,694,2474371,1335,2441925,92,98,1515643,174,1505393,127,156,2724048,253,2716158,16,24,385220,30,385220
260700,FAIRLEIGH DICKINSON UNIVERSITY,NJ,076661996,Private-Nonprofit,1880,1938,7284662,3475,7284662,1976,2109,7029587,3783,7029587,1072,1148,21337976,1888,21337976,357,451,7629857,711,7629857,386,593,10349571,805,10349571
260800,GEORGIAN COURT UNIVERSITY,NJ,087012697,Private-Nonprofit,561,567,2393745,1048,2385662,674,704,2766407,1300,2761074,205,231,3253951,424,3246074,111,135,1847043,220,1847043,46,53,574773,94,574773
260900,ROWAN UNIVERSITY,NJ,080281702,Public,5593,5632,24134676,10039,23463341,6384,6408,25628321,11576,24921986,1984,2060,63369847,3624,59571580,1268,1475,26777893,2640,26350702,865,990,28859805,1757,27708265
261000,FELICIAN UNIVERSITY,NJ,076442198,Private-Nonprofit,876,896,3451763,1616,3420159,959,969,3979093,1738,3930085,204,205,3443124,352,3379624,127,152,1960532,249,1951355,28,30,417692,45,417692
261300,NEW JERSEY CITY UNIVERSITY,NJ,073051597,Public,999,1010,4229946,1764,4192831,1009,1048,5082107,1836,5048523,331,340,5555220,572,5510670,82,89,1192986,151,1192986,19,19,361146,33,341288
261500,MIDDLESEX COLLEGE,NJ,088183050,Public,330,385,1017677,558,983300,355,413,1397298,598,1341031,,,,,,10,13,80419,18,80419,,,,,
261600,MONMOUTH UNIVERSITY,NJ,077641898,Private-Nonprofit,1692,1814,7491510,3343,7491510,2163,2270,7490960,4228,7490960,591,782,12202298,1255,12202298,462,544,12544036,910,12544036,153,189,3643700,315,3643700
261700,MONTCLAIR STATE UNIVERSITY,NJ,070439987,Public,6724,7051,27722321,12458,27711672,6942,7221,24470514,12976,24452122,1670,1741,27003768,3051,26757148,1380,1610,25847107,2741,25847107,243,340,3643762,479,3631012
261900,NEW BRUNSWICK THEOLOGICAL SEMINARY,NJ,089011196,Private-Nonprofit,,,,,,2,2,18750,3,18750,35,35,552381,63,518381,,,,,,4,4,75930,9,75930
262100,NEW JERSEY INSTITUTE OF TECHNOLOGY,NJ,071021982,Public,2470,2770,10508704,4560,10506954,2439,2681,9444230,4564,9443230,433,493,6768215,684,6768215,439,575,9386646,896,9386646,105,150,2157661,195,2157661
262200,KEAN UNIVERSITY,NJ,070837131,Public,4103,4137,16088729,7354,16088729,4317,4387,17023054,7804,17023054,1042,1057,17936751,1865,17936751,571,625,9575665,1063,9575665,196,257,3487830,365,3487830
262400,OCEAN COUNTY COLLEGE,NJ,087542001,Public,331,332,1044449,668,1034283,423,425,1625455,857,1613247,,,,,,15,15,92894,27,92894,,,,,
262500,WILLIAM PATERSON UNIVERSITY OF NEW JERSEY,NJ,074702152,Public,2539,2567,9973553,4351,9927031,2470,2509,10799741,4255,10726199,1500,1770,23186944,2738,23089507,327,396,4544127,631,4539277,102,116,987025,147,987025
262600,PRINCETON THEOLOGICAL SEMINARY,NJ,085400803,Private-Nonprofit,,,,,,,,,,,57,62,859337,111,859337,,,,,,7,8,131950,15,131950
262700,PRINCETON UNIVERSITY,NJ,085442001,Private-Nonprofit,24,24,91810,41,91810,112,112,663298,213,663298,16,16,247750,33,247750,35,37,1065754,68,1065754,5,5,93000,10,93000
262800,RIDER UNIVERSITY,NJ,086483099,Private-Nonprofit,1275,1282,5428990,2495,5425115,1597,1603,6104604,3261,6100154,367,381,5929600,724,5862305,372,417,7871103,957,7863851,50,53,465043,110,447866
262900,"RUTGERS, THE STATE UNIVERSITY OF NEW JERSEY",NJ,089011281,Public,12915,12941,56269352,25752,55996000,13889,13925,54507528,27102,54189218,6976,8567,156239591,15855,145335408,2772,3226,60948239,6393,60696106,2643,3232,96479550,6975,90454499
263200,SETON HALL UNIVERSITY,NJ,070792697,Private-Nonprofit,2301,2312,9576422,4306,9539072,2608,2696,8782884,5012,8755861,1524,1555,28128512,2906,27767634,906,1043,26465763,1708,26414837,720,913,24798517,1465,24661156
263800,SAINT PETER'S UNIVERSITY,NJ,073065997,Private-Nonprofit,535,541,1933390,1017,1912116,495,509,1959075,951,1922001,230,260,3887897,516,3635514,192,199,2669792,383,2650917,30,33,336747,54,278769
263900,STEVENS INSTITUTE OF TECHNOLOGY,NJ,070305370,Private-Nonprofit,1523,1549,6644979,2925,6636729,1919,1985,6794942,3755,6783692,394,405,6763847,644,6695406,474,557,16353478,920,16333041,138,156,2898896,220,2898896
264200,COLLEGE OF NEW JERSEY (THE),NJ,086280718,Public,2307,2360,9702837,4391,9674587,3291,3440,12992705,6410,12942455,281,333,4537232,506,4524732,476,567,10337987,932,10337987,27,34,316281,45,316281
264300,"UNION COLLEGE OF UNION COUNTY, NEW JERSEY",NJ,070161598,Public,479,539,1414639,731,1355379,600,671,2380600,897,2234082,,,,,,9,10,66491,15,66491,,,,,
265000,UNIVERSITY OF THE SOUTHWEST,NM,882409129,Private-Nonprofit,187,187,689416,607,689416,183,187,576728,616,576728,597,597,8704067,2060,7061811,27,30,205507,83,205507,59,60,909276,211,790308
265100,EASTERN NEW MEXICO UNIVERSITY,NM,881306000,Public,848,919,3239962,1616,3182235,831,892,3814776,1553,3740940,440,527,6310272,899,6156988,11,13,68877,21,66255,7,9,32070,13,29895
265300,NEW MEXICO HIGHLANDS UNIVERSITY,NM,877014436,Public,216,236,860103,435,825385,159,187,547788,346,534272,451,589,5958562,1108,5815403,15,20,153286,40,153286,12,14,105225,27,101009
265400,NEW MEXICO INSTITUTE OF MINING & TECHNOLOGY,NM,878014796,Public,100,100,398994,184,380812,111,111,531151,207,518698,20,20,373156,37,352656,10,10,153453,17,153453,,,,,
265500,NEW MEXICO JUNIOR COLLEGE,NM,882409123,Public,30,35,90210,70,90210,37,42,133809,82,133309,,,,,,,,,,,,,,,
265600,NEW MEXICO MILITARY INSTITUTE,NM,882015173,Public,16,16,46602,22,37065,16,16,41755,24,36746,,,,,,4,4,34030,6,34030,,,,,
265700,NEW MEXICO STATE UNIVERSITY,NM,880038001,Public,3105,3313,11246451,5345,11089200,2312,2476,10390578,4014,10279174,710,819,10065365,1279,9974121,137,167,1651352,262,1648115,76,104,1680098,187,1680098
266000,SAN JUAN COLLEGE,NM,874024699,Public,313,356,932851,666,931820,256,301,825471,571,825471,,,,,,2,2,22337,4,22337,,,,,
266300,UNIVERSITY OF NEW MEXICO,NM,871310001,Public,2716,3079,11088512,4808,10655478,2594,2955,13142723,4734,12655795,1610,2395,35015518,5188,34087514,116,140,1519088,220,1479840,383,509,7256912,1096,7159097
266400,WESTERN NEW MEXICO UNIVERSITY,NM,880615417,Public,547,591,2070530,1061,1936240,443,480,2076192,849,1903094,421,636,5887295,1040,5268064,13,13,103136,24,103136,23,33,282103,60,261177
266500,VAUGHN COLLEGE OF AERONAUTICS AND TECHNOLOGY,NY,113699997,Private-Nonprofit,823,868,3369275,1466,2913584,786,844,3437319,1422,2930384,3,3,61500,6,61500,158,166,3828360,296,3721112,2,2,60050,4,60050
266600,ADELPHI UNIVERSITY,NY,115304299,Private-Nonprofit,2046,2046,9025218,3813,8677053,2581,2581,9666803,4895,9277981,1081,1081,19809026,1924,18938326,736,847,17350682,1472,17132809,413,482,10923886,797,10548906
266800,ALFRED UNIVERSITY,NY,148021205,Private-Nonprofit,675,699,2720227,1285,2720227,798,883,2880105,1629,2880105,335,711,4298421,798,4298421,232,268,4011614,470,4011614,38,46,472985,76,472985
266900,BANK STREET COLLEGE OF EDUCATION,NY,100251898,Private-Nonprofit,,,,,,1,1,6620,2,6620,335,373,5122542,736,4882818,,,,,,44,46,667216,70,610959
267100,BARD COLLEGE,NY,125045000,Private-Nonprofit,761,795,3230774,1523,3228024,823,878,2922177,1714,2921177,189,193,3287387,352,3080425,163,216,3805733,342,3805733,30,36,609393,64,590183
267700,BROOKLYN LAW SCHOOL,NY,112013798,Private-Nonprofit,,,,,,,,,,,650,650,13028067,1288,13028067,,,,,,504,508,22459107,1021,22459107
267800,BRYANT & STRATTON COLLEGE,NY,142031630,Private-Nonprofit,16838,19587,58498736,30102,47847477,16811,19933,85008508,31034,69254261,,,,,,261,290,2437546,517,2295842,,,,,
268100,"CANISIUS UNIVERSITY OF BUFFALO, NEW YORK",NY,142081098,Private-Nonprofit,631,638,2501977,1164,2487557,849,890,3561801,1652,3549467,321,386,6449372,539,4962549,164,192,2487319,320,2487319,65,89,1940670,104,913908
268700,CUNY BROOKLYN COLLEGE,NY,112102814,Public,595,658,2424070,1273,2424070,499,599,2177176,1156,2173426,890,993,13749663,1885,13694163,23,26,369994,50,369994,62,98,1156780,192,1146780
268800,CITY COLLEGE OF NEW YORK - CUNY,NY,100319198,Public,1215,1269,4810566,2343,4735245,994,1059,4398484,1967,4328520,595,679,11787396,1205,10043917,32,36,502067,72,502067,125,189,2848234,301,2020320
268900,CUNY HUNTER COLLEGE,NY,100655024,Public,1036,1148,4289795,2176,4159509,708,813,2831692,1552,2776693,1714,1865,28826965,3534,27869331,47,53,855379,104,855379,101,135,1522712,261,1490347
269000,CUNY QUEENS COLLEGE,NY,113671597,Public,960,1059,3728959,1985,3700758,665,736,2505006,1400,2493564,576,640,7585639,1206,7557889,27,32,498922,62,498922,10,12,230199,23,230199
269100,CUNY BOROUGH OF MANHATTAN COMMUNITY COLLEGE,NY,100071047,Public,768,834,2212262,1521,2196478,562,625,2090871,1153,2075871,,,,,,7,9,67804,18,67804,,,,,
269200,CUNY BRONX COMMUNITY COLLEGE,NY,104533102,Public,340,367,1052632,679,1050382,258,298,950644,554,950644,,,,,,1,2,7650,4,7650,,,,,
269300,CUNY JOHN JAY COLLEGE OF CRIMINAL JUSTICE,NY,100191093,Public,1308,1424,5146928,2683,5119428,1112,1217,4521962,2289,4506462,740,799,11499446,1485,11445031,96,122,2116134,236,2101161,47,62,809069,121,799684
269400,KINGSBOROUGH COMMUNITY COLLEGE/CUNY,NY,112352398,Public,382,412,1171526,772,1159101,283,317,1003648,600,990406,,,,,,4,5,42943,10,42943,,,,,
269600,NEW YORK CITY COLLEGE OF TECHNOLOGY OF THE CITY UNIVERSITY OF NEW YORK,NY,112012983,Public,560,599,1916508,1101,1912539,449,479,1683573,887,1680073,,,,,,3,3,26500,4,22500,,,,,
269700,QUEENSBOROUGH COMMUNITY COLLEGE-CUNY,NY,113641497,Public,309,340,974579,636,947478,255,293,1008970,547,993047,,,,,,5,5,60459,10,60459,,,,,
269800,COLLEGE OF STATEN ISLAND/CUNY,NY,103146600,Public,717,776,2635704,1463,2635704,787,887,3037141,1675,3037141,246,313,2888742,575,2888742,72,83,840655,162,840655,5,8,75338,16,75338
269900,CLARKSON UNIVERSITY,NY,136991403,Private-Nonprofit,862,880,3777991,1667,3777991,1224,1326,4896375,2505,4896375,165,237,3136454,303,2681505,234,272,5298587,463,5264069,87,110,2443380,151,1884176
270000,COLGATE ROCHESTER CROZER DIVINITY SCHOOL,NY,146072589,Private-Nonprofit,,,,,,,,,,,10,10,178800,20,178800,,,,,,,,,,
270100,COLGATE UNIVERSITY,NY,133461386,Private-Nonprofit,192,216,618987,370,618987,316,368,1419101,650,1419101,2,3,36346,4,36346,131,165,5757880,263,5757880,,,,,
270300,UNIVERSITY OF MOUNT SAINT VINCENT,NY,104711093,Private-Nonprofit,1222,1244,5153494,2390,4758627,1202,1240,4828551,2383,4336192,738,769,12710876,1983,11254569,200,250,3647829,439,3549980,98,137,5098030,323,4703610
270700,COLUMBIA UNIVERSITY IN THE CITY OF NEW YORK,NY,100270000,Private-Nonprofit,935,1026,4298717,1738,4295967,1042,1108,5951234,1885,5947734,4888,5234,113300601,8988,107260873,281,310,11419149,551,11419149,3321,5318,174262242,8068,171598251
270800,BARNARD COLLEGE,NY,100276598,Private-Nonprofit,534,541,2400320,1057,2400320,201,217,869949,424,866199,,,,,,189,211,8447896,355,8447896,,,,,
271000,COOPER UNION FOR THE ADVANCEMENT OF SCIENCE & ART (THE),NY,100037120,Private-Nonprofit,100,100,376168,192,376168,123,123,538274,237,538274,3,3,34250,5,34250,64,65,1293820,128,1293820,2,2,28677,2,28677
271100,CORNELL UNIVERSITY,NY,148532801,Private-Nonprofit,1633,1863,5910961,3511,5910961,2006,2303,8417253,4374,8417253,1750,1852,41295092,3339,41101176,588,662,22161518,1267,22161518,1093,1463,48378168,2456,48340121
271200,D'YOUVILLE UNIVERSITY,NY,142011084,Private-Nonprofit,524,530,2322569,929,2087596,545,559,2345261,992,2105760,479,584,14098694,803,8768165,104,115,2199254,211,2133838,276,353,13806285,473,6895589
271300,DOMINICAN UNIVERSITY NEW YORK,NY,109621210,Private-Nonprofit,634,639,2522240,1165,2515405,757,805,2970779,1485,2957862,207,210,3483805,504,3330709,163,191,2593410,303,2593410,100,159,1579275,240,1556432
271800,ELMIRA COLLEGE,NY,149012099,Private-Nonprofit,388,392,1650566,751,1646066,492,516,1740967,987,1736008,7,7,89504,12,89504,141,167,2731469,301,2731469,2,2,24601,5,24601
272200,FORDHAM UNIVERSITY,NY,104585157,Private-Nonprofit,3412,3590,14802890,6761,14552962,4508,4705,17684369,8961,17408520,2178,2307,41487527,4078,41194155,1273,1514,49280790,2613,48904812,1332,1721,53825652,3112,53619034
272800,HAMILTON COLLEGE,NY,133231218,Private-Nonprofit,363,364,1426090,703,1426090,313,397,1293162,768,1293162,,,,,,89,97,2831460,162,2831460,,,,,
272900,HARTWICK COLLEGE,NY,138204020,Private-Nonprofit,494,494,2041072,929,2041072,701,701,2733848,1321,2726348,,,,,,218,240,4047083,421,4047083,,,,,
273100,HOBART AND WILLIAM SMITH COLLEGES,NY,144563397,Private-Nonprofit,671,671,2866861,1291,2866861,937,945,3713719,1832,3713719,19,19,338891,36,338891,182,208,3692506,346,3692506,7,8,72757,14,72757
273200,HOFSTRA UNIVERSITY,NY,115491010,Private-Nonprofit,2302,2500,9527743,4495,9527743,2745,3011,9490932,5464,9490932,1803,2309,37431240,3378,35708956,1539,1740,49374191,2980,49072131,1134,1479,36518420,2168,36138954
273400,HOUGHTON UNIVERSITY,NY,147440128,Private-Nonprofit,347,347,1502875,655,1489875,395,405,1368119,757,1340805,13,13,172398,25,162148,49,56,683794,91,681394,1,1,14400,2,14400
273500,HILBERT COLLEGE,NY,140751597,Private-Nonprofit,616,623,2253810,1153,2236388,682,737,2706557,1381,2675545,37,37,431200,61,415463,118,138,1804115,225,1794951,2,3,4900,4,4900
273700,IONA UNIVERSITY,NY,108011890,Private-Nonprofit,1084,1091,4486058,2066,4486058,1409,1506,5166040,2865,5166040,259,283,4709910,498,4704714,585,690,13454105,1184,13454105,119,143,2487638,245,2487638
273900,ITHACA COLLEGE,NY,148507000,Private-Nonprofit,1495,1504,6410488,2852,6386023,2048,2058,7544159,3912,7518146,268,269,4435628,496,4419128,537,609,13321257,1021,13296721,112,123,4282061,220,4282061
274000,JEWISH THEOLOGICAL SEMINARY OF AMERICA (THE),NY,100274649,Private-Nonprofit,12,12,50499,23,50499,15,15,55751,29,55751,20,20,338767,39,338767,4,6,187536,12,187536,5,6,135405,12,135405
274100,AMERICAN JEWISH UNIVERSITY,CA,900771599,Private-Nonprofit,6,6,33000,11,33000,4,4,28000,8,28000,32,34,531104,65,531104,,,,,,10,10,299483,20,299483
274200,JUILLIARD SCHOOL (THE),NY,100236588,Private-Nonprofit,87,87,384240,166,384240,113,113,415599,218,415599,83,83,1549970,176,1539720,46,47,1540137,101,1540137,28,30,462614,65,462614
274400,KEUKA COLLEGE,NY,144780000,Private-Nonprofit,723,726,3024139,1356,3020056,815,835,2776393,1534,2773873,423,428,7243374,1016,7220765,157,178,2464089,305,2464089,26,27,381956,60,381956
274800,LE MOYNE COLLEGE,NY,132141399,Private-Nonprofit,1039,1055,4227149,1930,4206385,1269,1318,4674335,2436,4657085,304,467,5906223,553,5011798,286,332,5045183,531,5033808,150,186,4681297,249,3426629
274900,NEW YORK COLLEGE OF PODIATRIC MEDICINE,NY,100351940,Private-Nonprofit,,,,,,,,,,,254,351,13972792,547,11253696,,,,,,194,278,9525334,443,7427828
275100,LONG ISLAND UNIVERSITY,NY,115481326,Private-Nonprofit,1965,2019,8100770,3812,8043022,2308,2427,9696521,4590,9630084,2026,2364,54054993,4236,49476896,1005,1097,26087229,2131,26018967,1551,2017,46883982,3637,44578254
275800,MANHATTAN UNIVERSITY,NY,104714098,Private-Nonprofit,894,917,3713409,1678,3713409,1103,1168,4393620,2177,4393620,243,258,4076225,485,4076225,531,579,13530636,1147,13530636,81,100,1485289,206,1485289
275900,MANHATTAN SCHOOL OF MUSIC,NY,100274689,Private-Nonprofit,140,140,634369,277,632619,159,162,538856,320,535856,119,119,2338038,233,2327788,109,109,4478424,214,4478424,92,92,2523474,180,2513124
276000,MANHATTANVILLE COLLEGE,NY,105772132,Private-Nonprofit,643,644,2568789,1203,2566693,731,733,2801753,1366,2795253,343,348,5450975,714,5081259,152,181,3050129,293,3050129,25,33,332640,48,332640
276300,MARIA COLLEGE,NY,122081798,Private-Nonprofit,368,385,1369993,1230,1269622,377,401,1843251,1280,1701326,31,44,878763,118,578221,13,19,206322,52,206322,28,41,516378,105,509508
276500,MARIST COLLEGE,NY,126011387,Private-Nonprofit,1642,1681,6991129,3212,6984064,2382,2488,9905737,4749,9887135,379,467,6611057,674,6344557,557,615,17263615,1104,17263615,171,251,5026119,346,4501623
276900,MARYMOUNT MANHATTAN COLLEGE,NY,100214597,Private-Nonprofit,563,569,2370146,1067,2292997,677,695,2393599,1307,2316346,,,,,,346,386,10250335,710,10116421,,,,,
277200,MERCY UNIVERSITY,NY,105221189,Private-Nonprofit,2971,2981,12185852,5528,11753189,2816,2837,12046929,5256,11613044,1313,1323,23107554,2595,21206124,345,388,5714868,756,5677586,441,491,14218028,1084,12872444
277500,MOLLOY UNIVERSITY,NY,115701100,Private-Nonprofit,1607,1617,6857703,2909,6802736,1896,1954,7935128,3537,7864670,582,590,9791594,1004,9597255,480,607,11491723,966,11452905,116,144,2062081,228,2062081
277800,MOUNT SAINT MARY COLLEGE,NY,125503494,Private-Nonprofit,563,563,2280013,1015,2258750,691,717,3039048,1310,3015562,108,110,1644950,179,1634700,171,182,3873508,324,3873508,13,15,146805,22,146805
277900,NAZARETH UNIVERSITY,NY,146183790,Private-Nonprofit,904,904,3890596,1727,3890596,1163,1184,4195098,2253,4195098,141,141,2423711,243,2423711,330,380,7498950,634,7498950,82,106,1575096,149,1575096
278200,NEW YORK INSTITUTE OF TECHNOLOGY,NY,115688000,Private-Nonprofit,1328,1376,5632140,2454,5564140,1215,1309,4178097,2328,4120597,1541,1918,67326957,3228,60162837,519,604,10674390,1013,10664890,1190,1838,60012656,3060,53790018
278300,NEW YORK LAW SCHOOL,NY,100132960,Private-Nonprofit,,,,,,2,2,20936,4,20936,628,650,12559298,1265,12538798,,,,,,536,718,20494847,1404,20455910
278400,NEW YORK MEDICAL COLLEGE,NY,105951600,Private-Nonprofit,,,,,,,,,,,659,817,29144438,1239,22176827,,,,,,564,781,27554383,1178,19709408
278500,NEW YORK UNIVERSITY,NY,100121091,Private-Nonprofit,3966,4724,17337006,7907,17330256,4028,4814,15702200,8035,15688700,6639,8844,157811870,13569,157668370,2444,3270,126155148,5281,126038046,5598,9966,297713768,12936,297537586
278800,NIAGARA UNIVERSITY,NY,141092010,Private-Nonprofit,937,939,3890947,1750,3890947,1233,1288,4982486,2415,4982486,240,243,3606634,412,3606634,228,249,3243890,425,3243890,26,28,291930,43,291930
279100,PACE UNIVERSITY,NY,100381598,Private-Nonprofit,2885,2934,12206572,5357,12061619,3366,3516,12082838,6430,11915994,1746,2124,34613093,3300,33844679,1910,2207,53218122,3825,53010251,795,1312,22880627,1779,22748896
279500,PAUL SMITH'S COLLEGE OF ARTS & SCIENCES,NY,129700000,Private-Nonprofit,311,311,1261176,566,1251176,390,394,1302192,725,1301692,2,2,30750,2,20500,77,83,1296214,143,1289182,,,,,
279800,PRATT INSTITUTE,NY,112053899,Private-Nonprofit,1095,1095,4737550,2104,4721050,1097,1125,3656150,2157,3629491,360,395,6697535,690,6677035,612,685,23600381,1213,23600381,267,389,9792473,579,9759430
280300,RENSSELAER POLYTECHNIC INSTITUTE,NY,121803590,Private-Nonprofit,1621,1815,7583271,3183,7129014,2209,2457,8970333,4341,8587521,128,136,2154190,224,2102940,405,511,11520413,811,11285821,19,22,539017,35,539017
280500,ROBERTS WESLEYAN UNIVERSITY,NY,146241997,Private-Nonprofit,569,577,2345443,1026,2304998,672,708,2936268,1251,2866692,333,404,6244520,664,5702796,76,87,1289630,147,1289630,64,78,1426698,116,1222334
280600,ROCHESTER INSTITUTE OF TECHNOLOGY,NY,146235608,Private-Nonprofit,5096,5411,23313887,9734,21412128,5489,6093,19063937,10975,17892384,479,551,9200728,844,8208953,1265,1459,32455666,2404,31606754,125,157,3058705,255,2763503
280800,DAEMEN UNIVERSITY,NY,142263592,Private-Nonprofit,727,727,3016042,1369,2890414,889,889,3503658,1671,3370953,566,568,9493354,1075,8988875,111,111,1538746,198,1494379,118,119,3073505,245,2996747
281000,RUSSELL SAGE COLLEGE,NY,121804199,Private-Nonprofit,724,747,3027349,1334,2986424,799,851,3026221,1510,2964532,703,883,14821007,1250,11250319,161,168,3112102,296,3070915,138,167,4617554,212,2431646
281200,TROCAIRE COLLEGE,NY,142202094,Private-Nonprofit,,,,,,1,1,4000,2,4000,,,,,,19,24,233405,34,228405,,,,,
281300,SARAH LAWRENCE COLLEGE,NY,107085999,Private-Nonprofit,458,459,1955130,874,1952380,571,575,1877385,1096,1876385,89,89,1758500,176,1758500,173,198,5124448,332,5124448,30,33,734733,60,734733
281400,SKIDMORE COLLEGE,NY,128661632,Private-Nonprofit,414,414,1630934,818,1630934,725,725,3530020,1426,3530020,,,,,,104,110,3070211,208,3070211,,,,,
281500,SAINT BERNARD'S SCHOOL OF THEOLOGY AND MINISTRY,NY,146183822,Private-Nonprofit,,,,,,,,,,,12,20,94984,40,94984,,,,,,,,,,
281600,SIENA COLLEGE,NY,122111462,Private-Nonprofit,1490,1500,6512444,2855,6498694,2020,2020,7634714,3861,7620964,79,79,1415407,129,1333407,425,491,9373091,796,9365076,4,4,56460,6,56460
281700,ST. BONAVENTURE UNIVERSITY,NY,147782284,Private-Nonprofit,2,2,3954,2,3954,1,1,2928,1,2928,410,420,5937237,420,3542965,3,3,23329,3,23329,55,56,624328,56,519120
282000,SAINT FRANCIS COLLEGE,NY,112014398,Private-Nonprofit,565,583,2194712,994,2170462,481,522,1578693,893,1564193,34,37,543500,54,509333,136,171,1520477,283,1485777,5,6,85173,7,85173
282100,ST. JOHN FISHER UNIVERSITY,NY,146183597,Private-Nonprofit,1259,1270,5504442,2377,5403774,1582,1625,5947726,3035,5830147,549,743,16059055,971,12192412,428,445,9048904,800,9010290,158,193,4037598,262,2345871
282300,SAINT JOHN'S UNIVERSITY,NY,114391343,Private-Nonprofit,3212,3225,14024972,6085,13652022,3516,3673,12011052,6928,11678900,1469,1562,31473081,2780,30329312,1813,2008,51478026,3783,50997538,926,1041,32002997,1933,29869131
282500,ST. JOSEPH'S UNIVERSITY NEW YORK,NY,112053688,Private-Nonprofit,1280,1356,5485090,2312,5485090,1594,1703,7018226,2962,7012526,397,516,7713332,712,6257926,287,332,4501880,536,4501880,38,42,410752,59,366041
282900,ST. LAWRENCE UNIVERSITY,NY,136171455,Private-Nonprofit,665,679,2767386,1296,2767386,905,951,3575007,1820,3575007,3,3,44666,5,44666,160,180,3774134,293,3774134,2,2,21864,4,21864
283200,SAINT THOMAS AQUINAS COLLEGE,NY,109761050,Private-Nonprofit,344,345,1420294,643,1407948,400,425,1647774,804,1644819,36,37,575441,72,554941,178,183,3084507,352,3084072,3,3,20915,6,20915
283300,SAINT VLADIMIRS ORTHODOX THEOLOGICAL SEMINARY,NY,107071699,Private-Nonprofit,,,,,,,,,,,7,7,62257,12,62257,,,,,,,,,,
283400,EXCELSIOR UNIVERSITY,NY,122035159,Private-Nonprofit,3122,3415,10989189,6357,9474603,3192,3515,17771759,6491,15467635,303,342,5288277,645,4840443,4,4,128802,10,128802,15,18,255773,32,253273
283500,STATE UNIVERSITY OF NEW YORK AT ALBANY,NY,122220001,Public,4954,5137,21207217,9626,20932061,5365,5751,19208649,10767,18936661,1060,1153,16394722,2008,15887545,1261,1532,19375429,2587,19221706,104,140,1300969,214,1291195
283600,BINGHAMTON UNIVERSITY,NY,139026000,Public,3633,3781,15449011,7009,15331136,4671,4999,19567560,9301,19417138,1041,1198,19061121,2213,18608303,1098,1354,19992359,2297,19930173,171,215,3101152,343,3038984
283700,STATE UNIVERSITY OF NEW YORK AT BUFFALO,NY,142600001,Public,6177,6450,25825523,11811,25798791,6612,7031,23857111,12855,23821773,3773,4292,87145427,7660,87113677,1215,1484,21704496,2500,21690526,1351,1941,34772959,3153,34762131
283800,STATE UNIVERSITY OF NEW YORK AT STONY BROOK,NY,117940701,Public,4957,5437,21698417,9904,21668767,4629,4972,17564127,9087,17540127,1985,2293,39495667,3948,39475167,808,1034,15491804,1677,15491804,1019,1252,23876381,2286,23876381
283900,STATE UNIVERSITY OF NEW YORK DOWNSTATE HEALTH SCIENCES UNIVERSITY,NY,112032098,Public,85,129,569610,195,466456,64,107,646773,156,485750,954,1272,29829617,1838,28349455,3,3,55500,4,55500,593,901,17722643,1260,16687180
284000,STATE UNIVERSITY OF NEW YORK UPSTATE MEDICAL UNIVERSITY,NY,132102375,Public,63,63,318757,158,317710,51,53,279061,128,275942,592,696,23872103,1005,16920044,3,3,71848,10,71848,450,533,17230730,841,11068309
284100,SUNY COLLEGE AT BROCKPORT,NY,144202914,Public,2586,2783,10437581,4948,10425831,3123,3485,12565791,6239,12551398,768,904,10510569,1430,10493294,471,558,5776287,934,5765830,55,75,383593,106,383593
284200,SUNY BUFFALO STATE UNIVERSITY,NY,142221095,Public,2167,2278,8407643,3968,8407643,2300,2461,8366999,4338,8366999,446,493,6239180,768,6239180,271,318,3162485,532,3162485,19,20,206157,32,206157
284300,SUNY CORTLAND,NY,130450900,Public,2140,2147,8783692,3994,8780942,3257,3268,13150061,6114,13146561,345,350,4260444,573,4260444,696,743,10565099,1320,10565099,8,9,102881,14,102881
284400,SUNY AT FREDONIA,NY,140631145,Public,1220,1249,4676990,2272,4671597,1642,1739,6366387,3176,6352944,209,241,2877337,380,2868737,272,327,3212629,534,3212629,12,14,106439,22,106439
284500,SUNY COLLEGE AT GENESEO,NY,144541401,Public,1143,1208,4611166,2235,4527746,1717,1887,7135517,3531,7039217,19,19,281164,28,230331,308,371,4307686,640,4278452,,,,,
284600,STATE UNIVERSITY OF NEW YORK AT NEW PALTZ,NY,125612499,Public,1947,1972,8300621,3676,8060764,2338,2415,9022480,4494,8792269,309,327,4705811,567,4578990,447,490,6893214,880,6766959,19,22,207840,36,207840
284700,STATE UNIVERSITY OF NEW YORK AT ONEONTA,NY,138204015,Public,1806,1836,7136009,3403,7135642,2387,2412,9039923,4566,9038608,218,249,2641681,368,2641681,448,458,6043384,865,6040754,3,4,23380,4,23380
284800,STATE UNIVERSITY OF NEW YORK AT OSWEGO (SUNY OSWEGO),NY,131263599,Public,2092,2141,8911443,3868,8593651,2495,2780,10344474,5018,9960035,447,505,7560372,784,6295330,829,859,11616246,1633,11364100,27,28,330894,46,300694
284900,STATE UNIVERSITY OF NEW YORK AT PLATTSBURGH,NY,129012681,Public,1628,1690,6522740,3026,6496132,1942,2086,7579487,3734,7544307,424,477,6247811,750,6243293,297,340,4221257,617,4218757,37,44,399786,65,399786
285000,STATE UNIVERSITY OF NEW YORK COLLEGE AT POTSDAM,NY,136762294,Public,761,767,3069406,1381,3069406,970,978,3600829,1746,3600829,258,285,3004695,411,3004695,183,206,2146146,364,2146146,2,2,17985,3,17985
285100,SUNY COLLEGE OF ENVIRONMENT SCIENCE & FORESTRY,NY,132102778,Public,440,452,1786725,840,1734947,626,653,2796005,1211,2708837,30,34,397883,60,397883,225,241,3411037,446,3365472,1,1,4393,2,4393
285300,SUNY MARITIME COLLEGE,NY,104654198,Public,278,320,1219784,530,1091653,469,563,2223796,935,1990807,44,59,801299,86,689800,141,181,3233124,286,2766741,18,32,535635,45,347701
285400,SUNY COLLEGE OF TECHNOLOGY AT ALFRED,NY,148029951,Public,1648,1681,6148014,2960,6134764,1898,2036,6748983,3643,6712984,,,,,,360,443,4747171,704,4736856,,,,,
285500,SUNY COLLEGE OF TECHNOLOGY AT CANTON,NY,136171098,Public,1448,1502,5516178,2574,5516178,1523,1682,6613126,2897,6613126,,,,,,238,262,3057657,438,3057657,,,,,
285600,SUNY COLLEGE OF AGRICULTURE & TECHNOLOGY AT COBLESKILL,NY,120439986,Public,807,846,2898995,1534,2819560,913,958,3174685,1744,3122199,,,,,,302,332,4413321,623,4345474,,,,,
285700,SUNY COLLEGE OF TECHNOLOGY AT DELHI,NY,137531190,Public,1234,1263,4653974,2199,4398757,1366,1550,5261241,2667,4977131,68,79,697954,113,620697,298,352,4304076,591,4188013,,,,,
285800,STATE UNIVERSITY OF NEW YORK AT FARMINGDALE,NY,117351021,Public,1239,1272,4423313,2330,4218159,1777,1815,8499409,3388,8135298,6,6,62029,11,62029,130,145,1361300,286,1361300,,,,,
285900,SUNY COLLEGE OF AGRICULTURE & TECHNOLOGY AT MORRISVILLE,NY,134080901,Public,1234,1234,4170696,2242,4170696,1268,1268,4011111,2342,4010017,5,5,45653,9,45653,511,513,5858155,927,5858155,,,,,
286000,ADIRONDACK COMMUNITY COLLEGE - SUNY OFFICE OF COMMUNITY COLLEGES,NY,128041445,Public,544,567,1711397,1792,1706771,585,619,2176792,1986,2171042,,,,,,57,58,610507,198,604730,,,,,
286100,CAYUGA COMMUNITY COLLEGE,NY,130213099,Public,395,406,1349258,691,1209310,386,402,1688415,688,1497598,,,,,,1,2,5034,4,5034,,,,,
286200,SUNY BROOME COMMUNITY COLLEGE,NY,139051328,Public,1526,1533,4806961,2706,4787961,1473,1487,5651348,2629,5640282,,,,,,105,116,1206996,224,1206996,,,,,
286300,CORNING COMMUNITY COLLEGE - SUNY OFFICE OF COMMUNITY COLLEGES,NY,148303297,Public,390,403,1203370,719,1196472,465,488,1881653,885,1862485,,,,,,17,17,154809,32,154809,,,,,
286400,DUTCHESS COMMUNITY COLLEGE,NY,126011595,Public,807,834,2667296,1457,2436241,876,923,3477739,1616,3157194,,,,,,95,116,1234603,213,1211043,,,,,
286600,FASHION INSTITUTE OF TECHNOLOGY,NY,100015992,Public,1802,1802,7708421,3280,7688296,2006,2006,7495515,3666,7466140,60,60,1031969,107,1021719,593,700,17399905,1211,17399905,17,20,505910,37,505910
286700,SUNY FULTON-MONTGOMERY COMMUNITY COLLEGE,NY,120953790,Public,273,286,906994,482,813902,262,273,1018040,464,918204,,,,,,2,2,7083,2,7083,,,,,
286800,HUDSON VALLEY COMMUNITY COLLEGE,NY,121806096,Public,1632,1632,5499735,5242,4992718,1787,1787,7692580,5759,6999126,,,,,,29,29,214158,90,214158,,,,,
286900,JAMESTOWN COMMUNITY COLLEGE,NY,147020020,Public,461,505,1451032,913,1448453,485,551,1781384,1015,1777527,,,,,,61,71,501618,134,499618,,,,,
287000,JEFFERSON COMMUNITY COLLEGE,NY,136011897,Public,433,433,1238376,754,1238376,444,445,1681249,791,1678590,,,,,,32,33,236476,58,236476,,,,,
287100,MOHAWK VALLEY COMMUNITY COLLEGE - SUNY OFFICE OF COMMUNITY COLLEGES,NY,135015394,Public,714,770,2129709,2293,1881342,632,702,2344662,2206,2147875,,,,,,83,91,703716,286,674098,,,,,
287200,MONROE COMMUNITY COLLEGE,NY,146235780,Public,2610,2612,7965859,4001,7965859,2451,2451,9444794,3805,9444794,,,,,,49,51,369396,80,369396,,,,,
287300,NASSAU COMMUNITY COLLEGE,NY,115306793,Public,1277,1279,4286341,2091,4028083,1380,1383,5700337,2284,5336080,,,,,,31,31,356134,52,335078,,,,,
287400,NIAGARA COUNTY COMMUNITY COLLEGE,NY,141329460,Public,634,678,1924506,1228,1921413,849,917,3233794,1679,3232794,,,,,,82,90,842589,170,842589,,,,,
287500,ONONDAGA COMMUNITY COLLEGE,NY,132154585,Public,1394,1423,4258826,4492,4224938,1415,1460,4945642,4697,4910804,,,,,,95,108,743999,206,743999,,,,,
287600,ORANGE COUNTY COMMUNITY COLLEGE,NY,109406441,Public,806,809,2732041,1279,2425227,869,878,3781149,1398,3368250,,,,,,13,13,137843,20,120680,,,,,
287700,ROCKLAND COMMUNITY COLLEGE,NY,109013611,Public,235,253,701261,379,694314,324,353,1234159,526,1221107,,,,,,8,8,63334,15,63334,,,,,
287800,SUFFOLK COUNTY COMMUNITY COLLEGE,NY,117842899,Public,793,817,2284386,1434,2282136,1148,1222,4333079,2186,4327329,,,,,,39,40,184971,71,184971,,,,,
287900,SULLIVAN COUNTY COMMUNITY COLLEGE - SUNY OFFICE OF COMMUNITY COLLEGES,NY,127595151,Public,81,81,239861,146,237483,78,78,268595,141,264324,,,,,,,,,,,,,,,
288000,ULSTER COUNTY COMMUNITY COLLEGE,NY,124840557,Public,118,121,369123,218,368248,132,136,537330,245,533863,,,,,,2,2,8621,4,8621,,,,,
288100,SUNY WESTCHESTER COMMUNITY COLLEGE,NY,105951698,Public,350,362,1010552,641,968392,441,463,1666124,834,1590066,,,,,,8,8,38200,13,35100,,,,,
288200,SYRACUSE UNIVERSITY,NY,132442130,Private-Nonprofit,3667,4027,15863873,7227,15858123,4565,5135,17692790,9259,17683040,2212,3915,43201024,4888,43201024,1258,1587,49402483,2685,49387254,1032,2019,27885840,2406,27885840
288300,UTICA UNIVERSITY,NY,135024892,Private-Nonprofit,1162,1223,4841806,2131,4601513,1341,1437,5350684,2523,4995518,663,865,13346487,1096,8682561,340,389,6646834,648,6464265,114,146,2524513,205,1853955
288500,ALBANY COLLEGE OF PHARMACY AND HEALTH SCIENCES,NY,122083492,Private-Nonprofit,270,282,1293790,526,1218546,299,320,1097959,601,1036044,211,304,8827584,477,6834217,72,85,1853377,146,1729853,104,151,2958622,249,2599122
288600,ALBANY LAW SCHOOL OF UNION UNIVERSITY,NY,122083494,Private-Nonprofit,,,,,,,,,,,418,475,9017725,831,8023998,,,,,,311,349,8685662,607,7109167
288700,ALBANY MEDICAL COLLEGE,NY,122083479,Private-Nonprofit,,,,,,,,,,,510,569,19210185,1015,18127558,,,,,,384,537,13229021,920,11509494
288900,UNION COLLEGE,NY,123082311,Private-Nonprofit,602,608,2624599,1725,2612946,730,737,2851267,2105,2836171,,,,,,123,135,3269484,331,3246641,,,,,
289000,UNION THEOLOGICAL SEMINARY,NY,100275710,Private-Nonprofit,,,,,,,,,,,79,86,1323696,159,1323696,,,,,,32,41,314240,68,314240
289200,UNITED STATES MERCHANT MARINE ACADEMY,NY,110241634,Public,10,10,7996,22,7996,37,37,195831,105,195831,,,,,,1,1,6348,3,6348,,,,,
289400,UNIVERSITY OF ROCHESTER,NY,146279000,Private-Nonprofit,1821,1864,8008937,3529,8008937,1060,1146,4186823,2119,4186823,790,849,20015706,1544,20005456,336,464,9768811,661,9768811,415,568,11272997,869,11272997
289500,VASSAR COLLEGE,NY,126040008,Private-Nonprofit,545,548,2312993,1059,2312993,476,502,1825828,939,1823078,,,,,,144,162,4863183,283,4851673,,,,,
289600,VILLA MARIA COLLEGE OF BUFFALO,NY,142253999,Private-Nonprofit,285,285,1121225,544,1092502,280,280,1044084,528,1007058,,,,,,27,27,287092,56,287092,,,,,
289900,WAGNER COLLEGE,NY,103014495,Private-Nonprofit,577,622,2485715,1194,2485715,853,976,3406942,1809,3406942,64,67,973315,114,973315,276,308,6288707,567,6288707,18,19,493306,35,493306
290000,WEBB INSTITUTE,NY,115421398,Private-Nonprofit,7,7,19983,13,19983,13,13,82750,25,82750,,,,,,1,2,15050,4,15050,,,,,
290300,YESHIVA UNIVERSITY,NY,100333201,Private-Nonprofit,275,285,1202303,539,1183053,436,463,1985015,877,1962765,1313,1514,28212973,2628,24185951,224,253,4721440,461,4721440,774,1063,24337886,1707,21095789
290500,NORTH CAROLINA AGRICULTURAL AND TECHNICAL STATE UNIVERSITY,NC,274110001,Public,6178,6271,25138100,11926,24621411,6445,7072,21885915,13595,21347426,588,656,9402116,1190,8919648,1918,2109,38762440,4187,38272588,72,88,813887,156,743475
290600,APPALACHIAN STATE UNIVERSITY,NC,286080001,Public,5070,6789,21608232,12581,21598245,6349,6855,23636357,12149,23613254,728,896,10219527,1456,10095945,1215,1400,20722823,2573,20701302,83,116,638682,180,597512
290700,UNIVERSITY OF NORTH CAROLINA  ASHEVILLE,NC,288048503,Public,910,914,3582727,1657,3577727,1011,1023,3757023,1852,3746773,,,,,,132,148,1840860,243,1840860,,,,,
290800,BARTON COLLEGE,NC,278933104,Private-Nonprofit,601,602,2421174,1113,2367961,692,727,2572205,1335,2496271,39,39,566043,71,527682,142,154,2378310,270,2313881,2,2,24800,3,22570
291000,BELMONT ABBEY COLLEGE,NC,280121802,Private-Nonprofit,415,415,1685430,796,1653930,571,594,2327758,1124,2291077,33,33,548901,104,548901,284,285,5156714,525,5063402,8,8,126145,27,126145
291100,BENNETT COLLEGE,NC,274013239,Private-Nonprofit,120,130,518148,238,509648,124,134,489380,250,482630,,,,,,12,12,236760,23,236760,,,,,
291200,BREVARD COLLEGE,NC,287123306,Private-Nonprofit,481,481,1891675,848,1816175,577,645,2079184,1153,2009204,28,28,476386,48,435386,222,246,3912107,408,3796366,4,4,36590,7,36590
291300,CAMPBELL UNIVERSITY,NC,275060036,Private-Nonprofit,900,945,3679067,1933,3669117,931,1001,3639092,1997,3623972,1301,1343,32650307,2672,32650307,263,296,5606889,504,5606889,1057,1547,39549502,2680,39549502
291400,CATAWBA COLLEGE,NC,281442488,Private-Nonprofit,428,435,1682189,785,1682189,494,496,1851857,911,1850263,54,55,982228,105,982228,71,75,1130250,136,1130250,,,,,
291600,CHOWAN UNIVERSITY,NC,278551850,Private-Nonprofit,380,406,1443032,752,1443032,420,640,1530673,1179,1530673,79,121,831739,190,831739,112,131,1253607,248,1253607,1,1,6983,1,6983
291800,DAVIDSON COLLEGE,NC,280350000,Private-Nonprofit,94,98,361908,177,361908,142,152,671261,271,671261,,,,,,72,79,2555645,138,2555645,,,,,
291900,DAVIDSON-DAVIE COMMUNITY COLLEGE,NC,273600000,Public,869,889,2836952,1543,2526451,793,821,3723068,1431,3280585,,,,,,,,,,,,,,,
292000,DUKE UNIVERSITY,NC,277080397,Private-Nonprofit,647,717,2616590,1395,2616590,636,716,2767618,1382,2763868,2697,3598,56231174,6349,53810221,172,194,6600803,344,6600803,2077,4884,76033886,6070,72029319
292300,EAST CAROLINA UNIVERSITY,NC,278581818,Public,6035,6370,24213348,11191,23920479,7093,7552,27592587,13539,27248200,2330,2629,44312050,4493,43920149,1434,1650,24176626,2835,23633128,375,585,6158775,922,6088778
292600,ELIZABETH CITY STATE UNIVERSITY,NC,279097806,Public,1067,1104,4239065,1992,3973978,1107,1201,4010479,2176,3739846,72,75,1042071,130,918599,81,93,779442,174,769873,,,,,
292700,ELON UNIVERSITY,NC,272442010,Private-Nonprofit,862,873,3642519,1636,3636556,1361,1423,5748355,2699,5739855,534,717,10296528,1213,8904390,674,784,22819136,1324,22775050,391,545,14547642,1013,11730833
292800,FAYETTEVILLE STATE UNIVERSITY,NC,283014298,Public,2495,2549,9752910,4448,9748410,2451,2570,9757265,4462,9754265,587,632,9221527,1043,9219779,119,126,914499,233,914499,29,32,170154,45,170154
292900,GARDNER - WEBB UNIVERSITY,NC,280170000,Private-Nonprofit,832,897,3485947,1547,3309994,893,984,3836987,1708,3659655,777,785,13664453,1830,12434632,129,148,2103021,254,2068965,176,183,4887899,418,4466304
293000,GREENSBORO COLLEGE,NC,274011875,Private-Nonprofit,474,486,1839942,852,1839942,509,526,1874189,931,1874189,7,11,99114,13,99114,97,99,1176637,177,1176637,,,,,
293100,GUILFORD COLLEGE,NC,274104171,Private-Nonprofit,472,472,1794202,862,1787952,512,557,1681774,1006,1665197,17,19,324250,32,303750,184,209,3115311,387,3060013,,,,,
293300,HIGH POINT UNIVERSITY,NC,272682726,Private-Nonprofit,1298,1307,5595285,2501,5592535,1830,1869,6805876,3535,6793378,753,851,16606116,1822,16477511,751,870,31626763,1484,31626763,484,814,22519760,1252,22459485
293600,JOHNSON C. SMITH UNIVERSITY,NC,282165398,Private-Nonprofit,965,965,3714601,1965,3702913,969,970,3750650,1991,3730999,48,48,984000,96,984000,272,274,4130353,527,4052678,14,14,234420,28,234420
293900,LEES-MCRAE COLLEGE,NC,286040000,Private-Nonprofit,477,477,1834453,873,1828453,454,454,1522831,829,1518831,16,16,201529,27,201529,183,191,4060385,350,4042852,,,,,
294100,LENOIR-RHYNE UNIVERSITY,NC,286013984,Private-Nonprofit,623,624,2561807,1140,2553389,703,743,2375539,1351,2360298,414,475,8550358,713,6491201,232,254,3555188,440,3478721,97,114,1551331,179,1452305
294200,LIVINGSTONE COLLEGE,NC,281445298,Private-Nonprofit,613,615,2325471,1122,2319221,609,726,2065335,1327,2063335,13,13,233000,25,233000,161,165,1734919,302,1734919,4,4,40500,4,40500
294300,LOUISBURG COLLEGE,NC,275492398,Private-Nonprofit,343,343,1087035,586,1087035,356,358,1038750,632,1038750,,,,,,128,138,1789672,231,1789672,,,,,
294400,MARS HILL UNIVERSITY,NC,287540000,Private-Nonprofit,465,466,1819726,860,1818535,534,568,1886599,1050,1882705,6,6,108750,9,67752,52,54,680645,103,680645,,,,,
294500,MEREDITH COLLEGE,NC,276075298,Private-Nonprofit,578,599,2543333,1113,2541083,627,660,2157951,1238,2156951,110,122,1624577,188,1624577,156,183,2926131,306,2926131,11,13,84317,16,84317
294600,METHODIST UNIVERSITY,NC,283111420,Private-Nonprofit,766,941,3084561,1585,3074812,814,978,3009889,1688,2979082,267,309,5000649,708,4950129,222,270,3864279,428,3864279,216,231,8098920,567,8095420
294800,MONTREAT COLLEGE,NC,287571267,Private-Nonprofit,441,441,1750594,806,1668475,478,500,1698055,924,1595866,129,129,2120602,215,1489881,143,146,2710557,276,2710557,2,2,19669,4,13112
294900,UNIVERSITY OF MOUNT OLIVE,NC,283651299,Private-Nonprofit,1158,1263,4386879,2468,4328749,1261,1410,5813956,2734,5751902,155,172,2408296,352,2386616,104,117,1533758,207,1523030,5,5,37552,13,37552
295000,NORTH CAROLINA CENTRAL UNIVERSITY,NC,277073198,Public,4396,5026,17099813,9454,17042661,4427,5674,17215373,10601,17159191,1360,1496,23404197,2838,23319399,1619,1832,25083783,3531,25012716,897,1160,14691258,2172,14509852
295100,NORTH CAROLINA WESLEYAN UNIVERSITY,NC,278048699,Private-Nonprofit,798,820,3136938,1541,2963929,877,1034,4052918,1910,3782958,147,152,2115338,280,2082414,180,196,1701567,354,1684112,6,8,57837,15,57837
295300,WILLIAM PEACE UNIVERSITY,NC,276041194,Private-Nonprofit,305,309,1146876,567,1054307,344,366,1294229,677,1186742,,,,,,126,132,2065159,241,1990120,,,,,
295400,UNIVERSITY OF NORTH CAROLINA AT PEMBROKE,NC,283721510,Public,1947,2011,7558004,3414,6952977,1917,2036,7983346,3449,7303369,1356,1460,19832903,3660,14469053,175,195,1783908,342,1714689,36,38,441443,95,306596
295500,PFEIFFER UNIVERSITY,NC,281090000,Private-Nonprofit,356,356,1411908,674,1411908,405,433,1402563,823,1402563,173,173,2529368,377,2529368,103,103,1655338,197,1655338,64,66,1714357,142,1714357
295600,CAROLINA UNIVERSITY,NC,271015025,Private-Nonprofit,166,166,647286,300,636786,176,182,575547,330,570047,71,71,1069363,161,1028755,23,23,287470,43,287470,15,15,308714,31,308714
295700,QUEENS UNIVERSITY OF CHARLOTTE,NC,282740001,Private-Nonprofit,400,400,1746950,740,1720952,504,527,2129322,972,2088820,169,172,2889757,493,2469229,128,137,3134971,236,3069618,17,20,244725,37,220602
296000,SALEM COLLEGE,NC,271015376,Private-Nonprofit,182,182,709509,325,709509,176,189,516300,343,516300,47,47,680424,79,680424,30,34,357926,58,357926,1,1,6450,1,6450
296200,SHAW UNIVERSITY,NC,276012393,Private-Nonprofit,601,610,2257957,1098,2252457,564,670,1997260,1215,1990984,53,53,728211,90,728211,120,120,1283835,225,1273689,,,,,
297200,NORTH CAROLINA STATE UNIVERSITY,NC,276957001,Public,5509,5823,22438958,10668,22436725,7619,8033,33615885,14847,33614874,1788,2010,33532119,3354,33532119,1148,1293,20357807,2289,20357807,227,284,3948209,469,3948209
297400,UNIVERSITY OF NORTH CAROLINA - CHAPEL HILL,NC,275999100,Public,712,768,2627592,1280,2552298,1969,2156,11105777,3912,10998414,3389,4517,82048896,8010,81474374,510,549,10064241,1003,9968927,1941,2773,49964173,4839,49660993
297500,UNIVERSITY OF NORTH CAROLINA - CHARLOTTE,NC,282230001,Public,7072,7629,29027130,13508,28963739,8069,8715,31647410,15669,31532685,1805,2095,25838749,3355,25798477,1242,1432,19214050,2497,18905749,249,363,3057753,496,3011397
297600,UNIVERSITY OF NORTH CAROLINA -GREENSBORO,NC,274120001,Public,5643,6015,23060576,10713,23046102,5648,6140,21568393,11006,21544872,1297,1529,19254644,2505,19233177,672,816,8860694,1386,8860694,150,210,1751271,291,1751271
297800,WAKE FOREST UNIVERSITY,NC,271060000,Private-Nonprofit,386,398,1549602,742,1549602,545,557,2353624,1065,2353624,1940,2142,46625683,4151,40361827,128,143,5731713,248,5731713,1161,1433,44630465,2641,35951200
297900,WARREN WILSON COLLEGE,NC,287782099,Private-Nonprofit,322,323,1341401,595,1338651,353,367,1139809,676,1136309,16,16,147753,19,147753,66,70,843501,123,843501,,,,,
298100,WESTERN CAROLINA UNIVERSITY,NC,287239731,Public,3278,3398,12906700,6071,12899646,3807,4048,13955148,7187,13929837,780,857,11873448,1428,11822490,515,591,5571714,997,5571714,125,165,1488958,201,1488958
298400,UNIVERSITY OF NORTH CAROLINA AT WILMINGTON (THE),NC,284033297,Public,3430,3613,13928149,6606,13874165,4477,4756,19615776,8865,19517763,1358,1667,21204811,3560,20694142,872,1011,16238763,1762,16201939,113,149,1077556,253,1011978
298500,WINGATE UNIVERSITY,NC,281740159,Private-Nonprofit,1111,1126,4509447,2056,4509447,1173,1308,4180172,2417,4180172,514,563,11682224,1121,11148300,318,353,4674486,628,4674486,364,477,10321276,1002,10026910
298600,WINSTON-SALEM STATE UNIVERSITY,NC,271100001,Public,2822,3056,11032321,5658,10876065,2738,3243,8804860,6067,8676503,385,465,5649314,847,5488498,643,710,7439744,1362,7402044,15,16,124768,27,108188
298800,BISMARCK STATE COLLEGE,ND,585011299,Public,580,600,1738570,964,1738570,849,888,3709035,1463,3709035,,,,,,13,13,131218,22,131218,,,,,
298900,DICKINSON STATE UNIVERSITY,ND,586014896,Public,278,312,1043285,528,1043285,382,434,1859067,737,1859067,19,25,207656,37,207656,9,10,70888,15,70888,,,,,
299000,UNIVERSITY OF JAMESTOWN,ND,584053401,Private-Nonprofit,432,433,1667859,815,1666109,661,675,3006984,1277,3003984,179,191,3113413,413,3113413,62,71,764366,119,764366,45,53,1104567,121,1104567
299100,LAKE REGION STATE COLLEGE,ND,583011598,Public,217,226,750101,375,750101,242,265,1030904,439,1030904,,,,,,1,2,4000,4,4000,,,,,
299200,UNIVERSITY OF MARY,ND,585049652,Private-Nonprofit,772,838,3401407,1615,3244243,1021,1128,4935226,2143,4657951,486,651,10703633,1116,8937127,37,45,615938,76,601499,38,61,717932,87,645428
299300,MAYVILLE STATE UNIVERSITY,ND,582571299,Public,316,357,1274928,585,1274928,355,413,1773014,677,1773014,30,34,433207,54,422957,9,11,66835,18,66835,,,,,
299400,MINOT STATE UNIVERSITY,ND,587070001,Public,580,620,2210462,1020,2210462,759,814,3536151,1360,3536151,74,105,930918,152,930918,16,20,122219,31,122219,,,,,
299500,DAKOTA COLLEGE AT BOTTINEAU,ND,583181159,Public,147,157,515546,250,515546,164,181,728203,291,728203,,,,,,8,8,87618,13,87618,,,,,
299600,NORTH DAKOTA STATE COLLEGE OF SCIENCE,ND,580760002,Public,677,714,2150545,1222,2150545,947,1045,3546949,1856,3546949,,,,,,47,55,481947,100,481947,,,,,
299700,NORTH DAKOTA STATE UNIVERSITY - FARGO,ND,581020000,Public,2662,2758,10629374,4987,10629374,4503,4883,20715920,8839,20715920,411,542,8023234,894,8023234,238,266,2846592,442,2846592,13,16,145584,26,145584
300500,UNIVERSITY OF NORTH DAKOTA,ND,582028193,Public,2649,3203,10994716,5439,10994716,3961,4373,19000395,7770,18991191,1684,1970,33791954,3546,33727083,276,347,5647189,531,5629945,332,476,5510286,832,5508228
300700,WILLISTON STATE COLLEGE,ND,588014464,Public,101,107,319890,173,319890,136,142,658746,236,658746,,,,,,6,6,55484,10,55484,,,,,
300800,VALLEY CITY STATE UNIVERSITY,ND,580720000,Public,304,331,1191053,553,1188698,407,463,1913603,787,1913603,35,51,378213,74,378213,19,25,161312,35,161312,,,,,
301000,ANTIOCH UNIVERSITY,OH,453871608,Private-Nonprofit,139,185,605448,363,547915,144,200,940612,378,861575,2145,3332,45561018,5633,42173441,1,1,20643,4,20643,824,1250,24122747,2239,22187470
301100,ART ACADEMY OF CINCINNATI,OH,452027106,Private-Nonprofit,159,159,720614,302,694614,147,155,388355,295,372855,1,1,10250,2,10250,37,40,768494,78,743713,,,,,
301200,ASHLAND UNIVERSITY,OH,448053799,Private-Nonprofit,888,1001,3556986,1621,3475652,1056,1241,4201294,2057,4100767,382,635,6806540,794,6806540,214,358,3738308,424,3738308,71,162,2197000,173,2197000
301400,BALDWIN WALLACE UNIVERSITY,OH,440172088,Private-Nonprofit,1192,1232,5358629,2270,5186810,1542,1650,5820787,3051,5638555,143,166,3065576,209,1731903,442,485,7948948,824,7933679,73,82,2383168,96,994237
301600,BLUFFTON UNIVERSITY,OH,458172104,Private-Nonprofit,360,360,1569306,653,1471556,417,463,1468017,844,1375517,22,23,413752,34,304590,85,93,1272326,161,1218082,,,,,
301800,BOWLING GREEN STATE UNIVERSITY,OH,434030001,Public,5595,5911,21875472,10586,21833819,7207,7919,27359957,14131,27267003,963,1237,15315586,1851,14988082,1472,1601,25242477,2845,24320144,120,158,4361848,231,3062693
302300,CAPITAL UNIVERSITY,OH,432092394,Private-Nonprofit,797,817,3313460,1476,3251121,898,941,3323604,1727,3281799,400,575,8457737,860,8318709,242,264,4168960,478,4141331,246,340,5624726,544,5523639
302400,CASE WESTERN RESERVE UNIVERSITY,OH,441067049,Private-Nonprofit,1391,1433,6028375,2704,6012125,1703,1755,6278851,3327,6258101,1559,2307,41845771,4240,41211762,335,391,9600302,669,9600302,1493,2400,57368382,3054,57297397
302500,CEDARVILLE UNIVERSITY,OH,453148564,Private-Nonprofit,1141,1165,4868881,2153,4868881,1285,1317,4848254,2461,4838952,212,257,5598158,349,3786975,508,529,9901244,965,9852244,119,146,3775581,200,1936696
302600,CENTRAL STATE UNIVERSITY,OH,453841004,Public,1254,1254,4783042,2298,4438992,1312,1381,5029157,2496,4654531,27,28,467073,50,452323,259,259,2629289,495,2523638,2,3,11027,5,11027
303000,OHIO CHRISTIAN UNIVERSITY,OH,431139487,Private-Nonprofit,533,759,1923438,1511,1923438,611,885,2864939,1748,2864939,100,154,1389116,307,1389116,52,52,618164,102,618164,1,1,10620,2,10620
303100,CLEVELAND INSTITUTE OF MUSIC (THE),OH,441061776,Private-Nonprofit,38,38,166776,73,166776,43,43,141146,83,141146,37,37,631150,67,631150,8,8,197883,17,197883,10,10,148545,18,148545
303200,CLEVELAND STATE UNIVERSITY,OH,441152214,Public,3703,3797,15278220,6661,14883132,3839,4039,16317236,7058,15893923,2174,2351,37792979,3948,36934579,358,422,5225599,693,5169210,436,580,8693176,846,8627793
303300,MOUNT ST. JOSEPH UNIVERSITY,OH,452331670,Private-Nonprofit,569,660,2402575,1100,2302757,743,905,3015635,1539,2905904,378,554,8983166,697,7086556,173,201,2388807,337,2366247,151,266,3159400,325,2652996
303500,OHIO DOMINICAN UNIVERSITY,OH,432192099,Private-Nonprofit,380,401,1497348,664,1418122,471,495,1889967,828,1807525,181,260,4289385,315,2780411,115,116,1597469,205,1597469,101,193,3952982,218,2682042
303600,FRANCISCAN UNIVERSITY OF STEUBENVILLE,OH,439521763,Private-Nonprofit,1075,1129,4580194,2048,4505658,1460,1533,5874669,2823,5801741,118,143,1980533,201,1631329,190,208,3281540,354,3209600,11,15,169386,18,109379
303700,COLLEGE OF WOOSTER (THE),OH,446912363,Private-Nonprofit,570,573,2504645,1100,2504645,680,709,2435283,1366,2435283,,,,,,153,157,3098855,320,3098855,,,,,
303900,COLUMBUS COLLEGE OF ART & DESIGN,OH,432151758,Private-Nonprofit,578,582,2494195,1090,2494195,632,651,2061581,1215,2061581,17,25,387320,40,314406,174,186,3835969,335,3835969,3,4,73805,8,73805
304000,CUYAHOGA COMMUNITY COLLEGE,OH,441152878,Public,1459,1637,4070632,2803,3651383,1475,1736,4887811,2971,4445901,,,,,,3,3,7385,5,5885,,,,,
304100,DEFIANCE COLLEGE,OH,435121695,Private-Nonprofit,344,363,1308186,609,1266104,378,453,1298611,768,1271442,14,18,300463,26,232133,103,121,1311362,188,1296899,,,,,
304200,DENISON UNIVERSITY,OH,430231329,Private-Nonprofit,398,403,1753633,783,1753633,683,698,3119042,1357,3119042,,,,,,127,140,3940194,246,3940194,,,,,
304500,UNIVERSITY OF FINDLAY (THE),OH,458403695,Private-Nonprofit,858,1061,3453017,1998,3428053,1157,1374,4626090,2591,4577834,491,573,8266658,1170,8064702,338,360,5939381,677,5910964,230,244,6509686,599,6417047
304600,FRANKLIN UNIVERSITY,OH,432155399,Private-Nonprofit,2796,3546,13523145,8845,9274551,2745,3486,19528848,8776,13348007,1624,2238,33877381,5377,20587839,17,19,248678,58,194262,171,201,3859751,480,2000833
304800,HEIDELBERG UNIVERSITY,OH,448832462,Private-Nonprofit,501,515,2033400,960,2033400,612,695,2367998,1303,2367998,27,40,384236,52,384236,168,183,2072633,333,2072633,3,3,19472,4,19472
304900,HIRAM COLLEGE,OH,442341808,Private-Nonprofit,453,457,1811524,846,1798010,505,553,1779812,1033,1760213,4,4,58368,8,58368,122,126,1787726,230,1777726,,,,,
305000,JOHN CARROLL UNIVERSITY,OH,441184581,Private-Nonprofit,789,793,3266486,1513,3230219,1073,1106,4164879,2119,4125894,245,303,4968454,498,4509575,254,278,5325665,501,5325665,55,68,690583,113,625526
305100,KENT STATE UNIVERSITY,OH,442420001,Public,9418,10466,40557206,17997,36574858,11004,12628,49549786,21942,44723833,1631,2149,35633912,3230,27301058,1763,2188,27561514,3470,27184428,292,495,7428066,764,6253437
306500,KENYON COLLEGE,OH,430229623,Private-Nonprofit,198,202,860441,387,860441,411,689,2063189,1339,2063189,,,,,,96,110,3338738,182,3338738,,,,,
306600,LAKE ERIE COLLEGE,OH,440773389,Private-Nonprofit,341,350,1421040,615,1349483,368,399,1406277,710,1333074,79,80,1413732,90,851674,83,85,1217280,145,1215380,37,37,1502324,38,500424
306800,LORAIN COUNTY COMMUNITY COLLEGE,OH,440351691,Public,387,387,1133179,1111,1125492,519,521,2119599,1510,2092638,,,,,,10,12,80033,32,74107,,,,,
306900,LOURDES UNIVERSITY,OH,435602898,Private-Nonprofit,272,280,1130267,515,1101406,287,311,1017135,573,977579,118,152,2724554,223,1857155,90,98,1539726,180,1539726,75,103,2470234,141,1303917
307200,MALONE UNIVERSITY,OH,447093897,Private-Nonprofit,398,466,1664769,810,1664769,491,560,1720662,987,1720662,76,76,1048077,126,1048077,126,128,1611948,231,1611948,6,6,48017,9,48017
307300,MARIETTA COLLEGE,OH,457504033,Private-Nonprofit,498,499,2020862,908,2020862,614,614,2090202,1140,2087623,58,89,1659307,129,1341557,148,154,2428668,276,2428668,36,66,2349313,95,1723995
307500,METHODIST THEOLOGICAL SCHOOL IN OHIO,OH,430153211,Private-Nonprofit,,,,,,,,,,,24,24,398353,41,398353,,,,,,4,4,59385,7,59385
307700,MIAMI UNIVERSITY,OH,450561831,Public,3692,4294,15094993,6991,15088277,6008,7207,26640018,11895,26611690,506,643,8346421,956,8336171,1460,1640,35434047,3108,35303740,115,188,3155893,289,3155893
307800,WRIGHT STATE UNIVERSITY,OH,454350002,Public,2204,2450,9264093,3995,8174836,2489,2883,11013994,4785,9870030,736,937,22237555,1267,14207055,356,410,4270103,693,4001687,430,536,10998388,700,6303124
308300,UNIVERSITY OF MOUNT UNION,OH,446013993,Private-Nonprofit,973,1016,3799165,1825,3774051,1241,1381,4761018,2495,4706046,181,216,3824229,251,2249817,282,310,4258987,538,4258987,98,122,3351711,143,1441425
308400,MUSKINGUM UNIVERSITY,OH,437621837,Private-Nonprofit,771,891,3198222,1495,3136771,931,1187,3968454,2034,3894671,160,214,2556709,221,2286042,169,182,2647065,334,2647065,41,47,1193459,54,1193459
308600,OBERLIN COLLEGE,OH,440741090,Private-Nonprofit,571,571,2451212,1112,2451212,760,760,3084493,1465,3084493,2,2,32199,4,32199,137,140,3995551,254,3995551,1,2,21199,4,21199
308900,OHIO NORTHERN UNIVERSITY,OH,458101555,Private-Nonprofit,919,1120,4083961,1952,4069877,1195,1382,4746569,2509,4735319,254,311,7199843,520,6068224,296,339,5632718,597,5619250,135,214,2943020,320,2423713
309000,OHIO STATE UNIVERSITY (THE),OH,432011601,Public,8681,9537,37264805,16871,34220612,11570,13010,51683533,23442,48815681,3414,4371,114384893,6664,79582363,2990,3317,67289191,6196,65747306,1681,2228,48319568,3588,33688220
310000,OHIO UNIVERSITY,OH,457012979,Public,6573,7409,28991024,12454,25554926,8891,10119,41717078,17761,37812825,2137,3099,70535643,4480,49130972,1675,2081,27448798,3508,26877410,708,1360,36002392,2203,24904581
310900,OHIO WESLEYAN UNIVERSITY,OH,430152398,Private-Nonprofit,659,663,2693951,1249,2693951,826,869,3039509,1646,3039509,,,,,,146,182,2615282,304,2615282,,,,,
311000,OTTERBEIN UNIVERSITY,OH,430812006,Private-Nonprofit,771,855,3253159,1554,3158737,971,1145,3899452,2121,3836654,24,26,453688,26,173212,223,231,3646420,430,3646420,22,25,661923,33,367933
311300,PONTIFICAL COLLEGE JOSEPHINUM,OH,432351498,Private-Nonprofit,9,9,39500,18,39500,7,7,18000,14,18000,4,4,82000,8,82000,,,,,,,,,,
311400,FIRELANDS REGIONAL MEDICAL CENTER,OH,448704788,Private-Nonprofit,18,29,134125,42,86620,16,24,102988,33,59179,,,,,,,,,,,,,,,
311600,UNIVERSITY OF RIO GRANDE,OH,456743131,Private-Nonprofit,553,584,2051891,1011,2012360,578,625,2361466,1095,2283342,5,5,52096,10,44880,47,47,508735,94,508735,,,,,
311900,SINCLAIR COMMUNITY COLLEGE,OH,454021460,Public,3217,3535,9603404,5595,8532185,2816,3290,8090724,5092,6858589,,,,,,30,34,371014,59,333138,,,,,
312100,TIFFIN UNIVERSITY,OH,448832161,Private-Nonprofit,1327,1488,5868369,2433,5126594,1343,1649,5740225,2690,4741676,589,880,12303177,1134,8711483,285,318,5815794,566,5602706,79,99,1083306,129,781031
312200,UNITED THEOLOGICAL SEMINARY,OH,454262308,Private-Nonprofit,,,,,,35,35,238824,58,222157,23,23,294520,39,238297,,,,,,,,,,
312300,UNIVERSITY OF AKRON (THE),OH,443254702,Public,2853,3403,11098716,5317,10746005,3046,3631,12296146,5855,11942888,866,1065,14119228,1635,13955020,447,502,5521837,878,5378538,187,259,2983958,390,2967047
312500,UNIVERSITY OF CINCINNATI,OH,452210125,Public,12709,14314,49355221,25471,49220855,14047,15975,55135412,28769,54975686,4184,4882,83725865,9180,83364587,2528,3041,54222475,5221,54160363,969,1483,19504896,2360,19494730
312700,UNIVERSITY OF DAYTON,OH,454691668,Private-Nonprofit,1836,1838,7658014,3539,7581519,2952,2953,12960016,5649,12799813,823,864,13935781,1787,13176659,747,836,15794038,1425,15683464,330,365,6227518,761,6058744
313100,UNIVERSITY OF TOLEDO,OH,436063390,Public,2720,3018,11117568,4912,10168711,3231,3754,14891397,6195,13730063,1319,2223,40497504,3585,29360764,484,577,7339393,993,6999648,765,1231,21256032,1972,17229995
313400,URSULINE COLLEGE,OH,441244398,Private-Nonprofit,393,410,1668167,714,1599834,401,460,1885958,782,1809300,222,295,5187252,490,4537719,40,43,641544,72,610878,141,271,4489010,310,4409384
313500,WALSH UNIVERSITY,OH,447203396,Private-Nonprofit,545,623,2110156,1131,2027142,692,783,2792172,1424,2645328,273,366,6303177,494,4278453,156,181,2668152,332,2661652,35,48,714892,61,408284
314100,WILBERFORCE UNIVERSITY,OH,453841001,Private-Nonprofit,558,558,2253122,1033,2077700,557,632,1961748,1172,1800755,15,15,229630,26,221880,95,95,834818,180,814959,,,,,
314200,WILMINGTON COLLEGE,OH,451772499,Private-Nonprofit,508,580,2186577,1010,2169774,556,664,1957307,1162,1938632,21,31,556494,33,353332,124,129,2220266,236,2220266,10,16,256205,16,120354
314300,WITTENBERG UNIVERSITY,OH,455012199,Private-Nonprofit,584,589,2406247,1110,2358928,719,725,2616927,1379,2574901,13,13,251100,18,169100,191,204,3302029,355,3272306,,,,,
314400,XAVIER UNIVERSITY,OH,452071035,Private-Nonprofit,1220,1276,5316865,2331,5145210,1914,2022,8274701,3746,8034679,360,453,7624758,638,5509678,499,587,12373269,1011,12213749,68,104,1335217,136,868328
314500,YOUNGSTOWN STATE UNIVERSITY,OH,445550001,Public,2507,2683,9171402,4497,9143716,2499,2800,9560734,4754,9531032,1327,1797,18254561,2589,18232514,470,512,5632619,879,5632619,140,206,2196045,273,2196045
314600,WESTERN OKLAHOMA STATE COLLEGE,OK,735211397,Public,197,197,718145,299,600738,164,164,744407,249,613266,,,,,,3,3,6500,4,5750,,,,,
314900,SOUTHERN NAZARENE UNIVERSITY,OK,730082694,Private-Nonprofit,785,819,2896098,1333,2879848,851,907,3724096,1481,3703846,607,626,8069410,963,7980840,108,118,1516617,193,1516617,22,25,394952,36,394952
315000,CAMERON UNIVERSITY,OK,735056377,Public,747,825,2834227,1537,2730548,683,754,3276329,1409,3165635,156,177,2391473,332,2276473,20,20,215318,37,215318,4,4,16407,7,16407
315100,OKLAHOMA WESLEYAN UNIVERSITY,OK,740066299,Private-Nonprofit,344,354,1264762,666,1264762,372,402,1348146,732,1346146,60,63,853118,147,846284,113,115,2167637,203,2161637,2,2,5156,4,5156
315200,UNIVERSITY OF CENTRAL OKLAHOMA,OK,730345209,Public,2853,3014,11567183,5257,11334164,2762,2905,11728761,5089,11430745,502,564,7346733,884,7131464,339,390,6247680,666,6186280,33,38,378791,54,378791
315300,CONNORS STATE COLLEGE,OK,744692204,Public,396,402,1345007,651,1315697,380,384,1733574,615,1665363,,,,,,2,2,16000,4,16000,,,,,
315400,EAST CENTRAL UNIVERSITY,OK,748206999,Public,867,946,3063545,1508,3059108,869,921,3941100,1516,3930796,302,329,4065970,501,4055720,50,55,485553,89,485553,,,,,
315500,EASTERN OKLAHOMA STATE COLLEGE,OK,745784999,Public,159,159,521939,309,498714,131,131,566512,251,542012,,,,,,8,8,64300,16,62000,,,,,
315600,REDLANDS COMMUNITY COLLEGE,OK,730365304,Public,84,94,276667,161,243432,90,98,382919,172,344896,,,,,,8,8,80039,15,78772,,,,,
315700,LANGSTON UNIVERSITY,OK,730500000,Public,1050,1058,3944768,1928,3938993,1027,1031,3410167,1872,3407525,152,185,2187519,313,2084671,199,199,2796424,375,2796424,45,51,428887,86,419987
315800,MURRAY STATE COLLEGE,OK,734603137,Public,389,390,1235558,630,1203736,395,396,1660208,638,1604173,,,,,,13,15,76773,23,74619,,,,,
316000,NORTHEASTERN OKLAHOMA A & M COLLEGE,OK,743546497,Public,741,745,2523998,1302,2257782,691,707,3239229,1239,2922866,,,,,,15,18,124268,35,124268,,,,,
316100,NORTHEASTERN STATE UNIVERSITY,OK,744642399,Public,1538,1580,5788292,2671,5768995,1499,1561,6880262,2653,6880262,741,819,11516498,1327,11505981,181,186,1731615,333,1731615,161,203,2236556,297,2234493
316200,NORTHERN OKLAHOMA COLLEGE,OK,746530310,Public,597,630,1960756,1101,1928398,585,617,2257701,1091,2219036,,,,,,36,40,469130,78,466630,,,,,
316300,NORTHWESTERN OKLAHOMA STATE UNIVERSITY,OK,737172799,Public,545,583,1996813,945,1996813,530,582,2117446,960,2117446,99,126,1268377,189,1268377,50,56,495866,88,495866,,,,,
316400,OKLAHOMA BAPTIST UNIVERSITY,OK,748012590,Private-Nonprofit,443,443,1782377,880,1777794,482,482,1685662,943,1682329,51,51,748462,111,689782,117,123,1565214,238,1565214,3,4,22347,6,22347
316500,OKLAHOMA CHRISTIAN UNIVERSITY,OK,730130000,Private-Nonprofit,598,620,2210514,1160,2210062,667,713,2804901,1350,2804901,35,41,395302,81,395302,222,236,3465122,437,3465122,1,1,3070,3,3070
316600,OKLAHOMA CITY UNIVERSITY,OK,731061493,Private-Nonprofit,458,510,2136502,877,2015771,584,645,2855450,1126,2666424,592,714,13128119,1049,9523777,303,337,7582429,600,7297287,368,449,12416173,683,8114006
316700,UNIVERSITY OF SCIENCE & ARTS OF OKLAHOMA,OK,730185322,Public,270,372,1151037,727,1151037,256,350,1054807,677,1054807,,,,,,39,51,418758,101,418758,,,,,
316800,ROGERS STATE UNIVERSITY,OK,740173252,Public,891,930,3467277,1520,3245406,820,860,3968275,1405,3698520,62,67,1037122,111,1016622,45,45,441350,76,415228,,,,,
317000,OKLAHOMA STATE UNIVERSITY,OK,740781026,Public,5818,6535,24486476,11119,24427654,6745,7621,27786990,13080,27722055,2014,2287,37001738,3781,36933460,2801,3082,60248189,5390,60170370,668,870,10104925,1382,10104925
317200,OKLAHOMA STATE UNIVERSITY INSTITUTE OF TECHNOLOGY - OKMULGEE,OK,744473901,Public,713,731,2490167,1530,2017750,668,710,2939972,1471,2310869,,,,,,82,86,1047701,206,944848,,,,,
317400,OKLAHOMA PANHANDLE STATE UNIVERSITY,OK,739390000,Public,303,319,1236386,527,1126584,307,328,1439430,533,1285615,,,,,,20,21,156871,32,148521,,,,,
317600,CARL ALBERT STATE COLLEGE,OK,749535208,Public,183,206,666381,386,656431,169,194,673054,367,661406,,,,,,5,5,38430,10,38430,,,,,
317800,SEMINOLE STATE COLLEGE,OK,748180351,Public,149,149,537837,284,495012,142,144,551196,272,504446,,,,,,8,8,65533,14,61093,,,,,
317900,SOUTHEASTERN OKLAHOMA STATE UNIVERSITY,OK,747010609,Public,805,831,3060900,1348,3052775,831,881,3886094,1427,3874585,1440,1450,19586588,2940,17459509,46,51,434897,82,434897,,,,,
318000,SOUTHWESTERN CHRISTIAN UNIVERSITY,OK,730082335,Private-Nonprofit,136,136,477110,235,477110,139,150,492844,260,490344,3,3,59335,7,59335,20,20,252337,37,252337,,,,,
318100,SOUTHWESTERN OKLAHOMA STATE UNIVERSITY,OK,730963098,Public,976,1046,3350608,1680,3344471,1022,1105,4455722,1789,4449644,438,659,7683654,1049,7683654,112,120,1123687,206,1108936,57,61,392841,92,392841
318400,UNIVERSITY OF OKLAHOMA,OK,730193073,Public,6024,6387,25422656,11511,25166973,6698,7185,27341111,12977,27072384,4455,5218,91924290,8351,79993808,1876,2217,51226787,3862,51115115,1245,1625,33109510,2379,22565365
318500,UNIVERSITY OF TULSA (THE),OK,741049700,Private-Nonprofit,747,816,3483782,1423,3483782,798,920,3911836,1556,3911836,383,481,7930621,736,7930621,202,238,4593135,393,4593135,217,295,5405194,443,5405194
318600,BLUE MOUNTAIN COMMUNITY COLLEGE,OR,978010000,Public,96,110,330057,217,295592,93,102,438479,224,383661,,,,,,6,6,31479,14,27479,,,,,
318800,CENTRAL OREGON COMMUNITY COLLEGE,OR,977035998,Public,676,676,2015838,1534,2008173,586,586,2435000,1337,2418832,,,,,,38,38,598715,96,598715,,,,,
318900,CLATSOP COMMUNITY COLLEGE,OR,971033698,Public,55,55,183139,137,183139,52,52,211862,120,211862,,,,,,,,,,,,,,,
319300,EASTERN OREGON UNIVERSITY,OR,978502807,Public,598,598,2359278,1444,2359278,680,680,3173075,1647,3173075,100,100,1296633,211,1296633,126,127,1586791,338,1586791,21,21,113972,53,113972
319400,GEORGE FOX UNIVERSITY,OR,971322697,Private-Nonprofit,1068,1287,4457725,2352,4448141,1325,1576,5782139,2899,5769262,892,2129,17063688,2130,17063688,302,617,6813957,624,6813957,349,932,12660208,937,12644812
319600,LANE COMMUNITY COLLEGE,OR,974050640,Public,1116,1139,3411728,2610,3318654,421,428,2113081,1035,2050332,,,,,,29,33,309803,72,302526,,,,,
319700,LEWIS & CLARK COLLEGE,OR,972197899,Private-Nonprofit,517,529,2169995,1005,2149333,587,609,2257933,1151,2246594,599,793,14958682,1202,11081922,128,149,3374891,241,3348467,434,644,17759017,1008,12304739
319800,LINFIELD UNIVERSITY,OR,971286894,Private-Nonprofit,710,813,3029461,1408,3018711,840,899,3365631,1599,3353341,41,41,791769,77,791769,167,198,3498880,309,3475615,26,28,774069,51,774069
320300,MOUNT ANGEL SEMINARY,OR,973739700,Private-Nonprofit,1,1,3500,2,3500,1,1,6500,1,3250,2,2,41000,4,41000,,,,,,,,,,
320400,MT. HOOD COMMUNITY COLLEGE,OR,970303300,Public,859,878,2498381,1994,2489415,796,814,3328102,1849,3313770,,,,,,6,6,70200,15,70200,,,,,
320800,BUSHNELL UNIVERSITY,OR,974013727,Private-Nonprofit,262,283,1138348,497,1104625,297,319,1343581,575,1297031,118,149,2310828,241,2049546,46,53,793829,91,787926,10,12,133483,22,118455
320900,WESTERN OREGON UNIVERSITY,OR,973611394,Public,958,1057,3986932,2569,3644173,978,1093,4226872,2712,3864258,158,210,3425127,437,2641312,138,146,2045821,403,2020236,31,40,643690,94,449573
321000,OREGON STATE UNIVERSITY,OR,973318507,Public,7552,8448,32543210,19566,29051556,8275,9221,41383911,21798,36728530,1133,1358,29763999,2924,24122733,1601,1811,41260831,4854,40200418,354,502,11317481,1074,8141870
321100,OREGON INSTITUTE OF TECHNOLOGY,OR,976018801,Public,815,932,3578826,2229,3109164,848,996,4014570,2335,3393587,40,50,909603,86,502561,267,297,6107498,777,5652504,11,11,298595,13,87506
321200,PACIFIC UNIVERSITY,OR,971161797,Private-Nonprofit,708,740,3025122,1421,3021456,805,857,3021974,1654,3017308,1113,1291,30586360,2468,24535255,249,307,6961008,537,6961008,933,1560,33988856,2700,26477658
321300,PORTLAND COMMUNITY COLLEGE,OR,972197132,Public,3639,3762,10099632,7852,10090424,3256,3376,11452759,7140,11441426,,,,,,40,48,485951,111,485951,,,,,
321600,PORTLAND STATE UNIVERSITY,OR,972010000,Public,4451,4597,17804078,11621,17490508,4231,4444,20716288,10939,20350447,1685,1818,29049285,4729,28748290,242,302,4463210,749,4446445,358,502,5234250,1255,5190835
321700,REED COLLEGE,OR,972028199,Private-Nonprofit,315,316,1338216,604,1335466,411,419,1719518,795,1714768,,,,,,76,81,2710132,146,2710132,,,,,
321800,CHEMEKETA COMMUNITY COLLEGE,OR,973091500,Public,1091,1113,3163015,2446,3157849,1054,1083,4363140,2396,4340549,,,,,,5,5,34603,14,34603,,,,,
321900,SOUTHERN OREGON UNIVERSITY,OR,975205010,Public,867,889,3584447,2276,3412658,936,966,4068498,2491,3898113,242,264,4205368,625,3929857,205,214,3913427,617,3861196,78,88,903485,222,852713
322000,SOUTHWESTERN OREGON COMMUNITY COLLEGE,OR,974202956,Public,204,204,626022,500,626022,224,232,814349,576,814349,,,,,,14,14,144529,37,144529,,,,,
322100,TREASURE VALLEY COMMUNITY COLLEGE,OR,979143423,Public,203,203,752658,505,624902,182,182,858967,451,722029,,,,,,2,2,75800,6,69809,,,,,
322200,UMPQUA COMMUNITY COLLEGE,OR,974700226,Public,547,564,1477375,1310,1452642,141,148,590508,360,579627,,,,,,,,,,,,,,,
322300,UNIVERSITY OF OREGON,OR,974031226,Public,4146,5298,17093492,12125,17061660,5246,6644,20758977,15439,20708395,1156,1567,20965574,3095,20945074,3297,4564,109839448,10528,109658021,730,1085,20948359,2108,20922827
322400,UNIVERSITY OF PORTLAND,OR,972035798,Private-Nonprofit,894,937,3715816,1721,3688316,967,1043,3474550,1927,3457800,61,82,1056132,98,886852,549,730,14230955,1191,14211912,34,57,473287,68,473287
322500,WARNER PACIFIC UNIVERSITY,OR,972154099,Private-Nonprofit,340,343,1382166,596,1382166,365,371,1652981,628,1652981,91,92,1394509,139,1394509,42,45,838051,83,838051,7,7,78209,11,78209
322700,WILLAMETTE UNIVERSITY,OR,973013930,Private-Nonprofit,604,620,2462965,1162,2458465,726,760,2804518,1430,2803518,353,442,8061089,711,6895952,179,217,3782888,375,3782888,307,485,11803853,760,9029567
322800,BRYN ATHYN COLLEGE OF THE NEW CHURCH,PA,190090717,Private-Nonprofit,115,117,490129,307,473963,148,150,563162,396,546495,,,,,,24,25,360862,70,360862,,,,,
322900,ALBRIGHT COLLEGE,PA,196125234,Private-Nonprofit,700,703,2813704,1298,2700811,825,898,2992537,1647,2861120,77,77,1404767,148,1005924,190,202,2596633,352,2507020,4,5,53507,6,47204
323000,ALLEGHENY COLLEGE,PA,163353902,Private-Nonprofit,487,492,1978022,922,1976272,629,636,2294806,1174,2293265,,,,,,129,143,2189845,243,2189845,,,,,
323100,COMMUNITY COLLEGE OF ALLEGHENY COUNTY,PA,152331804,Public,970,1215,2801057,1515,2724445,1237,1612,4863832,1974,4738696,,,,,,35,43,249189,48,249189,,,,,
323300,ALVERNIA UNIVERSITY,PA,196071799,Private-Nonprofit,1231,1303,4990360,2351,4984208,1515,1655,6105762,2998,6095762,248,359,5200991,534,5177051,283,300,6286165,557,6286165,68,105,1603044,155,1603044
323500,ARCADIA UNIVERSITY,PA,190383295,Private-Nonprofit,1010,1058,4133730,1914,4131980,1237,1730,4346118,3252,4345118,568,719,12199379,1043,8781731,220,264,4385230,436,4385230,293,468,12970981,587,7054237
323700,BRYN MAWR COLLEGE,PA,190102899,Private-Nonprofit,246,246,1004392,442,971392,375,376,1832888,702,1797888,93,108,1947547,161,1782177,55,59,1674117,100,1674117,20,25,465720,36,440787
323800,BUCKNELL UNIVERSITY,PA,178372122,Private-Nonprofit,865,882,3970583,1706,3970583,1153,1183,4356211,2298,4356211,1,1,19148,2,19148,280,349,10910761,570,10910761,,,,,
323900,BUCKS COUNTY COMMUNITY COLLEGE,PA,189401320,Public,504,538,1513692,807,1511942,699,764,2728164,1170,2719314,,,,,,27,31,203332,47,203332,,,,,
324000,BUTLER COUNTY COMMUNITY COLLEGE,PA,160021203,Public,198,203,512035,338,508685,317,339,1140203,538,1131953,,,,,,10,10,62264,19,62264,,,,,
324200,CARNEGIE MELLON UNIVERSITY,PA,152133890,Private-Nonprofit,1192,1237,5231187,2326,5231187,320,339,1173914,650,1173914,616,747,12178132,1230,12167882,287,353,10897350,598,10897350,465,591,15199456,936,15171029
324300,CEDAR CREST COLLEGE,PA,181046196,Private-Nonprofit,518,538,2102538,949,2100705,585,666,2024455,1162,2012122,258,263,4406740,574,4042090,93,102,1579078,166,1579078,127,151,5223884,304,5110948
324400,CHATHAM UNIVERSITY,PA,152322826,Private-Nonprofit,533,620,2248086,993,2248086,732,888,2675470,1450,2675470,457,645,11201416,974,9717521,145,162,2627270,279,2627270,253,373,7653584,540,6818638
324500,CHESTNUT HILL COLLEGE,PA,191182693,Private-Nonprofit,568,568,2309163,1022,2134321,632,668,2495482,1216,2228740,274,274,5310460,639,4828606,98,107,1504405,198,1496775,40,41,994288,101,951657
324700,MISERICORDIA  UNIVERSITY,PA,186121008,Private-Nonprofit,1009,1170,4224380,1958,4224380,1254,1522,4743146,2534,4743146,355,532,7373168,740,7373168,266,346,5267743,507,5267743,121,189,2622682,217,2622682
324900,COMMUNITY COLLEGE OF PHILADELPHIA,PA,191303991,Public,3937,4101,11422777,7213,11167274,3691,3822,14628063,6712,14302794,,,,,,25,26,186831,46,183620,,,,,
325200,DELAWARE VALLEY UNIVERSITY,PA,189012697,Private-Nonprofit,946,957,3690664,1740,3690664,1140,1143,3953129,2099,3953129,157,159,2663635,391,2649725,327,381,6211937,608,6195319,58,61,2871831,149,2871831
325300,DICKINSON COLLEGE,PA,170132896,Private-Nonprofit,519,597,2147962,1166,2147962,751,809,3218014,1563,3218014,,,,,,125,146,3373231,242,3373231,,,,,
325600,DREXEL UNIVERSITY,PA,191042875,Private-Nonprofit,5322,5407,23623593,17832,23360895,5427,5657,19811679,18619,19507381,3436,3515,87912967,8478,85801022,1459,1705,52071270,5448,51463957,1843,2198,76741533,5280,75124032
325800,DUQUESNE UNIVERSITY OF THE HOLY SPIRIT,PA,152820001,Private-Nonprofit,2222,2249,9742682,4323,9622203,2895,2989,10845599,5749,10703424,1344,1449,28160910,2521,27818553,900,1032,28396559,1809,28116526,890,1157,28543888,1881,28238882
325900,EASTERN UNIVERSITY,PA,190873696,Private-Nonprofit,1258,1266,4945273,2133,4945273,1393,1401,5561365,2379,5561365,1233,1248,14536729,1852,14536729,246,275,4039798,473,4039798,50,51,482886,74,482886
326200,ELIZABETHTOWN COLLEGE,PA,170222298,Private-Nonprofit,814,973,3492647,1679,3485897,1175,1355,4790944,2422,4789944,194,336,3048813,346,2754675,212,262,3927164,434,3925684,45,124,1354140,134,1354140
326500,FRANKLIN & MARSHALL COLLEGE,PA,176032802,Private-Nonprofit,440,454,1992342,853,1992342,670,707,2764306,1361,2764306,,,,,,99,110,3284528,194,3284528,,,,,
326600,GANNON UNIVERSITY,PA,165410001,Private-Nonprofit,940,946,3834487,1755,3822237,1248,1260,4693056,2343,4666907,541,686,13064992,1066,10840704,243,259,4609956,451,4600068,282,386,10128205,563,8667720
326700,GENEVA COLLEGE,PA,150103599,Private-Nonprofit,534,539,2017951,959,1985371,677,705,2482597,1270,2450745,64,84,1196436,107,770338,100,111,1384799,181,1376322,1,2,8126,2,8126
326800,GETTYSBURG COLLEGE,PA,173251486,Private-Nonprofit,642,648,2889339,1248,2889339,902,940,3426327,1810,3426327,66,108,559963,108,557208,182,200,4384098,335,4384098,3,4,20057,4,20057
327000,GWYNEDD MERCY UNIVERSITY,PA,194370901,Private-Nonprofit,597,611,2584792,1134,2477758,701,751,3126035,1393,2980430,311,360,6062566,641,5079172,120,133,2476852,232,2436389,66,79,1943589,142,1671335
327200,HARCUM COLLEGE,PA,190103476,Private-Nonprofit,620,642,2068950,1165,2019516,657,712,2947778,1295,2854938,,,,,,66,70,1151986,134,1151986,,,,,
327300,HARRISBURG AREA COMMUNITY COLLEGE,PA,171102999,Public,3805,3895,11986731,6814,11754054,3772,3856,16030903,6771,15738358,,,,,,27,30,203581,52,186686,,,,,
327400,HAVERFORD COLLEGE,PA,190411392,Private-Nonprofit,47,51,168594,99,168594,96,103,487931,199,487931,,,,,,32,36,1005436,66,1005436,,,,,
327500,HOLY FAMILY UNIVERSITY,PA,191142094,Private-Nonprofit,1360,1400,5442700,2501,5442700,1718,1874,7049194,3304,7049194,309,357,3762629,579,3759003,198,226,2526276,370,2526276,35,46,438159,73,438159
327600,IMMACULATA UNIVERSITY,PA,193450647,Private-Nonprofit,602,609,2526592,1124,2401895,818,839,3596439,1552,3415313,290,379,5936701,892,5486351,147,157,2718715,282,2707183,45,47,969456,122,919348
327700,INDIANA UNIVERSITY OF PENNSYLVANIA,PA,157059717,Public,3075,3295,11924405,5846,11904336,3890,4487,14845092,7927,14807898,631,779,9590194,1251,9590194,658,818,7739516,1325,7739055,62,82,725320,120,725320
327900,JUNIATA COLLEGE,PA,166522196,Private-Nonprofit,641,650,2691704,1238,2685954,770,870,2730889,1670,2727889,42,66,484971,68,484971,133,164,2196564,278,2155681,5,10,64910,11,64910
328000,KEYSTONE COLLEGE,PA,184400200,Private-Nonprofit,400,401,1538406,689,1480728,467,496,1613846,850,1532574,33,33,552412,108,544326,67,77,742441,129,728405,,,,,
328200,KINGS COLLEGE,PA,187110801,Private-Nonprofit,852,869,3511163,1618,3505413,1042,1091,3779499,2041,3776499,166,194,3331339,298,2794089,193,222,3318562,363,3318562,62,74,1698816,100,1368746
328300,LACKAWANNA COLLEGE,PA,185099961,Private-Nonprofit,1634,1636,5598093,2953,5594593,1723,1826,6346849,3271,6339837,,,,,,184,202,2308934,378,2308934,,,,,
328400,LAFAYETTE COLLEGE,PA,180421768,Private-Nonprofit,312,336,1137292,614,1137292,362,384,1551451,716,1551451,,,,,,126,152,5151241,259,5151241,,,,,
328500,LANCASTER BIBLE COLLEGE,PA,176015036,Private-Nonprofit,962,1061,3405563,1870,3372437,979,1070,4231030,1896,4196769,322,347,4433003,623,4388586,59,66,1003623,111,1003623,1,1,2615,1,2615
328600,LANCASTER THEOLOGICAL SEMINARY OF THE UNITED CHURCH OF CHRIST,PA,176032897,Private-Nonprofit,,,,,,,,,,,22,22,359134,38,329134,,,,,,1,1,47232,2,47232
328700,LA SALLE UNIVERSITY,PA,191411199,Private-Nonprofit,862,950,3604196,1660,3604196,919,1078,3481773,1881,3481773,551,893,11135750,1172,11135750,200,220,3825888,381,3809335,113,146,2516032,216,2516032
328800,LEBANON VALLEY COLLEGE,PA,170031400,Private-Nonprofit,864,879,3738287,1652,3639511,1085,1139,4019547,2149,3914448,193,217,3731026,338,3323611,285,296,5938898,552,5881590,46,47,769027,87,746031
328900,LEHIGH UNIVERSITY,PA,180151588,Private-Nonprofit,1481,1525,6307621,2889,6300371,1647,1694,5733698,3204,5721448,147,238,1940547,282,1900367,353,465,11665921,743,11665921,23,32,297206,38,284816
329000,LINCOLN UNIVERSITY,PA,193520999,Public,1152,1152,4581636,2182,4566136,1152,1369,3921076,2582,3908678,108,108,1520913,209,1520913,514,560,7463693,1094,7450932,7,7,78283,10,61334
329100,UNITED LUTHERAN SEMINARY,PA,173251795,Private-Nonprofit,,,,,,,,,,,16,27,225925,27,225925,,,,,,3,5,58200,5,58200
329300,LYCOMING COLLEGE,PA,177015192,Private-Nonprofit,549,557,2370320,1022,2283820,694,697,2431514,1271,2356126,,,,,,144,157,2190814,258,2164941,,,,,
329400,MANOR COLLEGE,PA,190463399,Private-Nonprofit,321,322,1247250,588,1172750,327,334,1273085,650,1195932,,,,,,55,57,632461,97,627461,,,,,
329600,MARYWOOD UNIVERSITY,PA,185091598,Private-Nonprofit,974,996,4064385,1838,4023522,1205,1277,4447748,2345,4389481,466,467,8465628,981,7473910,254,303,4853012,503,4834138,164,227,3672029,319,3626681
329700,MERCYHURST UNIVERSITY,PA,165460001,Private-Nonprofit,1074,1132,4186553,2033,4184303,1409,1473,5200179,2652,5192039,155,165,2605352,242,1949336,273,312,5347345,517,5347345,45,46,1941042,53,716386
329800,MESSIAH UNIVERSITY,PA,170550000,Private-Nonprofit,928,963,3935916,1795,3927666,1198,1274,4622311,2437,4601561,446,923,7722932,944,7722932,203,207,3715925,392,3704925,94,172,1922174,184,1922174
330000,MOORE COLLEGE OF ART AND DESIGN,PA,191031190,Private-Nonprofit,366,367,1655523,713,1652773,418,438,1400777,847,1397277,13,16,170781,17,170781,158,172,5213693,312,5213693,3,3,57244,5,57244
330100,MORAVIAN UNIVERSITY,PA,180186650,Private-Nonprofit,1243,1244,5237383,2350,5197555,1543,1614,5274263,3045,5216472,393,457,7316412,696,5663091,375,391,8587534,692,8554720,107,133,1815582,197,1510613
330200,MOUNT ALOYSIUS COLLEGE,PA,166301999,Private-Nonprofit,710,766,2672451,1335,2672451,807,937,3118855,1653,3118855,7,9,106051,15,106051,158,165,2004148,300,2004148,,,,,
330300,CARLOW UNIVERSITY,PA,152133165,Private-Nonprofit,817,905,3523125,1534,3439283,949,1059,4116343,1809,4033960,813,849,13612056,1864,13521234,116,150,2033661,222,2015213,208,281,6594950,519,6594950
330400,MUHLENBERG COLLEGE,PA,181045586,Private-Nonprofit,650,651,2873004,1264,2873004,821,841,2937667,1631,2937667,21,27,457336,39,337758,129,132,3290314,260,3290314,,,,,
330600,UNIVERSITY OF VALLEY FORGE,PA,194602399,Private-Nonprofit,313,314,1263670,604,1219463,305,325,1041188,631,1007921,18,18,205744,52,180068,63,71,1125050,130,1118544,,,,,
330900,PEIRCE COLLEGE,PA,191035443,Private-Nonprofit,563,698,2636866,1809,1832192,658,807,4952175,2097,3514228,111,137,2361588,331,1529741,2,2,10518,7,9518,1,1,2830,2,2830
331100,SALUS UNIVERSITY,PA,190271598,Private-Nonprofit,,,,,,,,,,,805,1085,24693118,2474,24693118,,,,,,529,808,15473555,1627,15473555
331300,WIDENER UNIVERSITY,PA,190135792,Private-Nonprofit,1831,1910,7407934,3476,7232653,2176,2391,7525376,4381,7355520,1726,2092,35444620,3221,32134841,478,613,9182321,905,9159786,857,1328,23912493,1817,23636396
331500,COMMONWEALTH UNIVERSITY OF PENNSYLVANIA,PA,178151301,Public,3603,3768,14009255,6728,13726577,4841,5303,19021120,9563,18795027,490,597,9398959,776,6143579,870,1047,10871812,1738,10849386,158,248,2589499,318,2252516
331600,PENNSYLVANIA WESTERN UNIVERSITY,PA,154191394,Public,3445,3919,13707881,6616,13068426,4085,5000,16399998,8510,15744119,1480,1860,26923461,2558,21800967,593,701,6865397,1179,6806396,128,176,1480391,241,1250243
331700,CHEYNEY UNIVERSITY OF PENNSYLVANIA,PA,193190200,Public,363,368,1401783,677,1385696,345,399,1081447,721,1066947,,,,,,43,45,449530,77,440799,,,,,
332000,EAST STROUDSBURG UNIVERSITY OF PENNSYLVANIA,PA,183012999,Public,2314,2314,9079907,4232,8768315,2658,2827,10006077,5180,9712632,228,230,3852781,393,3622909,490,546,6091362,927,5985404,33,41,446837,67,430409
332200,KUTZTOWN UNIVERSITY OF PENNSYLVANIA,PA,195309339,Public,2558,2558,10383917,4801,10340931,3323,3524,13249022,6832,13180929,347,347,5586960,641,5554331,573,630,8078125,1120,8041035,21,21,222287,37,200660
332500,MILLERSVILLE UNIVERSITY OF PENNSYLVANIA,PA,175511800,Public,2003,2003,7560312,3604,7547025,2700,2700,11278565,4888,11254060,276,276,3990770,493,3990770,398,428,5568783,788,5561499,6,6,34585,12,34585
332600,SHIPPENSBURG UNIVERSITY OF PENNSYLVANIA,PA,172572299,Public,1737,1788,6933888,3225,6774558,2257,2535,8966239,4651,8764631,323,366,5026353,587,4872885,493,584,7360337,985,7287536,29,37,305233,49,305233
332700,SLIPPERY ROCK UNIVERSITY,PA,160571326,Public,2860,2952,11753790,5479,11753790,3761,4107,15026320,7714,15026320,891,995,14733916,1640,14733916,637,750,7879821,1294,7879821,172,294,3215517,380,3215517
332800,WEST CHESTER UNIVERSITY OF PENNSYLVANIA,PA,193830001,Public,5385,5386,22398789,10105,21992371,7244,7245,29449806,13774,29033664,997,997,17062447,1771,16526462,1247,1384,22519661,2413,22494361,154,171,2882884,295,2793371
332900,PENNSYLVANIA STATE UNIVERSITY (THE),PA,168021503,Public,23992,24746,100128023,45178,100128023,29370,31531,114362630,58030,114361525,2653,2934,50052000,4905,50035500,6225,7697,184175150,12836,184147944,815,1207,18114805,1859,18101139
335100,CAIRN UNIVERSITY,PA,190472942,Private-Nonprofit,346,376,1439740,680,1435740,366,380,1240146,716,1229746,62,68,557894,116,557894,54,54,909445,96,909445,1,1,7783,1,7783
335200,PHILADELPHIA COLLEGE OF OSTEOPATHIC MEDICINE,PA,191311694,Private-Nonprofit,,,,,,,,,,,2063,3007,104941398,5160,61750990,,,,,,1871,3714,58961945,5848,58144057
335600,PITTSBURGH THEOLOGICAL SEMINARY,PA,152062596,Private-Nonprofit,,,,,,,,,,,5,7,58665,9,58665,,,,,,,,,,
335700,POINT PARK UNIVERSITY,PA,152221912,Private-Nonprofit,1400,1577,5866248,2866,5750830,1660,1971,6221051,3585,6033014,517,711,8212582,1483,7218336,410,445,9044573,795,9026177,56,68,718821,137,634135
335900,ROBERT MORRIS UNIVERSITY,PA,151081189,Private-Nonprofit,1211,1219,5022434,2240,5022434,1443,1546,5122590,2891,5122590,244,259,3577343,476,3577343,381,416,6863522,735,6863522,43,45,752658,93,752658
336000,ROSEMONT COLLEGE,PA,190101699,Private-Nonprofit,284,284,1159338,515,1088978,321,356,1312115,641,1214682,118,118,1893917,211,1503289,52,54,717408,100,714741,9,9,173946,19,165613
336200,SETON HILL UNIVERSITY,PA,156011599,Private-Nonprofit,825,875,3501684,1597,3501684,977,1040,3684831,1919,3684831,270,359,5688128,455,5677878,185,228,3278362,367,3278362,157,307,4895613,330,4895613
336400,SAINT CHARLES BORROMEO SEMINARY,PA,190023016,Private-Nonprofit,4,4,18000,8,18000,10,10,44753,19,44753,,,,,,,,,,,,,,,
336600,SAINT FRANCIS UNIVERSITY,PA,159400600,Private-Nonprofit,671,729,2990346,1279,2879798,884,966,3408942,1715,3296032,224,261,3887245,388,3726883,144,163,2892312,267,2856850,63,88,1329326,117,1319730
336700,SAINT JOSEPH'S UNIVERSITY,PA,191311395,Private-Nonprofit,2234,2238,9087993,4163,9032111,3040,3056,12395886,5733,12310261,591,689,13427022,1050,10508591,626,686,15601955,1212,15601955,204,253,5914751,362,4874009
336800,SAINT VINCENT COLLEGE & SEMINARY,PA,156502690,Private-Nonprofit,583,592,2476005,1114,2476005,779,821,2849590,1551,2849590,112,190,3030582,226,2519451,178,195,3406197,345,3406197,72,130,2101303,139,1640332
336900,SUSQUEHANNA UNIVERSITY,PA,178701001,Private-Nonprofit,1040,1114,4451682,2048,4451682,1439,1631,5547061,3011,5547061,3,4,54280,6,54280,271,375,5574982,594,5574982,,,,,
337000,SWARTHMORE COLLEGE,PA,190811390,Private-Nonprofit,88,90,355836,177,355836,141,142,669575,279,669575,,,,,,58,62,2420285,113,2420285,,,,,
337100,TEMPLE UNIVERSITY,PA,191226003,Public,9360,9473,39365858,17402,39343620,10527,10662,37327924,19649,37289744,3264,3538,90502043,6244,81922772,2577,2731,67250437,5131,67146450,1728,2624,62766773,4013,58727761
337500,THEOLOGICAL SEMINARY REFORMED EPISCOPAL CHURCH,PA,194221257,Private-Nonprofit,,,,,,,,,,,1,1,20500,2,20500,,,,,,,,,,
337600,THIEL COLLEGE,PA,161252181,Private-Nonprofit,527,562,2199019,991,2157769,607,689,2014814,1230,1984564,146,177,3164831,295,2672830,122,131,1968411,230,1968411,100,129,3040816,213,2473743
337800,UNIVERSITY OF PENNSYLVANIA,PA,191046216,Private-Nonprofit,633,646,2554845,1158,2536095,826,839,3872876,1534,3847376,3129,3433,73662165,5830,73593049,383,417,14380841,743,14380841,2364,3245,109340692,5300,109262846
337900,UNIVERSITY OF PITTSBURGH,PA,152600001,Public,7855,8139,33434221,15257,33266069,9828,10384,37236912,19463,37064822,3337,3584,74442053,6164,73915784,1997,2440,49393112,4009,49110637,1635,2553,50158546,3608,50076718
338400,UNIVERSITY OF SCRANTON,PA,185104622,Private-Nonprofit,1442,1493,6059445,2850,6059445,2177,2275,8651882,4353,8650882,532,586,9316379,1446,8662196,408,478,9315405,855,9315405,128,176,3181673,360,3068135
338500,URSINUS COLLEGE,PA,194261000,Private-Nonprofit,652,656,2724014,1239,2724014,917,950,3517486,1796,3517486,,,,,,213,265,5018784,417,5018784,,,,,
338600,VALLEY FORGE MILITARY COLLEGE,PA,190873695,Private-Nonprofit,7,8,24750,15,24750,8,8,30000,14,27250,,,,,,2,2,65000,4,65000,,,,,
338800,VILLANOVA UNIVERSITY,PA,190851699,Private-Nonprofit,1741,1764,7822223,3386,7731071,2164,2221,8178310,4260,8041591,682,802,14090423,1308,12276066,510,595,18644287,1005,18644287,322,433,8501405,740,7838328
338900,WASHINGTON AND JEFFERSON COLLEGE,PA,153014801,Private-Nonprofit,635,694,2672456,1274,2672456,903,1017,3432535,1908,3432535,1,1,20500,2,20500,195,247,3254395,382,3254395,,,,,
339100,WAYNESBURG UNIVERSITY,PA,153701222,Private-Nonprofit,602,626,2507665,1153,2470913,744,858,2727646,1592,2694299,103,152,1314634,216,1314634,128,151,1782221,259,1773221,15,22,201122,29,201122
339200,WESTMINSTER COLLEGE,PA,161720002,Private-Nonprofit,445,447,1745254,846,1745254,653,678,2635984,1291,2635984,20,36,179898,36,179898,159,177,2207814,309,2207814,,,,,
339300,WESTMINSTER THEOLOGICAL SEMINARY,PA,190386073,Private-Nonprofit,,,,,,6,6,26639,6,26639,18,24,155789,30,155789,,,,,,,,,,
339400,WILKES UNIVERSITY,PA,187660998,Private-Nonprofit,1148,1148,4649936,2142,4576350,1408,1408,5089567,2634,5011067,1626,1628,27381294,2972,24183586,241,287,4331854,455,4310804,139,153,2001261,254,1863382
339500,PENNSYLVANIA COLLEGE OF TECHNOLOGY,PA,177015779,Public,2077,2136,7976594,3745,7923124,2503,2638,9050960,4658,8954436,25,32,556460,50,488125,610,796,12376284,1184,12305222,17,31,520811,37,420248
339600,WILSON COLLEGE,PA,172011285,Private-Nonprofit,564,573,2141192,998,2121414,643,651,3044374,1140,2988374,33,33,364041,46,364041,95,99,1508920,172,1494920,,,,,
339900,YORK COLLEGE OF PENNSYLVANIA,PA,174033651,Private-Nonprofit,1414,1445,5465028,2606,5441945,1855,2025,7250152,3684,7209237,210,242,3470843,379,3460593,373,450,6010053,731,5971512,44,66,1203404,83,1203404
340100,BROWN UNIVERSITY,RI,029129127,Private-Nonprofit,454,454,1865934,844,1865934,595,595,2465967,1113,2465967,595,719,15146102,971,15146102,292,295,10587873,555,10587873,199,225,6691065,343,6691065
340200,BRYANT UNIVERSITY,RI,029171284,Private-Nonprofit,1038,1045,4463153,2011,4463153,1600,1613,6321917,3111,6321917,200,202,3758800,470,3193827,286,332,8479108,560,8479108,101,104,3488094,229,2669938
340400,JOHNSON & WALES UNIVERSITY,RI,029033703,Private-Nonprofit,4126,5126,16078230,9715,15859251,4869,5818,18737414,11018,18365756,628,903,9492664,1634,8774276,1059,1236,22758172,2385,22739110,118,138,3280654,263,3245156
340600,PROVIDENCE COLLEGE,RI,029180001,Private-Nonprofit,1432,1510,6476787,2918,6476787,2087,2234,7656569,4322,7656569,56,65,906247,111,906247,359,472,13046784,756,13046784,3,4,52605,7,52605
340700,RHODE ISLAND COLLEGE,RI,029081991,Public,1812,1899,6448973,3448,6427288,1850,1992,8219762,3617,8164991,362,396,5486060,685,5418454,147,173,1920010,285,1916536,25,39,472985,71,451499
340800,COMMUNITY COLLEGE OF RHODE ISLAND,RI,028861807,Public,1092,1103,3608502,1736,3504224,1217,1235,5594782,1939,5371519,,,,,,9,10,103852,17,103852,,,,,
340900,RHODE ISLAND SCHOOL OF DESIGN,RI,029032784,Private-Nonprofit,422,448,1865894,839,1860812,439,457,1520045,879,1512377,98,98,1817473,188,1807223,144,151,5977781,271,5914272,42,45,1346104,84,1346104
341000,ROGER WILLIAMS UNIVERSITY,RI,028092921,Private-Nonprofit,1547,1582,6480752,3025,6480752,2213,2293,8576759,4407,8576759,523,567,9990677,1034,9987177,404,505,10516075,843,10503575,425,709,14414889,1170,14289699
341100,SALVE REGINA UNIVERSITY,RI,028404192,Private-Nonprofit,888,891,3922157,1721,3910407,1408,1427,5490057,2763,5486057,330,330,4310348,689,4283972,252,275,6627404,482,6627404,22,26,394949,46,394949
341400,UNIVERSITY OF RHODE ISLAND,RI,028810000,Public,4902,4968,20386576,9459,20374161,6307,6509,23147935,12399,23124767,654,705,12035097,1485,11453470,1190,1500,29083517,2427,29064815,77,107,1637921,166,1633123
341700,ALLEN UNIVERSITY,SC,292041085,Private-Nonprofit,478,489,1986249,877,1846263,451,546,1636613,993,1529479,27,27,432193,51,395410,86,86,746697,159,694529,,,,,
341800,ANDERSON UNIVERSITY,SC,296214035,Private-Nonprofit,1006,1176,4203635,2019,4114804,1287,1459,5154494,2574,5035978,439,469,6945988,958,6571135,237,253,4368708,448,4278451,107,124,2728396,255,2658198
341900,CHARLESTON SOUTHERN UNIVERSITY,SC,294062160,Private-Nonprofit,1201,1217,4678269,2136,4678269,1428,1519,5634667,2679,5632580,458,496,8231517,904,8214434,281,324,4521994,566,4521994,178,231,4781623,463,4781623
342000,BENEDICT COLLEGE,SC,292041086,Private-Nonprofit,1099,1099,4273944,2028,4260069,1123,1488,4521410,2734,4510210,36,36,423692,104,392942,347,347,3544468,649,3544468,,,,,
342100,BOB JONES UNIVERSITY,SC,296141000,Proprietary,340,399,1351545,584,1351545,319,350,1083345,554,1083345,25,45,233896,51,233896,50,54,749663,90,749663,4,4,29780,4,29780
342200,SOUTHERN WESLEYAN UNIVERSITY,SC,296301020,Private-Nonprofit,355,357,1325013,667,1297262,437,439,1778620,832,1721274,119,119,1647473,268,1511719,73,79,991540,136,991540,5,9,80642,13,80642
342300,"CITADEL, THE MILITARY COLLEGE OF SOUTH CAROLINA",SC,294090002,Public,659,674,2673518,1271,2673518,905,941,3797252,1772,3797252,421,536,5862024,830,5862024,284,324,7060597,581,7060597,52,70,729225,90,729225
342400,CLAFLIN UNIVERSITY,SC,291154498,Private-Nonprofit,1154,1154,4569825,2069,4554825,1159,1159,3836171,2056,3807649,69,69,667651,119,659901,279,282,3463346,529,3458051,1,1,4000,2,4000
342500,CLEMSON UNIVERSITY,SC,296340001,Public,4056,4201,17499301,7496,17308072,5933,6124,24846578,11011,24589961,1080,1189,17635175,1937,16983045,1968,2235,57421275,3761,57215924,182,209,2457906,293,2400892
342600,UNIVERSITY OF SOUTH CAROLINA - SUMTER,SC,291502498,Public,162,169,528222,277,528222,173,179,632945,294,632945,,,,,,15,16,136675,25,136675,,,,,
342700,COKER UNIVERSITY,SC,295503797,Private-Nonprofit,437,470,1789986,818,1789986,522,550,2505768,953,2505768,65,66,963525,142,963525,109,113,1565789,207,1565789,16,18,300085,44,300085
342800,COLLEGE OF CHARLESTON,SC,294240100,Public,2578,2662,10880072,4897,10867572,3517,3699,13862820,6890,13834028,140,154,2467593,268,2447093,1004,1215,29859794,2034,29789834,32,44,457815,58,450721
342900,COLUMBIA INTERNATIONAL UNIVERSITY,SC,292031599,Private-Nonprofit,351,352,1373589,796,1281858,414,434,1685558,929,1552458,472,473,7255179,1516,6361587,68,70,980682,120,949978,47,47,809076,168,677322
343000,COLUMBIA COLLEGE,SC,292035998,Private-Nonprofit,893,893,3529751,1703,3514001,916,973,3633404,1833,3613429,281,281,3987977,546,3987977,96,96,1381179,192,1381179,16,16,168902,36,168902
343100,CONVERSE UNIVERSITY,SC,293021931,Private-Nonprofit,382,383,1621728,719,1621728,467,528,1810392,979,1810392,149,159,2715676,287,2654176,91,99,1508096,171,1508096,29,40,432628,59,432628
343200,ERSKINE COLLEGE,SC,296390000,Private-Nonprofit,420,420,1733079,756,1629079,518,566,1784881,1035,1696666,3,3,28000,6,28000,116,116,1546631,201,1420142,1,1,23900,2,23900
343400,FURMAN UNIVERSITY,SC,296135253,Private-Nonprofit,403,408,1758704,775,1754204,581,604,2283773,1139,2276773,67,87,1134489,120,848920,164,178,4978584,318,4964394,14,14,386504,17,174885
343500,LANDER UNIVERSITY,SC,296492099,Public,1401,1401,5479498,2588,5456647,1445,1445,5272611,2693,5241524,145,145,2201800,268,2182247,401,404,4939541,760,4820259,20,20,113442,27,113442
343600,LIMESTONE UNIVERSITY,SC,293403799,Private-Nonprofit,818,829,2741830,1968,2741830,958,1062,3489087,2406,3489087,216,222,2404698,691,2404698,142,146,2050358,266,2050358,26,26,310470,92,310470
343800,MEDICAL UNIVERSITY OF SOUTH CAROLINA,SC,294250100,Public,164,166,687312,343,677562,190,194,904647,386,898980,1629,1822,46891264,3286,36165032,8,10,358404,21,345404,1327,1594,46198565,2650,27515701
343900,MORRIS COLLEGE,SC,291503599,Private-Nonprofit,302,302,1254285,556,1251389,286,321,1063208,574,1055344,,,,,,32,32,376715,63,376715,,,,,
344000,NEWBERRY COLLEGE,SC,291082197,Private-Nonprofit,885,896,3411282,1763,3330634,1062,1247,3918851,2391,3817915,29,29,462086,101,370136,283,297,4198241,544,4181290,2,2,10522,6,9011
344100,NORTH GREENVILLE UNIVERSITY,SC,296881892,Private-Nonprofit,837,837,3426319,1519,3365913,929,971,3659805,1753,3607461,186,186,3242704,331,3171275,135,137,1970031,242,1935521,73,76,2221400,140,2209632
344500,PRESBYTERIAN COLLEGE,SC,293252503,Private-Nonprofit,366,375,1453039,694,1433039,432,478,1499690,892,1479440,198,221,5255794,511,4811234,96,106,1353772,181,1299107,167,212,6358382,476,5967606
344600,SOUTH CAROLINA STATE UNIVERSITY,SC,291174427,Public,1931,1940,7535038,3605,7191708,1848,2063,6293416,3846,5984451,193,202,3479711,359,3319980,506,535,8089156,1031,7876713,42,45,589000,77,552750
344700,SPARTANBURG METHODIST COLLEGE,SC,293010000,Private-Nonprofit,425,425,1400456,783,1394991,416,444,1339570,829,1336754,,,,,,30,30,218628,56,218628,,,,,
344800,UNIVERSITY OF SOUTH CAROLINA - COLUMBIA,SC,292083999,Public,7640,8083,32148501,14788,31374654,10535,11206,42533822,20917,41553006,3789,4415,86720415,7512,85550965,2691,3311,69157469,5542,68676081,1287,1818,26981534,2776,26897875
344900,UNIVERSITY OF SOUTH CAROLINA - AIKEN,SC,298016399,Public,1074,1161,4178318,1951,4043017,1161,1294,4940303,2186,4782930,333,402,4835683,602,4658645,115,133,1312343,210,1292899,23,28,276317,32,254424
345000,UNIVERSITY OF SOUTH CAROLINA BEAUFORT,SC,299094602,Public,851,911,3416399,1574,3291344,912,1019,3697280,1806,3570839,2,2,41000,4,41000,164,195,2424609,317,2352788,,,,,
345100,COASTAL CAROLINA UNIVERSITY,SC,295268428,Public,4169,4224,16779946,7726,16776446,5974,6318,22371301,11550,22370301,204,217,3201151,351,3201151,1446,1683,33180863,2790,33163194,23,26,236481,40,236481
345300,UNIVERSITY OF SOUTH CAROLINA - LANCASTER,SC,297210889,Public,189,195,630284,324,630284,230,246,874697,418,874697,,,,,,21,23,295406,39,295406,,,,,
345400,UNIVERSITY OF SOUTH CAROLINA - SALKEHATCHIE,SC,298100617,Public,106,108,344195,172,344195,95,101,329814,159,329814,,,,,,8,8,79900,15,79900,,,,,
345500,VOORHEES UNIVERSITY,SC,290420000,Private-Nonprofit,233,233,974910,427,920118,210,233,504361,429,475267,38,49,616977,90,591597,10,11,92612,22,92612,2,2,29914,3,29914
345600,WINTHROP UNIVERSITY,SC,297330001,Public,1731,1879,7265707,3401,7265707,1888,2186,6933919,3943,6933919,609,672,10109903,1381,10105737,371,431,5724128,737,5724128,63,81,1011027,134,1011027
345700,WOFFORD COLLEGE,SC,293033663,Private-Nonprofit,369,733,1604398,733,1604398,661,1332,2960843,1335,2960843,,,,,,143,152,3349034,279,3309649,,,,,
345800,AUGUSTANA UNIVERSITY,SD,571970001,Private-Nonprofit,639,686,2691061,1253,2672561,893,957,3745289,1764,3720289,182,202,3220854,408,3120453,95,112,1441583,185,1441583,78,97,3805047,242,3805047
345900,BLACK HILLS STATE UNIVERSITY,SD,577999502,Public,659,685,2589327,1188,2407369,756,794,3124118,1397,2939989,24,28,382547,37,265787,62,66,812124,111,758079,,,,,
346100,DAKOTA WESLEYAN UNIVERSITY,SD,573014398,Private-Nonprofit,303,342,1340394,598,1262869,442,473,2014329,856,1885959,24,31,449731,38,286881,52,52,769263,95,769263,,,,,
346300,DAKOTA STATE UNIVERSITY,SD,570421799,Public,701,738,2918431,1266,2724762,827,858,3677892,1495,3435168,122,145,1935699,215,1473460,86,103,987154,163,987154,12,15,226698,20,143967
346500,MOUNT MARTY UNIVERSITY,SD,570783724,Private-Nonprofit,282,285,1125877,514,1101079,370,393,1524008,721,1493306,149,173,3059720,204,1893218,106,116,1488661,196,1455722,113,130,2876360,146,1636204
346600,NORTHERN STATE UNIVERSITY,SD,574017198,Public,390,453,1422812,743,1274280,540,628,2552913,1052,2372827,81,112,1073348,148,899522,41,46,371457,73,371457,,,,,
346900,UNIVERSITY OF SIOUX FALLS,SD,571051699,Private-Nonprofit,582,609,2425216,1084,2350676,749,785,3191445,1415,3109099,67,79,931693,97,724916,58,59,727535,107,727535,,,,,
347000,SOUTH DAKOTA SCHOOL OF MINES AND TECHNOLOGY,SD,577013995,Public,511,528,2195215,970,2171885,741,761,3266797,1390,3251723,42,46,564146,69,564146,79,85,1076079,145,1076079,4,5,50693,6,50693
347100,SOUTH DAKOTA STATE UNIVERSITY,SD,570072298,Public,2608,3048,11048931,5238,10637256,3996,4865,18102621,8295,17693997,240,317,5348202,455,4471479,383,466,4674792,703,4674792,18,21,273503,29,273503
347400,UNIVERSITY OF SOUTH DAKOTA,SD,570692390,Public,1814,1888,7219193,3385,7192522,2423,2557,10410929,4625,10374865,1161,1461,23136646,2404,23047846,314,355,3425112,589,3425112,404,439,8094254,822,8094254
347800,AUSTIN PEAY STATE UNIVERSITY,TN,370440002,Public,2679,2681,9892045,4649,9884295,2636,2644,11444142,4566,11442142,578,581,8378501,1038,8378501,271,288,2602110,458,2602110,53,57,468132,75,468132
347900,BELMONT UNIVERSITY,TN,372123757,Private-Nonprofit,1739,1792,7495956,3283,7484964,1967,1988,6944988,3718,6916879,910,967,20410167,1784,20280917,832,1036,27659583,1717,27659583,559,858,22290883,1306,22214202
348000,BETHEL UNIVERSITY,TN,382011705,Private-Nonprofit,882,886,3193029,1853,3006106,896,899,3455904,1891,3197850,315,381,5737061,791,5074866,90,90,881169,164,880054,125,164,3616564,252,3114859
348100,CARSON - NEWMAN UNIVERSITY,TN,377602204,Private-Nonprofit,588,633,2314195,1195,2286871,580,627,1935627,1189,1908591,670,877,9527362,2163,9147577,123,142,1724509,234,1721318,17,24,155884,51,148502
348200,CHRISTIAN BROTHERS UNIVERSITY,TN,381045581,Private-Nonprofit,286,301,1136586,516,1136586,291,302,1125012,522,1125012,101,104,1749836,206,1743004,45,50,798291,79,798291,43,43,2114260,111,2080632
348300,COLUMBIA STATE COMMUNITY COLLEGE,TN,384015653,Public,262,291,841312,510,786118,274,317,1048492,567,986647,,,,,,7,7,55280,14,55280,,,,,
348400,COVENANT COLLEGE,GA,307504164,Private-Nonprofit,249,262,1058457,489,1058457,290,316,1146626,587,1146626,2,2,22000,2,5600,58,62,949723,108,949723,,,,,
348500,CUMBERLAND UNIVERSITY,TN,370873554,Private-Nonprofit,439,440,1722828,753,1648387,523,535,1845217,911,1774297,98,100,1290091,202,1270841,63,63,804013,109,754663,,,,,
348600,LIPSCOMB UNIVERSITY,TN,372043951,Private-Nonprofit,774,789,3318931,1434,3269681,922,939,3604121,1715,3552100,809,1035,19543276,1599,16744380,248,251,5724111,470,5705506,317,411,11987821,663,10752229
348700,EAST TENNESSEE STATE UNIVERSITY,TN,376141700,Public,2884,3009,11291256,5176,11126735,2901,3020,11077513,5253,10933928,1369,1512,29875010,2731,29693729,398,487,5543776,790,5543776,493,643,10335071,1055,10253481
349000,FISK UNIVERSITY,TN,372083045,Private-Nonprofit,496,502,1971681,927,1971681,503,582,1657571,1060,1657571,25,26,469370,46,469370,171,185,3470089,325,3470089,10,10,172419,17,172419
349200,FREED-HARDEMAN UNIVERSITY,TN,383402399,Private-Nonprofit,393,394,1649352,751,1596636,496,511,1931059,971,1871844,181,181,2617541,279,2330406,164,169,2403004,304,2332957,19,19,257401,26,219121
349500,JOHNSON UNIVERSITY,TN,379989775,Private-Nonprofit,325,325,1376234,666,1339819,346,354,1218130,696,1181831,66,66,832609,160,740089,83,83,1266419,148,1241600,3,3,71885,11,57486
349600,KING UNIVERSITY,TN,376202699,Private-Nonprofit,540,559,2127327,1077,2125017,572,594,2584273,1128,2583433,223,227,3092379,407,3088519,65,67,928692,127,928692,32,35,329529,54,329529
349900,LANE COLLEGE,TN,383014598,Private-Nonprofit,503,503,2005411,898,1842210,494,545,1658356,977,1505387,,,,,,56,56,390664,105,371266,,,,,
350000,LEE UNIVERSITY,TN,373114475,Private-Nonprofit,1081,1220,4597581,2111,4397554,1263,1476,5100277,2544,4883948,212,294,3970272,442,3807435,201,208,3192333,370,3178357,34,36,289410,53,272282
350100,LEMOYNE-OWEN COLLEGE,TN,381266510,Private-Nonprofit,420,430,1694968,790,1579777,376,416,1490305,765,1379475,,,,,,36,36,300345,66,282372,,,,,
350200,LINCOLN MEMORIAL UNIVERSITY,TN,377527920,Private-Nonprofit,664,718,2892373,1221,2683566,702,796,3569233,1361,3284135,3243,4045,125380533,6666,111760709,146,164,2305889,276,2210106,2814,4072,131657955,6605,114383601
350400,UNIVERSITY OF TENNESSEE SOUTHERN,TN,384782799,Public,183,197,668929,359,657852,182,189,610388,347,602927,11,14,69636,25,67885,25,27,220807,52,220807,,,,,
350500,MARYVILLE COLLEGE,TN,378045907,Private-Nonprofit,518,518,2057975,956,2057975,586,628,1972900,1158,1972900,,,,,,175,192,2554619,329,2554619,,,,,
350600,MEHARRY MEDICAL COLLEGE,TN,372083599,Private-Nonprofit,,,,,,,,,,,753,819,25067489,1458,22919494,,,,,,689,831,41429610,1684,38610791
350900,UNIVERSITY OF MEMPHIS (THE),TN,381524611,Public,5357,5813,22268649,9570,20984960,5174,5630,22643235,9304,21103213,1621,1927,26169200,2899,25078173,461,548,5929532,868,5621433,350,455,5313151,697,5177604
351000,MIDDLE TENNESSEE STATE UNIVERSITY,TN,371323754,Public,3661,3885,14529212,6631,14529212,4022,4274,16067042,7341,16067042,959,1226,13611117,1781,13611117,640,806,10593603,1214,10593603,141,209,2892206,273,2892206
351100,MILLIGAN UNIVERSITY,TN,376824001,Private-Nonprofit,245,252,1006203,463,1006203,331,348,1300927,641,1300927,180,250,3417140,374,3072940,74,80,1169478,141,1169478,83,134,2193283,200,2184477
351700,SOUTHERN COLLEGE OF OPTOMETRY,TN,381042222,Private-Nonprofit,,,,,,,,,,,293,412,14814340,697,9980641,,,,,,137,185,2706486,302,1793667
351800,SOUTHERN ADVENTIST UNIVERSITY,TN,373150370,Private-Nonprofit,845,849,3453981,1554,3447581,961,989,3396014,1813,3379180,115,117,1915305,222,1597578,151,183,2426534,324,2426534,12,13,132690,24,121290
351900,RHODES COLLEGE,TN,381121690,Private-Nonprofit,278,278,1244984,542,1244984,393,393,1647413,777,1647413,3,3,61500,6,61500,100,107,2399295,196,2399295,1,1,20500,2,20500
352200,TENNESSEE STATE UNIVERSITY,TN,372091561,Public,2061,2118,8848382,3874,8654438,2021,2214,6351806,4087,6184397,438,468,7609844,793,7352069,548,585,10263582,1074,10142991,95,122,1478767,176,1439207
352300,TENNESSEE TECHNOLOGICAL UNIVERSITY,TN,385050001,Public,2453,2560,9699284,4566,9697534,2552,2671,9397898,4769,9396898,445,563,6516652,862,6516652,329,375,4026991,646,4024091,53,58,462813,67,462813
352500,TENNESSEE WESLEYAN UNIVERSITY,TN,373710040,Private-Nonprofit,390,390,1643243,732,1638076,440,464,1709507,862,1706840,92,92,1517860,207,1507610,77,81,1025850,142,1025850,33,49,821935,101,821935
352600,TREVECCA NAZARENE UNIVERSITY,TN,372102877,Private-Nonprofit,588,634,2145297,1010,2116220,638,701,2553430,1127,2499684,937,1269,14610713,1780,13389111,72,82,994030,138,994030,242,366,8027441,528,6823195
352700,TUSCULUM UNIVERSITY,TN,377430001,Private-Nonprofit,359,384,1356978,690,1350309,384,435,1389779,772,1382445,105,118,1551160,212,1537494,106,142,1484266,235,1484266,14,19,123442,28,123442
352800,UNION UNIVERSITY,TN,383053697,Private-Nonprofit,635,635,2543399,1224,2454796,700,709,3289033,1378,3146774,603,686,11089382,1456,10601862,173,177,2882677,333,2872677,370,419,9781291,911,9592761
352900,UNIVERSITY OF TENNESSEE - CHATTANOOGA,TN,374032598,Public,2758,2767,10908404,5012,10894231,3330,3338,13622769,6186,13598803,639,751,11400098,1276,11368113,485,507,7499232,936,7485901,99,132,1549199,226,1544073
353000,UNIVERSITY OF TENNESSEE,TN,379960150,Public,5240,5409,22337387,9622,22027080,7490,7740,32519098,14032,32119692,2490,2805,47922566,4601,47402606,2095,2455,55600432,4170,55215636,708,901,14815204,1388,14758323
353100,UNIVERSITY OF TENNESSEE - MARTIN,TN,382380002,Public,1696,1795,6917392,3275,6586049,1684,1848,6780426,3375,6372489,360,440,5295740,748,4887444,211,278,2625526,514,2532047,38,46,505847,67,413028
353400,UNIVERSITY OF THE SOUTH (THE),TN,373831000,Private-Nonprofit,367,373,1530025,705,1528275,497,516,1806358,973,1805358,14,15,120342,15,120342,144,162,4030682,288,4030682,,,,,
353500,VANDERBILT UNIVERSITY,TN,372400001,Private-Nonprofit,331,378,1285970,625,1285970,528,599,2491834,1046,2491834,1974,2361,42581682,3941,42581682,254,295,8511529,510,8511529,1361,2148,69504331,3402,69504331
353600,BRYAN COLLEGE,TN,373217000,Private-Nonprofit,354,354,1356957,646,1306567,380,381,1439068,696,1400739,60,60,627669,132,623503,71,73,796306,137,788969,,,,,
353700,ABILENE CHRISTIAN UNIVERSITY,TX,796993701,Private-Nonprofit,2334,2478,9193982,4812,8601708,2314,2530,10498673,4807,9802838,1436,1620,23550330,3380,21847266,272,314,5881453,550,5780901,274,379,6161639,738,5958332
353900,ALVIN COMMUNITY COLLEGE,TX,775114807,Public,204,207,590512,325,580012,127,136,451069,226,447069,,,,,,6,6,40881,9,40881,,,,,
354000,AMARILLO COLLEGE,TX,791092446,Public,1271,1338,3873291,1928,3866290,1260,1343,5019158,1938,5001183,,,,,,12,13,139799,20,127035,,,,,
354100,ANGELO STATE UNIVERSITY,TX,769095069,Public,1696,1842,6381258,3070,6055835,1807,2033,6981865,3251,6655514,967,1459,10722767,2091,10242263,193,217,2296933,350,2273211,23,26,129207,36,129207
354300,AUSTIN COLLEGE,TX,750904440,Private-Nonprofit,448,451,1805254,847,1803504,536,604,2125518,1133,2120768,61,67,1152685,116,1152685,112,130,1921791,215,1921791,47,48,1711542,93,1711542
354400,AUSTIN PRESBYTERIAN THEOLOGICAL SEMINARY,TX,787055711,Private-Nonprofit,,,,,,,,,,,8,8,118000,15,113000,,,,,,,,,,
354500,BAYLOR UNIVERSITY,TX,767980011,Private-Nonprofit,3039,3086,12796820,5813,12733566,3906,4004,14837265,7549,14741687,2642,3774,57067870,5800,55353893,1514,1766,56706260,3067,56630098,1185,1935,32570788,2644,32007040
354600,COASTAL BEND COLLEGE,TX,781022197,Public,135,143,397209,270,397209,152,175,532849,334,532849,,,,,,10,10,94024,20,94024,,,,,
354900,BLINN COLLEGE,TX,778334098,Public,2484,2495,8266088,4012,7627724,2668,2673,9619385,4493,8917645,,,,,,276,280,3715071,482,3541375,,,,,
355300,CISCO COLLEGE,TX,764379803,Public,165,165,457366,260,444346,201,201,644418,330,613951,,,,,,,,,,,,,,,
355400,CLARENDON COLLEGE,TX,792260000,Public,188,188,570358,350,552593,208,208,810835,385,785327,,,,,,2,2,7500,4,7500,,,,,
355600,COMMONWEALTH INSTITUTE OF FUNERAL SERVICE,TX,770905918,Private-Nonprofit,227,236,586029,466,433312,211,220,849126,439,601156,,,,,,4,4,30104,11,26453,,,,,
355700,CONCORDIA UNIVERSITY TEXAS,TX,787264141,Private-Nonprofit,647,722,2562304,1264,2514411,687,788,2990677,1369,2919871,120,147,2072818,306,2045482,164,189,3288694,346,3282026,15,20,323048,39,313156
355800,NORTH CENTRAL TEXAS COLLEGE,TX,762404699,Public,1649,1692,4702451,2830,4630774,1673,1730,6253757,2881,6122133,,,,,,21,23,140372,41,139372,,,,,
356000,DALLAS BAPTIST UNIVERSITY,TX,752119299,Private-Nonprofit,775,798,2869339,1380,2869339,898,954,3294278,1672,3294278,346,368,5504672,580,5504672,216,281,4516449,400,4516449,73,114,1180589,137,1180589
356200,DALLAS THEOLOGICAL SEMINARY,TX,752046411,Private-Nonprofit,,,,,,,,,,,236,238,3054032,511,3052500,,,,,,,,,,
356300,DEL MAR COLLEGE,TX,784043897,Public,407,443,1321522,772,1224387,345,404,1356937,717,1244731,,,,,,9,10,57200,17,54975,,,,,
356400,EAST TEXAS BAPTIST UNIVERSITY,TX,756701498,Private-Nonprofit,681,683,2634844,1203,2606476,759,819,2718489,1432,2674503,103,103,1483337,212,1386470,178,196,2874319,309,2874319,4,4,47102,10,47102
356500,TEXAS A&M UNIVERSITY - COMMERCE,TX,754293011,Public,2939,3003,11828332,6017,10726180,2795,3089,12961224,6093,11613834,1432,1742,20499747,2835,19804423,527,564,5800490,1036,5684885,415,518,2491945,880,2479468
356600,EPISCOPAL THEOLOGICAL SEMINARY OF THE SOUTHWEST (THE),TX,787053128,Private-Nonprofit,,,,,,,,,,,53,53,850658,103,850658,,,,,,6,6,142711,11,142711
356800,FRANK PHILLIPS COLLEGE,TX,790074427,Public,33,33,104675,68,104675,35,35,136120,72,133370,,,,,,,,,,,,,,,
357000,GRAYSON COLLEGE,TX,750208299,Public,333,333,1087543,1021,971068,282,282,1214822,859,1082827,,,,,,1,1,12000,5,10000,,,,,
357100,HARDIN-SIMMONS UNIVERSITY,TX,796986050,Private-Nonprofit,526,538,2031957,949,2031957,576,611,1933892,1087,1932892,190,263,4387785,375,3478938,137,223,2067061,247,2058061,101,185,3060011,200,2836530
357200,TRINITY VALLEY COMMUNITY COLLEGE,TX,757512734,Public,768,825,2557899,1352,2180610,665,731,2605583,1204,2229492,,,,,,10,12,61299,24,61299,,,,,
357300,HILL COLLEGE,TX,766452711,Public,559,568,1888664,944,1667136,551,572,2482509,948,2168268,,,,,,4,4,27943,7,26926,,,,,
357400,HOWARD COUNTY JUNIOR COLLEGE DISTRICT,TX,797200213,Public,331,331,1061748,616,990404,283,283,1349846,523,1231805,,,,,,2,2,7000,4,7000,,,,,
357500,HOWARD PAYNE UNIVERSITY,TX,768012715,Private-Nonprofit,427,432,1616272,742,1596786,445,493,1516433,832,1492105,30,35,540005,57,490880,88,97,1465638,156,1421160,,,,,
357600,HOUSTON CHRISTIAN UNIVERSITY,TX,770740000,Private-Nonprofit,1604,1839,6377474,5910,6372224,1370,1407,4995549,4745,4995549,564,565,9223174,1739,9209508,196,229,3574187,764,3574187,54,55,930254,175,930254
357700,HUSTON - TILLOTSON UNIVERSITY,TX,787022795,Private-Nonprofit,598,598,2372291,1157,2358626,610,716,2528101,1368,2508103,22,22,348319,48,348319,120,121,1482494,225,1482494,4,5,50538,13,50538
357800,UNIVERSITY OF THE INCARNATE WORD,TX,782096398,Private-Nonprofit,1924,1943,8050093,3492,7675989,1772,1802,6811588,3251,6380688,1312,1349,42116268,2925,38910724,649,667,11513893,1213,11303833,1023,1047,43339568,2382,40436949
358000,KILGORE COLLEGE,TX,756623299,Public,672,672,2388483,1054,1985096,697,697,3244339,1109,2729475,,,,,,,,,,,,,,,
358100,LAMAR UNIVERSITY,TX,777100042,Public,3005,3287,11917759,7297,11418914,3120,3436,15340691,7745,14630921,5761,6695,82845432,21630,74786122,174,202,1762766,404,1756839,242,285,2353819,850,2245246
358300,LEE COLLEGE,TX,775204796,Public,424,431,1354894,698,1290681,392,400,1563679,634,1471153,,,,,,,,,,,,,,,
358400,LETOURNEAU UNIVERSITY,TX,756023564,Private-Nonprofit,590,590,2440165,1146,2434889,632,632,2425063,1213,2419833,89,89,1388295,194,1368029,89,113,2177371,186,2177371,3,3,48000,9,48000
358600,LUBBOCK CHRISTIAN UNIVERSITY,TX,794072099,Private-Nonprofit,495,522,2069315,913,1995636,561,627,2302533,1102,2231378,128,170,2702194,213,1605970,169,190,1659810,356,1635809,11,11,170057,11,62757
358800,UNIVERSITY OF MARY HARDIN-BAYLOR,TX,765132599,Private-Nonprofit,1481,1533,5810745,2674,5807995,1639,1935,6028818,3384,6026068,420,463,7457198,927,7446948,746,1078,12851798,1681,12851798,204,359,6047479,541,6047479
359000,MCLENNAN COMMUNITY COLLEGE,TX,767081498,Public,1550,1696,4501047,2803,3927164,852,997,3018998,1698,2705570,,,,,,12,13,74389,21,68252,,,,,
359100,MCMURRY UNIVERSITY,TX,796970001,Private-Nonprofit,677,726,2654146,1293,2649396,716,786,2578504,1415,2572504,3,3,35750,4,35750,100,107,1215533,180,1215533,1,1,11530,2,11530
359200,MIDWESTERN STATE UNIVERSITY,TX,763082099,Public,1451,1593,5557462,2649,5487564,1420,1644,6029435,2739,5938209,385,489,5577057,770,5456889,349,397,3773329,660,3546725,14,18,120351,22,103526
359300,NAVARRO COLLEGE,TX,751104818,Public,1117,1158,3392273,1970,3372519,1094,1174,3947516,2020,3921812,,,,,,32,33,295158,62,295158,,,,,
359400,UNIVERSITY OF NORTH TEXAS,TX,762035017,Public,10573,11371,42002489,19703,42002489,10539,11842,43479962,20585,43479962,2331,2852,32989429,4435,32989429,3053,3453,46123197,5994,46123197,75,95,762209,132,762209
359500,OBLATE SCHOOL OF THEOLOGY,TX,782166693,Private-Nonprofit,,,,,,,,,,,5,5,50500,8,47269,,,,,,,,,,
359600,ODESSA COLLEGE,TX,797647127,Public,210,231,673784,619,641284,208,228,797290,628,757416,,,,,,2,2,10500,4,10500,,,,,
359800,OUR LADY OF THE LAKE UNIVERSITY,TX,782074689,Private-Nonprofit,518,539,2045352,900,2022352,499,542,1956102,905,1942602,760,860,12454948,1766,11669996,80,92,1029363,145,996402,139,180,2120238,309,2004929
359900,UNIVERSITY OF TEXAS RIO GRANDE VALLEY,TX,785392999,Public,6346,7125,23522148,12311,22521355,3460,4129,12607584,7056,11627563,2854,3827,42332344,8758,39232731,155,177,687495,337,667032,321,445,4573243,834,4170402
360000,PANOLA COLLEGE,TX,756332397,Public,203,207,511282,353,511282,198,202,590054,343,590054,,,,,,1,2,9000,4,9000,,,,,
360100,PARIS JUNIOR COLLEGE,TX,754606298,Public,74,74,250428,238,204042,77,77,288381,253,229083,,,,,,,,,,,,,,,
360200,PAUL QUINN COLLEGE,TX,752414398,Private-Nonprofit,2,2,7000,4,7000,2,2,4000,4,4000,1,1,20500,2,20500,2,2,25348,3,20174,,,,,
360300,RANGER COLLEGE,TX,764703298,Public,143,167,385765,318,380224,158,181,542486,336,536153,,,,,,9,9,73832,16,73832,,,,,
360400,WILLIAM MARSH RICE UNIVERSITY,TX,770051892,Private-Nonprofit,136,141,529543,268,529543,247,254,1179267,480,1179267,543,621,10100441,1112,9385995,103,109,3842768,197,3842768,281,337,13274512,600,12650810
360600,SAM HOUSTON STATE UNIVERSITY,TX,773410000,Public,6717,7071,27056365,12260,27040115,6934,7831,28452591,13646,28436591,1595,1991,36930812,2998,33084925,2196,2381,17645218,4221,17636618,265,339,3734221,507,3232760
360800,SAINT PHILIP'S COLLEGE,TX,782032098,Public,548,658,1685075,1036,1685075,493,649,1933341,1018,1933341,,,,,,10,10,82827,17,82827,,,,,
360900,SAN JACINTO COMMUNITY COLLEGE DISTRICT,TX,775043323,Public,720,788,2156788,4997,1984521,721,805,2522543,4987,2289469,,,,,,17,18,240299,145,208081,,,,,
361000,SCHREINER UNIVERSITY,TX,780285697,Private-Nonprofit,557,557,2270040,1028,2268628,636,677,2306206,1249,2299784,188,189,2461933,375,2406146,111,120,2022174,207,2022174,7,8,49667,16,49667
361100,SOUTH PLAINS COLLEGE,TX,793366595,Public,1034,1043,3343018,1597,3159090,1041,1046,4126874,1666,3873543,,,,,,39,39,331147,63,306618,,,,,
361200,UNIVERSITY OF HOUSTON - DOWNTOWN,TX,770021001,Public,3465,3737,14713730,6171,14274689,2857,3194,16583568,5102,16037522,710,839,12167758,1289,11568805,34,45,417746,70,415746,32,39,314252,55,314252
361300,SOUTHERN METHODIST UNIVERSITY,TX,752750100,Private-Nonprofit,1064,1070,4631009,1996,4561159,1288,1328,4993770,2487,4952869,1364,1466,25870845,2735,25338188,458,594,17184394,1005,17100359,614,780,21682246,1368,21304237
361400,SOUTHWEST TEXAS COLLEGE,TX,788016221,Public,157,175,505801,332,479837,161,188,583508,359,561275,,,,,,5,5,38209,10,38209,,,,,
361500,TEXAS STATE UNIVERSITY,TX,786664684,Public,11155,11925,45450434,21482,45431184,11820,12913,46370697,23191,46341558,1670,1947,24276982,3078,24276982,3055,3409,47166876,6042,47129963,90,130,848055,167,848055
361600,NELSON UNIVERSITY,TX,751652397,Private-Nonprofit,852,852,3500305,1516,3356549,813,847,2977625,1502,2859726,184,184,2883328,319,2770578,153,153,2393739,292,2288997,16,16,176234,24,171337
361800,SOUTHWESTERN CHRISTIAN COLLEGE,TX,751603400,Private-Nonprofit,67,67,232150,119,213150,67,76,223230,138,213230,,,,,,10,10,82997,19,82997,,,,,
361900,SOUTHWESTERN ADVENTIST UNIVERSITY,TX,760591922,Private-Nonprofit,357,357,1559885,638,1471635,354,354,1325581,633,1259436,,,,,,68,68,1140692,121,1107833,,,,,
362000,SOUTHWESTERN UNIVERSITY,TX,786266111,Private-Nonprofit,450,454,1928363,845,1925613,532,546,2013852,1026,2013852,,,,,,252,264,6148999,477,6148999,,,,,
362100,ST. EDWARD'S UNIVERSITY,TX,787040000,Private-Nonprofit,957,1019,3995730,1847,3976466,986,1085,3471047,1969,3447981,267,397,6845488,509,4732658,254,314,5914428,567,5846484,90,133,2740909,181,1637558
362300,ST. MARY'S UNIVERSITY,TX,782288500,Private-Nonprofit,813,843,3294278,1544,3147631,838,911,3010413,1667,2832203,836,1107,19170939,1737,18771189,186,204,2965995,368,2863930,524,640,16320142,1198,15912064
362400,STEPHEN F AUSTIN STATE UNIVERSITY,TX,759620001,Public,3142,3287,12481500,6187,12477439,3394,3911,14034109,7386,14023168,629,725,8545331,1337,8518710,1159,1235,8567719,2367,8554808,10,11,100568,22,100568
362500,SUL ROSS STATE UNIVERSITY,TX,798320113,Public,501,522,1969017,932,1953767,462,495,1735073,892,1714063,259,357,2380589,645,2305268,51,64,490913,123,488663,,,,,
362600,TARRANT COUNTY COLLEGE DISTRICT,TX,761026599,Public,4317,4378,13839681,6622,12515105,3886,3953,15625350,6013,14256859,,,,,,,,,,,,,,,
362700,TEMPLE COLLEGE,TX,765047435,Public,1123,1132,3843304,1888,3496328,1042,1051,5127626,1756,4645368,,,,,,13,13,107433,21,94345,,,,,
362800,TEXARKANA COLLEGE,TX,755990001,Public,289,331,968258,866,968258,263,307,833820,808,833820,,,,,,,,,,,,,,,
363000,PRAIRIE VIEW AGRICULTURAL & MECHANICAL UNIVERSITY,TX,774462967,Public,5701,5839,22521750,10507,22432095,5703,6292,19517108,11250,19436266,616,745,8985102,1120,8658095,1336,1511,20827925,2616,20766252,63,86,552412,117,448853
363100,TARLETON STATE UNIVERSITY,TX,764010002,Public,3693,3819,14777455,6503,13916322,4212,4673,19783804,7877,18678322,1156,1419,18238269,2155,17013544,652,762,9259750,1255,9088077,85,113,524513,136,519513
363200,TEXAS A&M UNIVERSITY,TX,778431246,Public,9404,10062,38566705,18116,38566705,12188,12978,50704802,23574,50704802,4884,5994,109713811,9741,105023822,2632,3064,49020065,5297,49020065,1013,1574,19061206,2320,18375652
363400,TEXAS STATE TECHNICAL COLLEGE,TX,767051695,Public,3487,4280,10660578,7424,9609168,3121,3487,12651325,6263,11383578,,,,,,103,106,1404213,243,1235714,,,,,
363500,TEXAS CHIROPRACTIC COLLEGE,TX,775051699,Private-Nonprofit,,,,,,,,,,,231,321,10027134,526,8324300,,,,,,156,228,3555119,462,3137319
363600,TEXAS CHRISTIAN UNIVERSITY,TX,761290001,Private-Nonprofit,1844,1894,8326210,3585,8298876,2270,2397,9302872,4536,9248538,550,658,15942256,966,12463310,1113,1196,43852704,2276,43706988,273,319,10454483,501,7289323
363700,JARVIS CHRISTIAN UNIVERSITY,TX,757651470,Private-Nonprofit,372,392,1442037,766,1402601,356,405,1211505,794,1158151,50,110,572277,155,566094,31,31,257337,61,255407,10,25,80137,38,80137
363800,TEXAS COLLEGE,TX,757024500,Private-Nonprofit,350,350,1292390,1227,1266640,351,358,1024153,1250,995651,,,,,,12,12,120815,44,120815,,,,,
363900,TEXAS A&M UNIVERSITY - KINGSVILLE,TX,783638203,Public,1935,2046,7610453,3529,7610453,1691,1794,5948212,3142,5948212,611,722,9438182,1135,9438182,198,220,2118551,353,2118551,63,73,449435,83,449435
364100,TEXAS LUTHERAN UNIVERSITY,TX,781555999,Private-Nonprofit,690,752,2820102,1281,2744467,765,887,3055752,1503,2962700,119,153,2397179,279,2315917,167,190,2640921,324,2610737,63,83,1534048,121,1452551
364200,TEXAS SOUTHERN UNIVERSITY,TX,770044598,Public,4653,4773,18663199,8457,17645649,4578,5434,19042915,9736,17853078,1430,1506,27196042,2673,26025883,1576,1618,26679377,3015,25695803,989,1277,18913094,2187,18327679
364400,TEXAS TECH UNIVERSITY,TX,794092011,Public,8229,8648,33248884,15501,33209697,10293,10891,42302126,19618,42222805,2162,2822,37417257,4640,36305449,1640,1950,27378554,3323,27347401,275,382,3611881,583,3611881
364500,TEXAS WESLEYAN UNIVERSITY,TX,761051536,Private-Nonprofit,679,705,2827095,1210,2633660,632,684,2347061,1171,2151092,430,560,10698097,730,7315929,91,103,1384794,174,1371899,186,279,11038320,370,6506872
364600,TEXAS WOMAN'S UNIVERSITY,TX,762045587,Public,2988,3636,13595405,5595,11207173,2850,3528,13785666,5505,11392706,2284,3032,44659644,3811,25402815,259,305,2814952,490,2759954,188,277,2130361,363,1705608
364700,TRINITY UNIVERSITY,TX,782127200,Private-Nonprofit,512,535,2161398,993,2151584,612,643,2431382,1205,2410427,36,49,988175,75,802302,118,136,2654308,234,2642822,9,14,209946,22,209946
364800,TYLER JUNIOR COLLEGE,TX,757013436,Public,2589,2610,8216435,4585,8196827,2183,2201,7450566,3785,7441239,,,,,,75,78,556772,143,556772,,,,,
365100,UNIVERSITY OF DALLAS,TX,750624799,Private-Nonprofit,426,451,1833671,827,1833671,510,527,1877432,981,1877432,141,148,2254560,276,2230644,117,121,2509191,227,2509191,28,31,630935,70,630935
365200,UNIVERSITY OF HOUSTON,TX,772042018,Public,10755,11231,45002380,19783,44738010,8752,9317,32905647,16430,32691221,2756,3354,61564124,5776,61286930,1112,1287,20106393,2096,20072967,671,925,15620602,1482,15600359
365400,UNIVERSITY OF SAINT THOMAS,TX,770064626,Private-Nonprofit,965,993,4086437,1674,4086437,927,1005,4437095,1694,4437095,202,221,3183724,366,3158224,138,164,2714470,267,2714470,28,40,461976,66,461976
365600,UNIVERSITY OF TEXAS AT ARLINGTON,TX,760190125,Public,9473,11419,35471212,18015,34935530,8190,9791,35850129,15533,35131949,4553,6856,67178851,9630,66104752,433,505,6659811,846,6631298,200,264,2306857,363,2090465
365800,UNIVERSITY OF TEXAS AT AUSTIN,TX,787120000,Public,7881,7884,34939316,16120,34632782,8224,8229,32416672,16002,32079074,2552,2899,49123106,5903,47406202,4193,4606,81546569,10676,81455313,1555,1798,37332949,4137,37056030
365900,UNIVERSITY OF TEXAS HEALTH SCIENCE CENTER AT SAN ANTONIO,TX,782293900,Public,540,554,2605863,1025,2605863,434,452,2345953,839,2345953,1488,1642,41361808,3465,41160640,27,32,382648,62,382648,752,893,17994398,2023,17966995
366100,UNIVERSITY OF TEXAS AT EL PASO,TX,799680500,Public,4481,4604,18201053,7746,17176555,3666,3840,15664375,6380,14715826,1874,2190,32748419,3515,31362909,238,267,2269902,432,2213437,161,192,1203982,231,1197486
366200,VICTORIA COLLEGE,TX,779014494,Public,176,202,482756,375,480596,182,210,628489,384,623537,,,,,,,,,,,,,,,
366300,WAYLAND BAPTIST UNIVERSITY,TX,790726998,Private-Nonprofit,1003,1015,3862460,2550,3606471,1033,1091,4837904,2653,4519450,353,360,5696553,1102,5364137,88,96,1182685,154,1147323,19,24,200251,50,200246
366400,WEATHERFORD COLLEGE,TX,760865699,Public,919,955,2840441,1587,2566440,961,1004,4470267,1667,4063486,,,,,,32,36,290847,61,287347,,,,,
366500,WEST TEXAS A&M UNIVERSITY,TX,790150001,Public,2059,2181,8599124,3718,8166616,2118,2285,9799498,3935,9222887,729,868,10678794,1398,10043889,122,148,1456805,240,1443712,26,28,172946,38,141228
366800,WHARTON COUNTY JUNIOR COLLEGE,TX,774883298,Public,388,396,1135599,661,1080616,365,376,1294841,646,1249187,,,,,,3,3,16390,6,16390,,,,,
366900,WILEY UNIVERSITY,TX,756705199,Private-Nonprofit,516,516,1837326,1055,1766491,404,404,1494427,848,1364395,105,105,1773338,419,1744204,25,25,142206,46,139463,5,5,21116,10,21116
367000,BRIGHAM YOUNG UNIVERSITY,UT,846028406,Private-Nonprofit,2067,2208,8611069,4046,8611069,2377,2517,11698798,4547,11698798,465,542,7292158,1039,7292158,76,80,970380,154,970380,42,47,431524,88,431524
367100,UTAH TECH UNIVERSITY,UT,847703876,Public,1364,1381,5129104,2428,4971444,1473,1487,6626721,2621,6419010,86,89,1374193,164,1371767,171,174,1982160,319,1951603,12,14,204955,25,204955
367200,ENSIGN COLLEGE,UT,841013500,Private-Nonprofit,104,113,354755,161,323220,96,108,423891,153,392769,,,,,,,,,,,,,,,
367500,UNIVERSITY OF UTAH,UT,841129055,Public,4315,4505,18819153,7919,18429266,4445,4764,19073927,8463,18739337,2917,3174,65819328,5606,65284290,742,841,24003768,1469,23836534,1079,1655,34758319,2325,34671643
367700,UTAH STATE UNIVERSITY,UT,843221400,Public,3500,3737,13853813,6468,13852063,3824,3992,18379553,6933,18378553,851,979,13608898,1665,13608898,178,231,3006956,348,3006956,69,90,1200039,135,1200039
367800,SOUTHERN UTAH UNIVERSITY,UT,847202415,Public,1634,1688,6379601,2791,6102701,1532,1680,6583253,2703,6330488,1001,1527,13150132,2118,12659524,83,84,1708669,164,1664947,26,26,371949,48,339430
367900,SNOW COLLEGE,UT,846271299,Public,495,495,1559402,881,1384481,456,456,1671785,800,1479011,,,,,,4,4,34101,6,27101,,,,,
368000,WEBER STATE UNIVERSITY,UT,844081001,Public,2414,2420,9644683,4427,9134194,2376,2378,12146647,4311,11508332,367,368,6033597,681,5778594,43,43,544341,81,534059,50,51,1176161,99,1154726
368100,WESTMINSTER UNIVERSITY,UT,841053697,Private-Nonprofit,173,175,711714,320,701351,200,203,846089,374,827116,189,208,3596700,418,3394104,41,48,833692,84,812848,96,128,3333571,252,3061639
368200,BENNINGTON COLLEGE,VT,052016001,Private-Nonprofit,341,347,1579683,653,1577433,385,390,1232293,737,1231293,50,65,1029167,72,667869,58,65,1379514,106,1379514,2,2,10492,2,8273
368400,CHAMPLAIN COLLEGE,VT,054013950,Private-Nonprofit,1191,1315,5148582,2088,4471651,1468,1618,6881038,2634,5831400,231,362,1993834,424,1492303,274,304,7416142,520,7416142,6,7,83840,7,51737
369100,MIDDLEBURY COLLEGE,VT,057530000,Private-Nonprofit,428,438,1815072,842,1815072,481,484,1992313,909,1992313,175,216,3321000,322,3072502,113,133,3693881,218,3660381,87,129,1915218,196,1826322
369200,NORWICH UNIVERSITY,VT,056631035,Private-Nonprofit,850,917,3516951,1655,3503779,1037,1123,4044099,2042,4029771,266,295,3515012,594,3487096,161,204,3169668,340,3169668,92,101,1157159,249,1151723
369400,SAINT MICHAEL'S COLLEGE,VT,054390001,Private-Nonprofit,401,404,1703520,769,1703520,563,589,2246460,1126,2246460,35,38,553375,64,553375,110,129,2412388,215,2412388,3,5,49027,6,49027
369600,UNIVERSITY OF VERMONT AND STATE AGRICULTURAL COLLEGE,VT,054050160,Public,2770,2777,11526660,5220,11509410,3982,3999,15970771,7587,15936271,793,824,21012946,1479,21012946,752,831,20562108,1457,20521531,533,645,16455510,1123,16443419
369700,VERMONT COLLEGE OF FINE ARTS,VT,056023128,Private-Nonprofit,,,,,,,,,,,116,142,2458702,200,2097495,,,,,,56,67,2069885,92,1796829
369800,VERMONT STATE UNIVERSITY,VT,050610500,Public,1932,1955,7628105,3650,7468903,2152,2225,8732242,4119,8564020,248,268,3927293,529,3822778,229,253,4709106,434,4657843,13,15,173460,19,173460
370200,AVERETT UNIVERSITY,VA,245413692,Private-Nonprofit,669,678,2652102,1157,2643208,734,809,3173831,1380,3160960,107,118,1595774,178,1595774,266,267,4679428,484,4663340,21,25,176413,39,176413
370300,BLUEFIELD UNIVERSITY,VA,246051799,Private-Nonprofit,446,462,1753016,1046,1613708,496,549,1953950,1188,1772268,284,293,4785445,720,3818956,96,111,1061638,198,1050413,141,158,5170556,287,2966307
370400,BRIDGEWATER COLLEGE,VA,228121599,Private-Nonprofit,534,545,2153212,1018,2153212,766,808,3040768,1518,3040768,29,30,546415,37,262308,198,199,3062540,372,3062540,6,6,54800,12,41466
370500,COLLEGE OF WILLIAM & MARY,VA,231878795,Public,906,937,3700079,1782,3700079,1222,1261,5355932,2412,5353432,923,981,17063875,1847,16304258,371,439,11229886,736,11180949,469,551,13881017,1053,13718150
370600,CHRISTOPHER NEWPORT UNIVERSITY,VA,236063072,Public,1049,1085,4220455,2012,4214705,1174,1251,4657113,2303,4648613,22,23,372930,40,362680,420,474,8745793,856,8729656,2,2,21512,3,15049
370700,RICHARD BLAND COLLEGE,VA,238057100,Public,400,416,1247523,688,1247523,401,447,1192321,747,1192321,,,,,,38,41,450278,74,450278,,,,,
370800,EASTERN MENNONITE UNIVERSITY,VA,228022462,Private-Nonprofit,356,445,1573623,681,1573623,399,507,1505287,809,1505287,87,139,1455045,178,1455045,92,104,1531972,175,1531972,25,40,318514,54,318514
370900,EMORY & HENRY UNIVERSITY,VA,243270010,Private-Nonprofit,436,438,1854535,802,1828982,518,545,1968662,1010,1947662,203,204,3969047,536,3952517,179,212,2871164,363,2828700,134,152,4910604,438,4893204
371100,FERRUM COLLEGE,VA,240882612,Private-Nonprofit,443,447,1766299,830,1764549,503,516,1756725,971,1756725,24,25,397375,52,380707,118,120,1323781,224,1323781,3,3,50105,7,46195
371200,TIDEWATER COMMUNITY COLLEGE,VA,235101910,Public,1200,1302,3723725,2367,3667330,1201,1402,4333375,2518,4198985,,,,,,31,35,205298,63,198798,,,,,
371300,HAMPDEN SYDNEY COLLEGE,VA,239430128,Private-Nonprofit,246,249,1024341,469,1024341,353,361,1335677,690,1335677,,,,,,95,100,1818685,183,1818685,,,,,
371400,HAMPTON UNIVERSITY,VA,236680099,Private-Nonprofit,1749,1767,6797440,3336,6780285,2042,2054,6957216,3873,6923656,270,289,4501612,479,4241513,1456,1507,40879596,2891,40879596,175,203,2032562,331,1999496
371500,HOLLINS UNIVERSITY,VA,240194421,Private-Nonprofit,285,287,1233017,550,1233017,339,341,1246100,652,1246100,9,9,114454,12,114454,93,106,1469200,193,1469200,2,2,26654,3,26654
371900,LONGWOOD UNIVERSITY,VA,239091899,Public,1098,1140,4598157,2071,4598157,1324,1369,4998113,2498,4998113,302,404,4384910,601,4384910,660,722,11244036,1269,11244036,41,50,427728,58,427728
372000,UNIVERSITY OF LYNCHBURG,VA,245013199,Private-Nonprofit,533,546,2207726,1002,2206760,688,728,2609262,1345,2609262,432,468,7800228,941,5608443,185,198,2935486,351,2924054,205,253,6424233,434,3649837
372100,JAMES MADISON UNIVERSITY,VA,228073780,Public,3505,3655,14345958,6816,14339883,5227,5682,22564835,10579,22554764,470,908,6699652,1432,6695652,2344,2608,51265403,4528,51232898,84,102,1619157,162,1619157
372300,MARY BALDWIN UNIVERSITY,VA,244013610,Private-Nonprofit,654,716,2544813,1239,2451516,725,799,2924216,1425,2825445,497,535,8855544,1145,8561723,82,92,815174,155,815174,253,639,8728675,643,8728675
372400,MARYMOUNT UNIVERSITY,VA,222074224,Private-Nonprofit,667,787,2678326,1310,2673520,756,843,2995165,1451,2975922,811,903,14996226,1528,14944976,237,267,5497897,459,5497897,428,567,10635000,845,10616872
372600,AMERICAN NATIONAL UNIVERSITY,VA,241534524,Proprietary,685,976,2212337,2024,1970905,634,1214,2170762,1813,1983663,23,45,191362,75,179952,3,4,11386,7,11386,,,,,
372700,NORTHERN VIRGINIA COMMUNITY COLLEGE,VA,220033743,Public,3237,3287,10028127,5100,10028127,3201,3273,12851057,5063,12851057,,,,,,56,56,535972,95,535972,,,,,
372800,OLD DOMINION UNIVERSITY,VA,235290001,Public,5602,5876,22552757,10198,22541007,5936,6459,24710874,11333,24702202,2142,2398,46127162,4071,42418359,809,966,12103800,1773,12096646,794,1007,25225668,1761,22243485
373200,RADFORD UNIVERSITY,VA,241426905,Public,2401,2514,9497718,4616,9390555,2652,2773,9781155,5030,9658936,736,1169,13611616,1717,13158758,365,403,5280703,702,5275475,177,237,3286975,379,3276835
373300,RANDOLPH - MACON COLLEGE,VA,230055505,Private-Nonprofit,621,641,2457134,1178,2457134,947,982,3643156,1828,3643156,52,52,1022182,107,786523,244,256,4517469,449,4517469,35,35,1322060,80,943962
373400,RANDOLPH COLLEGE,VA,245031526,Private-Nonprofit,372,373,1522886,709,1522886,436,465,1592972,876,1590972,64,73,1084752,89,848586,104,110,1327578,199,1327578,6,9,86934,11,76154
373500,VIRGINIA COMMONWEALTH UNIVERSITY,VA,232849004,Public,6734,7603,28451298,13638,28439298,6687,7204,23005438,13007,22995272,3103,3635,77061584,6483,76324093,1621,1995,36877586,3179,36877586,1160,1751,40228572,2568,40216647
373600,ROANOKE COLLEGE,VA,241533794,Private-Nonprofit,783,912,3314654,1612,3306139,1066,1186,4079156,2175,4060171,7,7,97882,14,97882,237,262,4020542,465,4020542,1,1,16000,1,16000
373700,SHENANDOAH UNIVERSITY,VA,226015195,Private-Nonprofit,894,940,3793689,1717,3754160,1180,1250,4907117,2293,4836620,877,967,17864923,1912,17107029,364,416,8623394,715,8623394,375,754,10715308,866,10699840
373800,SOUTHERN VIRGINIA UNIVERSITY,VA,244163038,Private-Nonprofit,453,453,1777840,782,1755882,453,493,1773936,853,1757395,,,,,,72,76,982183,125,969915,,,,,
374200,SWEET BRIAR COLLEGE,VA,245959998,Private-Nonprofit,161,166,681956,311,681956,195,209,671694,391,671694,,,,,,51,60,701058,109,701058,,,,,
374300,UNION PRESBYTERIAN SEMINARY,VA,232274514,Private-Nonprofit,,,,,,,,,,,5,5,50156,10,50156,,,,,,,,,,
374400,UNIVERSITY OF RICHMOND,VA,231730001,Private-Nonprofit,535,548,2191851,1053,2191851,754,763,3301739,1482,3301739,283,295,5272528,555,5272528,134,150,4789385,262,4789385,174,180,5483553,351,5483553
374500,UNIVERSITY OF VIRGINIA,VA,229032600,Public,2089,2213,8250297,4203,8211489,2404,2530,10421654,4854,10373492,1972,2338,41274577,3953,41077094,575,631,17379069,1148,17350183,1238,2130,46752550,3320,46752550
374600,UNIVERSITY OF MARY WASHINGTON,VA,224015358,Public,729,741,3065149,1351,3026899,972,1013,4351752,1880,4311903,40,41,625096,70,604596,211,236,3491557,409,3491557,2,2,30813,4,30813
374700,UNIVERSITY OF VIRGINIA'S COLLEGE AT WISE (THE),VA,242934412,Public,259,336,755106,431,723986,326,403,1211779,551,1162908,10,16,82986,18,63625,45,53,513368,85,501835,,,,,
374900,GEORGE MASON UNIVERSITY,VA,220304444,Public,6247,6420,26262526,11331,26240695,6249,6403,26227014,11428,26202264,2694,2787,45388811,5062,44379674,1235,1515,25801709,2478,25718663,568,770,16207518,1210,16008411
375300,VIRGINIA MILITARY INSTITUTE,VA,244502138,Public,389,389,1620079,752,1620079,500,500,1791977,960,1788227,,,,,,82,89,1836452,153,1836452,,,,,
375400,VIRGINIA POLYTECHNIC INSTITUTE & STATE UNIVERSITY,VA,240612000,Public,6257,7280,27574089,13454,27574089,8398,9108,34687390,17016,34687390,1252,1472,32595300,2382,32595300,2250,2609,63465560,4540,63465560,357,472,9314681,718,9314681
375800,DANVILLE COMMUNITY COLLEGE,VA,245414004,Public,71,74,234505,133,223980,90,103,343921,181,327652,,,,,,,,,,,,,,,
375900,J SARGEANT REYNOLDS COMMUNITY COLLEGE,VA,232285622,Public,341,370,1060520,702,1052456,383,436,1526860,816,1507538,,,,,,13,14,88104,27,88104,,,,,
376000,VIRGINIA WESTERN COMMUNITY COLLEGE,VA,240154700,Public,287,300,960681,451,958431,300,327,1249726,486,1249726,,,,,,7,7,51185,12,51185,,,,,
376100,WYTHEVILLE COMMUNITY COLLEGE,VA,243823308,Public,59,62,203780,118,203780,59,70,218077,131,218077,,,,,,,,,,,,,,,
376200,VIRGINIA UNIVERSITY OF LYNCHBURG,VA,245016400,Private-Nonprofit,111,111,364608,189,338443,111,111,374894,191,343778,506,512,8139612,1078,7531511,18,18,176529,32,176529,87,91,1407401,205,1324141
376400,VIRGINIA STATE UNIVERSITY,VA,238060001,Public,2828,2843,11068256,5304,10677945,2862,3794,9164562,7050,8865497,358,372,6504734,693,6209856,730,781,13818559,1506,13459991,73,86,1066609,171,1066609
376500,NORFOLK STATE UNIVERSITY,VA,235048000,Public,3096,3351,11049861,6270,11028238,3065,3553,9814033,6643,9787726,438,481,6215207,853,6198436,572,665,10369314,1277,10284774,52,58,523502,94,523502
376600,VIRGINIA UNION UNIVERSITY,VA,232201711,Private-Nonprofit,950,986,3800064,1707,3614141,954,1056,3638008,1841,3462884,477,503,8820390,831,8456984,150,152,2510308,273,2363594,52,57,790463,91,773672
376700,VIRGINIA WESLEYAN UNIVERSITY,VA,234550000,Private-Nonprofit,614,616,2436758,1149,2393317,721,807,2843667,1488,2772572,42,42,701466,86,557973,239,242,3497514,473,3474443,1,1,9995,1,9995
376800,WASHINGTON AND LEE UNIVERSITY,VA,244500303,Private-Nonprofit,81,82,299041,163,299041,225,226,1238653,449,1238653,213,215,4261451,423,4261451,100,101,3541977,197,3541977,165,170,4329349,337,4329349
376900,BELLEVUE COLLEGE,WA,980076484,Public,371,428,1216348,771,1216348,370,440,1695002,813,1695002,,,,,,21,29,384477,60,384477,,,,,
377000,BIG BEND COMMUNITY COLLEGE,WA,988373299,Public,87,94,290069,206,290069,91,99,356235,227,356235,,,,,,14,17,307458,41,307458,,,,,
377100,CENTRAL WASHINGTON UNIVERSITY,WA,989267501,Public,2222,2275,8969078,5950,8953743,2388,2536,10308397,6590,10285540,232,240,3568716,551,3561882,855,885,15548392,2413,15548392,23,27,456814,65,456814
377300,CLARK COLLEGE,WA,986633598,Public,998,1101,3021551,2337,3021551,905,1000,3587572,2134,3587572,,,,,,8,10,88151,24,88151,,,,,
377400,COLUMBIA BASIN COLLEGE,WA,993013379,Public,274,306,960101,627,942916,308,342,1382447,702,1356069,,,,,,8,8,110260,19,110260,,,,,
377500,EASTERN WASHINGTON UNIVERSITY,WA,990042444,Public,2037,2251,7828855,5257,7828855,2011,2206,8019765,5147,8017165,1826,2219,26830165,4614,24102752,136,164,1764685,368,1764685,187,296,2941856,452,2887861
377600,EVERETT COMMUNITY COLLEGE,WA,982011352,Public,246,280,792209,633,792209,248,291,985236,643,985236,,,,,,7,7,86799,17,86799,,,,,
377700,HERITAGE UNIVERSITY,WA,989489562,Private-Nonprofit,265,265,1072586,447,1017211,211,211,1023667,356,967681,54,54,1016326,119,965587,,,,,,19,19,286003,36,260995
377800,GONZAGA UNIVERSITY,WA,992580083,Private-Nonprofit,1102,1190,4863452,2219,4863452,1524,1595,6360885,3039,6360885,1271,1402,22102538,2711,21701587,406,449,12114058,825,12114058,512,675,13801288,1245,13621214
377900,GRAYS HARBOR COLLEGE,WA,985207599,Public,99,108,309530,251,307201,90,93,316094,214,314594,,,,,,,,,,,,,,,
378000,GREEN RIVER COLLEGE,WA,980923622,Public,420,454,1344353,1045,1344353,479,515,2201860,1153,2201860,,,,,,11,13,250458,27,250458,,,,,
378100,HIGHLINE COLLEGE,WA,981989800,Public,166,176,532675,391,509351,174,183,722850,392,687615,,,,,,,,,,,,,,,
378200,LOWER COLUMBIA COLLEGE,WA,986320310,Public,347,382,965314,889,965314,390,431,1607424,996,1607424,,,,,,5,5,67603,14,67603,,,,,
378300,NORTHWEST UNIVERSITY,WA,980337523,Private-Nonprofit,507,532,2048555,945,2034805,556,571,2317246,1032,2296247,260,274,5571123,675,5563998,46,54,749955,89,749955,64,74,2399763,175,2399763
378400,OLYMPIC COLLEGE,WA,983371600,Public,415,438,1378025,1000,1364900,452,494,1992281,1099,1954764,,,,,,5,6,97070,20,97070,,,,,
378500,PACIFIC LUTHERAN UNIVERSITY,WA,984470003,Private-Nonprofit,835,883,3768244,1521,3478200,889,957,3853558,1672,3512977,252,348,5191572,428,4138265,243,254,4732317,458,4576905,66,95,1292336,122,1131172
378600,PENINSULA COLLEGE,WA,983626660,Public,185,210,574517,447,569100,178,208,743477,455,743477,,,,,,2,2,26000,4,26000,,,,,
378700,SEATTLE CENTRAL COLLEGE,WA,981222413,Public,500,545,1465070,1128,1448656,470,518,1946168,1058,1919252,,,,,,,,,,,,,,,
378800,SEATTLE PACIFIC UNIVERSITY,WA,981191997,Private-Nonprofit,651,661,2804683,1766,2742850,773,787,2717377,2070,2689174,113,138,2710900,229,1460332,197,203,3886165,509,3827349,45,55,1301673,100,784325
379000,SEATTLE UNIVERSITY,WA,981221090,Private-Nonprofit,1369,1414,5794727,3893,5785902,1639,1711,6015844,4680,6012011,1166,1553,29128361,2649,19049329,393,428,11330027,1109,11330027,665,1110,27246415,1714,21833402
379100,SHORELINE COMMUNITY COLLEGE,WA,981335696,Public,155,166,495729,353,495729,190,210,832270,433,832270,,,,,,9,9,147633,25,147633,,,,,
379200,SKAGIT VALLEY COLLEGE,WA,982735899,Public,207,214,672265,542,672265,228,237,1051313,588,1051313,,,,,,9,9,147339,25,147339,,,,,
379300,SPOKANE COMMUNITY COLLEGE,WA,992075399,Public,1913,2004,5431277,4565,5430765,1790,1893,7308092,4270,7308092,,,,,,8,9,135378,22,135378,,,,,
379400,SAINT MARTIN'S UNIVERSITY,WA,985037500,Private-Nonprofit,405,416,1675848,737,1675848,433,455,1724835,809,1722085,62,62,1109659,111,1109659,75,84,1517432,144,1517432,13,17,152827,25,152827
379600,TACOMA COMMUNITY COLLEGE,WA,984666100,Public,984,1039,3081550,2248,3049721,891,962,3831832,2019,3731912,,,,,,3,3,52328,8,52328,,,,,
379700,UNIVERSITY OF PUGET SOUND,WA,984160001,Private-Nonprofit,440,449,1828150,838,1828150,530,543,1928777,1018,1928777,136,140,2395500,252,2395500,132,145,3826777,248,3826777,117,172,4086560,263,4086560
379800,UNIVERSITY OF WASHINGTON - SEATTLE,WA,981951122,Public,5079,5082,19881732,13655,19878130,5691,5692,23898825,15313,23895659,3473,3485,72380578,9975,72380578,1363,1454,39790653,3915,39785852,2707,4002,66448448,9040,66437683
379900,WALLA WALLA UNIVERSITY,WA,993241198,Private-Nonprofit,419,441,1647616,1122,1647616,533,562,2092005,1434,2092005,60,67,1132442,176,1122608,41,57,791691,115,791691,31,43,734810,95,734810
380000,WASHINGTON STATE UNIVERSITY,WA,991641035,Public,4918,5191,20437103,9087,20250300,5507,5904,24774599,10255,24486287,1458,1807,38503563,3260,38371935,1973,2135,43289989,3821,42947350,838,1210,15013791,2129,14959640
380100,WENATCHEE VALLEY COLLEGE,WA,988011799,Public,146,154,431003,367,431003,134,141,548510,331,548510,,,,,,3,3,39516,8,39516,,,,,
380200,WESTERN WASHINGTON UNIVERSITY,WA,982255946,Public,2799,2835,11368732,7524,11365565,3264,3326,12851206,8765,12848706,209,210,3208403,560,3208403,701,746,13558130,2057,13543294,28,31,395885,80,393376
380300,WHITMAN COLLEGE,WA,993622067,Private-Nonprofit,343,344,1367492,640,1352935,395,399,1487937,752,1475326,,,,,,54,66,1371966,98,1371966,,,,,
380400,WHITWORTH UNIVERSITY,WA,992510001,Private-Nonprofit,836,854,3490648,1642,3490648,1023,1035,3919353,1986,3919353,232,290,4761722,515,4235940,196,206,4211086,371,4211086,56,79,1993295,130,1437010
380500,YAKIMA VALLEY COLLEGE,WA,989072520,Public,272,305,842979,655,827510,260,288,1084360,633,1069407,,,,,,,,,,,,,,,
380800,BETHANY COLLEGE,WV,260320417,Private-Nonprofit,374,420,1381800,770,1381800,454,535,1608087,976,1608087,1,1,16180,2,16180,141,150,1444483,283,1444483,,,,,
380900,BLUEFIELD STATE UNIVERSITY,WV,247012198,Public,468,486,1834686,849,1801552,478,502,1959972,900,1936937,10,11,147961,19,147961,68,91,791118,128,791118,,,,,
381000,CONCORD UNIVERSITY,WV,247120000,Public,560,603,1905720,1094,1903091,592,662,2258539,1195,2255869,204,320,2951919,607,2921391,88,106,1125893,199,1125893,13,17,116372,33,112103
381100,DAVIS & ELKINS COLLEGE,WV,262413996,Private-Nonprofit,318,323,1252050,578,1214726,399,405,1613593,734,1569353,,,,,,47,60,552274,85,552274,,,,,
381200,FAIRMONT STATE UNIVERSITY,WV,265542470,Public,772,791,2797422,1302,2647712,943,972,4078952,1661,3903907,100,128,1443420,188,1434252,131,147,1603982,236,1589217,11,14,114440,18,114440
381300,GLENVILLE STATE UNIVERSITY,WV,263511200,Public,350,379,1236347,678,1230927,384,420,1294107,760,1292107,31,42,304534,80,304534,35,45,319507,82,319507,2,2,14722,3,14722
381500,MARSHALL UNIVERSITY,WV,257553300,Public,2320,2504,8716514,4133,8716514,2595,2953,10710220,4900,10710220,1666,2217,32738351,3359,32717851,327,385,4202801,623,4202801,851,1217,13866016,1790,13847520
381600,SOUTHERN WEST VIRGINIA COMMUNITY AND TECHNICAL COLLEGE,WV,256013542,Public,184,191,665831,325,588056,187,194,874740,336,775640,,,,,,,,,,,,,,,
381800,UNIVERSITY OF CHARLESTON,WV,253041099,Private-Nonprofit,612,869,2051822,1219,2020442,798,1146,3508198,1618,3432829,290,499,6618192,755,5660634,87,93,1175704,156,1172686,116,177,4064290,287,3264841
382000,SALEM UNIVERSITY,WV,264260500,Proprietary,819,980,3217415,1616,2798126,784,939,3999296,1546,3466973,129,152,2131033,276,1893387,41,43,467007,99,462995,7,8,127682,11,82572
382200,SHEPHERD UNIVERSITY,WV,254435000,Public,578,996,2011618,998,2011618,938,1662,4283308,1666,4283308,65,109,867031,114,867031,183,201,2267528,330,2267528,1,1,5000,1,5000
382300,WEST LIBERTY UNIVERSITY,WV,260740295,Public,641,664,2471371,1185,2468621,752,839,2772215,1511,2771465,182,229,2882106,390,2680210,142,169,2005730,282,2002492,43,53,1361998,104,1069449
382600,WEST VIRGINIA STATE UNIVERSITY,WV,251120000,Public,518,528,1791619,936,1791619,510,548,1921895,976,1921895,54,65,670253,122,670253,122,122,1312220,212,1312220,17,20,200861,36,200861
382700,WEST VIRGINIA UNIVERSITY,WV,265066201,Public,5870,6736,24479884,11554,24479884,7718,8058,29195161,14126,29195161,2368,2899,51336051,4704,51320801,1718,2085,41948154,3423,41901432,877,1340,23487474,1794,23487474
382800,WEST VIRGINIA UNIVERSITY PARKERSBURG,WV,261019577,Public,448,474,1745340,846,1616019,424,461,2165851,827,1994490,,,,,,4,4,34484,8,34484,,,,,
383000,WEST VIRGINIA WESLEYAN COLLEGE,WV,262012600,Private-Nonprofit,454,454,1688401,826,1668651,551,588,1882496,1078,1859496,63,63,804880,139,786477,105,107,1514966,203,1500214,6,6,57272,10,51361
383100,WHEELING UNIVERSITY,WV,260036243,Private-Nonprofit,218,223,799655,397,787928,316,321,1190696,584,1180838,70,83,1429999,103,776635,56,57,670903,99,670903,26,28,491020,31,176593
383200,ALVERNO COLLEGE,WI,532343922,Private-Nonprofit,325,345,1301385,566,1248592,341,366,1355366,599,1265320,410,569,8671786,788,7288984,15,21,251888,32,251888,188,271,5851582,347,4926554
383500,BELOIT COLLEGE,WI,535115595,Private-Nonprofit,374,374,1596495,712,1594745,440,454,1557326,864,1553576,,,,,,63,74,986508,122,986508,,,,,
383800,CARROLL UNIVERSITY,WI,531865593,Private-Nonprofit,1002,1136,4299468,2021,4222519,1287,1461,5259046,2567,5197790,270,315,5946613,381,2887832,167,171,3169101,316,3169101,140,154,5191710,172,2008481
383900,CARTHAGE COLLEGE,WI,531401994,Private-Nonprofit,1454,1653,6417020,2929,6379330,1579,1644,4732434,3025,4687078,54,65,909404,109,909404,342,361,6440593,674,6396634,6,6,80917,10,74943
384000,WESTERN TECHNICAL COLLEGE,WI,546010908,Public,1064,1200,3394937,1895,3377317,1006,1187,4035930,1887,4011536,,,,,,11,13,107075,22,107075,,,,,
384200,CONCORDIA UNIVERSITY,WI,530972402,Private-Nonprofit,1439,1449,5786282,2744,5637480,1708,1721,7131491,3244,6833660,1292,1360,24783051,2768,22760519,208,239,3984483,407,3946443,439,481,13519515,922,13098702
384800,EDGEWOOD COLLEGE,WI,537111958,Private-Nonprofit,485,504,2007226,902,2002643,630,657,2612546,1181,2610213,427,445,5725218,722,5725218,75,83,1246612,138,1246612,41,59,483888,87,483888
385400,LAKELAND UNIVERSITY,WI,530734878,Private-Nonprofit,645,672,2624188,1290,2576942,710,789,3137896,1463,3072400,192,212,3069977,408,3005063,67,72,1028243,130,1028243,11,12,161786,25,131726
385600,LAWRENCE UNIVERSITY,WI,549110000,Private-Nonprofit,461,485,1960673,1307,1960673,561,587,2196670,1633,2196670,,,,,,83,90,1555135,229,1555135,,,,,
386100,MARIAN UNIVERSITY,WI,549354699,Private-Nonprofit,463,517,2044678,885,1863018,536,608,2381042,1061,2163088,82,110,1661929,148,1212305,70,75,1040219,133,1024833,6,7,101927,10,81425
386300,MARQUETTE UNIVERSITY,WI,532330000,Private-Nonprofit,1890,2252,8281133,4100,8281133,2661,2873,10735751,5251,10735751,1933,2231,43235791,3837,43235791,957,1135,25225964,1996,25225964,1159,1663,38701740,2638,38701740
386600,MILWAUKEE AREA TECHNICAL COLLEGE,WI,532331443,Public,4400,4430,13558541,12780,11630834,4257,4325,19115192,12464,16378789,,,,,,16,16,147801,50,141051,,,,,
386800,MILWAUKEE SCHOOL OF ENGINEERING,WI,532023109,Private-Nonprofit,1043,1189,4482029,2164,4458152,1278,1506,5171605,2687,5141107,91,102,1603245,186,1603245,182,203,3979919,354,3979919,18,19,488943,36,488943
386900,MOUNT MARY UNIVERSITY,WI,532224597,Private-Nonprofit,400,401,1625467,712,1577655,368,377,1212970,659,1175542,186,193,2916190,319,2847697,27,32,361061,49,361061,31,38,308138,53,293624
387400,NASHOTAH HOUSE,WI,530589793,Private-Nonprofit,,,,,,,,,,,18,20,322714,32,283400,,,,,,1,1,6595,1,6595
387500,NORTHLAND COLLEGE,WI,548063999,Private-Nonprofit,154,157,664436,290,659436,168,182,571981,331,562582,,,,,,23,23,394709,43,394709,,,,,
388400,RIPON COLLEGE,WI,549710248,Private-Nonprofit,338,338,1436974,639,1436974,413,435,1559071,828,1559071,16,16,221200,24,221200,49,49,717999,94,717999,7,7,62296,14,62296
389200,ST NORBERT COLLEGE,WI,541152099,Private-Nonprofit,562,562,2441890,1066,2441890,783,802,3049857,1536,3049857,12,12,91106,18,91106,164,188,3513225,358,3513225,,,,,
389500,UNIVERSITY OF WISCONSIN - MADISON,WI,537061380,Public,3565,3714,14969989,6675,14955131,6254,6669,29635192,12383,29579798,2885,3232,69599617,5712,69389837,1130,1289,34275373,2243,34275373,825,1123,18609241,1798,18589346
389600,UNIVERSITY OF WISCONSIN - MILWAUKEE,WI,532113165,Public,5844,6160,22952712,10886,22747722,6712,7196,28630488,12719,28317117,1433,1615,22714415,2693,22712915,594,659,8182823,1146,8182823,183,247,2874083,339,2874083
389900,UNIVERSITY OF WISCONSIN - GREEN BAY,WI,543117001,Public,2072,2309,7502223,3820,7502223,2268,2655,10149559,4344,10149559,244,305,3360770,484,3360770,132,147,1369413,234,1369413,9,12,76876,24,76876
391100,VITERBO UNIVERSITY,WI,546014777,Private-Nonprofit,552,579,2326807,1039,2316563,624,680,2753601,1214,2729424,353,424,5570990,658,5519740,208,239,3625020,416,3625020,72,86,829355,109,829355
391500,UNIVERSITY OF WISCONSIN - STOUT,WI,547510790,Public,1755,1825,6818795,3259,6818795,2488,2626,10823524,4718,10823524,243,318,3579141,486,3579141,147,173,1651421,267,1651421,11,13,66803,14,66803
391700,UNIVERSITY OF WISCONSIN - EAU CLAIRE,WI,547024004,Public,2180,2304,8350021,4137,8348786,3308,3493,14855096,6326,14855096,194,217,2836225,373,2836225,174,190,1832256,332,1832256,5,7,34181,8,34181
391900,UNIVERSITY OF WISCONSIN - LACROSSE,WI,546013742,Public,1725,1903,6499151,3456,6497401,3347,3760,16486754,6871,16482848,512,753,6759271,1113,6743007,376,401,4440806,711,4440806,62,82,954007,128,954007
392000,UNIVERSITY OF WISCONSIN - OSHKOSH,WI,549018604,Public,1808,2014,6875280,3537,6875280,2339,2577,10149714,4574,10149714,345,423,4917056,684,4917056,410,437,4712767,774,4704257,82,103,1647010,175,1647010
392100,UNIVERSITY OF WISCONSIN - PLATTEVILLE,WI,538183099,Public,1592,1644,6153671,2992,6121141,2149,2231,9223762,4061,9142794,100,115,1366145,167,1312462,232,259,2799000,440,2791500,1,1,6732,1,6732
392300,UNIVERSITY OF WISCONSIN - RIVER FALLS,WI,540225013,Public,1160,1218,4325782,2193,4325782,1736,1831,7346540,3359,7346540,165,191,2648093,321,2648093,182,200,2122195,348,2122195,13,14,104077,21,104077
392400,UNIVERSITY OF WISCONSIN - STEVENS POINT,WI,544813897,Public,2315,2807,9320744,4705,8682501,2773,3261,12363796,5470,11602346,279,368,5334820,445,2803532,245,280,2946435,486,2912747,26,41,294453,53,187042
392500,UNIVERSITY OF WISCONSIN - SUPERIOR,WI,548802898,Public,620,688,2423162,1147,2423162,757,839,3596021,1355,3596021,546,842,7800386,1205,7800386,52,55,544494,97,544494,30,33,249098,36,249098
392600,UNIVERSITY OF WISCONSIN - WHITEWATER,WI,531901792,Public,2934,3105,10974718,5493,10966218,4001,4386,17235527,7809,17225277,574,659,8485716,1056,8485716,479,535,5889086,949,5884913,30,43,330571,60,330571
392800,CASPER COLLEGE,WY,826014612,Public,357,357,1037556,653,1020872,364,364,1544736,680,1518661,,,,,,5,5,46023,10,46023,,,,,
392900,EASTERN WYOMING COLLEGE,WY,822401603,Public,39,48,100897,61,75902,42,46,159574,55,119851,,,,,,2,2,8814,2,4603,,,,,
393000,NORTHERN WYOMING COMMUNITY COLLEGE DISTRICT,WY,828019133,Public,312,312,1029538,478,811670,295,295,1208630,465,934002,,,,,,3,3,29784,5,29784,,,,,
393100,NORTHWEST COLLEGE,WY,824351895,Public,95,99,297215,178,297065,105,109,394728,200,394478,,,,,,6,6,46131,11,46131,,,,,
393200,UNIVERSITY OF WYOMING,WY,820712000,Public,1462,1636,5565079,2673,5565079,1878,2095,8303413,3513,8303413,575,847,9911547,1215,9885755,235,263,4845243,459,4845243,177,261,3294363,448,3257838
393300,WESTERN WYOMING COMMUNITY COLLEGE,WY,829010428,Public,210,212,731297,333,650826,213,215,1021343,339,905852,,,,,,2,2,10638,4,10638,,,,,
393500,UNIVERSITY OF GUAM,GU,969230000,Public,214,215,869584,400,809325,152,155,560434,292,533202,64,65,783967,126,758217,18,18,169478,35,164478,,,,,
393600,PONTIFICAL CATHOLIC UNIVERSITY OF PUERTO RICO (THE),PR,007170655,Private-Nonprofit,1532,1561,6280534,3030,6277784,697,716,2784536,1383,2784536,1671,1792,26117806,3807,26117806,11,13,132999,25,132999,592,762,10381748,1538,10381748
393700,UNIVERSIDAD DEL SAGRADO CORAZON,PR,009148505,Private-Nonprofit,996,997,3410153,1768,3342819,661,661,3447626,1148,3355548,387,387,3622183,789,2639839,7,7,57500,13,57500,1,1,15000,3,15000
393900,INTER AMERICAN UNIVERSITY OF PUERTO RICO - AGUADILLA CAMPUS,PR,006052000,Private-Nonprofit,371,377,1254960,545,1254960,71,75,292970,114,292970,135,140,1023391,317,1023391,2,2,9113,3,9113,1,1,16580,1,16580
394000,INTER AMERICAN UNIVERSITY OF PUERTO RICO - METROPOLITAN CAMPUS,PR,009191293,Private-Nonprofit,426,435,1620916,693,1620916,235,239,1124519,389,1124519,975,1082,10739310,2164,10733310,8,10,58177,14,58177,42,44,569506,76,569506
394100,UNIVERSIDAD ANA G. MÉNDEZ - CAROLINA CAMPUS,PR,009832010,Private-Nonprofit,1237,1889,4267170,1893,4267170,775,1212,3387103,1217,3387103,599,1210,8562459,1213,8562459,13,16,274353,20,274353,27,45,463469,47,452044
394300,UNIVERSITY OF PUERTO RICO - HUMACAO,PR,007914300,Public,67,67,293950,112,288950,13,13,39500,22,39500,,,,,,,,,,,,,,,
394400,UNIVERSITY OF PUERTO RICO - MAYAGUEZ,PR,006800000,Public,712,757,3267159,1103,3267159,103,108,422414,157,422414,117,127,1057525,187,1057525,2,2,22000,2,22000,,,,,
394600,UNIVERSITY OF THE VIRGIN ISLANDS,VI,008026025,Public,169,171,591826,421,585576,147,149,584874,364,575124,50,55,844177,157,837878,12,12,176037,26,176037,6,7,88645,13,85145
394700,"UNIVERSITY OF CALIFORNIA COLLEGE OF THE LAW, SAN FRANCISCO",CA,941024978,Public,,,,,,,,,,,716,752,14217557,1420,14207307,,,,,,616,1036,26800422,1813,26774888
395400,UNIVERSITY OF CENTRAL FLORIDA,FL,328160001,Public,9117,16369,38082424,16433,38082424,9507,17394,45377125,17459,45377125,2919,5874,49240235,5942,49240235,801,931,12160575,1519,12135186,240,340,2758404,451,2756689
395500,UNIVERSITY OF WEST FLORIDA (THE),FL,325145750,Public,1846,1850,7579224,3157,7233601,1897,1899,8883661,3247,8475965,2338,2359,36054461,4190,34420750,115,135,1863728,217,1705434,200,222,2569435,321,2414049
395600,DALTON STATE COLLEGE,GA,307203797,Public,587,617,1987199,1154,1943348,509,550,2082286,1002,2024832,,,,,,11,11,70023,21,70023,,,,,
396100,HARPER COLLEGE,IL,600677398,Public,264,277,875612,486,847606,284,302,1143553,537,1111938,,,,,,5,5,35484,9,35484,,,,,
396600,BOSTON ARCHITECTURAL COLLEGE,MA,021152795,Private-Nonprofit,98,98,454338,179,436338,106,106,462702,194,438164,231,231,3979398,409,3952451,27,29,729649,54,722361,88,94,1556224,171,1556224
396900,UNIVERSITY OF MINNESOTA - TWIN CITIES,MN,554550422,Public,7067,7520,28709401,14003,28706651,9872,10172,42416403,19009,42406153,4180,6076,108975728,9416,108975728,1258,1482,26906227,2572,26906227,2512,4014,63461790,6128,63461790
397900,"TEACHERS COLLEGE, COLUMBIA UNIVERSITY",NY,100276696,Private-Nonprofit,,,,,,,,,,,1108,1177,20451429,2078,19803615,,,,,,834,1403,31191788,2128,29337767
398100,UNIVERSITY OF NORTH CAROLINA SCHOOL OF THE ARTS,NC,271272188,Public,325,329,1438987,652,1438987,357,377,1244051,747,1244051,86,87,1622199,172,1622199,106,112,2444321,221,2444321,29,31,455758,61,455758
398200,CLEVELAND INSTITUTE OF ART (THE),OH,441064387,Private-Nonprofit,381,390,1686855,747,1680105,400,452,1352078,873,1350078,,,,,,127,130,3195417,249,3195417,,,,,
398500,ORAL ROBERTS UNIVERSITY,OK,741710001,Private-Nonprofit,1698,2080,6892692,3856,6702249,1763,2247,7238534,4157,7000947,392,710,5701681,1126,5244050,644,696,9216573,1278,9145339,25,37,317693,57,285259
398600,DESALES UNIVERSITY,PA,180349568,Private-Nonprofit,1036,1037,4289820,1911,4181251,1354,1368,5623037,2529,5471916,393,551,7895531,917,6972474,286,288,5680639,532,5680639,76,98,1867320,150,1385677
398700,LA ROCHE UNIVERSITY,PA,152375898,Private-Nonprofit,373,389,1596025,697,1564895,422,459,1480594,831,1449845,263,457,5430288,564,5355120,94,111,1440194,177,1440194,202,426,6901282,448,6901282
398800,NEUMANN UNIVERSITY,PA,190141298,Private-Nonprofit,948,980,3754781,1765,3754781,1112,1120,4046181,2049,4046181,322,328,5447690,659,5440856,307,332,5455740,600,5455740,68,87,1288076,157,1288076
399000,FLORENCE - DARLINGTON TECHNICAL COLLEGE,SC,295011251,Public,547,559,1641883,998,1620425,498,519,1801980,944,1776260,,,,,,14,14,95851,28,95851,,,,,
399100,GREENVILLE TECHNICAL COLLEGE,SC,296072439,Public,1031,1055,3470260,1799,3121360,1009,1047,4828414,1751,4261679,,,,,,11,13,94319,23,94319,,,,,
399200,PIEDMONT TECHNICAL COLLEGE,SC,296481467,Public,1556,1597,5015931,2671,4812584,1443,1494,6494161,2484,6201673,,,,,,6,9,64142,15,58259,,,,,
399300,MIDLANDS TECHNICAL COLLEGE,SC,291702199,Public,1428,1606,4280485,2799,4278913,760,1014,2431996,1928,2431996,,,,,,78,87,1079402,164,1069987,,,,,
399400,SPARTANBURG COMMUNITY COLLEGE,SC,293030000,Public,299,299,889039,614,888214,285,285,967591,618,967591,,,,,,,,,,,,,,,
399500,CENTRAL CAROLINA TECHNICAL COLLEGE,SC,291502499,Public,191,226,666455,417,638426,192,283,786151,499,731697,,,,,,,,,,,,,,,
399600,YORK TECHNICAL COLLEGE,SC,297303395,Public,474,474,1550019,749,1343629,183,183,757910,304,684235,,,,,,,,,,,,,,,
399800,CHATTANOOGA STATE COMMUNITY COLLEGE,TN,374061097,Public,1414,1480,4823434,2261,4195617,1296,1336,6029402,2052,5267900,,,,,,6,6,48924,9,48924,,,,,
399900,CLEVELAND STATE COMMUNITY COLLEGE,TN,373122858,Public,214,226,701836,338,633446,208,215,874982,324,796873,,,,,,1,1,12000,2,12000,,,,,
400300,CENTRAL TEXAS COLLEGE DISTRICT,TX,765404199,Public,1835,1836,5286656,5667,5273031,1702,1702,7121494,5214,7076244,,,,,,7,7,54037,24,50659,,,,,
400400,BRIGHTPOINT COMMUNITY COLLEGE,VA,238315316,Public,239,247,694313,324,694313,291,317,1194225,434,1194225,,,,,,13,13,85410,19,85410,,,,,
400700,MADISON AREA TECHNICAL COLLEGE,WI,537042599,Public,2071,2131,6915581,3398,6901631,1747,1831,7206374,2902,7190374,,,,,,13,17,172935,27,172935,,,,,
401200,HEBREW UNIVERSITY OF JERUSALEM (THE),,91905,Foreign-Private,,,,,,,,,,,8,8,163500,16,163500,,,,,,3,3,65320,6,65320
402400,GEORGIA NORTHWESTERN TECHNICAL COLLEGE,GA,301616757,Public,231,231,757909,1053,686313,217,217,975094,1060,880578,,,,,,,,,,,,,,,
402700,UTAH VALLEY UNIVERSITY,UT,840585999,Public,4729,5125,17437311,7873,17435561,4581,5025,21205541,7611,21204541,468,547,7270402,953,7088334,60,72,898087,108,898087,69,89,1540229,157,1515644
403300,ASHEVILLE BUNCOMBE TECHNICAL COMMUNITY COLLEGE,NC,288014897,Public,311,311,1047971,2010,978605,317,317,1554434,2069,1458390,,,,,,3,3,72783,20,47267,,,,,
405400,HEBREW UNION COLLEGE - JEWISH INSTITUTE OF RELIGION,NY,100121186,Private-Nonprofit,,,,,,,,,,,51,51,897235,103,883568,,,,,,33,35,715416,69,688924
405600,KAIROS UNIVERSITY,SD,571052729,Private-Nonprofit,,,,,,,,,,,52,82,392909,82,392909,,,,,,,,,,
405700,NATIONAL AMERICAN UNIVERSITY,SD,577020823,Proprietary,671,812,2355869,1523,1770617,655,787,3244559,1492,2430182,88,112,1506131,217,1232755,3,4,31675,9,25135,,,,,
405800,GRATZ COLLEGE,PA,190273097,Private-Nonprofit,4,4,20000,8,20000,4,4,15500,7,10750,69,70,1098279,117,736008,,,,,,,,,,
406200,PITT COMMUNITY COLLEGE,NC,285900000,Public,922,957,3157910,1702,2831011,957,1010,4013086,1800,3591625,,,,,,18,19,223365,35,196090,,,,,
406900,UNIVERSITY OF MINNESOTA - CROOKSTON,MN,567165001,Public,412,448,1431481,731,1430681,581,654,3095571,1079,3083071,,,,,,20,22,190502,38,190502,,,,,
407100,WALSH COLLEGE OF ACCOUNTANCY & BUSINESS ADMINISTRATION,MI,480835066,Private-Nonprofit,261,406,1091763,616,1091763,242,376,1247332,563,1247332,326,489,4708408,865,4708408,5,8,52708,13,52708,29,46,494791,77,494791
407200,NORTHWOOD UNIVERSITY,MI,486402398,Private-Nonprofit,704,822,3072546,1375,3053046,902,1081,4804170,1808,4781170,168,281,3810487,418,3810487,128,149,2325574,258,2325574,27,36,443894,70,443894
407500,EASTERN IOWA COMMUNITY COLLEGE DISTRICT,IA,528011419,Public,1369,1459,4284991,2582,4279119,1289,1395,5547544,2488,5533635,,,,,,8,8,55601,16,55601,,,,,
407600,KIRKWOOD COMMUNITY COLLEGE,IA,524062068,Public,2287,2370,6877201,3941,6607860,2289,2427,8858431,4114,8569700,,,,,,66,74,534539,133,526919,,,,,
408000,STARR KING SCHOOL FOR THE MINISTRY,CA,946122624,Private-Nonprofit,,,,,,,,,,,39,39,691079,76,691079,,,,,,10,10,347754,22,347754
411700,GRADY HEALTH SYSTEM,GA,303033050,Public,30,30,112100,80,109100,34,34,196923,92,192923,,,,,,1,1,8000,2,8000,,,,,
423300,SAINT LUKE'S METHODIST HOSPITAL SCHOOL OF RADIOLOGIC TECHNOLOGY,IA,524025098,Private-Nonprofit,7,10,36883,22,26794,6,10,43885,21,31408,,,,,,,,,,,,,,,
445200,MONTGOMERY COUNTY COMMUNITY COLLEGE,PA,194226300,Public,1912,1946,5939083,3197,5644064,1985,2022,8374641,3317,7816062,,,,,,22,23,190449,43,187141,,,,,
445300,DALLAS COLLEGE,TX,752023604,Public,4233,4328,13890920,7503,13735530,3681,3826,15135078,6613,14943527,,,,,,,,,,,,,,,
448000,DE ANZA COMMUNITY COLLEGE,CA,950145793,Public,498,501,1669171,1200,1354660,444,448,2129639,1072,1695630,,,,,,9,10,137750,25,132750,,,,,
448100,OHLONE COLLEGE,CA,945395847,Public,34,36,116467,111,116467,30,31,140059,97,140059,,,,,,,,,,,,,,,
450200,CITY COLLEGE OF SAN FRANCISCO,CA,941121821,Public,204,214,674890,393,674468,197,212,1014388,391,1001564,,,,,,,,,,,,,,,
450600,COLORADO MOUNTAIN COLLEGE,CO,816010000,Public,431,452,1442904,772,1423528,229,257,853463,448,819734,,,,,,31,37,450357,69,444179,,,,,
450800,UNIVERSITY OF COLORADO DENVER,CO,802042029,Public,2502,2646,10265397,4362,10238475,2538,2744,12707534,4523,12670857,3475,4770,78722037,7527,78567787,287,355,5819144,602,5819144,1833,3024,45370691,4449,45261724
450900,UNIVERSITY OF COLORADO COLORADO SPRINGS,CO,809183735,Public,2365,2476,9505166,4282,9505166,2618,2781,11669446,4846,11665696,795,919,12421447,1517,12421447,459,591,9406284,906,9406284,163,233,2166259,285,2166259
454900,LEEWARD COMMUNITY COLLEGE,HI,967823393,Public,228,256,732958,473,723771,222,249,982187,460,972931,,,,,,6,6,55785,12,55785,,,,,
456000,GEM CITY COLLEGE,IL,623014949,Proprietary,18,23,73617,46,73617,23,31,92648,60,90216,,,,,,3,3,39756,6,39756,,,,,
457900,INTERNATIONAL BUSINESS COLLEGE,IN,462563954,Proprietary,141,163,569774,267,493582,172,284,697156,438,623504,,,,,,69,83,638378,124,585293,,,,,
458600,PURDUE UNIVERSITY GLOBAL,IN,479061332,Public,16627,22458,69880757,41164,55163726,18298,24659,117429272,45087,91781328,10867,15134,187806773,29728,149356233,181,214,1571718,445,1340847,399,489,6282586,984,4918193
458700,NORTHEAST IOWA COMMUNITY COLLEGE,IA,521320400,Public,470,513,1412751,755,1404178,455,520,1823137,749,1813887,,,,,,4,4,42803,7,42803,,,,,
459500,HAWKEYE COMMUNITY COLLEGE,IA,507048015,Public,1025,1110,3156345,1920,3081377,1073,1162,4273088,2054,4206056,,,,,,20,21,135939,39,135939,,,,,
459800,IOWA WESTERN COMMUNITY COLLEGE,IA,515030567,Public,1019,1073,3198844,1901,3197094,1135,1230,4413416,2177,4413416,,,,,,104,115,748973,209,748973,,,,,
460000,NORTHWEST IOWA COMMUNITY COLLEGE,IA,512011046,Public,192,198,562272,371,558332,238,335,876329,620,865275,,,,,,12,15,127898,28,127898,,,,,
460800,BARTON COUNTY COMMUNITY COLLEGE,KS,675309283,Public,385,386,1170327,668,1154581,366,366,1454589,651,1425887,,,,,,7,7,36530,11,36530,,,,,
461900,SULLIVAN UNIVERSITY,KY,402053031,Proprietary,1701,1894,4847132,3089,3683784,1593,1752,6874434,2852,5072602,299,400,9125566,929,8057336,66,79,809939,152,719371,211,324,8740898,802,7794890
462100,AYERS CAREER COLLEGE,LA,711085845,Proprietary,221,223,720435,333,556519,215,216,723758,284,534169,,,,,,1,1,6844,2,6844,,,,,
462500,DELGADO COMMUNITY COLLEGE,LA,701194399,Public,7447,7492,24225245,12413,22178382,7160,7380,29186069,12140,26367115,,,,,,21,21,85441,33,81751,,,,,
464100,DUNWOODY COLLEGE OF TECHNOLOGY,MN,554031192,Private-Nonprofit,648,671,2440711,1174,2440711,724,739,3194921,1312,3194921,,,,,,65,80,1255734,122,1255734,,,,,
466100,HAMPSHIRE COLLEGE,MA,010023359,Private-Nonprofit,428,443,1614862,812,1611362,490,514,1504953,929,1497703,,,,,,81,85,1337893,148,1337893,,,,,
466900,UPPER CAPE COD REGIONAL TECHNICAL SCHOOL,MA,025323310,Public,32,32,98355,52,98355,33,33,179324,56,179324,,,,,,,,,,,,,,,
467300,BAKER COLLEGE,MI,488678956,Private-Nonprofit,1339,1586,5283777,2656,4701355,1409,1746,8283388,2929,7284468,239,287,4011042,546,3646370,16,22,175029,42,172754,20,25,257315,43,179154
469200,DORSEY COLLEGE,MI,480711871,Proprietary,2936,3451,8662276,6628,7042678,2949,3411,12979645,6506,10559810,,,,,,219,253,1436234,508,1223291,,,,,
470300,LOGAN UNIVERSITY,MO,630175529,Private-Nonprofit,166,207,624612,374,624445,155,184,776416,334,776416,831,1186,32072059,1869,27235106,5,7,104353,12,104353,562,975,14999153,1449,12715865
470700,COVENANT THEOLOGICAL SEMINARY,MO,631418609,Private-Nonprofit,,,,,,,,,,,62,68,874791,105,721694,,,,,,,,,,
471100,STATE TECHNICAL COLLEGE OF MISSOURI,MO,650519607,Public,609,619,2014879,1102,2007879,693,705,2404035,1262,2388035,,,,,,42,63,461281,70,461281,,,,,
471300,THREE RIVERS COLLEGE,MO,639012393,Public,289,289,941188,564,921410,280,280,1206976,559,1169228,,,,,,5,5,20123,12,20123,,,,,
473600,BERGEN COMMUNITY COLLEGE,NJ,076521595,Public,915,1104,2743250,1304,2556622,952,1170,3311057,1397,3070510,,,,,,24,25,281963,41,272878,,,,,
474000,MERCER COUNTY COMMUNITY COLLEGE,NJ,086900182,Public,717,720,2194771,1266,2194771,766,768,3026068,1335,3026068,,,,,,,,,,,,,,,
474200,CENTRAL NEW MEXICO COMMUNITY COLLEGE,NM,871064096,Public,1483,1483,5310281,2863,4004057,1249,1249,6446969,2426,4821924,,,,,,4,4,20773,7,13806,,,,,
474300,CLOVIS COMMUNITY COLLEGE,NM,881018381,Public,66,74,212959,193,189497,32,40,95306,97,84960,,,,,,,,,,,,,,,
475900,CUNY YORK COLLEGE,NY,114510001,Public,389,437,1559461,824,1500554,269,317,1049676,600,1021942,140,177,2368177,341,2333845,1,1,6286,2,6286,15,17,230979,34,230979
476500,CUNY GRADUATE SCHOOL & UNIVERSITY CENTER,NY,100164309,Public,384,416,1575011,798,1571011,354,426,1697668,818,1694668,892,1067,13562565,1997,13185946,,,,,,183,216,2749423,397,2712194
478800,HERKIMER COUNTY COMMUNITY COLLEGE - SUNY OFFICE OF COMMUNITY COLLEGES,NY,133501598,Public,536,554,1701527,1757,1566089,526,559,1928624,1801,1800803,,,,,,54,66,432782,203,420954,,,,,
479900,MONROE UNIVERSITY,NY,104684305,Proprietary,3424,4666,15818808,6857,13193066,3120,4750,13927501,6604,11725626,437,757,8021846,1068,6452135,189,235,1798584,350,1656742,4,4,18980,8,18980
483800,GUILFORD TECHNICAL COMMUNITY COLLEGE,NC,272820309,Public,3081,3111,10104048,13821,8518069,2864,2883,12942310,12606,10909062,,,,,,10,10,75826,42,72299,,,,,
484400,WAKE TECHNICAL COMMUNITY COLLEGE,NC,276035696,Public,3619,3696,11046545,5552,10477260,3409,3505,14578757,5323,13787233,,,,,,21,22,285896,37,255710,,,,,
484500,WILSON COMMUNITY COLLEGE,NC,278933310,Public,162,162,495657,258,451443,157,157,674188,256,629793,,,,,,,,,,,,,,,
485200,CLARK STATE COLLEGE,OH,455054795,Public,1739,1865,5178299,3285,5175549,1568,1976,4295779,3493,4295779,,,,,,7,9,80016,18,80016,,,,,
485500,DAVIS UNIVERSITY,OH,436042638,Proprietary,61,73,170847,121,126689,58,69,259423,117,189675,,,,,,,,,,,,,,,
486100,UNIVERSITY OF NORTHWESTERN OHIO,OH,458051498,Private-Nonprofit,1079,1313,3200015,4177,3200015,1433,2653,4275802,7814,4275802,21,32,402275,71,402275,278,358,3163853,1174,3163853,,,,,
486600,STAUTZENBERGER COLLEGE,OH,435374007,Proprietary,1806,2118,6063978,4056,5132269,1821,2149,8326674,4109,7012009,,,,,,22,30,238214,67,212379,,,,,
487800,CLACKAMAS COMMUNITY COLLEGE,OR,970457998,Public,694,714,2150587,1557,2031305,654,675,2956917,1495,2804041,,,,,,8,8,91592,22,89092,,,,,
488200,OREGON HEALTH & SCIENCE UNIVERSITY,OR,972393098,Public,462,521,2204660,1289,2023819,463,532,2903313,1275,2686933,1066,1527,48083529,4192,37979417,22,27,491790,68,456552,773,2036,41590944,4843,32274895
489000,CENTRAL PENN COLLEGE,PA,170251669,Proprietary,500,558,1711106,1105,1384664,572,654,2577433,1297,2033471,8,8,100471,18,100471,66,77,654832,158,547973,,,,,
489900,UPMC MERCY SCHOOL OF NURSING,PA,152195166,Private-Nonprofit,198,258,827961,389,680379,228,296,1436578,459,1198843,,,,,,6,6,111680,10,104080,,,,,
490200,PENN COMMERCIAL BUSINESS/TECHNICAL SCHOOL,PA,153012871,Proprietary,177,209,633783,365,525207,170,197,771705,335,630254,,,,,,25,28,212011,55,197622,,,,,
492000,TRIDENT TECHNICAL COLLEGE,SC,294064607,Public,2051,2126,6076893,3101,5783481,1745,2010,6296001,2889,5954792,,,,,,9,10,71083,15,57578,,,,,
492300,CLINTON COLLEGE,SC,297305152,Private-Nonprofit,210,228,748730,419,748730,209,263,850136,480,850136,,,,,,48,62,490528,113,483023,,,,,
492500,HORRY - GEORGETOWN TECHNICAL COLLEGE,SC,295269521,Public,1904,2178,5459357,3824,5398375,1805,1926,6794659,3345,6745390,,,,,,39,42,522016,79,522016,,,,,
492600,TRI-COUNTY TECHNICAL COLLEGE,SC,296709133,Public,465,507,1457718,815,1455468,577,641,2099939,1047,2093439,,,,,,150,169,2184524,282,2184524,,,,,
492700,UNIVERSITY OF SOUTH CAROLINA - UNION,SC,293790729,Public,78,81,283009,140,283009,93,100,394474,166,394474,,,,,,3,3,27554,6,27554,,,,,
493800,SOUTH COLLEGE,TN,379093323,Proprietary,12464,14616,44493947,27743,33236368,12593,14403,64793381,27294,47961185,3621,4485,83566788,8890,64774897,573,609,7473756,1198,5405088,1671,2096,86847970,4571,66579374
494900,BAYLOR COLLEGE OF MEDICINE,TX,770303498,Private-Nonprofit,,,,,,,,,,,615,615,18822044,1135,18822044,,,,,,259,259,7696437,448,7696437
495100,UNIVERSITY OF TEXAS HEALTH SCIENCE CENTER AT HOUSTON,TX,770305400,Public,178,258,1136626,371,771846,153,222,1202825,321,813561,1202,1555,43011977,2436,33536576,15,19,434850,27,269799,470,595,12793810,952,9258435
495200,UNIVERSITY OF TEXAS MEDICAL BRANCH AT GALVESTON,TX,775551305,Public,296,307,1477509,581,1461924,245,263,1240804,488,1233803,990,1013,24488927,2057,18323335,14,18,378315,31,378315,149,264,3229057,408,3108356
497200,GALVESTON COLLEGE,TX,775507447,Public,153,153,453994,280,444619,170,170,688473,313,668973,,,,,,2,2,23894,3,23894,,,,,
497700,SOUTH TEXAS COLLEGE OF LAW HOUSTON,TX,770027006,Private-Nonprofit,,,,,,,,,,,770,1155,16647292,1666,16620103,,,,,,684,1004,25263714,1609,25092691
498800,CENTRAL VIRGINIA COMMUNITY COLLEGE,VA,245022498,Public,114,125,364240,236,364240,131,156,545273,300,541554,,,,,,3,3,11231,6,11231,,,,,
499600,MOUNTAIN GATEWAY COMMUNITY COLLEGE,VA,244221000,Public,22,22,68778,37,68778,33,33,123351,59,123351,,,,,,,,,,,,,,,
499900,BELLINGHAM TECHNICAL COLLEGE,WA,982251599,Public,185,216,541965,440,541965,186,221,692207,441,692207,,,,,,5,5,70859,13,70859,,,,,
500000,PIERCE COLLEGE,WA,984981919,Public,1334,1398,3845699,3251,3810738,1232,1306,4913079,3033,4864828,,,,,,9,11,134078,27,134078,,,,,
500100,EDMONDS COLLEGE,WA,980365999,Public,312,334,994711,691,991461,327,348,1351581,727,1348581,,,,,,,,,,,,,,,
500600,WALLA WALLA COMMUNITY COLLEGE,WA,993629267,Public,370,378,1227257,1018,1223757,349,355,1597826,952,1588035,,,,,,7,7,92350,16,86016,,,,,
500700,WEST VIRGINIA JUNIOR COLLEGE,WV,265055596,Proprietary,606,642,2038989,1283,1541903,508,524,1989744,1078,1449612,,,,,,26,28,237096,66,203457,,,,,
501500,UNIVERSITY OF WISCONSIN - PARKSIDE,WI,531412000,Public,926,979,3387359,1667,3285946,979,1059,4352898,1817,4183088,335,443,4557783,663,4548613,54,58,638361,99,638361,4,5,38990,6,38990
501900,UNIVERSIDAD ADVENTISTA DE LAS ANTILLAS,PR,006800118,Private-Nonprofit,134,134,482762,211,482762,124,124,686539,220,686539,66,66,530425,153,530425,2,2,13200,4,13200,,,,,
502200,UNIVERSIDAD CENTRAL DE BAYAMÓN,PR,009601725,Private-Nonprofit,89,89,359607,172,359607,153,153,781818,404,779693,12,12,40375,28,40375,1,1,10000,2,10000,1,1,6186,3,6186
502600,INTER AMERICAN UNIVERSITY OF PUERTO RICO - ARECIBO CAMPUS,PR,006144050,Private-Nonprofit,359,367,1476073,620,1476073,77,79,328118,127,328118,134,138,1676309,323,1676309,,,,,,35,35,739245,95,739245
502700,INTER AMERICAN UNIVERSITY OF PUERTO RICO - BARRANQUITAS CAMPUS,PR,007940517,Private-Nonprofit,118,132,383987,182,383987,54,59,175546,77,175546,57,74,673140,107,673140,,,,,,,,,,
502800,INTER AMERICAN UNIVERSITY OF PUERTO RICO - BAYAMON CAMPUS,PR,009576257,Private-Nonprofit,464,536,1655684,719,1655684,117,133,446958,177,446958,21,23,130492,36,130492,50,59,1145599,61,1145599,,,,,
502900,INTER AMERICAN UNIVERSITY OF PUERTO RICO - PONCE CAMPUS,PR,007151602,Private-Nonprofit,453,473,1622221,691,1622221,129,142,434851,206,434851,332,341,2339870,578,2339870,3,3,21000,4,21000,,,,,
503400,AMERICAN UNIVERSITY IN CAIRO (THE),,11835,Foreign-Private,8,11,30788,17,30788,6,6,15712,10,15712,11,11,186181,20,186181,3,3,58614,5,58614,2,2,11147,3,7485
510200,SCHOOL OF DIAGNOSTIC IMAGING-CLEVELAND CLINIC HEALTH SYSTEM,OH,441191090,Private-Nonprofit,19,20,66709,38,65060,18,19,78153,36,77211,,,,,,1,2,62800,3,46900,,,,,
520400,BEAL UNIVERSITY,ME,044016896,Proprietary,500,627,1951025,916,1602776,498,620,2981482,903,2434379,7,11,200729,17,169979,1,1,15945,2,15945,,,,,
520800,COLLEGE OF WESTCHESTER (THE),NY,106061231,Proprietary,682,809,2769437,1692,2061710,648,764,2719735,1621,2018941,,,,,,22,30,179398,49,143993,,,,,
522000,SALT LAKE COMMUNITY COLLEGE,UT,841233145,Public,2158,2163,6261821,3413,6245071,2161,2165,8739672,3331,8703031,,,,,,7,7,32671,10,32671,,,,,
522300,NEW RIVER COMMUNITY COLLEGE,VA,240841127,Public,98,111,266345,201,263109,124,149,441770,273,431710,,,,,,8,9,81358,17,81358,,,,,
524400,BLUEGRASS COMMUNITY & TECHNICAL COLLEGE,KY,405060235,Public,1178,1269,3570827,2075,3361582,1602,1762,6752245,2909,6588180,,,,,,31,31,203503,54,202253,,,,,
524500,UNIVERSITY OF ARKANSAS COMMUNITY COLLEGE AT MORRILTON,AR,721109601,Public,404,461,1285880,821,1222244,321,410,1160975,721,1117464,,,,,,1,1,10565,2,10565,,,,,
525200,RIDGEWATER COLLEGE,MN,562012098,Public,656,708,2185087,1182,2155962,734,859,3050329,1414,3042480,,,,,,16,18,143871,30,143871,,,,,
525800,HAWAII COMMUNITY COLLEGE,HI,967204075,Public,145,150,502024,278,502024,134,137,640801,251,640801,,,,,,3,3,37131,5,37131,,,,,
526300,MINNESOTA WEST COMMUNITY AND TECHNICAL COLLEGE,MN,562411096,Public,371,429,1137781,759,1124528,412,538,1481723,942,1461487,,,,,,9,9,68462,17,68462,,,,,
526400,FLINT HILLS TECHNICAL COLLEGE,KS,668015999,Public,94,94,330096,157,324346,81,81,307223,139,304223,,,,,,3,3,58888,5,58888,,,,,
526500,FORT HAYS STATE UNIVERSITY- NORTH CENTRAL KANSAS TECHNICAL COLLEGE,KS,674200000,Public,164,164,566389,301,566389,174,174,620525,311,619525,,,,,,40,40,494658,75,494658,,,,,
526700,FORT HAYS STATE UNIVERSITY - NORTHWEST KANSAS TECHNICAL COLLEGE,KS,677353441,Public,105,107,403083,195,384583,101,105,304108,218,288614,,,,,,2,2,23368,4,23368,,,,,
527100,SOUTHCENTRAL KENTUCKY COMMUNITY AND TECHNICAL COLLEGE,KY,421013601,Public,435,474,1381372,841,1361502,439,543,1615478,958,1580991,,,,,,2,3,9750,5,9750,,,,,
527300,GATEWAY COMMUNITY AND TECHNICAL COLLEGE,KY,410422031,Public,590,656,1860533,1161,1829598,600,852,2374849,1494,2309542,,,,,,4,5,30375,8,28174,,,,,
527600,CENTRAL MAINE COMMUNITY COLLEGE,ME,042106498,Public,591,600,1732922,1040,1677543,587,612,2218080,1067,2136977,,,,,,2,2,5513,4,5513,,,,,
527700,EASTERN MAINE COMMUNITY COLLEGE,ME,044014280,Public,241,247,746587,441,734571,255,261,859388,476,847563,,,,,,7,7,41492,12,41492,,,,,
527900,GREATER LOWELL REGIONAL VOCATIONAL TECHNICAL SCHOOL,MA,018792214,Public,21,21,62662,33,55688,17,17,67339,26,59519,,,,,,,,,,,,,,,
528800,KIRKSVILLE AREA TECHNICAL CENTER,MO,635013977,Public,5,5,17500,8,14000,5,5,25700,8,21850,,,,,,,,,,,,,,,
528900,WAYNESVILLE CAREER CENTER,MO,655832131,Public,14,14,41332,23,39582,12,12,62980,21,61490,,,,,,,,,,,,,,,
529100,WHITE MOUNTAINS COMMUNITY COLLEGE,NH,035703799,Public,111,112,315272,197,313522,109,120,462462,220,459462,,,,,,2,3,21784,6,21784,,,,,
529400,WAUKESHA COUNTY TECHNICAL COLLEGE,WI,530724601,Public,533,533,1570741,1602,1562866,565,565,2228472,1738,2223747,,,,,,5,5,51079,20,51079,,,,,
530100,NORTHEAST WISCONSIN TECHNICAL COLLEGE,WI,543034999,Public,1120,1185,3468628,2038,3438556,1089,1152,4702344,1994,4670495,,,,,,2,2,16000,4,16000,,,,,
530400,CHIPPEWA VALLEY TECHNICAL COLLEGE,WI,547016162,Public,1163,1274,3816143,1877,3521129,1093,1232,4754528,1856,4482374,,,,,,8,8,64422,15,64422,,,,,
530600,BATES TECHNICAL COLLEGE,WA,984054895,Public,110,122,317238,236,270473,122,140,509960,271,419543,,,,,,4,4,46516,8,37060,,,,,
530900,LAKE AREA TECHNICAL COLLEGE,SD,572010730,Public,770,798,2512573,1552,2512573,812,849,2943960,1660,2943960,,,,,,43,46,567226,80,567226,,,,,
531000,PITTSBURGH INSTITUTE OF AERONAUTICS,PA,151222674,Private-Nonprofit,490,585,2064333,925,1779336,521,633,2068372,991,1786330,,,,,,75,83,1303276,140,1156246,,,,,
531300,NORTH CENTRAL STATE COLLEGE,OH,449061546,Public,321,324,902790,579,902790,378,382,1518997,694,1518997,,,,,,3,4,11488,6,11488,,,,,
531700,FORSYTH TECHNICAL COMMUNITY COLLEGE,NC,271035197,Public,2027,2031,6583498,3825,4910784,1766,1770,8339177,3369,6201979,,,,,,8,8,72137,16,53196,,,,,
532000,CAPE FEAR COMMUNITY COLLEGE,NC,284013910,Public,593,632,1954318,1137,1694942,614,656,2592303,1179,2232898,,,,,,33,33,353154,67,329354,,,,,
533000,FAYETTE COUNTY CAREER & TECHNICAL INSTITUTE,PA,154010122,Public,41,53,158574,83,126705,38,49,197462,81,155044,,,,,,,,,,,,,,,
533500,CENTRAL PENNSYLVANIA INSTITUTE OF SCIENCE AND TECHNOLOGY,PA,168238644,Public,95,106,327244,202,317284,88,97,328938,184,310864,,,,,,3,3,29000,5,29000,,,,,
533900,METRO TECHNOLOGY CENTERS SCHOOL DISTRICT #22,OK,731115240,Public,72,72,242105,136,233355,75,75,399468,142,386468,,,,,,,,,,,,,,,
536300,DENMARK TECHNICAL COLLEGE,SC,290420000,Public,333,338,974093,579,958843,330,375,1111823,649,1097573,,,,,,29,30,201850,52,199850,,,,,
536500,YORK COUNTY SCHOOL OF TECHNOLOGY,PA,174024696,Public,146,166,515658,291,485908,150,175,683204,300,638819,,,,,,12,12,87521,21,79343,,,,,
537200,SOUTH PUGET SOUND COMMUNITY COLLEGE,WA,985126292,Public,494,509,1403817,1173,1401190,448,461,1726047,1065,1706396,,,,,,,,,,,,,,,
537300,LAKE WASHINGTON INSTITUTE OF TECHNOLOGY,WA,980348505,Public,142,150,524526,343,519511,147,162,759912,367,756745,,,,,,1,1,8000,2,8000,,,,,
538000,MID-STATE TECHNICAL COLLEGE,WI,544945512,Public,160,168,356381,335,356381,73,86,252957,169,252957,,,,,,1,1,7000,1,7000,,,,,
538400,NICOLET AREA TECHNICAL COLLEGE,WI,545010518,Public,160,171,456379,462,426545,52,68,212739,177,210236,,,,,,,,,,,,,,,
538700,NORTHCENTRAL TECHNICAL COLLEGE,WI,544011899,Public,858,1053,3033853,2769,2687740,770,907,3782727,2418,3286989,,,,,,3,4,37751,12,28058,,,,,
538900,GATEWAY TECHNICAL COLLEGE,WI,531441690,Public,1310,2196,3837993,4377,3835073,1197,2014,4358225,4013,4354225,,,,,,2,3,10061,6,5306,,,,,
539000,BLACKHAWK TECHNICAL COLLEGE,WI,535475009,Public,678,697,1936053,1100,1795838,426,632,1584066,1171,1532548,,,,,,4,5,28795,10,28795,,,,,
539900,MONMOUTH COUNTY VOCATIONAL SCHOOL DISTRICT,NJ,077534473,Public,9,9,29166,18,29166,7,7,29754,14,29754,,,,,,1,1,5000,1,5000,,,,,
542400,SOUTHERN MISSOURI TECHNICAL INSTITUTE,MO,657753052,Public,30,31,88796,54,83546,26,27,123370,48,114370,,,,,,,,,,,,,,,
543800,SALINE COUNTY CAREER CENTER,MO,653401698,Public,20,29,68886,50,68886,20,30,117052,51,117052,,,,,,,,,,,,,,,
544800,DURHAM TECHNICAL COMMUNITY COLLEGE,NC,277035023,Public,399,425,1350033,774,1279910,372,437,1528220,797,1439659,,,,,,2,2,21295,4,21295,,,,,
545200,AVIATION INSTITUTE OF MAINTENANCE,NJ,076043015,Proprietary,771,1099,4318197,1827,3618871,792,1093,4772680,1809,4028990,,,,,,57,78,653609,131,557851,,,,,
546100,SALEM COMMUNITY COLLEGE,NJ,080692799,Public,146,146,508139,240,467389,166,166,720720,281,670720,,,,,,3,3,24000,4,20000,,,,,
548900,CENTRAL LOUISIANA TECHNICAL COMMUNITY COLLEGE,LA,713010516,Public,520,523,1831957,947,1695393,483,489,2297698,884,2136339,,,,,,2,2,7750,5,7750,,,,,
549800,WICHITA STATE UNIVERSITY CAMPUS OF APPLIED SCIENCES AND TECHNOLOGY,KS,672268101,Public,1105,1150,3729985,1881,3132569,1000,1046,4617038,1711,3886210,,,,,,10,12,248403,22,213769,,,,,
549900,SALINA AREA TECHNICAL COLLEGE,KS,674018195,Public,67,67,198133,118,185203,63,63,266685,109,250124,,,,,,2,2,17550,4,17550,,,,,
550000,MANHATTAN AREA TECHNICAL COLLEGE,KS,665032499,Public,111,116,323273,192,317473,116,126,453035,204,447435,,,,,,7,7,51645,11,51645,,,,,
551900,DIMAN REGIONAL VOCATIONAL TECHNICAL INSTITUTE,MA,027203519,Public,1,1,1030,1,515,1,1,1373,1,686,,,,,,,,,,,,,,,
552500,SOUTHERN MAINE COMMUNITY COLLEGE,ME,041061698,Public,588,613,1783324,1021,1777574,643,678,2300159,1148,2296241,,,,,,31,31,218090,59,218090,,,,,
553200,CAPE GIRARDEAU CAREER AND TECHNOLOGY CENTER,MO,637037511,Public,61,71,180163,120,178413,47,54,193640,88,189640,,,,,,,,,,,,,,,
553300,SAINT PAUL COLLEGE - A COMMUNITY & TECHNICAL COLLEGE,MN,551021800,Public,1013,1103,2999514,1879,2936991,1025,1207,4464548,2064,4371395,,,,,,7,7,40128,13,37470,,,,,
553400,ST. CLOUD TECHNICAL AND COMMUNITY COLLEGE,MN,563031240,Public,735,801,2318323,1221,2318323,899,1067,3717557,1598,3714083,,,,,,10,11,84325,19,84325,,,,,
553500,PINE TECHNICAL AND COMMUNITY COLLEGE,MN,550632198,Public,138,152,481834,263,434261,143,156,719582,275,644542,,,,,,,,,,,,,,,
553700,SOUTH CENTRAL COLLEGE,MN,560011920,Public,401,458,1390330,808,1250525,468,588,1995537,1039,1794599,,,,,,7,7,63671,13,59671,,,,,
554100,MINNESOTA STATE COMMUNITY AND TECHNICAL COLLEGE,MN,565371000,Public,1089,1209,3627770,2191,3444716,1270,1510,5459477,2735,5177235,,,,,,11,11,82015,20,82015,,,,,
554400,ALEXANDRIA TECHNICAL AND COMMUNITY COLLEGE,MN,563083799,Public,444,473,1481351,816,1481351,533,579,1989361,983,1989361,,,,,,12,13,112227,22,112227,,,,,
562100,SOUTHERN CRESCENT TECHNICAL COLLEGE,GA,302232097,Public,784,784,2832559,1463,2294174,724,724,3124398,1364,2509163,,,,,,,,,,,,,,,
569700,NORTHWEST - SHOALS COMMUNITY COLLEGE,AL,356623206,Public,449,464,1441405,741,1307261,124,150,442383,236,387867,,,,,,,,,,,,,,,
570700,SOUTHEAST ARKANSAS COLLEGE,AR,716033900,Public,490,491,1715745,778,1397288,510,512,2496320,808,2036370,,,,,,11,11,145343,20,131870,,,,,
575200,CLOVER PARK TECHNICAL COLLEGE,WA,984994004,Public,169,177,476937,450,476937,196,205,846237,523,846237,,,,,,2,2,20000,4,20000,,,,,
575300,OWENS COMMUNITY COLLEGE,OH,435510000,Public,1599,1730,5413986,2941,4877186,1601,1718,6934489,2956,6226761,,,,,,30,34,300344,65,269365,,,,,
575700,LAKE SUPERIOR COLLEGE,MN,558113399,Public,682,758,2166144,1311,2134201,758,878,3210735,1543,3144506,,,,,,19,26,397831,47,382297,,,,,
575900,NORTHWEST TECHNICAL COLLEGE - BEMIDJI,MN,566014907,Public,270,325,821058,520,815808,312,389,1389204,606,1383563,,,,,,2,2,14475,4,14475,,,,,
576000,NORTHERN MAINE COMMUNITY COLLEGE,ME,047692016,Public,76,76,254345,141,252095,67,68,241162,126,237007,,,,,,1,1,13770,2,13770,,,,,
576100,L. E. FLETCHER TECHNICAL COMMUNITY COLLEGE,LA,703953232,Public,936,1000,3506892,1640,2918941,874,930,4563591,1523,3746869,,,,,,,,,,,,,,,
576300,CENTRAL GEORGIA TECHNICAL COLLEGE,GA,310882729,Public,1905,2022,6085774,5652,5533929,1825,1939,7065003,5429,6518683,,,,,,,,,,,,,,,
613600,NATIONAL AVIATION ACADEMY - NEW ENGLAND,MA,017422620,Proprietary,228,297,931021,507,776209,244,325,1157940,566,968753,,,,,,46,62,393036,109,351363,,,,,
616500,LOS ANGELES COUNTY COLLEGE OF NURSING AND ALLIED HEALTH,CA,900331018,Public,58,59,230571,121,230571,37,38,220761,76,220761,,,,,,,,,,,,,,,
621400,BLESSING HOSPITAL,IL,623010000,Private-Nonprofit,39,40,177013,70,177013,41,42,134556,68,134556,2,2,18659,4,18659,2,2,13055,3,13055,,,,,
622500,TRINITY COLLEGE OF NURSING & HEALTH SCIENCES,IL,612015317,Private-Nonprofit,43,68,246088,116,209207,43,59,228578,98,198092,13,13,247155,21,195905,,,,,,3,3,52998,6,52998
622800,METHODIST COLLEGE,IL,616159235,Private-Nonprofit,72,77,206993,85,205243,82,87,317599,94,314599,12,12,143500,14,143500,4,4,54719,5,54719,6,7,164506,18,164506
624000,SAINT FRANCIS MEDICAL CENTER COLLEGE OF NURSING,IL,616033783,Private-Nonprofit,21,24,94750,33,94750,26,30,124257,39,124257,40,48,482055,62,482055,2,3,31258,3,31258,16,18,214830,25,214830
625700,SAINT ELIZABETH SCHOOL OF NURSING,IN,479049988,Private-Nonprofit,85,109,460600,170,342972,86,111,490914,176,395121,,,,,,13,22,259731,37,170509,,,,,
626700,UNITYPOINT HEALTH-DES MOINES,IA,503091499,Private-Nonprofit,4,4,14000,4,14000,3,3,10000,3,10000,,,,,,,,,,,,,,,
627300,MERCY COLLEGE OF HEALTH SCIENCES,IA,503091239,Private-Nonprofit,627,627,2054660,1287,2049660,641,641,2610584,1275,2602752,1,1,5125,1,5125,17,20,380668,33,380668,1,1,7949,1,7949
630500,MAINE COLLEGE OF HEALTH PROFESSIONS,ME,042439986,Private-Nonprofit,144,177,576450,267,491163,150,188,917578,284,785015,,,,,,4,4,78898,6,60650,,,,,
632200,SIGNATURE HEALTHCARE BROCKTON HOSPITAL SCHOOL OF NURSING,MA,023023395,Private-Nonprofit,114,114,358500,199,356250,119,120,508750,209,508750,,,,,,7,7,91851,13,91851,,,,,
632400,LABOURÉ COLLEGE OF HEALTHCARE,MA,021864253,Private-Nonprofit,393,464,1473668,712,1291415,440,496,2660466,762,2346574,,,,,,4,4,59486,5,54986,,,,,
633100,LAWRENCE MEMORIAL HOSPITAL SCHOOL OF NURSING,MA,021551643,Private-Nonprofit,183,184,627756,343,624256,196,198,1076389,380,1070389,,,,,,3,3,54328,4,54328,,,,,
638500,CHAMBERLAIN UNIVERSITY,IL,601010000,Proprietary,18441,26434,88169816,64228,70358063,20440,29900,135156432,72481,106973642,16716,25707,242049075,65078,200000428,452,593,7602137,1477,6667771,478,686,10713201,1503,8748087
638900,GOLDFARB SCHOOL OF NURSING AT BARNES-JEWISH COLLEGE,MO,631101091,Private-Nonprofit,211,282,1285035,355,922206,240,341,1804008,422,1272485,93,134,2454754,144,1443865,15,20,355427,26,305859,25,36,1128025,38,533067
639200,RESEARCH MEDICAL CENTER,MO,641321199,Proprietary,84,88,306873,173,306873,81,82,351430,159,351430,11,11,112750,22,112750,2,2,18300,4,18300,,,,,
639900,BRYAN COLLEGE OF HEALTH SCIENCES,NE,685061398,Private-Nonprofit,274,280,1092162,540,1055852,322,335,1185513,639,1155953,104,106,1951895,230,1951895,49,55,761191,91,730740,41,50,1772598,117,1772598
640400,NEBRASKA METHODIST COLLEGE OF NURSING & ALLIED HEALTH,NE,681142852,Private-Nonprofit,361,501,1651116,734,1648866,450,677,2822772,977,2822772,147,207,2771842,385,2759509,41,65,718669,88,718669,26,34,391032,55,391032
641700,HOLY NAME MEDICAL CENTER SCHOOL OF NURSING,NJ,076320000,Private-Nonprofit,118,125,475032,228,454782,124,134,701778,245,676778,,,,,,1,1,12352,2,12352,,,,,
642100,JFK  MEDICAL CENTER MUHLENBERG HAROLD B. AND DOROTHY A. SNYDER SCHOOLS,NJ,070613399,Private-Nonprofit,322,331,1234221,551,1172571,340,346,1788476,561,1690126,,,,,,5,6,87300,9,87300,,,,,
642900,SAINT FRANCIS MEDICAL CENTER,NJ,086291986,Private-Nonprofit,5,5,20500,10,20500,3,3,18000,6,18000,,,,,,,,,,,,,,,
643500,ARNOT OGDEN MEDICAL CENTER,NY,149051676,Private-Nonprofit,27,27,92906,49,85624,22,22,108728,39,99728,,,,,,1,1,16000,2,16000,,,,,
643800,MOUNT SINAI PHILLIPS SCHOOL OF NURSING,NY,100356354,Private-Nonprofit,291,383,1157202,556,1125579,283,376,1286962,533,1252270,,,,,,25,29,1032654,50,997295,,,,,
644300,COCHRAN SCHOOL OF NURSING - ST. JOHN'S RIVERSIDE HOSPITAL,NY,107011399,Private-Nonprofit,40,40,109963,56,109963,32,32,150488,34,150488,,,,,,,,,,,,,,,
644500,BILL AND SANDRA POMEROY COLLEGE OF NURSING AT CROUSE HOSPITAL,NY,130579205,Private-Nonprofit,111,111,384900,187,379150,108,108,527129,181,512379,,,,,,4,6,34030,6,34030,,,,,
644800,"ELLIS MEDICINE, THE BELANGER SCHOOL OF NURSING",NY,123041009,Private-Nonprofit,17,17,61388,35,61388,17,17,76275,34,76275,,,,,,,,,,,,,,,
646100,SAINT ELIZABETH MEDICAL CENTER,NY,135012998,Private-Nonprofit,90,90,320561,167,318811,100,100,399289,186,396289,,,,,,19,19,268953,33,268953,,,,,
646700,SAINT JOSEPH'S COLLEGE OF NURSING AT ST JOSEPH'S HOSPITAL HEALTH CENTE,NY,132031806,Private-Nonprofit,200,248,787909,391,723682,223,274,1173953,433,1064263,,,,,,18,18,297228,33,297228,,,,,
647700,CABARRUS COLLEGE OF HEALTH SCIENCES,NC,280253959,Private-Nonprofit,417,417,1627752,773,1589753,454,454,2558370,820,2508295,91,91,1513181,210,1506681,16,18,276522,31,276522,21,22,379747,50,379747
648300,WATTS COLLEGE OF NURSING,NC,277052505,Private-Nonprofit,63,67,281881,117,281881,60,65,362923,111,362923,,,,,,2,2,39576,3,39576,,,,,
648700,AULTMAN COLLEGE OF NURSING AND HEALTH SCIENCES,OH,447101799,Private-Nonprofit,143,173,567958,253,474044,142,171,623460,245,499289,,,,,,4,4,46105,8,46105,,,,,
648900,CHRIST COLLEGE OF NURSING AND HEALTH SCIENCES,OH,452192906,Private-Nonprofit,451,451,1468874,923,1457774,470,475,1803685,977,1790689,,,,,,52,59,676652,109,676652,,,,,
649400,GOOD SAMARITAN COLLEGE OF NURSING AND HEALTH SCIENCE,OH,452202489,Private-Nonprofit,607,613,2147119,1254,1975957,669,689,3302844,1376,3041681,,,,,,20,24,351581,46,351581,,,,,
650700,TRINITY HEALTH SYSTEM SCHOOL OF NURSING,OH,439520000,Private-Nonprofit,17,23,67344,34,46344,18,28,115070,40,73738,,,,,,1,2,8560,3,5187,,,,,
653400,CITIZENS SCHOOL OF NURSING,PA,150846591,Private-Nonprofit,141,141,463233,262,461483,151,151,748125,279,745125,,,,,,5,5,32955,7,32955,,,,,
653700,CONEMAUGH MEMORIAL MEDICAL CENTER,PA,159054398,Proprietary,66,66,227810,120,226310,68,68,276190,125,272441,,,,,,1,1,3750,1,3750,,,,,
655100,UPMC ST. MARGARET SCHOOL OF NURSING,PA,152383205,Private-Nonprofit,50,61,181782,100,160078,52,65,270495,106,243065,,,,,,2,2,10100,3,10100,,,,,
656000,HERITAGE VALLEY KENNEDY SCHOOL OF NURSING,PA,151361694,Private-Nonprofit,4,4,13500,5,8250,5,5,21000,8,16000,,,,,,,,,,,,,,,
656500,READING HOSPITAL SCHOOL OF HEALTH SCIENCES,PA,196111744,Private-Nonprofit,139,159,526492,259,491492,134,148,651510,240,620510,,,,,,2,2,8125,2,8125,,,,,
657400,"ST. LUKE'S HOSPITAL OF BETHLEHEM, PA",PA,180151065,Private-Nonprofit,14,14,45007,28,33345,26,26,142361,52,112830,,,,,,,,,,,,,,,
657700,UPMC SHADYSIDE,PA,152321381,Private-Nonprofit,444,573,1696866,843,1445958,470,624,2753030,930,2391613,,,,,,14,17,217492,26,209492,,,,,
658200,WASHINGTON HOSPITAL (THE),PA,153013398,Private-Nonprofit,10,12,40788,19,31038,13,15,81962,22,59462,,,,,,1,1,9500,1,4750,,,,,
658300,WESTERN PENNSYLVANIA HOSPITAL SCHOOL OF NURSING,PA,152241790,Private-Nonprofit,88,88,304895,232,304895,94,94,415625,250,415625,,,,,,6,6,70835,13,70835,,,,,
660600,BAPTIST HEALTH SYSTEM SCHOOL OF HEALTH PROFESSIONS,TX,782293234,Proprietary,499,611,1957545,902,1681612,496,616,2853615,900,2486697,,,,,,8,11,62211,12,62211,,,,,
661200,COVENANT SCHOOL OF NURSING AND ALLIED HEALTH,TX,794070120,Private-Nonprofit,22,22,47689,22,47689,24,24,73850,24,73850,,,,,,,,,,,,,,,
663900,BELLIN COLLEGE,WI,543110000,Private-Nonprofit,179,183,708158,414,706992,214,222,829439,490,829439,119,121,2307300,279,2307300,24,31,556102,58,556102,50,57,1069192,139,1069192
665600,COLLEGE OF DUPAGE,IL,601376599,Public,2097,2108,7038220,3101,6136724,2112,2152,8495076,3268,7340759,,,,,,25,29,378529,44,355929,,,,,
667700,MCGILL UNIVERSITY,,H3A   0G4,Foreign-Private,198,208,867013,405,867013,270,276,1117866,533,1117866,73,75,1241215,157,1241215,100,114,2358030,223,2358030,30,32,430526,54,430526
667900,QUEEN'S UNIVERSITY AT KINGSTON,,K7L   3N6,Foreign-Private,5,5,17750,10,17750,11,11,63000,22,63000,8,8,118703,23,118703,5,5,179276,10,179276,,,,,
668100,ST. FRANCIS XAVIER UNIVERSITY,,B2G 2W5,Foreign-Private,1,1,3500,1,3500,1,1,6500,2,6500,,,,,,2,2,30935,3,30935,,,,,
668200,ST THOMAS UNIVERSITY,,E3B   5G3,Foreign-Private,3,3,16500,6,16500,4,4,17500,8,17500,1,1,20500,2,20500,2,2,31042,4,31042,,,,,
668300,UNIVERSITY OF GUELPH,,N1G 2W1,Foreign-Private,2,2,7000,4,7000,4,4,19000,7,16250,58,58,1149500,117,1149500,1,1,31898,2,31898,47,47,2481734,97,2481734
668400,UNIVERSITY OF MANITOBA,,R3T   2N2,Foreign-Private,12,12,52875,20,52875,26,26,132990,44,132990,7,7,107907,13,107907,3,3,18236,4,18236,1,1,7550,1,7550
668500,UNIVERSITY OF NEW BRUNSWICK (THE),,E3B   5A3,Foreign-Private,12,12,55858,23,55858,15,15,55892,29,55892,,,,,,1,1,10400,2,10400,4,4,65000,8,65000
668600,UNIVERSITY OF OTTAWA,,K1N   6N5,Foreign-Private,12,12,55462,22,55462,13,13,64240,23,64240,10,10,162227,20,162227,4,4,43464,7,43464,5,5,65915,9,65915
668800,UNIVERSITY OF TORONTO,,M5S 1A1,Foreign-Private,55,55,243957,107,243957,85,86,296918,160,296918,51,51,944994,116,944994,42,49,2140033,88,2140033,31,34,806072,68,806072
668900,UNIVERSITY OF WINDSOR,,N9B   3P4,Foreign-Private,11,11,47750,23,47750,19,19,92636,36,92636,2,2,30966,6,30966,2,2,53256,5,53256,1,1,9884,4,9884
669100,UNIVERSITY OF CAMBRIDGE - PEMBROKE COLLEGE,,CB2   1RF,Foreign-Private,,,,,,,,,,,6,6,122500,12,122500,,,,,,4,4,189525,8,189525
669200,UNIVERSITY OF LEEDS,,LS2 9JT,Foreign-Private,13,13,56407,26,56407,20,20,76593,40,76593,18,18,365547,43,365547,10,10,408208,20,408208,15,15,473468,35,473468
669300,UNIVERSITY OF LONDON - LONDON SCHOOL OF ECONOMICS & POLITICAL SCIENCE,,WC2A 2AE,Foreign-Private,3,3,13500,9,13500,4,4,12500,12,12500,162,162,3185399,480,3185399,1,1,52629,3,52629,118,118,5367891,349,5367891
669400,UNIVERSITY OF LONDON - SCHOOL OF ORIENTAL & AFRICAN STUDIES,,WC1H  0XG,Foreign-Private,4,4,14000,11,14000,6,6,23000,17,23000,54,54,1068820,152,1048319,,,,,,50,50,1998977,142,1975642
669500,UNIVERSITY OF LONDON - UNIVERSITY COLLEGE LONDON,,WC1E  6BT,Foreign-Private,20,20,87250,39,87250,21,21,51500,43,51500,170,170,3412519,340,3402269,16,16,818887,31,818887,145,146,7082025,301,7082025
669600,UNIVERSITY OF LONDON - SCHOOL OF ADVANCED STUDY,,WC1E 7HU,Foreign-Private,,,,,,,,,,,5,5,88833,13,88833,,,,,,4,4,135913,10,135913
669700,QUEEN MARY UNIVERSITY OF LONDON,,E1 4NS,Foreign-Private,12,12,57952,24,57952,11,11,40971,22,40971,44,44,871831,127,844662,6,6,312649,12,312649,35,35,1935838,122,1887058
669900,UNIVERSITY OF SUSSEX,,BN1   9RH,Foreign-Private,6,6,22296,11,22296,5,5,17173,10,17173,19,19,378452,51,378452,3,3,141280,6,141280,15,15,654725,39,654725
670000,UNIVERSITY OF YORK,,YO10 5DD,Foreign-Private,25,25,113500,50,113500,29,29,97000,58,97000,74,74,1445891,196,1445891,16,16,621682,31,621682,59,59,1749295,162,1749295
670400,UNIVERSITY COLLEGE CORK,,,Foreign-Private,13,13,44772,26,44772,19,19,103728,38,103728,39,39,763680,78,763680,11,11,268214,24,268214,25,26,944937,54,944937
671000,FUNDACIÓN UNIVERSIDAD DE LAS AMÉRICAS PUEBLA,,72810,Foreign-Private,2,2,10255,4,10255,2,2,2850,3,2850,,,,,,,,,,,,,,,
672000,COLLEGE OF ALAMEDA,CA,945012109,Public,53,53,215762,114,215762,51,53,280470,111,278970,,,,,,1,1,1900,4,1900,,,,,
672500,UNIVERSITY OF TENNESSEE HEALTH SCIENCE CENTER,TN,381634900,Public,224,228,1027133,402,1022443,235,247,1318884,430,1311818,1841,1940,59807176,3667,59728922,20,20,676779,38,676779,948,1366,26756003,2193,26693606
673100,CASA LOMA COLLEGE,CA,914036654,Private-Nonprofit,746,947,3713063,1616,3119842,739,941,4205476,1607,3491880,,,,,,29,38,292467,71,260635,,,,,
675000,VALENCIA COLLEGE,FL,328023028,Public,6224,6517,22277719,10995,20061949,5302,5482,23343443,9287,21050001,,,,,,66,70,779025,127,716358,,,,,
675300,ILLINOIS CENTRAL COLLEGE,IL,616350001,Public,880,909,2717111,1633,2697848,793,817,3159347,1476,3142011,,,,,,14,15,156047,27,156047,,,,,
675600,NORTHSHORE TECHNICAL COMMUNITY COLLEGE,LA,704275866,Public,1106,1112,3891651,1889,3401411,1057,1064,5007588,1825,4404020,,,,,,3,3,9714,5,8738,,,,,
676000,UNIVERSITY OF MAINE - AUGUSTA,ME,043309410,Public,992,1162,3623617,2160,3595241,1013,1220,5085113,2283,5035614,25,31,380018,53,323651,11,12,136783,21,133884,,,,,
676800,MID MICHIGAN COLLEGE,MI,486259447,Public,495,519,1606943,932,1606943,534,569,2019322,1023,2016572,,,,,,11,11,88039,21,88039,,,,,
677100,COLLEGE FOR CREATIVE STUDIES,MI,482024034,Private-Nonprofit,600,617,2454601,1145,2447351,631,673,2121668,1244,2112418,7,7,121471,13,121471,255,262,7616498,489,7597206,3,3,57153,6,57153
677700,FLATHEAD VALLEY COMMUNITY COLLEGE,MT,599012699,Public,176,183,570861,287,570861,178,186,694442,293,694442,,,,,,2,2,23897,4,23897,,,,,
678200,GENESEE COMMUNITY COLLEGE,NY,140209704,Public,676,687,2104603,1160,1956632,721,761,2947836,1319,2754617,,,,,,24,26,148391,50,145391,,,,,
678500,SCHENECTADY COUNTY COMMUNITY COLLEGE,NY,123052294,Public,348,350,1049145,629,1049145,337,340,1293902,598,1288402,,,,,,24,26,280413,48,280413,,,,,
678700,CLINTON COMMUNITY COLLEGE - SUNY OFFICE OF COMMUNITY COLLEGES,NY,129015690,Public,82,82,223913,153,223913,95,95,375316,180,371566,,,,,,4,4,34206,10,34206,,,,,
678800,TOMPKINS CORTLAND COMMUNITY COLLEGE,NY,130530139,Public,583,638,2015601,1106,1903765,591,646,2511650,1107,2361480,,,,,,70,81,629359,145,615856,,,,,
678900,COLUMBIA - GREENE COMMUNITY COLLEGE - SUNY OFFICE OF CMNTY COLLEGES,NY,125349543,Public,79,79,262393,141,260143,86,86,353449,158,351449,,,,,,,,,,,,,,,
679100,SUNY COLLEGE AT PURCHASE,NY,105771400,Public,1113,1157,4550408,2086,4549408,1328,1435,4925010,2588,4925010,38,44,633936,67,633936,395,463,7545982,786,7542280,8,12,141681,15,141681
680400,LAKELAND COMMUNITY COLLEGE,OH,440945198,Public,605,682,2015931,1067,1662700,621,692,2955816,1090,2390656,,,,,,3,3,7634,6,7634,,,,,
680700,COMMUNITY COLLEGE OF BEAVER COUNTY,PA,150612588,Public,276,278,863164,460,809221,364,367,1515745,603,1411163,,,,,,33,33,554777,53,474318,,,,,
681000,LEHIGH CARBON COMMUNITY COLLEGE,PA,180782598,Public,1161,1163,3484935,1913,3249301,1119,1120,4665756,1858,4296655,,,,,,6,7,60298,13,58626,,,,,
681100,LUZERNE COUNTY COMMUNITY COLLEGE,PA,186343899,Public,1161,1166,3593799,2090,3550625,412,467,1467002,873,1464175,,,,,,27,30,241230,56,241230,,,,,
681500,ORANGEBURG - CALHOUN TECHNICAL COLLEGE,SC,291188299,Public,177,210,569002,387,562752,166,213,482133,389,473999,,,,,,1,2,10000,4,10000,,,,,
681900,BLUE RIDGE COMMUNITY COLLEGE,VA,244860080,Public,126,135,386490,248,379413,121,140,448464,253,433841,,,,,,15,16,98826,27,98826,,,,,
683500,DYERSBURG STATE COMMUNITY COLLEGE,TN,380252450,Public,217,241,628478,440,614378,213,237,763274,431,741674,,,,,,4,5,40800,11,40800,,,,,
683800,DALHOUSIE UNIVERSITY,,B3H   4R2,Foreign-Private,14,14,64250,23,59250,23,23,98750,37,90250,28,28,555361,55,544111,6,6,129491,9,129491,22,22,1471415,44,1428230
683900,UNIVERSITY OF EDINBURGH,,EH8 9YL,Foreign-Private,56,56,256844,105,256844,81,81,319906,154,319906,331,331,6512827,824,6490077,54,54,2257996,105,2257996,282,283,11158304,706,11107154
684200,UNIVERSITY OF DUBLIN TRINITY COLLEGE,,,Foreign-Private,69,69,311071,137,311071,112,112,459929,222,459929,99,99,1917319,198,1917319,78,78,2611093,154,2611093,64,64,1561556,131,1561556
685200,BISHOP'S UNIVERSITY,,J1M   1Z7,Foreign-Private,2,2,10000,4,10000,3,3,5000,5,5000,,,,,,4,4,49000,7,49000,,,,,
685300,MCMASTER UNIVERSITY,,L8S   4L8,Foreign-Private,2,2,9000,4,9000,3,3,6000,5,6000,5,5,92176,13,92176,,,,,,1,1,14882,3,14882
685800,UNITY ENVIRONMENTAL UNIVERSITY,ME,049600000,Private-Nonprofit,6189,6191,12891472,25876,12638068,6254,6275,19099771,26861,18716474,587,587,7220294,1729,6807292,38,50,364129,196,349598,28,32,177220,87,176786
686500,CAMDEN COUNTY COLLEGE,NJ,080123240,Public,458,528,1332140,965,1291651,682,782,2729457,1450,2671190,,,,,,16,19,125315,37,122815,,,,,
686700,COLUMBUS STATE COMMUNITY COLLEGE,OH,432151786,Public,4310,4416,13817337,6384,12148284,3125,3265,11067017,4738,9728415,,,,,,59,62,436624,96,420471,,,,,
687100,VIRGINIA PENINSULA COMMUNITY COLLEGE,VA,236661433,Public,312,323,939296,567,914327,338,354,1253346,621,1213346,,,,,,10,13,81994,25,81169,,,,,
689500,UNIVERSITY OF NEBRASKA MEDICAL CENTER,NE,681984265,Public,375,398,1785425,722,1769747,375,396,1644959,705,1627759,1292,1446,36579339,2988,35327110,97,107,2147604,199,2147604,861,1030,23545352,2125,23033463
690100,ROWAN COLLEGE OF SOUTH JERSEY,NJ,080800000,Public,1372,1413,4184758,2505,4178209,1525,1589,6034753,2854,6025503,,,,,,39,50,409117,97,409117,,,,,
691100,MONTGOMERY  COLLEGE,MD,208501195,Public,1188,1196,4050329,1926,3871955,1053,1059,4430908,1716,4236414,,,,,,15,16,174231,27,174231,,,,,
693100,WAUBONSEE COMMUNITY COLLEGE,IL,605540000,Public,401,435,1170161,636,1146574,322,410,1081232,604,1051319,,,,,,1,1,16640,2,16640,,,,,
693800,LINN-BENTON COMMUNITY COLLEGE,OR,973213774,Public,718,718,2166418,1649,2154556,670,670,2626727,1540,2606913,,,,,,22,22,226232,57,219492,,,,,
694100,DALLAS CHRISTIAN COLLEGE,TX,752347229,Private-Nonprofit,132,132,557692,257,538942,147,162,535951,303,513201,5,5,90432,10,63096,31,31,551969,64,544969,,,,,
694200,MID-AMERICA CHRISTIAN UNIVERSITY,OK,731704504,Private-Nonprofit,1090,1172,4442247,2806,3276308,1131,1236,6553917,2923,4691253,533,533,8610745,1380,6769980,26,26,359435,51,348852,20,20,196348,54,166376
694900,KALAMAZOO VALLEY COMMUNITY COLLEGE,MI,490099606,Public,1022,1053,2989920,1718,2844488,961,1016,3899803,1647,3380426,,,,,,10,10,55443,18,49121,,,,,
695100,UNIVERSITY OF SOUTH CAROLINA UPSTATE,SC,293039972,Public,2002,2106,8373888,3620,7997423,2039,2291,8581294,4002,8123705,63,68,1017843,102,932843,258,306,3066451,492,2999807,,,,,
696000,MAYSVILLE COMMUNITY AND TECHNICAL COLLEGE,KY,410568910,Public,670,721,2225390,1317,2117741,614,887,2593178,1573,2419601,,,,,,,,,,,,,,,
696100,JEFFERSON COMMUNITY AND TECHNICAL COLLEGE,KY,402022005,Public,849,938,2276974,1589,2157000,927,999,4064074,1719,3970845,,,,,,6,6,40188,11,37188,,,,,
696200,HAZARD COMMUNITY AND TECHNICAL COLLEGE,KY,417012402,Public,309,333,988242,589,936570,288,331,1055081,579,983854,,,,,,1,1,10000,2,10000,,,,,
697300,CANADA COLLEGE,CA,940611099,Public,35,37,128500,72,125000,34,36,205866,68,192116,,,,,,,,,,,,,,,
697700,GREAT BASIN COLLEGE,NV,898013348,Public,133,136,414365,244,414365,146,151,710240,269,707240,,,,,,1,1,4000,2,4000,,,,,
701200,SAMUEL MERRITT UNIVERSITY,CA,946093108,Private-Nonprofit,692,745,3592352,1123,3592352,678,750,4448568,1111,4442318,951,1479,25725854,2304,25725854,62,66,3058631,99,3058631,823,1251,42071849,2449,42051849
702200,CUNY LEHMAN COLLEGE,NY,104681589,Public,847,986,3078050,1897,3070800,675,825,2785830,1601,2784752,594,680,9264072,1285,9216322,11,16,76370,32,76370,11,17,133915,34,133915
702600,ICAHN SCHOOL OF MEDICINE AT MOUNT SINAI,NY,100296500,Private-Nonprofit,,,,,,,,,,,387,457,10736284,991,10381419,,,,,,190,222,5621896,388,5397212
703200,MIDAMERICA NAZARENE UNIVERSITY,KS,660621899,Private-Nonprofit,558,607,2462435,1038,2462435,564,638,2407868,1083,2407868,172,190,2417392,401,2417392,181,189,3609716,336,3609716,8,10,182636,19,182636
703500,KETTERING COLLEGE,OH,454291299,Private-Nonprofit,177,220,887011,360,783319,190,241,1071555,397,933465,174,228,4098385,360,3631755,30,31,464677,53,451293,125,149,2948591,242,2562871
704700,LOS ANGELES SOUTHWEST COLLEGE,CA,900474810,Public,113,115,424900,219,408900,111,112,587900,212,557400,,,,,,,,,,,,,,,
705000,BELLUS ACADEMY,CA,919110000,Proprietary,272,295,763494,518,683856,273,297,971996,532,864650,,,,,,40,43,238271,86,226080,,,,,
708500,MOUNT VERNON NAZARENE UNIVERSITY,OH,430509500,Private-Nonprofit,574,587,2250998,998,2234647,648,663,2467678,1148,2454928,100,118,1414487,150,1373473,76,81,1136474,145,1135589,1,1,2188,1,2188
709600,COLLEGE OF THE MAINLAND,TX,775730000,Public,135,146,349486,370,302363,111,117,441484,327,404232,,,,,,3,3,10373,12,10373,,,,,
710800,UNIVERSITY OF PUERTO RICO - RIO PIEDRAS CAMPUS,PR,009313300,Public,364,366,1702319,575,1602444,68,68,178743,111,172493,876,876,12211838,1634,11878436,4,4,49500,4,49500,70,70,975138,120,964888
710900,SUNY OLD WESTBURY,NY,115680210,Public,921,978,3300418,1531,3300418,992,1050,3980417,1695,3980417,150,168,1569960,247,1569960,141,148,1414451,235,1414451,,,,,
711000,DELAWARE COUNTY COMMUNITY COLLEGE,PA,190631094,Public,1470,1579,4678611,2780,4413297,1447,1578,6230957,2798,5913401,,,,,,29,32,218219,54,218219,,,,,
711100,NORTH COUNTRY COMMUNITY COLLEGE,NY,129832046,Public,252,252,739772,403,731502,238,238,929232,392,916990,,,,,,16,16,129304,27,129304,,,,,
711300,ARIZONA CHRISTIAN UNIVERSITY,AZ,853067097,Private-Nonprofit,519,590,2094238,1061,2036865,550,596,1874600,1069,1812433,30,31,552590,65,504757,149,158,2867426,299,2867426,,,,,
711500,MOORPARK COLLEGE,CA,930211695,Public,152,157,569049,301,556691,148,156,710278,298,691553,,,,,,5,5,71741,9,71741,,,,,
711800,PARKLAND COLLEGE,IL,618211899,Public,703,783,1897943,1289,1853035,334,420,1007022,754,986795,,,,,,55,57,594112,109,594112,,,,,
712000,DES MOINES AREA COMMUNITY COLLEGE,IA,500233993,Public,2400,2526,6976636,4380,6734418,2655,2806,10603913,4922,10244972,,,,,,47,50,340135,98,329592,,,,,
712100,FAITH BAPTIST BIBLE COLLEGE & THEOLOGICAL SEMINARY,IA,500232152,Private-Nonprofit,98,98,358921,195,358921,53,53,181215,102,181215,2,2,28073,4,28073,7,7,77050,13,77050,,,,,
714200,LYLE'S COLLEGE OF BEAUTY,CA,937103948,Proprietary,57,57,155991,93,124490,60,60,205955,100,161787,,,,,,,,,,,,,,,
716400,BRYAN UNIVERSITY,AZ,852811495,Proprietary,3221,3698,11287339,5896,9133133,2925,3298,15025036,5388,12103421,9,9,129444,13,81926,43,46,194477,78,158357,1,1,20000,1,10000
717000,LINCOLN LAND COMMUNITY COLLEGE,IL,627949256,Public,668,687,1871396,1202,1867122,660,686,2483088,1216,2480338,,,,,,6,6,40590,12,40590,,,,,
717100,KIRTLAND COMMUNITY COLLEGE,MI,497389704,Public,398,406,1249484,642,1144156,373,380,1657145,608,1519728,,,,,,1,1,7269,1,3635,,,,,
717800,WESTERN SEMINARY,OR,972153367,Private-Nonprofit,,,,,,,,,,,123,158,1449526,246,1214245,,,,,,,,,,
718700,NORTH ADRIAN'S COLLEGE OF BEAUTY,CA,953502381,Proprietary,114,117,343233,216,315153,88,90,258444,163,234544,,,,,,16,16,151690,31,146090,,,,,
719100,NORTHAMPTON COUNTY AREA COMMUNITY COLLEGE,PA,180207599,Public,2681,3126,9072587,5531,8381338,2571,3001,10305781,5261,9455412,,,,,,123,130,1166499,218,1074853,,,,,
720300,SALON SUCCESS ACADEMY,CA,917864060,Proprietary,236,265,580179,489,528478,243,275,731060,547,673793,,,,,,21,27,135298,53,127880,,,,,
720400,MODERN BEAUTY ACADEMY,CA,930307016,Proprietary,30,34,62306,60,52930,35,39,85027,69,69714,,,,,,,,,,,,,,,
720600,UNIVERSITY OF PUERTO RICO - CAYEY,PR,007369997,Public,92,92,409500,147,391250,9,9,39000,16,39000,,,,,,,,,,,,,,,
720900,REDONDO BEACH BEAUTY COLLEGE,CA,905055909,Proprietary,4,4,9336,8,9336,4,4,13334,8,13334,,,,,,,,,,,,,,,
722800,UNIVERSITY OF PUERTO RICO - ARECIBO,PR,006144010,Public,112,112,497200,212,495450,,,,,,14,14,276750,26,276750,,,,,,,,,,
725300,FEDERICO BEAUTY INSTITUTE,CA,958341905,Proprietary,155,165,362376,299,323285,166,177,494309,326,437685,,,,,,11,12,80839,24,72726,,,,,
726300,HOLY CROSS COLLEGE,IN,465560308,Private-Nonprofit,184,311,760825,350,760825,195,334,574509,366,574509,1,1,8792,1,8792,33,37,783328,62,783328,,,,,
726500,CARL SANDBURG COLLEGE,IL,614019576,Public,70,72,198527,134,195902,25,25,77153,47,76153,,,,,,8,11,83015,18,83015,,,,,
726600,PIMA COUNTY COMMUNITY COLLEGE,AZ,857095000,Public,1523,1611,4096620,4611,4047886,636,728,2088920,1942,1991108,,,,,,25,26,269234,85,269234,,,,,
727300,CUNY BERNARD M. BARUCH COLLEGE,NY,100105518,Public,1455,1532,5999741,2856,5981499,1253,1302,5444672,2430,5428326,868,965,12836108,1804,12667358,77,89,1372225,172,1362449,64,77,1530587,151,1530587
727900,HAWAII PACIFIC UNIVERSITY,HI,968134920,Private-Nonprofit,783,784,3237191,1387,3166850,787,790,2902562,1400,2850250,683,702,12859539,1394,11823293,387,402,11448029,738,11374221,537,628,25297400,1200,22617620
728300,CENTRAL ARIZONA COLLEGE,AZ,851289779,Public,210,211,594651,594,591739,197,200,631725,600,625629,,,,,,4,4,9457,12,9457,,,,,
728700,BRAZOSPORT COLLEGE,TX,775663199,Public,38,40,127650,70,124550,40,43,122159,74,118909,,,,,,,,,,,,,,,
728900,CENTRAL WYOMING COLLEGE,WY,825012215,Public,163,166,539651,275,523151,149,150,644038,250,616349,,,,,,1,1,13214,1,6607,,,,,
729100,ST. LUKE'S COLLEGE,IA,511040263,Private-Nonprofit,81,90,296540,140,258937,74,82,358642,130,303857,,,,,,8,9,141227,13,111227,,,,,
729700,SPARTAN COLLEGE OF AERONAUTICS AND TECHNOLOGY,CO,800209988,Proprietary,264,341,1239495,649,1146132,298,383,1756592,724,1631674,,,,,,52,68,1074249,123,952048,,,,,
730300,LINCOLN TECHNICAL INSTITUTE,CT,060512904,Proprietary,7140,8630,25817440,13428,22072820,7074,9192,31372733,14327,26681132,,,,,,1141,1439,13302766,2347,11933497,,,,,
730400,CULINARY INSTITUTE OF AMERICA,NY,125381499,Private-Nonprofit,1547,2060,6416141,3061,6416141,1693,2419,6358041,3542,6353146,60,81,1218616,125,1218616,546,861,18869354,1145,18869354,1,1,2110,1,2110
730500,PORTER AND CHESTER INSTITUTE OF HAMDEN,CT,065144132,Proprietary,464,609,1781223,1250,1501571,479,615,2361664,1263,2017911,,,,,,53,69,426096,144,344454,,,,,
731600,WESTERN IOWA TECH COMMUNITY COLLEGE,IA,511061997,Public,789,813,2275937,1453,2270762,770,794,3001620,1434,3000120,,,,,,18,19,97065,35,96065,,,,,
735000,ANOKA TECHNICAL COLLEGE,MN,553031590,Public,516,564,1514499,855,1514499,582,685,2687316,1018,2687316,,,,,,1,1,6000,2,6000,,,,,
737500,ISLAND DRAFTING & TECHNICAL INSTITUTE,NY,117012704,Proprietary,6,6,24988,12,24988,2,2,8000,4,8000,,,,,,,,,,,,,,,
738700,LONG ISLAND BEAUTY SCHOOL,NY,117884346,Proprietary,45,45,137241,70,111879,51,51,171931,84,141555,,,,,,6,6,49924,11,45484,,,,,
738800,LONG ISLAND BEAUTY SCHOOL,NY,115503704,Proprietary,45,45,131868,72,108534,46,46,178792,76,148042,,,,,,1,1,6454,2,6454,,,,,
739400,BERKELEY COLLEGE,NY,100174604,Proprietary,1305,1765,5310494,2866,4650806,1336,2175,7515997,3624,6645955,87,138,1474004,240,1258657,16,19,167420,35,162654,,,,,
740100,MANDL SCHOOL,NY,100195516,Proprietary,649,793,2720623,1283,2194998,627,764,3549660,1236,2859585,,,,,,39,44,455104,78,397894,,,,,
744700,DEL-MAR-VA BEAUTY ACADEMY,MD,218046952,Proprietary,30,33,105036,54,86536,29,33,110101,59,87467,,,,,,,,,,,,,,,
746500,AMERICAN ACADEMY OF DRAMATIC ARTS,NY,100167089,Private-Nonprofit,114,114,462799,221,459299,120,120,413750,233,407750,,,,,,45,48,1746486,94,1727986,,,,,
746600,LIM COLLEGE,NY,100173620,Proprietary,780,933,3652100,1562,3576350,915,1086,3973454,1829,3890190,194,249,3971283,390,3909783,176,195,4723543,335,4683069,49,53,827842,85,805175
746800,SCHOOL OF VISUAL ARTS,NY,100103994,Proprietary,822,822,3732219,1586,3732219,866,866,2612909,1673,2612909,114,114,2159802,236,2159802,358,384,16839378,703,16839378,72,82,3555837,166,3555837
747300,CHOFFIN CAREER & TECHNICAL CENTER,OH,445031628,Public,33,33,97432,60,97432,28,28,135326,52,135326,,,,,,,,,,,,,,,
750200,BERKELEY COLLEGE,NJ,074243367,Proprietary,1504,2075,6416370,3407,5547114,1539,2315,8778575,3849,7657328,80,136,1215891,226,1044662,46,51,503179,97,503179,,,,,
751800,APEX TECHNICAL SCHOOL,NY,111015107,Private-Nonprofit,1202,1204,3320649,2253,3063399,1187,1189,4081787,2232,3788732,,,,,,149,149,1038202,278,962937,,,,,
752200,CONTINENTAL SCHOOL OF BEAUTY CULTURE,NY,146233231,Proprietary,385,423,953086,671,870158,430,480,1407280,771,1274317,,,,,,66,75,384560,134,364854,,,,,
752900,CHESTER COUNTY INTERMEDIATE UNIT PRACTICAL NURSING PROGRAM,PA,193353043,Public,73,91,299642,146,249017,76,94,359012,150,303057,,,,,,1,1,3684,2,3684,,,,,
753100,ACADEMY OF ART UNIVERSITY,CA,941053410,Proprietary,2444,2460,9053294,3826,9040742,2465,2483,11286141,3871,11264760,1008,1014,16867482,1769,16854417,539,688,19193112,1212,19193112,449,588,11543294,1020,11532761
753200,FINGER LAKES COMMUNITY COLLEGE - SUNY OFFICE OF COMMUNITY COLLEGES,NY,144248395,Public,1237,1255,3622901,1998,3579053,1212,1234,4435373,1964,4378242,,,,,,44,45,364002,66,353326,,,,,
753600,COSUMNES RIVER COLLEGE,CA,958235799,Public,641,643,2086986,1087,1977736,629,630,3067259,1060,2871759,,,,,,,,,,,,,,,
754000,MISSOURI BAPTIST UNIVERSITY,MO,631418698,Private-Nonprofit,806,806,3344688,1515,3315780,929,961,3816490,1779,3771320,484,484,7031743,1052,6843329,122,122,2107587,240,2107587,24,24,229944,45,229944
754400,APPALACHIAN BIBLE COLLEGE,WV,258809554,Private-Nonprofit,24,24,96305,45,96305,20,20,82550,38,82550,,,,,,2,2,22248,4,22248,,,,,
755500,LAKES REGION COMMUNITY COLLEGE,NH,032461326,Public,113,120,345412,218,345412,109,115,412546,208,412546,,,,,,2,2,20437,3,20437,,,,,
756000,RIVER VALLEY COMMUNITY COLLEGE,NH,037439707,Public,179,181,537900,314,537900,194,199,872809,352,872809,,,,,,1,1,2600,1,2600,,,,,
757000,HELENA COLLEGE UNIVERSITY OF MONTANA,MT,596013098,Public,223,248,681824,738,681824,210,229,876198,697,876198,,,,,,1,1,6093,2,6093,,,,,
757200,AMERICAN MUSICAL & DRAMATIC ACADEMY,NY,100232106,Private-Nonprofit,910,1071,4458926,1779,3948272,994,1184,3196549,1966,2829706,11,19,348447,28,307447,631,789,27957051,1325,24973639,9,13,374623,22,306142
757300,EMPIRE BEAUTY SCHOOL,NY,111034028,Proprietary,1215,1370,3795972,2177,3121089,1185,1346,4809541,2202,3900675,,,,,,148,177,1265050,300,1077583,,,,,
757800,HUNTINGTON SCHOOL OF BEAUTY CULTURE,WV,257052030,Proprietary,31,32,104623,48,80207,26,27,99491,43,80491,,,,,,,,,,,,,,,
758200,AIMS COMMUNITY COLLEGE,CO,806343002,Public,253,261,843713,388,790162,290,314,1168890,439,1091756,,,,,,13,13,189775,23,185775,,,,,
758800,CAPRI COLLEGE,IA,520040873,Proprietary,98,124,355864,221,324395,114,147,461064,257,415031,,,,,,23,28,218162,49,195159,,,,,
759300,PARISIAN BEAUTY ACADEMY PAUL MITCHELL PARTNER SCHOOL,NJ,076015509,Proprietary,344,369,914119,629,758520,369,401,1191492,684,974277,,,,,,51,51,646844,88,555662,,,,,
759800,HOCKING TECHNICAL COLLEGE,OH,457649582,Public,722,723,2056236,2297,2047232,775,776,2515232,2476,2500984,,,,,,123,125,1147230,404,1147230,,,,,
760000,INTERNATIONAL BEAUTY SCHOOL,WV,254013231,Proprietary,109,118,306086,210,266420,96,101,393417,178,333376,,,,,,6,6,39200,12,32450,,,,,
760700,CONCORDE CAREER COLLEGE,CA,916063134,Proprietary,642,879,2778423,1699,2234474,659,854,3954814,1684,3227869,,,,,,66,77,732769,156,595629,,,,,
761100,SOHO HAIR ACADEMY,IA,515017541,Proprietary,39,45,156110,84,150985,45,51,109292,95,107718,,,,,,2,3,20425,6,20425,,,,,
761700,CARNEGIE INSTITUTE,MI,480831159,Proprietary,91,111,302469,255,256094,82,102,423268,234,361500,,,,,,3,3,32056,7,26742,,,,,
763200,UNIVERSITY OF BRISTOL,,BS8 1QU,Foreign-Private,8,8,31825,16,31825,8,8,43500,15,43500,31,31,583768,78,574018,1,1,43500,2,43500,27,27,1195859,68,1178017
763500,CONNECTICUT STATE COMMUNITY COLLEGE,CT,061031207,Public,2362,2386,7383079,4119,7378721,2215,2247,9632295,3910,9625920,,,,,,14,14,130597,26,130597,,,,,
764000,FAYETTEVILLE TECHNICAL COMMUNITY COLLEGE,NC,283030236,Public,2374,2411,8266198,10757,6717592,1843,1865,8342530,8418,6853381,,,,,,9,9,77669,34,49635,,,,,
764400,LAKE LAND COLLEGE,IL,619389366,Public,127,127,375776,225,375776,137,140,341184,257,341184,,,,,,11,12,58190,23,58190,,,,,
764900,ROCKY MOUNTAIN COLLEGE OF ART + DESIGN,CO,802141433,Proprietary,1754,2401,7869672,3694,6589157,1822,2430,10400302,3714,8738209,,,,,,203,261,3920342,416,3346368,,,,,
765900,LA' JAMES COLLEGE OF HAIRSTYLING,IA,504013308,Proprietary,37,42,105301,70,91169,38,43,109744,70,94077,,,,,,3,3,37910,5,27768,,,,,
766900,SOUTHWEST WISCONSIN TECHNICAL COLLEGE,WI,538099778,Public,302,319,944488,509,942238,293,309,1235772,490,1235772,,,,,,1,1,8750,1,8750,,,,,
767800,SPARTAN COLLEGE OF AERONAUTICS AND TECHNOLOGY,OK,741155800,Proprietary,590,743,2756722,1277,2314599,623,797,3535507,1371,2992405,,,,,,174,236,6088564,415,5334487,,,,,
767900,YORK UNIVERSITY,,M3J 1P3,Foreign-Private,15,15,68427,27,68427,19,19,106096,34,106096,6,6,110825,11,110825,5,7,151538,10,151538,1,1,3395,2,3395
768400,KISHWAUKEE COLLEGE,IL,601509699,Public,154,166,514631,307,485131,163,188,663227,346,616070,,,,,,6,9,71711,16,63875,,,,,
768600,SOUTHERN UNIVERSITY AT SHREVEPORT - BOSSIER CITY,LA,711074795,Public,1734,1782,5622630,3031,5288896,1515,1621,5162835,2693,4802154,,,,,,48,49,290132,84,262908,,,,,
769000,KANKAKEE COMMUNITY COLLEGE,IL,609016505,Public,81,84,265093,161,263343,108,130,437555,250,437555,,,,,,5,5,23103,10,23103,,,,,
769100,MCHENRY COUNTY COLLEGE,IL,600122761,Public,84,84,229449,151,222959,140,144,500575,262,487760,,,,,,3,3,26271,6,26271,,,,,
769200,MORAINE VALLEY COMMUNITY COLLEGE,IL,604650937,Public,311,332,970815,595,896846,346,376,1170339,676,1093519,,,,,,24,29,155507,55,149757,,,,,
769400,COLLEGE OF LAKE COUNTY,IL,600301198,Public,237,260,750677,502,750677,248,289,952838,565,952838,,,,,,7,8,74825,16,74825,,,,,
770500,ROYAL COLLEGE OF SURGEONS IN IRELAND,,2,Foreign-Private,1,1,5500,2,5500,1,1,2000,2,2000,62,62,1271000,124,1271000,3,3,135000,5,135000,59,59,4612200,122,4612200
770700,COLUMBIA COLLEGE,CA,953708580,Public,2,2,4500,4,4500,2,2,6000,4,6000,,,,,,,,,,,,,,,
771300,SKYLINE COLLEGE,CA,940661698,Public,37,40,127570,74,127070,32,34,153172,62,150172,,,,,,,,,,,,,,,
771700,CAPRI COLLEGE,IA,528072622,Proprietary,89,109,327114,209,312605,93,118,327110,223,313343,,,,,,15,17,110313,34,110313,,,,,
772900,COUNTY COLLEGE OF MORRIS,NJ,078692086,Public,662,662,2124978,1051,2006587,669,669,2501700,1102,2356366,,,,,,38,42,344875,66,322975,,,,,
773000,ROWAN COLLEGE AT BURLINGTON COUNTY,NJ,080549416,Public,404,404,1156732,600,1104559,562,562,2157633,884,2057570,,,,,,25,25,162385,41,162385,,,,,
773100,RARITAN VALLEY COMMUNITY COLLEGE,NJ,088761265,Public,144,161,466651,226,453702,227,257,993229,386,966715,,,,,,16,21,100718,28,100718,,,,,
773800,SOUTHERN ARKANSAS UNIVERSITY TECH,AR,717011900,Public,129,141,389150,262,385616,111,120,320520,221,312715,,,,,,5,5,25419,9,25419,,,,,
776400,SOUTHEAST TECHNICAL COLLEGE,SD,571071301,Public,1042,1078,3245493,1776,3237493,1116,1160,4274919,1904,4263499,,,,,,33,38,359533,62,359533,,,,,
777900,LANSDALE SCHOOL OF BUSINESS,PA,194544114,Proprietary,146,161,516740,220,361257,142,159,787975,216,545342,,,,,,3,3,50337,6,50337,,,,,
778000,NEW CASTLE SCHOOL OF TRADES,PA,161018739,Proprietary,504,635,2151490,1372,1678061,487,588,1601412,1288,1264798,,,,,,36,48,314542,116,275202,,,,,
778300,MIDDLE TENNESSEE SCHOOL OF ANESTHESIA,TN,371150417,Private-Nonprofit,,,,,,,,,,,156,157,3191168,309,2132052,,,,,,138,138,8407104,276,5619022
783900,TRIANGLE TECH,PA,152143897,Proprietary,7,7,27634,14,27634,9,9,34866,18,34866,,,,,,1,1,7000,2,7000,,,,,
784500,NEW ENGLAND INSTITUTE OF TECHNOLOGY,RI,028181205,Private-Nonprofit,1441,2019,5280196,3789,5280196,1511,2128,5884295,4030,5884295,121,198,2274489,347,2274489,155,228,3459439,413,3459439,20,40,497746,57,497746
787000,HILLSBOROUGH COMMUNITY COLLEGE,FL,336143572,Public,4841,5187,15387406,7657,13904817,4394,4572,17863289,6836,16126819,,,,,,36,38,443938,59,406082,,,,,
787100,GEORGE C. WALLACE STATE COMMUNITY COLLEGE,AL,350772000,Public,1092,1126,3574492,1861,3407668,1023,1062,4415196,1743,4191642,,,,,,8,9,109483,16,92233,,,,,
787400,UNIVERSITY OF CALGARY,,T2N 1N4,Foreign-Private,14,14,66000,26,66000,15,15,47500,28,47500,9,9,142432,19,128933,4,4,89551,9,89551,5,5,110375,18,110375
788100,AMERICAN UNIVERSITY OF PARIS,,75007,Foreign-Private,135,135,566804,246,566804,168,168,628809,306,628809,67,67,1140339,136,1140339,104,104,4428296,211,4428296,41,41,1229675,115,1229675
789300,FLAGLER COLLEGE,FL,320844342,Private-Nonprofit,997,1169,4367423,2057,4353375,1240,1382,4410290,2447,4389290,13,16,233575,23,233575,334,378,7621055,641,7614709,,,,,
790000,BUTTE ACADEMY OF BEAUTY CULTURE,MT,597019197,Proprietary,3,3,4152,6,4152,4,4,6306,8,6306,,,,,,,,,,,,,,,
791200,THADDEUS STEVENS COLLEGE OF TECHNOLOGY,PA,176023198,Public,538,567,1551112,1045,1551112,534,604,1821798,1129,1818548,,,,,,59,60,594924,111,594924,,,,,
791600,FRANKLIN COUNTY CAREER AND TECHNOLOGY CENTER,PA,172028895,Public,38,48,130341,63,103108,35,44,165212,57,121171,,,,,,2,2,11632,2,11632,,,,,
792100,PAUL MITCHELL THE SCHOOL ARKANSAS,AR,727035318,Proprietary,55,69,200374,115,177615,58,74,248147,123,221228,,,,,,2,2,26242,4,26242,,,,,
793000,CONCORDE CAREER COLLEGE,CA,921131962,Proprietary,684,800,2609666,1552,2276369,684,770,3634320,1532,3146429,,,,,,118,127,1315117,258,1148765,,,,,
793300,FRONT RANGE COMMUNITY COLLEGE,CO,800312199,Public,2570,2571,8550147,4044,7292069,2390,2393,11625952,3781,9838586,,,,,,50,51,715173,94,689789,,,,,
793700,MS ROBERTS ACADEMY OF BEAUTY CULTURE,IL,601621305,Proprietary,24,24,73357,31,53054,23,23,63845,30,45125,,,,,,,,,,,,,,,
793800,LINCOLN COLLEGE OF TECHNOLOGY,IN,462684198,Proprietary,7605,9612,31204213,15719,27096524,7608,10226,35504484,16708,30765564,,,,,,1566,2034,19200691,3462,17261039,,,,,
794100,SALON PROFESSIONAL ACADEMY (THE),IA,506135061,Proprietary,45,53,160218,89,134593,38,46,166921,77,137979,,,,,,,,,,,,,,,
794800,WILMINGTON UNIVERSITY,DE,197206491,Private-Nonprofit,2200,2220,8615116,4210,7710227,2324,2352,12757575,4421,11429058,1625,1640,27006166,3212,23830785,45,46,449230,81,435554,94,95,1731589,185,1626042
795000,WEST SHORE COMMUNITY COLLEGE,MI,494540000,Public,31,31,106666,57,106666,38,39,168855,71,168855,,,,,,,,,,,,,,,
795400,NORMANDALE COMMUNITY COLLEGE,MN,554314399,Public,1237,1345,3907362,2060,3907362,1357,1650,5638519,2481,5638519,,,,,,3,4,49672,7,49672,,,,,
799300,"CALIFORNIA STATE UNIVERSITY, BAKERSFIELD",CA,933111022,Public,2028,2176,7812015,3476,7812015,1783,1967,8456941,3127,8456941,435,499,6329395,809,6329395,31,34,398550,57,398550,12,17,202888,25,202888
806700,LOUISIANA STATE UNIVERSITY HEALTH SCIENCES CENTER IN SHREVEPORT,LA,711303932,Public,18,18,69864,26,67780,16,17,107491,26,103991,752,813,23083395,1466,23083395,,,,,,409,501,7651937,879,7651937
807100,CONCORDE CAREER COLLEGE,CA,928409201,Proprietary,701,918,2857351,1795,2427704,706,872,4018253,1729,3443747,,,,,,87,109,957681,212,753643,,,,,
807300,BUTTE COLLEGE,CA,959658399,Public,449,479,1344313,872,1344313,387,416,1410067,761,1410067,,,,,,11,11,154256,20,154256,,,,,
807800,SPRINGFIELD TECHNICAL COMMUNITY COLLEGE,MA,011019000,Public,841,842,2523103,1344,2300774,577,577,2400401,925,2230147,,,,,,2,3,15149,4,15149,,,,,
808000,STATE FAIR COMMUNITY COLLEGE,MO,653012199,Public,473,537,1571177,1611,1439873,427,499,1595502,1490,1473027,,,,,,20,22,163440,60,150818,,,,,
812900,"ADULT & COMMUNITY EDUCATION, COLUMBUS CITY SCHOOLS",OH,432112017,Public,100,126,340244,219,286556,92,108,432297,182,358912,,,,,,,,,,,,,,,
813300,ZANE STATE COLLEGE,OH,437012626,Public,167,177,455395,322,392749,68,73,224068,132,198219,,,,,,8,8,33497,14,27497,,,,,
814500,NASHVILLE STATE COMMUNITY COLLEGE,TN,372094515,Public,514,548,1514409,952,1514409,396,444,1445409,788,1445409,,,,,,7,8,42308,13,42308,,,,,
814700,UNIVERSIDAD AUTONOMA DE GUADALAJARA,,45100,Foreign-Private,,,,,,,,,,,985,1277,25938234,2013,21661024,,,,,,989,1287,92567456,2175,76879165
814800,UNIVERSITY OF WINNIPEG (THE),,R3B 2E9,Foreign-Private,6,6,23458,12,23458,11,11,60042,23,60042,,,,,,2,2,15000,4,15000,,,,,
815500,EVERGREEN STATE COLLEGE (THE),WA,985050002,Public,827,872,3397480,2142,3397480,753,802,3378144,1964,3370589,104,104,1807839,281,1807839,87,88,1805844,239,1802510,32,34,398297,85,398297
817500,HOWARD COMMUNITY COLLEGE,MD,210443197,Public,464,522,1512026,654,1512026,503,591,1903507,737,1903507,,,,,,21,23,286780,35,286780,,,,,
817800,EMPIRE BEAUTY SCHOOL,MI,495441635,Proprietary,1076,1194,3172454,1859,2579933,1035,1160,3889252,1855,3061550,,,,,,134,146,795268,242,679158,,,,,
818900,CONTINENTAL SCHOOL OF BEAUTY CULTURE,NY,142243402,Proprietary,83,90,210295,150,199598,86,98,279065,158,259184,,,,,,16,18,89817,31,89272,,,,,
820000,UPMC JAMESON SCHOOL OF NURSING,PA,161052595,Private-Nonprofit,204,273,864635,390,668477,215,301,1344812,440,1078360,,,,,,1,1,8000,1,8000,,,,,
822100,UNIVERSAL TECHNICAL INSTITUTE,AZ,853237946,Proprietary,6270,8210,27286071,14653,23894400,6569,8712,31143422,15944,27371610,,,,,,2482,3367,33498066,6334,29841337,,,,,
822800,SEWARD COUNTY COMMUNITY COLLEGE,KS,679011137,Public,66,77,227091,138,215841,38,47,139370,84,131702,,,,,,3,3,18000,6,18000,,,,,
824400,JOHNSON COUNTY COMMUNITY COLLEGE,KS,662101299,Public,1193,1322,3645096,2279,3566077,657,752,2601396,1383,2571824,,,,,,37,43,536228,78,505510,,,,,
825900,EDUCATORS OF BEAUTY COLLEGE OF COSMETOLOGY,IL,610813611,Proprietary,109,138,401081,234,343782,103,143,416664,241,347147,,,,,,13,14,141597,24,124698,,,,,
826000,IOWA SCHOOL OF BEAUTY,IA,503223203,Proprietary,56,75,218100,131,192083,64,88,260803,157,231758,,,,,,9,14,70108,26,64913,,,,,
826300,AWARD BEAUTY SCHOOL-,MD,217405624,Proprietary,235,242,675971,345,488634,229,236,1015413,338,716712,,,,,,11,11,44000,19,38000,,,,,
827800,TERRA STATE COMMUNITY COLLEGE,OH,434209670,Public,331,370,1080576,613,983397,332,367,1227394,625,1130730,,,,,,15,22,152075,40,149575,,,,,
828400,MITCHELL TECHNICAL COLLEGE,SD,573019931,Public,226,262,833989,436,732319,321,381,1478856,642,1286799,,,,,,18,18,166059,36,166059,,,,,
830300,GATEWAY COMMUNITY COLLEGE,AZ,850341795,Public,884,933,2462956,1547,2397711,320,361,1065730,597,1022492,,,,,,,,,,,,,,,
830400,SCOTTSDALE COMMUNITY COLLEGE,AZ,852562626,Public,456,487,1317482,829,1301891,225,257,841675,443,811592,,,,,,6,6,70470,12,70470,,,,,
830800,CECIL COLLEGE,MD,219011999,Public,89,89,298801,158,274554,127,132,492210,245,463275,,,,,,5,5,30808,10,30808,,,,,
831000,AUBURN UNIVERSITY MONTGOMERY,AL,361173596,Public,1297,1444,5198819,2581,5061190,1250,1373,4786687,2458,4587860,573,649,8937982,1111,8384635,134,191,1642476,353,1575275,105,161,1509738,254,1212929
836200,UNIVERSITY OF ALBERTA (THE),,T6G 2R3,Foreign-Private,5,5,25000,10,25000,8,8,41000,16,41000,10,10,178160,20,178160,4,4,70600,9,70600,1,1,11546,2,11546
836300,MOUNT SAINT VINCENT UNIVERSITY,,B3M 2J6,Foreign-Private,,,,,,,,,,,1,1,20500,2,20500,,,,,,,,,,
836400,SAINT MARY'S UNIVERSITY,,B3H 3C3,Foreign-Private,10,10,43966,19,43966,10,10,41434,19,41434,1,1,10500,2,10500,,,,,,,,,,
836500,CONCORDIA UNIVERSITY,,H3G 1M8,Foreign-Private,46,47,202201,84,194867,65,68,321384,126,306717,15,15,248631,24,199316,18,18,367308,33,347784,4,5,46798,7,31066
836600,UNIVERSITE DE MONTREAL,,H3T 1J4,Foreign-Private,2,2,7231,3,7231,1,1,7000,2,7000,3,3,26868,7,26868,,,,,,,,,,
836800,CARLETON UNIVERSITY,,K1S   5B6,Foreign-Private,15,15,67200,30,67200,20,20,79800,39,76800,2,2,24500,4,24500,5,5,94500,11,94500,1,2,30000,3,25000
836900,UNIVERSITY OF BRITISH COLUMBIA,,V6T   1Z4,Foreign-Private,64,64,294080,123,294080,107,107,482374,203,482374,57,57,901182,115,901182,48,50,1968201,99,1968201,21,21,706824,36,706824
837000,UNIVERSITY OF VICTORIA,,V8W   2Y2,Foreign-Public,22,22,99336,36,99336,34,34,168235,55,168235,7,10,100328,14,100328,16,16,362231,29,362231,4,6,68765,9,68765
837100,AMERICAN UNIVERSITY OF BEIRUT,,11-0236,Foreign-Private,20,20,84250,39,84250,19,19,45000,37,45000,4,4,81350,8,81350,8,9,142179,14,142179,1,1,4970,1,4970
837300,TEL AVIV UNIVERSITY,,69978,Foreign-Private,2,2,6250,3,6250,3,3,10500,5,10500,10,12,187250,24,187250,2,2,42989,3,42989,5,5,111358,10,111358
837600,VRIJE UNIVERSITEIT AMSTERDAM,,1081  HV,Foreign-Private,13,13,63500,26,63500,13,13,70500,26,70500,27,27,493886,54,493886,2,2,53623,4,53623,18,18,346678,36,346678
837700,UNIVERSITEIT VAN AMSTERDAM,,1012 WX,Foreign-Private,30,30,132180,59,132180,34,34,142620,65,142620,56,56,1046479,105,1036479,17,17,438010,33,438010,30,30,663576,58,663576
838000,UNIVERSITY OF WARWICK,,CV4 8UW,Foreign-Private,2,2,9000,6,9000,4,4,21500,12,21500,11,11,222433,32,222433,1,1,55951,3,55951,9,9,266202,24,266202
838300,UNIVERSITY OF GLASGOW,,G12 8QQ,Foreign-Private,73,73,327500,146,327500,86,86,295872,172,295872,335,335,6617386,808,6610552,44,45,1824426,89,1824426,281,281,13886269,674,13886269
839400,UNIVERSITY OF OXFORD,,OX1   2JD,Foreign-Private,,,,,,,,,,,35,35,690969,100,569344,,,,,,24,25,1125263,73,869649
839800,UNIVERSITY OF SHEFFIELD (THE),,SI0 2TN,Foreign-Private,5,5,21500,10,21500,6,6,15500,12,15500,12,12,234430,23,234430,4,4,152322,8,152322,8,8,307565,15,307565
839900,UNIVERSITY OF SOUTHAMPTON,,S017 1BJ,Foreign-Private,7,7,29500,16,29500,7,7,26500,14,26500,9,9,182667,25,172417,5,5,182557,11,182557,9,9,236179,22,234429
840300,INDIAN HILLS COMMUNITY COLLEGE,IA,525011398,Public,537,600,1731204,1397,1528753,532,583,1818011,1395,1601769,,,,,,12,13,77826,29,76425,,,,,
840400,BROOKDALE COMMUNITY COLLEGE,NJ,077381597,Public,496,510,1753920,799,1596113,620,649,2638920,1032,2431503,,,,,,43,45,362365,72,356615,,,,,
842400,LA' JAMES INTERNATIONAL COLLEGE,IA,505015577,Proprietary,16,20,60939,32,48939,16,20,76810,32,59297,,,,,,1,1,13579,1,6790,,,,,
843700,CLINTON-ESSEX-WARREN-WASHINGTON BOCES,NY,129010455,Public,10,18,45400,54,43650,10,18,65208,54,62208,,,,,,,,,,,,,,,
844400,SIMON FRASER UNIVERSITY,,V5A 1S6,Foreign-Public,10,10,38987,22,38987,15,15,69678,29,69678,15,15,224679,43,224679,6,6,154998,12,154998,3,3,22116,8,22116
844600,UNIVERSITY OF WESTERN ONTARIO (THE),,N6A 3K6,Foreign-Private,8,8,36705,16,36705,10,10,35295,19,35295,4,4,64455,9,64455,7,7,173165,12,173165,3,3,95412,8,95412
844900,ACADIA UNIVERSITY,,B4P 2R6,Foreign-Private,1,1,5500,2,5500,2,2,9500,4,9500,,,,,,,,,,,,,,,
845200,ABERYSTWYTH UNIVERSITY,,SY23 3BF,Foreign-Private,41,41,175863,80,175863,55,55,219500,105,219500,16,16,307833,46,307833,29,29,601798,56,601798,12,12,169769,34,169769
845800,LOUGHBOROUGH UNIVERSITY,,LE11  3TU,Foreign-Private,3,3,11500,5,11500,4,4,16500,7,16500,7,7,135000,12,85929,1,1,56363,1,56363,6,6,206898,10,118530
846000,UNIVERSITY OF NEWCASTLE UPON TYNE,,NE1   7RU,Foreign-Private,8,8,34667,22,34667,11,11,48167,31,48167,16,16,320500,48,320500,6,6,199399,16,199399,15,15,391871,44,391871
846100,UNIVERSITY OF SAINT ANDREWS,,KY16 0US,Foreign-Private,104,104,451140,203,451140,166,166,713076,329,713076,88,88,1684571,257,1677737,83,83,3712296,165,3712296,57,57,1903097,170,1875426
846600,SOUTHWESTERN COMMUNITY COLLEGE,NC,287798581,Public,77,83,237817,506,233199,83,92,342254,565,333068,,,,,,1,1,12000,8,12000,,,,,
849200,CHI HEALTH SCHOOL OF RADIOLOGIC TECHNOLOGY,NE,681229832,Private-Nonprofit,14,14,69075,42,69075,9,9,44805,27,44805,,,,,,1,1,7923,3,7923,,,,,
849400,HOHOKUS SCHOOL OF TRADE AND TECHNICAL SCIENCES,NJ,075131402,Proprietary,270,296,876315,517,764148,254,279,999561,481,840488,,,,,,84,84,714831,157,669406,,,,,
849500,JAMESTOWN BUSINESS COLLEGE,NY,147020429,Proprietary,3,3,6610,5,6610,4,4,13518,7,13518,,,,,,,,,,,,,,,
851200,"UNIVERSITY OF THE WEST INDIES, MONA CAMPUS THE",,7,Foreign-Private,,,,,,,,,,,2,2,26328,4,26328,,,,,,,,,,
852600,UNIVERSITY OF WATERLOO,,N2L 3G1,Foreign-Private,1,1,5500,2,5500,1,1,2000,2,2000,3,3,40646,6,40646,,,,,,2,2,37497,4,37497
853700,CONCORDE CAREER COLLEGE,CA,924083403,Proprietary,1000,1190,3848952,2398,3282694,1002,1160,5307834,2366,4479577,,,,,,78,85,811975,176,710792,,,,,
854300,ATLANTA TECHNICAL COLLEGE,GA,303104499,Public,2230,2508,6834087,7073,6747559,2115,2303,9035086,6650,8919810,,,,,,,,,,,,,,,
855200,STEVENS - THE INSTITUTE OF BUSINESS & ARTS,MO,631030000,Proprietary,79,131,489008,295,382016,81,121,520314,275,408290,,,,,,1,2,19105,5,16812,,,,,
855700,NASH COMMUNITY COLLEGE,NC,278040488,Public,179,179,617356,294,519475,171,171,694409,278,570245,,,,,,,,,,,,,,,
856800,VET TECH INSTITUTE,PA,152223400,Proprietary,209,266,804433,404,683633,228,388,879361,577,765837,,,,,,73,95,1004262,153,860691,,,,,
858200,WILFRID LAURIER UNIVERSITY,,N2L   3C5,Foreign-Private,4,4,18250,7,18250,4,4,17000,7,17000,,,,,,1,1,9157,1,9157,,,,,
858600,SWANSEA UNIVERSITY,,SA2 8PP,Foreign-Private,11,11,45392,22,45392,11,11,39108,22,39108,4,4,82000,9,82000,5,5,188306,10,188306,4,4,87250,7,87250
858700,UNIVERSITY OF DURHAM,,DH1 3LE,Foreign-Private,17,17,75000,51,75000,18,18,49000,54,49000,64,64,1262490,190,1262490,16,16,604679,48,604679,54,56,1573742,169,1573742
859600,WEST LOS ANGELES COLLEGE,CA,902303500,Public,312,346,1209087,646,1141373,303,338,1629036,628,1544750,,,,,,2,2,64575,3,50075,,,,,
859700,FEATHER RIVER COLLEGE,CA,959719124,Public,110,110,354617,189,351688,111,115,415960,204,412960,,,,,,10,10,138828,18,138828,,,,,
861100,HOSTOS COMMUNITY COLLEGE OF THE CITY UNIVERSITY OF NEW YORK,NY,104512946,Public,335,352,1057509,665,1057138,212,222,747643,424,747643,,,,,,,,,,,,,,,
864500,EMPIRE BEAUTY SCHOOLS,NH,031069716,Proprietary,192,219,596965,376,528133,234,269,868735,461,754171,,,,,,46,51,453153,95,434575,,,,,
865300,JEFFERSON COUNTY DUBOIS AREA VOCATIONAL TECHNICAL SCHOOL,PA,158511199,Public,19,24,71963,45,62378,22,27,101785,48,90903,,,,,,1,1,5000,2,5000,,,,,
865500,GENESIS CAREER COLLEGE,TN,385011959,Proprietary,227,232,693424,382,542353,223,228,952548,377,743142,,,,,,10,11,40318,19,31003,,,,,
865800,O'BRIENS AVEDA INSTITUTE,VT,054959998,Proprietary,11,11,31440,20,28231,11,11,41635,20,36135,,,,,,,,,,,,,,,
865900,LAUREL RIDGE COMMUNITY COLLEGE,VA,226450047,Public,87,90,273211,128,273211,158,167,594559,234,594559,,,,,,2,2,7500,3,7500,,,,,
866000,GERMANNA COMMUNITY COLLEGE,VA,225082102,Public,185,198,593092,260,593092,345,383,1378251,517,1375251,,,,,,5,5,21287,6,21287,,,,,
866500,UNIVERSITY OF KENT,,CT2 7NZ,Foreign-Private,14,14,65000,28,65000,17,17,61000,34,61000,16,16,313982,37,295286,8,8,340558,20,340558,14,14,479725,36,458526
867000,UNIVERSITY OF NEW SOUTH WALES (THE),,2052,Foreign-Private,,,,,,,,,,,1,1,20500,1,20500,,,,,,1,1,3051,1,3051
867700,NORTHWEST STATE COMMUNITY COLLEGE,OH,435029542,Public,251,254,770037,430,712787,47,48,162245,91,155870,,,,,,,,,,,,,,,
868700,UNIVERSITY OF ESSEX,,CO4 3SQ,Foreign-Private,15,15,69564,43,69564,18,18,72936,51,72936,41,42,815985,106,685672,9,9,266879,24,266879,35,36,1001664,90,835798
869300,"CITY ST GEORGE'S, UNIVERSITY OF LONDON",,EC1V 0HB,Foreign-Private,4,4,18000,12,18000,6,6,36000,18,36000,49,49,943859,142,943859,3,3,176696,9,176696,49,49,2249569,146,2249569
869400,RASMUSSEN UNIVERSITY,MN,563013713,Proprietary,15260,21207,56491765,35614,45291248,15811,21318,87167554,35726,69549407,400,544,7597448,933,6190571,151,218,2622804,386,2196185,9,15,115703,27,91958
884300,ALASKA BIBLE COLLEGE,AK,996456619,Private-Nonprofit,3,3,10412,5,8162,1,1,940,1,470,,,,,,1,1,2800,1,2800,,,,,
884600,WRIGHT INSTITUTE (THE),CA,947041796,Private-Nonprofit,,,,,,,,,,,210,210,5648248,627,5615248,,,,,,163,163,7566637,526,7467516
884800,WARNER UNIVERSITY,FL,338598725,Private-Nonprofit,453,483,1636172,943,1629172,500,539,1544317,1039,1540151,53,68,809527,174,802694,170,228,3097789,417,3097789,3,3,42660,7,42660
884900,PALM BEACH ATLANTIC UNIVERSITY,FL,334016505,Private-Nonprofit,999,1017,3765718,1789,3742138,1191,1259,3996570,2215,3967149,399,581,9319992,873,8570596,290,336,6767115,551,6755701,153,219,4682705,324,4087951
885500,EDGECOMBE COMMUNITY COLLEGE,NC,278869399,Public,309,332,957519,548,917828,262,298,748559,483,685245,,,,,,,,,,,,,,,
885900,JOHN A GUPTON COLLEGE,TN,372032934,Private-Nonprofit,32,50,81527,96,77717,28,45,113258,91,110383,,,,,,,,,,,,,,,
886000,SIT,VT,053024801,Private-Nonprofit,,,,,,4,4,33982,6,33982,27,27,511226,57,391472,,,,,,16,26,515513,48,474862
886200,EAST CENTRAL COLLEGE,MO,630840529,Public,257,257,868940,408,820540,234,235,915290,374,872649,,,,,,7,7,87182,12,87182,,,,,
886400,ARIZONA ACADEMY OF BEAUTY,AZ,857125021,Proprietary,24,25,61808,35,46348,20,21,73231,31,55083,,,,,,,,,,,,,,,
887100,CONCORDE CAREER COLLEGE,CO,800104314,Proprietary,1460,1856,5916164,3740,4944206,1501,1890,8512836,3871,7147171,,,,,,115,129,1750912,254,1356640,,,,,
888000,MORRISON INSTITUTE OF TECHNOLOGY,IL,612702959,Private-Nonprofit,39,40,150246,78,150246,40,40,110750,79,110750,,,,,,22,24,149638,47,149638,,,,,
888600,PORTAGE LAKES CAREER CENTER,OH,446859554,Public,101,101,244319,227,244319,99,106,312772,241,312772,,,,,,7,7,72900,14,72900,,,,,
888700,CONCORDE CAREER COLLEGE,OR,972322242,Proprietary,726,856,2859963,1739,2475557,718,834,3784728,1701,3270778,,,,,,40,42,467254,83,412798,,,,,
889600,PIKES PEAK STATE COLLEGE,CO,809065498,Public,2100,2169,6963212,3489,5936144,811,959,3097622,1725,2729540,,,,,,27,29,247738,48,232023,,,,,
890200,COLUMBIA CENTRAL UNIVERSITY,PR,007258517,Proprietary,435,440,1372595,698,1372595,335,337,1420521,529,1420521,143,144,1543099,238,1543099,,,,,,,,,,
890300,COLLEGE OF THE CANYONS,CA,913551899,Public,215,215,620738,616,587346,214,214,854284,609,805210,,,,,,8,8,144344,24,125076,,,,,
890600,MACOMB COMMUNITY COLLEGE,MI,480883896,Public,2303,2350,6762950,3343,5604587,574,632,1637240,850,1523319,,,,,,,,,,,,,,,
890800,UNIVERSITY OF BIRMINGHAM (THE),,B15 2TT,Foreign-Private,8,8,36000,16,36000,10,10,37500,20,37500,18,18,338758,36,338758,7,7,323421,14,323421,18,18,750581,35,750581
891600,NEW ENGLAND LAW | BOSTON,MA,021165687,Private-Nonprofit,,,,,,,,,,,788,813,15552045,1593,15552045,,,,,,667,845,27844503,1634,27844503
891800,SADDLEBACK COLLEGE,CA,926923699,Public,301,301,837227,870,828227,291,291,1193904,832,1183404,,,,,,,,,,,,,,,
892000,UNIVERSITY OF NOTTINGHAM,,NG7 2RD,Foreign-Private,3,3,14416,6,14416,3,3,6084,6,6084,20,20,390500,39,270323,2,2,103657,4,103657,9,9,225709,17,146902
893800,GRAHAM HOSPITAL SCHOOL OF NURSING,IL,615202497,Private-Nonprofit,13,13,39807,17,39807,12,12,50193,16,50193,,,,,,,,,,,,,,,
894600,MICHIGAN COLLEGE OF BEAUTY,MI,483291618,Proprietary,34,34,95124,54,80205,33,33,108288,55,90517,,,,,,1,1,4000,2,4000,,,,,
895500,SALON PROFESSIONAL ACADEMY (THE),PA,166012419,Proprietary,135,152,385947,270,351680,155,183,543387,327,494488,,,,,,11,16,84714,29,71823,,,,,
895900,CLARKSBURG BEAUTY ACADEMY & SCHOOL OF MASSAGE THERAPY,WV,263012903,Proprietary,33,34,108401,60,96971,37,38,150617,67,132590,,,,,,1,1,5600,2,5600,,,,,
897600,CLAYTON STATE UNIVERSITY,GA,302600285,Public,1998,2170,7763919,3594,7520972,1882,2083,8386988,3442,8059104,394,430,6105102,673,5965329,168,212,1418368,340,1414353,32,37,263583,52,263583
900600,UNIVERSITY OF SALFORD (THE),,M5 4WT,Foreign-Private,4,4,18000,8,18000,3,3,15000,6,15000,4,4,82000,11,75166,1,1,23000,2,23000,2,2,15500,6,15500
901000,MADISONVILLE COMMUNITY COLLEGE,KY,424319199,Public,346,368,1099703,665,1087273,314,358,1177664,634,1148012,,,,,,4,4,28765,6,28765,,,,,
902200,ASSOCIATED TECHNICAL COLLEGE,CA,900171604,Proprietary,123,123,353418,166,286918,121,121,466275,161,371810,,,,,,2,2,8250,2,5500,,,,,
902900,NEIGHBORHOOD PLAYHOUSE SCHOOL OF THE THEATRE (THE),NY,100225017,Private-Nonprofit,30,30,103239,60,103239,29,29,157396,58,157396,,,,,,2,2,50000,4,50000,,,,,
904700,AMERITAS COLLEGE,WV,257012004,Private-Nonprofit,151,164,453978,272,337695,142,153,554469,257,382714,,,,,,,,,,,,,,,
905400,WEST VIRGINIA NORTHERN COMMUNITY COLLEGE,WV,260033699,Public,130,186,324382,353,315632,137,201,443394,380,427599,,,,,,,,,,,,,,,
905800,BETHEL UNIVERSITY,MN,551126999,Private-Nonprofit,782,832,3320407,1572,3307155,977,1037,4187476,1944,4174776,455,584,7254314,971,7032216,148,160,2826766,281,2826766,59,98,1522881,151,1496841
908400,"UNIVERSITY OF LONDON, BIRKBECK",,WC1 E7HX,Foreign-Private,7,7,30500,21,30500,8,8,46500,22,46500,38,38,733978,97,680404,,,,,,32,33,1334073,90,1260310
908500,KING'S COLLEGE LONDON,,WC2R 2LS,Foreign-Private,34,34,156286,68,156286,39,39,137714,78,137714,145,145,2839753,429,2124071,22,22,1123796,44,1123796,123,123,5937428,362,4432640
908600,UNIVERSITY OF LONDON - ROYAL HOLLOWAY,,TW20  0EX,Foreign-Private,12,12,56000,24,56000,14,14,45670,28,45670,12,12,226927,25,226927,8,8,389686,17,389686,10,11,378529,24,378529
908900,HANNIBAL - LAGRANGE UNIVERSITY,MO,634011999,Private-Nonprofit,187,187,690122,350,680247,192,199,700357,367,681107,31,31,335402,52,318320,16,16,180970,28,180970,,,,,
914500,GOVERNORS STATE UNIVERSITY,IL,604660975,Public,973,1000,4130157,1636,3720177,894,943,4184906,1563,3759513,699,767,12700512,1260,11786680,32,35,389371,55,362277,154,203,2754840,295,2695622
915600,WAYNE COUNTY SCHOOLS CAREER CENTER,OH,446779672,Public,39,39,106992,93,75173,38,38,120410,92,91172,,,,,,,,,,,,,,,
915700,WYOTECH,WY,820709049,Proprietary,866,1266,3049993,2396,2891138,956,1553,2808763,2945,2685096,,,,,,734,1242,16649746,2348,15797371,,,,,
915900,PAUL D. CAMP COMMUNITY COLLEGE,VA,238510737,Public,48,51,134871,90,131445,66,72,212747,129,208097,,,,,,5,5,50392,10,50392,,,,,
916300,SAN ANTONIO COLLEGE,TX,782124299,Public,1215,1466,3765558,2307,3765558,1122,1504,4296262,2351,4296262,,,,,,15,16,105019,24,105019,,,,,
918500,ROSE STATE COLLEGE,OK,731102799,Public,1024,1078,3439582,1908,3297020,921,982,4101622,1725,3901974,,,,,,9,9,71640,16,64741,,,,,
919400,LAKESHORE TECHNICAL COLLEGE,WI,530151412,Public,20,20,62688,35,62688,6,7,22604,12,22604,,,,,,,,,,,,,,,
922600,FRANCIS MARION UNIVERSITY,SC,295020000,Public,1168,1201,4528081,2115,4501505,1220,1337,4568014,2343,4536748,174,191,2876698,319,2834856,198,212,1867842,367,1845993,69,88,1026934,116,959512
923000,WAYNE COUNTY COMMUNITY COLLEGE DISTRICT,MI,482263010,Public,983,1058,3261139,1978,3244556,871,1058,3350460,1947,3322159,,,,,,,,,,,,,,,
923100,WASHINGTON COUNTY COMMUNITY COLLEGE,ME,046199704,Public,56,56,201711,108,197211,61,61,168513,117,160013,,,,,,2,2,12461,4,12461,,,,,
923200,CATHOLIC THEOLOGICAL UNION AT CHICAGO,IL,606155698,Private-Nonprofit,,,,,,,,,,,1,1,4042,2,4042,,,,,,,,,,
923600,NASHUA COMMUNITY COLLEGE,NH,030632052,Public,187,190,566892,333,555430,204,208,903197,372,892736,,,,,,1,1,7500,2,7500,,,,,
924800,SAMARITAN HOSPITAL SCHOOL OF NURSING,NY,121802475,Private-Nonprofit,89,89,277092,146,277092,98,99,458663,162,458663,,,,,,2,2,10200,2,10200,,,,,
924900,UNIVERSITY OF LIVERPOOL (THE),,L69   7ZX,Foreign-Private,9,9,42500,18,42500,11,11,39000,22,39000,16,16,295297,37,281631,5,5,193350,10,193350,16,16,530528,44,504850
925200,BROCK UNIVERSITY,,L2S   3A1,Foreign-Private,2,2,10000,4,10000,2,2,4000,4,4000,,,,,,,,,,,,,,,
925600,MORAINE PARK TECHNICAL COLLEGE,WI,549361940,Public,532,548,1471781,808,1471781,238,245,748754,371,748754,,,,,,1,1,12000,2,12000,,,,,
925900,LARAMIE COUNTY COMMUNITY COLLEGE,WY,820073299,Public,639,645,2029357,1043,2010937,669,694,2861553,1129,2834743,,,,,,6,7,52015,13,52015,,,,,
927200,CRAFTON HILLS COLLEGE,CA,923991799,Public,9,10,24250,20,24250,11,11,44700,22,44700,,,,,,,,,,,,,,,
927500,NORTHERN KENTUCKY UNIVERSITY,KY,410990001,Public,2708,2980,10427055,4809,10289828,3112,3519,14254417,5769,14069262,2988,3843,47759646,5651,47111147,267,313,3180779,505,3096371,1432,1930,17451575,2813,16712006
928400,BRITTANY BEAUTY SCHOOL,NY,117561345,Proprietary,156,166,384480,277,328474,158,166,607017,277,522099,,,,,,5,5,40125,9,38747,,,,,
931400,GREAT FALLS COLLEGE MONTANA STATE UNIVERSITY,MT,594054907,Public,405,428,1182999,802,1181249,388,408,1584175,769,1583635,,,,,,1,1,15000,2,15000,,,,,
933300,UNIVERSITY OF ILLINOIS SPRINGFIELD,IL,627035407,Public,720,797,3053146,1288,2872390,750,869,3749376,1424,3514495,607,844,8775284,1222,8274715,51,68,615119,105,595137,53,75,387998,95,384236
934400,RAMAPO COLLEGE OF NEW JERSEY,NJ,074301680,Public,1319,1345,5354517,2434,5231807,1738,1789,7329416,3282,7163257,213,246,3765117,425,3693367,354,407,5957837,687,5866838,24,24,355158,43,340023
934500,STOCKTON UNIVERSITY,NJ,082059441,Public,2839,2841,11599137,5259,11589456,3286,3389,12497292,6309,12479592,513,514,8958985,962,8958985,582,703,10525228,1160,10525228,138,213,2582230,299,2582230
936700,UNIVERSITY OF PRINCE EDWARD ISLAND,,C1A   4P3,Foreign-Private,,,,,,,,,,,11,11,225500,11,112750,,,,,,,,,,
936800,UNIVERSITY OF ABERDEEN,,AB24 3FX,Foreign-Private,31,31,137942,60,137942,45,45,191358,89,191358,36,36,676993,85,612078,25,25,877791,50,877791,31,31,918828,70,816976
938700,PERRY TECHNICAL INSTITUTE,WA,989031239,Private-Nonprofit,808,978,2526879,1853,2525379,702,849,1978832,1601,1976832,,,,,,34,47,654827,85,654827,,,,,
940100,COLORADO CHRISTIAN UNIVERSITY,CO,802267449,Private-Nonprofit,3204,4465,14256332,6530,11871689,3217,4250,20618875,6303,17001617,1121,1305,20437879,2164,14189352,209,217,4333059,378,4272194,83,100,1215139,149,889043
941200,FORTIS COLLEGE,OH,442212998,Proprietary,1287,1800,4864054,3637,3949607,1312,1736,6861339,3515,5558992,,,,,,70,81,467675,169,378211,,,,,
941900,STATE COLLEGE OF BEAUTY CULTURE,WI,544034667,Proprietary,24,24,71119,47,69369,22,22,67881,40,66187,,,,,,2,2,16689,3,11066,,,,,
942300,ROYAL COLLEGE OF ART,,SW7 2EU,Foreign-Private,,,,,,,,,,,38,38,754833,112,754833,,,,,,34,34,1860052,103,1860052
942800,TECHNION-ISRAEL INSTITUTE OF TECHNOLOGY,,32000,Foreign-Private,,,,,,,,,,,13,13,252000,13,211000,,,,,,11,11,397944,11,241972
944200,UNIVERSITY OF EXETER,,EX4   4QJ,Foreign-Private,15,15,71250,28,71250,17,17,63500,32,63500,24,24,492000,67,492000,10,11,378720,20,378720,26,30,1130975,78,1130975
944400,UNIVERSITY OF LANCASTER,,LA1 4YW,Foreign-Private,2,2,9000,6,9000,2,2,4000,6,4000,2,2,41000,8,41000,2,2,96985,6,96985,3,3,111096,11,103018
944900,PENNCO TECH,PA,190073696,Proprietary,568,620,1737988,1023,1512698,572,668,2262430,1102,1947040,,,,,,128,139,1130402,241,982681,,,,,
945900,EMPIRE BEAUTY SCHOOL,ME,044016534,Proprietary,812,935,2582987,1507,2142824,809,941,3247605,1542,2647637,,,,,,90,107,708549,197,628204,,,,,
947500,EDUCATORS OF BEAUTY COLLEGE OF COSMETOLOGY,IL,613543101,Proprietary,35,44,136113,82,126488,39,47,149961,87,136795,,,,,,6,6,52367,11,51748,,,,,
947900,ST. PAUL'S SCHOOL OF NURSING,NY,103111004,Proprietary,559,706,2447689,1105,2066476,569,743,3226655,1140,2734092,,,,,,36,45,742738,75,610916,,,,,
948600,TRINITY WESTERN UNIVERSITY,,V2Y 1Y1,Foreign-Private,15,15,73500,28,73500,19,19,67796,33,67796,,,,,,1,1,21754,2,21754,,,,,
950000,MEMORIAL UNIVERSITY OF NEWFOUNDLAND,,A1C5S7,Foreign-Private,2,2,10000,4,10000,3,3,11500,6,11500,5,5,49963,15,49963,2,3,26000,6,26000,,,,,
950100,UNIVERSITY OF KING'S COLLEGE,,B3H 2A1,Foreign-Private,3,3,13770,6,13770,4,4,20730,8,20730,,,,,,,,,,,,,,,
950300,MOUNT ALLISON UNIVERSITY,,E4L  1E4,Foreign-Private,2,2,9000,3,9000,5,5,31000,7,27250,,,,,,2,2,39056,3,39056,,,,,
950700,GEORGIA HIGHLANDS COLLEGE,GA,301611864,Public,909,985,3026981,1499,2842467,901,967,4524120,1487,4231738,,,,,,5,5,60683,12,60683,,,,,
950900,CHARLES A. JONES CAREER AND EDUCATION CENTER,CA,958241529,Public,1,1,1212,2,1212,1,1,709,2,709,,,,,,,,,,,,,,,
951500,J. MICHAEL HARROLD BEAUTY ACADEMY,IN,478073390,Proprietary,61,69,183133,112,161283,60,70,150052,113,134947,,,,,,14,16,74017,26,72014,,,,,
953000,GERBER AKRON BEAUTY SCHOOL,OH,443136995,Proprietary,4,4,9906,4,4954,1,1,1667,1,834,,,,,,,,,,,,,,,
953100,SPA SCHOOL (THE),OH,432141524,Proprietary,82,83,249765,125,186395,79,80,298198,123,230749,,,,,,9,9,83700,17,78300,,,,,
953500,STAUNTON SCHOOL OF COSMETOLOGY,VA,244014323,Proprietary,20,20,65333,33,54166,23,23,93473,36,72003,,,,,,4,4,38000,5,23500,,,,,
953700,ASHER INSTITUTE OF HAMPTON,VA,236664013,Proprietary,35,35,65985,43,64235,34,34,90033,42,87033,,,,,,,,,,,,,,,
954200,COMMUNITY COLLEGE OF DENVER,CO,802172026,Public,1519,1527,4942178,2397,4193490,1042,1050,4780468,1636,3937596,,,,,,10,10,124840,16,108092,,,,,
954300,RED ROCKS COMMUNITY COLLEGE,CO,802281255,Public,777,792,2612509,1269,2220190,315,321,1292702,516,1099556,76,77,1412557,151,1410057,4,5,55882,10,55882,38,57,1351008,92,1221915
954400,SPOKANE FALLS COMMUNITY COLLEGE,WA,992245204,Public,904,950,2851185,2271,2851185,846,894,3398648,2092,3398648,,,,,,7,7,78594,14,78594,,,,,
954900,WESTERN TEXAS COLLEGE,TX,795499501,Public,23,23,61162,70,59953,48,48,179691,158,172148,,,,,,9,9,98308,34,95066,,,,,
956700,TENNESSEE SCHOOL OF BEAUTY,TN,379213303,Proprietary,108,108,335437,182,290745,113,113,374393,189,312605,,,,,,9,9,124862,14,105244,,,,,
959000,SUMMIT SALON ACADEMY KANSAS CITY,MO,640551105,Proprietary,137,140,368146,254,336295,149,150,497559,282,455259,,,,,,13,13,63178,30,63178,,,,,
960700,HOUSE OF HEAVILIN BEAUTY COLLEGE,MO,641102826,Proprietary,46,52,151956,79,128723,45,51,161243,84,137030,,,,,,,,,,,,,,,
961700,CAPITOL BEAUTY SCHOOL,NE,681372325,Proprietary,95,113,373223,206,337163,95,112,336714,210,300198,,,,,,13,13,126595,25,122095,,,,,
961800,TULSA WELDING SCHOOL,OK,741043909,Proprietary,4537,4708,14403577,7834,12582572,4436,4621,20423951,7741,17621801,,,,,,957,1012,12638559,1832,11473189,,,,,
962100,HERZING UNIVERSITY,WI,537184236,Private-Nonprofit,7831,9952,31729002,14803,27141131,7580,9626,40535411,14587,34613282,3333,4394,62498618,6980,52488835,122,144,1532856,244,1345781,406,506,8359637,821,6846558
963400,UNIVERSITY OF OXFORD - ST CATHERINE'S COLLEGE,,OX1   3UJ,Foreign-Private,,,,,,,,,,,2,2,37500,5,37500,,,,,,1,1,57000,3,57000
963500,FLORIDA INTERNATIONAL UNIVERSITY,FL,331990001,Public,6709,12587,29592557,12643,29591811,5919,11544,30064709,11578,30062597,4628,9991,97900774,10124,97881611,297,586,4649938,589,4640905,2617,5264,46157714,5354,46152402
964700,OKLAHOMA STATE UNIVERSITY - OKLAHOMA CITY,OK,731076159,Public,958,982,3244050,1715,3016089,888,915,4154463,1586,3856906,,,,,,12,12,84551,22,84551,,,,,
965100,TEXAS A&M INTERNATIONAL UNIVERSITY,TX,780411900,Public,1638,1821,6308229,2850,6308229,1033,1128,4494009,1800,4494009,1060,1666,12562133,2289,12562133,30,34,214417,52,214417,12,20,145435,24,145435
965200,UNIVERSITY OF PUERTO RICO - PONCE,PR,007160000,Public,199,204,794151,345,794151,6,6,19200,8,19200,,,,,,,,,,,,,,,
966000,TIFFIN ACADEMY OF HAIR DESIGN,OH,448832833,Proprietary,37,44,125553,69,105362,37,45,132941,70,105802,,,,,,4,4,39325,7,39325,,,,,
966400,EMPIRE BEAUTY SCHOOL,PA,180525730,Proprietary,1145,1318,3497373,2131,2893326,1131,1312,4312974,2154,3477818,,,,,,170,197,1277075,341,1034427,,,,,
967300,RUDAE'S SCHOOL OF BEAUTY CULTURE,IN,468255444,Proprietary,72,87,250869,143,218667,69,82,288057,139,251693,,,,,,1,1,8530,2,8530,,,,,
968400,BLUE RIDGE COMMUNITY COLLEGE,NC,287319624,Public,87,89,292481,161,265308,93,97,416989,177,389531,,,,,,,,,,,,,,,
970400,NORTH SEATTLE COLLEGE,WA,981033599,Public,230,246,690031,523,680844,194,216,688557,450,676370,,,,,,,,,,,,,,,
970600,SOUTH SEATTLE COLLEGE,WA,981061499,Public,143,150,423730,310,408567,129,133,527486,270,505580,,,,,,,,,,,,,,,
970800,ELITE ACADEMY OF COSMETOLOGY,OK,735014303,Proprietary,57,61,176418,103,150277,58,63,158758,108,137011,,,,,,,,,,,,,,,
974000,INVER HILLS COMMUNITY COLLEGE,MN,550763224,Public,524,583,1645078,860,1634987,612,708,2675001,1026,2667751,,,,,,2,2,10291,2,10291,,,,,
974100,UNIVERSITY OF TEXAS AT DALLAS,TX,750801407,Public,4122,4332,17580643,7619,17580594,3849,4051,15944008,7136,15940258,1074,1330,16401822,2061,16372115,552,650,9633550,1054,9633341,221,296,2795742,412,2787908
974300,BELLEVUE UNIVERSITY,NE,680053098,Private-Nonprofit,3239,4462,15156949,8251,12402219,3311,4402,22194826,7941,18029036,1786,2386,38741740,5311,30515303,50,53,824754,149,786207,633,774,10133219,1705,8537042
974400,FOX VALLEY TECHNICAL COLLEGE,WI,549122277,Public,1172,1236,3874513,3511,3569502,1110,1248,3697309,3385,3315943,,,,,,7,7,62100,25,61935,,,,,
974700,GORDON CONWELL THEOLOGICAL SEMINARY,MA,019822325,Private-Nonprofit,,,,,,,,,,,102,120,1558669,187,1467339,,,,,,3,7,76506,8,76506
974800,CARRINGTON COLLEGE,CA,958263203,Proprietary,4264,5322,15693002,13208,12567066,4262,5297,19871892,13094,15790254,,,,,,435,531,3910951,1249,3090567,,,,,
975600,UNIVERSITY OF MASSACHUSETTS MEDICAL SCHOOL,MA,016550001,Public,,,,,,,,,,,450,529,13444090,917,13444090,,,,,,238,357,6839460,554,6839460
976300,TULSA COMMUNITY COLLEGE,OK,741192095,Public,2240,2253,7279848,3942,7136824,1992,2005,8517476,3499,8304865,,,,,,10,10,115059,20,115059,,,,,
976700,OLIVE-HARVEY COLLEGE,IL,606281696,Public,80,83,223473,145,216973,78,87,248884,154,243034,,,,,,,,,,,,,,,
976800,UNIVERSITY OF NORTH TEXAS HEALTH SCIENCE CENTER AT FORT WORTH,TX,761072699,Public,31,43,192914,47,116749,33,49,270023,55,180031,585,744,18924657,991,10617544,,,,,,119,147,3365572,215,2054527
976900,METROPOLITAN COLLEGE OF NEW YORK,NY,100061735,Private-Nonprofit,349,464,1599267,577,1195209,359,485,2500294,599,1871200,325,450,7733007,556,5666882,,,,,,69,88,1832782,113,1311046
979700,MIDLAND COLLEGE,TX,797056397,Public,172,172,536721,294,514721,178,178,778847,305,752897,,,,,,6,6,57784,10,57784,,,,,
980000,RUSH UNIVERSITY,IL,606123806,Private-Nonprofit,59,108,357421,142,355171,54,97,392468,127,392468,1479,2565,42902975,3643,42705833,3,5,102991,7,102991,1067,2296,38028024,3082,37883848
980800,"UNIVERSITY OF STRATHCLYDE, GLASGOW",,G1 1XQ,Foreign-Private,10,10,40750,19,40750,11,11,45000,22,45000,21,21,408506,51,398256,6,6,194631,12,194631,17,17,538200,43,519912
982600,KENNEBEC VALLEY COMMUNITY COLLEGE,ME,049371367,Public,299,299,954119,565,939452,297,298,1390689,561,1368423,,,,,,1,1,4000,1,2000,,,,,
983100,MODEL COLLEGE OF HAIR DESIGN,MN,563014280,Proprietary,65,75,201533,134,179965,77,91,260941,165,233940,,,,,,2,3,38549,6,35149,,,,,
984100,UNIVERSITY OF NORTH FLORIDA,FL,322242645,Public,2209,2479,8584785,4094,8535472,2444,2674,9642434,4500,9579136,771,926,11753715,1469,11747465,240,311,3135112,479,3120002,139,220,2050872,280,2050872
986000,UNIVERSITY OF SURREY,,GU2 7XH,Foreign-Private,3,3,13500,5,13500,3,3,6000,5,6000,12,12,235750,23,235750,2,2,59900,4,59900,12,12,240237,23,240237
986200,CLARKSON COLLEGE,NE,681312739,Private-Nonprofit,295,323,1123189,704,1074510,312,338,1449663,754,1389321,303,336,4946035,724,4628346,26,28,554540,61,544884,44,58,2328477,112,2282533
987300,AVEDA INSTITUTE TWIN FALLS,ID,833014154,Proprietary,58,70,214483,122,191733,55,67,221307,116,198081,,,,,,2,2,25427,4,25427,,,,,
989600,OAKTON COMMUNITY COLLEGE,IL,600161268,Public,36,36,101628,62,92573,30,30,104376,52,94687,,,,,,5,5,27766,10,27766,,,,,
989800,AVERY JAMES COLLEGE,LA,706018511,Proprietary,43,46,144111,72,117558,16,16,40970,26,34363,,,,,,,,,,,,,,,
989900,LOWELL ACADEMY HAIR STYLING INSTITUTE,MA,018521909,Proprietary,31,31,86179,38,48636,32,32,111689,41,65696,,,,,,2,2,20505,4,20505,,,,,
991000,TECHNICAL COLLEGE OF THE LOWCOUNTRY - BEAUFORT CAMPUS,SC,299025441,Public,141,166,498301,312,428902,133,149,586919,280,496178,,,,,,3,3,51869,6,51869,,,,,
991200,VOLUNTEER STATE COMMUNITY COLLEGE,TN,370663188,Public,318,345,1006992,628,942263,356,385,1256575,707,1175588,,,,,,3,3,7766,5,7766,,,,,
991400,ROANE STATE COMMUNITY COLLEGE,TN,377488664,Public,121,132,405403,252,400648,137,180,569800,340,564053,,,,,,,,,,,,,,,
991700,IVY TECH COMMUNITY COLLEGE OF INDIANA,IN,462080000,Public,7119,8068,20337952,13340,19956142,5661,7341,22211724,12162,21462109,,,,,,127,156,912792,275,896987,,,,,
992800,PIEDMONT VIRGINIA COMMUNITY COLLEGE,VA,229027589,Public,95,104,317024,171,317024,128,141,492850,216,490100,,,,,,3,4,25123,7,25123,,,,,
992900,SUNY COLLEGE OF OPTOMETRY,NY,100368003,Public,,,,,,,,,,,177,229,8275816,336,6211411,,,,,,85,112,2274746,163,1921935
993000,UNIVERSITY OF TEXAS OF THE PERMIAN BASIN,TX,797620001,Public,1123,1217,4630925,1971,4553550,1039,1177,5465483,1881,5361159,507,618,7959497,892,7468989,85,89,1256201,152,1243183,21,25,308207,33,290386
993600,MIDDLESEX COMMUNITY COLLEGE,MA,017301197,Public,112,123,344296,173,329339,129,139,508107,199,484116,,,,,,2,2,31792,3,22369,,,,,
994100,BELMONT COLLEGE,OH,439509766,Public,97,98,213892,253,213892,128,134,365434,361,365434,,,,,,3,3,12414,12,12414,,,,,
994200,SHAWNEE STATE UNIVERSITY,OH,456624344,Public,929,1019,3648276,1806,3402154,930,1031,4033675,1832,3722741,96,130,1508550,209,1227825,124,142,1443771,274,1383652,2,2,11138,4,11138
996200,LUNA COMMUNITY COLLEGE,NM,877010000,Public,23,23,78071,39,76321,18,18,79142,31,76142,,,,,,2,2,13000,4,13000,,,,,
997600,ARKANSAS STATE UNIVERSITY THREE RIVERS,AR,721040816,Public,270,283,807968,423,769930,279,290,1250368,435,1190607,,,,,,,,,,,,,,,
998100,MORGAN COMMUNITY COLLEGE,CO,807014371,Public,120,120,387345,211,381595,38,38,178621,69,170705,,,,,,,,,,,,,,,
998700,SAINT ANTHONY COLLEGE OF NURSING,IL,611140000,Private-Nonprofit,69,69,284950,105,282200,81,81,365057,121,361557,17,17,261393,30,261393,8,9,78658,10,78658,1,1,8923,2,8923
998900,CALIFORNIA AERONAUTICAL UNIVERSITY,CA,933081649,Proprietary,255,413,1638599,943,1281696,261,423,1482157,958,1182735,5,6,33997,12,27002,112,198,6556332,476,5309220,,,,,
999200,OAK HILLS CHRISTIAN COLLEGE,MN,566018832,Private-Nonprofit,22,35,92386,39,92386,15,22,54744,24,54744,,,,,,4,4,34004,5,34004,,,,,
999400,PASSAIC COUNTY COMMUNITY COLLEGE,NJ,075051179,Public,470,470,1537547,788,1417105,419,419,1750867,702,1593431,,,,,,2,2,6474,2,6474,,,,,
1000600,GREATER JOHNSTOWN AREA VOCATIONAL TECHNICAL SCHOOL,PA,159042998,Public,45,54,153411,100,145911,49,58,224773,105,211773,,,,,,,,,,,,,,,
1001400,GARRETT COLLEGE,MD,215411265,Public,96,97,290366,180,284533,101,107,326496,214,317394,,,,,,18,20,172836,38,172836,,,,,
1001700,PAYNE THEOLOGICAL SEMINARY,OH,453840474,Private-Nonprofit,,,,,,,,,,,98,117,1450414,183,1450414,,,,,,17,18,209605,29,209605
1001900,UNIVERSITY OF TEXAS SOUTHWESTERN MEDICAL CENTER (THE),TX,753909096,Public,,,,,,,,,,,652,771,20313884,1278,17801960,,,,,,334,408,6843257,640,4951696
1002000,LEWIS AND CLARK COMMUNITY COLLEGE,IL,620352466,Public,181,184,513353,296,512438,317,324,1180994,517,1160744,,,,,,5,5,29845,9,29845,,,,,
1002700,JAMES A. RHODES STATE COLLEGE,OH,458043597,Public,188,210,641415,326,555139,180,204,748397,332,647132,,,,,,5,6,51633,10,51633,,,,,
1004300,BON SECOURS MEMORIAL COLLEGE OF NURSING,VA,232274612,Private-Nonprofit,244,262,973758,400,973758,231,240,1255383,370,1255383,,,,,,5,5,50961,8,50961,,,,,
1005100,CUNY LAGUARDIA COMMUNITY COLLEGE,NY,111013083,Public,337,349,1041613,549,917613,251,262,934949,417,846838,,,,,,1,1,15600,2,15600,,,,,
1005200,JEFFERSON LEWIS BOCES PROGRAM OF PRACTICAL NURSING,NY,136019509,Public,24,24,59000,38,59000,25,25,105500,38,105500,,,,,,1,1,1941,1,1941,,,,,
1005600,AIKEN TECHNICAL COLLEGE,SC,298020696,Public,228,229,683230,666,624857,236,238,1103325,700,1012328,,,,,,,,,,,,,,,
1006000,VERNON COLLEGE,TX,763844092,Public,498,498,1540645,769,1302418,386,386,1278729,601,1122568,,,,,,7,8,42775,13,38375,,,,,
1008400,UNIVERSITY OF CAPE TOWN,,8001,Foreign-Private,2,2,9000,2,4500,3,3,19500,3,9750,7,7,131746,8,67174,1,1,15500,1,7750,5,5,87904,5,43951
1008700,UNIVERSITY OF OXFORD - ST PETER'S COLLEGE,,OX1 2DL,Foreign-Private,,,,,,,,,,,7,7,143500,20,121291,,,,,,6,6,209153,17,191304
1008800,UNIVERSITY OF OXFORD - CORPUS CHRISTI COLLEGE,,OX1   4JF,Foreign-Private,1,1,3500,3,3500,1,1,2000,3,2000,2,2,41000,6,35875,2,2,24538,4,24538,3,3,124619,10,108945
1008900,ROYAL CENTRAL SCHOOL OF SPEECH AND DRAMA (THE),,NW3 3HY,Foreign-Private,1,1,2334,2,2334,4,4,18334,11,18334,19,19,357408,56,357408,4,4,195135,11,195135,11,11,424516,33,424516
1009000,UNIVERSITY OF OXFORD - BALLIOL COLLEGE,,OX1   3BJ,Foreign-Private,1,1,5500,3,5500,1,1,7000,3,7000,3,3,50990,9,43369,,,,,,1,1,19500,3,19500
1009700,CUNY MEDGAR EVERS COLLEGE,NY,112252010,Public,319,360,1154751,695,1154751,242,283,868091,550,868091,,,,,,4,4,29128,8,29128,,,,,
1009800,NEUMONT COLLEGE OF COMPUTER SCIENCE,UT,841111917,Proprietary,340,351,1454196,697,969453,337,342,1091708,670,762488,17,17,159225,41,133043,191,213,4367103,441,3103899,,,,,
1011100,CERRO COSO COMMUNITY COLLEGE,CA,935559571,Public,111,118,391219,225,391219,101,111,444941,213,444941,,,,,,7,7,110934,13,110934,,,,,
1011500,UNIVERSITY OF TEXAS AT SAN ANTONIO,TX,782490600,Public,10284,11159,43182534,19344,43174534,9529,10203,37968120,17653,37957376,1616,1943,24121135,3100,24121135,1023,1237,15816458,2072,15816458,137,204,1331497,276,1331497
1012200,PHAGANS' MEDFORD BEAUTY SCHOOL,OR,975045297,Proprietary,20,20,36958,50,35125,19,20,40589,49,40358,,,,,,1,2,5388,4,5388,,,,,
1013000,WADE COLLEGE,TX,752073199,Proprietary,138,205,688635,339,568499,143,216,926551,346,738373,,,,,,6,8,159995,14,139112,,,,,
1013800,STEWART SCHOOL,SD,571040000,Proprietary,60,74,204893,128,179012,54,72,239387,122,205365,,,,,,9,11,69399,18,56329,,,,,
1014200,TOURO UNIVERSITY,NY,100362705,Private-Nonprofit,1105,1332,5040995,2048,4508759,1119,1325,5946064,2062,5267629,3887,4781,128452967,7735,104968829,91,116,1726527,169,1706527,2702,3909,165901527,6541,127983430
1014300,UNIVERSITY OF READING,,RG6 6AH,Foreign-Private,7,7,29750,13,29750,7,7,20000,13,20000,12,12,236441,31,236441,4,4,116793,8,116793,10,10,326971,27,326971
1014700,WESTERN SUFFOLK BOCES,NY,117683499,Public,107,141,515476,244,459113,94,119,544776,207,501687,,,,,,,,,,,,,,,
1014800,COLORADO TECHNICAL UNIVERSITY,CO,809073896,Proprietary,23796,31947,103666563,63925,83019901,23945,31800,146295021,63524,117072074,2077,2869,38386926,5782,31609533,56,68,598287,150,476391,117,136,2229497,305,1787961
1014900,PEPPERDINE UNIVERSITY,CA,902634301,Private-Nonprofit,956,1016,4327157,1876,4294907,1149,1248,4328967,2330,4283717,3567,3702,68828594,9597,66906966,793,945,32659859,1665,32659859,3168,4097,131814031,10182,128017743
1015100,VINCENNES BEAUTY COLLEGE,IN,475911297,Proprietary,1,1,3500,2,3500,1,1,2000,2,2000,,,,,,,,,,,,,,,
1015300,HELENE FULD COLLEGE OF NURSING,NY,100352745,Private-Nonprofit,931,968,3265398,2210,3264232,971,1009,5069364,2304,5066365,,,,,,16,16,224556,41,224556,,,,,
1015700,CARDIFF UNIVERSITY,,CF10 3AT,Foreign-Private,9,9,34500,18,34500,10,10,36500,20,36500,23,23,469666,65,469666,5,5,198367,10,198367,20,20,534150,55,534150
1016100,LORAINES ACADEMY & SPA,FL,337106391,Proprietary,7,8,17799,14,16299,6,7,26666,13,25583,,,,,,1,1,7665,3,7665,,,,,
1017000,WESTERN DAKOTA TECHNICAL COLLEGE,SD,577034018,Public,448,486,1324690,706,1266607,509,547,2013318,790,1898727,,,,,,5,5,31262,7,31262,,,,,
1017600,WESTMORELAND COUNTY COMMUNITY COLLEGE,PA,156971895,Public,718,727,2125403,1144,2091237,800,817,3127752,1281,3073946,,,,,,9,10,76862,14,76862,,,,,
1018200,ROGUE COMMUNITY COLLEGE,OR,975279298,Public,551,567,1770245,1406,1767329,524,536,2415518,1325,2407768,,,,,,,,,,,,,,,
1018800,"UNIVERSITY COLLEGE DUBLIN, NATIONAL UNIVERSITY OF IRELAND, DUBLIN",,,Foreign-Private,100,100,395616,195,395616,141,141,522025,278,522025,247,247,4871134,663,4871134,86,86,2766684,170,2766684,201,201,8633651,540,8626984
1019000,UNIVERSITY OF CAMBRIDGE CHURCHILL COLLEGE,,CB3   0DS,Foreign-Private,,,,,,,,,,,2,2,28200,4,28200,,,,,,,,,,
1019800,ECPI UNIVERSITY,VA,234626542,Proprietary,9366,12830,41106674,19770,36900664,9443,12243,55583125,18634,49793203,261,327,3965974,534,3523468,681,801,5737339,1304,5210633,1,1,7944,2,7944
1022100,SAINT PAUL UNIVERSITY,,K1S   1C4,Foreign-Private,,,,,,,,,,,2,2,41000,3,41000,,,,,,1,1,6000,1,6000
1022800,UNIVERSITY OF STIRLING,,FK9 4LA,Foreign-Private,26,26,128850,52,128850,30,30,107900,58,104150,36,36,671807,95,634101,13,13,294328,27,294328,34,34,844500,95,787869
1025600,BENEDICTINE COLLEGE,KS,660021499,Private-Nonprofit,688,688,2783813,1294,2782063,968,968,3802499,1828,3798749,9,9,97290,17,77690,212,224,4235285,388,4235285,,,,,
1026600,RANDALL UNIVERSITY,OK,731600000,Private-Nonprofit,38,38,175750,39,87750,38,38,121250,40,60750,,,,,,1,1,21330,1,10665,,,,,
1028000,OHIO STATE BEAUTY ACADEMY,OH,458074950,Proprietary,27,27,87151,47,75350,36,40,137359,75,124344,,,,,,3,3,20300,6,20300,,,,,
1028600,EMPIRE STATE UNIVERSITY,NY,128664391,Public,3115,3736,13153357,5017,9720185,3003,3705,18737945,4947,14133454,744,957,13178631,1366,10459924,19,21,224403,30,157806,36,48,765611,64,425428
1031900,FORTIS INSTITUTE - TOWSON,MD,212042503,Proprietary,2899,3683,9523244,7165,7719547,2855,3480,13350858,6785,10731101,,,,,,188,204,1289049,412,1034670,,,,,
1032300,HANNAH E MULLINS SCHOOL OF PRACTICAL NURSING,OH,444602906,Public,38,47,107344,77,102844,37,46,140451,78,134668,,,,,,1,1,3857,2,3857,,,,,
1033200,UNIVERSITY OF CAMBRIDGE - CLARE COLLEGE,,CB2 1TL,Foreign-Private,,,,,,,,,,,3,3,61500,6,61500,,,,,,2,2,139248,5,139248
1034000,LOS MEDANOS COLLEGE,CA,945655197,Public,102,102,351880,193,313505,99,99,445779,194,403529,,,,,,,,,,,,,,,
1034500,CINCINNATI STATE TECHNICAL & COMMUNITY COLLEGE,OH,452232690,Public,2810,3071,9704303,5392,8760515,2677,2998,12993307,5274,11662144,,,,,,21,21,133245,40,124347,,,,,
1036200,COLLEGE OF SOUTHERN NEVADA,NV,891461139,Public,3034,3225,8820511,5477,8787187,795,925,3593861,1621,3480598,,,,,,20,25,192822,45,190904,,,,,
1036300,WESTERN NEVADA COLLEGE,NV,897037399,Public,92,95,313358,179,312358,88,91,393964,167,391838,,,,,,,,,,,,,,,
1036400,WHATCOM COMMUNITY COLLEGE,WA,982268003,Public,184,213,566878,436,565712,165,195,683511,379,683511,,,,,,6,6,74043,11,66321,,,,,
1036500,CHARLES R. DREW UNIVERSITY OF MEDICINE AND SCIENCE,CA,900593025,Private-Nonprofit,249,369,1129390,552,1129390,228,311,1274291,479,1274291,521,772,14530897,1204,14530897,27,38,842236,60,842236,456,705,22749824,1083,22749824
1037400,METROPOLITAN STATE UNIVERSITY,MN,551065000,Public,1526,1731,6077103,2756,6077103,1577,1822,8456291,2824,8456291,441,550,7218754,812,7218754,10,11,87099,17,87099,89,148,2768757,200,2768757
1038700,EL PASO COMMUNITY COLLEGE,TX,799250000,Public,320,343,1023306,615,1001132,334,355,1186313,635,1155902,,,,,,,,,,,,,,,
1038800,READING AREA COMMUNITY COLLEGE,PA,196031706,Public,1150,1459,3455999,2717,3158476,1074,1345,4055561,2494,3646442,,,,,,6,6,26900,11,26900,,,,,
1039100,OKLAHOMA CITY COMMUNITY COLLEGE,OK,731594444,Public,1244,1244,3909499,2254,3605170,556,556,2251955,1055,2130632,,,,,,5,5,55886,11,55886,,,,,
1039500,UNIVERSITY OF SAN DIEGO,CA,921102492,Private-Nonprofit,1601,1692,6871582,3186,6871582,1625,1763,5830815,3325,5830815,1723,2003,31034493,3313,30946814,920,1017,32321715,1905,32321715,1083,1702,34321481,2783,34302171
1040200,DAKOTA COUNTY TECHNICAL COLLEGE,MN,550682999,Public,563,605,1743904,951,1743904,660,717,2675118,1124,2666868,,,,,,8,8,75000,15,75000,,,,,
1040500,PINNACLE CAREER INSTITUTE,MO,641531151,Proprietary,781,925,2324408,1745,2018712,774,901,3630892,1705,3135658,,,,,,45,52,243629,115,220041,,,,,
1040600,"JOSEF'S SCHOOL OF HAIR, SKIN & BODY",ND,582016394,Proprietary,76,97,271846,172,255568,85,118,358828,215,339075,,,,,,3,3,22569,5,22569,,,,,
1041800,INSTITUTO TECNOLOGICO Y DE ESTUDIOS SUPERIORES DE MONTERREY,,64849,Foreign-Private,30,30,149000,60,149000,30,30,102000,60,102000,1,1,20500,2,20500,2,2,31000,4,31000,,,,,
1042400,SUMMIT SALON ACADEMY,KY,405059001,Proprietary,88,88,263984,151,225599,79,80,301632,138,258080,,,,,,5,5,43704,9,38704,,,,,
1043400,RENTON TECHNICAL COLLEGE,WA,980564195,Public,147,161,404919,319,404919,148,164,560566,333,560566,,,,,,,,,,,,,,,
1044100,PARDEE RAND GRADUATE SCHOOL,CA,904072138,Private-Nonprofit,,,,,,,,,,,32,32,582850,92,582850,,,,,,19,22,408176,62,408176
1045300,WASHINGTON STATE COLLEGE OF OHIO,OH,457509225,Public,266,309,1061940,756,740177,274,318,1453315,760,1033207,,,,,,2,2,10015,4,6508,,,,,
1045600,UNIVERSITY OF HAIFA,,3498838,Foreign-Private,,,,,,,,,,,3,3,38500,4,38500,,,,,,,,,,
1046000,AMERICAN BAPTIST THEOLOGICAL SEMINARY,TN,372074994,Private-Nonprofit,34,34,115374,58,115374,35,35,166099,60,166099,,,,,,,,,,,,,,,
1047200,INSEAD,,77305,Foreign-Private,,,,,,,,,,,14,14,276750,22,225500,,,,,,12,13,946563,26,864699
1048700,WEST GEORGIA TECHNICAL COLLEGE,GA,301826476,Public,948,991,3171719,1710,2755007,858,910,3576409,1571,3119239,,,,,,,,,,,,,,,
1048900,AMERICAN NATIONAL UNIVERSITY,KY,402235301,Proprietary,402,591,1464883,1244,1201078,324,614,1007380,813,899663,1,2,6390,2,6390,1,1,11375,3,11375,,,,,
1049100,HENNEPIN TECHNICAL COLLEGE,MN,554452399,Public,780,853,2398945,1518,2368766,900,1075,3994297,1918,3942210,,,,,,7,8,57654,12,53672,,,,,
1049300,CRANFIELD UNIVERSITY,,MK43 0AL,Foreign-Private,,,,,,,,,,,1,1,20500,1,10250,,,,,,,,,,
1050100,LAKEVIEW COLLEGE OF NURSING,IL,618323781,Private-Nonprofit,24,24,99525,39,99525,25,25,143525,43,143525,,,,,,3,3,47128,6,47128,,,,,
1050300,WICHITA TECHNICAL INSTITUTE,KS,672131927,Proprietary,1108,1283,3351920,2408,2504531,1104,1349,5259294,2555,3914273,,,,,,23,28,126295,61,115508,,,,,
1050900,HALLMARK UNIVERSITY,TX,782514108,Private-Nonprofit,473,652,2612990,1465,2128454,466,641,2667461,1429,2141615,32,44,440175,96,349636,69,86,521574,202,434186,,,,,
1052000,TRINITY LABAN CONSERVATOIRE OF MUSIC AND DANCE,,SE10 9JF,Foreign-Private,7,7,28500,20,28500,8,8,24000,22,24000,7,7,143500,20,143500,5,5,201000,14,201000,6,6,199306,18,199306
1052500,UNIVERSITY OF HERTFORDSHIRE,,AL10 9AB,Foreign-Private,4,4,14000,8,14000,1,1,3000,2,3000,2,2,41000,6,41000,,,,,,1,1,28510,3,28510
1052900,MEMPHIS THEOLOGICAL SEMINARY,TN,381044395,Private-Nonprofit,,,,,,,,,,,63,70,1034299,113,851671,,,,,,2,2,26395,2,16145
1054200,EMPIRE BEAUTY SCHOOL,PA,185071500,Proprietary,1355,1546,4103063,2493,3395613,1375,1583,5344935,2618,4357983,,,,,,214,238,1593551,427,1372320,,,,,
1054600,CENTURY COLLEGE,MN,551101894,Public,1197,1399,3513777,2295,3437418,1469,2085,6034515,3426,5868388,,,,,,13,14,104698,26,102296,,,,,
1055100,NEW YORK SCHOOL FOR MEDICAL & DENTAL ASSISTANTS,NY,111012327,Proprietary,153,167,543330,256,425071,126,134,473624,203,345768,,,,,,7,7,32617,10,28937,,,,,
1057300,WEST VIRGINIA JUNIOR COLLEGE,WV,253131304,Proprietary,367,369,1173692,778,908446,348,350,1548964,753,1191610,,,,,,16,16,103719,37,93934,,,,,
1057400,LONDON FILM SCHOOL,,WC2H  9UB,Foreign-Private,,,,,,,,,,,14,14,265146,34,265146,,,,,,12,12,541755,31,541755
1058800,AUSTRALIAN NATIONAL UNIVERSITY,,2601,Foreign-Private,,,,,,,,,,,1,1,20500,1,10250,1,1,15000,1,15000,1,1,3372,1,1716
1058900,BANGOR UNIVERSITY,,LL57 2DG,Foreign-Private,17,17,73530,34,73530,20,20,68596,40,68596,12,12,227660,29,227660,12,12,328826,24,328826,4,4,57204,8,57204
1059400,"RICHMOND, THE AMERICAN INTERNATIONAL UNIVERSITY IN LONDON",,W4 5AN,Foreign-Private,60,60,262398,114,262398,69,69,209933,128,209933,14,14,281500,28,281500,55,59,2048126,107,2048126,9,11,353771,20,353771
1059900,INSTITUT D'ETUDES POLITIQUES DE PARIS,,75337,Foreign-Public,,,,,,,,,,,50,50,938407,100,938407,,,,,,25,25,388084,48,388084
1061800,MID-AMERICA COLLEGE OF FUNERAL SERVICE,IN,471309630,Private-Nonprofit,262,295,900943,582,719571,268,304,1260398,591,1004349,,,,,,9,11,128435,28,119119,,,,,
1062900,PB COSMETOLOGY EDUCATION CENTRE,NJ,080301750,Proprietary,99,115,279275,170,255356,105,126,336318,185,299150,,,,,,12,12,111672,21,106569,,,,,
1063300,HOUSTON COMMUNITY COLLEGE,TX,770027517,Public,9672,9945,31208479,15008,28029563,8691,8960,39034697,13351,34902224,,,,,,40,43,516648,67,511648,,,,,
1065200,PASCO - HERNANDO STATE COLLEGE,FL,346545199,Public,1024,1087,3004298,1721,2973879,883,916,3580653,1443,3540360,,,,,,8,8,149390,15,149390,,,,,
1067400,TEXAS TECH UNIVERSITY HEALTH SCIENCES CENTER,TX,794300001,Public,644,880,3629023,1109,2640799,652,928,4386666,1145,3255530,1661,2211,46632378,3079,31883079,57,80,1570152,99,1101370,342,467,7338678,647,4503004
1067500,REGENT COLLEGE,,V6T 2E4,Foreign-Private,,,,,,,,,,,3,3,61500,5,61500,,,,,,,,,,
1067600,UNIVERSIDAD DE MONTERREY,,66238,Foreign-Private,6,6,26250,11,26250,6,6,11000,11,11000,,,,,,,,,,,,,,,
1068100,MACQUARIE UNIVERSITY,,2109,Foreign-Private,10,10,41750,14,30500,10,10,41000,14,29500,9,9,153974,12,112861,4,4,130905,6,109898,7,7,205386,10,146076
1068400,ERIE COMMUNITY COLLEGE,NY,142032698,Public,1753,1920,6010745,3391,5772395,1724,1810,7398972,3166,7093735,,,,,,36,38,383166,69,353544,,,,,
1069200,UNIVERSITY OF QUEENSLAND (THE),,4072,Foreign-Private,3,3,10750,5,10750,3,3,6984,5,6984,302,302,6026811,560,5754605,,,,,,296,309,22151164,585,21106671
1071000,CAPITAL AREA CAREER CENTER,IL,627123802,Public,145,193,444155,400,394151,132,166,564831,335,503355,,,,,,,,,,,,,,,
1072000,TORONTO METROPOLITAN UNIVERSITY,,M5B 2K3,Foreign-Private,18,18,73500,33,73500,26,26,116000,49,116000,2,2,41000,6,41000,5,5,114869,9,114869,1,1,34196,3,34196
1072400,CARLOS ALBIZU UNIVERSITY,PR,009023711,Private-Nonprofit,602,611,2175463,1211,2093322,454,459,2068881,953,1936604,1989,2026,38329394,5059,37510509,,,,,,308,354,6840258,810,6570470
1072700,DEVRY UNIVERSITY,IL,605320000,Proprietary,31013,45195,120310510,112966,98383613,29659,42332,124040164,109797,104780568,2906,4423,36920253,11944,31506106,54,74,665407,198,634616,188,334,4453299,796,4038556
1073600,MARION TECHNICAL COLLEGE,OH,433025694,Public,201,253,480140,474,464853,220,297,645108,559,627365,,,,,,3,3,8521,6,8521,,,,,
1074100,ACADEMY OF SALON AND SPA,AR,729013833,Proprietary,30,36,106696,57,86696,27,32,98665,51,76747,,,,,,2,2,14500,3,12250,,,,,
1076100,DALLAS INSTITUTE OF FUNERAL SERVICE,TX,752274314,Private-Nonprofit,368,412,1190543,784,956385,387,442,1777828,848,1429419,,,,,,14,18,166973,35,132352,,,,,
1077100,GUPTON-JONES COLLEGE OF FUNERAL SERVICE,GA,300354022,Private-Nonprofit,360,438,1474266,808,1048103,374,453,2173304,832,1540676,,,,,,4,6,92505,13,80935,,,,,
1077900,PORTER AND CHESTER INSTITUTE,CT,066101604,Proprietary,1795,2292,6631227,4750,5518030,1830,2302,8623415,4811,7120748,,,,,,244,296,2073037,633,1741266,,,,,
1079700,"NATIONAL UNIVERSITY OF IRELAND, MAYNOOTH",,,Foreign-Private,5,5,25500,10,25500,7,7,23000,14,23000,5,5,102500,10,102500,3,3,66392,6,66392,5,5,148159,10,148159
1081300,AMERICAN ACADEMY MCALLISTER INSTITUTE,NY,100365505,Private-Nonprofit,110,123,258758,245,258758,139,190,476704,379,476704,,,,,,10,13,81300,26,81300,,,,,
1081400,PITTSBURGH INSTITUTE OF MORTUARY SCIENCE,PA,152063706,Private-Nonprofit,146,170,666682,281,577633,161,192,966626,317,829117,,,,,,8,8,67888,16,67888,,,,,
1081600,KINGSTON UNIVERSITY,,KT1 1LQ,Foreign-Private,14,14,61000,40,61000,17,17,55500,47,55500,26,26,522874,74,382260,13,13,521168,38,521168,18,18,594194,50,408578
1081900,CONSERVATORIO DE MÚSICA DE PUERTO RICO,PR,009073373,Public,30,30,128000,56,128000,10,10,27500,17,23000,12,12,105130,21,98880,,,,,,,,,,
1082700,DAVID PRESSLEY PROFESSIONAL SCHOOL OF COSMETOLOGY,MI,480673219,Proprietary,144,159,467549,267,405966,131,141,484870,252,432107,,,,,,9,10,52962,16,41142,,,,,
1083600,PIVOT POINT ACADEMY,IL,601084367,Proprietary,110,133,414664,227,355570,133,167,619944,288,543054,,,,,,19,19,246083,36,232102,,,,,
1085400,THOMAS JEFFERSON SCHOOL OF LAW,CA,921012928,Private-Nonprofit,,,,,,,,,,,251,252,4811373,441,4801123,,,,,,227,348,9946828,619,9916863
1085800,AVALON INSTITUTE,AZ,852104010,Proprietary,759,838,2362999,1383,2003694,687,747,2003215,1241,1709782,,,,,,63,67,360454,114,303482,,,,,
1086000,GREATER ALTOONA CAREER & TECHNOLOGY CENTER,PA,166023695,Public,137,164,502348,276,448893,124,150,634106,256,563371,,,,,,5,5,36894,8,31740,,,,,
1086600,UNIVERSITY OF OXFORD - MAGDALEN COLLEGE,,OX1   4AU,Foreign-Private,,,,,,,,,,,2,2,39102,6,29328,,,,,,,,,,
1086700,UNIVERSITY OF OXFORD - ST JOHN'S COLLEGE,,OX1   3JP,Foreign-Private,1,1,4500,3,4500,1,1,2000,3,2000,2,2,34244,6,29119,,,,,,1,1,64256,3,48192
1087900,RICHLAND COMMUNITY COLLEGE,IL,625218513,Public,144,150,405840,283,405840,102,105,305426,199,305426,,,,,,,,,,,,,,,
1088100,STARK STATE COLLEGE,OH,447207299,Public,1567,1754,5052210,4562,4264204,1667,1937,7390345,4873,6161142,,,,,,5,6,21944,14,21944,,,,,
1090300,RIZZIERI AVEDA SCHOOL FOR BEAUTY AND WELLNESS,NJ,080434600,Proprietary,175,176,481006,304,420636,203,207,597512,365,529119,,,,,,26,26,327349,48,306748,,,,,
1090600,CINCINNATI COLLEGE OF MORTUARY SCIENCE,OH,452241462,Private-Nonprofit,45,61,279319,96,235569,52,74,344937,113,290474,,,,,,3,3,26505,4,26505,,,,,
1091400,MONASH UNIVERSITY,,3800,Foreign-Private,1,1,3500,1,1750,2,2,8000,2,4000,14,14,257177,25,202509,1,1,63761,1,31880,13,13,337735,24,240684
1091500,UNIVERSITY OF EAST ANGLIA,,NR4 7TJ,Foreign-Private,6,6,26396,11,26396,6,6,25604,11,25604,19,19,335519,35,325269,2,2,52000,3,52000,13,13,392807,25,374607
1092200,UNIVERSITY OF PUERTO RICO - UTUADO,PR,006412500,Public,27,27,105000,51,105000,,,,,,,,,,,,,,,,,,,,
1094200,UNIVERSITY OF OXFORD - ST HUGH'S COLLEGE,,OX2   6LE,Foreign-Private,,,,,,,,,,,4,4,80966,12,65591,,,,,,5,5,131194,14,113862
1096300,GREENE COUNTY CAREER & TECHNOLOGY CENTER,PA,153708281,Public,13,25,79148,37,61449,14,26,115768,39,94135,,,,,,,,,,,,,,,
1097500,UNIVERSITY OF PUERTO RICO - BAYAMON,PR,009591919,Public,96,96,413847,147,390664,7,7,28500,11,24750,,,,,,,,,,,,,,,
1097700,UNIVERSIDAD CENTRAL DEL ESTE,,21000,Foreign-Private,9,10,40000,18,35500,10,12,54000,21,45750,28,40,790281,66,661587,8,10,204123,17,181391,36,49,780293,85,654907
1098000,UNIVERSITY OF OXFORD - SOMERVILLE COLLEGE,,OX2   6HD,Foreign-Private,,,,,,,,,,,2,2,41000,6,35875,,,,,,2,2,48000,6,40875
1099300,HOBART INSTITUTE OF WELDING TECHNOLOGY,OH,453732400,Private-Nonprofit,130,130,445319,249,430319,128,128,393123,244,377707,,,,,,80,81,1680379,165,1592883,,,,,
1099700,EAST GEORGIA STATE COLLEGE,GA,304012699,Public,463,463,1572482,811,1403289,492,494,1353322,861,1201164,,,,,,62,66,497249,115,442718,,,,,
1099800,PENNSYLVANIA INSTITUTE OF TECHNOLOGY,PA,190634098,Private-Nonprofit,1403,2441,3127293,2557,3124960,1441,2696,4665583,2820,4663583,,,,,,47,82,255639,84,255639,,,,,
1099900,UNIVERSITY OF OXFORD - WADHAM COLLEGE,,OX1   3PN,Foreign-Private,1,1,5500,3,5500,1,1,2000,3,2000,4,4,76500,12,57375,,,,,,2,2,115691,6,86769
1102600,WARRENSBURG AREA CAREER CENTER,MO,640932019,Public,15,20,60110,39,60110,19,24,96839,46,96839,,,,,,2,2,7500,4,7500,,,,,
1104600,CENTRAL OHIO TECHNICAL COLLEGE,OH,430551767,Public,379,449,1273929,567,865045,472,576,2050857,753,1474797,,,,,,7,8,52925,13,52925,,,,,
1105300,UNIVERSITY OF OXFORD - ST HILDA'S COLLEGE,,OX4   1DY,Foreign-Private,,,,,,,,,,,8,8,158500,24,134250,,,,,,5,5,252748,15,203521
1105400,UNIVERSITY OF OXFORD - ST ANNE'S COLLEGE,,OX2   6HS,Foreign-Private,,,,,,1,1,6500,3,6500,7,7,143500,21,128125,,,,,,8,8,365084,24,317980
1105500,UNIVERSITY OF OXFORD - LADY MARGARET HALL,,OX2   6QA,Foreign-Private,2,2,10000,6,10000,2,2,9000,6,9000,,,,,,1,1,72000,3,72000,,,,,
1105600,UNIVERSITY OF OXFORD - UNIVERSITY COLLEGE,,OX1   4BH,Foreign-Private,2,2,9000,6,9000,2,2,4000,6,4000,1,1,20500,3,15375,1,1,80593,3,80593,1,1,7355,3,5684
1105700,UNIVERSITY OF OXFORD - TRINITY COLLEGE,,OX1   3BH,Foreign-Private,1,1,5500,2,5500,1,1,2000,2,2000,,,,,,,,,,,,,,,
1105800,UNIVERSITY OF OXFORD - ST EDMUND HALL,,OX1   4AR,Foreign-Private,1,1,5500,3,5500,1,1,6500,3,6500,13,13,247550,35,186716,,,,,,8,8,295008,20,226506
1105900,UNIVERSITY OF OXFORD - ST ANTONY'S COLLEGE,,OX2   6JF,Foreign-Private,,,,,,,,,,,20,20,403166,57,326291,,,,,,20,20,831210,56,676806
1106000,UNIVERSITY OF OXFORD - QUEEN'S COLLEGE,,OX1   4AW,Foreign-Private,1,1,5500,3,5500,,,,,,2,2,40000,6,35125,,,,,,1,1,59366,3,59366
1106100,UNIVERSITY OF OXFORD - PEMBROKE COLLEGE,,OX1   1DW,Foreign-Private,,,,,,,,,,,5,5,95666,14,85416,,,,,,4,4,122531,9,97657
1106200,UNIVERSITY OF OXFORD - ORIEL COLLEGE,,OX1   4EW,Foreign-Private,,,,,,,,,,,6,6,109481,17,89910,,,,,,3,3,133455,9,114277
1106400,UNIVERSITY OF OXFORD - NEW COLLEGE,,OX1   3BN,Foreign-Private,1,1,5500,3,5500,1,1,2000,3,2000,4,4,71500,12,56125,,,,,,3,4,159269,11,125137
1106500,UNIVERSITY OF OXFORD - MERTON COLLEGE,,OX1   4JD,Foreign-Private,,,,,,,,,,,1,1,20500,3,15375,,,,,,1,1,28230,3,21194
1106600,UNIVERSITY OF OXFORD - LINCOLN COLLEGE,,OX1   3DR,Foreign-Private,,,,,,,,,,,4,4,77978,12,72853,,,,,,2,2,57415,6,52437
1106700,UNIVERSITY OF OXFORD - KEBLE COLLEGE,,OX1   3PG,Foreign-Private,,,,,,,,,,,10,10,176177,30,147382,,,,,,6,6,285293,18,232398
1106800,UNIVERSITY OF OXFORD - JESUS COLLEGE,,OX1   3DW,Foreign-Private,,,,,,,,,,,1,1,20500,3,20500,,,,,,1,1,12666,2,12666
1106900,UNIVERSITY OF OXFORD - HERTFORD COLLEGE,,OX1   3BW,Foreign-Private,,,,,,,,,,,4,4,71500,12,58137,,,,,,2,2,83967,4,53645
1107000,UNIVERSITY OF OXFORD - EXETER COLLEGE,,OX1   3DP,Foreign-Private,,,,,,,,,,,3,3,46000,8,40875,,,,,,1,1,63397,4,46370
1107100,UNIVERSITY OF OXFORD - CHRIST CHURCH COLLEGE,,OX1   IDP,Foreign-Private,,,,,,,,,,,4,4,79750,12,64937,,,,,,4,4,101779,12,85083
1107200,UNIVERSITY OF OXFORD - BRASENOSE COLLEGE,,OX1   4AJ,Foreign-Private,,,,,,,,,,,2,2,41000,6,35875,,,,,,2,2,73453,6,57639
1109100,FLINDERS UNIVERSITY,,5042,Foreign-Private,,,,,,,,,,,7,7,133250,10,102500,,,,,,7,7,220460,12,168150
1109400,UNIVERSITY OF WESTERN AUSTRALIA (THE),,6009,Foreign-Private,3,3,10410,4,6910,3,3,13500,4,9750,14,14,281500,21,209750,2,2,68474,2,34237,14,15,277482,28,202095
1111200,FASHION INSTITUTE OF DESIGN & MERCHANDISING,CA,900151421,Proprietary,61,77,228553,146,228553,71,89,212558,167,212558,8,9,155119,15,155119,38,56,897697,110,897697,5,6,59000,12,59000
1111300,MAHARISHI INTERNATIONAL UNIVERSITY,IA,525570001,Private-Nonprofit,683,683,2672934,1098,2634021,704,704,3904768,1156,3850816,407,407,6879522,719,6845190,5,5,47237,10,47237,118,120,1554643,223,1533838
1111700,ALLIANT INTERNATIONAL UNIVERSITY,CA,921311799,Proprietary,30,37,122301,53,96801,143,176,1285502,353,997197,2595,3300,63183828,6789,52498696,,,,,,1018,1536,37410132,2658,34020302
1113300,COLLEGE OF EASTERN IDAHO,ID,834045788,Public,386,386,1351342,636,1157605,341,341,1747467,563,1509436,,,,,,3,3,15921,6,15921,,,,,
1114500,LONE STAR COLLEGE SYSTEM,TX,770733499,Public,5773,6048,16829656,10450,16633322,5516,5763,21411151,10038,21170248,,,,,,80,84,1497830,154,1490606,,,,,
1116100,TEXAS A&M UNIVERSITY - CORPUS CHRISTI,TX,784125599,Public,2952,3065,11502326,5382,11475254,2988,3161,12481574,5631,12445629,1184,1275,16230433,3484,15231166,1125,1307,14799550,2376,14722837,225,256,1956297,582,1725213
1116300,UNIVERSITY OF TEXAS AT TYLER,TX,757996699,Public,2109,2360,8586334,3892,8569503,1988,2287,8842410,3679,8831145,1338,1598,21879035,2439,21784341,438,506,7439396,828,7401803,584,769,5625000,1104,5620500
1116700,COMMUNITY COLLEGE OF VERMONT,VT,056010489,Public,207,236,647330,416,609372,189,230,623154,400,587001,,,,,,5,5,43695,10,43695,,,,,
1121000,BUNKER HILL COMMUNITY COLLEGE,MA,021292991,Public,1070,1077,3251952,1731,3105597,974,980,4173301,1567,3963742,,,,,,1,1,8382,1,8382,,,,,
1121400,UNIVERSITY OF THE WITWATERSRAND,,2001,Foreign-Private,,,,,,,,,,,1,1,20500,1,20500,,,,,,,,,,
1122000,WINDWARD COMMUNITY COLLEGE,HI,967443528,Public,57,57,181750,93,171500,54,54,253591,89,239792,,,,,,,,,,,,,,,
1122600,AARHUS UNIVERSITY,,8000,Foreign-Private,1,1,1750,1,1750,1,1,1500,1,1500,7,7,117896,13,117896,,,,,,3,3,16781,5,16781
1124500,WEST VIRGINIA SCHOOL OF OSTEOPATHIC MEDICINE,WV,249011128,Public,,,,,,,,,,,620,634,24597535,1263,24597535,,,,,,508,647,20110449,1282,20110449
1128200,OKLAHOMA STATE UNIVERSITY CENTER FOR HEALTH SCIENCES,OK,741171898,Public,,,,,,,,,,,539,564,21021939,1069,21021939,,,,,,333,372,7164427,660,7164427
1138500,COLLEGE OF THE ATLANTIC,ME,046091105,Private-Nonprofit,158,158,683297,445,667130,148,148,469056,407,453830,2,2,38722,6,38722,8,8,176477,19,176477,,,,,
1146000,NATIONAL UNIVERSITY,CA,921231426,Private-Nonprofit,3897,4489,18190575,7084,14736609,3703,4244,21290401,6727,17216918,6105,7175,99815928,11586,80108127,8,9,140392,15,126478,379,452,13367470,828,10500869
1146200,UNIVERSITY OF ALASKA ANCHORAGE,AK,995088050,Public,1172,1190,4583858,1881,4342445,1124,1143,5722681,1805,5410175,128,130,2049878,221,2002908,22,23,330542,36,306491,55,59,799670,105,799670
1148100,DIVERS INSTITUTE OF TECHNOLOGY,WA,981038947,Proprietary,120,121,402898,210,354550,131,131,604544,225,526359,,,,,,21,21,684774,39,644309,,,,,
1148400,VICI BEAUTY SCHOOL,WI,532283821,Proprietary,69,78,220772,146,205020,76,94,327034,176,307367,,,,,,6,6,51418,12,51418,,,,,
1150500,TRICOCI UNIVERSITY OF BEAUTY CULTURE,IN,463221554,Proprietary,293,306,799966,492,670931,293,306,999184,498,821456,,,,,,19,19,175782,36,170378,,,,,
1151900,JOSEPH'S COLLEGE COSMETOLOGY,NE,685052463,Proprietary,52,66,229848,112,187012,49,60,290515,101,245171,,,,,,7,10,81414,18,77753,,,,,
1152300,MORRIS COUNTY SCHOOL OF TECHNOLOGY,NJ,078342129,Public,22,22,94000,44,94000,20,20,101800,39,101800,,,,,,,,,,,,,,,
1156700,IMPERIAL COLLEGE LONDON,,SW7 2AZ,Foreign-Private,7,7,29326,21,29326,9,9,33674,25,33674,32,32,641833,94,641833,5,5,174668,13,174668,24,24,1067166,72,1067166
1157200,COLORADO SCHOOL OF TRADES,CO,802152996,Proprietary,21,29,112030,46,87030,25,36,184470,57,146970,,,,,,3,3,51000,6,51000,,,,,
1159600,SYLVAIN MELLOUL INTERNATIONAL HAIR ACADEMY,VA,245022652,Proprietary,122,131,351302,208,290890,122,131,474698,215,390240,,,,,,13,13,144941,23,129441,,,,,
1161400,CHAMPLAIN VALLEY PHYSICIANS HOSPITAL MEDICAL CENTER,NY,129011490,Private-Nonprofit,9,9,32500,18,32500,9,9,24500,18,24500,,,,,,,,,,,,,,,
1161700,CENTER FOR ALLIED HEALTH EDUCATION,NY,112299023,Proprietary,513,513,1403075,768,1351813,496,496,1866510,751,1801244,,,,,,101,104,2466408,164,2339279,,,,,
1162100,AUTOMOTIVE TRAINING CENTER,PA,193411310,Proprietary,358,395,1400164,583,988895,330,370,1093598,535,792472,,,,,,42,44,393767,68,291531,,,,,
1162200,WELDER TRAINING & TESTING INSTITUTE,PA,181093253,Proprietary,20,20,68250,36,61250,21,21,77250,39,70250,,,,,,,,,,,,,,,
1164400,UNIVERSITY OF MARYLAND GLOBAL CAMPUS,MD,207838078,Public,10663,13552,49359973,16972,33712961,9948,12991,68262127,16190,47328254,5346,7535,109964821,10753,79245022,61,75,703448,110,578458,295,523,6390348,734,4730073
1164900,LOYOLA MARYMOUNT UNIVERSITY,CA,900452659,Private-Nonprofit,1623,1630,7148297,3148,7127567,1982,2009,7185428,3878,7166479,1341,1346,25582704,2564,25542708,928,986,40017622,1946,39853553,1042,1184,45693465,2219,45604072
1166700,NORTHEAST COMMUNITY COLLEGE,NE,687020469,Public,400,400,1175406,685,1170961,499,499,1822805,866,1818443,,,,,,115,115,714113,209,714113,,,,,
1167200,MENDOCINO COLLEGE,CA,954823000,Public,152,152,563421,488,560296,151,151,786167,483,783167,,,,,,3,3,45026,12,45026,,,,,
1167300,MAINE COLLEGE OF ART & DESIGN,ME,041013987,Private-Nonprofit,235,235,1000107,441,1000107,274,277,842706,520,842706,29,29,594500,39,389510,64,65,1956745,121,1956745,15,15,425000,21,205367
1167800,STATE UNIVERSITY OF NEW YORK POLYTECHNIC INSTITUTE,NY,135021311,Public,538,572,2037135,1977,1997380,612,683,2647391,2409,2591905,213,236,2874053,761,2842719,99,115,1256827,378,1256827,53,57,211496,183,207420
1167900,UNIVERSITY OF BATH,,BA2 7AY,Foreign-Private,,,,,,1,1,5500,2,5500,7,7,143500,22,143500,,,,,,7,7,231517,21,231517
1168300,FRANKLIN UNIVERSITY SWITZERLAND,,6924,Foreign-Private,52,52,229271,99,229271,70,73,265750,139,265750,,,,,,19,19,674150,37,674150,,,,,
1168900,REFRIGERATION SCHOOL (THE),AZ,850341894,Proprietary,1194,1323,3724143,2250,3270224,1192,1345,5319751,2306,4650184,,,,,,230,247,2679777,434,2357282,,,,,
1170700,NORTH-WEST COLLEGE,CA,917902097,Proprietary,510,529,1772355,732,1320287,499,516,2480900,724,1831798,,,,,,56,56,470373,72,312853,,,,,
1171100,UNIVERSITY OF HOUSTON - CLEAR LAKE,TX,770581002,Public,1406,1471,5619165,2460,5616415,1200,1331,6111296,2183,6104503,736,927,10134233,1434,10077202,33,39,410861,66,410861,32,42,295941,55,295941
1171500,JOSEPH F. MCCLOSKEY SCHOOL OF NURSING AT SCHUYLKILL HEALTH,PA,179013692,Private-Nonprofit,69,69,285988,189,285321,69,69,334300,188,332967,,,,,,3,3,36550,8,36550,,,,,
1171900,UNIVERSIDAD ANA G. MÉNDEZ - GURABO CAMPUS,PR,007780000,Private-Nonprofit,1792,2694,6035326,2704,6035326,770,1192,3132990,1196,3132990,1666,2809,29035472,2907,29035472,2,2,5250,2,5250,267,295,12892751,411,12595651
1172700,DELAWARE TECHNICAL COMMUNITY COLLEGE,DE,199041383,Public,1801,1831,5684270,2881,5472349,1601,1627,6915286,2528,6652995,,,,,,12,13,115100,19,115100,,,,,
1173200,MAYO CLINIC COLLEGE OF MEDICINE AND SCIENCE,MN,559050001,Private-Nonprofit,48,48,228083,117,224827,51,51,308719,119,306385,390,438,11214303,972,11214303,2,2,45192,5,45192,205,277,5392072,623,5341572
1173500,PIKE LINCOLN TECHNICAL CENTER,MO,633440000,Public,25,25,76855,48,75105,19,19,74406,33,71406,,,,,,1,1,12867,2,12867,,,,,
1174400,NATIONAL BEAUTY COLLEGE,OH,447091837,Proprietary,91,93,246245,137,178498,99,102,340458,164,247669,,,,,,7,8,60235,19,51177,,,,,
1174500,OHIO TECHNICAL COLLEGE,OH,441031228,Proprietary,227,320,980961,584,818133,241,350,1067878,649,899152,,,,,,78,100,1450711,200,1317302,,,,,
1175800,UNIVERSITY OF CAMBRIDGE - PETERHOUSE,,CB2   1RD,Foreign-Private,,,,,,,,,,,1,1,20500,2,20500,,,,,,,,,,
1176400,ROYAL ACADEMY OF MUSIC,,NW1 5HT,Foreign-Private,,,,,,,,,,,7,7,129000,21,129000,,,,,,4,4,163152,12,163152
1176500,GOLDSMITHS COLLEGE - UNIVERSITY OF LONDON,,SE14  6NW,Foreign-Private,18,18,76500,53,76500,26,26,96000,75,96000,71,71,1350430,140,1350430,21,21,864356,66,864356,63,65,2648467,158,2648467
1178000,BRUNEL UNIVERSITY LONDON,,UB8   3PH,Foreign-Private,3,3,13500,6,13500,3,3,14000,5,14000,21,21,420250,82,420250,,,,,,19,19,611375,73,611375
1179200,FRANCISCAN SCHOOL OF THEOLOGY,CA,921102492,Private-Nonprofit,,,,,,,,,,,24,43,438410,52,404740,,,,,,,,,,
1179900,PAUL MITCHELL THE SCHOOL CHARLESTON,SC,294186993,Proprietary,634,716,2012361,1198,1758607,658,752,2557355,1288,2199674,,,,,,55,58,465407,111,453530,,,,,
1181000,TAYLOR BUSINESS INSTITUTE,IL,606024404,Proprietary,3,4,11500,10,10000,2,2,10000,5,8000,,,,,,,,,,,,,,,
1182000,SAN DIEGO MIRAMAR COLLEGE,CA,921262999,Public,128,140,410775,258,406150,63,70,300874,130,296374,,,,,,4,6,52500,11,52500,,,,,
1182400,NORTHWOOD TECHNICAL COLLEGE,WI,548719300,Public,641,643,1987961,1038,1987961,527,568,1268539,928,1268539,,,,,,5,5,41000,8,41000,,,,,
1183000,BERK TRADE AND BUSINESS SCHOOL,NY,111010000,Proprietary,145,145,336157,264,307007,159,159,449300,296,407641,,,,,,17,17,115755,31,101184,,,,,
1183800,UNIVERSITY OF OXFORD - MANSFIELD COLLEGE,,OX1   3TF,Foreign-Private,,,,,,,,,,,5,5,91000,13,91000,,,,,,5,5,119900,14,112837
1185900,WORD OF LIFE BIBLE INSTITUTE,NY,128600129,Private-Nonprofit,161,161,569699,301,569699,165,167,491304,314,491304,,,,,,16,16,152249,31,148574,,,,,
1186400,MOHAVE COMMUNITY COLLEGE,AZ,864091238,Public,299,310,977578,531,926216,278,302,1205926,515,1133499,,,,,,,,,,,,,,,
1186500,CALIFORNIA HAIR DESIGN ACADEMY,CA,919425055,Proprietary,56,65,146778,125,139194,60,70,155502,138,148000,,,,,,6,6,26932,12,26932,,,,,
1186600,LU ROSS ACADEMY,CA,930012927,Proprietary,192,217,544799,393,484463,196,230,578329,424,503821,,,,,,5,5,28047,8,22433,,,,,
1192100,WESTCHESTER SCHOOL OF BEAUTY CULTURE,NY,105502295,Proprietary,18,18,59940,31,51190,18,18,51960,31,45513,,,,,,,,,,,,,,,
1193400,VERMONT LAW AND GRADUATE SCHOOL,VT,050689998,Private-Nonprofit,,,,,,,,,,,488,539,9523307,1174,9396706,,,,,,416,751,12359995,1263,12359995
1201500,AUSTIN COMMUNITY COLLEGE,TX,787524390,Public,5346,5721,15955033,9861,15954033,4859,5136,21834194,8830,21830444,,,,,,70,78,655516,135,655516,,,,,
1202000,VICTORIA BEAUTY AND BARBER COLLEGE,TX,779016233,Proprietary,67,70,205317,102,150657,70,75,313625,112,223922,,,,,,4,4,44800,8,44800,,,,,
1202600,BELLUS ACADEMY,CA,920216247,Proprietary,123,141,399274,246,344698,136,160,545164,282,467423,,,,,,30,36,221339,65,202689,,,,,
1203100,SAN DIEGO CHRISTIAN COLLEGE,CA,920715820,Private-Nonprofit,49,56,186704,101,169940,55,66,318694,122,286045,7,7,114365,17,109997,3,3,36970,6,36970,1,1,11663,4,11663
1205000,ROSEDALE TECHNICAL COLLEGE,PA,152059719,Private-Nonprofit,323,406,1387087,674,1144699,343,431,1472378,721,1233581,,,,,,43,51,489926,86,410122,,,,,
1205100,PRO WAY HAIR SCHOOL,GA,300832884,Proprietary,98,100,307392,170,268290,94,96,331034,181,288081,,,,,,,,,,,,,,,
1205900,TRINITY BIBLE COLLEGE AND GRADUATE SCHOOL,ND,584367105,Private-Nonprofit,83,85,327880,150,325630,70,74,247803,126,240553,,,,,,13,14,138959,22,138959,,,,,
1206400,ORION TECHNICAL COLLEGE,IA,528072589,Proprietary,27,33,107789,58,95789,26,30,133115,53,119015,,,,,,1,1,22050,2,22050,,,,,
1207800,VICTORIA UNIVERSITY OF WELLINGTON,,6012,Foreign-Private,18,18,75550,31,65384,18,18,60780,29,56114,17,17,321037,32,246616,8,8,242987,12,193878,13,13,271616,23,210306
1209000,ROBERT FIANCE BEAUTY SCHOOLS,NJ,088614118,Proprietary,145,156,419552,244,360426,143,154,454618,244,394954,,,,,,11,11,102035,22,97331,,,,,
1209200,KENNETH SHULER SCHOOL OF COSMETOLOGY,SC,297322169,Proprietary,284,288,779251,469,656129,282,286,1018038,471,841853,,,,,,42,44,315445,73,272783,,,,,
1209600,ECOLE HOTELIERE DE LAUSANNE,,1000,Foreign-Private,1,1,3500,1,1750,1,1,2000,1,1000,,,,,,1,1,37060,1,18530,,,,,
1210100,UNIVERSITY OF CAMBRIDGE - GIRTON COLLEGE,,CB3   0JG,Foreign-Private,,,,,,,,,,,7,7,143500,14,143500,,,,,,4,4,152659,7,152659
1210500,NATIONAL PARK COLLEGE,AR,719139174,Public,530,541,1607727,944,1607727,192,195,820612,347,820612,,,,,,15,16,125810,25,125810,,,,,
1212300,UNIVERSITY OF PUERTO RICO - AGUADILLA,PR,006040060,Public,115,115,438250,187,438250,,,,,,,,,,,,,,,,,,,,
1213600,UNIVERSITY OF MANCHESTER (THE),,M13   9PL,Foreign-Private,14,14,59500,41,59500,21,21,76334,60,76334,45,45,897000,133,897000,12,12,435484,34,435484,39,39,1300405,120,1300405
1215400,CALIFORNIA INSTITUTE OF INTEGRAL STUDIES,CA,941032557,Private-Nonprofit,36,52,208375,80,208375,32,47,252570,71,252570,699,737,12842967,1336,12842967,,,,,,696,1293,33292580,1960,33292580
1216500,ATLANTA METROPOLITAN  STATE COLLEGE,GA,303104498,Public,564,565,2132054,930,1823902,518,520,2774723,865,2389318,,,,,,8,8,63161,13,55517,,,,,
1218200,CHATTAHOOCHEE VALLEY COMMUNITY COLLEGE,AL,368697917,Public,506,521,1761850,788,1441675,461,476,2219753,712,1791794,,,,,,4,4,38293,8,38293,,,,,
1218700,BLACKSTONE VALLEY VOCATIONAL REGIONAL SCHOOL DISTRICT,MA,015681499,Public,23,23,68725,40,68725,20,21,93772,37,93772,,,,,,,,,,,,,,,
1219800,UNIVERSITY OF BRADFORD,,BD7 1DP,Foreign-Private,,,,,,,,,,,1,1,20500,3,20500,,,,,,2,2,126197,6,126197
1220100,UNIVERSITY OF OXFORD - REGENT'S PARK COLLEGE,,OX1   2LB,Foreign-Private,1,1,2000,3,2000,1,1,5500,3,5500,3,3,61500,9,61500,1,1,46903,3,46903,3,3,134890,9,134890
1220300,ST. PETER'S HOSPITAL COLLEGE OF NURSING,NY,122081715,Private-Nonprofit,61,61,175180,96,175180,73,73,350043,112,350043,,,,,,,,,,,,,,,
1220600,JAMES COOK UNIVERSITY,,4811,Foreign-Private,7,7,30750,12,24666,7,7,18750,11,15084,34,34,676250,68,577160,5,5,129322,8,110822,24,24,472355,46,396437
1221500,BIRMINGHAM CITY UNIVERSITY,,B5 5JU,Foreign-Private,7,7,32500,21,32500,7,7,24000,21,24000,9,9,184500,24,167417,2,2,59129,6,59129,9,9,302692,28,249433
1224800,CENTRAL SCHOOL OF PRACTICAL NURSING,OH,441312155,Private-Nonprofit,31,31,103700,46,78101,31,31,181287,46,135644,,,,,,,,,,,,,,,
1225800,ASTON UNIVERSITY,,B4 7ET,Foreign-Private,2,2,8000,6,8000,,,,,,2,2,30500,6,30500,,,,,,,,,,
1226000,EAST ARKANSAS COMMUNITY COLLEGE,AR,723352204,Public,32,32,104728,108,104728,17,17,56150,56,56150,,,,,,1,1,5000,2,5000,,,,,
1226100,NORTH ARKANSAS COLLEGE,AR,726015508,Public,169,176,589155,320,550405,134,142,589408,257,553823,,,,,,,,,,,,,,,
1226800,BALDWIN BEAUTY SCHOOLS,TX,787044785,Proprietary,61,65,158817,89,121893,78,90,265081,124,209801,,,,,,6,6,67850,9,49077,,,,,
1227400,PROVIDENCE UNIVERSITY COLLEGE AND THEOLOGICAL SEMINARY,,R0A 1G0,Foreign-Private,1,1,5500,2,5500,1,1,7000,2,7000,,,,,,,,,,,,,,,
1227500,UNIVERSITY OF OXFORD - WOLFSON COLLEGE,,OX2   6UD,Foreign-Private,,,,,,,,,,,11,11,204537,31,173787,,,,,,12,14,772194,41,607873
1227700,NORTHEAST COLLEGE OF HEALTH SCIENCES,NY,131480800,Private-Nonprofit,41,59,204944,94,166444,41,64,293124,103,251733,254,684,10935107,1096,9058170,6,9,117830,13,93326,200,335,3197932,526,2665794
1229300,VEEB NASSAU COUNTY SCHOOL OF PRACTICAL NURSING,NY,118014302,Public,132,155,480383,276,450850,136,169,726702,291,676671,,,,,,14,14,217159,26,176392,,,,,
1230000,PALMER COLLEGE OF CHIROPRACTIC,IA,528035287,Private-Nonprofit,33,39,131960,52,131960,46,55,211543,71,211543,1935,2650,66191847,4303,66191847,1,1,2410,1,2410,1341,1734,24371140,3704,24371140
1230200,UNIVERSITY OF CAMBRIDGE - GONVILLE & CAIUS COLLEGE,,CB2 1TA,Foreign-Private,,,,,,,,,,,1,1,20500,2,20500,,,,,,1,1,61868,2,61868
1230900,UNIVERSITY OF WESTERN STATES,OR,972136655,Private-Nonprofit,,,,,,,,,,,519,723,14363420,1437,11628714,,,,,,237,343,8090814,729,6468361
1231500,CORNISH COLLEGE OF THE ARTS,WA,981214604,Private-Nonprofit,238,274,954358,476,954358,266,289,866999,528,866999,,,,,,103,114,3350279,208,3350279,,,,,
1232800,NORTHWESTERN HEALTH SCIENCES UNIVERSITY,MN,554311599,Private-Nonprofit,251,296,1050974,451,932481,261,312,1549254,459,1376101,451,653,15713613,996,13490404,3,5,71022,7,54301,223,352,5401304,513,4802021
1233500,ROYAL COLLEGE OF MUSIC,,SW7 2BS,Foreign-Private,3,3,14500,9,14500,1,1,2000,3,2000,7,7,139500,21,139500,2,2,127195,6,127195,6,6,324647,18,324647
1234100,UNIVERSITY OF WALES TRINITY SAINT DAVID,,SA31 3EP,Foreign-Private,2,2,11000,4,11000,1,1,7000,2,7000,,,,,,1,1,31090,2,31090,,,,,
1234700,PHAGANS' CENTRAL OREGON BEAUTY COLLEGE,OR,977015175,Proprietary,74,78,208696,209,141187,81,87,330819,243,235549,,,,,,2,3,10805,11,10805,,,,,
1234800,PHAGANS' BEAUTY COLLEGE,OR,973334716,Proprietary,27,27,69250,71,53685,29,30,113306,86,93766,,,,,,2,2,14632,7,12811,,,,,
1235000,PHAGANS' SCHOOL OF HAIR DESIGN,OR,970867721,Proprietary,162,166,520394,283,453276,145,148,538706,252,462283,,,,,,13,13,85058,23,74965,,,,,
1235100,PHAGANS' SCHOOL OF BEAUTY,OR,973014732,Proprietary,32,32,89456,94,72242,31,31,96139,92,83232,,,,,,,,,,,,,,,
1235800,PLAZA COLLEGE,NY,113757324,Proprietary,1076,1486,4420313,2016,4113890,1035,1407,5051447,1931,4684075,20,24,207602,36,175314,41,61,622685,89,618244,,,,,
1236400,ST. PAUL'S SCHOOL OF NURSING,NY,113740000,Proprietary,910,1201,4006874,2144,3441791,947,1242,5846596,2220,5085661,,,,,,52,62,608948,115,520730,,,,,
1238600,SOUTHEASTERN REGIONAL VOCATIONAL TECHNICAL SCHOOL,MA,023751780,Public,81,81,239129,140,239129,86,88,342483,140,342483,,,,,,,,,,,,,,,
1239300,THOMAS JEFFERSON UNIVERSITY,PA,191075543,Private-Nonprofit,1808,1890,7724864,3473,7556783,1978,2111,8338192,3891,8092744,2018,2163,53759307,4244,53214463,419,494,10525873,855,10517213,1012,1247,35647727,2335,35545308
1240700,SCHUYLER STEUBEN CHEMUNG TIOGA ALLEGANY BOCES,NY,149031089,Public,102,102,251034,176,229547,99,99,344428,169,310378,,,,,,8,8,86296,16,86296,,,,,
1245200,EVERGREEN VALLEY COLLEGE,CA,951351598,Public,52,53,166453,97,164703,48,49,225034,90,222034,,,,,,,,,,,,,,,
1246100,LINCOLN TECHNICAL INSTITUTE,NJ,088301636,Proprietary,3485,4022,10773195,5839,8988037,3470,4195,14749690,6127,12127168,,,,,,391,462,3180396,698,2735651,,,,,
1246200,EASTWICK COLLEGE - HACKENSACK CAMPUS.,NJ,076017197,Proprietary,703,811,2785003,1705,2172726,701,804,3407316,1719,2692515,,,,,,5,5,39510,10,33373,,,,,
1248300,PAUL MITCHELL THE SCHOOL DALLAS,TX,750062567,Proprietary,615,661,1623751,934,1328277,647,707,2152116,998,1753050,,,,,,85,91,588014,145,515376,,,,,
1249600,EVERGREEN BEAUTY AND BARBER COLLEGE,WA,981335615,Proprietary,84,88,271822,138,224866,82,87,348025,135,289776,,,,,,2,2,24600,3,17750,,,,,
1250000,RANKEN TECHNICAL COLLEGE,MO,631132811,Private-Nonprofit,1111,1136,3421218,2289,3354624,1137,1260,3550442,2530,3465228,,,,,,295,306,2682076,636,2640784,,,,,
1252500,CARIBBEAN UNIVERSITY,PR,009600493,Private-Nonprofit,538,538,2231756,1139,1790154,488,488,2658504,1079,2150365,370,370,4608217,1196,4169254,,,,,,6,6,93150,18,83925
1254000,UNIVERSIDAD DE NAVARRA,,31009,Foreign-Private,36,36,160000,65,160000,40,40,143500,73,143500,28,28,532600,51,524078,24,24,536000,50,536000,16,16,611365,30,595984
1255000,LOS ANGELES MISSION COLLEGE,CA,913423200,Public,125,129,493263,246,475066,119,120,632329,230,612237,,,,,,2,3,13664,5,13664,,,,,
1256100,FIVE TOWNS COLLEGE,NY,117465871,Proprietary,249,274,966731,457,948231,296,326,1058871,554,1036871,11,11,153687,22,153687,87,92,1406770,167,1399253,,,,,
1257300,WEST VIRGINIA UNIVERSITY HOSPITALS,WV,265068062,Private-Nonprofit,8,8,32500,16,32500,9,9,48000,18,48000,,,,,,1,1,13200,2,13200,,,,,
1257400,RINGLING COLLEGE OF ART AND DESIGN,FL,342345895,Private-Nonprofit,559,559,2563799,1082,2561049,613,613,1959174,1184,1958174,,,,,,383,384,16768084,734,16745940,,,,,
1258600,METROPOLITAN COMMUNITY COLLEGE,NE,681111658,Public,1410,1508,3480125,3130,3280234,1290,1398,4136899,2944,3901554,,,,,,4,4,30591,9,23925,,,,,
1258900,ERIE 1 BOARD OF COOPERATIVE EDUCATIONAL SERVICES,NY,142241825,Public,326,330,739438,472,705517,337,341,1186607,486,1131751,,,,,,3,3,24014,7,19014,,,,,
1260600,EMPIRE BEAUTY SCHOOL,PA,179013859,Proprietary,1143,1288,3628476,2063,2996643,1126,1279,4345749,2098,3530792,,,,,,115,129,797321,233,713685,,,,,
1262700,THOMAS M. COOLEY LAW SCHOOL,MI,489332002,Private-Nonprofit,,,,,,,,,,,352,554,8187366,819,8187366,,,,,,312,631,10744413,833,10744413
1265200,ONONDAGA CORTLAND MADISON BOCES,NY,130884500,Public,205,251,677695,486,664490,179,224,727441,438,712879,,,,,,5,7,49365,14,49365,,,,,
1267000,BEL - REA INSTITUTE OF ANIMAL TECHNOLOGY,CO,802473048,Proprietary,106,121,406455,242,331635,102,119,412132,235,338986,,,,,,16,17,219460,36,178619,,,,,
1269300,PELLISSIPPI STATE COMMUNITY COLLEGE,TN,379330990,Public,214,243,597651,450,597651,260,301,876295,569,874095,,,,,,22,25,212505,48,212505,,,,,
1274400,SOUTHSIDE COLLEGE OF HEALTH SCIENCES,VA,238345133,Private-Nonprofit,99,105,326919,229,259225,107,112,510381,239,397394,,,,,,4,5,43191,8,27922,,,,,
1275000,EDISON STATE COMMUNITY COLLEGE,OH,453569239,Public,193,209,595075,371,548623,194,210,715965,378,661318,,,,,,3,5,17585,9,17585,,,,,
1276500,UNIVERSITY OF OXFORD - LINACRE COLLEGE,,OX1 3JA,Foreign-Private,,,,,,,,,,,9,9,165963,26,135213,,,,,,8,10,539784,32,419720
1276600,"NATIONAL UNIVERSITY OF IRELAND, GALWAY",,0,Foreign-Private,16,16,66059,32,66059,18,18,59900,36,59900,41,41,815500,84,815500,10,10,272431,20,272431,26,26,535299,51,535299
1278300,"CENTER FOR INSTRUCTION, TECHNOLOGY & INNOVATION",NY,131144498,Public,11,11,38500,18,31500,10,10,54097,15,42097,,,,,,,,,,,,,,,
1280200,PONTIFICIA UNIVERSIDAD CATOLICA MADRE Y MAESTRA,,,Foreign-Private,16,16,62391,42,62391,15,17,52466,40,52466,5,5,45717,9,45717,,,,,,1,2,12655,2,12655
1280300,DOMINICAN HOUSE OF STUDIES,DC,200171584,Private-Nonprofit,,,,,,,,,,,2,2,25283,3,25283,,,,,,1,1,20500,2,20500
1281100,INSTITUTO TECNOLOGICO DE SANTO DOMINGO,,10602,Foreign-Private,5,9,23664,19,20664,5,9,27333,19,23333,52,76,1207229,162,959096,1,1,15000,3,15000,52,77,2450669,163,1869096
1281300,JOHN WOOD COMMUNITY COLLEGE,IL,623050401,Public,179,202,501033,601,501033,186,226,557183,657,557183,,,,,,6,7,64365,24,64365,,,,,
1283900,UNIVERSITY OF CAMBRIDGE - SAINT JOHN'S COLLEGE,,CB2   1TP,Foreign-Private,,,,,,,,,,,3,3,61500,6,61500,,,,,,4,4,265605,8,265605
1284200,OXNARD COLLEGE,CA,930336699,Public,66,68,243050,121,232800,55,58,250550,103,244550,,,,,,,,,,,,,,,
1284800,MOLER HOLLYWOOD BEAUTY ACADEMY,OH,452132577,Proprietary,26,26,63406,37,43120,23,23,89508,31,57221,,,,,,,,,,,,,,,
1285000,INTERNATIONAL SALON AND SPA ACADEMY,CO,809183684,Proprietary,127,130,335222,199,273807,115,119,277036,189,219226,,,,,,8,8,54850,14,47457,,,,,
1287000,SOUTHERN STATE COMMUNITY COLLEGE,OH,451339406,Public,228,232,661159,370,640208,253,257,1042643,412,1018345,,,,,,5,5,30551,9,30551,,,,,
1287200,NORTH-WEST COLLEGE,CA,917683199,Proprietary,1704,1746,5804663,2553,4583700,1665,1708,7774993,2524,6052715,,,,,,162,164,1379068,246,1059967,,,,,
1288000,CELEBRITY A PAUL MITCHELL FRANCHISE SCHOOL (THE),LA,712030000,Proprietary,62,63,181495,92,140436,64,65,272445,97,203195,,,,,,1,1,10319,2,10319,,,,,
1288100,MONTACHUSETT REGIONAL VOCATIONAL TECHNICAL SCHOOL,MA,014204649,Public,25,25,87500,48,84000,26,26,153063,51,150063,,,,,,,,,,,,,,,
1290700,LAKE TAHOE COMMUNITY COLLEGE,CA,961504524,Public,99,111,260707,415,247375,98,109,341733,408,319858,,,,,,2,3,16675,8,16675,,,,,
1291200,CAMPUS,CA,958413037,Proprietary,235,244,619852,337,504099,230,240,820735,335,672393,,,,,,23,23,155526,38,137718,,,,,
1292900,SOUTH HILLS BEAUTY ACADEMY,PA,152162335,Proprietary,88,98,196050,171,180080,102,116,314032,203,283659,,,,,,14,15,90171,29,90171,,,,,
1293000,CHARLES & SUE'S SCHOOL OF HAIR DESIGN,TX,778022798,Proprietary,52,66,145600,98,135112,62,84,167907,119,151645,,,,,,11,11,157432,22,150932,,,,,
1294800,ROB ROY ACADEMY,MA,027215330,Proprietary,58,58,158192,94,135548,60,62,172942,101,151000,,,,,,1,1,6994,2,6994,,,,,
1295400,HUDSON COUNTY COMMUNITY COLLEGE,NJ,073064012,Public,213,213,587335,312,564406,187,187,626755,282,604994,,,,,,11,11,53721,19,48720,,,,,
1297800,UNIVERSITY OF HUDDERSFIELD (THE),,HD1   3DH,Foreign-Private,1,1,4500,3,4500,3,3,14000,9,14000,2,2,41000,6,41000,2,2,52690,6,52690,3,4,47067,12,47067
1298400,PROFESSIONAL INSTITUTE OF BEAUTY,CA,917312613,Proprietary,29,32,49587,52,39751,,,,,,,,,,,,,,,,,,,,
1300500,OLYMPIAN ACADEMY OF COSMETOLOGY,NM,880015330,Proprietary,276,303,682411,477,614111,275,303,870512,483,774978,,,,,,26,27,113204,47,104366,,,,,
1300600,LA' JAMES INTERNATIONAL COLLEGE,IA,506135242,Proprietary,33,39,104513,62,89630,37,48,155405,81,137090,,,,,,4,5,36333,8,27861,,,,,
1300700,NAZARENE BIBLE COLLEGE,CO,809090000,Private-Nonprofit,45,46,109688,116,104154,29,32,104222,69,91013,,,,,,,,,,,,,,,
1300800,SUMMIT SALON ACADEMY - PORTLAND,OR,972236432,Proprietary,41,50,157408,83,133134,60,74,295189,126,252426,,,,,,2,2,28692,4,28692,,,,,
1301000,LANCASTER BEAUTY SCHOOL,CA,935343098,Proprietary,151,175,384636,231,309967,153,178,525325,234,419491,,,,,,21,21,120787,35,109797,,,,,
1301600,OGLE SCHOOL HAIR SKIN NAILS,TX,760137400,Proprietary,877,951,2219567,1625,1944374,910,994,3087235,1728,2692621,,,,,,108,110,781218,199,736791,,,,,
1302200,CITY UNIVERSITY OF SEATTLE,WA,981211851,Private-Nonprofit,181,204,593349,502,593349,172,191,858801,463,858801,414,453,6405473,1182,6405473,1,1,20000,3,20000,50,62,1060222,162,1060222
1302900,BORICUA COLLEGE,NY,100321599,Private-Nonprofit,63,68,250769,128,249019,29,33,117174,62,111424,146,150,2133090,292,2066494,,,,,,,,,,
1303900,SOUTH UNIVERSITY,GA,314064881,Proprietary,10225,13384,38451993,26100,31020579,10204,12688,57636451,24638,46139800,3280,4259,74179432,9290,61450938,42,48,545285,118,494157,878,1024,34899399,2432,28507616
1307400,AMERICAN BEAUTY COLLEGE,CA,917902906,Proprietary,286,319,757660,555,635390,274,299,750328,521,625498,,,,,,30,30,189808,53,169357,,,,,
1308800,CAPRI BEAUTY COLLEGE,IL,604513860,Proprietary,46,61,190354,104,167854,61,80,227067,147,208730,,,,,,6,6,63661,12,63661,,,,,
1309500,SALON SUCCESS ACADEMY,CA,928813415,Proprietary,342,387,892213,712,815971,352,402,1144568,759,1039441,,,,,,45,55,248379,105,242668,,,,,
1310300,CALIFORNIA WESTERN SCHOOL OF LAW,CA,921013046,Private-Nonprofit,,,,,,,,,,,475,485,9464578,921,9464578,,,,,,440,762,23816430,1233,23816430
1315300,MASSEY UNIVERSITY,,4744,Foreign-Private,17,18,66158,29,48658,20,21,96592,34,74842,50,71,1388750,74,960500,9,12,306422,16,220987,48,69,2490604,71,1523582
1320800,MISSION UNIVERSITY,MO,658033498,Private-Nonprofit,200,200,795133,491,744174,194,201,631405,466,585796,11,11,91328,41,85128,32,32,298391,57,267191,,,,,
1321400,ROXBOROUGH MEMORIAL HOSPITAL,PA,191281737,Proprietary,99,99,278508,99,186758,120,120,529957,120,366149,,,,,,6,6,34408,6,26949,,,,,
1321800,M.J. MURPHY BEAUTY COLLEGE,MI,488582502,Proprietary,27,29,86911,47,69913,28,31,98021,46,66607,,,,,,2,2,6500,3,4000,,,,,
1323100,UNIVERSITY OF HOUSTON - VICTORIA,TX,779015731,Public,863,936,3197224,1493,3183573,770,934,3800878,1466,3782699,519,679,7535953,1008,7383824,13,16,113845,21,113845,25,30,320653,43,320653
1323200,ACADEMY OF HAIR DESIGN,NV,891461617,Proprietary,155,178,543383,309,481775,154,237,611713,400,532577,,,,,,15,15,83461,27,81755,,,,,
1324000,LYTLE'S REDWOOD EMPIRE BEAUTY COLLEGE,CA,954037757,Proprietary,42,48,141495,83,120829,44,52,156161,89,129749,,,,,,12,12,167391,23,153928,,,,,
1326300,SOUTH HILLS SCHOOL OF BUSINESS & TECHNOLOGY,PA,168014516,Proprietary,206,206,760885,552,737555,212,223,721148,597,688685,,,,,,14,14,162851,40,162851,,,,,
2050300,ACADEMY COLLEGE,MN,554311411,Proprietary,60,68,274479,147,223642,60,68,279444,145,215330,,,,,,18,21,864776,50,775501,,,,,
2052200,BLACK RIVER TECHNICAL COLLEGE,AR,724550468,Public,152,166,515446,412,479296,113,129,329378,318,291770,,,,,,,,,,,,,,,
2052300,UNIVERSITY OF WEST LOS ANGELES,CA,903014501,Proprietary,1,1,5500,2,5500,1,1,7000,2,7000,163,171,3017634,243,2556384,,,,,,84,122,2206613,168,1675359
2052400,UNIVERSITY OF CAMBRIDGE - DARWIN COLLEGE,,CB3   9EU,Foreign-Private,,,,,,,,,,,3,3,61500,6,61500,,,,,,4,4,236215,8,195204
2053000,LIBERTY UNIVERSITY,VA,245152269,Private-Nonprofit,26606,29107,105280502,52184,92057342,29559,32403,143287981,57324,124345375,31084,34456,506240161,64118,436046038,1614,1907,31048936,3292,30132596,4950,5867,94315899,11711,88599140
2053700,EASTWICK COLLEGE,NJ,074462546,Proprietary,741,805,2765080,1852,2289040,691,745,3098963,1681,2568044,,,,,,25,27,198396,73,190476,,,,,
2055400,BOSSIER PARISH COMMUNITY COLLEGE,LA,711110000,Public,2826,2826,9467007,4865,8773802,2704,2704,11974572,4684,11162845,,,,,,25,25,138342,53,134500,,,,,
2056100,FOUR RIVERS CAREER CENTER,MO,630904543,Public,14,23,62205,42,62205,16,26,111675,48,111675,,,,,,1,1,10000,2,10000,,,,,
2056400,CAPRI COSMETOLOGY LEARNING CENTER,NY,109544915,Proprietary,121,121,327348,221,298762,139,139,500963,255,459393,,,,,,12,12,89277,22,86834,,,,,
2058600,BK COSMO COLLEGE OF COSMETOLOGY,TX,780284288,Proprietary,35,40,103479,66,80919,39,48,114918,83,94059,,,,,,2,2,23600,4,23600,,,,,
2060300,UNIVERSAL TECHNICAL INSTITUTE,MI,481882533,Proprietary,923,1178,3484434,2543,3019721,968,1215,4042152,2656,3523943,,,,,,95,118,855492,263,788470,,,,,
2061000,VENUS BEAUTY ACADEMY,PA,190143018,Proprietary,30,30,72243,57,66993,31,31,65676,60,60676,,,,,,4,4,29700,8,29700,,,,,
2061600,WAYNE'S COLLEGE OF BEAUTY,CA,939062830,Proprietary,32,32,88202,62,84702,28,29,80729,56,74893,,,,,,1,2,12832,4,12832,,,,,
2063000,MONTSERRAT COLLEGE OF ART,MA,019154508,Private-Nonprofit,154,154,712275,295,695775,168,168,489975,317,467225,,,,,,36,37,903524,65,861809,,,,,
2063500,COASTLINE COMMUNITY COLLEGE,CA,927082597,Public,114,127,363937,309,360489,96,111,378564,257,372883,,,,,,,,,,,,,,,
2063700,SHERMAN COLLEGE OF STRAIGHT CHIROPRACTIC,SC,293167251,Private-Nonprofit,,,,,,,,,,,382,471,14053689,1034,11134719,,,,,,327,398,8533461,1011,6805435
2065300,PRESCOTT COLLEGE,AZ,863012990,Private-Nonprofit,104,120,437747,178,424533,107,124,583717,186,563931,405,594,7721508,811,7027128,7,7,164094,14,164094,121,152,2872178,220,2520161
2065700,CALIFORNIA BEAUTY COLLEGE,CA,953541190,Proprietary,88,92,223076,169,205910,102,110,326376,203,298434,,,,,,20,20,170667,37,141836,,,,,
2066100,OHIO STATE COLLEGE OF BARBER STYLING,OH,432131301,Proprietary,158,170,504562,255,383715,149,161,433003,247,329435,,,,,,,,,,,,,,,
2066200,"NEW SCHOOL, THE",NY,100118603,Private-Nonprofit,1374,1374,5963330,2599,5958830,1627,1627,6039648,3084,6027398,585,585,10799927,1143,10727258,665,681,26411316,1453,26386479,296,298,9779963,721,9682873
2068100,ADLER UNIVERSITY,IL,606027298,Private-Nonprofit,,,,,,,,,,,782,1022,17266503,2340,17123321,,,,,,628,1546,18345282,2855,18269711
2068200,COX COLLEGE,MO,658021988,Private-Nonprofit,324,349,1309392,589,1309392,352,365,1842281,609,1842281,164,173,2802760,288,2802760,15,15,237964,26,237964,45,80,917108,115,917108
2068300,DOUGLAS EDUCATION CENTER,PA,150621097,Proprietary,107,152,527954,231,422200,112,162,557360,244,457047,,,,,,28,41,855466,64,668989,,,,,
2069000,NEW YORK SCHOOL OF INTERIOR DESIGN,NY,100215110,Private-Nonprofit,89,89,327131,161,327131,91,97,394433,176,394433,34,34,686750,67,686750,26,26,1162796,49,1162796,32,32,1530370,63,1530370
2070500,CONCORDIA UNIVERSITY IRVINE,CA,926123203,Private-Nonprofit,684,788,3550173,1242,3042984,814,917,4175145,1499,3579158,967,1285,20341259,1626,12794497,156,171,4335259,287,4016024,89,107,2247758,134,1260281
2073300,GALLIA JACKSON VINTON JOINT SCHOOL ADULT EDUCATION,OH,456740000,Public,85,103,266243,180,235040,72,85,268031,141,225337,,,,,,2,3,12000,6,12000,,,,,
2073500,UNIVERSITY OF ARKANSAS COMMUNITY COLLEGE AT BATESVILLE,AR,725010000,Public,194,226,582360,391,526768,162,216,586807,276,551400,,,,,,,,,,,,,,,
2073900,WOR-WIC COMMUNITY COLLEGE,MD,218041486,Public,426,450,1137395,687,1116073,153,170,585165,274,548535,,,,,,3,3,26408,7,21988,,,,,
2074600,SOUTH ARKANSAS COLLEGE,AR,717317010,Public,195,222,621052,387,574382,195,259,700333,441,627911,,,,,,,,,,,,,,,
2074800,LIFE UNIVERSITY,GA,300602996,Private-Nonprofit,472,604,1804178,1264,1804178,506,670,1697954,1348,1697954,1622,2611,56413055,5311,56413055,65,83,1346634,179,1346634,1375,2285,44778408,4863,44778408
2075300,UNIVERSITY OF ARKANSAS - PULASKI TECHNICAL COLLEGE,AR,721183347,Public,2508,2843,8373152,5065,8145683,2341,2519,10732898,4478,10481822,,,,,,18,19,151959,28,151959,,,,,
2075800,SOUTHERN CALIFORNIA INSTITUTE OF ARCHITECTURE (THE),CA,900131829,Private-Nonprofit,55,55,258364,109,255614,50,50,226386,96,213136,50,69,1329843,122,1329843,26,27,1131148,53,1131148,43,56,1770092,99,1770092
2077100,MILWAUKEE INSTITUTE OF ART & DESIGN,WI,532026003,Private-Nonprofit,520,656,2406097,1089,2406097,615,769,2224407,1290,2224407,,,,,,181,191,3425250,340,3425250,,,,,
2078800,COLLECTIV HAIR DRESSING ACADEMY,UT,840948409,Proprietary,276,312,864973,565,794171,305,350,1109856,652,1026470,,,,,,17,17,152374,37,150753,,,,,
2079400,EMPIRE BEAUTY SCHOOL,PA,191542810,Proprietary,830,940,2624187,1455,2132549,821,935,3413338,1502,2751328,,,,,,125,140,948676,242,832551,,,,,
2079700,COLLEGE OF HAIR DESIGN,NE,685082199,Proprietary,141,163,528340,274,440758,126,151,583777,248,473231,,,,,,23,26,234643,44,199747,,,,,
2081400,ARLINGTON BAPTIST UNIVERSITY,TX,760123425,Private-Nonprofit,185,185,678627,331,676377,200,228,668902,417,663902,6,6,79140,9,79140,46,51,722652,97,722652,,,,,
2082400,UNIVERSITY OF CAMBRIDGE - QUEEN'S COLLEGE,,CB3   9ET,Foreign-Private,,,,,,,,,,,7,7,143500,13,133250,,,,,,3,3,135084,6,135084
2083400,UNIVERSITY OF CAMBRIDGE - WOLFSON COLLEGE,,CB3   9BB,Foreign-Private,,,,,,,,,,,7,7,143500,15,143500,,,,,,7,7,339215,15,339215
2083900,NORTHERN NEW MEXICO COLLEGE,NM,875320000,Public,37,37,148945,69,148945,28,28,141725,53,141725,,,,,,,,,,,,,,,
2084800,RAVENSCROFT BEAUTY COLLEGE,IN,468354132,Proprietary,88,90,251708,135,198847,88,90,330802,137,257835,,,,,,1,1,6000,2,6000,,,,,
2087000,OZARKA COLLEGE,AR,725560010,Public,112,166,334450,332,334450,115,181,400926,362,400926,,,,,,,,,,,,,,,
2087400,UNIVERSITY OF CAMBRIDGE - NEWNHAM COLLEGE,,CB3   9DF,Foreign-Private,,,,,,,,,,,2,2,41000,4,41000,,,,,,3,3,152206,6,152206
2087600,CONCORDIA THEOLOGICAL SEMINARY,IN,468254996,Private-Nonprofit,,,,,,,,,,,24,25,286690,52,286690,,,,,,1,1,11123,3,11123
2087900,OXFORD BROOKES UNIVERSITY,,OX3   0BP,Foreign-Private,20,20,83280,39,83280,22,22,88220,44,88220,15,15,304783,29,294533,10,11,334307,21,334307,12,12,356243,23,337810
2089600,CONCORDE CAREER INSTITUTE,FL,322566905,Proprietary,1287,1596,4956967,3088,4221184,1271,1503,7039042,2938,5975349,,,,,,129,156,1319574,292,1109198,,,,,
2090300,CAPRI COLLEGE,IA,524040000,Proprietary,92,114,340829,203,307963,95,132,365173,238,343774,,,,,,14,18,144815,35,140169,,,,,
2090700,CLEVELAND UNIVERSITY-KANSAS CITY,KS,662101613,Private-Nonprofit,117,147,452161,203,393633,117,147,541507,198,465028,429,632,19025185,989,15794682,5,7,62292,7,62292,206,510,4387384,575,4348647
2092100,MASSACHUSETTS SCHOOL OF BARBERING,MA,021695058,Proprietary,42,42,128738,64,96363,42,42,209577,64,160077,,,,,,4,4,34033,9,29768,,,,,
2092300,EASTWICK COLLEGE - NUTLEY CAMPUS,NJ,071109802,Proprietary,530,642,1776177,1221,1352129,391,477,1491742,909,1164801,,,,,,47,55,337824,125,299760,,,,,
2092500,LAUREL TECHNICAL INSTITUTE,PA,161489010,Proprietary,169,219,678743,318,572436,183,243,871107,363,761650,,,,,,23,27,212972,48,188290,,,,,
2094100,BEN-GURION UNIVERSITY OF THE NEGEV,,8410501,Foreign-Private,,,,,,,,,,,18,18,348024,30,348024,,,,,,11,11,412605,22,412605
2094400,UNIVERSITY OF CAMBRIDGE - ST EDMUND'S COLLEGE,,CB3   0BN,Foreign-Private,,,,,,,,,,,7,7,143500,14,143500,,,,,,6,6,326448,13,326448
2095500,UNIVERSITY OF LONDON - LONDON BUSINESS SCHOOL,,NW1 4SA,Foreign-Private,,,,,,,,,,,25,25,506980,70,500146,,,,,,16,16,1107993,46,1089667
2096100,FIELDING GRADUATE UNIVERSITY,CA,931053814,Private-Nonprofit,,,,,,3,3,16491,3,16491,486,503,10074440,1058,8734248,,,,,,389,409,11032974,867,9127026
2097300,HASTINGS BEAUTY SCHOOL,MN,550331205,Proprietary,17,20,55966,34,49822,19,23,76883,41,73340,,,,,,,,,,,,,,,
2098300,WESTERN TECHNICAL COLLEGE,TX,799272105,Proprietary,1073,1309,4577940,2311,3996321,1048,1282,5138761,2256,4485252,5,10,152405,15,114544,72,79,529312,144,471393,,,,,
2098400,HERKIMER COUNTY  BOCES PRACTICAL NURSING PROGRAM,NY,133501446,Public,66,66,135618,113,135618,63,63,183279,106,183279,,,,,,1,1,7500,2,7500,,,,,
2098800,UNIVERSITY OF PHOENIX,AZ,850400723,Proprietary,68019,74183,255721794,330190,160498278,64328,69985,330722373,311637,206846240,14008,14319,200602415,47925,117762699,370,396,3363998,1941,2253848,973,979,10001854,3863,5053707
2099500,CENTRAL COMMUNITY COLLEGE,NE,688024903,Public,525,528,1626733,940,1600673,507,508,1431170,913,1416344,,,,,,12,12,71484,23,71484,,,,,
2099700,ROSS MEDICAL EDUCATION CENTER,MI,485071234,Proprietary,586,586,1867206,924,1549329,581,597,2435603,959,2025502,,,,,,2,2,7220,4,7220,,,,,
2100000,UNIVERSIDAD POLITECNICA DE PUERTO RICO,PR,009185955,Private-Nonprofit,1659,1662,6111239,4050,5929799,970,971,4223328,2328,4079361,300,302,3817754,677,3610850,12,12,131900,30,131900,,,,,
2100500,UNIVERSAL TECHNICAL INSTITUTE,AZ,853239969,Proprietary,2417,3154,11058777,5520,9567188,2509,3311,13119666,5860,11341773,,,,,,855,1165,12163681,2186,10790650,,,,,
2100600,CARRINGTON COLLEGE,AZ,850210000,Proprietary,2906,3686,11046408,9263,9505968,2889,3690,14312836,9166,12243407,,,,,,308,398,2986034,1113,2596097,,,,,
2101000,NORTHWEST COLLEGE SCHOOL OF BEAUTY,OR,970867702,Proprietary,295,329,942844,533,783779,296,330,1163012,545,947041,,,,,,7,8,46862,14,40396,,,,,
2101900,ROEHAMPTON UNIVERSITY,,SW15 5PJ,Foreign-Private,31,31,137739,57,130989,32,32,131000,59,123250,19,19,387631,37,367131,12,12,436983,22,394154,16,16,481819,31,448719
2102100,KINGSWOOD UNIVERSITY,,E4E 5L2,Foreign-Private,2,2,10219,4,10219,2,2,6781,4,6781,,,,,,,,,,,,,,,
2104300,OTSEGO DELAWARE SCHOHARIE GREENE BOCES,NY,121340000,Public,27,27,86105,50,84828,27,27,127380,50,125190,,,,,,2,2,17412,4,17412,,,,,
2104400,SPA TECH INSTITUTE,ME,040920000,Proprietary,446,468,1116186,779,950919,468,494,1571096,836,1346695,,,,,,29,29,241481,51,219929,,,,,
2104900,SUMNER COLLEGE,OR,972206809,Proprietary,425,502,1891201,1025,1402865,434,513,2597050,1047,1952602,,,,,,5,6,142773,15,121624,,,,,
2105900,BRITTANY BEAUTY ACADEMY,NY,112095409,Proprietary,79,86,186462,136,153807,76,81,300562,130,245967,,,,,,4,4,16070,9,16070,,,,,
2106600,AMERICAN INSTITUTE,CT,061101922,Proprietary,1988,2351,6449403,3793,5276659,1677,1871,7237244,3032,5890306,,,,,,36,44,356650,76,293111,,,,,
2107300,PENNSYLVANIA ACADEMY OF THE FINE ARTS,PA,191021424,Private-Nonprofit,9,9,45250,17,45250,9,9,39225,17,39225,6,6,123000,12,123000,1,1,35000,2,35000,3,3,74870,6,74870
2107700,TRUCKEE MEADOWS COMMUNITY COLLEGE,NV,895123999,Public,265,273,918380,483,860895,269,287,1158269,511,1072428,,,,,,5,6,40355,9,36837,,,,,
2107800,UNIVERSITY OF HAWAII - WEST OAHU,HI,967074507,Public,484,495,2069267,835,1974225,477,487,2537427,824,2411749,,,,,,11,11,175105,20,175105,,,,,
2108600,LONDON ACADEMY OF MUSIC & DRAMATIC ART,,W14 9DA,Foreign-Private,5,5,20500,15,20500,6,6,22500,18,22500,50,50,979352,134,871726,6,6,252997,18,252997,41,41,1514557,116,1304289
2110200,COLUMBIA COLLEGE HOLLYWOOD,CA,900152205,Private-Nonprofit,33,34,139037,63,135768,29,29,121464,55,120482,,,,,,7,7,73635,14,73635,,,,,
2110900,CATTARAUGUS/ALLEGANY/ERIE/WYOMING BOCES,NY,147609303,Public,21,21,92250,41,92250,21,21,87000,41,87000,,,,,,1,1,15000,2,15000,,,,,
2111100,UNIVERSITY OF ARKANSAS COMMUNITY COLLEGE RICH MOUNTAIN,AR,719532500,Public,87,92,301610,173,285145,85,95,350570,171,325049,,,,,,10,12,109155,21,109155,,,,,
2111300,CUYAMACA COLLEGE,CA,920194369,Public,206,213,800291,414,784041,173,196,649440,381,629917,,,,,,,,,,,,,,,
2111600,SOVAH SCHOOL OF HEALTH PROFESSIONS,VA,245412922,Proprietary,27,28,78315,33,78315,26,26,130797,33,130797,,,,,,,,,,,,,,,
2112200,GREAT LAKES INSTITUTE OF TECHNOLOGY,PA,165092482,Proprietary,344,403,1148743,732,910395,346,412,1407234,752,1093264,,,,,,43,46,356350,85,275161,,,,,
2112700,PAUL MITCHELL THE SCHOOL NORTH HAVEN,CT,064733108,Proprietary,101,105,277312,187,253728,110,116,374673,214,351221,,,,,,12,12,112808,23,110421,,,,,
2113600,AMERICAN INTERCONTINENTAL UNIVERSITY SYSTEM,AZ,852861585,Proprietary,10108,13605,43148994,26657,34905031,10194,13608,60562548,26495,49023758,1530,2134,27996720,3775,23578726,73,89,694322,196,554593,108,124,1739519,242,1393081
2113800,ROBERTO-VENN SCHOOL OF LUTHIERY,AZ,850072514,Proprietary,13,13,34996,25,33650,13,13,50764,25,48457,,,,,,4,4,87492,9,87492,,,,,
2114200,JOHNSON COLLEGE,PA,185081495,Private-Nonprofit,450,450,1586061,774,1586061,472,480,1472168,827,1472168,,,,,,46,54,679475,80,679475,,,,,
2115900,UNIVERSITY OF PORTSMOUTH,,PO1 2UP,Foreign-Private,2,2,8000,4,8000,2,2,8000,4,8000,8,8,153750,14,143500,2,2,70207,4,70207,8,8,177158,14,168638
2116300,PUEBLO COMMUNITY COLLEGE,CO,810041499,Public,1087,1087,3446092,1800,3255830,390,390,1518991,704,1466470,,,,,,3,3,30012,7,30012,,,,,
2116700,UNIVERSITY OF CAMBRIDGE - LUCY CAVENDISH COLLEGE,,CB3   0BU,Foreign-Private,,,,,,,,,,,9,9,176500,18,176500,,,,,,6,6,268174,12,268174
2116900,UPPER VALLEY CAREER CENTER,OH,453569237,Public,98,107,323551,168,260952,96,107,499580,166,397738,,,,,,,,,,,,,,,
2117300,GREAT OAKS CAREER CAMPUSES-SCARLET OAKS,OH,452411581,Public,69,69,216014,130,203331,72,72,290940,136,277582,,,,,,9,9,55120,17,51746,,,,,
2117400,BECK SCHOOL OF PRACTICAL NURSING,IL,622783368,Public,71,91,263826,146,252139,70,91,390889,146,363352,,,,,,,,,,,,,,,
2117500,NAROPA UNIVERSITY,CO,803026697,Private-Nonprofit,191,191,809355,330,808355,191,191,1076549,332,1076549,441,476,9055706,817,7529506,18,18,461786,36,461786,313,334,7766397,639,6204584
2117800,AVEDA ARTS & SCIENCES INSTITUTE LAFAYETTE,LA,705033246,Proprietary,242,261,712992,429,599729,262,281,923778,467,769137,,,,,,11,11,71983,15,54837,,,,,
2119100,MISSION COLLEGE,CA,950541897,Public,35,37,118350,107,107600,30,31,145490,90,130615,,,,,,,,,,,,,,,
2120000,"UNIVERSITY OF LONDON, THE COURTAULD INSTITUTE OF ART",,WC1X 9EW,Foreign-Private,2,2,7000,6,7000,2,2,4000,6,4000,17,17,331666,50,331666,2,2,138352,6,138352,11,11,475112,32,475112
2120600,SAYBROOK UNIVERSITY,CA,911033606,Private-Nonprofit,,,,,,,,,,,597,743,12391721,1195,10846109,,,,,,573,757,25949315,1361,22444920
2120700,SAN JOAQUIN VALLEY COLLEGE,CA,932919283,Proprietary,7357,9247,25027023,15908,21702211,7288,9024,32920299,15629,28416886,,,,,,1197,1387,10837231,2421,9435270,,,,,
2121100,MIDWEST INSTITUTE,MO,630451210,Proprietary,113,120,393959,195,341459,117,126,560415,206,483915,,,,,,13,14,101627,26,95007,,,,,
2122000,NEW ENGLAND HAIR ACADEMY,MA,021485118,Proprietary,53,53,164814,87,135064,47,47,225743,80,185743,,,,,,24,24,267140,51,256640,,,,,
2123200,AVEDA ARTS & SCIENCES INSTITUTE MINNEAPOLIS,MN,554141004,Proprietary,276,304,785114,523,705972,336,406,1281667,697,1112955,,,,,,29,32,370049,60,345499,,,,,
2124000,ORANGE ULSTER BOCES SCHOOL OF PRACTICAL NURSING,NY,109242410,Public,72,114,258135,243,258135,71,113,357712,239,357712,,,,,,4,7,51258,15,51258,,,,,
2124400,UNIVERSITY OF SPA & COSMETOLOGY ARTS,IL,627040000,Proprietary,96,107,274758,187,244050,95,104,313611,187,286449,,,,,,12,12,84787,24,84787,,,,,
2124500,FRANKLIN TECHNOLOGY CENTER,MO,648011595,Public,60,60,187726,118,187726,56,56,275275,112,275275,,,,,,1,1,12000,2,12000,,,,,
2125000,CAREER ACADEMY OF BEAUTY,CA,928452032,Proprietary,177,193,441631,348,393637,185,205,585306,372,519964,,,,,,12,14,112112,26,104426,,,,,
2125200,MARGARET H. ROLLINS SCHOOL OF NURSING AT BEEBE MEDICAL CENTER,DE,199581462,Private-Nonprofit,11,11,37875,21,37875,13,14,64875,28,64875,,,,,,,,,,,,,,,
2125500,CIRCLE IN THE SQUARE THEATRE SCHOOL,NY,100196795,Private-Nonprofit,6,6,20000,11,20000,9,9,51000,18,51000,,,,,,5,5,140903,9,140903,,,,,
2125600,MICHIGAN COLLEGE OF BEAUTY-TROY,MI,480835210,Proprietary,150,158,451654,248,357230,150,168,581899,263,442698,,,,,,10,15,129950,25,119492,,,,,
2126300,MADISON ONEIDA BOCES PRACTICAL NURSING PROGRAM,NY,134783526,Public,71,71,154461,181,153586,69,69,220966,166,219466,,,,,,,,,,,,,,,
2126500,FORMATIONS INSTITUTE,OK,737034767,Proprietary,36,40,98870,66,86548,33,36,103266,60,92011,,,,,,1,1,5221,2,5221,,,,,
2127400,YTI CAREER INSTITUTE,PA,174029017,Proprietary,706,902,2484959,1851,2102595,706,885,3240959,1840,2764860,,,,,,35,44,215337,101,192751,,,,,
2128200,BRIDGES BEAUTY COLLEGE,CA,923953821,Proprietary,56,57,150381,96,122214,54,54,86409,90,66985,,,,,,,,,,,,,,,
2128300,INSTITUTE FOR BUSINESS & TECHNOLOGY,CA,951340000,Proprietary,1297,1321,4062675,2157,3273100,1325,1366,5436204,2240,4375720,,,,,,50,50,433649,83,348373,,,,,
2129000,TRIANGLE TECH,PA,156013304,Proprietary,12,12,52099,23,49849,11,11,51901,21,50901,,,,,,1,1,6536,2,6536,,,,,
2131600,PENNCO TECH,NJ,080129961,Proprietary,750,884,2417996,1529,2188943,755,964,3085227,1706,2783530,,,,,,82,104,823733,191,771966,,,,,
2132300,FORTIS INSTITUTE,NJ,074707041,Proprietary,1207,1442,3767494,3034,3235275,1236,1498,4770747,3154,4084257,,,,,,167,191,935254,430,834177,,,,,
2132800,NATIONAL CONSERVATORY OF DRAMATIC ARTS,DC,200072758,Private-Nonprofit,11,14,49106,23,41233,6,7,26500,10,19750,,,,,,,,,,,,,,,
2133400,UNIVERSITY OF CAMBRIDGE - SIDNEY SUSSEX COLLEGE,,CB2   3HU,Foreign-Private,,,,,,,,,,,1,1,20500,2,20500,,,,,,1,1,7148,2,7148
2134500,LA' JAMES INTERNATIONAL COLLEGE,IA,528063452,Proprietary,90,93,270592,150,230936,93,98,371807,161,315642,,,,,,10,11,126291,20,112096,,,,,
2134800,OLD TOWN BARBER  COLLEGE,KS,672111693,Proprietary,75,83,205490,141,177697,77,86,293729,146,251525,,,,,,2,2,26244,4,26244,,,,,
2136600,WISCONSIN LUTHERAN COLLEGE,WI,532264626,Private-Nonprofit,476,479,1931429,894,1931429,569,590,2007422,1102,2007422,27,34,183014,58,183014,116,121,1721793,217,1721793,,,,,
2137000,ROB ROY ACADEMY,MA,027803212,Proprietary,20,20,69720,28,48860,21,21,69197,29,44598,,,,,,,,,,,,,,,
2137100,SALON PROFESSIONAL ACADEMY (THE),SD,577011745,Proprietary,35,43,126428,81,120428,35,47,127237,93,125236,,,,,,1,2,36174,4,36174,,,,,
2138300,PALO ALTO UNIVERSITY,CA,943041337,Private-Nonprofit,17,17,83486,50,73979,18,18,125991,50,114332,620,621,15527954,1848,14585983,,,,,,420,427,21726668,1341,20737004
2139500,HAWAII INSTITUTE OF HAIR DESIGN,HI,968175195,Proprietary,50,58,180043,101,155493,31,37,120963,64,106296,,,,,,,,,,,,,,,
2140000,RIVERSIDE COLLEGE OF HEALTH SCIENCES,VA,236013808,Private-Nonprofit,184,187,616812,319,555262,198,204,849956,345,755749,,,,,,5,5,67216,9,55645,,,,,
2140400,"ST. JOSEPH HOSPITAL OF NASHUA, N.H.",NH,030604161,Private-Nonprofit,58,59,193343,116,193343,51,52,252587,105,252587,,,,,,1,2,10600,2,10600,,,,,
2140700,CANTON CITY SCHOOL DISTRICT ADULT CAREER & TECHNICAL EDUCATION,OH,447022019,Public,65,86,232592,157,232592,62,82,327110,150,327110,,,,,,,,,,,,,,,
2140800,MARTIN UNIVERSITY,IN,462183878,Private-Nonprofit,101,101,346899,178,303981,97,99,498724,171,436738,37,38,663695,67,602808,,,,,,,,,,
2141500,SAVANNAH COLLEGE OF ART AND DESIGN,GA,314014592,Private-Nonprofit,4550,5163,18854439,12654,18819112,5172,5861,17439144,14584,17395789,814,1134,15080078,2297,14995317,2555,3167,103514161,7691,103382501,355,522,7453987,1067,7423926
2142000,UNIVERSITY OF CAMBRIDGE - HOMERTON COLLEGE,,CB2   8PH,Foreign-Private,,,,,,,,,,,4,4,71750,7,71750,,,,,,3,3,127609,6,127609
2142200,LEX LA RAY TECHNICAL CENTER,MO,640671525,Public,16,26,72750,50,72750,20,33,128013,62,128013,,,,,,,,,,,,,,,
2143400,SALISH KOOTENAI COLLEGE,MT,598550000,Public,69,69,270859,173,270859,44,44,170063,113,170063,7,7,117700,19,117700,,,,,,,,,,
2143500,STERLING COLLEGE,VT,058270072,Private-Nonprofit,10,17,43000,34,43000,8,14,34730,28,34730,,,,,,,,,,,,,,,
2144000,BEAUTY INSTITUTE (THE),PA,180521629,Proprietary,116,126,339404,207,280241,115,127,435201,204,340745,,,,,,21,21,150225,33,120482,,,,,
2144800,VET TECH INSTITUTE OF HOUSTON,TX,770279881,Proprietary,193,221,757721,343,650182,196,347,896782,542,758826,,,,,,62,67,470715,106,425853,,,,,
2145800,CAYUGA ONONDAGA BOCES,NY,130219430,Public,25,41,93111,78,93111,24,41,153233,80,153233,,,,,,3,4,10014,7,10014,,,,,
2146000,WAYNE - FINGER LAKES BOCES,NY,145131863,Public,44,45,133164,82,133164,45,46,206420,86,206420,,,,,,,,,,,,,,,
2146600,SOUTH MOUNTAIN COMMUNITY COLLEGE,AZ,850425898,Public,527,601,1746352,1086,1739602,241,293,1037485,542,1029761,,,,,,,,,,,,,,,
2149700,UNIVERSITY OF WINCHESTER (THE),,S022 4NR,Foreign-Private,7,7,32500,14,32500,10,10,35500,19,32750,2,2,41000,6,41000,5,5,164677,10,164677,1,1,28888,3,28888
2149900,PAUL MITCHELL THE SCHOOL JACKSONVILLE,FL,322464737,Proprietary,75,86,220859,154,196458,86,101,343170,186,306821,,,,,,10,11,71652,21,66116,,,,,
2150600,COSMETOLOGY AND SPA ACADEMY,IL,600144003,Proprietary,391,413,1281458,608,957637,426,457,1870560,683,1395240,,,,,,38,40,312030,66,263970,,,,,
2151500,CENTRAL SUSQUEHANNA LPN CAREER CENTER,PA,178479756,Public,66,87,249114,170,249114,73,99,391375,193,389369,,,,,,11,12,84299,24,84299,,,,,
2151900,KEISER UNIVERSITY,FL,333093700,Private-Nonprofit,14400,18602,63703424,31056,54727190,14540,18623,82495168,31108,70471800,2095,2952,47280782,4790,39157822,1567,1950,23087976,3310,20001368,911,1217,33812957,2008,28508305
2153100,PAUL MITCHELL THE SCHOOL MURFREESBORO,TN,371293382,Proprietary,292,306,874496,515,767900,291,303,1058457,516,937143,,,,,,16,16,141715,33,141715,,,,,
2153600,BROOME DELAWARE TIOGA BOCES PROGRAM OF PRACTICAL NURSING,NY,139051699,Public,38,38,95280,72,91780,40,40,154368,77,151368,,,,,,1,1,5186,2,5186,,,,,
2154400,BEAU MONDE ACADEMY OF BARBERING AND COSMETOLOGY,OR,972321315,Proprietary,43,44,121622,68,97463,41,42,185946,69,147624,,,,,,3,3,24469,5,24469,,,,,
2155300,CHICAGO SCHOOL OF PROFESSIONAL PSYCHOLOGY,CA,900173830,Private-Nonprofit,324,426,1496568,675,1287575,319,412,2060444,651,1759932,3702,4869,93234205,7542,75986465,4,5,67853,9,62853,2296,2966,81215639,5044,70150034
2156800,UNIVERSITY OF OTAGO,,9016,Foreign-Private,3,3,10000,4,10000,6,6,19750,7,19750,9,9,90911,11,90911,4,4,44709,4,44709,5,5,71528,7,71528
2157100,CONCORDE CAREER COLLEGE,TN,381370132,Proprietary,2179,2498,7922542,4694,6521887,2115,2381,10658657,4534,8771590,,,,,,96,96,1536587,189,1304074,,,,,
2157900,ROCHESTER GENERAL-ISABELLA GRAHAM HART SCHOOL OF PRACTICAL NURSING,NY,146222477,Private-Nonprofit,61,82,219466,125,200216,50,66,229520,93,205725,,,,,,2,3,48024,6,48024,,,,,
2158200,WASHINGTON SARATOGA WARREN HAMILTON ESSEX BOCES,NY,128391053,Public,27,50,120630,97,120630,26,49,178258,95,178258,,,,,,,,,,,,,,,
2158300,MIFFLIN COUNTY ACADEMY OF SCIENCE AND TECHNOLOGY,PA,170441675,Public,51,51,111712,70,109962,53,53,170476,72,167476,,,,,,2,2,31000,4,31000,,,,,
2158500,OHIO BUSINESS COLLEGE,OH,440350701,Proprietary,410,412,1194397,784,847649,403,404,1674071,768,1160471,,,,,,23,23,127479,37,70301,,,,,
2159600,BAPTIST UNIVERSITY OF FLORIDA,FL,324403306,Private-Nonprofit,25,27,90408,36,90408,21,29,124769,38,124769,14,14,144520,24,144520,3,3,42347,5,32347,,,,,
2159700,NEW HOPE CHRISTIAN COLLEGE,OR,974051194,Private-Nonprofit,31,31,106882,52,103757,35,35,125306,59,120556,,,,,,,,,,,,,,,
2160100,FINGER LAKES- GENEVA GENERAL,NY,144561651,Private-Nonprofit,51,55,170210,86,157020,64,66,322946,109,300436,,,,,,1,1,14032,2,14032,,,,,
2160900,PCI ACADEMY,IA,500106062,Proprietary,221,250,668718,409,584262,272,327,937651,543,832861,,,,,,57,69,634046,127,579656,,,,,
2161800,MUSICIANS INSTITUTE,CA,900286157,Proprietary,249,271,555389,582,553640,262,285,840002,609,837002,1,1,6833,1,6833,48,54,1472069,128,1452710,1,1,10987,2,10987
2163300,UNIVERSIDAD CENTRAL DEL CARIBE,PR,009606032,Private-Nonprofit,22,26,88535,51,88535,18,24,41250,49,41250,405,441,17135543,864,17135543,,,,,,279,362,5221171,707,5221171
2163600,WILLIAM JAMES COLLEGE,MA,024593211,Private-Nonprofit,16,22,88139,29,52545,12,15,57581,20,38461,424,589,13991465,813,8987844,,,,,,342,481,13094273,803,13069273
2164300,DON ROBERTS SCHOOL OF HAIR DESIGN,IN,463759999,Proprietary,16,16,47716,27,39994,18,18,66596,31,55930,,,,,,2,3,15000,6,15000,,,,,
2165100,EDP UNIVERSITY OF PUERTO RICO,PR,009192303,Private-Nonprofit,3349,3422,12380513,6873,12331997,3264,3361,17513990,6729,17414911,105,118,1498696,247,1474946,1,1,5500,2,5500,,,,,
2166000,CENTRO DE ESTUDIOS AVANZADOS DE PUERTO RICO Y EL CARIBE,PR,009013970,Private-Nonprofit,,,,,,,,,,,152,153,1709515,293,1649130,,,,,,15,15,248790,30,248790
2166100,ELAINE P. NUNEZ COMMUNITY COLLEGE,LA,700431249,Public,946,998,3458869,1694,2976815,822,876,4483644,1463,3724251,,,,,,4,4,33136,7,28886,,,,,
2166200,ITI TECHNICAL COLLEGE,LA,708175927,Proprietary,493,621,2016953,1299,1602207,399,480,1246916,1011,967765,,,,,,34,40,188942,82,151998,,,,,
2167400,UNIVERSITY OF CAMBRIDGE - CORPUS CHRISTI COLLEGE,,CB2   1RH,Foreign-Private,,,,,,,,,,,3,3,61500,6,61500,,,,,,3,3,201534,6,201534
2167800,ESTES INSTITUTE OF COSMETOLOGY ARTS & SCIENCES,CA,932916354,Proprietary,27,32,64502,59,57502,21,21,47780,37,42080,,,,,,1,1,1800,2,1800,,,,,
2168600,EAST-WEST UNIVERSITY,IL,606052185,Private-Nonprofit,316,316,1208007,795,1044205,307,311,723732,787,633318,,,,,,6,6,75758,16,69698,,,,,
2168900,KANSAS CHRISTIAN COLLEGE,KS,662041975,Private-Nonprofit,103,127,405366,319,370272,106,131,439848,333,414549,,,,,,10,10,132014,31,132014,,,,,
2169100,DAVIS COLLEGE,NY,137902700,Private-Nonprofit,25,26,109705,43,106955,22,23,72053,38,71053,,,,,,3,3,39806,6,39806,,,,,
2169600,CLEARFIELD COUNTY CAREER AND TECHNOLOGY CENTER,PA,168309702,Public,31,42,121499,55,98854,34,46,201642,61,159788,,,,,,2,3,21190,5,21190,,,,,
2169900,ASSABET VALLEY REGIONAL VOCATIONAL SCHOOL,MA,017521288,Public,17,17,44884,30,44884,14,14,64022,25,64022,,,,,,,,,,,,,,,
2170000,SWEDISH INSTITUTE,NY,100016700,Proprietary,1251,1326,4277694,2439,3297103,1239,1314,5693367,2429,4341756,,,,,,17,17,136086,34,109013,,,,,
2170200,ALBANY SCHOHARIE SCHENECTADY SARATOGA BOCES PRACTICAL NURSING PROGRAM,NY,122051009,Public,139,219,495721,614,466846,136,215,724994,608,690994,,,,,,2,2,16204,4,16204,,,,,
2170600,UNITED STATES SPORTS ACADEMY,AL,365267055,Private-Nonprofit,121,121,475240,218,460020,122,122,529595,218,509953,75,75,1181050,133,1160142,7,7,106842,15,99870,14,14,189116,19,189116
2171900,AILEY SCHOOL (THE),NY,100194402,Private-Nonprofit,37,37,152877,71,149377,35,35,125873,68,124873,,,,,,11,11,305958,21,303208,,,,,
2172700,CONCORDE CAREER INSTITUTE,FL,336074165,Proprietary,456,540,1766353,1026,1498549,458,534,2467509,1025,2099868,,,,,,61,67,736464,141,659384,,,,,
2172800,DUTCHESS BOCES SCHOOL OF PRACTICAL NURSING,NY,126016599,Public,36,36,122978,67,99353,33,33,171639,62,137889,,,,,,1,1,1262,1,1262,,,,,
2173200,EMPIRE BEAUTY SCHOOL,NY,100013010,Proprietary,1054,1210,2930283,1948,2404269,1057,1226,3866608,2033,3127730,,,,,,143,152,1065800,263,910592,,,,,
2175800,CENTRA COLLEGE,VA,245011109,Private-Nonprofit,191,195,581225,298,576393,199,203,783646,316,780646,,,,,,10,13,134721,18,134721,,,,,
2177500,RIO SALADO COMMUNITY COLLEGE,AZ,852816948,Public,1164,1551,3176600,2329,3097429,564,728,1945198,1093,1836504,,,,,,3,3,24396,3,24396,,,,,
2177700,UNIVERSITY OF CAMBRIDGE - KING'S COLLEGE,,CB2   1ST,Foreign-Private,1,1,4500,2,4500,,,,,,6,6,100959,11,100959,1,1,64009,2,64009,5,6,310886,11,310886
2178200,CHARLESTON SCHOOL OF BEAUTY CULTURE,WV,253042024,Proprietary,20,21,63455,34,50569,20,21,114130,34,92038,,,,,,,,,,,,,,,
2178500,EAGLE GATE COLLEGE,UT,841235798,Proprietary,868,1066,4043782,1809,3518713,871,1097,5152882,1878,4483920,57,85,1329307,154,1223960,23,26,264107,48,246876,36,50,741715,94,689666
2178700,CITRUS HEIGHTS BEAUTY COLLEGE,CA,956101410,Proprietary,54,64,139004,124,129303,57,67,161847,124,146229,,,,,,5,5,52084,7,32234,,,,,
2179400,EASTERN SUFFOLK BOCES,NY,117820000,Public,179,179,504794,323,482044,173,175,734841,318,695438,,,,,,12,12,140931,22,140931,,,,,
2179600,EMPIRE BEAUTY SCHOOLS,NH,038781592,Proprietary,75,87,248233,154,221773,89,109,370962,196,339066,,,,,,15,15,171429,28,161916,,,,,
2180100,ROSS MEDICAL EDUCATION CENTER,MI,480712565,Proprietary,454,454,1473535,737,1246134,447,448,1932943,734,1632967,,,,,,,,,,,,,,,
2180500,MIDDLESEX UNIVERSITY,,NW4 4BT,Foreign-Private,16,16,71795,32,71795,21,21,95733,42,95733,9,9,178000,26,171166,9,10,261714,20,261714,8,8,293278,23,277769
2181600,ROB ROY ACADEMY,MA,016092038,Proprietary,76,76,235267,112,183058,80,80,304779,120,237746,,,,,,15,15,158960,30,127640,,,,,
2182900,CAMBRIDGE COLLEGE,MA,021291647,Private-Nonprofit,342,345,1178132,707,1138425,386,389,2005313,787,1944096,817,827,12141554,1667,11138643,1,1,5818,1,5818,16,18,139218,32,137317
2183000,ORLEANS TECHNICAL COLLEGE,PA,191141014,Private-Nonprofit,183,183,601763,292,489608,159,159,626577,255,518598,,,,,,38,38,366185,61,289694,,,,,
2183500,UNIVERSITY OF OXFORD - WYCLIFFE HALL,,OX2   6PW,Foreign-Private,,,,,,,,,,,4,4,60635,10,50385,,,,,,2,2,83900,6,63233
2184400,JENKS BEAUTY COLLEGE,OK,740373750,Proprietary,53,58,150469,100,134384,45,51,148665,96,134260,,,,,,,,,,,,,,,
2185400,SAINT AUGUSTINE COLLEGE,IL,606403593,Private-Nonprofit,46,46,194210,73,181710,43,43,256048,68,237548,,,,,,,,,,,,,,,
2185800,MOLER BARBER COLLEGE,CA,946071931,Proprietary,344,363,857405,624,704192,354,376,1266952,636,1029590,,,,,,14,14,103361,28,103361,,,,,
2186000,UNIVERSITY OF CAMBRIDGE - MAGDALENE COLLEGE,,CB3   0AG,Foreign-Private,,,,,,,,,,,4,4,82000,7,71750,,,,,,4,4,304379,7,280820
2187900,ASHTABULA COUNTY TECHNICAL AND CAREER CAMPUS,OH,440479487,Public,39,54,156761,88,132300,33,46,192650,74,165544,,,,,,1,2,33109,4,23762,,,,,
2188300,PENTECOSTAL THEOLOGICAL SEMINARY,TN,373203330,Private-Nonprofit,,,,,,,,,,,121,125,1511772,283,1511772,,,,,,13,13,163578,30,163578
2189000,MID-EAST CAREER AND TECHNOLOGY CENTERS - ADULT EDUCATION,OH,437014600,Public,119,119,354663,378,322054,119,119,500647,378,452311,,,,,,4,4,38025,13,29204,,,,,
2189100,CEM COLLEGE,PR,009261931,Proprietary,1,1,1500,2,1500,1,1,2500,2,2500,,,,,,,,,,,,,,,
2190400,SCHILLING - DOUGLAS SCHOOL OF HAIR DESIGN,DE,197110000,Proprietary,80,86,246912,142,200901,75,81,265515,132,215233,,,,,,5,6,49227,13,49227,,,,,
2190700,FORTIS COLLEGE,OH,454592712,Proprietary,1238,1659,4478182,3343,3674912,1234,1560,6467091,3151,5265327,,,,,,89,96,716210,214,601420,,,,,
2192100,BUTLER TECHNOLOGY AND CAREER DEVELOPMENT SCHOOLS,OH,450502299,Public,167,167,467815,377,375394,159,159,591858,352,463602,,,,,,2,2,16321,6,16321,,,,,
2192200,THOMAS EDISON STATE UNIVERSITY,NJ,086081176,Public,1073,1255,3857538,1823,3047797,1103,1313,6323854,1900,5085998,247,303,4259642,750,3748964,5,8,140602,13,140602,28,33,354357,82,353289
2192800,WALNUT HILL COLLEGE,PA,191043596,Proprietary,115,126,465006,319,440168,118,137,353329,344,328500,,,,,,37,42,972984,118,943250,,,,,
2194800,"UNIVERSITY OF THE WEST OF ENGLAND, BRISTOL",,BS16 1QY,Foreign-Private,12,12,54202,24,54202,13,13,56298,24,56298,29,29,584465,84,584465,9,9,275508,18,275508,21,22,433725,63,433725
2195100,UNIVERSITY OF WESTMINSTER,,W1B 2HW,Foreign-Private,19,19,84283,37,84283,28,28,137467,55,137467,42,42,855975,108,753465,12,12,486996,25,486996,38,38,1378963,107,1240640
2195800,LICEO DE ARTE Y TECNOLOGÍA,PR,009183429,Proprietary,81,100,272021,170,236739,50,66,229786,111,206264,,,,,,,,,,,,,,,
2196300,COLLINS CAREER TECHNICAL CENTER,OH,456197962,Public,357,447,1178119,866,1174981,320,402,1549121,785,1546121,,,,,,,,,,,,,,,
2196700,GUILDHALL SCHOOL OF MUSIC & DRAMA,,EC2Y  8DT,Foreign-Private,4,4,16000,12,16000,5,5,19500,15,19500,4,4,82000,12,61500,3,3,163460,9,163460,3,3,79383,9,59538
2197900,NORTH BENNET STREET SCHOOL,MA,021090000,Private-Nonprofit,46,46,169406,87,163656,46,47,248594,87,232094,,,,,,5,5,77540,9,67540,,,,,
2198900,MICHIGAN SCHOOL OF PSYCHOLOGY,MI,483344512,Private-Nonprofit,,,,,,,,,,,148,151,3912762,431,3912762,,,,,,91,117,4729008,280,4729008
2199300,ORLEANS NIAGARA BOCES,NY,141030000,Public,53,53,132816,79,89066,51,51,198887,77,131887,,,,,,,,,,,,,,,
2199700,HERITAGE CHRISTIAN UNIVERSITY,AL,356306245,Private-Nonprofit,3,4,6000,6,6000,5,6,10000,10,10000,3,5,7450,10,7450,,,,,,,,,,
2202200,STYLEMASTERS COLLEGE OF HAIR DESIGN,WA,986323027,Proprietary,26,27,76739,46,70615,25,25,105186,44,96686,,,,,,1,1,3783,2,3783,,,,,
2202400,UNIVERSITY OF AESTHETICS & COSMETOLOGY,AR,717303349,Proprietary,29,33,95079,57,83913,30,34,117532,61,107532,,,,,,3,3,16208,5,13446,,,,,
2202500,NEW ENGLAND TRACTOR TRAILER TRAINING SCHOOL OF CONNECTICUT,CT,060712036,Proprietary,834,839,1989619,1395,1733116,827,872,3140225,1441,2724381,,,,,,47,47,216634,82,183375,,,,,
2202600,CANNELLA SCHOOL OF HAIR DESIGN,IL,601811321,Proprietary,16,16,44239,22,29130,,,,,,,,,,,,,,,,,,,,
2202700,OZARK CHRISTIAN COLLEGE,MO,648014804,Private-Nonprofit,246,257,980365,498,946130,226,234,794695,448,765831,31,34,371794,69,329492,31,37,354673,59,342669,,,,,
2203300,GENE JUAREZ ACADEMY,WA,980035087,Proprietary,109,116,326923,185,279350,102,107,342305,174,300914,,,,,,4,4,42885,8,42885,,,,,
2203900,ERIE INSTITUTE OF TECHNOLOGY,PA,165651002,Proprietary,214,237,670202,497,572455,200,224,734144,470,612945,,,,,,15,16,165899,41,147760,,,,,
2204200,"CHATTANOOGA COLLEGE - MEDICAL, DENTAL AND TECHNICAL CAREERS",TN,374156906,Proprietary,724,861,2554459,1630,1950205,715,875,3098799,1652,2312570,,,,,,6,7,65568,12,40650,,,,,
2205000,COLLEGE OF WILMINGTON,NC,284030000,Proprietary,78,86,247979,143,206478,80,88,320142,153,272378,,,,,,8,8,104890,20,95025,,,,,
2206000,HUNTER BUSINESS SCHOOL,NY,117561331,Proprietary,700,766,2393733,1315,2051514,707,776,3141057,1342,2691655,,,,,,54,55,448913,96,392523,,,,,
2206200,BEAUTY INSTITUTE (THE),PA,190024527,Proprietary,117,147,386203,251,334130,125,159,502533,272,434828,,,,,,13,14,98163,25,83394,,,,,
2206300,BEAUTY INSTITUTE (THE),PA,183601720,Proprietary,45,53,153090,94,138215,48,60,196635,103,170013,,,,,,8,10,77551,18,67060,,,,,
2207300,UNIVERSITY OF CAMBRIDGE - CHRIST'S COLLEGE,,CB2   3BU,Foreign-Private,,,,,,,,,,,2,2,41000,3,30750,,,,,,2,2,86602,3,63301
2209200,DORSEY SCHOOL OF BEAUTY,MI,481801866,Proprietary,204,225,669959,329,527354,203,226,1012040,332,791218,,,,,,22,25,109524,41,97267,,,,,
2209500,UNIVERSITEIT UTRECHT,,3584 CS,Foreign-Private,13,13,55500,24,55500,16,16,78000,30,78000,17,17,325830,33,325830,3,3,46724,6,46724,14,15,223287,29,223287
2210000,UNIVERSITY OF LONDON - LONDON SCHOOL OF HYGIENE & TROPICAL MEDICINE,,WC1E 7HT,Foreign-Private,,,,,,,,,,,37,37,705397,109,705397,,,,,,29,29,1321501,86,1321501
2211000,SALON SUCCESS ACADEMY,CA,925064018,Proprietary,147,174,349891,324,318891,144,174,426648,331,383076,,,,,,5,8,34110,16,34110,,,,,
2211600,PAUL MITCHELL THE SCHOOL PORTSMOUTH,NH,038014084,Proprietary,39,48,149483,87,139022,53,70,223647,123,192022,,,,,,4,4,51112,8,51112,,,,,
2211900,CHEEKS BEAUTY ACADEMY,WY,820014413,Proprietary,77,86,253157,142,210925,43,49,151533,84,126375,,,,,,2,3,17781,5,16038,,,,,
2212300,UNIVERSITY OF CAMBRIDGE - ROBINSON COLLEGE,,CB3   9AN,Foreign-Private,,,,,,,,,,,1,1,20500,2,20500,,,,,,1,1,51849,2,51849
2212700,LANCASTER SCHOOL OF COSMETOLOGY & THERAPEUTIC BODYWORK,PA,176023222,Proprietary,114,114,253987,193,207370,115,121,356240,199,294020,,,,,,1,1,5200,2,5200,,,,,
2217100,PIMA MEDICAL INSTITUTE,AZ,857122801,Proprietary,7394,8199,28815436,12569,24472530,7212,8168,36295393,12572,30648277,88,112,1343173,183,1151879,1033,1061,8651984,1714,7275452,,,,,
2218000,CARRINGTON COLLEGE,ID,837040000,Proprietary,923,1187,3948878,2643,3382287,956,1233,5193607,2657,4444536,,,,,,76,100,1052359,255,944799,,,,,
2218300,SOUTHWEST SCHOOL OF BUSINESS & TECHNICAL CAREERS,TX,782211038,Proprietary,58,58,193152,94,158416,58,58,124941,94,101150,,,,,,,,,,,,,,,
2218800,BROOKLINE COLLEGE,AZ,850215815,Proprietary,1187,1447,5031854,2398,4378782,1138,1396,6390846,2324,5600159,7,7,80518,11,70660,43,53,545195,85,443496,,,,,
2219500,MILDRED ELLEY,NY,122061513,Proprietary,1677,2110,6586151,2988,5563987,1599,2023,9453472,2922,8008437,,,,,,34,45,405417,67,330766,,,,,
2220400,CATHERINE HINDS INSTITUTE OF ESTHETICS,MA,018016815,Proprietary,149,149,332893,241,275752,168,168,541036,277,459280,,,,,,14,15,136173,28,123563,,,,,
2220500,GOD'S BIBLE SCHOOL & COLLEGE,OH,452026899,Private-Nonprofit,21,21,81466,33,71966,18,18,85607,31,76857,2,2,17250,3,17250,,,,,,,,,,
2220800,CAREER & TECHNOLOGY EDUCATION CENTERS OF LICKING COUNTY,OH,430553399,Public,45,49,127879,77,105504,38,41,176848,60,144523,,,,,,1,1,7920,1,7920,,,,,
2222000,AMERICAN FILM INSTITUTE CONSERVATORY,CA,900271625,Private-Nonprofit,,,,,,,,,,,15,15,196750,20,196750,,,,,,29,31,1302767,41,619472
2222900,INTERNATIONAL AIR & HOSPITALITY ACADEMY,WA,986614835,Proprietary,61,61,142264,114,142264,63,64,179204,120,179204,,,,,,11,11,93552,21,93552,,,,,
2223700,ROBERT FIANCE BEAUTY SCHOOLS,NJ,070934623,Proprietary,129,142,378957,237,322970,130,143,437989,240,383100,,,,,,10,10,72221,20,72221,,,,,
2224600,TRI-STATE COSMETOLOGY INSTITUTE,TX,779354904,Proprietary,115,122,290915,214,252823,110,116,307547,204,264794,,,,,,6,6,21681,10,20705,,,,,
2226000,EAST LOS ANGELES COLLEGE,CA,917546099,Public,189,194,680126,353,665876,176,190,844596,345,831532,,,,,,,,,,,,,,,
2228100,STEVEN PAPAGEORGE HAIR ACADEMY,IL,606255103,Proprietary,11,11,35200,18,29850,11,11,53300,18,41650,,,,,,,,,,,,,,,
2228500,LIFE CHIROPRACTIC COLLEGE WEST,CA,945452800,Private-Nonprofit,,,,,,,,,,,493,632,18826912,1345,14739582,,,,,,329,480,9557615,972,7413966
2229100,UNIVERSITY OF LEICESTER,,LE1 7RH,Foreign-Private,2,2,7000,4,7000,3,3,10500,6,10500,4,4,49629,8,48565,2,2,96228,4,96228,4,4,97639,8,77766
2229600,TEL AVIV UNIVERSITY SACKLER SCHOOL OF MEDICINE,,6997801,Foreign-Private,,,,,,,,,,,39,39,785500,78,785500,,,,,,33,33,1550630,66,1550630
2230500,OGLE SCHOOL HAIR SKIN NAILS,TX,761323638,Proprietary,1103,1207,2734978,2072,2443929,1127,1255,3853897,2186,3423648,,,,,,95,95,680418,170,625520,,,,,
2230600,OGLE SCHOOL HAIR SKIN NAILS,TX,760534650,Proprietary,1222,1312,3135522,2165,2674399,1220,1323,4393275,2235,3714270,,,,,,115,115,802105,208,753402,,,,,
2231600,MGH INSTITUTE OF HEALTH PROFESSIONS,MA,021294557,Private-Nonprofit,144,152,568137,206,487023,136,148,815207,191,704074,728,965,18553582,1493,15269522,6,6,306338,11,274838,458,611,22566859,976,19086445
2231900,GEMOLOGICAL INSTITUTE OF AMERICA,CA,920084602,Private-Nonprofit,32,32,93725,63,93725,27,27,125230,53,121114,,,,,,,,,,,,,,,
2232100,UNIVERSITY OF CAMBRIDGE - HUGHES HALL,,CB1   2EW,Foreign-Private,1,1,3500,2,3500,1,1,6000,2,6000,3,3,61500,6,61500,,,,,,2,2,120280,5,120280
2232500,UNION COUNTY VOCATIONAL TECHNICAL SCHOOLS,NJ,070762997,Public,5,5,15322,7,10286,5,5,10678,7,6464,,,,,,,,,,,,,,,
2233300,"ST.  GEORGE'S UNIVERSITY, SCHOOL OF MEDICINE",,,Foreign-For-Profit,,,,,,1,1,10250,1,10250,3433,5708,80075981,6752,76096073,,,,,,3572,8059,311780042,8085,311780042
2234500,BOISE BIBLE COLLEGE,ID,837141220,Private-Nonprofit,30,30,105500,54,105500,34,34,107509,60,107509,,,,,,2,2,19391,4,19391,,,,,
2234600,SHORE BEAUTY SCHOOL,NJ,082342621,Proprietary,188,209,503175,303,450398,183,205,727036,303,633286,,,,,,24,24,143961,43,143961,,,,,
2235300,LONDON METROPOLITAN UNIVERSITY,,N7 8DB,Foreign-Private,15,15,73500,30,73500,16,16,68500,32,68500,12,12,232333,28,191332,6,6,200917,12,200917,12,12,340043,28,266387
2235600,ERIE 2 - CHAUTAUQUA - CATTARAUGUS BOCES,NY,140069621,Public,30,30,92750,51,89250,30,30,149000,51,143000,,,,,,,,,,,,,,,
2235900,ACADEMY OF HAIR DESIGN # 4,MS,392083503,Proprietary,42,43,129405,70,115655,40,42,89724,70,75015,,,,,,,,,,,,,,,
2237500,LAS VEGAS COLLEGE,NV,891135391,Proprietary,523,598,2044960,1132,1545548,551,641,3097304,1215,2346451,,,,,,9,9,103741,16,76105,,,,,
2238500,CENTRAL OKLAHOMA COLLEGE,OK,731346007,Proprietary,484,538,1517294,1174,1263807,477,531,2020712,1279,1645981,,,,,,7,7,30961,17,28434,,,,,
2241700,PJ'S COLLEGE OF COSMETOLOGY,IN,471292204,Proprietary,72,76,214724,127,178760,72,77,274743,130,228295,,,,,,6,6,76323,11,73323,,,,,
2241800,AMERICAN CAREER COLLEGE,CA,900046818,Proprietary,3378,4071,13849294,7188,10711110,3377,4129,18933727,7303,14570181,,,,,,344,409,4858609,732,3807111,,,,,
2242400,HENRICO COUNTY-SAINT MARY'S HOSPITAL SCHOOL OF PRACTICAL NURSING,VA,232295513,Public,7,7,24500,14,24500,8,8,30435,16,30435,,,,,,,,,,,,,,,
2242500,BASTYR UNIVERSITY,WA,980284966,Private-Nonprofit,24,30,128767,70,128767,26,32,160863,77,160863,481,687,15332812,1460,15325979,2,2,82559,6,82559,332,344,13443543,1215,13390505
2242700,BERKELEY CITY COLLEGE,CA,947041183,Public,78,82,280525,221,277275,75,79,373136,213,368636,,,,,,2,4,64905,13,61184,,,,,
2244300,MISSISSIPPI BARBER ACADEMY,MS,392114052,Proprietary,64,69,209000,106,166750,63,68,207862,108,168027,,,,,,,,,,,,,,,
2244400,AMERICAN UNIVERSITY OF THE CARIBBEAN,,,Foreign-For-Profit,,,,,,,,,,,1238,2052,28060541,2792,27810583,,,,,,1316,2225,113596413,3265,111885022
2244900,GOODWIN UNIVERSITY,CT,061189980,Private-Nonprofit,2845,3415,10433291,4859,8714469,2937,4455,14288261,5844,11860205,76,144,1076373,186,926376,13,17,104485,23,104485,1,1,35497,2,35497
2245400,KEENE BEAUTY ACADEMY,NH,034311513,Proprietary,34,41,111371,65,86578,35,46,118649,75,97580,,,,,,5,5,44510,9,40860,,,,,
2245600,WARREN COUNTY CAREER CENTER,OH,450361099,Public,47,48,145969,78,119107,52,54,201113,88,166188,,,,,,3,3,30514,6,30514,,,,,
2246000,"ROSS UNIVERSITY, SCHOOL OF MEDICINE",,BB11093,Foreign-For-Profit,,,,,,,,,,,2064,3283,47003772,4549,44550926,,,,,,2213,3679,191250606,5484,181695625
2246300,ROSS MEDICAL EDUCATION CENTER,OH,452463317,Proprietary,411,412,1299895,645,1075772,392,395,1761906,625,1446287,,,,,,,,,,,,,,,
2248200,MILAN INSTITUTE OF COSMETOLOGY,NV,895025031,Proprietary,1092,1154,2927695,1876,2440707,1043,1101,3504467,1814,2880079,,,,,,77,80,476722,136,397613,,,,,
2251200,SCHUYLKILL TECHNOLOGY CENTERS,PA,179312100,Public,67,67,187376,123,183876,66,66,269663,124,264996,,,,,,,,,,,,,,,
2251600,ACADEMY OF HAIR DESIGN #6,MS,394017549,Proprietary,27,28,76848,42,64848,28,29,78546,44,63879,,,,,,,,,,,,,,,
2251700,FOSTER'S COSMETOLOGY AND BARBER COLLEGE,MS,386630066,Proprietary,12,12,35180,20,29789,4,4,7633,7,6633,,,,,,,,,,,,,,,
2253700,INTELLITEC COLLEGE,CO,809096096,Proprietary,665,722,1944537,1186,1608062,678,738,2607843,1221,2146117,,,,,,11,11,96550,14,60686,,,,,
2256200,BROKEN ARROW BEAUTY COLLEGE,OK,741332549,Proprietary,61,65,179356,105,142276,63,67,193897,109,153479,,,,,,2,2,17553,3,13164,,,,,
2257400,ARNOLD'S BEAUTY SCHOOL,TN,383582713,Proprietary,10,15,46963,24,39229,13,17,43427,28,39676,,,,,,,,,,,,,,,
2257700,HAYS ACADEMY OF HAIR DESIGN,KS,676013685,Proprietary,82,101,310903,187,291653,88,110,365506,202,345506,,,,,,6,9,88143,18,88143,,,,,
2257900,INTERNATIONAL ACADEMY,FL,321193541,Proprietary,133,134,334451,206,274945,124,124,543106,192,441106,,,,,,1,1,1200,2,1200,,,,,
2258400,AVEDA ARTS & SCIENCES INSTITUTE BATON ROUGE,LA,708162246,Proprietary,131,155,469085,258,400362,133,163,495490,272,416913,,,,,,8,8,89590,16,89590,,,,,
2259400,AMBERTON UNIVERSITY,TX,750414707,Private-Nonprofit,14,14,36462,30,35033,16,16,43925,32,40841,135,135,1046877,311,1011243,,,,,,2,2,23855,5,23855
2260200,DIESEL DRIVING ACADEMY,LA,711095209,Proprietary,136,137,246811,218,218897,98,99,355460,173,312129,,,,,,1,2,3462,3,3462,,,,,
2260600,NUC UNIVERSITY,PR,009602036,Proprietary,13315,15150,51439908,37512,40368826,12345,14018,66567934,34155,52158734,1536,1782,29696601,4844,22645816,146,153,867401,365,741886,13,15,220088,42,188750
2260800,HUERTAS COLLEGE,PR,007260000,Proprietary,85,85,301946,159,293196,76,76,398552,141,381302,,,,,,1,1,5740,2,5740,,,,,
2261200,G SKIN & BEAUTY INSTITUTE,IL,601953112,Proprietary,310,312,786034,490,654749,324,328,1168019,524,974929,,,,,,37,37,260796,62,225338,,,,,
2262100,HAIR PROFESSIONALS SCHOOL OF COSMETOLOGY,IL,605439175,Proprietary,93,103,299244,155,241112,101,110,398676,171,317775,,,,,,7,7,80393,15,75622,,,,,
2262500,FAUST INSTITUTE OF COSMETOLOGY,IA,513601649,Proprietary,10,15,52271,25,41521,12,18,57381,31,48896,,,,,,1,2,10400,4,10400,,,,,
2266400,CENTRAL CHRISTIAN COLLEGE OF THE BIBLE,MO,652701997,Private-Nonprofit,58,58,224362,106,218512,59,63,226150,124,226150,4,4,60467,6,60467,11,12,98095,28,98095,,,,,
2267100,EXPOSITO SCHOOL OF HAIR DESIGN,TX,791093208,Proprietary,5,5,4844,10,4844,5,5,5022,10,5022,,,,,,,,,,,,,,,
2267600,SOFIA UNIVERSITY,CA,943034624,Proprietary,4,4,20000,11,20000,4,4,23500,11,23500,152,152,2566155,467,2566155,,,,,,111,111,3971069,375,3971069
2269700,AVEDA INSTITUTE MARYLAND,MD,210143639,Proprietary,53,60,165198,109,149952,63,73,264760,135,242606,,,,,,19,19,177353,37,173964,,,,,
2269900,PENNSYLVANIA COLLEGE OF ART & DESIGN,PA,176033528,Private-Nonprofit,278,278,1172122,539,1172122,296,296,924561,574,924561,,,,,,60,64,1438889,127,1438889,,,,,
2270500,BUCKS COUNTY SCHOOL OF BEAUTY CULTURE,PA,190537368,Proprietary,24,25,73706,42,61040,30,32,112947,55,93309,,,,,,3,3,41500,6,41500,,,,,
2270600,LIFE PACIFIC UNIVERSITY,CA,917733298,Private-Nonprofit,274,274,1164176,523,1159676,275,275,1216872,529,1198871,81,81,1409358,127,1066843,48,53,831269,106,822061,,,,,
2270800,JOYCE UNIVERSITY OF NURSING AND HEALTH SCIENCES,UT,840206545,Proprietary,2183,3173,10578409,4505,8863346,2379,3296,16272469,4768,13618384,11,14,172817,20,149346,84,114,1301099,177,1141088,,,,,
2271300,WISCONSIN SCHOOL OF PROFESSIONAL PSYCHOLOGY,WI,532254960,Private-Nonprofit,,,,,,,,,,,53,53,1520106,117,1520106,,,,,,18,18,381571,37,381571
2271700,UNIVERSITY OF CAMBRIDGE - CLARE HALL,,CB3   9AL,Foreign-Private,,,,,,,,,,,7,7,138000,14,138000,,,,,,6,6,302846,12,302846
2271900,UNIVERSITY OF OXFORD - BLACKFRIARS,,OX1   3LY,Foreign-Private,,,,,,,,,,,2,2,41000,6,35875,,,,,,2,2,79565,6,74565
2272200,UNIVERSITY OF CAMBRIDGE - MURRAY EDWARDS COLLEGE,,CB3   0DF,Foreign-Private,,,,,,,,,,,2,2,30750,3,30750,,,,,,1,1,10000,1,10000
2272700,COLUMBIANA COUNTY VOCATIONAL SCHOOL DISTRICT,OH,444329585,Public,147,148,381428,281,381428,158,158,599644,299,599644,,,,,,4,4,17315,7,17315,,,,,
2272900,ROCKLAND COUNTY BOCES ADULT EDUCATION,NY,109941025,Public,26,42,94900,78,94900,24,39,120720,74,120720,,,,,,2,3,22353,5,22353,,,,,
2273400,RECONSTRUCTIONIST RABBINICAL COLLEGE,PA,190951898,Private-Nonprofit,,,,,,,,,,,25,25,477700,49,477700,,,,,,7,9,121200,16,121200
2273600,QUEEN'S UNIVERSITY OF BELFAST (THE),,BT7 1NN,Foreign-Private,13,13,50750,25,50750,21,21,82881,41,82881,47,47,902040,133,902040,16,16,533953,33,533953,33,33,846305,96,846305
2273900,HERIOT-WATT UNIVERSITY,,EH14 4AS,Foreign-Private,3,3,8750,5,8750,4,4,12500,7,12500,7,7,121123,17,116311,2,2,72500,4,72500,4,4,115833,11,115833
2274100,LA' JAMES INTERNATIONAL COLLEGE - DES MOINES,IA,501318813,Proprietary,66,79,247340,141,223342,72,89,338314,160,305748,,,,,,8,9,91659,17,88159,,,,,
2274300,CONWAY SCHOOL OF LANDSCAPE DESIGN,MA,010603687,Private-Nonprofit,,,,,,,,,,,5,5,102500,10,102500,,,,,,5,5,155038,10,155038
2275000,JENNY LEA ACADEMY OF COSMETOLOGY,TN,376014626,Proprietary,60,69,199457,121,174500,45,52,176832,91,154833,,,,,,,,,,,,,,,
2275100,CONCORDE CAREER INSTITUTE,FL,330250000,Proprietary,481,597,1832835,1160,1579372,476,558,2521659,1097,2162193,,,,,,88,101,1003674,200,837033,,,,,
2275500,PAUL MITCHELL THE SCHOOL KNOXVILLE,TN,379192117,Proprietary,27,28,78043,36,59646,27,28,99204,36,72143,,,,,,,,,,,,,,,
2275900,MODERN WELDING SCHOOL,NY,123042033,Proprietary,41,41,127964,75,117085,50,50,187269,93,174096,,,,,,15,15,200286,30,200286,,,,,
2276800,WESTMINSTER THEOLOGICAL SEMINARY IN CALIFORNIA,CA,920274128,Private-Nonprofit,,,,,,,,,,,25,25,402275,57,402275,,,,,,2,2,26285,4,26285
2276900,COMMUNITY COLLEGE OF AURORA,CO,800119036,Public,447,447,1256970,812,1221295,416,416,1673262,748,1626968,,,,,,7,7,84450,14,84450,,,,,
2277400,SOUTH COAST COLLEGE,CA,928688124,Proprietary,177,187,721034,432,549684,195,204,926886,476,700520,,,,,,1,1,14055,3,14055,,,,,
2277500,HOUSE OF HEAVILIN BEAUTY COLLEGE,MO,640143953,Proprietary,70,79,231444,136,205149,73,81,295107,144,266639,,,,,,5,5,39220,9,31720,,,,,
2277900,ROSS UNIVERSITY SCHOOL OF VETERINARY MEDICINE,,,Foreign-For-Profit,,,,,,,,,,,1448,2343,35323372,3425,34752497,,,,,,1449,2348,104531314,3449,102599627
2278100,SANTA FE COMMUNITY COLLEGE,NM,875084887,Public,51,52,173446,89,152196,44,47,186505,82,166255,,,,,,,,,,,,,,,
2278700,MISTER WAYNE'S SCHOOL OF UNISEX HAIR DESIGN,TN,385013139,Proprietary,14,14,43768,26,40518,15,15,52231,28,49231,,,,,,,,,,,,,,,
2278800,SOUTHERN TECHNICAL COLLEGE,FL,339071157,Proprietary,1193,1435,3980774,2951,3487312,1206,1457,5421916,2978,4728548,,,,,,10,10,79620,22,67789,,,,,
2279600,CORTIVA INSTITUTE,FL,337133614,Proprietary,249,266,621269,440,546954,231,243,840759,407,728111,,,,,,10,10,47052,18,45148,,,,,
2280500,CHARLES OF ITALY BEAUTY COLLEGE,AZ,864035770,Proprietary,55,61,186770,99,151768,52,54,148441,88,120246,,,,,,2,2,9334,4,9334,,,,,
2280900,MID-ATLANTIC CHRISTIAN UNIVERSITY,NC,279094054,Private-Nonprofit,61,61,237467,114,230717,61,61,244999,113,232499,,,,,,14,14,228305,27,216985,,,,,
2282500,LENAPE TECHNICAL SCHOOL,PA,162261608,Public,52,62,187260,102,173390,45,53,201691,86,190079,,,,,,,,,,,,,,,
2282700,INTER AMERICAN UNIVERSITY OF PUERTO RICO - GUAYAMA CAMPUS,PR,007854004,Private-Nonprofit,836,937,2696985,1717,2696985,686,771,3178660,1458,3178660,59,60,539622,120,539622,,,,,,,,,,
2282800,INTER AMERICAN UNIVERSITY OF PUERTO RICO - FAJARDO CAMPUS,PR,007387003,Private-Nonprofit,140,143,536236,233,536236,34,34,137552,57,137552,46,50,373608,108,373608,1,1,5000,1,5000,,,,,
2284200,NEW TYLER BARBER COLLEGE,AR,721144973,Proprietary,12,12,38333,24,38333,13,13,62833,26,62833,,,,,,,,,,,,,,,
2284300,INTERACTIVE COLLEGE OF TECHNOLOGY,GA,303412818,Proprietary,603,707,2417780,1076,1983980,481,554,1653976,807,1383149,,,,,,4,5,45552,7,42014,,,,,
2285000,PAUL MITCHELL THE SCHOOL HUNTSVILLE,AL,357580000,Proprietary,31,35,98778,58,87028,32,36,120784,59,98952,,,,,,2,2,19300,4,19300,,,,,
2285900,UCAS UNIVERSITY OF COSMETOLOGY ARTS & SCIENCES,TX,785040391,Proprietary,293,294,852136,470,679477,260,263,923917,418,720903,,,,,,17,17,74324,26,57072,,,,,
2287100,LA BELLE BEAUTY SCHOOL,FL,330123224,Proprietary,102,102,258260,163,196004,101,101,169745,162,122231,,,,,,,,,,,,,,,
2287900,RAPHAEL'S SCHOOL OF BEAUTY CULTURE,OH,444464622,Proprietary,185,203,651861,312,520338,183,202,731536,324,580064,,,,,,1,1,15000,3,15000,,,,,
2288400,GWINNETT TECHNICAL COLLEGE,GA,300435702,Public,2959,3420,8519115,4661,8474225,2440,2763,9688330,3823,9612165,,,,,,,,,,,,,,,
2289000,AMERICAN HAIR ACADEMY,IA,526411856,Proprietary,13,20,64776,38,62520,12,16,35303,33,35303,,,,,,2,3,10027,6,10027,,,,,
2290400,ALTOONA BEAUTY SCHOOL,PA,166026039,Proprietary,41,45,94301,78,86717,52,59,140099,102,126247,,,,,,7,7,41930,12,41930,,,,,
2292700,LANSDALE SCHOOL OF COSMETOLOGY,PA,194462003,Proprietary,5,5,13125,6,7875,6,6,17695,8,10695,,,,,,,,,,,,,,,
2296300,UNIVERSITY OF CAMBRIDGE - JESUS COLLEGE,,CB5   8BL,Foreign-Private,,,,,,,,,,,1,1,20500,2,20500,,,,,,1,1,8000,2,8000
2297500,OEHRLEIN SCHOOL OF COSMETOLOGY,IL,616112804,Proprietary,37,49,158000,84,137000,44,59,154159,98,126999,,,,,,6,6,64600,9,48100,,,,,
2297700,AUTOMECA TECHNICAL COLLEGE,PR,009570000,Proprietary,119,120,348007,273,286117,27,27,122155,61,97827,,,,,,1,1,2700,2,1800,,,,,
2297800,PAUL MITCHELL THE SCHOOL RAPID CITY,SD,577012733,Proprietary,32,33,89388,59,81470,31,32,91969,57,84802,,,,,,3,3,58057,5,43528,,,,,
2298000,DESIGN INSTITUTE OF SAN DIEGO,CA,921212685,Proprietary,46,71,279360,115,237485,50,70,338743,115,287889,8,13,251125,20,199875,9,11,181265,20,166074,7,11,222082,17,202310
2299300,TRINITY ANGLICAN SEMINARY,PA,150032397,Private-Nonprofit,,,,,,,,,,,2,4,33000,4,33000,,,,,,,,,,
2301400,EAST OHIO COLLEGE,OH,439209139,Proprietary,145,149,474885,303,363965,138,139,552637,283,431123,,,,,,14,14,132750,29,101267,,,,,
2302800,HATFIELD'S MISSISSIPPI COLLEGE OF BEAUTY CULTURE,MS,394406605,Proprietary,29,30,93150,55,88150,9,10,35345,17,31178,,,,,,,,,,,,,,,
2304700,TRI-RIVERS CAREER CENTER,OH,433028913,Public,85,103,275591,318,253667,75,90,330747,277,305774,,,,,,,,,,,,,,,
2304800,PJ'S COLLEGE OF COSMETOLOGY,IN,473743103,Proprietary,44,46,130219,76,108139,42,43,166731,72,136698,,,,,,2,2,14000,3,8000,,,,,
2305300,PARKER UNIVERSITY,TX,752295609,Private-Nonprofit,546,709,2416395,1014,2078320,556,727,3470065,1030,2927530,1629,2713,73051955,3939,61878617,6,7,106956,11,106956,874,1784,23151559,2254,20928259
2306200,VENANGO COUNTY AREA VOCATIONAL TECHNICAL SCHOOL,PA,163013501,Public,48,80,240514,156,240514,46,72,292629,138,292629,,,,,,1,2,9700,4,9700,,,,,
2306800,MILLER-MOTTE COLLEGE,TN,374110000,Proprietary,11867,17099,47514514,35161,39551247,11473,16241,57716087,33665,47567666,,,,,,446,537,2163350,1199,1806863,,,,,
2310500,DE MONTFORT UNIVERSITY,,LE1 9BH,Foreign-Private,1,1,5500,3,5500,2,2,14500,6,14500,1,1,20500,1,10250,,,,,,1,1,38634,1,19317
2310800,LANCASTER COUNTY CAREER AND TECHNOLOGY CENTER,PA,175840527,Public,272,318,960712,473,797577,283,332,1354694,499,1109539,,,,,,5,5,52349,9,45683,,,,,
2312000,BERGEN COUNTY TECHNICAL SCHOOLS,NJ,076016195,Public,39,39,129665,68,114169,41,41,186149,74,171437,,,,,,1,1,4031,1,2016,,,,,
2313000,CASS CAREER CENTER,MO,647012087,Public,20,33,88962,62,87873,22,40,168876,77,168876,,,,,,,,,,,,,,,
2314000,NATHAN LAYNE INSTITUTE OF COSMETOLOGY,ID,832023110,Proprietary,48,51,149291,93,141476,47,50,177901,93,167423,,,,,,1,1,13921,2,13921,,,,,
2314100,SCHILLER INTERNATIONAL UNIVERSITY,FL,336024719,Proprietary,8,9,42438,17,40188,9,11,45275,21,44275,3,3,34600,4,24350,1,1,6600,2,6600,,,,,
2314200,EMPIRE BEAUTY SCHOOL,NY,105663805,Proprietary,41,47,98619,80,78610,47,56,153121,102,123638,,,,,,2,2,21326,4,21326,,,,,
2315400,NORTHEAST TEXAS COMMUNITY COLLEGE,TX,754560000,Public,305,305,968475,949,918623,349,349,1558975,1054,1448338,1,1,5250,2,5250,,,,,,,,,,
2316600,CORTIVA INSTITUTE,CT,064161649,Proprietary,242,268,583731,459,516666,245,269,887435,465,773745,,,,,,8,8,43000,13,41500,,,,,
2317200,MARANATHA BAPTIST UNIVERSITY,WI,530947638,Private-Nonprofit,138,143,582451,241,580701,90,91,281290,156,277540,14,15,146541,27,138547,13,14,339283,27,339283,,,,,
2317300,TRICOCI UNIVERSITY OF BEAUTY CULTURE,IL,618013214,Proprietary,168,187,526684,283,420346,166,187,640726,291,503548,,,,,,19,19,140793,32,113124,,,,,
2318200,KD CONSERVATORY COLLEGE OF FILM AND DRAMATIC ARTS,TX,752072111,Proprietary,50,66,212450,109,197950,52,76,262083,125,238833,,,,,,13,19,255415,32,207239,,,,,
2319200,LAKE FOREST GRADUATE SCHOOL OF MANAGEMENT,IL,600454824,Private-Nonprofit,,,,,,,,,,,13,13,147082,49,147082,,,,,,,,,,
2320500,ROYAL NORTHERN COLLEGE OF MUSIC,,M13 9RD,Foreign-Private,4,4,21000,11,21000,6,6,21000,17,21000,6,6,123000,18,123000,3,3,116600,9,116600,5,5,178469,15,178469
2320900,TIDEWATER TECH,VA,235021613,Proprietary,580,663,1865188,1126,1676275,569,646,2533935,1098,2260997,,,,,,98,112,795135,199,742900,,,,,
2323300,PROFESSIONAL'S CHOICE HAIR DESIGN ACADEMY,IL,604356434,Proprietary,12,12,32939,21,29199,13,14,31345,23,24876,,,,,,1,1,11400,2,11400,,,,,
2324500,MICHIGAN COLLEGE OF BEAUTY-MONROE,MI,481613901,Proprietary,22,23,66622,33,47728,26,26,63160,36,43817,,,,,,1,1,2854,2,2854,,,,,
2326000,UCAS UNIVERSITY OF COSMETOLOGY ARTS & SCIENCES,TX,782016530,Proprietary,27,27,65977,43,54895,26,26,93557,41,76661,,,,,,1,1,8576,2,8576,,,,,
2326800,MERIDIAN COLLEGE,FL,342408478,Proprietary,374,408,1307961,760,1048794,372,407,1719774,757,1371316,,,,,,13,14,62189,23,44307,,,,,
2326900,AVEDA INSTITUTE - FORT MYERS,FL,339071415,Proprietary,176,186,445294,297,375552,168,177,599928,289,504171,,,,,,18,18,105607,38,105607,,,,,
2328500,MOLER - PICKENS BEAUTY COLLEGE,OH,450144260,Proprietary,26,27,70319,36,46679,22,22,84876,29,53941,,,,,,,,,,,,,,,
2328900,EMMAUS BIBLE COLLEGE,IA,520013096,Private-Nonprofit,51,51,205215,101,205215,49,49,162050,98,162050,,,,,,7,7,57045,13,57045,,,,,
2330500,LAGUNA COLLEGE OF ART AND DESIGN,CA,926511136,Private-Nonprofit,282,330,1192632,620,1192632,283,291,960204,544,960204,11,11,188000,19,188000,132,154,4632725,283,4632725,7,8,181020,12,181020
2330600,PENNSYLVANIA GUNSMITH SCHOOL,PA,152022637,Proprietary,15,20,76250,30,57500,20,25,104914,40,87664,,,,,,3,4,49500,7,45000,,,,,
2330800,JEFFERSON REGIONAL SCHOOL OF NURSING,AR,716036301,Private-Nonprofit,54,58,185204,112,180454,46,54,186551,89,181551,,,,,,,,,,,,,,,
2331000,MARYLAND BEAUTY ACADEMY OF ESSEX,MD,212242148,Proprietary,8,9,30500,18,30500,9,11,46086,22,46086,,,,,,4,4,41526,8,41526,,,,,
2331200,BAPTIST MISSIONARY ASSOCIATION THEOLOGICAL SEMINARY,TX,757665407,Private-Nonprofit,2,2,11000,8,11000,2,2,5855,8,5855,4,4,29450,16,29450,,,,,,,,,,
2331300,INTERACTIVE COLLEGE OF TECHNOLOGY,TX,775021201,Proprietary,154,197,593708,293,506205,93,113,262968,159,217205,,,,,,1,1,3919,2,3919,,,,,
2332200,HAIR PROFESSIONALS CAREER COLLEGE,IL,601783164,Proprietary,28,29,75339,42,58752,25,26,92262,39,78172,,,,,,1,1,3469,1,1734,,,,,
2332800,CENTER FOR EMPLOYMENT TRAINING,CA,951102940,Private-Nonprofit,645,645,2113478,1108,1849215,625,625,2495335,1094,2174416,,,,,,122,122,515038,217,449278,,,,,
2333000,HAIR ACADEMY,MD,207843002,Proprietary,254,265,657819,378,489781,235,245,1020196,357,746583,,,,,,16,17,56000,23,46000,,,,,
2334300,EMPIRE BEAUTY SCHOOL,OH,452393926,Proprietary,199,220,663955,338,540205,187,207,820006,326,657703,,,,,,14,16,132432,29,112465,,,,,
2334400,CENTURA COLLEGE,VA,233202882,Proprietary,1051,1389,4495979,2393,3942430,1071,1407,5768288,2409,5001955,,,,,,140,167,1195430,299,1103516,,,,,
2335100,UNIVERSITY OF CAMBRIDGE - TRINITY HALL,,CB2   1TJ,Foreign-Private,,,,,,,,,,,2,2,41000,4,41000,,,,,,2,2,132437,4,132437
2335500,THEOLOGICAL UNIVERSITY OF THE CARIBBEAN,PR,009780901,Private-Nonprofit,48,48,186224,113,186224,7,7,11334,15,11334,51,51,357497,124,357497,,,,,,,,,,
2335700,BATON ROUGE GENERAL MEDICAL CENTER,LA,708063820,Private-Nonprofit,125,133,336189,171,271721,150,156,588581,197,474257,,,,,,6,6,71064,8,56873,,,,,
2336300,KNOX COUNTY CAREER CENTER,OH,430504298,Public,47,47,153791,114,101085,46,46,195247,111,122138,,,,,,,,,,,,,,,
2336700,CUYAHOGA VALLEY CAREER CENTER,OH,441411296,Public,48,55,139817,86,131653,48,55,202264,86,191598,,,,,,1,1,11031,2,11031,,,,,
2337200,PJ'S COLLEGE OF COSMETOLOGY,KY,421013759,Proprietary,190,205,609348,336,496250,192,209,772303,344,621960,,,,,,6,6,49598,10,41465,,,,,
2337400,BANCROFT SCHOOL OF MASSAGE THERAPY,MA,016044614,Proprietary,8,8,22186,16,22186,7,7,27297,14,27297,,,,,,1,1,11100,2,11100,,,,,
2337700,PROFESSIONAL SKILLS INSTITUTE,OH,435372901,Proprietary,552,629,1776367,1068,1390278,571,658,2633906,1099,2101142,,,,,,15,16,134374,27,92105,,,,,
2337900,COLLEGE OF HAIR DESIGN CAREERS,OR,973011952,Proprietary,32,40,140530,65,115873,32,42,169097,68,138984,,,,,,3,3,15633,5,12364,,,,,
2338400,FORT PIERCE BEAUTY ACADEMY,FL,349820000,Proprietary,176,181,445825,283,359665,174,179,690513,284,547177,,,,,,6,6,33250,10,30750,,,,,
2338500,GLENDALE CAREER COLLEGE,CA,912031207,Proprietary,2672,3091,10886984,4597,8834959,2666,3081,14792456,4618,11973855,,,,,,215,239,3185113,351,2505053,,,,,
2338900,UNIVERSITY FOR THE CREATIVE ARTS,,GU9 7DS,Foreign-Private,6,6,28000,12,28000,6,6,24500,12,24500,1,1,20000,2,20000,3,3,86566,6,86566,1,1,19000,2,19000
2339400,ROB ROY ACADEMY,MA,027462114,Proprietary,12,12,36750,18,31500,12,12,47000,20,38000,,,,,,,,,,,,,,,
2339600,ROGERS ACADEMY OF HAIR DESIGN,IN,477081445,Proprietary,55,62,189078,107,173875,55,62,203537,108,182243,,,,,,8,11,85279,21,82852,,,,,
2339700,ROSS MEDICAL EDUCATION CENTER,MI,481167402,Proprietary,2434,2643,7417164,4341,5835307,2159,2304,9928038,3759,7772650,,,,,,,,,,,,,,,
2340500,ST. LOUIS COLLEGE OF HEALTH CAREERS,MO,630261909,Proprietary,613,713,2296799,1060,1886140,591,672,2748449,1250,2260099,16,18,223683,36,194500,7,7,73946,9,50345,,,,,
2340800,PAUL MITCHELL THE SCHOOL LEXINGTON,KY,405141545,Proprietary,118,150,437968,249,396185,117,151,508542,257,458322,,,,,,11,11,131008,21,128205,,,,,
2341000,FORTIS COLLEGE,AL,366083712,Proprietary,1331,1646,4233934,3208,3482785,1318,1560,5869175,3062,4768109,,,,,,117,118,566129,251,467268,,,,,
2341100,KENNETH SHULER SCHOOL OF COSMETOLOGY & NAILS,SC,292107306,Proprietary,399,410,1084408,683,936620,369,374,1417311,628,1208194,,,,,,64,64,366238,111,349174,,,,,
2341300,PALO ALTO COLLEGE,TX,782242499,Public,390,474,1297864,757,1297864,365,482,1424017,766,1424017,,,,,,8,10,87129,17,87129,,,,,
2341700,CAREER ACADEMY OF HAIR DESIGN,AR,727647128,Proprietary,211,236,634807,400,560166,219,249,791975,423,700792,,,,,,5,6,30853,11,29267,,,,,
2343400,BELLUS ACADEMY,CA,920640000,Proprietary,326,365,1001099,612,882923,329,396,1343816,683,1172495,,,,,,24,28,280637,54,266833,,,,,
2343600,INSTITUTE OF BEAUTY CAREERS,PR,006130809,Proprietary,8,8,24800,14,21300,4,4,31300,7,27550,1,1,7300,2,7300,,,,,,,,,,
2343800,MONTGOMERY BEAUTY SCHOOL,MD,209013905,Proprietary,338,357,973571,531,724524,333,352,1481075,527,1088901,,,,,,27,27,105387,41,81387,,,,,
2348500,LAMAR STATE COLLEGE PORT ARTHUR,TX,776406604,Public,332,333,1171066,592,1153566,315,316,1484706,569,1469535,,,,,,,,,,,,,,,
2349200,HEADMASTERS SCHOOL OF HAIR DESIGN,ID,835011834,Proprietary,21,23,65831,75,58247,23,27,102350,92,93752,,,,,,,,,,,,,,,
2349500,CANNELLA SCHOOL OF HAIR DESIGN,IL,606322549,Proprietary,31,31,90860,48,68110,1,1,5051,1,2526,,,,,,,,,,,,,,,
2350100,WESTERN AREA CAREER & TECHNOLOGY CENTER,PA,153171445,Public,14,14,42280,28,42280,14,14,56364,28,56364,,,,,,,,,,,,,,,
2350200,INDIANA COUNTY TECHNOLOGY CENTER,PA,157011465,Public,68,72,177525,122,176265,73,78,280788,129,279108,,,,,,2,3,30000,5,30000,,,,,
2351500,NORTHERN CAREER INSTITUTE,OH,440952604,Public,147,147,454833,233,379629,161,162,797308,257,663772,,,,,,,,,,,,,,,
2351700,PAUL MITCHELL THE SCHOOL - LOUISVILLE,KY,402220000,Proprietary,159,179,541788,316,494079,164,187,616031,337,565985,,,,,,22,22,209318,41,202337,,,,,
2351800,UNIVERSIDAD IBEROAMERICANA (UNIBE),,,Foreign-Private,19,28,108500,45,88750,18,27,69550,43,59550,144,174,3299695,267,2623759,14,22,655064,34,532964,131,159,3289827,247,2672441
2352100,UNIVERSITY OF PLYMOUTH,,PL4 8AA,Foreign-Private,7,7,32500,14,32500,8,8,33500,16,33500,4,4,71500,11,71500,2,2,43400,4,43400,2,2,45554,5,45554
2352800,POLARIS CAREER CENTER - ADULT EDUCATION DEPARTMENT,OH,441303342,Public,119,125,317764,236,316329,117,125,423849,235,423849,,,,,,4,4,32522,8,32522,,,,,
2353100,NORTHERN TIER CAREER CENTER,PA,188488095,Public,27,48,133821,74,133821,27,46,180936,69,180936,,,,,,3,4,35790,7,35790,,,,,
2354200,SCIOTO COUNTY CAREER TECHNICAL CENTER,OH,456480000,Public,77,77,246784,130,213643,70,70,286116,121,251066,,,,,,1,1,15000,2,15000,,,,,
2356600,CHARLESTON COSMETOLOGY INSTITUTE,SC,294207319,Proprietary,43,45,124760,69,100514,43,45,118098,72,96616,,,,,,2,2,6667,4,6667,,,,,
2357700,PAUL MITCHELL THE SCHOOL HOUSTON,TX,770433412,Proprietary,341,348,917019,479,727386,343,355,1209463,491,952064,,,,,,17,17,120654,28,105544,,,,,
2358000,THOMAS AQUINAS COLLEGE,CA,930609622,Private-Nonprofit,278,278,1210096,545,1207346,154,157,619419,306,619419,,,,,,20,21,368126,41,368126,,,,,
2358200,LAMAR STATE COLLEGE - ORANGE,TX,776305899,Public,293,293,1103804,516,979498,294,294,1600500,517,1419931,,,,,,,,,,,,,,,
2358500,BON SECOURS ST MARY'S HOSPITAL SCHOOL OF MEDICAL IMAGING,VA,232274612,Private-Nonprofit,11,14,41391,34,41391,14,15,75352,35,75352,,,,,,,,,,,,,,,
2358600,STAGE ONE THE HAIR SCHOOL,LA,706051625,Proprietary,42,57,168099,95,148042,40,56,96890,95,87398,,,,,,2,2,11390,4,11390,,,,,
2359300,SHASTA BIBLE COLLEGE AND GRADUATE SCHOOL,CA,960021544,Private-Nonprofit,3,3,14500,5,11750,3,3,16000,5,12500,1,1,18000,3,18000,,,,,,,,,,
2360800,PROVO COLLEGE,UT,846011305,Proprietary,633,830,3366377,1394,2877670,634,845,3772113,1428,3221701,11,18,291951,35,286826,17,21,229203,35,196588,9,14,290048,30,290048
2361300,THE LANDING SCHOOL OF BOATBUILDING & DESIGN,ME,040461490,Private-Nonprofit,3,3,10500,6,10500,6,6,32000,16,32000,,,,,,1,1,15000,2,15000,,,,,
2361400,COLLIN COUNTY COMMUNITY COLLEGE DISTRICT,TX,750690000,Public,3243,3882,10985357,5164,10462392,1262,1468,4959449,1991,4785802,,,,,,57,60,602294,91,567192,,,,,
2361600,CONCORDE CAREER COLLEGE,MO,641144855,Proprietary,1571,1898,6295377,3709,5313047,1579,1911,9119303,3791,7688050,,,,,,121,145,1617846,294,1404450,,,,,
2362000,UNIVERSAL TECHNICAL INSTITUTE,TX,770739982,Proprietary,5805,7637,25890804,13988,22838827,6027,8021,29273522,14660,25842300,,,,,,2224,3066,28513363,5572,25139637,,,,,
2362100,FULL SAIL UNIVERSITY,FL,327927427,Proprietary,19301,24872,89328142,38536,76516500,19060,24529,109371254,38213,93323296,1223,1549,27968050,2230,25922188,1351,1640,34890245,2808,30429729,230,263,5347627,417,4739951
2363500,ARTHUR'S BEAUTY COLLEGE,AR,724016198,Proprietary,52,55,169996,84,139996,53,58,215763,88,176265,,,,,,,,,,,,,,,
2453500,MEDICAL COLLEGE OF WISCONSIN,WI,532260509,Private-Nonprofit,,,,,,,,,,,973,1064,39122431,1980,39098848,,,,,,823,1065,28195564,1919,28180808
2454400,NORTHEAST OHIO MEDICAL UNIVERSITY,OH,442729621,Public,,,,,,,,,,,768,2172,28388730,2172,28388730,,,,,,604,1611,22298593,1611,22298593
2460000,UNIVERSITY OF PUERTO RICO - MEDICAL SCIENCE CAMPUS,PR,009360000,Public,57,57,279355,114,277105,25,25,90000,52,87000,1125,1125,30307043,2630,30219575,,,,,,185,185,3686851,451,3673788
2482100,MOREHOUSE SCHOOL OF MEDICINE,GA,303101495,Private-Nonprofit,,,,,,,,,,,680,743,21795921,1334,20223149,,,,,,606,638,28118210,1122,23738138
2482400,PONCE HEALTH SCIENCES UNIVERSITY,PR,007162347,Proprietary,65,65,226816,157,226816,23,23,74818,53,74818,1784,1807,55631533,3626,55597368,2,2,21500,6,21500,1153,1186,38294057,2465,38252981
2482700,WESTERN UNIVERSITY OF HEALTH SCIENCES,CA,917661854,Private-Nonprofit,,,,,,,,,,,2613,3157,113286721,6149,102390198,,,,,,2324,3718,137118077,7428,125108908
2491100,BECKFIELD COLLEGE,KY,410421466,Proprietary,510,525,1688193,955,1168011,509,524,2179015,928,1520728,,,,,,16,16,160527,28,112618,,,,,
2492600,EASTERN CENTER FOR ARTS AND TECHNOLOGY-PRACTICAL NURSING,PA,190901488,Public,120,127,401005,177,287475,107,117,575937,166,418788,,,,,,1,1,9037,1,9037,,,,,
2494700,BALTIMORE STUDIO OF HAIR DESIGN,MD,212013420,Proprietary,32,33,104087,56,87145,30,30,113564,50,89994,,,,,,,,,,,,,,,
2494800,CR'U INSTITUTE OF COSMETOLOGY AND BARBERING,CA,928454321,Proprietary,85,100,233420,181,207489,74,88,222212,166,196247,,,,,,5,7,21993,14,21993,,,,,
2495500,ALL-STATE CAREER SCHOOL,PA,190290000,Proprietary,813,952,2246855,1832,1913451,814,939,3466594,1821,2965714,,,,,,62,65,345334,139,298287,,,,,
2496700,NATIONAL FILM & TELEVISION SCHOOL,,HP9 1LG,Foreign-Private,,,,,,,,,,,8,8,164000,16,164000,,,,,,7,7,214093,14,214093
2497300,MILAN INSTITUTE,CA,932779535,Proprietary,725,764,2008463,1182,1571462,688,725,2478759,1141,1893493,,,,,,66,69,361031,110,278055,,,,,
2497800,GREENE COUNTY CAREER CENTER,OH,453859545,Public,3,3,8674,6,8674,3,3,12205,5,12205,,,,,,,,,,,,,,,
2498200,G SKIN & BEAUTY INSTITUTE,IL,605231805,Proprietary,217,220,560883,328,451135,215,219,830106,329,671254,,,,,,20,20,105856,32,91425,,,,,
2499000,ACADEMY OF COSMETOLOGY,FL,329533311,Proprietary,26,26,62914,39,46203,27,27,101680,39,70411,,,,,,,,,,,,,,,
2500000,SAN JOAQUIN COLLEGE OF LAW,CA,936121312,Private-Nonprofit,,,,,,,,,,,94,120,2209574,164,1457889,,,,,,57,71,1832522,119,1238792
2503400,AMRIDGE UNIVERSITY,AL,361173553,Private-Nonprofit,269,269,974825,778,869898,272,272,1494246,786,1350232,241,241,3975129,651,3657154,2,3,28788,6,28788,110,115,2675790,309,2529000
2503900,WARREN COUNTY COMMUNITY COLLEGE,NJ,078824343,Public,17,17,51301,30,51301,50,50,205457,87,205457,,,,,,,,,,,,,,,
2504200,WALDEN UNIVERSITY,MN,554012511,Proprietary,8613,9955,35583305,19548,25928224,8563,10034,54291262,19481,39257431,34256,41489,709584742,82006,520840829,13,14,102313,28,95589,6578,9764,181250499,17435,139584292
2505400,ATLANTIC UNIVERSITY,PR,009700000,Private-Nonprofit,64,67,204224,158,196260,7,7,32201,16,30535,26,29,149981,66,144972,14,14,79405,35,79405,23,23,124486,48,113174
2508300,SOUTHEAST COMMUNITY COLLEGE,NE,685201299,Public,1419,1438,3602493,2567,3594079,1404,1447,4439971,2586,4429556,,,,,,56,60,467365,108,467365,,,,,
2515400,CITY COLLEGE,FL,330244045,Proprietary,5,5,11375,6,11375,6,6,12621,7,12621,,,,,,,,,,,,,,,
2516200,WESLEY BIBLICAL SEMINARY,MS,391571920,Private-Nonprofit,1,1,3335,1,3335,,,,,,20,31,179829,31,179829,,,,,,,,,,
2517100,SARASOTA SCHOOL OF MASSAGE THERAPY,FL,342436130,Proprietary,50,50,142824,78,110748,46,46,211412,75,168912,,,,,,3,3,44000,6,44000,,,,,
2518300,LASALLE TECH,LA,703635173,Proprietary,170,175,506511,248,360681,173,178,730760,264,521864,,,,,,2,2,14000,3,10000,,,,,
2519300,OHIO STATE SCHOOL OF COSMETOLOGY,OH,431102754,Proprietary,39,39,126908,66,113508,36,36,124080,64,115307,,,,,,7,7,69100,13,67600,,,,,
2520000,INTERNATIONAL SCHOOL OF SKIN AND NAILCARE,GA,303501003,Proprietary,238,245,538911,408,429012,252,262,745055,442,582294,,,,,,13,13,89051,19,75309,,,,,
2520300,INTERIOR DESIGNERS INSTITUTE,CA,926603228,Proprietary,37,38,129950,73,99222,41,44,195249,87,156171,,,,,,7,8,128765,18,110319,,,,,
2520800,MERRELL UNIVERSITY OF BEAUTY ARTS & SCIENCE,MO,651092534,Proprietary,42,50,149383,89,133383,48,59,188651,103,169636,,,,,,2,2,13775,4,13775,,,,,
2521200,ARLINGTON CAREER INSTITUTE,TX,760060000,Proprietary,502,573,1565259,1082,1154271,466,553,1986313,1064,1513123,,,,,,4,4,22654,6,15768,,,,,
2521800,SEGUIN BEAUTY SCHOOL,TX,781555704,Proprietary,33,38,85849,56,77099,36,45,109998,65,100998,,,,,,10,10,69965,17,62465,,,,,
2522700,EASTLAND-FAIRFIELD CAREER AND TECHNICAL SCHOOLS,OH,431259236,Public,69,69,190321,109,171806,68,68,223614,110,205229,,,,,,1,1,9339,2,9339,,,,,
2522800,FOX COLLEGE,IL,604774451,Proprietary,194,241,669322,347,571669,192,337,748395,469,632541,,,,,,14,15,126558,25,126558,,,,,
2523700,OCEAN COUNTY VOCATIONAL - TECHNICAL SCHOOLS,NJ,087532703,Public,72,72,211553,130,211553,77,77,351589,142,351589,,,,,,,,,,,,,,,
2524000,JONES TECHNICAL INSTITUTE,FL,322560367,Private-Nonprofit,432,506,1627045,1011,1315307,427,510,1705643,1044,1423264,,,,,,44,49,356355,100,308168,,,,,
2525900,ARTISTIC ACADEMY OF HAIR DESIGN (THE),NJ,079501409,Proprietary,45,45,128719,90,128719,59,59,208792,117,206042,,,,,,23,23,275221,46,275221,,,,,
2528200,ROBERT FIANCE BEAUTY SCHOOLS,NJ,070604840,Proprietary,98,113,277756,167,240088,99,113,321896,172,287136,,,,,,11,11,69769,19,64047,,,,,
2529500,HAMRICK SCHOOL,OH,442560000,Proprietary,45,45,87828,78,78747,44,44,135595,76,121170,,,,,,4,4,21546,7,19332,,,,,
2529800,WILKES BARRE AREA CAREER AND TECHNICAL CENTER PRACTICAL NURSING PRGM,PA,187050699,Public,78,104,335692,148,249372,79,105,472825,146,353480,,,,,,,,,,,,,,,
2530600,SAINT CHARLES COMMUNITY COLLEGE,MO,633760975,Public,298,329,964092,467,961842,357,422,1143641,599,1135086,,,,,,,,,,,,,,,
2531200,FORMATIONS INSTITUTE,OK,738013336,Proprietary,25,28,72798,49,63287,20,21,62195,35,51448,,,,,,,,,,,,,,,
2531800,PAUL MITCHELL THE SCHOOL COSTA MESA,CA,926263804,Proprietary,672,721,1878621,1153,1589168,728,792,2418641,1276,2036741,,,,,,78,84,709089,148,630864,,,,,
2532600,LANDMARK COLLEGE,VT,053460000,Private-Nonprofit,93,93,350461,171,350461,111,111,435052,208,435052,,,,,,48,48,1867887,91,1849554,,,,,
2533200,SCHOOL OF ARCHITECTURE (THE),AZ,852531826,Private-Nonprofit,,,,,,,,,,,4,4,81500,8,81500,,,,,,3,3,148490,6,148490
2533600,ROSS MEDICAL EDUCATION CENTER,MI,489172108,Proprietary,710,710,2311726,1123,1913747,719,720,2830004,1143,2343999,,,,,,,,,,,,,,,
2534000,NATIONAL UNIVERSITY OF NATURAL MEDICINE,OR,972014878,Private-Nonprofit,23,27,114494,80,114494,23,26,163473,77,163473,292,313,8729902,927,8729902,,,,,,257,323,9781521,833,9781521
2536400,LOUISIANA ACADEMY OF BEAUTY,LA,705353512,Proprietary,9,11,36591,17,28795,4,5,12659,8,9329,,,,,,2,3,8700,5,8350,,,,,
2537200,PALOMAR INSTITUTE OF COSMETOLOGY,CA,920782644,Proprietary,117,129,326223,215,295877,132,151,405186,251,373309,,,,,,22,23,130558,41,128584,,,,,
2538300,DELTA COLLEGE OF ARTS & TECHNOLOGY,LA,708061529,Proprietary,334,335,1155306,579,1052765,304,321,1010933,583,891447,,,,,,2,2,17687,2,8844,,,,,
2538500,ARTHUR'S BEAUTY COLLEGE,AR,720322320,Proprietary,68,77,241012,130,212679,66,76,236708,129,207020,,,,,,2,3,22000,5,19500,,,,,
2539500,IRVINE VALLEY COLLEGE,CA,926184399,Public,145,145,479296,235,448796,136,137,610760,224,578694,,,,,,,,,,,,,,,
2539800,QUEEN CITY COLLEGE,TN,370423545,Proprietary,2,2,1969,3,1969,1,1,2000,1,2000,,,,,,,,,,,,,,,
2541000,ALASKA CAREER COLLEGE,AK,995071033,Proprietary,63,65,216407,93,156653,55,57,261432,81,184730,,,,,,3,3,19831,4,13667,,,,,
2541900,BJ'S BEAUTY & BARBER COLLEGE,WA,984094318,Proprietary,25,25,67593,33,42221,23,23,77794,31,52566,,,,,,,,,,,,,,,
2542300,NATIONAL HOLISTIC INSTITUTE,CA,946082020,Proprietary,910,974,3188995,1490,2535890,873,930,4778524,1436,3767468,,,,,,12,12,103871,16,76459,,,,,
2543400,BROWNSON TECHNICAL SCHOOL,CA,928056329,Proprietary,180,180,617186,265,457891,177,177,901866,266,668097,,,,,,25,25,258695,38,188888,,,,,
2544300,BUTLER BEAUTY ACADEMY,PA,160015925,Proprietary,40,44,124741,61,99776,39,42,112722,60,86572,,,,,,1,1,9600,2,9600,,,,,
2545400,NORTH AMERICAN TRADE SCHOOLS,MD,212440069,Proprietary,492,575,1371615,1219,1182517,507,603,1624240,1278,1356761,,,,,,24,27,144882,65,122789,,,,,
2545700,GLASGOW SCHOOL OF ART,,G3 6RQ,Foreign-Private,2,2,10000,4,10000,7,7,50500,14,50500,16,16,328000,42,328000,2,2,76376,4,76376,9,9,401279,23,401279
2545900,HYPNOSIS MOTIVATION INSTITUTE,CA,913560000,Private-Nonprofit,412,412,1479174,654,1189188,421,421,2522474,668,2028268,,,,,,,,,,,,,,,
2546200,LAUREL TECHNICAL INSTITUTE,PA,154010877,Proprietary,546,692,2209607,1050,1889409,567,704,3047167,1080,2604431,,,,,,35,45,317597,80,292905,,,,,
2547600,FLORIDA NATIONAL UNIVERSITY,FL,330124108,Proprietary,2398,2846,9737235,4773,8845352,2373,3001,10250885,5053,9295454,309,401,4563487,660,4260851,145,160,812247,278,779439,7,7,76099,11,76099
2548500,COSMETOLOGY TRAINING CENTER,LA,705035138,Proprietary,74,76,233065,128,197206,63,66,171550,110,142954,,,,,,,,,,,,,,,
2551100,PJ'S COLLEGE OF COSMETOLOGY,KY,421412434,Proprietary,27,29,89711,47,71795,27,29,103123,47,80791,,,,,,1,1,8000,2,8000,,,,,
2552400,ACADEMY OF HAIR TECHNOLOGY,SC,296152363,Proprietary,26,27,58615,45,50781,7,8,31367,13,27566,,,,,,1,1,15000,2,15000,,,,,
2553000,MODERN COLLEGE OF DESIGN (THE),OH,454401612,Proprietary,166,203,730595,338,665839,169,215,681271,356,604143,,,,,,105,138,2456166,247,2352141,,,,,
2553600,DIVERSIFIED VOCATIONAL COLLEGE,CA,900171604,Proprietary,197,197,573316,267,463066,194,194,829525,265,661850,,,,,,1,1,5500,2,5500,,,,,
2554500,HAZLETON AREA CAREER CENTER,PA,182021597,Public,8,8,25559,14,22059,8,8,30510,13,24510,,,,,,,,,,,,,,,
2554800,PAUL MITCHELL THE SCHOOL NEW ORLEANS,LA,700024705,Proprietary,281,306,890647,523,788264,296,323,1195959,563,1049241,,,,,,30,30,225437,54,220614,,,,,
2555400,UNIVERSITY OF TEXAS M.D. ANDERSON CANCER CENTER,TX,770300240,Public,100,100,492656,256,492656,73,75,438089,190,438089,4,4,69671,10,69671,8,8,183158,20,183158,2,2,20422,5,20422
2556100,ETI SCHOOL OF SKILLED TRADES,IL,605275627,Proprietary,308,308,1032553,518,894303,301,302,1241609,512,1079241,,,,,,42,42,311377,72,283972,,,,,
2556500,YUKON BEAUTY COLLEGE,OK,730994108,Proprietary,20,23,72307,39,61057,20,23,101666,38,84832,,,,,,1,1,14697,1,7348,,,,,
2556600,JOHN AMICO SCHOOL OF HAIR DESIGN 2,IL,607142827,Proprietary,20,22,57048,38,50817,17,18,62892,31,56391,,,,,,,,,,,,,,,
2556800,PAUL MITCHELL THE SCHOOL SALT LAKE CITY,UT,841177204,Proprietary,110,117,339108,197,284041,110,116,363242,197,297354,,,,,,1,1,4680,2,4680,,,,,
2558700,PRISM CAREER INSTITUTE,PA,191522923,Proprietary,811,836,2549404,1357,2120911,794,813,3724778,1333,3057462,,,,,,63,63,354863,99,298619,,,,,
2559000,UNIVERSITY OF ADVANCING COMPUTER TECHNOLOGY,AZ,852831056,Proprietary,556,763,2734664,1200,2305735,576,792,3402693,1245,2849449,63,76,1448921,121,1213671,168,245,3603786,417,3091020,,,,,
2559300,UNITED EDUCATION INSTITUTE,CA,902552933,Proprietary,9968,10019,33583066,15076,25889733,9770,9813,49227989,14859,37571571,,,,,,633,633,6429740,1013,5235774,,,,,
2559400,INTERCOAST COLLEGES,CA,917911540,Proprietary,855,1052,2782111,1830,2431876,856,1089,3905896,1920,3404004,,,,,,54,67,386176,125,356654,,,,,
2559500,SALON PROFESSIONAL ACADEMY (THE),ID,836865104,Proprietary,62,63,180607,110,161356,55,56,171025,98,155024,,,,,,,,,,,,,,,
2560000,CASAL AVEDA INSTITUTE,OH,444464693,Proprietary,90,105,272740,183,242536,93,106,289780,193,259948,,,,,,5,5,14880,10,14880,,,,,
2560200,PHILLIPS THEOLOGICAL SEMINARY,OK,741165612,Private-Nonprofit,,,,,,,,,,,10,11,144273,22,144023,,,,,,,,,,
2560600,PINNACLE INSTITUTE OF COSMETOLOGY,NC,281158020,Proprietary,35,37,119299,65,102549,41,43,158580,76,141248,,,,,,3,3,35040,5,31790,,,,,
2560700,PICKAWAY ROSS COUNTY JOINT VOCATIONAL SCHOOL DISTRICT,OH,456013977,Public,86,86,252402,119,179288,87,87,393440,121,271354,,,,,,,,,,,,,,,
2561600,SOLENT UNIVERSITY,,SO14 0YN,Foreign-Private,7,7,33500,14,33500,6,6,21000,12,21000,,,,,,3,3,100939,6,100939,,,,,
2562300,APOLLO CAREER CENTER,OH,458061497,Public,86,101,261226,168,232741,81,95,331773,161,297463,,,,,,1,1,6422,2,6422,,,,,
2563000,RAPHAEL'S SCHOOL OF BEAUTY CULTURE,OH,446015602,Proprietary,270,292,924092,432,697370,274,298,1117174,449,830391,,,,,,9,9,104116,13,71160,,,,,
2568100,TEXAS BARBER COLLEGE,TX,770367450,Proprietary,358,359,1137661,484,776672,343,346,1761838,468,1186627,,,,,,14,15,134437,20,100961,,,,,
2568500,GRABBER SCHOOL OF HAIR DESIGN,MO,631263933,Proprietary,114,133,432716,225,372042,110,128,472237,220,399422,,,,,,22,23,173023,40,152975,,,,,
2568600,MAHONING COUNTY CAREER AND TECHNICAL CENTER,OH,444069710,Public,24,24,68316,47,66759,22,22,60739,43,58069,,,,,,,,,,,,,,,
2568800,SUSSEX COUNTY COMMUNITY COLLEGE,NJ,078601149,Public,246,246,713791,397,713791,328,328,1098771,535,1094675,,,,,,31,31,189234,45,189234,,,,,
2569600,SEARCY BEAUTY COLLEGE,AR,721430000,Proprietary,36,42,111762,63,92608,30,35,112277,56,95405,,,,,,1,1,10000,2,10000,,,,,
2573100,EVANS HAIRSTYLING COLLEGE OF CEDAR CITY,UT,847202523,Proprietary,3,3,10500,4,7000,10,10,42900,16,37150,,,,,,,,,,,,,,,
2573200,LA BELLE BEAUTY ACADEMY,FL,331352827,Proprietary,50,50,130249,81,101005,50,50,93806,81,74044,,,,,,,,,,,,,,,
2573700,INSTITUTE FOR CLINICAL SOCIAL WORK,IL,606401229,Private-Nonprofit,,,,,,,,,,,29,30,564459,69,547302,,,,,,21,21,603835,50,573217
2576900,CHARTER COLLEGE,AK,995084103,Proprietary,2523,3174,9491640,5931,7882210,2591,3307,13507272,6093,11214502,,,,,,32,35,393440,84,357213,,,,,
2577000,PAUL MITCHELL THE SCHOOL - ESANI,GA,300761507,Proprietary,262,314,805248,552,714142,289,357,1108654,642,988497,,,,,,19,19,151047,33,137080,,,,,
2578200,NOSSI COLLEGE OF ART AND DESIGN,TN,371155138,Proprietary,160,265,907955,422,731996,155,231,841314,385,714403,,,,,,58,90,896774,149,747841,,,,,
2578400,MARYLAND UNIVERSITY OF INTEGRATIVE HEALTH,MD,207236010,Private-Nonprofit,,,,,,,,,,,238,238,4245261,567,3913480,,,,,,86,98,2435326,236,2344400
2579600,MURDOCH UNIVERSITY,,6150,Foreign-Private,,,,,,,,,,,4,4,82000,4,34309,,,,,,4,4,147499,4,64187
2580200,ATLANTA SCHOOL OF MASSAGE,GA,303386704,Proprietary,15,15,23836,16,23836,16,16,39357,17,39357,,,,,,1,1,6500,1,6500,,,,,
2582200,BELBO BEAUTY INSTITUTE,LA,711052404,Proprietary,64,65,156061,96,148706,68,69,183925,101,172946,,,,,,1,1,15200,2,15200,,,,,
2584400,NEW ENGLAND TRACTOR TRAILER TRAINING SCHOOL OF MASSACHUSETTS,RI,028601752,Proprietary,1208,1260,3187400,2158,2785596,1229,1346,4796799,2326,4185577,,,,,,74,78,475839,134,403191,,,,,
2584900,FIRST INSTITUTE,IL,600147489,Proprietary,137,137,460649,207,354039,137,137,577796,207,446816,,,,,,5,5,47053,8,35354,,,,,
2587500,UNIVERSIDAD ANA G. MÉNDEZ - CUPEY CAMPUS,PR,009262602,Private-Nonprofit,1594,2452,5442674,2452,5439344,1273,2052,5428171,2052,5428171,1328,2612,19648967,2612,19318389,,,,,,70,110,2218224,110,2218224
2587600,ORLO SCHOOL OF HAIR DESIGN AND COSMETOLOGY (THE),NY,122061723,Proprietary,26,27,88089,46,76615,26,28,96816,48,81039,,,,,,7,7,71490,13,64999,,,,,
2587700,HAIR PROFESSIONALS CAREER COLLEGE,IL,604651929,Proprietary,59,61,173631,95,143167,61,66,234621,106,188523,,,,,,3,3,24817,4,22669,,,,,
2588000,UNIVERSITY OF ULSTER,,BT52 1SA,Foreign-Private,6,6,24113,12,24113,6,6,23887,12,23887,1,1,20500,3,20500,3,3,74057,6,74057,1,1,13167,2,13167
2588200,DOUGLAS J AVEDA INSTITUTE,MI,488234351,Proprietary,601,703,2109641,1214,1860091,641,758,2421571,1327,2125855,,,,,,59,71,679972,125,613511,,,,,
2588500,OHIO STATE SCHOOL OF COSMETOLOGY,OH,430562300,Proprietary,65,70,217843,106,173659,49,52,159381,74,112735,,,,,,1,1,10000,1,5000,,,,,
2588600,SEMINARIO EVANGELICO DE PUERTO RICO,PR,009252207,Private-Nonprofit,,,,,,,,,,,27,46,277350,46,277350,,,,,,,,,,
2591600,NORTH-WEST COLLEGE,CA,914111611,Proprietary,203,203,719926,318,577208,203,203,1029911,322,833739,,,,,,13,13,93705,18,64694,,,,,
2593800,CONCORDIA UNIVERSITY OF EDMONTON,,T5B 4E4,Foreign-Private,,,,,,1,1,7500,2,7500,,,,,,1,1,10000,2,10000,,,,,
2595000,HAIR ACADEMY THE,TN,373342909,Proprietary,46,53,152151,99,140192,46,53,144240,97,134757,,,,,,2,2,16721,4,16721,,,,,
2595700,HILLSDALE BEAUTY COLLEGE,MI,492420000,Proprietary,18,22,71111,32,52111,17,22,74132,33,56131,,,,,,1,1,9200,2,9200,,,,,
2596400,SPARTAN COLLEGE OF AERONAUTICS AND TECHNOLOGY,CA,903012904,Proprietary,742,1045,3775583,1829,3331808,741,1069,4809692,1886,4276412,,,,,,128,160,3188939,289,2976641,,,,,
2597300,SOUTH BAYLO UNIVERSITY,CA,928011701,Private-Nonprofit,,,,,,1,1,7500,3,7500,76,100,1574873,204,1175122,,,,,,4,6,71857,11,62760
2600100,NEW YORK ACADEMY OF ART (THE),NY,100132911,Private-Nonprofit,,,,,,,,,,,39,39,781417,76,781417,,,,,,33,33,1669485,71,1669485
2600200,OCEAN CORPORATION (THE),TX,770993479,Proprietary,125,132,426360,215,355360,130,145,619864,241,517114,,,,,,45,49,912247,82,777404,,,,,
2600900,AVEDA ARTS & SCIENCES INSTITUTE COVINGTON,LA,704332922,Proprietary,1519,1656,4694349,2872,4168932,1598,1760,6126719,3076,5380244,,,,,,147,148,1337900,272,1240826,,,,,
2601100,OPELOUSAS SCHOOL OF COSMETOLOGY,LA,705706156,Proprietary,31,31,97917,54,88292,13,13,52749,23,47582,,,,,,,,,,,,,,,
2602100,NORTHWEST COLLEGE OF ART & DESIGN,WA,984024333,Proprietary,48,61,258048,115,240048,44,55,206613,102,196010,,,,,,5,6,80658,14,80658,,,,,
2602300,CENTRAL COAST COLLEGE,CA,939013301,Proprietary,436,452,1637827,794,1255787,421,436,2175996,764,1666606,,,,,,77,78,711141,136,575209,,,,,
2603100,CRAVE BEAUTY ACADEMY,KS,672035428,Proprietary,175,195,520253,344,473945,185,208,695394,369,632873,,,,,,14,14,133489,26,122420,,,,,
2603700,OREGON COLLEGE OF ORIENTAL MEDICINE,OR,972092859,Private-Nonprofit,,,,,,,,,,,61,61,404218,61,404218,,,,,,60,67,747846,67,747846
2603800,LORAIN COUNTY JVS ADULT CAREER CENTER,OH,440749799,Public,17,17,38070,32,35738,8,8,16583,15,15916,,,,,,,,,,,,,,,
2604700,CENTER FOR ADVANCED LEGAL STUDIES,TX,770421912,Proprietary,227,268,1011095,434,731926,214,253,1457928,403,1042976,,,,,,,,,,,,,,,
2606300,PAUL MITCHELL THE SCHOOL WICHITA,KS,672261321,Proprietary,140,176,497872,300,422353,137,173,507243,291,424421,,,,,,2,2,17339,4,17339,,,,,
2607000,TRICOCI UNIVERSITY OF BEAUTY CULTURE,IN,474042419,Proprietary,97,118,306137,207,278457,104,129,363822,234,324094,,,,,,15,16,116766,32,116766,,,,,
2607100,PAUL MITCHELL THE SCHOOL BOISE,ID,837091662,Proprietary,318,360,1005102,575,855625,321,360,1199982,581,1031480,,,,,,3,3,19547,6,19547,,,,,
2608000,NEOSHO BEAUTY COLLEGE,MO,648501525,Proprietary,20,20,49826,29,40494,18,18,45214,25,40807,,,,,,,,,,,,,,,
2609000,EMPEROR'S COLLEGE OF TRADITIONAL ORIENTAL MEDICINE,CA,902300000,Proprietary,,,,,,,,,,,45,48,634278,105,634278,,,,,,20,25,572940,58,572940
2609400,VALLEY COLLEGE,WV,254045711,Proprietary,1488,1585,4953313,2298,3797387,1435,1575,7671119,2316,5883022,,,,,,70,80,645383,108,469303,,,,,
2610500,XENON A STEPHANIE MOSS ACADEMY,NE,681273522,Proprietary,150,170,556164,291,471493,156,173,635807,294,550452,,,,,,26,30,256232,56,232946,,,,,
2611700,DUBLIN CITY UNIVERSITY,,D09 V209,Foreign-Private,2,2,7000,4,7000,2,2,8000,4,8000,8,8,158300,25,158300,,,,,,4,4,72974,12,72974
2612700,"SALON PROFESSIONAL ACADEMY - MELBOURNE, THE",FL,329043919,Proprietary,155,174,412972,255,347285,147,170,469526,250,384375,,,,,,19,21,94931,37,88275,,,,,
2615800,COLLEGE OF COURT REPORTING,IN,463855529,Proprietary,131,163,525145,259,402709,134,158,829118,255,636478,,,,,,1,1,25736,2,25736,,,,,
2616100,JEAN MADELINE AVEDA INSTITUTE,PA,191471542,Proprietary,136,159,415162,276,373826,160,198,604683,352,534777,,,,,,20,27,134819,47,122925,,,,,
2616600,SHEAR EGO INTERNATIONAL SCHOOL OF HAIR DESIGN,NY,146173501,Proprietary,55,55,150074,102,145407,58,58,218331,108,210331,,,,,,9,9,84000,18,84000,,,,,
2619200,DENHAM SPRINGS BEAUTY COLLEGE,LA,707263829,Proprietary,31,32,98577,51,79020,34,36,139322,57,117740,,,,,,3,3,11314,5,9064,,,,,
2620000,SANDUSKY CAREER CENTER,OH,448701630,Public,79,82,222890,155,219538,82,88,354339,165,347843,,,,,,,,,,,,,,,
2621300,ACADEMY OF COSMETOLOGY,MT,597153544,Proprietary,7,7,22200,14,22200,12,12,53163,24,53163,,,,,,,,,,,,,,,
2623600,PARADISE VALLEY COMMUNITY COLLEGE,AZ,850321210,Public,439,484,1276861,822,1254884,171,194,561995,327,542824,,,,,,,,,,,,,,,
3001800,WELCH COLLEGE,TN,370668460,Private-Nonprofit,67,69,259585,127,259585,61,65,195666,115,195666,6,6,67529,8,67529,9,9,133044,18,133044,,,,,
3002100,KENTUCKY MOUNTAIN BIBLE COLLEGE,KY,413399433,Private-Nonprofit,26,26,89281,50,85728,10,10,45116,18,42116,2,2,24001,4,24001,,,,,,,,,,
3005100,ARKANSAS BEAUTY SCHOOL- LITTLE ROCK,AR,722095116,Proprietary,33,33,79449,53,72365,35,35,116006,56,105096,,,,,,1,1,6500,2,6500,,,,,
3005400,GEORGIA CAREER INSTITUTE,GA,300945912,Proprietary,425,456,1168809,753,998891,418,466,1405990,777,1177133,,,,,,20,23,133980,39,121255,,,,,
3005700,DETROIT BUSINESS INSTITUTE - DOWNRIVER,MI,481936761,Proprietary,96,99,289622,130,237122,96,100,437494,132,350244,,,,,,4,4,27322,6,25322,,,,,
3006300,IBMC COLLEGE,CO,805253044,Proprietary,449,519,1632313,969,1368979,461,528,1867802,990,1550384,,,,,,2,3,12932,5,12219,,,,,
3007000,FRONTIER NURSING UNIVERSITY,KY,403830000,Private-Nonprofit,,,,,,1,1,6833,1,6833,2381,2833,46765762,5622,36177712,,,,,,132,153,2344208,296,1816616
3007100,HOT SPRINGS BEAUTY COLLEGE,AR,719015432,Proprietary,67,74,212690,125,193626,63,74,237239,124,209536,,,,,,,,,,,,,,,
3008600,CORTIVA INSTITUTE,FL,327517233,Proprietary,99,107,238998,187,217729,93,102,269637,184,244250,,,,,,9,9,58278,17,51570,,,,,
3008800,BRILLARE BEAUTY INSTITUTE,TN,373123939,Private-Nonprofit,214,245,703794,419,618035,206,238,828220,408,719994,,,,,,8,8,79313,16,79313,,,,,
3009500,WINSTON - SALEM BARBER SCHOOL,NC,271273757,Proprietary,124,136,442823,229,370407,113,124,444741,213,361252,,,,,,,,,,,,,,,
3010400,CRESCENT CITY SCHOOL OF GAMING & BARTENDING,LA,701195507,Proprietary,36,36,126000,64,112000,35,35,202000,63,183000,,,,,,,,,,,,,,,
3010700,PAUL MITCHELL THE SCHOOL ROANOKE,VA,240152255,Proprietary,112,128,354940,198,301667,112,130,401374,204,334040,,,,,,16,18,115622,31,101349,,,,,
3011300,"CALIFORNIA STATE UNIVERSITY, SAN MARCOS",CA,920960001,Public,3220,3367,13428341,5893,13428341,3367,3531,15948323,6233,15945823,480,557,8027699,979,8027699,392,430,6184006,800,6184006,233,299,3393075,503,3393075
3011600,FORTIS INSTITUTE,PA,185092902,Proprietary,403,459,1333490,930,1096754,397,455,1827583,924,1502800,,,,,,36,40,245617,73,173854,,,,,
3011800,UCAS UNIVERSITY OF COSMETOLOGY ARTS & SCIENCES,TX,782149903,Proprietary,31,31,85810,51,68475,28,29,91054,48,67719,,,,,,1,1,6000,1,3000,,,,,
3014900,PLATT COLLEGE,CO,801112417,Proprietary,58,58,82360,61,82360,58,59,109342,62,109342,,,,,,7,7,45981,9,45981,,,,,
3015300,EHOVE CAREER CENTER,OH,448469500,Public,177,178,481512,288,400114,184,186,773769,299,628100,,,,,,1,1,3748,1,1874,,,,,
3016000,UNIVERSITY OF PUERTO RICO - CAROLINA,PR,009874807,Public,78,78,325162,162,305413,,,,,,,,,,,,,,,,,,,,
3018500,BENE'S CAREER ACADEMY,FL,346521636,Proprietary,239,242,540751,406,460322,241,247,808214,420,686146,,,,,,7,7,33698,13,31198,,,,,
3019800,PCI HEALTH TRAINING CENTER,TX,752474720,Proprietary,254,257,771259,560,639467,248,252,923236,543,750846,,,,,,16,17,43090,39,34773,,,,,
3019900,CAPSTONE COLLEGE,CA,911034201,Proprietary,85,85,290496,133,230996,89,89,424772,140,345022,,,,,,18,18,135330,30,117108,,,,,
3021500,NUVANI INSTITUTE,TX,788524859,Proprietary,71,71,193884,98,141193,70,70,241196,97,165892,,,,,,,,,,,,,,,
3023400,ARKANSAS TECHNICAL SCHOOL,AR,721145615,Proprietary,53,53,146634,81,122384,51,51,192997,78,163330,,,,,,,,,,,,,,,
3023700,MADISON ADULT CAREER CENTER,OH,449052718,Public,26,26,59074,71,41500,18,18,61370,47,44996,,,,,,,,,,,,,,,
3025000,TEXAS COLLEGE OF COSMETOLOGY,TX,796052001,Proprietary,144,147,416292,246,363657,148,152,535614,250,463055,,,,,,8,10,87662,19,80025,,,,,
3025500,MECH TECH COLLEGE,PR,007256118,Proprietary,260,298,605679,531,567651,149,169,318407,293,286341,,,,,,8,8,45587,16,43643,,,,,
3025800,DAWN CAREER INSTITUTE,DE,197025436,Proprietary,380,406,1226161,817,945342,380,408,1786172,832,1386904,,,,,,37,39,298706,93,274507,,,,,
3026500,REMINGTON COLLEGE,TX,750419935,Private-Nonprofit,2615,2949,8701327,4885,6785150,2508,2824,12443959,4725,9635355,,,,,,75,82,460404,152,362296,,,,,
3027300,BLALOCK'S PROFESSIONAL BEAUTY COLLEGE,LA,711050000,Proprietary,26,27,89175,41,68175,26,27,100658,41,72408,,,,,,,,,,,,,,,
3027400,AVALON INSTITUTE,CO,800141193,Proprietary,166,180,464771,303,400444,153,162,433364,273,369590,,,,,,12,13,70651,24,65354,,,,,
3027700,PACIFIC COLLEGE OF HEALTH AND SCIENCE,CA,921084408,Proprietary,366,459,1650047,720,1440402,370,468,2505433,742,2180630,722,941,15803992,1501,13422678,6,7,213598,13,185646,227,285,9249583,444,8034363
3028200,TRINITY COLLEGE OF FLORIDA,FL,346554401,Private-Nonprofit,60,60,242748,100,229623,63,64,260360,106,239585,,,,,,8,8,129446,14,129446,,,,,
3029400,UNIVERSITY OF KEELE,,ST5 5BG,Foreign-Private,1,1,5500,2,5500,1,1,2000,2,2000,3,3,58040,5,58040,,,,,,,,,,
3029500,UNIVERSITY OF NORTHUMBRIA AT NEWCASTLE,,NE1 8ST,Foreign-Private,68,68,295250,133,295250,74,74,191830,144,191830,18,18,362500,52,362500,54,54,2155588,111,2155588,12,12,353290,36,353290
3030900,DIESEL DRIVING ACADEMY,LA,708158109,Proprietary,246,247,499284,390,416451,212,213,767188,349,643422,,,,,,3,3,8176,4,5559,,,,,
3032300,SCHOOL OF AUTOMOTIVE MACHINISTS & TECHNOLOGY,TX,770551803,Proprietary,48,51,175939,83,147253,46,51,195389,87,164324,,,,,,16,17,256624,31,224279,,,,,
3032400,KC'S SCHOOL OF HAIR DESIGN,MS,388630000,Proprietary,35,35,105244,67,103494,23,23,83543,43,83543,,,,,,,,,,,,,,,
3033300,MANCHESTER METROPOLITAN UNIVERSITY (THE),,M15 6BX,Foreign-Private,7,7,34500,14,34500,8,8,39000,16,39000,16,16,305000,47,305000,4,4,129000,9,129000,11,11,218000,33,218000
3034400,CONSERVATORY OF RECORDING ARTS & SCIENCES,AZ,852821707,Proprietary,382,471,1229743,779,1049179,465,590,1863213,986,1611089,,,,,,102,125,1303829,212,1140412,,,,,
3034500,OWENSBORO COMMUNITY & TECHNICAL COLLEGE,KY,423031899,Public,384,417,1181014,704,1155213,396,539,1494107,900,1432291,,,,,,,,,,,,,,,
3035200,TINT SCHOOL OF MAKEUP & COSMETOLOGY,TX,750514891,Proprietary,253,266,555485,433,473471,247,261,657878,429,580342,,,,,,24,24,82253,41,76932,,,,,
3035300,SOUTHERN CAREERS INSTITUTE,TX,787047667,Proprietary,4208,4338,12125058,6661,9757557,4078,4418,18848415,6839,15122581,,,,,,257,270,1539793,430,1264150,,,,,
3035700,LAS POSITAS COLLEGE,CA,945516750,Public,25,25,97750,68,96000,23,23,110750,61,109750,,,,,,,,,,,,,,,
3035900,NATIONAL AVIATION ACADEMY,FL,337603931,Proprietary,535,727,2464379,1276,2140243,586,799,2909310,1419,2533548,,,,,,156,202,1663005,380,1501968,,,,,
3039900,FREMONT UNIVERSITY,CA,907035342,Proprietary,156,201,681225,420,543449,146,182,844643,389,686170,21,26,343563,55,311996,4,4,33781,11,29800,,,,,
3042500,CARRINGTON COLLEGE,OR,972321302,Proprietary,688,870,2084762,2598,1730893,686,865,2774998,2570,2311178,,,,,,43,51,251230,156,188760,,,,,
3043100,THOMAS MORE COLLEGE OF LIBERAL ARTS,NH,030544818,Private-Nonprofit,54,54,233083,101,233083,59,59,212267,113,212267,,,,,,8,8,102610,16,102610,,,,,
3043900,NEWSCHOOL OF ARCHITECTURE AND DESIGN,CA,921010000,Proprietary,101,110,488859,284,459211,97,106,514020,270,480857,33,40,756956,101,670483,13,14,458328,36,413563,13,14,334924,37,292879
3045000,UNIVERSITY OF EAST LONDON,,E16 2RD,Foreign-Private,27,27,115500,52,112000,27,27,92500,53,89500,29,29,581250,55,550500,17,17,540233,34,540233,24,24,832920,45,769120
3051400,AUBURN CAREER CENTER,OH,440779723,Public,55,55,140098,85,105851,53,53,191039,84,140985,,,,,,2,2,12825,4,12825,,,,,
3051500,BROWN & CLERMONT ADULT CAREER CAMPUSES,OH,451060000,Public,9,9,24166,18,24166,7,7,13492,14,13492,,,,,,,,,,,,,,,
3051900,ADLER GRADUATE SCHOOL,MN,553434638,Private-Nonprofit,,,,,,,,,,,242,258,3882042,689,3592108,,,,,,24,25,624108,86,593456
3052300,KENNETH SHULER SCHOOL OF COSMETOLOGY & HAIR DESIGN,SC,298412013,Proprietary,228,236,668204,405,582963,205,210,787189,374,684939,,,,,,44,44,323344,81,309679,,,,,
3061100,GENESIS CAREER COLLEGE,TN,370872718,Proprietary,110,113,363454,185,265246,108,111,480373,182,348875,,,,,,4,4,34133,8,31676,,,,,
3061200,MIDWEST COLLEGE OF ACUPUNCTURE AND HERBAL MEDICINE,WI,534039747,Proprietary,,,,,,,,,,,34,34,675134,73,487226,,,,,,5,5,154440,5,51481
3062700,PLATT COLLEGE,CA,918039998,Proprietary,1628,2770,7919207,5342,6760875,1512,2232,7657690,4653,6445867,,,,,,187,218,1567335,506,1367342,,,,,
3063300,NORTHWEST ARKANSAS COMMUNITY COLLEGE,AR,727125190,Public,861,1000,2830199,2635,2783513,828,932,3488906,2434,3420299,,,,,,25,26,189068,41,189068,,,,,
3063400,MODERN TECHNOLOGY SCHOOL,CA,927080000,Proprietary,131,150,426423,260,353423,115,129,531298,221,444875,,,,,,17,17,119771,29,102323,,,,,
3064600,TEXAS SOUTHMOST COLLEGE,TX,785204993,Public,410,451,1327132,668,1318246,215,251,916020,354,900441,,,,,,6,6,39892,9,37933,,,,,
3065000,PAUL MITCHELL THE SCHOOL RICHLAND,WA,993529700,Proprietary,269,295,797101,462,686903,256,280,904355,442,761848,,,,,,7,7,63627,13,63627,,,,,
3065300,PAUL MITCHELL THE SCHOOL TINLEY PARK,IL,604776273,Proprietary,118,126,373706,209,318373,129,142,487014,239,413281,,,,,,23,23,236361,42,214703,,,,,
3066300,BRYAN UNIVERSITY,MO,658044921,Proprietary,175,246,669621,519,575547,172,229,834689,496,711688,7,10,103959,22,82147,1,1,4102,3,4102,,,,,
3066900,INTELLITEC COLLEGE,CO,815063994,Proprietary,931,1051,3183241,1760,2747128,929,1044,3767089,1782,3235754,,,,,,27,36,197500,62,169355,,,,,
3067200,UNIVERSITY OF SYDNEY,,2006,Foreign-Private,7,10,27750,11,26000,9,12,40500,13,32500,97,97,1894980,114,1325080,8,8,292280,15,253652,79,80,3200154,121,2090557
3067500,INSTITUTE OF TECHNOLOGY,CA,936123217,Proprietary,1205,1314,4039755,2113,3330569,1209,1321,5317937,2126,4339908,,,,,,196,205,1894896,339,1616717,,,,,
3067600,RAPHAEL'S SCHOOL OF BEAUTY CULTURE,OH,445124748,Proprietary,91,99,315841,147,236199,88,96,339819,144,246366,,,,,,3,3,26608,5,22949,,,,,
3068200,OHIO MEDIA SCHOOL,OH,441256273,Proprietary,456,478,1444034,733,1149275,451,473,2230822,735,1747078,,,,,,14,16,150587,28,136548,,,,,
3068600,SPECIAL SCHOOL DISTRICT OF ST. LOUIS COUNTY,MO,631271324,Public,167,218,625802,319,466927,167,221,988430,327,734724,,,,,,2,2,6622,4,6622,,,,,
3069100,ALLEN COLLEGE,IA,507030000,Private-Nonprofit,101,113,513285,168,409546,122,139,543811,206,451473,129,185,3043147,240,1870902,7,10,133301,14,99323,16,20,344602,27,198919
3070900,SOUTHEAST MISSOURI HOSPITAL COLLEGE OF NURSING AND HEALTH SCIENCES,MO,637034507,Private-Nonprofit,115,152,470169,202,372008,109,134,614926,174,464832,,,,,,3,3,22967,5,22967,,,,,
3071600,CBT TECHNOLOGY INSTITUTE,FL,331442028,Proprietary,1150,1173,3276242,1866,3276242,1119,1139,3753989,1824,3753989,,,,,,8,8,30275,11,30275,,,,,
3071900,MOUNT CARMEL COLLEGE OF NURSING,OH,432221598,Private-Nonprofit,249,288,1296138,481,1089406,275,322,1725825,542,1446977,78,114,1903515,138,1125271,23,25,560195,41,560195,5,6,67939,9,54987
3072200,CHANDLER - GILBERT COMMUNITY COLLEGE,AZ,852252499,Public,736,795,2069539,1333,2045089,398,469,1244589,786,1194014,,,,,,21,32,559040,58,559040,,,,,
3074500,EAST WEST COLLEGE OF THE HEALING ARTS,OR,972015446,Proprietary,163,173,393339,350,341658,162,179,674676,357,578771,,,,,,,,,,,,,,,
3075200,TWIN CITY BEAUTY COLLEGE,MI,490853305,Proprietary,100,104,321313,169,273307,108,114,391272,191,332800,,,,,,9,9,87148,17,82848,,,,,
3076100,SOUTHWESTERN COLLEGE,NM,875070000,Private-Nonprofit,,,,,,5,5,35620,10,35620,231,233,4245205,791,4191128,,,,,,105,106,2486164,393,2426842
3076300,BEULAH HEIGHTS UNIVERSITY,GA,303161873,Private-Nonprofit,40,46,135968,94,135968,41,43,232010,86,232010,38,42,637361,84,637361,,,,,,8,8,194354,18,194354
3077200,PAUL MITCHELL THE SCHOOL MISSOURI COLUMBIA,MO,652036520,Proprietary,111,129,355813,223,326641,117,139,409047,242,373710,,,,,,6,6,68483,11,68483,,,,,
3078000,MIAMI MEDIA SCHOOL,FL,331261823,Proprietary,224,234,699725,349,541260,221,230,1130540,344,878524,,,,,,6,6,44543,9,33739,,,,,
3078400,CAMEO BEAUTY ACADEMY,IL,604533196,Proprietary,49,52,138303,80,115153,47,49,152516,79,120932,,,,,,2,2,8262,4,8262,,,,,
3078700,UNIVERSITA COMMERCIALE LUIGI BOCCONI,,20136,Foreign-Private,1,1,4500,1,4500,2,2,8500,3,8500,22,22,442936,42,442936,,,,,,11,12,374829,22,374829
3079000,ETI TECHNICAL COLLEGE OF NILES,OH,444464398,Proprietary,217,322,793300,691,657720,220,329,1136746,700,933836,,,,,,4,5,32261,17,29661,,,,,
3079100,NORTH CENTRAL INSTITUTE,TN,370423116,Proprietary,12,12,38472,21,33810,13,13,39454,23,34572,,,,,,,,,,,,,,,
3079900,CITY COLLEGE,FL,327143129,Proprietary,9,9,16875,11,16875,14,15,40941,19,40941,,,,,,1,1,6164,2,6164,,,,,
3081600,DELAWARE CHENANGO MADISON OTSEGO BOCES,NY,138159554,Public,20,20,68250,39,68250,20,38,109000,74,109000,,,,,,,,,,,,,,,
3081900,YTI CAREER INSTITUTE - ALTOONA,PA,166024310,Proprietary,57,66,235480,139,198229,59,65,318634,139,265773,,,,,,,,,,,,,,,
3082100,MYOTHERAPY MASSAGE COLLEGE,UT,841072173,Proprietary,33,33,72817,59,64833,37,37,139226,67,126867,,,,,,,,,,,,,,,
3083000,OZARKS TECHNICAL COMMUNITY COLLEGE,MO,658023601,Public,2309,2461,7269189,4199,7092782,1682,1840,7275761,3273,7102589,,,,,,,,,,,,,,,
3083700,GALEN HEALTH INSTITUTES,KY,402455396,Proprietary,15940,19118,63597903,35498,49566539,16716,20230,95264657,38088,74439083,137,169,2821972,263,2293345,488,539,6088015,1125,4954500,2,2,7665,3,6181
3083800,HEARTLAND COMMUNITY COLLEGE,IL,617619446,Public,229,243,678387,419,674512,298,321,1021274,556,1004906,,,,,,6,6,47025,11,47025,,,,,
3084300,UNIVERSITY OF LIMERICK,,V94 T9PX,Foreign-Private,9,9,39069,18,39069,14,14,66431,28,66431,17,17,318148,45,318148,8,8,218381,16,218381,9,10,169948,23,169948
3084400,VALLEY COLLEGE,WV,258012643,Proprietary,105,131,417213,191,303738,102,131,573285,192,421735,,,,,,6,9,97809,13,72340,,,,,
3084700,VENTURA ADULT AND CONTINUING EDUCATION,CA,930037313,Public,11,11,32385,17,23635,8,8,35148,11,25382,,,,,,,,,,,,,,,
3085100,UNIVERSITY OF WOLVERHAMPTON,,WV1 1LY,Foreign-Private,2,2,10300,4,10300,3,3,20200,6,20200,2,2,41000,5,34167,,,,,,2,2,53856,5,44880
3088700,ROYAL CONSERVATOIRE OF SCOTLAND,,G2 3DB,Foreign-Private,14,14,62559,42,62559,15,15,48441,45,48441,14,14,278954,38,243079,9,9,251799,25,251799,11,11,529613,32,421445
3089100,GEORGIA INSTITUTE OF COSMETOLOGY,GA,306063152,Proprietary,130,137,427909,203,322589,132,138,510747,212,390558,,,,,,12,14,106433,21,76811,,,,,
3089300,HERITAGE BIBLE COLLEGE,NC,283340000,Private-Nonprofit,15,19,59509,38,41355,18,22,124003,46,86076,7,8,92318,15,61380,,,,,,,,,,
3090000,SHARP'S ACADEMY OF HAIRSTYLING,MI,484391838,Proprietary,4,4,10122,7,9561,4,4,13547,6,7744,,,,,,,,,,,,,,,
3090800,LAKE ERIE COLLEGE OF OSTEOPATHIC MEDICINE,PA,165091025,Private-Nonprofit,3,3,8835,6,8835,4,4,41165,8,41165,2325,3027,122015932,4612,92973795,,,,,,1966,2568,81292725,3819,59708565
3091300,REGENT UNIVERSITY,VA,234649800,Private-Nonprofit,3370,3435,12676978,6058,11141126,3253,3362,17371583,5916,15382036,3748,3879,65842787,7944,60692791,209,213,3136757,395,3043137,1330,1525,31392427,3071,29485180
3092500,NOTTINGHAM TRENT UNIVERSITY,,NG1 4FQ,Foreign-Private,27,27,114000,54,114000,29,29,111750,57,111750,11,11,205887,22,205887,11,11,446549,25,446549,7,7,215368,14,215368
3092600,MESSENGER COLLEGE,TX,760214299,Private-Nonprofit,20,25,77890,46,74390,17,17,61750,30,57750,,,,,,3,3,9291,5,9291,,,,,
3094800,INDUSTRIAL MANAGEMENT & TRAINING INSTITUTE,CT,067061211,Proprietary,42,42,138132,51,85689,39,39,149201,47,88484,,,,,,5,5,88584,7,61009,,,,,
3095400,BOND UNIVERSITY,,4229,Foreign-Private,3,4,13500,5,7500,3,5,15000,7,8499,14,16,319833,22,251497,,,,,,12,13,253953,17,166587
3095600,VANTAGE CAREER CENTER,OH,458911378,Public,24,25,71484,35,50705,21,23,106681,28,64403,,,,,,,,,,,,,,,
3095900,ESSEC BUSINESS SCHOOL,,F-95021,Foreign-Private,,,,,,,,,,,1,1,20500,3,20500,,,,,,1,1,32000,3,32000
3096200,CHARLES STUART SCHOOL,NY,112292004,Proprietary,1,1,3500,2,3500,1,1,6000,2,6000,,,,,,,,,,,,,,,
3097000,MERCY COLLEGE OF OHIO,OH,436041132,Private-Nonprofit,431,555,1560675,724,1201241,453,588,2422262,772,1882175,90,95,1353793,135,991618,14,17,237249,24,207300,56,57,1754330,59,923588
3097700,CENTRAL CALIFORNIA SCHOOL OF CONTINUING EDUCATION,CA,934016739,Proprietary,73,85,253982,144,211258,51,57,170295,100,145632,,,,,,1,1,8934,1,4467,,,,,
3098000,ST. JOHN'S COLLEGE,IL,627025321,Private-Nonprofit,75,75,343993,168,343993,75,75,428255,164,428255,3,3,61500,6,61500,1,1,33448,2,33448,1,1,10000,2,10000
3098200,YO SAN UNIVERSITY OF TRADITIONAL CHINESE MEDICINE,CA,900661103,Private-Nonprofit,,,,,,,,,,,75,103,1791653,167,1476788,,,,,,56,86,2062660,140,1713265
3098600,CAREER TECHNOLOGY CENTER OF LACKAWANNA COUNTY,PA,185080000,Public,65,67,210512,189,205262,68,71,333785,203,326785,,,,,,1,1,4496,2,4496,,,,,
3098700,MILAN INSTITUTE,CA,922116030,Proprietary,532,557,1471870,851,1175656,507,530,1747378,820,1376966,,,,,,44,46,290421,72,246738,,,,,
3100100,PARAMOUNT BEAUTY ACADEMY,OH,456624136,Proprietary,36,41,120470,62,92554,35,44,170261,68,124305,,,,,,6,8,82491,12,68445,,,,,
3100400,COCONINO COUNTY COMMUNITY COLLEGE,AZ,860052701,Public,197,199,597623,348,572165,180,185,656949,325,623824,,,,,,14,15,175052,27,167187,,,,,
3100700,CARROLL COMMUNITY COLLEGE,MD,211576913,Public,86,86,239159,154,239159,126,126,589197,227,583947,,,,,,,,,,,,,,,
3100900,LUTHER RICE COLLEGE & SEMINARY,GA,300382454,Private-Nonprofit,72,104,362394,144,249107,66,85,495008,113,342773,109,132,2030478,172,1312396,,,,,,,,,,
3101000,NEW DIMENSION SCHOOL OF HAIR DESIGN,MO,648015017,Proprietary,26,27,70431,47,62436,25,27,87450,47,80123,,,,,,1,1,4637,2,4637,,,,,
3101800,ILLINOIS MEDIA SCHOOL,IL,606312802,Proprietary,262,279,859988,433,692471,260,279,1344912,431,1073365,,,,,,7,9,109650,14,88150,,,,,
3101900,TRINITY BAPTIST COLLEGE,FL,322211398,Private-Nonprofit,220,268,821247,750,811146,213,258,758996,731,749996,12,12,205000,41,205000,25,26,286205,95,286205,,,,,
3102000,"RIVERTOWN SCHOOL OF BEAUTY, BARBER, SKIN CARE AND NAILS",GA,319093625,Proprietary,118,125,360655,192,276574,118,126,497968,193,382314,,,,,,,,,,,,,,,
3102100,MORGANTOWN BEAUTY COLLEGE,WV,265055430,Proprietary,42,49,132604,86,120826,44,49,135557,88,126942,,,,,,,,,,,,,,,
3102500,AMERICAN UNIVERSITY OF ROME,,00153,Foreign-Private,67,67,290331,117,290331,79,80,320137,138,320137,20,22,325408,31,299538,50,53,1437741,95,1359688,9,9,135601,15,135601
3102800,ROBERT GORDON UNIVERSITY,,AB10 7QB,Foreign-Private,1,1,5500,1,2750,1,1,6000,1,3000,,,,,,,,,,,,,,,
3103300,JNA INSTITUTE OF CULINARY ARTS,PA,191463119,Proprietary,15,15,52750,24,44000,16,16,47250,26,39500,,,,,,,,,,,,,,,
3103800,SOUTHERN SCHOOL OF BEAUTY,OK,747015008,Proprietary,3,3,10000,5,8250,4,4,12500,7,10500,,,,,,1,1,11000,2,11000,,,,,
3104000,SHAWSHEEN VALLEY SCHOOL OF PRACTICAL NURSING,MA,018215499,Public,31,31,90541,55,90541,31,31,145050,54,142050,,,,,,1,1,5302,1,5302,,,,,
3104200,CAROLINAS COLLEGE OF HEALTH SCIENCES,NC,282172861,Public,265,265,896918,514,703083,266,266,1435638,509,1123566,,,,,,1,1,17000,1,5666,,,,,
3104300,CAREER TECHNICAL INSTITUTE,DC,200053521,Proprietary,83,83,248058,116,162075,76,76,395770,100,250924,,,,,,3,3,9539,4,5416,,,,,
3104500,ATLANTA INSTITUTE OF MUSIC AND MEDIA,GA,300964988,Proprietary,159,181,500608,355,398818,169,193,633901,375,499940,,,,,,10,11,180329,23,149135,,,,,
3105200,BAPTIST HEALTH COLLEGE LITTLE ROCK,AR,722102820,Private-Nonprofit,433,441,1115377,593,1113627,497,507,1907534,673,1904534,,,,,,11,11,99206,16,99206,,,,,
3106000,MISSOURI STATE UNIVERSITY - WEST PLAINS,MO,657752715,Public,160,168,461209,304,461209,160,164,596429,302,596429,,,,,,10,10,78902,20,78902,,,,,
3106200,FRANCISCAN MISSIONARIES OF OUR LADY UNIVERSITY,LA,708084345,Private-Nonprofit,378,391,1391546,650,1391546,430,442,1968805,737,1968805,291,300,5541622,660,5539622,56,64,992956,112,992956,215,316,7226939,535,7226939
3106500,SENTARA COLLEGE OF HEALTH SCIENCES,VA,233202843,Private-Nonprofit,175,175,758507,304,758507,173,173,1013188,293,1013188,45,74,803398,115,803398,17,17,282345,27,282345,32,32,866079,73,866079
3107000,SONORAN UNIVERSITY OF HEALTH SCIENCES,AZ,852821751,Private-Nonprofit,,,,,,,,,,,469,796,16113401,1466,16113401,,,,,,292,768,8955056,955,8955056
3108100,SUMMIT CAREER COLLEGE,CA,924082815,Proprietary,775,795,2633198,1299,2215406,757,791,3362985,1302,2810149,,,,,,82,82,825797,143,727017,,,,,
3108500,EVERGLADES UNIVERSITY,FL,334310000,Private-Nonprofit,1636,2219,8270678,3620,6962680,1665,2175,11619221,3538,9847251,300,400,6719655,654,5552551,110,144,1528134,240,1287779,44,51,788304,88,666168
3108600,COMPU-MED VOCATIONAL CAREERS,FL,330124861,Proprietary,651,1037,3063280,1779,2697875,644,877,4018514,1481,3523702,,,,,,9,11,75745,21,71710,,,,,
3109100,ASPIRA CITY COLLEGE,PA,191402302,Private-Nonprofit,4,4,9758,10,9758,3,3,9742,8,9742,,,,,,,,,,,,,,,
3109500,DONGGUK UNIVERSITY LOS ANGELES,CA,900201765,Private-Nonprofit,,,,,,,,,,,32,32,618625,78,402875,,,,,,6,7,185025,17,119269
3109800,PONCA CITY BEAUTY COLLEGE,OK,746011029,Proprietary,59,68,193824,123,174157,58,68,252757,121,227468,,,,,,,,,,,,,,,
3110400,PAUL MITCHELL THE SCHOOL ST. GEORGE,UT,847705233,Proprietary,29,30,92304,49,80493,19,20,75221,35,64165,,,,,,,,,,,,,,,
3110700,AVIATION INSTITUTE OF MAINTENANCE,PA,191141017,Proprietary,436,592,2175951,1000,1878404,444,586,2704131,985,2332135,,,,,,61,81,529262,140,464750,,,,,
3110800,BAKKE GRADUATE UNIVERSITY,TX,752437039,Private-Nonprofit,,,,,,,,,,,7,7,109250,22,89875,,,,,,1,1,15000,4,15000
3110900,ACADEMY OF BEAUTY PROFESSIONALS,MO,640839195,Proprietary,121,125,344922,200,283329,128,134,474948,225,382392,,,,,,15,16,147631,29,137961,,,,,
3112100,DEWEY UNIVERSITY,PR,009159538,Private-Nonprofit,374,379,1492893,791,1188597,318,323,1569322,665,1229058,191,191,2658202,440,2294706,,,,,,,,,,
3113300,UEI COLLEGE,CA,937265398,Proprietary,2997,3016,10132118,4599,7878015,2933,2950,14691627,4531,11318091,,,,,,186,186,1788448,299,1460349,,,,,
3113600,SOUTHERN CALIFORNIA INSTITUTE OF TECHNOLOGY,CA,928015454,Proprietary,420,511,1420392,968,1118362,440,547,2022444,1010,1605072,,,,,,48,53,328638,113,293943,,,,,
3114700,PRAXIS INSTITUTE,FL,331742523,Proprietary,269,273,850355,381,603723,254,258,1314852,361,932756,,,,,,20,21,113740,30,80930,,,,,
3115000,ARIZONA COLLEGE,AZ,852821840,Proprietary,8259,12258,41899174,20534,35269909,8376,11461,58627431,19147,49165112,,,,,,697,832,10904132,1467,9419976,,,,,
3115200,MOTORING TECHNICAL TRAINING INSTITUTE,MA,027715933,Proprietary,284,284,955076,466,798283,291,292,1201194,481,1008205,,,,,,87,87,990062,143,793019,,,,,
3115300,GENESEE-LIVINGSTON-STEUBEN-WYOMING BOCES,NY,140201099,Public,67,72,180258,140,178758,64,67,258534,129,254534,,,,,,,,,,,,,,,
3115500,ADVENTHEALTH UNIVERSITY,FL,328031237,Private-Nonprofit,727,747,2508649,1554,2499732,747,775,3147283,1610,3137616,322,330,6037261,729,6020178,54,61,918814,139,916147,255,280,9505592,666,9484820
3117000,ASHLAND COUNTY - WEST HOLMES CAREER CENTER - ADULT EDUCATION,OH,448050000,Public,25,25,64986,47,64986,24,24,96080,45,96080,,,,,,,,,,,,,,,
3120700,NEW YORK CONSERVATORY FOR DRAMATIC ARTS (THE),NY,100114225,Proprietary,170,170,664482,327,657482,182,182,591190,353,581190,,,,,,103,108,3779730,212,3757468,,,,,
3122600,EASTERN INTERNATIONAL COLLEGE,NJ,073063906,Proprietary,413,513,1981243,773,1583308,412,492,2476153,739,1986263,,,,,,34,48,583656,71,488996,,,,,
3122900,YORK COUNTY COMMUNITY COLLEGE,ME,040900529,Public,89,89,287894,157,286144,98,100,438541,178,434041,,,,,,1,1,7000,2,7000,,,,,
3123900,SOUTHEASTERN COLLEGE,FL,334090000,Proprietary,1077,1365,4207319,2268,3708507,1071,1317,5475899,2178,4790639,,,,,,119,140,1250111,230,1036982,,,,,
3124000,NORTHWESTERN TECHNOLOGICAL INSTITUTE,MI,480752412,Proprietary,486,487,1588174,726,1232065,483,483,2079168,730,1602480,,,,,,8,8,89707,13,74223,,,,,
3124900,PAUL MITCHELL THE SCHOOL - LITTLE ROCK,AR,721172516,Proprietary,224,243,709849,404,596000,232,253,911595,428,771983,,,,,,31,31,348285,59,328004,,,,,
3125300,JOHN WESLEY INTERNATIONAL BARBER AND BEAUTY COLLEGE,CA,908134592,Proprietary,46,51,128063,84,107813,45,50,116646,96,96130,,,,,,,,,,,,,,,
3125600,MIAMI AD SCHOOL,FL,331373800,Proprietary,63,80,249892,154,195611,67,80,394957,159,319469,,,,,,1,1,9105,1,3035,,,,,
3125800,PREMIERE CAREER COLLEGE,CA,917063746,Proprietary,7,7,31500,9,20250,8,8,30400,10,18400,,,,,,,,,,,,,,,
3126300,AVIATION INSTITUTE OF MAINTENANCE,VA,235183205,Proprietary,181,245,908875,415,781418,189,245,1161141,409,984017,,,,,,39,58,453226,95,372820,,,,,
3126800,PACIFICA GRADUATE INSTITUTE,CA,930133019,Proprietary,,,,,,,,,,,425,436,8112067,1115,6477927,,,,,,351,402,12095317,1044,9422931
3127500,ADVANCED TECHNOLOGY INSTITUTE,VA,234622409,Proprietary,191,247,833144,410,711114,201,268,901632,445,782452,,,,,,42,56,350824,96,294443,,,,,
3128100,COLLEGE OF HEALTH CARE PROFESSIONS (THE),TX,770928541,Proprietary,7160,7839,24716223,12837,20609744,6385,6922,25454536,11350,20950748,,,,,,190,193,1161966,326,976815,,,,,
3128400,DELAWARE COUNTY TECHNICAL SCHOOL,PA,190081928,Public,105,128,387520,242,387520,110,135,568612,256,568612,,,,,,,,,,,,,,,
3129100,FOND DU LAC TRIBAL & COMMUNITY COLLEGE,MN,557202984,Public,233,268,773456,477,759969,235,269,1049252,479,1032702,,,,,,,,,,,,,,,
3130500,URBAN COLLEGE OF BOSTON,MA,021161093,Private-Nonprofit,21,23,40279,38,31679,8,10,30456,15,23071,,,,,,,,,,,,,,,
3131300,FIVE BRANCHES UNIVERSITY,CA,950624669,Proprietary,,,,,,,,,,,63,87,1465394,136,1209544,,,,,,54,70,1513567,110,1252102
3144400,AMERICAN COLLEGE OF HEALTHCARE AND TECHNOLOGY,CA,925053038,Proprietary,341,365,1227139,581,996670,335,361,1591432,573,1280261,,,,,,57,61,429353,96,336020,,,,,
3150400,UNIVERSITY OF TECHNOLOGY SYDNEY,,2007,Foreign-Private,2,2,10000,2,4500,2,2,13000,2,6000,2,2,40077,3,29827,1,1,29000,1,14500,1,1,29023,1,14511
3153300,AMERICAN COLLEGE OF ACUPUNCTURE & ORIENTAL MEDICINE,TX,770634104,Proprietary,,,,,,,,,,,29,37,597727,72,517592,,,,,,5,10,152035,22,137239
3156300,ESTRELLA MOUNTAIN COMMUNITY COLLEGE,AZ,853921010,Public,745,782,2051108,1283,2021352,265,288,861230,473,828610,,,,,,,,,,,,,,,
3160300,ALASKA VOCATIONAL TECHNICAL CENTER,AK,996640889,Public,7,7,20586,12,17611,9,9,29884,15,26259,,,,,,1,1,7500,1,3750,,,,,
3169300,STUDIO JEWELERS,NY,100164112,Proprietary,16,16,40600,32,40600,16,16,82071,34,82071,,,,,,,,,,,,,,,
3170300,TEXAS A & M UNIVERSITY - TEXARKANA,TX,755035518,Public,703,864,2751869,1228,2749619,713,899,3393847,1247,3390097,222,341,3197286,385,3197286,44,44,471872,74,471872,3,3,27285,3,27285
3171300,UNIVERSITY OF ST. AUGUSTINE FOR HEALTH SCIENCES,CA,920690000,Proprietary,,,,,,,,,,,3630,3658,72715103,7747,57481731,,,,,,2846,3116,113259928,6495,89451826
3173300,ATLANTA LAW CENTER,GA,303031226,Private-Nonprofit,,,,,,,,,,,329,331,6393887,628,6393887,,,,,,320,495,16356672,799,16356672
3176300,AVIATION INSTITUTE OF MAINTENANCE,IN,462411445,Proprietary,742,1144,3829031,1953,3297303,744,1060,4867214,1789,4175150,,,,,,113,140,1157257,236,1010379,,,,,
3177300,SAN JUAN BAUTISTA SCHOOL OF  MEDICINE,PR,007250000,Private-Nonprofit,14,14,50820,23,50820,7,7,20000,12,20000,258,262,7774836,549,7750836,,,,,,157,162,3952190,336,3952190
3179500,TEXAS HEALTH AND SCIENCE UNIVERSITY,TX,787046748,Proprietary,,,,,,,,,,,33,50,867878,84,728564,,,,,,9,15,198231,26,165178
3180400,PENNSYLVANIA HIGHLANDS COMMUNITY COLLEGE,PA,159042949,Public,295,305,836090,485,836090,272,288,958435,460,958435,,,,,,5,6,29543,10,29543,,,,,
3185300,PHAGANS' GRANTS PASS COLLEGE OF BEAUTY,OR,975267902,Proprietary,46,47,118737,149,101156,44,46,126693,144,114911,,,,,,1,1,5000,2,2500,,,,,
3191300,CUNY SCHOOL OF LAW,NY,111014356,Public,,,,,,,,,,,437,555,8462173,1090,8454320,,,,,,306,381,7288943,747,7281149
3193300,MANHATTAN SCHOOL OF COMPUTER TECHNOLOGY,NY,112301617,Private-Nonprofit,21,21,68666,34,55166,11,11,40760,17,29880,,,,,,,,,,,,,,,
3194300,BOSTON GRADUATE SCHOOL OF PSYCHOANALYSIS,MA,024464602,Private-Nonprofit,,,,,,,,,,,37,39,615547,59,615547,,,,,,23,24,661639,37,661639
3203300,NEW YORK INSTITUTE OF MASSAGE,NY,142216021,Proprietary,58,60,149664,95,118234,55,57,233113,95,186872,,,,,,1,1,5250,1,2625,,,,,
3206300,MESALANDS COMMUNITY COLLEGE,NM,884013352,Public,19,19,67999,68,67999,15,15,60000,52,60000,,,,,,,,,,,,,,,
3214300,VELVATEX COLLEGE OF BEAUTY CULTURE,AR,722025452,Proprietary,10,10,31583,16,26333,10,10,46333,16,37333,,,,,,,,,,,,,,,
3216300,HJ INTERNATIONAL GRADUATE SCHOOL FOR PEACE AND PUBLIC LEADERSHIP,NY,100367408,Private-Nonprofit,,,,,,,,,,,6,7,117065,14,117065,,,,,,1,1,10000,2,10000
3218300,UNIVERSITY OF THE POTOMAC,DC,200059997,Proprietary,82,104,329663,164,271892,76,97,383830,154,328106,29,39,414493,66,364336,2,2,3144,4,3144,2,3,104954,5,86726
3220300,"PROFESSIONAL HAIR DESIGN ACADEMY, THE",WI,547017633,Proprietary,34,43,147220,73,122087,32,38,172535,64,146118,,,,,,,,,,,,,,,
3224300,NEW PROFESSIONS TECHNICAL INSTITUTE,FL,331341640,Proprietary,386,496,1589602,1104,1392704,378,470,1931726,1077,1680069,,,,,,4,5,6335,9,5335,,,,,
3225300,AMERICAN UNIVERSITY OF HEALTH SCIENCES,CA,907553612,Proprietary,274,329,1405794,727,1095127,286,343,1685486,760,1321451,107,131,2683239,295,2141474,21,27,409945,64,307906,36,37,820053,105,716372
3234300,CHARTER OAK STATE COLLEGE,CT,060512150,Public,834,972,3258230,1476,3250618,853,1082,4590423,1583,4585923,61,68,733852,103,733852,3,3,41858,5,41858,1,1,8222,1,8222
3235300,MASSACHUSETTS SCHOOL OF LAW AT ANDOVER,MA,018101094,Private-Nonprofit,,,,,,,,,,,204,208,3572283,335,3562033,,,,,,85,88,1844119,147,1831119
3238300,FLORIDA COLLEGE OF INTEGRATIVE MEDICINE,FL,328095721,Proprietary,,,,,,,,,,,27,27,508087,40,395337,,,,,,19,20,359285,29,292735
3240300,COLLECTIV ACADEMY,MA,016052213,Proprietary,134,166,388776,265,362447,172,234,594343,360,559089,,,,,,28,28,240406,54,229403,,,,,
3242300,CAREER NETWORKS INSTITUTE,CA,927054931,Proprietary,1055,1234,4702979,2023,3847968,1095,1294,6075933,2182,4937028,5,5,22960,6,12442,73,74,2063081,123,1578735,,,,,
3248300,BOSTON BAPTIST COLLEGE,MA,021364030,Private-Nonprofit,6,6,25000,12,25000,3,3,11000,6,11000,,,,,,,,,,,,,,,
3250300,CBD COLLEGE,CA,900102777,Private-Nonprofit,1310,1560,5319962,3208,3992479,1333,1602,7461127,3293,5595462,30,30,614992,50,341650,27,38,490734,76,396979,18,18,257695,32,210959
3253300,PAUL MITCHELL THE SCHOOL MEMPHIS,TN,381114067,Proprietary,166,172,515271,258,424764,166,172,611354,262,503953,,,,,,4,4,37050,7,32875,,,,,
3255300,FLORIDA GULF COAST UNIVERSITY,FL,339656565,Public,2199,2230,8794628,3970,8459327,2837,2878,12028085,5174,11579062,838,907,12868677,1475,12184183,368,407,7417993,720,7226352,129,158,1960120,218,1864112
3260300,"CALIFORNIA STATE UNIVERSITY, MONTEREY BAY",CA,939558001,Public,1602,1680,6478524,2963,6475774,803,959,3507001,1649,3507001,351,531,4548459,768,4548459,263,269,4276251,502,4276251,63,101,1290434,150,1290434
3263300,TRAXLER'S SCHOOL OF HAIR,MS,392122529,Proprietary,50,52,148666,76,118916,50,52,196500,76,155500,,,,,,,,,,,,,,,
3264300,SOUTH FLORIDA BIBLE COLLEGE AND THEOLOGICAL SEMINARY,FL,334425768,Private-Nonprofit,59,72,220977,146,181568,54,63,322117,132,275848,26,28,425234,59,344914,,,,,,1,1,25468,3,25468
3266300,BETHESDA UNIVERSITY,CA,928014132,Private-Nonprofit,42,42,155773,80,155773,28,28,103332,53,103332,8,8,113560,14,113560,1,1,3342,1,3342,,,,,
3267300,CAPELLA UNIVERSITY,MN,554023389,Proprietary,14522,17316,48544227,40399,42134574,14749,17253,67301447,40703,57707241,26765,28758,348925437,79746,327000287,2,2,6162,3,6162,2547,2935,32520492,7971,31634634
3273300,CANADIAN COLLEGE OF NATUROPATHIC MEDICINE,,M2K 1E2,Foreign-Private,,,,,,,,,,,21,26,513272,45,431276,,,,,,20,24,522007,44,431528
3276300,ACADEMY OF HAIR DESIGN,TX,759014900,Proprietary,63,63,167588,95,125588,61,61,264944,92,192944,,,,,,,,,,,,,,,
3279300,MYOTHERAPY INSTITUTE,NE,685102601,Proprietary,1,1,3500,1,1750,1,1,6000,1,3000,,,,,,,,,,,,,,,
3280300,SEATTLE INSTITUTE OF EAST ASIAN MEDICINE,WA,981082407,Private-Nonprofit,,,,,,,,,,,26,26,482519,71,458970,,,,,,20,22,1214289,67,1164289
3283300,NORTHWEST HVAC/R ASSOCIATION & TRAINING,WA,992072336,Private-Nonprofit,34,34,107770,62,107770,33,33,147000,61,147000,,,,,,1,1,9600,2,9600,,,,,
3287300,LIVERPOOL INSTITUTE FOR PERFORMING ARTS (THE),,L1 9HF,Foreign-Private,11,11,43500,22,43500,16,16,56000,32,56000,2,2,41000,6,41000,11,11,344098,22,344098,1,1,30183,3,30183
3288300,ACADEMY OF CHINESE CULTURE AND HEALTH SCIENCES,CA,946122168,Private-Nonprofit,,,,,,,,,,,37,37,551925,37,242835,,,,,,31,31,793746,31,293728
3293300,STRAND COLLEGE OF HAIR DESIGN,SC,295724310,Proprietary,30,31,83047,58,78630,31,32,99474,56,85890,,,,,,,,,,,,,,,
3294300,BLUE CLIFF COLLEGE,LA,700023458,Proprietary,1086,1299,3349610,2265,2755628,1050,1270,4750856,2244,3877328,,,,,,20,21,135508,42,130659,,,,,
3296300,CORTIVA INSTITUTE,MD,210902261,Proprietary,244,247,625532,399,539897,238,240,887304,399,756664,,,,,,6,6,41709,13,36950,,,,,
3299300,PACIFIC COLLEGE,CA,926263402,Proprietary,169,221,729484,396,654431,174,191,986902,349,897265,6,7,89555,9,59815,6,6,214236,12,214236,,,,,
3300400,"CHARLES UNIVERSITY, FIRST FACULTY OF MEDICINE",,121 08,Foreign-Private,,,,,,,,,,,6,6,123000,12,123000,,,,,,,,,,
3306300,MONTESSORI EDUCATION CENTER OF THE ROCKIES,CO,802054972,Private-Nonprofit,3,3,10500,3,5250,2,2,12000,2,6000,,,,,,,,,,,,,,,
3316400,FINE MORTUARY COLLEGE,MA,020624766,Proprietary,179,219,722868,435,544459,199,252,984739,505,757768,,,,,,1,2,9900,4,9900,,,,,
3319300,CREATIVE IMAGES INSTITUTE OF COSMETOLOGY,OH,454142557,Proprietary,180,201,576903,321,483493,186,235,653057,384,543535,,,,,,14,16,110917,28,94795,,,,,
3327300,HAIR ACADEMY II,MD,207481401,Proprietary,266,267,672178,364,483558,239,239,1077640,333,767308,,,,,,8,9,36000,12,24000,,,,,
3327400,"ACUPUNCTURE AND INTEGRATIVE MEDICINE COLLEGE, BERKELEY",CA,947042724,Private-Nonprofit,,,,,,,,,,,83,115,1933278,191,1606208,,,,,,39,53,1129492,96,991735
3329300,JOHN CABOT UNIVERSITY,,00165,Foreign-Private,69,69,308877,122,307877,83,83,311500,149,311500,14,14,244100,25,244100,62,63,1715190,113,1701120,9,9,158487,18,158487
3332300,SOUTHERN CALIFORNIA SEMINARY,CA,920191109,Private-Nonprofit,12,12,40529,24,40529,15,15,32244,23,32244,56,56,685613,141,684013,,,,,,6,6,57433,13,57433
3332600,DELTA COLLEGE,LA,704338514,Proprietary,266,267,816306,444,695477,220,236,685016,370,548737,,,,,,2,2,22800,3,17600,,,,,
3333300,MEDICAL UNIVERSITY OF LUBLIN,,20-059,Foreign-Public,,,,,,,,,,,21,21,430500,37,379250,,,,,,21,21,999706,42,812019
3334300,UNIVERSIDAD CATÓLICA NORDESTANA,,31000,Foreign-Private,1,2,8000,3,5750,1,2,12000,3,9000,3,4,72500,7,62250,,,,,,4,5,98600,9,92000
3335400,BURMAN UNIVERSITY,,T4L 2E5,Foreign-Private,1,1,4500,2,4500,2,2,8750,3,8750,,,,,,,,,,,,,,,
3339400,WESTERN GOVERNORS UNIVERSITY,UT,841070000,Private-Nonprofit,66132,66974,205554080,96723,160043954,60851,61814,302723915,89455,233899237,30698,31552,325746703,45668,253013703,107,110,456455,171,377988,159,163,1615890,223,1240192
3342300,GLASGOW CALEDONIAN UNIVERSITY,,G4 0BA,Foreign-Private,3,3,13500,6,13500,3,3,12359,6,12359,16,16,298817,38,258910,,,,,,7,7,133072,19,117271
3346300,ACADEMY FOR NURSING AND HEALTH OCCUPATIONS,FL,334174574,Private-Nonprofit,345,385,1361984,639,1116801,349,379,1577715,621,1295485,,,,,,17,17,60579,26,51300,,,,,
3347300,INTERNATIONAL BAPTIST COLLEGE AND SEMINARY,AZ,852866799,Private-Nonprofit,5,5,25500,8,22750,5,5,24080,11,23580,1,1,12600,2,12600,,,,,,,,,,
3348500,REDEEMER UNIVERSITY,,L9K 1J4,Foreign-Private,4,4,18000,8,18000,3,3,15000,6,15000,,,,,,,,,,,,,,,
3349400,"QUEEN MARGARET UNIVERSITY, EDINBURGH",,EH21 6UU,Foreign-Private,4,4,15000,8,15000,5,5,22750,10,22750,4,4,55750,8,55750,1,1,31975,2,31975,4,4,77920,8,77920
3350300,BOURNEMOUTH UNIVERSITY,,BH12 5BB,Foreign-Private,7,7,34500,14,34500,8,8,16000,16,16000,11,11,200981,29,200981,4,4,135415,8,135415,7,7,143584,19,143584
3352300,LONDON SOUTH BANK UNIVERSITY,,SE1 0AA,Foreign-Private,7,7,31500,13,31500,9,9,38000,16,38000,4,4,82000,11,75166,2,2,68374,3,68374,4,5,135174,13,120671
3355400,RICHMONT GRADUATE UNIVERSITY,TN,374043026,Private-Nonprofit,,,,,,,,,,,164,164,2597966,419,2597966,,,,,,42,43,1099546,101,1099546
3356300,DELTA COLLEGE SOUTH,LA,708168190,Proprietary,143,143,368177,211,277651,102,102,354562,148,241941,,,,,,,,,,,,,,,
3358300,ALLEN SCHOOL,NY,114324901,Proprietary,691,695,2176377,1082,1814489,666,678,3134921,1059,2613577,,,,,,48,48,341242,72,272105,,,,,
3361300,GWINNETT COLLEGE,NC,276162811,Proprietary,136,146,382168,274,306037,137,147,599416,275,481089,,,,,,3,3,16820,5,12320,,,,,
3361400,FORTIS COLLEGE,AL,363037859,Proprietary,1108,1390,3489732,2703,2843534,1107,1344,5241392,2630,4224250,,,,,,67,70,380170,154,341889,,,,,
3367300,PROFESSIONAL GOLFERS CAREER COLLEGE,CA,925916013,Proprietary,21,27,96425,46,83355,19,24,130370,40,112190,,,,,,4,5,113478,9,102837,,,,,
3367400,COMMUNITY CARE COLLEGE,OK,741456420,Private-Nonprofit,876,1052,2986750,1811,2644401,784,894,3256629,1534,2863331,,,,,,9,9,71083,18,71083,,,,,
3368300,MIDWEST TECHNICAL INSTITUTE,IL,627078805,Proprietary,3382,3513,10472466,5967,9255394,3305,3444,14281217,5896,12549011,,,,,,192,210,1292077,387,1211674,,,,,
3372300,NORTHWEST VISTA COLLEGE,TX,782514217,Public,526,613,1615062,991,1615062,508,652,1855164,1013,1855164,,,,,,12,13,112844,24,112844,,,,,
3373300,BEACON COLLEGE,FL,347485224,Private-Nonprofit,144,145,582485,260,568485,179,195,791503,354,780503,,,,,,80,86,2456741,156,2439594,,,,,
3377300,CARDIFF METROPOLITAN UNIVERSITY,,CF5  2YB,Foreign-Private,13,13,55500,26,55500,15,15,46500,30,46500,5,5,95666,13,95666,10,10,271823,20,271823,4,4,88458,11,88458
3403300,EPIC BIBLE COLLEGE,CA,958413546,Private-Nonprofit,42,42,127246,89,87395,37,38,203094,83,140896,7,7,127134,18,87663,,,,,,,,,,
3409500,CHESTER CAREER COLLEGE,VA,238362516,Proprietary,165,205,709035,311,552218,160,230,866729,348,671720,,,,,,9,12,39007,19,32294,,,,,
3409600,BENNETT CAREER INSTITUTE,DC,200171754,Proprietary,94,98,247199,143,204356,62,65,197494,107,169259,,,,,,,,,,,,,,,
3412300,ADVANCED BARBER COLLEGE & HAIR DESIGN,TX,785960000,Proprietary,55,55,178749,92,158885,55,55,125232,92,109881,,,,,,,,,,,,,,,
3414500,ACUPUNCTURE AND MASSAGE COLLEGE,FL,331761509,Proprietary,6,6,11700,6,11700,5,5,9386,5,9386,,,,,,,,,,,,,,,
3418300,GWINNETT COLLEGE-SANDY SPRINGS,GA,300762129,Proprietary,291,330,982748,660,768142,281,316,1371552,634,1064481,,,,,,3,3,13428,3,7011,,,,,
3418400,EDINBURGH NAPIER UNIVERSITY,,EH14 1DJ,Foreign-Private,13,13,57500,26,57500,14,14,47500,28,47500,31,31,633000,87,598830,6,6,194129,12,194129,26,26,772300,71,719738
3419400,NORTHEASTERN SEMINARY,NY,146241997,Private-Nonprofit,,,,,,2,2,20750,3,20750,50,54,757860,87,757860,,,,,,6,8,136531,13,136531
3422300,MILAN INSTITUTE,TX,782384103,Proprietary,2023,2157,5359379,3362,4301446,1930,2060,6333392,3260,5005689,,,,,,198,209,1305280,351,1105771,,,,,
3422400,COLLEGE OF BIBLICAL STUDIES-HOUSTON,TX,770363211,Private-Nonprofit,158,162,554581,255,554581,142,143,723467,234,723467,,,,,,2,2,20369,3,20369,,,,,
3424500,NEW COMMUNITY CAREER AND TECHNICAL INSTITUTE,NJ,071032419,Private-Nonprofit,68,71,109750,106,82493,2,3,1571,6,1571,,,,,,,,,,,,,,,
3425300,ROSEDALE BIBLE COLLEGE,OH,430299501,Private-Nonprofit,4,4,13750,7,13750,7,7,33500,11,33500,,,,,,,,,,,,,,,
3426300,COLLEGE OF HEALTH CARE PROFESSIONS (THE),TX,787239802,Proprietary,1360,1465,4804588,2317,3883112,1304,1411,6232295,2264,5059767,,,,,,31,33,233385,55,188354,,,,,
3428300,KLAMATH COMMUNITY COLLEGE,OR,976037121,Public,399,404,1365155,895,1201305,282,288,1232154,647,1043211,,,,,,4,4,48672,9,46172,,,,,
3429600,ATLANTIC INSTITUTE OF ORIENTAL MEDICINE,FL,333013510,Private-Nonprofit,,,,,,7,7,68330,8,47831,88,145,1611741,192,1275197,,,,,,29,45,1366654,65,999663
3429700,EAST WEST COLLEGE OF NATURAL MEDICINE,FL,342345362,Proprietary,,,,,,,,,,,10,10,181414,10,90707,,,,,,,,,,
3433400,NEW CONCEPT MASSAGE & BEAUTY SCHOOL,FL,331440000,Proprietary,138,138,398268,250,364497,133,133,392658,240,360778,,,,,,,,,,,,,,,
3433500,LIA SCHORR INSTITUTE OF COSMETIC SKIN CARE TRAINING (THE),NY,100192813,Proprietary,33,33,76172,64,74248,33,33,94446,65,92875,,,,,,,,,,,,,,,
3434300,FORTIS COLLEGE,FL,320655813,Proprietary,406,567,1500842,958,1172220,411,532,2188836,899,1706426,,,,,,26,32,224349,63,175125,,,,,
3435300,ANGLIA  RUSKIN UNIVERSITY,,CM1 1SQ,Foreign-Private,14,14,63000,25,56750,12,12,59000,23,52500,15,15,277041,35,256539,2,2,74870,3,57922,11,11,330670,31,309361
3437300,UPPER VALLEY EDUCATORS INSTITUTE,NH,037661358,Private-Nonprofit,18,18,67958,35,67958,18,18,107353,35,107353,,,,,,1,1,8952,2,8952,,,,,
3440300,BAPTIST MEMORIAL COLLEGE OF HEALTH SCIENCES,TN,381043104,Private-Nonprofit,621,850,2694695,1211,2477004,652,889,3604211,1259,3284536,95,110,3580644,204,3570394,60,76,666192,109,621985,69,70,2797150,138,2777230
3440400,MARIAN HEALTH CAREERS CENTER,CA,900104108,Proprietary,198,214,696088,359,585148,197,212,867591,357,710356,,,,,,21,21,299554,40,274339,,,,,
3441300,IOWA SCHOOL OF BEAUTY,IA,511065111,Proprietary,51,68,224798,121,201298,51,69,176819,124,153089,,,,,,7,9,61031,19,61031,,,,,
3442300,AMERICAN UNIVERSITY IN BULGARIA,,2700,Foreign-Private,8,8,38250,15,38250,10,10,49040,19,49040,,,,,,1,2,6500,2,6500,,,,,
3443300,NEW YORK COLLEGE OF TRADITIONAL CHINESE MEDICINE,NY,115014005,Private-Nonprofit,,,,,,1,1,5036,1,5036,62,102,1110077,137,1110077,,,,,,3,5,67974,6,67974
3445300,HDS TRUCK DRIVING INSTITUTE,AZ,857569278,Proprietary,48,48,133434,58,82350,48,48,216906,59,132562,,,,,,1,1,3150,2,1575,,,,,
3453400,SHAWNEE BEAUTY COLLEGE,OK,748043141,Proprietary,41,48,136903,85,119821,44,50,191525,89,169026,,,,,,3,3,23454,5,16954,,,,,
3463300,CAREERS UNLIMITED,UT,840584905,Proprietary,75,143,703641,215,596391,86,167,940784,251,816534,,,,,,10,16,239546,26,229976,,,,,
3466400,SEATTLE SCHOOL OF THEOLOGY AND PSYCHOLOGY (THE),WA,981211177,Private-Nonprofit,,,,,,1,1,3032,1,3032,140,146,2491205,379,2491205,,,,,,29,36,588960,85,588960
3468500,MDT COLLEGE OF HEALTH SCIENCES,IL,606021708,Proprietary,827,984,3048199,1467,2327485,820,960,4454481,1432,3438388,,,,,,,,,,,,,,,
3473300,UNIVERSITY OF THE ARTS LONDON,,WC1V 7EY,Foreign-Private,81,81,359756,162,359756,89,89,308750,176,308750,65,65,1236282,148,1236282,53,57,2997835,113,2997835,54,54,2831642,132,2831642
3478300,ROYAL WELSH COLLEGE OF MUSIC AND DRAMA,,CF10 3ER,Foreign-Private,3,3,11500,9,11500,4,4,17500,12,17500,6,6,108000,18,108000,2,2,95943,6,95943,4,4,103796,12,103796
3479300,PCI COLLEGE,CA,907032522,Proprietary,117,141,554938,228,459744,42,51,141922,86,118545,,,,,,,,,,,,,,,
3480300,FORTIS COLLEGE,LA,708176244,Proprietary,2052,2631,6849416,5271,5561417,2051,2532,9690478,5080,7831568,,,,,,213,238,1661444,491,1287101,,,,,
3483500,CASCADIA COLLEGE,WA,980119510,Public,32,36,108309,69,108309,37,47,168138,85,168138,,,,,,3,3,39014,8,39014,,,,,
3490300,PAUL MITCHELL THE SCHOOL CHICAGO,IL,606070000,Proprietary,122,140,398058,210,329587,120,138,499083,209,416771,,,,,,14,17,188644,24,151070,,,,,
3491400,AMERICAN ADVANCED TECHNICIANS INSTITUTE,FL,330144430,Proprietary,3,3,7233,6,7233,3,3,9644,6,9644,,,,,,,,,,,,,,,
3492300,UNIVERSITY OF OXFORD - GREEN TEMPLETON COLLEGE,,OX2 6HG,Foreign-Private,,,,,,,,,,,5,5,98380,16,84036,,,,,,4,4,151836,12,127075
3492400,UNIVERSITY OF CAMBRIDGE - ST. CATHARINE'S COLLEGE,,CB2 1RL,Foreign-Private,,,,,,,,,,,4,4,71750,7,71750,,,,,,4,4,294582,7,294582
3493300,ALL-STATE CAREER,MD,212246614,Proprietary,1878,2075,5161466,4003,4297404,1860,2078,7765007,4035,6448389,,,,,,161,168,895472,346,748102,,,,,
3494400,UNIVERSITY OF CAMBRIDGE - SELWYN COLLEGE,,CB3 9DQ,Foreign-Private,,,,,,,,,,,2,2,41000,4,41000,,,,,,2,2,102669,4,102669
3494600,UNIVERSITY OF OXFORD - HARRIS MANCHESTER COLLEGE,,OX1 3TD,Foreign-Private,3,3,13500,9,13500,2,2,13000,6,13000,,,,,,,,,,,1,1,35451,4,35451
3498400,OMEGA INSTITUTE OF COSMETOLOGY,LA,703600000,Proprietary,13,13,37832,26,37832,9,9,26661,18,26661,,,,,,,,,,,,,,,
3501400,LEEDS BECKETT UNIVERSITY,,LS1 3HB,Foreign-Private,25,25,95851,48,94101,27,27,84899,52,83899,9,9,174152,24,160557,14,14,502872,26,486872,6,6,139212,17,128058
3507300,UNIVERSITY OF SUNDERLAND,,SR1 3SD,Foreign-Private,3,3,12500,6,12500,4,4,26000,8,26000,10,10,203567,18,183784,1,1,34016,2,34016,9,9,208102,17,197018
3510300,ERIKSON INSTITUTE,IL,606544510,Private-Nonprofit,,,,,,,,,,,122,122,2129827,292,1998516,,,,,,48,50,1104349,116,1027003
3513500,WILLIAMSON CHRISTIAN COLLEGE,TN,370678237,Private-Nonprofit,3,3,13388,6,11687,2,2,8450,3,6975,3,3,38516,3,19258,,,,,,,,,,
3515300,UNIVERSITY OF CENTRAL LANCASHIRE,,PR1 2HE,Foreign-Private,26,26,96942,67,88112,30,30,80071,78,73575,4,4,82000,11,75166,25,25,872121,65,769807,4,4,87710,11,79854
3516300,KING'S UNIVERSITY (THE),TX,760926507,Private-Nonprofit,126,150,499711,238,457747,117,131,635052,210,606770,98,107,1570760,216,1492574,1,1,27954,2,27954,10,10,219780,23,195502
3517300,UNIVERSITY OF BRIGHTON,,BN2 4AT,Foreign-Private,24,24,100885,47,100885,24,24,69247,47,69247,9,9,167921,17,157671,18,18,445414,35,445414,6,6,173127,11,155627
3523300,AVIATION INSTITUTE OF MAINTENANCE,GA,300965038,Proprietary,895,1354,4626914,2297,3990458,894,1267,5353912,2127,4605602,,,,,,38,49,471628,82,404680,,,,,
3532400,ATA COLLEGE,CA,920200918,Proprietary,113,124,380952,209,323592,114,123,412299,210,348755,,,,,,1,1,2907,2,2907,,,,,
3533300,BATH SPA UNIVERSITY,,BA2 9BN,Foreign-Private,4,4,17500,8,17500,5,5,21000,10,21000,7,7,143500,13,95663,4,5,162508,10,162508,5,5,200391,9,115526
3534400,AMERICAN INSTITUTE OF ALTERNATIVE MEDICINE,OH,432291113,Proprietary,189,211,454812,348,376649,194,218,736403,358,612664,11,17,307499,40,273334,2,2,45247,6,45247,6,9,130788,22,118267
3537300,NEW YORK AUTOMOTIVE & DIESEL INSTITUTE,NY,114331433,Proprietary,411,563,1756953,1005,1541468,394,522,1872830,915,1641273,,,,,,67,84,613703,153,581303,,,,,
3542300,CONCORDE CAREER COLLEGE,TX,750523831,Proprietary,946,1145,3423071,2159,2931593,908,1043,4830736,2003,4105733,,,,,,58,64,761810,138,668603,,,,,
3542400,COPPER MOUNTAIN COLLEGE,CA,922526102,Public,51,51,182451,70,172201,26,26,120493,36,110743,,,,,,,,,,,,,,,
3544300,ATENAS UNIVERSITY DR. MARIA LUISA HERNANDEZ,PR,006740000,Private-Nonprofit,70,71,210991,164,204436,63,65,259703,149,244997,23,23,228398,48,216573,,,,,,,,,,
3547300,UNIVERSITY OF SOUTH WALES,,CF37 1DL,Foreign-Private,9,9,41500,18,41500,9,9,41000,18,41000,2,2,41000,6,41000,1,1,15000,1,15000,2,2,47670,5,47670
3549300,ULTIMATE MEDICAL ACADEMY,FL,337564917,Private-Nonprofit,28863,49663,117302844,86664,103996702,27330,58970,157221636,99959,137684527,,,,,,2,4,24327,4,12164,,,,,
3555300,SOUTHEASTERN COLLEGE,NC,282170000,Proprietary,525,608,1836996,993,1579713,526,603,2655502,985,2299019,,,,,,33,37,372138,60,289541,,,,,
3555400,SOUTHEASTERN COLLEGE,SC,294060000,Proprietary,420,514,1600611,827,1368729,424,514,2430699,836,2072929,,,,,,39,45,367765,71,294278,,,,,
3557300,NORTH FLORIDA COSMETOLOGY INSTITUTE,FL,323122603,Proprietary,81,89,203848,149,181873,76,80,232985,134,206156,,,,,,1,1,8550,2,8550,,,,,
3559300,APPALACHIAN SCHOOL OF LAW,VA,246140000,Private-Nonprofit,,,,,,,,,,,80,80,1532787,150,1522537,,,,,,80,85,3762604,165,3721454
3561400,SUSQUEHANNA COUNTY CAREER & TECHNOLOGY CENTER,PA,188440000,Public,9,9,30680,18,30680,8,8,43500,16,43500,,,,,,,,,,,,,,,
3565300,MASARYKOVA UNIVERZITA,,601 77,Foreign-Private,2,2,9000,4,9000,4,4,24500,8,24500,3,3,46300,6,46300,,,,,,,,,,
3568300,LEON STUDIO ONE SCHOOL OF BEAUTY KNOWLEDGE,NY,142215323,Proprietary,11,12,30667,20,25417,17,20,54872,36,49872,,,,,,5,5,56013,8,44993,,,,,
3570300,CAROLINA CHRISTIAN COLLEGE,NC,271053241,Private-Nonprofit,41,41,136541,68,117002,40,40,143830,65,131666,10,10,159126,19,159126,2,2,11000,5,11000,,,,,
3570500,NORTHPOINT BIBLE COLLEGE,MA,018350000,Private-Nonprofit,20,20,80915,40,80915,17,17,68500,34,68500,3,3,16079,8,16079,,,,,,,,,,
3572300,EAST VALLEY INSTITUTE OF TECHNOLOGY,AZ,852016910,Public,79,94,283930,139,214172,84,102,418554,162,341909,,,,,,,,,,,,,,,
3573300,AVIATION INSTITUTE OF MAINTENANCE,TX,750626303,Proprietary,490,717,2536608,1182,2133812,486,675,3141553,1116,2638170,,,,,,101,130,982249,217,815413,,,,,
3577300,COBA ACADEMY,CA,928014622,Proprietary,116,132,261340,242,239256,113,133,331628,248,300644,,,,,,8,8,39908,15,38798,,,,,
3579300,TEXAS COUNTY TECHNICAL COLLEGE,MO,654832700,Proprietary,90,126,333283,222,302049,84,99,388456,166,335209,,,,,,,,,,,,,,,
3580300,LIVERPOOL JOHN MOORES UNIVERSITY,,L3 5AH,Foreign-Private,4,4,22000,12,22000,4,4,8000,12,8000,10,10,172947,26,159279,4,4,128515,12,128515,8,8,198973,22,176427
3583300,OHIO INSTITUTE OF ALLIED HEALTH,OH,454243646,Private-Nonprofit,201,241,649958,413,502854,211,247,1036309,422,800114,,,,,,,,,,,,,,,
3584400,COLORADO SCHOOL OF HEALING ARTS,CO,802264332,Proprietary,35,35,80774,63,75774,37,37,152450,66,141081,,,,,,,,,,,,,,,
3588300,IRENE'S MYOMASSOLOGY INSTITUTE,MI,480332404,Proprietary,66,66,156102,105,125726,67,67,262905,109,215690,,,,,,,,,,,,,,,
3589400,ARTS UNIVERSITY BOURNEMOUTH,,BH12 5HH,Foreign-Private,18,18,75176,54,75176,21,21,83824,63,83824,4,4,82000,11,75166,13,13,386434,39,386434,3,3,76588,8,71421
3590400,NTMA MACHINIST CAREER COLLEGE,CA,906703722,Private-Nonprofit,12,12,40250,23,40250,12,13,52588,25,52588,,,,,,4,4,37080,8,37080,,,,,
3593300,SOUTHWEST INSTITUTE OF HEALING ARTS,AZ,852825687,Proprietary,273,275,786322,405,583670,277,280,1278134,421,932285,,,,,,26,28,262226,46,221649,,,,,
3594300,GRENOBLE ECOLE DE MANAGEMENT,,38000,Foreign-Private,5,5,17500,10,17500,4,4,18000,8,18000,7,7,127500,15,127500,3,3,64900,6,64900,3,3,50784,6,50784
3597300,JAGIELLONIAN UNIVERSITY,,31-007,Foreign-Private,2,2,5371,3,5371,4,4,22879,7,22879,2,2,23900,4,23900,,,,,,,,,,
3611400,FLORIDA BARBER ACADEMY,FL,333173127,Proprietary,162,172,470014,298,415706,156,166,701128,287,623397,,,,,,,,,,,,,,,
3612400,VALLEY GRANDE INSTITUTE FOR ACADEMIC STUDIES,TX,785960000,Private-Nonprofit,85,94,289684,166,272184,87,96,261042,172,244042,,,,,,1,1,5600,2,5600,,,,,
3613300,UNIVERSITY OF NORTHERN BRITISH COLUMBIA,,V2N 4Z9,Foreign-Private,1,1,3500,2,3500,1,1,2000,2,2000,1,1,20500,3,20500,1,1,27640,2,27640,1,1,4000,2,4000
3616300,AVIATION INSTITUTE OF MAINTENANCE,MO,641291811,Proprietary,241,332,1246414,552,1053731,249,339,1626315,563,1370875,,,,,,65,93,717047,165,635522,,,,,
3617300,HEALING MOUNTAIN MASSAGE SCHOOL,UT,841024006,Proprietary,86,88,181304,148,157984,83,86,288759,144,249594,,,,,,2,2,8760,4,8760,,,,,
3617500,PHOENIX INSTITUTE OF HERBAL MEDICINE & ACUPUNCTURE,AZ,850121275,Proprietary,,,,,,1,1,9386,2,9386,74,100,1815831,157,1466362,,,,,,47,70,2581922,113,2146849
3619300,UNIVERSITY OF GREENWICH,,SE10 9LS,Foreign-Private,30,30,142832,88,142832,38,38,140500,111,140500,25,25,477283,68,451081,17,17,555750,49,555750,13,13,431279,37,415245
3626300,BROWN AVEDA INSTITUTE,OH,440606212,Proprietary,169,192,517860,342,470873,198,229,740043,411,667383,,,,,,20,22,145100,41,129628,,,,,
3627300,LAMAR INSTITUTE OF TECHNOLOGY,TX,777054142,Public,781,792,2837427,1424,2603359,741,750,3600826,1345,3293049,,,,,,,,,,,,,,,
3627600,FLORIDA EDUCATION INSTITUTE,FL,331445036,Proprietary,136,136,467391,223,386075,138,138,767477,226,631327,,,,,,9,9,72267,15,57645,,,,,
3639300,SMITH CHASON COLLEGE,CA,900102502,Proprietary,2450,2915,10535070,5712,8250287,2500,2973,13365073,5798,10577650,,,,,,146,173,1556215,333,1147864,,,,,
3642300,INSTITUTE OF TECHNOLOGY,OR,973020000,Proprietary,252,355,774046,682,705052,258,301,1223794,586,1119744,,,,,,10,11,89217,23,89217,,,,,
3645400,"RUDY & KELLY ACADEMY, A PAUL MITCHELL PARTNER SCHOOL",VA,234646857,Proprietary,90,98,283974,156,236480,97,111,363228,183,307323,,,,,,10,12,98035,20,89717,,,,,
3646300,DESIGN'S SCHOOL OF COSMETOLOGY,CA,934469530,Proprietary,64,68,170486,118,151118,75,82,219940,148,195814,,,,,,8,8,52207,17,47662,,,,,
3650600,PC AGE,NJ,073063936,Proprietary,197,197,527539,336,426039,195,195,762120,332,605370,,,,,,6,6,65296,10,58478,,,,,
3653400,UNIVERSIDAD DE IBEROAMÉRICA UNIBE S.C.,,11870-1000,Foreign-Private,,,,,,,,,,,1,1,11954,2,11954,,,,,,,,,,
3654300,EASTERN VIRGINIA CAREER COLLEGE,VA,224088605,Proprietary,173,192,602504,318,527731,176,196,918875,329,808602,,,,,,8,9,108261,17,108261,,,,,
3661400,SOUTH FLORIDA INSTITUTE OF TECHNOLOGY,FL,331253013,Proprietary,6241,6241,21728876,10255,17899776,6223,6223,36226640,10230,29841015,,,,,,,,,,,,,,,
3663300,HOOD THEOLOGICAL SEMINARY,NC,281445768,Private-Nonprofit,,,,,,4,4,30000,4,30000,85,158,1147498,158,1147498,,,,,,4,7,65900,7,65900
3666300,PILLAR COLLEGE,NJ,071025511,Private-Nonprofit,146,146,595933,416,465927,145,145,812899,414,635883,29,35,571141,101,509641,,,,,,5,5,95069,12,78301
3670300,TIGI HAIRDRESSING ACADEMY LEGACY,CO,809184001,Proprietary,67,71,205887,128,185456,72,78,270820,134,242585,,,,,,5,6,44134,9,36984,,,,,
3674300,ABERTAY UNIVERSITY,,DD1 1HG,Foreign-Private,6,6,25167,12,25167,8,8,45500,16,45500,2,2,41000,6,41000,2,2,60072,4,60072,3,3,55900,8,55900
3676300,FAMILY OF FAITH CHRISTIAN UNIVERSITY,OK,748049526,Private-Nonprofit,16,16,51241,40,49866,18,18,77744,43,77166,36,36,357109,94,325107,,,,,,1,1,13726,2,13726
3678300,PIMA MEDICAL INSTITUTE,NM,871103935,Proprietary,481,531,1953070,848,1684424,462,516,2307282,824,1981951,,,,,,68,73,696266,120,603447,,,,,
3680300,JAY'S TECHNICAL INSTITUTE,TX,770713509,Proprietary,43,43,133002,65,107771,42,42,217271,64,174019,,,,,,,,,,,,,,,
3681300,CALIFORNIA HEALING ARTS COLLEGE,CA,907463207,Proprietary,182,182,599910,286,486160,177,178,881469,282,716469,,,,,,21,21,149410,30,112526,,,,,
3684400,UNIVERSITY OF LINCOLN,,LN6 7TS,Foreign-Private,3,3,11500,6,11500,3,3,18000,6,18000,4,4,79831,10,79831,,,,,,4,4,73606,10,73606
3686300,COLORADO CHINESE MEDICINE UNIVERSITY,CO,802062127,Proprietary,,,,,,3,3,26452,5,20449,54,72,1172380,118,985044,,,,,,21,27,259506,38,198746
3689400,FAITH INTERNATIONAL UNIVERSITY,WA,984072607,Private-Nonprofit,93,125,354012,345,341097,76,100,408334,276,392374,66,68,980793,207,916974,,,,,,3,3,46533,7,40498
3691400,AVE MARIA SCHOOL OF LAW,FL,341191376,Private-Nonprofit,,,,,,,,,,,212,220,3952349,394,3952349,,,,,,163,220,6481739,363,6481739
3694300,UNIVERSITY OF CHICHESTER,,PO19 6PE,Foreign-Private,3,3,16500,6,16500,3,3,20500,6,20500,2,2,29000,5,29000,1,1,29449,2,29449,1,1,16867,3,16867
3695300,COMMUNITY ENHANCEMENT SERVICES,CA,915022750,Private-Nonprofit,75,97,313932,166,271032,77,98,434328,178,379745,,,,,,1,1,14000,2,14000,,,,,
3695500,ARIZONA SCHOOL OF ACUPUNCTURE AND ORIENTAL MEDICINE,AZ,857161518,Proprietary,,,,,,,,,,,12,21,399027,33,317027,,,,,,5,9,191096,13,129872
3695700,SANTIAGO CANYON COLLEGE,CA,928694512,Public,73,73,223000,186,223000,60,60,264673,155,264673,,,,,,3,3,38009,11,38009,,,,,
3696300,UNIVERSITY OF THE WEST,CA,917703709,Private-Nonprofit,9,9,36688,17,36688,6,7,19500,12,19500,18,18,314521,34,314521,1,1,11000,2,11000,4,4,72287,8,72287
3696400,SABER COLLEGE,FL,331341604,Private-Nonprofit,382,472,1884713,807,1647494,381,471,2572301,803,2248270,,,,,,35,42,143156,74,122839,,,,,
3698300,WEST COAST UNIVERSITY,TX,750802712,Proprietary,9777,12328,49670418,19476,40771340,10154,12284,60624903,19340,49961947,2889,4279,56434495,6927,48296206,1360,1599,40282054,2471,31804764,621,1063,16679773,1750,14374047
3702300,SALON PROFESSIONAL ACADEMY (THE),DE,199399759,Proprietary,65,72,200627,120,172151,64,71,187521,121,160706,,,,,,4,4,36861,8,36861,,,,,
3706300,HOLLYWOOD INSTITUTE,FL,330633901,Proprietary,196,213,499032,375,438142,195,209,654189,371,561529,,,,,,16,17,83455,31,77205,,,,,
3709300,EDWARD VIA VIRGINIA COLLEGE OF OSTEOPATHIC MEDICINE,VA,240606360,Private-Nonprofit,,,,,,,,,,,2011,2112,84069931,4117,84026098,,,,,,1716,1903,67563804,3689,67537974
3714300,TREND BARBER COLLEGE,TX,770712104,Proprietary,67,73,158158,127,142408,69,79,206876,139,185876,,,,,,,,,,,,,,,
3720300,CARLSON COLLEGE OF MASSAGE THERAPY,IA,522057519,Proprietary,17,17,39661,34,39661,16,16,58668,32,58668,,,,,,,,,,,,,,,
3723300,CULINARY INSTITUTE LENOTRE,TX,770224322,Proprietary,200,318,983162,698,822861,209,337,1231219,740,1043745,,,,,,34,59,394790,132,331045,,,,,
3724300,DIGIPEN INSTITUTE OF TECHNOLOGY,WA,980525170,Proprietary,349,388,1484151,699,1482401,386,413,1552246,766,1552246,7,7,126510,13,126510,150,168,5154210,296,5154210,4,5,70635,7,70635
3727600,AUGUSTE ESCOFFIER SCHOOL OF CULINARY ARTS,TX,787520000,Proprietary,151,209,762598,314,587058,159,224,963991,335,736766,,,,,,40,52,678124,88,600044,,,,,
3728300,UNIVERSITY OF DERBY,,DE22 1GB,Foreign-Private,4,4,19000,8,19000,5,5,13500,10,13500,5,5,97000,15,97000,3,3,76506,6,76506,6,6,150109,15,143609
3729300,NEW HAMPSHIRE INSTITUTE FOR THERAPEUTIC ARTS,NH,030604906,Proprietary,1,1,1507,1,1507,2,2,3815,2,3815,,,,,,,,,,,,,,,
3730300,BATON ROUGE COMMUNITY COLLEGE,LA,708064129,Public,3990,4039,13650218,6543,11669340,3827,3892,18470897,6291,15560129,,,,,,23,23,100245,41,92675,,,,,
3732300,IYRS SCHOOL OF TECHNOLOGY & TRADES,RI,028406720,Private-Nonprofit,26,26,86396,52,86396,34,37,161997,74,161997,,,,,,2,3,31255,6,31255,,,,,
3733300,BAPTIST UNIVERSITY OF THE AMERICAS,TX,782241443,Private-Nonprofit,7,7,26255,11,24555,5,5,20505,6,15055,,,,,,,,,,,,,,,
3734300,JOHN D. ROCKEFELLER IV CAREER CENTER,WV,260479424,Public,22,38,103974,71,103974,21,36,133761,67,133761,,,,,,,,,,,,,,,
3735300,INSTITUTE OF CLINICAL ACUPUNCTURE AND ORIENTAL MEDICINE,HI,968174724,Proprietary,,,,,,,,,,,17,17,306001,41,272669,,,,,,,,,,
3740400,ATI COLLEGE,CA,906032139,Proprietary,172,237,778885,401,636382,151,194,509996,376,420628,,,,,,16,18,63949,30,56786,,,,,
3746300,LEGRAND INSTITUTE OF COSMETOLOGY,SC,290200000,Proprietary,16,17,54170,30,48085,14,15,28049,28,27875,,,,,,,,,,,,,,,
3746400,SOUTHEASTERN COLLEGE,SC,292230000,Proprietary,435,528,1592942,841,1393202,433,532,2341365,844,2030711,,,,,,40,47,436559,72,339142,,,,,
3747300,BEXLEY SEABURY SEMINARY FEDERATION,IL,606372920,Private-Nonprofit,,,,,,,,,,,5,5,87830,10,77580,,,,,,,,,,
3751300,ESCUELA HOTELERA DE SAN JUAN,PR,009170091,Proprietary,58,58,155296,100,151496,17,17,64186,31,64186,,,,,,,,,,,,,,,
3752400,SUM BIBLE COLLEGE & THEOLOGICAL SEMINARY,CA,987625711,Private-Nonprofit,57,59,193052,133,185147,55,56,243958,124,232683,28,28,448673,75,448673,,,,,,,,,,
3759300,STELLAR CAREER COLLEGE,CA,953569327,Proprietary,287,358,1109281,645,793124,271,338,1447773,615,1035388,,,,,,8,8,28213,13,26256,,,,,
3764300,ST. MATTHEW'S UNIVERSITY SCHOOL OF MEDICINE,,,Foreign-For-Profit,,,,,,,,,,,89,110,1380518,202,1267768,,,,,,101,129,5480190,241,5070027
3766300,CORTIVA INSTITUTE,PA,194063101,Proprietary,89,100,284084,156,244991,83,94,372859,150,329681,,,,,,6,6,47591,12,47591,,,,,
3770300,NAZARENE THEOLOGICAL COLLEGE,,M2O 2GU,Foreign-Private,,,,,,,,,,,6,6,112750,12,112750,,,,,,5,6,53000,12,53000
3776300,AUGUSTE ESCOFFIER SCHOOL OF CULINARY ARTS,CO,803055961,Proprietary,8129,8849,26675221,13176,20748924,8018,8738,39496339,13187,30498100,,,,,,53,59,755726,94,612852,,,,,
3776400,ORION INSTITUTE,OH,435513138,Proprietary,26,26,67050,38,51650,23,23,101550,32,76750,,,,,,,,,,,,,,,
3776500,"UNIVERSIDAD DE LA SALLE BAJIO, A.C.",,37150,Foreign-Private,,,,,,,,,,,90,90,1824500,161,1650250,,,,,,87,119,5929651,219,5274152
3777300,PAUL MITCHELL THE SCHOOL CHARLOTTE,NC,282042509,Proprietary,135,148,438025,246,383480,145,160,566066,274,492741,,,,,,6,6,72709,10,56978,,,,,
3780300,SABA UNIVERSITY SCHOOL OF MEDICINE,,,Foreign-For-Profit,,,,,,,,,,,111,149,2078337,262,1875587,,,,,,118,163,6640528,293,5945914
3781300,PITC INSTITUTE,PA,190951221,Proprietary,464,489,1603930,677,1224251,457,481,2246801,666,1655345,,,,,,4,4,41832,7,41832,,,,,
3783300,BLUE CLIFF CAREER COLLEGE,AL,366064749,Proprietary,60,63,170800,102,147468,54,58,180490,100,154218,,,,,,2,2,16700,3,16700,,,,,
3789300,UNITECH TRAINING ACADEMY,LA,705067215,Proprietary,1284,1294,3657847,1914,2892380,1170,1173,3964678,1733,2949710,,,,,,92,92,367574,138,275338,,,,,
3789400,RIVER PARISHES COMMUNITY COLLEGE,LA,707378134,Public,847,930,3193851,1521,2629629,811,885,4153626,1429,3338479,,,,,,1,1,1597,2,1597,,,,,
3797400,CAREER CARE INSTITUTE,CA,935344765,Proprietary,561,622,1940914,1011,1630594,540,604,2525897,989,2128645,,,,,,39,42,439285,69,357195,,,,,
3801400,BEAUTY INSTITUTE (THE),FL,334092972,Proprietary,14,15,39622,23,30728,13,14,61590,22,48628,,,,,,,,,,,,,,,
3803300,HEALTHCARE TRAINING INSTITUTE,NJ,070833504,Proprietary,104,104,353521,154,270896,104,104,442044,171,341161,,,,,,12,12,131003,21,105057,,,,,
3804400,GWINNETT COLLEGE,GA,300676040,Proprietary,283,358,976260,660,771191,265,340,1385438,624,1059394,,,,,,,,,,,,,,,
3807300,ROSE BRUFORD COLLEGE OF THEATRE AND PERFORMANCE,,DA15 9DF,Foreign-Private,3,3,12500,9,12500,3,3,11000,9,11000,12,12,246000,36,246000,2,2,105073,6,105073,10,10,359611,27,359611
3808300,INSTITUTE OF BEAUTY AND WELLNESS (THE),WI,532025715,Proprietary,139,152,409273,260,351977,167,186,633410,324,542987,,,,,,15,15,162187,28,144385,,,,,
3811300,EASTERN SCHOOL OF ACUPUNCTURE AND TRADITIONAL MEDICINE,NJ,070033426,Proprietary,,,,,,,,,,,13,16,297865,25,236365,,,,,,,,,,
3813300,NORTHCENTRAL UNIVERSITY,CA,920371013,Private-Nonprofit,24,24,89665,92,57260,23,23,132982,94,77479,4750,4912,70463046,19051,44990983,,,,,,1213,1267,32923599,5002,20234296
3814300,TURNING POINT BEAUTY COLLEGE,AZ,852253447,Proprietary,92,97,220350,162,195100,92,96,299335,161,258010,,,,,,5,5,62200,9,59200,,,,,
3814400,SOKA UNIVERSITY OF AMERICA,CA,926568081,Private-Nonprofit,73,74,301211,147,301211,73,80,290736,159,290736,1,1,20500,2,20500,39,43,635137,85,635137,,,,,
3816300,ARTISTIC NAILS & BEAUTY ACADEMY,FL,336055919,Proprietary,387,401,993576,600,766495,372,384,1430640,583,1099399,,,,,,4,4,20000,8,20000,,,,,
3816400,AMERICAN GRADUATE SCHOOL IN PARIS,,75006,Foreign-Private,,,,,,,,,,,12,12,209344,22,209344,,,,,,11,11,265570,26,265570
3818300,HHL LEIPZIG GRADUATE SCHOOL OF MANAGEMENT,,D-04109,Foreign-Private,,,,,,,,,,,1,2,18000,4,18000,,,,,,1,2,2510,4,2510
3819300,AMERICAN PUBLIC UNIVERSITY SYSTEM,WV,254141621,Proprietary,6969,8778,28324065,16628,22676494,7287,9048,39002217,16912,31119407,2749,3828,41280907,6089,34378948,17,19,178945,35,134935,197,269,3297792,438,2761854
3821400,UNIVERSAL COLLEGE OF HEALING ARTS,NE,681121810,Proprietary,24,32,92254,43,81254,22,31,117842,41,100522,,,,,,,,,,,,,,,
3822300,PAUL MITCHELL THE SCHOOL - MADISON,WI,537170000,Proprietary,31,32,55101,45,52625,35,36,78103,53,77610,,,,,,1,1,3700,2,3700,,,,,
3823300,FLORIDA ACADEMY OF HEALTH & BEAUTY,FL,333111243,Proprietary,35,35,99435,58,82658,23,23,46975,39,41060,,,,,,,,,,,,,,,
3824300,"ROYAL VETERINARY COLLEGE (THE), UNIVERSITY OF LONDON",,NW1 0TU,Foreign-Private,1,1,3500,3,3500,1,1,2000,3,2000,327,327,6502162,749,6502162,1,1,98591,3,98591,313,315,20122400,797,20098825
3827300,CHARLOTTE CHRISTIAN COLLEGE AND THEOLOGICAL SEMINARY,NC,282271648,Private-Nonprofit,14,14,50622,25,50622,15,15,78859,28,78859,21,23,303170,44,303170,,,,,,6,8,104490,16,104490
3829500,SKINWORKS SCHOOL OF ADVANCED SKINCARE,UT,841152844,Proprietary,70,75,168343,107,151425,70,76,196298,107,176918,,,,,,1,1,5500,2,5500,,,,,
3830300,SAE INSTITUTE OF TECHNOLOGY,TN,372034310,Proprietary,1299,1601,5064841,2530,4150740,1279,1590,6607237,2517,5397567,,,,,,115,136,1436149,224,1238742,,,,,
3832400,COSMETOLOGY SCHOOL OF ARTS & SCIENCES,ID,833184901,Proprietary,46,52,157801,89,133303,44,49,196025,86,171916,,,,,,,,,,,,,,,
3833300,AMERICAN ACADEMY OF HEALTH AND WELLNESS,MN,551130000,Proprietary,,,,,,,,,,,12,12,217019,28,185683,,,,,,2,2,95300,5,78534
3837300,AVEDA FREDRIC'S INSTITUTE,OH,450692794,Proprietary,319,355,1038417,565,872075,344,392,1352957,628,1119385,,,,,,46,47,551560,84,498209,,,,,
3838300,NIGHTINGALE COLLEGE,UT,841110000,Proprietary,6602,9793,37487827,14472,31041482,6880,9774,55125564,14672,45804621,41,65,775052,99,632072,61,72,1067124,118,897649,,,,,
3838500,NORTHWEST CAREER COLLEGE,NV,891280255,Proprietary,2384,2461,7375747,5134,5944848,2299,2362,9817611,4940,7864548,,,,,,21,21,155066,53,137057,,,,,
3839300,AVEDA ARTS & SCIENCES INSTITUTE NEW YORK,NY,112010000,Proprietary,106,106,303830,165,239661,115,115,407545,188,324044,,,,,,11,11,138900,19,117139,,,,,
3840300,OMEGA GRADUATE SCHOOL,TN,373216736,Private-Nonprofit,,,,,,,,,,,11,11,198647,21,198647,,,,,,5,5,96245,10,96245
3841300,LAWRENCEBURG TECHNICAL COLLEGE,TN,384643634,Proprietary,104,108,290578,168,236825,65,65,170894,105,135238,,,,,,,,,,,,,,,
3842500,CAMBRIDGE COLLEGE OF HEALTHCARE & TECHNOLOGY,FL,327010000,Proprietary,458,628,1982127,921,1628588,469,579,2756653,863,2214998,,,,,,37,39,334585,63,282405,,,,,
3847300,CRANDALL UNIVERSITY,,E1G 3H9,Foreign-Private,1,1,3000,1,3000,2,2,14500,3,14500,,,,,,,,,,,,,,,
3853300,KECK GRADUATE INSTITUTE OF APPLIED LIFE SCIENCES,CA,917114817,Private-Nonprofit,,,,,,16,16,172500,30,172500,358,379,7208992,747,6706742,1,1,36000,2,36000,302,339,12860944,677,11927849
3855300,ECCLESIA COLLEGE,AR,727628159,Private-Nonprofit,54,54,219090,100,203090,45,45,168096,83,156846,,,,,,7,8,62623,16,62623,,,,,
3856500,FLORIDA SCHOOL OF TRADITIONAL MIDWIFERY,FL,326015507,Private-Nonprofit,29,41,144797,66,119277,32,46,233155,72,191106,,,,,,,,,,,,,,,
3859300,EINE ELECTROLOGY/ESTHETICS INSTITUTE OF NE,MA,018764709,Proprietary,23,23,60163,42,53746,24,24,102718,44,91718,,,,,,,,,,,,,,,
3859400,FALMOUTH UNIVERSITY,,TR11 4RH,Foreign-Private,18,18,62281,36,62281,20,20,74219,40,74219,,,,,,12,12,484858,24,484858,,,,,
3862600,VERITAS BAPTIST COLLEGE,IN,470250000,Private-Nonprofit,14,18,52029,27,33361,14,15,68448,23,42726,8,9,35472,16,28304,,,,,,,,,,
3868300,WORLD MISSION UNIVERSITY,CA,900201789,Private-Nonprofit,3,3,15000,6,15000,1,1,7000,2,7000,6,6,31500,11,27000,,,,,,,,,,
3868400,LOS ANGELES COLLEGE OF MUSIC,CA,911052540,Proprietary,57,69,238392,160,229394,61,78,264347,180,259347,4,4,78019,12,78019,34,45,851215,110,836063,2,2,9042,6,9042
3871300,FOLSOM LAKE COLLEGE,CA,956306798,Public,286,287,964852,505,918038,287,288,1495968,512,1429111,,,,,,,,,,,,,,,
3872400,DIVINE MERCY UNIVERSITY,VA,201663609,Private-Nonprofit,,,,,,,,,,,227,299,5010883,512,4293167,,,,,,81,105,2260634,169,2002590
3873300,COPENHAGEN BUSINESS SCHOOL,,DK-2000,Foreign-Private,,,,,,,,,,,5,5,80200,10,80200,,,,,,2,2,112900,4,112900
3874300,SUTTER COUNTY CAREER TRAINING CENTER,CA,959934002,Public,30,30,99055,46,75702,22,22,63826,35,50723,,,,,,,,,,,,,,,
3874400,COMMUNITY CHRISTIAN COLLEGE,AZ,853460000,Private-Nonprofit,476,496,1651064,1146,1412558,466,485,1272819,1111,1085498,,,,,,17,17,149642,42,119192,,,,,
3876300,CULPEPER COSMETOLOGY TRAINING CENTER,VA,227013105,Public,30,33,105420,59,98420,36,41,132802,75,122802,,,,,,3,3,27250,6,27250,,,,,
3881400,EUROPEAN MASSAGE THERAPY SCHOOL  (THE),NV,891178826,Proprietary,81,81,192893,145,172466,81,81,248435,145,220006,,,,,,3,3,6200,5,5166,,,,,
3883400,AVIATION INSTITUTE OF MAINTENANCE,VA,201094156,Proprietary,261,356,1280109,607,1118109,266,353,1502458,591,1309172,,,,,,50,56,492765,100,464337,,,,,
3885300,EMPLOYMENT SOLUTIONS,KY,405173260,Private-Nonprofit,163,186,504520,324,448498,166,193,671530,341,597276,,,,,,2,2,13819,6,13819,,,,,
3888300,DRAGON RISES COLLEGE OF ORIENTAL MEDICINE,FL,326015089,Private-Nonprofit,,,,,,,,,,,58,89,1623871,139,1263444,,,,,,24,34,724890,60,572769
3889300,STANBRIDGE UNIVERSITY,CA,926121105,Proprietary,2197,2713,10131628,5382,7580829,2151,2659,12875745,5264,9601106,268,334,5426480,626,4839094,163,207,4207827,431,3250038,193,243,3065893,464,2742905
3891300,SOMA INSTITUTE - THE NATIONAL SCHOOL OF CLINICAL MASSAGE THERAPY,IL,606044110,Proprietary,177,182,403196,258,286758,187,189,728219,269,514536,,,,,,,,,,,,,,,
3894300,HUNTSVILLE BIBLE COLLEGE,AL,358111632,Private-Nonprofit,21,21,81250,42,81250,24,25,141118,46,128870,12,12,196940,24,196940,,,,,,,,,,
3897400,INTERNATIONAL SPACE UNIVERSITY,,67400,Foreign-Private,,,,,,,,,,,4,4,82000,8,82000,,,,,,2,2,30000,4,30000
3900300,MEDICAL UNIVERSITY OF THE AMERICAS,,,Foreign-For-Profit,,,,,,,,,,,78,118,1536682,219,1422684,,,,,,85,128,5145403,247,4853127
3903400,AMERICAN BEAUTY SCHOOL,NY,104628003,Proprietary,69,71,195992,111,157281,69,70,244240,110,196239,,,,,,5,5,15789,9,13789,,,,,
3903500,SOUTHERN TECHNICAL COLLEGE,FL,328090000,Proprietary,2285,2780,7154947,5520,5987529,2267,2699,9240061,5457,7656106,,,,,,88,95,632505,229,553427,,,,,
3907300,PAUL MITCHELL THE SCHOOL GREAT LAKES,MI,480600000,Proprietary,124,142,422261,227,367511,138,156,457602,263,403601,,,,,,11,11,107594,19,107594,,,,,
3909300,PAUL MITCHELL THE SCHOOL LOGAN,UT,843410000,Proprietary,53,56,161510,85,126749,38,40,118993,58,91050,,,,,,,,,,,,,,,
3910400,NATIONAL POLYTECHNIC COLLEGE,CA,907121043,Proprietary,284,319,1210447,495,937753,260,296,1202034,451,904996,,,,,,15,16,95094,23,69002,,,,,
3914300,"CALC, INSTITUTE OF TECHNOLOGY",IL,620025946,Proprietary,57,78,266069,127,210819,53,73,349849,128,276038,,,,,,,,,,,,,,,
3917300,EVERGREEN BEAUTY AND BARBER COLLEGE,WA,982083759,Proprietary,771,835,2393858,1438,2135409,790,857,3172118,1428,2820961,,,,,,56,56,561224,101,519533,,,,,
3921300,CAMEO COLLEGE OF ESSENTIAL BEAUTY,UT,841076134,Proprietary,105,107,301601,176,259536,94,96,335733,161,288397,,,,,,1,1,5160,2,5160,,,,,
3935300,CALIFORNIA NURSES EDUCATIONAL INSTITUTE,CA,922702703,Proprietary,189,211,800790,356,676822,188,209,1084151,359,916477,,,,,,17,17,299712,29,261962,,,,,
3939600,DAYTONA COLLEGE,FL,321748449,Proprietary,197,208,604161,353,538841,151,163,546822,266,486619,,,,,,7,7,37544,11,34004,,,,,
3941300,AVE MARIA UNIVERSITY,FL,341429505,Private-Nonprofit,332,343,1399817,635,1397317,505,519,2102926,971,2095176,22,25,324262,41,296930,89,98,1658310,177,1656935,2,3,47047,4,42580
3945300,UNIVERSITY OF WEST LONDON (THE),,W5 5RF,Foreign-Private,14,14,55636,27,55636,17,17,68114,32,68114,18,18,366000,50,350417,11,11,330446,22,330446,17,17,519496,48,503546
3946300,FRANKLIN W. OLIN COLLEGE OF ENGINEERING,MA,024921200,Private-Nonprofit,63,63,187950,123,187950,61,66,286830,126,286830,,,,,,6,6,231098,12,231098,,,,,
3948300,HARRISBURG UNIVERSITY OF SCIENCE AND TECHNOLOGY,PA,171012116,Private-Nonprofit,297,357,1196905,671,1196905,338,407,1367882,765,1367882,49,84,750956,162,750956,30,32,298330,59,298330,4,5,28260,11,28260
3949300,WON INSTITUTE OF GRADUATE STUDIES,PA,189744836,Private-Nonprofit,,,,,,,,,,,68,68,1298720,194,1298720,,,,,,30,37,751256,99,751256
3956300,SOUTH LOUISIANA COMMUNITY COLLEGE,LA,705060000,Public,2577,2586,8354197,4363,7961976,2449,2456,10124280,4152,9677734,,,,,,23,23,91257,41,91257,,,,,
3957300,BLUE RIDGE COMMUNITY AND TECHNICAL COLLEGE,WV,254036043,Public,358,358,1147261,1057,1011782,362,364,1354759,1055,1195170,,,,,,,,,,,,,,,
3957400,NEW COLLEGE OF FLORIDA,FL,342432109,Public,88,100,283002,177,283002,125,216,525189,396,525189,5,6,69250,9,69250,22,28,255001,38,255001,,,,,
3960300,NEW RIVER COMMUNITY AND TECHNICAL COLLEGE,WV,258132636,Public,93,107,291777,148,291777,98,117,394469,170,394469,,,,,,1,1,2000,1,2000,,,,,
3964400,INTERNATIONAL SCHOOL OF BEAUTY,CA,922602740,Proprietary,76,76,233502,114,179074,64,64,213956,98,165233,,,,,,4,4,24250,8,24250,,,,,
3965400,MYRANGEL BEAUTY INSTITUTE,PR,007543917,Proprietary,52,52,169437,88,144429,48,48,166640,81,140205,,,,,,,,,,,,,,,
3965500,HAIR EXPRESSIONS ACADEMY -  PAUL MITCHELL THE SCHOOL - JESSUP,MD,207940000,Proprietary,57,62,181674,99,149905,57,62,200174,101,167138,,,,,,1,1,10200,2,10200,,,,,
3966300,VIRGINIA BEACH THEOLOGICAL SEMINARY,VA,234646847,Private-Nonprofit,,,,,,,,,,,1,1,20500,2,13667,,,,,,,,,,
3968300,LAKEWOOD SCHOOL OF THERAPEUTIC MASSAGE,MI,480605347,Proprietary,12,12,28860,19,22785,12,12,46682,19,36267,,,,,,,,,,,,,,,
3969600,UEI COLLEGE,CA,902474201,Proprietary,5295,5317,17555609,8044,13560528,5161,5178,27681797,7877,21137440,,,,,,147,147,1860306,240,1573403,,,,,
3970300,HANDS ON THERAPY,TX,751492294,Proprietary,32,32,85946,50,73854,31,31,132412,49,113124,,,,,,1,1,6448,2,6448,,,,,
3970400,WELLSPRING SCHOOL OF ALLIED HEALTH,MO,641143313,Proprietary,321,396,1197938,630,1063992,280,337,1301162,534,1160256,,,,,,3,3,27838,6,27838,,,,,
3971300,AMERICAN CAREER COLLEGE,CA,917644906,Proprietary,2116,2559,8461434,4463,6551527,2133,2623,11839689,4594,9104646,,,,,,173,207,2332108,364,1753068,,,,,
3974300,"ST. GEORGE'S UNIVERSITY, SCHOOL OF VETERINARY MEDICINE",,,Foreign-For-Profit,,,,,,,,,,,1082,1476,23521796,2128,23521796,,,,,,1055,2197,63548849,2205,63548849
3974500,CALIFORNIA CAREER COLLEGE,CA,913032006,Proprietary,93,105,474342,172,383512,92,103,644304,168,521410,,,,,,1,1,17000,2,17000,,,,,
3980300,CALIFORNIA STATE UNIVERSITY CHANNEL ISLANDS,CA,930128599,Public,1079,1128,4625178,1954,4622428,979,1016,4688445,1746,4684945,107,128,1738073,213,1738073,110,112,1603614,212,1603614,4,4,75313,7,75313
3982300,VISIBLE MUSIC COLLEGE,TN,381032710,Private-Nonprofit,57,61,226006,105,223256,56,58,191299,102,191299,5,5,92233,12,92233,12,12,208907,24,208907,,,,,
3983300,"SCHOOL OF PROFESSIONAL HORTICULTURE, N. Y. BOTANICAL GARDEN",NY,104585126,Private-Nonprofit,2,2,9000,2,9000,1,1,5000,1,5000,,,,,,,,,,,,,,,
3986300,AVIATOR COLLEGE OF AERONAUTICAL SCIENCE & TECHNOLOGY,FL,349469022,Proprietary,108,110,447023,194,400273,105,108,453079,192,406179,,,,,,20,20,464487,35,390380,,,,,
3987300,TEXAS HEALTH SCHOOL,TX,770792106,Proprietary,156,174,547795,297,473701,156,173,884788,299,768867,,,,,,4,5,36629,9,31873,,,,,
3995300,UNIVERSITY OF EAST-WEST MEDICINE,CA,940853922,Proprietary,,,,,,,,,,,8,8,141717,13,121217,,,,,,,,,,
3997300,ARKANSAS BEAUTY COLLEGE,AR,728013741,Proprietary,36,38,106852,59,93352,38,40,141659,63,120175,,,,,,,,,,,,,,,
3999300,BEAUMONT ADULT SCHOOL,CA,922235121,Public,96,96,363838,145,276732,85,85,391919,129,294157,,,,,,,,,,,,,,,
4001300,LOS ANGELES COLLEGE OF AESTHETICS,CA,900064233,Proprietary,45,46,98581,78,80689,46,47,126452,82,101687,,,,,,,,,,,,,,,
4002400,ECUMENICAL THEOLOGICAL SEMINARY,MI,482013035,Private-Nonprofit,,,,,,,,,,,31,39,464636,79,406081,,,,,,3,3,54451,8,54451
4003300,BLAKE AUSTIN COLLEGE,CA,956884647,Proprietary,251,307,1073638,580,957922,254,308,1442705,585,1285556,,,,,,48,62,529691,117,461160,,,,,
4005300,UNITED STATES UNIVERSITY,CA,921084429,Proprietary,24,30,87612,41,75411,22,27,114222,37,101972,404,526,8043228,784,6802922,,,,,,25,29,488497,49,422180
4006300,NUVO COLLEGE OF COSMETOLOGY,MI,494413822,Proprietary,28,29,85288,50,78053,26,28,95856,50,85649,,,,,,2,2,19630,4,19630,,,,,
4014300,P&A SCHOLARS BEAUTY SCHOOL,MI,482040000,Proprietary,98,102,266294,143,207042,97,101,369476,144,284187,,,,,,1,1,2640,2,2640,,,,,
4014400,PALLADIUM TECHNICAL ACADEMY,CA,917804027,Proprietary,40,40,140000,72,126000,40,40,211490,80,189730,,,,,,,,,,,,,,,
4015300,FRANKFURT SCHOOL OF FINANCE & MANAGEMENT GGMBH,,60322,Foreign-Private,1,1,5500,2,5500,1,1,2000,2,2000,1,1,20500,2,20500,,,,,,,,,,
4016500,AMERICAN INSTITUTE OF BEAUTY,FL,337715901,Proprietary,275,280,705330,427,536604,278,283,1050218,434,786644,,,,,,8,8,40122,13,25787,,,,,
4021300,AUGUSTA SCHOOL OF MASSAGE,GA,309070000,Proprietary,14,14,31122,26,28790,14,14,52178,26,48178,,,,,,,,,,,,,,,
4021400,"AMERICAN COLLEGE, DUBLIN LIMITED (THE)",,,Foreign-Private,10,10,36000,17,33250,11,11,43500,19,42500,7,7,143500,13,133250,2,2,27500,3,27500,4,4,71950,7,61950
4028300,MOUNTAIN STATE SCHOOL OF MASSAGE,WV,253042025,Proprietary,11,11,33154,16,24112,11,11,56837,16,41333,,,,,,,,,,,,,,,
4029300,TRENDSETTERS OF FL. SCHOOL OF BEAUTY & BARBERING,FL,322054737,Proprietary,11,12,33831,17,23430,11,11,52640,15,34810,,,,,,,,,,,,,,,
4031300,SALON PROFESSIONAL ACADEMY (THE),ND,581033337,Proprietary,84,98,308716,180,291300,102,122,398634,225,370871,,,,,,,,,,,,,,,
4032300,YORK ST JOHN UNIVERSITY,,Y031 7EX,Foreign-Private,32,32,145992,61,145992,38,38,144090,74,144090,9,9,171766,25,158098,27,27,986072,54,986072,7,7,184295,20,172781
4036300,SOUTHEAST TEXAS CAREER INSTITUTE,TX,776568601,Proprietary,45,45,92152,76,76384,42,42,120128,70,96206,,,,,,,,,,,,,,,
4037300,LOS ANGELES FILM SCHOOL (THE),CA,900287300,Proprietary,4316,5675,21306361,9331,18241966,4293,5711,29352507,9369,25117404,,,,,,210,228,3239610,409,2942306,,,,,
4037500,ACADEMY OF HAIR DESIGN,MO,658042303,Proprietary,234,257,595215,442,527170,219,245,726044,426,642873,,,,,,5,5,37757,10,37757,,,,,
4038300,ATA COLLEGE,KY,402233832,Proprietary,1255,2080,5516022,4058,4597390,1250,1777,7408980,3590,6183241,,,,,,13,13,68671,34,64314,,,,,
4038400,AVI CAREER TRAINING,VA,221820000,Proprietary,108,128,326062,229,291736,96,116,420309,203,365062,,,,,,5,6,50656,11,44720,,,,,
4038500,PIERPONT COMMUNITY & TECHNICAL COLLEGE,WV,265548887,Public,228,234,805438,404,728188,246,256,1110080,442,1008383,,,,,,5,5,32556,10,32556,,,,,
4038600,BRIDGEVALLEY COMMUNITY AND TECHNICAL COLLEGE,WV,253032735,Public,357,372,1154252,672,1083162,373,399,1588266,714,1491424,,,,,,1,1,3744,1,3744,,,,,
4040300,COMPASS CAREER COLLEGE,LA,704030653,Proprietary,180,199,590576,305,469570,167,187,766399,291,597904,,,,,,,,,,,,,,,
4041300,BERKS CAREER & TECHNOLOGY CENTER,PA,195339112,Public,12,12,31117,23,31117,16,16,49694,32,46694,,,,,,,,,,,,,,,
4041400,MOUNTWEST COMMUNITY AND TECHNICAL COLLEGE,WV,257019311,Public,390,437,946985,747,946985,187,214,627679,381,627679,,,,,,3,3,32382,6,32382,,,,,
4043300,ACE INSTITUTE OF TECHNOLOGY,NY,100186473,Proprietary,212,213,698664,308,517070,183,189,719528,270,524724,,,,,,,,,,,,,,,
4044300,HAZELDEN BETTY FORD GRADUATE SCHOOL,MN,550120011,Private-Nonprofit,,,,,,,,,,,126,164,2920986,252,2459690,,,,,,66,90,1374292,133,1148643
4055300,CREATIVE HAIR SCHOOL OF COSMETOLOGY,MI,485071227,Proprietary,25,26,75666,40,63707,15,16,54333,23,39833,,,,,,,,,,,,,,,
4057300,ASHER COLLEGE,CA,958254025,Proprietary,478,482,1540199,717,1175574,473,477,2229832,713,1674152,,,,,,16,17,107532,25,78823,,,,,
4059300,TUCSON COLLEGE OF BEAUTY,AZ,857052451,Proprietary,84,92,240048,161,211470,85,91,287402,160,256095,,,,,,3,4,25574,8,25574,,,,,
4060300,ATA COLLEGE,OK,741465201,Proprietary,255,414,1092790,807,905731,255,355,1347024,702,1126763,,,,,,15,17,98660,39,86728,,,,,
4065300,ROSEMAN UNIVERSITY OF HEALTH SCIENCES,NV,890142333,Private-Nonprofit,365,407,1964038,620,1608042,383,422,2313337,632,1893862,661,726,28133746,1067,20084012,72,145,2598970,154,2462322,706,1221,59075493,1381,44309537
4066300,CARDIAC AND VASCULAR INSTITUTE OF ULTRASOUND,AL,366061411,Proprietary,49,71,269336,128,239514,48,69,298047,124,269478,,,,,,1,1,10000,2,10000,,,,,
4070300,"RAPHAEL RECANATI INTERNATIONAL SCHOOL, THE INTERDISCIPLINARY CENTER",,4610101,Foreign-Private,30,30,124028,57,124028,34,34,126972,66,126972,6,6,112500,12,112500,9,9,242400,16,242400,1,1,27200,2,27200
4072300,AVEDA INSTITUTE PROVO,UT,846011008,Proprietary,82,90,241728,145,193790,90,102,322956,166,262091,,,,,,3,3,16797,6,16797,,,,,
4073300,JUNG TAO SCHOOL OF CLASSICAL CHINESE MEDICINE,NC,286799657,Private-Nonprofit,,,,,,,,,,,38,39,686688,81,676438,,,,,,1,1,4788,2,4788
4074300,HONDROS COLLEGE OF NURSING,OH,432290000,Proprietary,4665,5795,14942344,9159,11929477,4751,5967,22518929,9435,17998947,,,,,,42,45,411237,99,353584,,,,,
4076400,GNOMON,CA,916060000,Proprietary,83,99,393898,226,340233,98,116,468960,266,396320,,,,,,42,49,1707272,117,1480103,,,,,
4080300,ASPEN UNIVERSITY,AZ,850401930,Proprietary,163,196,701794,287,601986,178,218,1254697,312,1079205,211,283,4106163,389,3384158,,,,,,48,62,983037,90,792114
4083400,CAMBRIDGE COLLEGE OF HEALTHCARE & TECHNOLOGY,FL,334846543,Proprietary,1553,2080,6632464,3002,5440055,1546,1938,9137724,2840,7394383,7,7,143500,7,71750,89,98,625311,153,562291,,,,,
4085400,NEW ZEALAND COLLEGE OF CHIROPRACTIC,,1060,Foreign-Private,,,,,,,,,,,2,2,41000,2,20500,,,,,,1,1,15000,1,7500
4089400,CCI TRAINING CENTER,TX,760114857,Proprietary,238,239,685939,383,554390,237,243,590600,393,467763,,,,,,2,2,2987,3,2537,,,,,
4093300,ACADEMY OF NATURAL THERAPY,CO,806313425,Proprietary,15,15,41472,21,29808,15,15,68900,21,50567,,,,,,2,2,15107,3,13282,,,,,
4096300,CHARLESTON SCHOOL OF LAW,SC,294036248,Proprietary,,,,,,,,,,,506,507,10185251,978,10117751,,,,,,445,603,15164931,1017,15088952
4100300,DENMARK COLLEGE,IN,464105310,Proprietary,139,167,501985,286,425045,125,161,334152,279,285232,,,,,,,,,,,,,,,
4100400,TAFT UNIVERSITY SYSTEM (THE),CO,802223317,Proprietary,,,,,,,,,,,61,68,1183736,101,879240,,,,,,20,21,1437043,36,1210094
4102300,NEW AGE TRAINING,NY,100014006,Proprietary,121,121,398918,168,285166,117,117,580356,165,421823,,,,,,12,12,66203,15,42028,,,,,
4104300,ACADEMY DI CAPELLI,CT,064920000,Proprietary,156,161,411795,269,338458,168,175,546725,297,447779,,,,,,17,18,98600,30,84207,,,,,
4106300,PALM BEACH ACADEMY OF HEALTH & BEAUTY,FL,334152130,Proprietary,25,25,50110,35,46610,23,23,53684,30,47825,,,,,,,,,,,,,,,
4110300,UNIVERSITY OF MANAGEMENT AND TECHNOLOGY (THE),VA,222091609,Proprietary,21,30,96051,59,80555,22,29,114034,53,94647,18,25,209622,44,165217,,,,,,,,,,
4111300,LEMOORE COLLEGE,CA,932459248,Public,57,57,208587,156,208087,47,47,182069,140,182069,,,,,,,,,,,,,,,
4112300,LOUISIANA CULINARY INSTITUTE,LA,708164109,Proprietary,29,41,148691,68,124425,29,38,165932,65,146698,,,,,,6,7,94342,12,86842,,,,,
4113300,LEBANESE AMERICAN UNIVERSITY,,1102-2801,Foreign-Private,38,38,183430,75,183430,27,27,73125,53,73125,1,1,20500,2,20500,5,5,39417,10,39417,,,,,
4114300,NEVADA STATE UNIVERSITY,NV,890029776,Public,875,991,3516542,1537,3515601,781,898,3990495,1356,3988719,35,38,550523,83,509266,15,16,229957,29,229957,4,4,63390,10,63390
4114400,INSTITUTE OF WORLD POLITICS (THE),DC,200361464,Private-Nonprofit,,,,,,,,,,,50,79,753186,79,753186,,,,,,26,46,463010,46,463010
4115300,COACHELLA VALLEY BEAUTY COLLEGE,CA,922534501,Proprietary,172,201,455883,347,404066,144,158,332277,275,286936,,,,,,,,,,,,,,,
4115600,MAYFIELD COLLEGE,CA,922347032,Proprietary,345,345,1180099,555,964033,344,344,1615451,555,1308451,,,,,,98,98,633100,168,545100,,,,,
4115900,LIVERPOOL HOPE UNIVERSITY,,L16 9JD,Foreign-Private,4,4,17226,8,17226,5,5,29774,10,29774,,,,,,3,3,72128,6,72128,,,,,
4116300,EDHEC BUSINESS SCHOOL,,59057,Foreign-Private,,,,,,,,,,,10,10,199350,20,199350,,,,,,7,7,188000,17,188000
4116600,TAYLOR COLLEGE,FL,344700000,Proprietary,384,474,1639878,709,1340769,378,468,2221778,695,1788223,,,,,,12,14,147127,24,126705,,,,,
4116900,DIGRIGOLI SCHOOL OF COSMETOLOGY,MA,010894623,Proprietary,38,44,111500,72,85250,41,48,146625,79,114875,,,,,,1,1,11146,1,5573,,,,,
4117300,DAYTON SCHOOL OF MEDICAL MASSAGE,OH,454291111,Proprietary,542,625,1470077,806,1262982,523,610,2172806,797,1852560,,,,,,17,21,101784,28,91705,,,,,
4117400,MILWAUKEE CAREER COLLEGE,WI,532224305,Proprietary,135,143,432233,219,343830,131,141,518177,219,402218,,,,,,,,,,,,,,,
4117600,LARRY'S BARBER COLLEGE,IL,606282322,Proprietary,85,85,293446,167,288449,74,74,233470,146,231384,,,,,,,,,,,,,,,
4118600,TRICOCI UNIVERSITY OF BEAUTY CULTURE,WI,535483307,Proprietary,69,74,191161,121,163776,68,74,214509,123,178176,,,,,,8,9,56162,17,54190,,,,,
4118800,NEW YORK FILM ACADEMY,CA,915054068,Proprietary,209,266,1071705,428,954205,224,295,1118224,474,988349,38,50,986172,77,893922,96,129,4151074,205,3784655,31,41,1014046,65,913462
4119000,EASTERN WEST VIRGINIA COMMUNITY & TECHNICAL COLLEGE,WV,268360000,Public,40,40,82694,75,82694,16,17,55824,27,55824,,,,,,,,,,,,,,,
4119400,AVEDA INSTITUTE - SOUTH FLORIDA,FL,333280000,Proprietary,603,656,1692988,1157,1523923,608,662,2162266,1183,1923953,,,,,,49,49,387484,90,371804,,,,,
4120300,HEALTH AND STYLE INSTITUTE,NC,274074751,Proprietary,435,436,1296441,523,760355,435,440,1828616,531,1050762,,,,,,26,26,128593,31,81609,,,,,
4120900,ARIZONA CULINARY INSTITUTE,AZ,852594939,Proprietary,61,61,209232,111,193482,65,65,271671,118,249921,,,,,,13,13,239435,23,232318,,,,,
4121000,MYCOMPUTERCAREER AT INDIANAPOLIS,IN,462415544,Proprietary,126,126,366582,232,366582,125,125,604652,227,604652,,,,,,2,2,26009,4,26009,,,,,
4121100,ELEVATE SALON INSTITUTE,MI,480732428,Proprietary,99,120,339210,206,303740,104,128,422175,223,375073,,,,,,7,9,85043,17,77124,,,,,
4121200,INSTITUTE OF TAOIST EDUCATION AND ACUPUNCTURE,CO,800271028,Private-Nonprofit,,,,,,,,,,,17,17,333210,65,323520,,,,,,10,10,316466,40,316466
4121500,COLUMBIA SOUTHERN UNIVERSITY,AL,365613815,Proprietary,4658,6466,20405453,14135,15286518,5298,7429,34420066,16207,25695157,2849,4327,48972068,9352,36899468,3,3,25461,7,18056,116,168,2126401,353,1577692
4121800,CRISWELL COLLEGE,TX,752461537,Private-Nonprofit,15,15,40409,27,40409,16,16,62679,29,62679,1,1,4500,2,4500,1,1,21636,2,21636,,,,,
4122300,UNIVERSITY OF ARKANSAS - GRANTHAM,AR,722073608,Public,2193,3317,7337191,7937,5510455,1902,3065,10023248,7252,7499288,237,375,2657481,957,2003986,4,4,21899,13,19645,7,11,87357,23,51625
4122600,LEHIGH CAREER & TECHNICAL INSTITUTE,PA,180782599,Public,3,3,10500,5,8750,3,3,10000,5,9000,,,,,,,,,,,,,,,
4122800,CALIFORNIA PRESTIGE UNIVERSITY,CA,906705611,Private-Nonprofit,2,2,6750,3,6750,2,2,9000,3,9000,7,7,130000,13,130000,,,,,,,,,,
4123900,LEXINGTON HEALING ARTS ACADEMY,KY,405031932,Proprietary,51,51,114568,68,77256,48,48,178665,64,115999,,,,,,,,,,,,,,,
4124100,ELITE COLLEGE OF COSMETOLOGY,TN,383511431,Proprietary,32,34,90488,54,71739,27,29,82475,46,65309,,,,,,,,,,,,,,,
4124200,CATHOLIC DISTANCE UNIVERSITY,WV,254141621,Private-Nonprofit,26,31,83012,99,80419,21,21,89497,68,79585,10,12,97312,22,97312,,,,,,1,1,16249,4,16249
4124500,MYCOMPUTERCAREER AT COLUMBUS,OH,432196170,Proprietary,790,797,2587673,1325,2247519,786,793,4271199,1326,3701907,,,,,,20,20,215737,36,192945,,,,,
4124700,AMBRIA COLLEGE OF NURSING,IL,601923712,Proprietary,144,162,517503,214,490003,153,167,829449,224,789449,,,,,,4,6,57679,8,57679,,,,,
4125400,PAUL MITCHELL THE SCHOOL AUSTIN,TX,787595690,Proprietary,94,96,248239,151,205259,85,88,241918,141,190136,,,,,,2,2,17492,4,17492,,,,,
4125500,MANUEL & THERESA'S SCHOOL OF HAIR DESIGN,TX,778033236,Proprietary,38,49,105500,91,93250,43,55,114731,101,94968,,,,,,5,6,28276,12,22826,,,,,
4125600,CAREER SCHOOL OF NY,NY,103012416,Private-Nonprofit,119,119,384992,194,315580,97,97,304733,160,254858,,,,,,3,3,22600,6,22600,,,,,
4126000,PAUL MITCHELL THE SCHOOL CLEVELAND,OH,440873107,Proprietary,145,161,443442,271,393857,155,175,538331,291,465639,,,,,,6,6,46977,12,46977,,,,,
4126900,ACADEMY OF CAREER TRAINING,FL,347414644,Proprietary,23,23,64949,37,52115,22,23,60140,37,44979,,,,,,,,,,,,,,,
4127100,"UNIVERSITY OF CALIFORNIA, MERCED",CA,953435001,Public,1991,2069,8439110,3817,8132291,1465,1496,5096085,2775,4888276,54,54,963607,105,963607,582,623,11054533,1163,10772307,9,11,233056,22,233056
4127200,VICTORIA'S ACADEMY OF COSMETOLOGY,WA,993363826,Proprietary,81,97,278047,173,253397,86,102,345126,183,311214,,,,,,5,5,50000,11,50000,,,,,
4127300,COLUMBIA COLLEGE,VA,221822214,Proprietary,39,52,78667,95,78667,32,44,90455,83,90455,,,,,,,,,,,,,,,
4127500,CDE CAREER INSTITUTE,PA,183720000,Proprietary,324,325,1116791,406,702166,319,321,1876374,402,1173187,,,,,,1,1,7210,2,7210,,,,,
4128400,MIAMI REGIONAL UNIVERSITY,FL,331665473,Proprietary,670,817,3098938,1231,2562506,615,720,2856514,1085,2368130,2020,2591,33189969,3948,28262645,7,7,39650,9,32438,90,105,1643801,116,1616221
4128600,UNIVERSITY OF WORCESTER,,WR2 6AJ,Foreign-Private,3,3,16500,6,16500,4,4,13500,8,13500,5,5,94509,10,77425,4,4,98698,8,98698,4,4,45023,8,39023
4128700,HERTIE SCHOOL,,10117,Foreign-Private,,,,,,,,,,,19,19,322215,38,322215,,,,,,7,7,96119,15,96119
4128800,BRANFORD ACADEMY OF HAIR & COSMETOLOGY,CT,064056066,Proprietary,57,57,163083,91,134499,55,55,226884,89,181821,,,,,,6,6,35084,11,35084,,,,,
4129400,CENTER FOR MASSAGE & NATURAL HEALTH,NC,288018331,Proprietary,27,27,67390,43,54680,25,25,103913,41,82113,,,,,,,,,,,,,,,
4129800,MEDIATECH INSTITUTE,TX,752345738,Proprietary,168,212,714880,323,563809,170,217,1020788,339,815036,,,,,,15,19,160389,32,141707,,,,,
4129900,FLORIDA SCHOOL OF MASSAGE,FL,326085419,Proprietary,49,49,121835,76,98381,45,45,170109,72,138102,,,,,,,,,,,,,,,
4130100,LOUISIANA DELTA COMMUNITY COLLEGE,LA,712033618,Public,1737,2049,5969571,3235,4982834,1638,1948,7797536,3044,6392093,,,,,,11,11,48370,18,48370,,,,,
4130400,SHEAR EXCELLENCE HAIR ACADEMY,FL,336142783,Proprietary,69,71,207295,120,182551,71,74,271072,127,242139,,,,,,2,2,11700,3,6700,,,,,
4130500,PACIFIC NORTHWEST UNIVERSITY OF HEALTH SCIENCES,WA,989011471,Private-Nonprofit,,,,,,,,,,,437,658,23614508,1062,19574768,,,,,,431,759,27139516,1445,22418776
4130600,HEALING ARTS CENTER,MO,631222104,Proprietary,42,42,98365,62,74718,43,43,156060,65,118893,,,,,,,,,,,,,,,
4130700,ACADEMY OF MASSAGE AND BODYWORK,DE,197011344,Proprietary,51,51,120022,88,98808,52,52,187035,89,150594,,,,,,3,3,19811,6,19811,,,,,
4130900,TRICOCI UNIVERSITY OF BEAUTY CULTURE,IN,462563317,Proprietary,441,470,1133548,714,914859,444,477,1539385,734,1227129,,,,,,19,20,110587,34,103072,,,,,
4131200,TOTAL IMAGE BEAUTY ACADEMY,NJ,070872943,Proprietary,152,156,380669,243,282266,151,155,338385,242,244492,,,,,,,,,,,,,,,
4131300,CORINTH ACADEMY OF COSMETOLOGY,MS,388344813,Proprietary,39,40,109127,66,92627,22,22,63865,35,52365,,,,,,,,,,,,,,,
4131700,SOUTHWEST UNIVERSITY AT EL PASO,TX,799256230,Proprietary,1981,2127,7832018,3155,5930551,1960,2106,10266375,3137,7789600,58,60,1164525,98,971442,113,114,518503,176,403076,9,10,227858,19,216667
4132400,ACADEMY OF ESTHETICS AND COSMETOLOGY,CA,913403373,Proprietary,24,28,60332,49,49248,22,26,51261,45,41233,,,,,,,,,,,,,,,
4132600,ENTOURAGE INSTITUTE OF BEAUTY AND ESTHETICS,NE,685162306,Proprietary,65,73,203548,125,171621,72,79,266250,138,225755,,,,,,8,9,71847,15,60937,,,,,
4132700,HEALTHCARE CAREER COLLEGE,CA,907235579,Proprietary,273,274,1015838,422,780698,271,272,1352077,422,1031790,,,,,,39,39,319574,63,258915,,,,,
4132900,Z HAIR ACADEMY,KS,660464040,Proprietary,166,204,639241,349,558916,194,250,780562,435,700237,,,,,,19,19,201568,34,177623,,,,,
4133300,TREND SETTERS SCHOOL,MO,637037607,Proprietary,50,56,151557,96,136557,47,54,201355,92,179689,,,,,,,,,,,,,,,
4133500,ACADEMY FOR FIVE ELEMENT ACUPUNCTURE,FL,326016811,Private-Nonprofit,,,,,,1,1,1351,1,1351,24,31,568982,52,480435,,,,,,4,5,95002,9,82735
4133700,NEW YORK MEDICAL CAREER TRAINING CENTER,NY,113544232,Proprietary,422,465,1628609,701,1224902,432,481,2052327,727,1523301,,,,,,21,26,186862,37,131926,,,,,
4134100,JERSEY COLLEGE,NJ,076081104,Proprietary,4558,6052,19254311,10423,14937485,4643,5720,28883579,9856,22313773,,,,,,138,160,1521303,281,1211274,,,,,
4134200,LONDON CONTEMPORARY DANCE SCHOOL,,WC1H 9PY,Foreign-Private,4,4,17000,12,17000,4,4,13500,12,13500,5,5,91464,12,91464,4,4,193551,12,193551,2,2,54092,5,54092
4134300,EVANS HAIRSTYLING COLLEGE,ID,834405277,Proprietary,7,7,25750,12,24000,11,12,54713,22,45213,,,,,,,,,,,,,,,
4134800,AVEDA INSTITUTE  - TAMPA BAY,FL,337612622,Proprietary,358,393,925920,677,822078,356,391,1294724,686,1149031,,,,,,23,23,220120,39,190314,,,,,
4135000,COZMO BEAUTY SCHOOL,FL,341354810,Proprietary,16,19,45458,33,42958,15,17,44516,31,39766,,,,,,,,,,,,,,,
4136400,AMERICAN INSTITUTE OF MEDICAL SCIENCES & EDUCATION,NJ,088543870,Proprietary,315,372,1236613,601,1060826,258,299,1175744,499,1033157,,,,,,13,14,106247,24,94748,,,,,
4136900,UNIVERSITY OF AESTHETICS & COSMETOLOGY,IL,606222151,Proprietary,10,10,28575,18,24498,12,12,59761,21,51964,,,,,,,,,,,,,,,
4137000,UNIVERSITY OF AESTHETICS & COSMETOLOGY (THE),IL,605154607,Proprietary,24,24,60989,33,46614,27,28,82286,42,65777,,,,,,1,1,16737,2,16737,,,,,
4137300,CAYCE/REILLY SCHOOL OF MASSAGE,VA,234512061,Private-Nonprofit,16,16,43552,23,31303,17,17,69617,22,44925,,,,,,,,,,,,,,,
4137500,TRICOCI UNIVERSITY OF BEAUTY CULTURE,IL,606561805,Proprietary,203,218,559204,343,470873,199,217,650486,345,545302,,,,,,8,8,50390,14,47451,,,,,
4137600,MEDICAL CAREER COLLEGE OF NORTHERN CALIFORNIA,CA,956785133,Proprietary,17,17,52875,23,35626,16,16,86125,22,58625,,,,,,,,,,,,,,,
4137800,AVEDA INSTITUTE COLUMBUS,OH,432141903,Proprietary,292,320,909893,509,747378,292,321,1208255,523,989913,,,,,,38,38,329636,66,298320,,,,,
4138200,SALON PROFESSIONAL ACADEMY (THE),WI,549143921,Proprietary,33,42,142403,75,126927,42,56,228556,98,204646,,,,,,3,4,34352,7,33463,,,,,
4138400,SALON PROFESSIONAL ACADEMY (THE),MI,490152853,Proprietary,52,52,151393,79,113857,52,52,186520,79,138064,,,,,,5,5,61780,9,55280,,,,,
4138700,PAUL MITCHELL THE SCHOOL - PASADENA,CA,911010000,Proprietary,82,86,236890,142,201786,81,85,320161,140,265609,,,,,,3,3,35657,6,35657,,,,,
4139000,MIDWESTERN CAREER COLLEGE,IL,606011201,Proprietary,519,651,2111215,1123,1819649,540,675,3002411,1167,2600197,,,,,,9,9,84158,18,84158,,,,,
4139400,HAIR ACADEMY (THE),ND,585014929,Proprietary,25,32,103028,52,88778,28,38,129003,63,110358,,,,,,,,,,,,,,,
4139900,FUTURE GENERATIONS UNIVERSITY,WV,268070000,Private-Nonprofit,,,,,,,,,,,2,2,23053,4,23053,,,,,,,,,,
4140200,"MISSISSIPPI INSTITUTE OF AESTHETICS, NAILS, & COSMETOLOGY",MS,390565628,Proprietary,20,22,54923,41,50691,16,16,35059,31,33059,,,,,,3,3,15907,6,15907,,,,,
4140500,HORIZON UNIVERSITY,IN,462362622,Private-Nonprofit,2,3,3789,4,3789,2,2,8726,2,4726,,,,,,,,,,,,,,,
4140700,AVEDA INSTITUTE CHAPEL HILL,NC,275147001,Proprietary,135,149,409895,248,348142,142,158,550799,270,477179,,,,,,14,14,146798,25,135761,,,,,
4141000,DOUGLAS J AVEDA INSTITUTE-CHICAGO,IL,606570000,Proprietary,43,51,152172,94,144504,50,58,237399,106,230065,,,,,,4,4,42385,7,42385,,,,,
4141100,FRENCH ACADEMY OF COSMETOLOGY,MI,494563207,Proprietary,29,29,82814,48,71150,34,34,110090,58,94282,,,,,,,,,,,,,,,
4141200,COLLECTIV ACADEMY,RI,029200000,Proprietary,62,76,201804,119,182474,79,100,298040,170,273146,,,,,,13,13,123353,25,110235,,,,,
4141300,SAN FRANCISCO INSTITUTE OF ESTHETICS & COSMETOLOGY,CA,941034083,Proprietary,80,85,190823,151,171376,88,94,280128,168,259043,,,,,,14,14,167728,23,142166,,,,,
4141400,LAURUS COLLEGE,CA,934015405,Proprietary,423,591,2080936,1261,1639228,451,646,3510359,1380,2758664,,,,,,,,,,,,,,,
4141600,OMEGA STUDIOS' SCHOOL OF APPLIED RECORDING ARTS & SCIENCES,MD,208521731,Proprietary,31,33,103042,57,90792,34,34,146865,57,120365,,,,,,7,7,128575,11,114527,,,,,
4141700,HEALING HANDS SCHOOL OF HOLISTIC HEALTH,CA,920251722,Proprietary,48,53,135869,71,94141,41,46,196953,63,137103,,,,,,,,,,,,,,,
4142000,AUSTIN'S BEAUTY COLLEGE,TN,370403397,Proprietary,110,119,341412,185,270028,87,94,374138,150,295103,,,,,,6,6,33079,11,31780,,,,,
4142300,AVEDA ARTS & SCIENCES INSTITUTE CORPUS CHRISTI,TX,784043027,Proprietary,152,160,454244,285,420861,159,165,601958,298,556737,,,,,,24,24,171766,44,146897,,,,,
4142500,TOURO UNIVERSITY WORLDWIDE,CA,900464506,Private-Nonprofit,214,313,1086997,380,617278,215,306,1573919,372,899451,938,1313,21328994,1577,12468335,,,,,,164,212,5768371,257,2913165
4142600,TOURO UNIVERSITY,CA,945921118,Private-Nonprofit,44,67,233382,95,182877,42,58,321122,83,249628,1670,2103,64323599,3554,48685050,2,4,94816,5,54816,1457,2265,76464258,3770,56543873
4142700,PONTIFICAL JOHN PAUL II INSTITUTE FOR STUDIES ON MARRIAGE AND FAMILY,DC,200640001,Private-Nonprofit,,,,,,,,,,,4,4,30371,6,30371,,,,,,,,,,
4142900,GEORGIA GWINNETT COLLEGE,GA,300437409,Public,2891,3000,10412900,5307,10052887,2752,3097,11364995,5493,10983659,,,,,,379,446,4273654,812,4206980,,,,,
4143200,HULT INTERNATIONAL BUSINESS SCHOOL,MA,021411805,Private-Nonprofit,67,84,323332,154,323332,64,65,190700,120,190700,49,52,952895,131,932394,32,32,1155780,65,1155780,41,41,1983369,110,1892234
4143700,"ST MARY'S UNIVERSITY, TWICKENHAM",,TW1 4SX,Foreign-Private,6,6,29000,12,29000,9,9,48500,18,48500,11,11,202673,30,202673,3,3,102931,6,102931,4,4,101829,11,101829
4143800,WOODLAND COMMUNITY COLLEGE,CA,957765156,Public,109,110,380750,216,380750,101,102,511912,201,511912,,,,,,,,,,,,,,,
4144200,CAREER DEVELOPMENT INSTITUTE INC,CA,900354364,Proprietary,218,247,789951,404,660795,212,242,1085500,399,914854,,,,,,6,8,52346,13,46152,,,,,
4144300,INSTITUTE OF CULINARY EDUCATION,NY,102815205,Proprietary,453,473,1283843,716,983898,455,477,1630720,730,1229117,,,,,,79,83,2679127,138,2226088,,,,,
4144400,ACADEMY OF HAIR DESIGN (THE),OK,731348021,Proprietary,33,47,150750,85,137375,36,53,190162,97,174664,,,,,,,,,,,,,,,
4144500,PAUL MITCHELL THE SCHOOL REXBURG,ID,834402600,Proprietary,122,137,418370,238,367269,114,132,433750,233,376555,,,,,,5,5,37567,9,35574,,,,,
4144800,INTERNATIONAL ACADEMY OF STYLE,NV,895021559,Proprietary,46,46,137928,78,115707,38,38,93141,67,80424,,,,,,1,1,13317,1,5116,,,,,
4145400,OXFORD ACADEMY OF HAIR DESIGN,CT,064832911,Proprietary,100,107,304026,169,239701,97,108,343612,173,268703,,,,,,10,10,88244,18,78697,,,,,
4145500,SKIN SCIENCE INSTITUTE OF LASER & ESTHETICS,UT,840940000,Proprietary,100,107,250372,196,228639,103,118,317121,210,281178,,,,,,6,6,59866,11,59866,,,,,
4145700,PAUL MITCHELL THE SCHOOL SPRINGFIELD,MO,658075969,Proprietary,210,237,611443,397,564840,219,250,723877,414,658903,,,,,,11,11,91001,21,91001,,,,,
4145900,CELEBRITY SCHOOL OF BEAUTY,FL,331444203,Proprietary,687,707,1709578,946,1336737,675,694,1804333,945,1381418,,,,,,18,19,57187,28,54301,,,,,
4146000,NATIONAL CAREER COLLEGE,CA,914024222,Proprietary,357,369,1218861,613,999382,348,357,1468169,597,1197519,,,,,,46,46,322046,94,280830,,,,,
4146100,URSHAN GRADUATE SCHOOL OF THEOLOGY,MO,633857526,Private-Nonprofit,,,,,,,,,,,21,21,282679,41,282679,,,,,,,,,,
4146400,DAOIST TRADITIONS COLLEGE OF CHINESE MEDICAL ARTS,NC,288011060,Proprietary,,,,,,,,,,,64,64,1190926,124,1190926,,,,,,43,44,1037577,89,1037577
4146500,PORTLAND ACTORS CONSERVATORY,OR,972094160,Private-Nonprofit,8,8,31000,16,31000,7,7,34000,14,34000,,,,,,,,,,,,,,,
4146700,AVIATION INSTITUTE OF MAINTENANCE,TX,770614004,Proprietary,367,513,1967725,881,1699388,366,501,2212869,857,1914657,,,,,,59,76,559203,129,470334,,,,,
4146800,SOUTH TEXAS TRAINING CENTER,TX,785867721,Proprietary,171,172,535118,293,477018,159,159,409411,288,369459,,,,,,6,6,13584,10,13208,,,,,
4146900,ADVANCED WELDING INSTITUTE,VT,054030000,Proprietary,43,43,133531,85,133531,43,43,110130,85,110130,,,,,,14,14,250573,27,250573,,,,,
4147000,PAUL MITCHELL THE SCHOOL ATLANTA,GA,303185241,Proprietary,195,201,577791,286,447163,188,195,718491,277,534446,,,,,,7,7,105923,12,100923,,,,,
4147100,TRICOCI UNIVERSITY OF BEAUTY CULTURE,IL,600482906,Proprietary,228,251,676435,416,570138,242,269,867641,454,725775,,,,,,23,23,204632,44,190057,,,,,
4147200,TRICOCI UNIVERSITY OF BEAUTY CULTURE,IL,604551824,Proprietary,499,526,1412092,797,1127711,496,522,1803199,814,1427637,,,,,,27,28,222427,50,204412,,,,,
4147300,TRICOCI UNIVERSITY OF BEAUTY CULTURE,IL,601393119,Proprietary,238,254,666103,399,550881,244,260,877855,414,707122,,,,,,12,12,90432,21,77231,,,,,
4147400,TRICOCI UNIVERSITY OF BEAUTY CULTURE,IL,616144831,Proprietary,233,268,698680,436,588645,230,260,825553,426,673048,,,,,,17,17,117915,32,111935,,,,,
4147500,TRICOCI UNIVERSITY OF BEAUTY CULTURE,IL,611082337,Proprietary,147,156,404368,234,321696,142,150,511357,231,400578,,,,,,16,16,112314,24,85716,,,,,
4147600,AVEDA INSTITUTE LAS VEGAS,NV,891196103,Proprietary,220,239,692719,408,604816,220,246,735569,422,644482,,,,,,13,13,78984,23,72978,,,,,
4148200,BEYOND 21ST CENTURY BEAUTY ACADEMY,CA,906706316,Proprietary,31,31,51362,59,48445,14,14,41361,26,38686,,,,,,,,,,,,,,,
4148300,DENVER COLLEGE OF NURSING,CO,802021213,Proprietary,642,818,2858959,1678,2293344,712,843,4249448,1760,3431531,25,32,455454,61,339022,36,39,709856,80,516763,,,,,
4148400,TIGI HAIRDRESSING ACADEMY GUILFORD,CT,064370000,Proprietary,36,41,113005,74,102211,42,48,143114,91,132216,,,,,,6,8,59532,20,59532,,,,,
4148500,MEDICAL INSTITUTE OF PALM BEACH,FL,334633276,Proprietary,169,177,506763,267,382524,162,169,672152,253,494011,,,,,,9,9,41836,11,25093,,,,,
4149100,PAUL MITCHELL THE SCHOOL CINCINNATI,OH,452411702,Proprietary,297,350,1006634,574,873611,315,378,1395912,639,1199220,,,,,,14,14,116954,26,114891,,,,,
4149200,XCELL ACADEMY A PAUL MITCHELL SCHOOL,AL,352164990,Proprietary,74,82,256537,133,212393,91,109,397702,180,336749,,,,,,13,19,108400,29,89000,,,,,
4149400,GARY MANUEL AVEDA INSTITUTE,WA,981223815,Proprietary,89,90,272303,153,239922,100,101,398667,176,353378,,,,,,4,4,29102,8,29102,,,,,
4149700,HOMESTEAD SCHOOLS,CA,905055945,Private-Nonprofit,180,239,855230,393,703040,183,243,1155304,400,953691,,,,,,11,11,111450,22,111450,,,,,
4149800,SOMERSET COUNTY TECHNOLOGY CENTER,PA,155011444,Public,31,58,190870,164,189995,31,57,227581,161,227581,,,,,,1,2,10000,4,10000,,,,,
4149900,PROFILE INSTITUTE OF BARBER-STYLING,GA,303158295,Proprietary,30,39,122167,69,106917,30,39,154628,68,137630,,,,,,,,,,,,,,,
4150600,URBAN 113 SCHOOL OF COSMETOLOGY,ID,833016229,Proprietary,6,6,16349,11,16349,5,5,12240,8,11462,,,,,,,,,,,,,,,
4150900,KEUNE ACADEMY BY 124,GA,300437346,Proprietary,54,66,202492,119,183887,64,82,268791,142,225525,,,,,,1,1,8000,2,8000,,,,,
4151200,SALON PROFESSIONAL ACADEMY (THE),NY,141509200,Proprietary,85,87,203194,143,173138,104,106,312018,182,268321,,,,,,16,16,112947,29,101891,,,,,
4151500,AMERICAN ACADEMY OF COSMETOLOGY,FL,320658026,Proprietary,91,97,237680,150,195565,92,104,333108,163,268768,,,,,,8,10,56226,18,56226,,,,,
4151700,BELLA CAPELLI ACADEMY A PAUL MITCHELL PARTNER SCHOOL,PA,151462388,Proprietary,122,142,372787,256,340945,147,178,527395,323,479443,,,,,,13,14,114585,28,109275,,,,,
4151800,TEMPLE (THE): A PAUL MITCHELL PARTNER SCHOOL,MD,217015409,Proprietary,185,200,572137,338,499801,213,232,700875,398,612201,,,,,,25,25,223402,49,218102,,,,,
4151900,COLUMBIA GORGE COMMUNITY COLLEGE,OR,970583434,Public,81,83,274688,205,273188,78,79,376894,190,376894,,,,,,,,,,,,,,,
4152200,CARTHAGE R-9 SCHOOL DISTRICT/CARTHAGE TECHNICAL CENTER,MO,648361332,Public,24,24,64151,46,64151,25,25,107465,47,106465,,,,,,,,,,,,,,,
4152400,INTERNATIONAL INSTITUTE OF COSMETOLOGY,CT,061090000,Proprietary,98,111,350291,189,302380,120,141,443199,238,376075,,,,,,10,12,60502,21,50507,,,,,
4152800,PAUL MITCHELL THE SCHOOL SACRAMENTO,CA,958252276,Proprietary,256,276,627655,485,548847,267,293,855364,527,754183,,,,,,11,11,92389,21,90389,,,,,
4152900,STUDIO ACADEMY OF BEAUTY (THE),AZ,852243600,Proprietary,482,517,1352722,859,1111652,457,489,1502312,817,1234633,,,,,,57,59,308444,104,267402,,,,,
4153000,RENAISSANCE ACADEMIE,UT,846040000,Proprietary,44,50,132664,82,108910,37,48,135509,83,114712,,,,,,5,8,78002,21,71828,,,,,
4153200,SOUTHERN WORCESTER COUNTY REGIONAL VOC SCHOOL DISTRICT,MA,015071331,Public,23,23,75250,43,75250,22,22,104500,41,104500,,,,,,,,,,,,,,,
4153300,PAUL MITCHELL THE SCHOOL COLUMBUS,OH,432316038,Proprietary,132,165,510924,267,425622,154,195,675997,320,562332,,,,,,17,18,253923,41,240988,,,,,
4153800,ASCENT COLLEGE,VA,201553122,Private-Nonprofit,21,29,112106,83,92492,24,30,106754,91,90433,,,,,,1,1,10000,4,10000,,,,,
4153900,PROVIDENCE CHRISTIAN COLLEGE,CA,911011632,Private-Nonprofit,59,66,269500,128,260500,64,72,198179,137,193929,,,,,,22,22,498984,53,498984,,,,,
4154200,CAROLINA COLLEGE OF BIBLICAL STUDIES,NC,283035157,Private-Nonprofit,51,51,179523,90,179523,52,52,286047,93,286047,20,20,327154,38,327154,,,,,,,,,,
4154800,DUVALL'S SCHOOL OF COSMETOLOGY,TX,760214159,Proprietary,50,51,124163,86,108177,53,55,179343,96,159891,,,,,,11,12,52360,22,52360,,,,,
4154900,NATIONAL CAREER INSTITUTE,NJ,070182011,Proprietary,214,215,565686,341,456594,201,202,862511,327,704146,,,,,,20,20,55024,35,48906,,,,,
4155000,NORTHWEST SCHOOL OF WOODEN BOAT BUILDING,WA,983398706,Private-Nonprofit,18,20,55000,52,55000,20,23,83422,56,83422,,,,,,,,,,,,,,,
4155100,INSTITUTE OF MEDICAL AND BUSINESS CAREERS,PA,152351013,Proprietary,1002,1349,3847513,2767,3061981,967,1317,4781923,2711,3780211,,,,,,23,27,122948,59,93064,,,,,
4155200,OLIVER FINLEY ACADEMY OF COSMETOLOGY,ID,837142900,Proprietary,139,148,422829,255,370326,171,189,642494,334,573727,,,,,,2,2,16169,4,11999,,,,,
4155500,ACADEMY FOR JEWISH RELIGION CALIFORNIA,CA,900452659,Private-Nonprofit,,,,,,,,,,,14,14,261000,28,261000,,,,,,4,4,76000,7,64500
4155900,AVEDA FREDRIC'S INSTITUTE,IN,460323215,Proprietary,155,179,533512,301,460503,179,211,675643,349,570856,,,,,,41,42,435269,76,403291,,,,,
4156000,PAUL MITCHELL THE SCHOOL NYC,NY,103063003,Proprietary,35,47,120268,86,111518,36,52,117937,95,106187,,,,,,5,5,56139,9,48879,,,,,
4156200,INSTITUTE OF ADVANCED MEDICAL ESTHETICS,VA,230052111,Proprietary,1,1,1750,1,1750,1,1,3000,1,3000,,,,,,4,4,35504,7,35504,,,,,
4156300,UNIVERSITY OF FORT LAUDERDALE,FL,333135809,Private-Nonprofit,132,133,482085,632,461337,112,112,375898,526,352150,9,9,146742,56,146742,11,11,197944,68,178390,,,,,
4156400,AVIATION INSTITUTE OF MAINTENANCE,FL,327072905,Proprietary,815,1113,4212986,1884,3630497,813,1085,5145131,1831,4442023,,,,,,119,145,1083742,257,972068,,,,,
4156700,AMBROSE UNIVERSITY,,T3H0L5,Foreign-Private,1,1,5500,2,5500,1,1,7000,2,7000,,,,,,,,,,,,,,,
4157200,LOVE BEAUTY SCHOOL,TN,373552950,Proprietary,64,67,176156,104,138881,66,69,265890,107,205521,,,,,,3,3,22631,5,22631,,,,,
4157400,CRESTPOINT UNIVERSITY,AZ,850141561,Proprietary,245,290,894098,1296,644744,210,244,1129084,1085,833837,33,33,519401,121,337868,1,1,7344,1,7344,,,,,
4157600,NOVA ACADEMY OF COSMETOLOGY,MN,559018754,Proprietary,237,294,764753,529,696160,259,349,905363,635,825507,,,,,,34,38,519300,72,493075,,,,,
4157700,SALON PROFESSIONAL ACADEMY (THE),WI,546508699,Proprietary,46,61,220553,103,187493,46,62,220427,105,185696,,,,,,6,7,79719,14,79719,,,,,
4158000,METRO BEAUTY ACADEMY,PA,181069693,Proprietary,77,107,280785,195,263285,91,130,350942,239,326482,,,,,,3,4,27096,7,27096,,,,,
4158200,PAUL MITCHELL THE SCHOOL SHERMAN OAKS,CA,914035882,Proprietary,163,184,499664,303,443913,170,193,668826,321,590265,,,,,,8,9,73736,17,73736,,,,,
4158400,L'ESPRIT ACADEMY,MI,481870000,Proprietary,300,308,852517,475,678036,300,309,1218038,485,961937,,,,,,8,8,91408,15,84358,,,,,
4158800,THEATRE OF ARTS,CA,900286111,Proprietary,3,3,13500,6,9000,3,3,14000,7,9332,,,,,,1,1,8357,2,5570,,,,,
4159300,MARKETTI ACADEMY OF COSMETOLOGY,MI,483293506,Proprietary,11,11,30584,22,30584,8,8,25416,14,21833,,,,,,,,,,,,,,,
4159600,GALAXY MEDICAL COLLEGE,CA,916061593,Proprietary,71,80,295000,160,295000,71,80,478582,160,478582,,,,,,,,,,,,,,,
4159700,AMERICAN MEDICAL SCIENCES CENTER,CA,912045108,Proprietary,316,430,1544174,668,1173157,176,215,589471,342,461772,,,,,,13,18,87408,27,68230,,,,,
4159800,RENNES SCHOOL OF BUSINESS,,35065,Foreign-Private,8,8,27500,15,27500,14,14,76000,27,76000,10,10,194664,19,194664,8,8,109640,16,109640,5,5,39242,10,39242
4160400,ANGELES COLLEGE,CA,900102100,Proprietary,404,506,2158288,1021,1691476,400,505,2984150,1021,2346547,,,,,,19,20,301314,45,248413,,,,,
4160700,AVENUE FIVE INSTITUTE,TX,787577000,Proprietary,314,342,834702,610,761209,329,362,1265701,658,1153781,,,,,,24,27,148576,55,138371,,,,,
4161700,SHASTA SCHOOL OF COSMETOLOGY,CA,960030000,Proprietary,51,52,116438,86,97290,51,53,140405,90,118542,,,,,,,,,,,,,,,
4161800,UNIVERSITY OF MASSACHUSETTS GLOBAL,CA,926183801,Private-Nonprofit,1517,1565,5767672,2867,5442156,1488,1538,8087378,2851,7653621,2986,3059,52450794,6459,51930115,1,1,29916,3,29916,901,914,21231278,2387,21024195
4161900,MANDALYN ACADEMY,UT,840032161,Proprietary,20,23,48161,46,48161,25,30,87094,60,85783,,,,,,,,,,,,,,,
4162000,JOSE MARIA VARGAS UNIVERSITY,FL,330263978,Proprietary,115,115,425714,229,402714,118,118,626091,233,585341,104,104,2101250,208,2050000,,,,,,,,,,
4162400,PAUL MITCHELL THE SCHOOL ALBUQUERQUE,NM,871104404,Proprietary,92,96,247459,171,224818,104,110,322903,193,280271,,,,,,5,5,46200,10,46200,,,,,
4162500,HOLLYWOOD INSTITUTE OF BEAUTY CAREERS,FL,330236720,Proprietary,608,629,1497782,1049,1253210,603,624,2143750,1058,1768190,,,,,,37,37,139622,62,116796,,,,,
4162700,ERIC FISHER ACADEMY,KS,672123376,Proprietary,101,113,362552,210,337144,110,125,365661,233,333559,,,,,,8,8,58106,16,58106,,,,,
4162800,PAUL MITCHELL THE SCHOOL MODESTO,CA,953501440,Proprietary,234,254,575122,430,497530,242,272,750660,484,638797,,,,,,35,35,313687,64,294296,,,,,
4163000,SUMMIT SALON ACADEMY,FL,336246321,Proprietary,104,111,305696,191,262179,113,127,421771,221,369949,,,,,,13,13,181523,21,148144,,,,,
4163100,SUMMIT SALON ACADEMY - GAINESVILLE,FL,326071672,Proprietary,62,69,170538,118,147620,62,68,169692,118,146239,,,,,,,,,,,,,,,
4163200,TENAJ SALON INSTITUTE,FL,321629311,Proprietary,51,62,146414,86,139414,50,63,197115,91,182365,,,,,,2,2,12758,3,12758,,,,,
4164100,MONTANA ACADEMY OF SALONS,MT,594051800,Proprietary,79,95,269425,168,244383,85,105,377698,184,329524,,,,,,5,7,39900,12,35700,,,,,
4164400,ANGELES INSTITUTE,CA,907016610,Proprietary,188,245,803748,435,727588,186,241,1069908,435,950401,,,,,,29,45,389565,91,354924,,,,,
4165000,MERIDIAN INSTITUTE OF SURGICAL ASSISTING,TN,372180000,Proprietary,364,364,1154103,491,799957,325,325,1824283,445,1244217,,,,,,,,,,,,,,,
4165200,MAUNA LOA HELICOPTERS,HI,967402650,Proprietary,1,1,1944,1,972,2,2,4166,2,2084,,,,,,2,2,196000,2,98000,,,,,
4165300,PAUL MITCHELL THE SCHOOL MILWAUKEE,WI,532220000,Proprietary,148,157,426992,253,376367,138,147,543042,244,463626,,,,,,2,3,25140,5,23587,,,,,
4165500,ACAYDIA SCHOOL OF AESTHETICS,UT,846040000,Proprietary,64,71,154969,124,137399,86,102,251748,186,229821,,,,,,7,7,97576,13,90076,,,,,
4165800,SALON PROFESSIONAL ACADEMY (THE),TX,750672348,Proprietary,63,69,163586,105,147663,77,87,236176,131,215183,,,,,,18,21,122075,30,113288,,,,,
4165900,PAUL MITCHELL THE SCHOOL FRESNO,CA,937107617,Proprietary,152,176,396548,303,345173,145,164,479018,284,406120,,,,,,1,1,3200,2,3200,,,,,
4166700,SUMMIT SALON ACADEMY,IN,460132832,Proprietary,90,105,305315,184,272893,101,117,377393,212,343353,,,,,,2,2,14658,3,14658,,,,,
4166800,SUMMIT SALON ACADEMY,OH,455510000,Proprietary,37,40,131834,74,120425,38,40,133021,74,125419,,,,,,1,1,10121,1,5060,,,,,
4167000,PAUL MITCHELL THE SCHOOL TEMECULA,CA,925914663,Proprietary,261,313,707055,469,638805,285,355,913157,524,826934,,,,,,51,51,587143,98,583068,,,,,
4167100,AVEDA INSTITUTE DENVER,CO,802040000,Proprietary,178,205,577687,350,500823,207,240,816889,415,716719,,,,,,10,11,76688,20,72090,,,,,
4167200,GEISINGER COMMONWEALTH SCHOOL OF MEDICINE,PA,185093240,Private-Nonprofit,75,108,297170,156,297170,80,109,387411,164,387411,350,406,10557698,645,9666750,5,5,68760,8,68760,242,302,9266260,477,8501484
4167300,SALON PROFESSIONAL ACADEMY (THE),FL,339071015,Proprietary,53,60,140103,84,134854,58,66,156796,90,147505,,,,,,12,13,104140,20,97935,,,,,
4167500,WORLD A CUTS BARBER INSTITUTE,PA,174011105,Proprietary,24,30,75997,59,74247,18,23,109168,44,106168,,,,,,,,,,,,,,,
4168000,AMERICAN COLLEGE OF GREECE (THE),,15342,Foreign-Private,43,43,176159,76,176159,46,46,169841,81,169841,5,5,65381,11,65381,22,22,334445,44,334445,,,,,
4168600,COLLEGE OF MASSAGE THERAPY,ID,832211758,Proprietary,5,5,12405,9,11165,5,5,18430,9,16304,,,,,,,,,,,,,,,
4168700,PELOTON COLLEGE,TX,752311077,Proprietary,77,77,254306,138,238556,69,69,396217,128,369217,,,,,,2,2,17255,5,17255,,,,,
4168900,HOLISTIC MASSAGE TRAINING INSTITUTE,MD,212184220,Proprietary,15,15,46737,22,34347,15,15,76520,22,57080,,,,,,,,,,,,,,,
4169000,SALON & SPA INSTITUTE,TX,785208809,Proprietary,56,58,133334,90,100407,53,54,146447,87,106515,,,,,,2,2,5849,4,5849,,,,,
4169100,DIAMONDS COLLEGE,TX,750902657,Proprietary,42,42,120389,65,105427,40,40,165334,62,140476,,,,,,3,3,6355,4,4379,,,,,
4169400,NORTHERN VIRGINIA SCHOOL OF THERAPEUTIC MASSAGE,VA,220424302,Proprietary,89,91,199655,147,168793,93,96,364702,160,308268,,,,,,1,1,1900,1,1900,,,,,
4169700,UNITEK COLLEGE,CA,945383185,Proprietary,3825,4404,16177717,7204,13544301,3988,4653,21248332,7643,17786387,,,,,,323,394,5632467,639,4718405,,,,,
4169800,GURNICK ACADEMY OF MEDICAL ARTS,CA,951120000,Proprietary,3032,3736,13237387,6462,11147170,3122,3858,17784336,6670,14946085,3,3,29190,6,29190,204,251,3627430,457,3137424,,,,,
4169900,AMERICAN BEAUTY ACADEMY,UT,846510000,Proprietary,55,57,186212,85,131449,47,49,199640,71,124407,,,,,,,,,,,,,,,
4170100,SUMMIT SALON ACADEMY,WA,984097321,Proprietary,88,102,353554,159,275352,95,107,478130,169,390452,,,,,,14,18,142250,30,114592,,,,,
4170200,PAUL MITCHELL THE SCHOOL COLORADO SPRINGS,CO,809030000,Proprietary,129,136,333710,228,304409,130,140,466637,232,420685,,,,,,11,11,104942,18,90805,,,,,
4170300,BEAUTY ACADEMY OF SOUTH FLORIDA,FL,330162421,Proprietary,325,332,776468,542,610791,263,270,1142618,425,895467,,,,,,8,8,35976,11,23745,,,,,
4170600,SALON PROFESSIONAL ACADEMY (THE),MO,633011021,Proprietary,75,83,261048,140,227298,85,96,304942,161,265928,,,,,,4,4,58869,7,52738,,,,,
4170700,PAUL MITCHELL THE SCHOOL ST LOUIS,MO,631081554,Proprietary,162,179,563297,283,459797,165,182,706153,298,574566,,,,,,18,19,183408,32,162901,,,,,
4170900,UNIVERSITY OF CHESTER,,CH1 4BJ,Foreign-Private,28,28,113099,56,113099,34,34,127151,68,127151,3,3,51250,5,51250,23,23,656018,46,656018,4,4,92770,6,92770
4171000,ADVANCED TRAINING INSTITUTE,NV,891181519,Proprietary,487,487,1416168,782,1142969,504,510,1897111,825,1505063,,,,,,18,18,165134,26,117408,,,,,
4171100,PAUL MITCHELL THE SCHOOL - DELAWARE,DE,197025108,Proprietary,79,92,271707,156,234040,88,102,320161,173,278659,,,,,,3,4,23630,7,19880,,,,,
4171400,AVEDA INSTITUTE PORTLAND,OR,972093144,Proprietary,214,252,745104,425,629361,216,253,739445,454,636357,,,,,,19,19,153502,33,138756,,,,,
4172500,DR. IDA ROLF INSTITUTE,CO,803010000,Private-Nonprofit,12,12,32185,22,31019,11,11,48218,20,46218,,,,,,,,,,,,,,,
4172700,SALON PROFESSIONAL ACADEMY (THE),IN,477157822,Proprietary,101,126,375497,216,336111,112,146,472029,249,409008,,,,,,9,9,87775,18,87775,,,,,
4173000,SHEPHERDS THEOLOGICAL SEMINARY,NC,275189316,Private-Nonprofit,,,,,,,,,,,8,8,76300,14,76300,,,,,,,,,,
4173200,TAYLOR ANDREWS ACADEMY OF HAIR DESIGN,UT,840886577,Proprietary,216,243,757182,400,634096,203,235,874181,381,705332,,,,,,10,10,105932,17,92095,,,,,
4173500,MORENO VALLEY COLLEGE,CA,925512204,Public,117,117,384000,217,379125,102,103,420775,188,416275,,,,,,,,,,,,,,,
4173700,MANNA UNIVERSITY,NC,283142343,Private-Nonprofit,23,26,91398,36,72233,22,26,96564,34,76899,11,13,180906,19,123139,,,,,,,,,,
4173800,SALON PROFESSIONAL ACADEMY (THE),CO,809182932,Proprietary,63,73,189384,122,164695,68,78,267960,133,240976,,,,,,2,2,21860,4,21860,,,,,
4173900,EVOLVE BEAUTY ACADEMY,MO,630904507,Proprietary,13,13,42918,22,36265,15,15,37119,26,30396,,,,,,,,,,,,,,,
4174000,SKIN INSTITUTE,MO,631263552,Proprietary,43,43,125430,81,118135,49,51,174735,97,163902,,,,,,11,12,99776,23,95784,,,,,
4174100,PAUL MITCHELL THE SCHOOL PHOENIX,AZ,850171919,Proprietary,85,96,259796,166,233693,87,99,270935,176,242786,,,,,,9,9,44130,16,39837,,,,,
4174500,AVEDA INSTITUTE OF NEW MEXICO (THE),NM,871041160,Proprietary,65,66,200265,120,177886,51,52,172468,95,156159,,,,,,,,,,,,,,,
4174800,AMERICAN TRADE SCHOOL,MO,630741807,Proprietary,98,125,431750,293,338701,96,122,518978,286,404764,,,,,,4,4,24569,12,24569,,,,,
4174900,ESTELLE SKIN CARE AND SPA INSTITUTE,IL,600779945,Proprietary,71,71,202273,120,173093,67,67,297089,113,255001,,,,,,1,1,10124,2,10124,,,,,
4175000,UNIVERSAL SPA TRAINING ACADEMY,IL,605153985,Proprietary,101,103,296005,165,237052,111,113,427070,180,332957,,,,,,18,18,230952,31,196657,,,,,
4175200,PAUL MITCHELL THE SCHOOL EAST BAY,CA,945235515,Proprietary,111,126,262572,191,237779,118,145,349633,218,317466,,,,,,8,8,113968,16,113968,,,,,
4175300,PENROSE ACADEMY,AZ,852544065,Proprietary,169,174,463862,294,401438,184,196,627148,334,556727,,,,,,17,17,223969,33,205916,,,,,
4175400,ELITE COSMETOLOGY SCHOOL,CA,922603324,Proprietary,116,124,302004,197,225930,119,128,382419,209,280051,,,,,,8,8,26725,13,17578,,,,,
4176100,NORCO COLLEGE,CA,928602600,Public,47,47,153250,88,151000,46,46,197750,86,194750,,,,,,,,,,,,,,,
4176700,AVEDA INSTITUTE BOISE,ID,837044406,Proprietary,51,54,140540,90,126027,53,57,169007,95,142633,,,,,,3,3,25058,6,25058,,,,,
4177100,PIMA MEDICAL INSTITUTE,CO,800123690,Proprietary,1026,1119,3674213,1712,3036802,956,1080,4419082,1657,3592385,,,,,,164,171,1168757,271,990166,,,,,
4177300,OHIO MEDICAL CAREER COLLEGE,OH,454174094,Proprietary,280,289,930506,557,708898,284,294,1309220,558,973346,,,,,,,,,,,,,,,
4177400,CAPILO SCHOOL OF HAIR DESIGN,ME,043300000,Proprietary,91,97,257436,164,228284,89,93,250749,164,223580,,,,,,8,8,43409,15,38409,,,,,
4177500,PURE AESTHETICS NATURAL SKINCARE SCHOOL,AZ,857163823,Proprietary,18,18,46197,34,42114,17,17,68801,32,61799,,,,,,3,3,45379,5,35526,,,,,
4177600,LINDSEY INSTITUTE OF COSMETOLOGY,KY,421038036,Proprietary,27,31,92808,51,81308,24,30,85476,50,76726,,,,,,,,,,,,,,,
4177900,INVICTUS CAREER COLLEGE,TX,752171775,Proprietary,32,32,64254,47,54149,32,32,104199,48,86877,,,,,,1,1,5000,2,5000,,,,,
4178000,SIMMONS COLLEGE OF KENTUCKY,KY,402033322,Private-Nonprofit,155,156,611100,308,608350,150,160,687308,314,683808,,,,,,14,14,181272,28,181272,,,,,
4178100,CAROLINA COLLEGE OF HAIR DESIGN,NC,288062711,Proprietary,24,26,80359,45,68859,11,12,55327,21,47827,,,,,,,,,,,,,,,
4178200,VOGUE COLLEGE - SAN ANTONIO,TX,782015035,Proprietary,87,91,184569,143,153288,82,86,217216,142,178919,,,,,,1,1,9907,2,9907,,,,,
4178300,VOGUE COLLEGE OF COSMETOLOGY,TX,782384402,Proprietary,84,95,214619,161,193033,73,82,246620,140,219620,,,,,,1,1,11529,2,11529,,,,,
4178400,VOGUE COLLEGE OF COSMETOLOGY,TX,785011945,Proprietary,334,351,819066,551,682387,320,337,1036973,547,853152,,,,,,11,11,70776,21,70776,,,,,
4178500,VOGUE COLLEGE OF COSMETOLOGY,NM,875057636,Proprietary,32,34,97558,59,88516,26,27,91112,49,85167,,,,,,,,,,,,,,,
4178700,ATELIER ESTHETIQUE INSTITUTE OF ESTHETICS,NY,100016700,Proprietary,213,216,450230,366,390793,209,212,715431,357,620218,,,,,,7,8,102652,12,78125,,,,,
4179100,VERVE COLLEGE,IL,605231234,Proprietary,312,312,790194,446,555164,321,321,1355052,459,943518,,,,,,,,,,,,,,,
4179200,ADVANCED COLLEGE OF COSMETOLOGY,WI,539630000,Proprietary,11,14,44087,25,40087,13,16,59294,29,56225,,,,,,1,1,9180,2,9180,,,,,
4179500,NORTH AMERICAN UNIVERSITY,TX,774772451,Private-Nonprofit,178,178,655806,330,648556,165,183,515492,319,510242,22,23,313688,41,289034,35,36,485687,74,485687,,,,,
4179900,TOMORROW'S IMAGE BARBER & BEAUTY ACADEMY OF VIRGINIA,VA,236083900,Proprietary,81,84,259223,125,202991,80,83,330190,124,250169,,,,,,1,1,7260,2,7260,,,,,
4180000,CINTA AVEDA INSTITUTE,CA,941083204,Proprietary,92,97,254931,155,198079,98,103,352257,168,276367,,,,,,7,7,62823,11,50399,,,,,
4180200,LONG ISLAND NAIL SKIN & HAIR INSTITUTE,NY,117143596,Proprietary,51,51,118983,87,101493,52,52,153821,88,127577,,,,,,5,5,27262,10,27262,,,,,
4180600,APPALACHIAN COLLEGE OF PHARMACY,VA,246319210,Private-Nonprofit,,,,,,,,,,,101,121,3652052,210,3321802,,,,,,61,78,942921,133,868998
4181200,SOUTHERN CALIFORNIA HEALTH INSTITUTE (SOCHI),CA,916012028,Proprietary,134,135,429984,214,352397,132,133,690210,214,562310,,,,,,3,3,18754,6,18754,,,,,
4181400,BEST CARE COLLEGE,NJ,070181703,Proprietary,58,58,198750,92,153250,82,82,504208,124,364458,,,,,,,,,,,,,,,
4181600,INTEGRITY COLLEGE OF HEALTH,CA,911042300,Proprietary,186,187,640908,246,434334,181,183,842772,242,563850,,,,,,23,23,210306,34,152523,,,,,
4182100,FIRST CLASS COSMETOLOGY SCHOOL,WI,525110000,Proprietary,53,68,211384,113,178011,61,79,246760,133,212312,,,,,,6,8,47713,15,47713,,,,,
4182200,HAWAII MEDICAL COLLEGE,HI,968143518,Proprietary,201,255,698425,531,598782,197,250,879033,519,750869,,,,,,1,1,15520,2,10347,,,,,
4182500,MILLENNIA ATLANTIC UNIVERSITY,FL,331782995,Proprietary,70,79,241276,153,237776,54,55,135857,103,131857,6,6,53751,12,53751,7,7,66644,14,66644,,,,,
4182600,HCI COLLEGE,FL,334095189,Proprietary,945,1196,3717929,1768,3200041,930,1171,5043074,1732,4303613,1,1,7818,1,3909,69,75,362809,116,315774,,,,,
4183100,WASHINGTON BARBER COLLEGE,AR,722093820,Proprietary,52,55,172528,93,145278,53,56,218166,95,183166,,,,,,,,,,,,,,,
4183300,ABCOTT INSTITUTE,MI,480755227,Proprietary,164,187,536378,266,387878,164,186,799155,264,577666,,,,,,11,13,91830,19,66033,,,,,
4183400,SALON PROFESSIONAL ACADEMY (THE),AR,721202404,Proprietary,69,82,233944,134,198868,75,91,266454,150,230587,,,,,,6,7,35200,14,35200,,,,,
4183600,SALON PROFESSIONAL ACADEMY OF KENOSHA (THE),WI,531424950,Proprietary,49,55,172925,87,139082,49,55,205428,87,163505,,,,,,5,5,67396,9,60896,,,,,
4183900,CETYS UNIVERSIDAD,,21259,Foreign-Private,55,55,256593,99,241414,55,55,137510,96,129150,2,2,6563,5,6563,,,,,,,,,,
4184000,PAUL MITCHELL THE SCHOOL INDIANAPOLIS,IN,462276252,Proprietary,63,78,237065,137,220565,65,77,241865,136,221198,,,,,,2,2,25877,3,16377,,,,,
4184200,TAYLOR ANDREWS ACADEMY-ST. GEORGE,UT,847902636,Proprietary,38,44,115371,82,106121,39,45,131453,83,120941,,,,,,2,3,20783,5,17957,,,,,
4184500,CHRISTINE VALMY INTERNATIONAL SCHOOL OF ESTHETICS & COSMETOLOGY,NJ,070589589,Proprietary,191,191,497608,324,421962,198,198,661620,343,557249,,,,,,5,5,48674,10,48674,,,,,
4184700,PROTEGE ACADEMY,MI,488238660,Proprietary,98,116,332351,199,291673,111,134,414313,231,366383,,,,,,2,2,13331,3,8477,,,,,
4185000,COLORADO ACADEMY OF VETERINARY TECHNOLOGY,CO,809064944,Proprietary,19,20,68453,38,52789,20,20,89660,38,66494,,,,,,1,1,4000,2,4000,,,,,
4185100,NORTHEAST TECHNICAL INSTITUTE,ME,040740000,Proprietary,185,188,588055,308,505546,181,182,882903,302,759263,,,,,,8,8,69930,13,56156,,,,,
4185600,MEDICAL ALLIED CAREER CENTER,CA,906704710,Proprietary,54,54,176563,81,134279,54,54,246432,81,182732,,,,,,6,6,44600,11,36600,,,,,
4185900,ELITE SCHOOL OF COSMETOLOGY,OH,448572714,Proprietary,156,167,457283,254,350183,106,115,415800,174,314495,,,,,,2,2,11088,4,11088,,,,,
4186300,PAUL MITCHELL THE SCHOOL LAS VEGAS,NV,891238014,Proprietary,146,172,540853,289,461681,153,184,688516,313,587192,,,,,,18,18,200441,33,184303,,,,,
4186600,SUMMIT SALON ACADEMY KOKOMO,IN,469016248,Proprietary,86,95,277118,158,239758,87,97,306331,160,258750,,,,,,8,8,64293,15,58353,,,,,
4186900,INTERNATIONAL COLLEGE OF BEAUTY ARTS & SCIENCES,CA,900391012,Proprietary,53,61,129354,116,122353,59,68,194001,129,180070,,,,,,1,1,9100,2,9100,,,,,
4187200,NEW BEGINNING COLLEGE OF COSMETOLOGY,AL,359510000,Proprietary,53,62,168202,110,155141,56,62,203158,115,192857,,,,,,,,,,,,,,,
4187400,JOHN AMICO SCHOOL OF HAIR DESIGN,IL,604522501,Proprietary,103,114,341984,192,296961,101,112,397070,191,344697,,,,,,2,2,10315,3,8315,,,,,
4187700,CREVIER'S SCHOOL OF COSMETOLOGY,MT,599014402,Proprietary,28,31,96026,52,80720,28,29,124418,49,102197,,,,,,,,,,,,,,,
4187800,CYBERTEX INSTITUTE OF TECHNOLOGY,TX,787523825,Proprietary,315,356,975681,572,782615,299,332,951533,536,748195,,,,,,11,11,56503,20,54821,,,,,
4188300,FLORIDA ACADEMY,FL,339661155,Proprietary,300,302,667119,498,586692,299,304,844602,505,739926,,,,,,3,3,19500,6,19500,,,,,
4188700,ASI CAREER INSTITUTE,NJ,080121043,Proprietary,45,45,98363,90,98363,41,41,138948,82,138948,,,,,,1,1,3404,2,3404,,,,,
4188800,INSTITUTE FOR DOCTORAL STUDIES IN THE VISUAL ARTS,ME,041010000,Private-Nonprofit,,,,,,,,,,,47,49,819745,125,799591,,,,,,46,48,2382554,119,2213662
4189000,BARBER & BEAUTY INSTITUTE OF NEW YORK,NY,115506317,Proprietary,26,26,58739,46,51936,26,26,86208,47,77299,,,,,,,,,,,,,,,
4189100,SALON INSTITUTE - TOLEDO CAMPUS,OH,436151731,Proprietary,101,105,337273,180,300139,109,114,429576,202,380794,,,,,,5,5,72070,8,56070,,,,,
4189400,REFLECTIONS ACADEMY OF BEAUTY,IL,625262425,Proprietary,42,46,142384,77,122634,42,46,189997,75,161580,,,,,,1,1,6658,1,3329,,,,,
4189600,STATE CAREER COLLEGE,IL,600313774,Proprietary,182,184,542145,262,396651,181,183,862509,264,613846,,,,,,1,1,4530,1,2265,,,,,
4189700,CALIFORNIA MIRAMAR UNIVERSITY,CA,921081737,Proprietary,49,63,243110,172,193790,41,51,154711,144,123718,18,29,382958,83,275479,4,5,44580,16,38776,1,1,41755,1,10439
4189800,ACADEMY FOR SALON PROFESSIONALS,CA,913242305,Proprietary,81,86,197127,153,174374,82,87,240363,157,214154,,,,,,2,2,5658,4,5658,,,,,
4190500,NEW YORK SCHOOL OF ESTHETICS & DAY SPA,NY,106063232,Proprietary,63,63,145467,111,127962,63,63,203733,113,180399,,,,,,4,4,23500,8,23500,,,,,
4191300,ANNENBERG SCHOOL OF NURSING,CA,913353711,Private-Nonprofit,15,15,50750,29,50750,12,12,61000,23,61000,,,,,,,,,,,,,,,
4191900,PAUL MITCHELL THE SCHOOL SPOKANE,WA,990375041,Proprietary,213,227,657490,333,535120,212,228,812102,337,660164,,,,,,,,,,,,,,,
4192100,AMERICAN MEDICAL ACADEMY,FL,331864830,Proprietary,94,108,328873,181,271373,95,113,449337,190,375612,,,,,,1,1,6168,1,3084,,,,,
4192200,ATHENA CAREER ACADEMY,OH,436156800,Proprietary,603,664,1839659,1132,1548913,616,683,3128428,1183,2631289,,,,,,12,12,78395,23,72693,,,,,
4192700,BARBER SCHOOL (THE) BY TIM HITE,UT,840473723,Proprietary,122,136,328593,233,282489,124,140,417909,242,356663,,,,,,3,3,22224,5,22224,,,,,
4193000,RIO GRANDE VALLEY COLLEGE,TX,785779627,Proprietary,682,752,2734201,1228,2364678,681,776,2327157,1261,2022002,,,,,,18,21,133277,35,111471,,,,,
4193100,ALEXANDER ACADEMY,MA,014620000,Proprietary,41,41,100701,70,84951,41,41,149917,71,122917,,,,,,2,2,16600,4,16600,,,,,
4193200,ROCKY MOUNTAIN UNIVERSITY OF HEALTH PROFESSIONS,UT,846066101,Proprietary,,,,,,,,,,,1212,1606,33331863,2524,26533263,,,,,,751,1006,32852710,1635,25887977
4193700,JOHN PAUL THE GREAT CATHOLIC UNIVERSITY,CA,920252601,Private-Nonprofit,107,120,451255,252,319267,127,150,524786,309,387860,,,,,,22,23,312034,47,248067,,,,,
4194400,AMERICAN COLLEGE OF HEALTHCARE SCIENCES,OR,972393914,Proprietary,744,1125,2884381,1962,2564675,634,929,3221496,1658,2882057,228,372,3767062,697,3463419,1,3,45800,5,37904,28,48,724317,87,633064
4194500,AVEDA INSTITUTE TUCSON,AZ,857014876,Proprietary,423,466,1292605,792,1112717,464,522,1706063,917,1491837,,,,,,53,59,470183,113,445245,,,,,
4194900,TILLAMOOK BAY COMMUNITY COLLEGE,OR,971412807,Public,25,26,79875,54,79875,23,24,81125,47,81125,,,,,,,,,,,,,,,
4195400,UNITEK COLLEGE,CA,945417026,Proprietary,412,461,1553460,695,1208914,430,488,1946142,745,1522107,,,,,,47,53,660889,83,547838,,,,,
4197500,UNIVERSITY ACADEMY OF HAIR DESIGN,AL,354015621,Proprietary,16,16,51457,30,47957,17,20,76170,38,73170,,,,,,1,1,8330,1,8330,,,,,
4197600,"FLORIDA INSTITUTE OF RECORDING, SOUND AND TECHNOLOGY",FL,328106121,Proprietary,765,951,2423484,1581,2022125,757,957,3109662,1583,2530242,,,,,,79,80,1140542,141,1020129,,,,,
4203100,PAUL MITCHELL THE SCHOOL RENO,NV,895023356,Proprietary,97,109,335027,173,273775,102,112,360358,174,290692,,,,,,8,8,72825,13,62780,,,,,
4203200,BOISE BARBER COLLEGE A D.MARTIN ACADEMY,ID,837091695,Proprietary,40,46,149986,79,131762,28,29,125346,49,107321,,,,,,,,,,,,,,,
4203300,AVEDA INSTITUTE DES MOINES,IA,502668137,Proprietary,146,187,544643,340,499575,151,194,570132,354,528003,,,,,,24,24,201737,43,181635,,,,,
4203400,ARKANSAS STATE UNIVERSITY - NEWPORT,AR,721129073,Public,552,561,1855855,835,1541138,476,487,2311499,738,1937841,,,,,,,,,,,,,,,
4203500,AUSTIN KADE ACADEMY,ID,834045540,Proprietary,84,89,252655,144,205346,83,87,325492,141,256954,,,,,,,,,,,,,,,
4203600,FRANKLIN HAIR ACADEMY SCHOOL OF COSMETOLOGY,TN,370642126,Proprietary,18,18,51419,26,38833,19,21,87268,34,77633,,,,,,,,,,,,,,,
4203800,WOODRUFF MEDICAL AND WELLNESS TRAINING,GA,300845865,Proprietary,27,27,71871,39,59696,27,27,125856,37,99385,,,,,,1,1,1824,1,1824,,,,,
4204000,ASPEN BEAUTY ACADEMY - LAUREL,MD,207242013,Proprietary,70,75,224098,121,190856,68,71,272321,114,229554,,,,,,7,8,56726,12,46447,,,,,
4204300,"AESTHETIC SCIENCE INSTITUTE, (THE)",NY,121101095,Proprietary,73,82,191647,147,174989,70,78,203658,142,182661,,,,,,5,5,42816,9,40216,,,,,
4204500,ELAINE STERLING INSTITUTE (THE),GA,303260000,Proprietary,639,725,1604041,1234,1341231,645,751,2299341,1296,1924249,,,,,,49,57,327959,103,290397,,,,,
4204700,PAUL MITCHELL THE SCHOOL RALEIGH,NC,276127358,Proprietary,74,78,224680,115,182930,76,80,281819,125,230696,,,,,,5,5,40345,7,31172,,,,,
4204800,AMERICAN COLLEGE OF BARBERING,KY,402292862,Proprietary,73,85,243114,148,214379,74,87,350466,149,305163,,,,,,1,1,7395,2,7395,,,,,
4205200,WADE GORDON HAIRDRESSING ACADEMY,TX,791091708,Proprietary,201,217,476185,362,405785,207,226,564540,394,472132,,,,,,5,5,51765,7,33896,,,,,
4205300,Y'S HAIR INTERNATIONAL,KS,662121457,Proprietary,79,91,195065,163,171315,78,90,280738,163,245072,,,,,,,,,,,,,,,
4205500,LIL LOU'S BEAUTY AND BARBER COLLEGE,IN,464092404,Proprietary,87,97,281307,143,209136,85,95,356264,141,268938,,,,,,,,,,,,,,,
4206300,FVI SCHOOL OF NURSING AND TECHNOLOGY,FL,331543762,Proprietary,1161,1356,4663943,2155,3833514,1155,1317,6116178,2123,4982827,,,,,,78,87,342652,145,291881,,,,,
4206400,HELMS COLLEGE,GA,309073835,Private-Nonprofit,191,218,616335,377,492649,191,218,924448,379,736533,,,,,,12,12,114309,22,76516,,,,,
4206500,MYCOMPUTERCAREER AT RALEIGH,NC,276063365,Proprietary,960,969,3031779,1735,2861044,936,945,5006845,1708,4723816,,,,,,37,38,418740,69,408315,,,,,
4206700,ELITE WELDING ACADEMY,OH,452461013,Proprietary,77,77,246742,128,216992,77,77,314726,131,271726,,,,,,11,11,111838,20,105944,,,,,
4206800,ADVANCE BEAUTY TECHS ACADEMY,CA,928796572,Proprietary,87,92,189075,155,157485,92,97,239301,168,197621,,,,,,5,6,9642,12,9642,,,,,
4207000,SCHOOL OF MISSIONARY AVIATION TECHNOLOGY,MI,488467412,Private-Nonprofit,7,11,40750,21,40750,8,13,64535,25,64535,,,,,,,,,,,,,,,
4207500,MEDICAL CAREER INSTITUTE,NJ,077127202,Proprietary,99,100,324693,158,252229,105,106,446526,168,340446,,,,,,,,,,,,,,,
4208400,RIVERSIDE COUNTY OFFICE OF EDUCATION,CA,925082321,Public,76,76,179376,144,179376,68,68,158226,130,158226,,,,,,,,,,,,,,,
4208600,RELAY GRADUATE SCHOOL OF EDUCATION,NY,100041061,Private-Nonprofit,,,,,,,,,,,621,1128,6266175,1128,6266175,,,,,,,,,,
4208700,COLORADO STATE UNIVERSITY - GLOBAL CAMPUS,CO,802020000,Public,3210,4136,13396194,10553,11338495,3407,4376,22324020,11121,19009142,1755,2383,32366182,6126,27310290,7,9,78277,25,62755,73,91,1119832,243,921937
4208900,ADVANCED CAREER INSTITUTE,CA,932910000,Proprietary,270,270,725491,443,607727,266,266,1006042,440,838958,,,,,,43,43,190888,72,158215,,,,,
4209300,PAUL MITCHELL THE SCHOOL OVERLAND PARK,KS,662124050,Proprietary,105,123,347272,225,326268,128,158,525130,295,486030,,,,,,18,20,192693,36,183043,,,,,
4209500,SHEAR FINESSE BEAUTY ACADEMY,FL,322080000,Proprietary,16,17,39406,30,35322,17,18,56152,30,50252,,,,,,,,,,,,,,,
4209600,INSTITUTE OF HEALTH SCIENCES,MD,210311408,Proprietary,96,104,283900,178,244500,96,108,424833,183,358183,,,,,,,,,,,,,,,
4209800,HINTON BARBER AND BEAUTY COLLEGE,CA,945904547,Proprietary,22,22,66240,35,53990,22,24,85357,39,72413,,,,,,2,2,21000,4,21000,,,,,
4210100,STELLA AND CHARLES GUTTMAN COMMUNITY COLLEGE,NY,100182602,Public,27,27,81955,50,80205,25,25,74644,48,74644,,,,,,,,,,,,,,,
4210300,NIMA NATIONAL INSTITUTE OF MEDICAL AESTHETICS,UT,840953519,Proprietary,301,349,987956,627,889956,300,344,1182299,623,1047300,,,,,,40,40,491606,77,476406,,,,,
4210700,NEW YORK INSTITUTE OF BEAUTY,NY,117491479,Proprietary,94,94,229155,150,188910,98,99,291078,161,238997,,,,,,19,19,160113,32,124940,,,,,
4210800,NRI INSTITUTE OF HEALTH SCIENCES,FL,334114221,Proprietary,141,181,614158,297,523500,141,183,813393,302,702188,,,,,,1,1,4236,1,4236,,,,,
4211000,SALON PROFESSIONAL ACADEMY (THE),AL,358161849,Proprietary,38,40,126750,67,108500,41,43,153641,74,132974,,,,,,,,,,,,,,,
4211200,BRIGHTON INSTITUTE OF COSMETOLOGY,MI,481168360,Proprietary,16,16,41451,29,36784,23,28,117246,47,103568,,,,,,1,1,5000,1,2500,,,,,
4211800,COLLEGE OF WESTERN IDAHO,ID,836875505,Public,1354,1523,4241084,2236,3953354,622,706,2038211,1010,1940591,,,,,,7,7,72917,12,72917,,,,,
4211900,XAVIER COLLEGE SCHOOL OF NURSING,CA,952021332,Proprietary,47,47,152320,94,152320,49,49,197237,98,197237,,,,,,,,,,,,,,,
4212000,LAWRENCE & COMPANY COLLEGE OF COSMETOLOGY,CA,932304102,Proprietary,21,27,68692,52,68692,24,33,81637,64,81637,,,,,,,,,,,,,,,
4212100,ACADEMY OF SALON PROFESSIONALS,MO,653016910,Proprietary,45,49,139812,76,117040,42,46,141367,74,119269,,,,,,2,2,32318,2,20065,,,,,
4213200,KAIZEN BEAUTY ACADEMY,FL,330246609,Proprietary,8,8,13334,12,8375,7,7,14089,12,10770,,,,,,,,,,,,,,,
4213400,ACCESS CAREERS,NY,115500000,Proprietary,39,39,131250,64,112000,40,40,102879,66,83240,,,,,,,,,,,,,,,
4213500,SHARP EDGEZ BARBER INSTITUTE,NY,146150000,Proprietary,38,38,86250,75,86250,39,39,124255,76,124255,,,,,,7,7,28873,14,28873,,,,,
4213800,SALON PROFESSIONAL ACADEMY (THE),TN,372142163,Proprietary,19,26,80750,47,77500,28,37,104550,69,100884,,,,,,4,6,48840,10,42490,,,,,
4214500,PRESTIGE HEALTH & BEAUTY SCIENCES ACADEMY,FL,330094660,Proprietary,16,16,46018,29,41934,16,16,58868,29,52534,,,,,,,,,,,,,,,
4214700,LUCKES BEAUTY ACADEMY,VA,236011303,Proprietary,17,18,56461,25,40961,16,17,74153,23,49677,,,,,,1,1,3897,2,3897,,,,,
4215000,TOTAL TRANSFORMATION INSTITUTE OF COSMETOLOGY,TX,786668115,Proprietary,86,87,216731,126,161775,86,86,288751,124,214099,,,,,,3,3,36961,6,36961,,,,,
4215100,CALIFORNIA CAREER INSTITUTE,CA,928065100,Proprietary,554,570,1917705,877,1495268,547,564,2743487,875,2130193,,,,,,8,8,110864,13,99677,,,,,
4215200,VIBE BARBER COLLEGE,TN,381072538,Proprietary,17,17,54000,26,43500,18,18,77847,28,59847,,,,,,,,,,,,,,,
4215400,GRACE SCHOOL OF THEOLOGY,TX,773844894,Private-Nonprofit,11,11,45000,32,45000,10,10,66500,32,66500,9,9,100000,25,90500,,,,,,1,1,20400,4,13600
4215500,CHAMP'S BARBER SCHOOL,PA,176033809,Proprietary,47,49,131563,81,107963,46,48,200200,78,162742,,,,,,,,,,,,,,,
4216000,UNIVERSAL TRAINING INSTITUTE,NJ,088614106,Proprietary,143,145,360272,240,279772,140,142,524163,232,396089,,,,,,7,7,55538,11,36216,,,,,
4216500,CENTER FOR THE HEALING ARTS,NJ,080431911,Proprietary,23,23,51382,36,40851,24,24,85792,38,68060,,,,,,,,,,,,,,,
4216800,BONNIE JOSEPH ACADEMY OF COSMETOLOGY & BARBERING,UT,840322044,Proprietary,4,4,14000,6,10500,5,5,25501,8,22168,,,,,,,,,,,,,,,
4216900,SAN IGNACIO UNIVERSITY,FL,331782785,Proprietary,7,9,35806,14,30244,7,9,59235,14,43385,3,3,45638,6,45638,,,,,,,,,,
4217000,HEALTHCARE TRAINING INSTITUTE,LA,700627630,Proprietary,83,83,316300,152,294800,144,144,957810,257,885290,,,,,,1,1,6000,1,3000,,,,,
4217400,HIGH TECH HIGH GRADUATE SCHOOL OF EDUCATION,CA,921066025,Private-Nonprofit,,,,,,,,,,,31,31,453933,90,451266,,,,,,1,1,15000,3,15000
4217500,J D ACADEMY OF SALON AND SPA,CA,945264012,Proprietary,51,55,136044,106,119134,61,72,183532,134,157523,,,,,,10,10,140774,20,122016,,,,,
4217600,SESSIONS COLLEGE FOR PROFESSIONAL DESIGN,AZ,852812863,Proprietary,166,196,570828,299,488787,158,182,797431,275,681444,,,,,,4,6,29126,10,22163,,,,,
4217800,BOCA BEAUTY ACADEMY,FL,334344178,Proprietary,262,282,652543,483,564694,263,284,760475,495,649345,,,,,,37,37,271468,64,239089,,,,,
4218300,MIDWIVES COLLEGE OF UTAH,UT,841062671,Private-Nonprofit,68,68,266789,82,165926,60,61,326205,74,204410,1,1,10250,1,10250,,,,,,,,,,
4218400,CITY POINTE BEAUTY ACADEMY,MO,648702502,Proprietary,57,61,175929,109,164032,50,54,176211,94,161007,,,,,,4,5,33994,9,31685,,,,,
4218500,INNOVATE SALON ACADEMY,NJ,070800000,Proprietary,432,461,1216525,818,1075406,467,509,1466921,921,1288981,,,,,,41,41,414466,80,411725,,,,,
4218900,ROCKY VISTA UNIVERSITY,CO,801349498,Proprietary,,,,,,,,,,,1088,1343,51283342,2319,46872749,,,,,,1059,1630,68893796,2554,62105539
4219000,WASHINGTON UNIVERSITY OF SCIENCE AND TECHNOLOGY,VA,223140000,Proprietary,9,12,35700,28,28867,7,9,29395,19,21932,6,7,49270,15,39692,,,,,,,,,,
4219100,ALEXANDER PAUL INSTITUTE OF HAIR DESIGN,NC,278583344,Proprietary,33,40,114336,74,106086,37,49,147484,92,136484,,,,,,5,7,87398,14,87398,,,,,
4219300,EAST-WEST HEALING ARTS INSTITUTE,WI,537191133,Proprietary,3,3,9333,4,6223,3,3,15999,4,10667,,,,,,,,,,,,,,,
4220000,DESIGNER BARBER & STYLIST SCHOOL,AR,729033753,Proprietary,57,64,187314,107,160564,50,56,186946,96,158880,,,,,,,,,,,,,,,
4220200,MORE TECH INSTITUTE,FL,330122165,Proprietary,64,64,196701,100,150501,64,64,308131,100,238724,,,,,,,,,,,,,,,
4220400,CHRYSM INSTITUTE OF ESTHETICS (THE),VA,234528503,Proprietary,191,201,418519,345,366538,191,202,612715,346,542072,,,,,,19,19,105917,38,105917,,,,,
4220500,BUTTE COUNTY REGIONAL OCCUPATIONAL PROGRAM,CA,959287191,Public,3,3,7583,5,7583,4,4,16415,9,16415,,,,,,,,,,,,,,,
4221000,"STANDARD HEALTHCARE SERVICES, COLLEGE OF NURSING",VA,220430000,Proprietary,569,670,2011106,1117,1652449,541,630,2894042,1060,2387199,,,,,,1,2,10853,5,10853,,,,,
4221300,PHILADELPHIA TECHNICIAN TRAINING INSTITUTE,PA,191381324,Private-Nonprofit,1129,1206,3474032,1909,2917020,1101,1182,4965492,1917,4167714,,,,,,42,42,331492,70,286367,,,,,
4221400,PAUL MITCHELL THE SCHOOL DENVER,CO,802267395,Proprietary,131,144,423766,237,356811,133,146,446125,241,376249,,,,,,17,18,121967,30,109767,,,,,
4221700,ZMS THE ACADEMY,CA,900331878,Proprietary,18,18,40580,30,32416,14,14,37609,23,30074,,,,,,,,,,,,,,,
4222000,ARCLABS,SC,296736729,Proprietary,636,647,2067779,1059,1762823,638,652,2731141,1091,2298213,,,,,,129,132,1520437,237,1379210,,,,,
4222200,FAB SCHOOL (THE),CA,917309114,Proprietary,36,36,92980,60,79816,39,40,98234,67,85428,,,,,,26,29,716794,49,599336,,,,,
4223100,ARROJO ACADEMY,NY,100144960,Proprietary,75,86,184095,149,145989,69,82,239513,144,187785,,,,,,3,3,16142,4,10492,,,,,
4223400,INTERAMERICAN TECHNICAL INSTITUTE,FL,331742900,Proprietary,422,422,1467025,749,1309593,413,413,2384900,733,2132700,,,,,,,,,,,,,,,
4223500,LYNNES WELDING TRAINING,ND,581024018,Proprietary,37,37,75450,70,72219,35,35,80096,66,75789,,,,,,6,6,88314,11,82343,,,,,
4223600,ACADEMY OF INTERACTIVE ENTERTAINMENT,WA,981094623,Private-Nonprofit,20,20,62782,32,55075,18,18,55384,29,46384,,,,,,1,1,12400,1,6200,,,,,
4223700,BAY AREA MEDICAL ACADEMY,CA,941083623,Proprietary,24,24,75637,36,58023,15,15,60000,21,40081,,,,,,,,,,,,,,,
4223800,ELECTRICAL AND HVAC/R TRAINING CENTER,NY,117262701,Proprietary,147,147,339917,260,300273,156,156,445855,279,396205,,,,,,19,19,171032,33,148030,,,,,
4223900,MIND BODY INSTITUTE,TN,371152120,Proprietary,20,20,48711,31,38260,20,20,73898,30,56368,,,,,,1,1,10409,1,5205,,,,,
4224100,COSMETOLOGY ACADEMY OF TEXARKANA,TX,755034855,Proprietary,64,71,174261,122,162883,63,68,192545,110,183295,,,,,,1,1,8000,2,8000,,,,,
4224200,BELLE ACADEMY OF COSMETOLOGY,CT,067040135,Proprietary,11,14,30592,25,28605,13,14,38877,26,37877,,,,,,2,2,4259,4,4259,,,,,
4224300,VALOR CHRISTIAN COLLEGE,OH,431100000,Private-Nonprofit,334,443,1392497,1071,1242685,313,385,1767336,947,1579086,,,,,,8,9,135183,18,135183,,,,,
4224400,NETWORKS BARBER COLLEGE,IL,604093401,Proprietary,51,57,181311,95,151061,52,58,223706,126,189372,,,,,,,,,,,,,,,
4224500,TRENZ BEAUTY ACADEMY,IL,604090000,Proprietary,43,43,142213,57,93297,43,43,184839,57,116507,,,,,,,,,,,,,,,
4224600,BARBER SCHOOL OF PITTSBURGH,PA,152165537,Proprietary,81,90,244556,157,221744,81,90,344826,163,306612,,,,,,5,5,29672,10,29672,,,,,
4224700,JB'S HAIR DESIGN AND BARBER COLLEGE,OK,731391602,Proprietary,51,60,175451,99,155951,52,61,267128,102,237128,,,,,,1,2,12338,4,12338,,,,,
4225000,PARISIAN SPA INSTITUTE,FL,322044127,Proprietary,121,125,233156,217,207773,120,125,366522,221,328604,,,,,,9,10,46170,20,43670,,,,,
4225300,CREATIVE TOUCH COSMETOLOGY SCHOOL,IL,622981609,Proprietary,6,10,33000,16,26750,8,14,43483,22,34343,,,,,,2,2,13617,4,13617,,,,,
4225500,WESTCHESTER SCHOOL FOR MEDICAL & DENTAL ASSISTANTS,NY,105021047,Proprietary,46,46,136619,79,119121,45,45,74671,77,65841,,,,,,1,1,7160,2,7160,,,,,
4225700,LABARBERIA INSTITUTE OF HAIR,OH,441240000,Proprietary,163,189,672578,316,593085,162,188,928549,323,822228,,,,,,3,5,37783,10,37783,,,,,
4226000,BOS-MAN'S BARBER COLLEGE,LA,711082653,Proprietary,44,47,154250,74,120000,44,47,100498,74,79831,,,,,,,,,,,,,,,
4226100,LAWRENCE & COMPANY COLLEGE OF COSMETOLOGY,CA,936623509,Proprietary,38,39,106665,62,86249,37,38,158223,60,125223,,,,,,2,2,24928,3,18689,,,,,
4226300,BARBER AND BEAUTY ACADEMY OF PENNSYLVANIA,PA,171092103,Proprietary,25,25,46087,43,39668,22,22,47441,39,42441,,,,,,1,1,7725,2,7725,,,,,
4226400,MT TRAINING CENTER,TX,751150000,Proprietary,293,337,880363,600,818386,292,337,1477133,600,1372895,,,,,,1,1,2423,2,2423,,,,,
4226700,ALABAMA COLLEGE OF OSTEOPATHIC MEDICINE,AL,363032251,Private-Nonprofit,,,,,,,,,,,610,615,26835064,1201,26835064,,,,,,540,640,22646346,1254,22646346
4227100,AMERICA EVANGELICAL UNIVERSITY,CA,902474432,Private-Nonprofit,47,47,171321,74,126729,37,37,122555,57,86576,16,20,218015,35,161596,,,,,,,,,,
4227500,MERRYFIELD SCHOOL OF PET GROOMING,FL,333344925,Proprietary,67,68,186063,96,131656,67,67,292429,97,209431,,,,,,2,2,11183,3,11183,,,,,
4227800,BETHANY GLOBAL UNIVERSITY,MN,554382849,Private-Nonprofit,14,14,46467,25,46467,16,16,76901,30,76901,,,,,,,,,,,,,,,
4228100,HIGH DESERT MEDICAL COLLEGE,CA,935341134,Proprietary,2031,2166,7957645,4032,6298999,1999,2155,9918963,4037,7867232,,,,,,361,383,3586552,750,2964240,,,,,
4228300,PAUL MITCHELL THE SCHOOL SCHENECTADY,NY,123052303,Proprietary,109,120,275411,216,267081,114,131,335860,231,318220,,,,,,20,22,315034,43,301909,,,,,
4228400,BEYOND MEASURE BARBERING INSTITUTE,NC,273022323,Proprietary,37,38,110807,52,85373,32,33,122440,46,98012,,,,,,1,1,4500,2,4500,,,,,
4228600,TOP OF THE LINE BARBER COLLEGE,SC,294034814,Proprietary,41,44,136542,59,96088,43,46,191989,62,129176,,,,,,1,1,20200,2,20200,,,,,
4229100,ADVANTAGE CAREER INSTITUTE,NJ,077240000,Proprietary,112,113,244840,191,215381,114,114,362825,194,320021,,,,,,15,15,74857,29,74857,,,,,
4229200,JUPITER BEAUTY ACADEMY,MA,021222834,Proprietary,38,38,93307,57,72041,30,30,72512,45,54911,,,,,,,,,,,,,,,
4229300,MEDQUEST COLLEGE,KY,402233836,Proprietary,504,559,1570879,980,1277018,493,543,1905825,992,1516082,,,,,,20,20,193565,44,182701,,,,,
4229400,MIDFIELD INSTITUTE OF COSMETOLOGY,AL,352282233,Private-Nonprofit,6,6,17684,9,12434,6,6,32700,9,23700,,,,,,,,,,,,,,,
4229500,TEXAS A&M UNIVERSITY - CENTRAL TEXAS,TX,765495901,Public,706,748,2847560,1185,2845310,646,758,3457885,1135,3453635,379,486,4972786,714,4972786,22,23,236589,43,236589,3,3,19540,4,19540
4229700,FIRST COAST BARBER ACADEMY,FL,322028054,Proprietary,37,40,81922,56,58264,39,43,120562,61,86561,,,,,,,,,,,,,,,
4229900,DEBUTANTES SCHOOL OF BEAUTY,IL,601153301,Proprietary,29,30,73766,42,58698,33,36,97043,50,69084,,,,,,1,1,6634,1,3317,,,,,
4230200,PAUL MITCHELL THE SCHOOL FARMINGTON HILLS,MI,483345224,Proprietary,68,84,265668,144,235418,73,91,288921,154,261001,,,,,,4,4,35234,8,35234,,,,,
4230300,PAUL MITCHELL THE SCHOOL MERRILLVILLE,IN,464105540,Proprietary,78,90,279056,159,245980,94,110,306369,193,268941,,,,,,,,,,,,,,,
4230500,PAUL MITCHELL THE SCHOOL  GRAND RAPIDS,MI,495121781,Proprietary,56,64,202859,103,166472,65,78,262165,123,213964,,,,,,4,4,40663,6,35588,,,,,
4230700,UNIVERSITY OF THE HIGHLANDS AND ISLANDS,,IV2 3JH,Foreign-Private,3,3,12500,6,12500,4,4,21500,8,21500,2,2,41000,3,30750,1,1,37525,2,37525,1,1,25753,2,25753
4230900,TIGI HAIRDRESSING ACADEMY NEWTOWN,CT,064700000,Proprietary,60,65,198086,119,180911,72,80,270345,150,245500,,,,,,11,15,128334,32,124888,,,,,
4231000,STUDIO BEAUTY SCHOOL,WA,992063646,Proprietary,53,60,149637,109,139105,54,63,209975,114,191331,,,,,,,,,,,,,,,
4231200,NEECEE'S BARBER COLLEGE,TX,796027835,Proprietary,38,40,81790,66,71895,35,37,112338,65,95470,,,,,,3,3,26456,5,26456,,,,,
4231900,ALAMO CITY BARBER COLLEGE,TX,782503227,Proprietary,98,109,185547,192,161960,60,62,86202,117,73751,,,,,,2,2,12032,4,12032,,,,,
4232000,STUDIO INCAMMINATI,PA,191482384,Private-Nonprofit,4,4,17000,6,13500,4,4,21000,6,17000,,,,,,1,1,45000,1,22500,,,,,
4232300,HVAC TECHNICAL INSTITUTE,IL,606324457,Proprietary,127,127,319446,199,251258,128,128,378391,201,290351,,,,,,,,,,,,,,,
4232800,JOHN PATRICK UNIVERSITY OF HEALTH AND APPLIED SCIENCES,IN,466012352,Proprietary,334,356,1446765,638,1217657,333,362,2161099,630,1761779,30,32,615012,54,524924,,,,,,11,12,191320,22,181820
4233100,ARIZONA SCHOOL OF INTEGRATIVE STUDIES,AZ,852107311,Proprietary,78,78,234665,119,179823,81,82,436557,126,335072,,,,,,,,,,,,,,,
4233400,LEE PROFESSIONAL INSTITUTE,FL,339169320,Proprietary,92,92,214636,170,198312,92,92,271159,170,251647,,,,,,6,6,9024,10,7520,,,,,
4233700,"CHRISTINE VALMY INTERNATIONAL SCHOOL FORESTHETICS, SKIN CARE & MAKE-UP",NY,100365501,Proprietary,328,328,737752,573,657150,320,320,932660,569,809951,,,,,,26,26,85280,52,81927,,,,,
4233900,ATLANTIS UNIVERSITY,FL,331360000,Proprietary,82,103,311925,160,266284,34,45,98121,67,80628,140,185,2494469,343,2250134,2,2,8571,3,8571,3,3,30288,6,30288
4234000,SAN FRANCISCO FILM SCHOOL,CA,941042835,Proprietary,50,70,243910,121,212410,50,70,368140,119,317140,,,,,,,,,,,,,,,
4234200,CENTER FOR ULTRASOUND RESEARCH & EDUCATION,NY,106045104,Proprietary,186,214,761676,331,584473,193,224,919142,350,716864,,,,,,32,33,373831,60,326697,,,,,
4234600,PARK PLACE PREMIER BARBER SCHOOL,LA,701223808,Proprietary,11,11,25000,16,23500,11,11,34833,16,32833,,,,,,,,,,,,,,,
4234900,AMG SCHOOL OF NURSING,NY,112011728,Proprietary,580,581,1942325,823,1588886,582,583,2310188,832,1896611,,,,,,13,13,81806,17,63718,,,,,
4235000,FELBRY COLLEGE-SCHOOL OF NURSING,OH,432312256,Proprietary,213,274,901328,439,752258,204,263,1290609,425,1084841,,,,,,3,4,16100,5,13600,,,,,
4235400,SAINT MICHAEL COLLEGE OF ALLIED HEALTH,DC,200022512,Proprietary,140,141,436479,230,268555,141,142,707091,231,432258,,,,,,2,2,28000,3,16334,,,,,
4235900,BELLA COSMETOLOGY AND BARBER COLLEGE,TX,754020000,Proprietary,60,67,153511,222,119814,63,71,190020,229,150599,,,,,,,,,,,,,,,
4236400,SANDRA ACADEMY OF SALON SERVICES,TN,378257239,Proprietary,94,102,294121,172,249104,95,103,382935,176,324509,,,,,,,,,,,,,,,
4236800,FOUNTAIN OF YOUTH ACADEMY OF COSMETOLOGY,PA,152171602,Proprietary,97,97,211855,140,150838,97,97,307042,137,220052,,,,,,,,,,,,,,,
4237100,SALON PROFESSIONAL ACADEMY (THE),CA,951295101,Proprietary,98,100,265976,171,230887,109,111,352288,189,298226,,,,,,2,2,15242,3,10908,,,,,
4237200,MONTEFIORE SCHOOL OF NURSING,NY,105502009,Private-Nonprofit,89,89,314834,153,309959,90,91,499480,155,489851,,,,,,,,,,,,,,,
4237600,CALIFORNIA JAZZ CONSERVATORY,CA,947041268,Private-Nonprofit,1,1,1750,1,1750,1,1,3000,1,3000,,,,,,,,,,,,,,,
4237800,CALIFORNIA BARBER & BEAUTY COLLEGE,CA,921154730,Proprietary,21,24,63784,41,55034,7,9,15736,17,14861,,,,,,,,,,,,,,,
4238400,FLORIDA INTERNATIONAL TRAINING INSTITUTE,FL,331221507,Proprietary,241,241,654729,400,550811,240,240,1034667,396,872699,,,,,,,,,,,,,,,
4238600,GOULD'S ACADEMY,TN,381195317,Proprietary,239,260,730738,436,630745,248,268,835978,467,720718,,,,,,14,14,55619,25,48413,,,,,
4238700,DERMAL SCIENCE INTERNATIONAL AESTHETICS & NAIL ACADEMY,VA,201905226,Proprietary,10,12,25663,23,25080,14,20,58665,38,56749,,,,,,,,,,,,,,,
4239300,VIRGINIA BARBER SCHOOL (THE),VA,232271623,Proprietary,24,25,84500,32,54375,26,28,143250,36,94125,,,,,,,,,,,,,,,
4239500,VIRGINIA UNIVERSITY OF INTEGRATIVE MEDICINE,VA,221823913,Private-Nonprofit,,,,,,2,2,8983,3,8983,237,294,4944939,609,3744405,,,,,,,,,,
4239600,KENTUCKY HORSESHOEING SCHOOL,KY,404751810,Proprietary,30,40,114919,72,103486,29,39,100203,70,90196,,,,,,10,11,206514,19,194014,,,,,
4240100,AMERICAN UNIVERSITY OF ANTIGUA COLLEGE OF MEDICINE,,,Foreign-For-Profit,,,,,,,,,,,389,389,7697871,471,4760059,,,,,,405,416,27380866,517,16771524
4240200,AVIATION INSTITUTE OF MAINTENANCE,CA,945397663,Proprietary,380,523,1917374,871,1610032,396,526,2468528,869,2080370,,,,,,57,70,605987,120,530951,,,,,
4240400,ANA G. MENDEZ UNIVERSITY,FL,328221733,Private-Nonprofit,3621,3679,12840432,7950,12651010,3475,3528,17608521,7593,17336353,3609,3659,60870340,7978,60147357,2,2,22000,6,22000,182,222,3413690,387,3389555
4240500,PAUL MITCHELL THE SCHOOL TULSA,OK,741341410,Proprietary,166,185,525848,326,469098,164,186,622258,335,552846,,,,,,13,15,148681,28,140130,,,,,
4240700,IMAGE MAKER BEAUTY INSTITUTE,TN,370754488,Proprietary,38,46,136848,82,123345,47,61,198173,108,170756,,,,,,8,8,64263,14,58902,,,,,
4241200,MARY IMMACULATE COLLEGE,,,Foreign-Public,1,1,4500,2,4500,1,1,2000,2,2000,1,1,20500,2,20500,1,1,6500,2,6500,1,1,9495,1,9495
4241800,ACADEMY OF PROFESSIONAL COSMETOLOGY,AR,727562084,Proprietary,63,65,170037,113,148327,51,53,159808,93,143974,,,,,,,,,,,,,,,
4242000,LATIN BEAUTY ACADEMY,FL,334156104,Proprietary,186,197,459947,362,411687,186,197,695586,359,620454,,,,,,,,,,,,,,,
4242100,UNIVERSITY OF NORTH TEXAS AT DALLAS,TX,752414600,Public,797,844,3238630,1369,3082742,700,762,3403966,1224,3286861,508,594,8802849,1005,8700886,44,45,424567,79,424567,127,155,2574297,267,2553465
4242300,DALTON INSTITUTE OF ESTHETICS AND COSMETOLOGY,GA,307208402,Proprietary,24,27,78415,48,71851,22,25,80803,46,74136,,,,,,,,,,,,,,,
4242500,ASSOCIATED BARBER COLLEGE OF SAN DIEGO,CA,921014210,Proprietary,84,100,255862,165,207470,84,100,371481,167,298277,,,,,,1,1,842,2,842,,,,,
4242600,ABCO TECHNOLOGY,CA,900432808,Proprietary,25,28,86240,59,69543,26,26,122513,53,89134,,,,,,,,,,,,,,,
4242800,COALITION OF AFRICAN AMERICAN NURSES,IL,604433821,Private-Nonprofit,74,74,226969,91,176404,79,79,354288,96,271596,,,,,,,,,,,,,,,
4243100,ALHAMBRA MEDICAL UNIVERSITY,CA,918031310,Proprietary,,,,,,,,,,,19,20,303999,62,297237,,,,,,1,1,34000,2,24666
4243300,GARDEN STATE SCIENCE AND TECHNOLOGY INSTITUTE,NJ,073062714,Proprietary,732,732,2481001,1048,1805056,723,723,3861092,1073,2806937,,,,,,2,2,13478,4,13478,,,,,
4243400,LIONEL UNIVERSITY,CA,930132912,Proprietary,216,234,644671,548,644671,201,207,822173,500,822173,24,25,342178,65,342178,,,,,,,,,,
4243500,BARBER TECH ACADEMY,SC,291156069,Proprietary,57,59,179732,86,137458,60,63,246052,96,194344,,,,,,,,,,,,,,,
4243800,ABRAHAM LINCOLN UNIVERSITY,CA,912101211,Proprietary,20,21,88045,37,81795,19,20,103072,36,93572,66,70,1118924,99,784856,,,,,,,,,,
4244000,CALIFORNIA INTERCONTINENTAL UNIVERSITY,SD,571037045,Proprietary,179,214,659710,339,535236,162,189,672386,307,559326,293,340,5230608,626,4351074,,,,,,72,82,1281136,160,1075225
4244300,ANTIOCH COLLEGE,OH,453871683,Private-Nonprofit,76,76,244613,188,244613,49,49,118838,114,118838,,,,,,4,4,41456,12,41456,,,,,
4244500,NORWICH UNIVERSITY OF THE ARTS,,NR2 4SN,Foreign-Private,13,13,53837,39,53837,18,18,74663,52,74663,,,,,,10,11,312611,31,312611,,,,,
4244600,AMERICARE TECHNICAL SCHOOL,IL,600683143,Proprietary,94,95,296254,128,194824,95,96,475370,129,307747,,,,,,,,,,,,,,,
4244700,MED COLLEGE,FL,330184937,Proprietary,581,750,2648506,1542,1950872,585,706,3367044,1458,2488368,,,,,,50,58,297430,129,222021,,,,,
4244900,SONORAN DESERT INSTITUTE,AZ,852813376,Proprietary,1666,2101,5371995,3420,4590490,1580,1952,7826602,3173,6635595,,,,,,,,,,,,,,,
4245400,INFINITY COLLEGE,LA,705010000,Proprietary,225,256,853233,368,621137,217,248,1217588,359,890368,,,,,,1,1,5522,2,5522,,,,,
4245800,NATURAL IMAGES BEAUTY COLLEGE,TX,775313603,Proprietary,57,62,156325,102,128661,61,68,211722,116,172028,,,,,,10,10,83120,19,72370,,,,,
4246100,NASHVILLE FILM INSTITUTE,TN,372104225,Proprietary,31,34,116372,52,94622,31,36,147000,55,124000,,,,,,3,4,50292,8,50292,,,,,
4246200,CALIFORNIA INSTITUTE OF MEDICAL SCIENCE,CA,936120000,Proprietary,2,2,5600,4,5600,2,2,9130,4,9130,,,,,,,,,,,,,,,
4246500,MASSAGE INSTITUTE OF MEMPHIS (THE),TN,381044138,Proprietary,13,13,34077,22,28924,14,14,65448,25,58950,,,,,,,,,,,,,,,
4246600,TEXTURES INSTITUTE OF COSMETOLOGY,IN,462683635,Proprietary,35,35,101493,46,65915,35,35,148000,46,97000,,,,,,,,,,,,,,,
4246700,WILLIAMS TECHNICAL COLLEGE,LA,703602816,Proprietary,64,64,199821,92,139625,65,65,333315,94,234016,,,,,,,,,,,,,,,
4247200,WESTERN MARICOPA EDUCATION CENTER,AZ,853070000,Public,38,38,109704,53,78917,29,29,114095,38,76430,,,,,,,,,,,,,,,
4247400,EA LA MAR'S COSMETOLOGY & BARBER COLLEGE,MO,641271912,Proprietary,28,34,109953,58,95203,28,33,117462,55,98294,,,,,,,,,,,,,,,
4247600,NEW BEGINNINGS BEAUTY ACADEMY,AR,716015257,Proprietary,15,16,45640,28,39358,5,6,29333,10,23333,,,,,,,,,,,,,,,
4247700,REGINA WEBB ACADEMY,KY,421044457,Proprietary,14,17,52835,28,45167,14,17,56367,28,46367,,,,,,,,,,,,,,,
4248000,"RECORDING CONSERVATORY OF AUSTIN, (THE)",TX,787303004,Proprietary,28,29,112500,50,98000,30,31,159000,54,135000,,,,,,4,4,72187,8,72187,,,,,
4248200,DEHART TECHNICAL SCHOOL,CA,953569292,Proprietary,45,45,155750,66,115500,46,46,193216,69,144216,,,,,,5,5,64042,8,51042,,,,,
4248400,ACADEMY OF INTERACTIVE ENTERTAINMENT,LA,705064293,Private-Nonprofit,34,34,107024,65,107024,36,36,103371,67,103371,,,,,,7,7,99256,12,99256,,,,,
4248500,TEXAS A&M UNIVERSITY-SAN ANTONIO,TX,782243134,Public,2168,2303,9631331,3899,9143670,1959,2074,10255635,3462,9606003,471,552,7034653,896,6618866,54,60,662764,106,662764,18,21,119603,31,119603
4248800,WONGU UNIVERSITY OF ORIENTAL MEDICINE,NV,891232836,Private-Nonprofit,,,,,,,,,,,16,20,352709,40,243267,,,,,,9,13,228555,43,176669
4248900,VH BARBER & STYLING ACADEMY,LA,711114409,Proprietary,18,18,56935,31,50185,17,17,61826,32,50826,,,,,,,,,,,,,,,
4249000,MEDICAL CAREER AND TECHNICAL COLLEGE,KY,404752614,Proprietary,203,209,610744,299,442983,199,203,995828,296,716729,,,,,,1,1,23642,2,23642,,,,,
4249300,SALON BOUTIQUE ACADEMY,TX,750014399,Proprietary,95,95,236541,158,206585,84,84,306033,143,259046,,,,,,6,6,32755,10,28007,,,,,
4249400,CENTER FOR NEUROSOMATIC STUDIES,FL,337603712,Proprietary,6,6,17502,9,13126,7,7,34584,11,27084,,,,,,,,,,,,,,,
4249600,WESTCLIFF UNIVERSITY,CA,926145236,Proprietary,137,201,652110,341,570871,151,209,741594,354,649083,322,345,6595293,654,6378745,42,52,823464,99,797518,210,272,7320715,505,7132557
4249800,DOLCE THE ACADEMY,CT,067053271,Proprietary,41,43,124912,70,101245,40,42,135009,79,114677,,,,,,,,,,,,,,,
4250100,SANTA BARBARA AND VENTURA COLLEGES OF LAW (THE),CA,930037774,Private-Nonprofit,9,11,46500,18,43750,8,9,61000,17,57500,266,389,7358705,625,6142727,,,,,,67,92,2016121,148,1689739
4250200,FOCUS PERSONAL TRAINING INSTITUTE,NY,100016217,Proprietary,42,42,89824,68,79330,42,42,137998,68,122666,,,,,,1,1,2738,2,2738,,,,,
4250300,HAIR ACADEMY SCHOOL OF BARBERING & BEAUTY,DE,197132305,Proprietary,16,17,56000,24,39750,17,18,68142,26,50018,,,,,,,,,,,,,,,
4250500,NATIONAL PERSONAL TRAINING INSTITUTE,FL,328171478,Proprietary,39,41,93263,72,81601,40,42,158996,75,142330,,,,,,,,,,,,,,,
4250600,CALIFORNIA INSTITUTE OF ADVANCED MANAGEMENT,CA,918039180,Private-Nonprofit,,,,,,,,,,,1,1,20500,2,20500,,,,,,,,,,
4250800,MISSION BEAUTY INSTITUTE,TX,785724404,Proprietary,15,15,34140,29,32986,12,12,41292,23,39313,,,,,,,,,,,,,,,
4250900,INTER AMERICAN UNIVERSITY OF PUERTO RICO - SCHOOL OF LAW,PR,009368351,Private-Nonprofit,,,,,,,,,,,564,618,10432013,1102,10432013,,,,,,354,540,4882348,813,4882348
4251000,INTER AMERICAN UNIVERSITY OF PUERTO RICO - SCHOOL OF OPTOMETRY,PR,009576257,Private-Nonprofit,,,,,,,,,,,183,183,7088740,362,7088740,,,,,,134,157,2068233,288,2068233
4251400,ELIM BIBLE COLLEGE,NY,144859704,Private-Nonprofit,27,27,79369,48,76619,15,15,49422,27,48346,,,,,,1,1,5288,1,5288,,,,,
4251700,HOPE COLLEGE OF ARTS AND SCIENCES,FL,330693240,Proprietary,23,29,95444,53,89007,27,34,156227,62,142721,,,,,,,,,,,,,,,
4251800,GRADUATE INSTITUTE OF INTERNATIONAL AND DEVELOPMENT STUDIES (THE),,1202,Foreign-Private,,,,,,,,,,,9,9,164000,16,164000,,,,,,5,5,108834,9,108834
4252200,EDGE HILL UNIVERSITY,,L39 4QP,Foreign-Private,1,1,3500,2,3500,1,1,6000,2,6000,2,2,41000,5,41000,,,,,,2,2,24570,5,24570
4252300,PREMIER BARBER INSTITUTE,PA,194015163,Proprietary,82,91,239596,152,206660,84,93,327450,152,280500,,,,,,1,1,4300,2,4300,,,,,
4252400,WORLDCLASS ACADEMY OF BEAUTY CAREERS,FL,323106831,Proprietary,17,17,48333,33,46583,17,17,30551,33,29551,,,,,,,,,,,,,,,
4252700,PACIFIC RIM CHRISTIAN UNIVERSITY,HI,968192228,Private-Nonprofit,48,48,205438,85,192938,50,51,263443,89,243093,28,29,510100,46,499850,2,2,32430,5,30859,2,2,114572,4,114572
4252900,INTERNATIONAL BEAUTY EDUCATION CENTER,WA,990010000,Proprietary,133,151,351058,259,317521,133,155,515284,274,468442,,,,,,1,1,1266,2,1266,,,,,
4253400,CLOVIS COMMUNITY COLLEGE,CA,937305401,Public,33,33,95941,63,95941,27,28,105594,54,105594,,,,,,,,,,,,,,,
4253500,RAVENSBOURNE UNIVERSITY LONDON,,SE10 0EW,Foreign-Private,9,9,39500,17,39500,9,9,36500,17,36500,1,1,2818,1,2818,5,5,197076,10,197076,,,,,
4253600,CLAREMONT LINCOLN UNIVERSITY,CA,917114744,Private-Nonprofit,29,30,88347,61,68007,27,29,102096,59,81995,109,117,1432762,234,1042347,,,,,,,,,,
4253700,SACRAMENTO ULTRASOUND INSTITUTE,CA,958155097,Proprietary,113,135,504581,266,381954,112,132,612197,261,469752,,,,,,1,1,4267,2,4267,,,,,
4254000,PHIPPS ACADEMY OF BARBERING,IL,604711404,Proprietary,46,49,147854,78,119979,42,42,143096,71,120723,,,,,,,,,,,,,,,
4254100,TECHNOLOGY LEARNING CENTER,MA,015401411,Proprietary,18,18,35604,31,28499,19,19,39465,34,32650,,,,,,2,2,26113,4,26113,,,,,
4254200,INTER AMERICAN UNIVERSITY OF PUERTO RICO - SAN GERMAN CAMPUS,PR,006839801,Private-Nonprofit,267,283,994712,422,994712,45,47,214293,72,214293,331,348,3239381,637,3239381,14,14,84500,20,84500,5,5,87830,10,87830
4254300,PETS PLAYGROUND GROOMING SCHOOL,FL,330623705,Proprietary,7,7,16331,12,13997,7,7,23907,12,19907,,,,,,,,,,,,,,,
4254400,ARKANSAS STATE UNIVERSITY - MOUNTAIN HOME,AR,726535326,Public,261,290,856851,867,755434,229,246,1084181,742,950450,,,,,,,,,,,,,,,
4254900,CINCINNATI SCHOOL OF BARBERING & HAIR DESIGN,OH,452395538,Proprietary,40,41,140895,53,89323,18,18,84583,22,52667,,,,,,1,1,3825,1,3825,,,,,
4255100,U.S. TRUCK DRIVER TRAINING SCHOOL,MI,483124518,Proprietary,3,3,7023,6,7023,4,4,18393,8,18393,,,,,,,,,,,,,,,
4255300,HOSS LEE ACADEMY,CA,956615233,Proprietary,81,92,212127,171,192629,96,113,314060,210,287838,,,,,,15,15,161537,29,144558,,,,,
4255400,REGAN CAREER INSTITUTE,CA,917333254,Proprietary,54,55,163166,103,150148,54,55,213054,101,190563,,,,,,1,1,14378,2,14378,,,,,
4255500,ALABAMA SCHOOL OF NAIL TECHNOLOGY & COSMETOLOGY,AL,365452718,Proprietary,108,130,387570,237,359799,107,128,496253,238,460927,,,,,,1,1,2651,2,2651,,,,,
4255700,BOLIVAR TECHNICAL COLLEGE,MO,656138095,Private-Nonprofit,166,201,668507,352,602404,164,188,929163,327,835986,,,,,,5,5,75515,11,75515,,,,,
4256100,INDIANA COLLEGE OF SPORTS & MEDICAL MASSAGE,IN,462901006,Proprietary,51,51,153642,79,118448,50,52,227306,82,174714,,,,,,2,2,14000,4,14000,,,,,
4256200,KENNY'S ACADEMY OF BARBERING,IN,462222327,Proprietary,175,183,519310,252,399810,162,170,635403,236,478392,,,,,,4,5,20127,9,15669,,,,,
4256400,SAN BERNARDINO BEAUTY COLLEGE,CA,924104414,Proprietary,38,38,102273,57,73548,24,24,87535,32,54628,,,,,,,,,,,,,,,
4256600,MAK BEAUTY INSTITUTE,GA,300402783,Proprietary,12,15,40396,30,38646,8,9,40062,17,39062,,,,,,,,,,,,,,,
4256800,ARKANSAS COLLEGES OF HEALTH EDUCATION,AR,729166024,Private-Nonprofit,,,,,,,,,,,788,921,28341097,1581,27339211,,,,,,710,838,22533130,1435,21906058
4257100,UNIVERSITEIT MAASTRICHT,,6211 LK,Foreign-Private,19,19,79844,38,79844,23,23,80572,44,77322,19,19,379500,37,369250,6,6,123750,11,113921,15,15,262966,29,254679
4257800,MOBILE TECHNICAL TRAINING,NJ,076060000,Proprietary,42,42,103852,70,87946,42,45,133485,77,110035,,,,,,7,7,53529,13,50142,,,,,
4257900,AMERICAN BARBER AND BEAUTY ACADEMY,PA,196071602,Proprietary,64,85,196033,153,178758,68,92,263606,169,238404,,,,,,10,15,60534,28,56035,,,,,
4258000,SEATTLE FILM INSTITUTE,WA,981191707,Proprietary,29,46,192185,92,127101,31,50,204068,100,147922,10,18,299685,38,245017,3,5,181296,11,122719,6,10,218603,21,158930
4258200,CHRISTINA AND COMPANY EDUCATION CENTER,IN,479054633,Proprietary,7,9,24671,18,24671,9,11,30133,22,30133,,,,,,,,,,,,,,,
4258500,PREMIERE INTERNATIONAL COLLEGE,FL,339013916,Proprietary,72,72,281117,168,233020,80,80,461716,183,371860,,,,,,,,,,,,,,,
4259300,BURRELL COLLEGE OF OSTEOPATHIC MEDICINE,NM,880016056,Proprietary,,,,,,,,,,,611,611,24582476,1190,24582476,,,,,,548,550,30059808,1143,30059808
4259500,UNIVERSITY OF THE WEST OF SCOTLAND,,PA1 2BE,Foreign-Private,2,2,9000,4,9000,2,2,8000,4,8000,1,1,15591,2,15591,1,1,17911,2,17911,,,,,
4259800,CALIFORNIA INSTITUTE OF APPLIED TECHNOLOGY,CA,919506610,Proprietary,608,695,2097550,1149,1721582,605,692,2946096,1151,2411973,,,,,,7,8,53089,13,50212,,,,,
4260000,INSTITUTE OF MEDICAL ULTRASOUND,GA,303033030,Proprietary,109,130,434058,260,299913,109,124,613444,248,419285,,,,,,9,9,182747,19,135782,,,,,
4260200,"ELITE COSMETOLOGY, BARBER & SPA ACADEMY",WA,989025105,Proprietary,65,70,154749,111,132488,62,68,192436,108,164997,,,,,,,,,,,,,,,
4260400,CUTTING EDGE ACADEMY,NJ,078761311,Proprietary,40,42,113721,72,100422,40,46,164228,80,135359,,,,,,,,,,,,,,,
4260500,DIGITAL MEDIA INSTITUTE,LA,711033600,Private-Nonprofit,5,5,17500,5,8750,5,5,26000,5,13000,,,,,,,,,,,,,,,
4260900,MYSTROS BARBER ACADEMY,TX,770903300,Private-Nonprofit,39,39,102627,55,67069,39,39,128810,55,82488,,,,,,,,,,,,,,,
4261000,TECHNOLOGICAL UNIVERSITY OF THE SHANNON: MIDLANDS MIDWEST,,V94 EC5T,Foreign-Private,2,2,7625,4,7625,2,2,13000,4,13000,,,,,,,,,,,,,,,
4261300,EUROPEAN MEDICAL SCHOOL OF MASSAGE,PA,196081680,Proprietary,20,20,46660,39,45494,20,20,70187,39,68187,,,,,,3,3,17323,7,17323,,,,,
4262300,LEEDS ARTS UNIVERSITY,,LS2 9AQ,Foreign-Private,9,9,41500,18,41500,9,9,32000,18,32000,2,2,41000,6,41000,5,5,144295,10,144295,1,1,35000,3,35000
4262900,WESTERN MICHIGAN UNIVERSITY HOMER STRYKER M.D. SCHOOL OF MEDICINE,MI,490078010,Private-Nonprofit,,,,,,,,,,,200,261,11147794,390,8323544,,,,,,162,211,8378958,313,6045166
4263000,HARMONY HEALTH CARE INSTITUTE,NH,030540000,Proprietary,95,104,261445,173,215014,108,120,456414,201,374742,,,,,,,,,,,,,,,
4263400,FLORIDA POLYTECHNIC UNIVERSITY,FL,338058531,Public,333,344,1382877,617,1382877,360,372,1285138,667,1285138,8,8,88949,13,88949,53,54,584312,104,584312,1,1,8102,2,8102
4263500,AMERICAN BEAUTY & TRADE SCHOOL,FL,331440000,Proprietary,33,41,107413,75,99288,24,24,57500,44,51500,,,,,,,,,,,,,,,
4263600,NORTHEAST LAKEVIEW COLLEGE,TX,781483789,Public,256,310,786413,506,784913,262,330,938034,530,938034,,,,,,18,20,173798,33,173798,,,,,
4264600,HOGAN INSTITUTE OF COSMETOLOGY AND ESTHETICS,GA,300473717,Proprietary,53,57,136105,97,110248,53,57,186116,99,145514,,,,,,,,,,,,,,,
4264800,J'S BARBER COLLEGE,LA,705606138,Proprietary,21,21,65083,36,58083,22,22,77389,38,67389,,,,,,1,1,4670,2,4670,,,,,
4265400,ANN WEBB SKIN INSTITUTE,TX,787593936,Proprietary,65,65,177532,109,157120,62,62,217867,103,189120,,,,,,5,5,45002,9,38002,,,,,
4265500,ICOHS COLLEGE,CA,921012927,Private-Nonprofit,84,87,233774,137,180705,77,82,362948,128,278368,,,,,,,,,,,,,,,
4265700,SAN DIEGO GLOBAL KNOWLEDGE UNIVERSITY,CA,921017446,Proprietary,26,29,108336,46,87086,25,28,162000,43,130500,4,4,82000,7,71750,1,1,15011,1,7505,,,,,
4266100,APEX ACADEMY HAIR SKIN NAILS SCHOOL OF COSMETOLOGY,OH,449061793,Proprietary,18,18,58250,26,43500,13,13,44583,16,27166,,,,,,,,,,,,,,,
4266300,JOHNNY MATTHEW'S HAIRDRESSING TRAINING SCHOOL,OR,973019531,Proprietary,30,31,78944,55,75261,34,36,114909,66,110581,,,,,,2,2,16779,4,16779,,,,,
4267100,UNLIMITED COSMETOLOGY SCHOOL,MS,394013601,Proprietary,11,11,31247,19,27997,10,10,31663,17,26663,,,,,,1,1,12000,2,12000,,,,,
4267200,ALLGOOD BEAUTY INSTITUTE,TX,750349998,Proprietary,25,25,84118,28,84118,26,27,165883,32,165883,,,,,,,,,,,,,,,
4267300,LEHIGH VALLEY BARBER & BEAUTY ACADEMY,PA,180175405,Proprietary,95,131,333624,224,299499,95,131,444586,225,402652,,,,,,,,,,,,,,,
4267500,INTERNATIONAL BARBER COLLEGE,AZ,852263205,Proprietary,34,40,104834,72,91834,34,40,144000,72,122000,,,,,,1,1,14000,2,14000,,,,,
4267700,ESTHETIC INSTITUTE (THE),VA,221823818,Proprietary,76,79,173949,141,159756,81,84,286630,153,260501,,,,,,1,1,9946,2,9946,,,,,
4267900,BROWN BEAUTY BARBER SCHOOL,AL,350205016,Proprietary,46,46,128144,76,100472,48,48,155211,82,124255,,,,,,,,,,,,,,,
4268100,RAY J'S COLLEGE OF HAIR,LA,708061522,Proprietary,44,47,140399,77,123399,46,49,166675,81,146008,,,,,,,,,,,,,,,
4268300,REXBURG COLLEGE OF MASSAGE THERAPY,ID,834403873,Proprietary,17,17,40987,26,31347,17,17,64063,27,49601,,,,,,,,,,,,,,,
4269000,GLOBAL TECH COLLEGE,OH,436154234,Proprietary,45,53,148834,97,119339,41,47,211656,89,160356,,,,,,,,,,,,,,,
4269600,IBS SCHOOL OF COSMETOLOGY AND MASSAGE,HI,967322118,Proprietary,12,13,34530,24,30530,12,13,48133,24,42133,,,,,,,,,,,,,,,
4269700,UR BEAUTY & BARBER ACADEMY,FL,338701220,Proprietary,59,60,146834,108,132832,61,62,202876,112,186209,,,,,,,,,,,,,,,
4269800,L MAKEUP INSTITUTE,NV,891456247,Proprietary,74,94,206503,171,187493,74,94,202453,171,185811,,,,,,38,53,496188,92,443932,,,,,
4270000,URBAN BARBER COLLEGE,CA,945202522,Proprietary,225,259,514550,456,449668,231,268,729477,490,638374,,,,,,3,4,19800,8,19800,,,,,
4270700,MCALLEN CAREERS INSTITUTE,TX,785012702,Proprietary,84,84,290500,142,248500,84,84,397898,142,338938,,,,,,20,20,133129,36,120264,,,,,
4270900,D&S SCHOOL OF COSMETOLOGY,MI,483282918,Proprietary,3,3,10000,6,10000,4,4,16575,8,16575,,,,,,,,,,,,,,,
4271000,STACEY JAMES INSTITUTE,CO,801343358,Proprietary,88,103,296411,187,268745,100,116,371106,220,340032,,,,,,12,12,124513,23,118955,,,,,
4271100,MERIDIAN UNIVERSITY,CA,949523092,Proprietary,,,,,,,,,,,199,201,3548411,631,3462220,,,,,,113,115,3971916,387,3852246
4271600,"AVENUE ACADEMY, A COSMETOLOGY INSTITUTE (THE)",NM,871123449,Proprietary,78,86,239366,165,231782,66,71,247309,138,242531,,,,,,,,,,,,,,,
4271700,SALON PROFESSIONAL ACADEMY OF SAN ANTONIO (THE),TX,782322242,Proprietary,74,86,203480,157,187440,86,107,278484,196,254651,,,,,,17,19,129988,36,123085,,,,,
4272100,PRINCESS INSTITUTE OF BEAUTY,CA,936542455,Proprietary,25,27,51498,52,49166,26,29,64296,61,60296,,,,,,2,2,7343,4,7343,,,,,
4272400,NORTHERN TECHNICAL COLLEGE,AR,716016835,Proprietary,12,12,39333,17,27333,12,12,58284,17,42617,,,,,,,,,,,,,,,
4272600,VOGUE INTERNATIONAL ACADEMY,TX,770825300,Proprietary,1,1,3500,3,3500,1,1,2668,3,2668,,,,,,,,,,,,,,,
4272800,INDEPENDENT TRAINING & APPRENTICESHIP PROGRAM,CA,958271741,Proprietary,33,33,115500,59,103250,33,33,122619,63,107619,,,,,,5,5,44931,10,44931,,,,,
4273200,BERKOWITS SCHOOL OF ELECTROLYSIS,NY,113756820,Proprietary,20,20,46280,38,43948,20,20,69712,38,65712,,,,,,,,,,,,,,,
4273300,VICTORY CAREER COLLEGE,CA,907463205,Proprietary,68,68,151240,105,113695,64,64,205806,99,152970,,,,,,2,2,15784,4,15784,,,,,
4273400,SAN FRANCISCO SCHOOL OF MASSAGE & BODYWORK,CA,941033416,Proprietary,17,17,34362,31,34362,15,15,54560,29,54560,,,,,,,,,,,,,,,
4273500,WINONAH'S INTERNATIONAL SCHOOL OF COSMETOLOGY,AL,352447103,Proprietary,87,93,277700,130,201094,80,86,387367,120,271246,,,,,,1,1,17000,2,17000,,,,,
4273600,BELLASA PROFESSIONAL INSTITUTE,FL,331666667,Proprietary,13,13,34222,23,31792,6,6,19777,12,19777,,,,,,,,,,,,,,,
4273900,SOUTHEASTERN ESTHETICS INSTITUTE,SC,290450000,Proprietary,184,186,428704,312,361913,190,193,570332,325,471579,,,,,,9,9,98500,15,69867,,,,,
4274000,SOUTHEASTERN FREE WILL BAPTIST BIBLE COLLEGE,NC,275919072,Private-Nonprofit,4,4,14212,6,11462,3,3,12831,6,9081,,,,,,,,,,,,,,,
4274100,ARKANSAS WELDING ACADEMY,AR,720762302,Proprietary,54,55,188000,100,170500,54,55,193250,100,179250,,,,,,29,29,789688,52,689815,,,,,
4274300,CARIS COLLEGE,IN,471308293,Proprietary,154,166,506138,313,396870,160,174,682341,343,524111,,,,,,30,33,212152,70,188010,,,,,
4274400,PMCA PITTSBURGH MULTICULTURAL COSMETOLOGY ACADEMY,PA,152222245,Proprietary,3,3,4500,5,4500,3,3,6000,5,6000,,,,,,,,,,,,,,,
4274500,STRAND INSTITUTE OF BEAUTY & ESTHETICS (THE),TX,784090000,Proprietary,50,50,138762,85,118924,52,52,217522,92,188869,,,,,,1,1,10635,2,10635,,,,,
4274700,CENTRALIA BEAUTY COLLEGE,WA,985314016,Proprietary,33,33,102096,52,84496,24,25,86093,42,68473,,,,,,,,,,,,,,,
4274900,CONTRA COSTA MEDICAL CAREER COLLEGE,CA,945316208,Proprietary,274,299,970642,507,821478,256,282,1050930,483,887932,,,,,,4,4,22325,8,22325,,,,,
4275200,DSDT,MI,482160000,Proprietary,29,30,66133,48,56177,29,30,104465,49,89265,,,,,,,,,,,,,,,
4275300,ZION MASSAGE COLLEGE,UT,847708819,Proprietary,16,16,46359,29,42859,8,8,27652,15,24652,,,,,,,,,,,,,,,
4275400,MAKANA ESTHETICS WELLNESS ACADEMY,HI,968175327,Proprietary,27,27,62518,48,55522,32,32,113161,58,104495,,,,,,3,3,17376,6,17376,,,,,
4275600,G.A. BEAUTY & BARBER SCHOOL,TX,785013309,Proprietary,51,52,140590,91,126447,4,4,14361,6,12375,,,,,,,,,,,,,,,
4275700,STAFFORDSHIRE UNIVERSITY,,ST4 2DE,Foreign-Private,7,7,30500,15,30500,7,7,26000,15,26000,4,4,74325,8,52966,2,2,44700,4,44700,3,3,83130,6,60655
4275900,ANOTHER LEVEL BARBERING AND COSMETOLOGY SCHOOL,VA,238033245,Proprietary,45,45,116056,73,98806,43,43,152906,72,125906,,,,,,,,,,,,,,,
4276000,GLITZ SCHOOL OF COSMETOLOGY,NM,880114531,Proprietary,215,249,697075,450,645990,214,247,718395,457,661892,,,,,,,,,,,,,,,
4276100,CHAMPION CHRISTIAN COLLEGE,AR,719133531,Private-Nonprofit,89,106,327454,235,325704,98,108,364809,242,363809,,,,,,18,20,160944,36,160944,,,,,
4276400,CULINARY SCHOOL OF FORT WORTH (THE),TX,761164353,Proprietary,29,29,97232,49,84982,29,30,115781,52,99031,,,,,,2,2,39110,4,39110,,,,,
4276500,GLOBAL MEDICAL & TECHNICAL TRAINING INSTITUTE,FL,331253562,Proprietary,372,372,1196804,541,897377,363,363,1811591,534,1359748,,,,,,,,,,,,,,,
4276700,SALON PROFESSIONAL ACADEMY (THE),TX,786265470,Proprietary,44,60,133500,116,126500,55,82,214650,159,204233,,,,,,11,11,102385,19,93268,,,,,
4276800,KCK BEAUTY & BARBER ACADEMY,FL,321185578,Proprietary,32,43,109309,78,98934,32,43,173580,80,156414,,,,,,,,,,,,,,,
4277100,YOUNG AMERICANS COLLEGE OF THE PERFORMING ARTS (THE),CA,928813390,Private-Nonprofit,6,7,22835,12,21085,6,6,20008,11,19008,,,,,,1,1,21104,2,21104,,,,,
4277400,ELITE ACADEMY OF HAIR DESIGN,OH,439122513,Proprietary,45,50,144523,81,118605,42,50,107160,79,87251,,,,,,3,3,16310,5,12810,,,,,
4277700,CALIFORNIA COLLEGE OF BARBERING AND COSMETOLOGY,CA,952103514,Proprietary,200,243,631837,430,570470,190,232,701032,421,632939,,,,,,19,21,90035,40,83015,,,,,
4277800,PRO BEAUTY ACADEMY (THE),NJ,088202843,Proprietary,56,59,156298,102,130955,47,50,177430,90,146271,,,,,,1,1,3450,2,3450,,,,,
4278800,LOS ANGELES PACIFIC UNIVERSITY,CA,917731741,Private-Nonprofit,1584,2266,6707797,3775,6662194,1584,2279,9897502,3781,9834418,192,301,4072462,520,4028381,5,5,178469,16,178469,22,23,574574,52,559988
4278900,PROFESSIONAL UNIVERSITY DR. CARLOS J. BORRERO RÍOS,PR,009180000,Proprietary,6,6,19250,12,19250,4,4,14000,8,14000,236,236,4047012,554,4036708,,,,,,45,45,1091250,119,1091250
4279000,AMERICAN INSTITUTE OF HEALTHCARE & TECHNOLOGY,CT,066157149,Proprietary,63,63,202104,91,155222,56,56,204085,81,155739,,,,,,1,1,9847,2,9847,,,,,
4279300,PREMIER ACADEMY OF COSMETOLOGY,OK,745014143,Proprietary,30,33,102180,48,75430,26,29,110739,43,81238,,,,,,,,,,,,,,,
4279500,HARTPURY UNIVERSITY,,GL 19 3BE,Foreign-Private,4,4,18000,10,15666,4,4,8000,8,6666,2,2,41000,6,41000,3,3,74500,5,58500,,,,,
4279700,ALBERT EINSTEIN COLLEGE OF MEDICINE,NY,104611900,Private-Nonprofit,,,,,,,,,,,128,176,3768876,286,2837470,,,,,,6,8,223287,8,111644
4279800,MAINE MEDIA COLLEGE,ME,048565952,Private-Nonprofit,1,1,3500,1,1750,2,2,7500,2,3750,,,,,,,,,,,,,,,
4279900,ESTEEM ACADEMY OF BEAUTY,UT,844034374,Proprietary,20,21,58568,34,47500,19,19,61558,31,51531,,,,,,,,,,,,,,,
4280000,MARINE TRADES INSTITUTE,MI,497199790,Private-Nonprofit,5,7,14946,12,14946,3,6,26175,12,26175,,,,,,1,2,10000,4,10000,,,,,
4280400,KC BEAUTY ACADEMY,CA,900124303,Proprietary,33,35,77341,58,64506,27,27,77667,42,60446,,,,,,1,1,5574,2,5574,,,,,
4280600,GOODFELLAS BARBER COLLEGE,AR,722046332,Proprietary,26,26,80250,43,70250,26,26,121000,45,105000,,,,,,,,,,,,,,,
4280800,TEXAS TECH UNIVERSITY HEALTH SCIENCES CENTER EL PASO,TX,799052827,Public,154,250,1282289,305,915959,136,213,1165946,261,789102,447,551,20173172,1042,17095963,2,3,55500,4,25800,277,338,8100893,642,6945551
4280900,HOUSTON BARBER SCHOOL,TX,770734400,Proprietary,289,317,692016,524,554686,287,315,1157246,521,920377,,,,,,3,3,20400,5,17200,,,,,
4281100,MIXED INSTITUTE OF COSMETOLOGY & BARBER,CA,958232370,Proprietary,105,119,249866,201,200810,112,128,315823,235,253500,,,,,,4,4,15348,6,10753,,,,,
4281300,REISS-DAVIS GRADUATE SCHOOL (THE),CA,900343710,Private-Nonprofit,,,,,,,,,,,16,16,313741,64,313741,,,,,,7,7,121340,27,121340
4281400,CALIFORNIA HEALTH SCIENCES UNIVERSITY,CA,936120303,Proprietary,,,,,,,,,,,332,370,15857533,681,14750850,,,,,,283,362,14690326,671,13641980
4281500,VSKI COSMETOLOGY SCHOOL,SC,294074610,Proprietary,27,34,89827,63,84077,31,40,120973,74,112973,,,,,,4,5,39140,10,39140,,,,,
4281700,COMPTON COLLEGE,CA,902215393,Public,161,168,497250,273,495500,169,178,802182,290,801182,,,,,,,,,,,,,,,
4281900,PERSONAL TOUCH BEAUTY AND BARBER COLLEGE,SC,295563346,Proprietary,11,13,41480,19,30490,11,13,55306,19,39320,,,,,,,,,,,,,,,
4282300,ANTIGUA COLLEGE INTERNATIONAL,FL,330161511,Proprietary,331,431,1574558,715,1298335,322,418,1425002,701,1184033,,,,,,7,12,77772,23,60146,,,,,
4282400,VAUGHN BEAUTY COLLEGE,MS,397303238,Proprietary,14,15,38782,23,29782,8,9,27473,16,21276,,,,,,,,,,,,,,,
4282500,AUSTIN CAREER INSTITUTE,TX,787522911,Proprietary,203,203,676732,335,579569,195,195,961872,328,818920,,,,,,12,12,83669,16,60998,,,,,
4283000,AMERICAN COLLEGE OF THE BUILDING ARTS,SC,294034223,Private-Nonprofit,51,51,233996,102,233996,52,52,234239,104,234239,,,,,,8,8,181866,16,181866,,,,,
4283100,TEXAS HEALTHTECH INSTITUTE,TX,777072604,Proprietary,153,159,531776,282,479231,139,145,747206,264,673740,,,,,,,,,,,,,,,
4283200,DELUXE BARBER COLLEGE,TX,782172118,Proprietary,112,123,275286,192,210241,112,123,364294,191,272790,,,,,,1,1,406,2,406,,,,,
4283300,A BETTER U BEAUTY BARBER ACADEMY,NM,871103128,Proprietary,31,37,86255,66,77005,30,34,98827,64,88494,,,,,,,,,,,,,,,
4283500,FALCON INSTITUTE OF HEALTH AND SCIENCE,PA,180172113,Proprietary,396,455,1453603,772,1257861,395,455,2095197,776,1785533,,,,,,4,4,39159,7,34834,,,,,
4283600,COLLEGE UNBOUND,RI,029050000,Private-Nonprofit,366,366,1569240,1319,1476049,333,333,1971423,1152,1820750,,,,,,,,,,,,,,,
4283700,OREGON COAST COMMUNITY COLLEGE,OR,973664100,Public,96,103,322348,244,322348,93,100,442724,237,442724,,,,,,,,,,,,,,,
4284000,PACIFIC NORTHWEST CHRISTIAN COLLEGE,WA,993365144,Private-Nonprofit,81,81,215022,122,211394,72,72,176914,114,175797,,,,,,5,5,48920,8,45740,,,,,
4284300,LATIN AMERICAN BIBLE INSTITUTE,CA,917463099,Private-Nonprofit,30,31,92618,65,92618,19,19,67209,39,67209,,,,,,,,,,,,,,,
4284500,MIDWEST BARBER COLLEGE,KS,666112358,Proprietary,13,13,24595,18,24595,11,11,25401,14,25401,,,,,,,,,,,,,,,
4285000,LOTUS PROFESSIONAL COLLEGE,VA,232296323,Proprietary,107,117,246507,175,186091,109,120,375399,183,284154,8,8,94680,8,78090,6,6,25765,10,20101,,,,,
4285100,VIRGINIA CHRISTIAN COLLEGE,VA,220251908,Private-Nonprofit,5,5,10250,9,9375,4,4,14450,7,12950,3,3,30750,6,30750,,,,,,,,,,
4285300,HOLLYWOOD CULTURAL COLLEGE,CA,900102214,Proprietary,9,9,28855,12,20105,8,8,43813,11,31813,,,,,,,,,,,,,,,
4285500,MARIANO MORENO CULINARY INSTITUTE,FL,331452627,Proprietary,75,77,252448,169,221911,74,76,305612,169,272094,,,,,,,,,,,,,,,
4285600,BURLINGTON COUNTY INSTITUTE OF TECHNOLOGY - ADULT EDUCATION,NJ,080603826,Public,27,35,99011,58,82211,26,34,128078,57,103907,,,,,,1,1,4232,2,4232,,,,,
4285700,APEX COLLEGE OF VETERINARY TECHNOLOGY,CO,809033737,Proprietary,13,13,25858,26,25858,13,13,33969,27,33969,,,,,,,,,,,,,,,
4285900,TUANA EUROPEAN BEAUTY ACADEMY,CO,805243302,Proprietary,30,33,89051,53,72800,31,36,134765,60,110286,,,,,,,,,,,,,,,
4286100,HAIR ACADEMY,OH,456012667,Proprietary,23,26,74750,41,67250,23,26,90346,41,81902,,,,,,,,,,,,,,,
4286300,XTYLO BEAUTY COLLEGE,AZ,850081303,Proprietary,22,23,50846,38,42354,11,11,17327,19,14692,,,,,,,,,,,,,,,
4286500,TONSORIAL ARTS BARBER COLLEGE,TX,755013264,Proprietary,170,179,427070,285,341440,169,179,675137,285,530577,,,,,,10,10,133140,17,117579,,,,,
4287000,ALDER GRADUATE SCHOOL OF EDUCATION,CA,940621510,Private-Nonprofit,,,,,,,,,,,11,12,109300,24,109300,,,,,,,,,,
4287100,WEBB'S BARBER SCHOOL OF ARTS,GA,312064118,Proprietary,26,31,100819,50,82319,28,32,167511,53,137511,,,,,,,,,,,,,,,
4287200,EVVAYLOIS ACADEMY SCHOOL OF BEAUTY,TX,778335873,Private-Nonprofit,8,8,28000,11,19250,8,8,40000,11,29000,,,,,,,,,,,,,,,
4287300,MICHAEL'S BARBER & HAIR STYLIST ACADEMY,TX,750626016,Proprietary,38,39,85034,66,72784,37,38,126479,70,108479,,,,,,2,2,5377,6,5377,,,,,
4287400,ADRIAN H. WALLACE BARBER ACADEMY (THE),FL,325032802,Proprietary,21,21,68833,34,58333,21,21,99333,34,83333,,,,,,,,,,,,,,,
4287700,AGUILAS INTERNATIONAL TECHNICAL INSTITUTE,FL,336151512,Proprietary,7,7,10612,7,5306,7,7,16466,7,8233,,,,,,,,,,,,,,,
4287800,ST. LOUIS MED TECH,MO,631233107,Private-Nonprofit,12,12,25736,20,21489,13,13,55132,21,45167,,,,,,,,,,,,,,,
4288000,RAPHA SCHOOL (THE),PA,157479615,Proprietary,23,32,97521,62,95706,23,31,156716,59,151919,,,,,,,,,,,,,,,
4288100,TOTAL BEAUTY INSTITUTE,FL,322085119,Private-Nonprofit,11,12,30250,20,25000,11,12,43667,22,36667,,,,,,,,,,,,,,,
4288900,PEARLANDS INNOVATIVE SCHOOL OF BEAUTY,TX,775847891,Proprietary,30,30,95049,56,89799,30,30,140249,60,135249,,,,,,,,,,,,,,,
4289600,DURANT INSTITUTE OF HAIR DESIGN,OK,747013089,Proprietary,19,26,78167,46,73167,12,16,70833,28,63333,,,,,,,,,,,,,,,
4290200,SRI SAI KRISH INSTITUTE,CA,928693957,Proprietary,5,5,17500,10,17500,5,5,26000,10,26000,,,,,,,,,,,,,,,
4290300,ATLANTIC ACTING SCHOOL,NY,100115232,Private-Nonprofit,1,1,3500,2,3500,1,1,2000,2,2000,,,,,,,,,,,,,,,
4290500,PAUL MITCHELL THE SCHOOL SAN JOSE,CA,951221409,Proprietary,74,92,185338,166,165838,85,104,253433,195,224385,,,,,,20,26,116083,51,105429,,,,,
4290700,PREMIERE AESTHETICS INSTITUTE,OR,977031964,Proprietary,56,56,128314,108,125980,57,57,183727,110,181227,,,,,,2,2,30000,2,15000,,,,,
4290800,CALIFORNIA UNIVERSITY OF SCIENCE AND MEDICINE,CA,923241603,Private-Nonprofit,,,,,,,,,,,398,405,16095496,784,16095496,,,,,,329,403,15379982,754,15379982
4291100,COMMERCIAL DIVERS INTERNATIONAL,AZ,853383693,Proprietary,60,60,151533,110,139747,62,62,224509,113,199381,,,,,,12,12,332630,25,323356,,,,,
4291600,RIGGINS URBAN BARBER COLLEGE,CA,921143618,Proprietary,58,60,169530,92,126265,58,59,234484,94,171421,,,,,,1,1,17302,2,17302,,,,,
4291700,HAIR ARTS INSTITUTE,OK,731345076,Proprietary,22,25,75876,43,69126,23,27,102079,48,90162,,,,,,2,2,6264,3,5231,,,,,
4291900,FLORIDA PROFESSIONAL INSTITUTE,FL,331550000,Proprietary,71,71,148275,114,120291,70,70,239828,113,195162,,,,,,,,,,,,,,,
4292100,RUBEN'S FIVE STAR ACADEMY,FL,338590000,Proprietary,21,21,50205,36,45541,18,18,41414,32,36040,,,,,,1,1,1782,2,1782,,,,,
4292400,BODY WISDOM MASSAGE THERAPY SCHOOL,IA,503222903,Proprietary,23,23,80500,28,49000,24,24,119000,31,78000,,,,,,2,2,57398,3,35699,,,,,
4293300,HACKENSACK MERIDIAN SCHOOL OF MEDICINE,NJ,071101912,Private-Nonprofit,,,,,,,,,,,371,372,16300652,746,16277617,,,,,,273,277,12970816,595,12970816
4293500,CAL NORTHERN SCHOOL OF LAW,CA,959738682,Proprietary,,,,,,,,,,,34,34,629028,95,601693,,,,,,12,12,277942,31,264832
4293600,ACADEMY FOR JEWISH RELIGION,NY,107017045,Private-Nonprofit,,,,,,,,,,,21,21,403170,39,403170,,,,,,9,9,290074,17,290074
4293700,SALON PROFESSIONAL ACADEMY OF HOLLAND (THE),MI,494247521,Proprietary,33,36,110483,57,88520,45,52,171401,87,148276,,,,,,2,3,17050,6,17050,,,,,
4293800,MOTION PICTURE INSTITUTE,MI,480845505,Proprietary,23,23,68382,37,58758,27,27,96832,45,87664,,,,,,3,3,35150,5,30500,,,,,
4294200,ACADEMY OF ALLIED HEALTH CAREERS,TN,374115336,Proprietary,95,98,269582,159,220000,92,95,394621,156,314960,,,,,,4,4,26892,7,23914,,,,,
4294300,RCCGNA SEMINARY,TX,754017614,Private-Nonprofit,,,,,,,,,,,2,2,31000,3,20750,,,,,,,,,,
4294500,CALCOPA MASSAGE SCHOOL,CA,926482071,Proprietary,25,25,57159,39,45499,23,23,86595,35,67429,,,,,,,,,,,,,,,
4294900,CTK HEALTHCARE & CAREER INSTITUTE,TX,750627861,Proprietary,85,98,311974,173,287234,81,96,468950,168,430718,,,,,,,,,,,,,,,
4295000,BUCKINGHAMSHIRE NEW UNIVERSITY,,HP11 2JZ,Foreign-Private,3,3,9183,9,9183,4,4,13817,12,13817,,,,,,3,3,112244,9,112244,,,,,
4295100,AESTHETICS INSTITUTE,MO,631233107,Private-Nonprofit,14,14,39278,28,39278,14,14,53682,28,53682,,,,,,,,,,,,,,,
4295200,AFFINITY HAIR ACADEMY,FL,328377718,Proprietary,10,10,33874,18,30374,10,10,39070,18,35070,,,,,,,,,,,,,,,
4296000,INSTITUTE OF ALLIED HEALTHCARE (THE),TX,782300000,Proprietary,19,19,44056,30,30887,14,14,32504,23,22904,,,,,,,,,,,,,,,
4296100,MADERA COMMUNITY COLLEGE,CA,936388321,Public,20,20,66500,36,66500,10,10,42350,18,42350,,,,,,,,,,,,,,,
4296200,MEI BARBER SCHOOL,TX,785205472,Proprietary,55,73,185500,128,159198,52,54,97838,94,80918,,,,,,,,,,,,,,,
4296300,MEDICAL SOLUTIONS ACADEMY,VA,245411054,Proprietary,45,46,119456,63,86430,33,34,83956,43,52028,,,,,,,,,,,,,,,
4296600,CHANCELLOR INSTITUTE,FL,333091715,Proprietary,102,108,305543,147,218146,100,106,464050,146,330867,,,,,,1,1,9000,1,4500,,,,,
4296700,SIERRA ACADEMY OF STYLE,NV,897016324,Proprietary,68,75,222120,126,185706,57,63,211553,107,177331,,,,,,4,4,37800,8,37800,,,,,
4296800,JACKSON THEOLOGICAL SEMINARY,AR,721140000,Private-Nonprofit,,,,,,,,,,,7,8,128538,26,128538,,,,,,,,,,
4297000,SALON PROFESSIONAL ACADEMY (THE),PA,194262025,Proprietary,18,23,63000,41,56000,22,27,63725,47,53496,,,,,,,,,,,,,,,
4297100,ELITE BEAUTY COLLEGE,OK,744012104,Proprietary,22,22,73500,37,64750,22,22,94687,37,81687,,,,,,,,,,,,,,,
4297200,SAMI HALASEH INSTITUTE,KS,670028746,Proprietary,12,17,46982,30,42232,15,18,39021,33,35354,,,,,,,,,,,,,,,
4297300,HELLO GORGEOUS BARBERS STILLWATER'S SCHOOL OF BARBERING,OK,740744104,Proprietary,20,24,77252,42,71002,19,23,95920,42,86920,,,,,,,,,,,,,,,
4297400,STUDIO 75 HAIR ACADEMY,TN,380532066,Proprietary,3,3,9030,6,9030,3,3,5207,6,5207,,,,,,,,,,,,,,,
4297500,GREAT NORTHERN UNIVERSITY,WA,992072550,Private-Nonprofit,16,16,72996,29,68996,14,14,52047,25,52047,,,,,,,,,,,,,,,
4298200,SOUTHERN CALIFORNIA COLLEGE OF BARBER AND BEAUTY,CA,920251801,Proprietary,57,67,168947,118,147098,45,53,178467,98,156350,,,,,,,,,,,,,,,
4298800,SALON PROFESSIONAL ACADEMY (THE),NJ,077313385,Proprietary,73,78,194923,141,178039,81,88,259283,163,238117,,,,,,1,1,3500,1,3500,,,,,
4299100,NATIONAL INSTITUTE FOR MEDICAL ASSISTANT ADVANCEMENT,CO,802041597,Private-Nonprofit,51,51,160105,85,142810,42,43,219658,72,193783,,,,,,,,,,,,,,,
4299200,KINO COLLEGE,AZ,857047802,Proprietary,47,47,121813,71,95256,46,46,184452,71,138726,,,,,,5,5,57441,9,54712,,,,,
4299600,BEAVER BEAUTY ACADEMY,GA,300324281,Proprietary,134,154,419567,261,350998,133,154,537826,261,441916,,,,,,,,,,,,,,,
4299700,UPPER KUTZ BARBER & STYLE COLLEGE,MS,387015962,Proprietary,29,38,111010,63,93348,29,38,130839,63,109992,,,,,,,,,,,,,,,
4299800,ALL IN THE WRIST BARBER ACADEMY,DE,199770000,Proprietary,6,6,17750,10,16250,7,7,27478,12,25478,,,,,,,,,,,,,,,
4300200,IDEAL INSTITUTE OF TECHNOLOGY,NJ,082320000,Private-Nonprofit,21,21,73500,21,36750,21,21,102500,21,51250,,,,,,,,,,,,,,,
4300300,ZORGANICS INSTITUTE OF BEAUTY AND WELLNESS,WA,982268184,Proprietary,11,13,43751,24,40251,11,13,40730,24,39174,,,,,,1,1,13146,2,13146,,,,,
4300400,EDGE ACADEMY OF BEAUTY,KY,409628700,Proprietary,35,42,125364,71,106713,33,36,138889,60,117833,,,,,,2,2,18401,4,18401,,,,,
4300500,TOP OF THE LINE BARBER SCHOOL,TX,782182109,Proprietary,65,68,167235,114,135636,66,71,237905,120,191841,,,,,,,,,,,,,,,
4300600,SOUTHEAST NEW MEXICO COLLEGE,NM,882203509,Public,17,17,49103,33,49103,14,14,79088,28,79088,,,,,,,,,,,,,,,
4300700,KANSAS HEALTH SCIENCE UNIVERSITY,KS,672021003,Private-Nonprofit,,,,,,,,,,,321,392,16125595,991,14142839,,,,,,280,336,17087806,888,15144853
4300900,SWEETWATER INSTITUTE OF COSMETOLOGY,TN,378743026,Proprietary,7,9,27666,18,27666,8,10,46833,20,46833,,,,,,,,,,,,,,,
4302400,GRAHAM'S BARBER COLLEGE,TX,752151701,Proprietary,6,6,17566,9,14033,6,6,35434,9,24717,,,,,,,,,,,,,,,
4302500,EAST TEXAS COSMETOLOGY COLLEGE,TX,759047137,Proprietary,17,17,47154,31,42119,18,18,57040,31,50561,,,,,,3,3,17500,5,17500,,,,,
4302900,BARBERS TRADE SCHOOL,TX,777013308,Proprietary,24,24,73641,39,64891,24,24,116156,40,102456,,,,,,1,1,4000,2,4000,,,,,
4303000,ACADEMIA MEDICAL INSTITUTE,OH,432040000,Proprietary,390,391,1077795,582,762899,386,388,1607379,572,1121485,,,,,,,,,,,,,,,
4303200,CUTTING EDGE BARBER ACADEMY,PA,176034229,Proprietary,28,31,76280,58,71905,27,32,89387,59,80914,,,,,,1,1,6830,2,6830,,,,,
4303400,AUSTIN MEDICAL ASSISTANT TRAINING,NY,113750000,Proprietary,129,145,517323,262,440825,96,107,429894,183,372020,,,,,,,,,,,,,,,
4303600,JT'S CUTS ACADEMY,FL,333342765,Proprietary,43,43,113473,67,87809,39,39,135725,60,102787,,,,,,2,2,3858,3,3253,,,,,
4304100,NURSE ACADEMY (THE),CA,919502964,Proprietary,67,67,229070,122,208070,70,70,355388,127,316638,,,,,,6,6,88000,11,81500,,,,,
4304400,PREMIER BARBER SCHOOL,TX,770882518,Proprietary,46,49,105830,80,80205,45,48,131413,78,100389,,,,,,1,1,10000,2,10000,,,,,
4304500,HEARTLAND WELDING ACADEMY,KS,670029778,Proprietary,35,35,95200,60,84000,38,38,134800,66,120400,,,,,,9,9,109484,17,102434,,,,,
4304600,LEGENDS BARBER COLLEGE,TX,759043105,Proprietary,24,24,83545,43,75022,24,27,91909,49,83910,,,,,,2,2,12925,4,12925,,,,,
4304800,JAZZ BARBER AND HAIRSTYLING ACADEMY,VA,238033508,Proprietary,18,19,49500,36,47250,18,19,71776,36,68110,,,,,,,,,,,,,,,
4304900,RENAISSANCE BEAUTY ACADEMY,MO,637034918,Proprietary,22,24,68270,45,62354,19,22,61912,40,54246,,,,,,1,1,4500,2,4500,,,,,
4305100,DYMOND DESIGNS BEAUTY SCHOOL,MI,482074236,Proprietary,85,89,270353,151,233390,83,92,367978,159,312810,,,,,,8,8,53032,15,49282,,,,,
4305500,CENTRAL VALLEY BARBER COLLEGE,CA,953672024,Proprietary,108,119,248390,219,221890,115,127,321057,240,284836,,,,,,7,7,36841,13,35316,,,,,
4305600,JAMA'S BEAUTY & BARBER COLLEGE,CA,913043023,Proprietary,14,14,38498,21,30914,14,14,47333,21,36333,,,,,,1,1,13000,1,6500,,,,,
4305900,ONE STOP ACADEMY,NC,283068490,Proprietary,23,27,81608,43,69718,21,22,85936,35,70273,,,,,,,,,,,,,,,
4306200,ALBANY BEAUTY ACADEMY,GA,317073200,Proprietary,12,14,39507,25,38007,10,12,53333,21,52666,,,,,,,,,,,,,,,
4306400,LARKIN UNIVERSITY,FL,331690000,Private-Nonprofit,,,,,,,,,,,19,19,574218,38,574218,,,,,,17,17,561765,34,561765
4306800,SHEARZ INSTITUTE,GA,301221659,Proprietary,42,42,128215,71,108965,35,36,171887,62,150137,,,,,,,,,,,,,,,
4307100,I.M. BEAUTY SCHOOL,IL,600255655,Proprietary,3,3,9592,5,8046,1,1,5802,4,5802,,,,,,,,,,,,,,,
4307200,IDAHO COLLEGE OF OSTEOPATHIC MEDICINE,ID,836427991,Proprietary,,,,,,,,,,,312,313,12732109,617,12732109,,,,,,260,262,13605464,516,13605464
4308400,C N K BARBER COLLEGE,MS,388014902,Proprietary,28,33,107126,54,87626,29,34,121105,55,99687,,,,,,,,,,,,,,,
4308500,SALON PROFESSIONAL ACADEMY MAPLEWOOD (THE),MN,551090000,Proprietary,53,70,203446,118,182864,57,73,219254,120,189662,,,,,,,,,,,,,,,
4309000,SOUTH POST OAK BARBER COLLEGE,TX,770455249,Proprietary,6,6,10023,9,6657,5,5,13131,8,9314,,,,,,,,,,,,,,,
4309400,NEW IMAGE BEAUTY AND BARBER SCHOOL,TX,785505214,Proprietary,4,4,12094,5,6844,4,4,16733,5,9733,,,,,,,,,,,,,,,
4309500,PETRA COLLEGE,LA,704011551,Proprietary,13,13,41155,25,41155,13,13,43329,24,43329,,,,,,,,,,,,,,,
4309600,BRIGHTON BARBER INSTITUTE,TX,760543058,Proprietary,10,13,31944,24,28444,10,13,37111,24,33111,,,,,,,,,,,,,,,
4309800,AVEDA INSTITUTE MONTANA,MT,591023805,Proprietary,30,33,84816,53,73081,31,35,116628,57,94480,,,,,,2,2,16303,2,8152,,,,,
4310700,FINAL TOUCH BARBER ACADEMY,PA,191232611,Proprietary,5,5,17500,5,8750,5,5,30000,5,15000,,,,,,,,,,,,,,,
4310900,PRECISION WELDING ACADEMY,TX,774497605,Proprietary,49,55,156598,95,144547,50,56,158631,98,148581,,,,,,12,12,225831,23,204300,,,,,
4311200,JUSTICE UNIVERSITY,AZ,852865170,Private-Nonprofit,13,16,51881,33,49131,11,11,41000,25,41000,,,,,,,,,,,,,,,
4311300,MIAMI BARBER INSTITUTE,FL,331654434,Proprietary,64,64,185176,108,154263,62,62,275248,105,229250,,,,,,,,,,,,,,,
4311800,ART22 ACADEMY,IN,468040000,Proprietary,23,27,76495,43,60912,23,26,74997,42,62597,,,,,,,,,,,,,,,
4311900,MODERN MALE BARBER ACADEMY,PA,194460061,Proprietary,11,13,36030,22,29388,12,14,58530,25,49345,,,,,,2,2,22080,4,22080,,,,,
4312300,SOUTHWEST MICHIGAN BEAUTY SCHOOL,MI,490912061,Proprietary,9,15,42772,25,37341,8,14,40802,24,34901,,,,,,,,,,,,,,,
4312400,EPIC BARBER COLLEGE,TX,770152800,Proprietary,10,10,30886,12,19391,3,3,8000,3,4000,,,,,,,,,,,,,,,
4312500,METROPOLITAN BARBER ACADEMY,PA,170259998,Proprietary,3,3,10500,3,5250,3,3,18000,3,9000,,,,,,,,,,,,,,,
4312600,SOUTHWEST UNIVERSITY OF NAPRAPATHIC MEDICINE,NM,875055764,Proprietary,,,,,,,,,,,15,16,297250,40,205000,,,,,,,,,,
4312900,ICR FLORIDA EDUCATION,FL,331622447,Proprietary,180,180,455665,212,269107,176,176,645796,207,383126,,,,,,,,,,,,,,,
4313000,BEREA BEAUTY ACADEMY,KY,404038004,Proprietary,15,15,51500,22,35750,14,14,52686,20,34343,,,,,,,,,,,,,,,
4313700,URBE UNIVERSITY,FL,331721852,Proprietary,5,5,20500,9,17000,4,4,20000,6,16000,1,1,20500,2,20500,,,,,,,,,,
4313800,MOSLEY SCHOOL OF COSMETOLOGY,MI,495085272,Proprietary,23,23,64426,34,56338,24,24,83817,35,69159,,,,,,,,,,,,,,,
4313900,NORTHPOINT COLLEGE,MI,495194255,Private-Nonprofit,16,16,59778,30,59778,11,11,32151,19,32151,,,,,,,,,,,,,,,
4315100,TOWNSEND BARBER INSTITUTE,MN,551134527,Proprietary,44,61,199914,104,173414,45,63,288874,107,253656,,,,,,1,1,11200,2,11200,,,,,
4315600,NEW ORLEANS CULINARY AND HOSPITALITY INSTITUTE,LA,701303919,Private-Nonprofit,26,27,65102,53,63851,26,27,99488,53,97343,,,,,,,,,,,,,,,
4316000,CHARM BEAUTY SCHOOL,MI,481272145,Proprietary,10,10,35000,12,21000,10,10,52000,12,30000,,,,,,,,,,,,,,,
4316700,NOE' NOONAN SCHOOL OF COSMETOLOGY,PA,165061027,Proprietary,11,13,38500,18,28000,11,13,37112,18,27556,,,,,,,,,,,,,,,
