ope_id,school,state,zip_code,school_type,dl_subsidized_recipients,dl_subsidized_number_of_loans_originated,dl_subsidized_dollar_amount_of_loans_originated,dl_subsidized_number_of_disbursements,dl_subsidized_dollar_amount_of_disbursements,dl_unsubsidized_undergraduate_recipients,dl_unsubsidized_undergraduate_number_of_loans_originated,dl_unsubsidized_undergraduate_dollar_amount_of_loans_originated,dl_unsubsidized_undergraduate_number_of_disbursements,dl_unsubsidized_undergraduate_dollar_amount_of_disbursements,dl_unsubsidized_graduate_recipients,dl_unsubsidized_graduate_number_of_loans_originated,dl_unsubsidized_graduate_dollar_amount_of_loans_originated,dl_unsubsidized_graduate_number_of_disbursements,dl_unsubsidized_graduate_dollar_amount_of_disbursements,dl_parent_plus_recipients,dl_parent_plus_number_of_loans_originated,dl_parent_plus_dollar_amount_of_loans_originated,dl_parent_plus_number_of_disbursements,dl_parent_plus_dollar_amount_of_disbursements,dl_grad_plus_recipients,dl_grad_plus_number_of_loans_originated,dl_grad_plus_dollar_amount_of_loans_originated,dl_grad_plus_number_of_disbursements,dl_grad_plus_dollar_amount_of_disbursements
00100200,ALABAMA AGRICULTURAL & MECHANICAL UNIVERSITY,AL,357621357,Public,3108,3211,12392703,5952,11808052,3097,3589,11445808,6682,10836611,523,593,8686874,1078,7976855,1214,1370,18735822,2639,18279099,132,170,1595265,319,1523310
00100300,FAULKNER UNIVERSITY,AL,361093398,Private-Nonprofit,964,1434,3697890,2832,3697890,1038,1600,4663649,3172,4663649,892,1381,15110261,2763,15110261,121,145,1298786,261,1298786,401,704,12691291,1406,12691291
00100400,UNIVERSITY OF MONTEVALLO,AL,351156000,Public,836,911,3218479,1660,3218479,988,1066,3607205,1984,3607205,200,237,2968589,400,2968589,205,253,2822204,479,2822204,24,28,216359,38,216359
00100500,ALABAMA STATE UNIVERSITY,AL,361045714,Public,1970,2060,7574850,3892,7574100,1916,2272,6846832,4306,6844832,456,496,7374760,941,7362575,660,730,7952615,1404,7952615,186,252,2164103,486,2162213
00100700,CENTRAL ALABAMA COMMUNITY COLLEGE,AL,350100000,Public,370,396,1106006,690,1106006,109,139,348743,263,348743,-,-, -,-, -,1,1,23553,2,23553,-,-, -,-, -
00100800,ATHENS STATE UNIVERSITY,AL,356111999,Public,998,1101,3978350,1707,3978350,914,999,5097507,1557,5097507,276,308,4118219,493,4118219,5,6,49329,8,49329,21,21,269330,28,269330
00100900,AUBURN UNIVERSITY,AL,368495113,Public,5001,5334,20859376,9662,20859376,6456,6615,24607018,12280,24607018,1703,1980,42151932,3510,42151932,1926,2309,54686269,3971,54686269,596,813,14213547,1304,14213547
00101200,BIRMINGHAM-SOUTHERN COLLEGE,AL,352540002,Private-Nonprofit,242,246,1039262,460,1004244,298,312,1076624,585,1036642,-,-, -,-, -,108,133,2026218,208,2004271,-,-, -,-, -
00101300,CALHOUN COMMUNITY COLLEGE,AL,356710000,Public,1431,1451,4287559,2393,4287559,1415,1434,5647120,2362,5647120,-,-, -,-, -,14,17,102205,33,102205,-,-, -,-, -
00101500,ENTERPRISE STATE COMMUNITY COLLEGE,AL,363311300,Public,451,493,1459823,859,1459823,415,441,1649359,759,1649359,-,-, -,-, -,3,3,41403,6,41403,-,-, -,-, -
00101600,UNIVERSITY OF NORTH ALABAMA,AL,356320001,Public,1762,1867,6722796,3405,6722796,1821,1951,7474866,3630,7474866,1306,1491,17829622,2743,17829622,256,266,3191507,511,3191507,91,104,674870,194,674870
00101900,HUNTINGDON COLLEGE,AL,361062148,Private-Nonprofit,476,476,1853718,864,1853718,611,647,2055429,1175,2055429,10,10,129165,15,129165,189,189,2638683,361,2638683,1,1,8909,1,8909
00102000,JACKSONVILLE STATE UNIVERSITY,AL,362651602,Public,3256,3537,13039611,5931,12529578,3320,3639,12806970,6269,12337731,837,946,13240551,1426,12063905,736,867,7683237,1386,7460789,62,67,462774,76,440868
00102200,JEFFERSON STATE COMMUNITY COLLEGE,AL,352153098,Public,1688,1739,6063596,2884,5221122,1485,1533,7151985,2572,6121068,-,-, -,-, -,-,-, -,-, -,-,-, -,-, -
00102400,UNIVERSITY OF WEST ALABAMA,AL,354700000,Public,1977,2243,7066971,3558,7066971,1812,2013,7948776,3258,7948776,3202,3486,42542938,6662,42542938,134,169,1571331,253,1571331,289,338,5047112,680,5047112
00102600,MARION MILITARY INSTITUTE,AL,367563214,Public,91,95,229139,157,229139,106,116,315461,204,315461,-,-, -,-, -,11,14,48027,24,48027,-,-, -,-, -
00102800,MILES COLLEGE,AL,350642697,Private-Nonprofit,843,919,3243315,1680,3204683,846,888,2949881,1596,2891118,-,-, -,-, -,250,267,2214028,518,2167981,-,-, -,-, -
00102900,UNIVERSITY OF MOBILE,AL,366630220,Private-Nonprofit,502,510,1945542,909,1945542,594,630,2254738,1130,2254738,129,137,2219087,288,2219087,127,133,1564151,221,1564151,41,46,947474,109,947474
00103100,NORTHEAST ALABAMA COMMUNITY COLLEGE,AL,359860159,Public,409,426,1250909,730,1250909,87,106,295893,193,295893,-,-, -,-, -,-,-, -,-, -,-,-, -,-, -
00103300,OAKWOOD UNIVERSITY,AL,358960001,Private-Nonprofit,691,693,2929253,1248,2904556,707,764,2436504,1372,2404576,27,27,498944,43,427194,183,206,2860280,372,2850280,-,-, -,-, -
00103600,SAMFORD UNIVERSITY,AL,352297000,Private-Nonprofit,684,686,2871924,1276,2871924,895,899,3430449,1679,3430449,1215,1403,26386408,2371,26386408,403,461,10011173,812,10011173,917,1501,27523298,2242,27523298
00103800,SNEAD STATE COMMUNITY COLLEGE,AL,359570734,Public,300,309,894866,507,894866,273,293,1106119,483,1106119,-,-, -,-, -,6,7,35189,10,35189,-,-, -,-, -
00104000,SOUTHERN UNION STATE COMMUNITY COLLEGE,AL,362760000,Public,964,990,2805322,1662,2805322,658,715,1908902,1230,1908902,-,-, -,-, -,45,48,341283,89,341283,-,-, -,-, -
00104100,SPRING HILL COLLEGE,AL,366081791,Private-Nonprofit,284,309,1102314,549,1102314,348,381,1309948,691,1309948,38,40,580648,80,580648,99,112,1494143,181,1494143,7,7,91531,9,91531
00104400,STILLMAN COLLEGE,AL,354011430,Private-Nonprofit,483,495,1750505,938,1750505,473,524,1686259,991,1686259,-,-, -,-, -,88,96,791967,184,791967,-,-, -,-, -
00104600,TALLADEGA COLLEGE,AL,351602354,Private-Nonprofit,472,473,1833203,845,1833203,471,471,1940597,838,1940597,55,55,996020,114,996020,135,135,1476353,256,1476353,12,12,66500,23,66500
00104700,TROY UNIVERSITY,AL,360820001,Public,4594,5068,16562804,10838,16562804,4708,5198,19313673,11101,19313673,1632,1872,23501411,4395,23501411,504,651,6219588,1056,6219588,233,293,2117369,555,2117369
00105000,TUSKEGEE UNIVERSITY,AL,360881645,Private-Nonprofit,1166,1206,4695138,2347,4695138,1208,1369,3904537,2591,3904537,276,317,9554151,617,9554151,505,622,10930421,1221,10930421,207,274,6282831,542,6282831
00105100,UNIVERSITY OF ALABAMA,AL,354870120,Public,8227,8610,32695897,15195,32695897,10215,10782,38209655,19492,38209655,1917,2161,29355579,3512,29355579,3163,3683,94305430,6434,94305430,393,510,5960103,736,5960103
00105200,UNIVERSITY OF ALABAMA AT BIRMINGHAM,AL,352941150,Public,4236,4576,16201530,7856,16201530,4607,4942,17841325,8584,17841325,3682,4121,83063610,7892,83063610,757,1058,12564462,1588,12564462,1187,1702,31306395,2745,31306395
00105500,UNIVERSITY OF ALABAMA IN HUNTSVILLE,AL,358990001,Public,1716,1874,6828115,3101,6828115,1954,2065,8307387,3522,8307387,327,393,4336398,534,4336398,286,339,4318450,553,4318450,32,43,371982,53,371982
00105700,UNIVERSITY OF SOUTH ALABAMA,AL,366880002,Public,3668,4142,14417586,6944,14417375,3823,4210,14580898,7322,14580898,2848,3284,51188740,5619,51178490,1345,1576,20049668,2684,20036020,1191,1665,17182671,2500,17130148
00106000,COASTAL ALABAMA COMMUNITY COLLEGE,AL,365072698,Public,1715,1763,5565084,3081,5565084,1579,1621,5971569,2829,5971569,-,-, -,-, -,26,26,238223,52,238223,-,-, -,-, -
00106100,ALASKA PACIFIC UNIVERSITY,AK,995084672,Private-Nonprofit,188,188,604249,273,604249,191,191,885595,283,885595,37,37,503365,57,503365,4,4,42000,5,42000,4,4,51420,6,51420
00106300,UNIVERSITY OF ALASKA FAIRBANKS,AK,997757500,Public,909,967,3155006,1475,3155006,950,1032,4366878,1605,4366878,144,166,1991153,263,1991153,28,32,406769,53,406769,8,15,84677,19,84677
00106500,UNIVERSITY OF ALASKA SOUTHEAST,AK,998018680,Public,177,177,669546,297,643198,180,180,844050,302,809684,74,74,1072648,120,1018093,26,26,452771,47,443771,17,17,145490,24,133273
00107100,ARIZONA WESTERN COLLEGE,AZ,853650000,Public,46,46,129623,133,129623,31,31,104364,89,104364,-,-, -,-, -,5,5,63860,18,63860,-,-, -,-, -
00107200,COCHISE COLLEGE,AZ,856352317,Public,233,241,742551,422,742551,206,213,839783,381,839783,-,-, -,-, -,5,6,114052,11,114052,-,-, -,-, -
00107400,GRAND CANYON UNIVERSITY,AZ,850173030,Proprietary,49688,53374,192843158,98001,192681462,47125,50872,225864176,94052,225659787,35945,41104,546708059,84203,546488388,2582,2874,38513473,4985,38513473,1405,1596,22507904,3513,22481357
00107600,GLENDALE COMMUNITY COLLEGE,AZ,853023090,Public,1110,1169,3044271,2027,3044271,336,357,1030098,660,1030098,-,-, -,-, -,-,-, -,-, -,-,-, -,-, -
00107700,MESA COMMUNITY COLLEGE,AZ,852024866,Public,1405,1513,3801672,2611,3801672,449,487,1367047,909,1367047,-,-, -,-, -,12,13,134586,23,134586,-,-, -,-, -
00107800,PHOENIX COLLEGE,AZ,850134234,Public,911,1038,2681996,1849,2681996,349,425,1174166,765,1174166,-,-, -,-, -,6,7,79148,12,79148,-,-, -,-, -
00107900,YAVAPAI COLLEGE,AZ,863013297,Public,342,371,1162455,696,1162455,306,348,1188067,653,1188067,-,-, -,-, -,4,5,36790,10,36790,-,-, -,-, -
00108100,ARIZONA STATE UNIVERSITY,AZ,852870412,Public,35000,38771,139864791,61932,139864791,35136,39131,168118957,64115,168118957,12146,15081,190638901,22874,190638901,7989,9428,186464528,16725,186464528,6203,8495,99399677,13108,99399677
00108200,NORTHERN ARIZONA UNIVERSITY,AZ,860110001,Public,6116,6360,24180120,10979,24180120,6272,6560,24777969,11564,24777969,1888,2077,32073081,3359,32073081,2010,2141,35184305,3866,35184305,727,1006,16405845,1535,16405845
00108300,UNIVERSITY OF ARIZONA (THE),AZ,857210066,Public,8681,9347,33698457,15853,33698457,9321,10082,40448843,17713,40448843,3514,4304,91013822,7761,91013822,3637,4483,87600018,8239,87600018,1450,2386,35943468,4232,35943468
00108500,UNIVERSITY OF ARKANSAS AT MONTICELLO,AR,716560000,Public,914,1013,3467932,1852,3467932,857,953,3645854,1743,3645854,367,472,5464347,887,5464347,46,54,368677,100,368677,36,36,277858,71,277858
00108600,UNIVERSITY OF ARKANSAS AT PINE BLUFF,AR,716012790,Public,1025,1091,3871809,2005,3871809,998,1234,3040191,2258,3040191,85,124,834400,225,834400,169,190,1722968,369,1722968,-,-, -,-, -
00108700,ARKANSAS BAPTIST COLLEGE,AR,722026099,Private-Nonprofit,262,262,812218,413,812218,270,283,839766,449,839766,-,-, -,-, -,11,12,75812,19,75812,-,-, -,-, -
00108800,LYON COLLEGE,AR,725013699,Private-Nonprofit,269,269,999515,489,999515,368,368,1315118,672,1315118,-,-, -,-, -,81,83,945847,152,945847,-,-, -,-, -
00108900,ARKANSAS TECH UNIVERSITY,AR,728012222,Public,2088,2388,7466087,4481,7466087,2043,2317,8099514,4342,8099514,266,334,3439614,646,3439614,209,239,2229229,463,2229229,31,36,316438,67,316438
00109000,ARKANSAS STATE UNIVERSITY,AR,724010000,Public,3682,3956,13984221,6497,13984221,3813,4290,17040168,7122,17040168,4275,5465,55744344,8318,55744344,310,357,3404479,582,3404479,369,477,5242215,604,5242215
00109100,ARKANSAS STATE UNIVERSITY - BEEBE,AR,720121000,Public,576,597,1834140,1041,1834140,520,551,2029113,963,2029113,-,-, -,-, -,8,10,47953,18,47953,-,-, -,-, -
00109200,UNIVERSITY OF CENTRAL ARKANSAS,AR,720350001,Public,2565,2759,9682079,4717,9682079,2741,3121,10427078,5442,10427078,879,1172,12695580,1810,12695580,486,617,5252294,998,5252294,313,527,2868405,764,2868405
00109300,CENTRAL BAPTIST COLLEGE,AR,720346470,Private-Nonprofit,224,225,855202,417,848952,247,248,973521,457,971271,-,-, -,-, -,65,65,849550,120,838918,-,-, -,-, -
00109400,UNIVERSITY OF THE OZARKS,AR,728302880,Private-Nonprofit,271,271,928718,479,928718,281,292,812623,519,812623,-,-, -,-, -,29,29,327970,57,327970,-,-, -,-, -
00109500,CROWLEY'S RIDGE COLLEGE,AR,724509775,Private-Nonprofit,100,100,394907,185,394907,116,127,402491,234,402491,-,-, -,-, -,39,41,413969,80,413969,-,-, -,-, -
00109700,HARDING UNIVERSITY,AR,721490001,Private-Nonprofit,1057,1242,4498859,2107,4498859,1331,1618,5781751,2731,5781751,629,956,14716499,1365,14716499,300,429,5091442,575,5091442,217,386,5501345,506,5501345
00109800,HENDERSON STATE UNIVERSITY,AR,719990001,Public,582,618,2127579,1023,2127579,595,648,2355945,1099,2355945,321,388,4759946,569,4759946,91,113,1039285,170,1039285,47,56,418334,68,418334
00109900,HENDRIX COLLEGE,AR,720323080,Private-Nonprofit,325,330,1335201,618,1335201,466,479,1792084,899,1792084,1,1,20500,2,20500,120,133,2072872,228,2072872,1,1,19200,2,19200
00110000,JOHN BROWN UNIVERSITY,AR,727612747,Private-Nonprofit,458,460,1783682,829,1783682,553,553,2122036,1004,2122036,246,250,3017984,524,3017984,161,162,1954398,296,1954398,7,7,99073,14,99073
00110100,UNIVERSITY OF ARKANSAS AT LITTLE ROCK,AR,722041099,Public,2095,2285,8113517,3615,7964819,2010,2212,10419958,3485,10184837,855,969,13977503,1605,13753009,69,85,669652,128,666908,442,535,5960890,888,5856649
00110200,OUACHITA BAPTIST UNIVERSITY,AR,719980001,Private-Nonprofit,409,431,1610500,737,1610500,554,584,2044140,1026,2044140,52,52,764594,125,764594,126,143,1865981,234,1865981,3,3,18576,5,18576
00110300,PHILANDER SMITH COLLEGE,AR,722023718,Private-Nonprofit,494,535,1934765,999,1910015,495,511,1893146,952,1869254,20,25,252101,50,252101,85,89,998373,178,998373,-,-, -,-, -
00110500,SHORTER COLLEGE,AR,721144885,Private-Nonprofit,229,245,709698,731,709698,208,225,850723,701,850723,-,-, -,-, -,3,3,16926,7,16926,-,-, -,-, -
00110600,WILLIAMS BAPTIST UNIVERSITY,AR,724764661,Private-Nonprofit,159,159,584479,281,584479,197,212,767146,388,767146,19,19,194953,41,194953,39,41,318544,68,318544,-,-, -,-, -
00110700,SOUTHERN ARKANSAS UNIVERSITY,AR,717535000,Public,952,970,3951634,1614,3345356,1051,1157,4252837,1873,3431308,580,640,9447979,1108,8491951,214,236,1970786,389,1659961,80,92,1091188,156,982215
00110800,UNIVERSITY OF ARKANSAS,AR,727010000,Public,6290,7830,26173151,13068,26146051,8402,9947,35593977,17507,35536094,1083,1330,17114420,2137,17109170,2011,2386,39552952,3980,39552952,186,264,2408776,366,2408776
00110900,UNIVERSITY OF ARKANSAS FOR MEDICAL SCIENCES,AR,722057102,Public,607,712,2467976,1209,2467976,531,602,2899758,1017,2899758,1079,1357,38872694,2532,38872694,39,46,310527,79,310527,678,965,17690642,1749,17690642
00111000,UNIVERSITY OF ARKANSAS AT FORT SMITH,AR,729047397,Public,1318,1318,4911455,2464,4911455,1157,1179,5061348,2214,5061348,19,19,213909,36,213909,104,104,1069237,207,1069237,1,1,8530,2,8530
00111100,ALLAN HANCOCK COLLEGE,CA,934546399,Public,73,78,264063,152,264063,59,63,262073,123,262073,-,-, -,-, -,-,-, -,-, -,-,-, -,-, -
00111300,ANTELOPE VALLEY COLLEGE,CA,935365426,Public,604,622,2142375,1931,1999918,563,594,2486276,1813,2322950,-,-, -,-, -,3,3,23162,10,23162,-,-, -,-, -
00111600,ART CENTER COLLEGE OF DESIGN,CA,911031999,Private-Nonprofit,683,883,2980136,1351,2980136,603,791,2273493,1204,2273493,47,76,1147672,113,1147672,129,165,4629642,259,4629642,23,35,990906,63,990906
00111700,AZUSA PACIFIC UNIVERSITY,CA,917027000,Private-Nonprofit,1345,1618,5976569,2969,5976569,1319,1538,5821485,2843,5821485,2406,2708,42238232,5189,42238232,400,448,8151203,803,8151203,1463,1914,29622027,3814,29622027
00111800,BAKERSFIELD COLLEGE,CA,933051299,Public,298,335,1020681,603,1020681,262,304,1117284,533,1117284,-,-, -,-, -,2,2,31113,4,31113,-,-, -,-, -
00111900,BARSTOW COMMUNITY COLLEGE,CA,923116608,Public,512,512,1474932,907,1474932,62,62,254691,110,254691,-,-, -,-, -,-,-, -,-, -,-,-, -,-, -
00112000,BERKELEY SCHOOL OF THEOLOGY,CA,947043029,Private-Nonprofit,-,-, -,-, -,-,-, -,-, -,30,30,466805,60,466805,-,-, -,-, -,2,2,26396,4,26396
00112200,BIOLA UNIVERSITY,CA,906390001,Private-Nonprofit,1272,1276,5422509,2400,5422509,1332,1334,4841683,2513,4841683,403,404,6882109,738,6882109,294,300,6886658,559,6886658,88,89,2133398,189,2133398
00112400,CABRILLO  COLLEGE,CA,950033194,Public,140,140,522046,269,522046,119,119,588396,234,588396,-,-, -,-, -,-,-, -,-, -,-,-, -,-, -
00112500,CALIFORNIA BAPTIST UNIVERSITY,CA,925043297,Private-Nonprofit,4917,6132,21739098,9693,21739098,4638,5757,18800927,9137,18800927,2670,2938,43484684,6067,43484684,809,1088,18306680,1573,18306680,817,1255,19756479,2029,19756479
00112700,CALIFORNIA COLLEGE OF THE ARTS,CA,941072206,Private-Nonprofit,276,352,1233722,585,1231472,252,285,860376,501,860376,87,109,1790651,182,1790651,101,123,3660971,208,3660971,56,64,1717025,107,1717025
00113100,CALIFORNIA INSTITUTE OF TECHNOLOGY,CA,911250001,Private-Nonprofit,7,7,20200,21,20200,41,41,253125,120,253125,3,3,20556,9,20556,26,28,1109290,81,1109290,-,-, -,-, -
00113200,CALIFORNIA INSTITUTE OF THE ARTS,CA,913552397,Private-Nonprofit,284,285,1230388,541,1230388,281,294,1034973,557,1034973,165,165,3265540,316,3265540,160,165,5612470,304,5612470,119,123,3487693,239,3487693
00113300,CALIFORNIA LUTHERAN UNIVERSITY,CA,913602787,Private-Nonprofit,986,1000,4209674,1952,4209674,1043,1106,3759832,2149,3759832,506,588,9139365,1408,9139365,486,525,11244597,973,11244597,101,140,2054913,319,2054913
00113400,CALIFORNIA STATE UNIVERSITY MARITIME ACADEMY,CA,945908181,Public,225,255,930848,457,930848,259,299,1201573,558,1201573,14,15,144820,27,144820,105,126,1686279,216,1686279,-,-, -,-, -
00113700,"CALIFORNIA STATE UNIVERSITY, FULLERTON",CA,928313599,Public,7006,7288,29580239,13064,29086666,6223,6513,26267437,11840,25868662,1308,1545,20234368,2610,19842724,499,510,8242002,953,8178983,110,147,2104503,218,2088900
00113800,"CALIFORNIA STATE UNIVERSITY, EAST BAY",CA,945423000,Public,2756,2927,11726589,4850,11726589,2351,2547,11807518,4250,11807518,568,621,9208416,1102,9208416,83,91,1179628,165,1179628,42,51,575433,83,575433
00113900,"CALIFORNIA STATE UNIVERSITY, LONG BEACH",CA,908400006,Public,7173,7360,30320601,12950,30320601,5805,5996,25000509,10735,25000509,1581,1752,24678994,3054,24678994,386,401,6095659,761,6095659,118,150,1385997,217,1385997
00114000,"CALIFORNIA STATE UNIVERSITY, LOS ANGELES",CA,900324226,Public,4080,4111,17598532,7330,17598532,3016,3050,13991070,5411,13991070,1070,1081,16336332,1996,16336332,64,67,1138158,122,1138158,101,129,1584297,200,1584297
00114100,"CALIFORNIA STATE UNIVERSITY, DOMINGUEZ HILLS",CA,907470001,Public,2719,2837,11826358,4870,11486517,1947,2075,9636135,3540,9368952,648,706,9809751,1370,9708337,176,205,2223865,297,2223865,71,101,1249495,143,1249495
00114200,"CALIFORNIA STATE UNIVERSITY, SAN BERNARDINO",CA,924072393,Public,3774,3964,15591022,6644,15591022,2999,3206,13794066,5469,13794066,1114,1218,17046453,2128,17046453,90,93,969641,179,969641,65,73,844088,114,844088
00114300,CALIFORNIA POLYTECHNIC STATE UNIVERSITY,CA,934070001,Public,3728,4386,15426418,11764,15426418,4255,5277,17152687,14485,17152687,237,270,3642621,651,3642621,1366,1469,29491509,4032,29491509,16,21,265274,59,265274
00114400,"CALIFORNIA STATE POLYTECHNIC UNIVERSITY, POMONA",CA,917682500,Public,5061,5225,21664476,9398,21664476,4507,4676,19758665,8591,19758665,621,663,9533472,1176,9533472,399,413,6115887,797,6115887,36,44,541059,68,541059
00114600,"CALIFORNIA STATE UNIVERSITY, CHICO",CA,959290001,Public,3655,4267,14908135,7322,14908135,3076,3527,10861657,6142,10861657,455,637,5747256,1012,5747256,305,325,4058145,610,4058145,10,16,102128,21,102128
00114700,"CALIFORNIA STATE UNIVERSITY, FRESNO",CA,937408026,Public,4029,4160,16367387,7167,16367387,3106,3287,12958524,5734,12958524,672,739,10073753,1295,10073753,108,118,1349978,217,1349978,55,70,628252,98,628252
00114900,"CALIFORNIA STATE POLYTECHNIC UNIVERSITY, HUMBOLDT",CA,955218299,Public,1610,1702,6560862,2923,6560862,1546,1659,6685374,2878,6685374,210,242,3095714,411,3095714,136,142,1806428,258,1806428,9,12,66188,18,66188
00115000,CALIFORNIA STATE UNIVERSITY - SACRAMENTO,CA,958196044,Public,6217,6465,26850159,11064,26850159,4883,5136,21877799,8775,21877799,937,1074,14714570,1699,14714570,956,975,14821725,1848,14821725,80,98,1155174,148,1155174
00115100,SAN DIEGO STATE UNIVERSITY,CA,921821690,Public,6106,6534,25999238,11679,25999238,6540,7059,28570008,12789,28570008,1561,1814,24488478,3038,24488478,1820,1989,40714785,3764,40714785,225,298,3032132,440,3032132
00115300,"CALIFORNIA STATE UNIVERSITY, NORTHRIDGE",CA,913308307,Public,6507,6844,27278486,11889,27278486,5577,5854,24704980,10387,24704980,1815,2183,29719308,3720,29719308,108,111,1314687,207,1314687,262,358,3693368,533,3693368
00115400,SAN FRANCISCO STATE UNIVERSITY,CA,941321740,Public,4576,4901,18631918,8360,18631918,4185,4480,17403871,7739,17403871,777,865,12177316,1507,12177316,1321,1481,20864486,2608,20864486,347,401,3905400,673,3905400
00115500,SAN JOSE STATE UNIVERSITY,CA,951920036,Public,4705,4960,19828300,8680,19828300,3967,4213,16775797,7441,16775797,1974,2245,28411675,3685,28411675,1290,1393,19653025,2543,19653025,796,916,8637464,1570,8637464
00115600,SONOMA STATE UNIVERSITY,CA,949283609,Public,1135,1171,4599040,2060,4599040,1204,1288,5163828,2312,5163828,164,189,2659514,324,2659514,216,232,3422862,417,3422862,12,16,148429,28,148429
00115700,"CALIFORNIA STATE UNIVERSITY, STANISLAUS",CA,953820299,Public,1871,2059,7830681,3311,7830681,1439,1590,6552225,2555,6552225,368,403,5694100,705,5694100,151,153,1819232,285,1819232,14,15,198884,27,198884
00116100,CERRITOS COMMUNITY COLLEGE,CA,906506296,Public,672,673,2199572,1219,2199572,665,667,3223815,1199,3223815,-,-, -,-, -,-,-, -,-, -,-,-, -,-, -
00116200,CHABOT COLLEGE,CA,945452400,Public,107,108,373422,197,373422,97,98,435566,179,435566,-,-, -,-, -,-,-, -,-, -,-,-, -,-, -
00116300,CHAFFEY COMMUNITY COLLEGE,CA,917379400,Public,107,108,285461,246,285461,99,100,357412,216,357412,-,-, -,-, -,-,-, -,-, -,-,-, -,-, -
00116400,CHAPMAN UNIVERSITY,CA,928661099,Private-Nonprofit,2101,2121,9012482,4045,9012482,2097,2176,6660403,4164,6660403,1158,1173,24916653,2528,24916653,1377,1403,40286787,2803,40286787,924,1002,41846679,2440,41846679
00116500,CHURCH DIVINITY SCHOOL OF THE PACIFIC,CA,947091217,Private-Nonprofit,-,-, -,-, -,-,-, -,-, -,1,1,13300,3,13300,-,-, -,-, -,-,-, -,-, -
00116600,CITRUS COLLEGE,CA,917411899,Public,137,153,416715,278,416715,119,135,477206,240,477206,-,-, -,-, -,4,5,46959,9,46959,-,-, -,-, -
00116900,CLAREMONT GRADUATE UNIVERSITY,CA,917116163,Private-Nonprofit,-,-, -,-, -,1,1,10250,1,10250,698,727,12612777,1267,12612777,-,-, -,-, -,464,726,14726041,1171,14726041
00117000,CLAREMONT MCKENNA COLLEGE,CA,917116400,Private-Nonprofit,180,183,777367,356,777367,89,89,329257,172,329257,-,-, -,-, -,57,65,2158962,113,2158962,-,-, -,-, -
00117100,HARVEY MUDD COLLEGE,CA,917115990,Private-Nonprofit,238,238,1028850,464,1028850,259,259,927052,504,927052,-,-, -,-, -,50,53,1697179,96,1697179,-,-, -,-, -
00117200,PITZER COLLEGE,CA,917116101,Private-Nonprofit,231,265,966682,441,966682,49,51,183754,95,183754,-,-, -,-, -,39,48,1573991,76,1573991,-,-, -,-, -
00117300,POMONA COLLEGE,CA,917116301,Private-Nonprofit,63,64,198031,122,198031,149,151,756359,291,756359,-,-, -,-, -,46,49,1416026,95,1416026,-,-, -,-, -
00117400,SCRIPPS COLLEGE,CA,917113948,Private-Nonprofit,177,185,744135,342,744135,63,63,288810,117,288810,-,-, -,-, -,38,40,1274694,67,1274694,-,-, -,-, -
00117600,COALINGA COLLEGE,CA,932101399,Public,35,35,109170,116,109170,31,31,70037,106,70037,-,-, -,-, -,-,-, -,-, -,-,-, -,-, -
00117700,UNIVERSITY OF SILICON VALLEY,CA,951341697,Proprietary,316,417,1366152,717,1366152,303,456,1490382,790,1487382,9,11,104961,21,104961,89,129,1656685,229,1656685,1,1,9242,2,9242
00117800,COLLEGE OF MARIN,CA,949042590,Public,53,54,199944,99,199944,52,53,250652,95,250652,-,-, -,-, -,-,-, -,-, -,-,-, -,-, -
00117900,NOTRE DAME DE NAMUR UNIVERSITY,CA,940021997,Private-Nonprofit,12,15,71162,23,62641,11,13,90218,20,77907,70,102,1637552,201,1630719,-,-, -,-, -,9,13,197506,19,197506
00118100,COLLEGE OF SAN MATEO,CA,944023784,Public,63,66,204505,118,204505,53,60,226472,107,226472,-,-, -,-, -,4,5,64000,10,64000,-,-, -,-, -
00118200,COLLEGE OF THE DESERT,CA,922609305,Public,124,124,441126,229,441126,118,121,557854,225,557854,-,-, -,-, -,-,-, -,-, -,-,-, -,-, -
00118500,COLLEGE OF THE REDWOODS,CA,955019300,Public,317,317,1100694,607,1100694,244,244,1092454,491,1092454,-,-, -,-, -,11,11,165778,24,165778,-,-, -,-, -
00118600,COLLEGE OF THE SEQUOIAS,CA,932772234,Public,126,136,436724,253,436724,73,81,316715,146,316715,-,-, -,-, -,4,4,72086,8,72086,-,-, -,-, -
00118700,COLLEGE OF THE SISKIYOUS,CA,960942899,Public,129,129,431868,247,431868,122,122,467104,233,467104,-,-, -,-, -,17,17,261560,34,261560,-,-, -,-, -
00119000,CONTRA COSTA COLLEGE,CA,948063195,Public,107,107,338113,201,338113,107,107,480763,206,480763,-,-, -,-, -,-,-, -,-, -,-,-, -,-, -
00119100,DIABLO VALLEY COLLEGE,CA,945231544,Public,210,210,672904,346,672904,205,205,953681,338,953681,-,-, -,-, -,6,6,77500,11,77500,-,-, -,-, -
00119200,CUESTA COLLEGE,CA,934038106,Public,224,255,751927,392,751927,222,256,978403,389,978403,-,-, -,-, -,7,8,137402,16,137402,-,-, -,-, -
00119300,CYPRESS COLLEGE,CA,906305897,Public,242,261,769869,491,769869,220,241,937275,452,937275,-,-, -,-, -,-,-, -,-, -,-,-, -,-, -
00119600,DOMINICAN UNIVERSITY OF CALIFORNIA,CA,949012298,Private-Nonprofit,565,566,2437572,1036,2437572,624,649,2241565,1193,2241565,324,379,5915038,684,5915038,192,234,5132131,387,5132131,160,336,4890162,363,4890162
00119700,EL CAMINO COLLEGE,CA,905060002,Public,110,111,371351,363,371351,112,117,494453,370,494453,-,-, -,-, -,4,4,56383,14,56383,-,-, -,-, -
00119900,FOOTHILL COLLEGE,CA,940224597,Public,339,345,1018004,805,1018004,301,309,1260302,714,1260302,-,-, -,-, -,-,-, -,-, -,-,-, -,-, -
00120000,FULLER THEOLOGICAL SEMINARY,CA,911820002,Private-Nonprofit,-,-, -,-, -,4,4,32167,11,32167,453,619,8013925,1409,8013925,-,-, -,-, -,88,132,1415699,345,1415699
00120100,FULLERTON COLLEGE,CA,928322095,Public,371,379,1159611,694,1159611,368,377,1697920,693,1697920,-,-, -,-, -,-,-, -,-, -,-,-, -,-, -
00120200,GAVILAN COLLEGE,CA,950209599,Public,11,11,43567,21,43567,7,7,34915,14,34915,-,-, -,-, -,1,1,12940,2,12940,-,-, -,-, -
00120300,GLENDALE COMMUNITY COLLEGE,CA,912082894,Public,428,431,1555815,712,1555815,369,374,1838553,624,1838553,-,-, -,-, -,4,4,70500,8,70500,-,-, -,-, -
00120500,GOLDEN GATE UNIVERSITY,CA,941052967,Private-Nonprofit,153,175,525909,246,525909,149,171,769371,235,769371,496,597,8973089,915,8973089,1,1,11744,1,11744,159,202,2924794,299,2924794
00120600,GOLDEN WEST COLLEGE,CA,926472748,Public,188,231,592070,291,592070,144,171,520906,209,520906,-,-, -,-, -,12,12,126260,20,126260,-,-, -,-, -
00120700,GRADUATE THEOLOGICAL UNION,CA,947091212,Private-Nonprofit,-,-, -,-, -,-,-, -,-, -,26,27,433524,50,433524,-,-, -,-, -,12,12,186098,19,186098
00120800,GROSSMONT COLLEGE,CA,920201799,Public,203,203,652283,404,652283,129,129,597545,262,597545,-,-, -,-, -,-,-, -,-, -,-,-, -,-, -
00120900,HARTNELL COMMUNITY COLLEGE,CA,939011697,Public,30,31,108252,59,108252,23,24,101715,45,101715,-,-, -,-, -,-,-, -,-, -,-,-, -,-, -
00121200,HUMPHREYS UNIVERSITY,CA,952073896,Private-Nonprofit,138,191,611956,857,585808,133,170,754902,776,718708,163,206,3042148,978,3005544,3,3,49588,15,49588,13,20,386683,89,386683
00121500,LA SIERRA UNIVERSITY,CA,925053332,Private-Nonprofit,664,716,2751057,1872,2751057,669,741,2096294,1931,2096294,186,267,3366177,589,3366177,150,187,2566751,462,2566751,74,131,1191796,212,1191796
00121600,UNIVERSITY OF LA VERNE,CA,917504443,Private-Nonprofit,2003,2036,8343440,3540,8343440,1927,2022,7106811,3507,7106811,1511,1624,27185455,2794,27185455,406,453,8019934,829,8019934,680,942,16448970,1512,16448970
00121700,LASSEN COLLEGE,CA,961303000,Public,34,34,109794,122,109794,32,32,126478,112,126478,-,-, -,-, -,3,3,21000,10,21000,-,-, -,-, -
00121800,LOMA LINDA UNIVERSITY,CA,923500001,Private-Nonprofit,695,758,3478572,2004,3478572,695,760,3745332,1983,3745332,1589,2007,57745658,4966,57745658,90,101,2865980,277,2865980,1261,1643,65497480,3967,65497480
00121900,LONG BEACH CITY COLLEGE,CA,908081780,Public,573,581,1922342,1053,1922342,560,569,2659826,1030,2659826,-,-, -,-, -,-,-, -,-, -,-,-, -,-, -
00122000,MASTER'S UNIVERSITY AND SEMINARY (THE),CA,913211200,Private-Nonprofit,591,591,2545618,1226,2545618,667,667,2450175,1353,2450175,61,61,892319,140,892319,97,103,2462784,189,2462784,1,1,5702,3,5702
00122300,LOS ANGELES CITY COLLEGE,CA,900293588,Public,756,810,2618700,1514,2618700,729,805,3754211,1503,3754211,-,-, -,-, -,8,8,83660,15,83660,-,-, -,-, -
00122400,LOS ANGELES HARBOR COLLEGE,CA,907442397,Public,54,55,188850,95,188850,51,51,242661,88,242661,-,-, -,-, -,-,-, -,-, -,-,-, -,-, -
00122600,LOS ANGELES PIERCE COLLEGE,CA,913710001,Public,525,557,1899064,1058,1899064,515,552,2540950,1057,2540950,-,-, -,-, -,3,3,39604,5,39604,-,-, -,-, -
00122700,LOS ANGELES TRADE-TECHNICAL COLLEGE,CA,900154181,Public,202,204,704520,376,704520,186,195,870635,361,870635,-,-, -,-, -,1,1,25000,2,25000,-,-, -,-, -
00122800,LOS ANGELES VALLEY COLLEGE,CA,914014096,Public,320,331,1135060,616,1135060,285,302,1271070,567,1271070,-,-, -,-, -,-,-, -,-, -,-,-, -,-, -
00122900,SOUTHERN CALIFORNIA UNIVERSITY OF HEALTH SCIENCES,CA,906044051,Private-Nonprofit,111,161,497553,230,497553,111,163,713200,232,713200,1233,3189,38590276,4544,38590276,-,-, -,-, -,615,1085,19039176,1398,19039176
00123000,MARSHALL B. KETCHUM UNIVERSITY,CA,928311699,Private-Nonprofit,-,-, -,-, -,-,-, -,-, -,364,518,17900929,1701,17900929,-,-, -,-, -,315,541,13540362,1516,13540362
00123200,AMERICAN RIVER COLLEGE,CA,958414286,Public,1144,1156,3772434,2089,3772434,1081,1090,5129331,1971,5129331,-,-, -,-, -,-,-, -,-, -,-,-, -,-, -
00123300,SACRAMENTO CITY COLLEGE,CA,958221386,Public,1194,1242,3863602,2184,3863602,1127,1173,5205813,2043,5205813,-,-, -,-, -,-,-, -,-, -,-,-, -,-, -
00123600,MENLO COLLEGE,CA,940274301,Private-Nonprofit,316,323,1345361,593,1345361,329,360,1207904,663,1207904,3,3,59220,6,59220,109,138,2500405,221,2500405,1,1,19847,2,19847
00123700,MERCED COLLEGE,CA,953482898,Public,114,125,351679,237,351679,97,105,368287,198,368287,-,-, -,-, -,-,-, -,-, -,-,-, -,-, -
00123900,MIRACOSTA COLLEGE,CA,920563899,Public,349,375,1166744,1076,1166744,308,321,1445127,929,1445127,-,-, -,-, -,-,-, -,-, -,-,-, -,-, -
00124000,MODESTO JUNIOR COLLEGE,CA,953505800,Public,57,57,165960,162,165960,54,54,167850,151,167850,-,-, -,-, -,-,-, -,-, -,-,-, -,-, -
00124200,MONTEREY PENINSULA COLLEGE,CA,939404799,Public,98,98,338948,311,338948,88,88,380514,285,380514,-,-, -,-, -,8,8,190000,29,190000,-,-, -,-, -
00124300,MOUNT SAINT MARY'S UNIVERSITY,CA,900491599,Private-Nonprofit,1183,1198,5038533,2467,5038533,1067,1098,3721681,2276,3721681,369,386,6737648,970,6730815,246,265,5009581,494,5009581,209,310,8383518,635,8383518
00124500,MOUNT SAN ANTONIO COLLEGE,CA,917891399,Public,326,326,1149022,1053,1110397,305,305,1292025,988,1262701,-,-, -,-, -,9,9,122030,28,115709,-,-, -,-, -
00124600,MT. SAN JACINTO COLLEGE,CA,925832399,Public,192,195,658099,357,658099,171,176,803342,318,803342,-,-, -,-, -,-,-, -,-, -,-,-, -,-, -
00124700,NAPA VALLEY COLLEGE,CA,945586236,Public,27,27,79000,49,79000,28,28,115872,52,115872,-,-, -,-, -,-,-, -,-, -,-,-, -,-, -
00124900,OCCIDENTAL COLLEGE,CA,900413314,Private-Nonprofit,563,566,2441821,1095,2441821,608,609,1966101,1184,1966101,-,-, -,-, -,93,102,3257555,177,3257555,-,-, -,-, -
00125000,ORANGE COAST COLLEGE,CA,926285005,Public,413,427,1384618,624,1384618,357,381,1314735,574,1314735,-,-, -,-, -,38,40,744792,67,744792,-,-, -,-, -
00125100,OTIS COLLEGE OF ART AND DESIGN,CA,900453505,Private-Nonprofit,509,509,2262179,974,2262179,496,499,1718993,954,1718993,20,20,399750,38,399750,269,275,9390069,512,9390069,9,9,234389,16,234389
00125200,HOPE INTERNATIONAL UNIVERSITY,CA,928313104,Private-Nonprofit,251,261,1068662,470,1068662,267,278,970802,500,970802,243,285,4526391,551,4526391,85,87,1751400,159,1751400,40,49,1053674,98,1053674
00125300,FRESNO PACIFIC UNIVERSITY,CA,937024798,Private-Nonprofit,1035,1296,5367501,2495,5365668,898,1110,5290096,2105,5289429,514,718,10653625,1438,10653625,48,58,838524,99,838524,78,100,1322513,184,1322513
00125500,PACIFIC OAKS COLLEGE,CA,911030000,Private-Nonprofit,300,469,1443662,837,1443662,295,433,2010608,763,2010608,659,870,15635165,1595,15635165,-,-, -,-, -,172,208,4235089,407,4235089
00125600,PACIFIC SCHOOL OF RELIGION,CA,947091323,Private-Nonprofit,-,-, -,-, -,-,-, -,-, -,52,63,946052,118,939219,-,-, -,-, -,11,12,156882,21,156882
00125800,PACIFIC UNION COLLEGE,CA,945089797,Private-Nonprofit,433,433,1812630,1085,1812630,499,499,2378535,1259,2378535,6,6,80650,14,80650,65,65,1056537,171,1056537,-,-, -,-, -
00126000,PALOMAR COLLEGE,CA,920691486,Public,209,215,701571,400,701571,174,181,833505,332,833505,-,-, -,-, -,-,-, -,-, -,-,-, -,-, -
00126100,PASADENA CITY COLLEGE,CA,911062003,Public,252,259,887466,494,887466,220,234,1014780,445,1014780,-,-, -,-, -,8,8,179955,16,179955,-,-, -,-, -
00126200,POINT LOMA NAZARENE UNIVERSITY,CA,921062899,Private-Nonprofit,1401,1698,6590230,2796,6565961,1634,1905,6934862,3170,6916487,797,1288,16015190,1815,15941254,457,500,13287975,877,13287975,94,165,2510835,229,2510835
00126600,LANEY COLLEGE,CA,946074893,Public,97,109,317977,310,303227,94,107,466620,303,441120,-,-, -,-, -,1,1,12000,1,3000,-,-, -,-, -
00126700,MERRITT COLLEGE,CA,946193196,Public,42,44,149813,128,149813,43,44,200137,128,200137,-,-, -,-, -,-,-, -,-, -,-,-, -,-, -
00126800,PORTERVILLE COLLEGE,CA,932576059,Public,4,4,12250,8,12250,2,2,4250,4,4250,-,-, -,-, -,-,-, -,-, -,-,-, -,-, -
00126900,RIO HONDO COMMUNITY COLLEGE,CA,906011699,Public,106,108,307750,186,307750,100,102,449825,176,449825,-,-, -,-, -,-,-, -,-, -,-,-, -,-, -
00127000,RIVERSIDE CITY COLLEGE,CA,925061299,Public,259,262,787764,484,787764,229,233,832769,428,832769,-,-, -,-, -,-,-, -,-, -,-,-, -,-, -
00127200,SAN BERNARDINO VALLEY COLLEGE,CA,924102798,Public,43,43,125500,69,125500,37,37,161500,60,161500,-,-, -,-, -,-,-, -,-, -,-,-, -,-, -
00127300,SAN DIEGO CITY COLLEGE,CA,921014787,Public,288,350,883412,683,871162,154,183,723741,355,719491,-,-, -,-, -,1,1,39012,2,39012,-,-, -,-, -
00127500,SAN DIEGO MESA COLLEGE,CA,921114996,Public,400,417,1333805,779,1288430,61,66,260669,124,256669,-,-, -,-, -,19,21,483310,41,483310,-,-, -,-, -
00127800,SAN FRANCISCO CONSERVATORY OF MUSIC,CA,941026011,Private-Nonprofit,73,73,312205,139,312205,69,70,203587,134,203587,63,63,1216542,122,1216542,39,41,1318785,76,1318785,38,38,1041240,74,1041240
00128000,SAN JOAQUIN DELTA COLLEGE,CA,952076370,Public,223,247,658675,710,658675,188,207,777745,585,777745,-,-, -,-, -,-,-, -,-, -,-,-, -,-, -
00128100,WILLIAM JESSUP UNIVERSITY,CA,957653784,Private-Nonprofit,395,454,1594864,783,1594864,384,413,1561704,737,1561704,176,179,2659571,384,2659571,108,129,1896323,202,1896323,16,17,246568,32,246568
00128200,SAN JOSE CITY COLLEGE,CA,951282797,Public,63,66,161698,121,161698,67,70,248009,127,248009,-,-, -,-, -,1,1,12000,2,12000,-,-, -,-, -
00128400,SANTA ANA COLLEGE,CA,927063398,Public,229,229,640111,668,640111,214,221,879322,652,879322,-,-, -,-, -,-,-, -,-, -,-,-, -,-, -
00128500,SANTA BARBARA CITY COLLEGE,CA,931092394,Public,437,443,1416217,777,1416217,441,455,1829515,794,1829515,-,-, -,-, -,73,77,1178947,146,1178947,-,-, -,-, -
00128600,SANTA MONICA COLLEGE,CA,904051644,Public,868,952,2983664,1733,2983664,822,897,3616338,1621,3616338,-,-, -,-, -,48,53,928772,92,928772,-,-, -,-, -
00128700,SANTA ROSA JUNIOR COLLEGE,CA,954014395,Public,140,140,532645,269,532645,118,119,467173,225,467173,-,-, -,-, -,-,-, -,-, -,-,-, -,-, -
00128800,CLAREMONT SCHOOL OF THEOLOGY,CA,900240000,Private-Nonprofit,-,-, -,-, -,-,-, -,-, -,28,28,450901,53,450901,-,-, -,-, -,11,11,321376,22,321376
00128900,SHASTA COLLEGE,CA,960497692,Public,322,340,961712,626,961712,318,349,1268758,643,1268758,-,-, -,-, -,-,-, -,-, -,-,-, -,-, -
00129000,SIERRA COLLEGE,CA,956773397,Public,385,386,1315943,688,1315943,337,343,1328830,615,1328830,-,-, -,-, -,2,2,25000,4,25000,-,-, -,-, -
00129100,SIMPSON UNIVERSITY,CA,960038606,Private-Nonprofit,425,474,1869122,853,1749292,441,493,1915971,887,1780044,61,62,1182953,163,1114956,84,86,1699638,160,1666344,18,20,361816,52,358265
00129200,SOLANO COMMUNITY COLLEGE,CA,945343197,Public,174,178,622190,330,622190,177,184,877933,335,877933,-,-, -,-, -,-,-, -,-, -,-,-, -,-, -
00129300,VANGUARD UNIVERSITY OF SOUTHERN CALIFORNIA,CA,926266597,Private-Nonprofit,936,943,3701857,1792,3701857,988,1017,3216934,1925,3216934,139,142,2300733,326,2300733,234,236,4592906,434,4592906,12,13,285077,30,285077
00129400,SOUTHWESTERN COMMUNITY COLLEGE DISTRICT,CA,919107299,Public,1022,1022,3281769,1782,3281769,845,845,3719038,1494,3719038,-,-, -,-, -,-,-, -,-, -,-,-, -,-, -
00129500,SOUTHWESTERN LAW SCHOOL,CA,900101106,Private-Nonprofit,-,-, -,-, -,-,-, -,-, -,613,771,14443393,1819,14443393,-,-, -,-, -,704,1307,35700188,3021,35700188
00129600,DOMINICAN SCHOOL OF PHILOSOPHY AND THEOLOGY,CA,947081295,Private-Nonprofit,-,-, -,-, -,-,-, -,-, -,2,2,41000,3,41000,-,-, -,-, -,-,-, -,-, -
00130200,SAINT MARY'S COLLEGE OF CALIFORNIA,CA,945752744,Private-Nonprofit,735,742,3189815,1407,3182524,767,784,2793785,1495,2777406,296,349,6107870,781,6012201,268,299,7921857,506,7921857,108,133,2384303,271,2384303
00130500,STANFORD UNIVERSITY,CA,943052004,Private-Nonprofit,200,216,789009,507,789009,426,438,2172049,1166,2172049,742,788,14437322,1942,14437322,200,214,7245286,575,7245286,485,607,22349881,1465,22349881
00130700,FRESNO CITY COLLEGE,CA,937410002,Public,91,96,256224,182,256224,15,15,39817,28,39817,-,-, -,-, -,2,2,19000,4,19000,-,-, -,-, -
00130800,REEDLEY COLLEGE,CA,936542099,Public,54,57,163795,105,163795,39,40,119476,70,119476,-,-, -,-, -,4,4,63860,9,63860,-,-, -,-, -
00130900,TAFT COLLEGE,CA,932682317,Public,14,14,53500,26,53500,15,16,74000,30,74000,-,-, -,-, -,-,-, -,-, -,-,-, -,-, -
00131200,"UNIVERSITY OF CALIFORNIA, BERKELEY",CA,947201520,Public,4508,6299,17373989,10815,17373989,3845,4786,16042122,8550,16042122,2050,2628,41553284,4403,41553284,1522,1752,42109206,3228,42109206,1385,2364,53690208,3990,53690208
00131300,"UNIVERSITY OF CALIFORNIA, DAVIS",CA,956168558,Public,5255,5684,20588609,15498,20588609,3671,3750,13813140,10494,13813140,1863,2143,49568829,6232,49553454,2012,2127,44348898,5996,44348898,1071,1338,39106262,3674,39054648
00131400,"UNIVERSITY OF CALIFORNIA, IRVINE",CA,926970001,Public,5200,5896,21167217,15627,21167217,3976,4826,13907089,13139,13907089,1602,1911,35563162,5112,35563162,2151,2945,50060247,8135,50060247,799,1261,24145351,3113,24145351
00131500,"UNIVERSITY OF CALIFORNIA, LOS ANGELES",CA,900959000,Public,4979,5467,20362200,14408,20362200,4495,5125,17764448,13291,17764448,3199,3878,69322063,8522,69322063,2171,2516,48639144,6523,48639144,2039,2959,76022572,6221,76022572
00131600,"UNIVERSITY OF CALIFORNIA, RIVERSIDE",CA,925210209,Public,6253,7598,29781984,22128,29781984,5154,6278,18993299,18103,18989549,616,686,15059500,1943,15054375,1280,1512,30457473,4556,30445804,392,449,9801801,1214,9791605
00131700,"UNIVERSITY OF CALIFORNIA, SAN DIEGO",CA,920930013,Public,6681,8159,26014595,20817,26014595,3735,4221,13345688,10832,13345688,935,1237,21483228,2890,21483228,1694,2008,41991536,5567,41991536,527,856,12873025,1914,12873025
00131900,"UNIVERSITY OF CALIFORNIA, SAN FRANCISCO",CA,941430402,Public,-,-, -,-, -,-,-, -,-, -,852,1163,27593257,3661,27593257,-,-, -,-, -,461,635,12004465,1716,12004465
00132000,"UNIVERSITY OF CALIFORNIA, SANTA BARBARA",CA,931062030,Public,3535,4609,12977128,9986,12976669,2964,3725,10632720,8985,10630970,190,250,2447658,475,2447658,1197,1491,27223448,3963,27217448,80,102,1603147,263,1601163
00132100,"UNIVERSITY OF CALIFORNIA, SANTA CRUZ",CA,950640001,Public,4391,4818,18395333,12540,18395333,3627,3920,12463717,10368,12463717,156,170,2374137,421,2374137,1327,1388,28421377,3845,28421377,23,28,393057,63,393057
00132200,UNIVERSITY OF REDLANDS,CA,923730999,Private-Nonprofit,1018,1066,4468279,1986,4465529,1116,1168,3907825,2151,3904325,721,761,12181820,1610,11898247,238,264,5331226,453,5331226,140,157,3372466,304,3372466
00132500,UNIVERSITY OF SAN FRANCISCO,CA,941171080,Private-Nonprofit,2350,2425,10364452,4389,10328952,2361,2464,7399200,4505,7364950,1621,1769,31581185,3010,31248685,749,953,26392524,1645,26392524,1257,2057,41876964,3062,41393137
00132600,SANTA CLARA UNIVERSITY,CA,950534956,Private-Nonprofit,877,1173,3945358,2772,3945358,1262,1583,5351446,3913,5351446,887,1014,16371328,2092,16371328,299,329,12681256,871,12681256,589,875,22245565,1532,22245565
00132800,UNIVERSITY OF SOUTHERN CALIFORNIA,CA,900890001,Private-Nonprofit,4454,8127,19263268,8308,19263268,3855,7052,10769859,7237,10769859,8906,18464,215406358,18700,215386483,1841,3359,72343952,3422,72343952,6358,13090,269471755,13209,269471755
00132900,UNIVERSITY OF THE PACIFIC,CA,952110197,Private-Nonprofit,1125,1213,4906575,2131,4906575,1061,1149,3517345,2066,3517345,2145,3043,59571637,5412,59571637,459,558,12704456,975,12704456,1696,2839,89976139,4973,89976139
00133400,VENTURA COLLEGE,CA,930033872,Public,106,110,371494,203,371494,73,76,297074,142,297074,-,-, -,-, -,3,3,41584,6,41584,-,-, -,-, -
00133500,VICTOR VALLEY COMMUNITY COLLEGE,CA,923955850,Public,84,84,292500,159,292500,81,81,276499,154,276499,-,-, -,-, -,-,-, -,-, -,-,-, -,-, -
00133800,WEST VALLEY COLLEGE,CA,950705697,Public,24,24,77468,70,77468,24,24,104934,72,104934,-,-, -,-, -,-,-, -,-, -,-,-, -,-, -
00133900,CORBAN UNIVERSITY,OR,973179392,Private-Nonprofit,271,326,1184544,570,1184544,275,298,993804,538,993804,64,67,980048,149,980048,58,68,1097690,113,1097690,9,10,174911,24,174911
00134100,WESTMONT COLLEGE,CA,931081099,Private-Nonprofit,511,526,2242687,989,2242687,574,601,2075077,1130,2075077,-,-, -,-, -,143,148,3593020,273,3593020,-,-, -,-, -
00134200,WHITTIER COLLEGE,CA,906084413,Private-Nonprofit,305,312,1276269,568,1276269,335,346,1152166,634,1152166,22,22,330388,43,330388,77,80,1536926,162,1536926,1,1,8040,2,8040
00134300,WOODBURY UNIVERSITY,CA,915041052,Private-Nonprofit,447,475,2105445,867,2105445,435,465,1705957,848,1705957,44,54,822875,103,822875,217,238,4909933,440,4909933,28,37,403499,71,403499
00134400,YUBA COLLEGE,CA,959017699,Public,55,55,197942,103,197942,49,50,244378,94,244378,-,-, -,-, -,-,-, -,-, -,-,-, -,-, -
00134500,ADAMS STATE UNIVERSITY,CO,811022373,Public,469,482,1762830,821,1762830,453,475,1720874,818,1720874,854,859,13291370,1957,13291370,82,88,1082574,152,1082574,75,77,1094428,167,1094428
00134600,ARAPAHOE COMMUNITY COLLEGE,CO,801609002,Public,1171,1195,3300050,1936,3300050,1122,1143,4722539,1889,4722539,-,-, -,-, -,10,10,87167,20,87167,-,-, -,-, -
00134700,COLORADO COLLEGE,CO,809033294,Private-Nonprofit,325,326,1289215,630,1289215,453,458,1870259,883,1870259,8,9,110914,19,110914,46,54,1580804,91,1580804,-,-, -,-, -
00134800,COLORADO SCHOOL OF MINES,CO,804011887,Public,1277,1344,5443300,2457,5443300,1642,1711,6562704,3181,6562704,219,243,3575630,366,3575630,626,710,18531269,1264,18531269,56,62,935140,97,935140
00134900,UNIVERSITY OF NORTHERN COLORADO,CO,806390001,Public,1814,1894,6955664,3278,6955664,2169,2343,8949536,4170,8949536,1044,1235,15148587,1944,15148587,852,943,13349437,1692,13349437,537,716,5917276,1088,5917276
00135000,COLORADO STATE UNIVERSITY,CO,805230100,Public,5719,6181,23071904,10696,23071904,6630,7067,27230003,12745,27230003,1637,1948,35272378,3300,35272378,2270,2652,55697366,4596,55697366,535,736,12421999,1249,12421999
00135200,DENVER SEMINARY,CO,801202192,Private-Nonprofit,-,-, -,-, -,-,-, -,-, -,197,206,2696823,374,2696823,-,-, -,-, -,12,13,151279,17,151279
00135300,FORT LEWIS COLLEGE,CO,813013999,Public,769,819,2836473,1381,2836473,734,796,2752507,1368,2752507,32,36,471676,60,471676,247,264,3411394,455,3411394,-,-, -,-, -
00135400,ILIFF SCHOOL OF THEOLOGY,CO,802104798,Private-Nonprofit,-,-, -,-, -,-,-, -,-, -,48,51,873454,135,873454,-,-, -,-, -,8,8,145021,15,145021
00135500,LAMAR COMMUNITY COLLEGE,CO,810523999,Public,52,52,170826,106,170826,52,52,166775,108,166775,-,-, -,-, -,6,6,97652,12,97652,-,-, -,-, -
00135800,COLORADO MESA UNIVERSITY,CO,815013122,Public,1991,2154,7034220,3516,7034220,2370,2541,9998368,4218,9998368,184,218,2942566,375,2942566,790,883,10453825,1524,10453825,92,149,2137985,231,2137985
00135900,COLORADO NORTHWESTERN COMMUNITY COLLEGE,CO,816483598,Public,158,158,544075,300,544075,162,162,678263,301,678263,-,-, -,-, -,14,14,238900,30,238900,-,-, -,-, -
00136000,METROPOLITAN STATE UNIVERSITY OF DENVER,CO,802043362,Public,4328,4669,17234536,7238,16435274,4468,4814,22758776,7547,21709103,698,818,11094665,1280,10806756,191,221,3227735,350,3188879,39,52,408875,75,408875
00136100,NORTHEASTERN JUNIOR COLLEGE,CO,807512399,Public,230,234,729968,414,729968,235,242,818977,429,818977,-,-, -,-, -,32,32,306862,61,306862,-,-, -,-, -
00136200,OTERO COLLEGE,CO,810503346,Public,159,163,504344,295,504344,152,152,633935,277,633935,-,-, -,-, -,5,5,24500,8,24500,-,-, -,-, -
00136300,REGIS UNIVERSITY,CO,802211099,Private-Nonprofit,890,1103,3891409,1954,3891409,889,1068,4425891,1914,4425891,942,1308,22040513,2785,22040513,169,191,3602030,340,3602030,385,585,12856703,1162,12856703
00136500,COLORADO STATE UNIVERSITY-PUEBLO,CO,810014901,Public,1014,1044,3947013,1759,3947013,1012,1046,4424791,1760,4424791,240,268,3733522,430,3733522,118,121,1412764,206,1412764,31,34,267441,40,267441
00136800,TRINIDAD STATE COLLEGE,CO,810822396,Public,215,218,676838,414,676838,196,197,770853,372,770853,-,-, -,-, -,7,7,81558,14,81558,-,-, -,-, -
00137000,UNIVERSITY OF COLORADO BOULDER,CO,803090017,Public,5645,5964,22979413,10665,22979413,7246,7582,28336872,14004,28336872,1196,1329,20544353,2343,20544353,2028,2519,64473242,4134,64473242,503,706,11747734,1113,11747734
00137100,UNIVERSITY OF DENVER,CO,802082000,Private-Nonprofit,1257,1340,5044213,3617,5044213,1622,1744,6029263,4756,6029263,3758,4266,66534310,10920,66534310,406,517,12015095,1241,12015095,1906,3119,67516502,6752,67516502
00137200,WESTERN COLORADO UNIVERSITY,CO,812310000,Public,441,451,1592755,778,1592755,568,595,2308575,1048,2308575,188,194,2898427,340,2898427,203,222,2880501,397,2880501,23,27,245262,34,245262
00137400,ALBERTUS MAGNUS COLLEGE,CT,065111189,Private-Nonprofit,755,794,3083873,1810,3083873,769,846,3138713,1894,3138713,213,225,3775053,568,3775053,115,122,1766093,219,1766093,15,16,178840,35,178840
00137800,CENTRAL CONNECTICUT STATE UNIVERSITY,CT,060502490,Public,3340,3451,13101127,6123,13101127,3592,3816,13737919,6806,13737919,711,797,10197365,1273,10197365,490,592,6476558,966,6476558,95,138,2148809,210,2148809
00137900,CONNECTICUT COLLEGE,CT,063204196,Private-Nonprofit,557,558,2427196,1118,2427196,603,603,1949233,1204,1949233,-,-, -,-, -,111,123,3347902,249,3347902,-,-, -,-, -
00138000,WESTERN CONNECTICUT STATE UNIVERSITY,CT,068106826,Public,1406,1425,5479139,2585,5479139,1556,1567,5881139,2934,5881139,256,274,3809771,457,3809771,292,335,3782546,561,3782546,25,30,174262,37,174262
00138500,FAIRFIELD UNIVERSITY,CT,068245171,Private-Nonprofit,1179,1180,5197620,2306,5197620,1820,1835,7458353,3587,7458353,523,539,8910302,951,8910302,366,412,12502673,714,12502673,97,122,2013125,189,2013125
00138700,HARTFORD INTERNATIONAL UNIVERSITY FOR RELIGION AND PEACE,CT,061052279,Private-Nonprofit,-,-, -,-, -,-,-, -,-, -,23,23,352276,42,352276,-,-, -,-, -,1,1,9602,2,9602
00138900,HOLY APOSTLES COLLEGE & SEMINARY,CT,064162027,Private-Nonprofit,57,57,155180,114,155180,32,32,110319,56,110319,63,63,401132,135,401132,1,1,4400,2,4400,-,-, -,-, -
00139300,MITCHELL COLLEGE,CT,063204498,Private-Nonprofit,263,268,1051647,486,1051647,285,308,925708,562,925708,-,-, -,-, -,94,102,1827045,203,1827045,-,-, -,-, -
00139700,UNIVERSITY OF NEW HAVEN,CT,065161999,Private-Nonprofit,2741,3042,11611271,5476,11611271,3184,3502,10502352,6352,10502352,832,916,14002622,1463,14002622,998,1039,26126926,1911,26126926,181,197,2827326,321,2827326
00140100,POST UNIVERSITY,CT,067233240,Proprietary,17489,21787,59566533,62598,57721826,17505,21817,93699142,63333,90674879,775,981,12085749,3019,11316625,117,140,1892571,364,1889523,31,37,418805,103,411797
00140200,QUINNIPIAC UNIVERSITY,CT,065181908,Private-Nonprofit,2737,2790,11643802,5410,11643802,3562,3713,12708211,7208,12708211,1464,1818,37173617,3269,37112781,923,1020,26973963,1908,26973963,613,962,18522059,1444,18503059
00140300,SACRED HEART UNIVERSITY,CT,068251000,Private-Nonprofit,3001,3056,12755289,5814,12755289,3829,3958,13249189,7538,13249189,1317,1714,21958388,3064,21958388,905,1177,29327340,1865,29327340,287,415,6895706,693,6895706
00140600,SOUTHERN CONNECTICUT STATE UNIVERSITY,CT,065151355,Public,3165,3336,12637371,5850,12637371,3180,3502,11740896,6210,11740896,1085,1180,17026274,1991,17026274,547,668,7529472,1118,7529472,92,116,1068815,146,1068815
00140900,UNIVERSITY OF SAINT JOSEPH,CT,061172791,Private-Nonprofit,546,567,2391994,1007,2384744,613,653,2498004,1182,2493004,591,769,14053434,1523,13985574,113,114,2414950,213,2414950,164,206,5798432,404,5786082
00141400,TRINITY COLLEGE,CT,061063100,Private-Nonprofit,514,514,2087113,1008,2087113,671,675,3059253,1316,3052753,13,13,201085,23,201085,91,98,3114142,166,3114142,1,1,15872,2,15872
00141600,UNIVERSITY OF BRIDGEPORT,CT,066045650,Private-Nonprofit,949,1059,4026426,2110,3998352,982,1086,4346785,2171,4301686,678,922,15897333,1720,15728251,181,235,3552877,383,3552877,214,342,6570489,568,6560909
00141700,UNIVERSITY OF CONNECTICUT,CT,062692151,Public,7930,8278,34077698,15223,34077698,8786,9344,30878495,17357,30878495,2138,3060,47304761,5216,47304761,2407,2966,55755914,5055,55755914,576,873,12608027,1264,12608027
00142200,UNIVERSITY OF HARTFORD,CT,061171599,Private-Nonprofit,2225,2256,9292452,4253,9292452,2549,2692,8475923,5090,8475923,761,932,12534426,1444,12534426,709,810,15896833,1426,15896833,157,190,2892330,305,2892330
00142400,WESLEYAN UNIVERSITY,CT,064593208,Private-Nonprofit,396,400,1687202,777,1687202,308,384,1113440,738,1113440,3,4,41917,5,41917,93,99,3925018,177,3925018,-,-, -,-, -
00142500,EASTERN CONNECTICUT STATE UNIVERSITY,CT,062262295,Public,1441,1507,5853776,2731,5853776,1667,1811,6019803,3306,6019803,99,125,1358740,162,1358740,289,381,3728724,571,3728724,5,6,42717,7,42717
00142600,YALE UNIVERSITY,CT,065208229,Private-Nonprofit,170,170,680795,324,680795,348,348,1666418,699,1666418,1674,1701,33557023,3505,33557023,185,186,6886960,385,6886960,1011,1099,38561049,2327,38561049
00142800,DELAWARE STATE UNIVERSITY,DE,199012277,Public,2342,2540,9044077,4587,9044077,2521,2935,8654636,5319,8654636,374,416,6069972,675,6069972,757,971,16820033,1713,16820033,55,83,874592,120,874592
00142900,GOLDEY-BEACOM COLLEGE,DE,198081993,Private-Nonprofit,189,189,700536,348,700536,231,240,877128,451,877128,70,70,970226,129,970226,37,37,361771,73,361771,2,2,19593,3,19593
00143100,UNIVERSITY OF DELAWARE,DE,197160099,Public,6875,7205,28579527,13377,28579527,9427,10132,34292031,18928,34292031,636,1125,9255188,1279,9255188,1671,1948,47020844,3565,47020844,108,194,2083178,263,2083178
00143400,AMERICAN UNIVERSITY (THE),DC,200168020,Private-Nonprofit,2512,2765,10920632,4875,10920632,2643,2955,8152865,5315,8152865,2813,4139,52495356,5956,52495356,709,1036,24947544,1505,24947544,1191,1957,36890377,2691,36890377
00143600,CAPITOL TECHNOLOGY UNIVERSITY,MD,207089759,Private-Nonprofit,140,140,561577,251,561577,141,141,507915,254,507915,293,293,4401424,736,4401424,52,52,760443,101,760443,55,56,1418053,116,1418053
00143700,CATHOLIC UNIVERSITY OF AMERICA (THE),DC,200640002,Private-Nonprofit,1158,1187,4767284,2225,4767284,1383,1442,4949367,2749,4949367,524,560,9534872,997,9534872,258,284,7858313,505,7858313,290,449,10182223,707,10182223
00144100,UNIVERSITY OF THE DISTRICT OF COLUMBIA,DC,200081175,Public,642,663,2166015,1156,2166015,586,599,2672924,1021,2672924,290,302,5361560,583,5361560,8,8,149365,15,149365,138,191,3462030,382,3462030
00144300,GALLAUDET UNIVERSITY,DC,200023695,Private-Nonprofit,305,315,1240491,574,1240491,310,331,1249058,605,1249058,202,210,3569185,375,3569185,14,15,156273,27,156273,64,80,1183048,128,1183048
00144400,GEORGE WASHINGTON UNIVERSITY,DC,200522353,Private-Nonprofit,3107,3121,13560585,5958,13560585,3169,3212,10337747,6114,10337747,5196,5606,116895417,9677,116895417,758,897,26666673,1553,26666673,2668,3702,96449688,5854,96449688
00144500,GEORGETOWN UNIVERSITY,DC,200571252,Private-Nonprofit,1407,1407,5568173,2664,5568173,409,409,1829971,726,1829971,4328,4512,96015791,8601,96015791,341,349,14550699,670,14550699,3395,3574,147267365,7297,147267365
00144800,HOWARD UNIVERSITY,DC,200590001,Private-Nonprofit,5343,5372,23810601,10330,23810601,5419,5869,15752425,11272,15752425,2436,2768,61397250,4830,61397250,2866,3045,80460426,5625,80460426,2073,2619,79796223,4352,79796223
00145900,STRAYER UNIVERSITY,DC,200052603,Proprietary,31520,41633,119753184,101139,119580415,31854,39475,173668722,99319,173559995,4478,5515,75173494,14656,75142661,44,53,343244,121,342912,218,274,3411059,656,3406602
00146000,TRINITY WASHINGTON UNIVERSITY,DC,200171004,Private-Nonprofit,642,703,2188336,1165,2188336,554,625,2119985,1041,2119985,211,252,3305061,438,3305061,20,24,215061,36,215061,16,20,154801,28,154801
00146400,WESLEY THEOLOGICAL SEMINARY,DC,200165690,Private-Nonprofit,-,-, -,-, -,1,1,10000,2,10000,49,57,577584,85,577584,-,-, -,-, -,4,7,61477,9,61477
00146600,BARRY UNIVERSITY,FL,331616628,Private-Nonprofit,1320,1494,5304492,2472,5304492,1393,1655,4693359,2742,4693359,2739,4426,61198219,5937,61198219,258,357,3429178,525,3429178,1441,2747,50363665,3321,50363665
00146700,BETHUNE COOKMAN UNIVERSITY,FL,321143099,Private-Nonprofit,1940,2079,7388626,3924,7351376,1834,2193,5744689,4180,5721439,85,96,1572344,186,1541594,539,580,5618321,1115,5588251,12,12,78514,24,78514
00146800,SAINT THOMAS UNIVERSITY,FL,330540000,Private-Nonprofit,1215,1229,4463104,2521,4463104,1195,1323,3819980,2696,3819980,2153,2269,36265049,7261,36265049,290,384,4337198,647,4337198,725,1069,27150930,2313,27150930
00146900,FLORIDA INSTITUTE OF TECHNOLOGY,FL,329016988,Private-Nonprofit,1697,1923,6391666,3931,6391666,1824,2062,6641176,4172,6641176,1913,2130,30188457,5086,30188457,552,638,16344839,1128,16344839,184,230,2986966,484,2986966
00147000,EASTERN FLORIDA STATE COLLEGE,FL,329226503,Public,2270,2366,7077145,4060,7077145,2135,2260,9472577,3953,9472577,-,-, -,-, -,14,16,95914,32,95914,-,-, -,-, -
00147100,COLLEGE OF CENTRAL FLORIDA,FL,344744415,Public,1013,1027,2968387,1798,2968387,1092,1111,4670832,1953,4670832,-,-, -,-, -,15,15,122715,27,122715,-,-, -,-, -
00147500,DAYTONA STATE COLLEGE,FL,321142800,Public,2356,2543,6899988,4552,6843230,1149,1378,3933347,2565,3912975,-,-, -,-, -,35,42,362340,74,349757,-,-, -,-, -
00147700,FLORIDA SOUTHWESTERN STATE COLLEGE,FL,339195566,Public,1428,1453,4071648,2347,4071648,641,742,1950675,1257,1950675,-,-, -,-, -,32,35,344890,64,344890,-,-, -,-, -
00147800,EDWARD WATERS UNIVERSITY,FL,322096199,Private-Nonprofit,755,766,2569275,1403,2569275,729,818,2540706,1494,2540706,78,79,1185485,159,1185485,125,125,1023309,234,1023309,6,6,46642,13,46642
00147900,EMBRY-RIDDLE AERONAUTICAL UNIVERSITY,FL,321143900,Private-Nonprofit,4396,5465,18375521,9733,18375521,4821,6116,17865223,10952,17865223,817,917,11294169,2244,11294169,1450,2647,57531832,3697,57531832,89,112,1115649,190,1115649
00148000,FLORIDA AGRICULTURAL & MECHANICAL UNIVERSITY,FL,323073100,Public,3850,3865,16403763,7332,16394728,3537,3553,12267731,6750,12258640,943,1096,17793430,2282,17786930,1077,1181,16873288,2524,16854094,424,474,7964293,1007,7964293
00148100,FLORIDA ATLANTIC UNIVERSITY,FL,334316498,Public,5936,6321,24606058,10456,24606058,5734,6059,21160324,9950,21160324,1995,2351,36244636,3721,36244636,769,997,16756898,1596,16756898,300,367,5302865,510,5302865
00148200,FLORIDA COLLEGE,FL,336175578,Private-Nonprofit,205,205,833342,377,833342,239,243,824008,441,824008,-,-, -,-, -,131,132,2025142,240,2025142,-,-, -,-, -
00148400,FLORIDA STATE COLLEGE AT JACKSONVILLE,FL,322024030,Public,5006,5685,17062782,10420,17062782,4296,4806,19863214,8825,19863214,-,-, -,-, -,33,46,565585,86,565585,-,-, -,-, -
00148500,COLLEGE OF THE FLORIDA KEYS (THE),FL,330404397,Public,162,163,495738,251,495738,162,166,738055,257,738055,-,-, -,-, -,6,6,78378,10,78378,-,-, -,-, -
00148600,FLORIDA MEMORIAL UNIVERSITY,FL,330546199,Private-Nonprofit,811,812,3172299,1499,3172299,821,830,2551211,1529,2551211,28,28,513788,52,513788,176,179,2916010,343,2916010,4,4,50791,7,50791
00148700,ECKERD COLLEGE,FL,337114744,Private-Nonprofit,694,694,2966083,1311,2966083,781,784,2556704,1491,2556704,-,-, -,-, -,295,313,7774169,558,7774169,-,-, -,-, -
00148800,FLORIDA SOUTHERN COLLEGE,FL,338015698,Private-Nonprofit,1102,1213,4806731,2207,4806731,1329,1448,4739375,2657,4739375,266,449,5510822,574,5510822,390,472,7927074,760,7927074,110,230,2537159,235,2537159
00148900,FLORIDA STATE UNIVERSITY,FL,323061470,Public,5164,9202,21189488,9270,21189488,5475,10134,22430135,10264,22430135,4330,8703,82087407,8816,82087407,685,1262,10467594,1311,10467594,835,1532,14735513,1711,14735513
00149000,GULF COAST STATE COLLEGE,FL,324011058,Public,409,415,1288489,636,1288489,332,339,1277360,556,1277360,-,-, -,-, -,14,14,190518,22,190518,-,-, -,-, -
00149300,INDIAN RIVER STATE COLLEGE,FL,349815596,Public,597,631,2131703,1132,2131703,360,385,1258052,710,1258052,-,-, -,-, -,10,11,93364,22,93364,-,-, -,-, -
00149500,JACKSONVILLE UNIVERSITY,FL,322113394,Private-Nonprofit,969,1028,4007556,1808,4007556,1175,1214,4738125,2165,4738125,679,728,11479516,1457,11479516,316,382,7175775,611,7175775,227,292,8003883,563,8003883
00150000,BROWARD COLLEGE,FL,333012298,Public,3747,3889,11421248,6577,11421248,898,1017,3397475,1856,3397475,-,-, -,-, -,28,37,343586,71,343586,-,-, -,-, -
00150100,FLORIDA GATEWAY COLLEGE,FL,320252007,Public,492,510,1502623,797,1502623,433,473,1195678,732,1195678,-,-, -,-, -,3,3,20100,6,20100,-,-, -,-, -
00150200,LAKE-SUMTER STATE COLLEGE,FL,347888751,Public,468,468,1456703,730,1424817,181,181,911128,296,895278,-,-, -,-, -,1,1,5225,1,5225,-,-, -,-, -
00150400,"STATE COLLEGE OF FLORIDA, MANATEE-SARASOTA",FL,342073596,Public,741,773,2305257,1341,2305257,643,677,2384922,1190,2384922,-,-, -,-, -,10,12,126709,21,126709,-,-, -,-, -
00150500,LYNN UNIVERSITY,FL,334315598,Private-Nonprofit,974,1020,3843339,2138,3841964,962,1040,3066773,2169,3065023,321,360,5094171,991,5094171,346,372,10504853,671,10504853,66,73,1253423,214,1253423
00150600,MIAMI DADE COLLEGE,FL,331322297,Public,1891,1891,6205951,3582,6197275,1551,1551,5631148,2930,5621148,-,-, -,-, -,18,18,213102,37,213102,-,-, -,-, -
00150900,NOVA SOUTHEASTERN UNIVERSITY,FL,333147796,Private-Nonprofit,2877,6118,12443326,6163,12437826,2820,5639,10521845,5680,10518095,10067,23777,299990606,24652,299878002,777,1066,18687688,1611,18178942,7098,13226,336081377,18235,332306087
00151000,NORTHWEST FLORIDA STATE COLLEGE,FL,325781295,Public,375,383,1245534,664,1245534,325,335,1411126,580,1411126,-,-, -,-, -,1,2,30899,4,30899,-,-, -,-, -
00151200,PALM BEACH STATE COLLEGE,FL,334614796,Public,3379,3872,10149053,7268,10149053,2762,2994,10398760,5661,10398760,-,-, -,-, -,19,20,194315,34,194315,-,-, -,-, -
00151300,PENSACOLA STATE COLLEGE,FL,325048998,Public,826,938,2757184,1783,2757184,734,942,2790811,1807,2790811,-,-, -,-, -,14,15,102850,25,102850,-,-, -,-, -
00151400,POLK STATE COLLEGE,FL,338814256,Public,677,690,2109865,1189,2109865,654,666,2582801,1154,2582801,-,-, -,-, -,10,10,79570,24,79570,-,-, -,-, -
00151500,ROLLINS COLLEGE,FL,327894499,Private-Nonprofit,837,901,3537409,1657,3537409,981,1075,3578570,1992,3578570,190,207,3459876,390,3459876,214,237,5837349,425,5837349,58,68,1657628,131,1657628
00151900,SANTA FE COLLEGE,FL,326066200,Public,1614,1628,5277129,2950,5277129,1455,1470,4264844,2851,4264844,-,-, -,-, -,35,36,288261,64,288261,-,-, -,-, -
00152000,SEMINOLE STATE COLLEGE OF FLORIDA,FL,327736199,Public,2047,2213,6336887,4065,6336887,1709,1883,6937961,3476,6937961,-,-, -,-, -,23,25,299126,45,299126,-,-, -,-, -
00152100,SOUTHEASTERN UNIVERSITY,FL,338016099,Private-Nonprofit,2330,2485,8851449,4258,8851449,2633,2812,9577252,4907,9577252,591,644,8388437,1302,8388437,385,445,6409362,740,6409362,90,98,757495,209,757495
00152200,SOUTH FLORIDA STATE COLLEGE,FL,338259399,Public,141,152,464410,280,464410,139,158,415338,282,415338,-,-, -,-, -,1,1,5000,2,5000,-,-, -,-, -
00152300,SAINT JOHNS RIVER STATE COLLEGE,FL,321773897,Public,455,478,1491143,837,1491143,500,521,2152434,909,2152434,-,-, -,-, -,7,7,71810,14,71810,-,-, -,-, -
00152600,SAINT LEO UNIVERSITY,FL,335746665,Private-Nonprofit,2381,2667,8814144,6738,8814144,2412,2718,10818180,6854,10818180,1063,1364,20779401,3973,20779401,198,214,3118424,397,3118424,188,260,4493830,789,4493830
00152800,ST. PETERSBURG COLLEGE,FL,337603768,Public,4244,4737,13876203,6903,13876203,3789,4224,17354472,6122,17354472,-,-, -,-, -,12,14,122294,19,122294,-,-, -,-, -
00153100,STETSON UNIVERSITY,FL,327233761,Private-Nonprofit,925,935,3879139,1739,3879139,905,969,2917020,1798,2917020,828,1105,15758121,1821,15747871,290,298,5729564,555,5729564,620,919,16388920,1450,16380670
00153300,TALLAHASSEE STATE COLLEGE,FL,323042895,Public,2651,2829,7244424,5424,7244424,2319,2507,6810887,4838,6810887,-,-, -,-, -,129,143,1634087,288,1634087,-,-, -,-, -
00153500,UNIVERSITY OF FLORIDA,FL,326113150,Public,2862,3138,11446319,5094,11446319,3878,4188,18777669,7189,18777669,5979,8655,131736929,14572,131736929,904,1036,14925834,1818,14925834,2270,3436,41005827,5044,41005827
00153600,UNIVERSITY OF MIAMI,FL,331466531,Private-Nonprofit,3122,3165,13560330,5802,13560330,2869,2946,9428686,5460,9428686,2445,2659,43626438,4715,43626438,876,1066,32021865,1764,32021865,2146,3039,95928515,4943,95928515
00153700,UNIVERSITY OF SOUTH FLORIDA,FL,336206960,Public,7536,14043,30522199,14043,30522199,7831,14799,32466687,14799,32466687,3649,7060,75576113,7931,75576113,878,1131,12540510,1636,12540510,701,1089,12763686,1608,12763686
00153800,UNIVERSITY OF TAMPA (THE),FL,336061490,Private-Nonprofit,3281,3945,14161407,6723,14161407,4125,4451,14396305,7948,14396305,331,422,5609331,659,5609331,1800,2012,51524905,3421,51524905,129,147,5196037,287,5196037
00154000,WEBBER INTERNATIONAL UNIVERSITY,FL,338270096,Private-Nonprofit,998,1023,4017562,1983,4010659,980,1003,3098475,1982,3087542,35,39,457344,93,457344,360,384,6292338,804,6292338,4,5,66157,15,66157
00154100,ABRAHAM BALDWIN AGRICULTURAL COLLEGE,GA,317932601,Public,650,676,2293754,1239,2271918,794,860,3008989,1580,3008989,-,-, -,-, -,105,121,792458,226,792458,-,-, -,-, -
00154200,AGNES SCOTT COLLEGE,GA,300303770,Private-Nonprofit,409,415,1762061,786,1762061,438,454,1334244,861,1334244,121,122,1622432,196,1622432,93,102,1688579,179,1688579,70,79,908610,103,908610
00154400,ALBANY STATE UNIVERSITY,GA,317052796,Public,4132,4239,14961734,7887,14961734,3955,4035,12866163,7448,12866163,454,500,6199285,1000,6199285,502,595,6072129,1145,6072129,32,32,490593,71,490593
00154500,ANDREW COLLEGE,GA,398401395,Private-Nonprofit,185,188,638101,352,638101,204,220,747455,413,747455,-,-, -,-, -,30,34,340986,66,340986,-,-, -,-, -
00154700,POINT UNIVERSITY,GA,318331200,Private-Nonprofit,399,399,1378117,723,1378117,374,374,1298579,678,1298579,29,29,432406,65,432406,63,63,1011360,120,1011360,-,-, -,-, -
00155400,BERRY COLLEGE,GA,301495007,Private-Nonprofit,575,586,2327746,1124,2327746,802,828,3060926,1593,3060926,39,39,502904,60,502904,197,213,3420408,384,3420408,1,1,1112,1,1112
00155500,THOMAS UNIVERSITY,GA,317927499,Private-Nonprofit,460,475,1715420,767,1715420,476,517,2248398,849,2248398,633,638,9418670,1363,9418670,37,41,332094,63,332094,74,80,977506,153,977506
00155600,BRENAU UNIVERSITY,GA,305013668,Private-Nonprofit,661,667,2574985,1145,2574985,715,722,3228789,1272,3228789,1202,1204,21753383,2149,21753383,49,50,614237,89,614237,583,822,16656669,1348,16656669
00155700,BREWTON PARKER COLLEGE,GA,304450000,Private-Nonprofit,356,356,1357124,668,1357124,351,351,1147182,667,1147182,2,2,25000,6,25000,103,103,1215326,213,1215326,-,-, -,-, -
00155800,COLLEGE OF COASTAL GEORGIA,GA,315203644,Public,918,950,3109589,1563,3109589,877,932,3415688,1540,3415688,-,-, -,-, -,65,69,475495,116,475495,-,-, -,-, -
00155900,CLARK ATLANTA UNIVERSITY,GA,303144385,Private-Nonprofit,2939,2939,11625589,5411,11625589,2915,2915,8894962,5370,8894962,429,429,7372783,788,7372783,2092,2290,58369464,4144,58369464,189,242,2991653,380,2991653
00156000,COLUMBIA THEOLOGICAL SEMINARY,GA,300300000,Private-Nonprofit,-,-, -,-, -,-,-, -,-, -,21,23,328250,42,328250,-,-, -,-, -,4,4,56202,7,56202
00156100,COLUMBUS STATE UNIVERSITY,GA,319075645,Public,2138,2250,8112378,3680,8112378,2064,2184,7763946,3610,7763946,761,929,10312304,1325,10312304,232,277,2614697,437,2614697,57,73,594878,91,594878
00156300,EMMANUEL UNIVERSITY,GA,306390000,Private-Nonprofit,284,284,1098838,545,1098838,333,368,1207361,711,1207361,35,35,400720,86,400720,169,169,1995381,326,1995381,-,-, -,-, -
00156400,EMORY UNIVERSITY,GA,303221960,Private-Nonprofit,592,629,2527761,1093,2527761,805,847,3637187,1548,3637187,3190,3336,74708822,5926,74692896,273,318,9149942,566,9149942,1999,3152,81813260,4578,81784096
00156600,FORT VALLEY STATE UNIVERSITY,GA,310303298,Public,1718,1732,6269579,3110,6269579,1682,1772,5473734,3180,5473734,140,140,2023207,221,2023207,416,433,4015349,788,4015349,23,24,252270,31,252270
00156800,INTERDENOMINATIONAL THEOLOGICAL CENTER,GA,303144143,Private-Nonprofit,-,-, -,-, -,1,1,10500,2,10500,19,21,275645,39,275645,-,-, -,-, -,6,6,114132,11,114132
00156900,GEORGIA INSTITUTE OF TECHNOLOGY,GA,303320325,Public,2385,2940,10217940,4600,10135125,2709,3402,11406568,5392,11317888,1081,1444,18029002,2054,17768078,1009,1351,18202011,2060,18119202,449,585,5107860,845,5082644
00157100,GEORGIA MILITARY COLLEGE,GA,310613398,Public,1913,2705,5600447,5924,5600447,1489,2043,4974216,4616,4974216,-,-, -,-, -,51,63,398434,160,398434,-,-, -,-, -
00157200,GEORGIA SOUTHERN UNIVERSITY,GA,304588065,Public,6820,7538,26073813,12717,26073813,7220,8025,26167470,13720,26167470,2209,2849,28313133,4214,28313133,1088,1304,13159214,2145,13159214,224,273,2074041,323,2074041
00157300,GEORGIA SOUTHWESTERN STATE UNIVERSITY,GA,317094693,Public,1028,1090,3877107,1826,3877107,990,1093,3898345,1805,3898345,427,580,4915901,831,4915901,97,123,659548,208,659548,-,-, -,-, -
00157400,GEORGIA STATE UNIVERSITY,GA,303033010,Public,15213,16550,57716772,26300,56939054,13612,14787,52444814,23590,51569187,2760,3206,49627285,5457,48303220,1106,1317,19068776,2040,19004847,554,717,10194858,1040,10137401
00157500,GORDON STATE COLLEGE,GA,302041762,Public,1121,1169,3685444,1934,3685444,1074,1157,3556084,1933,3556084,-,-, -,-, -,66,75,465557,145,465557,-,-, -,-, -
00157700,KENNESAW STATE UNIVERSITY,GA,301445591,Public,11166,12573,41905226,20844,41905226,12220,13290,45583870,22580,45583870,1988,2374,28684296,3576,28684296,1350,1585,17429876,2654,17429876,249,297,2840043,363,2840043
00157800,LAGRANGE COLLEGE,GA,302402999,Private-Nonprofit,305,305,1161926,566,1161926,367,393,1365408,730,1365408,114,116,1721470,229,1721470,69,69,941544,121,941544,16,16,214410,30,214410
00157900,AUGUSTA UNIVERSITY,GA,309090004,Public,1691,1764,6496911,3041,6496911,1761,1880,6890724,3260,6890724,2779,3088,65780495,5595,65780495,289,357,3644890,588,3644890,1106,1471,23871908,2677,23871908
00158000,MERCER UNIVERSITY,GA,312070001,Private-Nonprofit,2270,2476,8934668,4421,8934668,2581,2794,11518635,5066,11518635,3020,3323,70136029,6628,70124104,348,416,6277660,748,6277660,1256,1661,33238494,3476,33238494
00158100,MIDDLE GEORGIA STATE UNIVERSITY,GA,312065145,Public,2401,2601,8412776,4686,8412776,2330,2620,9631315,4709,9631315,263,298,3889317,570,3889317,352,403,3906503,751,3906503,78,90,684706,171,684706
00158200,MOREHOUSE COLLEGE,GA,303143773,Private-Nonprofit,1412,1424,5833336,2553,5833336,1569,1662,5848300,3009,5848300,-,-, -,-, -,909,996,27648159,1802,27648159,-,-, -,-, -
00158300,MORRIS BROWN COLLEGE,GA,303144140,Private-Nonprofit,320,345,1015917,723,1015917,277,290,1108800,594,1108800,-,-, -,-, -,13,13,143098,27,143098,-,-, -,-, -
00158500,UNIVERSITY OF NORTH GEORGIA,GA,305970001,Public,2547,2861,8883268,4475,8883268,3047,3407,12075483,5448,12075483,366,485,4285891,783,4285891,293,332,2894810,541,2894810,26,32,267118,53,267118
00158600,OGLETHORPE UNIVERSITY,GA,303192737,Private-Nonprofit,494,522,2135564,989,2133731,530,552,1863918,1045,1861585,14,18,265284,30,265284,139,142,2550349,264,2550349,-,-, -,-, -
00158700,PAINE COLLEGE,GA,309013182,Private-Nonprofit,248,248,851830,440,851830,241,310,860762,543,860762,-,-, -,-, -,45,45,368091,79,368091,-,-, -,-, -
00158800,PIEDMONT UNIVERSITY,GA,305355644,Private-Nonprofit,684,685,2744935,1221,2744935,770,770,3141675,1382,3141675,595,595,8612057,1243,8612057,146,154,2362096,284,2362096,30,31,289074,68,289074
00158900,REINHARDT UNIVERSITY,GA,301832900,Private-Nonprofit,492,500,1912214,873,1912214,601,635,2027318,1124,2027318,52,79,1122619,146,1122619,137,138,2006178,250,2006178,5,5,33588,10,33588
00159000,SAVANNAH STATE UNIVERSITY,GA,314045298,Public,1888,1982,7086756,3702,7086756,1817,2094,5840214,3848,5840214,179,186,2721138,361,2721138,385,506,4347127,992,4347127,20,30,200976,60,200976
00159100,SHORTER UNIVERSITY,GA,301654298,Private-Nonprofit,492,563,2065710,1065,2065710,605,720,2733338,1369,2733338,102,157,2506020,290,2506020,196,204,1856029,368,1856029,4,4,5648,6,5648
00159200,SOUTH GEORGIA STATE COLLEGE,GA,315338104,Public,524,555,1941427,909,1745614,508,537,1979863,889,1777186,-,-, -,-, -,24,26,180663,45,175663,-,-, -,-, -
00159400,SPELMAN COLLEGE,GA,303144399,Private-Nonprofit,971,980,4221574,1897,4221574,998,1045,3225642,2026,3225642,-,-, -,-, -,991,1100,32046247,2161,32046247,-,-, -,-, -
00159600,TOCCOA FALLS COLLEGE,GA,305980001,Private-Nonprofit,438,469,1695104,943,1695104,423,475,1525165,944,1525165,36,55,405598,106,405598,75,93,974443,148,974443,-,-, -,-, -
00159700,TRUETT MCCONNELL UNIVERSITY,GA,305281264,Private-Nonprofit,278,278,1050032,503,1050032,367,378,1329223,687,1329223,24,24,236839,38,236839,65,65,872850,116,872850,-,-, -,-, -
00159800,UNIVERSITY OF GEORGIA,GA,306024212,Public,3861,3962,15755596,7007,15755596,5568,5671,23811586,9869,23811586,3201,3479,64522653,6554,64522653,1644,1849,25071849,3208,25071849,1417,1726,20635052,3051,20635052
00159900,VALDOSTA STATE UNIVERSITY,GA,316980001,Public,3166,3420,12462787,5752,12462787,3003,3340,11805804,5712,11805804,1702,1803,20909975,3497,20909975,711,816,7565556,1316,7565556,201,216,2317045,407,2317045
00160000,WESLEYAN COLLEGE,GA,312104462,Private-Nonprofit,237,237,927815,417,916815,235,256,830773,451,818579,25,25,359607,55,359607,28,33,299279,53,299279,1,1,13214,2,13214
00160100,UNIVERSITY OF WEST GEORGIA,GA,301180002,Public,2639,2808,10072556,4729,9975914,2664,2894,10592307,4930,10484670,2646,3322,34114522,4759,34022596,328,344,3401918,601,3362453,166,193,1794138,263,1794138
00160200,GEORGIA COLLEGE & STATE UNIVERSITY,GA,310610490,Public,1220,1282,4628333,2308,4628333,1917,2023,7501973,3678,7501973,716,801,10196087,1180,10196087,351,402,4672323,669,4672323,82,87,616442,97,616442
00160400,YOUNG HARRIS COLLEGE,GA,305824137,Private-Nonprofit,335,339,1389569,626,1389569,443,445,1584141,828,1584141,13,13,144721,22,144721,93,97,1351175,169,1351175,-,-, -,-, -
00160500,CHAMINADE UNIVERSITY OF HONOLULU,HI,968161578,Private-Nonprofit,563,609,2323168,983,2323168,581,636,2484215,1041,2484215,447,503,9080473,1362,9073639,207,221,4513606,389,4513606,106,132,2507020,338,2507020
00160600,BRIGHAM YOUNG UNIVERSITY - HAWAII,HI,967621294,Private-Nonprofit,171,238,648290,345,648290,141,254,557968,272,557968,-,-, -,-, -,13,27,97579,27,97579,-,-, -,-, -
00161000,UNIVERSITY OF HAWAII AT MANOA,HI,968222399,Public,3219,3351,13123465,5899,13123465,3515,3564,14010563,6456,14010563,924,978,18723527,1892,18723527,1772,1893,40909102,3512,40909102,522,589,8819780,1152,8819780
00161100,UNIVERSITY OF HAWAII AT HILO,HI,967204091,Public,618,670,2519325,1188,2519325,647,674,2731083,1180,2731083,153,161,3853902,301,3853902,79,89,1260843,151,1260843,87,115,1888781,197,1888781
00161200,HONOLULU COMMUNITY COLLEGE,HI,968174598,Public,144,145,454682,258,454682,134,135,625694,242,625694,-,-, -,-, -,3,4,31245,8,31245,-,-, -,-, -
00161300,KAPIOLANI COMMUNITY COLLEGE,HI,968164421,Public,370,394,1121890,690,1121890,324,334,1423538,594,1423538,-,-, -,-, -,6,7,92249,13,92249,-,-, -,-, -
00161400,KAUAI COMMUNITY COLLEGE,HI,967669591,Public,30,31,107344,58,107344,28,29,121102,55,121102,-,-, -,-, -,-,-, -,-, -,-,-, -,-, -
00161500,UNIVERSITY OF HAWAII MAUI COLLEGE,HI,967321644,Public,137,137,486012,252,486012,109,111,505347,199,505347,-,-, -,-, -,1,1,18000,2,18000,-,-, -,-, -
00161600,BOISE STATE UNIVERSITY,ID,837251000,Public,4451,4869,17940453,8185,17940453,5122,5624,23530235,9649,23530235,1102,1383,16818643,2100,16818643,799,855,19112547,1544,19112547,75,87,813652,111,813652
00161700,COLLEGE OF IDAHO (THE),ID,836054432,Private-Nonprofit,311,317,1270675,598,1270675,380,386,1348512,733,1348512,6,7,109853,16,96187,60,64,920748,123,920748,-,-, -,-, -
00161900,COLLEGE OF SOUTHERN IDAHO,ID,833033398,Public,550,573,1615422,1000,1615422,253,276,954743,497,954743,-,-, -,-, -,5,5,46155,10,46155,-,-, -,-, -
00162000,IDAHO STATE UNIVERSITY,ID,832095377,Public,2202,2258,8521290,3686,8521290,1961,2007,9005947,3298,9005947,993,1333,19741077,2087,19741077,73,78,961837,138,961837,280,463,6774115,663,6774115
00162100,LEWIS-CLARK STATE COLLEGE,ID,835012698,Public,903,915,3276830,1481,3276830,896,910,4053185,1502,4053185,2,2,26518,4,26518,35,36,379406,63,379406,-,-, -,-, -
00162300,NORTH IDAHO COLLEGE,ID,838142199,Public,623,623,1963216,1888,1963216,226,226,1015615,678,1015615,-,-, -,-, -,11,13,95918,24,95918,-,-, -,-, -
00162400,NORTHWEST NAZARENE UNIVERSITY,ID,836865897,Private-Nonprofit,573,574,2466524,1106,2466524,628,638,2327777,1205,2327777,401,404,5954261,948,5954261,85,85,1473364,177,1473364,36,36,436783,88,436783
00162500,BRIGHAM YOUNG UNIVERSITY - IDAHO,ID,834601650,Private-Nonprofit,4100,5358,18570831,8379,18570831,3455,4530,19172120,7300,19172120,-,-, -,-, -,37,39,250014,64,250014,-,-, -,-, -
00162600,UNIVERSITY OF IDAHO,ID,838444291,Public,1986,2209,7828850,4556,7828850,2136,2301,8609167,4183,8609167,796,883,13248714,1622,13248714,666,679,9363298,1343,9363298,413,491,8323103,1047,8323103
00162800,AMERICAN ACADEMY OF ART COLLEGE,IL,606044302,Proprietary,76,80,312250,144,307750,76,79,258969,143,254969,-,-, -,-, -,30,31,716631,56,716631,-,-, -,-, -
00163200,AQUINAS INSTITUTE OF THEOLOGY,MO,631083323,Private-Nonprofit,-,-, -,-, -,-,-, -,-, -,1,1,7000,2,7000,-,-, -,-, -,-,-, -,-, -
00163300,AUGUSTANA COLLEGE,IL,612012296,Private-Nonprofit,1022,1037,4423039,1981,4423039,1214,1300,4022348,2475,4022348,44,61,792669,91,792669,241,268,4012612,468,4012612,11,18,215410,25,215410
00163400,AURORA UNIVERSITY,IL,605064892,Private-Nonprofit,1890,1996,7853589,3415,7832494,1955,2061,7651297,3513,7630528,1538,2242,22668739,3246,22625641,280,298,3828977,521,3825027,149,173,1167945,202,1167945
00163600,SOUTHWESTERN ILLINOIS COLLEGE,IL,622215899,Public,829,906,2277204,1463,2277204,341,411,1276475,754,1276475,-,-, -,-, -,10,10,67908,20,67908,-,-, -,-, -
00163700,BETHANY THEOLOGICAL SEMINARY,IN,473744019,Private-Nonprofit,-,-, -,-, -,-,-, -,-, -,3,3,24214,4,24214,-,-, -,-, -,-,-, -,-, -
00163800,BLACK HAWK COLLEGE,IL,612655899,Public,207,234,595385,441,595385,209,245,648824,456,648824,-,-, -,-, -,11,11,108528,22,108528,-,-, -,-, -
00163900,BLACKBURN UNIVERSITY,IL,626261498,Private-Nonprofit,215,215,838742,388,838742,219,236,713039,431,713039,-,-, -,-, -,71,71,719025,131,719025,-,-, -,-, -
00164000,PRAIRIE STATE COLLEGE,IL,604118226,Public,258,262,861085,504,861085,257,264,973977,536,973977,-,-, -,-, -,3,3,15912,6,15912,-,-, -,-, -
00164100,BRADLEY UNIVERSITY,IL,616250002,Private-Nonprofit,1935,1953,8392132,3709,8392132,2304,2426,7728554,4618,7728554,799,825,12203418,1814,12203418,524,565,10219221,1009,10219221,135,158,2894599,303,2894599
00164300,SPOON RIVER COLLEGE,IL,615208907,Public,80,87,215327,162,215327,78,112,250437,215,250437,-,-, -,-, -,8,9,74613,18,74613,-,-, -,-, -
00164800,CITY COLLEGES OF CHICAGO HARRY S TRUMAN COLLEGE,IL,606405691,Public,66,72,216816,138,216816,60,69,225203,134,225203,-,-, -,-, -,-,-, -,-, -,-,-, -,-, -
00164900,RICHARD J DALEY COLLEGE-CITY COLLEGES OF CHICAGO,IL,606521299,Public,15,16,40550,24,40550,8,8,19236,12,19236,-,-, -,-, -,-,-, -,-, -,-,-, -,-, -
00165000,CITY COLLEGES OF CHICAGO - MALCOLM X COLLEGE,IL,606123197,Public,252,272,836617,504,831117,189,211,676463,389,664405,-,-, -,-, -,-,-, -,-, -,-,-, -,-, -
00165200,HAROLD WASHINGTON COLLEGE,IL,606012403,Public,167,189,472134,327,472134,137,163,454321,282,454321,-,-, -,-, -,-,-, -,-, -,-,-, -,-, -
00165400,CITY COLLEGES OF CHICAGO - KENNEDY KING COLLEGE,IL,606213798,Public,121,129,369906,238,369906,91,103,284288,187,284288,-,-, -,-, -,-,-, -,-, -,-,-, -,-, -
00165500,WILBUR WRIGHT COLLEGE,IL,606341591,Public,47,51,144188,95,144188,43,44,142952,83,142952,-,-, -,-, -,-,-, -,-, -,-,-, -,-, -
00165700,MIDWESTERN UNIVERSITY,IL,605151200,Private-Nonprofit,-,-, -,-, -,-,-, -,-, -,4220,5294,183437363,17966,183437363,-,-, -,-, -,3587,6029,269265142,16814,269242526
00165900,ROSALIND FRANKLIN UNIVERSITY OF MEDICINE AND SCIENCE,IL,600643095,Private-Nonprofit,-,-, -,-, -,-,-, -,-, -,1257,1539,50782014,5310,50782014,-,-, -,-, -,1170,1501,55275407,4990,55275407
00166100,CHICAGO THEOLOGICAL SEMINARY,IL,606372902,Private-Nonprofit,-,-, -,-, -,-,-, -,-, -,63,63,882085,101,882085,-,-, -,-, -,13,14,241598,23,241598
00166300,SPERTUS COLLEGE OF JUDAICA,IL,606051995,Private-Nonprofit,-,-, -,-, -,-,-, -,-, -,3,3,32608,3,32608,-,-, -,-, -,-,-, -,-, -
00166400,UNIVERSITY OF ST. FRANCIS,IL,604356188,Private-Nonprofit,555,558,2239234,1009,2239234,610,610,2466627,1109,2466627,393,418,5041935,908,5041935,118,120,1625726,221,1625726,35,55,1156042,147,1156042
00166500,COLUMBIA COLLEGE CHICAGO,IL,606051996,Private-Nonprofit,3277,3438,13740422,6177,13740422,3474,3727,10433642,6717,10433642,87,87,1657441,180,1657441,915,1098,23638665,2041,23638665,44,58,1218871,115,1218871
00166600,CONCORDIA UNIVERSITY,IL,603051499,Private-Nonprofit,689,764,2814743,1509,2814743,709,790,3151062,1563,3151062,1248,1623,22172512,3775,22165678,87,103,1300258,205,1300258,112,132,2227276,310,2227276
00166900,DANVILLE AREA COMMUNITY COLLEGE,IL,618325199,Public,64,64,142575,122,142575,59,59,207350,114,207350,-,-, -,-, -,-,-, -,-, -,-,-, -,-, -
00167100,DEPAUL UNIVERSITY,IL,606042287,Private-Nonprofit,5818,6764,24294116,16122,24286782,5926,7052,20548002,16900,20546669,2959,4561,52311334,7881,52311334,2240,2583,55867811,6647,55867811,1141,1911,26661750,3201,26660180
00167400,EASTERN ILLINOIS UNIVERSITY,IL,619203099,Public,1809,1907,6851503,3253,6851503,1891,2051,6750405,3527,6750405,441,495,5714866,765,5714866,260,292,2794031,478,2794031,12,14,145891,17,145891
00167500,ELGIN COMMUNITY COLLEGE,IL,601237193,Public,196,206,588667,585,588667,230,245,815285,751,815285,-,-, -,-, -,1,1,6000,4,6000,-,-, -,-, -
00167600,ELMHURST UNIVERSITY,IL,601263296,Private-Nonprofit,1255,1269,5172876,2294,5172876,1265,1302,4563986,2360,4563986,308,315,5747347,643,5747347,254,286,4382310,471,4382310,141,186,2705442,305,2705442
00167800,EUREKA COLLEGE,IL,615309976,Private-Nonprofit,280,282,1049146,489,1049146,301,319,913394,545,913394,-,-, -,-, -,52,54,645029,83,645029,-,-, -,-, -
00168100,HIGHLAND COMMUNITY COLLEGE,IL,610329341,Public,69,73,195721,138,195721,60,67,178182,120,178182,-,-, -,-, -,1,2,3300,4,3300,-,-, -,-, -
00168200,GARRETT - EVANGELICAL THEOLOGICAL SEMINARY,IL,602012926,Private-Nonprofit,-,-, -,-, -,-,-, -,-, -,81,91,1346002,144,1346002,-,-, -,-, -,9,10,148000,18,148000
00168400,GREENVILLE UNIVERSITY,IL,622461199,Private-Nonprofit,461,484,1824228,847,1824228,502,518,2074220,932,2074220,67,70,852538,129,852538,127,130,1700499,236,1700499,1,1,8125,2,8125
00168500,HEBREW THEOLOGICAL COLLEGE,IL,600773263,Private-Nonprofit,20,25,87268,48,87268,23,29,75668,54,75668,-,-, -,-, -,6,7,136278,16,136278,-,-, -,-, -
00168800,ILLINOIS COLLEGE,IL,626502299,Private-Nonprofit,523,536,2161492,1051,2161492,607,648,2098945,1261,2098945,2,2,21234,6,21234,86,98,1189759,161,1189759,-,-, -,-, -
00168900,ILLINOIS COLLEGE OF OPTOMETRY,IL,606163878,Private-Nonprofit,-,-, -,-, -,-,-, -,-, -,340,357,14096969,1144,14096969,-,-, -,-, -,317,582,9851750,1503,9851750
00169100,ILLINOIS INSTITUTE OF TECHNOLOGY,IL,606163717,Private-Nonprofit,803,863,3341836,1567,3341836,727,784,2670250,1432,2670250,685,752,12881512,1349,12881512,266,306,5133641,558,5133641,431,658,9862989,1144,9862989
00169200,ILLINOIS STATE UNIVERSITY,IL,617901000,Public,6215,6804,25346370,12323,25346370,7070,7396,24935568,13722,24935568,469,577,6360986,952,6360986,1534,1741,26640722,3075,26640722,19,23,247918,31,247918
00169300,NORTHEASTERN ILLINOIS UNIVERSITY,IL,606254699,Public,768,847,2970379,1389,2970379,668,759,2864641,1222,2864641,367,450,4729200,721,4729200,47,47,464284,85,464284,14,15,85883,22,85883
00169400,CHICAGO STATE UNIVERSITY,IL,606281598,Public,574,622,2045573,965,2022791,594,640,2864784,983,2813457,419,484,7366287,748,7255664,38,45,496721,66,469022,240,343,6011535,524,5896154
00169600,ILLINOIS WESLEYAN UNIVERSITY,IL,617022900,Private-Nonprofit,794,796,3413501,1523,3413501,910,911,2978265,1752,2978265,-,-, -,-, -,221,230,4527590,427,4527590,-,-, -,-, -
00169900,JOLIET JUNIOR COLLEGE,IL,604318938,Public,295,352,838720,668,838720,401,489,1409290,942,1409290,-,-, -,-, -,5,5,19150,9,19150,-,-, -,-, -
00170000,JUDSON UNIVERSITY,IL,601231498,Private-Nonprofit,334,348,1153897,592,1153897,398,437,1560660,756,1560660,76,99,1082507,132,1082507,76,93,922973,156,922973,2,2,10622,3,10622
00170400,KNOX COLLEGE,IL,614014999,Private-Nonprofit,426,443,1799345,1203,1799345,480,507,1493250,1382,1493250,-,-, -,-, -,78,82,1293094,208,1293094,-,-, -,-, -
00170500,ILLINOIS VALLEY COMMUNITY COLLEGE,IL,613489692,Public,62,66,173247,125,173247,61,72,186270,132,186270,-,-, -,-, -,-,-, -,-, -,-,-, -,-, -
00170600,LAKE FOREST COLLEGE,IL,600452399,Private-Nonprofit,650,678,2865138,1253,2865138,733,781,2497168,1463,2497168,8,8,103100,11,103100,125,146,2449775,230,2449775,3,4,39075,5,39075
00170700,LEWIS UNIVERSITY,IL,604462200,Private-Nonprofit,1457,1483,5969431,2648,5969431,1575,1628,6205131,2921,6205131,604,648,8676641,1274,8676641,299,329,5757557,588,5757557,92,98,1315623,195,1315623
00170800,LINCOLN CHRISTIAN UNIVERSITY,IL,626562167,Private-Nonprofit,9,9,22767,12,22767,9,9,36401,12,36401,44,52,474763,76,474763,-,-, -,-, -,-,-, -,-, -
00171000,LOYOLA UNIVERSITY CHICAGO,IL,606601537,Private-Nonprofit,4350,4605,18412138,8433,18412138,5322,5629,18411179,10463,18411179,2239,2684,47376498,4847,47352915,1987,2586,56992982,4293,56992982,1334,2381,34745969,3042,34745459
00171200,LUTHERAN SCHOOL OF THEOLOGY AT CHICAGO,IL,606155698,Private-Nonprofit,-,-, -,-, -,-,-, -,-, -,8,8,127750,16,127750,-,-, -,-, -,1,1,2500,2,2500
00171600,GENERATIONS COLLEGE,IL,606024405,Private-Nonprofit,195,213,507848,331,507848,83,90,445846,141,445846,-,-, -,-, -,-,-, -,-, -,-,-, -,-, -
00172100,MCCORMICK THEOLOGICAL SEMINARY,IL,606155604,Private-Nonprofit,-,-, -,-, -,8,8,56565,16,56565,6,8,102444,15,102444,-,-, -,-, -,-,-, -,-, -
00172200,MCKENDREE UNIVERSITY,IL,622541299,Private-Nonprofit,567,571,2106374,1013,2106374,614,647,2201693,1142,2201693,206,212,2560894,355,2560894,266,273,3691605,489,3691605,-,-, -,-, -
00172300,MEADVILLE THEOLOGICAL SCHOOL OF LOMBARD COLLEGE,IL,606013616,Private-Nonprofit,-,-, -,-, -,-,-, -,-, -,31,31,464104,73,464104,-,-, -,-, -,8,8,184463,17,184463
00172400,MILLIKIN UNIVERSITY,IL,625222084,Private-Nonprofit,743,835,3022329,1476,3022329,804,950,3133091,1743,3133091,83,91,1563745,151,1563745,185,203,2494513,334,2494513,52,57,1444308,123,1444308
00172500,MONMOUTH COLLEGE,IL,614621963,Private-Nonprofit,395,425,1622123,822,1622123,495,515,1991744,1001,1991744,-,-, -,-, -,208,220,2493408,429,2493408,-,-, -,-, -
00172700,MOODY BIBLE INSTITUTE,IL,606103214,Private-Nonprofit,548,585,2123676,1122,2123676,550,574,2232728,1104,2232728,159,183,2424527,350,2424527,22,23,276305,44,276305,5,5,28129,9,28129
00172800,MORTON COLLEGE,IL,608044398,Public,52,52,174500,100,174500,33,33,130017,65,130017,2,2,11000,4,11000,-,-, -,-, -,-,-, -,-, -
00173200,NATIONAL UNIVERSITY OF HEALTH SCIENCES (THE),IL,601484583,Private-Nonprofit,16,20,87516,32,87516,19,23,107766,36,107766,378,553,16558347,1084,16558347,-,-, -,-, -,348,525,9031208,1164,9031208
00173300,NATIONAL LOUIS UNIVERSITY,IL,606033032,Private-Nonprofit,1166,1260,4379550,2881,4379550,1047,1141,4814426,2603,4814426,2131,2476,33469083,6320,33459279,71,82,1255080,203,1255080,304,443,5422766,1106,5422766
00173400,NORTH CENTRAL COLLEGE,IL,605404690,Private-Nonprofit,935,954,4053853,1776,4053853,1156,1212,4537810,2261,4537810,310,452,7767088,897,7767088,277,296,4837624,528,4837624,171,259,6640910,493,6640910
00173500,NORTH PARK UNIVERSITY,IL,606254895,Private-Nonprofit,811,958,3469466,1632,3469466,881,965,3097335,1715,3097335,282,367,3734714,644,3734714,121,147,1811193,235,1811193,67,72,2098231,165,2098231
00173600,NORTHERN BAPTIST THEOLOGICAL SEMINARY,IL,605321348,Private-Nonprofit,-,-, -,-, -,1,1,3389,2,3389,27,27,274125,70,274125,-,-, -,-, -,-,-, -,-, -
00173700,NORTHERN ILLINOIS UNIVERSITY,IL,601152854,Public,4586,5169,19089562,8941,19089562,4491,5369,17341839,9223,17341839,1145,1364,18046878,2301,18046878,593,646,6943530,1157,6943530,253,325,3809020,588,3809020
00173900,NORTHWESTERN UNIVERSITY,IL,602080001,Private-Nonprofit,1114,1198,4016840,3183,4016840,1269,1346,5394580,3706,5394580,3468,5181,74248408,10452,74248408,203,258,6773419,636,6773419,2768,4524,123891142,9390,123886012
00174100,OLIVET NAZARENE UNIVERSITY,IL,609142271,Private-Nonprofit,1297,1364,5190884,2475,5190884,1504,1539,5262068,2839,5262068,286,301,3385307,581,3385307,305,324,4314506,579,4314506,5,5,63571,10,63571
00174200,ILLINOIS EASTERN COMMUNITY COLLEGES,IL,624501099,Public,175,176,582193,334,582193,180,180,686725,355,686725,-,-, -,-, -,4,4,26450,7,26450,-,-, -,-, -
00174500,QUINCY UNIVERSITY,IL,623012699,Private-Nonprofit,438,450,1700372,796,1700372,596,649,2199498,1147,2199498,33,46,568521,90,568521,106,116,1488581,197,1488581,1,1,308,2,308
00174700,ROCK VALLEY COLLEGE,IL,611145699,Public,171,171,526668,359,526668,194,194,679155,416,679155,-,-, -,-, -,7,7,38477,13,38477,-,-, -,-, -
00174800,ROCKFORD UNIVERSITY,IL,611082393,Private-Nonprofit,545,620,2260667,1057,2260667,544,600,1866550,1060,1866550,71,79,1072468,120,1072468,148,163,2472724,285,2472724,6,8,59667,8,59667
00174900,ROOSEVELT UNIVERSITY,IL,606051394,Private-Nonprofit,1378,1428,5683497,2681,5683497,1317,1371,5134468,2573,5134468,721,768,14913781,1608,14913781,224,258,4324309,503,4324309,198,257,3388407,556,3388407
00175000,DOMINICAN UNIVERSITY,IL,603051066,Private-Nonprofit,1082,1104,4302179,2025,4302179,1007,1042,3298732,1923,3298732,425,535,8500233,1111,8500233,106,122,1671807,222,1671807,87,115,3091018,220,3091018
00175200,SAUK VALLEY COMMUNITY COLLEGE,IL,610219112,Public,82,92,247427,169,247427,97,112,350445,207,350445,-,-, -,-, -,-,-, -,-, -,-,-, -,-, -
00175300,SCHOOL OF THE ART INSTITUTE OF CHICAGO,IL,606033013,Private-Nonprofit,834,977,3429298,1602,3429298,1026,1171,3397012,1955,3397012,252,314,4711218,489,4711218,472,699,16574243,1192,16574243,148,262,3269096,407,3269096
00175800,SOUTHERN ILLINOIS UNIVERSITY AT CARBONDALE,IL,629010000,Public,2876,3060,11177921,5238,11177921,3251,3514,12977151,6158,12977151,1135,1604,24868399,2429,24868399,458,566,6451442,972,6451442,482,765,9067872,1180,9067872
00175900,SOUTHERN ILLINOIS UNIVERSITY EDWARDSVILLE,IL,620261060,Public,2718,2860,10619986,4999,10619986,3124,3262,12255502,5822,12255502,1136,2136,24053900,2679,24053900,597,642,8046626,1161,8046626,304,491,7367563,605,7367563
00176500,UNIVERSITY OF SAINT MARY OF THE LAKE,IL,600601174,Private-Nonprofit,-,-, -,-, -,-,-, -,-, -,6,6,64482,13,64482,-,-, -,-, -,-,-, -,-, -
00176700,BENEDICTINE UNIVERSITY,IL,605320900,Private-Nonprofit,677,789,2910644,1459,2910644,792,930,2998095,1729,2998095,344,585,7893286,1805,7893286,118,151,2006806,260,2006806,38,47,662810,157,662810
00176800,SAINT XAVIER UNIVERSITY,IL,606553199,Private-Nonprofit,1259,1305,4963760,2320,4963760,1111,1138,4010106,2011,4010106,242,306,2997509,465,2997509,191,225,2270851,364,2270851,42,66,492291,78,492291
00177100,TRINITY CHRISTIAN COLLEGE,IL,604630929,Private-Nonprofit,376,376,1599176,713,1599176,410,410,1568600,765,1568600,26,26,413162,62,413162,53,55,636580,100,636580,-,-, -,-, -
00177200,TRINITY INTERNATIONAL UNIVERSITY,IL,600151283,Private-Nonprofit,102,104,319921,215,317171,110,116,507948,223,504448,573,587,9591575,1263,9225025,1,1,4891,1,4891,246,257,5509875,638,5319528
00177300,TRITON COLLEGE,IL,601711995,Public,147,169,437572,325,437572,158,183,534118,349,534118,-,-, -,-, -,11,14,78461,28,78461,-,-, -,-, -
00177400,UNIVERSITY OF CHICAGO (THE),IL,606371476,Private-Nonprofit,157,167,627409,363,627409,316,331,1607490,796,1607490,1709,1920,35895685,5120,35850882,149,161,6055971,425,6055971,1093,1328,51232291,3666,51029719
00177500,UNIVERSITY OF ILLINOIS URBANA-CHAMPAIGN,IL,618205796,Public,7318,7693,30107139,14368,30107139,7802,8325,28298453,15819,28298453,3085,3767,60378443,6101,60378443,3218,3398,62511505,6379,62511505,1631,2236,25846305,3591,25846305
00177600,UNIVERSITY OF ILLINOIS CHICAGO,IL,606077128,Public,4609,4796,19188004,8614,19188004,3808,4034,12789104,7336,12789104,4290,5281,111110446,9432,111110446,1070,1243,22895573,2171,22895573,2817,4322,88967589,7448,88967589
00177800,VANDERCOOK COLLEGE OF MUSIC,IL,606163731,Private-Nonprofit,39,39,172610,72,172610,40,40,122641,71,122641,3,3,61500,5,61500,5,5,85584,10,85584,1,1,12317,1,12317
00178000,WESTERN ILLINOIS UNIVERSITY,IL,614551390,Public,1873,2199,7053328,3558,7053328,2175,3904,9026225,6547,9026225,502,1049,7438105,1604,7438105,215,250,2408099,411,2408099,34,42,371701,64,371701
00178100,WHEATON COLLEGE,IL,601875535,Private-Nonprofit,837,837,3666338,1625,3666338,867,867,2636068,1707,2636068,176,176,3588279,359,3588279,148,166,3191343,280,3191343,35,52,637929,77,637929
00178300,WORSHAM COLLEGE OF MORTUARY SCIENCE,IL,600902646,Proprietary,118,157,506331,313,501831,131,173,811749,344,805749,-,-, -,-, -,-,-, -,-, -,-,-, -,-, -
00178500,ANDERSON UNIVERSITY,IN,460123495,Private-Nonprofit,543,621,2244848,1034,2244848,596,674,2004385,1155,2004385,39,58,687085,80,687085,136,143,1794222,248,1794222,2,2,9118,3,9118
00178600,BALL STATE UNIVERSITY,IN,473060880,Public,5082,5636,20349530,9506,20349530,5618,6145,21188319,10711,21188319,3145,4754,46340023,6014,46340023,1033,1152,14617850,2018,14617850,276,361,2849606,462,2849606
00178700,BETHEL UNIVERSITY,IN,465455591,Private-Nonprofit,414,424,1576825,770,1576825,483,520,1790683,963,1790683,53,55,603898,93,603898,72,80,966696,139,966696,-,-, -,-, -
00178800,BUTLER UNIVERSITY,IN,462083487,Private-Nonprofit,1344,1345,5992434,2637,5992434,1739,1740,6453500,3385,6453500,663,665,11221504,1259,11221504,446,498,12582314,921,12582314,244,353,7103631,515,7103631
00178900,CHRISTIAN THEOLOGICAL SEMINARY,IN,462083301,Private-Nonprofit,-,-, -,-, -,-,-, -,-, -,39,43,605487,69,605487,-,-, -,-, -,3,3,10822,4,10822
00179200,DEPAUW UNIVERSITY,IN,461350037,Private-Nonprofit,428,454,1906919,858,1906919,539,568,1864553,1096,1864553,-,-, -,-, -,165,192,3464837,333,3464837,-,-, -,-, -
00179300,EARLHAM COLLEGE,IN,473744095,Private-Nonprofit,211,213,796648,400,796648,247,256,812108,487,812108,11,11,126235,16,126235,81,91,1412653,180,1412653,1,1,3184,1,3184
00179500,UNIVERSITY OF EVANSVILLE,IN,477220002,Private-Nonprofit,531,574,2106666,1055,2106666,654,733,2512322,1366,2512322,306,325,5719419,527,5719419,160,205,2442149,334,2442149,191,370,5186779,548,5186779
00179800,FRANKLIN COLLEGE OF INDIANA,IN,461312623,Private-Nonprofit,390,390,1576552,721,1576552,465,486,1565293,904,1565293,45,64,1274611,128,1274611,130,143,2083613,235,2083613,48,63,1535099,120,1535099
00179900,GOSHEN COLLEGE,IN,465264794,Private-Nonprofit,295,296,1209408,547,1209408,325,333,1136448,615,1136448,38,38,514251,85,514251,38,40,514982,72,514982,2,2,20880,5,20880
00180000,GRACE COLLEGE AND THEOLOGICAL SEMINARY,IN,465901224,Private-Nonprofit,708,708,2849416,1344,2849416,840,880,2909185,1659,2909185,181,182,2814970,470,2814970,172,181,2761759,343,2761759,4,5,41654,11,41654
00180100,HANOVER COLLEGE,IN,472430108,Private-Nonprofit,374,374,1589564,711,1589564,473,494,1631911,944,1631911,212,212,4182355,558,4182355,171,177,2633855,329,2633855,205,205,7989286,536,7989286
00180300,HUNTINGTON UNIVERSITY,IN,467501299,Private-Nonprofit,418,446,1785178,822,1785178,474,507,1721523,945,1721523,164,246,3544914,418,3544914,64,82,857782,132,857782,85,140,1648001,224,1648001
00180400,UNIVERSITY OF INDIANAPOLIS,IN,462273697,Private-Nonprofit,1334,1621,5720299,2580,5720299,1376,1602,4984258,2661,4984258,755,1337,17223992,1784,17223992,311,411,4892475,622,4892475,198,311,3539437,420,3539437
00180500,INDIANA INSTITUTE OF TECHNOLOGY,IN,468031297,Private-Nonprofit,1959,1997,6398379,8946,6238991,2049,2157,8533536,9232,8318378,303,349,3461385,1439,3420385,177,193,2762981,397,2727507,28,33,390007,143,390007
00180700,INDIANA STATE UNIVERSITY,IN,478092501,Public,2641,2671,9743997,4664,9743997,3019,3055,12409839,5379,12409839,685,740,9921073,1217,9921073,434,495,5167429,862,5167429,118,182,1332241,229,1332241
00180800,UNIVERSITY OF SOUTHERN INDIANA,IN,477123596,Public,1367,1403,5174857,2435,5174857,1670,1694,6967730,3037,6967730,756,921,9560011,1365,9560011,277,308,3052492,536,3052492,51,59,372212,73,372212
00180900,INDIANA UNIVERSITY - BLOOMINGTON,IN,474057000,Public,6642,7415,26606289,13745,26606289,8821,9154,34229368,17417,34229368,2207,2952,41894676,5333,41894676,2250,2562,60093232,4876,60093232,705,1117,13440819,1964,13440819
00181100,INDIANA UNIVERSITY - EAST,IN,473741289,Public,903,982,3276806,1527,3276806,945,1078,4693782,1695,4693782,68,94,863533,136,863533,26,31,252431,51,252431,2,2,27831,3,27831
00181300,INDIANA UNIVERSITY-INDIANAPOLIS,IN,462022896,Public,4675,5121,17846045,8643,17846045,4981,5450,20791865,9409,20791865,3942,6535,94873342,11093,94873342,590,693,8049003,1253,8049003,1749,3155,46200082,4979,46200082
00181400,INDIANA UNIVERSITY - KOKOMO,IN,469023557,Public,506,540,1667414,873,1667414,769,830,3878480,1432,3878480,71,93,966718,155,966718,40,49,356045,93,356045,2,3,20748,3,20748
00181500,INDIANA UNIVERSITY - NORTHWEST,IN,464081197,Public,777,865,2839748,1410,2839748,852,941,4060488,1591,4060488,123,154,1816828,250,1816828,25,28,201199,51,201199,3,3,16860,3,16860
00181600,INDIANA UNIVERSITY - SOUTH BEND,IN,466347111,Public,1133,1274,3963691,2044,3963691,1258,1410,5472420,2350,5472420,282,379,4277380,598,4277380,92,113,841428,198,841428,53,86,663806,129,663806
00181700,INDIANA UNIVERSITY SOUTHEAST,IN,471506405,Public,687,757,2368527,1201,2368527,958,1065,4637290,1779,4637290,128,172,1697202,259,1697202,60,70,524862,128,524862,1,1,8393,1,8393
00182000,MANCHESTER UNIVERSITY,IN,469621276,Private-Nonprofit,507,510,2001296,958,2001296,568,574,1922108,1085,1922108,256,266,7561482,553,7561482,164,170,1983038,302,1983038,197,209,5314023,449,5314023
00182100,MARIAN UNIVERSITY,IN,462221997,Private-Nonprofit,1283,1407,5342477,2443,5322064,1499,1740,6866993,3015,6836531,830,1021,35364014,2091,35181924,226,263,3768135,450,3768135,650,853,28047391,1751,27886680
00182200,INDIANA WESLEYAN UNIVERSITY,IN,469534974,Private-Nonprofit,5017,5390,15359351,14119,15353101,5020,5254,20517811,13634,20515811,2973,3459,44511591,7520,44511591,220,242,3275835,420,3275835,170,208,1985565,403,1985565
00182300,ANABAPTIST MENNONITE BIBLICAL SEMINARY,IN,465171999,Private-Nonprofit,-,-, -,-, -,-,-, -,-, -,4,4,22737,7,22737,-,-, -,-, -,-,-, -,-, -
00182400,OAKLAND CITY UNIVERSITY,IN,476601099,Private-Nonprofit,158,158,500898,272,500898,194,198,675244,336,675244,42,42,436488,71,436488,16,18,136050,29,136050,1,1,8941,1,8941
00182500,PURDUE UNIVERSITY,IN,479072040,Public,4970,5015,19649951,9465,19649951,8130,8234,35964645,15662,35964645,1523,1895,33282868,3175,33282868,1771,2000,41618168,3721,41618168,412,534,5823752,846,5823752
00182700,PURDUE UNIVERSITY NORTHWEST,IN,463232094,Public,1572,1674,5711295,3048,5692743,1762,1927,7755942,3557,7727101,195,267,2572390,507,2570031,213,236,2082797,447,2082797,19,19,113986,35,104484
00182800,PURDUE UNIVERSITY FORT WAYNE,IN,468051499,Public,1655,1770,6024672,2988,6024672,1599,1698,6051091,2906,6051091,170,217,2264901,339,2264901,132,159,1661650,257,1661650,7,7,33002,9,33002
00183000,ROSE-HULMAN INSTITUTE OF TECHNOLOGY,IN,478033999,Private-Nonprofit,691,712,2863686,1968,2863686,856,891,2881608,2504,2881608,2,2,40500,6,40500,195,224,5458675,558,5458675,-,-, -,-, -
00183200,UNIVERSITY OF SAINT FRANCIS,IN,468083994,Private-Nonprofit,829,862,2981654,1459,2981654,932,990,3700491,1698,3700491,130,173,2610460,407,2610460,130,154,1752626,222,1752626,44,90,1183878,111,1183878
00183400,CALUMET COLLEGE OF SAINT JOSEPH,IN,463942195,Private-Nonprofit,278,486,1027055,510,1027055,282,508,1093496,544,1093496,52,87,702866,89,702866,40,68,449779,76,449779,-,-, -,-, -
00183500,SAINT MARY OF THE WOODS COLLEGE,IN,478760067,Private-Nonprofit,473,572,1816379,907,1816379,500,625,2084122,983,2084122,153,258,1743654,357,1743654,118,146,1328834,244,1328834,7,9,76993,12,76993
00183600,SAINT MARY'S COLLEGE,IN,465565007,Private-Nonprofit,607,621,2610028,1192,2610028,734,759,2507515,1481,2507515,53,53,912669,127,912669,208,237,4556821,436,4556821,19,21,420281,52,420281
00183800,TAYLOR UNIVERSITY,IN,469891001,Private-Nonprofit,520,539,2077245,962,2077245,614,631,2234058,1133,2234058,3,3,26665,5,26665,200,225,3472757,394,3472757,-,-, -,-, -
00183900,TRINE UNIVERSITY,IN,467031764,Private-Nonprofit,1336,1456,5290158,2612,5290158,1633,1808,5667912,3301,5667912,228,273,3729800,549,3729800,361,406,6140250,699,6140250,142,183,4457997,360,4457997
00184000,UNIVERSITY OF NOTRE DAME,IN,465565602,Private-Nonprofit,1230,1232,4912890,2439,4912890,1580,1589,7418529,3219,7418529,659,709,13681949,1506,13681949,371,411,11058675,765,11058675,372,486,14129390,971,14129390
00184200,VALPARAISO UNIVERSITY,IN,463836493,Private-Nonprofit,902,985,3820663,1748,3820663,1151,1289,4538929,2290,4538929,156,274,3513854,363,3513854,240,270,4292281,455,4292281,54,93,1194311,123,1194311
00184300,VINCENNES UNIVERSITY,IN,475911523,Public,1250,1366,4222298,2463,4222298,1289,1454,5176543,2631,5176543,-,-, -,-, -,227,249,2578429,473,2578429,-,-, -,-, -
00184400,WABASH COLLEGE,IN,479330352,Private-Nonprofit,373,379,1588604,727,1588604,495,514,1765112,981,1765112,-,-, -,-, -,81,91,1492887,155,1492887,-,-, -,-, -
00184600,BRIAR CLIFF UNIVERSITY,IA,511042324,Private-Nonprofit,278,280,1081127,484,1081127,363,374,1460489,656,1460489,184,199,3369907,332,3369907,65,74,796679,123,796679,78,135,2056726,172,2056726
00184700,BUENA VISTA UNIVERSITY,IA,505889987,Private-Nonprofit,904,930,3587196,1821,3587196,964,1019,4256323,1975,4256323,366,371,4338327,765,4338327,96,106,1139948,177,1139948,2,2,22609,4,22609
00184800,SOUTHEASTERN COMMUNITY COLLEGE,IA,526550605,Public,506,521,1516442,907,1516442,512,520,2048486,903,2048486,-,-, -,-, -,6,7,60900,13,60900,-,-, -,-, -
00185000,CENTRAL COLLEGE,IA,502191999,Private-Nonprofit,475,486,1945285,897,1945285,660,671,2499138,1246,2499138,-,-, -,-, -,123,128,1647116,225,1647116,-,-, -,-, -
00185200,CLARKE UNIVERSITY,IA,520013198,Private-Nonprofit,495,499,1897992,885,1897992,585,632,2127816,1128,2127816,125,127,2217982,225,2217982,143,154,2250170,266,2250170,50,85,1230248,119,1230248
00185400,COE COLLEGE,IA,524025092,Private-Nonprofit,712,836,3020379,1468,3020379,815,907,2591732,1654,2591732,-,-, -,-, -,165,192,2566524,323,2566524,-,-, -,-, -
00185500,DES MOINES UNIVERSITY - OSTEOPATHIC MEDICAL CENTER,IA,502665360,Private-Nonprofit,-,-, -,-, -,-,-, -,-, -,1276,1701,45305410,2872,45305410,-,-, -,-, -,1017,1236,39317672,2410,39317672
00185600,CORNELL COLLEGE,IA,523141098,Private-Nonprofit,522,573,2256680,1038,2256680,674,740,2499221,1382,2499221,-,-, -,-, -,103,114,1770374,198,1770374,-,-, -,-, -
00185700,SOUTHWESTERN COMMUNITY COLLEGE,IA,508011098,Public,313,313,981633,579,981633,324,326,1297201,610,1297201,-,-, -,-, -,17,17,128635,33,128635,-,-, -,-, -
00185900,DORDT UNIVERSITY,IA,512501697,Private-Nonprofit,458,462,1902769,869,1902769,601,606,2399611,1141,2399611,17,20,188634,38,188634,158,172,1769758,298,1769758,-,-, -,-, -
00186000,DRAKE UNIVERSITY,IA,503114505,Private-Nonprofit,946,995,4028428,1878,4028428,1218,1288,4716569,2451,4716569,641,884,14554347,1700,14554347,324,375,6044252,671,6044252,326,439,9564432,834,9564432
00186200,ELLSWORTH COMMUNITY COLLEGE,IA,501262302,Public,212,264,688713,512,688713,230,283,725111,539,725111,-,-, -,-, -,43,54,310730,106,310730,-,-, -,-, -
00186400,IOWA LAKES COMMUNITY COLLEGE,IA,513342234,Public,319,332,985844,627,985844,343,357,1163656,664,1163656,-,-, -,-, -,27,27,527693,49,527693,-,-, -,-, -
00186500,IOWA CENTRAL COMMUNITY COLLEGE,IA,505015798,Public,1727,1843,4982632,3276,4982632,1817,1973,6463018,3500,6463018,-,-, -,-, -,120,153,769604,295,769604,-,-, -,-, -
00186600,GRACELAND UNIVERSITY,IA,501401699,Private-Nonprofit,548,565,2233540,1028,2233540,575,660,2204148,1175,2204148,260,357,4156524,613,4156524,106,166,1059831,205,1059831,31,58,711303,71,711303
00186700,GRAND VIEW UNIVERSITY,IA,503161599,Private-Nonprofit,844,922,3375589,1597,3375589,935,1007,3560698,1806,3560698,195,219,2901077,420,2901077,153,182,2190061,296,2190061,5,7,63657,11,63657
00186800,GRINNELL COLLEGE,IA,501121690,Private-Nonprofit,121,149,417097,227,417097,179,193,811846,328,811846,-,-, -,-, -,57,67,1301119,110,1301119,-,-, -,-, -
00186900,IOWA STATE UNIVERSITY OF SCIENCE & TECHNOLOGY,IA,500112103,Public,6978,7788,27277794,12858,27277794,9682,10731,38920413,18085,38920413,1067,1535,26543865,2142,26543865,2093,2457,34828224,4094,34828224,273,382,4984155,572,4984155
00187300,LORAS COLLEGE,IA,520040178,Private-Nonprofit,428,464,1795182,834,1795182,603,626,2333386,1171,2333386,35,48,599731,85,599731,77,85,958894,145,958894,6,7,77920,10,77920
00187400,LUTHER COLLEGE,IA,521011045,Private-Nonprofit,638,668,2715372,1206,2715372,861,924,3181722,1676,3181722,-,-, -,-, -,102,118,1759652,191,1759652,-,-, -,-, -
00187500,MARSHALLTOWN COMMUNITY COLLEGE,IA,501584760,Public,175,183,484065,343,484065,184,194,658028,367,658028,-,-, -,-, -,7,9,60813,17,60813,-,-, -,-, -
00187700,NORTH IOWA AREA COMMUNITY COLLEGE,IA,504017299,Public,365,365,1114340,673,1114340,420,420,1652840,784,1652840,-,-, -,-, -,16,16,99302,30,99302,-,-, -,-, -
00187900,MORNINGSIDE UNIVERSITY,IA,511061751,Private-Nonprofit,657,765,2814831,1296,2814831,762,1170,2780766,2046,2780766,323,1178,3786261,1178,3786261,135,171,1979424,300,1979424,29,56,205240,56,205240
00188000,MOUNT MERCY UNIVERSITY,IA,524024797,Private-Nonprofit,510,554,2038700,952,2038700,617,755,2402099,1215,2402099,144,358,2421819,361,2421819,91,113,1137481,172,1137481,12,26,167696,26,167696
00188100,UNIVERSITY OF ARIZONA GLOBAL CAMPUS (THE),CA,921231406,Proprietary,8642,10340,30027022,17524,30013825,7814,9456,39491634,16400,39456917,3009,3946,48652145,7093,48636770,45,53,632263,103,632263,432,499,9109138,1255,9109138
00188300,NORTHWESTERN COLLEGE,IA,510411996,Private-Nonprofit,457,458,1838365,860,1838365,607,607,2322655,1137,2322655,256,257,2627311,479,2627311,82,92,1057047,150,1057047,51,51,1823244,150,1823244
00188700,SIMPSON COLLEGE,IA,501251297,Private-Nonprofit,610,619,2494155,1141,2494155,750,758,2767662,1408,2767662,16,24,257284,36,257284,124,145,1781551,251,1781551,1,1,2922,2,2922
00188900,ST. AMBROSE UNIVERSITY,IA,528032898,Private-Nonprofit,1038,1110,4234093,1944,4234093,1327,1361,5317670,2457,5317670,452,636,8883304,878,8883304,229,252,3560353,419,3560353,202,262,4431920,389,4431920
00189000,UNIVERSITY OF NORTHERN IOWA,IA,506140002,Public,2528,2760,9752162,4818,9752162,3134,3460,12765063,6162,12765063,459,667,6139606,1008,6139606,371,449,3833927,720,3833927,63,81,431923,98,431923
00189100,UNIVERSITY OF DUBUQUE,IA,520015099,Private-Nonprofit,858,1193,3815976,1770,3815976,994,1513,4300406,2290,4300406,169,327,2958384,385,2958384,140,194,2755318,289,2755318,51,121,1298386,122,1298386
00189200,UNIVERSITY OF IOWA,IA,522421316,Public,6354,11633,25392910,11633,25392910,8741,16353,34559493,16353,34559493,2541,6696,61176337,6696,61176337,1942,3479,43431882,3479,43431882,1491,2966,31182158,2966,31182158
00189300,UPPER IOWA UNIVERSITY,IA,521429206,Private-Nonprofit,1227,1635,4628456,3821,4628456,1294,1709,6521350,3935,6521350,452,692,7720224,1456,7720224,58,60,623781,113,623781,5,8,50883,19,50883
00189500,WALDORF UNIVERSITY,IA,504361700,Private-Nonprofit,879,1084,3427480,2476,3424855,929,1203,4520332,2743,4515832,176,236,3023694,707,3023694,98,110,1071937,196,1071937,3,3,19333,6,19333
00189600,WARTBURG COLLEGE,IA,506772200,Private-Nonprofit,686,769,3018247,1403,3018247,911,983,3282205,1817,3282205,2,3,36500,6,36500,137,160,2193802,272,2193802,-,-, -,-, -
00189700,WARTBURG THEOLOGICAL SEMINARY,IA,520037769,Private-Nonprofit,-,-, -,-, -,-,-, -,-, -,34,45,324155,67,324155,-,-, -,-, -,-,-, -,-, -
00190000,WILLIAM PENN UNIVERSITY,IA,525771799,Private-Nonprofit,752,803,3011069,1519,3011069,825,977,3369651,1854,3369651,19,27,214056,48,214056,204,235,2290635,445,2290635,-,-, -,-, -
00190100,ALLEN COUNTY COMMUNITY COLLEGE,KS,667491607,Public,120,126,353689,194,353689,132,135,342037,214,342037,-,-, -,-, -,2,2,5800,4,5800,-,-, -,-, -
00190200,COWLEY COLLEGE,KS,670052662,Public,522,524,1405541,818,1405541,295,343,980196,527,980196,-,-, -,-, -,6,6,27683,12,27683,-,-, -,-, -
00190300,BAKER UNIVERSITY,KS,660060065,Private-Nonprofit,564,602,2263258,1008,2263258,632,694,2387868,1185,2385118,189,210,2983562,360,2983562,115,131,1762997,211,1757997,10,11,278548,21,278548
00190400,BETHANY COLLEGE,KS,674561897,Private-Nonprofit,399,419,1540495,761,1540495,412,471,1349264,855,1349264,-,-, -,-, -,125,142,2048559,246,2048559,-,-, -,-, -
00190500,BETHEL COLLEGE,KS,671178061,Private-Nonprofit,295,303,1187057,564,1187057,319,326,1025279,608,1025279,-,-, -,-, -,94,101,1413698,186,1413698,-,-, -,-, -
00190600,BUTLER COUNTY COMMUNITY COLLEGE,KS,670423280,Public,1321,1326,4140099,2016,4140099,1085,1089,4190337,1691,4190337,-,-, -,-, -,17,19,141171,30,141171,-,-, -,-, -
00190800,CENTRAL CHRISTIAN COLLEGE OF KANSAS,KS,674605799,Private-Nonprofit,251,254,1039026,501,1039026,281,293,1190139,564,1190139,16,16,251367,30,251367,47,49,511441,96,511441,-,-, -,-, -
00190900,CLOUD COUNTY COMMUNITY COLLEGE,KS,669011002,Public,110,119,349620,224,349620,103,111,340380,210,340380,-,-, -,-, -,9,9,73584,15,73584,-,-, -,-, -
00191000,COFFEYVILLE COMMUNITY COLLEGE,KS,673375064,Public,287,287,873096,482,873096,258,260,793114,425,793114,-,-, -,-, -,11,11,45650,17,45650,-,-, -,-, -
00191100,COLBY COMMUNITY COLLEGE,KS,677014099,Public,230,230,689084,378,689084,226,226,870181,380,870181,-,-, -,-, -,27,27,195030,49,195030,-,-, -,-, -
00191300,DODGE CITY COMMUNITY COLLEGE,KS,678012399,Public,183,194,589633,646,586966,171,182,522702,610,522035,-,-, -,-, -,3,3,37592,12,37592,-,-, -,-, -
00191400,DONNELLY COLLEGE,KS,661024298,Private-Nonprofit,159,207,488637,208,488637,137,195,663405,196,663405,-,-, -,-, -,-,-, -,-, -,-,-, -,-, -
00191500,FORT HAYS STATE UNIVERSITY,KS,676014099,Public,2167,2657,8104025,3910,8104025,2246,2883,10810761,4276,10810761,901,1276,11035520,1775,11035520,224,237,1888574,409,1888574,17,18,91818,21,91818
00191600,FORT SCOTT COMMUNITY COLLEGE,KS,667013199,Public,157,166,445557,295,407077,169,179,633672,324,594171,-,-, -,-, -,4,4,9804,7,9804,-,-, -,-, -
00191700,BARCLAY COLLEGE,KS,670590288,Private-Nonprofit,85,86,329690,152,329690,88,94,298132,162,298132,4,4,65865,7,65865,3,3,29248,6,29248,-,-, -,-, -
00191800,FRIENDS UNIVERSITY,KS,672133397,Private-Nonprofit,571,588,2414341,1084,2414341,573,616,2063761,1142,2063761,154,221,3469681,454,3469681,126,130,1901582,230,1901582,11,11,97049,17,97049
00191900,GARDEN CITY COMMUNITY COLLEGE,KS,678466398,Public,219,252,662826,330,662826,188,227,615952,325,615952,-,-, -,-, -,5,5,21123,6,21123,-,-, -,-, -
00192000,HESSTON COLLEGE,KS,670623000,Private-Nonprofit,169,169,693029,313,693029,186,192,712136,357,712136,-,-, -,-, -,43,44,669106,80,669106,-,-, -,-, -
00192100,HIGHLAND COMMUNITY COLLEGE,KS,660354062,Public,247,254,695210,652,695210,221,224,739031,575,739031,-,-, -,-, -,4,4,14295,9,14295,-,-, -,-, -
00192300,HUTCHINSON COMMUNITY COLLEGE,KS,675015894,Public,676,685,2104529,1081,2104529,608,618,2304520,1015,2304520,-,-, -,-, -,22,22,153999,38,153999,-,-, -,-, -
00192400,INDEPENDENCE COMMUNITY COLLEGE,KS,673010000,Public,184,184,482370,393,482370,137,146,341692,280,341692,-,-, -,-, -,15,15,106121,31,106121,-,-, -,-, -
00192500,KANSAS CITY KANSAS COMMUNITY COLLEGE,KS,661129978,Public,292,297,773788,810,773788,278,280,819562,770,819562,-,-, -,-, -,10,10,48694,29,48694,-,-, -,-, -
00192600,PITTSBURG STATE UNIVERSITY,KS,667627500,Public,1424,1425,5200061,2991,5200061,1539,1541,5753988,3037,5753988,483,485,5192488,1347,5192488,204,217,2222693,558,2222693,6,6,35249,9,35249
00192700,EMPORIA STATE UNIVERSITY,KS,668015415,Public,732,816,2747803,1359,2747803,826,925,3276953,1558,3276953,960,1457,9797927,1946,9797927,87,89,790782,159,786200,11,12,106636,22,106636
00192800,KANSAS STATE UNIVERSITY,KS,665060112,Public,3926,4677,15931644,7929,15931644,4820,5452,20135557,9339,20135557,1538,2289,29649042,3755,29649042,1841,2031,30396824,3616,30396824,615,919,10520298,1360,10520298
00192900,KANSAS WESLEYAN UNIVERSITY,KS,674016196,Private-Nonprofit,499,580,2107580,995,2107580,619,717,2342653,1273,2342653,25,28,321929,77,321929,175,211,2740087,334,2740087,-,-, -,-, -
00193000,LABETTE COMMUNITY COLLEGE,KS,673574299,Public,106,106,319952,182,319952,97,97,405233,179,405233,-,-, -,-, -,2,2,20000,4,20000,-,-, -,-, -
00193100,MANHATTAN CHRISTIAN COLLEGE,KS,665024081,Private-Nonprofit,72,72,281677,129,281677,69,69,202889,123,202889,-,-, -,-, -,16,16,207224,25,207224,-,-, -,-, -
00193300,MCPHERSON COLLEGE,KS,674603899,Private-Nonprofit,431,440,1718720,779,1718720,449,502,1530661,907,1530661,-,-, -,-, -,136,150,2251215,260,2251215,-,-, -,-, -
00193600,NEOSHO COUNTY COMMUNITY COLLEGE,KS,667202699,Public,117,131,369958,239,369958,122,133,386015,248,386015,-,-, -,-, -,5,5,30490,10,30490,-,-, -,-, -
00193700,OTTAWA UNIVERSITY,KS,660673399,Private-Nonprofit,1358,1430,5777399,2478,5777399,1453,1531,5631725,2694,5631725,323,408,5230443,754,5230443,481,485,10328766,845,10328766,13,16,297621,30,297621
00193800,PRATT COMMUNITY COLLEGE,KS,671248432,Public,177,186,567201,307,550034,175,183,445301,308,437798,-,-, -,-, -,9,9,80691,15,80691,-,-, -,-, -
00193900,NEWMAN UNIVERSITY,KS,672132084,Private-Nonprofit,333,367,1511157,673,1511157,346,395,1604527,722,1604527,139,179,2559847,375,2559847,96,106,1506545,190,1506545,82,134,2603160,286,2603160
00194000,SOUTHWESTERN COLLEGE,KS,671562499,Private-Nonprofit,435,450,1847361,808,1847361,474,565,1934100,1016,1934100,28,34,423801,57,423801,131,137,2157310,247,2157310,3,5,31383,9,31383
00194300,UNIVERSITY OF SAINT MARY,KS,660485023,Private-Nonprofit,468,473,1909416,882,1909416,500,549,1775694,1039,1775694,319,331,5358508,700,5358508,125,136,1715150,231,1715150,104,119,3427985,282,3427985
00194500,STERLING COLLEGE,KS,675791533,Private-Nonprofit,302,302,1180104,565,1177218,305,327,1009878,610,1007545,26,26,448916,43,448916,95,99,1539103,172,1539103,-,-, -,-, -
00194600,TABOR COLLEGE,KS,670631799,Private-Nonprofit,260,260,1082915,473,1082915,311,330,1119524,598,1119524,52,52,653003,120,653003,83,84,915450,149,915450,-,-, -,-, -
00194800,UNIVERSITY OF KANSAS,KS,660457535,Public,5191,5640,20420512,9720,20420512,6698,7141,28209449,13000,28209449,2786,3767,61648798,6334,61648798,2823,3358,52364684,5822,52364684,690,1126,16624456,1754,16624456
00194900,WASHBURN UNIVERSITY - TOPEKA,KS,666211110,Public,1390,1423,4943519,2351,4943519,1503,1566,6746298,2636,6746298,448,484,7473974,835,7473974,158,181,1663978,308,1663978,155,207,2231373,335,2231373
00195000,WICHITA STATE UNIVERSITY,KS,672600024,Public,3538,3620,13977136,6398,13977136,3478,3603,15037468,6369,15037468,1025,1124,15041489,1876,15041489,289,329,4103880,563,4103880,133,200,1933085,264,1933085
00195100,ALICE LLOYD COLLEGE,KY,418449703,Private-Nonprofit,204,208,687843,352,687843,173,174,489707,308,489707,-,-, -,-, -,5,5,33300,8,33300,-,-, -,-, -
00195200,ASBURY UNIVERSITY,KY,403901198,Private-Nonprofit,522,653,2129401,1117,2129401,569,642,2118148,1132,2118148,152,201,2806840,416,2806840,100,118,1446006,197,1446006,5,6,50864,8,50864
00195300,ASBURY THEOLOGICAL SEMINARY,KY,403901199,Private-Nonprofit,-,-, -,-, -,-,-, -,-, -,346,467,5635077,923,5635077,-,-, -,-, -,12,14,222146,28,222146
00195400,BELLARMINE UNIVERSITY,KY,402051877,Private-Nonprofit,944,970,3879001,1745,3879001,1051,1135,4007874,2065,4007874,399,467,6480921,697,6480921,165,202,2260840,321,2260840,190,329,4990919,422,4990919
00195500,BEREA COLLEGE,KY,404042182,Private-Nonprofit,10,10,22330,11,22330,105,145,380774,174,380774,-,-, -,-, -,1,1,1462,2,1462,-,-, -,-, -
00195800,BRESCIA UNIVERSITY,KY,423013023,Private-Nonprofit,247,256,962142,441,962142,268,292,1194543,506,1194543,99,109,1783444,187,1783444,67,72,981229,131,981229,52,76,744473,118,744473
00195900,CAMPBELLSVILLE UNIVERSITY,KY,427182799,Private-Nonprofit,1381,1527,4631465,2336,4631465,1346,1540,4988289,2397,4988289,964,1605,16666158,2264,16666158,127,136,1193296,210,1193296,136,314,2747177,431,2747177
00196000,SPALDING UNIVERSITY,KY,402032188,Private-Nonprofit,373,387,1465648,676,1465648,396,428,1512530,753,1512530,537,830,12664607,1685,12505309,56,71,731714,117,731714,171,286,3169121,420,3123805
00196100,CENTRE COLLEGE OF KENTUCKY,KY,404221394,Private-Nonprofit,466,470,1948915,895,1948915,604,616,2277998,1183,2277998,-,-, -,-, -,92,95,1715827,179,1715827,-,-, -,-, -
00196200,UNIVERSITY OF THE CUMBERLANDS,KY,407691372,Private-Nonprofit,2997,3709,10292897,6325,10205742,2808,3664,12497424,6106,12361557,5284,6591,76332721,12438,75489450,99,104,967409,194,967409,533,696,11626640,1242,11486786
00196300,EASTERN KENTUCKY UNIVERSITY,KY,404753102,Public,4643,4761,17628115,8096,17628115,4969,5109,20730474,8867,20730474,1343,1571,20333653,2463,20333653,437,451,5234929,945,5234929,125,133,988512,206,988512
00196400,GEORGETOWN COLLEGE,KY,403241628,Private-Nonprofit,373,374,1446577,696,1446577,522,528,2119390,991,2119390,196,421,1468930,618,1466930,97,109,1199676,189,1199676,-,-, -,-, -
00196500,KENTUCKY CHRISTIAN UNIVERSITY,KY,411432205,Private-Nonprofit,269,272,932883,493,932883,311,318,977942,571,977942,16,16,216388,47,216388,64,70,665493,134,665493,-,-, -,-, -
00196800,KENTUCKY STATE UNIVERSITY,KY,406012355,Public,853,881,3412432,1601,3412432,816,866,2818637,1573,2818637,42,49,629746,80,629746,275,281,3531026,514,3531026,1,1,13888,2,13888
00196900,KENTUCKY WESLEYAN COLLEGE,KY,423016057,Private-Nonprofit,416,428,1591945,888,1591945,449,482,1561334,960,1561334,-,-, -,-, -,77,88,821015,151,821015,-,-, -,-, -
00197100,LEXINGTON THEOLOGICAL SEMINARY,KY,405033337,Private-Nonprofit,-,-, -,-, -,-,-, -,-, -,2,2,4500,2,4500,-,-, -,-, -,-,-, -,-, -
00197200,LINDSEY WILSON COLLEGE,KY,427281223,Private-Nonprofit,754,856,2698799,1532,2698799,754,824,2951209,1496,2951209,623,674,8980069,1295,8980069,41,45,391407,79,391407,38,43,352710,74,352710
00197400,LOUISVILLE PRESBYTERIAN THEOLOGICAL SEMINARY,KY,402051798,Private-Nonprofit,-,-, -,-, -,1,1,4773,2,4773,16,16,254672,31,254672,-,-, -,-, -,1,1,13984,2,13984
00197500,MIDWAY UNIVERSITY,KY,403471120,Private-Nonprofit,716,803,2752087,1324,2752087,700,804,2548621,1363,2548621,137,216,1564184,316,1564184,105,123,1646624,199,1646624,4,5,58879,8,58879
00197600,MOREHEAD STATE UNIVERSITY,KY,403511689,Public,1557,1624,5271682,2930,5271682,1793,1995,6948490,3657,6948490,291,325,3964395,584,3964395,146,170,1298195,330,1298195,12,16,152362,30,152362
00197700,MURRAY STATE UNIVERSITY,KY,420710009,Public,2161,2377,8609687,4038,8609687,2393,2834,9661042,4955,9661042,790,996,11918862,1541,11918862,390,466,4745235,764,4745235,111,170,2189518,220,2189518
00197900,WEST KENTUCKY COMMUNITY AND TECHNICAL COLLEGE,KY,420027380,Public,510,563,1600254,1015,1600254,475,619,1647686,1114,1647686,-,-, -,-, -,3,3,20355,6,20355,-,-, -,-, -
00198000,UNIVERSITY OF PIKEVILLE,KY,415011194,Private-Nonprofit,613,635,2489962,1137,2489962,642,687,2220953,1219,2220953,619,715,25910200,1504,25910200,117,135,1291937,215,1291937,428,483,12998205,1002,12998205
00198700,TRANSYLVANIA UNIVERSITY,KY,405081797,Private-Nonprofit,372,376,1567267,723,1567267,448,465,1500321,892,1500321,-,-, -,-, -,97,106,1817015,203,1817015,-,-, -,-, -
00198800,UNION COMMONWEALTH UNIVERSITY,KY,409061499,Private-Nonprofit,390,410,1443267,757,1443267,393,448,1471297,824,1471297,114,242,1325360,480,1325360,72,79,695133,143,695133,-,-, -,-, -
00198900,UNIVERSITY OF KENTUCKY,KY,405060032,Public,6028,6269,24173002,11354,24173002,7243,7757,27039391,14238,27039391,4127,4677,93029319,7991,92960183,1885,2231,46964986,3810,46964986,1511,2296,35175304,3538,35144823
00199000,ASHLAND COMMUNITY AND TECHNICAL COLLEGE,KY,411013683,Public,532,600,1761354,1105,1761354,478,618,1674918,1132,1674918,-,-, -,-, -,1,1,5165,2,5165,-,-, -,-, -
00199100,ELIZABETHTOWN COMMUNITY  AND TECHNICAL COLLEGE,KY,427013081,Public,783,934,2379500,1696,2379500,680,975,2445679,1772,2445679,-,-, -,-, -,4,4,29484,8,29484,-,-, -,-, -
00199300,HENDERSON COMMUNITY COLLEGE,KY,424204699,Public,182,189,552409,345,552409,177,196,616936,363,616936,-,-, -,-, -,1,1,4000,1,4000,-,-, -,-, -
00199400,HOPKINSVILLE COMMUNITY COLLEGE,KY,422412621,Public,318,343,983082,607,983082,267,339,971487,606,971487,-,-, -,-, -,1,1,11728,2,11728,-,-, -,-, -
00199600,BIG SANDY COMMUNITY AND TECHNICAL COLLEGE,KY,416531815,Public,472,552,1522905,1019,1522905,393,540,1371131,988,1371131,-,-, -,-, -,1,1,6000,1,6000,-,-, -,-, -
00199700,SOMERSET COMMUNITY COLLEGE,KY,425012973,Public,1442,1552,4468462,2794,4468462,1141,1341,3867710,2422,3867710,-,-, -,-, -,1,4,11900,8,11900,-,-, -,-, -
00199800,SOUTHEAST KENTUCKY COMMUNITY AND TECHNICAL COLLEGE,KY,408231099,Public,214,217,661216,387,661216,147,157,407130,272,407130,-,-, -,-, -,-,-, -,-, -,-,-, -,-, -
00199900,UNIVERSITY OF LOUISVILLE,KY,402081415,Public,4031,4701,16323251,7991,16323251,4164,4552,16257840,8022,16257840,2558,3721,62939564,6750,62939564,664,789,11684286,1454,11674635,1452,2025,39553872,3639,39553872
00200100,THOMAS MORE UNIVERSITY,KY,410173495,Private-Nonprofit,499,500,1844993,943,1844993,662,698,2652008,1322,2652008,75,76,1015695,146,1015695,125,135,1706342,236,1706342,1,1,5141,1,5141
00200200,WESTERN KENTUCKY UNIVERSITY,KY,421013576,Public,3877,4040,15068783,6950,15068783,4680,5069,19677544,8908,19677544,834,974,12741747,1540,12741747,811,948,10338373,1595,10338373,129,187,1683829,250,1683829
00200300,CENTENARY COLLEGE OF LOUISIANA,LA,711043396,Private-Nonprofit,346,351,1324142,631,1324142,383,390,1301045,707,1301045,12,14,183567,39,183567,98,100,1500374,180,1500374,2,2,25444,6,25444
00200400,DILLARD UNIVERSITY,LA,701223097,Private-Nonprofit,835,835,3513460,1595,3513460,819,975,2910137,1859,2910137,8,8,125688,19,125688,278,281,4643201,543,4643201,-,-, -,-, -
00200500,NICHOLLS STATE UNIVERSITY,LA,703100001,Public,1663,1746,6209028,2900,6209028,1866,1975,7722269,3340,7722269,292,339,3884147,499,3884147,232,256,2492007,427,2492007,4,4,25475,4,25475
00200600,GRAMBLING STATE UNIVERSITY,LA,712452215,Public,3261,3580,12676674,6646,12676674,3271,3435,12449956,6347,12449956,691,761,10592379,1419,10592379,1024,1127,11250410,2139,11250410,334,466,5586326,892,5586326
00200700,LOUISIANA CHRISTIAN UNIVERSITY,LA,713605122,Private-Nonprofit,391,408,1536141,1382,1536141,454,511,1561031,1733,1561031,153,174,1380802,503,1380802,100,116,1163696,366,1163696,-,-, -,-, -
00200800,LOUISIANA TECH UNIVERSITY,LA,712720001,Public,1932,2062,7324227,5181,7324227,2483,2740,10237507,7078,10237507,254,318,3625120,660,3625120,889,1014,9764807,2541,9764807,71,101,463218,196,463218
00201000,LOUISIANA STATE UNIVERSITY & AGRICULTURAL & MECHANICAL COLLEGE,LA,708035710,Public,7961,9019,34181033,17900,34178033,8797,10562,35233163,20875,35229163,2835,4170,64128985,10982,64128985,3429,4037,80018589,7390,80018589,1022,1353,21896763,3595,21896763
00201100,LOUISIANA STATE UNIVERSITY AT ALEXANDRIA,LA,713029121,Public,2275,2447,8773149,4222,8773149,2193,2424,10836652,4145,10836652,-,-, -,-, -,54,59,552692,119,552692,-,-, -,-, -
00201200,LOUISIANA STATE UNIVERSITY AT EUNICE,LA,705356726,Public,963,990,2981798,1721,2981798,790,828,2944038,1432,2944038,-,-, -,-, -,16,17,122350,31,122350,-,-, -,-, -
00201300,LOUISIANA STATE UNIVERSITY IN SHREVEPORT,LA,711152399,Public,759,791,2818760,1280,2818760,845,877,3920837,1416,3920837,4281,4536,47743082,14054,47743082,18,19,186060,31,186060,110,112,1546325,242,1546325
00201400,LOUISIANA STATE UNIVERSITY HEALTH SCIENCES CENTER,LA,701122223,Public,383,391,1527411,699,1527411,362,371,1696872,667,1696872,1375,1619,50290835,3062,50290835,36,40,674574,65,674574,863,1188,33661081,2148,33611670
00201500,UNIVERSITY OF NEW ORLEANS (THE),LA,701480001,Public,1399,1514,5277134,2499,5228584,1364,1497,5369911,2492,5317987,434,498,6603550,810,6580123,94,102,1084710,169,1078261,38,41,383510,64,367093
00201600,LOYOLA UNIVERSITY NEW ORLEANS,LA,701186195,Private-Nonprofit,1425,1471,6089940,2746,6086606,1594,1686,5454876,3179,5450542,704,801,14505137,1580,14389900,372,442,6931294,745,6931294,420,603,15418994,1009,15368638
00201700,MCNEESE STATE UNIVERSITY,LA,706094510,Public,1455,1551,5321334,2850,5321334,1556,1663,6616582,3080,6616582,213,235,2884264,438,2884264,86,101,890047,194,890047,-,-, -,-, -
00202000,UNIVERSITY OF LOUISIANA AT MONROE,LA,712099001,Public,1987,2080,7538048,3473,7538048,2078,2182,8369893,3685,8369893,1025,1250,20731199,2068,20731199,195,223,1779266,352,1779266,154,206,1927068,273,1927068
00202100,NORTHWESTERN STATE UNIVERSITY,LA,714970001,Public,2523,2719,9647007,4967,9647007,2615,3003,11460096,5510,11460096,467,544,7366396,1016,7366396,248,292,2672953,558,2672953,61,95,1310333,187,1310333
00202300,UNIVERSITY OF HOLY CROSS,LA,701317399,Private-Nonprofit,229,235,860842,419,860842,263,281,1143902,499,1143902,234,243,3623094,533,3623094,21,30,230279,43,230279,41,47,695094,82,695094
00202400,SOUTHEASTERN LOUISIANA UNIVERSITY,LA,704020001,Public,3399,3644,12312731,6725,12312731,3697,4051,14164018,7494,14164018,556,702,7843323,1344,7843323,378,428,3920050,834,3920050,35,41,224283,78,224283
00202500,SOUTHERN UNIVERSITY AND AGRICULTURAL & MECHANICAL COLG AT BATON ROUGE,LA,708139374,Public,4633,4699,17146114,8573,17146114,4627,5016,14575984,9100,14575984,1201,1234,21693324,2378,21693324,883,1003,11421615,1916,11421615,685,989,17042438,1928,17042438
00202600,SOUTHERN UNIVERSITY AT NEW ORLEANS,LA,701260002,Public,787,809,3019304,1469,2837780,812,843,4036616,1523,3740432,251,277,4503893,512,4211756,34,43,397595,84,380095,33,41,299335,81,288619
00202700,SAINT JOSEPH SEMINARY COLLEGE,LA,704579990,Private-Nonprofit,2,2,8000,4,8000,1,1,2000,2,2000,-,-, -,-, -,-,-, -,-, -,-,-, -,-, -
00202900,TULANE UNIVERSITY,LA,701185698,Private-Nonprofit,1295,1305,5259200,2443,5259200,1613,1653,6450515,3143,6450515,2284,2676,53194920,4709,53184670,545,598,20663095,1099,20663095,1439,1691,51226517,3572,51226517
00203100,UNIVERSITY OF LOUISIANA AT LAFAYETTE,LA,705032014,Public,4832,5120,18629038,8816,18629038,5120,5653,19447200,9965,19447200,677,817,9502607,1187,9502607,844,1017,11532587,1667,11532587,50,63,489979,80,489979
00203200,XAVIER UNIVERSITY OF LOUISIANA,LA,701251098,Private-Nonprofit,1267,1444,5068519,2599,5068519,1298,1510,4111554,2780,4111554,514,539,11924685,1065,11924685,591,694,12773338,1218,12773338,438,518,12437745,980,12437745
00203300,UNIVERSITY OF MAINE AT PRESQUE ISLE,ME,047692888,Public,608,731,1406957,944,1406957,598,728,2544332,996,2544332,50,60,298226,71,298226,4,4,14466,5,14466,-,-, -,-, -
00203600,BATES COLLEGE,ME,042406028,Private-Nonprofit,156,180,541913,342,541683,198,218,817111,423,813592,-,-, -,-, -,69,83,2533386,146,2521386,-,-, -,-, -
00203800,BOWDOIN COLLEGE,ME,040110000,Private-Nonprofit,69,69,232642,121,232642,150,151,789222,274,789222,-,-, -,-, -,77,88,2604264,145,2604264,-,-, -,-, -
00203900,COLBY COLLEGE,ME,049018840,Private-Nonprofit,97,99,326707,195,326707,202,204,1049002,398,1049002,-,-, -,-, -,67,74,2303329,136,2303329,-,-, -,-, -
00204000,UNIVERSITY OF MAINE - FARMINGTON,ME,049381990,Public,494,543,1970722,962,1970722,563,610,2102691,1120,2102691,57,72,846361,122,846361,58,74,616965,119,616965,9,14,98745,20,98745
00204100,UNIVERSITY OF MAINE - FORT KENT,ME,047431292,Public,204,225,770074,369,770074,239,272,1105992,435,1105992,51,71,502369,96,502369,6,7,49226,12,49226,-,-, -,-, -
00204300,HUSSON UNIVERSITY,ME,044012999,Private-Nonprofit,1687,1975,5809949,3742,5809949,2020,2297,6821450,4420,6821450,467,544,8373010,1065,8373010,258,310,3203531,519,3203531,75,107,1134793,165,1134793
00204400,MAINE MARITIME ACADEMY,ME,044200001,Public,392,392,1710580,748,1690558,483,485,1778923,930,1755195,9,9,172350,18,172350,100,100,2653758,181,2627663,1,1,46144,2,46144
00205000,UNIVERSITY OF NEW ENGLAND,ME,040059599,Private-Nonprofit,1232,1252,5430925,2418,5430925,1517,1536,5084406,2960,5084406,1888,2485,60488656,4914,60481822,370,416,9262439,701,9262439,1317,2786,62863231,2950,62858695
00205100,SAINT JOSEPH'S COLLEGE,ME,040845236,Private-Nonprofit,501,534,2008825,981,2008825,671,736,2576588,1362,2576588,178,248,2008066,485,2008066,113,129,2201298,216,2201298,1,1,621,2,621
00205200,THOMAS COLLEGE,ME,049015097,Private-Nonprofit,428,539,1777864,838,1777864,511,637,1636273,1008,1636273,61,67,835003,211,835003,66,74,871951,123,871951,2,2,11745,4,11745
00205300,UNIVERSITY OF MAINE,ME,044690001,Public,2817,2979,11593562,5609,11593562,3550,3762,13914948,7203,13914948,395,512,5788221,864,5788221,478,599,8847706,974,8847706,47,55,452462,73,452462
00205400,UNIVERSITY OF SOUTHERN MAINE,ME,041049301,Public,1557,1770,6052649,2987,6052649,1765,2008,7243985,3397,7243985,944,1229,13069352,1942,13069352,164,212,1997965,305,1997965,278,331,2508126,547,2508126
00205700,ALLEGANY COLLEGE OF MARYLAND,MD,215022596,Public,847,962,2627734,1871,2627734,813,915,3312583,1778,3305583,-,-, -,-, -,29,30,282787,58,282787,-,-, -,-, -
00205800,ANNE ARUNDEL COMMUNITY COLLEGE,MD,210121895,Public,946,998,2623330,1494,2623330,937,991,3402879,1490,3402879,-,-, -,-, -,3,3,23000,4,23000,-,-, -,-, -
00206200,BOWIE STATE UNIVERSITY,MD,207159465,Public,2168,2168,8184506,4094,8113895,2002,2004,6737887,3685,6630046,376,378,5173525,685,5113193,506,530,8293734,1006,8100941,48,50,476921,95,471751
00206300,COMMUNITY COLLEGE OF BALTIMORE COUNTY,MD,212285381,Public,1519,1560,4840024,2729,4840024,1563,1611,7189032,2832,7189032,-,-, -,-, -,56,70,613511,138,613511,-,-, -,-, -
00206400,COLLEGE OF SOUTHERN MARYLAND,MD,206460910,Public,679,689,2156070,1006,1918238,755,765,3193472,1122,2857328,-,-, -,-, -,3,3,14398,3,7811,-,-, -,-, -
00206500,NOTRE DAME OF MARYLAND UNIVERSITY,MD,212102476,Private-Nonprofit,366,375,1491435,633,1400530,395,414,1893447,704,1756907,275,339,7054850,663,6854228,57,65,954997,106,928649,117,183,4516846,389,4496587
00206700,WASHINGTON ADVENTIST UNIVERSITY,MD,209127796,Private-Nonprofit,244,244,924950,430,918700,271,271,1146898,477,1134148,50,51,894541,90,894541,42,44,522489,83,522489,6,6,77277,10,77277
00206800,COPPIN STATE UNIVERSITY,MD,212163698,Public,649,649,2419528,1397,2403206,585,585,2025750,1256,2022459,126,126,1804688,278,1794438,77,82,1070772,190,1068979,14,15,118652,32,118652
00207100,FREDERICK COMMUNITY COLLEGE,MD,217029745,Public,455,469,1394685,809,1394685,461,482,1960609,842,1960609,-,-, -,-, -,10,11,105555,21,105555,-,-, -,-, -
00207200,FROSTBURG STATE UNIVERSITY,MD,215321099,Public,999,1037,4065170,2026,4065170,1114,1155,4291473,2229,4291473,231,263,4026690,582,4026690,248,261,3332300,504,3332300,75,83,2267775,195,2267775
00207300,GOUCHER COLLEGE,MD,212042794,Private-Nonprofit,413,418,1651565,772,1651565,445,465,1479700,861,1479700,100,157,1194267,176,1194267,106,122,2061640,214,2061640,14,25,326477,28,326477
00207400,HAGERSTOWN COMMUNITY COLLEGE,MD,217426514,Public,757,825,2211798,1425,2211798,750,864,2127633,1502,2127633,-,-, -,-, -,5,5,30647,10,30647,-,-, -,-, -
00207500,HARFORD COMMUNITY COLLEGE,MD,210151696,Public,455,480,1367271,680,1367271,527,551,2147326,806,2147326,-,-, -,-, -,9,9,51264,15,51264,-,-, -,-, -
00207600,HOOD COLLEGE,MD,217018575,Private-Nonprofit,503,510,2115896,939,2115896,623,661,2452174,1225,2452174,132,138,2066719,255,2066719,161,176,2972903,316,2972903,8,9,139785,19,139785
00207700,JOHNS HOPKINS UNIVERSITY,MD,212182693,Private-Nonprofit,346,366,1228345,622,1228345,545,576,2469524,1048,2469524,4380,5558,88017874,12310,88017874,253,295,8247464,525,8247464,1885,2438,66436344,4996,66436344
00207800,LOYOLA UNIVERSITY MARYLAND,MD,212102699,Private-Nonprofit,1534,1537,6165790,2980,6165790,1941,1984,6923635,3849,6923635,348,459,7793950,870,7793950,539,608,12764748,1046,12764748,83,101,2317238,196,2317238
00208000,MARYLAND INSTITUTE COLLEGE OF ART,MD,212174191,Private-Nonprofit,475,533,2014744,892,2014744,501,561,1563732,957,1563732,267,319,5683794,585,5683794,218,232,8205344,423,8205344,143,166,3641537,309,3641537
00208300,MORGAN STATE UNIVERSITY,MD,212510002,Public,5137,5281,19971842,9913,19971842,5191,6003,17221666,11285,17221666,597,610,10018056,1154,10018056,1672,1982,31871185,3859,31871185,103,114,2079798,223,2079798
00208600,MOUNT ST. MARY'S UNIVERSITY,MD,217277799,Private-Nonprofit,727,803,3013957,1431,3013957,888,967,3040629,1764,3040629,118,253,1593733,375,1593733,282,308,5571450,532,5571450,4,5,27473,9,27473
00208900,PRINCE GEORGE'S COMMUNITY COLLEGE,MD,207742199,Public,1454,1480,4214117,2593,4214117,1300,1321,4784165,2315,4784165,-,-, -,-, -,8,8,115413,16,115413,-,-, -,-, -
00209100,SALISBURY UNIVERSITY,MD,218016862,Public,1802,1921,7088229,3355,7088229,2164,2364,8519900,4221,8519900,287,319,4607902,545,4607902,931,1074,15024035,1845,15024035,141,169,1307493,282,1307493
00209200,ST. JOHN'S COLLEGE,MD,214011655,Private-Nonprofit,170,170,744800,333,744800,207,209,771985,409,771985,30,33,418464,52,418464,26,26,599527,49,599527,2,2,24032,2,24032
00209300,SAINT JOHN'S COLLEGE,NM,875054599,Private-Nonprofit,134,134,584521,256,584521,142,143,498771,275,498771,28,30,406276,51,406276,21,22,414511,43,414511,1,2,10472,2,10472
00209500,SAINT MARY'S COLLEGE OF MARYLAND,MD,206863001,Public,461,469,1888284,880,1888284,622,645,2366356,1206,2366356,5,6,76625,21,76625,183,207,3149889,362,3149889,2,2,29463,5,29463
00209900,TOWSON UNIVERSITY,MD,212520002,Public,5570,5910,22186768,10628,22184018,5970,6387,20712954,11531,20709204,715,800,11178125,1317,11178125,1921,2159,34040005,3746,34037932,120,189,1640658,273,1640658
00210200,UNIVERSITY OF BALTIMORE,MD,212015779,Public,485,499,1885849,793,1885849,449,487,2361690,768,2361690,1087,1163,18988649,1999,18988649,5,5,53599,8,53599,465,635,12963347,1024,12963347
00210300,"UNIVERSITY OF MARYLAND, COLLEGE PARK",MD,207425145,Public,4635,4860,18829619,8926,18829619,5648,5973,22277472,11186,22277472,1407,1703,22602605,2907,22602605,1477,1728,36336115,2977,36336115,756,1085,13319482,1763,13319482
00210400,"UNIVERSITY OF MARYLAND, BALTIMORE",MD,212011691,Public,420,429,1979965,688,1974465,410,420,2029585,684,2028585,2707,2874,63917330,5626,63462899,38,45,808544,82,808544,1904,2354,70358129,4558,70002436
00210500,UNIVERSITY OF MARYLAND - BALTIMORE COUNTY,MD,212500002,Public,2372,2766,9506230,4713,9506230,2496,2784,9638210,4873,9638210,300,325,4458270,516,4458270,889,1001,16129105,1712,16129105,31,41,592966,60,592966
00210600,UNIVERSITY OF MARYLAND - EASTERN SHORE,MD,218531299,Public,1072,1086,4006784,2013,4006784,1119,1226,3629188,2274,3629188,308,322,6549107,612,6549107,249,274,3370277,524,3370277,154,230,4317722,444,4317722
00210700,STEVENSON UNIVERSITY,MD,211530641,Private-Nonprofit,1129,1131,4545642,2107,4545642,1348,1350,4952478,2523,4952478,288,290,4569867,520,4569867,711,719,15129540,1353,15129540,14,15,136305,21,136305
00210800,WASHINGTON COLLEGE,MD,216201197,Private-Nonprofit,309,310,1278003,589,1278003,396,396,1376520,761,1376520,-,-, -,-, -,96,105,2210499,180,2210499,-,-, -,-, -
00210900,MCDANIEL COLLEGE,MD,211574390,Private-Nonprofit,795,851,3291429,1529,3291429,910,965,2992902,1775,2992902,218,225,2826745,447,2826745,261,293,4436843,489,4436843,5,5,84302,8,84302
00211400,AMERICAN INTERNATIONAL COLLEGE,MA,011093189,Private-Nonprofit,761,869,3120495,1480,3102745,845,985,2947893,1743,2934643,533,773,8516326,1371,8412331,184,286,2878900,431,2878900,127,233,2797211,356,2797211
00211500,AMHERST COLLEGE,MA,010025000,Private-Nonprofit,81,87,307621,146,307621,148,156,614544,261,614544,-,-, -,-, -,62,68,1904075,117,1904075,-,-, -,-, -
00211700,ANNA MARIA COLLEGE,MA,016121198,Private-Nonprofit,568,1048,2241505,1051,2241505,669,1221,2322659,1223,2322659,157,273,2278810,274,2278810,159,283,3166793,302,3166793,11,15,90262,17,90262
00211800,ASSUMPTION UNIVERSITY,MA,016151294,Private-Nonprofit,831,831,3500036,1595,3500036,1144,1144,4220822,2213,4220822,171,215,3419621,457,3419621,221,260,4651337,419,4651337,24,27,205365,45,205365
00212000,MERRIMACK COLLEGE,MA,018455800,Private-Nonprofit,1817,1896,8106109,3698,8106109,2396,2522,8473292,4931,8473292,725,959,15747763,2008,15747763,447,558,13769794,894,13769794,79,94,1517798,165,1517798
00212100,BABSON COLLEGE,MA,024570310,Private-Nonprofit,612,621,2620519,1158,2620519,259,262,1027707,487,1027707,120,126,2273992,220,2273992,76,80,2484967,140,2484967,27,29,869993,53,869993
00212200,BAY PATH UNIVERSITY,MA,011062212,Private-Nonprofit,875,875,3331338,2379,3331338,940,955,4403745,2574,4403745,677,677,11041660,1694,11041660,57,63,819412,109,819412,195,269,3234892,402,3234892
00212400,BENTLEY UNIVERSITY,MA,024524705,Private-Nonprofit,1491,1506,6439778,2906,6439778,1785,1823,5548669,3519,5548669,209,210,3832852,328,3832852,273,320,9751934,612,9751934,35,44,704169,61,704169
00212600,BERKLEE COLLEGE OF MUSIC,MA,022153693,Private-Nonprofit,2331,2353,9253862,4638,9253862,2857,2913,10750835,5757,10750835,333,343,5433866,827,5433866,592,797,23388608,1324,23388608,84,144,1844727,269,1844727
00212800,BOSTON COLLEGE,MA,024673800,Private-Nonprofit,2454,2475,11049114,4830,11049114,788,846,3184628,1642,3184628,1602,1956,32076934,3276,32076934,564,684,21566504,1175,21566504,740,1019,25714192,1674,25714192
00213000,BOSTON UNIVERSITY,MA,022151789,Private-Nonprofit,3311,3474,14516791,6389,14516791,2806,3542,10360890,6447,10360890,4511,6622,104362395,11132,104362395,694,831,24310488,1376,24310488,1788,2809,90286496,4906,90286496
00213300,BRANDEIS UNIVERSITY,MA,024532728,Private-Nonprofit,889,889,3644230,1694,3644230,392,398,1703423,737,1703423,266,272,4450441,608,4450441,154,172,5356807,285,5356807,63,72,1518604,132,1518604
00213900,CLARK UNIVERSITY,MA,016101473,Private-Nonprofit,1042,1096,4477799,2085,4477799,1251,1384,4329374,2568,4329374,79,84,1248609,149,1248609,194,229,4072461,380,4072461,7,7,131067,10,131067
00214000,COLLEGE OF OUR LADY OF THE ELMS,MA,010132839,Private-Nonprofit,680,740,2977080,1434,2977080,700,704,2695808,1363,2695808,140,140,2225241,296,2225241,95,100,1888278,177,1888278,30,33,671200,64,671200
00214100,COLLEGE OF THE HOLY CROSS,MA,016102395,Private-Nonprofit,851,860,3634577,1686,3634577,664,671,2714250,1306,2714250,-,-, -,-, -,204,228,7374751,384,7374751,-,-, -,-, -
00214300,CURRY COLLEGE,MA,021862395,Private-Nonprofit,1078,1127,4294314,2061,4294314,1292,1380,4512988,2545,4512988,98,109,1435086,201,1435086,239,266,5533958,505,5533958,14,14,285525,33,285525
00214400,DEAN COLLEGE,MA,020381994,Private-Nonprofit,662,678,2629136,1302,2629136,810,827,2615109,1585,2615109,-,-, -,-, -,219,254,5286178,499,5286178,-,-, -,-, -
00214500,EASTERN NAZARENE COLLEGE,MA,021702999,Private-Nonprofit,164,168,683479,295,683479,186,193,705196,347,705196,22,22,378387,39,378387,43,50,694113,90,694113,1,1,799,2,799
00214600,EMERSON COLLEGE,MA,021164624,Private-Nonprofit,1485,1730,6874312,3124,6874312,1637,1744,4922665,3179,4922665,942,1363,20936443,2074,20936443,434,491,17047056,867,17047056,342,465,8653189,745,8653189
00214700,EMMANUEL COLLEGE,MA,021155798,Private-Nonprofit,911,997,3911509,1829,3911509,1170,1237,4011759,2326,4011759,14,16,198932,34,198932,247,285,5473455,464,5473455,-,-, -,-, -
00214800,ENDICOTT COLLEGE,MA,019152098,Private-Nonprofit,1472,1515,6465776,2937,6465776,2006,2070,7212892,3967,7212892,523,821,8639926,1396,8639926,332,406,9117950,657,9117950,17,17,228574,33,228574
00215000,FISHER COLLEGE,MA,021161500,Private-Nonprofit,735,817,2572018,1985,2572018,784,844,2556505,2107,2556505,98,101,1363732,263,1363732,101,115,1600706,205,1600706,20,21,209162,64,209162
00215100,BENJAMIN FRANKLIN CUMMINGS INSTITUTE,MA,021166296,Private-Nonprofit,254,254,794030,440,794030,251,252,723172,436,723172,-,-, -,-, -,7,7,64161,12,64161,-,-, -,-, -
00215300,GORDON COLLEGE,MA,019841899,Private-Nonprofit,483,483,2039841,902,2039841,648,658,2337256,1236,2337256,21,27,186647,28,186647,119,151,2286465,234,2286465,-,-, -,-, -
00215400,HELLENIC COLLEGE & HOLY CROSS GREEK ORTHODOX SCHOOL OF THEOLOGY,MA,024457496,Private-Nonprofit,26,26,104456,45,104456,27,27,97616,43,97616,31,31,346032,56,346032,7,7,100793,11,100793,8,8,84110,12,84110
00215500,HARVARD UNIVERSITY,MA,021383800,Private-Nonprofit,269,310,1265867,513,1265867,428,483,2540202,834,2540202,2537,2760,53837299,5057,53837299,124,137,4823284,234,4823284,897,1118,37871353,2065,37871353
00215700,HEBREW COLLEGE,MA,024662237,Private-Nonprofit,-,-, -,-, -,-,-, -,-, -,28,28,478397,51,478397,-,-, -,-, -,4,4,75456,8,75456
00215800,LASELL UNIVERSITY,MA,024662716,Private-Nonprofit,662,695,2661833,1287,2661833,836,851,2810392,1599,2810392,227,227,2510309,793,2510309,186,207,3510037,342,3510037,20,22,202757,49,202757
00216000,LESLEY UNIVERSITY,MA,021382790,Private-Nonprofit,651,784,2617798,1385,2617798,726,798,2737560,1430,2737560,801,873,13120362,2364,13120362,102,116,2419386,194,2419386,173,248,3645326,458,3645326
00216100,UNIVERSITY OF MASSACHUSETTS - LOWELL,MA,018542881,Public,4722,5043,16305164,8865,16305164,6047,6319,25008502,12755,25008502,841,890,11333387,1434,11333387,525,598,7826116,996,7826116,41,47,389029,66,389029
00216400,NEW ENGLAND COLLEGE OF OPTOMETRY (THE),MA,021151129,Private-Nonprofit,-,-, -,-, -,-,-, -,-, -,179,279,11248391,813,11248391,-,-, -,-, -,102,152,3063316,339,3063316
00216500,MCPHS UNIVERSITY,MA,021155804,Private-Nonprofit,2021,2470,9645597,4261,9645597,2098,2627,8626510,4546,8626510,1465,2340,41197421,5491,41190587,461,639,14445383,1023,14445383,923,1415,36251120,2558,36251120
00216700,BERKSHIRE COMMUNITY COLLEGE,MA,012015786,Public,223,232,658156,417,658156,209,233,702026,425,702026,-,-, -,-, -,4,4,17826,8,17826,-,-, -,-, -
00216800,CAPE COD COMMUNITY COLLEGE,MA,026681599,Public,221,221,699197,440,699197,278,278,1189845,562,1189845,-,-, -,-, -,8,8,105087,17,105087,-,-, -,-, -
00216900,GREENFIELD COMMUNITY COLLEGE,MA,013019739,Public,79,81,237923,132,237923,77,80,281482,135,281482,-,-, -,-, -,-,-, -,-, -,-,-, -,-, -
00217000,HOLYOKE COMMUNITY COLLEGE,MA,010401099,Public,760,880,2282660,1544,2282660,778,915,3291022,1625,3291022,-,-, -,-, -,1,1,4050,2,4050,-,-, -,-, -
00217100,MASSACHUSETTS BAY COMMUNITY COLLEGE,MA,024815399,Public,246,265,487109,386,487109,348,391,1324578,611,1324578,-,-, -,-, -,3,3,17410,6,17410,-,-, -,-, -
00217200,MOUNT WACHUSETT COMMUNITY COLLEGE,MA,014401000,Public,425,426,1184417,673,1085691,415,417,1666313,742,1548922,-,-, -,-, -,3,3,37793,6,37793,-,-, -,-, -
00217300,NORTH SHORE COMMUNITY COLLEGE,MA,019234093,Public,488,502,1551569,877,1551569,247,254,1087872,461,1087872,-,-, -,-, -,7,7,96807,14,96807,-,-, -,-, -
00217400,NORTHERN ESSEX COMMUNITY COLLEGE,MA,018302399,Public,305,305,928475,507,928475,272,272,885378,442,885378,-,-, -,-, -,7,7,86816,14,86816,-,-, -,-, -
00217500,QUINSIGAMOND COMMUNITY COLLEGE,MA,016062092,Public,2056,2223,6144123,3890,6144123,2322,2551,10269997,4468,10269997,-,-, -,-, -,5,5,22894,7,22894,-,-, -,-, -
00217600,BRISTOL COMMUNITY COLLEGE,MA,027207399,Public,1471,1563,4612062,2695,4612062,1399,1446,5741393,2506,5741393,-,-, -,-, -,7,9,27746,17,27746,-,-, -,-, -
00217700,MASSASOIT COMMUNITY COLLEGE,MA,023023996,Public,138,152,393936,286,393936,308,346,1295261,645,1295261,-,-, -,-, -,1,1,3500,2,3500,-,-, -,-, -
00217800,MASSACHUSETTS INSTITUTE OF TECHNOLOGY,MA,021394307,Private-Nonprofit,135,135,533068,264,533068,281,283,1357856,550,1357856,257,260,4979163,534,4969687,104,106,4095260,211,4095260,126,151,8275840,314,8275840
00218000,MASSACHUSETTS COLLEGE OF ART AND DESIGN,MA,021155803,Public,776,786,3124785,1485,3124785,845,848,2818080,1615,2818080,48,51,909944,110,909944,187,200,4381496,352,4381496,16,17,383596,37,383596
00218100,MASSACHUSETTS MARITIME ACADEMY,MA,025323400,Public,505,505,2049483,959,2049483,778,778,3148687,1490,3148687,27,27,352229,103,352229,82,82,1689424,151,1689424,-,-, -,-, -
00218300,BRIDGEWATER STATE UNIVERSITY,MA,023250001,Public,3347,3573,12128601,6160,12128601,4421,5007,18120399,8821,18120399,402,451,6180565,736,6180565,427,529,5926568,920,5926568,-,-, -,-, -
00218400,FITCHBURG STATE UNIVERSITY,MA,014202697,Public,1118,1118,4223793,1968,4223793,1404,1405,5501741,2536,5501741,729,729,7956696,1340,7956696,110,118,1439017,207,1439017,5,5,73384,11,73384
00218500,FRAMINGHAM STATE UNIVERSITY,MA,017022471,Public,1136,1160,4143019,2048,4143019,1329,1437,4535708,2543,4535708,141,167,1190625,268,1190625,180,197,2240110,324,2240110,1,2,13903,3,13903
00218700,MASSACHUSETTS COLLEGE OF LIBERAL ARTS,MA,012474100,Public,381,424,1454533,725,1454533,484,540,1655871,960,1655871,37,47,400473,66,400473,57,66,717707,107,717707,-,-, -,-, -
00218800,SALEM STATE UNIVERSITY,MA,019705353,Public,2046,2141,7914536,3724,7914536,2087,2172,7654357,3801,7654357,572,676,7970216,1095,7970216,242,273,3176381,453,3176381,28,30,189389,37,189389
00218900,WESTFIELD STATE UNIVERSITY,MA,010861630,Public,1524,1527,5828755,2794,5828755,1756,1784,6636921,3398,6636921,388,398,6328212,728,6328212,293,295,3518004,542,3518004,74,76,2028725,159,2028725
00219000,WORCESTER STATE UNIVERSITY,MA,016022597,Public,1536,1563,5067857,2775,4810568,1859,2000,7519023,3594,7118714,272,373,2783876,594,2636641,213,236,2601445,391,2520358,-,-, -,-, -
00219200,MOUNT HOLYOKE COLLEGE,MA,010751492,Private-Nonprofit,925,1027,3886995,1818,3886995,435,524,1317137,866,1317137,64,127,987504,170,987504,139,189,3433470,273,3433470,4,6,41832,7,41832
00219400,NEW ENGLAND CONSERVATORY OF MUSIC,MA,021155018,Private-Nonprofit,66,66,271517,122,271517,86,88,292718,161,292718,89,89,1685087,172,1685087,49,50,1602665,89,1602665,57,64,1534028,114,1534028
00219700,NICHOLS COLLEGE,MA,015716346,Private-Nonprofit,647,647,2660239,1205,2660239,822,822,2982566,1545,2982566,83,83,1131603,153,1131603,191,200,3910693,362,3910693,3,3,18444,4,18444
00219900,NORTHEASTERN UNIVERSITY,MA,021155000,Private-Nonprofit,3861,3955,15942001,7441,15942001,4837,5089,21202512,9469,21202512,2728,3026,52830837,6420,52830837,841,1179,28891034,2095,28891034,1099,1624,40512112,3474,40512112
00220500,QUINCY COLLEGE,MA,021694339,Public,614,614,2046677,1073,2046677,559,559,2401330,976,2401330,-,-, -,-, -,10,10,78487,17,78487,-,-, -,-, -
00220600,REGIS COLLEGE,MA,024931571,Private-Nonprofit,557,588,2427900,1091,2427900,648,695,2500185,1300,2500185,1190,1305,19173739,2555,19108818,129,155,2841359,261,2841359,138,184,2841133,304,2841133
00220800,SIMMONS UNIVERSITY,MA,021155898,Private-Nonprofit,953,953,4020096,1835,4020096,1066,1079,3715422,2051,3715422,2241,3188,45096227,4712,45096227,128,136,2414093,251,2414093,367,508,6277741,699,6277741
00220900,SMITH COLLEGE,MA,010632936,Private-Nonprofit,177,182,671567,353,671567,340,351,1645729,690,1645729,205,213,3463685,348,3463685,126,137,3827528,257,3827528,48,54,1176668,107,1176668
00221000,UNIVERSITY OF MASSACHUSETTS - DARTMOUTH,MA,027472300,Public,2850,3373,10932700,5711,10932700,3458,3918,12724292,6930,12724292,579,655,9994396,1103,9994396,511,619,7491939,1016,7491939,186,280,5625289,443,5625289
00221100,SPRINGFIELD COLLEGE,MA,011093797,Private-Nonprofit,1196,1283,5234883,2442,5234883,1428,1534,5343555,2943,5343555,580,743,12174382,1460,12174382,243,323,5016068,488,5016068,205,336,4078186,447,4078186
00221700,STONEHILL COLLEGE,MA,023576110,Private-Nonprofit,1133,1177,4632324,2239,4632324,1489,1534,5074713,2924,5074713,19,21,288591,38,288591,245,293,5713536,488,5713536,3,3,32182,5,32182
00221800,SUFFOLK UNIVERSITY,MA,021082770,Private-Nonprofit,2206,2484,9802801,4418,9802801,2470,2658,7785670,4881,7785670,1116,1272,23760222,2290,23760222,585,634,13726216,1174,13726216,593,664,23659957,1191,23659957
00221900,TUFTS UNIVERSITY,MA,021555808,Private-Nonprofit,1210,1229,5195103,2329,5195103,327,348,1221065,627,1221065,2763,2957,86784526,5523,86784526,204,248,8106485,400,8106485,1970,2788,103415211,5024,103415211
00222100,UNIVERSITY OF MASSACHUSETTS - AMHERST,MA,010030000,Public,8095,8663,34463676,15586,34463676,10738,11589,41165725,21130,41165725,1018,1237,15930065,1934,15930065,977,1255,21123964,1955,21123964,92,132,1418063,193,1418063
00222200,UNIVERSITY OF MASSACHUSETTS AT BOSTON,MA,021253393,Public,5440,5800,21419482,9956,21417722,5606,6062,20823083,10793,20818594,784,922,12314183,1440,12314183,452,590,8159012,954,8159012,63,81,975738,113,975738
00222400,WELLESLEY COLLEGE,MA,024818203,Private-Nonprofit,321,394,1184872,750,1184872,149,151,664183,294,664183,-,-, -,-, -,91,104,2838218,182,2838218,-,-, -,-, -
00222500,WENTWORTH INSTITUTE OF TECHNOLOGY,MA,021155998,Private-Nonprofit,1680,2219,7321597,3412,7308930,1943,2416,6280854,3840,6280854,92,93,1678624,179,1678624,522,742,14030398,1077,14030398,19,27,339055,44,339055
00222600,WESTERN NEW ENGLAND UNIVERSITY,MA,011192684,Private-Nonprofit,1290,1385,5406937,2532,5406937,1559,1603,5203921,2995,5203921,480,481,10791358,979,10791358,287,297,5843189,564,5843189,232,235,5772472,487,5772472
00222700,WHEATON COLLEGE,MA,027662322,Private-Nonprofit,757,757,3138393,1445,3138393,748,768,2536191,1476,2536191,-,-, -,-, -,164,169,3120619,311,3120619,-,-, -,-, -
00222900,WILLIAMS COLLEGE,MA,012672600,Private-Nonprofit,40,40,157589,73,157589,131,132,680312,252,680312,-,-, -,-, -,45,46,1605003,83,1605003,-,-, -,-, -
00223300,WORCESTER POLYTECHNIC INSTITUTE,MA,016092280,Private-Nonprofit,2063,2103,9010534,4052,9010534,2637,2690,9197363,5195,9197363,129,136,2200040,201,2200040,347,400,10730373,685,10730373,19,22,378914,33,378914
00223400,ADRIAN COLLEGE,MI,492212575,Private-Nonprofit,885,923,3564801,1645,3564801,1132,1218,4093293,2238,4093293,41,41,569534,70,569534,280,327,4487407,542,4487407,5,7,64913,9,64913
00223500,ALBION COLLEGE,MI,492241831,Private-Nonprofit,728,728,3057454,1379,3057454,785,872,2698893,1650,2698893,-,-, -,-, -,131,142,1877858,255,1877858,-,-, -,-, -
00223600,ALMA COLLEGE,MI,488011599,Private-Nonprofit,541,541,2292765,1028,2292765,674,705,2539739,1365,2539739,11,11,193354,17,193354,167,214,2828841,331,2828841,-,-, -,-, -
00223700,ALPENA COMMUNITY COLLEGE,MI,497071495,Public,110,125,331917,241,331917,138,169,534530,329,534530,-,-, -,-, -,8,9,73259,17,73259,-,-, -,-, -
00223800,ANDREWS UNIVERSITY,MI,491040750,Private-Nonprofit,369,439,1575194,711,1575194,383,445,1448478,734,1448478,375,599,8158556,865,8158556,159,177,3248127,295,3248127,168,280,4644217,395,4644217
00223900,AQUINAS COLLEGE,MI,495061801,Private-Nonprofit,372,374,1513160,691,1513160,465,477,1659407,868,1659407,33,47,410613,66,410613,91,94,1413953,181,1413953,-,-, -,-, -
00224000,BAY DE NOC COMMUNITY COLLEGE,MI,498292524,Public,391,392,1235144,1531,1235144,373,374,1458703,1479,1458703,-,-, -,-, -,6,6,73211,27,73211,-,-, -,-, -
00224100,CALVIN UNIVERSITY,MI,495464388,Private-Nonprofit,730,870,3121959,1510,3121959,882,994,3491078,1781,3491078,167,253,3543486,391,3543486,101,112,1740282,196,1740282,38,56,688705,106,684373
00224200,CALVIN THEOLOGICAL SEMINARY,MI,495464387,Private-Nonprofit,-,-, -,-, -,1,1,5000,1,5000,7,7,43948,11,43948,-,-, -,-, -,-,-, -,-, -
00224300,CENTRAL MICHIGAN UNIVERSITY,MI,488590001,Public,4025,4173,16092362,7292,16092362,5046,5439,21723628,9683,21723628,1829,2391,38841940,3962,38841940,1146,1282,15155816,2188,15155816,856,1230,17693868,1806,17693868
00224600,CLEARY UNIVERSITY,MI,488438566,Private-Nonprofit,439,439,1566679,813,1566679,401,409,1511753,738,1511753,183,188,1657625,396,1657625,50,52,787792,96,787792,3,3,48529,6,48529
00224800,CRANBROOK ACADEMY OF ART,MI,483045162,Private-Nonprofit,-,-, -,-, -,-,-, -,-, -,53,53,1023257,114,1023257,-,-, -,-, -,33,33,597634,86,597634
00224900,DAVENPORT UNIVERSITY,MI,495129396,Private-Nonprofit,1718,2131,6734593,3220,6734593,1808,2254,8641113,3425,8641113,645,978,11662656,1405,11662656,241,313,4012701,486,4012701,132,229,3124142,300,3124142
00225100,DELTA COLLEGE,MI,487100001,Public,916,940,2530408,2893,2530408,944,957,3194119,3063,3194119,-,-, -,-, -,23,24,202464,76,202464,-,-, -,-, -
00225900,EASTERN MICHIGAN UNIVERSITY,MI,481972214,Public,4081,4368,16534315,7388,16534315,4425,5007,19180546,8535,19180546,1149,1452,18696242,2210,18696242,1382,1504,18601559,2693,18601559,495,687,7474548,1048,7474548
00226000,FERRIS STATE UNIVERSITY,MI,493072251,Public,3102,3312,11825425,5595,11825425,3447,3669,14094352,6291,14094352,597,989,15537786,1815,15537786,405,466,5160616,756,5160616,166,209,2114325,306,2114325
00226100,CHARLES STEWART MOTT COMMUNITY COLLEGE,MI,485032089,Public,1939,1981,4450661,3407,4450661,1007,1047,3610741,1863,3610741,-,-, -,-, -,8,9,43510,17,43510,-,-, -,-, -
00226200,KETTERING UNIVERSITY,MI,485046214,Private-Nonprofit,478,885,1938690,905,1938690,542,987,1896570,1007,1896570,32,65,442905,106,442905,169,291,3513984,319,3513984,2,2,49630,5,49630
00226300,GLEN OAKS COMMUNITY COLLEGE,MI,490329719,Public,93,102,300869,261,300869,103,112,394083,304,394083,-,-, -,-, -,11,11,70678,34,70678,-,-, -,-, -
00226400,GOGEBIC COMMUNITY COLLEGE,MI,499381365,Public,137,137,406440,218,406440,131,131,487667,213,487667,-,-, -,-, -,2,2,24693,4,24693,-,-, -,-, -
00226500,GRACE CHRISTIAN UNIVERSITY,MI,495091998,Private-Nonprofit,461,464,1497070,848,1497070,503,505,1753648,915,1753648,45,45,349964,87,349964,26,26,321675,50,321675,-,-, -,-, -
00226600,CORNERSTONE UNIVERSITY,MI,495255897,Private-Nonprofit,651,711,2689247,1720,2689247,726,801,3032996,1849,3032996,138,191,2652634,386,2652634,53,63,750968,101,750968,8,11,164770,25,164770
00226700,GRAND RAPIDS COMMUNITY COLLEGE,MI,495033295,Public,1845,2006,5072230,3510,5072230,1164,1381,3307239,2491,3307239,-,-, -,-, -,25,28,196146,52,196146,-,-, -,-, -
00226800,GRAND VALLEY STATE UNIVERSITY,MI,494019403,Public,6887,7286,26304468,12760,26304468,8807,9302,36975633,16881,36975633,1315,1505,20826650,2436,20826650,2630,2914,35296246,5061,35296246,616,915,10024396,1286,10024396
00226900,GREAT LAKES CHRISTIAN COLLEGE,MI,489171299,Private-Nonprofit,89,89,349319,296,349319,83,83,262785,275,262785,-,-, -,-, -,12,12,140432,38,140432,-,-, -,-, -
00227000,HENRY FORD COLLEGE,MI,481281495,Public,2262,2394,6832770,4228,6832770,1944,2073,7376286,3669,7376286,-,-, -,-, -,2,2,9737,4,9737,-,-, -,-, -
00227300,HOPE COLLEGE,MI,494233607,Private-Nonprofit,1028,1030,4215197,1982,4215197,1356,1376,5114285,2678,5114285,-,-, -,-, -,221,230,4329782,456,4329782,-,-, -,-, -
00227400,JACKSON COLLEGE,MI,492018399,Public,888,984,2655192,1779,2655192,880,970,3431287,1740,3431287,-,-, -,-, -,27,29,219336,56,219336,-,-, -,-, -
00227500,KALAMAZOO COLLEGE,MI,490063295,Private-Nonprofit,487,496,2082695,1401,2082695,587,601,1938927,1695,1938927,-,-, -,-, -,98,113,1810390,283,1810390,-,-, -,-, -
00227600,KELLOGG COMMUNITY COLLEGE,MI,490173397,Public,586,619,1906706,1772,1906706,536,636,2194522,1815,2194522,-,-, -,-, -,5,5,33811,20,33811,-,-, -,-, -
00227700,LAKE MICHIGAN COLLEGE,MI,490221899,Public,353,363,1159537,623,1016490,136,152,567966,284,539716,-,-, -,-, -,10,10,101854,17,79593,-,-, -,-, -
00227800,LANSING COMMUNITY COLLEGE,MI,489331293,Public,1706,1747,4917087,4617,4917087,1495,1529,5382443,4088,5382443,-,-, -,-, -,58,63,677676,168,677676,-,-, -,-, -
00227900,LAWRENCE TECHNOLOGICAL UNIVERSITY,MI,480751058,Private-Nonprofit,661,776,2766017,1304,2766017,698,833,2529134,1434,2529134,236,397,5069552,531,5069552,361,485,10164239,755,10164239,98,207,2815848,273,2815848
00228200,MADONNA UNIVERSITY,MI,481501176,Private-Nonprofit,821,855,3410256,1472,3410256,898,963,3834851,1662,3834851,149,159,2629677,275,2629677,141,141,2164423,264,2164423,10,10,97974,15,97974
00228800,ROCHESTER CHRISTIAN UNIVERSITY,MI,483072704,Private-Nonprofit,509,509,2140663,910,2140663,554,563,2242245,1010,2242245,13,13,202062,25,202062,84,85,1299347,160,1299347,1,1,15644,3,15644
00229000,MICHIGAN STATE UNIVERSITY,MI,488241046,Public,10561,10571,44793595,21440,44789881,11780,11792,41900137,23098,41899180,4249,6065,114916173,13015,114913462,4716,5437,107910143,10393,107909150,2445,3467,64406949,6204,64389435
00229200,MICHIGAN TECHNOLOGICAL UNIVERSITY,MI,499311295,Public,1735,1765,7060549,3241,7060549,2272,2311,8971113,4339,8971113,162,172,2458065,262,2458065,408,467,7934131,789,7934131,23,26,292389,40,292389
00229300,LAKE SUPERIOR STATE UNIVERSITY,MI,497831691,Public,468,478,1734785,887,1734785,554,586,2233899,1093,2233899,-,-, -,-, -,66,78,1021851,149,1021851,-,-, -,-, -
00229400,MONROE COUNTY COMMUNITY COLLEGE,MI,481619746,Public,363,363,998698,592,998698,391,391,1483182,652,1483182,-,-, -,-, -,3,3,38088,6,38088,-,-, -,-, -
00229500,MONTCALM COMMUNITY COLLEGE,MI,488859723,Public,177,193,574764,381,574764,156,170,618339,334,618339,-,-, -,-, -,5,5,22600,6,22600,-,-, -,-, -
00229700,MUSKEGON COMMUNITY COLLEGE,MI,494421432,Public,198,219,548574,664,548574,158,185,489769,585,489769,-,-, -,-, -,3,3,15421,12,15421,-,-, -,-, -
00229900,NORTH CENTRAL MICHIGAN COLLEGE,MI,497708740,Public,128,130,392300,229,392300,106,110,339024,193,339024,-,-, -,-, -,5,6,38100,12,38100,-,-, -,-, -
00230100,NORTHERN MICHIGAN UNIVERSITY,MI,498555316,Public,2291,2350,8777561,4240,8777561,2725,3799,10404552,6902,10404552,211,238,2793019,420,2793019,492,540,7226665,927,7226665,15,15,150189,31,150189
00230200,NORTHWESTERN MICHIGAN COLLEGE,MI,496863061,Public,628,650,1984108,1052,1984108,648,681,2606720,1126,2606720,-,-, -,-, -,39,43,795545,70,795545,-,-, -,-, -
00230300,OAKLAND COMMUNITY COLLEGE,MI,483232845,Public,2521,2790,6546012,4858,6546012,1787,2172,3830306,3763,3830306,-,-, -,-, -,4,4,24031,7,24031,-,-, -,-, -
00230700,OAKLAND UNIVERSITY,MI,483094830,Public,3746,4138,14992021,6836,14992021,4321,4980,18868608,8319,18868608,1297,1537,28941492,2516,28941492,886,1026,11152725,1706,11152725,547,763,10063989,1091,10063989
00230800,UNIVERSITY OF OLIVET (THE),MI,490769902,Private-Nonprofit,590,605,2248634,1115,2248634,704,769,2412364,1424,2412364,20,22,187110,46,187110,191,196,2302626,369,2302626,3,3,36438,8,36438
00231000,ST. CLAIR COUNTY COMMUNITY COLLEGE,MI,480603864,Public,287,344,941545,812,941545,332,423,1345506,1022,1345506,-,-, -,-, -,15,16,75079,40,75079,-,-, -,-, -
00231100,KUYPER COLLEGE,MI,495259749,Private-Nonprofit,66,72,235516,130,235516,65,74,243167,140,243167,-,-, -,-, -,6,6,41156,9,41156,-,-, -,-, -
00231300,SACRED HEART MAJOR SEMINARY,MI,482061799,Private-Nonprofit,2,2,6545,2,6545,2,2,12455,2,12455,2,4,39868,4,39868,1,1,24000,1,24000,-,-, -,-, -
00231400,SAGINAW VALLEY STATE UNIVERSITY,MI,487100001,Public,2437,2657,9264157,4567,9264157,2810,3091,11143180,5460,11143180,405,462,6094141,686,6094141,346,446,3512320,692,3512320,65,94,500269,103,500269
00231500,SCHOOLCRAFT COLLEGE,MI,481522696,Public,733,793,2194121,1458,2194121,788,894,2802869,1648,2802869,-,-, -,-, -,-,-, -,-, -,-,-, -,-, -
00231600,SIENA HEIGHTS UNIVERSITY,MI,492211796,Private-Nonprofit,691,776,2827403,1821,2827403,778,924,3595422,2166,3595422,92,135,1669142,497,1669142,188,208,2281976,371,2281976,-,-, -,-, -
00231700,SOUTHWESTERN MICHIGAN COLLEGE,MI,490479793,Public,296,318,886821,579,886821,296,317,1010614,581,1010614,-,-, -,-, -,31,31,302422,64,302422,-,-, -,-, -
00231800,SPRING ARBOR UNIVERSITY,MI,492839984,Private-Nonprofit,519,521,2161489,960,2161489,614,616,2556389,1150,2556389,1052,1054,15586403,1890,15586403,118,140,1540710,214,1540710,242,277,2544748,353,2544748
00232300,UNIVERSITY OF DETROIT MERCY,MI,482213038,Private-Nonprofit,696,813,3017422,1350,3017422,739,874,3258219,1490,3258219,1240,1964,36127151,2695,36127151,232,270,3624221,462,3624221,969,1865,43814111,2450,43814111
00232500,UNIVERSITY OF MICHIGAN,MI,481091340,Public,5517,6236,23355586,10771,23355586,6917,7654,25673866,13820,25673866,4314,6193,104133071,9288,104133071,1344,1687,40115233,2658,40115233,1830,2866,62891392,4298,62891392
00232600,UNIVERSITY OF MICHIGAN - DEARBORN,MI,481282406,Public,1844,1979,7649009,3205,7649009,1651,1725,7012403,2908,7012403,302,337,4473895,479,4473895,151,178,2099753,289,2099753,31,44,480759,60,480759
00232700,UNIVERSITY OF MICHIGAN - FLINT,MI,485021950,Public,1887,1893,7222784,3225,7222784,1936,1956,9726220,3331,9726220,927,930,16161156,1685,16161156,137,162,1530774,255,1530774,383,629,9491160,801,9491160
00232800,WASHTENAW COMMUNITY COLLEGE,MI,481054800,Public,1914,1989,5608195,3314,5595945,1905,1983,8202818,3329,8179226,-,-, -,-, -,11,13,69623,24,69623,-,-, -,-, -
00232900,WAYNE STATE UNIVERSITY,MI,482011306,Public,5551,6018,23564250,10197,23564250,5235,5579,21677077,9661,21677077,3588,4165,80308389,8404,80308389,690,858,10968647,1414,10968647,1236,1786,25013839,3620,25013839
00233000,WESTERN MICHIGAN UNIVERSITY,MI,490083899,Public,4476,5029,18901342,8788,18547906,5862,6728,24272686,11925,23768715,1167,1552,22017446,2770,21360723,1026,1383,18362080,2134,18156995,365,827,7412250,907,7348839
00233100,WESTERN THEOLOGICAL SEMINARY,MI,494233622,Private-Nonprofit,-,-, -,-, -,-,-, -,-, -,37,37,424535,72,424535,-,-, -,-, -,-,-, -,-, -
00233200,ANOKA-RAMSEY COMMUNITY COLLEGE,MN,554333499,Public,1111,1266,3400581,1888,3400581,1155,1429,4357904,2108,4357904,-,-, -,-, -,7,8,68119,10,68119,-,-, -,-, -
00233400,AUGSBURG UNIVERSITY,MN,554541351,Private-Nonprofit,1138,1292,4754373,2215,4754373,1193,1259,3898210,2242,3898210,517,519,9572100,1183,9572100,115,129,1782544,216,1782544,117,125,2605023,269,2605023
00233500,RIVERLAND COMMUNITY COLLEGE,MN,559121473,Public,514,592,1663284,923,1663284,519,599,2170310,972,2170310,-,-, -,-, -,7,8,61470,14,61470,-,-, -,-, -
00233600,BEMIDJI STATE UNIVERSITY,MN,566012699,Public,1156,1348,4249045,2206,4249045,1494,1760,7121601,2990,7121601,158,237,2023249,357,2023249,66,72,655768,123,655768,8,9,57797,9,57797
00233700,BETHANY LUTHERAN COLLEGE,MN,560016163,Private-Nonprofit,270,270,1093065,497,1093065,323,326,1126688,575,1126688,26,26,337008,57,337008,26,26,347688,48,347688,-,-, -,-, -
00233900,CENTRAL LAKES COLLEGE,MN,564013900,Public,535,653,1732409,950,1732409,580,734,2099305,1098,2099305,-,-, -,-, -,6,6,41750,8,41750,-,-, -,-, -
00234000,CARLETON COLLEGE,MN,550574001,Private-Nonprofit,300,314,1055737,890,1055737,424,475,1621140,1369,1621140,-,-, -,-, -,56,60,1166644,179,1166644,-,-, -,-, -
00234100,COLLEGE OF SAINT BENEDICT,MN,563742099,Private-Nonprofit,623,631,2715938,1208,2715938,806,830,2940737,1588,2940737,31,33,598012,87,598012,69,79,1187767,132,1187767,1,2,3346,2,3346
00234200,ST. CATHERINE UNIVERSITY,MN,551051789,Private-Nonprofit,1358,1504,5303852,2586,5303852,1368,1457,6292587,2517,6292587,751,883,12739267,1458,12739267,99,119,1803164,195,1803164,292,401,6319949,676,6319949
00234300,COLLEGE OF ST. SCHOLASTICA,MN,558114199,Private-Nonprofit,749,809,3063783,1462,3063783,894,965,3947566,1740,3947566,758,1296,14180298,1624,14180298,53,67,733921,100,733921,287,637,5079065,688,5079065
00234500,UNIVERSITY OF SAINT THOMAS,MN,551051096,Private-Nonprofit,1995,2171,8325057,3994,8325057,2416,2562,8992924,4798,8992924,1250,1402,19999538,2453,19999538,312,364,6267968,608,6267968,467,596,9743716,1057,9743716
00234600,CONCORDIA COLLEGE - MOORHEAD,MN,565620001,Private-Nonprofit,586,602,2430757,1118,2430757,894,932,3691758,1742,3691758,39,52,417797,69,417797,65,74,923098,123,923098,-,-, -,-, -
00234700,CONCORDIA UNIVERSITY - SAINT PAUL,MN,551045494,Private-Nonprofit,1521,1600,5634261,2959,5634261,1711,1801,8065820,3430,8065820,1222,1264,15906422,2977,15906422,114,132,1940083,233,1940083,114,130,2810252,280,2810252
00235300,GUSTAVUS ADOLPHUS COLLEGE,MN,560821498,Private-Nonprofit,721,724,3122187,1387,3122187,993,1008,3626396,1932,3626396,1,1,16572,1,16572,103,119,1866594,198,1866594,-,-, -,-, -
00235400,HAMLINE UNIVERSITY,MN,551041284,Private-Nonprofit,881,1021,3738757,1765,3738757,914,1029,3158941,1851,3158941,383,475,5094785,829,5094785,155,191,2543665,322,2543665,36,43,563791,69,563791
00235500,MINNESOTA NORTH COLLEGE,MN,557463300,Public,698,793,2120971,1447,2120971,855,1085,3174240,1986,3174240,-,-, -,-, -,50,59,319241,114,319241,-,-, -,-, -
00235700,LUTHER SEMINARY,MN,551081496,Private-Nonprofit,-,-, -,-, -,-,-, -,-, -,20,25,300316,49,300316,-,-, -,-, -,-,-, -,-, -
00235800,MACALESTER COLLEGE,MN,551051899,Private-Nonprofit,446,742,1901926,856,1901926,560,966,2286954,1096,2286954,-,-, -,-, -,58,63,1925678,114,1925678,-,-, -,-, -
00236000,"MINNESOTA STATE UNIVERSITY, MANKATO",MN,560016068,Public,3448,4108,13245935,6686,13245935,4922,5612,20725619,9785,20725619,740,1091,10272114,1541,10272114,440,540,5616377,848,5616377,67,81,612026,104,612026
00236100,MARTIN LUTHER COLLEGE,MN,560733965,Private-Nonprofit,180,180,704709,309,704709,185,185,657644,336,657644,1,1,3150,2,3150,7,7,67971,12,67971,-,-, -,-, -
00236200,MINNEAPOLIS COMMUNITY AND TECHNICAL COLLEGE,MN,554031779,Public,1453,1715,4492044,2992,4492044,1417,1798,5825450,3133,5825450,-,-, -,-, -,6,7,83299,13,83299,-,-, -,-, -
00236500,MINNEAPOLIS COLLEGE OF ART & DESIGN,MN,554044343,Private-Nonprofit,484,556,2059348,957,2059348,491,529,1527683,953,1527683,62,73,1036736,132,1036736,112,122,2264972,199,2264972,6,8,79964,12,79964
00236700,MINNESOTA STATE UNIVERSITY MOORHEAD,MN,565630001,Public,1178,1359,4448889,2296,4448889,1581,1834,7043105,3175,7043105,433,676,5583104,960,5583104,52,69,493300,103,493300,4,6,25572,9,25572
00236900,NORTH CENTRAL UNIVERSITY,MN,554041391,Private-Nonprofit,429,450,1688693,793,1688693,440,472,1512922,839,1512922,61,63,859112,141,859112,60,73,990601,123,990601,-,-, -,-, -
00237000,NORTH HENNEPIN COMMUNITY COLLEGE,MN,554452299,Public,837,927,2593186,1376,2593186,797,931,3236769,1371,3236769,-,-, -,-, -,3,3,15358,4,15358,-,-, -,-, -
00237100,UNIVERSITY OF NORTHWESTERN- ST PAUL,MN,551131598,Private-Nonprofit,728,777,3137550,1370,3137550,788,843,2792158,1505,2792158,36,45,390791,70,390791,74,86,1477742,142,1477742,-,-, -,-, -
00237300,ROCHESTER COMMUNITY AND TECHNICAL COLLEGE,MN,559044999,Public,939,1112,3025329,2052,3025329,972,1129,3838842,2081,3838842,-,-, -,-, -,8,8,35168,12,35168,-,-, -,-, -
00237500,SOUTHWEST MINNESOTA STATE UNIVERSITY,MN,562581598,Public,962,1156,3583235,1784,3583235,1056,1239,4591506,2006,4591506,234,342,2768037,522,2768037,42,51,402071,83,402071,-,-, -,-, -
00237700,ST. CLOUD STATE UNIVERSITY,MN,563014498,Public,1538,1860,5774698,2832,5774698,1829,2184,8034964,3554,8034964,694,1061,10082878,1479,10082878,92,101,897665,162,897665,44,48,428099,60,428099
00237900,SAINT JOHN'S UNIVERSITY,MN,563212000,Private-Nonprofit,545,553,2359568,1055,2359568,732,743,2792225,1427,2792225,8,8,113148,16,113148,67,75,1067451,124,1067451,-,-, -,-, -
00238000,SAINT MARY'S UNIVERSITY OF MINNESOTA,MN,559871399,Private-Nonprofit,368,368,1449925,687,1448091,484,494,2029756,942,2027422,1567,1587,23820190,3615,23789439,51,57,719592,98,719592,248,273,7035832,670,7024635
00238200,SAINT OLAF COLLEGE,MN,550571098,Private-Nonprofit,902,916,3885894,1758,3885894,1088,1104,4008718,2130,4008718,-,-, -,-, -,116,125,2055372,226,2055372,-,-, -,-, -
00238300,CROWN COLLEGE,MN,553759001,Private-Nonprofit,478,506,1915738,946,1915738,489,519,1751973,959,1751973,191,201,2933283,429,2933283,48,54,797351,88,797351,1,1,10168,2,10168
00238500,NORTHLAND COMMUNITY AND TECHNICAL COLLEGE,MN,567012598,Public,549,591,1852296,1085,1852296,570,645,2321276,1174,2321276,-,-, -,-, -,6,6,63620,11,63620,-,-, -,-, -
00238600,UNITED THEOLOGICAL SEMINARY OF THE TWIN CITIES,MN,551141039,Private-Nonprofit,-,-, -,-, -,1,1,8000,2,8000,119,119,1429030,255,1429030,-,-, -,-, -,23,24,470143,50,470143
00238800,UNIVERSITY OF MINNESOTA  DULUTH,MN,558122496,Public,2269,2501,8430401,4465,8430401,3373,3550,14528129,6548,14528129,411,624,11421506,921,11421506,307,354,4175513,609,4175513,183,225,2059835,360,2059835
00238900,UNIVERSITY OF MINNESOTA MORRIS,MN,562672113,Public,196,212,622234,381,622234,342,360,1495799,671,1495799,-,-, -,-, -,27,32,263960,57,263960,-,-, -,-, -
00239100,MITCHELL HAMLINE SCHOOL OF LAW,MN,551053076,Private-Nonprofit,-,-, -,-, -,-,-, -,-, -,723,1003,17027243,2101,17006744,-,-, -,-, -,686,1398,19956929,2030,19956929
00239300,MINNESOTA STATE COLLEGE SOUTHEAST,MN,559870409,Public,450,485,1622621,855,1440855,463,497,2224589,882,1947752,-,-, -,-, -,5,5,50000,10,50000,-,-, -,-, -
00239400,WINONA STATE UNIVERSITY,MN,559875838,Public,1715,1955,6540627,3285,6540627,2342,2609,9951679,4590,9951679,429,603,6395710,904,6395710,232,261,2481112,457,2481112,49,63,481773,79,481773
00239600,ALCORN STATE UNIVERSITY,MS,390967500,Public,1610,1799,6573268,3417,6573268,1559,1718,5747446,3265,5747446,348,388,5590846,726,5590846,422,521,4096688,1012,4096688,129,188,2098545,371,2098545
00239700,BELHAVEN UNIVERSITY,MS,392021789,Private-Nonprofit,986,1010,3986650,1932,3713792,1049,1116,4599933,2158,4184085,1645,1732,23307229,3673,19977946,171,192,2244625,352,2208871,126,140,1475413,310,1336360
00239800,BLUE MOUNTAIN CHRISTIAN UNIVERSITY,MS,386109370,Private-Nonprofit,218,218,917367,428,917367,240,249,915021,480,915021,15,15,152948,41,152948,33,33,371786,63,371786,-,-, -,-, -
00240200,COPIAH-LINCOLN COMMUNITY COLLEGE,MS,391910649,Public,225,258,565882,495,565882,226,266,579895,513,579895,-,-, -,-, -,7,7,33135,13,33135,-,-, -,-, -
00240300,DELTA STATE UNIVERSITY,MS,387330000,Public,813,854,3235456,1475,3235456,870,918,3439805,1610,3439805,614,768,8579054,1164,8579054,164,178,1758066,325,1758066,85,101,730822,149,730822
00240400,EAST CENTRAL COMMUNITY COLLEGE,MS,393270129,Public,144,165,407368,321,407368,126,142,342806,273,342806,-,-, -,-, -,1,1,4260,2,4260,-,-, -,-, -
00240500,EAST MISSISSIPPI COMMUNITY COLLEGE,MS,393580000,Public,588,665,1716550,1260,1716550,474,548,1400198,1035,1400198,-,-, -,-, -,21,24,115596,48,115596,-,-, -,-, -
00240700,HINDS COMMUNITY COLLEGE,MS,391549799,Public,2702,3367,8213616,8628,7299212,2277,3339,7472505,8238,6614429,-,-, -,-, -,22,25,90216,82,87078,-,-, -,-, -
00240800,HOLMES COMMUNITY COLLEGE,MS,390790000,Public,637,736,1772209,1924,1772209,659,765,2058048,2016,2058048,-,-, -,-, -,-,-, -,-, -,-,-, -,-, -
00240900,ITAWAMBA COMMUNITY COLLEGE,MS,388431099,Public,462,462,1503165,843,1503165,444,444,1675897,811,1675897,-,-, -,-, -,9,9,25253,18,25253,-,-, -,-, -
00241000,JACKSON STATE UNIVERSITY,MS,392170001,Public,3547,3760,13847099,6943,13847099,3587,3925,13828489,7242,13828489,1281,1428,20030247,2578,20030247,661,773,8602283,1501,8602283,325,398,4354399,765,4354399
00241100,JONES COUNTY JUNIOR COLLEGE,MS,394373999,Public,340,396,931526,762,931526,327,375,923964,718,923964,-,-, -,-, -,14,15,55520,30,55520,-,-, -,-, -
00241300,MERIDIAN COMMUNITY COLLEGE,MS,393075890,Public,298,335,741100,634,741100,315,359,951409,685,951409,-,-, -,-, -,6,7,18784,13,18784,-,-, -,-, -
00241400,MILLSAPS COLLEGE,MS,392100001,Private-Nonprofit,281,283,1166397,512,1166397,331,331,1046135,615,1046135,23,27,331884,39,331884,141,151,2546748,260,2546748,4,4,13013,5,13013
00241500,MISSISSIPPI COLLEGE,MS,390580001,Private-Nonprofit,734,774,2971613,1405,2969779,856,925,3221397,1678,3219063,742,912,15017621,1878,14859290,139,161,1890218,274,1890218,379,468,14080241,1053,14018887
00241700,MISSISSIPPI GULF COAST COMMUNITY COLLEGE,MS,395730000,Public,1537,1542,4672623,2598,4672623,1420,1427,5246538,2404,5246538,-,-, -,-, -,24,25,155583,48,155583,-,-, -,-, -
00242200,MISSISSIPPI UNIVERSITY FOR WOMEN,MS,397015818,Public,744,781,3023436,1384,3023436,772,836,3636506,1498,3636506,120,144,1795491,241,1795491,76,86,674470,145,674470,6,11,90563,14,90563
00242300,MISSISSIPPI STATE UNIVERSITY,MS,397629698,Public,5640,6058,23281763,10354,23280013,6528,6994,25152460,12203,25151460,1598,1919,32724479,3008,32724479,1386,1638,24227018,2789,24227018,475,643,9514311,938,9514311
00242400,MISSISSIPPI VALLEY STATE UNIVERSITY,MS,389411400,Public,914,1029,3270893,1888,3270893,919,1036,2952547,1895,2952547,157,171,2391285,308,2391285,116,134,781371,255,781371,10,10,98342,19,98342
00242600,NORTHEAST MISSISSIPPI COMMUNITY COLLEGE,MS,388291731,Public,440,462,1402301,834,1402301,379,388,1352656,700,1352656,-,-, -,-, -,-,-, -,-, -,-,-, -,-, -
00242700,NORTHWEST MISSISSIPPI COMMUNITY COLLEGE,MS,386681703,Public,1118,1119,3498347,2045,3498347,993,995,3550392,1840,3550392,-,-, -,-, -,17,18,111482,32,111482,-,-, -,-, -
00243000,PEARL RIVER COMMUNITY COLLEGE,MS,394702201,Public,1716,1813,5644669,3226,5644669,1522,1590,5872430,2805,5872430,-,-, -,-, -,28,30,200962,58,200962,-,-, -,-, -
00243300,RUST COLLEGE,MS,386352328,Private-Nonprofit,275,276,1044486,503,1044486,266,276,859336,500,859336,-,-, -,-, -,29,29,308789,56,308789,-,-, -,-, -
00243900,TOUGALOO COLLEGE,MS,391749799,Private-Nonprofit,378,382,1520745,679,1520745,365,399,1375151,704,1375151,16,17,251816,27,251816,82,84,785113,152,785113,1,1,5000,1,5000
00244000,UNIVERSITY OF MISSISSIPPI,MS,386771848,Public,4465,4803,18656756,8684,18656756,5681,6061,22042735,11257,22042735,2240,2656,56661069,5340,56633733,1886,2186,47925542,3894,47908527,956,1198,20895395,2270,20880768
00244100,UNIVERSITY OF SOUTHERN MISSISSIPPI,MS,394060001,Public,4330,4666,16356687,7698,16356687,4364,4830,17526859,8071,17526859,1459,1832,21972581,2864,21972581,761,896,8673656,1445,8673656,295,419,4374169,565,4374169
00244700,WILLIAM CAREY UNIVERSITY,MS,394015499,Private-Nonprofit,1027,1390,4219956,3321,4135851,1022,1378,4790202,3297,4670180,1727,2644,48913314,6286,48376704,55,76,987990,210,973693,832,1194,34422639,2897,34182469
00244900,AVILA UNIVERSITY,MO,641451698,Private-Nonprofit,712,735,2848850,1592,2848850,719,771,2591186,1672,2591186,254,319,3507194,909,3507194,84,91,991880,152,991880,12,13,114276,50,114276
00245000,CALVARY UNIVERSITY,MO,641471341,Private-Nonprofit,46,51,174722,96,174722,35,36,123815,72,123815,9,9,131002,23,131002,4,4,38901,10,38901,4,4,54736,8,54736
00245300,CENTRAL METHODIST UNIVERSITY,MO,652481198,Private-Nonprofit,1259,1362,4763694,3843,4763694,1304,1456,5222251,3917,5222251,171,221,2082652,381,2082652,114,139,1492749,243,1492749,2,2,20672,3,20672
00245400,UNIVERSITY OF CENTRAL MISSOURI,MO,640935001,Public,1761,1931,6874082,3317,6874082,2142,2455,8977327,4324,8977327,710,977,9405714,1481,9405714,272,308,2853877,534,2853877,15,15,119514,21,119514
00245600,COLUMBIA COLLEGE,MO,652164581,Private-Nonprofit,2655,3031,8974388,5972,8974388,2465,2984,10789262,5889,10789262,248,289,3256895,611,3256895,46,52,480667,100,480667,12,16,181376,36,181376
00245700,CONCORDIA SEMINARY,MO,631053199,Private-Nonprofit,-,-, -,-, -,-,-, -,-, -,27,37,251611,40,251611,-,-, -,-, -,1,1,5000,1,5000
00245800,COTTEY COLLEGE,MO,647722790,Private-Nonprofit,109,109,437251,210,437251,134,134,518532,255,518532,-,-, -,-, -,18,18,173913,34,173913,-,-, -,-, -
00245900,CROWDER COLLEGE,MO,648509165,Public,402,433,1299474,815,1299474,320,354,1090210,660,1090210,-,-, -,-, -,-,-, -,-, -,-,-, -,-, -
00246000,CULVER-STOCKTON COLLEGE,MO,634351299,Private-Nonprofit,520,578,2086280,2010,2086280,635,752,2340651,2660,2340651,116,141,1687884,517,1687884,148,167,1974374,553,1974374,-,-, -,-, -
00246100,DRURY UNIVERSITY,MO,658023791,Private-Nonprofit,878,891,3379359,1568,3379359,937,958,3757242,1702,3757242,117,144,1250926,228,1250926,93,100,1510052,172,1510052,23,60,910576,79,910576
00246200,EDEN THEOLOGICAL SEMINARY,MO,631193192,Private-Nonprofit,-,-, -,-, -,-,-, -,-, -,44,44,625043,75,625043,-,-, -,-, -,3,3,40668,4,40668
00246300,EVANGEL UNIVERSITY,MO,658022125,Private-Nonprofit,778,824,3104014,1505,3104014,856,910,3188373,1656,3188373,257,300,2992612,536,2992612,125,134,1436069,232,1436069,4,5,57460,7,57460
00246400,FONTBONNE UNIVERSITY,MO,631053098,Private-Nonprofit,118,118,472615,227,448947,114,114,334119,197,311286,70,74,1177454,168,1162789,78,95,1297661,158,1297661,9,12,136654,24,136654
00246600,HARRIS - STOWE STATE UNIVERSITY,MO,631032199,Public,626,725,2341072,1382,2341072,524,680,1732199,1303,1732199,-,-, -,-, -,60,71,427127,138,427127,-,-, -,-, -
00246700,CONCEPTION SEMINARY COLLEGE,MO,644330502,Private-Nonprofit,-,-, -,-, -,1,1,5053,2,5053,-,-, -,-, -,-,-, -,-, -,-,-, -,-, -
00246800,JEFFERSON COLLEGE,MO,630502441,Public,272,312,825525,577,825525,261,330,878369,616,878369,-,-, -,-, -,9,12,84450,22,84450,-,-, -,-, -
00247100,SAINT LOUIS COMMUNITY COLLEGE,MO,630442551,Public,665,685,1691185,1212,1691185,516,537,1249821,974,1249821,-,-, -,-, -,12,12,92109,23,92109,-,-, -,-, -
00247300,KANSAS CITY ART INSTITUTE,MO,641111874,Private-Nonprofit,453,455,1861777,866,1861777,524,552,1751551,1050,1751551,-,-, -,-, -,147,153,2491469,281,2491469,-,-, -,-, -
00247400,KANSAS CITY UNIVERSITY,MO,641062311,Private-Nonprofit,-,-, -,-, -,-,-, -,-, -,1596,1712,66907945,3388,66907945,-,-, -,-, -,1397,1967,61477100,3490,61457254
00247700,A. T. STILL UNIVERSITY OF HEALTH SCIENCES,MO,635011497,Private-Nonprofit,-,-, -,-, -,-,-, -,-, -,2405,2778,78898421,5120,78898421,-,-, -,-, -,2014,2980,112639400,5373,112639400
00247900,LINCOLN UNIVERSITY,MO,651013500,Public,723,784,2632318,1453,2632318,708,855,2530822,1587,2530822,30,34,377630,62,377630,138,172,1177237,333,1177237,-,-, -,-, -
00248000,LINDENWOOD UNIVERSITY,MO,633011695,Private-Nonprofit,2108,2123,7904182,3723,7904182,2620,2670,10827985,4808,10827985,1157,1193,16508945,2381,16508945,418,458,6344949,811,6344949,105,122,1800786,224,1800786
00248200,MARYVILLE UNIVERSITY OF SAINT LOUIS,MO,631417299,Private-Nonprofit,3070,3197,10916393,6116,10916393,3254,3471,14310535,6654,14310535,3199,3426,46831641,6621,46831641,471,500,6931804,962,6931804,1424,1621,21239312,3180,21239312
00248400,METROPOLITAN COMMUNITY COLLEGE,MO,641112408,Public,563,595,1865546,1093,1865546,550,579,2291593,1059,2291593,-,-, -,-, -,5,7,36499,14,36499,-,-, -,-, -
00248500,MIDWESTERN BAPTIST THEOLOGICAL SEMINARY,MO,641184697,Private-Nonprofit,258,258,981500,444,981500,232,232,992451,388,992451,273,273,3552682,450,3552682,13,13,157767,24,157767,10,11,113888,15,113888
00248600,MINERAL AREA COLLEGE,MO,636011000,Public,264,277,855209,536,855209,237,284,826732,547,826732,-,-, -,-, -,10,14,78416,26,78416,-,-, -,-, -
00248800,MISSOURI SOUTHERN STATE UNIVERSITY,MO,648011595,Public,1077,1184,3634318,1796,3634318,1127,1342,4784789,2126,4784789,74,89,831129,132,831129,39,46,305149,71,305149,1,1,3000,1,3000
00248900,MISSOURI VALLEY COLLEGE,MO,653403197,Private-Nonprofit,594,594,2042044,1016,2042044,642,642,2120139,1088,2120139,32,34,543901,80,543901,156,156,1477316,278,1477316,1,1,10000,3,10000
00249000,MISSOURI WESTERN STATE UNIVERSITY,MO,645072294,Public,835,900,2983141,1475,2983141,911,1062,3751299,1770,3751299,85,95,1130240,146,1130240,117,135,979005,208,979005,2,5,30760,7,30760
00249100,MOBERLY AREA COMMUNITY COLLEGE,MO,652701304,Public,358,412,1140751,736,1140751,416,503,1588760,897,1588760,-,-, -,-, -,48,59,523525,109,523525,-,-, -,-, -
00249400,NAZARENE THEOLOGICAL SEMINARY,MO,641311246,Private-Nonprofit,-,-, -,-, -,-,-, -,-, -,45,45,505710,100,505710,-,-, -,-, -,-,-, -,-, -
00249500,TRUMAN STATE UNIVERSITY,MO,635014221,Public,601,649,2314840,1149,2314840,761,820,3019726,1491,3019726,159,244,2069332,339,2069332,84,89,805278,157,805278,3,3,24608,4,24608
00249600,NORTHWEST MISSOURI STATE UNIVERSITY,MO,644686001,Public,1873,2064,7214381,3533,7214381,2136,2385,8244339,4179,8244339,1390,1624,15243871,3066,15243871,730,838,9214651,1460,9214651,-,-, -,-, -
00249800,PARK UNIVERSITY,MO,641523795,Private-Nonprofit,1771,1968,6325406,4640,6325406,1735,1979,7177889,4671,7177889,529,612,6881909,1734,6881909,87,95,1164598,196,1164598,21,24,213212,81,213212
00249900,ROCKHURST UNIVERSITY,MO,641102561,Private-Nonprofit,695,715,2901751,1275,2901751,779,819,3148368,1435,3148368,725,856,11252161,1235,11252161,112,134,1929731,219,1929731,194,346,3973050,405,3973050
00250100,SOUTHEAST MISSOURI STATE UNIVERSITY,MO,637014799,Public,2221,2397,8640462,4238,8640462,2423,2670,9811693,4753,9811693,345,441,4331777,761,4331777,590,691,7079578,1189,7079578,3,3,37144,5,37144
00250200,SOUTHWEST BAPTIST UNIVERSITY,MO,656132597,Private-Nonprofit,704,719,2598529,1248,2598529,792,817,3049157,1409,3049157,296,308,4826286,696,4826286,65,71,745378,115,745378,141,169,3635682,340,3635682
00250300,MISSOURI STATE UNIVERSITY,MO,658970094,Public,4368,4770,17280441,8132,17280441,5050,5393,20859092,9428,20859092,1377,1739,19387202,2658,19387202,546,614,6356729,1040,6356729,170,265,2868587,353,2868587
00250400,UNIVERSITY OF HEALTH SCIENCES AND PHARMACY IN ST. LOUIS,MO,631101088,Private-Nonprofit,152,158,624640,304,624640,173,184,549996,344,549996,187,242,7966111,638,7966111,64,75,1489624,132,1489624,132,208,3928856,388,3928856
00250600,SAINT LOUIS UNIVERSITY,MO,631032097,Private-Nonprofit,2543,2609,10581836,4685,10309748,3013,3140,11341887,5690,11034861,1627,1822,34895309,3182,34455938,618,760,13492681,1252,13127483,888,1353,25828419,2084,25759687
00250900,SAINT PAUL SCHOOL OF THEOLOGY,KS,662243588,Private-Nonprofit,-,-, -,-, -,-,-, -,-, -,17,17,149197,28,149197,-,-, -,-, -,-,-, -,-, -
00251200,STEPHENS COLLEGE,MO,652150001,Private-Nonprofit,186,242,896531,428,896531,203,263,845547,472,845547,121,148,2709670,269,2709670,47,72,832907,100,832907,56,110,1543627,139,1543627
00251400,NORTH CENTRAL MISSOURI COLLEGE,MO,646831824,Public,322,374,1042480,706,1042480,293,354,1082591,673,1082591,-,-, -,-, -,7,8,39150,15,39150,-,-, -,-, -
00251600,UNIVERSITY OF MISSOURI - COLUMBIA,MO,652111600,Public,5995,7083,25121929,12598,25121929,7426,8006,28039620,14690,28039620,2515,3591,55061646,5450,55061646,2418,2819,48494008,4916,48494008,878,1289,14776827,1920,14776827
00251700,MISSOURI UNIVERSITY OF SCIENCE AND TECHNOLOGY,MO,654090250,Public,1491,1645,5946455,2923,5946455,1964,2169,7737357,3932,7737357,110,122,1511670,191,1511670,452,501,6969863,870,6969863,10,15,170207,22,170207
00251800,UNIVERSITY OF MISSOURI - KANSAS CITY,MO,641102497,Public,2009,2208,7897454,3718,7897454,2043,2238,8435593,3802,8435593,2239,2976,55826268,4807,55826268,299,348,4839857,582,4839857,1250,2072,24434740,3083,24434740
00251900,UNIVERSITY OF MISSOURI - SAINT LOUIS,MO,631214499,Public,2237,2540,9324136,4066,9324136,2133,2337,9808216,3775,9808216,1152,1511,20825450,2314,20825450,141,169,1915083,276,1915083,280,382,4655856,524,4655856
00252000,WASHINGTON UNIVERSITY IN ST. LOUIS,MO,631304899,Private-Nonprofit,862,870,3769287,1636,3769287,813,842,2561266,1586,2561266,1448,1600,28382199,3127,28382199,118,145,4092820,261,4092820,851,1043,22966832,2023,22966832
00252100,WEBSTER UNIVERSITY,MO,631193194,Private-Nonprofit,875,925,3621417,1617,3570360,938,1023,3436697,1797,3359843,1109,2098,16563739,2132,16563739,132,145,2305919,247,2240719,287,638,7142605,645,7142605
00252300,WESTMINSTER COLLEGE,MO,652511299,Private-Nonprofit,309,313,1299080,606,1299080,354,384,1233302,714,1233302,-,-, -,-, -,92,96,1485302,188,1485302,-,-, -,-, -
00252400,WILLIAM JEWELL COLLEGE,MO,640681896,Private-Nonprofit,275,286,1132190,524,1132190,376,390,1583950,731,1583950,12,13,189110,20,189110,68,76,1001035,130,1001035,-,-, -,-, -
00252500,WILLIAM WOODS UNIVERSITY,MO,652512388,Private-Nonprofit,566,566,1998245,1029,1998245,620,622,2284546,1159,2284546,384,384,3689630,809,3689630,86,87,1284879,161,1284879,4,4,26126,7,26126
00252600,CARROLL COLLEGE,MT,596250002,Private-Nonprofit,320,347,1315106,623,1315106,431,473,1797339,862,1797339,29,30,545930,55,545930,104,120,1819442,202,1819442,9,10,115107,19,115107
00252700,UNIVERSITY OF PROVIDENCE,MT,594054996,Private-Nonprofit,232,239,901699,412,901699,266,286,1174143,485,1174143,62,72,976077,141,976077,30,35,420898,61,420898,8,11,172079,18,172079
00252800,MILES COMMUNITY COLLEGE,MT,593014799,Public,144,144,439215,268,439215,158,158,637796,288,637796,-,-, -,-, -,9,9,95655,17,95655,-,-, -,-, -
00252900,DAWSON COMMUNITY COLLEGE,MT,593301405,Public,53,53,163422,98,163422,69,70,259142,130,259142,-,-, -,-, -,8,8,72419,14,72419,-,-, -,-, -
00253000,MONTANA STATE UNIVERSITY - BILLINGS,MT,591010298,Public,994,1044,3422058,1664,3422058,949,988,4155506,1598,4155506,151,170,2052931,268,2052931,48,54,527850,91,527850,16,17,73251,25,73251
00253100,MONTANA TECHNOLOGICAL UNIVERSITY,MT,597018997,Public,481,490,1701288,839,1701288,624,634,2542242,1112,2542242,29,33,420817,55,420817,95,100,1199401,173,1199401,1,1,16991,3,16991
00253200,MONTANA STATE UNIVERSITY BOZEMAN,MT,597174160,Public,3259,3357,12410912,5868,12410912,4259,4401,17087562,7789,17087562,368,412,5222558,666,5222558,1007,1094,24493287,1875,24493287,85,96,880542,162,880542
00253300,MONTANA STATE UNIVERSITY - NORTHERN,MT,595013148,Public,213,222,717558,381,717558,237,260,971751,449,971751,16,19,147701,36,147701,47,47,340556,84,340556,-,-, -,-, -
00253400,ROCKY MOUNTAIN COLLEGE,MT,591021796,Private-Nonprofit,338,372,1391844,630,1391844,374,398,1292798,697,1292798,203,206,4123086,470,4123086,76,121,1245041,144,1245041,177,227,6224106,411,6224106
00253600,UNIVERSITY OF MONTANA (THE),MT,598120001,Public,2453,2627,9327584,4447,9327584,2771,2968,11773451,5120,11773451,990,1202,18172030,2154,18172030,368,416,6506507,734,6506507,517,730,11473003,1270,11473003
00253700,UNIVERSITY OF MONTANA WESTERN (THE),MT,597253598,Public,380,409,1487962,749,1487962,367,413,1433382,764,1433382,7,8,84247,15,84247,107,112,1274356,206,1274356,-,-, -,-, -
00253900,CHADRON STATE COLLEGE,NE,693372690,Public,604,736,2143905,1160,2143905,660,836,2936123,1352,2936123,194,299,2115760,393,2115760,99,114,916816,198,916816,-,-, -,-, -
00254000,COLLEGE OF SAINT MARY,NE,681062606,Private-Nonprofit,191,204,717981,340,717981,208,230,806184,393,806184,172,191,3470252,434,3470252,26,26,380097,45,380097,123,143,4260733,348,4260733
00254100,CONCORDIA UNIVERSITY,NE,684341594,Private-Nonprofit,563,563,2237656,1031,2237656,708,709,2436451,1310,2436451,259,259,2447978,547,2447978,151,152,2038972,276,2038972,1,1,9570,2,9570
00254200,CREIGHTON UNIVERSITY,NE,681780315,Private-Nonprofit,1105,1157,5070297,2202,5070297,1582,1641,7050498,3154,7050498,1934,2572,75385768,5709,75106462,290,334,6839350,598,6839350,1480,1954,88495960,4337,88379360
00254400,DOANE UNIVERSITY,NE,683332421,Private-Nonprofit,479,484,1918001,988,1918001,612,624,2281710,1233,2281710,248,266,2493243,568,2493243,137,141,2287715,253,2287715,2,2,18218,4,18218
00254800,HASTINGS COLLEGE,NE,689017621,Private-Nonprofit,457,463,1875180,866,1875180,548,580,1843086,1078,1843086,7,9,101700,15,101700,161,169,2698457,295,2698457,-,-, -,-, -
00255100,UNIVERSITY OF NEBRASKA - KEARNEY,NE,688490001,Public,1296,1499,4920468,2424,4920468,1337,1555,5625108,2616,5625108,535,683,6297563,992,6297563,131,142,1524976,243,1524976,8,11,101455,13,101455
00255300,MIDLAND UNIVERSITY,NE,680254254,Private-Nonprofit,570,600,2313256,1093,2313256,726,759,2697741,1408,2697741,84,90,1031429,154,1031429,177,188,2821623,339,2821623,3,3,55648,6,55648
00255400,UNIVERSITY OF NEBRASKA AT OMAHA,NE,681820001,Public,2341,2599,8717545,4198,8717545,2620,2898,11888844,4894,11888844,768,1010,10384620,1515,10384620,612,742,6618159,1155,6618159,93,99,763738,109,763738
00255500,NEBRASKA WESLEYAN UNIVERSITY,NE,685042796,Private-Nonprofit,648,725,2805395,1261,2805395,756,797,2727455,1432,2727455,93,125,1740218,261,1740218,172,203,2669859,333,2669859,-,-, -,-, -
00255700,MID-PLAINS COMMUNITY COLLEGE,NE,691019420,Public,183,189,601166,353,601166,192,216,786521,390,786521,-,-, -,-, -,4,4,18150,8,18150,-,-, -,-, -
00255900,PERU STATE COLLEGE,NE,684210010,Public,488,540,1800883,913,1800883,567,657,2481523,1145,2481523,80,112,770386,182,770386,109,116,835961,204,835961,-,-, -,-, -
00256000,WESTERN NEBRASKA COMMUNITY COLLEGE,NE,693611815,Public,101,101,324855,188,324855,88,88,275591,171,275591,-,-, -,-, -,6,6,47855,11,47855,-,-, -,-, -
00256300,UNION ADVENTIST UNIVERSITY,NE,685064387,Private-Nonprofit,232,268,1014729,466,1014729,254,291,1069979,520,1069979,66,66,1333891,175,1333891,25,27,388385,47,388385,62,111,2310302,173,2310302
00256500,UNIVERSITY OF NEBRASKA,NE,685880419,Public,4329,5350,17797003,9186,17797003,5639,6441,22897625,11214,22897625,785,973,11751794,1651,11751794,1889,2196,31506868,3800,31506868,278,348,3356820,600,3356820
00256600,WAYNE STATE COLLEGE,NE,687871172,Public,886,994,3179804,1747,3179804,1096,1212,4313461,2153,4313461,212,280,2395547,395,2395547,302,337,2772819,572,2772819,-,-, -,-, -
00256700,YORK UNIVERSITY,NE,684672699,Private-Nonprofit,211,215,865546,400,865546,263,291,953059,547,953059,38,40,343921,128,343921,57,62,676090,113,676090,-,-, -,-, -
00256800,"UNIVERSITY OF NEVADA , RENO",NV,895570002,Public,3272,3513,13022131,5996,13022131,3537,3824,14307118,6704,14307118,1174,1697,25671355,2606,25671355,689,791,12781504,1361,12781504,223,374,5244104,551,5244104
00256900,UNIVERSITY OF NEVADA - LAS VEGAS,NV,891541001,Public,5699,6148,22992056,10198,22850469,5246,5725,22983705,9579,22827479,2295,2567,51481790,4690,51186688,708,882,13256719,1481,13202637,1124,1572,34120758,2784,34044422
00257200,COLBY-SAWYER COLLEGE,NH,032574648,Private-Nonprofit,409,412,1717988,762,1717988,540,558,2117714,1029,2117714,42,44,650130,83,650130,93,97,1464075,170,1464075,5,5,72184,11,72184
00257300,DARTMOUTH COLLEGE,NH,037553529,Private-Nonprofit,305,371,1134522,794,1134522,495,627,2353846,1446,2353846,418,498,14840189,1349,14840189,141,179,5602825,389,5602825,225,272,9354969,709,9354969
00257500,FRANKLIN PIERCE UNIVERSITY,NH,034610060,Private-Nonprofit,507,528,2144281,1080,2134139,714,765,2645734,1511,2638365,505,518,9401413,1637,9389455,189,210,3370854,368,3370854,436,503,22537010,1580,22537010
00257900,NEW ENGLAND COLLEGE,NH,032423293,Private-Nonprofit,677,681,2505287,1536,2505287,784,793,2795578,1771,2795578,300,301,3923257,927,3923257,176,182,3306040,349,3306040,19,21,168275,68,168275
00258000,SOUTHERN NEW HAMPSHIRE UNIVERSITY,NH,031061045,Private-Nonprofit,70426,88230,245105784,283756,244203676,64111,77292,264257596,265668,263416857,20654,29714,251852199,63841,251465159,352,394,5480999,927,5476666,967,1292,12130602,2947,12107383
00258100,NHTI - CONCORD'S COMMUNITY COLLEGE,NH,033017412,Public,758,862,2644127,1631,2641793,791,908,3373351,1715,3356341,-,-, -,-, -,31,39,264238,74,264238,-,-, -,-, -
00258200,MANCHESTER COMMUNITY COLLEGE,NH,031028518,Public,443,493,1412948,897,1411448,452,504,2002556,926,2002556,-,-, -,-, -,12,12,162170,24,162170,-,-, -,-, -
00258300,GREAT BAY COMMUNITY COLLEGE,NH,038012807,Public,302,331,983368,601,983368,275,300,1167214,547,1167214,-,-, -,-, -,3,3,28800,6,28800,-,-, -,-, -
00258600,RIVIER UNIVERSITY,NH,030605086,Private-Nonprofit,691,776,2921041,1446,2921041,843,971,3614752,1829,3614752,279,344,4996209,635,4996209,154,177,3165317,306,3165317,23,33,504708,57,504708
00258700,SAINT ANSELM COLLEGE,NH,031021310,Private-Nonprofit,870,870,3693596,1688,3693596,1376,1390,5550999,2700,5550999,16,16,313263,44,306430,175,186,4153290,324,4153290,-,-, -,-, -
00258900,UNIVERSITY OF NEW HAMPSHIRE,NH,038242511,Public,5395,5604,22849706,10414,22849706,6799,7106,24084621,13319,24084621,994,1084,17901843,2005,17901843,1104,1261,23916738,2202,23916738,299,366,5835457,664,5835457
00259000,KEENE STATE COLLEGE,NH,034351504,Public,1324,1405,5156766,2524,5156766,1787,1873,6251951,3422,6251951,44,45,684718,92,684718,332,391,5858937,660,5858937,1,1,5426,2,5426
00259100,PLYMOUTH STATE UNIVERSITY OF THE UNIVERSITY SYSTEM OF NEW HAMPSHIRE,NH,032641595,Public,1686,1694,6701208,3154,6701208,2299,2309,8313518,4310,8313518,219,258,4491216,606,4477548,462,467,7558830,850,7558830,69,70,1617462,175,1617462
00259600,ATLANTIC CAPE COMMUNITY COLLEGE,NJ,083302699,Public,330,330,1036745,618,1036745,287,287,1034872,551,1034872,-,-, -,-, -,11,11,156255,21,156255,-,-, -,-, -
00259800,CALDWELL UNIVERSITY,NJ,070066195,Private-Nonprofit,498,498,2081307,917,2057307,540,564,1724950,1039,1707950,152,153,2658876,269,2602540,174,183,2835193,319,2835193,16,16,221738,27,221738
00259900,CENTENARY UNIVERSITY,NJ,078402184,Private-Nonprofit,410,420,1592342,763,1592342,491,516,1824135,950,1824135,107,116,1695362,191,1695362,104,129,1780766,213,1780766,14,15,135553,21,135553
00260000,SAINT ELIZABETH UNIVERSITY,NJ,079606989,Private-Nonprofit,426,426,1714308,784,1714308,436,436,1328446,803,1328446,183,183,3357889,315,3357889,82,94,1323913,152,1323913,74,92,2697755,152,2697755
00260300,DREW UNIVERSITY,NJ,079404063,Private-Nonprofit,572,579,2400558,1100,2400558,655,669,2262099,1268,2257933,105,116,1702587,204,1702587,132,149,2523018,251,2523018,24,33,487173,52,487173
00260700,FAIRLEIGH DICKINSON UNIVERSITY,NJ,076661996,Private-Nonprofit,2035,2109,8031525,3749,8031525,2067,2214,6907699,3954,6907699,1053,1156,20851926,1867,20851926,385,498,8388121,770,8388121,362,548,9020737,732,9020737
00260800,GEORGIAN COURT UNIVERSITY,NJ,087012697,Private-Nonprofit,635,644,2614049,1154,2614049,692,730,2716478,1303,2716478,248,300,3426532,508,3426532,95,119,1385269,184,1385269,42,51,556652,87,556652
00260900,ROWAN UNIVERSITY,NJ,080281702,Public,5442,5490,22525598,9708,22525598,6099,6125,23348218,10988,23348218,1834,1961,57960717,3558,57960717,1261,1449,23270081,2561,23270081,780,858,24009357,1580,24009357
00261000,FELICIAN UNIVERSITY,NJ,076442198,Private-Nonprofit,925,954,3749276,1741,3735776,999,1029,4089930,1867,4074993,193,204,3205689,359,3177136,119,139,1835391,225,1821986,22,23,319428,34,310792
00261300,NEW JERSEY CITY UNIVERSITY,NJ,073051597,Public,1258,1269,5119240,2231,5119240,1181,1219,5400527,2164,5400527,407,434,6398592,724,6398592,99,122,1360112,226,1360112,23,28,368935,52,368935
00261500,MIDDLESEX COLLEGE,NJ,088183050,Public,428,489,1320329,713,1320329,424,493,1500260,731,1500260,-,-, -,-, -,8,8,63000,13,63000,-,-, -,-, -
00261600,MONMOUTH UNIVERSITY,NJ,077641898,Private-Nonprofit,1978,2222,8992080,3995,8992080,2242,2348,6833816,4389,6833816,668,902,13663276,1415,13663276,483,587,13021049,942,13021049,172,255,3915150,398,3915150
00261700,MONTCLAIR STATE UNIVERSITY,NJ,070439987,Public,6902,7236,28097645,12826,28097645,7135,7303,24391480,13141,24391480,1770,1839,27588738,3208,27588738,1247,1451,21258655,2454,21258655,219,294,3105014,402,3105014
00261900,NEW BRUNSWICK THEOLOGICAL SEMINARY,NJ,089011196,Private-Nonprofit,-,-, -,-, -,1,1,10250,1,10250,45,45,694838,78,694838,-,-, -,-, -,4,4,81540,7,81540
00262100,NEW JERSEY INSTITUTE OF TECHNOLOGY,NJ,071021982,Public,2688,2909,11261766,4825,11261766,2554,2775,9674417,4726,9674417,439,487,6667197,681,6667197,384,458,8102180,753,8102180,82,114,1642529,154,1642529
00262200,KEAN UNIVERSITY,NJ,070837131,Public,4331,4428,16756713,7747,16756713,4409,4547,16598124,7994,16598124,1019,1054,17403282,1816,17403282,578,657,9142320,1095,9142320,211,270,3487903,355,3487903
00262400,OCEAN COUNTY COLLEGE,NJ,087542001,Public,424,427,1192160,885,1192160,493,496,1829511,1022,1829511,-,-, -,-, -,24,25,133165,48,133165,-,-, -,-, -
00262500,WILLIAM PATERSON UNIVERSITY OF NEW JERSEY,NJ,074702152,Public,2627,2746,10178810,4492,10178810,2467,2568,10468225,4247,10468225,1445,1660,21382092,2523,21382092,316,362,3841354,573,3841354,108,124,1034264,159,1034264
00262600,PRINCETON THEOLOGICAL SEMINARY,NJ,085400803,Private-Nonprofit,-,-, -,-, -,1,1,4000,1,4000,61,71,866879,135,866879,-,-, -,-, -,3,3,14178,4,14178
00262700,PRINCETON UNIVERSITY,NJ,085442001,Private-Nonprofit,24,24,92978,41,92978,104,104,604462,188,604462,21,21,368798,44,368798,34,37,1086867,64,1086867,5,5,78140,9,78140
00262800,RIDER UNIVERSITY,NJ,086483099,Private-Nonprofit,1446,1463,6065959,2836,6065959,1756,1769,6280336,3480,6280336,347,367,5404151,695,5404151,377,441,7928450,920,7928450,53,61,662784,129,662784
00262900,"RUTGERS, THE STATE UNIVERSITY OF NEW JERSEY",NJ,089011281,Public,13632,13665,59584738,27170,59562470,12975,13009,46231959,25376,46205232,7003,8577,153924514,17458,153645948,2134,2474,49698452,5039,49691479,2493,3058,83568672,7163,83327948
00263200,SETON HALL UNIVERSITY,NJ,070792697,Private-Nonprofit,2527,2543,10369332,4710,10369332,2682,2759,8273405,5114,8273405,1629,1699,29331180,3061,29331180,889,1037,25766007,1699,25766007,758,1012,24117669,1593,24117669
00263800,SAINT PETER'S UNIVERSITY,NJ,073065997,Private-Nonprofit,517,527,1913652,983,1913652,526,547,1964584,1023,1964584,221,257,3318137,527,3318137,207,218,2786482,420,2786482,23,23,190578,49,190578
00263900,STEVENS INSTITUTE OF TECHNOLOGY,NJ,070305370,Private-Nonprofit,1688,1703,7380983,3231,7380983,1949,1995,6213509,3802,6213509,415,425,6934662,668,6934662,443,506,14510165,852,14510165,122,153,3014639,217,3014639
00264200,COLLEGE OF NEW JERSEY (THE),NJ,086280718,Public,2408,2464,10096799,4597,10096799,3175,3296,11564930,6179,11564930,208,232,3438569,381,3438569,434,499,9085230,840,9085230,12,14,127629,22,127629
00264300,"UNION COLLEGE OF UNION COUNTY, NEW JERSEY",NJ,070161598,Public,536,607,1451587,860,1451587,590,663,2065926,931,2065926,-,-, -,-, -,10,10,70754,13,70754,-,-, -,-, -
00265000,UNIVERSITY OF THE SOUTHWEST,NM,882409129,Private-Nonprofit,205,205,752681,676,752681,192,203,599295,668,599295,586,586,7702654,2249,7702654,26,30,249445,88,249445,53,59,1282772,238,1282772
00265100,EASTERN NEW MEXICO UNIVERSITY,NM,881306000,Public,810,880,3020639,1611,3020639,798,894,3587703,1642,3587703,426,487,5815755,894,5815755,5,5,57258,10,57258,10,11,37129,21,37129
00265300,NEW MEXICO HIGHLANDS UNIVERSITY,NM,877014436,Public,261,280,886600,506,886600,223,250,697229,463,697229,475,606,6287898,1154,6287898,14,14,130191,26,130191,15,17,116395,34,116395
00265400,NEW MEXICO INSTITUTE OF MINING & TECHNOLOGY,NM,878014796,Public,138,138,449223,237,449223,171,171,749508,303,749508,26,26,302399,41,302399,9,9,87033,17,87033,-,-, -,-, -
00265500,NEW MEXICO JUNIOR COLLEGE,NM,882409123,Public,40,50,117212,97,117212,37,47,104604,89,104604,-,-, -,-, -,2,2,9095,4,9095,-,-, -,-, -
00265600,NEW MEXICO MILITARY INSTITUTE,NM,882015173,Public,16,16,36413,24,36413,18,18,35009,26,35009,-,-, -,-, -,6,6,36061,11,36061,-,-, -,-, -
00265700,NEW MEXICO STATE UNIVERSITY,NM,880038001,Public,3143,3440,11417822,5594,11417822,2262,2459,9592048,4121,9592048,655,778,9275947,1255,9275947,137,155,1664526,257,1664526,53,84,1055816,124,1055816
00266000,SAN JUAN COLLEGE,NM,874024699,Public,352,432,1107814,820,1107814,286,377,940373,712,940373,-,-, -,-, -,-,-, -,-, -,-,-, -,-, -
00266300,UNIVERSITY OF NEW MEXICO,NM,871310001,Public,2785,3219,10352492,4942,10352492,2823,3284,13558672,5220,13558672,1799,2722,36385979,5345,36385979,125,142,1596005,236,1596005,381,530,6208601,1075,6208601
00266400,WESTERN NEW MEXICO UNIVERSITY,NM,880615417,Public,596,659,1996825,1210,1996825,461,499,1782125,904,1782125,505,804,6485892,1527,6485892,16,17,138070,32,138070,27,33,265501,63,265501
00266500,VAUGHN COLLEGE OF AERONAUTICS AND TECHNOLOGY,NY,113699997,Private-Nonprofit,670,715,2550563,1227,2538313,635,687,2461172,1173,2452172,2,2,36120,4,36120,115,121,2444265,225,2444265,1,1,27120,2,27120
00266600,ADELPHI UNIVERSITY,NY,115304299,Private-Nonprofit,2208,2218,9461029,4143,9284734,2530,2543,8627328,4820,8462368,1158,1333,21702638,2234,21675638,713,799,16875020,1465,16784391,440,539,11298282,919,11285014
00266800,ALFRED UNIVERSITY,NY,148021205,Private-Nonprofit,748,771,3000206,1420,3000206,823,894,2670927,1658,2670927,305,643,4275633,789,4275633,241,254,3663073,484,3663073,31,36,424463,68,424463
00266900,BANK STREET COLLEGE OF EDUCATION,NY,100251898,Private-Nonprofit,-,-, -,-, -,4,4,35472,8,35472,338,372,5005739,715,5005739,-,-, -,-, -,36,37,560574,68,560574
00267000,CLARKS SUMMIT UNIVERSITY,PA,184111250,Private-Nonprofit,110,117,444676,181,444676,109,119,349481,186,349481,65,109,722112,136,722112,27,29,384323,46,384323,2,2,19058,3,19058
00267100,BARD COLLEGE,NY,125045000,Private-Nonprofit,738,754,3024904,1427,3024904,788,846,2723324,1650,2723324,213,217,3899830,441,3899830,138,183,3018746,279,3018746,39,50,765981,93,765981
00267700,BROOKLYN LAW SCHOOL,NY,112013798,Private-Nonprofit,-,-, -,-, -,-,-, -,-, -,678,679,13589613,1344,13589613,-,-, -,-, -,527,530,21678962,1055,21678962
00267800,BRYANT & STRATTON COLLEGE,NY,142031630,Private-Nonprofit,15237,18377,50819115,32637,50819115,15121,18393,74150651,32970,74150651,-,-, -,-, -,309,352,2645450,668,2645450,-,-, -,-, -
00268100,"CANISIUS UNIVERSITY OF BUFFALO, NEW YORK",NY,142081098,Private-Nonprofit,670,677,2600134,1266,2600134,847,878,3352224,1666,3352224,330,425,6875788,811,6875788,155,178,2350598,307,2350598,85,109,2511811,231,2511811
00268700,CUNY BROOKLYN COLLEGE,NY,112102814,Public,759,906,3028873,1756,3016373,573,707,2310195,1371,2303070,762,891,11945117,1736,11911640,14,22,228875,42,228875,65,89,1018574,177,1018574
00268800,CITY COLLEGE OF NEW YORK - CUNY,NY,100319198,Public,1217,1279,4916004,2372,4823676,888,968,3628231,1797,3561633,768,852,17416590,1639,17284068,38,41,644478,82,644478,173,230,3280936,451,3280936
00268900,CUNY HUNTER COLLEGE,NY,100655024,Public,1057,1207,4268851,2333,4198203,791,948,3303277,1843,3249236,1749,1980,29287199,3774,28769715,41,44,712698,84,695198,123,165,2015465,328,2015465
00269000,CUNY QUEENS COLLEGE,NY,113671597,Public,1086,1215,4333879,2284,4303518,782,882,2835177,1672,2829238,546,649,6786399,1257,6781399,36,44,520868,85,520868,15,21,203684,42,203684
00269100,CUNY BOROUGH OF MANHATTAN COMMUNITY COLLEGE,NY,100071047,Public,858,956,2647394,1786,2634894,575,659,2106329,1223,2097579,-,-, -,-, -,9,11,112494,20,112494,-,-, -,-, -
00269200,CUNY BRONX COMMUNITY COLLEGE,NY,104533102,Public,393,436,1238459,830,1232898,277,304,965561,575,961661,-,-, -,-, -,-,-, -,-, -,-,-, -,-, -
00269300,CUNY JOHN JAY COLLEGE OF CRIMINAL JUSTICE,NY,100191093,Public,868,970,3512481,1885,3506147,703,814,2797850,1586,2791016,803,909,13117935,1694,13085773,112,125,2769783,254,2762055,58,72,972213,140,972213
00269400,KINGSBOROUGH COMMUNITY COLLEGE/CUNY,NY,112352398,Public,513,574,1564748,1049,1564748,331,380,1177460,699,1177460,-,-, -,-, -,3,3,28416,6,28416,-,-, -,-, -
00269600,NEW YORK CITY COLLEGE OF TECHNOLOGY OF THE CITY UNIVERSITY OF NEW YORK,NY,112012983,Public,733,812,2481973,1504,2476161,549,627,1921423,1164,1908507,-,-, -,-, -,6,7,35545,13,35545,-,-, -,-, -
00269700,QUEENSBOROUGH COMMUNITY COLLEGE-CUNY,NY,113641497,Public,387,438,1198812,804,1192806,319,376,1197104,687,1183360,-,-, -,-, -,1,1,20000,2,20000,-,-, -,-, -
00269800,COLLEGE OF STATEN ISLAND/CUNY,NY,103146600,Public,898,1008,3318002,1908,3318002,847,965,3132871,1828,3129121,240,307,3112426,582,3112426,82,94,954158,182,954158,5,8,77513,16,77513
00269900,CLARKSON UNIVERSITY,NY,136991403,Private-Nonprofit,1151,1226,4972750,2263,4972750,1405,1479,4869785,2752,4869785,177,252,3916207,450,3916207,281,323,6285828,568,6285828,132,186,4658413,373,4658413
00270000,COLGATE ROCHESTER CROZER DIVINITY SCHOOL,NY,146072589,Private-Nonprofit,-,-, -,-, -,-,-, -,-, -,13,13,230100,23,230100,-,-, -,-, -,1,1,26760,2,26760
00270100,COLGATE UNIVERSITY,NY,133461386,Private-Nonprofit,265,305,940627,526,940627,278,316,1019969,557,1019969,3,4,47261,4,47261,121,147,5352133,250,5352133,-,-, -,-, -
00270300,UNIVERSITY OF MOUNT SAINT VINCENT,NY,104711093,Private-Nonprofit,1155,1173,4777276,2229,4544323,1162,1210,4667844,2351,4452314,533,577,8821076,1251,8331650,214,285,3474601,502,3372244,78,101,3277060,212,3201557
00270500,COLLEGE OF SAINT ROSE,NY,122031490,Private-Nonprofit,610,621,2476025,1065,2380458,652,683,2134392,1182,2069273,346,393,5664770,623,5490520,183,222,2663253,338,2663253,47,58,482101,78,482101
00270700,COLUMBIA UNIVERSITY IN THE CITY OF NEW YORK,NY,100270000,Private-Nonprofit,1158,1382,5805980,2352,5805980,1239,1440,7670259,2487,7670259,5218,5631,120923410,10559,120923410,291,334,11059667,584,11059667,3515,5118,167742956,8270,167742956
00270800,BARNARD COLLEGE,NY,100276598,Private-Nonprofit,619,623,2742710,1219,2742710,173,180,631004,349,631004,-,-, -,-, -,191,213,8491021,375,8491021,-,-, -,-, -
00271000,COOPER UNION FOR THE ADVANCEMENT OF SCIENCE & ART (THE),NY,100037120,Private-Nonprofit,139,139,570024,270,570024,143,144,544498,281,544498,4,4,46583,6,46583,71,74,1368474,140,1368474,2,2,23960,2,23960
00271100,CORNELL UNIVERSITY,NY,148532801,Private-Nonprofit,1730,1980,5756615,3609,5756615,1576,1795,6138713,3426,6138713,1757,2030,41649175,3574,41649175,607,669,20034777,1232,20034777,1090,1521,45361937,2503,45361937
00271200,D'YOUVILLE UNIVERSITY,NY,142011084,Private-Nonprofit,587,623,2734959,1198,2625985,627,676,2874142,1272,2711146,540,711,16624892,1573,15877420,106,116,2328863,203,2296928,304,417,11790128,881,11535665
00271300,DOMINICAN UNIVERSITY NEW YORK,NY,109621210,Private-Nonprofit,722,733,2812724,1312,2812724,804,867,2796541,1551,2796541,197,197,3056803,463,3056803,151,174,2136166,274,2136166,101,159,1432542,243,1432542
00271800,ELMIRA COLLEGE,NY,149012099,Private-Nonprofit,372,383,1590837,732,1590837,428,460,1459427,889,1459427,16,18,240548,47,240548,129,149,2467096,269,2467096,7,7,82639,24,82639
00272200,FORDHAM UNIVERSITY,NY,104585157,Private-Nonprofit,3486,3676,14936788,6912,14936788,4335,4517,15749059,8617,15749059,2504,2707,46848787,4761,46848787,1176,1414,44129927,2460,44129927,1409,1898,50863216,3428,50863216
00272800,HAMILTON COLLEGE,NY,133231218,Private-Nonprofit,509,509,1727431,971,1727431,296,296,951618,569,951618,-,-, -,-, -,95,100,3020532,172,3020532,-,-, -,-, -
00272900,HARTWICK COLLEGE,NY,138204020,Private-Nonprofit,526,526,2077602,978,2077602,675,675,2483450,1255,2483450,-,-, -,-, -,234,248,3903156,441,3903156,-,-, -,-, -
00273100,HOBART AND WILLIAM SMITH COLLEGES,NY,144563397,Private-Nonprofit,691,691,3004221,1335,3004221,875,875,3195845,1694,3195845,21,21,363428,40,363428,147,170,3162611,277,3162611,4,4,45841,8,45841
00273200,HOFSTRA UNIVERSITY,NY,115491010,Private-Nonprofit,2239,2455,9294949,4377,9294949,2593,2841,8442340,5083,8442340,1838,2398,39967085,3678,39967085,1417,1653,44419517,2784,44419517,1116,1495,37673896,2265,37673896
00273400,HOUGHTON UNIVERSITY,NY,147440128,Private-Nonprofit,393,402,1694076,738,1691826,403,424,1312636,772,1309636,16,21,264298,34,264298,61,67,904110,114,904110,-,-, -,-, -
00273500,HILBERT COLLEGE,NY,140751597,Private-Nonprofit,638,653,2333255,1197,2331005,704,789,2499389,1433,2496389,34,34,424625,55,424625,113,128,1750210,209,1750210,-,-, -,-, -
00273700,IONA UNIVERSITY,NY,108011890,Private-Nonprofit,1092,1110,4618475,2090,4618475,1253,1343,4199879,2538,4199879,302,385,6238571,725,6238571,549,639,12617836,1078,12617836,120,162,2688115,287,2688115
00273900,ITHACA COLLEGE,NY,148507000,Private-Nonprofit,1714,1723,7181381,3287,7181381,2111,2126,7088921,4065,7088921,273,355,6630070,756,6606152,500,566,12610505,970,12610505,169,236,7177618,448,7177618
00274000,JEWISH THEOLOGICAL SEMINARY OF AMERICA (THE),NY,100274649,Private-Nonprofit,17,17,74938,33,74938,16,16,40312,30,40312,18,19,335201,38,335201,3,3,207506,5,207506,1,2,18320,4,18320
00274100,AMERICAN JEWISH UNIVERSITY,CA,900771599,Private-Nonprofit,6,7,30000,12,30000,6,6,43250,11,43250,24,28,330631,46,330631,-,-, -,-, -,9,17,200635,20,200635
00274200,JUILLIARD SCHOOL (THE),NY,100236588,Private-Nonprofit,99,99,434029,189,434029,110,110,382634,208,382634,69,69,1272798,136,1272798,45,48,1669331,92,1669331,34,35,698062,71,698062
00274400,KEUKA COLLEGE,NY,144780000,Private-Nonprofit,595,597,2440558,1111,2440558,674,697,2104189,1294,2104189,6,6,59706,11,59706,144,177,2266477,300,2266477,-,-, -,-, -
00274800,LE MOYNE COLLEGE,NY,132141399,Private-Nonprofit,1089,1109,4410850,2005,4408100,1279,1326,4430139,2424,4429139,346,527,6681539,737,6681539,276,325,4326506,510,4326506,165,208,4806522,365,4806522
00274900,NEW YORK COLLEGE OF PODIATRIC MEDICINE,NY,100351940,Private-Nonprofit,-,-, -,-, -,-,-, -,-, -,157,220,8066802,403,8066802,-,-, -,-, -,109,174,3933210,324,3933210
00275100,LONG ISLAND UNIVERSITY,NY,115481326,Private-Nonprofit,2273,2362,9544886,4497,9541761,2485,2632,10408166,5025,10404666,2258,2691,61439629,5214,61363254,1018,1143,27499113,2246,27499113,1716,2309,51049338,4498,51024563
00275800,MANHATTAN UNIVERSITY,NY,104714098,Private-Nonprofit,1094,1120,4471723,2055,4471723,1275,1338,4951517,2505,4951517,269,289,4212726,527,4212726,550,590,12950636,1151,12950636,81,87,1002357,163,1002357
00275900,MANHATTAN SCHOOL OF MUSIC,NY,100274689,Private-Nonprofit,142,142,637966,277,637966,163,164,510930,323,510930,112,112,2140460,217,2140460,115,115,4612153,225,4612153,93,94,2407459,179,2407459
00276000,MANHATTANVILLE COLLEGE,NY,105772132,Private-Nonprofit,641,670,2523628,1236,2523628,715,743,2624584,1365,2624584,363,383,5231957,746,5231957,172,204,3298213,313,3298213,26,32,352948,56,352948
00276300,MARIA COLLEGE,NY,122081798,Private-Nonprofit,393,484,1573276,1692,1551442,406,504,2108405,1769,2082405,44,61,1042271,218,1038855,13,16,181050,53,181050,24,47,483784,137,483784
00276500,MARIST COLLEGE,NY,126011387,Private-Nonprofit,1946,1970,8251800,3760,8251800,2391,2465,8619424,4690,8619424,389,467,6770986,726,6770986,522,580,15450771,995,15450771,194,273,5431315,409,5431315
00276900,MARYMOUNT MANHATTAN COLLEGE,NY,100214597,Private-Nonprofit,628,631,2664684,1191,2588144,717,747,2333695,1417,2260235,-,-, -,-, -,352,381,10044308,713,9826611,-,-, -,-, -
00277200,MERCY UNIVERSITY,NY,105221189,Private-Nonprofit,2944,2973,12508308,5571,11747497,2907,2959,12756207,5548,11887240,1420,1435,25708166,2926,22958620,301,365,5036514,701,4871556,454,516,11802173,1167,10994218
00277500,MOLLOY UNIVERSITY,NY,115701100,Private-Nonprofit,1818,1878,7901258,3339,7901258,1972,2088,7819509,3726,7819509,614,729,10594452,1148,10594452,487,606,11533687,981,11531036,111,135,1801136,212,1801136
00277800,MOUNT SAINT MARY COLLEGE,NY,125503494,Private-Nonprofit,664,675,2726524,1209,2726524,757,781,2890682,1413,2890682,98,107,1551463,165,1541213,170,196,3912886,321,3912886,15,15,218122,24,218122
00277900,NAZARETH UNIVERSITY,NY,146183790,Private-Nonprofit,1015,1074,4646532,2095,4646532,1217,1308,4393484,2567,4393484,321,400,7240785,917,7240785,337,400,7655698,674,7655698,138,183,3775536,332,3775536
00278200,NEW YORK INSTITUTE OF TECHNOLOGY,NY,115688000,Private-Nonprofit,1284,1332,5355825,2406,5355825,1200,1301,4076758,2340,4076758,1628,2053,69940222,3806,69940222,484,580,9230625,980,9230625,1255,2050,62433912,3647,62433912
00278300,NEW YORK LAW SCHOOL,NY,100132960,Private-Nonprofit,-,-, -,-, -,-,-, -,-, -,632,676,12351332,1259,12351332,-,-, -,-, -,547,780,19411155,1366,19411155
00278400,NEW YORK MEDICAL COLLEGE,NY,105951600,Private-Nonprofit,-,-, -,-, -,-,-, -,-, -,712,892,30510758,1847,30510758,-,-, -,-, -,592,845,25523025,1699,25523025
00278500,NEW YORK UNIVERSITY,NY,100121091,Private-Nonprofit,5252,6107,23029912,10409,23029912,4949,5823,16620833,9845,16618603,6851,9078,163507023,13940,163486523,2923,3911,137236890,6314,137236890,5660,10037,282468350,14730,282468350
00278800,NIAGARA UNIVERSITY,NY,141092010,Private-Nonprofit,1123,1144,4628600,2120,4628600,1379,1464,5411358,2725,5411358,592,764,10946726,1500,10946726,255,289,3424684,490,3424684,40,47,614932,84,614932
00279100,PACE UNIVERSITY,NY,100381598,Private-Nonprofit,3161,3254,13142879,5916,13142879,3461,3654,11697162,6680,11697162,1814,2290,35826135,3446,35826135,1881,2252,49652379,3839,49652379,808,1329,21886358,1767,21886358
00279500,PAUL SMITH'S COLLEGE OF ARTS & SCIENCES,NY,129700000,Private-Nonprofit,346,348,1436363,635,1436363,385,395,1226682,721,1226682,3,3,32150,5,32150,84,91,1323502,154,1323502,-,-, -,-, -
00279800,PRATT INSTITUTE,NY,112053899,Private-Nonprofit,1095,1095,4890296,2123,4890296,1061,1076,3319953,2077,3319953,362,410,6886402,712,6886402,551,634,21531855,1114,21531855,266,389,11058064,592,11058064
00280300,RENSSELAER POLYTECHNIC INSTITUTE,NY,121803590,Private-Nonprofit,2019,2297,9287426,4219,9278259,2420,2826,9258241,5165,9252491,132,141,2105200,219,2094950,417,555,11806225,902,11806225,22,30,466189,43,453470
00280500,ROBERTS WESLEYAN UNIVERSITY,NY,146241997,Private-Nonprofit,655,673,2731995,1259,2731995,693,744,2978473,1396,2978473,356,409,6649807,870,6649807,72,76,1141814,134,1141814,79,102,1934568,187,1934568
00280600,ROCHESTER INSTITUTE OF TECHNOLOGY,NY,146235608,Private-Nonprofit,5788,6401,27041412,12745,26994700,5835,6796,19765957,13623,19728506,500,566,9276989,1051,9265656,1258,1432,30520357,2376,30520357,123,154,2841245,278,2841245
00280800,DAEMEN UNIVERSITY,NY,142263592,Private-Nonprofit,900,903,3525444,1679,3525444,1044,1046,3684719,1943,3684719,521,527,8357937,1007,8357937,130,131,1629439,239,1629439,100,100,2215585,211,2215585
00281000,RUSSELL SAGE COLLEGE,NY,121804199,Private-Nonprofit,778,801,3254894,1453,3254894,732,762,2615383,1382,2615383,574,706,11783605,1423,11776772,136,141,2589696,261,2589696,156,198,4904552,446,4904552
00281200,TROCAIRE COLLEGE,NY,142202094,Private-Nonprofit,1280,1689,5089515,2552,5067765,1294,1715,7343965,2617,7306838,-,-, -,-, -,11,14,134875,19,134875,-,-, -,-, -
00281300,SARAH LAWRENCE COLLEGE,NY,107085999,Private-Nonprofit,486,487,2103828,936,2103828,580,586,1849142,1133,1849142,96,96,1839571,184,1839571,151,174,4415973,289,4415973,30,33,689980,57,689980
00281400,SKIDMORE COLLEGE,NY,128661632,Private-Nonprofit,560,560,2234089,1093,2234089,760,760,3287663,1507,3287663,-,-, -,-, -,115,127,3397974,228,3397974,-,-, -,-, -
00281500,SAINT BERNARD'S SCHOOL OF THEOLOGY AND MINISTRY,NY,146183822,Private-Nonprofit,-,-, -,-, -,-,-, -,-, -,9,23,101331,46,101331,-,-, -,-, -,-,-, -,-, -
00281600,SIENA COLLEGE,NY,122111462,Private-Nonprofit,1704,1708,7432238,3280,7432238,2159,2159,7633473,4158,7633473,42,42,637922,62,637922,426,493,8938158,793,8938158,5,5,72781,9,72781
00281700,ST. BONAVENTURE UNIVERSITY,NY,147782284,Private-Nonprofit,1035,1204,4766024,2288,4763274,1327,1671,5623965,3178,5622965,609,873,9679918,1247,9679918,306,400,5198833,575,5198833,140,289,4017528,324,4017528
00282000,SAINT FRANCIS COLLEGE,NY,112014398,Private-Nonprofit,548,563,2195764,970,2195764,446,470,1465609,813,1465609,34,40,523485,72,523485,143,160,1605735,269,1605735,4,5,96800,6,96800
00282100,ST. JOHN FISHER UNIVERSITY,NY,146183597,Private-Nonprofit,1432,1437,6036050,2647,6031216,1629,1668,5480787,3093,5477121,614,854,18497442,1686,18181965,412,432,8747646,795,8747646,209,281,5839966,641,5826073
00282300,SAINT JOHN'S UNIVERSITY,NY,114391343,Private-Nonprofit,3407,3448,14274049,6530,14267487,3631,3845,11428487,7308,11424237,1668,1849,37701702,3605,37701702,2127,2332,58037640,4461,57988697,1207,1347,40353989,2604,40353989
00282500,ST. JOSEPH'S UNIVERSITY NEW YORK,NY,112053688,Private-Nonprofit,1482,1547,6252060,2654,6252060,1701,1802,7100326,3129,7100326,389,497,7160204,848,7160204,307,335,5017002,593,5017002,44,51,727522,85,727522
00282900,ST. LAWRENCE UNIVERSITY,NY,136171455,Private-Nonprofit,866,880,3583827,1674,3583827,1015,1047,3388619,2013,3388619,1,1,20092,2,20092,181,205,4468330,340,4468330,-,-, -,-, -
00283200,SAINT THOMAS AQUINAS COLLEGE,NY,109761050,Private-Nonprofit,401,401,1630959,763,1630959,444,479,1673676,923,1673676,32,44,696648,89,696648,207,208,3440871,405,3440871,2,3,37300,8,37300
00283300,SAINT VLADIMIRS ORTHODOX THEOLOGICAL SEMINARY,NY,107071699,Private-Nonprofit,-,-, -,-, -,-,-, -,-, -,10,10,124049,19,124049,-,-, -,-, -,-,-, -,-, -
00283400,EXCELSIOR UNIVERSITY,NY,122035159,Private-Nonprofit,3200,3520,10006706,6324,10006706,3276,3654,16525556,6508,16525556,320,359,4963995,672,4963995,3,3,78496,6,78496,10,12,220227,22,220227
00283500,STATE UNIVERSITY OF NEW YORK AT ALBANY,NY,122220001,Public,5234,5503,22038992,10153,22038992,5368,5713,17179489,10638,17179489,1178,1379,17347811,2267,17347811,1252,1519,19311803,2553,19311803,113,149,1371494,237,1371494
00283600,BINGHAMTON UNIVERSITY,NY,139026000,Public,4268,4454,17775832,8230,17775832,4984,5216,18687654,9704,18687654,1014,1147,18357780,2054,18357780,1129,1303,20521443,2193,20509607,171,218,2966484,372,2966484
00283700,STATE UNIVERSITY OF NEW YORK AT BUFFALO,NY,142600001,Public,6721,7114,27786056,12888,27786056,6883,7429,23290902,13474,23290902,3572,4118,76680295,7209,76680295,1178,1414,19039334,2368,19039334,1175,1744,27410486,2742,27410486
00283800,STATE UNIVERSITY OF NEW YORK AT STONY BROOK,NY,117940701,Public,5327,5987,23812536,10777,23812536,4732,5369,17322110,9660,17322110,2314,2970,50454848,5071,50454848,787,995,14687021,1601,14687021,1144,1499,27352211,2884,27351961
00283900,STATE UNIVERSITY OF NEW YORK DOWNSTATE HEALTH SCIENCES UNIVERSITY,NY,112032098,Public,83,122,578429,255,578429,62,100,612988,206,612988,893,1175,26710643,1951,26710643,4,6,73182,13,73182,533,781,14997283,1227,14997283
00284000,STATE UNIVERSITY OF NEW YORK UPSTATE MEDICAL UNIVERSITY,NY,132102375,Public,78,78,385920,177,385920,72,73,396324,164,396324,671,804,27506620,1767,27463815,3,3,76022,7,76022,515,811,18940112,1965,18861381
00284100,SUNY COLLEGE AT BROCKPORT,NY,144202914,Public,2657,2933,10354466,5074,10354466,3005,3324,11142964,5825,11142964,765,915,9998634,1429,9998634,403,508,4561717,836,4561717,51,78,358602,102,358602
00284200,SUNY BUFFALO STATE UNIVERSITY,NY,142221095,Public,2480,2629,9376551,4461,9376551,2500,2673,8442670,4608,8442670,421,470,5785047,731,5785047,270,314,3025628,517,3025628,24,26,261011,36,261011
00284300,SUNY CORTLAND,NY,130450900,Public,2610,2679,10893747,4992,10893747,3308,3394,11880437,6360,11880437,369,426,5395430,752,5395430,682,729,10116347,1284,10116347,12,13,90820,18,83864
00284400,SUNY AT FREDONIA,NY,140631145,Public,1416,1464,5531220,2628,5531220,1738,1852,6192938,3353,6192938,189,246,2554167,355,2554167,303,373,3221267,586,3221267,11,13,74926,19,74926
00284500,SUNY COLLEGE AT GENESEO,NY,144541401,Public,1349,1420,5411583,2645,5411583,1751,1930,6596790,3641,6596790,21,28,292344,45,290344,312,349,3992443,615,3992443,-,-, -,-, -
00284600,STATE UNIVERSITY OF NEW YORK AT NEW PALTZ,NY,125612499,Public,2096,2195,8461978,4087,8436715,2328,2480,8214470,4642,8195900,353,421,5701993,755,5588941,468,513,6705185,898,6705185,15,19,182121,35,182121
00284700,STATE UNIVERSITY OF NEW YORK AT ONEONTA,NY,138204015,Public,2112,2138,8377399,3949,8377399,2637,2644,9028063,4953,9028063,195,207,2169879,304,2169879,482,487,6401619,936,6401619,6,6,71042,11,71042
00284800,STATE UNIVERSITY OF NEW YORK AT OSWEGO (SUNY OSWEGO),NY,131263599,Public,2303,2369,9379692,4263,9376024,2623,2923,10368411,5285,10368411,432,493,6862553,925,6782093,843,888,10719288,1696,10719288,28,29,254827,58,250378
00284900,STATE UNIVERSITY OF NEW YORK AT PLATTSBURGH,NY,129012681,Public,1796,1892,7269233,3326,7266483,1981,2154,7442987,3840,7442987,328,377,4541718,591,4541718,283,324,3834804,574,3834804,24,33,252538,56,252538
00285000,STATE UNIVERSITY OF NEW YORK COLLEGE AT POTSDAM,NY,136762294,Public,920,950,3766277,1724,3766277,1104,1136,4026844,2016,4026844,299,388,4189856,573,4189856,201,219,2263297,381,2263297,9,9,39255,13,39255
00285100,SUNY COLLEGE OF ENVIRONMENT SCIENCE & FORESTRY,NY,132102778,Public,484,500,1873724,918,1873724,597,623,2448294,1159,2448294,36,36,455081,62,455081,210,226,2844517,413,2844517,1,1,10564,2,10564
00285300,SUNY MARITIME COLLEGE,NY,104654198,Public,308,337,1316995,658,1316995,440,478,1812185,930,1812185,29,37,541921,60,541921,123,160,2926633,289,2926633,14,21,202364,29,202364
00285400,SUNY COLLEGE OF TECHNOLOGY AT ALFRED,NY,148029951,Public,1793,1832,6441570,3203,6439737,1929,2062,6432895,3670,6430562,-,-, -,-, -,380,443,4822876,701,4822876,-,-, -,-, -
00285500,SUNY COLLEGE OF TECHNOLOGY AT CANTON,NY,136171098,Public,1582,1674,6192764,2880,6192764,1587,1666,6885444,2839,6885444,-,-, -,-, -,366,377,4524202,653,4524202,-,-, -,-, -
00285600,SUNY COLLEGE OF AGRICULTURE & TECHNOLOGY AT COBLESKILL,NY,120439986,Public,789,826,2928892,1546,2928892,869,911,2817044,1701,2817044,-,-, -,-, -,338,375,4544593,717,4544593,-,-, -,-, -
00285700,SUNY COLLEGE OF TECHNOLOGY AT DELHI,NY,137531190,Public,1209,1250,4299568,2185,4299568,1308,1433,4487339,2509,4487339,49,49,540475,78,540475,312,370,4114062,610,4114062,-,-, -,-, -
00285800,STATE UNIVERSITY OF NEW YORK AT FARMINGDALE,NY,117351021,Public,1398,1462,5076230,2737,5071396,1819,1903,7932895,3582,7926227,5,6,82625,11,82625,140,173,1396783,335,1396783,-,-, -,-, -
00285900,SUNY COLLEGE OF AGRICULTURE & TECHNOLOGY AT MORRISVILLE,NY,134080901,Public,1237,1256,4359617,2368,4359617,1276,1292,4124268,2440,4124268,3,3,30435,6,30435,515,517,5840597,992,5840597,-,-, -,-, -
00286000,ADIRONDACK COMMUNITY COLLEGE - SUNY OFFICE OF COMMUNITY COLLEGES,NY,128041445,Public,630,675,1937230,2073,1937230,655,711,2317985,2244,2317985,-,-, -,-, -,80,83,847229,282,847229,-,-, -,-, -
00286100,CAYUGA COMMUNITY COLLEGE,NY,130213099,Public,397,414,1142848,687,1142848,382,393,1399618,665,1399618,-,-, -,-, -,5,5,18705,7,18705,-,-, -,-, -
00286200,SUNY BROOME COMMUNITY COLLEGE,NY,139051328,Public,1526,1544,4699528,2675,4699528,1480,1498,5094286,2597,5094286,-,-, -,-, -,138,145,1476502,233,1476502,-,-, -,-, -
00286300,CORNING COMMUNITY COLLEGE - SUNY OFFICE OF COMMUNITY COLLEGES,NY,148303297,Public,488,517,1515713,938,1515713,528,565,2068614,1026,2068614,-,-, -,-, -,26,26,220996,51,220996,-,-, -,-, -
00286400,DUTCHESS COMMUNITY COLLEGE,NY,126011595,Public,765,791,2300108,1364,2300108,791,851,2680180,1493,2680180,-,-, -,-, -,84,96,1039696,180,1039696,-,-, -,-, -
00286600,FASHION INSTITUTE OF TECHNOLOGY,NY,100015992,Public,2109,2200,8941441,3877,8941441,2125,2206,7212684,3991,7212684,58,58,1005388,104,1005388,639,764,17661566,1298,17661566,10,10,271777,20,271777
00286700,SUNY FULTON-MONTGOMERY COMMUNITY COLLEGE,NY,120953790,Public,254,270,855783,499,852783,244,261,997105,487,993105,-,-, -,-, -,5,5,34590,9,34590,-,-, -,-, -
00286800,HUDSON VALLEY COMMUNITY COLLEGE,NY,121806096,Public,1806,1806,5653450,5762,5653450,1688,1688,5909960,5384,5909960,-,-, -,-, -,39,39,374881,121,374881,-,-, -,-, -
00286900,JAMESTOWN COMMUNITY COLLEGE,NY,147020020,Public,500,535,1570160,1005,1570160,509,569,1807462,1064,1807462,-,-, -,-, -,62,67,416127,124,416127,-,-, -,-, -
00287000,JEFFERSON COMMUNITY COLLEGE,NY,136011897,Public,462,463,1393495,795,1393495,492,493,1839643,849,1839643,-,-, -,-, -,36,39,328566,76,328566,-,-, -,-, -
00287100,MOHAWK VALLEY COMMUNITY COLLEGE - SUNY OFFICE OF COMMUNITY COLLEGES,NY,135015394,Public,847,872,2394266,2717,2394266,819,872,2828539,2710,2828539,-,-, -,-, -,95,100,759028,312,759028,-,-, -,-, -
00287200,MONROE COMMUNITY COLLEGE,NY,146235780,Public,2806,2950,7810308,4975,7810308,2610,2729,8967959,4596,8967959,-,-, -,-, -,69,73,543639,124,543639,-,-, -,-, -
00287300,NASSAU COMMUNITY COLLEGE,NY,115306793,Public,1581,1581,5192888,2514,4769516,1630,1635,6392231,2649,5892240,-,-, -,-, -,51,53,539259,89,539259,-,-, -,-, -
00287400,NIAGARA COUNTY COMMUNITY COLLEGE,NY,141329460,Public,628,708,1785875,1291,1785875,827,924,3061374,1687,3061374,-,-, -,-, -,75,86,731192,158,731192,-,-, -,-, -
00287500,ONONDAGA COMMUNITY COLLEGE,NY,132154585,Public,1530,1555,4657211,4915,4657211,1488,1545,4680488,4946,4680488,-,-, -,-, -,86,91,647192,166,647192,-,-, -,-, -
00287600,ORANGE COUNTY COMMUNITY COLLEGE,NY,109406441,Public,835,838,2420220,1377,2420220,879,905,3334187,1501,3334187,-,-, -,-, -,12,12,68384,22,68384,-,-, -,-, -
00287700,ROCKLAND COMMUNITY COLLEGE,NY,109013611,Public,353,387,1099304,542,1096638,354,396,1230086,591,1225136,-,-, -,-, -,10,10,56772,18,56772,-,-, -,-, -
00287800,SUFFOLK COUNTY COMMUNITY COLLEGE,NY,117842899,Public,998,1037,2764520,1795,2764520,1209,1359,4260824,2350,4260824,-,-, -,-, -,36,37,183583,69,183583,-,-, -,-, -
00287900,SULLIVAN COUNTY COMMUNITY COLLEGE - SUNY OFFICE OF COMMUNITY COLLEGES,NY,127595151,Public,202,202,615320,351,615320,202,207,496440,361,496440,-,-, -,-, -,25,25,198609,47,198609,-,-, -,-, -
00288000,ULSTER COUNTY COMMUNITY COLLEGE,NY,124840557,Public,154,158,465165,288,465165,124,130,461798,235,461798,-,-, -,-, -,4,4,30347,7,30347,-,-, -,-, -
00288100,SUNY WESTCHESTER COMMUNITY COLLEGE,NY,105951698,Public,813,819,1985012,1427,1955664,710,725,2183203,1258,2169870,-,-, -,-, -,24,24,147856,37,137856,-,-, -,-, -
00288200,SYRACUSE UNIVERSITY,NY,132442130,Private-Nonprofit,4152,4574,18081091,8187,18081091,4745,5353,15265466,9684,15265466,2447,4527,47553507,5493,47553507,1257,1510,45712448,2570,45712448,1149,2323,28070423,2753,28070423
00288300,UTICA UNIVERSITY,NY,135024892,Private-Nonprofit,1452,1560,5887279,2818,5879445,1565,1702,6245131,3086,6234130,667,880,12797496,1804,12797496,366,423,6592227,704,6592227,115,140,3254837,287,3254837
00288500,ALBANY COLLEGE OF PHARMACY AND HEALTH SCIENCES,NY,122083492,Private-Nonprofit,319,330,1462395,650,1460562,345,356,1188513,698,1187846,146,243,6989508,474,6989508,78,92,2050328,164,2050328,75,123,2343922,222,2343922
00288600,ALBANY LAW SCHOOL OF UNION UNIVERSITY,NY,122083494,Private-Nonprofit,-,-, -,-, -,-,-, -,-, -,402,444,8251451,953,8219024,-,-, -,-, -,297,321,8156551,703,8121133
00288700,ALBANY MEDICAL COLLEGE,NY,122083479,Private-Nonprofit,-,-, -,-, -,-,-, -,-, -,517,595,19076088,1234,19076088,-,-, -,-, -,394,654,12584686,1322,12584686
00288900,UNION COLLEGE,NY,123082311,Private-Nonprofit,700,717,3035855,2006,3035855,754,775,2544776,2173,2544776,-,-, -,-, -,114,130,3111349,314,3111349,-,-, -,-, -
00289000,UNION THEOLOGICAL SEMINARY,NY,100275710,Private-Nonprofit,-,-, -,-, -,-,-, -,-, -,90,99,1600818,177,1600818,-,-, -,-, -,36,41,373770,67,373770
00289200,UNITED STATES MERCHANT MARINE ACADEMY,NY,110241634,Public,22,22,54873,61,54873,45,45,209782,130,209782,-,-, -,-, -,1,1,6500,3,6500,-,-, -,-, -
00289400,UNIVERSITY OF ROCHESTER,NY,146279000,Private-Nonprofit,2185,2251,9553965,4252,9553965,968,1062,3616805,1939,3616805,800,875,19815603,1545,19815603,363,507,9591767,721,9591767,386,571,9758053,888,9758053
00289500,VASSAR COLLEGE,NY,126040008,Private-Nonprofit,674,677,2888857,1305,2888857,411,431,1371103,770,1371103,-,-, -,-, -,133,146,4042635,254,4042635,-,-, -,-, -
00289600,VILLA MARIA COLLEGE OF BUFFALO,NY,142253999,Private-Nonprofit,285,288,1101980,540,1101980,269,271,913739,503,913739,-,-, -,-, -,26,27,293170,55,293170,-,-, -,-, -
00289900,WAGNER COLLEGE,NY,103014495,Private-Nonprofit,640,728,2881117,1373,2881117,812,902,2994286,1711,2994286,72,75,1216921,147,1216921,246,275,6049767,507,6049767,25,26,659836,56,659836
00290000,WEBB INSTITUTE,NY,115421398,Private-Nonprofit,11,11,41163,22,41163,18,18,80158,35,80158,-,-, -,-, -,2,2,27320,4,27320,-,-, -,-, -
00290100,WELLS COLLEGE,NY,130260500,Private-Nonprofit,242,270,957252,454,957252,281,341,922494,566,922494,-,-, -,-, -,76,96,1221641,148,1221641,-,-, -,-, -
00290300,YESHIVA UNIVERSITY,NY,100333201,Private-Nonprofit,336,353,1366043,636,1366043,455,473,1791571,872,1791571,1536,2052,35637317,4871,35534809,225,255,4353706,447,4353706,939,1377,30672046,3159,30552226
00290500,NORTH CAROLINA AGRICULTURAL AND TECHNICAL STATE UNIVERSITY,NC,274110001,Public,6285,6388,26074883,12164,26073133,6434,7084,21024844,13512,21022538,542,587,8266863,1077,8266863,1914,2187,36685463,4290,36661413,56,67,670032,125,670032
00290600,APPALACHIAN STATE UNIVERSITY,NC,286080001,Public,5249,6559,22122302,11709,22122302,6438,6770,23515827,12201,23515827,727,907,10172922,1541,10172922,1239,1445,19538885,2625,19538885,103,132,839311,213,839311
00290700,UNIVERSITY OF NORTH CAROLINA  ASHEVILLE,NC,288048503,Public,930,944,3741638,1654,3741638,1034,1061,3769573,1810,3769573,-,-, -,-, -,128,148,1927826,244,1927826,-,-, -,-, -
00290800,BARTON COLLEGE,NC,278933104,Private-Nonprofit,636,640,2438644,1153,2438644,746,777,2606703,1414,2606703,48,48,639523,90,639523,159,169,2466915,300,2466915,3,3,19988,5,19988
00291000,BELMONT ABBEY COLLEGE,NC,280121802,Private-Nonprofit,480,483,1949829,939,1949829,629,661,2405030,1278,2405030,60,79,1299897,217,1228147,295,299,5281231,570,5281231,1,1,5537,1,5537
00291100,BENNETT COLLEGE,NC,274013239,Private-Nonprofit,138,138,543714,258,543714,127,144,455745,265,455745,-,-, -,-, -,16,19,312615,36,312615,-,-, -,-, -
00291200,BREVARD COLLEGE,NC,287123306,Private-Nonprofit,453,456,1745643,813,1745643,530,562,1695788,1010,1695788,17,17,236855,28,236855,191,205,2985198,348,2985198,-,-, -,-, -
00291300,CAMPBELL UNIVERSITY,NC,275060036,Private-Nonprofit,1010,1069,4232812,2184,4232812,1020,1092,3900943,2207,3900943,1427,1616,43750161,3085,43737537,312,368,6523866,616,6523866,1154,1798,48773066,3087,48773066
00291400,CATAWBA COLLEGE,NC,281442488,Private-Nonprofit,483,491,1864402,891,1864402,544,557,2031762,1026,2031762,43,47,730656,90,730656,107,117,1745543,205,1745543,-,-, -,-, -
00291600,CHOWAN UNIVERSITY,NC,278551850,Private-Nonprofit,405,430,1498590,796,1498590,442,691,1606176,1293,1606176,76,100,729825,185,729825,131,150,1426367,281,1426367,-,-, -,-, -
00291800,DAVIDSON COLLEGE,NC,280350000,Private-Nonprofit,109,112,394276,206,394276,163,168,762457,298,762457,-,-, -,-, -,86,95,2634214,162,2634214,-,-, -,-, -
00291900,DAVIDSON-DAVIE COMMUNITY COLLEGE,NC,273600000,Public,726,742,2076475,1310,2076475,657,672,2778629,1178,2778629,-,-, -,-, -,1,1,5245,2,5245,-,-, -,-, -
00292000,DUKE UNIVERSITY,NC,277080397,Private-Nonprofit,825,891,3255024,1732,3255024,667,746,2527848,1454,2527848,2824,3750,57487111,6941,57487111,183,229,7346507,382,7346507,2115,5282,74037321,6764,74037321
00292300,EAST CAROLINA UNIVERSITY,NC,278581818,Public,6731,7159,26514990,12555,26514990,7625,8151,27888499,14546,27888499,2434,2823,45839808,4777,45839808,1482,1730,23808827,2935,23808827,415,599,5406517,905,5406517
00292600,ELIZABETH CITY STATE UNIVERSITY,NC,279097806,Public,1028,1125,3818312,2087,3818312,997,1085,3363738,2005,3363738,90,111,1122125,196,1122125,77,89,752018,171,752018,-,-, -,-, -
00292700,ELON UNIVERSITY,NC,272442010,Private-Nonprofit,1117,1142,4770548,2152,4770548,1431,1481,5091770,2797,5091770,541,698,10148754,1309,10148754,709,819,23306148,1397,23306148,387,534,13915067,1123,13915067
00292800,FAYETTEVILLE STATE UNIVERSITY,NC,283014298,Public,2602,2663,9999540,4555,9999540,2515,2649,9796376,4516,9796376,513,559,7492875,883,7492875,110,120,850427,212,850427,30,34,289183,47,289183
00292900,GARDNER - WEBB UNIVERSITY,NC,280170000,Private-Nonprofit,884,922,3759771,1613,3587154,953,1027,4008617,1791,3795088,867,882,15401242,2010,14067833,147,156,2295834,266,2197798,164,181,4427471,386,4161819
00293000,GREENSBORO COLLEGE,NC,274011875,Private-Nonprofit,463,475,1819130,858,1819130,505,524,1923468,949,1923468,8,9,89569,15,89569,118,124,1519895,224,1519895,-,-, -,-, -
00293100,GUILFORD COLLEGE,NC,274104171,Private-Nonprofit,520,531,1998002,978,1994335,545,572,1632697,1049,1628030,22,25,414875,44,414875,175,193,2763242,330,2763242,-,-, -,-, -
00293300,HIGH POINT UNIVERSITY,NC,272682726,Private-Nonprofit,1480,1495,6362798,2850,6362798,1942,1959,6716388,3743,6716388,711,845,15877204,1559,15877204,678,778,26822247,1326,26822247,437,721,15234568,1012,15234568
00293600,JOHNSON C. SMITH UNIVERSITY,NC,282165398,Private-Nonprofit,819,819,3189815,1654,3189815,805,805,3075965,1644,3075965,52,52,944386,100,944386,246,246,3850851,489,3850851,4,4,58963,8,58963
00293900,LEES-MCRAE COLLEGE,NC,286040000,Private-Nonprofit,430,430,1696766,798,1696766,423,423,1437207,787,1437207,17,17,208500,29,208500,218,229,3743597,411,3743597,-,-, -,-, -
00294100,LENOIR-RHYNE UNIVERSITY,NC,286013984,Private-Nonprofit,690,695,2868448,1283,2865448,762,806,2507104,1485,2503104,410,474,8205439,964,8120026,252,270,3635432,489,3635432,119,135,2137566,251,2137566
00294200,LIVINGSTONE COLLEGE,NC,281445298,Private-Nonprofit,657,658,2477540,1211,2477540,647,757,2126737,1384,2126737,16,16,304349,32,304349,186,193,2117006,366,2117006,1,1,3000,2,3000
00294300,LOUISBURG COLLEGE,NC,275492398,Private-Nonprofit,320,321,989902,558,989902,337,423,935798,733,935798,-,-, -,-, -,129,131,1889210,243,1889210,-,-, -,-, -
00294400,MARS HILL UNIVERSITY,NC,287540000,Private-Nonprofit,495,502,1949846,955,1949846,559,613,2049392,1163,2043059,32,37,501575,88,501575,72,79,1147295,156,1147295,-,-, -,-, -
00294500,MEREDITH COLLEGE,NC,276075298,Private-Nonprofit,648,683,2788641,1246,2788641,698,746,2391994,1382,2391994,125,155,1898070,240,1898070,175,213,3181247,335,3181247,19,23,144443,26,144443
00294600,METHODIST UNIVERSITY,NC,283111420,Private-Nonprofit,780,995,3182663,1644,3182663,816,996,2892825,1731,2892825,245,274,4666693,646,4666693,220,256,3545504,420,3545504,215,238,8004818,579,8004818
00294800,MONTREAT COLLEGE,NC,287571267,Private-Nonprofit,487,487,2061704,929,2061704,496,525,1736788,1002,1736788,131,131,2092208,312,2092208,150,155,2611781,284,2611781,3,3,43838,8,43838
00294900,UNIVERSITY OF MOUNT OLIVE,NC,283651299,Private-Nonprofit,1213,1354,4514700,2622,4514700,1332,1586,6189491,3085,6189491,178,188,2746429,399,2746429,111,123,1496003,210,1496003,3,3,21703,4,21703
00295000,NORTH CAROLINA CENTRAL UNIVERSITY,NC,277073198,Public,3788,4226,14612696,7954,14612696,3752,4741,13696205,8873,13696205,1408,1529,23681067,2870,23681067,1564,1718,23448171,3325,23448171,885,1158,15144208,2220,15144208
00295100,NORTH CAROLINA WESLEYAN UNIVERSITY,NC,278048699,Private-Nonprofit,669,700,2428354,1258,2428354,718,884,2866883,1591,2866883,122,127,1845202,259,1845202,229,264,2034508,457,2034508,8,11,73129,20,73129
00295300,WILLIAM PEACE UNIVERSITY,NC,276041194,Private-Nonprofit,294,298,1179003,556,1179003,330,334,1215783,626,1215783,-,-, -,-, -,121,125,1999861,234,1999861,-,-, -,-, -
00295400,UNIVERSITY OF NORTH CAROLINA AT PEMBROKE,NC,283721510,Public,2175,2236,7609887,3864,7609887,2188,2338,8491181,4099,8491181,1319,1434,15192229,4150,15192229,188,207,1553386,357,1553386,40,44,415068,146,415068
00295500,PFEIFFER UNIVERSITY,NC,281090000,Private-Nonprofit,399,399,1544060,745,1544060,441,473,1364311,872,1364311,215,215,3219004,450,3219004,124,126,1853517,229,1853517,80,80,1967030,164,1967030
00295600,CAROLINA UNIVERSITY,NC,271015025,Private-Nonprofit,166,167,650893,303,650893,176,185,593393,334,593393,87,87,1129254,172,1129254,32,34,364714,57,364714,13,13,295286,31,295286
00295700,QUEENS UNIVERSITY OF CHARLOTTE,NC,282740001,Private-Nonprofit,529,529,2322857,958,2322857,632,649,2581504,1181,2581504,236,236,3619044,704,3619044,140,165,3493005,283,3493005,22,25,322405,50,322405
00296000,SALEM COLLEGE,NC,271015376,Private-Nonprofit,176,176,662812,317,662812,171,184,558283,334,558283,52,52,776840,101,776840,42,44,485092,77,485092,4,4,75369,8,75369
00296200,SHAW UNIVERSITY,NC,276012393,Private-Nonprofit,524,529,2000569,967,1996569,500,547,1653964,994,1652964,80,80,1309402,143,1299152,81,86,821146,156,821146,-,-, -,-, -
00296800,SAINT AUGUSTINE'S UNIVERSITY,NC,276102298,Private-Nonprofit,9,9,29250,9,17250,9,9,19000,9,11500,-,-, -,-, -,3,3,46765,3,23383,-,-, -,-, -
00297200,NORTH CAROLINA STATE UNIVERSITY,NC,276957001,Public,6052,6410,24075644,11611,24075644,7814,8166,32488433,15122,32488433,1801,2049,32739800,3410,32739800,1140,1269,19420227,2276,19420227,220,270,3390374,433,3390374
00297400,UNIVERSITY OF NORTH CAROLINA - CHAPEL HILL,NC,275999100,Public,1408,1563,4138507,2561,4138507,2000,2146,10042413,3960,10042413,3889,5363,102543509,10246,102398197,511,562,9101575,1020,9101575,2193,3397,63541382,6282,63291169
00297500,UNIVERSITY OF NORTH CAROLINA - CHARLOTTE,NC,282230001,Public,7549,9354,30969886,16556,30969886,8313,9611,31926265,17338,31926265,1805,2143,25517764,3398,25517764,1334,1563,20275172,2717,20275172,209,313,2315217,424,2315217
00297600,UNIVERSITY OF NORTH CAROLINA -GREENSBORO,NC,274120001,Public,5855,6352,23255477,11113,23255477,5926,6510,22206366,11421,22206366,1272,1515,18672483,2476,18672483,762,895,9577008,1503,9577008,115,157,1296585,239,1296585
00297800,WAKE FOREST UNIVERSITY,NC,271060000,Private-Nonprofit,495,511,1887979,957,1887979,657,667,2751332,1288,2751332,1790,1957,42753837,4249,42753837,138,154,5726366,262,5726366,1134,1354,38288411,2873,38288411
00297900,WARREN WILSON COLLEGE,NC,287782099,Private-Nonprofit,325,326,1284044,587,1284044,359,370,1223581,679,1223581,1,1,10000,1,10000,66,73,835621,115,835621,-,-, -,-, -
00298100,WESTERN CAROLINA UNIVERSITY,NC,287239731,Public,3400,3518,12902666,6138,12902666,3794,4044,13666459,6866,13666459,812,931,11975455,1525,11975455,605,692,6057248,1156,6057248,136,188,1529333,235,1529333
00298400,UNIVERSITY OF NORTH CAROLINA AT WILMINGTON (THE),NC,284033297,Public,3920,4168,15728784,7624,15728784,4797,5152,19716005,9638,19716005,1406,1773,20246196,3734,20246196,884,1026,15600956,1794,15600956,113,135,1095172,266,1095172
00298500,WINGATE UNIVERSITY,NC,281740159,Private-Nonprofit,1133,1156,4657096,2087,4657096,1196,1346,3989970,2443,3989970,534,617,13096971,1331,13096971,296,327,4089171,564,4089171,396,493,11492212,1091,11492212
00298600,WINSTON-SALEM STATE UNIVERSITY,NC,271100001,Public,2769,3026,10877865,5739,10877865,2761,3246,9135912,6152,9135912,346,474,5273417,918,5273417,679,761,7863318,1476,7863318,21,26,169600,50,169600
00298800,BISMARCK STATE COLLEGE,ND,585011299,Public,560,585,1724066,949,1724066,834,856,3622247,1425,3622247,-,-, -,-, -,5,5,43807,9,43807,-,-, -,-, -
00298900,DICKINSON STATE UNIVERSITY,ND,586014896,Public,309,347,1061604,550,1061604,432,487,2037718,817,2037718,14,18,143942,24,143942,20,24,131234,38,131234,-,-, -,-, -
00299000,UNIVERSITY OF JAMESTOWN,ND,584053401,Private-Nonprofit,404,405,1608506,761,1608506,612,628,2713279,1179,2713279,154,157,2523853,358,2523853,59,66,786828,112,786828,42,47,874240,101,874240
00299100,LAKE REGION STATE COLLEGE,ND,583011598,Public,191,204,623991,330,623991,237,252,1035633,432,1035633,-,-, -,-, -,2,2,17408,4,17408,-,-, -,-, -
00299200,UNIVERSITY OF MARY,ND,585049652,Private-Nonprofit,862,956,3847015,1996,3847015,1048,1164,4743111,2383,4743111,532,692,10961860,1505,10961860,48,65,757918,109,757918,41,73,916071,115,916071
00299300,MAYVILLE STATE UNIVERSITY,ND,582571299,Public,323,369,1243377,574,1243377,345,387,1518772,632,1518772,33,37,378388,55,378388,14,17,98514,26,98514,-,-, -,-, -
00299400,MINOT STATE UNIVERSITY,ND,587070001,Public,672,751,2470757,1187,2470757,815,922,3742807,1532,3742807,74,96,863594,152,863594,16,17,134137,31,134137,1,1,2918,1,2918
00299500,DAKOTA COLLEGE AT BOTTINEAU,ND,583181159,Public,150,156,476964,271,476964,165,184,675761,323,675761,-,-, -,-, -,9,9,94617,17,94617,-,-, -,-, -
00299600,NORTH DAKOTA STATE COLLEGE OF SCIENCE,ND,580760002,Public,618,660,1932013,1137,1932013,926,1009,3509103,1787,3509103,-,-, -,-, -,43,47,381825,84,381825,-,-, -,-, -
00299700,NORTH DAKOTA STATE UNIVERSITY - FARGO,ND,581020000,Public,3096,3257,12240751,5793,12240751,4771,5156,21066519,9470,21066519,441,570,8399615,945,8399615,221,259,2725845,433,2725845,11,11,74016,16,74016
00300500,UNIVERSITY OF NORTH DAKOTA,ND,582028193,Public,2887,3553,11708229,5854,11708229,3995,4380,18293951,7577,18293951,1900,2234,37222721,3957,37222721,316,414,6608444,640,6608444,366,481,5921086,839,5921086
00300700,WILLISTON STATE COLLEGE,ND,588014464,Public,79,82,232636,139,232636,126,129,609047,229,609047,-,-, -,-, -,1,2,5505,4,5505,-,-, -,-, -
00300800,VALLEY CITY STATE UNIVERSITY,ND,580720000,Public,325,358,1253568,580,1253568,430,479,1959880,803,1959880,28,36,268866,52,268866,21,23,146052,36,146052,-,-, -,-, -
00301000,ANTIOCH UNIVERSITY,OH,453871608,Private-Nonprofit,179,256,787270,542,787270,173,248,1068919,527,1068919,2202,3443,45535821,6034,45515321,-,-, -,-, -,796,1217,20870300,2174,20849731
00301100,ART ACADEMY OF CINCINNATI,OH,452027106,Private-Nonprofit,171,171,706477,313,706477,176,187,590679,341,590679,2,2,19700,5,19700,46,49,909590,87,909590,-,-, -,-, -
00301200,ASHLAND UNIVERSITY,OH,448053799,Private-Nonprofit,912,1006,3558765,1713,3558765,1162,1317,4564062,2282,4564062,455,723,7335572,918,7335572,224,315,3613285,441,3613285,67,135,1669559,167,1669559
00301400,BALDWIN WALLACE UNIVERSITY,OH,440172088,Private-Nonprofit,1227,1272,5341139,2423,5341139,1499,1598,5426488,3058,5426488,175,218,3805176,507,3784674,399,421,7306626,748,7306626,82,96,2262839,217,2262839
00301600,BLUFFTON UNIVERSITY,OH,458172104,Private-Nonprofit,387,397,1613461,734,1608128,440,502,1588164,939,1583498,31,37,521081,60,510831,103,110,1329218,186,1329218,-,-, -,-, -
00301800,BOWLING GREEN STATE UNIVERSITY,OH,434030001,Public,5753,6135,22547026,10879,22547026,7017,7779,25670557,13834,25670557,1089,1422,17977677,2157,17977677,1836,1986,32723315,3663,32723315,139,194,5700514,367,5700514
00302300,CAPITAL UNIVERSITY,OH,432092394,Private-Nonprofit,864,881,3640245,1645,3640245,973,986,3437412,1885,3437412,313,391,5990883,643,5990883,267,285,4151146,521,4151146,186,221,3957058,386,3957058
00302400,CASE WESTERN RESERVE UNIVERSITY,OH,441067049,Private-Nonprofit,1537,1650,6670655,3081,6670655,1619,1717,5369728,3233,5369728,1776,2434,42824613,4737,42736366,330,437,8472696,693,8472696,1646,2837,59556323,3410,59534847
00302500,CEDARVILLE UNIVERSITY,OH,453148564,Private-Nonprofit,1231,1307,5351982,2391,5351982,1342,1379,4776657,2558,4776657,233,297,6105754,667,6105754,517,556,9785069,974,9785069,128,169,4558672,402,4558672
00302600,CENTRAL STATE UNIVERSITY,OH,453841004,Public,1442,1443,5103890,2593,5103890,1469,1530,5311123,2738,5311123,12,12,175333,21,175333,261,261,2641973,504,2641973,1,1,24577,2,24577
00303000,OHIO CHRISTIAN UNIVERSITY,OH,431139487,Private-Nonprofit,519,737,1887350,1485,1887350,631,920,3019649,1823,3019649,114,178,1579576,356,1579576,52,57,608568,119,608568,-,-, -,-, -
00303100,CLEVELAND INSTITUTE OF MUSIC (THE),OH,441061776,Private-Nonprofit,48,48,198492,91,198492,48,48,171042,90,171042,42,43,777887,83,777887,8,8,138974,15,138974,10,10,198041,21,198041
00303200,CLEVELAND STATE UNIVERSITY,OH,441152214,Public,3964,4083,15891795,6989,15891795,4014,4265,16004640,7324,16004640,1904,2041,33041144,3402,33041144,431,486,5976387,793,5976387,429,580,9313016,843,9313016
00303300,MOUNT ST. JOSEPH UNIVERSITY,OH,452331670,Private-Nonprofit,603,711,2510370,1241,2510370,765,921,3068742,1654,3068742,341,530,7842763,832,7842763,164,189,2246510,318,2246510,129,233,2340046,323,2340046
00303500,OHIO DOMINICAN UNIVERSITY,OH,432192099,Private-Nonprofit,388,406,1519147,720,1519147,472,496,1871278,881,1871278,196,272,4354830,517,4354830,147,147,1981515,260,1981515,111,193,3645486,297,3645486
00303600,FRANCISCAN UNIVERSITY OF STEUBENVILLE,OH,439521763,Private-Nonprofit,1156,1211,4936793,2235,4936793,1407,1470,5192823,2725,5192823,153,188,2413791,312,2413791,188,208,3060888,334,3060888,9,11,91524,19,91524
00303700,COLLEGE OF WOOSTER (THE),OH,446912363,Private-Nonprofit,654,655,2845096,1261,2845096,744,749,2455781,1457,2455781,-,-, -,-, -,176,179,3261151,353,3261151,-,-, -,-, -
00303900,COLUMBUS COLLEGE OF ART & DESIGN,OH,432151758,Private-Nonprofit,578,587,2449260,1083,2449260,610,627,1861887,1161,1861887,16,26,421986,60,421986,187,203,4159268,358,4159268,4,4,44637,7,44637
00304000,CUYAHOGA COMMUNITY COLLEGE,OH,441152878,Public,1769,2027,4114455,3578,4114455,1765,2085,4809799,3701,4809799,-,-, -,-, -,6,6,36910,11,36910,-,-, -,-, -
00304100,DEFIANCE COLLEGE,OH,435121695,Private-Nonprofit,310,330,1232735,574,1232735,333,403,1161974,699,1161974,17,22,342890,40,336211,109,135,1651708,220,1651708,-,-, -,-, -
00304200,DENISON UNIVERSITY,OH,430231329,Private-Nonprofit,535,538,2327798,1048,2327798,759,772,3080100,1502,3080100,-,-, -,-, -,119,131,3465083,227,3465083,-,-, -,-, -
00304500,UNIVERSITY OF FINDLAY (THE),OH,458403695,Private-Nonprofit,923,1115,3748952,2121,3748952,1234,1480,4809017,2819,4809017,535,709,9102937,1285,9102937,336,372,5520340,653,5520340,252,279,6220264,674,6220264
00304600,FRANKLIN UNIVERSITY,OH,432155399,Private-Nonprofit,2667,3396,12127178,12095,12122346,2514,3159,15737563,11370,15731066,1534,2145,29173436,8168,29170019,28,30,412078,120,412078,206,254,4450492,1098,4450492
00304800,HEIDELBERG UNIVERSITY,OH,448832462,Private-Nonprofit,500,510,1937975,955,1937975,635,659,2364036,1229,2364036,57,78,663880,116,663880,162,170,2129456,306,2129456,5,5,32401,8,32401
00304900,HIRAM COLLEGE,OH,442341808,Private-Nonprofit,461,469,1857422,871,1857422,503,539,1663343,1010,1663343,7,7,137817,16,137817,132,141,1722423,246,1722423,-,-, -,-, -
00305000,JOHN CARROLL UNIVERSITY,OH,441184581,Private-Nonprofit,895,903,3706699,1731,3706699,1100,1143,3938526,2207,3938526,221,277,4233466,483,4223216,246,275,4803797,488,4803797,42,50,470276,98,470276
00305100,KENT STATE UNIVERSITY,OH,442420001,Public,9788,10991,38770161,20257,38651525,11238,12827,46923854,23804,46761487,1649,2172,37081919,4325,36760101,1720,2202,26487849,3444,26487849,339,606,10368675,1106,10368675
00306500,KENYON COLLEGE,OH,430229623,Private-Nonprofit,297,298,1222207,574,1222207,418,650,1844507,1276,1844507,-,-, -,-, -,104,115,3497469,207,3497469,-,-, -,-, -
00306600,LAKE ERIE COLLEGE,OH,440773389,Private-Nonprofit,317,354,1279688,605,1279688,378,404,1248915,721,1248915,88,96,1454753,196,1454753,84,92,1237914,170,1237914,50,55,1607226,121,1607226
00306800,LORAIN COUNTY COMMUNITY COLLEGE,OH,440351691,Public,583,659,2043524,2027,2038344,702,797,3490724,2481,3478398,-,-, -,-, -,10,10,90570,36,90570,-,-, -,-, -
00306900,LOURDES UNIVERSITY,OH,435602898,Private-Nonprofit,339,358,1296745,638,1295245,330,369,1079339,657,1078672,120,157,2612020,326,2605186,115,124,1745883,218,1745883,68,91,2323811,201,2277836
00307200,MALONE UNIVERSITY,OH,447093897,Private-Nonprofit,436,536,1923063,934,1923063,511,597,1834373,1070,1834373,128,169,2529784,338,2529784,129,135,1798609,260,1798609,17,17,290511,42,290511
00307300,MARIETTA COLLEGE,OH,457504033,Private-Nonprofit,567,567,2331634,1082,2331634,703,703,2361339,1336,2361339,66,96,1621872,162,1611622,166,176,2450690,308,2450690,30,70,2161241,121,2161241
00307500,METHODIST THEOLOGICAL SCHOOL IN OHIO,OH,430153211,Private-Nonprofit,-,-, -,-, -,-,-, -,-, -,21,21,321253,36,321253,-,-, -,-, -,3,3,54912,5,54912
00307700,MIAMI UNIVERSITY,OH,450561831,Public,4146,4907,16740035,7871,16740035,5929,7292,24656065,11754,24656065,480,634,7418471,902,7418471,1320,1491,30412345,2836,30412345,78,105,1562617,160,1562617
00307800,WRIGHT STATE UNIVERSITY,OH,454350002,Public,2409,2687,9738517,5019,9738517,2637,3065,11528704,5712,11528704,811,1174,30719542,2396,30704668,388,462,4407727,802,4407727,500,888,15080727,1757,15023839
00308300,UNIVERSITY OF MOUNT UNION,OH,446013993,Private-Nonprofit,872,913,3564937,1687,3564937,1116,1221,4241985,2278,4241985,173,221,3886852,528,3873185,257,280,4095710,489,4095710,96,116,3479131,304,3451828
00308400,MUSKINGUM UNIVERSITY,OH,437621837,Private-Nonprofit,775,847,3133438,1452,3133438,921,1101,3567107,1914,3567107,141,199,2433939,199,2433939,183,210,2618432,360,2618432,51,65,1644483,65,1644483
00308500,NOTRE DAME COLLEGE OF OHIO,OH,441214293,Private-Nonprofit,598,598,2377707,1089,2307041,674,726,2455571,1313,2370393,40,40,450010,61,439760,115,116,1510131,218,1504791,2,2,20700,3,20700
00308600,OBERLIN COLLEGE,OH,440741090,Private-Nonprofit,708,711,3026586,1364,3026586,816,817,2864211,1571,2864211,3,3,61500,6,61500,138,140,3907251,257,3907251,2,2,39784,4,39784
00308900,OHIO NORTHERN UNIVERSITY,OH,458101555,Private-Nonprofit,1024,1145,4472069,2091,4472069,1270,1377,4793700,2576,4793700,247,334,7901317,654,7901317,287,333,5213625,564,5213625,118,176,2154941,298,2154941
00309000,OHIO STATE UNIVERSITY (THE),OH,432011601,Public,9710,10654,41558534,20716,41547366,12385,14058,52353510,27387,52338398,3521,4481,114387828,10298,114387828,2980,3328,63956573,6269,63944803,1809,2477,46744729,5540,46744729
00310000,OHIO UNIVERSITY,OH,457012979,Public,7075,7963,29656262,14868,29369090,8827,10151,38646578,19349,38242786,2172,3019,62682246,6216,61742350,1700,2130,27688352,3548,27678419,638,1177,23448508,2484,23404575
00310900,OHIO WESLEYAN UNIVERSITY,OH,430152398,Private-Nonprofit,662,665,2706998,1264,2706998,810,858,2955750,1633,2955750,-,-, -,-, -,138,159,2569853,277,2569853,-,-, -,-, -
00311000,OTTERBEIN UNIVERSITY,OH,430812006,Private-Nonprofit,833,971,3672724,1806,3672724,968,1113,3854385,2129,3854385,82,86,1509734,225,1509734,247,268,4166566,490,4166566,37,44,1331322,106,1331322
00311300,PONTIFICAL COLLEGE JOSEPHINUM,OH,432351498,Private-Nonprofit,9,9,37750,9,37750,8,8,24000,9,24000,4,4,82000,4,82000,-,-, -,-, -,-,-, -,-, -
00311400,FIRELANDS REGIONAL MEDICAL CENTER,OH,448704788,Private-Nonprofit,28,40,151660,82,151660,24,36,137481,72,137481,-,-, -,-, -,1,1,2500,1,2500,-,-, -,-, -
00311600,UNIVERSITY OF RIO GRANDE,OH,456743131,Private-Nonprofit,609,655,2271742,1188,2271742,613,683,2333726,1254,2333726,3,3,55298,6,55298,47,48,449760,95,449760,-,-, -,-, -
00311900,SINCLAIR COMMUNITY COLLEGE,OH,454021460,Public,3075,3483,8775368,5979,8537815,2623,3066,7382998,5291,7149330,-,-, -,-, -,23,27,186731,54,186731,-,-, -,-, -
00312100,TIFFIN UNIVERSITY,OH,448832161,Private-Nonprofit,1296,1425,5533698,2651,5530032,1311,1576,5056618,2865,5056618,516,779,9438989,1335,9432205,281,321,5186385,579,5186385,42,58,657967,116,657967
00312200,UNITED THEOLOGICAL SEMINARY,OH,454262308,Private-Nonprofit,-,-, -,-, -,13,13,75276,23,75276,265,358,3588886,619,3461834,-,-, -,-, -,19,26,688304,46,688304
00312300,UNIVERSITY OF AKRON (THE),OH,443254702,Public,3143,3382,12390168,5825,11925056,3387,3660,13768137,6414,13264155,795,936,13197062,1554,12894511,554,638,7105755,1048,6911236,220,298,3695266,424,3656563
00312500,UNIVERSITY OF CINCINNATI,OH,452210125,Public,12803,14547,49318314,25404,49318314,14019,15884,53627419,28273,53627419,4257,5012,83473597,9357,83473597,2489,3022,50606287,5156,50606287,957,1488,17633983,2370,17633983
00312700,UNIVERSITY OF DAYTON,OH,454691668,Private-Nonprofit,2136,2149,8531862,4109,8531862,2944,2954,11487702,5644,11487702,947,994,14802697,2095,14802697,721,762,13602118,1371,13602118,377,413,6488639,870,6488639
00313100,UNIVERSITY OF TOLEDO,OH,436063390,Public,3083,3394,11785642,5961,11781558,3560,4174,15294877,7382,15280931,1356,2328,41696721,5342,41689887,583,671,8465431,1220,8465431,803,1326,23721413,2904,23721413
00313400,URSULINE COLLEGE,OH,441244398,Private-Nonprofit,427,490,1930518,847,1930518,412,494,2039668,854,2039668,228,292,4845499,547,4845499,46,53,816265,87,816265,110,221,3139996,260,3139996
00313500,WALSH UNIVERSITY,OH,447203396,Private-Nonprofit,531,597,2151250,1089,2147418,672,764,2789371,1424,2783371,335,450,7294588,933,7201232,101,122,1526201,223,1526201,69,96,1299848,225,1299848
00314100,WILBERFORCE UNIVERSITY,OH,453841001,Private-Nonprofit,477,477,1725144,906,1725144,480,530,1447968,998,1447968,12,12,184638,21,184638,76,76,591494,141,591494,2,2,10000,4,10000
00314200,WILMINGTON COLLEGE,OH,451772499,Private-Nonprofit,486,554,2006851,957,2006851,602,717,2142855,1268,2142855,24,32,563927,61,563927,148,163,2203860,285,2203860,5,6,125350,12,125350
00314300,WITTENBERG UNIVERSITY,OH,455012199,Private-Nonprofit,608,609,2458433,1144,2458433,752,755,2587434,1421,2587434,13,13,206100,24,206100,195,209,3024604,373,3024604,-,-, -,-, -
00314400,XAVIER UNIVERSITY,OH,452071035,Private-Nonprofit,1594,1661,6754890,3171,6754890,2282,2412,9329765,4586,9329765,372,482,7894829,965,7894829,614,732,15430608,1322,15430608,67,87,1202287,164,1202287
00314500,YOUNGSTOWN STATE UNIVERSITY,OH,445550001,Public,2512,2671,8947933,4499,8947933,2778,3075,11188402,5313,11188402,1317,1740,17701238,2520,17701238,606,678,6304389,1134,6304389,136,213,1902827,297,1902827
00314600,WESTERN OKLAHOMA STATE COLLEGE,OK,735211397,Public,164,168,510091,306,510091,148,152,529804,271,529804,-,-, -,-, -,3,3,18023,5,18023,-,-, -,-, -
00314700,BACONE COLLEGE,OK,744031597,Private-Nonprofit,2,2,4748,2,4748,1,1,1000,1,1000,-,-, -,-, -,-,-, -,-, -,-,-, -,-, -
00314900,SOUTHERN NAZARENE UNIVERSITY,OK,730082694,Private-Nonprofit,856,976,3076690,1421,3076690,922,1053,3883497,1584,3883497,622,655,7985812,1008,7985812,115,127,1543990,196,1543990,15,15,269688,25,269688
00315000,CAMERON UNIVERSITY,OK,735056377,Public,851,954,3229247,1787,3229247,771,841,3492107,1567,3492107,146,159,2028173,301,2028173,19,21,232535,42,232535,1,1,6940,2,6940
00315100,OKLAHOMA WESLEYAN UNIVERSITY,OK,740066299,Private-Nonprofit,360,377,1317765,696,1317765,419,438,1495533,800,1495533,51,52,792855,129,792855,121,131,2096213,223,2096213,-,-, -,-, -
00315200,UNIVERSITY OF CENTRAL OKLAHOMA,OK,730345209,Public,3138,3318,12391705,5715,12391705,2985,3168,12368451,5472,12368451,520,586,7642539,929,7642539,319,379,5217259,622,5217259,38,48,392443,69,392443
00315300,CONNORS STATE COLLEGE,OK,744692204,Public,489,489,1762688,866,1619369,451,451,2142368,791,1983130,-,-, -,-, -,9,10,81706,18,81706,-,-, -,-, -
00315400,EAST CENTRAL UNIVERSITY,OK,748206999,Public,772,826,2889828,1376,2889828,799,854,3478541,1440,3478541,255,296,3396848,447,3396848,52,54,528205,94,528205,-,-, -,-, -
00315500,EASTERN OKLAHOMA STATE COLLEGE,OK,745784999,Public,181,181,538436,364,538436,165,165,640198,331,640198,-,-, -,-, -,8,8,71520,16,71520,-,-, -,-, -
00315600,REDLANDS COMMUNITY COLLEGE,OK,730365304,Public,99,103,273360,184,273360,93,98,339880,183,339880,-,-, -,-, -,8,8,48791,13,48791,-,-, -,-, -
00315700,LANGSTON UNIVERSITY,OK,730500000,Public,1006,1027,3664443,1853,3664443,973,982,3053240,1762,3053240,138,164,2165794,321,2165794,213,213,2588747,415,2588747,24,29,219273,57,219273
00315800,MURRAY STATE COLLEGE,OK,734603137,Public,399,400,1310786,700,1310786,392,392,1592756,687,1592756,-,-, -,-, -,9,9,56088,16,56088,-,-, -,-, -
00316000,NORTHEASTERN OKLAHOMA A & M COLLEGE,OK,743546497,Public,715,722,2262763,1301,2262763,631,643,2759562,1166,2759562,-,-, -,-, -,26,26,230734,50,230734,-,-, -,-, -
00316100,NORTHEASTERN STATE UNIVERSITY,OK,744642399,Public,1549,1632,5615966,2713,5615966,1561,1659,7113096,2789,7113096,745,854,11665271,1364,11665271,192,202,1827509,353,1827509,173,213,2206812,311,2206812
00316200,NORTHERN OKLAHOMA COLLEGE,OK,746530310,Public,600,636,1974946,1156,1974946,569,598,2251395,1078,2251395,-,-, -,-, -,45,54,493436,103,493436,-,-, -,-, -
00316300,NORTHWESTERN OKLAHOMA STATE UNIVERSITY,OK,737172799,Public,547,601,1955556,968,1955556,565,638,2387769,1061,2387769,96,135,1101656,189,1101656,53,56,474443,92,474443,-,-, -,-, -
00316400,OKLAHOMA BAPTIST UNIVERSITY,OK,748012590,Private-Nonprofit,434,434,1772282,842,1772282,480,480,1638524,941,1638524,53,53,728355,104,728355,113,121,1667661,257,1667661,-,-, -,-, -
00316500,OKLAHOMA CHRISTIAN UNIVERSITY,OK,730130000,Private-Nonprofit,693,719,2513099,1360,2513099,681,717,2829743,1345,2829743,45,52,506095,109,506095,216,233,3224197,429,3224197,1,1,2450,3,2450
00316600,OKLAHOMA CITY UNIVERSITY,OK,731061493,Private-Nonprofit,481,519,2190562,966,2190562,576,622,2540836,1172,2540836,650,807,14988252,1818,14974584,302,342,7526729,653,7526729,434,602,16270428,1271,16270428
00316700,UNIVERSITY OF SCIENCE & ARTS OF OKLAHOMA,OK,730185322,Public,309,446,1293251,870,1293251,252,375,1069896,736,1069896,-,-, -,-, -,29,41,322229,78,322229,-,-, -,-, -
00316800,ROGERS STATE UNIVERSITY,OK,740173252,Public,1017,1068,3673585,1753,3673585,945,999,4070245,1636,4070245,77,77,1057070,120,1057070,63,66,736218,122,736218,-,-, -,-, -
00317000,OKLAHOMA STATE UNIVERSITY,OK,740781026,Public,6087,7050,25511819,11808,25511819,6842,7877,26770634,13224,26770634,1848,2158,34407294,3542,34407294,2858,3190,60815271,5503,60815271,613,774,8398483,1215,8398483
00317200,OKLAHOMA STATE UNIVERSITY INSTITUTE OF TECHNOLOGY - OKMULGEE,OK,744473901,Public,786,808,2433379,1871,2433379,713,752,2646061,1772,2646061,-,-, -,-, -,114,124,1682676,313,1682676,-,-, -,-, -
00317400,OKLAHOMA PANHANDLE STATE UNIVERSITY,OK,739390000,Public,366,382,1231072,615,1231072,382,415,1627485,660,1627485,-,-, -,-, -,28,31,191443,46,191443,-,-, -,-, -
00317600,CARL ALBERT STATE COLLEGE,OK,749535208,Public,216,242,712629,461,712629,193,228,729977,435,729977,-,-, -,-, -,5,5,29293,9,29293,-,-, -,-, -
00317800,SEMINOLE STATE COLLEGE,OK,748180351,Public,218,218,724313,410,724313,196,196,743580,375,743580,-,-, -,-, -,10,11,81869,19,81869,-,-, -,-, -
00317900,SOUTHEASTERN OKLAHOMA STATE UNIVERSITY,OK,747010609,Public,888,911,3301312,1462,3301312,901,953,4294463,1531,4294463,1596,1599,18637649,3186,18635538,53,55,520645,95,520645,-,-, -,-, -
00318000,SOUTHWESTERN CHRISTIAN UNIVERSITY,OK,730082335,Private-Nonprofit,130,130,499877,253,499877,146,153,478247,282,478247,4,4,58847,8,58847,29,29,395932,61,395932,-,-, -,-, -
00318100,SOUTHWESTERN OKLAHOMA STATE UNIVERSITY,OK,730963098,Public,1156,1243,4222579,2018,4222579,1103,1197,4870220,1975,4870220,425,628,7016187,975,7016187,131,140,1439456,236,1439456,53,63,336528,86,336528
00318400,UNIVERSITY OF OKLAHOMA,OK,730193073,Public,6206,6654,25999388,11948,25999388,6745,7236,26317243,13078,26317243,4676,5658,95919208,9953,95919208,1792,2122,46550623,3683,46550623,1316,1741,32610745,3191,32610745
00318500,UNIVERSITY OF TULSA (THE),OK,741049700,Private-Nonprofit,770,806,3368489,1435,3368489,822,888,3295861,1601,3295861,413,500,8264157,760,8264157,248,288,5539207,492,5539207,237,310,5771491,479,5771491
00318600,BLUE MOUNTAIN COMMUNITY COLLEGE,OR,978010000,Public,102,102,332031,251,332031,100,100,419788,252,419788,-,-, -,-, -,2,2,25000,6,25000,-,-, -,-, -
00318800,CENTRAL OREGON COMMUNITY COLLEGE,OR,977035998,Public,863,965,2792449,2313,2789074,828,935,3763774,2257,3759274,-,-, -,-, -,33,35,604991,87,604991,-,-, -,-, -
00318900,CLATSOP COMMUNITY COLLEGE,OR,971033698,Public,69,69,227829,168,227829,63,63,246858,152,246858,-,-, -,-, -,-,-, -,-, -,-,-, -,-, -
00319300,EASTERN OREGON UNIVERSITY,OR,978502807,Public,808,887,3491222,2232,3491222,813,898,4292200,2283,4292200,157,210,3175278,597,3175278,120,123,1614642,345,1614642,42,45,491645,155,491645
00319400,GEORGE FOX UNIVERSITY,OR,971322697,Private-Nonprofit,1179,1411,4955728,2645,4955728,1371,1603,5647669,2978,5647669,902,2026,16788401,2026,16788401,279,554,5938312,556,5938312,323,817,10593618,818,10593618
00319600,LANE COMMUNITY COLLEGE,OR,974050640,Public,1285,1458,4078443,3389,4057884,491,546,2384956,1368,2367880,-,-, -,-, -,39,45,397793,100,397793,-,-, -,-, -
00319700,LEWIS & CLARK COLLEGE,OR,972197899,Private-Nonprofit,577,599,2414627,1132,2414627,607,629,2108556,1191,2108556,630,828,15350495,1848,15343661,131,145,3174193,238,3174193,471,743,18948693,1699,18935999
00319800,LINFIELD UNIVERSITY,OR,971286894,Private-Nonprofit,853,953,3679336,1717,3679336,957,1033,3837214,1882,3833670,33,57,1129324,133,1129324,191,250,4158825,397,4158825,24,45,1781498,106,1781498
00320300,MOUNT ANGEL SEMINARY,OR,973739700,Private-Nonprofit,3,3,15500,6,15500,4,4,12567,7,12567,1,1,4510,2,4510,-,-, -,-, -,-,-, -,-, -
00320400,MT. HOOD COMMUNITY COLLEGE,OR,970303300,Public,916,1083,3042082,2634,3042082,812,965,3843490,2344,3838990,-,-, -,-, -,2,2,27000,6,27000,-,-, -,-, -
00320600,MULTNOMAH UNIVERSITY,OR,972205814,Private-Nonprofit,124,133,483156,225,478656,115,119,403432,205,393682,75,78,936135,130,936135,22,27,238178,41,238178,10,13,123377,18,123377
00320800,BUSHNELL UNIVERSITY,OR,974013727,Private-Nonprofit,256,278,1177534,526,1175200,305,338,1436254,624,1434920,134,183,2695055,338,2695055,44,45,761748,85,761748,10,14,204245,29,204245
00320900,WESTERN OREGON UNIVERSITY,OR,973611394,Public,1065,1167,4342645,3106,4337145,1060,1151,4423201,3037,4416883,171,227,3397733,602,3387483,160,166,2409156,464,2401202,17,20,228226,52,228226
00321000,OREGON STATE UNIVERSITY,OR,973318507,Public,7951,9006,34184174,23122,33596319,8497,9629,40939866,25025,40098453,1137,1427,30805117,4043,30534256,1555,1841,38372098,5126,38037474,390,578,10920306,1680,10817138
00321100,OREGON INSTITUTE OF TECHNOLOGY,OR,976018801,Public,825,985,3549598,2535,3508888,866,1051,4130175,2728,4087720,47,60,956170,173,930545,281,310,5337192,830,5328233,18,28,556478,99,539320
00321200,PACIFIC UNIVERSITY,OR,971161797,Private-Nonprofit,748,789,3122567,1533,3122567,847,899,3154909,1747,3154909,1164,1350,32011334,3218,32011334,240,304,6574155,506,6574155,969,1654,32943117,3412,32943117
00321300,PORTLAND COMMUNITY COLLEGE,OR,972197132,Public,4203,4965,13272409,11339,13271534,3601,4189,14576596,9758,14576596,-,-, -,-, -,57,69,808889,168,808889,-,-, -,-, -
00321600,PORTLAND STATE UNIVERSITY,OR,972010000,Public,5102,5256,19892669,13100,19892669,4639,4795,21348201,11902,21348201,1738,1791,29342675,4737,29342675,269,321,4943682,792,4943682,351,455,5070845,1199,5070845
00321700,REED COLLEGE,OR,972028199,Private-Nonprofit,388,397,1579647,740,1579647,460,470,1719717,890,1719717,2,2,32403,2,32403,82,94,2904587,159,2904587,-,-, -,-, -
00321800,CHEMEKETA COMMUNITY COLLEGE,OR,973091500,Public,1394,1777,4653010,4079,4631029,1256,1528,5584493,3578,5541638,-,-, -,-, -,3,3,26215,5,26215,-,-, -,-, -
00321900,SOUTHERN OREGON UNIVERSITY,OR,975205010,Public,966,1103,3878001,2719,3878001,1006,1091,4062838,2756,4062838,312,350,4845692,762,4845692,209,225,4271945,638,4271945,113,153,1564424,326,1564424
00322000,SOUTHWESTERN OREGON COMMUNITY COLLEGE,OR,974202956,Public,230,268,741249,703,741249,252,292,973027,755,973027,-,-, -,-, -,30,30,261578,69,261578,-,-, -,-, -
00322100,TREASURE VALLEY COMMUNITY COLLEGE,OR,979143423,Public,279,279,960855,676,845344,250,250,1112855,607,963422,-,-, -,-, -,10,10,311751,26,299231,-,-, -,-, -
00322200,UMPQUA COMMUNITY COLLEGE,OR,974700226,Public,509,520,1345617,1206,1345617,131,134,515033,317,515033,-,-, -,-, -,-,-, -,-, -,-,-, -,-, -
00322300,UNIVERSITY OF OREGON,OR,974031226,Public,4455,5763,18306667,12866,18306667,5158,6678,19243543,15132,19243543,1270,1753,22184439,3300,22184439,3167,4424,101017816,10141,101017816,817,1222,20687483,2271,20687483
00322400,UNIVERSITY OF PORTLAND,OR,972035798,Private-Nonprofit,933,983,3986842,1818,3986842,1038,1107,3627853,2049,3627853,72,98,1135429,133,1135429,577,758,15075581,1249,15075581,36,51,420878,56,420878
00322500,WARNER PACIFIC UNIVERSITY,OR,972154099,Private-Nonprofit,265,268,1034182,427,1034182,260,262,1050524,416,1050524,21,21,169947,21,169947,32,34,539241,56,539241,-,-, -,-, -
00322700,WILLAMETTE UNIVERSITY,OR,973013930,Private-Nonprofit,661,835,2575680,1259,2575680,715,896,2543506,1398,2543506,411,557,9378835,1032,9368585,177,243,3712917,360,3712917,354,610,13184655,1093,13162182
00322800,BRYN ATHYN COLLEGE OF THE NEW CHURCH,PA,190090717,Private-Nonprofit,127,132,488014,345,488014,150,152,541463,409,541463,-,-, -,-, -,35,36,431108,93,431108,-,-, -,-, -
00322900,ALBRIGHT COLLEGE,PA,196125234,Private-Nonprofit,845,849,3215903,1530,3180281,959,1036,3183869,1869,3142510,90,92,1153620,209,1153620,203,230,2934726,392,2934726,8,11,73851,18,73851
00323000,ALLEGHENY COLLEGE,PA,163353902,Private-Nonprofit,539,542,2319196,1030,2319196,664,684,2330666,1242,2330666,-,-, -,-, -,139,156,2442411,266,2442411,-,-, -,-, -
00323100,COMMUNITY COLLEGE OF ALLEGHENY COUNTY,PA,152331804,Public,1225,1845,3376519,2715,3376519,1292,1964,4308766,2884,4308766,-,-, -,-, -,47,60,355985,96,355985,-,-, -,-, -
00323300,ALVERNIA UNIVERSITY,PA,196071799,Private-Nonprofit,1249,1322,5022696,2353,5022696,1471,1623,5518298,2894,5518298,252,357,4856782,528,4856782,290,325,6278788,548,6278788,68,106,1471490,149,1471490
00323500,ARCADIA UNIVERSITY,PA,190383295,Private-Nonprofit,889,917,3766699,1716,3766699,1113,1596,4112793,3033,4112793,554,697,11829531,1519,11805932,213,256,4244302,422,4244302,293,466,13753846,1006,13753846
00323700,BRYN MAWR COLLEGE,PA,190102899,Private-Nonprofit,323,323,1315354,615,1315354,398,399,1709591,767,1709591,106,128,2403793,222,2403793,64,73,1590988,122,1590988,21,28,481811,45,481811
00323800,BUCKNELL UNIVERSITY,PA,178372122,Private-Nonprofit,1059,1068,4744739,2079,4744739,1199,1203,3796974,2371,3796974,2,2,30750,3,30750,276,315,10000956,555,10000956,-,-, -,-, -
00323900,BUCKS COUNTY COMMUNITY COLLEGE,PA,189401320,Public,503,559,1455511,822,1455511,670,784,2675166,1185,2675166,-,-, -,-, -,31,38,170462,47,170462,-,-, -,-, -
00324000,BUTLER COUNTY COMMUNITY COLLEGE,PA,160021203,Public,272,290,620634,420,620634,392,421,1377947,654,1377947,-,-, -,-, -,19,20,102343,32,102343,-,-, -,-, -
00324100,CABRINI UNIVERSITY,PA,190873698,Private-Nonprofit,349,349,1408627,618,1408627,406,408,1301122,718,1301122,74,74,1115779,120,1115779,78,79,1209691,136,1209691,9,9,120295,14,120295
00324200,CARNEGIE MELLON UNIVERSITY,PA,152133890,Private-Nonprofit,1401,1440,6285324,2741,6285324,499,534,1622737,1005,1622737,637,749,12539675,1262,12539675,267,336,8995683,566,8995683,455,593,14306743,963,14306743
00324300,CEDAR CREST COLLEGE,PA,181046196,Private-Nonprofit,555,580,2234756,1021,2234756,631,710,2169937,1233,2169937,247,253,4156165,586,4156165,96,106,1490528,177,1490528,124,166,4546027,304,4546027
00324400,CHATHAM UNIVERSITY,PA,152322826,Private-Nonprofit,591,693,2425846,1098,2425846,773,922,2681084,1486,2681084,551,753,12839349,1294,12839349,138,158,2508053,272,2508053,279,437,8191080,694,8191080
00324500,CHESTNUT HILL COLLEGE,PA,191182693,Private-Nonprofit,658,658,2572013,1244,2572013,704,734,2562358,1395,2562358,298,298,5623845,734,5623845,111,120,1962637,210,1962637,38,38,859981,96,859981
00324700,MISERICORDIA  UNIVERSITY,PA,186121008,Private-Nonprofit,996,1219,4201414,1925,4201414,1230,1548,4898910,2485,4898910,364,557,7361639,748,7361639,234,296,4131829,434,4131829,119,179,2667384,225,2667384
00324900,COMMUNITY COLLEGE OF PHILADELPHIA,PA,191303991,Public,4069,4393,12846049,7856,11724795,3711,3939,15523948,6994,14084937,-,-, -,-, -,41,45,295562,91,293623,-,-, -,-, -
00325200,DELAWARE VALLEY UNIVERSITY,PA,189012697,Private-Nonprofit,1005,1027,4002021,1902,4002021,1222,1230,4115163,2294,4115163,169,171,2765964,431,2765964,344,387,6600994,647,6600994,56,66,2816244,153,2816244
00325300,DICKINSON COLLEGE,PA,170132896,Private-Nonprofit,609,683,2610106,1307,2610106,748,809,2826235,1549,2826235,2,3,32000,6,32000,126,143,3360563,245,3360563,-,-, -,-, -
00325600,DREXEL UNIVERSITY,PA,191042875,Private-Nonprofit,5841,5926,24932982,19382,24932982,5728,5977,19266940,19618,19266940,3537,3605,86974053,8729,86974053,1499,1779,51167117,5702,51167117,1677,2089,62742780,5057,62742780
00325800,DUQUESNE UNIVERSITY OF THE HOLY SPIRIT,PA,152820001,Private-Nonprofit,2533,2586,10509287,4965,10509287,3092,3296,10489719,6328,10489719,1417,1586,25675208,2764,25675208,937,1167,29870872,2056,29870872,723,1102,23328804,1729,23328804
00325900,EASTERN UNIVERSITY,PA,190873696,Private-Nonprofit,1285,1397,5387537,2506,5387537,1394,1520,6536109,2735,6536109,1809,2430,29258415,4654,29258415,222,251,3563479,425,3563479,96,109,1636013,223,1636013
00326200,ELIZABETHTOWN COLLEGE,PA,170222298,Private-Nonprofit,845,955,3543332,1699,3543332,1174,1313,4520978,2367,4520978,209,354,3385607,412,3385607,214,261,3811233,443,3811233,56,142,1274174,153,1274174
00326500,FRANKLIN & MARSHALL COLLEGE,PA,176032802,Private-Nonprofit,697,729,3137563,1359,3137563,789,832,2522355,1568,2522355,-,-, -,-, -,111,135,3818624,214,3818624,-,-, -,-, -
00326600,GANNON UNIVERSITY,PA,165410001,Private-Nonprofit,1129,1142,4571570,2089,4571570,1396,1407,4907809,2588,4907809,665,830,15178638,1519,15164970,258,282,4463597,464,4463597,330,440,12513015,741,12513015
00326700,GENEVA COLLEGE,PA,150103599,Private-Nonprofit,493,496,1927551,913,1927551,634,657,2287226,1210,2287226,62,87,1201945,165,1201945,84,91,1150494,157,1150494,1,1,2500,1,2500
00326800,GETTYSBURG COLLEGE,PA,173251486,Private-Nonprofit,865,876,3892379,1699,3892379,1036,1069,3334162,2074,3334162,55,69,402936,90,402936,212,236,5176229,400,5176229,2,2,23442,5,23442
00327000,GWYNEDD MERCY UNIVERSITY,PA,194370901,Private-Nonprofit,664,690,2889150,1304,2889150,740,790,3329228,1494,3329228,359,411,6598325,899,6598325,104,118,2131146,200,2131146,60,69,1599386,145,1599386
00327200,HARCUM COLLEGE,PA,190103476,Private-Nonprofit,635,664,2150638,1253,2150638,677,753,2948208,1413,2946041,-,-, -,-, -,84,90,1330837,169,1330837,-,-, -,-, -
00327300,HARRISBURG AREA COMMUNITY COLLEGE,PA,171102999,Public,4154,4331,12431657,7268,12431657,3995,4136,15379693,6942,15379693,-,-, -,-, -,52,54,317549,104,317549,-,-, -,-, -
00327400,HAVERFORD COLLEGE,PA,190411392,Private-Nonprofit,68,71,218821,140,218821,113,121,523290,230,523290,-,-, -,-, -,30,33,1189963,57,1189963,-,-, -,-, -
00327500,HOLY FAMILY UNIVERSITY,PA,191142094,Private-Nonprofit,1380,1509,5581665,2605,5581665,1690,1946,7264204,3361,7264204,370,548,5386832,782,5386832,208,278,2833915,432,2833915,36,51,472034,72,472034
00327600,IMMACULATA UNIVERSITY,PA,193450647,Private-Nonprofit,593,600,2370798,1126,2370798,784,797,3189405,1476,3189405,306,394,6021374,922,6021374,138,152,2589978,262,2589978,48,54,1011971,114,1011971
00327700,INDIANA UNIVERSITY OF PENNSYLVANIA,PA,157059717,Public,3390,3722,13263655,6448,13263655,4149,4626,15127367,8153,15127367,688,882,10353911,1376,10353911,743,947,8784589,1536,8784589,99,141,1051870,209,1051870
00327900,JUNIATA COLLEGE,PA,166522196,Private-Nonprofit,644,650,2735727,1247,2735727,751,828,2449847,1575,2449847,34,60,373793,60,373793,128,153,2162190,260,2162190,3,6,32890,6,32890
00328000,KEYSTONE COLLEGE,PA,184400200,Private-Nonprofit,508,508,1945058,905,1867910,600,634,2107602,1125,2025937,44,45,535922,112,520272,109,127,1203643,201,1193385,-,-, -,-, -
00328200,KINGS COLLEGE,PA,187110801,Private-Nonprofit,910,929,3769073,1719,3769073,1055,1092,3496875,2046,3496875,160,183,2993747,319,2993747,220,251,3620571,399,3620571,67,88,1691755,130,1691755
00328300,LACKAWANNA COLLEGE,PA,185099961,Private-Nonprofit,1556,1557,5375546,2817,5375546,1610,1713,6045694,3081,6045694,-,-, -,-, -,177,194,2146279,375,2146279,-,-, -,-, -
00328400,LAFAYETTE COLLEGE,PA,180421768,Private-Nonprofit,405,429,1497376,800,1497376,314,332,1288111,619,1288111,-,-, -,-, -,121,146,4639825,235,4639825,-,-, -,-, -
00328500,LANCASTER BIBLE COLLEGE,PA,176015036,Private-Nonprofit,924,1033,3295594,1764,3295594,957,1048,3818330,1808,3818330,298,319,3926919,596,3926919,49,54,827610,90,827610,4,4,31738,5,31738
00328600,LANCASTER THEOLOGICAL SEMINARY OF THE UNITED CHURCH OF CHRIST,PA,176032897,Private-Nonprofit,-,-, -,-, -,-,-, -,-, -,26,28,390679,47,390679,-,-, -,-, -,1,1,43357,2,43357
00328700,LA SALLE UNIVERSITY,PA,191411199,Private-Nonprofit,840,955,3610246,1605,3610246,952,1153,4053651,1978,4053651,618,1028,12054922,1524,12054922,172,200,2896511,334,2896511,110,146,2411804,217,2411804
00328800,LEBANON VALLEY COLLEGE,PA,170031400,Private-Nonprofit,892,916,3739003,1722,3736253,1082,1158,3880668,2209,3880418,204,269,3550835,408,3514755,271,286,5600994,536,5579403,41,45,827316,90,827316
00328900,LEHIGH UNIVERSITY,PA,180151588,Private-Nonprofit,1779,1836,7489679,3511,7489679,1729,1782,5146124,3424,5146124,151,248,1919958,294,1919958,336,438,10318596,701,10318596,13,17,161213,18,161213
00329000,LINCOLN UNIVERSITY,PA,193520999,Public,1267,1270,4959246,2408,4959246,1238,1462,4254517,2765,4254517,124,124,1827395,257,1827395,568,624,8034325,1140,8034325,4,6,42614,9,42614
00329100,UNITED LUTHERAN SEMINARY,PA,173251795,Private-Nonprofit,-,-, -,-, -,1,1,10250,1,10250,20,35,316540,36,316540,-,-, -,-, -,2,3,43750,3,43750
00329300,LYCOMING COLLEGE,PA,177015192,Private-Nonprofit,606,620,2546207,1152,2546207,728,728,2430187,1376,2430187,-,-, -,-, -,157,174,2382087,292,2382087,-,-, -,-, -
00329400,MANOR COLLEGE,PA,190463399,Private-Nonprofit,357,360,1263673,628,1263673,349,373,1113123,648,1113123,-,-, -,-, -,55,56,624952,99,624952,-,-, -,-, -
00329600,MARYWOOD UNIVERSITY,PA,185091598,Private-Nonprofit,1050,1131,4447883,2019,4447883,1280,1415,4476962,2503,4476962,494,498,7935622,1024,7935622,273,324,4797171,524,4797171,160,232,3445625,303,3445625
00329700,MERCYHURST UNIVERSITY,PA,165460001,Private-Nonprofit,1170,1223,4613081,2191,4613081,1461,1517,5088095,2756,5088095,206,220,3240372,428,3240372,275,318,5201644,526,5201644,52,59,2030483,145,2030483
00329800,MESSIAH UNIVERSITY,PA,170550000,Private-Nonprofit,1103,1177,4729525,2185,4729525,1260,1357,4395051,2551,4395051,529,1122,9199564,1144,9199564,188,193,3481020,375,3481020,93,171,1657698,172,1657698
00330000,MOORE COLLEGE OF ART AND DESIGN,PA,191031190,Private-Nonprofit,300,300,1290029,570,1290029,330,354,1045783,674,1045783,13,15,275959,37,269126,138,140,4253798,263,4253798,9,12,309012,22,309012
00330100,MORAVIAN UNIVERSITY,PA,180186650,Private-Nonprofit,1234,1238,5182669,2297,5169419,1495,1551,5083175,2891,5064925,361,447,6844910,810,6818448,351,505,7426391,666,7426391,125,216,2274646,294,2274646
00330200,MOUNT ALOYSIUS COLLEGE,PA,166301999,Private-Nonprofit,722,792,2797669,1382,2797669,822,936,3179906,1658,3179906,14,18,203384,29,203384,170,198,2244881,351,2244881,1,1,8500,2,8500
00330300,CARLOW UNIVERSITY,PA,152133165,Private-Nonprofit,792,880,3371028,1527,3371028,923,1031,4021734,1825,4021734,741,781,11971606,1732,11971606,109,147,2105551,217,2105551,178,268,5407582,480,5407582
00330400,MUHLENBERG COLLEGE,PA,181045586,Private-Nonprofit,755,760,3370379,1484,3370379,880,895,2929215,1737,2929215,9,14,214021,29,214021,124,131,2920715,253,2920715,-,-, -,-, -
00330600,UNIVERSITY OF VALLEY FORGE,PA,194602399,Private-Nonprofit,335,343,1377654,634,1377654,341,363,998548,667,998548,20,30,289030,66,289030,64,76,985582,126,985582,1,1,13052,1,13052
00330900,PEIRCE COLLEGE,PA,191035443,Private-Nonprofit,559,656,2202925,2202,2198425,650,777,4447606,2568,4429554,80,102,1704808,368,1704808,3,3,18280,10,18280,-,-, -,-, -
00331100,SALUS UNIVERSITY,PA,190271598,Private-Nonprofit,1,1,3500,2,3500,1,1,500,2,500,343,451,8951021,714,8951021,-,-, -,-, -,519,826,14025486,1099,14025486
00331300,WIDENER UNIVERSITY,PA,190135792,Private-Nonprofit,1605,1700,6530619,3152,6530619,1975,2176,7456112,4085,7456112,1911,2520,40528740,4317,40528740,438,632,9211709,892,9211709,850,1273,21740762,1792,21733377
00331500,COMMONWEALTH UNIVERSITY OF PENNSYLVANIA,PA,178151301,Public,3797,4097,15598815,7647,15598815,4878,5551,19481388,10414,19481388,574,737,11522761,1613,11522761,905,1118,11285517,1850,11285517,194,314,3293190,504,3293190
00331600,PENNSYLVANIA WESTERN UNIVERSITY,PA,154191394,Public,3886,4495,15891122,8092,15891122,4552,5760,18340010,10387,18338677,1618,2274,32275805,4219,32275805,761,970,9058781,1563,9058781,166,247,1683334,368,1683334
00331700,CHEYNEY UNIVERSITY OF PENNSYLVANIA,PA,193190200,Public,363,380,1418655,732,1418655,372,449,1165376,862,1165376,-,-, -,-, -,80,83,965242,158,965242,-,-, -,-, -
00332000,EAST STROUDSBURG UNIVERSITY OF PENNSYLVANIA,PA,183012999,Public,2264,2275,8483397,4098,8483397,2511,2656,8971490,4837,8971490,261,269,4001680,442,4001680,486,569,6846445,963,6846445,35,46,439403,73,439403
00332200,KUTZTOWN UNIVERSITY OF PENNSYLVANIA,PA,195309339,Public,3056,3123,12261616,5694,12261616,3937,4270,14848732,7862,14848732,377,407,5712373,647,5712373,641,746,8761890,1260,8761890,28,45,294955,56,294955
00332500,MILLERSVILLE UNIVERSITY OF PENNSYLVANIA,PA,175511800,Public,2253,2341,9123932,4342,9123932,2761,2875,11229187,5362,11224853,330,367,5527219,744,5527219,480,527,7436661,989,7436661,10,10,98140,25,98140
00332600,SHIPPENSBURG UNIVERSITY OF PENNSYLVANIA,PA,172572299,Public,1948,2007,7255666,3555,7255666,2429,2700,9022073,4854,9022073,337,382,5089918,602,5089918,496,589,6998588,962,6998588,26,30,274137,38,274137
00332700,SLIPPERY ROCK UNIVERSITY,PA,160571326,Public,3119,3268,12828685,5916,12828685,3876,4186,14773095,7795,14773095,911,1040,14459645,1645,14459645,676,786,8862250,1354,8862250,185,305,3280191,403,3280191
00332800,WEST CHESTER UNIVERSITY OF PENNSYLVANIA,PA,193830001,Public,5801,6022,23263588,10927,23263588,7420,7936,28130304,14572,28130304,1051,1140,16948901,1967,16948901,1223,1468,20586282,2502,20586282,161,284,2616864,434,2616864
00332900,PENNSYLVANIA STATE UNIVERSITY (THE),PA,168021503,Public,26464,27454,109538921,49818,109538921,29898,32413,107590104,59634,107590104,2843,3236,60319289,5421,60319289,6315,7847,176167945,13037,176167945,843,1302,18979056,2060,18979056
00335000,UNIVERSITY OF THE ARTS (THE),PA,191029493,Private-Nonprofit,668,674,2926755,1274,2902630,759,764,2499646,1448,2484646,58,60,1129788,104,1099038,268,300,9034631,512,8990718,26,27,577178,49,577178
00335100,CAIRN UNIVERSITY,PA,190472942,Private-Nonprofit,373,396,1540156,731,1525587,394,415,1306647,771,1296772,29,33,282042,58,282042,60,64,957352,112,949319,-,-, -,-, -
00335200,PHILADELPHIA COLLEGE OF OSTEOPATHIC MEDICINE,PA,191311694,Private-Nonprofit,-,-, -,-, -,-,-, -,-, -,2066,2679,87198879,8643,87112333,-,-, -,-, -,1819,3457,80659666,9037,80595244
00335600,PITTSBURGH THEOLOGICAL SEMINARY,PA,152062596,Private-Nonprofit,-,-, -,-, -,-,-, -,-, -,10,12,97403,19,97403,-,-, -,-, -,-,-, -,-, -
00335700,POINT PARK UNIVERSITY,PA,152221912,Private-Nonprofit,1468,1798,6399949,3243,6398915,1713,2199,6513617,3960,6512219,530,931,9482489,2052,9482489,432,467,8936150,833,8936150,46,66,684150,139,684150
00335900,ROBERT MORRIS UNIVERSITY,PA,151081189,Private-Nonprofit,1254,1267,5137184,2331,5137184,1458,1546,4880849,2854,4880849,274,298,4016442,553,4016442,397,430,7761438,802,7761438,52,61,983603,108,983603
00336000,ROSEMONT COLLEGE,PA,190101699,Private-Nonprofit,312,314,1216413,577,1216413,354,395,1444997,722,1444997,155,158,2156888,304,2156888,53,53,729009,102,729009,5,5,75335,11,75335
00336200,SETON HILL UNIVERSITY,PA,156011599,Private-Nonprofit,878,891,3643084,1623,3643084,1072,1119,4069505,2062,4069505,309,409,6449209,533,6449209,169,202,3042677,339,3042677,180,334,5092071,377,5092071
00336400,SAINT CHARLES BORROMEO SEMINARY,PA,190023016,Private-Nonprofit,1,1,3400,2,3400,1,1,7500,2,7500,1,1,12000,2,12000,-,-, -,-, -,-,-, -,-, -
00336600,SAINT FRANCIS UNIVERSITY,PA,159400600,Private-Nonprofit,686,742,3054329,1330,3054329,895,990,3419455,1785,3419455,208,266,3663991,381,3663991,150,172,2854303,278,2854303,84,131,2009395,166,2009395
00336700,SAINT JOSEPH'S UNIVERSITY,PA,191311395,Private-Nonprofit,2706,2752,10883612,5069,10883612,3422,3497,13915826,6517,13915826,830,1067,21037442,2264,21011441,596,675,13928296,1193,13928296,313,440,10367033,826,10354424
00336800,SAINT VINCENT COLLEGE & SEMINARY,PA,156502690,Private-Nonprofit,623,630,2755149,1206,2755149,801,845,2901443,1624,2901443,102,181,2838641,254,2838641,177,204,3572584,343,3572584,71,127,1857068,157,1857068
00336900,SUSQUEHANNA UNIVERSITY,PA,178701001,Private-Nonprofit,1083,1159,4630667,2112,4630667,1434,1599,5259024,2946,5259024,1,1,20500,2,20500,284,352,5746325,579,5746325,-,-, -,-, -
00337000,SWARTHMORE COLLEGE,PA,190811390,Private-Nonprofit,113,116,428462,224,428462,159,167,677389,329,677389,-,-, -,-, -,60,65,2021604,121,2021604,-,-, -,-, -
00337100,TEMPLE UNIVERSITY,PA,191226003,Public,10481,10652,44545413,19590,44469711,10972,11066,37078722,20494,36985386,3517,3888,100206412,7448,99378985,2619,2783,65390119,5201,65278234,1720,2624,59841342,4330,59686479
00337500,THEOLOGICAL SEMINARY REFORMED EPISCOPAL CHURCH,PA,194221257,Private-Nonprofit,-,-, -,-, -,-,-, -,-, -,3,7,47832,7,47832,-,-, -,-, -,-,-, -,-, -
00337600,THIEL COLLEGE,PA,161252181,Private-Nonprofit,576,645,2497385,1157,2497385,618,703,1952155,1295,1952155,137,201,3626262,368,3626262,130,151,2091676,255,2091676,100,145,3150730,264,3150730
00337800,UNIVERSITY OF PENNSYLVANIA,PA,191046216,Private-Nonprofit,779,814,3127308,1447,3127308,953,990,4283073,1766,4283073,3440,4240,90935808,6884,90935808,374,414,13093721,745,13093721,2508,3901,122094234,6155,122094234
00337900,UNIVERSITY OF PITTSBURGH,PA,152600001,Public,8824,9207,37546144,17018,37546144,10367,11013,36559358,20535,36559358,3311,3582,73455167,6208,73455167,2013,2486,45804933,4040,45804933,1547,2468,48813998,3618,48813998
00338400,UNIVERSITY OF SCRANTON,PA,185104622,Private-Nonprofit,1803,1860,7577573,3536,7577573,2264,2317,7448190,4454,7448190,562,587,9715294,1594,9715294,441,517,9446826,926,9446826,114,147,2891256,327,2891256
00338500,URSINUS COLLEGE,PA,194261000,Private-Nonprofit,679,680,2943850,1307,2943850,934,953,3361929,1832,3361929,-,-, -,-, -,188,227,4235394,368,4235394,-,-, -,-, -
00338600,VALLEY FORGE MILITARY COLLEGE,PA,190873695,Private-Nonprofit,8,8,27883,15,27883,8,9,25367,17,25367,-,-, -,-, -,2,2,24654,3,24654,-,-, -,-, -
00338800,VILLANOVA UNIVERSITY,PA,190851699,Private-Nonprofit,2049,2086,9296574,4035,9296574,2220,2294,7280983,4411,7280983,761,930,16036248,1819,16036248,482,533,16557951,941,16557951,361,484,9048303,890,9048303
00338900,WASHINGTON AND JEFFERSON COLLEGE,PA,153014801,Private-Nonprofit,612,628,2584555,1188,2584555,809,880,2891870,1674,2891870,-,-, -,-, -,192,243,3510415,393,3510415,-,-, -,-, -
00339100,WAYNESBURG UNIVERSITY,PA,153701222,Private-Nonprofit,660,694,2639039,1281,2639039,781,880,2677264,1635,2677264,114,160,1340488,222,1340488,134,169,2039861,285,2039861,9,14,134723,22,134723
00339200,WESTMINSTER COLLEGE,PA,161720002,Private-Nonprofit,506,506,1967659,945,1967659,714,743,2704197,1415,2704197,16,27,133981,30,133981,180,202,2611293,349,2611293,-,-, -,-, -
00339300,WESTMINSTER THEOLOGICAL SEMINARY,PA,190386073,Private-Nonprofit,-,-, -,-, -,2,2,10005,2,10005,34,52,347722,70,347722,-,-, -,-, -,-,-, -,-, -
00339400,WILKES UNIVERSITY,PA,187660998,Private-Nonprofit,1228,1235,4870829,2269,4870829,1458,1468,4958831,2699,4958831,1600,1621,22925234,2814,22884234,254,292,4776002,471,4776002,104,116,1364280,202,1364280
00339500,PENNSYLVANIA COLLEGE OF TECHNOLOGY,PA,177015779,Public,2237,2332,8627399,4145,8627399,2568,2681,8982679,4799,8982679,28,44,724263,82,724263,633,857,12625321,1219,12625321,9,19,284585,25,284585
00339600,WILSON COLLEGE,PA,172011285,Private-Nonprofit,539,619,2116373,968,2107406,630,715,3001002,1157,2988390,48,70,595343,93,585691,132,139,1944030,249,1929548,1,1,8060,1,8060
00339900,YORK COLLEGE OF PENNSYLVANIA,PA,174033651,Private-Nonprofit,1412,1489,5602881,2651,5602881,1823,2000,7043587,3617,7043587,185,202,3122970,326,3122970,353,431,5486206,682,5486206,45,78,1326401,101,1326401
00340100,BROWN UNIVERSITY,RI,029129127,Private-Nonprofit,479,484,1946007,908,1946007,631,635,2603878,1199,2603878,686,829,21027735,1532,21027735,284,288,9826988,543,9826988,236,266,9277661,511,9277661
00340200,BRYANT UNIVERSITY,RI,029171284,Private-Nonprofit,1178,1190,4900771,2254,4900771,1609,1625,5714077,3084,5714077,181,181,3488904,529,3488904,285,326,8313624,561,8313624,99,104,3311000,282,3311000
00340400,JOHNSON & WALES UNIVERSITY,RI,029033703,Private-Nonprofit,4131,5242,17187294,10457,17187294,4730,5950,19252281,11887,19252281,685,1092,13132264,2449,13132264,1039,1251,21902283,2411,21902283,120,154,3564347,325,3564347
00340600,PROVIDENCE COLLEGE,RI,029180001,Private-Nonprofit,1763,1816,7973137,3524,7973137,2086,2214,6212484,4295,6212484,66,81,1040061,141,1040061,354,441,12091320,717,12091320,2,2,17128,4,17128
00340700,RHODE ISLAND COLLEGE,RI,029081991,Public,1843,1953,6567778,3534,6567778,1958,2101,8339740,3808,8339740,351,386,4793208,703,4793208,110,126,1286399,205,1286399,24,40,736304,73,736304
00340800,COMMUNITY COLLEGE OF RHODE ISLAND,RI,028861807,Public,1330,1349,3988340,2135,3988340,1298,1329,4946961,2146,4946961,-,-, -,-, -,7,8,59506,14,59506,-,-, -,-, -
00340900,RHODE ISLAND SCHOOL OF DESIGN,RI,029032784,Private-Nonprofit,484,504,2121029,952,2121029,511,532,1639446,1018,1639446,155,157,2878616,325,2878616,143,146,5768420,277,5768420,68,70,2250134,144,2250134
00341000,ROGER WILLIAMS UNIVERSITY,RI,028092921,Private-Nonprofit,1750,1815,7175001,3405,7175001,2287,2402,8043884,4532,8043884,565,598,10918180,1109,10918180,402,500,10354968,832,10354968,460,890,14044996,1405,14044996
00341100,SALVE REGINA UNIVERSITY,RI,028404192,Private-Nonprofit,1022,1030,4474343,1980,4474343,1443,1463,5109671,2819,5109671,322,322,4003315,687,4003315,246,273,6005277,469,6005277,20,21,203654,38,203654
00341400,UNIVERSITY OF RHODE ISLAND,RI,028810000,Public,5652,5740,23053811,10789,23053811,6706,6915,22846311,13054,22846311,661,712,11873997,1633,11873997,1243,1560,28415302,2542,28415302,80,129,1572589,204,1572589
00341700,ALLEN UNIVERSITY,SC,292041085,Private-Nonprofit,466,470,1800828,872,1800828,456,502,1557458,934,1557458,16,16,213951,30,213951,74,74,665759,137,665759,-,-, -,-, -
00341800,ANDERSON UNIVERSITY,SC,296214035,Private-Nonprofit,1037,1210,4076803,2058,4076803,1369,1605,5500665,2829,5500665,504,607,7551369,1129,7551369,236,263,4213476,466,4213476,106,119,2426453,242,2426453
00341900,CHARLESTON SOUTHERN UNIVERSITY,SC,294062160,Private-Nonprofit,1146,1174,4370295,2020,4370295,1397,1480,5594224,2584,5594224,427,468,7335601,855,7335601,259,301,4093009,525,4093009,170,190,4503362,378,4503362
00342000,BENEDICT COLLEGE,SC,292041086,Private-Nonprofit,1050,1080,4219060,2031,4219060,1105,1446,4437305,2704,4437305,46,75,957210,302,940710,344,345,3436572,647,3436572,-,-, -,-, -
00342100,BOB JONES UNIVERSITY,SC,296141000,Proprietary,509,576,2090942,905,2090942,442,485,1352751,806,1352751,24,41,119539,43,119539,77,82,974125,141,974125,-,-, -,-, -
00342200,SOUTHERN WESLEYAN UNIVERSITY,SC,296301020,Private-Nonprofit,416,418,1534497,792,1534497,502,504,1970493,950,1970493,145,145,1779674,319,1779674,92,97,1271240,173,1271240,4,5,34799,6,34799
00342300,"CITADEL, THE MILITARY COLLEGE OF SOUTH CAROLINA",SC,294090002,Public,678,697,2724936,1299,2724936,936,975,3720823,1819,3720823,420,540,5718118,833,5718118,266,299,6286444,527,6286444,44,62,642282,82,642282
00342400,CLAFLIN UNIVERSITY,SC,291154498,Private-Nonprofit,1262,1262,4901067,2253,4901067,1225,1225,4152011,2196,4152011,73,73,799413,136,799413,344,346,3937959,654,3937959,-,-, -,-, -
00342500,CLEMSON UNIVERSITY,SC,296340001,Public,5066,5222,21391687,9365,21391687,6588,6951,25458389,12522,25458389,1143,1253,17639392,2028,17639392,1889,2159,54333644,3654,54333644,192,218,2269684,306,2269684
00342600,UNIVERSITY OF SOUTH CAROLINA - SUMTER,SC,291502498,Public,175,177,560594,287,560594,173,178,646995,297,646995,-,-, -,-, -,5,5,39813,8,39813,-,-, -,-, -
00342700,COKER UNIVERSITY,SC,295503797,Private-Nonprofit,456,493,1875999,946,1875999,521,557,2203254,1052,2203254,44,46,579028,136,579028,98,103,1509953,186,1509953,4,6,100151,14,100151
00342800,COLLEGE OF CHARLESTON,SC,294240100,Public,2889,2980,11708125,5431,11708125,3710,3916,13690322,7193,13690322,139,144,2359988,258,2359988,1007,1191,27709383,2022,27709383,32,48,495618,72,495618
00342900,COLUMBIA INTERNATIONAL UNIVERSITY,SC,292031599,Private-Nonprofit,381,383,1461206,780,1461206,430,445,1597613,885,1597613,478,482,7041127,1132,7041127,58,59,853151,111,853151,41,41,697272,89,697272
00343000,COLUMBIA COLLEGE,SC,292035998,Private-Nonprofit,810,810,3047686,1597,3047686,864,937,3642201,1843,3642201,281,281,3755222,580,3755222,110,110,1283561,206,1283561,12,12,112539,29,112539
00343100,CONVERSE UNIVERSITY,SC,293021931,Private-Nonprofit,403,408,1681129,761,1681129,502,548,1982875,1028,1982875,129,145,2240289,252,2240289,97,106,1569927,187,1569927,24,38,404967,50,404967
00343200,ERSKINE COLLEGE,SC,296390000,Private-Nonprofit,460,460,1833178,828,1730512,581,625,2013682,1125,1886911,4,4,39005,4,39005,119,119,1513488,211,1444478,-,-, -,-, -
00343400,FURMAN UNIVERSITY,SC,296135253,Private-Nonprofit,428,441,1824090,810,1824090,587,613,2177986,1141,2177986,52,71,798014,125,790014,154,171,4335633,299,4335633,13,13,232845,30,232845
00343500,LANDER UNIVERSITY,SC,296492099,Public,1459,1459,5685208,2638,5668708,1561,1562,5810585,2835,5796361,175,176,2501256,336,2501256,400,403,4799326,728,4788826,28,28,174878,29,174878
00343600,LIMESTONE UNIVERSITY,SC,293403799,Private-Nonprofit,899,947,3148897,2402,3148897,1038,1166,4082481,2847,4082481,185,201,2639216,700,2639216,167,179,2286791,311,2286791,20,20,265403,87,265403
00343800,MEDICAL UNIVERSITY OF SOUTH CAROLINA,SC,294250100,Public,170,173,680538,348,680538,194,198,914446,393,914446,1768,2138,51976477,4969,51976477,11,12,420438,24,420438,1361,1793,46627928,4049,46627928
00343900,MORRIS COLLEGE,SC,291503599,Private-Nonprofit,331,331,1176365,576,1176365,297,384,974624,661,974624,-,-, -,-, -,72,75,485623,135,485623,-,-, -,-, -
00344000,NEWBERRY COLLEGE,SC,291082197,Private-Nonprofit,893,904,3359556,2761,3359556,1033,1186,3711962,4232,3711962,24,26,285987,74,285987,302,322,4156518,1090,4156518,4,4,19796,14,19796
00344100,NORTH GREENVILLE UNIVERSITY,SC,296881892,Private-Nonprofit,778,778,3173692,1402,3173692,878,903,3352755,1584,3352755,153,153,2650192,287,2650192,160,164,2387262,294,2387262,71,72,2829667,147,2829667
00344500,PRESBYTERIAN COLLEGE,SC,293252503,Private-Nonprofit,369,386,1439165,693,1439165,425,474,1385498,862,1385498,169,207,4324997,464,4324997,107,128,1502224,222,1502224,144,199,5558721,439,5558721
00344600,SOUTH CAROLINA STATE UNIVERSITY,SC,291174427,Public,1846,1879,6778692,3496,6765442,1806,1889,5974131,3519,5956366,190,207,3172549,387,3152049,554,613,8485558,1163,8468378,47,63,750464,121,750464
00344700,SPARTANBURG METHODIST COLLEGE,SC,293010000,Private-Nonprofit,433,433,1393253,800,1393253,420,443,1199592,807,1199592,-,-, -,-, -,39,39,303313,77,303313,-,-, -,-, -
00344800,UNIVERSITY OF SOUTH CAROLINA - COLUMBIA,SC,292083999,Public,8313,8904,33928382,16183,33928382,10784,11437,40175180,21437,40175180,3878,4505,87693241,7607,87693241,2595,3195,65968545,5459,65968545,1342,1840,25978449,2886,25978449
00344900,UNIVERSITY OF SOUTH CAROLINA - AIKEN,SC,298016399,Public,1143,1245,4468244,2058,4279655,1260,1404,5199714,2321,4984377,275,357,3974456,505,3816074,113,140,1188885,220,1171949,15,21,130781,26,130781
00345000,UNIVERSITY OF SOUTH CAROLINA BEAUFORT,SC,299094602,Public,873,937,3441788,1650,3441788,934,1069,3653367,1905,3653367,3,3,35750,5,35750,161,194,2262707,331,2262707,-,-, -,-, -
00345100,COASTAL CAROLINA UNIVERSITY,SC,295268428,Public,4213,4369,16687663,7866,16687663,5637,5991,20107176,10946,20107176,214,243,3313513,368,3313513,1473,1753,33001511,2894,33001511,24,28,269100,40,269100
00345300,UNIVERSITY OF SOUTH CAROLINA - LANCASTER,SC,297210889,Public,199,213,682902,367,682902,238,250,882883,442,882883,-,-, -,-, -,24,30,328019,52,328019,-,-, -,-, -
00345400,UNIVERSITY OF SOUTH CAROLINA - SALKEHATCHIE,SC,298100617,Public,118,135,380960,245,380960,106,113,361124,201,361124,-,-, -,-, -,6,7,78007,14,78007,-,-, -,-, -
00345500,VOORHEES UNIVERSITY,SC,290420000,Private-Nonprofit,259,263,1050172,467,960946,226,271,603600,473,546652,3,3,51250,7,51250,7,8,68827,16,68827,-,-, -,-, -
00345600,WINTHROP UNIVERSITY,SC,297330001,Public,1771,2005,7405757,3548,7405757,1919,2253,7028711,4031,7028711,623,670,10094284,1339,10094284,397,464,6188922,787,6188922,74,94,1340265,165,1340265
00345700,WOFFORD COLLEGE,SC,293033663,Private-Nonprofit,439,859,1817991,860,1817991,693,1410,2872571,1416,2872571,-,-, -,-, -,144,154,3107957,300,3107957,-,-, -,-, -
00345800,AUGUSTANA UNIVERSITY,SD,571970001,Private-Nonprofit,656,698,2779338,1281,2779338,894,950,3455444,1755,3455444,170,186,2891465,385,2891465,96,107,1451832,176,1451832,66,79,3507013,221,3507013
00345900,BLACK HILLS STATE UNIVERSITY,SD,577999502,Public,673,701,2605457,1265,2602457,790,816,3185480,1482,3183146,42,51,558236,93,544569,72,80,754997,137,754997,-,-, -,-, -
00346100,DAKOTA WESLEYAN UNIVERSITY,SD,573014398,Private-Nonprofit,364,392,1568262,732,1568262,466,501,1953228,938,1953228,32,37,468714,72,468714,54,54,821548,96,821548,-,-, -,-, -
00346300,DAKOTA STATE UNIVERSITY,SD,570421799,Public,794,866,3310974,1567,3310974,950,1010,4036030,1844,4036030,113,136,1674949,239,1674949,100,119,1136060,191,1136060,8,10,160265,18,160265
00346500,MOUNT MARTY UNIVERSITY,SD,570783724,Private-Nonprofit,316,323,1295974,587,1293224,404,427,1569735,789,1568735,146,159,2804563,416,2804563,112,126,1555356,222,1555356,115,120,4806247,342,4806247
00346600,NORTHERN STATE UNIVERSITY,SD,574017198,Public,445,510,1510002,896,1510002,570,635,2502314,1154,2502314,93,142,1220808,220,1220808,43,46,412677,79,412677,-,-, -,-, -
00346900,UNIVERSITY OF SIOUX FALLS,SD,571051699,Private-Nonprofit,622,643,2496056,1165,2496056,813,840,3260663,1533,3260663,80,95,1140081,153,1140081,85,86,983119,151,983119,1,1,10250,1,10250
00347000,SOUTH DAKOTA SCHOOL OF MINES AND TECHNOLOGY,SD,577013995,Public,563,591,2250483,1067,2250483,773,818,3312413,1474,3312413,54,58,671861,88,671861,78,92,1026412,143,1026412,4,6,102445,9,102445
00347100,SOUTH DAKOTA STATE UNIVERSITY,SD,570072298,Public,2787,3335,11599855,5772,11596188,3953,4639,16932584,7959,16927917,274,365,6640572,656,6640572,389,460,4608914,723,4608914,23,27,409921,46,409921
00347400,UNIVERSITY OF SOUTH DAKOTA,SD,570692390,Public,2015,2131,7957430,3755,7957430,2573,2733,10363977,4906,10363977,1146,1451,22573722,2373,22573722,376,429,4074549,725,4074549,386,414,7765804,783,7765804
00347800,AUSTIN PEAY STATE UNIVERSITY,TN,370440002,Public,2604,2609,9714598,4528,9714598,2726,2732,11510650,4708,11510650,534,541,7592924,962,7592924,259,311,2563467,451,2563467,57,68,473905,87,473905
00347900,BELMONT UNIVERSITY,TN,372123757,Private-Nonprofit,2046,2095,8878353,3892,8878353,2259,2287,7575101,4273,7575101,942,1009,20466920,1869,20466920,937,1183,28852760,1987,28852760,604,944,23553772,1454,23553772
00348000,BETHEL UNIVERSITY,TN,382011705,Private-Nonprofit,1085,1170,3957546,2600,3957546,1104,1178,4299803,2615,4299803,330,415,6743197,955,6743197,99,99,1000808,180,1000808,109,151,3317055,283,3317055
00348100,CARSON - NEWMAN UNIVERSITY,TN,377602204,Private-Nonprofit,642,705,2567132,1308,2567132,678,739,2381663,1393,2381663,699,934,9720517,2398,9720517,127,161,1852333,269,1852333,34,41,266974,92,266974
00348200,CHRISTIAN BROTHERS UNIVERSITY,TN,381045581,Private-Nonprofit,314,332,1257350,572,1257350,303,314,1180864,553,1180864,127,140,2166317,303,2166317,50,59,877537,93,877537,68,71,3286769,191,3286769
00348300,COLUMBIA STATE COMMUNITY COLLEGE,TN,384015653,Public,263,312,866075,581,829366,263,330,1027840,623,971602,-,-, -,-, -,6,7,50856,14,41656,-,-, -,-, -
00348400,COVENANT COLLEGE,GA,307504164,Private-Nonprofit,275,299,1165204,557,1165204,308,332,1110991,623,1110991,4,4,70390,12,70390,57,60,985629,109,985629,-,-, -,-, -
00348500,CUMBERLAND UNIVERSITY,TN,370873554,Private-Nonprofit,419,458,1483984,873,1483984,513,549,1746468,1035,1746468,95,146,1149660,319,1149660,60,65,780244,134,780244,-,-, -,-, -
00348600,LIPSCOMB UNIVERSITY,TN,372043951,Private-Nonprofit,852,870,3694350,1596,3694350,942,968,3414386,1765,3414386,807,1057,19071095,1796,19071095,260,265,5974480,511,5974480,349,466,12936130,851,12936130
00348700,EAST TENNESSEE STATE UNIVERSITY,TN,376141700,Public,3000,3327,11442380,5568,11442380,3086,3303,11921331,5628,11921331,1403,1636,29341549,2749,29341549,390,487,4676491,780,4676491,509,658,8901619,1040,8901619
00349000,FISK UNIVERSITY,TN,372083045,Private-Nonprofit,513,516,2045266,952,2045266,512,592,1535362,1089,1535362,27,27,491569,50,491569,148,168,2895867,289,2895867,17,17,280490,32,280490
00349200,FREED-HARDEMAN UNIVERSITY,TN,383402399,Private-Nonprofit,412,413,1628130,774,1628130,567,579,2284084,1094,2284084,237,273,2898542,411,2891542,215,222,2792398,396,2792398,34,42,588334,73,497334
00349500,JOHNSON UNIVERSITY,TN,379989775,Private-Nonprofit,395,396,1554352,776,1554352,429,450,1460768,859,1460768,70,70,906175,178,906175,104,104,1286083,190,1286083,4,4,40432,13,40432
00349600,KING UNIVERSITY,TN,376202699,Private-Nonprofit,542,558,2150504,1060,2145921,564,588,2427071,1099,2426071,199,200,3070282,411,3060032,58,60,843341,108,843341,21,22,303614,54,303614
00349900,LANE COLLEGE,TN,383014598,Private-Nonprofit,500,506,1936115,912,1815440,474,530,1503716,953,1397538,-,-, -,-, -,49,49,370909,90,352928,-,-, -,-, -
00350000,LEE UNIVERSITY,TN,373114475,Private-Nonprofit,1082,1260,4531785,2164,4531785,1343,1604,5344071,2750,5344071,219,285,3868983,455,3868983,235,252,3799927,449,3799927,33,39,379640,64,379640
00350100,LEMOYNE-OWEN COLLEGE,TN,381266510,Private-Nonprofit,385,401,1382585,711,1382585,330,377,1075518,656,1075518,-,-, -,-, -,44,45,333562,83,333562,-,-, -,-, -
00350200,LINCOLN MEMORIAL UNIVERSITY,TN,377527920,Private-Nonprofit,656,706,2752740,1247,2750740,685,787,3248911,1406,3244661,3184,4058,123166958,7467,123051406,142,156,1926311,262,1926311,2726,4071,119941490,7216,119736640
00350400,UNIVERSITY OF TENNESSEE SOUTHERN,TN,384782799,Public,203,229,740119,433,740119,212,239,743685,453,743685,16,23,136056,41,136056,32,34,270009,63,270009,-,-, -,-, -
00350500,MARYVILLE COLLEGE,TN,378045907,Private-Nonprofit,543,543,2167016,1000,2167016,593,628,1949864,1157,1949864,4,4,48983,7,48983,155,172,2529274,293,2529274,1,1,8060,1,8060
00350600,MEHARRY MEDICAL COLLEGE,TN,372083599,Private-Nonprofit,-,-, -,-, -,-,-, -,-, -,835,865,30162279,1692,30162279,-,-, -,-, -,789,912,41541901,1926,41541901
00350900,UNIVERSITY OF MEMPHIS (THE),TN,381524611,Public,6064,6734,23100046,10767,23100046,5756,6430,23134794,10352,23134794,1665,2044,24709201,3019,24709201,587,719,7720931,1138,7720931,376,501,5863914,740,5863914
00351000,MIDDLE TENNESSEE STATE UNIVERSITY,TN,371323754,Public,3880,4150,15075078,6936,15075078,4137,4412,16399885,7549,16399885,973,1242,13897466,1806,13897466,635,818,9822936,1196,9822936,140,199,2896333,253,2896333
00351100,MILLIGAN UNIVERSITY,TN,376824001,Private-Nonprofit,249,289,1036743,526,1036743,346,362,1363359,672,1363359,197,278,3612759,460,3612759,67,90,1271892,162,1271892,92,138,2251722,237,2251722
00351700,SOUTHERN COLLEGE OF OPTOMETRY,TN,381042222,Private-Nonprofit,-,-, -,-, -,-,-, -,-, -,298,427,14999880,1048,14999880,-,-, -,-, -,142,192,2718609,455,2718609
00351800,SOUTHERN ADVENTIST UNIVERSITY,TN,373150370,Private-Nonprofit,943,957,3682872,1726,3682872,1000,1027,3293291,1842,3293291,135,146,2129715,297,2129715,157,187,2296077,315,2296077,13,21,220477,32,220477
00351900,RHODES COLLEGE,TN,381121690,Private-Nonprofit,306,306,1289288,597,1289288,443,446,1853675,873,1853675,2,2,28500,4,28500,100,104,2311200,195,2311200,1,1,12500,2,12500
00352200,TENNESSEE STATE UNIVERSITY,TN,372091561,Public,2541,2575,10068607,4537,9516376,2435,2673,7478785,4723,7034989,486,526,8396087,891,8015957,657,680,11622968,1263,11394367,134,163,2014211,235,2001362
00352300,TENNESSEE TECHNOLOGICAL UNIVERSITY,TN,385050001,Public,2339,2482,9203176,4370,9203176,2488,2616,9325426,4707,9325426,417,523,5872540,765,5872540,291,323,3412128,578,3412128,41,51,419364,58,419364
00352500,TENNESSEE WESLEYAN UNIVERSITY,TN,373710040,Private-Nonprofit,397,397,1676365,734,1676365,427,454,1547599,837,1547599,97,100,1735713,241,1735713,82,94,1134913,161,1134913,38,49,1294623,124,1294623
00352600,TREVECCA NAZARENE UNIVERSITY,TN,372102877,Private-Nonprofit,592,632,2133969,1005,2133969,657,716,2573001,1152,2573001,1027,1585,16202852,2109,16192602,75,81,1030368,142,1030368,269,440,6479222,558,6459379
00352700,TUSCULUM UNIVERSITY,TN,377430001,Private-Nonprofit,481,509,1794053,920,1794053,495,599,1788447,1058,1788447,118,141,1621899,245,1621899,135,165,1879718,274,1879718,13,34,180542,36,180542
00352800,UNION UNIVERSITY,TN,383053697,Private-Nonprofit,706,709,2778432,1358,2778432,785,798,3374791,1523,3374791,586,674,10727739,1468,10727739,183,211,2847556,355,2847556,359,409,8194319,886,8194319
00352900,UNIVERSITY OF TENNESSEE - CHATTANOOGA,TN,374032598,Public,2727,2735,10487751,4961,10487751,3344,3349,13630920,6182,13630920,551,648,9422552,1111,9422552,452,462,6295718,844,6295718,94,113,1311301,218,1311301
00353000,UNIVERSITY OF TENNESSEE,TN,379960150,Public,5597,5762,22959539,10342,22959539,7674,7960,31623051,14481,31623051,2382,2697,43940503,4313,43940503,2016,2426,49140163,4112,49140163,582,724,10254579,1097,10254579
00353100,UNIVERSITY OF TENNESSEE - MARTIN,TN,382380002,Public,1643,1747,6327413,3224,6327413,1727,1926,6638771,3548,6638771,375,467,5081412,846,5081412,204,271,2371878,518,2371878,35,42,380606,83,380606
00353400,UNIVERSITY OF THE SOUTH (THE),TN,373831000,Private-Nonprofit,416,428,1691138,829,1691138,510,535,1712529,1040,1712529,15,16,132853,16,132853,117,139,3191561,255,3191561,-,-, -,-, -
00353500,VANDERBILT UNIVERSITY,TN,372400001,Private-Nonprofit,340,385,1281488,674,1281488,618,694,2965274,1264,2965274,1997,2447,42715682,3972,42715682,273,343,9027473,573,9027473,1287,2016,60077899,3176,60077899
00353600,BRYAN COLLEGE,TN,373217000,Private-Nonprofit,362,363,1331684,675,1331684,412,412,1435263,769,1435263,58,59,560041,137,560041,68,68,735647,125,735647,2,2,45869,5,45869
00353700,ABILENE CHRISTIAN UNIVERSITY,TX,796993701,Private-Nonprofit,2073,2228,7613663,4099,7613663,2074,2273,8594354,4205,8594354,1421,1673,20335179,3249,20335179,246,297,5171467,525,5171467,259,386,5391372,699,5391372
00353900,ALVIN COMMUNITY COLLEGE,TX,775114807,Public,201,205,542174,311,542174,120,135,366985,213,366985,-,-, -,-, -,-,-, -,-, -,-,-, -,-, -
00354000,AMARILLO COLLEGE,TX,791092446,Public,1297,1370,4000084,1985,4000084,1281,1382,5248445,2002,5248445,-,-, -,-, -,5,5,40901,8,40901,-,-, -,-, -
00354100,ANGELO STATE UNIVERSITY,TX,769095069,Public,1890,2153,6752612,3639,6752612,1984,2221,7249878,3792,7249878,892,1363,9229441,1938,9229441,218,262,2423990,443,2423990,9,12,48582,15,48582
00354300,AUSTIN COLLEGE,TX,750904440,Private-Nonprofit,424,431,1790132,814,1790132,503,544,1925978,1034,1925978,41,47,655100,47,655100,119,134,1958971,237,1958971,26,26,266165,26,266165
00354400,AUSTIN PRESBYTERIAN THEOLOGICAL SEMINARY,TX,787055711,Private-Nonprofit,-,-, -,-, -,2,2,22500,3,22500,10,10,150626,15,150626,-,-, -,-, -,1,1,15000,1,15000
00354500,BAYLOR UNIVERSITY,TX,767980011,Private-Nonprofit,3562,3622,15467223,6717,15467223,4141,4267,14547973,8011,14547973,2904,4165,59382798,6542,59382798,1506,1751,53724974,3047,53724974,1239,2034,34019529,2884,34019529
00354600,COASTAL BEND COLLEGE,TX,781022197,Public,214,242,558942,458,558942,237,282,797002,536,797002,-,-, -,-, -,9,10,75442,19,75442,-,-, -,-, -
00354900,BLINN COLLEGE,TX,778334098,Public,2943,2983,8973075,4752,8973075,3108,3142,10006210,5176,10006210,-,-, -,-, -,302,303,3720482,512,3720482,-,-, -,-, -
00355300,CISCO COLLEGE,TX,764379803,Public,188,217,535608,320,535608,224,280,765036,409,765036,-,-, -,-, -,-,-, -,-, -,-,-, -,-, -
00355400,CLARENDON COLLEGE,TX,792260000,Public,182,182,504894,341,504894,188,188,670717,366,670717,-,-, -,-, -,3,3,29327,7,29327,-,-, -,-, -
00355600,COMMONWEALTH INSTITUTE OF FUNERAL SERVICE,TX,770905918,Private-Nonprofit,262,266,592718,655,592718,247,253,871447,625,871447,-,-, -,-, -,2,3,9667,4,9667,-,-, -,-, -
00355700,CONCORDIA UNIVERSITY TEXAS,TX,787264141,Private-Nonprofit,792,884,3053779,1576,3053779,827,954,3521680,1724,3521680,164,188,2454101,373,2454101,195,238,3613444,447,3613444,18,21,304395,47,304395
00355800,NORTH CENTRAL TEXAS COLLEGE,TX,762404699,Public,1706,1752,4796514,2997,4796514,1622,1669,6079456,2859,6079456,-,-, -,-, -,13,13,98075,20,98075,-,-, -,-, -
00356000,DALLAS BAPTIST UNIVERSITY,TX,752119299,Private-Nonprofit,789,819,2992464,1376,2992464,906,962,3234379,1652,3234379,330,361,5151565,553,5151565,205,259,4430597,396,4430597,69,94,1151329,120,1151329
00356200,DALLAS THEOLOGICAL SEMINARY,TX,752046411,Private-Nonprofit,-,-, -,-, -,-,-, -,-, -,233,242,2736218,471,2736218,-,-, -,-, -,-,-, -,-, -
00356300,DEL MAR COLLEGE,TX,784043897,Public,453,474,1307254,823,1307254,358,421,1116126,745,1116126,-,-, -,-, -,9,11,52475,19,52475,-,-, -,-, -
00356400,EAST TEXAS BAPTIST UNIVERSITY,TX,756701498,Private-Nonprofit,682,684,2627681,1240,2627681,805,866,2919890,1554,2919890,97,97,1312419,207,1312419,199,214,3199620,357,3199620,4,5,26790,8,26790
00356500,TEXAS A&M UNIVERSITY - COMMERCE,TX,754293011,Public,2836,2924,10446680,5766,10446680,2597,2862,10814884,5564,10814884,1566,1921,21821264,3079,21821264,460,496,5033791,910,5033791,419,491,2406913,777,2406913
00356600,EPISCOPAL THEOLOGICAL SEMINARY OF THE SOUTHWEST (THE),TX,787053128,Private-Nonprofit,-,-, -,-, -,1,1,10000,2,10000,59,59,875085,110,875085,-,-, -,-, -,11,11,229347,22,229347
00356800,FRANK PHILLIPS COLLEGE,TX,790074427,Public,68,69,200113,154,200113,54,54,183745,116,183745,-,-, -,-, -,-,-, -,-, -,-,-, -,-, -
00357000,GRAYSON COLLEGE,TX,750208299,Public,367,367,1035229,1123,1035229,330,330,1214949,979,1214949,-,-, -,-, -,3,3,21900,10,21900,-,-, -,-, -
00357100,HARDIN-SIMMONS UNIVERSITY,TX,796986050,Private-Nonprofit,556,565,2087638,1009,2087638,621,658,2073386,1184,2073386,183,257,4079630,469,4079630,134,213,1863685,249,1863685,104,190,2787144,227,2787144
00357200,TRINITY VALLEY COMMUNITY COLLEGE,TX,757512734,Public,752,774,2146819,1279,2146819,687,701,2183877,1151,2183877,-,-, -,-, -,11,12,77179,22,77179,-,-, -,-, -
00357300,HILL COLLEGE,TX,766452711,Public,556,561,1705224,972,1705224,517,529,2092194,914,2092194,-,-, -,-, -,5,5,27994,8,27994,-,-, -,-, -
00357400,HOWARD COUNTY JUNIOR COLLEGE DISTRICT,TX,797200213,Public,320,320,957494,587,957494,259,259,1189365,473,1189365,-,-, -,-, -,2,2,35000,4,35000,-,-, -,-, -
00357500,HOWARD PAYNE UNIVERSITY,TX,768012715,Private-Nonprofit,444,461,1718266,808,1718266,501,543,1659756,954,1659756,27,32,424090,55,424090,110,128,1689036,202,1689036,-,-, -,-, -
00357600,HOUSTON CHRISTIAN UNIVERSITY,TX,770740000,Private-Nonprofit,1702,2060,7189187,6758,7185604,1526,1696,6021700,5727,6017700,843,1078,17073789,3682,17073789,202,243,3661987,799,3661987,109,136,2751469,475,2751469
00357700,HUSTON - TILLOTSON UNIVERSITY,TX,787022795,Private-Nonprofit,634,634,2480766,1259,2480766,661,707,2641121,1388,2641121,36,36,681118,98,681118,81,81,825564,155,825564,8,8,177665,23,177665
00357800,UNIVERSITY OF THE INCARNATE WORD,TX,782096398,Private-Nonprofit,2000,2090,8651147,3742,8242838,1900,1997,8066259,3575,7638356,1028,1177,31341628,2390,30593960,646,666,11555410,1212,11253953,863,1139,35607383,2083,35262148
00358000,KILGORE COLLEGE,TX,756623299,Public,795,795,2405345,1329,2405345,793,793,3084268,1329,3084268,-,-, -,-, -,-,-, -,-, -,-,-, -,-, -
00358100,LAMAR UNIVERSITY,TX,777100042,Public,3159,3471,12058980,7545,11672574,3310,3684,15420510,7980,14946908,5755,6696,80031043,20714,73493171,195,231,1854311,453,1841714,219,256,1959763,758,1860775
00358300,LEE COLLEGE,TX,775204796,Public,449,472,1344078,826,1344078,407,446,1462428,793,1462428,-,-, -,-, -,-,-, -,-, -,-,-, -,-, -
00358400,LETOURNEAU UNIVERSITY,TX,756023564,Private-Nonprofit,725,725,2918821,1375,2918821,757,757,2697393,1431,2697393,128,128,1903697,268,1903697,87,103,1924037,175,1924037,3,3,54300,6,54300
00358600,LUBBOCK CHRISTIAN UNIVERSITY,TX,794072099,Private-Nonprofit,534,640,2265125,1117,2265125,587,686,2534308,1235,2534308,147,196,2882204,425,2882204,177,202,1953889,384,1953889,8,9,123922,23,123922
00358800,UNIVERSITY OF MARY HARDIN-BAYLOR,TX,765132599,Private-Nonprofit,1637,1724,6344264,2936,6344264,1791,2065,6350918,3574,6350918,369,423,6665369,816,6665369,788,1053,13765577,1656,13765577,195,311,5648673,487,5648673
00359000,MCLENNAN COMMUNITY COLLEGE,TX,767081498,Public,1376,1544,3641002,2637,3641002,931,1140,3001642,2042,3001642,-,-, -,-, -,24,26,156510,49,156510,-,-, -,-, -
00359100,MCMURRY UNIVERSITY,TX,796970001,Private-Nonprofit,653,702,2514009,1245,2514009,720,786,2782890,1422,2782890,4,5,59812,9,59812,120,137,1427647,237,1427647,-,-, -,-, -
00359200,MIDWESTERN STATE UNIVERSITY,TX,763082099,Public,1586,1774,5991120,2919,5991120,1602,1884,6824004,3152,6824004,417,533,5646210,856,5646210,425,499,4223730,837,4223730,11,11,37481,21,37481
00359300,NAVARRO COLLEGE,TX,751104818,Public,1203,1268,3453584,2127,3453584,1137,1228,4222051,2036,4222051,-,-, -,-, -,30,32,263523,58,263523,-,-, -,-, -
00359400,UNIVERSITY OF NORTH TEXAS,TX,762035017,Public,10663,11602,41967882,19599,41965132,10653,11860,43041578,20460,43038078,2320,2853,32071507,4427,32071507,3225,3708,46882763,6349,46871621,59,73,583422,105,583422
00359500,OBLATE SCHOOL OF THEOLOGY,TX,782166693,Private-Nonprofit,-,-, -,-, -,-,-, -,-, -,8,8,58334,14,58334,-,-, -,-, -,1,1,3000,1,3000
00359600,ODESSA COLLEGE,TX,797647127,Public,222,266,668360,709,668360,215,259,838702,684,838702,-,-, -,-, -,1,1,2750,2,2750,-,-, -,-, -
00359800,OUR LADY OF THE LAKE UNIVERSITY,TX,782074689,Private-Nonprofit,630,654,2342112,1091,2342112,591,638,2212494,1061,2212494,885,976,13361367,2040,13361367,99,118,1188805,188,1188805,152,202,1869164,335,1869164
00359900,UNIVERSITY OF TEXAS RIO GRANDE VALLEY,TX,785392999,Public,6883,7878,24897826,14475,24897826,3959,4681,13914022,8725,13914022,2752,3691,34347077,8498,34347077,156,176,640102,342,640102,277,388,3629236,793,3629236
00360000,PANOLA COLLEGE,TX,756332397,Public,207,220,537133,398,537133,185,196,568443,349,568443,-,-, -,-, -,1,1,2500,1,2500,-,-, -,-, -
00360100,PARIS JUNIOR COLLEGE,TX,754606298,Public,89,89,258135,309,258135,97,97,340229,335,340229,-,-, -,-, -,-,-, -,-, -,-,-, -,-, -
00360200,PAUL QUINN COLLEGE,TX,752414398,Private-Nonprofit,443,447,1535271,1004,1497944,419,439,1591150,960,1554487,6,7,140333,17,140333,16,16,189084,37,179238,2,2,14300,4,14300
00360300,RANGER COLLEGE,TX,764703298,Public,158,176,478600,343,478600,161,183,580502,358,580502,-,-, -,-, -,9,9,71000,18,71000,-,-, -,-, -
00360400,WILLIAM MARSH RICE UNIVERSITY,TX,770051892,Private-Nonprofit,126,128,508872,248,508872,268,274,1358530,528,1358530,507,540,9552788,1118,9552788,110,118,3877732,216,3877732,254,311,10750226,633,10750226
00360600,SAM HOUSTON STATE UNIVERSITY,TX,773410000,Public,7380,7787,29650873,13324,29650873,7327,8139,29229316,14213,29229316,1502,1851,31249007,2882,31249007,2283,2544,18710662,4478,18710662,181,234,2609819,412,2609819
00360800,SAINT PHILIP'S COLLEGE,TX,782032098,Public,475,592,1450587,928,1450587,423,567,1566830,875,1566830,-,-, -,-, -,4,6,28786,9,28786,-,-, -,-, -
00360900,SAN JACINTO COMMUNITY COLLEGE DISTRICT,TX,775043323,Public,742,809,2174543,5498,2174543,717,800,2467299,5397,2467299,-,-, -,-, -,15,16,185759,120,185759,-,-, -,-, -
00361000,SCHREINER UNIVERSITY,TX,780285697,Private-Nonprofit,606,606,2404786,1103,2404786,679,740,2449879,1350,2449879,154,157,1807484,294,1807484,95,106,1587681,179,1587681,7,7,45510,12,45510
00361100,SOUTH PLAINS COLLEGE,TX,793366595,Public,1272,1287,3843429,1976,3843429,1199,1216,4231271,1963,4231271,-,-, -,-, -,49,50,356738,84,356738,-,-, -,-, -
00361200,UNIVERSITY OF HOUSTON - DOWNTOWN,TX,770021001,Public,3731,3992,15392044,6515,15392044,3071,3372,16912301,5423,16912301,719,859,11921565,1354,11921565,38,48,500978,74,500978,56,71,554041,101,554041
00361300,SOUTHERN METHODIST UNIVERSITY,TX,752750100,Private-Nonprofit,1182,1201,4939391,2215,4939391,1207,1266,4262675,2341,4262675,1332,1500,24468745,2765,24468745,466,593,17287572,1015,17287572,629,846,20684374,1480,20684374
00361400,SOUTHWEST TEXAS COLLEGE,TX,788016221,Public,137,156,438737,301,438737,133,153,462305,299,462305,-,-, -,-, -,6,6,22902,12,22902,-,-, -,-, -
00361500,TEXAS STATE UNIVERSITY,TX,786664684,Public,11449,12253,46212968,21753,46212968,11792,12943,45818922,23229,45818922,1464,1706,21575002,2756,21575002,4980,5381,67948720,9868,67948720,73,93,572984,114,572984
00361600,NELSON UNIVERSITY,TX,751652397,Private-Nonprofit,806,806,3048604,1372,3048604,842,869,3063642,1477,3063642,191,191,2688812,325,2688812,143,146,2140228,274,2140228,20,20,305354,34,305354
00361800,SOUTHWESTERN CHRISTIAN COLLEGE,TX,751603400,Private-Nonprofit,15,15,50132,25,44882,18,18,54387,28,46637,-,-, -,-, -,-,-, -,-, -,-,-, -,-, -
00361900,SOUTHWESTERN ADVENTIST UNIVERSITY,TX,760591922,Private-Nonprofit,396,396,1631158,713,1631158,385,385,1423377,680,1423377,-,-, -,-, -,64,64,983725,121,983725,-,-, -,-, -
00362000,SOUTHWESTERN UNIVERSITY,TX,786266111,Private-Nonprofit,512,521,2038661,952,2038661,581,612,2068048,1139,2068048,-,-, -,-, -,297,320,6859335,560,6859335,-,-, -,-, -
00362100,ST. EDWARD'S UNIVERSITY,TX,787040000,Private-Nonprofit,1146,1228,4568391,2228,4568391,1141,1264,3863722,2308,3863722,277,399,6572840,784,6572840,245,293,5533381,544,5533381,95,139,2791288,283,2791288
00362300,ST. MARY'S UNIVERSITY,TX,782288500,Private-Nonprofit,813,836,3272194,1492,3272194,847,926,2881222,1690,2881222,794,1063,17453483,1657,17453483,165,185,2720720,354,2720720,500,573,14519686,1132,14519686
00362400,STEPHEN F AUSTIN STATE UNIVERSITY,TX,759620001,Public,3276,3582,12612976,6693,12612976,3479,4061,14297055,7652,14297055,647,809,8452564,1503,8452564,1199,1307,8261746,2504,8261746,10,11,73056,21,73056
00362500,SUL ROSS STATE UNIVERSITY,TX,798320113,Public,556,617,2023581,1129,2023581,467,535,1731401,980,1731401,271,431,2478207,808,2474957,32,49,432710,95,432710,-,-, -,-, -
00362600,TARRANT COUNTY COLLEGE DISTRICT,TX,761026599,Public,3490,3721,10028029,5957,10028029,2629,2859,10425261,4647,10425261,-,-, -,-, -,-,-, -,-, -,-,-, -,-, -
00362700,TEMPLE COLLEGE,TX,765047435,Public,1123,1136,3582675,1967,3582675,972,981,4266064,1693,4266064,-,-, -,-, -,16,16,190238,31,190238,-,-, -,-, -
00362800,TEXARKANA COLLEGE,TX,755990001,Public,341,341,1072969,996,1072969,295,295,979937,921,979937,-,-, -,-, -,-,-, -,-, -,-,-, -,-, -
00363000,PRAIRIE VIEW AGRICULTURAL & MECHANICAL UNIVERSITY,TX,774462967,Public,5528,5770,21874298,10586,21874298,5175,5747,17865913,10466,17865913,576,685,8675325,1222,8675325,1296,1483,19102356,2613,19102356,60,72,520499,130,520499
00363100,TARLETON STATE UNIVERSITY,TX,764010002,Public,4138,4329,16056989,7427,16056989,4691,5198,20433590,8840,20433590,1196,1523,17207565,2294,17207565,750,872,10377761,1442,10377761,97,130,744267,162,744267
00363200,TEXAS A&M UNIVERSITY,TX,778431246,Public,10719,11424,43700358,20300,43700358,12640,13378,50075882,24241,50075882,4691,6046,109433673,9997,109433673,2702,3166,51005645,5448,51005645,989,1564,17114508,2352,17114508
00363400,TEXAS STATE TECHNICAL COLLEGE,TX,767051695,Public,3646,3736,9530485,7089,9530485,3227,3297,10827378,6300,10827378,-,-, -,-, -,87,90,1315536,198,1315536,-,-, -,-, -
00363500,TEXAS CHIROPRACTIC COLLEGE,TX,775051699,Private-Nonprofit,-,-, -,-, -,-,-, -,-, -,231,329,10094743,644,10094743,-,-, -,-, -,137,193,2971980,578,2971980
00363600,TEXAS CHRISTIAN UNIVERSITY,TX,761290001,Private-Nonprofit,1996,2036,8807761,3856,8807761,2398,2507,9273314,4792,9273314,630,780,17758865,1750,17758865,870,948,31228163,1799,31228163,316,424,11856914,984,11856914
00363700,JARVIS CHRISTIAN UNIVERSITY,TX,757651470,Private-Nonprofit,398,398,1462851,861,1462851,385,385,1369832,834,1369832,81,81,1122581,284,1122581,25,25,226294,50,226294,15,16,196158,52,196158
00363800,TEXAS COLLEGE,TX,757024500,Private-Nonprofit,414,414,1470256,1390,1461506,391,394,1178099,1312,1168465,-,-, -,-, -,3,3,22673,8,22673,-,-, -,-, -
00363900,TEXAS A&M UNIVERSITY - KINGSVILLE,TX,783638203,Public,1954,2045,7474212,3443,7471962,1774,1873,6188716,3225,6188716,518,643,7439678,961,7439678,204,218,2122098,353,2122098,51,61,394798,70,394798
00364100,TEXAS LUTHERAN UNIVERSITY,TX,781555999,Private-Nonprofit,711,764,2820005,1318,2820005,767,868,3085090,1521,3085090,87,114,1689498,184,1689498,190,215,2881503,349,2881503,41,54,1026209,87,1026209
00364200,TEXAS SOUTHERN UNIVERSITY,TX,770044598,Public,4482,4651,16540798,8181,16540798,4400,5033,16778630,8917,16778630,1428,1535,27230246,2773,27230246,1594,1656,26307350,3051,26307350,1012,1394,18457933,2301,18457933
00364400,TEXAS TECH UNIVERSITY,TX,794092011,Public,8629,9190,35064831,16214,35064831,10770,11418,43236254,20438,43236254,2219,3015,36878971,4836,36878971,1758,2122,29016791,3531,29016791,300,454,4068426,703,4068426
00364500,TEXAS WESLEYAN UNIVERSITY,TX,761051536,Private-Nonprofit,716,751,2838186,1341,2806767,634,684,2149980,1225,2121066,454,613,11063941,1292,10811096,90,102,1489455,183,1489455,184,250,8354166,534,8325070
00364600,TEXAS WOMAN'S UNIVERSITY,TX,762045587,Public,3177,3800,13368038,6899,13353165,3064,3755,14478533,6839,14447768,2371,3188,42849575,6523,42367574,303,363,3062163,603,3062163,175,246,1953359,432,1939877
00364700,TRINITY UNIVERSITY,TX,782127200,Private-Nonprofit,606,639,2552459,1200,2552459,670,701,2439811,1322,2436411,50,72,1543822,135,1543822,113,123,2416597,216,2416597,6,11,199740,18,199740
00364800,TYLER JUNIOR COLLEGE,TX,757013436,Public,2411,2423,7590009,4334,7590009,1999,2035,6767281,3618,6767281,-,-, -,-, -,69,71,596771,132,596771,-,-, -,-, -
00365100,UNIVERSITY OF DALLAS,TX,750624799,Private-Nonprofit,492,527,2061310,976,2061310,543,577,1825642,1065,1825642,185,204,2997239,311,2997239,114,125,2437406,225,2437406,40,48,720558,65,720558
00365200,UNIVERSITY OF HOUSTON,TX,772042018,Public,10914,11538,45505321,20099,45505321,8981,9525,33301756,16625,33301756,2781,3466,60988255,5931,60988255,1011,1187,17512084,1943,17512084,622,826,13730431,1296,13730431
00365400,UNIVERSITY OF SAINT THOMAS,TX,770064626,Private-Nonprofit,1014,1057,4274541,1725,4274541,941,1021,4313339,1635,4313339,207,238,3288653,360,3288653,123,148,2540706,226,2540706,29,36,394472,47,394472
00365600,UNIVERSITY OF TEXAS AT ARLINGTON,TX,760190125,Public,9755,12653,35741770,20349,35741770,8823,12125,37600178,18882,37600178,4290,6459,60721335,9004,60721335,493,582,6694651,966,6658781,218,283,2342283,421,2329306
00365800,UNIVERSITY OF TEXAS AT AUSTIN,TX,787120000,Public,9024,10756,38099999,17596,38099999,9711,11190,35780923,19338,35780923,2858,3870,56213691,6471,56213691,5164,7045,89963331,10515,89963331,1830,3187,39348336,4210,39348336
00365900,UNIVERSITY OF TEXAS HEALTH SCIENCE CENTER AT SAN ANTONIO,TX,782293900,Public,551,566,2657166,937,2657166,396,411,2083923,719,2083923,1492,1800,45269363,3719,45269363,15,17,167902,30,167902,705,860,15132161,1888,15132161
00366100,UNIVERSITY OF TEXAS AT EL PASO,TX,799680500,Public,5305,5754,20941672,9345,20941672,4023,4337,16499730,7019,16499730,1742,2097,27875941,3246,27875941,260,283,2754662,465,2754662,129,157,1029863,190,1029863
00366200,VICTORIA COLLEGE,TX,779014494,Public,200,223,529294,414,529294,216,254,719393,472,719393,-,-, -,-, -,4,4,24579,8,24579,-,-, -,-, -
00366300,WAYLAND BAPTIST UNIVERSITY,TX,790726998,Private-Nonprofit,1109,1154,3776221,2790,3776221,1138,1217,4809820,2877,4809820,369,398,5459796,1154,5459796,87,104,1204067,168,1204067,12,12,105263,39,105263
00366400,WEATHERFORD COLLEGE,TX,760865699,Public,795,852,2195827,1348,2195827,801,841,3205464,1350,3205464,-,-, -,-, -,16,16,105743,26,105743,-,-, -,-, -
00366500,WEST TEXAS A&M UNIVERSITY,TX,790150001,Public,2265,2395,8769398,4038,8769398,2272,2476,9660756,4188,9660756,791,1082,11226438,1754,11226438,164,183,1786559,305,1786559,45,51,355735,89,355735
00366800,WHARTON COUNTY JUNIOR COLLEGE,TX,774883298,Public,384,388,1059417,660,1059417,406,416,1383044,712,1383044,-,-, -,-, -,5,5,12661,9,12661,-,-, -,-, -
00366900,WILEY UNIVERSITY,TX,756705199,Private-Nonprofit,445,445,1519613,885,1438853,382,382,1135478,782,1065545,33,33,568065,130,568065,16,16,82250,32,82250,-,-, -,-, -
00367000,BRIGHAM YOUNG UNIVERSITY,UT,846028406,Private-Nonprofit,2637,2830,10997720,5163,10997720,2450,2595,11120081,4729,11120081,481,553,7763371,1046,7763371,75,83,960549,149,960549,54,59,629055,115,629055
00367100,UTAH TECH UNIVERSITY,UT,847703876,Public,1556,1575,5627444,2734,5627444,1528,1540,6203288,2707,6203288,48,49,809138,92,809138,142,144,1722208,272,1722208,1,1,3453,2,3453
00367200,ENSIGN COLLEGE,UT,841013500,Private-Nonprofit,107,116,374655,153,325194,112,136,472262,191,420315,-,-, -,-, -,-,-, -,-, -,-,-, -,-, -
00367500,UNIVERSITY OF UTAH,UT,841129055,Public,4427,4730,18178910,8182,18178910,4422,4612,19224708,8369,19224708,2909,3235,63857467,5774,63857467,674,756,17972759,1477,17972759,964,1435,26796549,2243,26796549
00367700,UTAH STATE UNIVERSITY,UT,843221400,Public,3829,4066,15142560,6930,15142560,3942,4124,18445811,7102,18445811,791,900,12689259,1497,12679009,191,244,3043247,372,3043247,69,90,1096189,129,1096189
00367800,SOUTHERN UTAH UNIVERSITY,UT,847202415,Public,1917,1966,7022733,3299,7022733,1608,1703,6747551,2825,6747551,788,1168,9029958,1610,9029958,95,97,1788280,189,1788280,24,24,235392,40,235392
00367900,SNOW COLLEGE,UT,846271299,Public,521,521,1463400,978,1463400,490,490,1510168,912,1510168,-,-, -,-, -,11,11,80952,19,80952,-,-, -,-, -
00368000,WEBER STATE UNIVERSITY,UT,844081001,Public,2755,2786,10231639,4945,10231639,2650,2674,12816455,4736,12816455,370,376,5745185,711,5745185,44,44,487900,84,487900,51,51,1031208,108,1031208
00368100,WESTMINSTER UNIVERSITY,UT,841053697,Private-Nonprofit,221,223,856558,394,856558,263,273,1043672,490,1043672,183,185,3374608,382,3374608,41,51,836711,90,836711,71,100,2736893,208,2736893
00368200,BENNINGTON COLLEGE,VT,052016001,Private-Nonprofit,331,334,1442932,626,1442932,355,362,1021599,681,1021599,32,36,476612,58,476612,49,52,1168702,89,1168702,1,1,975,1,975
00368400,CHAMPLAIN COLLEGE,VT,054013950,Private-Nonprofit,1333,1478,5466907,2799,5466729,1550,1730,6902324,3256,6900324,231,326,2843848,553,2843848,319,353,8213763,609,8213763,13,14,149349,30,149349
00368600,GODDARD COLLEGE,VT,056670000,Private-Nonprofit,70,80,295277,111,295277,80,95,483365,131,483365,117,122,2030979,180,2030979,2,2,13656,3,13656,28,36,607958,52,607958
00369100,MIDDLEBURY COLLEGE,VT,057530000,Private-Nonprofit,499,505,2075451,943,2075451,526,529,1987982,989,1987982,181,193,3287553,319,3287553,109,124,3362006,204,3362006,111,118,2425645,201,2425645
00369200,NORWICH UNIVERSITY,VT,056631035,Private-Nonprofit,921,1048,3931367,1873,3931367,1090,1200,4024340,2209,4024340,332,396,4596031,784,4596031,171,213,2898246,348,2898246,135,155,1555543,359,1555543
00369400,SAINT MICHAEL'S COLLEGE,VT,054390001,Private-Nonprofit,476,481,2064634,919,2064634,618,650,2197307,1248,2197307,25,28,283582,39,283582,115,123,2418248,215,2418248,1,1,15808,2,15808
00369600,UNIVERSITY OF VERMONT AND STATE AGRICULTURAL COLLEGE,VT,054050160,Public,3262,3286,13382238,6183,13382238,4142,4162,15086441,7917,15086441,824,858,22094085,1552,22094085,768,864,19466546,1509,19466546,543,632,16731647,1160,16731647
00369700,VERMONT COLLEGE OF FINE ARTS,VT,056023128,Private-Nonprofit,-,-, -,-, -,-,-, -,-, -,111,115,1949768,185,1949768,-,-, -,-, -,37,43,964521,64,964521
00369800,VERMONT STATE UNIVERSITY,VT,050610500,Public,1949,2006,7501413,3679,7497745,2239,2322,9065826,4293,9061158,214,242,3181433,433,3181433,250,288,4306654,466,4302720,9,11,134030,18,134030
00370200,AVERETT UNIVERSITY,VA,245413692,Private-Nonprofit,753,765,2920474,1451,2920474,803,824,3328476,1559,3328476,158,210,2145482,420,2145482,257,259,4351242,474,4351242,15,15,143256,17,143256
00370300,BLUEFIELD UNIVERSITY,VA,246051799,Private-Nonprofit,435,445,1602891,1039,1602891,516,570,1928518,1235,1928518,295,318,5233659,886,5233659,101,123,1170799,208,1170799,121,162,5327269,427,5327269
00370400,BRIDGEWATER COLLEGE,VA,228121599,Private-Nonprofit,559,566,2226792,1054,2226792,788,818,3042953,1532,3042953,26,27,525610,72,525610,231,232,3153629,430,3153629,6,6,69548,17,69548
00370500,COLLEGE OF WILLIAM & MARY,VA,231878795,Public,1094,1139,4376258,2125,4376258,1323,1379,5206864,2615,5206864,1037,1109,18946023,2196,18946023,374,462,10703524,788,10703524,464,537,12891346,1038,12891346
00370600,CHRISTOPHER NEWPORT UNIVERSITY,VA,236063072,Public,1158,1194,4689560,2228,4689560,1492,1593,5434036,2995,5434036,31,34,422933,51,422933,432,481,8702949,840,8702949,2,2,15200,4,15200
00370700,RICHARD BLAND COLLEGE,VA,238057100,Public,358,378,1065477,609,1065477,367,423,1046109,681,1046109,-,-, -,-, -,39,41,370814,66,370814,-,-, -,-, -
00370800,EASTERN MENNONITE UNIVERSITY,VA,228022462,Private-Nonprofit,396,488,1673797,756,1673797,436,546,1534115,874,1534115,78,131,1387176,181,1387176,100,118,1465680,197,1465680,24,34,235732,50,235732
00370900,EMORY & HENRY UNIVERSITY,VA,243270010,Private-Nonprofit,474,480,1960822,886,1960822,556,582,1995075,1090,1995075,235,238,4480957,618,4480957,163,211,2116126,333,2116126,166,180,5966459,481,5966459
00371100,FERRUM COLLEGE,VA,240882612,Private-Nonprofit,486,500,1974284,944,1974284,536,538,1763865,1016,1758865,9,9,126667,15,113000,191,194,2410189,366,2401261,2,2,34940,4,34940
00371200,TIDEWATER COMMUNITY COLLEGE,VA,235101910,Public,1392,1553,4135429,2906,4135429,1208,1424,4091652,2648,4091652,-,-, -,-, -,31,32,222740,60,222740,-,-, -,-, -
00371300,HAMPDEN SYDNEY COLLEGE,VA,239430128,Private-Nonprofit,314,316,1291865,607,1291865,381,392,1323520,760,1323520,-,-, -,-, -,106,116,1963700,210,1963700,-,-, -,-, -
00371400,HAMPTON UNIVERSITY,VA,236680099,Private-Nonprofit,1518,1523,6031732,2906,5983429,1685,1694,5521737,3213,5473253,255,279,4499136,548,4373482,1285,1323,35677743,2553,35633186,184,220,2262604,425,2234372
00371500,HOLLINS UNIVERSITY,VA,240194421,Private-Nonprofit,288,290,1216459,546,1216459,345,345,1298007,657,1298007,60,62,944266,106,944266,96,111,1517432,198,1517432,10,12,232488,26,232488
00371900,LONGWOOD UNIVERSITY,VA,239091899,Public,1218,1273,5023615,2299,5023615,1372,1422,5097930,2601,5097930,339,462,4717544,664,4717544,664,750,10877849,1321,10877849,47,55,334935,62,334935
00372000,UNIVERSITY OF LYNCHBURG,VA,245013199,Private-Nonprofit,671,681,2794124,1255,2794124,830,881,3201398,1637,3201398,550,755,11713544,1411,11713544,203,222,2851430,410,2851430,181,264,5435474,479,5435474
00372100,JAMES MADISON UNIVERSITY,VA,228073780,Public,4003,4205,16453410,7696,16453410,5135,5662,20240780,10473,20240780,502,999,7173561,1568,7173561,2328,2629,49856855,4593,49856855,109,134,1826372,206,1826372
00372300,MARY BALDWIN UNIVERSITY,VA,244013610,Private-Nonprofit,698,762,2618794,1326,2592746,798,875,2883869,1547,2863120,503,559,8387874,1078,8368208,84,99,755697,156,755697,252,577,7482270,651,7465463
00372400,MARYMOUNT UNIVERSITY,VA,222074224,Private-Nonprofit,680,680,2717773,1217,2717773,749,762,2742750,1381,2742750,719,786,13325286,1356,13325286,232,274,5789225,456,5789225,468,642,12431669,971,12431669
00372600,AMERICAN NATIONAL UNIVERSITY,VA,241534524,Proprietary,658,1042,2156925,2244,2156925,580,1238,2258141,2055,2258141,24,69,325029,130,325029,1,1,5237,1,5237,-,-, -,-, -
00372700,NORTHERN VIRGINIA COMMUNITY COLLEGE,VA,220033743,Public,3667,3839,11297228,5811,11297228,3271,3340,12673183,5174,12673183,-,-, -,-, -,35,35,364205,59,364205,-,-, -,-, -
00372800,OLD DOMINION UNIVERSITY,VA,235290001,Public,6590,7086,26324225,12039,26324225,6693,7448,26193581,12797,26193581,2278,2648,50618408,4704,50618408,927,1128,13234426,1999,13234426,842,1095,26374178,2130,26372530
00373200,RADFORD UNIVERSITY,VA,241426905,Public,2470,2628,9908788,4765,9908788,2671,2811,9537557,5118,9537557,779,1276,14329720,1878,14329720,450,504,5998130,854,5998130,174,238,3336592,366,3336592
00373300,RANDOLPH - MACON COLLEGE,VA,230055505,Private-Nonprofit,575,575,2355282,1091,2355282,851,883,3277640,1681,3277640,31,31,622132,107,622132,236,251,4280746,437,4280746,31,32,1248612,104,1248612
00373400,RANDOLPH COLLEGE,VA,245031526,Private-Nonprofit,295,306,1181812,560,1181812,348,368,1179477,678,1179477,96,115,1681871,181,1681871,71,80,806337,138,806337,8,9,62646,13,62646
00373500,VIRGINIA COMMONWEALTH UNIVERSITY,VA,232849004,Public,7286,7730,30480278,13610,30480278,7316,7768,25129807,13913,25129807,3267,3791,80284878,6782,80284878,1598,1927,33179782,3130,33179782,1210,1793,38009916,2707,38009916
00373600,ROANOKE COLLEGE,VA,241533794,Private-Nonprofit,848,969,3612032,1698,3612032,1095,1219,3855074,2193,3855074,5,5,74113,14,74113,272,310,4398430,531,4398430,2,2,49426,8,49426
00373700,SHENANDOAH UNIVERSITY,VA,226015195,Private-Nonprofit,959,1006,4081058,1839,4081058,1201,1305,4960506,2419,4960506,913,1063,18847730,2026,18847730,375,425,8336223,728,8336223,371,748,9096213,851,9096213
00373800,SOUTHERN VIRGINIA UNIVERSITY,VA,244163038,Private-Nonprofit,508,508,2029878,895,2029878,485,513,1789937,895,1789937,-,-, -,-, -,56,59,864706,100,864706,-,-, -,-, -
00374200,SWEET BRIAR COLLEGE,VA,245959998,Private-Nonprofit,178,187,774348,351,774348,199,215,639721,410,639721,-,-, -,-, -,49,57,693167,112,693167,-,-, -,-, -
00374300,UNION PRESBYTERIAN SEMINARY,VA,232274514,Private-Nonprofit,-,-, -,-, -,-,-, -,-, -,4,4,49710,10,49710,-,-, -,-, -,-,-, -,-, -
00374400,UNIVERSITY OF RICHMOND,VA,231730001,Private-Nonprofit,716,730,2951624,1401,2951624,819,829,3007518,1600,3007518,303,310,5442648,585,5442648,144,155,4838388,286,4838388,199,200,6324294,395,6324294
00374500,UNIVERSITY OF VIRGINIA,VA,229032600,Public,2574,2775,10379962,5390,10379962,2726,2894,10525500,5617,10525500,2028,2505,43953064,4301,43953064,583,653,17371712,1198,17371712,1311,2347,50158918,3763,50158918
00374600,UNIVERSITY OF MARY WASHINGTON,VA,224015358,Public,804,824,3339234,1477,3339234,975,1008,3943195,1834,3943195,45,49,657382,70,657382,203,203,3379844,370,3379844,2,5,64406,7,64406
00374700,UNIVERSITY OF VIRGINIA'S COLLEGE AT WISE (THE),VA,242934412,Public,298,354,874633,519,874633,345,407,1251448,628,1251448,7,11,52254,17,52254,54,59,516224,108,516224,-,-, -,-, -
00374900,GEORGE MASON UNIVERSITY,VA,220304444,Public,6893,7062,28580918,12510,28580918,6460,6596,25878812,11873,25878812,2782,2869,44984681,5169,44984681,1268,1557,24833683,2506,24833683,634,851,16326438,1331,16326438
00375300,VIRGINIA MILITARY INSTITUTE,VA,244502138,Public,457,460,1975826,888,1975826,535,535,1816924,1037,1816924,-,-, -,-, -,95,104,1970266,183,1970266,-,-, -,-, -
00375400,VIRGINIA POLYTECHNIC INSTITUTE & STATE UNIVERSITY,VA,240612000,Public,7573,8516,33022618,15726,33022618,9121,9605,33484482,18025,33484482,1375,1627,35302022,2634,35302022,2346,2660,62220508,4647,62220508,377,480,9743818,756,9743818
00375800,DANVILLE COMMUNITY COLLEGE,VA,245414004,Public,99,108,314348,202,314348,104,117,343110,219,343110,-,-, -,-, -,-,-, -,-, -,-,-, -,-, -
00375900,J SARGEANT REYNOLDS COMMUNITY COLLEGE,VA,232285622,Public,383,411,1113592,780,1113592,396,450,1547353,854,1547353,-,-, -,-, -,12,16,128018,32,128018,-,-, -,-, -
00376000,VIRGINIA WESTERN COMMUNITY COLLEGE,VA,240154700,Public,274,295,859869,432,859869,260,282,1011422,423,1011422,-,-, -,-, -,3,4,15798,5,15798,-,-, -,-, -
00376100,WYTHEVILLE COMMUNITY COLLEGE,VA,243823308,Public,49,52,151072,98,151072,51,62,208216,120,208216,-,-, -,-, -,-,-, -,-, -,-,-, -,-, -
00376200,VIRGINIA UNIVERSITY OF LYNCHBURG,VA,245016400,Private-Nonprofit,133,133,320093,196,320093,145,146,344609,215,344609,476,478,7169206,1038,7169206,31,31,159347,44,159347,63,63,880507,140,880507
00376400,VIRGINIA STATE UNIVERSITY,VA,238060001,Public,2831,2866,10527276,5246,10359220,2781,3723,8677293,6771,8516371,268,287,4535988,523,4505238,700,757,12663253,1433,12517494,55,61,686712,117,677538
00376500,NORFOLK STATE UNIVERSITY,VA,235048000,Public,3286,3544,11674214,6458,11674214,3165,3658,10090835,6642,10090835,366,402,5380860,707,5380860,670,763,11287680,1434,11287680,40,45,286342,66,286342
00376600,VIRGINIA UNION UNIVERSITY,VA,232201711,Private-Nonprofit,864,864,3291247,1566,3291247,878,962,2927066,1740,2927066,363,363,6480252,916,6480252,150,150,2496876,286,2496876,23,23,362129,60,362129
00376700,VIRGINIA WESLEYAN UNIVERSITY,VA,234550000,Private-Nonprofit,594,594,2313333,1118,2313333,704,773,2691786,1451,2691786,47,47,528097,84,521263,238,240,3590156,466,3590156,-,-, -,-, -
00376800,WASHINGTON AND LEE UNIVERSITY,VA,244500303,Private-Nonprofit,119,121,404074,240,404074,244,247,1216298,485,1216298,236,237,4726597,473,4726597,113,113,3582949,224,3582949,188,198,4493042,396,4493042
00376900,BELLEVUE COLLEGE,WA,980076484,Public,337,398,1126369,716,1126369,344,413,1585656,758,1585656,-,-, -,-, -,16,18,160469,41,160469,-,-, -,-, -
00377000,BIG BEND COMMUNITY COLLEGE,WA,988373299,Public,119,138,390589,312,390589,109,122,418060,286,418060,-,-, -,-, -,15,16,269313,40,269313,-,-, -,-, -
00377100,CENTRAL WASHINGTON UNIVERSITY,WA,989267501,Public,2632,2800,10350700,6924,10350700,2791,3036,11541009,7626,11541009,304,331,4442663,689,4442663,964,1029,16674103,2819,16674103,63,80,787419,117,787419
00377300,CLARK COLLEGE,WA,986633598,Public,931,1042,2710866,2118,2710866,860,968,3515872,1981,3515872,-,-, -,-, -,6,6,37451,11,37451,-,-, -,-, -
00377400,COLUMBIA BASIN COLLEGE,WA,993013379,Public,321,370,1132276,720,1132276,303,351,1367715,714,1367715,-,-, -,-, -,8,11,94165,22,94165,-,-, -,-, -
00377500,EASTERN WASHINGTON UNIVERSITY,WA,990042444,Public,2186,2420,8226049,5572,8226049,2286,2511,9573138,5880,9573138,2054,2689,29345302,5417,29345302,177,215,2245279,536,2245279,201,293,2519862,428,2519862
00377600,EVERETT COMMUNITY COLLEGE,WA,982011352,Public,185,209,574663,463,574663,179,207,712076,459,712076,-,-, -,-, -,8,8,110271,19,110271,-,-, -,-, -
00377700,HERITAGE UNIVERSITY,WA,989489562,Private-Nonprofit,279,280,1162997,474,1040411,235,235,1155837,400,1018881,33,33,613925,63,554228,6,7,94612,14,94612,1,1,23401,2,23401
00377800,GONZAGA UNIVERSITY,WA,992580083,Private-Nonprofit,1259,1312,5489494,2443,5489494,1589,1618,6075468,3070,6075468,1317,1422,22011225,2738,22011225,404,455,11742001,807,11742001,500,625,12801692,1139,12801692
00377900,GRAYS HARBOR COLLEGE,WA,985207599,Public,80,86,246148,189,246148,72,75,296832,169,296832,-,-, -,-, -,1,1,15638,3,15638,-,-, -,-, -
00378000,GREEN RIVER COLLEGE,WA,980923622,Public,564,611,1711956,1336,1711956,540,583,2264183,1281,2264183,-,-, -,-, -,9,11,160788,28,160788,-,-, -,-, -
00378100,HIGHLINE COLLEGE,WA,981989800,Public,136,155,432519,311,432519,127,147,559527,302,559527,-,-, -,-, -,-,-, -,-, -,-,-, -,-, -
00378200,LOWER COLUMBIA COLLEGE,WA,986320310,Public,368,398,1017855,953,1017855,388,417,1526600,997,1526600,-,-, -,-, -,5,5,80127,15,80127,-,-, -,-, -
00378300,NORTHWEST UNIVERSITY,WA,980337523,Private-Nonprofit,544,577,2234996,1011,2230163,609,642,2583985,1126,2577652,230,250,5054004,601,5047171,60,74,1014334,110,1014334,35,46,665485,99,665485
00378400,OLYMPIC COLLEGE,WA,983371600,Public,263,274,833448,626,833448,307,328,1263539,748,1263539,-,-, -,-, -,4,4,28475,9,28475,-,-, -,-, -
00378500,PACIFIC LUTHERAN UNIVERSITY,WA,984470003,Private-Nonprofit,876,924,3830718,1723,3830718,929,991,3843837,1863,3843837,231,325,4429017,466,4429017,279,295,4891178,539,4891178,73,110,1467488,151,1467488
00378600,PENINSULA COLLEGE,WA,983626660,Public,166,199,514037,454,514037,167,199,660730,457,660730,-,-, -,-, -,2,2,15900,6,15900,-,-, -,-, -
00378700,SEATTLE CENTRAL COLLEGE,WA,981222413,Public,222,235,743508,554,743508,205,219,923889,523,923889,-,-, -,-, -,-,-, -,-, -,-,-, -,-, -
00378800,SEATTLE PACIFIC UNIVERSITY,WA,981191997,Private-Nonprofit,815,873,3483424,2305,3483424,955,1012,3415535,2735,3415535,198,257,4706888,804,4706888,220,226,4667123,604,4667123,52,65,1517828,179,1517828
00379000,SEATTLE UNIVERSITY,WA,981221090,Private-Nonprofit,1394,1454,5944968,3915,5944968,1628,1713,5849905,4595,5849905,1280,1646,29346117,4545,29320492,372,419,10482024,1086,10482024,698,1159,27664149,2330,27657899
00379100,SHORELINE COMMUNITY COLLEGE,WA,981335696,Public,233,257,696984,512,696984,219,245,888909,501,888909,-,-, -,-, -,7,7,78649,14,78649,-,-, -,-, -
00379200,SKAGIT VALLEY COLLEGE,WA,982735899,Public,221,227,704511,559,704511,233,240,1021766,587,1021766,-,-, -,-, -,4,4,46367,10,46367,-,-, -,-, -
00379300,SPOKANE COMMUNITY COLLEGE,WA,992075399,Public,1768,1867,5021710,4324,5021710,1615,1705,6723274,3971,6723274,-,-, -,-, -,7,9,106479,20,106479,-,-, -,-, -
00379400,SAINT MARTIN'S UNIVERSITY,WA,985037500,Private-Nonprofit,477,508,1989590,873,1989590,519,563,1978621,978,1978621,86,107,1749578,213,1742744,102,115,1977427,191,1977427,31,43,608801,75,599085
00379600,TACOMA COMMUNITY COLLEGE,WA,984666100,Public,928,1015,2949910,2229,2949910,849,931,3735451,2033,3735451,-,-, -,-, -,2,2,11149,6,11149,-,-, -,-, -
00379700,UNIVERSITY OF PUGET SOUND,WA,984160001,Private-Nonprofit,507,541,2167584,1000,2167584,629,655,2296263,1214,2296263,189,271,4251029,511,4251029,137,151,4170945,265,4170945,127,200,4319518,285,4319518
00379800,UNIVERSITY OF WASHINGTON - SEATTLE,WA,981951122,Public,5503,6103,23115043,16703,23114511,5770,6226,25604578,17038,25601719,4164,4949,114475210,14987,114475210,1564,1763,46345072,4866,46318278,3121,5120,86765212,12237,86765212
00379900,WALLA WALLA UNIVERSITY,WA,993241198,Private-Nonprofit,440,472,1750361,1173,1750361,543,575,1998151,1448,1998151,80,105,1423000,220,1423000,36,43,765366,98,765366,34,42,672166,96,672166
00380000,WASHINGTON STATE UNIVERSITY,WA,991641035,Public,5331,5683,21869398,9606,21869398,5863,6255,25871530,10854,25871530,1576,2040,40977184,3575,40977184,2123,2367,44228289,4164,44228289,931,1372,15545407,2394,15545407
00380100,WENATCHEE VALLEY COLLEGE,WA,988011799,Public,134,172,433276,399,433276,118,157,541219,365,541219,-,-, -,-, -,3,3,22425,7,22425,-,-, -,-, -
00380200,WESTERN WASHINGTON UNIVERSITY,WA,982255946,Public,2994,3034,11910226,7883,11910226,3346,3393,12508523,8810,12508523,225,226,3400753,584,3400753,682,717,13237400,1993,13237400,36,39,537778,102,537778
00380300,WHITMAN COLLEGE,WA,993622067,Private-Nonprofit,417,417,1589171,789,1589171,430,430,1460487,815,1460487,-,-, -,-, -,56,65,1478702,105,1478702,-,-, -,-, -
00380400,WHITWORTH UNIVERSITY,WA,992510001,Private-Nonprofit,921,941,3797834,1773,3797834,1109,1126,4189594,2150,4189594,263,310,4493167,621,4493167,220,227,4772495,417,4772495,43,44,1469799,118,1469799
00380500,YAKIMA VALLEY COLLEGE,WA,989072520,Public,306,334,968271,720,968271,265,286,1187844,633,1187844,-,-, -,-, -,-,-, -,-, -,-,-, -,-, -
00380800,BETHANY COLLEGE,WV,260320417,Private-Nonprofit,388,395,1421310,719,1421310,477,551,1670286,1008,1670286,1,1,20500,2,20500,165,179,1729307,339,1729307,-,-, -,-, -
00380900,BLUEFIELD STATE UNIVERSITY,WV,247012198,Public,515,532,1908573,981,1908573,552,571,2158034,1066,2158034,17,19,241067,35,241067,61,72,697552,147,697552,-,-, -,-, -
00381000,CONCORD UNIVERSITY,WV,247120000,Public,590,640,2035787,1168,2035787,614,683,2349002,1255,2349002,232,367,3131035,694,3131035,88,118,938605,224,938605,8,10,81791,19,81791
00381100,DAVIS & ELKINS COLLEGE,WV,262413996,Private-Nonprofit,364,375,1294533,658,1294533,443,450,1696828,810,1696828,-,-, -,-, -,44,57,510393,108,510393,-,-, -,-, -
00381200,FAIRMONT STATE UNIVERSITY,WV,265542470,Public,935,956,3178355,1583,3178355,1105,1128,4515344,1905,4515344,113,122,1399209,174,1399209,154,163,1635415,273,1635415,6,6,24161,7,24161
00381300,GLENVILLE STATE UNIVERSITY,WV,263511200,Public,432,455,1523701,829,1523701,511,628,1816445,1145,1812695,4,4,35169,8,35169,56,61,608889,116,608889,16,16,132303,25,132303
00381500,MARSHALL UNIVERSITY,WV,257553300,Public,2716,3021,10251625,4853,10251625,2917,3337,11922314,5499,11922314,1705,2488,33948147,3649,33948147,409,475,4985305,767,4985305,809,1253,12748912,1865,12748912
00381600,SOUTHERN WEST VIRGINIA COMMUNITY AND TECHNICAL COLLEGE,WV,256013542,Public,247,254,728142,427,728142,225,233,867872,397,867872,-,-, -,-, -,-,-, -,-, -,-,-, -,-, -
00381800,UNIVERSITY OF CHARLESTON,WV,253041099,Private-Nonprofit,720,1043,2442408,1463,2439908,845,1254,3584454,1805,3581454,278,489,7017734,853,7001234,86,102,1104317,155,1104317,117,183,4301962,362,4286131
00382000,SALEM UNIVERSITY,WV,264260500,Proprietary,592,720,2300529,1336,2286529,579,702,2954088,1291,2935951,173,218,2588300,432,2588300,46,53,508856,114,508856,2,2,30207,4,30207
00382200,SHEPHERD UNIVERSITY,WV,254435000,Public,751,780,2701200,1332,2701200,1027,1045,4530982,1844,4530982,65,74,827139,112,827139,186,194,2538355,343,2538355,3,4,15872,4,15872
00382300,WEST LIBERTY UNIVERSITY,WV,260740295,Public,707,741,2827745,1323,2827745,793,876,2864859,1575,2864859,197,234,2757525,435,2757525,152,188,2002094,318,2002094,40,65,1003753,144,1003753
00382600,WEST VIRGINIA STATE UNIVERSITY,WV,251120000,Public,562,575,2068770,1018,2068770,498,527,1910135,931,1910135,54,67,674462,128,674462,106,108,1093468,200,1093468,13,16,175771,29,175771
00382700,WEST VIRGINIA UNIVERSITY,WV,265066201,Public,6323,7528,25441813,12734,25441813,8428,8952,30822242,15582,30822242,2567,3276,52818004,5122,52818004,1843,2241,38523675,3681,38523675,838,1263,18779302,1730,18779302
00382800,WEST VIRGINIA UNIVERSITY PARKERSBURG,WV,261019577,Public,450,474,1489593,854,1489593,444,511,1887153,923,1887153,-,-, -,-, -,8,8,48267,15,48267,-,-, -,-, -
00383000,WEST VIRGINIA WESLEYAN COLLEGE,WV,262012600,Private-Nonprofit,457,457,1709823,838,1709823,572,603,1961900,1113,1961900,37,37,479950,84,479950,122,122,1742142,218,1742142,5,5,31238,8,31238
00383100,WHEELING UNIVERSITY,WV,260036243,Private-Nonprofit,254,260,955920,482,955920,345,352,1306920,657,1306920,72,86,1391378,184,1391378,77,93,1022451,160,1022451,46,55,1248325,104,1248325
00383200,ALVERNO COLLEGE,WI,532343922,Private-Nonprofit,411,450,1569502,716,1569502,414,458,1445436,725,1445436,439,657,8477471,893,8477471,25,25,422268,46,422268,232,365,6080234,459,6080234
00383500,BELOIT COLLEGE,WI,535115595,Private-Nonprofit,392,392,1726674,752,1726674,415,429,1279251,817,1279251,-,-, -,-, -,55,57,756560,100,756560,-,-, -,-, -
00383800,CARROLL UNIVERSITY,WI,531865593,Private-Nonprofit,1150,1219,5037799,2327,5037799,1383,1593,5350821,2821,5350821,310,362,6707927,940,6707927,180,186,3284092,372,3284092,150,173,5553460,456,5553460
00383900,CARTHAGE COLLEGE,WI,531401994,Private-Nonprofit,1063,1914,4450676,3901,4450676,1352,2496,4755131,5104,4755131,29,36,394680,93,394680,341,355,6157798,660,6157798,6,6,66200,13,66200
00384000,WESTERN TECHNICAL COLLEGE,WI,546010908,Public,1250,1367,3426731,2238,3426731,1249,1396,4448798,2268,4448798,-,-, -,-, -,11,15,60247,20,60247,-,-, -,-, -
00384200,CONCORDIA UNIVERSITY,WI,530972402,Private-Nonprofit,1757,1770,7045946,3361,7045946,2033,2046,7877997,3895,7877997,1350,1443,22483147,2897,22483147,305,340,5615892,575,5615892,432,482,12482823,971,12482823
00384800,EDGEWOOD COLLEGE,WI,537111958,Private-Nonprofit,542,562,2188788,998,2188788,697,740,2743285,1321,2743285,349,482,5217073,674,5217073,81,86,1230324,144,1230324,43,59,900189,118,900189
00385400,LAKELAND UNIVERSITY,WI,530734878,Private-Nonprofit,718,752,2755863,1402,2755863,776,845,3241206,1571,3241206,210,226,3252956,470,3252956,65,73,935560,117,935560,14,15,241090,34,241090
00385600,LAWRENCE UNIVERSITY,WI,549110000,Private-Nonprofit,485,514,2031008,1388,2031008,570,608,2156746,1651,2156746,-,-, -,-, -,69,75,1267740,197,1267740,-,-, -,-, -
00386100,MARIAN UNIVERSITY,WI,549354699,Private-Nonprofit,573,665,2493148,1200,2475982,647,747,2931570,1360,2907905,128,189,2741279,344,2671782,73,81,944921,138,943588,14,23,165437,34,165437
00386300,MARQUETTE UNIVERSITY,WI,532330000,Private-Nonprofit,2017,2241,8404038,4183,8404038,2550,2712,9641678,5145,9641678,1920,2229,42441165,3860,42441165,873,1004,22049635,1798,22049635,1172,1680,37694908,2664,37694908
00386600,MILWAUKEE AREA TECHNICAL COLLEGE,WI,532331443,Public,4132,4255,11252853,12275,11252853,3874,3969,14600173,11462,14600173,-,-, -,-, -,10,11,108797,30,108797,-,-, -,-, -
00386800,MILWAUKEE SCHOOL OF ENGINEERING,WI,532023109,Private-Nonprofit,1126,1294,4751569,2348,4751569,1341,1454,4950550,2659,4950550,81,93,1417615,166,1417615,188,208,3752823,373,3752823,13,17,302289,33,302289
00386900,MOUNT MARY UNIVERSITY,WI,532224597,Private-Nonprofit,462,482,1775360,843,1769194,423,457,1545928,814,1538429,255,370,5102456,659,5095623,40,40,473369,71,473369,29,38,482918,69,482918
00387400,NASHOTAH HOUSE,WI,530589793,Private-Nonprofit,-,-, -,-, -,-,-, -,-, -,17,20,302842,41,296008,-,-, -,-, -,3,3,24703,4,24703
00387500,NORTHLAND COLLEGE,WI,548063999,Private-Nonprofit,229,232,977579,437,977579,265,273,941411,518,941411,-,-, -,-, -,46,50,651229,85,651229,-,-, -,-, -
00388400,RIPON COLLEGE,WI,549710248,Private-Nonprofit,406,406,1729387,774,1729387,473,496,1592604,944,1592604,7,7,58668,7,58668,58,60,740256,107,740256,-,-, -,-, -
00389200,ST NORBERT COLLEGE,WI,541152099,Private-Nonprofit,668,674,2879701,1289,2879701,848,865,3053913,1664,3053913,13,13,106833,22,106833,170,191,3559782,368,3559782,-,-, -,-, -
00389500,UNIVERSITY OF WISCONSIN - MADISON,WI,537061380,Public,4488,4717,18409085,8400,18409085,6625,6978,28736904,13029,28736904,3014,3387,72308528,5985,72308528,1155,1311,33142399,2286,33142399,867,1189,18054265,1846,18054265
00389600,UNIVERSITY OF WISCONSIN - MILWAUKEE,WI,532113165,Public,6213,6745,23403354,11658,23360358,6867,7390,28486555,13143,28426564,1486,1692,22733190,2810,22733190,598,682,7807568,1162,7807568,189,246,2629587,345,2629587
00389900,UNIVERSITY OF WISCONSIN - GREEN BAY,WI,543117001,Public,2119,2374,7584354,3911,7584354,2396,2810,10693035,4661,10693035,242,285,3345871,481,3345871,122,131,1162309,223,1162309,4,4,25072,8,25072
00391100,VITERBO UNIVERSITY,WI,546014777,Private-Nonprofit,681,709,2939735,1256,2939735,762,799,3212125,1447,3212125,314,395,4381230,578,4370980,279,299,4652480,524,4652480,96,122,1008956,169,1008956
00391500,UNIVERSITY OF WISCONSIN - STOUT,WI,547510790,Public,1978,2091,7587356,3670,7587356,2606,2771,10878524,4978,10878524,274,356,3573522,519,3573522,166,203,1713355,314,1713355,17,20,92732,22,92732
00391700,UNIVERSITY OF WISCONSIN - EAU CLAIRE,WI,547024004,Public,2504,2597,9397406,4665,9397406,3400,3487,14299679,6405,14299679,203,235,2991176,394,2991176,182,196,1761677,334,1761677,4,4,18123,4,18123
00391900,UNIVERSITY OF WISCONSIN - LACROSSE,WI,546013742,Public,1974,2223,7292592,4004,7292592,3442,4026,16501012,7275,16501012,560,817,7361618,1175,7361618,349,376,3889729,673,3889729,56,76,815030,122,815030
00392000,UNIVERSITY OF WISCONSIN - OSHKOSH,WI,549018604,Public,2123,2458,7707121,4188,7707121,2664,3059,11330782,5354,11330782,385,494,5281177,778,5281177,447,480,4611985,836,4611985,78,97,1435911,159,1435911
00392100,UNIVERSITY OF WISCONSIN - PLATTEVILLE,WI,538183099,Public,1858,1924,6945271,3488,6945271,2248,2334,8756846,4266,8756846,104,118,980817,170,980817,241,277,2849518,469,2849518,2,2,10769,2,10769
00392300,UNIVERSITY OF WISCONSIN - RIVER FALLS,WI,540225013,Public,1234,1304,4609191,2322,4609191,1785,1884,7454647,3446,7454647,192,233,2869323,382,2869323,160,181,1695271,305,1695271,18,23,162458,31,162458
00392400,UNIVERSITY OF WISCONSIN - STEVENS POINT,WI,544813897,Public,2355,2795,9276858,4990,9276858,2882,3352,12555975,6174,12555975,282,374,4982124,766,4982124,238,277,2734569,489,2734569,32,56,378424,100,378424
00392500,UNIVERSITY OF WISCONSIN - SUPERIOR,WI,548802898,Public,707,787,2743443,1310,2743443,840,993,4058209,1632,4058209,499,878,6664337,1239,6664337,49,52,475422,88,475422,14,16,92265,17,92265
00392600,UNIVERSITY OF WISCONSIN - WHITEWATER,WI,531901792,Public,2995,3208,10998725,5593,10998725,4131,4528,17106456,8091,17106456,632,752,9086316,1155,9086316,459,539,5617662,915,5617662,29,33,247212,43,247212
00392800,CASPER COLLEGE,WY,826014612,Public,384,384,1132959,692,1132959,409,409,1782365,756,1782365,-,-, -,-, -,4,4,23042,7,23042,-,-, -,-, -
00392900,EASTERN WYOMING COLLEGE,WY,822401603,Public,8,9,18630,11,15417,13,14,49446,15,30028,-,-, -,-, -,-,-, -,-, -,-,-, -,-, -
00393000,NORTHERN WYOMING COMMUNITY COLLEGE DISTRICT,WY,828019133,Public,343,343,944548,577,944548,359,359,1271109,616,1271109,-,-, -,-, -,5,5,37600,8,37600,-,-, -,-, -
00393100,NORTHWEST COLLEGE,WY,824351895,Public,86,89,287275,170,287275,101,105,360309,200,360309,-,-, -,-, -,2,2,20000,4,20000,-,-, -,-, -
00393200,UNIVERSITY OF WYOMING,WY,820712000,Public,1639,1867,6185442,3014,6183692,2018,2281,8601092,3805,8600092,639,925,11085005,1337,11010866,254,283,5356184,496,5330219,183,283,3604001,472,3571958
00393300,WESTERN WYOMING COMMUNITY COLLEGE,WY,829010428,Public,220,220,774874,385,703102,229,230,1118172,410,1029011,-,-, -,-, -,2,2,10022,4,10022,-,-, -,-, -
00393500,UNIVERSITY OF GUAM,GU,969230000,Public,298,303,1209352,574,1152933,211,216,724655,413,696905,70,81,903709,153,826660,16,17,170801,34,170801,-,-, -,-, -
00393600,PONTIFICAL CATHOLIC UNIVERSITY OF PUERTO RICO (THE),PR,007170655,Private-Nonprofit,1453,1501,5695196,2885,5695196,634,661,2408116,1271,2408116,1704,1854,26095704,3880,26095704,9,12,109878,23,109878,566,758,9939268,1544,9939268
00393700,UNIVERSIDAD DEL SAGRADO CORAZON,PR,009148505,Private-Nonprofit,998,998,3347373,1781,3347373,591,592,2848691,1016,2848691,369,369,2377709,761,2377709,8,9,83589,19,83589,-,-, -,-, -
00393900,INTER AMERICAN UNIVERSITY OF PUERTO RICO - AGUADILLA CAMPUS,PR,006052000,Private-Nonprofit,397,407,1369684,604,1369684,78,80,284396,121,284396,138,149,883465,317,883465,5,5,39339,8,39339,-,-, -,-, -
00394000,INTER AMERICAN UNIVERSITY OF PUERTO RICO - METROPOLITAN CAMPUS,PR,009191293,Private-Nonprofit,513,531,1804107,823,1804107,238,246,973352,384,973352,1119,1251,11892266,2581,11892266,19,21,141786,37,141786,46,51,648191,96,648191
00394100,UNIVERSIDAD ANA G. MÉNDEZ - CAROLINA CAMPUS,PR,009832010,Private-Nonprofit,1324,1928,4674152,2115,4674152,824,1189,3574535,1342,3574535,692,1271,9831006,1346,9831006,14,16,254825,25,254825,22,30,295310,35,295310
00394300,UNIVERSITY OF PUERTO RICO - HUMACAO,PR,007914300,Public,98,98,423612,147,423612,12,12,25000,15,25000,-,-, -,-, -,-,-, -,-, -,-,-, -,-, -
00394400,UNIVERSITY OF PUERTO RICO - MAYAGUEZ,PR,006800000,Public,804,857,3683075,1255,3683075,107,117,427040,156,427040,100,106,780195,155,780195,-,-, -,-, -,-,-, -,-, -
00394600,UNIVERSITY OF THE VIRGIN ISLANDS,VI,008026025,Public,206,210,699823,400,699823,194,197,701811,370,701811,67,75,1095610,151,1095610,12,12,136273,23,136273,5,5,36994,10,36994
00394700,"UNIVERSITY OF CALIFORNIA COLLEGE OF THE LAW, SAN FRANCISCO",CA,941024978,Public,-,-, -,-, -,-,-, -,-, -,731,758,14560045,1445,14560045,-,-, -,-, -,640,992,26325263,1641,26325263
00395400,UNIVERSITY OF CENTRAL FLORIDA,FL,328160001,Public,12174,22098,51697176,22204,51697176,10840,19722,47959048,19850,47959048,3267,6354,62134288,6771,62130566,819,1003,12468148,1578,12417027,355,416,4332843,659,4332843
00395500,UNIVERSITY OF WEST FLORIDA (THE),FL,325145750,Public,2107,2111,8334639,3540,8334639,2129,2132,9746408,3594,9746408,2159,2177,31731771,3831,31731771,121,136,1764909,226,1764909,186,208,2316178,312,2316178
00395600,DALTON STATE COLLEGE,GA,307203797,Public,599,636,1928284,1232,1928284,521,554,2126621,1076,2126621,-,-, -,-, -,25,25,158327,48,158327,-,-, -,-, -
00396100,HARPER COLLEGE,IL,600677398,Public,293,309,991378,569,991378,274,300,1018294,557,1018294,-,-, -,-, -,5,5,38705,10,38705,-,-, -,-, -
00396600,BOSTON ARCHITECTURAL COLLEGE,MA,021152795,Private-Nonprofit,101,101,383760,172,383760,107,110,468660,185,468660,216,218,3600328,367,3600328,17,17,430912,33,430912,84,89,1352766,155,1352766
00396900,UNIVERSITY OF MINNESOTA - TWIN CITIES,MN,554550422,Public,7586,8147,30518578,14859,30518578,9995,10316,41947815,19209,41947815,4373,6344,112240444,9737,112240444,1301,1516,24826001,2635,24826001,2591,4289,59402420,6442,59402420
00397900,"TEACHERS COLLEGE, COLUMBIA UNIVERSITY",NY,100276696,Private-Nonprofit,-,-, -,-, -,-,-, -,-, -,1224,1288,22583370,2447,22583370,-,-, -,-, -,869,1504,31428740,2548,31428740
00398100,UNIVERSITY OF NORTH CAROLINA SCHOOL OF THE ARTS,NC,271272188,Public,332,336,1421887,655,1421887,387,401,1300201,783,1300201,95,97,1784644,191,1784644,106,112,2544576,222,2544576,34,36,458625,71,458625
00398200,CLEVELAND INSTITUTE OF ART (THE),OH,441064387,Private-Nonprofit,394,394,1787611,772,1787611,431,479,1497668,935,1497668,-,-, -,-, -,131,133,3038576,256,3038576,-,-, -,-, -
00398500,ORAL ROBERTS UNIVERSITY,OK,741710001,Private-Nonprofit,1650,2330,7133053,3961,7133053,1785,2608,7582928,4480,7582928,334,724,4846207,1008,4846207,622,740,8541471,1247,8541471,21,36,248810,42,248810
00398600,DESALES UNIVERSITY,PA,180349568,Private-Nonprofit,1122,1137,4598678,2101,4598678,1377,1399,5245375,2586,5245375,387,572,8459017,1041,8459017,270,277,5574142,511,5574142,95,122,2401238,247,2401238
00398700,LA ROCHE UNIVERSITY,PA,152375898,Private-Nonprofit,388,413,1599645,720,1599645,454,493,1650312,896,1650312,238,413,4575393,479,4575393,97,111,1410180,183,1410180,189,386,5684462,408,5684462
00398800,NEUMANN UNIVERSITY,PA,190141298,Private-Nonprofit,1019,1087,4126028,1940,4126028,1189,1214,4244716,2227,4244716,289,289,4799962,575,4799962,339,376,5714273,639,5714273,59,66,1067161,127,1067161
00399000,FLORENCE - DARLINGTON TECHNICAL COLLEGE,SC,295011251,Public,465,487,1352724,871,1352724,405,453,1348881,830,1348881,-,-, -,-, -,5,6,29778,11,29778,-,-, -,-, -
00399100,GREENVILLE TECHNICAL COLLEGE,SC,296072439,Public,1044,1104,3230729,1882,3230729,1062,1139,4462047,1947,4462047,-,-, -,-, -,17,17,121498,31,121498,-,-, -,-, -
00399200,PIEDMONT TECHNICAL COLLEGE,SC,296481467,Public,1619,1671,4795524,2783,4795524,1475,1537,6361869,2550,6361869,-,-, -,-, -,4,7,45334,14,45334,-,-, -,-, -
00399300,MIDLANDS TECHNICAL COLLEGE,SC,291702199,Public,1360,1503,4059171,2611,4059171,888,1165,2935791,2192,2935791,-,-, -,-, -,83,95,817728,176,817728,-,-, -,-, -
00399400,SPARTANBURG COMMUNITY COLLEGE,SC,293030000,Public,322,322,992208,649,992208,285,285,992063,586,992063,-,-, -,-, -,-,-, -,-, -,-,-, -,-, -
00399500,CENTRAL CAROLINA TECHNICAL COLLEGE,SC,291502499,Public,223,273,708593,532,708593,228,350,999682,688,999682,-,-, -,-, -,-,-, -,-, -,-,-, -,-, -
00399600,YORK TECHNICAL COLLEGE,SC,297303395,Public,360,360,1031977,569,1031977,139,139,539217,229,539217,-,-, -,-, -,-,-, -,-, -,-,-, -,-, -
00399800,CHATTANOOGA STATE COMMUNITY COLLEGE,TN,374061097,Public,1289,1353,4012727,2172,4012727,1132,1178,4606541,1903,4606541,-,-, -,-, -,4,5,52000,9,52000,-,-, -,-, -
00399900,CLEVELAND STATE COMMUNITY COLLEGE,TN,373122858,Public,198,202,556600,610,556600,189,189,655433,544,655433,-,-, -,-, -,-,-, -,-, -,-,-, -,-, -
00400300,CENTRAL TEXAS COLLEGE DISTRICT,TX,765404199,Public,1458,1458,4122995,4358,4122995,1332,1332,5195950,3988,5195950,-,-, -,-, -,9,9,61002,26,61002,-,-, -,-, -
00400400,BRIGHTPOINT COMMUNITY COLLEGE,VA,238315316,Public,275,294,813771,392,813771,300,335,1182451,460,1182451,-,-, -,-, -,7,8,46049,13,46049,-,-, -,-, -
00400700,MADISON AREA TECHNICAL COLLEGE,WI,537042599,Public,2077,2145,6974652,3369,6974652,1857,1987,7643874,3127,7643874,-,-, -,-, -,24,31,246645,45,246645,-,-, -,-, -
00401200,HEBREW UNIVERSITY OF JERUSALEM (THE),,91905,Foreign-Private,-,-, -,-, -,-,-, -,-, -,4,4,82000,8,82000,-,-, -,-, -,1,1,30000,2,30000
00402400,GEORGIA NORTHWESTERN TECHNICAL COLLEGE,GA,301616757,Public,287,287,859121,1166,859121,242,243,801369,1005,801369,-,-, -,-, -,-,-, -,-, -,-,-, -,-, -
00402700,UTAH VALLEY UNIVERSITY,UT,840585999,Public,5042,5508,17793669,8409,17793669,4776,5265,21237721,8030,21237721,457,529,6618782,918,6618782,66,87,866884,120,866884,62,97,1503560,174,1503560
00403300,ASHEVILLE BUNCOMBE TECHNICAL COMMUNITY COLLEGE,NC,288014897,Public,352,354,1137694,2161,1137694,352,353,1661996,2225,1661996,-,-, -,-, -,5,5,73916,32,73916,-,-, -,-, -
00405400,HEBREW UNION COLLEGE - JEWISH INSTITUTE OF RELIGION,NY,100121186,Private-Nonprofit,-,-, -,-, -,-,-, -,-, -,61,64,1061550,135,1061550,-,-, -,-, -,30,31,544473,66,544473
00405600,KAIROS UNIVERSITY,SD,571052729,Private-Nonprofit,-,-, -,-, -,-,-, -,-, -,60,96,432622,96,432622,-,-, -,-, -,-,-, -,-, -
00405700,NATIONAL AMERICAN UNIVERSITY,SD,577020823,Proprietary,599,728,2019985,1677,2019985,606,733,2800036,1690,2800036,101,134,1925331,305,1925331,5,5,40529,14,40529,-,-, -,-, -
00405800,GRATZ COLLEGE,PA,190273097,Private-Nonprofit,2,2,5250,3,5250,1,1,7500,2,7500,80,83,1022671,167,1022671,-,-, -,-, -,1,1,7295,2,7295
00406200,PITT COMMUNITY COLLEGE,NC,285900000,Public,828,868,2596386,1516,2596386,953,1026,3855551,1806,3855551,-,-, -,-, -,27,29,262720,49,262720,-,-, -,-, -
00406900,UNIVERSITY OF MINNESOTA - CROOKSTON,MN,567165001,Public,483,531,1771862,871,1771862,621,701,3224407,1192,3224407,-,-, -,-, -,25,30,238881,50,238881,-,-, -,-, -
00407100,WALSH COLLEGE OF ACCOUNTANCY & BUSINESS ADMINISTRATION,MI,480835066,Private-Nonprofit,311,474,1334819,699,1334819,281,441,1437815,663,1437815,343,570,4522372,825,4522372,4,4,56466,11,56466,20,24,277426,41,277426
00407200,NORTHWOOD UNIVERSITY,MI,486402398,Private-Nonprofit,770,939,3338308,1527,3338308,911,1107,4353595,1852,4353595,182,295,3869834,445,3869834,147,174,2690592,281,2690592,12,13,164514,27,164514
00407500,EASTERN IOWA COMMUNITY COLLEGE DISTRICT,IA,528011419,Public,1428,1547,4364956,2743,4364956,1243,1351,5142318,2410,5142318,-,-, -,-, -,4,4,15753,8,15753,-,-, -,-, -
00407600,KIRKWOOD COMMUNITY COLLEGE,IA,524062068,Public,2464,2619,7215312,4441,7215312,2458,2664,8820017,4545,8820017,-,-, -,-, -,62,72,453808,131,453808,-,-, -,-, -
00408000,STARR KING SCHOOL FOR THE MINISTRY,CA,946122624,Private-Nonprofit,-,-, -,-, -,-,-, -,-, -,40,44,749507,83,749507,-,-, -,-, -,14,16,460809,31,443051
00411700,GRADY HEALTH SYSTEM,GA,303033050,Public,22,22,88166,63,88166,30,30,197318,86,197318,-,-, -,-, -,-,-, -,-, -,-,-, -,-, -
00423300,SAINT LUKE'S METHODIST HOSPITAL SCHOOL OF RADIOLOGIC TECHNOLOGY,IA,524025098,Private-Nonprofit,3,3,9000,6,9000,1,1,6000,3,6000,-,-, -,-, -,-,-, -,-, -,-,-, -,-, -
00445200,MONTGOMERY COUNTY COMMUNITY COLLEGE,PA,194226300,Public,2071,2138,6157950,3613,6157950,2091,2153,8081528,3631,8081528,-,-, -,-, -,21,24,151105,46,151105,-,-, -,-, -
00445300,DALLAS COLLEGE,TX,752023604,Public,3869,3977,11292277,6801,11292277,3263,3451,12120755,5935,12120755,-,-, -,-, -,-,-, -,-, -,-,-, -,-, -
00448000,DE ANZA COMMUNITY COLLEGE,CA,950145793,Public,547,554,1363303,1244,1363303,467,473,1601977,1039,1601977,-,-, -,-, -,6,6,97412,16,97412,-,-, -,-, -
00448100,OHLONE COLLEGE,CA,945395847,Public,49,50,146701,152,146701,48,49,224733,152,224733,-,-, -,-, -,-,-, -,-, -,-,-, -,-, -
00450200,CITY COLLEGE OF SAN FRANCISCO,CA,941121821,Public,129,139,374325,263,374325,137,149,560449,282,560449,-,-, -,-, -,-,-, -,-, -,-,-, -,-, -
00450600,COLORADO MOUNTAIN COLLEGE,CO,816010000,Public,430,454,1334075,779,1334075,301,333,1034363,600,1034363,-,-, -,-, -,46,49,661490,93,661490,-,-, -,-, -
00450800,UNIVERSITY OF COLORADO DENVER,CO,802042029,Public,2919,3083,12288713,5103,11773194,2768,2920,13855331,4927,13306517,3628,5070,82407388,7850,81338952,345,427,7037362,696,7014283,1588,2514,40879201,3613,40707016
00450900,UNIVERSITY OF COLORADO COLORADO SPRINGS,CO,809183735,Public,2571,2765,10053807,4617,10053807,2889,3079,12636842,5301,12636842,820,971,12215751,1555,12215751,504,688,8582719,1007,8582719,176,247,1827439,287,1827439
00454900,LEEWARD COMMUNITY COLLEGE,HI,967823393,Public,242,255,739513,457,739513,228,238,1027101,429,1027101,-,-, -,-, -,4,4,35701,8,35701,-,-, -,-, -
00456000,GEM CITY COLLEGE,IL,623014949,Proprietary,25,33,96341,60,92841,24,30,76104,54,76104,-,-, -,-, -,1,1,6450,2,6450,-,-, -,-, -
00457900,INTERNATIONAL BUSINESS COLLEGE,IN,462563954,Proprietary,154,195,612186,334,612186,163,271,576758,457,576758,-,-, -,-, -,77,101,812671,176,812671,-,-, -,-, -
00458600,PURDUE UNIVERSITY GLOBAL,IN,479061332,Public,16182,23515,63435451,48697,63435451,17153,23647,97483762,50122,97483762,9511,12542,140026014,30657,140026014,264,324,2557850,740,2557850,350,387,4325615,942,4325615
00458700,NORTHEAST IOWA COMMUNITY COLLEGE,IA,521320400,Public,564,645,1611798,855,1611798,487,580,1785971,777,1785971,-,-, -,-, -,3,4,28154,5,28154,-,-, -,-, -
00459500,HAWKEYE COMMUNITY COLLEGE,IA,507048015,Public,995,1074,3044969,1928,3044969,1030,1096,4043996,1991,4043996,-,-, -,-, -,12,15,95241,30,95241,-,-, -,-, -
00459800,IOWA WESTERN COMMUNITY COLLEGE,IA,515030567,Public,1242,1321,3802244,2343,3802244,1233,1354,4497729,2414,4497729,-,-, -,-, -,96,112,710994,206,710994,-,-, -,-, -
00460000,NORTHWEST IOWA COMMUNITY COLLEGE,IA,512011046,Public,216,219,614881,382,614881,217,290,771061,504,771061,-,-, -,-, -,9,13,96305,25,96305,-,-, -,-, -
00460800,BARTON COUNTY COMMUNITY COLLEGE,KS,675309283,Public,427,430,1331067,776,1331067,376,377,1460796,698,1460796,-,-, -,-, -,3,3,15100,6,15100,-,-, -,-, -
00461900,SULLIVAN UNIVERSITY,KY,402053031,Proprietary,1952,2403,5903950,4917,5901283,1868,2284,7999160,4596,7994984,317,449,9477208,1144,9477208,112,151,1301965,357,1301965,199,306,8681303,845,8681303
00462100,AYERS CAREER COLLEGE,LA,711085845,Proprietary,179,190,561403,342,561403,171,178,557687,287,557687,-,-, -,-, -,5,6,40320,11,40320,-,-, -,-, -
00462500,DELGADO COMMUNITY COLLEGE,LA,701194399,Public,6783,6825,19136856,10540,19109087,6390,6444,25521052,9939,25400365,-,-, -,-, -,28,29,224928,52,224928,-,-, -,-, -
00464100,DUNWOODY COLLEGE OF TECHNOLOGY,MN,554031192,Private-Nonprofit,684,705,2583413,1233,2583413,740,762,3077898,1335,3077898,-,-, -,-, -,70,75,1427082,120,1427082,-,-, -,-, -
00466100,HAMPSHIRE COLLEGE,MA,010023359,Private-Nonprofit,389,421,1414937,758,1414937,425,452,1225675,818,1225675,-,-, -,-, -,72,82,1281657,141,1281657,-,-, -,-, -
00466900,UPPER CAPE COD REGIONAL TECHNICAL SCHOOL,MA,025323310,Public,48,48,148915,83,148915,39,39,195475,67,195475,-,-, -,-, -,1,1,11800,2,11800,-,-, -,-, -
00467300,BAKER COLLEGE,MI,488678956,Private-Nonprofit,1560,1815,5609279,3349,5609279,1532,1945,8255987,3657,8255987,198,247,3418232,498,3418232,39,49,432458,90,432458,12,12,134467,24,134467
00469200,DORSEY COLLEGE,MI,480711871,Proprietary,3038,3533,8397891,7828,8363947,3018,3488,12182297,7638,12138964,-,-, -,-, -,254,293,1638885,692,1637277,-,-, -,-, -
00470300,LOGAN UNIVERSITY,MO,630175529,Private-Nonprofit,174,218,622661,382,622661,151,170,682746,312,682746,938,1405,37130254,2607,37130254,3,4,39534,6,39534,617,1261,14714013,2088,14714013
00470700,COVENANT THEOLOGICAL SEMINARY,MO,631418609,Private-Nonprofit,-,-, -,-, -,-,-, -,-, -,80,88,1071436,165,1056603,-,-, -,-, -,-,-, -,-, -
00471100,STATE TECHNICAL COLLEGE OF MISSOURI,MO,650519607,Public,584,591,1881219,1091,1881219,741,752,2650014,1380,2650014,-,-, -,-, -,41,41,408260,77,408260,-,-, -,-, -
00471300,THREE RIVERS COLLEGE,MO,639012393,Public,374,374,1170070,736,1170070,295,295,1083237,590,1083237,-,-, -,-, -,4,4,21844,8,21844,-,-, -,-, -
00473600,BERGEN COMMUNITY COLLEGE,NJ,076521595,Public,1836,1869,5577675,2890,5577675,1769,1797,6357387,2811,6357387,-,-, -,-, -,24,25,147750,31,147750,-,-, -,-, -
00474000,MERCER COUNTY COMMUNITY COLLEGE,NJ,086900182,Public,783,800,2311122,1421,2311122,834,850,3299678,1507,3299678,-,-, -,-, -,-,-, -,-, -,-,-, -,-, -
00474200,CENTRAL NEW MEXICO COMMUNITY COLLEGE,NM,871064096,Public,1499,1499,4678430,2783,3810762,1186,1186,5187973,2223,4212402,-,-, -,-, -,3,3,19085,5,18142,-,-, -,-, -
00474300,CLOVIS COMMUNITY COLLEGE,NM,881018381,Public,78,91,230267,243,230267,52,64,138709,170,138709,-,-, -,-, -,-,-, -,-, -,-,-, -,-, -
00475900,CUNY YORK COLLEGE,NY,114510001,Public,344,393,1344219,742,1343673,238,279,908623,528,908623,140,178,2262659,339,2256659,1,2,14838,4,14838,18,21,258518,40,258518
00476500,CUNY GRADUATE SCHOOL & UNIVERSITY CENTER,NY,100164309,Public,536,596,2211553,1160,2209167,410,501,1956430,977,1946498,872,1043,13387488,1958,13105650,1,1,22672,2,22672,222,245,2981282,450,2956332
00478800,HERKIMER COUNTY COMMUNITY COLLEGE - SUNY OFFICE OF COMMUNITY COLLEGES,NY,133501598,Public,524,553,1516648,1737,1516648,509,542,1743632,1748,1743632,-,-, -,-, -,47,59,401127,167,401127,-,-, -,-, -
00479900,MONROE UNIVERSITY,NY,104684305,Proprietary,3497,4807,14860890,7790,14739048,3127,4702,12953774,7217,12832251,411,747,5907489,1122,5842102,223,287,1895872,442,1895872,-,-, -,-, -
00483800,GUILFORD TECHNICAL COMMUNITY COLLEGE,NC,272820309,Public,3162,3202,8883537,14033,8883537,2877,2902,10910460,12831,10910460,-,-, -,-, -,14,15,125622,65,125622,-,-, -,-, -
00484400,WAKE TECHNICAL COMMUNITY COLLEGE,NC,276035696,Public,4053,4132,11767354,7224,11767354,3623,3797,14046929,6607,14046929,-,-, -,-, -,14,14,165359,26,165359,-,-, -,-, -
00484500,WILSON COMMUNITY COLLEGE,NC,278933310,Public,165,165,477844,280,471296,152,152,659164,256,649732,-,-, -,-, -,-,-, -,-, -,-,-, -,-, -
00485200,CLARK STATE COLLEGE,OH,455054795,Public,1911,2079,5646555,3712,5646555,1509,1938,3934933,3448,3934933,-,-, -,-, -,12,13,89710,24,89710,-,-, -,-, -
00485500,DAVIS UNIVERSITY,OH,436042638,Proprietary,72,83,223182,197,223182,70,81,351830,195,351830,-,-, -,-, -,-,-, -,-, -,-,-, -,-, -
00486100,UNIVERSITY OF NORTHWESTERN OHIO,OH,458051498,Private-Nonprofit,1360,2065,4674002,6713,4674002,1579,3338,5265884,10957,5265884,21,23,266313,54,266313,327,527,4681888,1794,4681888,-,-, -,-, -
00486600,STAUTZENBERGER COLLEGE,OH,435374007,Proprietary,1992,2425,6698575,5421,6698575,2015,2476,9432528,5527,9432528,-,-, -,-, -,78,89,678879,230,678879,-,-, -,-, -
00487800,CLACKAMAS COMMUNITY COLLEGE,OR,970457998,Public,753,870,2409861,2038,2392965,685,797,3189879,1862,3167775,-,-, -,-, -,2,2,7667,4,7667,-,-, -,-, -
00488200,OREGON HEALTH & SCIENCE UNIVERSITY,OR,972393098,Public,323,342,1499410,942,1499410,316,333,1928548,921,1928548,286,336,5501966,794,5501966,19,22,434213,58,434213,561,999,6614722,1973,6614722
00489000,CENTRAL PENN COLLEGE,PA,170251669,Proprietary,572,652,1861756,1471,1861756,654,744,2736443,1701,2736443,14,14,152768,29,152768,86,99,749454,219,749454,-,-, -,-, -
00489900,UPMC MERCY SCHOOL OF NURSING,PA,152195166,Private-Nonprofit,194,287,908018,515,908018,209,325,1369363,587,1369363,-,-, -,-, -,9,15,201666,29,201666,-,-, -,-, -
00490200,PENN COMMERCIAL BUSINESS/TECHNICAL SCHOOL,PA,153012871,Proprietary,147,175,490306,352,490306,145,174,643849,340,643849,-,-, -,-, -,20,26,161202,47,161202,-,-, -,-, -
00492000,TRIDENT TECHNICAL COLLEGE,SC,294064607,Public,1986,2126,4878106,3860,4878106,1756,2058,5207311,3747,5207311,-,-, -,-, -,15,15,123699,34,123699,-,-, -,-, -
00492300,CLINTON COLLEGE,SC,297305152,Private-Nonprofit,185,200,642203,375,642203,188,216,699522,405,699522,-,-, -,-, -,29,35,341866,66,341866,-,-, -,-, -
00492500,HORRY - GEORGETOWN TECHNICAL COLLEGE,SC,295269521,Public,1937,2201,5245881,3806,5245881,1862,2005,6653945,3430,6653945,-,-, -,-, -,46,53,596568,96,596568,-,-, -,-, -
00492600,TRI-COUNTY TECHNICAL COLLEGE,SC,296709133,Public,513,564,1596192,1069,1596192,605,683,2065311,1315,2065311,-,-, -,-, -,163,194,2324869,375,2324869,-,-, -,-, -
00492700,UNIVERSITY OF SOUTH CAROLINA - UNION,SC,293790729,Public,110,114,384497,207,384497,113,118,436355,212,436355,-,-, -,-, -,4,4,36327,7,36327,-,-, -,-, -
00493800,SOUTH COLLEGE,TN,379093323,Proprietary,11198,14197,40571070,33456,40571070,11257,14092,57729151,33083,57729151,2533,2990,54716196,7644,54716196,584,691,7371118,1739,7371118,1401,1580,58451371,4344,58451371
00494900,BAYLOR COLLEGE OF MEDICINE,TX,770303498,Private-Nonprofit,-,-, -,-, -,-,-, -,-, -,573,573,16666141,1051,16666141,-,-, -,-, -,291,291,7930567,512,7930567
00495100,UNIVERSITY OF TEXAS HEALTH SCIENCE CENTER AT HOUSTON,TX,770305400,Public,209,294,1298166,620,1298166,174,243,1176789,513,1176789,1182,1573,42683094,3322,42683094,30,39,780945,88,780945,476,598,10454723,1274,10454723
00495200,UNIVERSITY OF TEXAS MEDICAL BRANCH AT GALVESTON,TX,775551305,Public,293,305,1402344,572,1402344,254,267,1289218,509,1289218,1325,1500,35778874,3113,35778874,19,27,358710,41,358710,276,480,4977548,772,4968560
00497200,GALVESTON COLLEGE,TX,775507447,Public,190,190,580248,351,580248,192,192,762221,357,762221,-,-, -,-, -,4,4,37551,7,37551,-,-, -,-, -
00497700,SOUTH TEXAS COLLEGE OF LAW HOUSTON,TX,770027006,Private-Nonprofit,-,-, -,-, -,2,2,15750,3,15750,742,1105,15890665,1584,15890665,-,-, -,-, -,670,1003,24207538,1572,24207538
00498800,CENTRAL VIRGINIA COMMUNITY COLLEGE,VA,245022498,Public,112,124,348936,224,348936,126,147,472158,267,472158,-,-, -,-, -,3,4,28193,8,28193,-,-, -,-, -
00499600,MOUNTAIN GATEWAY COMMUNITY COLLEGE,VA,244221000,Public,48,48,150919,89,150919,48,50,179623,95,179623,-,-, -,-, -,2,2,20579,3,20579,-,-, -,-, -
00499900,BELLINGHAM TECHNICAL COLLEGE,WA,982251599,Public,164,176,489701,384,489701,163,176,634280,389,634280,-,-, -,-, -,1,1,6788,3,6788,-,-, -,-, -
00500000,PIERCE COLLEGE,WA,984981919,Public,987,1036,2850988,2482,2850988,1000,1048,4162928,2472,4162928,-,-, -,-, -,4,4,32409,9,32409,-,-, -,-, -
00500100,EDMONDS COLLEGE,WA,980365999,Public,250,265,762250,529,762250,263,282,1041001,589,1041001,-,-, -,-, -,-,-, -,-, -,-,-, -,-, -
00500600,WALLA WALLA COMMUNITY COLLEGE,WA,993629267,Public,418,420,1393907,1047,1393907,371,374,1669978,927,1669978,-,-, -,-, -,8,8,117034,21,117034,-,-, -,-, -
00500700,WEST VIRGINIA JUNIOR COLLEGE,WV,265055596,Proprietary,671,743,2289435,1959,2289435,551,585,1910184,1552,1910184,-,-, -,-, -,31,33,317380,91,317380,-,-, -,-, -
00500800,MOUNTAIN STATE COLLEGE,WV,261013993,Proprietary,7,7,28000,11,15834,7,7,40000,11,22000,-,-, -,-, -,-,-, -,-, -,-,-, -,-, -
00501500,UNIVERSITY OF WISCONSIN - PARKSIDE,WI,531412000,Public,999,1068,3704942,1860,3691142,1081,1181,4744806,2047,4714988,335,454,4731482,676,4731482,59,61,696249,109,696249,4,5,17739,5,17739
00501900,UNIVERSIDAD ADVENTISTA DE LAS ANTILLAS,PR,006800118,Private-Nonprofit,152,152,539150,323,539150,115,115,550115,230,550115,72,72,587625,204,587625,3,3,18400,5,18400,-,-, -,-, -
00502200,UNIVERSIDAD CENTRAL DE BAYAMÓN,PR,009601725,Private-Nonprofit,100,100,398800,178,398800,69,69,234474,138,234474,104,104,527708,273,527708,-,-, -,-, -,2,2,20000,6,20000
00502600,INTER AMERICAN UNIVERSITY OF PUERTO RICO - ARECIBO CAMPUS,PR,006144050,Private-Nonprofit,406,417,1626489,692,1626489,80,81,292099,124,292099,156,168,1721743,357,1721743,-,-, -,-, -,40,42,579750,84,579750
00502700,INTER AMERICAN UNIVERSITY OF PUERTO RICO - BARRANQUITAS CAMPUS,PR,007940517,Private-Nonprofit,107,113,339916,157,339916,31,32,84290,42,84290,63,80,596540,113,596540,-,-, -,-, -,1,1,12000,2,12000
00502800,INTER AMERICAN UNIVERSITY OF PUERTO RICO - BAYAMON CAMPUS,PR,009576257,Private-Nonprofit,471,575,1636078,716,1636078,110,127,362231,165,362231,32,39,189362,59,189362,43,52,909902,57,909902,-,-, -,-, -
00502900,INTER AMERICAN UNIVERSITY OF PUERTO RICO - PONCE CAMPUS,PR,007151602,Private-Nonprofit,481,518,1724920,742,1724920,136,152,367607,216,367607,322,324,2162152,558,2162152,12,12,75100,20,75100,-,-, -,-, -
00503400,AMERICAN UNIVERSITY IN CAIRO (THE),,11835,Foreign-Private,4,5,16250,8,16250,4,5,11000,8,11000,14,14,268898,27,268898,2,2,37720,4,37720,8,9,53766,15,53766
00510200,SCHOOL OF DIAGNOSTIC IMAGING-CLEVELAND CLINIC HEALTH SYSTEM,OH,441191090,Private-Nonprofit,15,15,52028,29,52028,18,18,90934,36,90934,-,-, -,-, -,-,-, -,-, -,-,-, -,-, -
00520400,BEAL UNIVERSITY,ME,044016896,Proprietary,458,554,1753795,982,1746295,428,527,2472667,937,2457167,3,3,50298,5,50298,3,3,55841,5,55841,-,-, -,-, -
00520800,COLLEGE OF WESTCHESTER (THE),NY,106061231,Proprietary,653,792,2569489,2127,2569489,601,716,2420624,1924,2420624,-,-, -,-, -,21,27,147889,52,147889,-,-, -,-, -
00522000,SALT LAKE COMMUNITY COLLEGE,UT,841233145,Public,2424,2428,6718368,3712,6718368,2108,2111,8051559,3194,8048559,-,-, -,-, -,10,10,85333,15,85333,-,-, -,-, -
00522300,NEW RIVER COMMUNITY COLLEGE,VA,240841127,Public,109,120,318616,226,318616,120,135,415046,256,415046,-,-, -,-, -,7,8,42256,15,42256,-,-, -,-, -
00524400,BLUEGRASS COMMUNITY & TECHNICAL COLLEGE,KY,405060235,Public,2202,2329,6737433,4086,6737433,2119,2317,7989335,4041,7989335,-,-, -,-, -,33,39,256047,69,256047,-,-, -,-, -
00524500,UNIVERSITY OF ARKANSAS COMMUNITY COLLEGE AT MORRILTON,AR,721109601,Public,207,223,573624,412,573624,195,214,605418,400,605418,-,-, -,-, -,4,4,29799,7,29799,-,-, -,-, -
00525200,RIDGEWATER COLLEGE,MN,562012098,Public,666,735,2091634,1168,2091634,741,838,3081496,1365,3081496,-,-, -,-, -,9,9,85755,15,85755,-,-, -,-, -
00525800,HAWAII COMMUNITY COLLEGE,HI,967204075,Public,137,138,430047,253,430047,111,113,478457,203,478457,-,-, -,-, -,1,1,24241,2,24241,-,-, -,-, -
00526300,MINNESOTA WEST COMMUNITY AND TECHNICAL COLLEGE,MN,562411096,Public,403,469,1233042,834,1233042,455,562,1700168,1029,1700168,-,-, -,-, -,17,22,141112,43,141112,-,-, -,-, -
00526400,FLINT HILLS TECHNICAL COLLEGE,KS,668015999,Public,94,101,333582,168,333582,74,85,344964,144,341464,-,-, -,-, -,4,4,43215,6,43215,-,-, -,-, -
00526500,FORT HAYS STATE UNIVERSITY- NORTH CENTRAL KANSAS TECHNICAL COLLEGE,KS,674200000,Public,161,161,537438,294,537438,181,181,710037,335,710037,-,-, -,-, -,62,62,655372,113,655372,-,-, -,-, -
00526700,FORT HAYS STATE UNIVERSITY - NORTHWEST KANSAS TECHNICAL COLLEGE,KS,677353441,Public,148,151,513072,274,511322,140,146,388660,329,388660,-,-, -,-, -,11,11,89901,20,89901,-,-, -,-, -
00527100,SOUTHCENTRAL KENTUCKY COMMUNITY AND TECHNICAL COLLEGE,KY,421013601,Public,492,542,1480424,976,1480424,458,567,1511539,1017,1511539,-,-, -,-, -,3,3,8508,6,8508,-,-, -,-, -
00527300,GATEWAY COMMUNITY AND TECHNICAL COLLEGE,KY,410422031,Public,555,629,1730699,1162,1730699,528,793,2081798,1445,2081798,-,-, -,-, -,1,1,5285,2,5285,-,-, -,-, -
00527600,CENTRAL MAINE COMMUNITY COLLEGE,ME,042106498,Public,554,566,1553789,982,1553789,572,605,2094268,1052,2094268,-,-, -,-, -,11,11,49887,17,49887,-,-, -,-, -
00527700,EASTERN MAINE COMMUNITY COLLEGE,ME,044014280,Public,282,294,805075,518,805075,279,293,899903,520,899903,-,-, -,-, -,6,6,27836,11,27836,-,-, -,-, -
00527900,GREATER LOWELL REGIONAL VOCATIONAL TECHNICAL SCHOOL,MA,018792214,Public,21,21,64569,40,64569,15,15,54580,29,54580,-,-, -,-, -,-,-, -,-, -,-,-, -,-, -
00528800,KIRKSVILLE AREA TECHNICAL CENTER,MO,635013977,Public,3,3,10500,6,10500,3,3,14000,6,14000,-,-, -,-, -,-,-, -,-, -,-,-, -,-, -
00528900,WAYNESVILLE CAREER CENTER,MO,655832131,Public,7,7,15985,12,15985,5,5,24297,9,24297,-,-, -,-, -,-,-, -,-, -,-,-, -,-, -
00529100,WHITE MOUNTAINS COMMUNITY COLLEGE,NH,035703799,Public,160,185,557631,353,555965,166,187,738944,358,738944,-,-, -,-, -,3,3,27635,6,27635,-,-, -,-, -
00529400,WAUKESHA COUNTY TECHNICAL COLLEGE,WI,530724601,Public,572,613,1833449,1879,1832282,583,622,2452584,1942,2447417,-,-, -,-, -,2,2,12711,6,12711,-,-, -,-, -
00530100,NORTHEAST WISCONSIN TECHNICAL COLLEGE,WI,543034999,Public,1242,1337,3740463,2337,3740463,1143,1261,4669731,2242,4669731,-,-, -,-, -,3,3,18689,6,18689,-,-, -,-, -
00530400,CHIPPEWA VALLEY TECHNICAL COLLEGE,WI,547016162,Public,1216,1335,3809327,2167,3809327,1224,1432,5276381,2319,5276381,-,-, -,-, -,8,9,51532,14,51532,-,-, -,-, -
00530600,BATES TECHNICAL COLLEGE,WA,984054895,Public,146,157,430870,336,430870,129,157,473735,336,473735,-,-, -,-, -,3,3,51259,10,51259,-,-, -,-, -
00530900,LAKE AREA TECHNICAL COLLEGE,SD,572010730,Public,755,790,2444621,1493,2444621,830,878,2949693,1682,2949693,-,-, -,-, -,42,42,592907,75,592907,-,-, -,-, -
00531000,PITTSBURGH INSTITUTE OF AERONAUTICS,PA,151222674,Private-Nonprofit,473,574,1989483,1042,1989483,496,612,1968502,1108,1968502,-,-, -,-, -,89,109,1359721,213,1359721,-,-, -,-, -
00531300,NORTH CENTRAL STATE COLLEGE,OH,449061546,Public,336,372,879625,1056,879625,382,415,1450212,1254,1450212,-,-, -,-, -,3,3,14443,10,14443,-,-, -,-, -
00531700,FORSYTH TECHNICAL COMMUNITY COLLEGE,NC,271035197,Public,1811,1818,4472361,6163,4217303,1574,1579,5523570,5432,5175219,-,-, -,-, -,4,4,51630,9,47110,-,-, -,-, -
00532000,CAPE FEAR COMMUNITY COLLEGE,NC,284013910,Public,618,644,1764977,1202,1764977,637,675,2329756,1273,2329756,-,-, -,-, -,26,28,311315,53,311315,-,-, -,-, -
00533000,FAYETTE COUNTY CAREER & TECHNICAL INSTITUTE,PA,154010122,Public,61,81,240930,160,240930,54,71,280388,145,280388,-,-, -,-, -,-,-, -,-, -,-,-, -,-, -
00533500,CENTRAL PENNSYLVANIA INSTITUTE OF SCIENCE AND TECHNOLOGY,PA,168238644,Public,66,76,241384,147,236077,61,69,246148,136,240122,-,-, -,-, -,3,3,35000,7,35000,-,-, -,-, -
00533900,METRO TECHNOLOGY CENTERS SCHOOL DISTRICT #22,OK,731115240,Public,57,63,209849,122,209849,52,58,323726,113,323726,-,-, -,-, -,-,-, -,-, -,-,-, -,-, -
00536300,DENMARK TECHNICAL COLLEGE,SC,290420000,Public,255,258,759221,436,759221,232,260,698316,439,698316,-,-, -,-, -,28,30,188166,52,188166,-,-, -,-, -
00536500,YORK COUNTY SCHOOL OF TECHNOLOGY,PA,174024696,Public,146,169,516955,316,516955,149,172,623606,322,623606,-,-, -,-, -,7,9,66961,18,66961,-,-, -,-, -
00537200,SOUTH PUGET SOUND COMMUNITY COLLEGE,WA,985126292,Public,255,262,644362,620,644362,250,256,935203,602,935203,-,-, -,-, -,-,-, -,-, -,-,-, -,-, -
00537300,LAKE WASHINGTON INSTITUTE OF TECHNOLOGY,WA,980348505,Public,171,176,653493,428,653493,146,153,716400,397,716400,-,-, -,-, -,3,4,16200,8,16200,-,-, -,-, -
00538000,MID-STATE TECHNICAL COLLEGE,WI,544945512,Public,752,924,2523811,1633,2523811,292,399,1060596,718,1060596,-,-, -,-, -,2,2,9942,3,9942,-,-, -,-, -
00538400,NICOLET AREA TECHNICAL COLLEGE,WI,545010518,Public,198,210,550076,606,550076,77,88,240220,241,240220,-,-, -,-, -,-,-, -,-, -,-,-, -,-, -
00538700,NORTHCENTRAL TECHNICAL COLLEGE,WI,544011899,Public,853,982,2426341,3015,2404801,511,669,1849145,2103,1813283,-,-, -,-, -,2,2,21266,6,21266,-,-, -,-, -
00538900,GATEWAY TECHNICAL COLLEGE,WI,531441690,Public,1326,2217,3790271,4418,3790271,1203,2040,4442163,4065,4442163,-,-, -,-, -,-,-, -,-, -,-,-, -,-, -
00539000,BLACKHAWK TECHNICAL COLLEGE,WI,535475009,Public,705,732,1874970,2110,1874970,439,669,1587876,1432,1587876,-,-, -,-, -,1,3,11263,6,11263,-,-, -,-, -
00539900,MONMOUTH COUNTY VOCATIONAL SCHOOL DISTRICT,NJ,077534473,Public,14,14,39727,27,39727,12,12,47980,24,47980,-,-, -,-, -,-,-, -,-, -,-,-, -,-, -
00542400,SOUTHERN MISSOURI TECHNICAL INSTITUTE,MO,657753052,Public,36,40,115478,79,115478,28,32,147492,63,147492,-,-, -,-, -,-,-, -,-, -,-,-, -,-, -
00543000,POPLAR BLUFF TECHNICAL CAREER CENTER,MO,639018960,Public,5,6,13541,12,13541,2,3,6989,6,6989,-,-, -,-, -,-,-, -,-, -,-,-, -,-, -
00543800,SALINE COUNTY CAREER CENTER,MO,653401698,Public,22,39,101420,74,101420,20,34,104767,64,104767,-,-, -,-, -,-,-, -,-, -,-,-, -,-, -
00544800,DURHAM TECHNICAL COMMUNITY COLLEGE,NC,277035023,Public,417,447,1395652,802,1272886,352,403,1507604,721,1340675,-,-, -,-, -,-,-, -,-, -,-,-, -,-, -
00545200,AVIATION INSTITUTE OF MAINTENANCE,NJ,076043015,Proprietary,644,956,3608323,1863,3608323,650,929,3596489,1802,3596489,-,-, -,-, -,50,58,564350,115,564350,-,-, -,-, -
00546100,SALEM COMMUNITY COLLEGE,NJ,080692799,Public,134,134,389517,229,389517,140,140,541886,249,541886,-,-, -,-, -,3,3,17915,4,17915,-,-, -,-, -
00548900,CENTRAL LOUISIANA TECHNICAL COMMUNITY COLLEGE,LA,713010516,Public,509,515,1573982,892,1573982,465,472,1884980,817,1884980,-,-, -,-, -,3,3,14430,5,14430,-,-, -,-, -
00549800,WICHITA STATE UNIVERSITY CAMPUS OF APPLIED SCIENCES AND TECHNOLOGY,KS,672268101,Public,1142,1195,3094339,2174,3094339,979,1045,3610040,1908,3610040,-,-, -,-, -,8,8,93805,16,93805,-,-, -,-, -
00549900,SALINA AREA TECHNICAL COLLEGE,KS,674018195,Public,112,113,341384,203,341384,112,113,474200,204,474200,-,-, -,-, -,2,2,30538,4,30538,-,-, -,-, -
00550000,MANHATTAN AREA TECHNICAL COLLEGE,KS,665032499,Public,112,115,332744,189,332744,116,123,438097,202,438097,-,-, -,-, -,7,7,54695,10,54695,-,-, -,-, -
00551900,DIMAN REGIONAL VOCATIONAL TECHNICAL INSTITUTE,MA,027203519,Public,34,34,104089,61,104089,35,35,148196,61,148196,-,-, -,-, -,3,3,12889,5,12889,-,-, -,-, -
00552300,BLUE HILLS REGIONAL TECHNICAL SCHOOL,MA,020211398,Public,26,26,78567,47,78567,25,25,105424,45,105424,-,-, -,-, -,-,-, -,-, -,-,-, -,-, -
00552500,SOUTHERN MAINE COMMUNITY COLLEGE,ME,041061698,Public,690,730,2082809,1189,2082809,750,795,2509310,1315,2509310,-,-, -,-, -,21,22,152742,38,152742,-,-, -,-, -
00553200,CAPE GIRARDEAU CAREER AND TECHNOLOGY CENTER,MO,637037511,Public,58,69,186191,119,186191,50,63,264180,115,264180,-,-, -,-, -,-,-, -,-, -,-,-, -,-, -
00553300,SAINT PAUL COLLEGE - A COMMUNITY & TECHNICAL COLLEGE,MN,551021800,Public,1083,1217,3224087,2138,3224087,1042,1268,4233607,2231,4233607,-,-, -,-, -,6,6,46682,11,46682,-,-, -,-, -
00553400,ST. CLOUD TECHNICAL AND COMMUNITY COLLEGE,MN,563031240,Public,801,892,2516715,1284,2516715,888,1028,3644703,1524,3644703,-,-, -,-, -,13,13,157633,23,157633,-,-, -,-, -
00553500,PINE TECHNICAL AND COMMUNITY COLLEGE,MN,550632198,Public,161,168,541829,309,541829,188,216,848874,396,848874,-,-, -,-, -,-,-, -,-, -,-,-, -,-, -
00553700,SOUTH CENTRAL COLLEGE,MN,560011920,Public,492,594,1488015,1110,1488015,518,662,2030597,1231,2030597,-,-, -,-, -,11,11,100197,20,100197,-,-, -,-, -
00554100,MINNESOTA STATE COMMUNITY AND TECHNICAL COLLEGE,MN,565371000,Public,1130,1370,3440747,2516,3440747,1278,1479,4983355,2695,4983355,-,-, -,-, -,7,7,50290,13,50290,-,-, -,-, -
00554400,ALEXANDRIA TECHNICAL AND COMMUNITY COLLEGE,MN,563083799,Public,463,489,1471929,829,1471929,502,539,1901378,940,1901378,-,-, -,-, -,17,18,173711,30,173711,-,-, -,-, -
00562100,SOUTHERN CRESCENT TECHNICAL COLLEGE,GA,302232097,Public,789,789,2428532,1591,2428532,769,769,2998323,1574,2998323,-,-, -,-, -,-,-, -,-, -,-,-, -,-, -
00569700,NORTHWEST - SHOALS COMMUNITY COLLEGE,AL,356623206,Public,491,510,1493217,866,1493217,156,177,504244,317,504244,-,-, -,-, -,-,-, -,-, -,-,-, -,-, -
00570700,SOUTHEAST ARKANSAS COLLEGE,AR,716033900,Public,459,469,1328318,748,1324818,458,467,1746698,731,1742344,-,-, -,-, -,5,5,38362,10,38362,-,-, -,-, -
00575200,CLOVER PARK TECHNICAL COLLEGE,WA,984994004,Public,193,203,552560,498,552560,208,216,890397,535,890397,-,-, -,-, -,3,3,32125,7,32125,-,-, -,-, -
00575300,OWENS COMMUNITY COLLEGE,OH,435510000,Public,1545,1697,5182992,3289,5182992,1566,1731,6697223,3322,6697223,-,-, -,-, -,32,38,327526,81,327526,-,-, -,-, -
00575700,LAKE SUPERIOR COLLEGE,MN,558113399,Public,770,914,2450102,1645,2450102,895,1093,3757683,1960,3757683,-,-, -,-, -,18,23,485920,43,485920,-,-, -,-, -
00575900,NORTHWEST TECHNICAL COLLEGE - BEMIDJI,MN,566014907,Public,273,305,842082,497,842082,299,349,1362969,595,1362969,-,-, -,-, -,5,5,47888,10,47888,-,-, -,-, -
00576000,NORTHERN MAINE COMMUNITY COLLEGE,ME,047692016,Public,79,80,259421,145,259421,81,81,245065,149,245065,-,-, -,-, -,1,1,4858,3,4858,-,-, -,-, -
00576100,L. E. FLETCHER TECHNICAL COMMUNITY COLLEGE,LA,703953232,Public,893,948,2943774,1672,2919185,841,891,3859649,1584,3819804,-,-, -,-, -,-,-, -,-, -,-,-, -,-, -
00576300,CENTRAL GEORGIA TECHNICAL COLLEGE,GA,310882729,Public,1812,1946,5220820,5688,5220820,1588,1740,5681350,5057,5681350,-,-, -,-, -,-,-, -,-, -,-,-, -,-, -
00613600,NATIONAL AVIATION ACADEMY - NEW ENGLAND,MA,017422620,Proprietary,220,304,953520,583,953520,237,329,1096424,633,1096424,-,-, -,-, -,60,82,477443,153,477443,-,-, -,-, -
00616500,LOS ANGELES COUNTY COLLEGE OF NURSING AND ALLIED HEALTH,CA,900331018,Public,65,65,211248,111,211248,51,51,250046,84,250046,-,-, -,-, -,-,-, -,-, -,-,-, -,-, -
00621400,BLESSING HOSPITAL,IL,623010000,Private-Nonprofit,54,54,209745,87,209745,45,45,197625,75,197625,2,2,17991,4,17991,3,3,34425,5,34425,-,-, -,-, -
00622500,TRINITY COLLEGE OF NURSING & HEALTH SCIENCES,IL,612015317,Private-Nonprofit,47,63,213863,105,213863,52,74,328466,123,328466,17,21,288942,34,288942,-,-, -,-, -,3,5,39955,6,39955
00622800,METHODIST COLLEGE,IL,616159235,Private-Nonprofit,227,257,893238,361,893238,231,268,1169600,375,1169600,20,22,380809,38,380809,4,4,68522,8,68522,2,2,11229,3,11229
00624000,SAINT FRANCIS MEDICAL CENTER COLLEGE OF NURSING,IL,616033783,Private-Nonprofit,57,63,216840,83,216840,53,57,189002,76,189002,38,43,404146,59,404146,10,11,123841,15,123841,10,10,181163,16,181163
00625700,SAINT ELIZABETH SCHOOL OF NURSING,IN,479049988,Private-Nonprofit,73,104,438742,223,435742,75,109,483037,233,482370,-,-, -,-, -,13,20,242109,41,242109,-,-, -,-, -
00626700,UNITYPOINT HEALTH-DES MOINES,IA,503091499,Private-Nonprofit,8,12,43681,28,43681,5,5,18979,15,18979,-,-, -,-, -,1,1,12000,3,12000,-,-, -,-, -
00627300,MERCY COLLEGE OF HEALTH SCIENCES,IA,503091239,Private-Nonprofit,679,679,2261186,1375,2261186,673,673,2822486,1371,2822486,2,2,41000,6,41000,21,28,398390,41,398390,1,1,17648,3,17648
00630500,MAINE COLLEGE OF HEALTH PROFESSIONS,ME,042439986,Private-Nonprofit,148,177,537702,300,537702,175,214,1044072,370,1044072,-,-, -,-, -,1,1,8800,2,8800,-,-, -,-, -
00632200,SIGNATURE HEALTHCARE BROCKTON HOSPITAL SCHOOL OF NURSING,MA,023023395,Private-Nonprofit,119,119,359612,190,359612,126,126,511888,202,511888,-,-, -,-, -,7,8,121132,13,121132,-,-, -,-, -
00632400,LABOURÉ COLLEGE OF HEALTHCARE,MA,021864253,Private-Nonprofit,467,579,1702325,898,1702325,498,624,3001919,999,3001919,-,-, -,-, -,7,10,106086,13,106086,-,-, -,-, -
00633100,LAWRENCE MEMORIAL HOSPITAL SCHOOL OF NURSING,MA,021551643,Private-Nonprofit,183,187,577889,350,576139,188,191,923772,356,920772,-,-, -,-, -,1,1,8350,2,8350,-,-, -,-, -
00638500,CHAMBERLAIN UNIVERSITY,IL,601010000,Proprietary,18193,26181,87956671,75919,85419237,19212,28361,124117423,83392,120557101,15591,24124,218803851,75669,211217789,486,685,8837929,1914,8745183,359,522,7980850,1415,7873206
00638900,GOLDFARB SCHOOL OF NURSING AT BARNES-JEWISH COLLEGE,MO,631101091,Private-Nonprofit,273,400,1848856,793,1848856,293,441,2395314,872,2395314,46,61,1161684,138,1161684,33,56,1468296,102,1468296,13,24,687495,48,687495
00639200,RESEARCH MEDICAL CENTER,MO,641321199,Proprietary,103,128,481856,250,481856,113,144,736364,282,736364,11,21,143429,42,143429,4,6,93451,12,93451,-,-, -,-, -
00639900,BRYAN COLLEGE OF HEALTH SCIENCES,NE,685061398,Private-Nonprofit,307,324,1198503,609,1198503,347,360,1209893,676,1209893,100,102,1921158,225,1921158,58,63,848029,106,848029,40,54,1651430,117,1651430
00640400,NEBRASKA METHODIST COLLEGE OF NURSING & ALLIED HEALTH,NE,681142852,Private-Nonprofit,407,612,2062267,875,2062267,449,673,2563608,955,2563608,157,302,2990738,428,2990738,63,87,856557,131,856557,33,50,357135,67,357135
00641700,HOLY NAME MEDICAL CENTER SCHOOL OF NURSING,NJ,076320000,Private-Nonprofit,124,133,475739,241,473489,130,139,733783,253,730783,-,-, -,-, -,1,1,12840,2,12840,-,-, -,-, -
00642100,JFK  MEDICAL CENTER MUHLENBERG HAROLD B. AND DOROTHY A. SNYDER SCHOOLS,NJ,070613399,Private-Nonprofit,374,396,1424995,628,1421995,381,397,1915320,629,1912654,-,-, -,-, -,6,6,53800,8,50300,-,-, -,-, -
00642900,SAINT FRANCIS MEDICAL CENTER,NJ,086291986,Private-Nonprofit,6,6,20750,12,20750,6,6,24000,12,24000,-,-, -,-, -,-,-, -,-, -,-,-, -,-, -
00643500,ARNOT OGDEN MEDICAL CENTER,NY,149051676,Private-Nonprofit,28,28,102587,54,102587,21,21,78143,36,78143,-,-, -,-, -,1,1,6800,2,6800,-,-, -,-, -
00643800,MOUNT SINAI PHILLIPS SCHOOL OF NURSING,NY,100356354,Private-Nonprofit,170,179,799856,382,799856,191,199,1155705,418,1155705,-,-, -,-, -,12,13,528353,30,528353,-,-, -,-, -
00644300,COCHRAN SCHOOL OF NURSING - ST. JOHN'S RIVERSIDE HOSPITAL,NY,107011399,Private-Nonprofit,128,153,489631,245,489631,144,181,1000799,296,1000799,-,-, -,-, -,-,-, -,-, -,-,-, -,-, -
00644500,BILL AND SANDRA POMEROY COLLEGE OF NURSING AT CROUSE HOSPITAL,NY,130579205,Private-Nonprofit,128,150,410280,212,410280,124,143,533445,201,533445,-,-, -,-, -,3,4,21558,4,21558,-,-, -,-, -
00644800,"ELLIS MEDICINE, THE BELANGER SCHOOL OF NURSING",NY,123041009,Private-Nonprofit,24,24,70992,42,70992,24,24,86152,44,86152,-,-, -,-, -,-,-, -,-, -,-,-, -,-, -
00646100,SAINT ELIZABETH MEDICAL CENTER,NY,135012998,Private-Nonprofit,82,82,272444,155,272444,94,95,406646,179,406646,-,-, -,-, -,14,14,228581,27,228581,-,-, -,-, -
00646700,SAINT JOSEPH'S COLLEGE OF NURSING AT ST JOSEPH'S HOSPITAL HEALTH CENTE,NY,132031806,Private-Nonprofit,181,216,615634,413,615634,199,245,905011,472,905011,-,-, -,-, -,16,20,331764,40,331764,-,-, -,-, -
00647700,CABARRUS COLLEGE OF HEALTH SCIENCES,NC,280253959,Private-Nonprofit,401,401,1460288,676,1454038,428,428,2314088,731,2304588,74,74,1400206,197,1400206,16,16,321626,34,321626,20,20,471423,57,471423
00648300,WATTS COLLEGE OF NURSING,NC,277052505,Private-Nonprofit,74,75,325262,148,325262,80,83,446745,160,446745,-,-, -,-, -,4,4,99721,12,99721,-,-, -,-, -
00648700,AULTMAN COLLEGE OF NURSING AND HEALTH SCIENCES,OH,447101799,Private-Nonprofit,150,189,600473,341,594473,140,184,659025,332,649359,-,-, -,-, -,5,5,82895,10,82895,-,-, -,-, -
00648900,CHRIST COLLEGE OF NURSING AND HEALTH SCIENCES,OH,452192906,Private-Nonprofit,447,447,1417155,836,1417155,486,489,1786363,914,1786363,-,-, -,-, -,59,73,778222,120,778222,-,-, -,-, -
00649400,GOOD SAMARITAN COLLEGE OF NURSING AND HEALTH SCIENCE,OH,452202489,Private-Nonprofit,468,488,1517423,807,1517423,498,541,2309343,883,2309343,-,-, -,-, -,16,18,223963,27,223963,-,-, -,-, -
00650700,TRINITY HEALTH SYSTEM SCHOOL OF NURSING,OH,439520000,Private-Nonprofit,13,16,39457,33,39457,13,16,54501,31,54501,-,-, -,-, -,1,1,3000,1,3000,-,-, -,-, -
00653400,CITIZENS SCHOOL OF NURSING,PA,150846591,Private-Nonprofit,94,94,304729,173,304729,108,108,508127,194,508127,-,-, -,-, -,1,1,6970,3,6970,-,-, -,-, -
00653700,CONEMAUGH MEMORIAL MEDICAL CENTER,PA,159054398,Proprietary,63,63,209999,115,209999,61,61,251429,114,251429,-,-, -,-, -,2,3,12860,5,12860,-,-, -,-, -
00655100,UPMC ST. MARGARET SCHOOL OF NURSING,PA,152383205,Private-Nonprofit,40,52,145558,82,145558,43,61,257113,99,257113,-,-, -,-, -,-,-, -,-, -,-,-, -,-, -
00656000,HERITAGE VALLEY KENNEDY SCHOOL OF NURSING,PA,151361694,Private-Nonprofit,13,13,29585,22,29585,11,11,42000,20,42000,-,-, -,-, -,2,2,7467,2,7467,-,-, -,-, -
00656500,READING HOSPITAL SCHOOL OF HEALTH SCIENCES,PA,196111744,Private-Nonprofit,124,138,449933,237,449933,138,152,664071,267,664071,-,-, -,-, -,4,4,35342,8,35342,-,-, -,-, -
00657400,"ST. LUKE'S HOSPITAL OF BETHLEHEM, PA",PA,180151065,Private-Nonprofit,60,60,176326,140,175701,93,93,453475,216,451975,-,-, -,-, -,1,1,7000,3,7000,-,-, -,-, -
00657700,UPMC SHADYSIDE,PA,152321381,Private-Nonprofit,406,500,1453887,839,1453887,429,563,2369484,967,2369484,-,-, -,-, -,8,8,104215,15,104215,-,-, -,-, -
00657800,SHARON REGIONAL SCHOOL OF NURSING,PA,161463395,Proprietary,31,31,113905,50,99905,37,37,156312,60,141187,-,-, -,-, -,1,1,4699,1,4699,-,-, -,-, -
00658200,WASHINGTON HOSPITAL (THE),PA,153013398,Private-Nonprofit,29,29,93418,48,88169,32,32,132676,53,126963,-,-, -,-, -,6,6,46175,8,41175,-,-, -,-, -
00658300,WESTERN PENNSYLVANIA HOSPITAL SCHOOL OF NURSING,PA,152241790,Private-Nonprofit,86,86,241724,266,241724,99,99,392093,311,392093,-,-, -,-, -,4,4,26143,10,26143,-,-, -,-, -
00660600,BAPTIST HEALTH SYSTEM SCHOOL OF HEALTH PROFESSIONS,TX,782293234,Proprietary,486,595,1871677,1001,1871677,473,584,2689571,975,2689571,-,-, -,-, -,12,18,202589,28,202589,-,-, -,-, -
00661200,COVENANT SCHOOL OF NURSING AND ALLIED HEALTH,TX,794070120,Private-Nonprofit,268,398,850098,398,850098,266,399,1052833,399,1052833,-,-, -,-, -,4,6,36500,6,36500,-,-, -,-, -
00663900,BELLIN COLLEGE,WI,543110000,Private-Nonprofit,181,184,787520,422,787520,199,206,814894,468,814894,85,86,1600181,202,1600181,26,33,564600,59,564600,41,44,1079292,113,1079292
00665600,COLLEGE OF DUPAGE,IL,601376599,Public,2027,2054,7044640,3113,6154924,1839,1863,7022147,2909,6044582,-,-, -,-, -,26,32,275607,41,237731,-,-, -,-, -
00667700,MCGILL UNIVERSITY,,H3A   0G4,Foreign-Private,215,219,974050,420,974050,256,261,954716,506,954716,76,80,1257824,172,1257824,93,103,2049840,197,2049840,29,33,423306,64,423306
00667900,QUEEN'S UNIVERSITY AT KINGSTON,,K7L   3N6,Foreign-Private,6,6,22153,12,22153,17,17,91847,33,91847,9,9,108766,25,108766,5,5,178418,10,178418,1,1,3253,3,3253
00668100,ST. FRANCIS XAVIER UNIVERSITY,,B2G 2W5,Foreign-Private,3,3,12120,5,12120,4,4,15880,7,15880,-,-, -,-, -,1,1,8000,2,8000,-,-, -,-, -
00668200,ST THOMAS UNIVERSITY,,E3B   5G3,Foreign-Private,5,5,21752,10,21752,7,7,25748,14,25748,-,-, -,-, -,5,5,71859,10,71859,-,-, -,-, -
00668300,UNIVERSITY OF GUELPH,,N1G 2W1,Foreign-Private,6,6,19189,9,19189,8,8,17811,12,17811,43,43,868624,89,868624,5,5,70612,7,70612,39,39,1947953,82,1947953
00668400,UNIVERSITY OF MANITOBA,,R3T   2N2,Foreign-Private,14,14,54049,25,54049,28,28,136801,54,136801,12,12,177849,27,177849,5,5,36948,9,36948,1,1,21327,2,21327
00668500,UNIVERSITY OF NEW BRUNSWICK (THE),,E3B   5A3,Foreign-Private,15,15,68734,30,68734,15,15,45266,30,45266,-,-, -,-, -,2,2,33500,4,33500,4,4,57500,8,57500
00668600,UNIVERSITY OF OTTAWA,,K1N   6N5,Foreign-Private,14,14,56500,26,56500,18,18,83649,34,83649,9,9,121254,20,121254,9,9,155267,19,155267,3,3,95577,6,95577
00668800,UNIVERSITY OF TORONTO,,M5S 1A1,Foreign-Private,74,76,305802,140,305802,94,94,299248,174,299248,49,49,838486,101,838486,53,55,2473343,104,2473343,30,30,883792,70,883792
00668900,UNIVERSITY OF WINDSOR,,N9B   3P4,Foreign-Private,13,14,52208,24,52208,16,16,66520,31,66520,8,8,81992,15,81992,2,3,36897,4,36897,-,-, -,-, -
00669000,UNIVERSITY OF COPENHAGEN,,1017K,Foreign-Private,-,-, -,-, -,-,-, -,-, -,26,26,503388,50,503388,-,-, -,-, -,15,15,300078,31,300078
00669100,UNIVERSITY OF CAMBRIDGE - PEMBROKE COLLEGE,,CB2   1RF,Foreign-Private,-,-, -,-, -,-,-, -,-, -,1,1,20500,2,20500,-,-, -,-, -,1,1,30000,2,30000
00669200,UNIVERSITY OF LEEDS,,LS2 9JT,Foreign-Private,11,11,48500,22,48500,15,15,52500,30,52500,28,28,526904,71,526904,9,9,342045,18,342045,23,23,816585,60,816585
00669300,UNIVERSITY OF LONDON - LONDON SCHOOL OF ECONOMICS & POLITICAL SCIENCE,,WC2A 2AE,Foreign-Private,3,3,11500,9,11500,4,4,11500,12,11500,151,151,3007808,445,3007808,1,1,50000,3,50000,111,112,4354315,329,4354315
00669400,UNIVERSITY OF LONDON - SCHOOL OF ORIENTAL & AFRICAN STUDIES,,WC1H  0XG,Foreign-Private,-,-, -,-, -,-,-, -,-, -,24,24,481500,68,481500,-,-, -,-, -,21,21,799013,63,799013
00669500,UNIVERSITY OF LONDON - UNIVERSITY COLLEGE LONDON,,WC1E  6BT,Foreign-Private,16,16,71000,31,71000,17,17,61500,32,61500,176,176,3415650,343,3415650,18,18,859432,36,859432,133,134,5709268,298,5709268
00669600,UNIVERSITY OF LONDON - SCHOOL OF ADVANCED STUDY,,WC1E 7HU,Foreign-Private,-,-, -,-, -,-,-, -,-, -,4,4,82000,10,82000,-,-, -,-, -,3,3,83972,9,83972
00669700,QUEEN MARY UNIVERSITY OF LONDON,,E1 4NS,Foreign-Private,10,10,46000,20,46000,10,10,32000,20,32000,36,36,702953,106,702953,8,8,352496,18,352496,32,32,1227223,90,1227223
00669900,UNIVERSITY OF SUSSEX,,BN1   9RH,Foreign-Private,11,11,51500,18,51500,12,12,49500,19,49500,28,28,561500,66,561500,6,6,223546,12,223546,21,21,806951,50,806951
00670000,UNIVERSITY OF YORK,,YO10 5DD,Foreign-Private,28,28,120420,55,120420,28,28,88468,56,88468,71,71,1361754,187,1361754,15,15,463137,31,463137,59,59,1699634,158,1699634
00670400,UNIVERSITY COLLEGE CORK,,,Foreign-Private,11,11,46500,22,46500,16,16,63000,32,63000,47,47,917137,92,917137,9,9,225829,19,225829,36,36,1242637,71,1242637
00671000,FUNDACIÓN UNIVERSIDAD DE LAS AMÉRICAS PUEBLA,,72810,Foreign-Private,2,2,10000,4,10000,2,2,3450,4,3450,-,-, -,-, -,-,-, -,-, -,-,-, -,-, -
00671300,UPPSALA UNIVERSITY,,,Foreign-Private,-,-, -,-, -,-,-, -,-, -,15,15,268100,30,268100,-,-, -,-, -,7,7,57965,14,57965
00672000,COLLEGE OF ALAMEDA,CA,945012109,Public,34,34,130250,76,130250,33,33,168722,72,168722,-,-, -,-, -,-,-, -,-, -,-,-, -,-, -
00672500,UNIVERSITY OF TENNESSEE HEALTH SCIENCE CENTER,TN,381634900,Public,225,236,1054534,429,1054534,226,240,1246690,436,1246690,1892,1965,61801637,3861,61801637,20,24,514879,44,514879,990,1305,27598156,2185,27598156
00673100,CASA LOMA COLLEGE,CA,914036654,Private-Nonprofit,637,876,3431143,1692,3431143,621,832,3371645,1617,3371645,-,-, -,-, -,26,33,283540,64,278820,-,-, -,-, -
00675000,VALENCIA COLLEGE,FL,328023028,Public,6552,6954,20740164,11638,20740164,5504,5732,20963085,9641,20963085,-,-, -,-, -,61,67,699891,128,699891,-,-, -,-, -
00675300,ILLINOIS CENTRAL COLLEGE,IL,616350001,Public,602,625,2018803,1153,2018803,532,546,2033790,1051,2033790,-,-, -,-, -,14,14,169930,27,169930,-,-, -,-, -
00675600,NORTHSHORE TECHNICAL COMMUNITY COLLEGE,LA,704275866,Public,1039,1075,3169130,1850,3169130,994,1027,3853437,1771,3853437,-,-, -,-, -,6,6,46384,11,46384,-,-, -,-, -
00676000,UNIVERSITY OF MAINE - AUGUSTA,ME,043309410,Public,1048,1197,3785354,2230,3785354,1036,1246,5161819,2333,5161819,29,38,503943,82,503943,12,12,155052,23,155052,-,-, -,-, -
00676800,MID MICHIGAN COLLEGE,MI,486259447,Public,778,805,2432338,1432,2432338,737,768,2890011,1374,2890011,-,-, -,-, -,14,14,113619,27,113619,-,-, -,-, -
00677100,COLLEGE FOR CREATIVE STUDIES,MI,482024034,Private-Nonprofit,647,685,2584928,1247,2584928,695,729,2364472,1338,2364472,7,8,128401,14,128401,304,309,8151086,573,8151086,1,2,26585,4,26585
00677700,FLATHEAD VALLEY COMMUNITY COLLEGE,MT,599012699,Public,197,206,624411,326,624411,201,208,801328,340,801328,-,-, -,-, -,6,6,61017,11,61017,-,-, -,-, -
00678200,GENESEE COMMUNITY COLLEGE,NY,140209704,Public,826,852,2444177,1446,2444177,813,850,2734398,1457,2734398,-,-, -,-, -,28,33,155073,60,155073,-,-, -,-, -
00678500,SCHENECTADY COUNTY COMMUNITY COLLEGE,NY,123052294,Public,371,380,946747,654,946747,389,399,1332642,705,1332642,-,-, -,-, -,21,22,237414,40,237414,-,-, -,-, -
00678700,CLINTON COMMUNITY COLLEGE - SUNY OFFICE OF COMMUNITY COLLEGES,NY,129015690,Public,101,101,305370,207,305370,113,113,490115,234,490115,-,-, -,-, -,3,3,15937,4,15937,-,-, -,-, -
00678800,TOMPKINS CORTLAND COMMUNITY COLLEGE,NY,130530139,Public,638,691,2160282,1290,2155782,643,717,2586577,1321,2582577,-,-, -,-, -,88,92,721314,165,721314,-,-, -,-, -
00678900,COLUMBIA - GREENE COMMUNITY COLLEGE - SUNY OFFICE OF CMNTY COLLEGES,NY,125349543,Public,113,113,343529,203,343529,113,117,425826,213,425826,-,-, -,-, -,4,5,33705,10,33705,-,-, -,-, -
00679100,SUNY COLLEGE AT PURCHASE,NY,105771400,Public,1106,1160,4390449,2041,4390449,1224,1321,4181189,2348,4181189,29,35,477716,53,477716,460,516,8252568,894,8252568,9,13,91496,18,91496
00680400,LAKELAND COMMUNITY COLLEGE,OH,440945198,Public,651,710,1932009,1319,1927509,680,741,2836456,1356,2836074,-,-, -,-, -,5,5,19488,8,19488,-,-, -,-, -
00680700,COMMUNITY COLLEGE OF BEAVER COUNTY,PA,150612588,Public,276,289,827490,511,827490,371,393,1479945,694,1479945,-,-, -,-, -,24,28,464490,54,464490,-,-, -,-, -
00681000,LEHIGH CARBON COMMUNITY COLLEGE,PA,180782598,Public,1304,1305,3692545,2361,3692545,1248,1251,4799045,2283,4799045,-,-, -,-, -,18,19,133669,36,133669,-,-, -,-, -
00681100,LUZERNE COUNTY COMMUNITY COLLEGE,PA,186343899,Public,1278,1310,3887348,2340,3887348,473,509,1606528,932,1606528,-,-, -,-, -,23,26,179545,50,179545,-,-, -,-, -
00681500,ORANGEBURG - CALHOUN TECHNICAL COLLEGE,SC,291188299,Public,199,242,626767,860,626767,202,307,635445,1124,635445,-,-, -,-, -,2,2,5400,8,5400,-,-, -,-, -
00681900,BLUE RIDGE COMMUNITY COLLEGE,VA,244860080,Public,163,183,492915,351,492915,151,168,465363,313,465363,-,-, -,-, -,16,19,140173,36,140173,-,-, -,-, -
00683500,DYERSBURG STATE COMMUNITY COLLEGE,TN,380252450,Public,198,233,601342,441,601342,209,248,755958,468,755958,-,-, -,-, -,8,9,45550,16,45550,-,-, -,-, -
00683800,DALHOUSIE UNIVERSITY,,B3H   4R2,Foreign-Private,15,15,57830,25,57830,23,23,105114,40,105114,31,31,603600,58,603600,7,7,150612,12,150612,26,26,1673888,50,1673888
00683900,UNIVERSITY OF EDINBURGH,,EH8 9YL,Foreign-Private,68,68,316400,136,316400,83,83,312727,166,312727,359,359,7032746,899,7032746,56,56,2280460,112,2251210,313,321,11188071,851,11188071
00684200,UNIVERSITY OF DUBLIN TRINITY COLLEGE,,,Foreign-Private,71,71,301386,142,301386,98,98,385364,194,385364,123,123,2452694,247,2452694,71,73,2256816,142,2256816,88,89,3219908,193,3219908
00685000,UNIVERSITY OF CAMBRIDGE - DOWNING COLLEGE,,CB2   1DQ,Foreign-Private,-,-, -,-, -,-,-, -,-, -,2,2,37726,4,37726,-,-, -,-, -,2,2,59055,3,59055
00685200,BISHOP'S UNIVERSITY,,J1M   1Z7,Foreign-Private,2,2,7000,4,7000,3,3,6000,6,6000,-,-, -,-, -,4,5,102500,10,102500,-,-, -,-, -
00685300,MCMASTER UNIVERSITY,,L8S   4L8,Foreign-Private,2,2,10000,4,10000,2,2,4000,4,4000,1,1,13132,2,13132,-,-, -,-, -,-,-, -,-, -
00685800,UNITY ENVIRONMENTAL UNIVERSITY,ME,049600000,Private-Nonprofit,5540,5544,11276089,23520,11276089,5444,5465,16798968,24320,16798968,594,595,7208774,1821,7208774,62,77,582045,347,582045,18,19,132613,60,132613
00686500,CAMDEN COUNTY COLLEGE,NJ,080123240,Public,632,814,1868941,1586,1868941,780,1040,3204468,2017,3204468,-,-, -,-, -,16,20,144277,38,144277,-,-, -,-, -
00686700,COLUMBUS STATE COMMUNITY COLLEGE,OH,432151786,Public,4562,4742,12491993,6785,12491993,3194,3407,9638021,4862,9638021,-,-, -,-, -,74,82,627291,127,627291,-,-, -,-, -
00687100,VIRGINIA PENINSULA COMMUNITY COLLEGE,VA,236661433,Public,384,414,1190648,763,1190648,390,428,1477774,780,1477774,-,-, -,-, -,7,8,50503,14,50503,-,-, -,-, -
00689500,UNIVERSITY OF NEBRASKA MEDICAL CENTER,NE,681984265,Public,371,384,1709181,691,1709181,352,370,1554882,663,1554882,1408,1671,44487903,3481,44487903,84,93,1805025,172,1805025,919,1139,25243421,2342,25243421
00690100,ROWAN COLLEGE OF SOUTH JERSEY,NJ,080800000,Public,1521,1570,4500736,2704,4486361,1557,1626,5674656,2817,5662156,-,-, -,-, -,39,46,512348,84,512348,-,-, -,-, -
00691100,MONTGOMERY  COLLEGE,MD,208501195,Public,1090,1099,3416622,1712,3416622,963,969,3724211,1515,3724211,-,-, -,-, -,16,16,108334,24,108334,-,-, -,-, -
00693100,WAUBONSEE COMMUNITY COLLEGE,IL,605540000,Public,392,415,1113600,624,1113600,319,409,971105,610,971105,-,-, -,-, -,1,2,8543,2,8543,-,-, -,-, -
00693800,LINN-BENTON COMMUNITY COLLEGE,OR,973213774,Public,875,950,2816656,2290,2816656,789,852,3179814,2039,3179814,-,-, -,-, -,32,35,419175,93,419175,-,-, -,-, -
00694100,DALLAS CHRISTIAN COLLEGE,TX,752347229,Private-Nonprofit,124,136,494592,253,494592,140,156,512097,296,512097,3,3,46000,6,46000,35,36,558967,68,558967,-,-, -,-, -
00694200,MID-AMERICA CHRISTIAN UNIVERSITY,OK,731704504,Private-Nonprofit,1053,1203,4318452,3530,4159142,1082,1241,6084120,3629,5845177,337,339,5167315,1022,4978396,16,16,200838,30,200838,13,13,108814,40,104400
00694900,KALAMAZOO VALLEY COMMUNITY COLLEGE,MI,490099606,Public,1053,1113,3203996,1956,3203996,1045,1147,4299564,2018,4299564,-,-, -,-, -,11,12,75614,20,75614,-,-, -,-, -
00695100,UNIVERSITY OF SOUTH CAROLINA UPSTATE,SC,293039972,Public,1937,2006,7623044,3408,7623044,2049,2239,8406667,3818,8406667,50,54,753070,84,753070,249,297,2688300,479,2688300,-,-, -,-, -
00696000,MAYSVILLE COMMUNITY AND TECHNICAL COLLEGE,KY,410568910,Public,674,723,2042717,1290,2042717,613,895,2207471,1616,2207471,-,-, -,-, -,-,-, -,-, -,-,-, -,-, -
00696100,JEFFERSON COMMUNITY AND TECHNICAL COLLEGE,KY,402022005,Public,1086,1165,2925896,2098,2925896,1079,1146,4139115,2022,4139115,-,-, -,-, -,5,5,25743,9,25743,-,-, -,-, -
00696200,HAZARD COMMUNITY AND TECHNICAL COLLEGE,KY,417012402,Public,290,315,828100,585,828100,309,356,1164597,664,1164597,-,-, -,-, -,-,-, -,-, -,-,-, -,-, -
00697300,CANADA COLLEGE,CA,940611099,Public,37,41,139000,75,139000,29,31,139797,56,139797,-,-, -,-, -,-,-, -,-, -,-,-, -,-, -
00697700,GREAT BASIN COLLEGE,NV,898013348,Public,147,148,445833,254,445833,163,168,723822,289,723822,-,-, -,-, -,1,1,4000,2,4000,-,-, -,-, -
00701200,SAMUEL MERRITT UNIVERSITY,CA,946093108,Private-Nonprofit,659,701,3395759,1053,3395759,652,709,4204181,1068,4204181,918,1406,24573412,2185,24573412,65,74,3030866,118,3030866,799,1157,35292677,2311,35292677
00702200,CUNY LEHMAN COLLEGE,NY,104681589,Public,1229,1532,5112660,3063,5107785,875,1122,3772898,2248,3762748,637,847,10055685,1657,10044739,6,10,54900,20,54900,12,20,119844,42,119844
00702600,ICAHN SCHOOL OF MEDICINE AT MOUNT SINAI,NY,100296500,Private-Nonprofit,-,-, -,-, -,-,-, -,-, -,427,508,12312691,1159,12295496,-,-, -,-, -,219,263,6324348,479,6318558
00703200,MIDAMERICA NAZARENE UNIVERSITY,KS,660621899,Private-Nonprofit,605,672,2717849,1163,2717849,607,693,2605509,1212,2605509,214,216,3000500,496,3000500,193,201,3936878,364,3936878,12,12,232895,28,232895
00703500,KETTERING COLLEGE,OH,454291299,Private-Nonprofit,241,355,1279337,587,1279337,250,373,1438277,619,1438277,185,306,4972876,489,4972876,31,43,695357,77,695357,144,231,3784757,369,3784757
00704700,LOS ANGELES SOUTHWEST COLLEGE,CA,900474810,Public,86,86,310000,164,310000,85,89,421985,168,421985,-,-, -,-, -,-,-, -,-, -,-,-, -,-, -
00705000,BELLUS ACADEMY,CA,919110000,Proprietary,372,412,1044765,770,1042246,350,386,1214890,721,1214890,-,-, -,-, -,56,64,331837,121,331837,-,-, -,-, -
00708500,MOUNT VERNON NAZARENE UNIVERSITY,OH,430509500,Private-Nonprofit,683,716,2673149,1196,2673149,772,812,2902200,1369,2902200,118,143,1673442,200,1666242,98,110,1514874,187,1514874,-,-, -,-, -
00709600,COLLEGE OF THE MAINLAND,TX,775730000,Public,131,140,327727,385,327727,114,126,408419,346,408419,-,-, -,-, -,3,3,14542,7,14542,-,-, -,-, -
00710800,UNIVERSITY OF PUERTO RICO - RIO PIEDRAS CAMPUS,PR,009313300,Public,410,411,1722791,655,1722791,97,97,266157,156,266157,858,860,11517652,1599,11517652,2,2,29000,2,29000,56,56,676253,99,676253
00710900,SUNY OLD WESTBURY,NY,115680210,Public,1014,1124,3891750,1746,3891750,979,1093,3743480,1727,3743480,135,158,1393358,239,1393358,139,169,1474335,245,1474335,-,-, -,-, -
00711000,DELAWARE COUNTY COMMUNITY COLLEGE,PA,190631094,Public,1728,1879,5177635,3344,5177635,1724,1878,6812782,3323,6812782,-,-, -,-, -,33,38,209999,69,209999,-,-, -,-, -
00711100,NORTH COUNTRY COMMUNITY COLLEGE,NY,129832046,Public,240,240,696559,435,696559,248,248,983613,452,983613,-,-, -,-, -,29,29,223386,51,223386,-,-, -,-, -
00711300,ARIZONA CHRISTIAN UNIVERSITY,AZ,853067097,Private-Nonprofit,579,594,2314930,1099,2312180,620,659,2123148,1223,2119648,14,15,267513,37,260680,146,152,2635824,296,2635824,2,2,10282,3,10282
00711500,MOORPARK COLLEGE,CA,930211695,Public,143,148,477030,278,477030,136,142,529270,266,529270,-,-, -,-, -,6,6,57889,11,57889,-,-, -,-, -
00711800,PARKLAND COLLEGE,IL,618211899,Public,759,796,2028704,1351,2028704,308,385,879846,698,879846,-,-, -,-, -,43,47,470496,89,470496,-,-, -,-, -
00712000,DES MOINES AREA COMMUNITY COLLEGE,IA,500233993,Public,2508,2646,7003197,4561,7003197,2695,2852,10119291,5006,10119291,-,-, -,-, -,63,70,492703,128,492703,-,-, -,-, -
00712100,FAITH BAPTIST BIBLE COLLEGE & THEOLOGICAL SEMINARY,IA,500232152,Private-Nonprofit,97,97,356991,188,356991,73,73,236033,141,236033,-,-, -,-, -,4,4,33222,7,33222,-,-, -,-, -
00714200,LYLE'S COLLEGE OF BEAUTY,CA,937103948,Proprietary,91,97,251325,187,251325,89,97,321156,185,321156,-,-, -,-, -,-,-, -,-, -,-,-, -,-, -
00716400,BRYAN UNIVERSITY,AZ,852811495,Proprietary,2677,3239,9984225,6078,9925957,2481,2909,13200346,5541,13114708,11,11,137714,22,137714,36,40,191131,78,190631,-,-, -,-, -
00717000,LINCOLN LAND COMMUNITY COLLEGE,IL,627949256,Public,880,979,2646664,1798,2644871,827,932,3229732,1709,3229065,-,-, -,-, -,9,10,87025,20,87025,-,-, -,-, -
00717100,KIRTLAND COMMUNITY COLLEGE,MI,497389704,Public,450,459,1374956,782,1374956,441,449,1818788,766,1818788,-,-, -,-, -,-,-, -,-, -,-,-, -,-, -
00717800,WESTERN SEMINARY,OR,972153367,Private-Nonprofit,-,-, -,-, -,-,-, -,-, -,121,158,1266353,266,1266353,-,-, -,-, -,-,-, -,-, -
00718700,NORTH ADRIAN'S COLLEGE OF BEAUTY,CA,953502381,Proprietary,146,150,427390,293,419224,114,126,353332,246,349632,-,-, -,-, -,15,15,96245,30,93940,-,-, -,-, -
00719100,NORTHAMPTON COUNTY AREA COMMUNITY COLLEGE,PA,180207599,Public,2692,3099,8459821,5550,8459821,2568,2999,9213878,5358,9213878,-,-, -,-, -,117,126,1169749,225,1169749,-,-, -,-, -
00720300,SALON SUCCESS ACADEMY,CA,917864060,Proprietary,308,332,836590,654,836340,305,329,882657,762,881581,-,-, -,-, -,35,37,125606,84,125606,-,-, -,-, -
00720400,MODERN BEAUTY ACADEMY,CA,930307016,Proprietary,36,39,97192,75,97192,35,38,71627,73,71627,-,-, -,-, -,-,-, -,-, -,-,-, -,-, -
00720600,UNIVERSITY OF PUERTO RICO - CAYEY,PR,007369997,Public,85,85,393350,139,393350,4,4,13000,7,13000,-,-, -,-, -,-,-, -,-, -,-,-, -,-, -
00720900,REDONDO BEACH BEAUTY COLLEGE,CA,905055909,Proprietary,4,4,12834,7,12834,3,3,15500,6,15500,-,-, -,-, -,-,-, -,-, -,-,-, -,-, -
00722800,UNIVERSITY OF PUERTO RICO - ARECIBO,PR,006144010,Public,94,94,437125,181,437125,-,-, -,-, -,9,9,184000,18,184000,-,-, -,-, -,-,-, -,-, -
00725300,FEDERICO BEAUTY INSTITUTE,CA,958341905,Proprietary,212,238,494354,464,494316,217,243,633528,484,633528,-,-, -,-, -,18,23,155288,48,155288,-,-, -,-, -
00726300,HOLY CROSS COLLEGE,IN,465560308,Private-Nonprofit,206,359,813556,381,813556,191,328,492749,347,492749,-,-, -,-, -,30,30,599126,57,599126,-,-, -,-, -
00726500,CARL SANDBURG COLLEGE,IL,614019576,Public,80,89,224491,167,224491,20,20,64216,40,64216,-,-, -,-, -,17,17,128186,32,128186,-,-, -,-, -
00726600,PIMA COUNTY COMMUNITY COLLEGE,AZ,857095000,Public,1551,1715,4174339,4737,4174339,754,861,2308255,2309,2308255,-,-, -,-, -,19,21,153415,62,153415,-,-, -,-, -
00727300,CUNY BERNARD M. BARUCH COLLEGE,NY,100105518,Public,1707,1823,6866841,3380,6808840,1382,1464,5595300,2730,5542326,875,964,13133872,1827,13025016,83,101,1560603,199,1560603,71,84,1267787,162,1259332
00727900,HAWAII PACIFIC UNIVERSITY,HI,968134920,Private-Nonprofit,813,822,3316034,1446,3184153,827,834,3035941,1468,2923323,459,480,8144332,941,8059367,391,416,9876711,739,9626057,273,303,10483327,656,10308856
00728300,CENTRAL ARIZONA COLLEGE,AZ,851289779,Public,177,179,497272,481,497272,169,171,498864,491,498864,-,-, -,-, -,7,7,22260,15,22260,-,-, -,-, -
00728700,BRAZOSPORT COLLEGE,TX,775663199,Public,53,57,190644,110,190644,36,43,134790,85,134790,-,-, -,-, -,-,-, -,-, -,-,-, -,-, -
00728900,CENTRAL WYOMING COLLEGE,WY,825012215,Public,184,192,583808,300,583808,169,171,648673,270,648673,-,-, -,-, -,1,1,15455,2,15455,-,-, -,-, -
00729100,ST. LUKE'S COLLEGE,IA,511040263,Private-Nonprofit,121,165,533729,280,533729,117,150,613139,263,613139,-,-, -,-, -,18,23,224014,34,224014,-,-, -,-, -
00729700,SPARTAN COLLEGE OF AERONAUTICS AND TECHNOLOGY,CO,800209988,Proprietary,260,362,1264909,987,1257408,278,366,1579963,1005,1573012,-,-, -,-, -,40,51,691661,149,691661,-,-, -,-, -
00730300,LINCOLN TECHNICAL INSTITUTE,CT,060512904,Proprietary,6404,7762,21836477,13680,21629512,6258,7642,26198832,13507,25927853,-,-, -,-, -,1076,1316,12069718,2443,11941695,-,-, -,-, -
00730400,CULINARY INSTITUTE OF AMERICA,NY,125381499,Private-Nonprofit,1618,2222,6774497,3218,6774497,1681,2373,5669032,3442,5669032,51,78,1027600,125,1027600,513,806,16631981,1030,16631981,-,-, -,-, -
00730500,PORTER AND CHESTER INSTITUTE OF HAMDEN,CT,065144132,Proprietary,434,545,1508465,1284,1506132,433,535,1968292,1247,1964292,-,-, -,-, -,44,54,414848,131,414848,-,-, -,-, -
00731600,WESTERN IOWA TECH COMMUNITY COLLEGE,IA,511061997,Public,858,896,2313793,1628,2313793,818,897,3102949,1615,3102949,-,-, -,-, -,13,14,91904,27,91904,-,-, -,-, -
00735000,ANOKA TECHNICAL COLLEGE,MN,553031590,Public,550,606,1657518,902,1657518,578,647,2438249,972,2438249,-,-, -,-, -,-,-, -,-, -,-,-, -,-, -
00737500,ISLAND DRAFTING & TECHNICAL INSTITUTE,NY,117012704,Proprietary,21,30,110325,59,110325,17,21,68305,41,68305,-,-, -,-, -,2,3,37557,6,37557,-,-, -,-, -
00738700,LONG ISLAND BEAUTY SCHOOL,NY,117884346,Proprietary,78,78,236100,144,234350,80,80,250209,151,249209,-,-, -,-, -,7,7,56620,12,51261,-,-, -,-, -
00738800,LONG ISLAND BEAUTY SCHOOL,NY,115503704,Proprietary,74,74,198870,142,197120,72,72,284073,139,281073,-,-, -,-, -,-,-, -,-, -,-,-, -,-, -
00739400,BERKELEY COLLEGE,NY,100174604,Proprietary,1298,1690,5075352,2978,5075352,1227,1709,4834328,3021,4834328,59,96,840786,185,840786,27,33,306315,64,306315,-,-, -,-, -
00740100,MANDL SCHOOL,NY,100195516,Proprietary,589,729,2404803,1370,2322754,551,679,2990626,1266,2891139,-,-, -,-, -,38,47,551291,92,533066,-,-, -,-, -
00743700,PITTSBURGH TECHNICAL COLLEGE,PA,150713205,Private-Nonprofit,713,728,2407279,2015,2385368,705,759,2329134,2068,2303746,-,-, -,-, -,208,208,2897426,622,2892426,-,-, -,-, -
00744700,DEL-MAR-VA BEAUTY ACADEMY,MD,218046952,Proprietary,29,32,88748,57,88748,27,30,93370,58,93370,-,-, -,-, -,-,-, -,-, -,-,-, -,-, -
00745900,PAIER COLLEGE,CT,066043902,Proprietary,30,30,136426,31,72102,33,33,157605,34,80212,-,-, -,-, -,6,6,90233,6,42094,-,-, -,-, -
00746500,AMERICAN ACADEMY OF DRAMATIC ARTS,NY,100167089,Private-Nonprofit,175,175,690495,343,690495,189,190,613750,367,613750,-,-, -,-, -,76,83,2667817,162,2667817,-,-, -,-, -
00746600,LIM COLLEGE,NY,100173620,Proprietary,733,819,3064031,1361,2971496,830,926,3119710,1556,3025130,177,209,3515305,373,3446973,164,188,4442444,308,4316340,43,47,1208967,104,1195634
00746800,SCHOOL OF VISUAL ARTS,NY,100103994,Proprietary,825,825,3702045,1596,3702045,864,864,2526310,1676,2526310,117,118,2171985,241,2171985,328,354,15314670,656,15314670,75,78,3025819,156,3025819
00747300,CHOFFIN CAREER & TECHNICAL CENTER,OH,445031628,Public,56,56,169387,101,169387,55,55,229401,95,229401,-,-, -,-, -,1,1,12600,2,12600,-,-, -,-, -
00750200,BERKELEY COLLEGE,NJ,074243367,Proprietary,1584,2048,6261118,3738,6261118,1453,1949,5944232,3539,5944232,90,148,1090460,270,1068949,48,59,531355,114,531355,-,-, -,-, -
00751800,APEX TECHNICAL SCHOOL,NY,111015107,Private-Nonprofit,1268,1272,3312881,2483,3312881,1276,1280,4316203,2505,4316203,-,-, -,-, -,202,204,1456251,403,1456251,-,-, -,-, -
00752200,CONTINENTAL SCHOOL OF BEAUTY CULTURE,NY,146233231,Proprietary,389,432,958171,738,958171,399,443,1275622,769,1275622,-,-, -,-, -,73,84,391365,145,391365,-,-, -,-, -
00752900,CHESTER COUNTY INTERMEDIATE UNIT PRACTICAL NURSING PROGRAM,PA,193353043,Public,65,83,278233,162,278233,67,86,405599,168,405599,-,-, -,-, -,1,2,15500,4,15500,-,-, -,-, -
00753100,ACADEMY OF ART UNIVERSITY,CA,941053410,Proprietary,2815,2831,10138233,4396,10138233,2721,2733,11273115,4300,11273115,1129,1137,18856024,1947,18856024,638,785,20094264,1397,20094264,456,568,9485465,937,9485465
00753200,FINGER LAKES COMMUNITY COLLEGE - SUNY OFFICE OF COMMUNITY COLLEGES,NY,144248395,Public,1437,1466,4320449,2290,4320449,1395,1429,5401487,2267,5401487,-,-, -,-, -,48,52,475234,86,475234,-,-, -,-, -
00753600,COSUMNES RIVER COLLEGE,CA,958235799,Public,552,560,1787675,1016,1787675,507,516,2275640,932,2275640,-,-, -,-, -,-,-, -,-, -,-,-, -,-, -
00754000,MISSOURI BAPTIST UNIVERSITY,MO,631418698,Private-Nonprofit,846,848,3442934,1529,3442934,984,1022,3978264,1872,3978264,517,517,7013377,1127,7013377,156,157,2495695,297,2495695,33,33,294899,65,294899
00754400,APPALACHIAN BIBLE COLLEGE,WV,258809554,Private-Nonprofit,29,29,117257,56,117257,25,25,92275,45,92275,-,-, -,-, -,3,3,20199,5,20199,-,-, -,-, -
00755500,LAKES REGION COMMUNITY COLLEGE,NH,032461326,Public,166,192,562686,431,562686,171,203,693533,446,693533,-,-, -,-, -,6,6,70050,13,70050,-,-, -,-, -
00756000,RIVER VALLEY COMMUNITY COLLEGE,NH,037439707,Public,251,303,918644,588,918644,242,303,1358313,584,1358313,-,-, -,-, -,1,1,11229,1,11229,-,-, -,-, -
00757000,HELENA COLLEGE UNIVERSITY OF MONTANA,MT,596013098,Public,235,264,736913,780,736913,228,258,954862,772,954862,-,-, -,-, -,1,1,14870,4,14870,-,-, -,-, -
00757200,AMERICAN MUSICAL & DRAMATIC ACADEMY,NY,100232106,Private-Nonprofit,961,1117,4527029,2081,4527029,1029,1204,3176518,2250,3176518,8,13,235621,23,235621,680,875,28047501,1614,28047501,4,4,81372,8,81372
00757300,EMPIRE BEAUTY SCHOOL,NY,111034028,Proprietary,1155,1303,3308092,2347,3308092,1095,1244,4203488,2281,4203488,-,-, -,-, -,166,190,1366263,360,1366263,-,-, -,-, -
00757800,HUNTINGTON SCHOOL OF BEAUTY CULTURE,WV,257052030,Proprietary,48,55,163744,105,163744,42,49,196268,100,196268,-,-, -,-, -,-,-, -,-, -,-,-, -,-, -
00758200,AIMS COMMUNITY COLLEGE,CO,806343002,Public,235,267,713868,354,713868,268,314,939913,413,939913,-,-, -,-, -,14,14,242273,24,242273,-,-, -,-, -
00758800,CAPRI COLLEGE,IA,520040873,Proprietary,116,136,393033,250,393033,112,141,401580,266,401580,-,-, -,-, -,17,19,155696,36,155696,-,-, -,-, -
00759300,PARISIAN BEAUTY ACADEMY PAUL MITCHELL PARTNER SCHOOL,NJ,076015509,Proprietary,402,447,1066082,869,1062582,404,451,1290457,903,1286457,-,-, -,-, -,57,60,644145,121,644145,-,-, -,-, -
00759800,HOCKING TECHNICAL COLLEGE,OH,457649582,Public,842,894,2560436,2965,2557186,888,942,3063206,3130,3063206,-,-, -,-, -,141,148,1436029,489,1436029,-,-, -,-, -
00760000,INTERNATIONAL BEAUTY SCHOOL,WV,254013231,Proprietary,128,148,373577,289,373577,130,137,528039,266,528039,-,-, -,-, -,11,12,57725,27,57725,-,-, -,-, -
00760700,CONCORDE CAREER COLLEGE,CA,916063134,Proprietary,570,750,2319488,1744,2319488,564,717,3118488,1697,3118488,-,-, -,-, -,78,100,860745,229,860745,-,-, -,-, -
00761100,SOHO HAIR ACADEMY,IA,515017541,Proprietary,55,83,250926,158,250926,50,73,159513,135,159513,-,-, -,-, -,7,10,48320,19,48320,-,-, -,-, -
00761700,CARNEGIE INSTITUTE,MI,480831159,Proprietary,92,114,320292,295,320292,81,105,437912,269,435912,-,-, -,-, -,2,2,17978,5,17978,-,-, -,-, -
00763200,UNIVERSITY OF BRISTOL,,BS8 1QU,Foreign-Private,11,11,47500,22,47500,13,13,51000,26,51000,27,27,545500,68,545500,5,5,154300,10,154300,25,25,917206,62,917206
00763500,CONNECTICUT STATE COMMUNITY COLLEGE,CT,061031207,Public,3130,3171,9994638,5602,9994638,2678,2738,11162635,4833,11162635,-,-, -,-, -,13,13,134664,23,134664,-,-, -,-, -
00764000,FAYETTEVILLE TECHNICAL COMMUNITY COLLEGE,NC,283030236,Public,2483,2511,8817227,11359,7564982,2130,2157,10400419,9948,8971572,-,-, -,-, -,4,4,35029,21,32530,-,-, -,-, -
00764400,LAKE LAND COLLEGE,IL,619389366,Public,169,192,474331,365,474331,161,203,421209,392,421209,-,-, -,-, -,12,15,92618,29,92618,-,-, -,-, -
00764900,ROCKY MOUNTAIN COLLEGE OF ART + DESIGN,CO,802141433,Proprietary,1471,1894,6180812,3372,6171038,1567,1939,7532806,3438,7499457,-,-, -,-, -,233,304,3979357,558,3947865,-,-, -,-, -
00765900,LA' JAMES COLLEGE OF HAIRSTYLING,IA,504013308,Proprietary,61,64,147555,118,147555,60,63,172787,116,172787,-,-, -,-, -,10,11,66085,22,66085,-,-, -,-, -
00766900,SOUTHWEST WISCONSIN TECHNICAL COLLEGE,WI,538099778,Public,416,454,1343142,791,1343142,267,299,1129891,529,1129891,-,-, -,-, -,2,2,9050,3,9050,-,-, -,-, -
00767800,SPARTAN COLLEGE OF AERONAUTICS AND TECHNOLOGY,OK,741155800,Proprietary,598,768,2704258,1578,2704258,614,789,3174245,1612,3174245,-,-, -,-, -,171,235,6126896,490,6126896,-,-, -,-, -
00767900,YORK UNIVERSITY,,M3J 1P3,Foreign-Private,12,12,47909,22,47909,19,19,95591,38,95591,8,8,143467,12,143467,6,7,125409,12,125409,1,1,10432,1,10432
00768400,KISHWAUKEE COLLEGE,IL,601509699,Public,183,194,564222,366,564222,186,201,644686,377,644686,-,-, -,-, -,6,6,86816,12,86816,-,-, -,-, -
00768600,SOUTHERN UNIVERSITY AT SHREVEPORT - BOSSIER CITY,LA,711074795,Public,1688,1697,5201520,2868,5139602,1527,1609,3961655,2673,3916686,-,-, -,-, -,49,52,437504,97,435028,-,-, -,-, -
00769000,KANKAKEE COMMUNITY COLLEGE,IL,609016505,Public,86,106,284807,206,284807,99,135,329557,262,329557,-,-, -,-, -,3,3,23980,6,23980,-,-, -,-, -
00769100,MCHENRY COUNTY COLLEGE,IL,600122761,Public,91,94,262369,168,262369,128,134,445043,242,445043,-,-, -,-, -,6,6,22565,11,22565,-,-, -,-, -
00769200,MORAINE VALLEY COMMUNITY COLLEGE,IL,604650937,Public,339,358,977741,658,977741,346,366,959100,677,959100,-,-, -,-, -,25,28,146598,53,146598,-,-, -,-, -
00769400,COLLEGE OF LAKE COUNTY,IL,600301198,Public,252,279,805086,531,805086,231,273,853162,530,853162,-,-, -,-, -,10,13,102547,26,102547,-,-, -,-, -
00770500,ROYAL COLLEGE OF SURGEONS IN IRELAND,,2,Foreign-Private,2,2,9000,4,9000,3,3,9000,6,9000,66,66,1353000,132,1353000,6,6,343236,12,343236,64,66,4971378,134,4971378
00771300,SKYLINE COLLEGE,CA,940661698,Public,40,45,142411,86,142411,38,44,186020,84,186020,-,-, -,-, -,3,3,20860,7,20860,-,-, -,-, -
00771700,CAPRI COLLEGE,IA,528072622,Proprietary,80,106,324182,199,324182,92,127,345434,238,345434,-,-, -,-, -,18,27,165952,57,165952,-,-, -,-, -
00772900,COUNTY COLLEGE OF MORRIS,NJ,078692086,Public,709,710,2157053,1142,2157053,660,660,2204493,1078,2204493,-,-, -,-, -,30,33,257485,47,257485,-,-, -,-, -
00773000,ROWAN COLLEGE AT BURLINGTON COUNTY,NJ,080549416,Public,424,425,1157139,636,1157139,548,549,1955921,868,1955921,-,-, -,-, -,35,35,260456,53,260456,-,-, -,-, -
00773100,RARITAN VALLEY COMMUNITY COLLEGE,NJ,088761265,Public,173,189,578120,269,578120,245,282,1003602,411,1003602,-,-, -,-, -,15,15,80330,22,80330,-,-, -,-, -
00773800,SOUTHERN ARKANSAS UNIVERSITY TECH,AR,717011900,Public,125,135,365914,254,365914,95,108,254242,202,254242,-,-, -,-, -,4,4,21251,8,21251,-,-, -,-, -
00776400,SOUTHEAST TECHNICAL COLLEGE,SD,571071301,Public,1053,1109,3258238,1792,3258238,1145,1192,4357517,1964,4357517,-,-, -,-, -,32,37,301725,56,301725,-,-, -,-, -
00777900,LANSDALE SCHOOL OF BUSINESS,PA,194544114,Proprietary,129,137,399848,224,350255,117,126,555421,193,450071,-,-, -,-, -,-,-, -,-, -,-,-, -,-, -
00778000,NEW CASTLE SCHOOL OF TRADES,PA,161018739,Proprietary,419,491,1506124,1277,1506124,386,446,1340267,1155,1340267,-,-, -,-, -,27,34,190316,89,190316,-,-, -,-, -
00778300,MIDDLE TENNESSEE SCHOOL OF ANESTHESIA,TN,371150417,Private-Nonprofit,-,-, -,-, -,-,-, -,-, -,167,167,3416667,494,3416667,-,-, -,-, -,148,148,8272860,444,8272860
00783900,TRIANGLE TECH,PA,152143897,Proprietary,79,100,385233,191,385233,84,107,456385,205,456385,-,-, -,-, -,17,20,213624,38,213624,-,-, -,-, -
00784500,NEW ENGLAND INSTITUTE OF TECHNOLOGY,RI,028181205,Private-Nonprofit,1526,2133,5507775,3976,5507775,1578,2225,5751787,4155,5751787,129,198,2399309,363,2399309,171,247,3287191,458,3287191,23,48,480865,62,480865
00787000,HILLSBOROUGH COMMUNITY COLLEGE,FL,336143572,Public,4374,4668,13865089,7053,12734698,4188,4362,16782530,6650,15376246,-,-, -,-, -,41,45,446231,67,410322,-,-, -,-, -
00787100,GEORGE C. WALLACE STATE COMMUNITY COLLEGE,AL,350772000,Public,1188,1236,3882018,2137,3788426,1079,1115,4482439,1924,4368458,-,-, -,-, -,13,15,163014,29,151348,-,-, -,-, -
00787400,UNIVERSITY OF CALGARY,,T2N 1N4,Foreign-Private,11,11,46000,17,46000,14,14,54000,21,54000,14,14,254643,32,254643,3,3,75598,5,75598,12,12,285834,30,285834
00788100,AMERICAN UNIVERSITY OF PARIS,,75007,Foreign-Private,137,137,570425,247,570425,166,166,579736,304,579736,83,83,1454619,156,1454619,112,112,4786289,227,4786289,55,58,1297811,145,1297811
00789300,FLAGLER COLLEGE,FL,320844342,Private-Nonprofit,1058,1226,4485246,2113,4485246,1237,1422,4211292,2510,4211292,4,4,62250,7,62250,319,373,6972831,629,6972831,-,-, -,-, -
00790000,BUTTE ACADEMY OF BEAUTY CULTURE,MT,597019197,Proprietary,9,10,31038,20,31038,9,10,44300,20,44300,-,-, -,-, -,-,-, -,-, -,-,-, -,-, -
00791200,THADDEUS STEVENS COLLEGE OF TECHNOLOGY,PA,176023198,Public,624,684,1798866,1271,1798866,661,710,2132416,1331,2132416,-,-, -,-, -,60,64,666346,115,666346,-,-, -,-, -
00791600,FRANKLIN COUNTY CAREER AND TECHNOLOGY CENTER,PA,172028895,Public,28,33,83143,48,83143,17,21,72082,34,72082,-,-, -,-, -,-,-, -,-, -,-,-, -,-, -
00792100,PAUL MITCHELL THE SCHOOL ARKANSAS,AR,727035318,Proprietary,61,79,233860,145,233860,66,83,230712,149,230712,-,-, -,-, -,4,4,19275,8,19275,-,-, -,-, -
00793000,CONCORDE CAREER COLLEGE,CA,921131962,Proprietary,732,889,2957693,2018,2957693,721,851,4070189,1958,4070189,-,-, -,-, -,92,110,1144657,254,1144657,-,-, -,-, -
00793300,FRONT RANGE COMMUNITY COLLEGE,CO,800312199,Public,2829,2831,7975480,4542,7975480,2596,2597,10523328,4152,10523328,-,-, -,-, -,44,44,534323,84,534323,-,-, -,-, -
00793700,MS ROBERTS ACADEMY OF BEAUTY CULTURE,IL,601621305,Proprietary,27,27,75861,43,67611,26,26,88512,42,75512,-,-, -,-, -,-,-, -,-, -,-,-, -,-, -
00793800,LINCOLN COLLEGE OF TECHNOLOGY,IN,462684198,Proprietary,7931,9957,30883807,18984,30630011,7769,10039,33509448,18919,33245700,-,-, -,-, -,1832,2280,22586143,4327,22443500,-,-, -,-, -
00794100,SALON PROFESSIONAL ACADEMY (THE),IA,506135061,Proprietary,56,72,213066,137,211316,49,62,216664,117,213664,-,-, -,-, -,1,1,10000,2,10000,-,-, -,-, -
00794800,WILMINGTON UNIVERSITY,DE,197206491,Private-Nonprofit,2481,2518,8779875,4697,8779875,2559,2603,12588745,4853,12588745,1706,1740,24435102,3347,24435102,54,56,447585,98,447585,71,75,1386960,158,1386960
00795000,WEST SHORE COMMUNITY COLLEGE,MI,494540000,Public,35,35,118479,64,118479,39,39,148080,70,148080,-,-, -,-, -,-,-, -,-, -,-,-, -,-, -
00795400,NORMANDALE COMMUNITY COLLEGE,MN,554314399,Public,1185,1338,3679202,1952,3679202,1190,1383,4477154,2021,4477154,-,-, -,-, -,3,5,19948,6,19948,-,-, -,-, -
00799300,"CALIFORNIA STATE UNIVERSITY, BAKERSFIELD",CA,933111022,Public,2212,2415,8633480,3795,8633480,1747,1911,7779903,3011,7779903,460,536,6725321,881,6725321,26,29,305342,47,305342,15,23,260621,37,260621
00806700,LOUISIANA STATE UNIVERSITY HEALTH SCIENCES CENTER IN SHREVEPORT,LA,711303932,Public,9,9,35419,13,35419,14,16,111649,24,111649,712,774,21841304,1382,21841304,-,-, -,-, -,403,506,7411999,862,7411999
00807100,CONCORDE CAREER COLLEGE,CA,928409201,Proprietary,730,971,3088105,2257,3088105,720,929,4234547,2189,4234547,-,-, -,-, -,92,126,1203089,295,1203089,-,-, -,-, -
00807300,BUTTE COLLEGE,CA,959658399,Public,373,392,1137083,724,1137083,325,338,1207637,615,1207637,-,-, -,-, -,9,10,143220,19,143220,-,-, -,-, -
00807800,SPRINGFIELD TECHNICAL COMMUNITY COLLEGE,MA,011019000,Public,881,881,2508635,1391,2508635,762,762,2853437,1220,2853437,-,-, -,-, -,5,5,25529,7,25529,-,-, -,-, -
00808000,STATE FAIR COMMUNITY COLLEGE,MO,653012199,Public,481,539,1440071,1690,1440071,426,505,1434697,1626,1434697,-,-, -,-, -,7,9,55836,32,55836,-,-, -,-, -
00812900,"ADULT & COMMUNITY EDUCATION, COLUMBUS CITY SCHOOLS",OH,432112017,Public,75,89,225499,146,211999,74,84,353211,140,333711,-,-, -,-, -,-,-, -,-, -,-,-, -,-, -
00813200,TOLEDO PUBLIC SCHOOLS ADULT AND CONTINUING EDUCATION,OH,436201152,Public,11,11,37501,29,37501,16,17,66226,41,60795,-,-, -,-, -,-,-, -,-, -,-,-, -,-, -
00813300,ZANE STATE COLLEGE,OH,437012626,Public,194,199,456586,351,456586,69,74,195562,135,195562,-,-, -,-, -,9,9,36000,17,36000,-,-, -,-, -
00814500,NASHVILLE STATE COMMUNITY COLLEGE,TN,372094515,Public,461,501,1346504,874,1346504,333,375,1173503,660,1173503,-,-, -,-, -,1,1,4641,1,4641,-,-, -,-, -
00814700,UNIVERSIDAD AUTONOMA DE GUADALAJARA,,45100,Foreign-Private,-,-, -,-, -,-,-, -,-, -,1102,1103,22365827,2117,22365827,-,-, -,-, -,1099,1110,77727828,2538,77727828
00814800,UNIVERSITY OF WINNIPEG (THE),,R3B 2E9,Foreign-Private,7,7,21327,12,21327,14,14,66424,25,66424,-,-, -,-, -,4,4,30350,7,30350,-,-, -,-, -
00815500,EVERGREEN STATE COLLEGE (THE),WA,985050002,Public,808,850,3234974,2059,3234974,766,821,3422728,1947,3422728,126,126,2162776,327,2162776,112,116,2067459,299,2067459,41,51,532147,126,532147
00817500,HOWARD COMMUNITY COLLEGE,MD,210443197,Public,726,793,2336424,1056,2336424,675,749,2619297,1018,2619297,-,-, -,-, -,16,17,201922,27,201922,-,-, -,-, -
00817800,EMPIRE BEAUTY SCHOOL,MI,495441635,Proprietary,1171,1338,3259414,2349,3259414,1097,1261,3823049,2250,3823049,-,-, -,-, -,187,205,1334484,403,1334484,-,-, -,-, -
00818900,CONTINENTAL SCHOOL OF BEAUTY CULTURE,NY,142243402,Proprietary,82,95,217660,163,217660,84,98,260454,166,260454,-,-, -,-, -,17,19,143218,38,143218,-,-, -,-, -
00820000,UPMC JAMESON SCHOOL OF NURSING,PA,161052595,Private-Nonprofit,233,311,945791,542,945791,246,341,1495012,602,1495012,-,-, -,-, -,8,11,127336,20,127336,-,-, -,-, -
00822100,UNIVERSAL TECHNICAL INSTITUTE,AZ,853237946,Proprietary,6505,8496,27473190,16289,27471440,6519,8560,28795022,16836,28791022,-,-, -,-, -,2682,3612,37197456,7765,37194457,-,-, -,-, -
00822800,SEWARD COUNTY COMMUNITY COLLEGE,KS,679011137,Public,81,84,264136,156,264136,43,49,138074,92,138074,-,-, -,-, -,-,-, -,-, -,-,-, -,-, -
00824400,JOHNSON COUNTY COMMUNITY COLLEGE,KS,662101299,Public,1463,1610,4316277,2848,4316277,611,687,2457282,1284,2457282,-,-, -,-, -,34,37,478111,69,478111,-,-, -,-, -
00825900,EDUCATORS OF BEAUTY COLLEGE OF COSMETOLOGY,IL,610813611,Proprietary,143,183,553509,351,543509,143,191,546479,369,530479,-,-, -,-, -,26,28,243128,56,243128,-,-, -,-, -
00826000,IOWA SCHOOL OF BEAUTY,IA,503223203,Proprietary,68,77,218927,146,218927,70,82,257445,156,257445,-,-, -,-, -,13,13,105675,26,105675,-,-, -,-, -
00826300,AWARD BEAUTY SCHOOL-,MD,217405624,Proprietary,226,248,561505,403,560005,209,231,831228,382,829228,-,-, -,-, -,5,6,20000,10,20000,-,-, -,-, -
00827800,TERRA STATE COMMUNITY COLLEGE,OH,434209670,Public,410,463,1303829,837,1303829,386,436,1401752,781,1401752,-,-, -,-, -,12,13,118715,25,118715,-,-, -,-, -
00828400,MITCHELL TECHNICAL COLLEGE,SD,573019931,Public,288,330,1053630,617,1051755,376,442,1585161,838,1584172,-,-, -,-, -,29,29,309350,53,309350,-,-, -,-, -
00830300,GATEWAY COMMUNITY COLLEGE,AZ,850341795,Public,806,867,2155507,1513,2155507,274,314,772371,556,772371,-,-, -,-, -,-,-, -,-, -,-,-, -,-, -
00830400,SCOTTSDALE COMMUNITY COLLEGE,AZ,852562626,Public,552,604,1523964,1052,1523964,217,256,727319,462,727319,-,-, -,-, -,3,3,28918,6,28918,-,-, -,-, -
00830800,CECIL COLLEGE,MD,219011999,Public,137,144,389277,262,389277,171,176,618080,325,618080,-,-, -,-, -,3,3,12843,6,12843,-,-, -,-, -
00831000,AUBURN UNIVERSITY MONTGOMERY,AL,361173596,Public,1417,1586,5588133,2934,5588133,1328,1481,5015879,2716,5015879,499,568,7421814,1059,7421814,164,222,1642770,433,1642770,59,85,750868,168,750868
00836200,UNIVERSITY OF ALBERTA (THE),,T6G 2R3,Foreign-Private,8,8,35000,16,35000,9,9,42000,18,42000,10,10,173000,24,173000,3,3,70000,6,70000,-,-, -,-, -
00836300,MOUNT SAINT VINCENT UNIVERSITY,,B3M 2J6,Foreign-Private,-,-, -,-, -,-,-, -,-, -,1,1,20500,2,20500,-,-, -,-, -,-,-, -,-, -
00836400,SAINT MARY'S UNIVERSITY,,B3H 3C3,Foreign-Private,11,11,43500,20,43500,10,10,30000,18,30000,1,1,20500,3,20500,2,2,30250,3,30250,1,1,5000,2,5000
00836500,CONCORDIA UNIVERSITY,,H3G 1M8,Foreign-Private,63,65,271765,122,271765,73,77,293512,140,293512,15,19,294688,39,294688,26,29,624306,56,624306,4,4,26838,9,26838
00836600,UNIVERSITE DE MONTREAL,,H3T 1J4,Foreign-Private,3,3,11648,6,11648,4,4,25500,8,25500,6,6,63099,16,63099,-,-, -,-, -,-,-, -,-, -
00836800,CARLETON UNIVERSITY,,K1S   5B6,Foreign-Private,11,11,39113,20,39113,24,24,110500,44,110500,4,5,59900,10,59900,8,8,128300,15,128300,-,-, -,-, -
00836900,UNIVERSITY OF BRITISH COLUMBIA,,V6T   1Z4,Foreign-Private,74,74,332888,133,332888,99,99,392619,183,392619,61,61,853944,125,853944,42,43,1413630,81,1413630,16,17,582450,32,582450
00837000,UNIVERSITY OF VICTORIA,,V8W   2Y2,Foreign-Public,32,32,139512,49,139512,42,42,204282,68,204282,5,8,61179,9,61179,20,20,464573,34,464573,6,10,123327,12,123327
00837100,AMERICAN UNIVERSITY OF BEIRUT,,11-0236,Foreign-Private,21,21,99000,42,99000,21,21,49000,42,49000,4,4,61912,7,61912,2,2,37500,4,37500,1,2,13376,4,13376
00837300,TEL AVIV UNIVERSITY,,69978,Foreign-Private,2,2,7876,4,7876,3,3,9500,5,9500,9,9,169500,18,169500,3,3,66925,6,66925,7,7,168858,14,168858
00837600,VRIJE UNIVERSITEIT AMSTERDAM,,1081  HV,Foreign-Private,15,15,59091,30,59091,18,18,80909,36,80909,38,38,667352,74,667352,7,7,117500,14,117500,22,23,359985,45,359985
00837700,UNIVERSITEIT VAN AMSTERDAM,,1012 WX,Foreign-Private,31,31,133094,57,133094,40,40,179939,76,179939,59,59,1061743,103,1061743,17,17,344094,34,344094,34,34,511396,59,511396
00838000,UNIVERSITY OF WARWICK,,CV4 8UW,Foreign-Private,3,3,15500,9,15500,6,6,30000,18,30000,11,11,210308,33,210308,4,4,168776,12,168776,10,10,313344,28,313344
00838300,UNIVERSITY OF GLASGOW,,G12 8QQ,Foreign-Private,69,69,306000,136,306000,80,80,301500,159,301500,363,363,7081544,844,7081544,39,39,1392306,78,1392306,329,330,13971458,761,13971458
00839400,UNIVERSITY OF OXFORD,,OX1   2JD,Foreign-Private,-,-, -,-, -,-,-, -,-, -,33,33,647333,122,647333,-,-, -,-, -,25,26,1148857,97,1148857
00839800,UNIVERSITY OF SHEFFIELD (THE),,SI0 2TN,Foreign-Private,5,5,18458,10,18458,5,5,12042,10,12042,16,16,316250,31,316250,3,3,46026,6,46026,14,14,433219,27,433219
00839900,UNIVERSITY OF SOUTHAMPTON,,S017 1BJ,Foreign-Private,3,3,11500,6,11500,5,5,25000,10,25000,3,3,61500,8,61500,3,3,141596,6,141596,-,-, -,-, -
00840300,INDIAN HILLS COMMUNITY COLLEGE,IA,525011398,Public,625,682,1879271,1601,1725810,588,629,1896564,1528,1714214,-,-, -,-, -,24,24,230958,56,224198,-,-, -,-, -
00840400,BROOKDALE COMMUNITY COLLEGE,NJ,077381597,Public,700,731,2188192,1117,2188192,734,770,2556153,1213,2556153,-,-, -,-, -,25,33,191133,52,191133,-,-, -,-, -
00842400,LA' JAMES INTERNATIONAL COLLEGE,IA,505015577,Proprietary,12,15,44768,30,44768,12,15,55067,30,55067,-,-, -,-, -,-,-, -,-, -,-,-, -,-, -
00843700,CLINTON-ESSEX-WARREN-WASHINGTON BOCES,NY,129010455,Public,8,14,31716,42,31716,8,14,44517,42,44517,-,-, -,-, -,1,1,8400,4,8400,-,-, -,-, -
00844400,SIMON FRASER UNIVERSITY,,V5A 1S6,Foreign-Public,13,13,53750,23,53750,16,16,53249,29,53249,14,14,198900,34,198900,6,6,132179,11,132179,4,4,70620,13,70620
00844600,UNIVERSITY OF WESTERN ONTARIO (THE),,N6A 3K6,Foreign-Private,5,5,14000,7,14000,9,9,35000,14,35000,10,10,150667,26,150667,5,5,139089,9,139089,7,8,191006,17,191006
00844900,ACADIA UNIVERSITY,,B4P 2R6,Foreign-Private,3,3,13000,5,13000,4,4,14000,7,14000,-,-, -,-, -,-,-, -,-, -,-,-, -,-, -
00845200,ABERYSTWYTH UNIVERSITY,,SY23 3BF,Foreign-Private,51,51,208428,97,208428,59,59,201211,112,201211,14,14,273333,40,273333,29,30,665638,57,665638,10,10,194571,28,194571
00845800,LOUGHBOROUGH UNIVERSITY,,LE11  3TU,Foreign-Private,1,1,4500,1,4500,2,2,9500,2,9500,6,6,103821,13,103821,1,1,10000,1,10000,4,4,109751,10,109751
00846000,UNIVERSITY OF NEWCASTLE UPON TYNE,,NE1   7RU,Foreign-Private,11,11,46500,33,46500,15,15,65000,44,65000,19,19,370413,55,370413,9,9,290831,27,290831,16,16,440517,47,440517
00846100,UNIVERSITY OF SAINT ANDREWS,,KY16 0US,Foreign-Private,103,103,480958,201,480958,154,154,599512,302,599512,88,88,1715146,255,1715146,78,78,3116875,155,3116875,57,57,1517569,170,1517569
00846600,SOUTHWESTERN COMMUNITY COLLEGE,NC,287798581,Public,91,95,284173,578,284173,98,106,366222,644,366222,-,-, -,-, -,5,5,50282,32,50282,-,-, -,-, -
00849200,CHI HEALTH SCHOOL OF RADIOLOGIC TECHNOLOGY,NE,681229832,Private-Nonprofit,12,12,63497,36,63497,11,11,44503,33,44503,-,-, -,-, -,1,1,16730,3,16730,-,-, -,-, -
00849400,HOHOKUS SCHOOL OF TRADE AND TECHNICAL SCIENCES,NJ,075131402,Proprietary,190,216,557205,419,556287,183,209,662820,406,662820,-,-, -,-, -,32,32,277406,61,277406,-,-, -,-, -
00849500,JAMESTOWN BUSINESS COLLEGE,NY,147020429,Proprietary,14,18,52211,44,52211,6,7,18983,15,18983,-,-, -,-, -,-,-, -,-, -,-,-, -,-, -
00850500,UNIVERSITY OF MELBOURNE,,3010,Foreign-Private,5,5,25500,9,25500,5,5,10000,8,10000,40,40,779931,72,779931,4,4,154552,8,154552,31,31,1145623,57,1145623
00851200,"UNIVERSITY OF THE WEST INDIES, MONA CAMPUS THE",,7,Foreign-Private,-,-, -,-, -,-,-, -,-, -,2,2,25828,4,25828,-,-, -,-, -,-,-, -,-, -
00852600,UNIVERSITY OF WATERLOO,,N2L 3G1,Foreign-Private,-,-, -,-, -,-,-, -,-, -,2,2,41000,6,41000,-,-, -,-, -,1,1,29332,3,29332
00853700,CONCORDE CAREER COLLEGE,CA,924083403,Proprietary,991,1223,3937062,2870,3937062,960,1162,5245131,2769,5245131,-,-, -,-, -,107,133,1289822,317,1289822,-,-, -,-, -
00854300,ATLANTA TECHNICAL COLLEGE,GA,303104499,Public,2059,2356,6130406,6439,6130406,1922,2179,7817652,5963,7817652,-,-, -,-, -,-,-, -,-, -,-,-, -,-, -
00855200,STEVENS - THE INSTITUTE OF BUSINESS & ARTS,MO,631030000,Proprietary,89,126,423757,316,423757,95,138,544692,349,544692,-,-, -,-, -,3,3,28500,9,28500,-,-, -,-, -
00855700,NASH COMMUNITY COLLEGE,NC,278040488,Public,158,158,438955,251,438955,149,149,509056,239,509056,-,-, -,-, -,-,-, -,-, -,-,-, -,-, -
00856800,VET TECH INSTITUTE,PA,152223400,Proprietary,240,327,874253,538,874253,235,380,777100,610,777100,-,-, -,-, -,95,120,1234643,228,1234643,-,-, -,-, -
00858200,WILFRID LAURIER UNIVERSITY,,N2L   3C5,Foreign-Private,5,5,21250,9,21250,5,5,14000,9,14000,-,-, -,-, -,2,2,51523,4,51523,-,-, -,-, -
00858600,SWANSEA UNIVERSITY,,SA2 8PP,Foreign-Private,12,12,50750,23,50750,13,13,34500,25,34500,11,11,225500,31,225500,6,6,190713,12,190713,12,12,337977,32,337977
00858700,UNIVERSITY OF DURHAM,,DH1 3LE,Foreign-Private,22,22,95980,66,95980,22,22,62020,66,62020,67,67,1315573,201,1315573,14,14,434764,44,434764,54,54,1420486,165,1420486
00859600,WEST LOS ANGELES COLLEGE,CA,902303500,Public,252,278,920532,520,920532,247,272,1187677,505,1187677,-,-, -,-, -,1,1,9145,2,9145,-,-, -,-, -
00859700,FEATHER RIVER COLLEGE,CA,959719124,Public,118,121,384567,220,384567,116,121,403343,222,403343,-,-, -,-, -,17,17,263665,32,263665,-,-, -,-, -
00861100,HOSTOS COMMUNITY COLLEGE OF THE CITY UNIVERSITY OF NEW YORK,NY,104512946,Public,368,413,1217815,783,1217815,238,279,932776,523,932776,-,-, -,-, -,-,-, -,-, -,-,-, -,-, -
00864500,EMPIRE BEAUTY SCHOOLS,NH,031069716,Proprietary,232,277,759971,531,756471,262,329,980119,629,970619,-,-, -,-, -,54,59,499700,112,499700,-,-, -,-, -
00865300,JEFFERSON COUNTY DUBOIS AREA VOCATIONAL TECHNICAL SCHOOL,PA,158511199,Public,23,25,65657,41,65657,20,23,91715,38,91715,-,-, -,-, -,-,-, -,-, -,-,-, -,-, -
00865500,GENESIS CAREER COLLEGE,TN,385011959,Proprietary,225,231,617276,400,553408,214,221,815942,395,730006,-,-, -,-, -,16,16,119261,34,117335,-,-, -,-, -
00865800,O'BRIENS AVEDA INSTITUTE,VT,054959998,Proprietary,20,20,51621,37,51621,20,20,72635,38,72635,-,-, -,-, -,2,2,35650,8,35650,-,-, -,-, -
00865900,LAUREL RIDGE COMMUNITY COLLEGE,VA,226450047,Public,110,112,359307,164,359307,141,165,528837,229,528837,-,-, -,-, -,2,2,10000,4,10000,-,-, -,-, -
00866000,GERMANNA COMMUNITY COLLEGE,VA,225082102,Public,249,260,801304,341,801304,317,353,1274675,484,1274675,-,-, -,-, -,4,4,8500,5,8500,-,-, -,-, -
00866500,UNIVERSITY OF KENT,,CT2 7NZ,Foreign-Private,15,15,65500,30,65500,18,18,71500,36,71500,30,30,533300,57,533300,7,7,247401,14,247401,27,27,908328,70,908328
00867000,UNIVERSITY OF NEW SOUTH WALES (THE),,2052,Foreign-Private,1,1,4500,2,3000,1,1,6000,2,4000,7,7,90037,14,90037,-,-, -,-, -,6,6,159546,13,159546
00867700,NORTHWEST STATE COMMUNITY COLLEGE,OH,435029542,Public,252,257,724458,451,718124,79,86,248217,156,246217,-,-, -,-, -,1,1,15233,2,15233,-,-, -,-, -
00868700,UNIVERSITY OF ESSEX,,CO4 3SQ,Foreign-Private,24,24,105000,67,105000,26,26,84667,72,84667,47,47,913899,158,913899,14,14,418285,39,418285,42,42,902138,145,902138
00869300,"CITY ST GEORGE'S, UNIVERSITY OF LONDON",,EC1V 0HB,Foreign-Private,8,8,36000,24,36000,9,9,27000,27,27000,54,54,1052417,157,1052417,6,6,254544,20,254544,45,45,1545304,122,1545304
00869400,RASMUSSEN UNIVERSITY,MN,563013713,Proprietary,14716,21237,52256032,42176,52256032,15124,20796,78688469,41374,78688469,434,590,7812723,1228,7812723,166,224,2875844,474,2875844,13,15,69149,35,69149
00884300,ALASKA BIBLE COLLEGE,AK,996456619,Private-Nonprofit,3,3,9572,4,9572,1,1,1000,1,1000,-,-, -,-, -,1,1,5124,1,5124,-,-, -,-, -
00884600,WRIGHT INSTITUTE (THE),CA,947041796,Private-Nonprofit,-,-, -,-, -,-,-, -,-, -,220,222,5835260,653,5835260,-,-, -,-, -,174,183,6976799,557,6976799
00884800,WARNER UNIVERSITY,FL,338598725,Private-Nonprofit,487,502,1716222,901,1716222,514,551,1498504,992,1498504,48,52,624569,99,624569,136,161,1901945,297,1901945,4,5,48722,7,48722
00884900,PALM BEACH ATLANTIC UNIVERSITY,FL,334016505,Private-Nonprofit,978,1018,3652330,1732,3652330,1153,1219,3810638,2094,3810638,394,568,9291457,910,9291457,258,302,5292530,477,5292530,140,206,4964657,360,4964657
00885500,EDGECOMBE COMMUNITY COLLEGE,NC,278869399,Public,362,400,1082014,708,1082014,302,358,1071827,638,1071827,-,-, -,-, -,-,-, -,-, -,-,-, -,-, -
00885900,JOHN A GUPTON COLLEGE,TN,372032934,Private-Nonprofit,45,66,117338,131,117338,36,49,104246,98,104246,-,-, -,-, -,1,2,11210,4,11210,-,-, -,-, -
00886000,SIT,VT,053024801,Private-Nonprofit,-,-, -,-, -,3,3,25820,7,25820,29,32,496185,77,496185,-,-, -,-, -,13,19,387743,40,387743
00886200,EAST CENTRAL COLLEGE,MO,630840529,Public,216,225,674376,662,674376,183,194,644242,588,644242,-,-, -,-, -,-,-, -,-, -,-,-, -,-, -
00886400,ARIZONA ACADEMY OF BEAUTY,AZ,857125021,Proprietary,38,39,87484,74,83349,20,20,75347,37,72177,-,-, -,-, -,-,-, -,-, -,-,-, -,-, -
00887100,CONCORDE CAREER COLLEGE,CO,800104314,Proprietary,1430,1857,5821029,4413,5821029,1432,1806,7810038,4346,7810038,-,-, -,-, -,126,138,1608250,311,1608250,-,-, -,-, -
00887800,MIAMI INTERNATIONAL UNIVERSITY OF ART & DESIGN,FL,331321418,Private-Nonprofit,172,172,307215,187,237636,168,168,389156,183,306958,1,1,6833,1,6833,18,18,88240,20,77138,-,-, -,-, -
00888000,MORRISON INSTITUTE OF TECHNOLOGY,IL,612702959,Private-Nonprofit,44,45,158950,88,158950,44,44,109300,86,109300,-,-, -,-, -,26,29,242846,57,242846,-,-, -,-, -
00888600,PORTAGE LAKES CAREER CENTER,OH,446859554,Public,99,121,308698,226,308698,100,111,458986,206,458986,-,-, -,-, -,3,3,28400,6,28400,-,-, -,-, -
00888700,CONCORDE CAREER COLLEGE,OR,972322242,Proprietary,600,720,2303394,1647,2303394,588,697,3117597,1616,3117597,-,-, -,-, -,42,51,529772,109,529772,-,-, -,-, -
00889600,PIKES PEAK STATE COLLEGE,CO,809065498,Public,2151,2265,6074530,3890,6074530,924,1064,3107250,2102,3107250,-,-, -,-, -,22,26,249744,52,249744,-,-, -,-, -
00890200,COLUMBIA CENTRAL UNIVERSITY,PR,007258517,Proprietary,572,677,2405588,1251,2405588,422,492,2184587,907,2184587,211,253,2748850,473,2748850,-,-, -,-, -,-,-, -,-, -
00890300,COLLEGE OF THE CANYONS,CA,913551899,Public,222,222,621096,648,621096,211,211,796385,601,796385,-,-, -,-, -,12,12,134188,38,134188,-,-, -,-, -
00890600,MACOMB COMMUNITY COLLEGE,MI,480883896,Public,1537,1619,3588035,2272,3588035,724,820,1931596,1124,1931596,-,-, -,-, -,-,-, -,-, -,-,-, -,-, -
00890800,UNIVERSITY OF BIRMINGHAM (THE),,B15 2TT,Foreign-Private,6,6,25731,18,25731,5,5,18269,15,18269,17,17,316033,35,316033,4,4,147459,12,147459,16,16,547806,37,547806
00891000,UNIVERSITY OF HULL,,HU6 7RX,Foreign-Private,4,4,20000,8,20000,5,5,17500,10,17500,2,2,41000,3,41000,3,3,72766,6,72766,1,1,11875,1,11875
00891600,NEW ENGLAND LAW | BOSTON,MA,021165687,Private-Nonprofit,-,-, -,-, -,-,-, -,-, -,740,760,14627096,1494,14627096,-,-, -,-, -,609,751,21926278,1435,21926278
00891800,SADDLEBACK COLLEGE,CA,926923699,Public,288,288,759882,797,759882,285,285,1058210,788,1058210,-,-, -,-, -,-,-, -,-, -,-,-, -,-, -
00892000,UNIVERSITY OF NOTTINGHAM,,NG7 2RD,Foreign-Private,3,3,12785,6,12785,2,2,5715,4,5715,18,18,344685,49,344685,1,1,50277,2,50277,11,11,257409,28,257409
00893800,GRAHAM HOSPITAL SCHOOL OF NURSING,IL,615202497,Private-Nonprofit,13,13,46637,21,46637,11,11,54863,19,54863,-,-, -,-, -,-,-, -,-, -,-,-, -,-, -
00894600,MICHIGAN COLLEGE OF BEAUTY,MI,483291618,Proprietary,14,14,36594,24,36594,14,14,49714,26,49714,-,-, -,-, -,2,2,9500,4,9500,-,-, -,-, -
00895500,SALON PROFESSIONAL ACADEMY (THE),PA,166012419,Proprietary,195,240,544297,446,544297,195,241,709366,456,709366,-,-, -,-, -,10,11,78133,24,78133,-,-, -,-, -
00895900,CLARKSBURG BEAUTY ACADEMY & SCHOOL OF MASSAGE THERAPY,WV,263012903,Proprietary,28,30,98003,56,98003,26,28,88633,53,88633,-,-, -,-, -,-,-, -,-, -,-,-, -,-, -
00897600,CLAYTON STATE UNIVERSITY,GA,302600285,Public,2125,2306,8289555,3774,7787601,2037,2198,9523852,3564,8800588,393,429,6653873,678,6134566,194,229,2049694,384,1975343,49,57,497237,71,467434
00900600,UNIVERSITY OF SALFORD (THE),,M5 4WT,Foreign-Private,3,3,9204,6,9204,4,4,20796,8,20796,2,2,41000,6,41000,-,-, -,-, -,2,2,45370,6,45370
00901000,MADISONVILLE COMMUNITY COLLEGE,KY,424319199,Public,370,393,1151911,711,1151911,348,407,1184716,741,1184716,-,-, -,-, -,1,1,2600,2,2600,-,-, -,-, -
00902200,ASSOCIATED TECHNICAL COLLEGE,CA,900171604,Proprietary,95,95,251185,143,244185,90,90,347225,137,336850,-,-, -,-, -,5,5,27500,10,27500,-,-, -,-, -
00902900,NEIGHBORHOOD PLAYHOUSE SCHOOL OF THE THEATRE (THE),NY,100225017,Private-Nonprofit,31,31,109627,61,109627,30,30,137724,58,137724,-,-, -,-, -,5,5,119812,10,119812,-,-, -,-, -
00903200,EMPIRE COLLEGE,CA,954032122,Proprietary,-,-, -,-, -,-,-, -,-, -,2,2,36500,4,36500,-,-, -,-, -,-,-, -,-, -
00904700,AMERITAS COLLEGE,WV,257012004,Private-Nonprofit,182,228,666927,882,654597,180,220,932748,845,918748,-,-, -,-, -,-,-, -,-, -,-,-, -,-, -
00905400,WEST VIRGINIA NORTHERN COMMUNITY COLLEGE,WV,260033699,Public,117,173,311307,340,305557,134,199,434452,389,426633,-,-, -,-, -,-,-, -,-, -,-,-, -,-, -
00905800,BETHEL UNIVERSITY,MN,551126999,Private-Nonprofit,944,1005,4007588,1863,4007588,1043,1097,3993997,2064,3993997,495,650,7586825,1124,7586825,180,191,3178365,327,3178365,75,121,1680692,195,1680692
00908400,"UNIVERSITY OF LONDON, BIRKBECK",,WC1 E7HX,Foreign-Private,6,6,26000,18,26000,6,6,34000,18,34000,36,36,704917,99,704917,-,-, -,-, -,33,34,1448941,98,1448941
00908500,KING'S COLLEGE LONDON,,WC2R 2LS,Foreign-Private,39,39,173500,78,173500,43,43,131000,86,131000,118,118,2304356,464,2304356,29,29,1315325,55,1315325,104,105,4856357,424,4856357
00908600,UNIVERSITY OF LONDON - ROYAL HOLLOWAY,,TW20  0EX,Foreign-Private,14,14,59750,27,59750,18,18,67500,35,67500,13,13,215087,24,215087,14,14,509607,28,509607,11,11,501651,22,501651
00908900,HANNIBAL - LAGRANGE UNIVERSITY,MO,634011999,Private-Nonprofit,194,194,707414,353,707414,198,203,725383,369,725383,24,24,270968,49,270968,15,15,176661,27,176661,-,-, -,-, -
00914500,GOVERNORS STATE UNIVERSITY,IL,604660975,Public,1012,1065,3839684,1704,3839684,928,996,3763860,1577,3763860,667,743,11000188,1222,11000188,36,42,360108,61,360108,147,189,2554940,270,2554940
00915600,WAYNE COUNTY SCHOOLS CAREER CENTER,OH,446779672,Public,33,33,84614,109,84614,32,32,104104,105,104104,-,-, -,-, -,1,1,4997,4,4997,-,-, -,-, -
00915700,WYOTECH,WY,820709049,Proprietary,896,1476,3155186,2878,3125436,936,1555,2463602,3041,2444502,-,-, -,-, -,755,1322,18173667,2581,17824313,-,-, -,-, -
00915900,PAUL D. CAMP COMMUNITY COLLEGE,VA,238510737,Public,63,66,189016,125,189016,60,63,197608,120,197608,-,-, -,-, -,4,4,31450,7,31450,-,-, -,-, -
00916300,SAN ANTONIO COLLEGE,TX,782124299,Public,1068,1346,3225562,2117,3225562,971,1323,3619845,2086,3619845,-,-, -,-, -,8,11,95780,19,95780,-,-, -,-, -
00918500,ROSE STATE COLLEGE,OK,731102799,Public,1013,1055,3215943,1881,3215943,843,901,3484606,1617,3484606,-,-, -,-, -,7,9,67778,17,67778,-,-, -,-, -
00919400,LAKESHORE TECHNICAL COLLEGE,WI,530151412,Public,616,759,2120686,1130,2120686,185,233,684944,336,684944,-,-, -,-, -,-,-, -,-, -,-,-, -,-, -
00922600,FRANCIS MARION UNIVERSITY,SC,295020000,Public,1187,1249,4529102,2159,4529102,1239,1339,4861763,2335,4861763,175,196,2694980,323,2694980,212,229,1986588,390,1986588,48,57,692067,82,692067
00923000,WAYNE COUNTY COMMUNITY COLLEGE DISTRICT,MI,482263010,Public,1186,1291,3738801,2371,3738801,1046,1280,3773877,2331,3773877,-,-, -,-, -,-,-, -,-, -,-,-, -,-, -
00923100,WASHINGTON COUNTY COMMUNITY COLLEGE,ME,046199704,Public,46,46,151392,87,151392,46,46,120688,87,120688,-,-, -,-, -,-,-, -,-, -,-,-, -,-, -
00923600,NASHUA COMMUNITY COLLEGE,NH,030632052,Public,267,293,890731,563,890731,257,283,1063086,544,1063086,-,-, -,-, -,2,2,43626,4,43626,-,-, -,-, -
00924800,SAMARITAN HOSPITAL SCHOOL OF NURSING,NY,121802475,Private-Nonprofit,96,102,292562,153,292562,98,107,429139,162,429139,-,-, -,-, -,2,2,13800,4,13800,-,-, -,-, -
00924900,UNIVERSITY OF LIVERPOOL (THE),,L69   7ZX,Foreign-Private,8,8,35000,16,35000,9,9,31500,18,31500,11,11,210469,32,210469,3,3,130367,6,130367,10,10,282374,29,282374
00925200,BROCK UNIVERSITY,,L2S   3A1,Foreign-Private,1,1,5500,2,5500,1,1,2000,2,2000,1,1,20500,2,20500,-,-, -,-, -,-,-, -,-, -
00925600,MORAINE PARK TECHNICAL COLLEGE,WI,549361940,Public,528,543,1548458,813,1548458,244,248,758452,395,758452,-,-, -,-, -,4,4,22611,5,22611,-,-, -,-, -
00925900,LARAMIE COUNTY COMMUNITY COLLEGE,WY,820073299,Public,631,631,1907477,1004,1907477,639,642,2587215,1065,2587215,-,-, -,-, -,11,11,112147,21,112147,-,-, -,-, -
00927000,ART INSTITUTE OF ATLANTA (THE),GA,303281649,Private-Nonprofit,144,144,252609,150,189724,134,134,306510,145,231220,-,-, -,-, -,13,13,62283,14,50330,-,-, -,-, -
00927200,CRAFTON HILLS COLLEGE,CA,923991799,Public,4,4,15000,8,15000,5,5,18000,10,18000,-,-, -,-, -,-,-, -,-, -,-,-, -,-, -
00927500,NORTHERN KENTUCKY UNIVERSITY,KY,410990001,Public,2639,2852,9991135,4603,9991135,2946,3239,12945641,5351,12945641,2906,3676,43622812,5331,43622812,284,340,3281256,549,3281256,1426,1889,15160484,2780,15160484
00928400,BRITTANY BEAUTY SCHOOL,NY,117561345,Proprietary,182,186,439562,343,439562,183,186,621850,347,621850,-,-, -,-, -,9,9,37141,18,37141,-,-, -,-, -
00931400,GREAT FALLS COLLEGE MONTANA STATE UNIVERSITY,MT,594054907,Public,463,491,1289356,899,1289356,435,459,1740813,846,1740813,-,-, -,-, -,-,-, -,-, -,-,-, -,-, -
00933300,UNIVERSITY OF ILLINOIS SPRINGFIELD,IL,627035407,Public,754,847,2937316,1351,2937316,840,1045,3830302,1673,3830302,612,856,7955834,1190,7955834,59,71,743889,112,743889,43,59,350312,69,350312
00934400,RAMAPO COLLEGE OF NEW JERSEY,NJ,074301680,Public,1382,1425,5433926,2532,5309064,1794,1871,7335683,3356,7147802,231,242,3747988,387,3697159,325,340,5510902,617,5461913,22,26,276168,37,276168
00934500,STOCKTON UNIVERSITY,NJ,082059441,Public,3315,3325,13538159,6118,13538159,3500,3587,12399674,6627,12399674,478,492,8168663,884,8168663,613,750,11171807,1236,11171807,135,210,2519487,306,2519487
00936700,UNIVERSITY OF PRINCE EDWARD ISLAND,,C1A   4P3,Foreign-Private,6,6,26000,11,26000,6,6,22000,11,22000,73,73,1486250,146,1486250,2,2,23993,4,23993,70,72,4111929,143,4111929
00936800,UNIVERSITY OF ABERDEEN,,AB24 3FX,Foreign-Private,43,43,190669,86,190669,48,48,179410,94,179410,41,41,775180,105,775180,33,33,1162410,66,1162410,38,38,1255710,105,1255710
00938700,PERRY TECHNICAL INSTITUTE,WA,989031239,Private-Nonprofit,804,1266,3009942,2240,3009942,704,1132,2439002,1984,2439002,-,-, -,-, -,43,69,632809,107,632809,-,-, -,-, -
00940100,COLORADO CHRISTIAN UNIVERSITY,CO,802267449,Private-Nonprofit,3558,4814,13698188,7717,13667736,3655,4831,21001877,7795,20960477,1156,1660,18368031,3558,18340045,230,238,4482818,440,4482818,86,98,864963,186,864963
00941200,FORTIS COLLEGE,OH,442212998,Proprietary,1318,1874,4735845,4350,4735262,1327,1773,6673112,4160,6672779,-,-, -,-, -,81,97,667976,249,667976,-,-, -,-, -
00941900,STATE COLLEGE OF BEAUTY CULTURE,WI,544034667,Proprietary,27,29,82983,56,82983,29,31,120425,61,120425,-,-, -,-, -,3,3,21679,6,21679,-,-, -,-, -
00942100,BRANDON UNIVERSITY,,R7A   6A9,Foreign-Private,3,3,13750,6,13750,2,2,5500,4,5500,-,-, -,-, -,-,-, -,-, -,-,-, -,-, -
00942300,ROYAL COLLEGE OF ART,,SW7 2EU,Foreign-Private,-,-, -,-, -,-,-, -,-, -,33,33,628415,95,628415,-,-, -,-, -,26,26,1401644,78,1401644
00942800,TECHNION-ISRAEL INSTITUTE OF TECHNOLOGY,,32000,Foreign-Private,-,-, -,-, -,-,-, -,-, -,40,53,1086500,104,1086500,-,-, -,-, -,38,50,2071739,104,2071739
00944200,UNIVERSITY OF EXETER,,EX4   4QJ,Foreign-Private,19,19,84206,36,84206,17,17,54044,31,54044,34,34,659136,93,659136,12,13,402228,24,402228,26,31,968075,76,968075
00944400,UNIVERSITY OF LANCASTER,,LA1 4YW,Foreign-Private,4,4,15500,11,15500,4,4,7334,11,7334,7,7,112774,23,112774,2,2,101504,6,101504,8,8,156158,24,156158
00944900,PENNCO TECH,PA,190073696,Proprietary,600,682,1817993,1375,1815077,594,667,2097133,1351,2095133,-,-, -,-, -,135,147,1259577,297,1259577,-,-, -,-, -
00945900,EMPIRE BEAUTY SCHOOL,ME,044016534,Proprietary,825,967,2574921,1747,2574921,781,926,3064731,1704,3064731,-,-, -,-, -,112,135,840203,267,840203,-,-, -,-, -
00947500,EDUCATORS OF BEAUTY COLLEGE OF COSMETOLOGY,IL,613543101,Proprietary,41,62,183713,119,180213,43,60,187756,117,183756,-,-, -,-, -,8,9,100356,17,94792,-,-, -,-, -
00947900,ST. PAUL'S SCHOOL OF NURSING,NY,103111004,Proprietary,604,741,2523690,1376,2523107,611,766,3297386,1420,3296386,-,-, -,-, -,44,48,630575,99,630575,-,-, -,-, -
00948600,TRINITY WESTERN UNIVERSITY,,V2Y 1Y1,Foreign-Private,24,24,106494,44,106494,27,27,112506,47,112506,1,1,20500,2,20500,3,3,44047,5,44047,1,1,3108,2,3108
00950000,MEMORIAL UNIVERSITY OF NEWFOUNDLAND,,A1C5S7,Foreign-Private,8,8,30000,15,30000,9,9,45306,17,45306,7,7,75105,21,75105,2,2,18000,4,18000,-,-, -,-, -
00950100,UNIVERSITY OF KING'S COLLEGE,,B3H 2A1,Foreign-Private,4,4,17000,8,17000,5,5,14500,10,14500,-,-, -,-, -,-,-, -,-, -,-,-, -,-, -
00950300,MOUNT ALLISON UNIVERSITY,,E4L  1E4,Foreign-Private,3,3,9020,6,9020,5,5,20730,9,20730,-,-, -,-, -,-,-, -,-, -,-,-, -,-, -
00950700,GEORGIA HIGHLANDS COLLEGE,GA,301611864,Public,831,891,2546471,1400,2546471,849,908,3830367,1399,3830367,-,-, -,-, -,4,4,48435,7,48435,-,-, -,-, -
00950900,CHARLES A. JONES CAREER AND EDUCATION CENTER,CA,958241529,Public,27,27,83339,95,83339,28,28,135911,102,135911,-,-, -,-, -,-,-, -,-, -,-,-, -,-, -
00951500,J. MICHAEL HARROLD BEAUTY ACADEMY,IN,478073390,Proprietary,91,103,262307,176,262307,88,108,265160,185,265160,-,-, -,-, -,23,31,163191,50,163191,-,-, -,-, -
00953000,GERBER AKRON BEAUTY SCHOOL,OH,443136995,Proprietary,8,8,21204,14,17996,6,6,21118,9,14840,-,-, -,-, -,1,1,2481,1,1241,-,-, -,-, -
00953100,SPA SCHOOL (THE),OH,432141524,Proprietary,100,101,280235,191,280235,95,96,338589,185,338589,-,-, -,-, -,24,24,199700,47,199700,-,-, -,-, -
00953500,STAUNTON SCHOOL OF COSMETOLOGY,VA,244014323,Proprietary,23,31,96750,59,96750,23,31,108439,59,108439,-,-, -,-, -,2,2,14500,4,14500,-,-, -,-, -
00953700,ASHER INSTITUTE OF HAMPTON,VA,236664013,Proprietary,91,91,207492,163,207492,83,83,258970,148,258970,-,-, -,-, -,1,1,2242,2,2242,-,-, -,-, -
00954200,COMMUNITY COLLEGE OF DENVER,CO,802172026,Public,1689,1694,4701657,2701,4701657,1138,1140,4159155,1839,4159155,-,-, -,-, -,8,8,85825,14,85825,-,-, -,-, -
00954300,RED ROCKS COMMUNITY COLLEGE,CO,802281255,Public,710,715,1871912,1213,1871912,403,405,1291076,691,1291076,75,75,1430535,152,1430535,10,10,59832,19,59832,47,47,1618789,124,1618789
00954400,SPOKANE FALLS COMMUNITY COLLEGE,WA,992245204,Public,855,894,2649657,2090,2649657,796,834,3245711,1937,3245711,-,-, -,-, -,3,3,17383,4,17383,-,-, -,-, -
00954900,WESTERN TEXAS COLLEGE,TX,795499501,Public,20,22,58821,78,58821,28,28,94057,96,94057,-,-, -,-, -,5,5,25317,18,25317,-,-, -,-, -
00956700,TENNESSEE SCHOOL OF BEAUTY,TN,379213303,Proprietary,144,150,448716,285,442483,144,152,446316,288,439802,-,-, -,-, -,10,10,94576,19,94576,-,-, -,-, -
00959000,SUMMIT SALON ACADEMY KANSAS CITY,MO,640551105,Proprietary,118,144,384759,273,384759,121,148,486972,294,486972,-,-, -,-, -,19,26,207992,56,207992,-,-, -,-, -
00959500,CANNELLA SCHOOL OF HAIR DESIGN,IL,606174303,Proprietary,6,6,11702,6,8992,-,-, -,-, -,-,-, -,-, -,-,-, -,-, -,-,-, -,-, -
00960700,HOUSE OF HEAVILIN BEAUTY COLLEGE,MO,641102826,Proprietary,46,55,149977,93,149977,45,54,164785,101,164785,-,-, -,-, -,1,1,4291,2,4291,-,-, -,-, -
00961700,CAPITOL BEAUTY SCHOOL,NE,681372325,Proprietary,97,113,378699,228,378699,91,103,281259,206,281259,-,-, -,-, -,17,18,118834,39,118834,-,-, -,-, -
00961800,TULSA WELDING SCHOOL,OK,741043909,Proprietary,4423,4573,13487965,8369,13416754,4272,4427,18614952,8170,18513479,-,-, -,-, -,959,999,12988016,1929,12956979,-,-, -,-, -
00962100,HERZING UNIVERSITY,WI,537184236,Private-Nonprofit,7766,9669,28851586,16189,28851586,7252,9002,34180038,15572,34180038,2727,3596,43730246,6623,43730246,142,182,1540941,326,1540941,295,372,4477874,639,4477874
00963400,UNIVERSITY OF OXFORD - ST CATHERINE'S COLLEGE,,OX1   3UJ,Foreign-Private,-,-, -,-, -,-,-, -,-, -,5,5,102500,18,102500,-,-, -,-, -,5,5,264038,20,264038
00963500,FLORIDA INTERNATIONAL UNIVERSITY,FL,331990001,Public,8027,14563,34216757,14610,34216757,6291,11518,28605785,11536,28604209,4892,10513,100904640,10677,100904640,305,604,4500516,612,4500516,2760,5447,44203267,5619,44201986
00964700,OKLAHOMA STATE UNIVERSITY - OKLAHOMA CITY,OK,731076159,Public,856,884,2433553,1513,2433553,784,812,3292718,1396,3292718,-,-, -,-, -,8,8,30197,14,30197,-,-, -,-, -
00965100,TEXAS A&M INTERNATIONAL UNIVERSITY,TX,780411900,Public,1785,2112,7112941,3179,7112941,1037,1161,4267221,1744,4267221,954,1481,10381244,1979,10381244,35,46,304439,69,304439,8,9,53487,9,53487
00965200,UNIVERSITY OF PUERTO RICO - PONCE,PR,007160000,Public,180,183,738425,315,738425,5,5,25750,9,25750,-,-, -,-, -,-,-, -,-, -,-,-, -,-, -
00966000,TIFFIN ACADEMY OF HAIR DESIGN,OH,448832833,Proprietary,38,42,121443,77,121443,34,38,110245,73,110245,-,-, -,-, -,2,2,28640,4,28640,-,-, -,-, -
00966400,EMPIRE BEAUTY SCHOOL,PA,180525730,Proprietary,1160,1330,3295632,2410,3288632,1109,1274,3807783,2319,3795783,-,-, -,-, -,233,268,1551199,519,1551199,-,-, -,-, -
00967300,RUDAE'S SCHOOL OF BEAUTY CULTURE,IN,468255444,Proprietary,91,106,326657,208,326657,91,106,368278,213,368278,-,-, -,-, -,2,2,16002,4,16002,-,-, -,-, -
00968400,BLUE RIDGE COMMUNITY COLLEGE,NC,287319624,Public,93,95,308692,173,308692,96,96,413809,172,413809,-,-, -,-, -,1,1,5182,2,5182,-,-, -,-, -
00970400,NORTH SEATTLE COLLEGE,WA,981033599,Public,125,133,388992,303,388992,126,136,545833,309,545833,-,-, -,-, -,-,-, -,-, -,-,-, -,-, -
00970600,SOUTH SEATTLE COLLEGE,WA,981061499,Public,111,116,299711,208,299711,114,120,425008,215,425008,-,-, -,-, -,-,-, -,-, -,-,-, -,-, -
00970800,ELITE ACADEMY OF COSMETOLOGY,OK,735014303,Proprietary,72,85,232209,155,232209,71,84,272669,155,272669,-,-, -,-, -,1,1,1370,2,1370,-,-, -,-, -
00973900,GLEN DOW ACADEMY OF HAIR DESIGN & SALONS,WA,992010209,Proprietary,24,24,46906,38,46906,22,22,55864,35,55864,-,-, -,-, -,-,-, -,-, -,-,-, -,-, -
00974000,INVER HILLS COMMUNITY COLLEGE,MN,550763224,Public,595,718,1905058,965,1905058,594,749,2501850,1035,2501850,-,-, -,-, -,7,9,50055,12,50055,-,-, -,-, -
00974100,UNIVERSITY OF TEXAS AT DALLAS,TX,750801407,Public,4713,4948,20176539,8677,19956456,4260,4457,17213505,7939,17020459,1095,1384,17060922,2097,16498732,601,714,10834250,1190,10747120,239,320,2738398,430,2680326
00974300,BELLEVUE UNIVERSITY,NE,680053098,Private-Nonprofit,3410,4497,13994402,8659,13655641,3340,4088,18973454,8027,18507083,1723,1896,28371855,4663,27589749,72,78,986694,217,985770,602,653,9917735,1884,9763466
00974400,FOX VALLEY TECHNICAL COLLEGE,WI,549122277,Public,1217,1283,3370180,3715,3370180,991,1069,2695199,3329,2695199,-,-, -,-, -,6,6,46086,16,46086,-,-, -,-, -
00974700,GORDON CONWELL THEOLOGICAL SEMINARY,MA,019822325,Private-Nonprofit,-,-, -,-, -,1,1,5000,1,5000,124,138,1834767,229,1834767,-,-, -,-, -,7,10,101835,11,101835
00974800,CARRINGTON COLLEGE,CA,958263203,Proprietary,4246,5437,15761697,15934,15439871,4202,5334,18778626,15754,18366437,-,-, -,-, -,334,409,3236684,1263,3214386,-,-, -,-, -
00975600,UNIVERSITY OF MASSACHUSETTS MEDICAL SCHOOL,MA,016550001,Public,-,-, -,-, -,-,-, -,-, -,531,717,20987804,1280,20987804,-,-, -,-, -,297,504,9024529,781,9024529
00976300,TULSA COMMUNITY COLLEGE,OK,741192095,Public,2162,2169,6416220,3808,6416220,1930,1941,7968406,3421,7968406,-,-, -,-, -,9,9,70100,18,70100,-,-, -,-, -
00976700,OLIVE-HARVEY COLLEGE,IL,606281696,Public,104,113,317439,213,317439,93,102,280144,194,280144,-,-, -,-, -,-,-, -,-, -,-,-, -,-, -
00976800,UNIVERSITY OF NORTH TEXAS HEALTH SCIENCE CENTER AT FORT WORTH,TX,761072699,Public,12,16,73027,32,73027,11,17,98900,36,98900,1138,1317,39508529,3199,39502529,-,-, -,-, -,271,310,5505420,870,5505420
00976900,METROPOLITAN COLLEGE OF NEW YORK,NY,100061735,Private-Nonprofit,351,468,1402463,628,1359088,366,488,2116240,654,2054311,270,403,5797219,553,5558589,1,2,21600,4,21600,77,103,2129783,160,1935776
00979700,MIDLAND COLLEGE,TX,797056397,Public,118,118,345660,208,345660,126,126,502465,215,502465,-,-, -,-, -,2,2,15883,4,15883,-,-, -,-, -
00980000,RUSH UNIVERSITY,IL,606123806,Private-Nonprofit,53,96,307541,125,299291,50,90,365268,119,358268,1459,2471,39481308,3569,39249399,2,4,47706,5,47706,1052,2013,33998876,2931,33842763
00980800,"UNIVERSITY OF STRATHCLYDE, GLASGOW",,G1 1XQ,Foreign-Private,11,11,47750,21,47750,12,12,30000,23,30000,34,34,614141,87,614141,4,4,137570,8,137570,20,20,595668,61,595668
00982600,KENNEBEC VALLEY COMMUNITY COLLEGE,ME,049371367,Public,284,284,919571,542,919571,303,303,1379210,576,1379210,-,-, -,-, -,1,1,3079,2,3079,-,-, -,-, -
00983100,MODEL COLLEGE OF HAIR DESIGN,MN,563014280,Proprietary,95,115,281414,221,281414,101,120,288158,228,288158,-,-, -,-, -,2,2,21327,4,21327,-,-, -,-, -
00984100,UNIVERSITY OF NORTH FLORIDA,FL,322242645,Public,2510,2814,8833747,4552,8833747,2922,3235,11369029,5372,11369029,754,931,11519104,1465,11519104,296,383,3389524,591,3389524,175,259,2693588,315,2693588
00986000,UNIVERSITY OF SURREY,,GU2 7XH,Foreign-Private,1,1,3500,2,3500,1,1,2000,2,2000,11,11,225500,22,225500,1,1,47000,2,47000,11,11,348110,22,348110
00986200,CLARKSON COLLEGE,NE,681312739,Private-Nonprofit,315,435,1346597,701,1346597,325,478,1815412,793,1815412,300,337,4830524,716,4830524,30,39,455233,78,455233,45,65,1282458,122,1282458
00987300,AVEDA INSTITUTE TWIN FALLS,ID,833014154,Proprietary,54,65,202190,128,202190,50,61,164673,120,164673,-,-, -,-, -,2,2,24400,4,24400,-,-, -,-, -
00989600,OAKTON COMMUNITY COLLEGE,IL,600161268,Public,21,21,58696,39,58696,16,16,49200,29,49200,-,-, -,-, -,4,4,15901,6,15901,-,-, -,-, -
00989800,AVERY JAMES COLLEGE,LA,706018511,Proprietary,79,87,227537,161,227537,25,25,58529,46,58529,-,-, -,-, -,-,-, -,-, -,-,-, -,-, -
00989900,LOWELL ACADEMY HAIR STYLING INSTITUTE,MA,018521909,Proprietary,50,51,128543,85,125700,53,54,157384,97,153810,-,-, -,-, -,7,7,50398,14,50398,-,-, -,-, -
00991000,TECHNICAL COLLEGE OF THE LOWCOUNTRY - BEAUFORT CAMPUS,SC,299025441,Public,177,201,504383,362,504383,165,180,619022,329,619022,-,-, -,-, -,5,5,53174,8,53174,-,-, -,-, -
00991200,VOLUNTEER STATE COMMUNITY COLLEGE,TN,370663188,Public,363,392,978242,714,978242,343,376,1077504,688,1077504,-,-, -,-, -,-,-, -,-, -,-,-, -,-, -
00991400,ROANE STATE COMMUNITY COLLEGE,TN,377488664,Public,159,185,527211,358,527211,145,194,546838,374,546838,-,-, -,-, -,-,-, -,-, -,-,-, -,-, -
00991700,IVY TECH COMMUNITY COLLEGE OF INDIANA,IN,462080000,Public,7580,8735,21444632,15286,21444632,5826,7576,21389507,13402,21389507,-,-, -,-, -,147,168,1355608,300,1355608,-,-, -,-, -
00992700,UNIVERSITY OF CAMBRIDGE - FITZWILLIAM COLLEGE,,CB3   ODG,Foreign-Private,-,-, -,-, -,-,-, -,-, -,1,1,20500,2,20500,-,-, -,-, -,1,1,52217,2,52217
00992800,PIEDMONT VIRGINIA COMMUNITY COLLEGE,VA,229027589,Public,115,128,360008,205,360008,138,154,558724,249,558724,-,-, -,-, -,2,3,21000,5,21000,-,-, -,-, -
00992900,SUNY COLLEGE OF OPTOMETRY,NY,100368003,Public,-,-, -,-, -,-,-, -,-, -,194,270,9402268,519,9402268,-,-, -,-, -,100,144,2793940,262,2793940
00993000,UNIVERSITY OF TEXAS OF THE PERMIAN BASIN,TX,797620001,Public,1217,1343,4892564,2134,4892564,1221,1383,6218463,2200,6218463,506,655,6977761,902,6977761,103,109,1183156,187,1183156,17,19,176722,26,176722
00993600,MIDDLESEX COMMUNITY COLLEGE,MA,017301197,Public,309,330,781313,472,721508,361,378,1523878,584,1445588,-,-, -,-, -,8,8,42053,13,37693,-,-, -,-, -
00994100,BELMONT COLLEGE,OH,439509766,Public,93,103,266227,313,266227,121,135,438733,411,438733,-,-, -,-, -,1,1,1350,2,1350,-,-, -,-, -
00994200,SHAWNEE STATE UNIVERSITY,OH,456624344,Public,972,1074,3600844,2004,3597094,1025,1128,4046825,2090,4046825,84,120,1342636,235,1342636,124,148,1497193,289,1497193,2,2,19086,3,19086
00996200,LUNA COMMUNITY COLLEGE,NM,877010000,Public,17,17,55000,27,55000,17,17,42799,27,42799,-,-, -,-, -,-,-, -,-, -,-,-, -,-, -
00997600,ARKANSAS STATE UNIVERSITY THREE RIVERS,AR,721040816,Public,243,266,742433,403,742433,244,263,1119453,403,1119453,-,-, -,-, -,-,-, -,-, -,-,-, -,-, -
00998100,MORGAN COMMUNITY COLLEGE,CO,807014371,Public,127,127,376713,223,376713,41,41,166852,74,166852,-,-, -,-, -,-,-, -,-, -,-,-, -,-, -
00998700,SAINT ANTHONY COLLEGE OF NURSING,IL,611140000,Private-Nonprofit,90,91,394200,149,394200,80,81,344256,129,344256,16,17,245962,29,245962,15,19,233119,28,233119,-,-, -,-, -
00998900,CALIFORNIA AERONAUTICAL UNIVERSITY,CA,933081649,Proprietary,247,402,1518453,1141,1518453,245,388,1383582,1090,1383582,5,8,65098,22,65098,119,215,5769706,590,5769706,-,-, -,-, -
00999200,OAK HILLS CHRISTIAN COLLEGE,MN,566018832,Private-Nonprofit,36,51,132763,75,132763,34,50,107944,72,107944,-,-, -,-, -,5,5,52568,7,52568,-,-, -,-, -
00999400,PASSAIC COUNTY COMMUNITY COLLEGE,NJ,075051179,Public,476,476,1276565,790,1276565,446,446,1575633,733,1575633,-,-, -,-, -,3,3,4985,4,4985,-,-, -,-, -
01000600,GREATER JOHNSTOWN AREA VOCATIONAL TECHNICAL SCHOOL,PA,159042998,Public,42,52,155040,100,155040,44,55,182328,105,182328,-,-, -,-, -,3,4,33800,8,33800,-,-, -,-, -
01001400,GARRETT COLLEGE,MD,215411265,Public,103,104,290006,173,290006,110,111,303877,186,303877,-,-, -,-, -,10,12,125845,23,125845,-,-, -,-, -
01001700,PAYNE THEOLOGICAL SEMINARY,OH,453840474,Private-Nonprofit,-,-, -,-, -,-,-, -,-, -,97,107,1360688,180,1360688,-,-, -,-, -,14,14,131258,20,131258
01001900,UNIVERSITY OF TEXAS SOUTHWESTERN MEDICAL CENTER (THE),TX,753909096,Public,-,-, -,-, -,-,-, -,-, -,710,843,21278405,1777,21278405,-,-, -,-, -,318,378,5484074,810,5484074
01002000,LEWIS AND CLARK COMMUNITY COLLEGE,IL,620352466,Public,250,263,681366,394,681366,338,349,1097718,545,1097718,-,-, -,-, -,5,5,43329,10,43329,-,-, -,-, -
01002700,JAMES A. RHODES STATE COLLEGE,OH,458043597,Public,223,273,743837,538,735337,254,306,1014970,615,1005140,-,-, -,-, -,4,5,38457,8,38457,-,-, -,-, -
01004300,BON SECOURS MEMORIAL COLLEGE OF NURSING,VA,232274612,Private-Nonprofit,235,275,964694,411,964694,210,237,1243480,366,1243480,-,-, -,-, -,10,10,92699,14,92699,-,-, -,-, -
01005100,CUNY LAGUARDIA COMMUNITY COLLEGE,NY,111013083,Public,384,404,1128850,704,1122100,273,293,1025648,508,1019398,-,-, -,-, -,2,2,11500,4,11500,-,-, -,-, -
01005200,JEFFERSON LEWIS BOCES PROGRAM OF PRACTICAL NURSING,NY,136019509,Public,19,19,42616,37,42616,21,22,82905,43,82905,-,-, -,-, -,1,1,6805,2,6805,-,-, -,-, -
01005500,CRAWFORD COUNTY CAREER & TECHNICAL CENTER,PA,163352152,Public,10,14,34633,25,34633,8,11,45276,20,45276,-,-, -,-, -,1,1,12000,2,12000,-,-, -,-, -
01005600,AIKEN TECHNICAL COLLEGE,SC,298020696,Public,311,328,851237,912,851237,317,334,1336588,932,1336588,-,-, -,-, -,-,-, -,-, -,-,-, -,-, -
01006000,VERNON COLLEGE,TX,763844092,Public,590,597,1606371,884,1606371,506,516,1724955,786,1724955,-,-, -,-, -,7,8,27741,10,27741,-,-, -,-, -
01006700,LUND UNIVERSITY,,221   00,Foreign-Private,4,4,19000,7,16750,4,4,12000,7,11000,18,18,352762,36,352762,1,1,10680,2,10680,9,9,88105,18,88105
01008400,UNIVERSITY OF CAPE TOWN,,8001,Foreign-Private,1,1,5500,2,5500,2,2,12500,4,12500,7,7,101507,12,101507,1,1,14500,2,14500,3,3,66627,7,66627
01008700,UNIVERSITY OF OXFORD - ST PETER'S COLLEGE,,OX1 2DL,Foreign-Private,-,-, -,-, -,-,-, -,-, -,4,4,81500,17,81500,-,-, -,-, -,4,4,190649,17,190649
01008800,UNIVERSITY OF OXFORD - CORPUS CHRISTI COLLEGE,,OX1   4JF,Foreign-Private,1,1,3500,3,3500,1,1,2000,3,2000,3,3,61500,11,61500,1,1,40000,3,40000,3,3,87733,12,87733
01008900,ROYAL CENTRAL SCHOOL OF SPEECH AND DRAMA (THE),,NW3 3HY,Foreign-Private,5,5,23500,15,23500,6,6,22500,18,22500,11,11,223428,33,223428,5,5,231519,15,231519,6,6,165417,18,165417
01009000,UNIVERSITY OF OXFORD - BALLIOL COLLEGE,,OX1   3BJ,Foreign-Private,3,3,15500,9,15500,3,3,10000,9,10000,3,3,61500,11,61500,2,2,132989,6,132989,2,2,62020,8,62020
01009700,CUNY MEDGAR EVERS COLLEGE,NY,112252010,Public,415,498,1471524,962,1470524,290,362,976042,699,976042,-,-, -,-, -,1,2,10098,4,10098,-,-, -,-, -
01009800,NEUMONT COLLEGE OF COMPUTER SCIENCE,UT,841111917,Proprietary,403,539,2134940,1457,2134940,404,541,1653918,1464,1653918,-,-, -,-, -,211,302,5707736,815,5624760,-,-, -,-, -
01011100,CERRO COSO COMMUNITY COLLEGE,CA,935559571,Public,96,106,333696,181,333696,85,95,370673,158,370673,-,-, -,-, -,4,4,71500,8,71500,-,-, -,-, -
01011500,UNIVERSITY OF TEXAS AT SAN ANTONIO,TX,782490600,Public,10816,11689,44311329,20029,44311329,9975,10772,38487039,18674,38487039,1689,2046,24139716,3279,24139716,954,1189,14427909,1910,14427909,121,175,1029699,230,1029699
01012200,PHAGANS' MEDFORD BEAUTY SCHOOL,OR,975045297,Proprietary,27,29,83700,108,82105,23,25,68727,92,67723,-,-, -,-, -,-,-, -,-, -,-,-, -,-, -
01013000,WADE COLLEGE,TX,752073199,Proprietary,170,248,819243,477,817493,178,252,992838,474,989838,-,-, -,-, -,14,24,307232,49,307232,-,-, -,-, -
01013800,STEWART SCHOOL,SD,571040000,Proprietary,80,101,253673,191,253673,77,97,297064,189,297064,-,-, -,-, -,8,10,65200,20,65200,-,-, -,-, -
01014200,TOURO UNIVERSITY,NY,100362705,Private-Nonprofit,1223,1465,5522886,2698,5522886,1192,1436,6103498,2638,6103498,3668,4433,108959964,8862,108959964,108,142,2543986,246,2543986,2400,3283,124583078,6698,124583078
01014300,UNIVERSITY OF READING,,RG6 6AH,Foreign-Private,7,7,29500,14,29500,7,7,22000,14,22000,9,9,171913,22,171913,5,5,146890,10,146890,7,7,159948,16,159948
01014700,WESTERN SUFFOLK BOCES,NY,117683499,Public,144,160,559091,315,559091,133,150,595857,297,595857,-,-, -,-, -,3,3,48031,6,48031,-,-, -,-, -
01014800,COLORADO TECHNICAL UNIVERSITY,CO,809073896,Proprietary,24401,32435,99394124,76891,99276926,24415,31968,137148141,75637,136894411,1883,2492,30848684,5838,30829442,79,88,916860,245,916859,136,168,2261718,448,2261717
01014900,PEPPERDINE UNIVERSITY,CA,902634301,Private-Nonprofit,1135,1214,5186231,2250,5186231,1235,1322,4282330,2499,4282330,3969,4202,74442459,10538,74442459,803,987,32598085,1686,32598085,3366,4762,123772903,10816,123772903
01015100,VINCENNES BEAUTY COLLEGE,IN,475911297,Proprietary,4,4,14000,7,12250,2,2,8900,4,8900,-,-, -,-, -,-,-, -,-, -,-,-, -,-, -
01015300,HELENE FULD COLLEGE OF NURSING,NY,100352745,Private-Nonprofit,721,722,2505108,1593,2505108,745,746,3879073,1649,3879073,-,-, -,-, -,8,11,219147,25,219147,-,-, -,-, -
01015700,CARDIFF UNIVERSITY,,CF10 3AT,Foreign-Private,10,10,37750,19,37750,11,11,43000,21,43000,20,20,380768,57,380768,6,6,188938,12,188938,18,18,453374,51,453374
01016100,LORAINES ACADEMY & SPA,FL,337106391,Proprietary,41,42,95015,75,86267,43,44,128599,76,114810,-,-, -,-, -,2,2,6980,4,6980,-,-, -,-, -
01017000,WESTERN DAKOTA TECHNICAL COLLEGE,SD,577034018,Public,474,527,1524027,804,1524027,520,564,2211643,866,2211643,-,-, -,-, -,5,7,52755,10,52755,-,-, -,-, -
01017600,WESTMORELAND COUNTY COMMUNITY COLLEGE,PA,156971895,Public,1038,1049,3133035,1822,3133035,1088,1112,4131111,1914,4131111,-,-, -,-, -,20,25,173489,47,173489,-,-, -,-, -
01018200,ROGUE COMMUNITY COLLEGE,OR,975279298,Public,578,597,1740207,1347,1740207,511,526,2161124,1193,2161124,-,-, -,-, -,-,-, -,-, -,-,-, -,-, -
01018800,"UNIVERSITY COLLEGE DUBLIN, NATIONAL UNIVERSITY OF IRELAND, DUBLIN",,,Foreign-Private,103,103,385991,198,385991,134,134,483234,260,483234,253,253,4940130,654,4940130,79,79,2490808,151,2490808,212,212,8649121,539,8649121
01019000,UNIVERSITY OF CAMBRIDGE CHURCHILL COLLEGE,,CB3   0DS,Foreign-Private,-,-, -,-, -,-,-, -,-, -,4,4,71750,7,71750,-,-, -,-, -,4,4,212008,10,212008
01019800,ECPI UNIVERSITY,VA,234626542,Proprietary,9530,13877,43613529,23535,43613529,9464,12980,56366584,21708,56363584,279,376,4752685,705,4752685,783,1044,7499112,1817,7499112,1,2,13122,4,13122
01022800,UNIVERSITY OF STIRLING,,FK9 4LA,Foreign-Private,30,30,134260,58,134260,30,30,100490,58,100490,30,30,591613,86,591613,16,16,362536,34,362536,24,24,538506,70,538506
01025600,BENEDICTINE COLLEGE,KS,660021499,Private-Nonprofit,798,799,3268611,1511,3268611,1052,1052,4128010,2012,4128010,14,15,219487,34,213563,258,274,4351208,491,4351208,1,1,10610,3,10610
01026600,RANDALL UNIVERSITY,OK,731600000,Private-Nonprofit,64,65,250342,121,245345,57,58,168484,106,164731,4,4,48550,8,48550,19,19,318017,37,318017,-,-, -,-, -
01028000,OHIO STATE BEAUTY ACADEMY,OH,458074950,Proprietary,42,42,133819,84,133819,47,65,186902,127,185902,-,-, -,-, -,5,5,39088,10,39088,-,-, -,-, -
01028600,EMPIRE STATE UNIVERSITY,NY,128664391,Public,3063,3667,11452092,6240,11452092,2856,3535,15779134,5980,15773134,642,837,10811467,1486,10811467,22,27,135740,40,135183,30,39,487896,70,440949
01031900,FORTIS INSTITUTE - TOWSON,MD,212042503,Proprietary,2914,3744,9427375,8557,9367733,2897,3553,13220955,8180,13129450,-,-, -,-, -,237,273,2066498,677,2057000,-,-, -,-, -
01032300,HANNAH E MULLINS SCHOOL OF PRACTICAL NURSING,OH,444602906,Public,39,42,116545,76,116545,37,41,164874,76,164874,-,-, -,-, -,1,1,8207,2,8207,-,-, -,-, -
01034000,LOS MEDANOS COLLEGE,CA,945655197,Public,151,151,454950,281,454950,150,150,600011,285,600011,-,-, -,-, -,-,-, -,-, -,-,-, -,-, -
01034500,CINCINNATI STATE TECHNICAL & COMMUNITY COLLEGE,OH,452232690,Public,2690,2924,8470472,5153,8470472,2502,2771,10752397,4874,10752397,-,-, -,-, -,27,30,141568,52,141568,-,-, -,-, -
01036200,COLLEGE OF SOUTHERN NEVADA,NV,891461139,Public,3574,3775,9894127,6381,9894127,851,941,3457912,1722,3457912,-,-, -,-, -,20,20,164552,35,164552,-,-, -,-, -
01036300,WESTERN NEVADA COLLEGE,NV,897037399,Public,117,119,399711,212,399711,99,100,452559,188,452559,-,-, -,-, -,1,1,13538,2,13538,-,-, -,-, -
01036400,WHATCOM COMMUNITY COLLEGE,WA,982268003,Public,204,233,591708,440,591708,193,224,739020,432,739020,-,-, -,-, -,5,5,32898,9,32898,-,-, -,-, -
01036500,CHARLES R. DREW UNIVERSITY OF MEDICINE AND SCIENCE,CA,900593025,Private-Nonprofit,213,300,961662,458,961662,199,281,1176072,435,1176072,468,698,11422878,1166,11422878,22,28,622062,43,622062,420,646,17545312,1076,17545312
01037400,METROPOLITAN STATE UNIVERSITY,MN,551065000,Public,1880,2308,7430803,3154,7430803,1690,2059,8772980,2915,8772980,435,579,7130448,792,7130448,7,7,46300,12,46300,79,126,2675072,157,2675072
01038700,EL PASO COMMUNITY COLLEGE,TX,799250000,Public,382,416,1061954,770,1061954,373,399,1184758,742,1184758,-,-, -,-, -,-,-, -,-, -,-,-, -,-, -
01038800,READING AREA COMMUNITY COLLEGE,PA,196031706,Public,1105,1433,3208388,2728,3206713,1079,1393,4043211,2634,4043211,-,-, -,-, -,7,7,57935,14,57935,-,-, -,-, -
01039100,OKLAHOMA CITY COMMUNITY COLLEGE,OK,731594444,Public,1342,1342,3833894,2411,3833894,664,664,2556166,1242,2556166,-,-, -,-, -,8,8,62968,15,62968,-,-, -,-, -
01039500,UNIVERSITY OF SAN DIEGO,CA,921102492,Private-Nonprofit,1619,1700,6943116,3200,6943116,1644,1779,5556260,3357,5556260,1656,1917,29441061,3227,29441061,916,1026,29915368,1965,29915368,1061,1623,32337803,2776,32337803
01040200,DAKOTA COUNTY TECHNICAL COLLEGE,MN,550682999,Public,624,727,1987475,1091,1987475,702,834,2954409,1305,2954409,-,-, -,-, -,8,8,54216,12,54216,-,-, -,-, -
01040500,PINNACLE CAREER INSTITUTE,MO,641531151,Proprietary,641,753,1884064,1631,1884064,631,742,2947401,1600,2947401,-,-, -,-, -,32,39,233268,104,233268,-,-, -,-, -
01040600,"JOSEF'S SCHOOL OF HAIR, SKIN & BODY",ND,582016394,Proprietary,105,125,356385,244,356385,110,136,423088,272,423088,-,-, -,-, -,2,2,15701,4,15701,-,-, -,-, -
01041800,INSTITUTO TECNOLOGICO Y DE ESTUDIOS SUPERIORES DE MONTERREY,,64849,Foreign-Private,44,44,202502,87,202502,41,41,127000,81,127000,1,1,16000,2,16000,2,2,23380,4,23380,-,-, -,-, -
01042400,SUMMIT SALON ACADEMY,KY,405059001,Proprietary,121,135,387411,263,387411,117,130,449519,251,449519,-,-, -,-, -,1,1,4583,2,4583,-,-, -,-, -
01043400,RENTON TECHNICAL COLLEGE,WA,980564195,Public,110,115,304628,248,304628,118,120,438128,264,438128,-,-, -,-, -,-,-, -,-, -,-,-, -,-, -
01044100,PARDEE RAND GRADUATE SCHOOL,CA,904072138,Private-Nonprofit,-,-, -,-, -,-,-, -,-, -,7,7,120500,21,120500,-,-, -,-, -,2,2,28243,6,28243
01045300,WASHINGTON STATE COLLEGE OF OHIO,OH,457509225,Public,397,515,1687719,1729,1468570,385,497,2274135,1648,1959286,-,-, -,-, -,3,3,7460,6,6330,-,-, -,-, -
01045600,UNIVERSITY OF HAIFA,,3498838,Foreign-Private,-,-, -,-, -,-,-, -,-, -,6,6,123000,12,123000,-,-, -,-, -,-,-, -,-, -
01046000,AMERICAN BAPTIST THEOLOGICAL SEMINARY,TN,372074994,Private-Nonprofit,34,34,124424,65,124424,33,33,175739,63,175739,-,-, -,-, -,-,-, -,-, -,-,-, -,-, -
01047200,INSEAD,,77305,Foreign-Private,-,-, -,-, -,-,-, -,-, -,15,15,307500,30,307500,-,-, -,-, -,10,13,921547,29,921547
01048700,WEST GEORGIA TECHNICAL COLLEGE,GA,301826476,Public,935,954,2616083,1670,2616083,850,891,3092657,1552,3092657,-,-, -,-, -,-,-, -,-, -,-,-, -,-, -
01048900,AMERICAN NATIONAL UNIVERSITY,KY,402235301,Proprietary,260,438,1097964,1051,1097964,217,519,1019740,810,1019740,1,1,1628,1,1628,1,3,10009,4,10009,-,-, -,-, -
01049100,HENNEPIN TECHNICAL COLLEGE,MN,554452399,Public,784,944,2225683,1691,2225683,823,972,3478385,1741,3478385,-,-, -,-, -,4,5,47193,9,47193,-,-, -,-, -
01050100,LAKEVIEW COLLEGE OF NURSING,IL,618323781,Private-Nonprofit,32,32,140561,55,140561,26,26,139241,45,139241,-,-, -,-, -,2,2,11300,2,11300,-,-, -,-, -
01050300,WICHITA TECHNICAL INSTITUTE,KS,672131927,Proprietary,1065,1272,3029154,2948,3026822,1038,1264,4689586,2941,4685586,-,-, -,-, -,26,33,199408,81,199408,-,-, -,-, -
01050900,HALLMARK UNIVERSITY,TX,782514108,Private-Nonprofit,497,762,3039346,2080,3039346,483,747,3038321,2031,3038321,63,87,740985,218,740985,77,106,704512,291,704512,-,-, -,-, -
01052000,TRINITY LABAN CONSERVATOIRE OF MUSIC AND DANCE,,SE10 9JF,Foreign-Private,5,5,20500,15,20500,5,5,10000,15,10000,12,12,232500,34,232500,5,5,143209,16,143209,9,9,257486,26,257486
01052500,UNIVERSITY OF HERTFORDSHIRE,,AL10 9AB,Foreign-Private,-,-, -,-, -,-,-, -,-, -,1,1,20500,3,20500,-,-, -,-, -,2,2,74831,6,74831
01052900,MEMPHIS THEOLOGICAL SEMINARY,TN,381044395,Private-Nonprofit,-,-, -,-, -,-,-, -,-, -,73,74,1014448,137,993948,-,-, -,-, -,5,5,81750,8,76750
01054200,EMPIRE BEAUTY SCHOOL,PA,185071500,Proprietary,1293,1493,3749853,2688,3749853,1277,1484,4681512,2726,4681512,-,-, -,-, -,235,265,2010132,523,2010132,-,-, -,-, -
01054600,CENTURY COLLEGE,MN,551101894,Public,1566,1846,4628296,3164,4628296,1694,2271,6707650,3927,6707650,-,-, -,-, -,6,6,40161,12,40161,-,-, -,-, -
01055100,NEW YORK SCHOOL FOR MEDICAL & DENTAL ASSISTANTS,NY,111012327,Proprietary,178,197,555278,378,551002,120,128,431843,252,430843,-,-, -,-, -,7,8,45612,15,45612,-,-, -,-, -
01057300,WEST VIRGINIA JUNIOR COLLEGE,WV,253131304,Proprietary,337,357,1072414,952,1072414,282,291,1169895,781,1169895,-,-, -,-, -,19,21,147291,56,147291,-,-, -,-, -
01057400,LONDON FILM SCHOOL,,WC2H  9UB,Foreign-Private,-,-, -,-, -,-,-, -,-, -,12,12,246000,29,246000,-,-, -,-, -,10,10,336128,28,336128
01058800,AUSTRALIAN NATIONAL UNIVERSITY,,2601,Foreign-Private,1,1,5500,2,5500,1,1,2000,2,2000,2,2,41000,4,41000,2,2,30000,3,30000,1,1,5159,2,5159
01058900,BANGOR UNIVERSITY,,LL57 2DG,Foreign-Private,23,23,93787,44,93787,27,27,105463,53,105463,18,18,360750,49,360750,10,10,222872,19,222872,11,11,139372,30,139372
01059400,"RICHMOND, THE AMERICAN INTERNATIONAL UNIVERSITY IN LONDON",,W4 5AN,Foreign-Private,66,66,257986,116,257986,74,74,194639,130,194639,11,11,166500,17,166500,66,72,2350702,124,2350702,9,10,280933,17,280933
01059900,INSTITUT D'ETUDES POLITIQUES DE PARIS,,75337,Foreign-Public,-,-, -,-, -,-,-, -,-, -,50,50,967048,95,967048,-,-, -,-, -,30,30,469765,63,469765
01061800,MID-AMERICA COLLEGE OF FUNERAL SERVICE,IN,471309630,Private-Nonprofit,294,339,1031165,787,1020830,303,360,1458238,829,1438071,-,-, -,-, -,11,15,157528,36,155798,-,-, -,-, -
01062900,PB COSMETOLOGY EDUCATION CENTRE,NJ,080301750,Proprietary,101,126,314287,206,314287,104,126,318634,211,318634,-,-, -,-, -,14,14,150423,26,150423,-,-, -,-, -
01063300,HOUSTON COMMUNITY COLLEGE,TX,770027517,Public,9162,9745,25067085,13995,25067085,8226,8821,31871237,12453,31871237,-,-, -,-, -,35,37,304888,53,304888,-,-, -,-, -
01065200,PASCO - HERNANDO STATE COLLEGE,FL,346545199,Public,632,687,1815387,1255,1815387,732,789,2601826,1441,2601826,-,-, -,-, -,5,5,61659,9,61659,-,-, -,-, -
01067400,TEXAS TECH UNIVERSITY HEALTH SCIENCES CENTER,TX,794300001,Public,653,868,3458728,1543,3400864,635,857,3645320,1505,3591394,1590,2134,44225144,4691,43808423,62,83,1763711,147,1760711,386,541,8091356,1126,8055221
01067500,REGENT COLLEGE,,V6T 2E4,Foreign-Private,-,-, -,-, -,-,-, -,-, -,3,3,56000,7,56000,-,-, -,-, -,-,-, -,-, -
01067600,UNIVERSIDAD DE MONTERREY,,66238,Foreign-Private,7,7,36500,14,36500,7,7,14000,14,14000,-,-, -,-, -,-,-, -,-, -,-,-, -,-, -
01068100,MACQUARIE UNIVERSITY,,2109,Foreign-Private,9,9,41000,18,41000,9,9,27500,18,27500,12,12,215250,21,215250,4,4,148080,8,148080,12,12,264383,22,264383
01068400,ERIE COMMUNITY COLLEGE,NY,142032698,Public,1682,1822,5436152,3226,5436152,1626,1750,6460225,3076,6460225,-,-, -,-, -,43,46,375064,77,375064,-,-, -,-, -
01069200,UNIVERSITY OF QUEENSLAND (THE),,4072,Foreign-Private,4,4,12750,7,12750,5,5,18500,9,18500,294,302,6001978,592,6001978,1,1,45000,2,45000,287,334,22633985,759,22633985
01071000,CAPITAL AREA CAREER CENTER,IL,627123802,Public,111,160,404662,374,404662,102,149,533620,348,533620,-,-, -,-, -,2,2,9693,4,9693,-,-, -,-, -
01072000,TORONTO METROPOLITAN UNIVERSITY,,M5B 2K3,Foreign-Private,31,31,125665,56,125665,38,38,143989,72,143989,-,-, -,-, -,9,9,174897,17,174897,-,-, -,-, -
01072400,CARLOS ALBIZU UNIVERSITY,PR,009023711,Private-Nonprofit,448,450,1606421,881,1606421,349,353,1439676,735,1439676,2000,2077,38303181,5211,38303181,1,1,45715,3,45715,305,352,6277471,771,6277471
01072700,DEVRY UNIVERSITY,IL,605320000,Proprietary,30297,44705,120123263,127496,113604605,29394,42960,138143406,128608,132261356,2991,4584,44124313,13895,42240696,84,106,842972,318,829057,214,383,5037146,993,5019626
01073600,MARION TECHNICAL COLLEGE,OH,433025694,Public,189,243,458939,473,458939,223,301,646251,588,646251,-,-, -,-, -,4,4,16987,7,16987,-,-, -,-, -
01074100,ACADEMY OF SALON AND SPA,AR,729013833,Proprietary,50,51,140564,95,130898,44,45,134461,82,122795,-,-, -,-, -,-,-, -,-, -,-,-, -,-, -
01076100,DALLAS INSTITUTE OF FUNERAL SERVICE,TX,752274314,Private-Nonprofit,377,448,1272644,1053,1272644,391,474,1889994,1109,1889994,-,-, -,-, -,16,19,168591,41,168591,-,-, -,-, -
01077100,GUPTON-JONES COLLEGE OF FUNERAL SERVICE,GA,300354022,Private-Nonprofit,442,493,1513846,1106,1397763,452,505,2236994,1130,2078646,-,-, -,-, -,6,7,125178,20,121704,-,-, -,-, -
01077900,PORTER AND CHESTER INSTITUTE,CT,066101604,Proprietary,1718,2133,5818137,5034,5806745,1714,2094,7251534,4945,7238649,-,-, -,-, -,253,316,2195026,776,2190093,-,-, -,-, -
01078900,UNIVERSITY OF OXFORD - WORCESTER COLLEGE,,OX1   2HB,Foreign-Private,-,-, -,-, -,-,-, -,-, -,1,1,11770,2,11770,-,-, -,-, -,-,-, -,-, -
01079700,"NATIONAL UNIVERSITY OF IRELAND, MAYNOOTH",,,Foreign-Private,2,2,7000,4,7000,5,5,24500,10,24500,7,7,132850,12,132850,4,4,67152,7,67152,6,6,131850,11,131850
01081300,AMERICAN ACADEMY MCALLISTER INSTITUTE,NY,100365505,Private-Nonprofit,174,241,595194,482,595194,181,283,757014,566,757014,-,-, -,-, -,11,19,80400,38,80400,-,-, -,-, -
01081400,PITTSBURGH INSTITUTE OF MORTUARY SCIENCE,PA,152063706,Private-Nonprofit,183,215,758027,398,755277,196,232,1038838,432,1035338,-,-, -,-, -,9,9,113913,20,113913,-,-, -,-, -
01081600,KINGSTON UNIVERSITY,,KT1 1LQ,Foreign-Private,17,17,78000,48,78000,17,17,47834,47,47834,25,25,507000,100,507000,11,11,371084,31,371084,20,21,684981,82,674801
01081900,CONSERVATORIO DE MÚSICA DE PUERTO RICO,PR,009073373,Public,32,32,123404,55,123404,8,8,22100,13,22100,12,13,109450,23,109450,-,-, -,-, -,-,-, -,-, -
01082700,DAVID PRESSLEY PROFESSIONAL SCHOOL OF COSMETOLOGY,MI,480673219,Proprietary,210,229,604098,426,598850,173,182,573530,374,568360,-,-, -,-, -,16,17,64947,33,64947,-,-, -,-, -
01083600,PIVOT POINT ACADEMY,IL,601084367,Proprietary,109,128,388364,249,383864,113,137,469613,268,466947,-,-, -,-, -,6,6,61355,12,61355,-,-, -,-, -
01085400,THOMAS JEFFERSON SCHOOL OF LAW,CA,921012928,Private-Nonprofit,-,-, -,-, -,-,-, -,-, -,214,215,4142891,379,4142891,-,-, -,-, -,199,289,8707318,572,8707318
01085800,AVALON INSTITUTE,AZ,852104010,Proprietary,1080,1186,3276473,2226,3217427,978,1065,3006276,1987,2962519,-,-, -,-, -,116,129,656926,253,655156,-,-, -,-, -
01086000,GREATER ALTOONA CAREER & TECHNOLOGY CENTER,PA,166023695,Public,83,101,283317,178,283317,78,101,395208,180,395208,-,-, -,-, -,1,1,7200,2,7200,-,-, -,-, -
01086400,UNIVERSITY OF DUNDEE,,DD1 4HN,Foreign-Private,6,6,29862,12,29862,6,6,17000,12,17000,6,6,111792,9,111792,3,4,60950,8,60950,5,5,122470,7,106000
01086600,UNIVERSITY OF OXFORD - MAGDALEN COLLEGE,,OX1   4AU,Foreign-Private,-,-, -,-, -,-,-, -,-, -,3,3,59323,12,59323,-,-, -,-, -,2,2,32057,8,32057
01086700,UNIVERSITY OF OXFORD - ST JOHN'S COLLEGE,,OX1   3JP,Foreign-Private,1,1,3500,3,3500,1,1,2000,3,2000,2,2,25500,5,25500,1,1,53292,2,53292,1,1,20738,4,20738
01087900,RICHLAND COMMUNITY COLLEGE,IL,625218513,Public,124,125,297786,247,297786,119,130,385954,257,385954,-,-, -,-, -,2,2,4981,4,4981,-,-, -,-, -
01088100,STARK STATE COLLEGE,OH,447207299,Public,1767,1962,5291468,6083,5291468,1776,2029,7273888,6261,7273888,-,-, -,-, -,7,8,44193,24,44193,-,-, -,-, -
01090300,RIZZIERI AVEDA SCHOOL FOR BEAUTY AND WELLNESS,NJ,080434600,Proprietary,184,185,488363,353,486613,190,193,571042,368,568042,-,-, -,-, -,37,38,397846,72,397846,-,-, -,-, -
01090600,CINCINNATI COLLEGE OF MORTUARY SCIENCE,OH,452241462,Private-Nonprofit,63,94,434142,178,434142,58,93,440908,176,440908,-,-, -,-, -,4,6,98686,9,98686,-,-, -,-, -
01091400,MONASH UNIVERSITY,,3800,Foreign-Private,1,1,5500,2,5500,1,1,7000,2,7000,15,15,291121,36,291121,-,-, -,-, -,13,13,308003,31,308003
01091500,UNIVERSITY OF EAST ANGLIA,,NR4 7TJ,Foreign-Private,6,6,23829,12,23829,6,6,24671,12,24671,19,19,324309,36,324309,1,1,40400,2,40400,8,8,157907,15,157907
01092200,UNIVERSITY OF PUERTO RICO - UTUADO,PR,006412500,Public,22,22,90000,41,90000,-,-, -,-, -,-,-, -,-, -,-,-, -,-, -,-,-, -,-, -
01092300,UNION INSTITUTE & UNIVERSITY,OH,452061925,Private-Nonprofit,-,-, -,-, -,-,-, -,-, -,35,35,230587,35,230587,-,-, -,-, -,24,24,234863,24,234863
01094200,UNIVERSITY OF OXFORD - ST HUGH'S COLLEGE,,OX2   6LE,Foreign-Private,-,-, -,-, -,-,-, -,-, -,8,8,164000,31,164000,-,-, -,-, -,8,9,381324,34,381324
01096300,GREENE COUNTY CAREER & TECHNOLOGY CENTER,PA,153708281,Public,9,12,42150,24,42150,9,12,44767,24,44767,-,-, -,-, -,-,-, -,-, -,-,-, -,-, -
01097500,UNIVERSITY OF PUERTO RICO - BAYAMON,PR,009591919,Public,118,118,493671,175,493671,5,5,10513,9,10513,-,-, -,-, -,-,-, -,-, -,-,-, -,-, -
01097700,UNIVERSIDAD CENTRAL DEL ESTE,,21000,Foreign-Private,14,19,74750,37,74750,15,20,83000,38,83000,37,43,798882,83,798882,13,16,306860,30,306860,50,61,857589,138,857589
01098000,UNIVERSITY OF OXFORD - SOMERVILLE COLLEGE,,OX2   6HD,Foreign-Private,-,-, -,-, -,-,-, -,-, -,5,5,102500,18,102500,-,-, -,-, -,5,5,106874,18,106874
01099300,HOBART INSTITUTE OF WELDING TECHNOLOGY,OH,453732400,Private-Nonprofit,117,117,382305,230,382305,118,118,405122,234,405122,-,-, -,-, -,67,67,1306921,141,1306921,-,-, -,-, -
01099700,EAST GEORGIA STATE COLLEGE,GA,304012699,Public,460,497,1373847,870,1373847,445,492,1041321,851,1041321,-,-, -,-, -,45,51,314541,94,314541,-,-, -,-, -
01099800,PENNSYLVANIA INSTITUTE OF TECHNOLOGY,PA,190634098,Private-Nonprofit,1209,2062,2683420,2206,2683420,1206,2242,3765150,2358,3765150,-,-, -,-, -,49,102,249255,102,249255,-,-, -,-, -
01099900,UNIVERSITY OF OXFORD - WADHAM COLLEGE,,OX1   3PN,Foreign-Private,1,1,5500,3,5500,-,-, -,-, -,2,2,41000,7,41000,-,-, -,-, -,2,2,60936,7,60936
01102600,WARRENSBURG AREA CAREER CENTER,MO,640932019,Public,10,16,46095,32,46095,15,21,72520,42,72520,-,-, -,-, -,1,3,10000,6,10000,-,-, -,-, -
01104600,CENTRAL OHIO TECHNICAL COLLEGE,OH,430551767,Public,397,481,1146018,786,1146009,387,491,1490293,852,1490293,-,-, -,-, -,3,3,25847,6,25847,-,-, -,-, -
01105300,UNIVERSITY OF OXFORD - ST HILDA'S COLLEGE,,OX4   1DY,Foreign-Private,-,-, -,-, -,-,-, -,-, -,8,8,158875,29,158875,-,-, -,-, -,6,6,209336,22,209336
01105400,UNIVERSITY OF OXFORD - ST ANNE'S COLLEGE,,OX2   6HS,Foreign-Private,-,-, -,-, -,1,1,5500,3,5500,5,5,102500,20,102500,-,-, -,-, -,4,4,237021,16,237021
01105500,UNIVERSITY OF OXFORD - LADY MARGARET HALL,,OX2   6QA,Foreign-Private,2,2,8000,6,8000,2,2,8000,6,8000,1,1,20500,4,20500,1,1,74166,3,74166,1,1,14500,4,14500
01105600,UNIVERSITY OF OXFORD - UNIVERSITY COLLEGE,,OX1   4BH,Foreign-Private,1,1,3500,3,3500,-,-, -,-, -,1,1,11323,4,11323,-,-, -,-, -,-,-, -,-, -
01105700,UNIVERSITY OF OXFORD - TRINITY COLLEGE,,OX1   3BH,Foreign-Private,-,-, -,-, -,1,1,6500,3,6500,-,-, -,-, -,-,-, -,-, -,-,-, -,-, -
01105800,UNIVERSITY OF OXFORD - ST EDMUND HALL,,OX1   4AR,Foreign-Private,1,1,4500,3,4500,1,1,5251,3,5251,9,9,184500,34,184500,-,-, -,-, -,7,7,189929,24,189929
01105900,UNIVERSITY OF OXFORD - ST ANTONY'S COLLEGE,,OX2   6JF,Foreign-Private,-,-, -,-, -,-,-, -,-, -,25,25,494393,89,494393,-,-, -,-, -,21,21,794180,71,794180
01106000,UNIVERSITY OF OXFORD - QUEEN'S COLLEGE,,OX1   4AW,Foreign-Private,1,1,4500,3,4500,-,-, -,-, -,2,2,23500,7,23500,-,-, -,-, -,1,1,21000,3,21000
01106100,UNIVERSITY OF OXFORD - PEMBROKE COLLEGE,,OX1   1DW,Foreign-Private,-,-, -,-, -,1,1,7500,2,7500,3,3,56375,10,56375,-,-, -,-, -,3,3,148778,10,148778
01106200,UNIVERSITY OF OXFORD - ORIEL COLLEGE,,OX1   4EW,Foreign-Private,-,-, -,-, -,-,-, -,-, -,8,8,135146,30,135146,-,-, -,-, -,4,4,130946,14,130946
01106400,UNIVERSITY OF OXFORD - NEW COLLEGE,,OX1   3BN,Foreign-Private,1,1,4500,3,4500,1,1,2000,3,2000,3,3,61500,12,61500,-,-, -,-, -,3,3,131173,12,131173
01106500,UNIVERSITY OF OXFORD - MERTON COLLEGE,,OX1   4JD,Foreign-Private,-,-, -,-, -,-,-, -,-, -,4,4,65095,11,65095,-,-, -,-, -,2,2,58296,5,58296
01106600,UNIVERSITY OF OXFORD - LINCOLN COLLEGE,,OX1   3DR,Foreign-Private,-,-, -,-, -,-,-, -,-, -,3,3,61500,10,61500,-,-, -,-, -,2,2,26597,6,26597
01106700,UNIVERSITY OF OXFORD - KEBLE COLLEGE,,OX1   3PG,Foreign-Private,-,-, -,-, -,-,-, -,-, -,9,9,159323,32,159323,-,-, -,-, -,7,7,277552,27,277552
01106800,UNIVERSITY OF OXFORD - JESUS COLLEGE,,OX1   3DW,Foreign-Private,-,-, -,-, -,-,-, -,-, -,3,3,51000,11,51000,-,-, -,-, -,1,1,62712,4,62712
01106900,UNIVERSITY OF OXFORD - HERTFORD COLLEGE,,OX1   3BW,Foreign-Private,1,1,4500,3,4500,1,1,2000,3,2000,3,3,61500,11,61500,-,-, -,-, -,2,2,74704,7,74704
01107000,UNIVERSITY OF OXFORD - EXETER COLLEGE,,OX1   3DP,Foreign-Private,1,1,3500,3,3500,-,-, -,-, -,4,4,80000,15,80000,-,-, -,-, -,2,2,61554,7,61554
01107100,UNIVERSITY OF OXFORD - CHRIST CHURCH COLLEGE,,OX1   IDP,Foreign-Private,-,-, -,-, -,-,-, -,-, -,5,5,102500,19,102500,-,-, -,-, -,5,5,216920,20,216920
01107200,UNIVERSITY OF OXFORD - BRASENOSE COLLEGE,,OX1   4AJ,Foreign-Private,-,-, -,-, -,2,2,15000,6,15000,3,3,61500,11,61500,1,1,65118,3,65118,2,3,159910,11,159910
01109100,FLINDERS UNIVERSITY,,5042,Foreign-Private,2,2,8250,2,8250,2,2,8000,2,8000,9,9,184500,18,184500,1,1,4267,1,4267,9,9,365997,19,365997
01109400,UNIVERSITY OF WESTERN AUSTRALIA (THE),,6009,Foreign-Private,-,-, -,-, -,1,1,5500,2,5500,8,8,143173,15,143173,1,1,44692,2,44692,10,10,281906,22,281906
01111200,FASHION INSTITUTE OF DESIGN & MERCHANDISING,CA,900151421,Proprietary,326,417,1348070,887,1348070,370,478,1263808,1014,1263808,11,12,213620,28,213620,227,316,5999619,671,5999619,7,9,169656,24,169656
01111300,MAHARISHI INTERNATIONAL UNIVERSITY,IA,525570001,Private-Nonprofit,739,876,3271392,1348,3165880,718,793,3940583,1162,3786040,552,665,9657737,1069,9530730,3,3,35906,5,35906,160,178,2595061,282,2564210
01111700,ALLIANT INTERNATIONAL UNIVERSITY,CA,921311799,Proprietary,7,7,20500,13,20500,188,216,1499634,538,1499634,2614,3371,60977560,8498,60967310,-,-, -,-, -,947,1469,31698217,2787,31687351
01113300,COLLEGE OF EASTERN IDAHO,ID,834045788,Public,391,391,1177517,672,1177517,336,336,1322563,573,1322563,-,-, -,-, -,2,2,17781,3,17781,-,-, -,-, -
01114500,LONE STAR COLLEGE SYSTEM,TX,770733499,Public,5948,6440,17172117,11498,17172117,5514,5936,20720330,10573,20720330,-,-, -,-, -,93,102,1549159,194,1549159,-,-, -,-, -
01116100,TEXAS A&M UNIVERSITY - CORPUS CHRISTI,TX,784125599,Public,2820,2948,10795551,5301,10795551,2951,3148,12047322,5689,12047322,1282,1416,16142882,3957,16142882,1055,1278,14813090,2331,14813090,207,221,1578385,566,1578385
01116300,UNIVERSITY OF TEXAS AT TYLER,TX,757996699,Public,2173,2494,9080803,4038,9080803,2181,2534,9679119,4134,9679119,1100,1386,17130135,2036,17130135,459,523,6219476,823,6219476,296,365,2665787,482,2665787
01116700,COMMUNITY COLLEGE OF VERMONT,VT,056010489,Public,231,268,709082,507,709082,214,269,704897,507,704897,-,-, -,-, -,3,3,21820,6,21820,-,-, -,-, -
01121000,BUNKER HILL COMMUNITY COLLEGE,MA,021292991,Public,817,831,2333516,1341,2333516,823,833,3416833,1338,3416833,-,-, -,-, -,3,3,18958,4,18958,-,-, -,-, -
01121400,UNIVERSITY OF THE WITWATERSRAND,,2001,Foreign-Private,-,-, -,-, -,-,-, -,-, -,2,2,35734,4,35734,-,-, -,-, -,2,2,179812,4,179812
01122000,WINDWARD COMMUNITY COLLEGE,HI,967443528,Public,55,56,149218,91,149218,51,51,219521,85,219521,-,-, -,-, -,1,1,7979,2,7979,-,-, -,-, -
01122600,AARHUS UNIVERSITY,,8000,Foreign-Private,1,1,3500,2,3500,1,1,2000,2,2000,6,6,88366,12,88366,-,-, -,-, -,2,2,18946,4,18946
01124500,WEST VIRGINIA SCHOOL OF OSTEOPATHIC MEDICINE,WV,249011128,Public,-,-, -,-, -,-,-, -,-, -,188,194,7056035,376,7056035,-,-, -,-, -,152,174,4895659,335,4895659
01128200,OKLAHOMA STATE UNIVERSITY CENTER FOR HEALTH SCIENCES,OK,741171898,Public,-,-, -,-, -,-,-, -,-, -,536,549,21015734,1040,21015734,-,-, -,-, -,333,334,6785214,616,6785214
01138500,COLLEGE OF THE ATLANTIC,ME,046091105,Private-Nonprofit,175,175,705424,473,705424,161,161,440437,433,440437,2,2,38770,6,38770,11,11,245697,31,245697,1,1,15687,3,15687
01146000,NATIONAL UNIVERSITY,CA,921231426,Private-Nonprofit,4013,4697,18330265,8635,18191619,3933,4585,23197704,8382,23002587,6054,7373,101039300,13932,100382816,11,13,267510,24,267510,430,556,11848894,1216,11766998
01146200,UNIVERSITY OF ALASKA ANCHORAGE,AK,995088050,Public,1324,1326,4805411,2130,4805411,1278,1280,6056765,2061,6056765,164,165,2564344,276,2564344,27,27,404438,47,404438,65,65,901016,123,901016
01148100,DIVERS INSTITUTE OF TECHNOLOGY,WA,981038947,Proprietary,170,170,570852,329,569102,161,164,674678,323,673678,-,-, -,-, -,21,21,713428,41,703824,-,-, -,-, -
01148400,VICI BEAUTY SCHOOL,WI,532283821,Proprietary,83,99,257712,189,257712,85,101,298569,191,298569,-,-, -,-, -,7,7,58310,14,58310,-,-, -,-, -
01150500,TRICOCI UNIVERSITY OF BEAUTY CULTURE,IN,463221554,Proprietary,324,344,859854,620,854068,315,335,942561,620,932643,-,-, -,-, -,42,42,353693,80,353693,-,-, -,-, -
01151900,JOSEPH'S COLLEGE COSMETOLOGY,NE,685052463,Proprietary,67,88,304898,175,304898,63,84,299373,166,299373,-,-, -,-, -,19,30,273649,61,273649,-,-, -,-, -
01152300,MORRIS COUNTY SCHOOL OF TECHNOLOGY,NJ,078342129,Public,15,15,51799,27,51799,12,12,58000,23,58000,-,-, -,-, -,-,-, -,-, -,-,-, -,-, -
01156700,IMPERIAL COLLEGE LONDON,,SW7 2AZ,Foreign-Private,3,3,12500,9,12500,4,4,13500,12,13500,28,28,546665,80,546665,2,2,95975,6,95975,21,21,1070433,65,1070433
01157200,COLORADO SCHOOL OF TRADES,CO,802152996,Proprietary,35,44,169992,87,169992,38,48,205692,92,205692,-,-, -,-, -,7,7,97833,12,97833,-,-, -,-, -
01159600,SYLVAIN MELLOUL INTERNATIONAL HAIR ACADEMY,VA,245022652,Proprietary,170,178,409742,323,407992,156,168,532295,314,529902,-,-, -,-, -,12,14,113603,25,113603,-,-, -,-, -
01161400,CHAMPLAIN VALLEY PHYSICIANS HOSPITAL MEDICAL CENTER,NY,129011490,Private-Nonprofit,5,5,16245,9,16245,8,8,13000,13,13000,-,-, -,-, -,2,2,33000,3,33000,-,-, -,-, -
01161700,CENTER FOR ALLIED HEALTH EDUCATION,NY,112299023,Proprietary,370,375,1072454,594,1072454,396,404,1571924,644,1571924,-,-, -,-, -,103,107,2140780,163,2140780,-,-, -,-, -
01162100,AUTOMOTIVE TRAINING CENTER,PA,193411310,Proprietary,541,586,1973814,1111,1940814,491,539,1648925,1035,1619255,-,-, -,-, -,88,92,710036,171,685571,-,-, -,-, -
01162200,WELDER TRAINING & TESTING INSTITUTE,PA,181093253,Proprietary,21,21,70770,42,70770,26,26,109730,53,109730,-,-, -,-, -,5,6,46446,11,46446,-,-, -,-, -
01164400,UNIVERSITY OF MARYLAND GLOBAL CAMPUS,MD,207838078,Public,9434,11894,40392090,20896,39420376,8607,11050,51825049,18989,50865754,4354,5675,68081854,10213,67030439,54,69,642943,119,642943,220,344,3639968,604,3618081
01164900,LOYOLA MARYMOUNT UNIVERSITY,CA,900452659,Private-Nonprofit,1594,1604,6820328,3053,6820328,1955,1975,6775614,3777,6775614,1359,1370,25459265,2595,25459265,813,899,31206782,1693,31206782,1055,1212,42768482,2309,42768482
01166700,NORTHEAST COMMUNITY COLLEGE,NE,687020469,Public,528,528,1490274,904,1490274,635,635,2258014,1104,2258014,-,-, -,-, -,146,146,957024,264,957024,-,-, -,-, -
01167200,MENDOCINO COLLEGE,CA,954823000,Public,154,156,528795,498,528795,143,144,645819,474,645819,-,-, -,-, -,2,2,37000,8,37000,-,-, -,-, -
01167300,MAINE COLLEGE OF ART & DESIGN,ME,041013987,Private-Nonprofit,245,249,1067353,482,1067353,283,286,881665,547,881665,24,24,465607,62,465607,64,65,1875981,123,1875981,14,14,440810,34,440810
01167700,MEMORIAL SLOAN KETTERING CANCER CENTER,NY,100216094,Private-Nonprofit,4,4,12250,7,12250,4,4,17000,7,17000,-,-, -,-, -,-,-, -,-, -,-,-, -,-, -
01167800,STATE UNIVERSITY OF NEW YORK POLYTECHNIC INSTITUTE,NY,135021311,Public,597,639,2258437,2222,2258437,688,745,2646178,2608,2646178,225,252,3059484,822,3059484,112,135,1512673,427,1512673,49,54,232372,170,232372
01167900,UNIVERSITY OF BATH,,BA2 7AY,Foreign-Private,1,1,3500,2,3500,1,1,2000,2,2000,8,8,150500,22,150500,-,-, -,-, -,7,7,214345,18,214345
01168300,FRANKLIN UNIVERSITY SWITZERLAND,,6924,Foreign-Private,52,52,224989,99,224989,59,59,187761,113,187761,2,2,30750,3,30750,13,13,349810,25,349810,-,-, -,-, -
01168900,REFRIGERATION SCHOOL (THE),AZ,850341894,Proprietary,1160,1312,3601778,2480,3587598,1119,1280,4771305,2418,4750305,-,-, -,-, -,233,271,2884645,526,2884645,-,-, -,-, -
01170700,NORTH-WEST COLLEGE,CA,917902097,Proprietary,555,620,2098796,1166,2091796,545,609,2831293,1142,2822293,-,-, -,-, -,48,51,434345,95,434345,-,-, -,-, -
01171100,UNIVERSITY OF HOUSTON - CLEAR LAKE,TX,770581002,Public,1671,1818,6802837,2871,6802837,1398,1580,6985774,2515,6985774,735,912,10040835,1432,10040835,49,66,549473,107,549473,41,50,398931,68,398931
01171500,JOSEPH F. MCCLOSKEY SCHOOL OF NURSING AT SCHUYLKILL HEALTH,PA,179013692,Private-Nonprofit,43,43,188930,124,188930,44,44,195287,126,195287,-,-, -,-, -,4,4,39500,11,39500,-,-, -,-, -
01171900,UNIVERSIDAD ANA G. MÉNDEZ - GURABO CAMPUS,PR,007780000,Private-Nonprofit,1995,3092,6987808,3097,6987808,960,1488,4051034,1489,4051034,1688,3199,28166772,3219,28166772,-,-, -,-, -,138,141,3112573,250,3112573
01172700,DELAWARE TECHNICAL COMMUNITY COLLEGE,DE,199041383,Public,2051,2085,6133642,3253,6133642,1761,1787,7337539,2814,7337539,-,-, -,-, -,7,9,92701,13,92701,-,-, -,-, -
01173200,MAYO CLINIC COLLEGE OF MEDICINE AND SCIENCE,MN,559050001,Private-Nonprofit,37,39,156545,87,156545,40,40,254867,86,254867,428,484,12433109,1072,12433109,-,-, -,-, -,225,308,5703266,711,5703266
01173500,PIKE LINCOLN TECHNICAL CENTER,MO,633440000,Public,21,21,61542,36,61542,19,19,84000,34,84000,-,-, -,-, -,-,-, -,-, -,-,-, -,-, -
01174400,NATIONAL BEAUTY COLLEGE,OH,447091837,Proprietary,122,124,308160,222,308160,127,129,435691,245,435691,-,-, -,-, -,12,12,82939,29,82939,-,-, -,-, -
01174500,OHIO TECHNICAL COLLEGE,OH,441031228,Proprietary,268,376,1115198,857,1102033,285,401,1137694,919,1116279,-,-, -,-, -,74,100,1112167,252,1102539,-,-, -,-, -
01175800,UNIVERSITY OF CAMBRIDGE - PETERHOUSE,,CB2   1RD,Foreign-Private,-,-, -,-, -,-,-, -,-, -,6,6,123000,12,123000,-,-, -,-, -,3,3,102202,6,102202
01176400,ROYAL ACADEMY OF MUSIC,,NW1 5HT,Foreign-Private,-,-, -,-, -,-,-, -,-, -,5,5,91000,15,91000,-,-, -,-, -,4,4,128585,12,128585
01176500,GOLDSMITHS COLLEGE - UNIVERSITY OF LONDON,,SE14  6NW,Foreign-Private,30,30,131001,84,131001,33,33,113334,93,113334,50,50,911978,98,911978,19,19,824607,57,824607,42,42,1746792,94,1746792
01178000,BRUNEL UNIVERSITY LONDON,,UB8   3PH,Foreign-Private,2,2,9000,4,9000,2,2,8000,4,8000,21,21,399250,74,399250,1,1,42838,2,42838,14,14,462422,55,462422
01179200,FRANCISCAN SCHOOL OF THEOLOGY,CA,921102492,Private-Nonprofit,-,-, -,-, -,-,-, -,-, -,26,45,443675,54,443675,-,-, -,-, -,-,-, -,-, -
01179900,PAUL MITCHELL THE SCHOOL CHARLESTON,SC,294186993,Proprietary,738,845,2292503,1573,2289825,729,841,2735545,1592,2732860,-,-, -,-, -,57,58,424176,111,424176,-,-, -,-, -
01181000,TAYLOR BUSINESS INSTITUTE,IL,606024404,Proprietary,7,8,22196,23,22196,5,6,21500,17,21500,-,-, -,-, -,-,-, -,-, -,-,-, -,-, -
01182000,SAN DIEGO MIRAMAR COLLEGE,CA,921262999,Public,119,132,381103,243,381103,56,60,250705,114,250705,-,-, -,-, -,4,5,60669,10,60669,-,-, -,-, -
01182400,NORTHWOOD TECHNICAL COLLEGE,WI,548719300,Public,667,673,1999583,1037,1999583,572,631,1407329,989,1407329,-,-, -,-, -,5,5,34196,7,34196,-,-, -,-, -
01183000,BERK TRADE AND BUSINESS SCHOOL,NY,111010000,Proprietary,99,99,226303,191,222805,108,108,315648,208,307648,-,-, -,-, -,8,8,52510,15,52510,-,-, -,-, -
01183800,UNIVERSITY OF OXFORD - MANSFIELD COLLEGE,,OX1   3TF,Foreign-Private,-,-, -,-, -,-,-, -,-, -,6,6,108000,21,108000,-,-, -,-, -,5,5,119367,15,119367
01185900,WORD OF LIFE BIBLE INSTITUTE,NY,128600129,Private-Nonprofit,180,180,626034,338,626034,218,224,681747,429,681747,-,-, -,-, -,20,20,167142,37,167142,-,-, -,-, -
01186400,MOHAVE COMMUNITY COLLEGE,AZ,864091238,Public,345,358,998553,696,998553,280,312,965099,633,965099,-,-, -,-, -,-,-, -,-, -,-,-, -,-, -
01186500,CALIFORNIA HAIR DESIGN ACADEMY,CA,919425055,Proprietary,81,88,161815,169,161815,80,87,179939,182,179939,-,-, -,-, -,9,10,36925,20,36925,-,-, -,-, -
01186600,LU ROSS ACADEMY,CA,930012927,Proprietary,235,274,611559,540,611559,233,272,563252,537,563000,-,-, -,-, -,10,11,59516,22,59516,-,-, -,-, -
01191900,BEAVER FALLS BEAUTY ACADEMY,PA,150104208,Proprietary,8,8,21000,12,21000,8,8,22178,12,22178,-,-, -,-, -,1,1,4905,2,4905,-,-, -,-, -
01192100,WESTCHESTER SCHOOL OF BEAUTY CULTURE,NY,105502295,Proprietary,25,25,75492,46,75492,25,25,69223,46,69223,-,-, -,-, -,-,-, -,-, -,-,-, -,-, -
01193400,VERMONT LAW AND GRADUATE SCHOOL,VT,050689998,Private-Nonprofit,-,-, -,-, -,-,-, -,-, -,462,532,8870522,1099,8870522,-,-, -,-, -,379,817,10793959,1214,10793959
01201500,AUSTIN COMMUNITY COLLEGE,TX,787524390,Public,5434,5829,16202204,9926,16202204,4764,5069,20611662,8625,20611662,-,-, -,-, -,75,84,887721,145,887721,-,-, -,-, -
01202000,VICTORIA BEAUTY AND BARBER COLLEGE,TX,779016233,Proprietary,64,71,157902,122,156152,58,64,218549,113,215549,-,-, -,-, -,2,2,8297,4,8297,-,-, -,-, -
01202600,BELLUS ACADEMY,CA,920216247,Proprietary,160,183,444428,341,444428,154,175,561542,333,561542,-,-, -,-, -,20,22,135878,39,135878,-,-, -,-, -
01203100,SAN DIEGO CHRISTIAN COLLEGE,CA,920715820,Private-Nonprofit,35,39,131527,72,131527,34,37,167206,68,167206,8,9,134029,22,134029,3,3,58826,8,58826,-,-, -,-, -
01205000,ROSEDALE TECHNICAL COLLEGE,PA,152059719,Private-Nonprofit,272,357,1237032,688,1237032,267,347,1151786,677,1151786,-,-, -,-, -,32,42,450165,82,450165,-,-, -,-, -
01205100,PRO WAY HAIR SCHOOL,GA,300832884,Proprietary,93,101,287792,182,287792,87,95,358520,176,358520,-,-, -,-, -,2,2,10112,2,10112,-,-, -,-, -
01205900,TRINITY BIBLE COLLEGE AND GRADUATE SCHOOL,ND,584367105,Private-Nonprofit,84,84,342577,156,342577,76,76,248771,140,248771,-,-, -,-, -,11,13,153732,22,153732,-,-, -,-, -
01206400,ORION TECHNICAL COLLEGE,IA,528072589,Proprietary,35,39,119375,63,119375,35,39,144895,63,144895,-,-, -,-, -,3,3,42336,5,42336,-,-, -,-, -
01207500,UNIVERSITY OF CAMBRIDGE - TRINITY COLLEGE,,CB2   1TQ,Foreign-Private,1,1,5500,2,5500,-,-, -,-, -,-,-, -,-, -,-,-, -,-, -,-,-, -,-, -
01207800,VICTORIA UNIVERSITY OF WELLINGTON,,6012,Foreign-Private,18,18,72000,37,72000,17,17,70000,35,70000,9,9,161297,21,161297,6,6,167174,12,167174,5,5,130675,11,130675
01209000,ROBERT FIANCE BEAUTY SCHOOLS,NJ,088614118,Proprietary,162,175,439467,296,439467,140,151,436019,261,436019,-,-, -,-, -,13,13,91322,25,91322,-,-, -,-, -
01209200,KENNETH SHULER SCHOOL OF COSMETOLOGY,SC,297322169,Proprietary,317,326,838795,620,838795,299,305,998415,593,998415,-,-, -,-, -,49,50,380613,95,380613,-,-, -,-, -
01210100,UNIVERSITY OF CAMBRIDGE - GIRTON COLLEGE,,CB3   0JG,Foreign-Private,-,-, -,-, -,-,-, -,-, -,8,8,164000,16,164000,-,-, -,-, -,6,6,248054,13,248054
01210500,NATIONAL PARK COLLEGE,AR,719139174,Public,548,565,1706499,1004,1706499,209,216,822273,395,822273,-,-, -,-, -,11,11,87585,17,87585,-,-, -,-, -
01212300,UNIVERSITY OF PUERTO RICO - AGUADILLA,PR,006040060,Public,113,113,425750,180,425750,4,4,14000,5,14000,-,-, -,-, -,-,-, -,-, -,-,-, -,-, -
01213600,UNIVERSITY OF MANCHESTER (THE),,M13   9PL,Foreign-Private,19,19,93500,50,93500,23,23,77500,62,77500,42,42,827599,123,827599,9,9,285334,27,285334,33,33,1046332,97,1046332
01215400,CALIFORNIA INSTITUTE OF INTEGRAL STUDIES,CA,941032557,Private-Nonprofit,42,64,245379,94,245379,41,64,327183,94,327183,700,729,12535729,1320,12535729,1,1,14733,3,14733,666,1195,29835849,1800,29835849
01216500,ATLANTA METROPOLITAN  STATE COLLEGE,GA,303104498,Public,643,646,2215291,1071,1978010,630,633,3104887,1043,2746429,-,-, -,-, -,6,6,37394,9,28708,-,-, -,-, -
01218200,CHATTAHOOCHEE VALLEY COMMUNITY COLLEGE,AL,368697917,Public,498,520,1514174,865,1514174,457,476,1889878,790,1889878,-,-, -,-, -,3,3,24105,6,24105,-,-, -,-, -
01218700,BLACKSTONE VALLEY VOCATIONAL REGIONAL SCHOOL DISTRICT,MA,015681499,Public,13,13,37700,23,37700,11,11,52267,19,52267,-,-, -,-, -,-,-, -,-, -,-,-, -,-, -
01219800,UNIVERSITY OF BRADFORD,,BD7 1DP,Foreign-Private,1,1,5500,3,5500,1,1,7000,3,7000,2,2,35884,7,35884,-,-, -,-, -,2,3,27555,5,27555
01220100,UNIVERSITY OF OXFORD - REGENT'S PARK COLLEGE,,OX1   2LB,Foreign-Private,1,1,4500,3,4500,1,1,2000,3,2000,3,3,43809,10,43809,1,1,37000,3,37000,2,2,40286,6,40286
01220300,ST. PETER'S HOSPITAL COLLEGE OF NURSING,NY,122081715,Private-Nonprofit,71,71,197291,110,197291,76,76,354869,116,354869,-,-, -,-, -,2,2,22000,4,22000,-,-, -,-, -
01220600,JAMES COOK UNIVERSITY,,4811,Foreign-Private,8,8,34250,16,34250,8,8,22500,15,22500,38,38,703300,80,703300,4,4,98291,8,98291,28,28,396174,66,396174
01221500,BIRMINGHAM CITY UNIVERSITY,,B5 5JU,Foreign-Private,7,7,34500,21,34500,6,6,26000,18,26000,5,5,88834,13,88834,4,4,77578,12,77578,5,5,128751,13,128751
01222300,JAGIELLONIAN UNIVERSITY MEDICAL COLLEGE,,31-008,Foreign-Private,-,-, -,-, -,-,-, -,-, -,29,29,533600,56,533600,-,-, -,-, -,18,19,509200,36,509200
01224800,CENTRAL SCHOOL OF PRACTICAL NURSING,OH,441312155,Private-Nonprofit,20,20,32782,20,32782,20,20,54255,20,54255,-,-, -,-, -,-,-, -,-, -,-,-, -,-, -
01225800,ASTON UNIVERSITY,,B4 7ET,Foreign-Private,3,3,16500,8,16500,3,3,6000,8,6000,2,2,41000,7,41000,-,-, -,-, -,2,2,50626,7,50626
01226000,EAST ARKANSAS COMMUNITY COLLEGE,AR,723352204,Public,27,29,89464,82,89464,23,24,81196,76,81196,-,-, -,-, -,2,3,14678,8,14678,-,-, -,-, -
01226100,NORTH ARKANSAS COLLEGE,AR,726015508,Public,166,175,572535,327,572535,124,133,473114,249,473114,-,-, -,-, -,-,-, -,-, -,-,-, -,-, -
01226800,BALDWIN BEAUTY SCHOOLS,TX,787044785,Proprietary,71,79,181328,124,171096,83,92,272394,152,262318,-,-, -,-, -,6,6,68014,13,68014,-,-, -,-, -
01227400,PROVIDENCE UNIVERSITY COLLEGE AND THEOLOGICAL SEMINARY,,R0A 1G0,Foreign-Private,2,2,5250,3,5250,1,1,6000,2,6000,-,-, -,-, -,-,-, -,-, -,-,-, -,-, -
01227500,UNIVERSITY OF OXFORD - WOLFSON COLLEGE,,OX2   6UD,Foreign-Private,-,-, -,-, -,-,-, -,-, -,18,18,328694,63,328694,-,-, -,-, -,14,15,773350,58,773350
01227700,NORTHEAST COLLEGE OF HEALTH SCIENCES,NY,131480800,Private-Nonprofit,-,-, -,-, -,-,-, -,-, -,293,447,11816585,846,11816585,-,-, -,-, -,194,324,2981487,605,2981487
01229300,VEEB NASSAU COUNTY SCHOOL OF PRACTICAL NURSING,NY,118014302,Public,162,213,565982,400,565982,160,216,864067,407,864067,-,-, -,-, -,7,7,104300,14,104300,-,-, -,-, -
01230000,PALMER COLLEGE OF CHIROPRACTIC,IA,528035287,Private-Nonprofit,44,61,189014,70,189014,54,71,244935,85,244935,2010,3643,79934624,5591,79934624,4,4,37402,6,37402,1347,1792,24480023,3980,24480023
01230200,UNIVERSITY OF CAMBRIDGE - GONVILLE & CAIUS COLLEGE,,CB2 1TA,Foreign-Private,-,-, -,-, -,-,-, -,-, -,2,2,36000,4,36000,-,-, -,-, -,1,1,9020,2,9020
01230900,UNIVERSITY OF WESTERN STATES,OR,972136655,Private-Nonprofit,-,-, -,-, -,1,1,6306,1,6306,564,858,13358592,1568,13358592,-,-, -,-, -,293,872,8326526,1167,8326526
01231500,CORNISH COLLEGE OF THE ARTS,WA,981214604,Private-Nonprofit,255,289,1045109,509,1045109,268,298,912307,547,912307,-,-, -,-, -,92,100,2759611,180,2759611,-,-, -,-, -
01232800,NORTHWESTERN HEALTH SCIENCES UNIVERSITY,MN,554311599,Private-Nonprofit,256,317,1054173,517,1054173,234,296,1343847,486,1343847,490,768,18788956,1351,18788956,7,10,88296,14,88296,262,521,6443083,823,6443083
01233500,ROYAL COLLEGE OF MUSIC,,SW7 2BS,Foreign-Private,3,3,12500,9,12500,4,4,8000,12,8000,7,7,143500,22,143500,3,3,169204,9,169204,5,5,266494,15,266494
01234100,UNIVERSITY OF WALES TRINITY SAINT DAVID,,SA31 3EP,Foreign-Private,1,1,4500,2,4500,2,2,13500,4,13500,1,1,20500,2,20500,1,1,31415,2,31415,-,-, -,-, -
01234700,PHAGANS' CENTRAL OREGON BEAUTY COLLEGE,OR,977015175,Proprietary,82,91,262236,360,257478,90,101,370623,397,361484,-,-, -,-, -,7,9,43712,36,43712,-,-, -,-, -
01234800,PHAGANS' BEAUTY COLLEGE,OR,973334716,Proprietary,39,42,127671,147,127671,37,42,133877,144,133877,-,-, -,-, -,1,1,2608,2,2608,-,-, -,-, -
01235000,PHAGANS' SCHOOL OF HAIR DESIGN,OR,970867721,Proprietary,154,160,498687,305,486165,147,153,568555,291,559442,-,-, -,-, -,15,15,124979,30,124979,-,-, -,-, -
01235100,PHAGANS' SCHOOL OF BEAUTY,OR,973014732,Proprietary,29,31,95926,109,95926,29,31,106090,106,106090,-,-, -,-, -,1,1,3716,4,3716,-,-, -,-, -
01235800,PLAZA COLLEGE,NY,113757324,Proprietary,1154,1656,4827788,2339,4827788,1114,1577,5247405,2313,5247405,-,-, -,-, -,43,60,540083,89,540083,-,-, -,-, -
01236200,NORTHWESTERN COLLEGE,IL,604531318,Proprietary,220,228,575898,427,483194,221,225,830271,417,689632,-,-, -,-, -,3,3,14626,4,14626,-,-, -,-, -
01236400,ST. PAUL'S SCHOOL OF NURSING,NY,113740000,Proprietary,977,1315,4451013,2701,4451013,1000,1344,6238900,2734,6238900,-,-, -,-, -,63,80,734852,172,734852,-,-, -,-, -
01238600,SOUTHEASTERN REGIONAL VOCATIONAL TECHNICAL SCHOOL,MA,023751780,Public,80,82,221278,136,221278,89,96,322413,145,322413,-,-, -,-, -,1,1,7000,1,7000,-,-, -,-, -
01239300,THOMAS JEFFERSON UNIVERSITY,PA,191075543,Private-Nonprofit,2020,2244,8668773,4033,8668773,2138,2359,8875429,4309,8875429,2281,2695,59973486,4729,59973486,478,567,11643960,964,11643960,1235,1643,41181982,2854,41181982
01240700,SCHUYLER STEUBEN CHEMUNG TIOGA ALLEGANY BOCES,NY,149031089,Public,77,77,193912,138,193912,72,72,250840,131,250840,-,-, -,-, -,4,4,20915,8,20915,-,-, -,-, -
01242100,UNIVERSITY OF AUCKLAND (THE),,1142,Foreign-Private,5,5,24500,8,22250,6,6,30500,9,27500,6,6,119000,8,119000,2,2,53284,3,53284,5,5,22289,5,22289
01245200,EVERGREEN VALLEY COLLEGE,CA,951351598,Public,32,32,126450,62,126450,28,28,126562,54,126562,-,-, -,-, -,-,-, -,-, -,-,-, -,-, -
01246100,LINCOLN TECHNICAL INSTITUTE,NJ,088301636,Proprietary,3803,4417,11440194,7773,11194299,3729,4380,15431860,7704,15071916,-,-, -,-, -,409,479,3213633,833,3163746,-,-, -,-, -
01246200,EASTWICK COLLEGE - HACKENSACK CAMPUS.,NJ,076017197,Proprietary,688,883,2767296,2191,2730386,646,827,2873815,2033,2807057,-,-, -,-, -,9,11,81804,29,81804,-,-, -,-, -
01248300,PAUL MITCHELL THE SCHOOL DALLAS,TX,750062567,Proprietary,592,638,1454623,1033,1454623,600,649,1809642,1052,1809642,-,-, -,-, -,85,92,693271,174,693271,-,-, -,-, -
01249600,EVERGREEN BEAUTY AND BARBER COLLEGE,WA,981335615,Proprietary,91,94,287252,178,287252,91,94,362379,169,362379,-,-, -,-, -,3,3,21400,6,21400,-,-, -,-, -
01250000,RANKEN TECHNICAL COLLEGE,MO,631132811,Private-Nonprofit,1138,1185,3476582,2454,3476582,1118,1240,3360683,2573,3360683,-,-, -,-, -,277,291,2487414,633,2487414,-,-, -,-, -
01252500,CARIBBEAN UNIVERSITY,PR,009600493,Private-Nonprofit,558,558,1980748,1136,1980748,460,460,1978587,978,1978587,330,330,3622301,979,3622301,-,-, -,-, -,7,7,67750,14,67750
01254000,UNIVERSIDAD DE NAVARRA,,31009,Foreign-Private,35,35,159750,59,159750,35,35,91500,60,91500,27,27,540500,54,540500,26,26,491900,46,491900,22,22,650842,44,650842
01255000,LOS ANGELES MISSION COLLEGE,CA,913423200,Public,105,109,383594,196,383594,100,102,414326,185,414326,-,-, -,-, -,1,1,8276,2,8276,-,-, -,-, -
01256100,FIVE TOWNS COLLEGE,NY,117465871,Proprietary,239,276,983559,459,983559,274,305,970166,528,970166,12,12,152090,23,152090,103,113,1492409,187,1492409,-,-, -,-, -
01257300,WEST VIRGINIA UNIVERSITY HOSPITALS,WV,265068062,Private-Nonprofit,4,4,14585,8,14585,5,5,24915,10,24915,-,-, -,-, -,-,-, -,-, -,-,-, -,-, -
01257400,RINGLING COLLEGE OF ART AND DESIGN,FL,342345895,Private-Nonprofit,570,570,2583927,1114,2583927,625,625,1899100,1217,1899100,-,-, -,-, -,359,359,15490105,695,15490105,-,-, -,-, -
01258600,METROPOLITAN COMMUNITY COLLEGE,NE,681111658,Public,1429,1524,3361801,2997,3361801,1213,1286,3592732,2736,3592732,-,-, -,-, -,8,8,40019,21,40019,-,-, -,-, -
01258900,ERIE 1 BOARD OF COOPERATIVE EDUCATIONAL SERVICES,NY,142241825,Public,289,290,661908,425,661908,284,285,939111,422,939111,-,-, -,-, -,1,1,8124,2,8124,-,-, -,-, -
01260600,EMPIRE BEAUTY SCHOOL,PA,179013859,Proprietary,1183,1372,3653309,2495,3653309,1138,1328,4024545,2448,4024545,-,-, -,-, -,190,226,1540860,455,1540860,-,-, -,-, -
01262700,THOMAS M. COOLEY LAW SCHOOL,MI,489332002,Private-Nonprofit,-,-, -,-, -,-,-, -,-, -,392,649,9257414,948,9257414,-,-, -,-, -,342,827,11416778,1041,11416778
01265200,ONONDAGA CORTLAND MADISON BOCES,NY,130884500,Public,197,247,643926,485,643926,189,240,857252,474,857252,-,-, -,-, -,7,10,40661,20,40661,-,-, -,-, -
01267000,BEL - REA INSTITUTE OF ANIMAL TECHNOLOGY,CO,802473048,Proprietary,104,126,424042,301,424042,104,126,453488,307,453488,-,-, -,-, -,22,26,528374,70,528374,-,-, -,-, -
01269300,PELLISSIPPI STATE COMMUNITY COLLEGE,TN,379330990,Public,223,249,638016,471,636266,240,267,806033,509,803033,-,-, -,-, -,16,16,115743,29,115743,-,-, -,-, -
01274400,SOUTHSIDE COLLEGE OF HEALTH SCIENCES,VA,238345133,Private-Nonprofit,66,72,228603,194,225978,73,78,354958,209,351958,-,-, -,-, -,1,1,16390,4,16390,-,-, -,-, -
01275000,EDISON STATE COMMUNITY COLLEGE,OH,453569239,Public,260,300,822611,563,822611,240,278,880414,518,879622,-,-, -,-, -,7,10,62832,20,62832,-,-, -,-, -
01276500,UNIVERSITY OF OXFORD - LINACRE COLLEGE,,OX1 3JA,Foreign-Private,-,-, -,-, -,-,-, -,-, -,10,10,175861,34,175861,-,-, -,-, -,10,10,445685,34,445685
01276600,"NATIONAL UNIVERSITY OF IRELAND, GALWAY",,0,Foreign-Private,17,17,72228,34,72228,17,17,34000,34,34000,41,41,785000,80,785000,9,10,274565,18,274565,30,31,956222,61,956222
01278300,"CENTER FOR INSTRUCTION, TECHNOLOGY & INNOVATION",NY,131144498,Public,16,17,47650,29,47650,15,18,48847,29,48847,-,-, -,-, -,-,-, -,-, -,-,-, -,-, -
01280200,PONTIFICIA UNIVERSIDAD CATOLICA MADRE Y MAESTRA,,,Foreign-Private,17,20,62768,46,62768,16,17,31999,40,31999,4,6,54800,14,54800,-,-, -,-, -,1,1,31229,3,31229
01280300,DOMINICAN HOUSE OF STUDIES,DC,200171584,Private-Nonprofit,-,-, -,-, -,-,-, -,-, -,1,1,20500,2,20500,-,-, -,-, -,-,-, -,-, -
01281100,INSTITUTO TECNOLOGICO DE SANTO DOMINGO,,10602,Foreign-Private,5,6,20665,14,20665,5,6,22000,14,22000,53,62,1054810,169,1054810,2,2,56801,5,56801,53,63,2001040,171,2001040
01281300,JOHN WOOD COMMUNITY COLLEGE,IL,623050401,Public,219,341,569263,655,569263,217,356,663185,691,663185,-,-, -,-, -,-,-, -,-, -,-,-, -,-, -
01283900,UNIVERSITY OF CAMBRIDGE - SAINT JOHN'S COLLEGE,,CB2   1TP,Foreign-Private,-,-, -,-, -,-,-, -,-, -,5,5,85392,10,85392,-,-, -,-, -,3,3,161994,7,161994
01284200,OXNARD COLLEGE,CA,930336699,Public,54,58,198800,104,198800,41,45,189847,81,189847,-,-, -,-, -,-,-, -,-, -,-,-, -,-, -
01284800,MOLER HOLLYWOOD BEAUTY ACADEMY,OH,452132577,Proprietary,37,37,89160,69,83330,35,35,127404,64,115404,-,-, -,-, -,1,1,4914,2,4914,-,-, -,-, -
01285000,INTERNATIONAL SALON AND SPA ACADEMY,CO,809183684,Proprietary,200,209,548305,390,548305,187,194,505032,384,505032,-,-, -,-, -,12,12,101537,24,101537,-,-, -,-, -
01287000,SOUTHERN STATE COMMUNITY COLLEGE,OH,451339406,Public,283,288,814067,488,814067,286,296,1130664,506,1130664,-,-, -,-, -,4,4,33316,8,33316,-,-, -,-, -
01287200,NORTH-WEST COLLEGE,CA,917683199,Proprietary,1841,2001,6643952,3682,6606413,1793,1959,8750381,3633,8708277,-,-, -,-, -,194,208,1929866,383,1914173,-,-, -,-, -
01287900,PAT GOINS BEAUTY SCHOOLS,LA,711055100,Proprietary,9,9,14492,10,12936,9,9,20430,10,15986,-,-, -,-, -,-,-, -,-, -,-,-, -,-, -
01288000,CELEBRITY A PAUL MITCHELL FRANCHISE SCHOOL (THE),LA,712030000,Proprietary,54,56,149909,100,149909,54,56,212183,99,212183,-,-, -,-, -,-,-, -,-, -,-,-, -,-, -
01288100,MONTACHUSETT REGIONAL VOCATIONAL TECHNICAL SCHOOL,MA,014204649,Public,20,20,67183,39,67183,19,19,100493,38,100493,-,-, -,-, -,-,-, -,-, -,-,-, -,-, -
01289600,"NORTH COAST COLLEGE, THE",OH,441073002,Proprietary,10,10,20625,10,20625,12,12,26023,13,26023,-,-, -,-, -,-,-, -,-, -,-,-, -,-, -
01290700,LAKE TAHOE COMMUNITY COLLEGE,CA,961504524,Public,84,103,214162,365,214162,83,101,322757,365,322757,-,-, -,-, -,1,2,7522,8,7522,-,-, -,-, -
01291200,CAMPUS,CA,958413037,Proprietary,440,478,1205396,782,1203646,411,449,1465097,743,1462097,-,-, -,-, -,28,28,225524,55,225524,-,-, -,-, -
01292900,SOUTH HILLS BEAUTY ACADEMY,PA,152162335,Proprietary,157,171,286340,334,286340,166,179,371883,366,371883,-,-, -,-, -,13,13,85216,32,85216,-,-, -,-, -
01293000,CHARLES & SUE'S SCHOOL OF HAIR DESIGN,TX,778022798,Proprietary,57,74,152047,112,152047,61,80,147673,118,147673,-,-, -,-, -,9,10,101927,20,101927,-,-, -,-, -
01294800,ROB ROY ACADEMY,MA,027215330,Proprietary,80,80,200383,145,200383,75,75,240051,140,240051,-,-, -,-, -,3,3,16752,5,16752,-,-, -,-, -
01295400,HUDSON COUNTY COMMUNITY COLLEGE,NJ,073064012,Public,233,233,642120,349,642120,186,186,613922,276,613922,-,-, -,-, -,10,10,64980,20,64980,-,-, -,-, -
01297800,UNIVERSITY OF HUDDERSFIELD (THE),,HD1   3DH,Foreign-Private,1,1,1636,3,1636,1,1,4864,3,4864,4,4,74500,12,74500,1,1,15000,3,15000,4,4,87247,12,87247
01298400,PROFESSIONAL INSTITUTE OF BEAUTY,CA,917312613,Proprietary,39,44,72362,84,72362,1,1,1680,1,1680,-,-, -,-, -,-,-, -,-, -,-,-, -,-, -
01300500,OLYMPIAN ACADEMY OF COSMETOLOGY,NM,880015330,Proprietary,371,402,896004,743,896004,371,403,1188105,758,1188105,-,-, -,-, -,42,46,212976,87,212976,-,-, -,-, -
01300600,LA' JAMES INTERNATIONAL COLLEGE,IA,506135242,Proprietary,34,42,113068,77,113068,36,42,107822,75,107822,-,-, -,-, -,1,1,16194,2,16194,-,-, -,-, -
01300700,NAZARENE BIBLE COLLEGE,CO,809090000,Private-Nonprofit,59,66,145251,162,145251,41,45,142915,104,142915,-,-, -,-, -,1,1,1000,1,1000,-,-, -,-, -
01300800,SUMMIT SALON ACADEMY - PORTLAND,OR,972236432,Proprietary,43,54,156121,101,156121,48,58,169952,110,169952,-,-, -,-, -,3,3,36604,6,36604,-,-, -,-, -
01301000,LANCASTER BEAUTY SCHOOL,CA,935343098,Proprietary,167,176,414885,293,414885,164,173,541851,289,541851,-,-, -,-, -,35,35,179472,66,179472,-,-, -,-, -
01301600,OGLE SCHOOL HAIR SKIN NAILS,TX,760137400,Proprietary,997,1066,2485617,1970,2464409,992,1062,3424351,1967,3401351,-,-, -,-, -,113,115,814994,220,814994,-,-, -,-, -
01302200,CITY UNIVERSITY OF SEATTLE,WA,981211851,Private-Nonprofit,204,232,661498,584,661498,179,204,842803,500,842803,464,517,6824651,1271,6824651,-,-, -,-, -,45,49,884167,137,884167
01302900,BORICUA COLLEGE,NY,100321599,Private-Nonprofit,76,80,293676,150,293676,40,44,146625,81,146625,113,117,1563426,230,1563426,-,-, -,-, -,-,-, -,-, -
01303900,SOUTH UNIVERSITY,GA,314064881,Proprietary,10121,13982,36484751,31400,36484751,10120,13077,53795691,28956,53795691,3418,4777,81521948,12557,81521948,62,84,828073,215,828073,971,1414,42374036,4081,42374036
01307400,AMERICAN BEAUTY COLLEGE,CA,917902906,Proprietary,279,308,715370,583,715370,268,296,766668,563,766668,-,-, -,-, -,14,14,91007,30,91007,-,-, -,-, -
01308800,CAPRI BEAUTY COLLEGE,IL,604513860,Proprietary,66,84,250094,164,250094,76,98,268097,196,268097,-,-, -,-, -,11,12,131822,24,131822,-,-, -,-, -
01309500,SALON SUCCESS ACADEMY,CA,928813415,Proprietary,440,479,1177035,939,1176285,450,490,1301067,1101,1299861,-,-, -,-, -,37,43,170445,97,170445,-,-, -,-, -
01310300,CALIFORNIA WESTERN SCHOOL OF LAW,CA,921013046,Private-Nonprofit,-,-, -,-, -,-,-, -,-, -,465,485,9085969,836,9085969,-,-, -,-, -,405,738,19396264,1101,19396264
01313200,INTERNATIONAL COLLEGE OF BROADCASTING,OH,454311898,Proprietary,47,56,164616,95,164616,48,59,207299,96,207299,-,-, -,-, -,3,3,19448,6,19448,-,-, -,-, -
01315300,MASSEY UNIVERSITY,,4744,Foreign-Private,19,20,71375,47,71375,19,20,75849,47,75849,37,50,928162,83,928162,8,9,267699,24,267699,34,45,1588534,77,1588534
01320800,MISSION UNIVERSITY,MO,658033498,Private-Nonprofit,184,184,637818,442,636568,180,186,583393,407,583393,11,11,125300,50,125300,31,31,306481,68,306481,-,-, -,-, -
01321400,ROXBOROUGH MEMORIAL HOSPITAL,PA,191281737,Proprietary,110,110,325434,169,325434,141,141,668280,212,668280,-,-, -,-, -,-,-, -,-, -,-,-, -,-, -
01321800,M.J. MURPHY BEAUTY COLLEGE,MI,488582502,Proprietary,21,22,72640,39,63890,22,23,76203,39,63203,-,-, -,-, -,5,5,35168,10,35168,-,-, -,-, -
01323100,UNIVERSITY OF HOUSTON - VICTORIA,TX,779015731,Public,987,1098,3767008,1706,3767008,893,1076,4567934,1699,4567934,587,760,8146278,1109,8146278,10,14,111216,18,111216,38,47,371702,63,371702
01323200,ACADEMY OF HAIR DESIGN,NV,891461617,Proprietary,211,245,653055,456,653055,192,283,699912,523,699912,-,-, -,-, -,36,36,315698,71,315698,-,-, -,-, -
01324000,LYTLE'S REDWOOD EMPIRE BEAUTY COLLEGE,CA,954037757,Proprietary,69,74,212608,147,212608,64,69,237259,137,235092,-,-, -,-, -,6,6,61557,12,61557,-,-, -,-, -
01326300,SOUTH HILLS SCHOOL OF BUSINESS & TECHNOLOGY,PA,168014516,Proprietary,194,215,751259,587,751259,196,229,701965,615,701965,-,-, -,-, -,15,16,164170,43,164170,-,-, -,-, -
02050300,ACADEMY COLLEGE,MN,554311411,Proprietary,63,74,278566,192,278566,61,72,310869,182,310869,-,-, -,-, -,20,31,1010425,83,1010425,-,-, -,-, -
02052200,BLACK RIVER TECHNICAL COLLEGE,AR,724550468,Public,175,190,535417,497,535417,154,175,461145,475,461145,-,-, -,-, -,3,3,9789,8,9789,-,-, -,-, -
02052300,UNIVERSITY OF WEST LOS ANGELES,CA,903014501,Proprietary,-,-, -,-, -,-,-, -,-, -,194,222,4312835,441,4312835,-,-, -,-, -,132,145,4425580,296,4425580
02052400,UNIVERSITY OF CAMBRIDGE - DARWIN COLLEGE,,CB3   9EU,Foreign-Private,-,-, -,-, -,-,-, -,-, -,5,5,87664,10,87664,-,-, -,-, -,3,3,76329,6,76329
02053000,LIBERTY UNIVERSITY,VA,245152269,Private-Nonprofit,27718,29896,100396094,54797,100396094,29656,32046,125338274,58550,125338274,32885,36346,475721447,68755,475721447,1707,1999,31373090,3411,31373090,4609,5582,87545490,10750,87545490
02053700,EASTWICK COLLEGE,NJ,074462546,Proprietary,808,968,3195262,2406,3076758,703,845,3101982,2050,2920647,-,-, -,-, -,24,32,172014,84,164740,-,-, -,-, -
02055400,BOSSIER PARISH COMMUNITY COLLEGE,LA,711110000,Public,2952,2954,9405290,5214,9322322,2748,2751,11401514,4838,11183526,-,-, -,-, -,22,22,144642,39,144642,-,-, -,-, -
02056100,FOUR RIVERS CAREER CENTER,MO,630904543,Public,21,36,92895,68,92895,20,32,126655,58,126655,-,-, -,-, -,-,-, -,-, -,-,-, -,-, -
02056400,CAPRI COSMETOLOGY LEARNING CENTER,NY,109544915,Proprietary,187,188,496359,361,496359,177,178,583514,341,583514,-,-, -,-, -,7,7,72732,13,72732,-,-, -,-, -
02056500,MITCHELL'S ACADEMY,NC,276063326,Proprietary,15,18,44971,33,44971,16,18,59119,32,59119,-,-, -,-, -,4,4,29011,7,29011,-,-, -,-, -
02058600,BK COSMO COLLEGE OF COSMETOLOGY,TX,780284288,Proprietary,38,52,119151,99,110401,36,48,129766,91,114766,-,-, -,-, -,1,1,2700,2,2700,-,-, -,-, -
02060300,UNIVERSAL TECHNICAL INSTITUTE,MI,481882533,Proprietary,1261,1773,5501914,4576,5499530,1288,1720,5900729,4485,5896120,-,-, -,-, -,139,186,1481584,502,1481584,-,-, -,-, -
02061000,VENUS BEAUTY ACADEMY,PA,190143018,Proprietary,31,37,103857,74,103857,33,40,104035,80,104035,-,-, -,-, -,6,6,54848,12,54848,-,-, -,-, -
02061600,WAYNE'S COLLEGE OF BEAUTY,CA,939062830,Proprietary,37,40,113449,77,113449,25,27,53747,59,53747,-,-, -,-, -,-,-, -,-, -,-,-, -,-, -
02063000,MONTSERRAT COLLEGE OF ART,MA,019154508,Private-Nonprofit,175,175,770762,331,770762,184,184,535627,354,535627,-,-, -,-, -,53,53,1232899,102,1232899,-,-, -,-, -
02063500,COASTLINE COMMUNITY COLLEGE,CA,927082597,Public,141,172,474996,419,474996,134,154,592067,376,592067,-,-, -,-, -,1,2,24516,6,24516,-,-, -,-, -
02063700,SHERMAN COLLEGE OF STRAIGHT CHIROPRACTIC,SC,293167251,Private-Nonprofit,-,-, -,-, -,-,-, -,-, -,390,483,14862081,1372,14862081,-,-, -,-, -,326,404,8546701,1425,8546701
02065300,PRESCOTT COLLEGE,AZ,863012990,Private-Nonprofit,119,138,508822,211,508822,126,151,660975,237,660975,445,635,8273761,934,8263511,8,9,194288,18,194288,101,135,2535964,232,2535964
02065700,CALIFORNIA BEAUTY COLLEGE,CA,953541190,Proprietary,128,142,325340,276,321354,123,135,326062,268,320229,-,-, -,-, -,19,19,105959,39,102805,-,-, -,-, -
02066100,OHIO STATE COLLEGE OF BARBER STYLING,OH,432131301,Proprietary,143,161,430445,293,430445,130,143,352545,268,352545,-,-, -,-, -,4,4,48576,7,48576,-,-, -,-, -
02066200,"NEW SCHOOL, THE",NY,100118603,Private-Nonprofit,1540,1540,6370900,2895,6370900,1694,1694,5594774,3219,5594774,613,613,11378776,1187,11378776,674,690,27071545,1425,27071545,290,295,9211369,745,9211369
02068100,ADLER UNIVERSITY,IL,606027298,Private-Nonprofit,-,-, -,-, -,-,-, -,-, -,868,1150,18205733,2618,18205733,-,-, -,-, -,651,1544,16856743,2832,16856743
02068200,COX COLLEGE,MO,658021988,Private-Nonprofit,393,415,1482876,648,1482876,413,433,1990621,683,1990621,151,158,2406111,248,2406111,16,19,214350,33,214350,38,58,733551,90,733551
02068300,DOUGLAS EDUCATION CENTER,PA,150621097,Proprietary,118,156,543154,301,543154,131,179,564951,343,564951,-,-, -,-, -,41,60,1078377,112,1059375,-,-, -,-, -
02069000,NEW YORK SCHOOL OF INTERIOR DESIGN,NY,100215110,Private-Nonprofit,103,109,361531,190,361531,108,119,488889,209,488889,39,41,820920,81,820920,32,34,1171660,66,1171660,38,40,1544260,80,1544260
02070500,CONCORDIA UNIVERSITY IRVINE,CA,926123203,Private-Nonprofit,653,716,3071119,1331,3071119,758,827,3413481,1552,3413481,1019,1382,21779984,3068,21779984,139,155,3221219,273,3221219,78,93,1801488,190,1801488
02073300,GALLIA JACKSON VINTON JOINT SCHOOL ADULT EDUCATION,OH,456740000,Public,108,129,330568,234,330568,94,109,365080,198,365080,-,-, -,-, -,1,1,10000,2,10000,-,-, -,-, -
02073500,UNIVERSITY OF ARKANSAS COMMUNITY COLLEGE AT BATESVILLE,AR,725010000,Public,139,149,471047,410,469297,119,128,383013,342,380013,-,-, -,-, -,-,-, -,-, -,-,-, -,-, -
02073900,WOR-WIC COMMUNITY COLLEGE,MD,218041486,Public,457,468,1176789,715,1176789,150,171,591875,280,591875,-,-, -,-, -,2,3,23208,4,23208,-,-, -,-, -
02074600,SOUTH ARKANSAS COLLEGE,AR,717317010,Public,198,210,588796,399,588796,202,250,700423,472,700423,-,-, -,-, -,-,-, -,-, -,-,-, -,-, -
02074800,LIFE UNIVERSITY,GA,300602996,Private-Nonprofit,480,622,1819733,1262,1819733,497,642,1608254,1308,1608254,1657,2689,58872374,5496,58872374,71,88,1557411,198,1557411,1400,2281,45045986,4917,45045986
02075300,UNIVERSITY OF ARKANSAS - PULASKI TECHNICAL COLLEGE,AR,721183347,Public,2218,2267,7171786,4020,7171786,2092,2139,8645209,3770,8645209,-,-, -,-, -,19,23,146246,44,146246,-,-, -,-, -
02075800,SOUTHERN CALIFORNIA INSTITUTE OF ARCHITECTURE (THE),CA,900131829,Private-Nonprofit,49,49,217812,95,217812,50,50,245173,95,245173,59,78,1482315,138,1482315,22,25,888342,48,888342,48,62,1907574,115,1907573
02077100,MILWAUKEE INSTITUTE OF ART & DESIGN,WI,532026003,Private-Nonprofit,583,730,2702327,1235,2702327,659,804,2210543,1385,2210543,-,-, -,-, -,175,190,3463791,349,3463791,-,-, -,-, -
02078800,COLLECTIV HAIR DRESSING ACADEMY,UT,840948409,Proprietary,339,382,1060211,744,1060211,350,398,1311388,782,1311388,-,-, -,-, -,22,23,136871,49,136871,-,-, -,-, -
02079400,EMPIRE BEAUTY SCHOOL,PA,191542810,Proprietary,973,1106,2919998,1947,2919998,918,1056,3580904,1905,3580904,-,-, -,-, -,152,177,976380,336,976380,-,-, -,-, -
02079700,COLLEGE OF HAIR DESIGN,NE,685082199,Proprietary,140,168,528125,331,528125,135,155,493534,305,493534,-,-, -,-, -,25,32,269378,64,269378,-,-, -,-, -
02081400,ARLINGTON BAPTIST UNIVERSITY,TX,760123425,Private-Nonprofit,163,163,620063,309,620063,182,197,564873,366,564873,6,6,56650,16,56650,56,66,764112,123,764112,-,-, -,-, -
02082400,UNIVERSITY OF CAMBRIDGE - QUEEN'S COLLEGE,,CB3   9ET,Foreign-Private,-,-, -,-, -,-,-, -,-, -,8,8,164000,16,164000,-,-, -,-, -,6,6,186798,12,186798
02083400,UNIVERSITY OF CAMBRIDGE - WOLFSON COLLEGE,,CB3   9BB,Foreign-Private,1,1,3816,2,3816,1,1,2684,2,2684,10,10,197370,21,197370,1,1,65366,2,65366,9,9,419136,19,419136
02083900,NORTHERN NEW MEXICO COLLEGE,NM,875320000,Public,42,42,138446,79,138446,41,44,197786,81,197786,-,-, -,-, -,-,-, -,-, -,-,-, -,-, -
02084800,RAVENSCROFT BEAUTY COLLEGE,IN,468354132,Proprietary,101,102,245398,180,245398,101,102,340639,180,340639,-,-, -,-, -,2,2,9100,4,9100,-,-, -,-, -
02087000,OZARKA COLLEGE,AR,725560010,Public,142,205,394814,404,394814,144,212,463017,419,463017,-,-, -,-, -,-,-, -,-, -,-,-, -,-, -
02087400,UNIVERSITY OF CAMBRIDGE - NEWNHAM COLLEGE,,CB3   9DF,Foreign-Private,-,-, -,-, -,-,-, -,-, -,5,5,78417,10,78417,-,-, -,-, -,2,2,114146,4,114146
02087600,CONCORDIA THEOLOGICAL SEMINARY,IN,468254996,Private-Nonprofit,-,-, -,-, -,2,2,9933,4,9933,25,25,284866,61,284866,-,-, -,-, -,1,1,6542,4,6542
02087900,OXFORD BROOKES UNIVERSITY,,OX3   0BP,Foreign-Private,17,17,75750,33,75750,16,16,52442,32,52442,18,18,333216,34,333216,8,8,299366,16,299366,12,12,260183,23,260183
02089600,CONCORDE CAREER INSTITUTE,FL,322566905,Proprietary,1057,1303,3880365,2864,3880365,1035,1242,5606074,2773,5606074,-,-, -,-, -,92,130,862047,274,862047,-,-, -,-, -
02090300,CAPRI COLLEGE,IA,524040000,Proprietary,93,114,315684,200,315684,90,115,300505,213,300505,-,-, -,-, -,15,23,186306,46,186306,-,-, -,-, -
02090700,CLEVELAND UNIVERSITY-KANSAS CITY,KS,662101613,Private-Nonprofit,82,99,336323,165,336323,78,100,383436,162,383436,438,670,19503340,1241,19486840,5,9,93119,10,93119,242,703,6017414,738,6017414
02092100,MASSACHUSETTS SCHOOL OF BARBERING,MA,021695058,Proprietary,62,62,171347,107,169597,63,65,245715,118,242715,-,-, -,-, -,4,4,24598,9,24598,-,-, -,-, -
02092300,EASTWICK COLLEGE - NUTLEY CAMPUS,NJ,071109802,Proprietary,412,514,1300790,1163,1295792,329,404,1113951,880,1110536,-,-, -,-, -,39,46,203344,102,203344,-,-, -,-, -
02092500,LAUREL TECHNICAL INSTITUTE,PA,161489010,Proprietary,162,215,643148,374,641982,164,214,700234,387,698234,-,-, -,-, -,36,46,337648,101,332098,-,-, -,-, -
02093700,LONG ISLAND BUSINESS INSTITUTE,NY,113542997,Proprietary,12,12,23750,12,21500,12,13,28130,13,25130,-,-, -,-, -,-,-, -,-, -,-,-, -,-, -
02094100,BEN-GURION UNIVERSITY OF THE NEGEV,,8410501,Foreign-Private,-,-, -,-, -,-,-, -,-, -,32,40,772570,77,772570,-,-, -,-, -,24,30,1096614,58,1096614
02094400,UNIVERSITY OF CAMBRIDGE - ST EDMUND'S COLLEGE,,CB3   0BN,Foreign-Private,-,-, -,-, -,-,-, -,-, -,9,9,184500,18,184500,-,-, -,-, -,8,8,310808,16,310808
02095500,UNIVERSITY OF LONDON - LONDON BUSINESS SCHOOL,,NW1 4SA,Foreign-Private,-,-, -,-, -,-,-, -,-, -,30,30,600731,75,600731,-,-, -,-, -,21,21,1309027,51,1309027
02096100,FIELDING GRADUATE UNIVERSITY,CA,931053814,Private-Nonprofit,-,-, -,-, -,-,-, -,-, -,511,558,10273168,1332,10273168,-,-, -,-, -,413,453,11837577,1130,11837577
02097300,HASTINGS BEAUTY SCHOOL,MN,550331205,Proprietary,17,26,67801,45,67801,18,26,52434,45,52434,-,-, -,-, -,3,3,30563,6,30563,-,-, -,-, -
02098300,WESTERN TECHNICAL COLLEGE,TX,799272105,Proprietary,1239,1423,4844524,2749,4844524,1212,1389,5474438,2687,5474438,6,9,90753,17,90753,134,148,1048655,293,1048655,-,-, -,-, -
02098400,HERKIMER COUNTY  BOCES PRACTICAL NURSING PROGRAM,NY,133501446,Public,39,39,65625,66,65625,44,44,134464,73,134464,-,-, -,-, -,-,-, -,-, -,-,-, -,-, -
02098800,UNIVERSITY OF PHOENIX,AZ,850400723,Proprietary,59196,63262,212438983,122874,212010156,55234,58874,278969944,130298,278241977,15089,15641,193934468,32679,192025591,436,455,4014078,935,4008681,1778,1804,15358441,3737,15018533
02099500,CENTRAL COMMUNITY COLLEGE,NE,688024903,Public,510,510,1527269,949,1527269,466,466,1402429,863,1402429,-,-, -,-, -,11,11,75250,22,75250,-,-, -,-, -
02099700,ROSS MEDICAL EDUCATION CENTER,MI,485071234,Proprietary,584,586,1793494,1064,1765494,569,585,2209136,1091,2175404,-,-, -,-, -,2,2,6993,4,6993,-,-, -,-, -
02100000,UNIVERSIDAD POLITECNICA DE PUERTO RICO,PR,009185955,Private-Nonprofit,1469,1537,5208495,3529,5208495,883,924,3397728,2100,3397728,335,354,3571371,785,3571371,10,12,90400,29,90400,-,-, -,-, -
02100500,UNIVERSAL TECHNICAL INSTITUTE,AZ,853239969,Proprietary,2622,3461,11677855,6662,11677855,2590,3443,12394412,6785,12394412,-,-, -,-, -,911,1254,13000036,2791,13000036,-,-, -,-, -
02100600,CARRINGTON COLLEGE,AZ,850210000,Proprietary,2794,3494,10486796,9766,10351529,2761,3438,13210176,9568,13074393,-,-, -,-, -,241,297,2518311,903,2512834,-,-, -,-, -
02101000,NORTHWEST COLLEGE SCHOOL OF BEAUTY,OR,970867702,Proprietary,418,478,1279960,918,1278210,400,455,1572185,882,1572185,-,-, -,-, -,9,10,73322,18,73322,-,-, -,-, -
02101900,ROEHAMPTON UNIVERSITY,,SW15 5PJ,Foreign-Private,37,37,164324,74,164324,39,39,131176,77,127926,26,26,526000,53,526000,19,19,617803,37,597382,20,23,560346,46,560346
02102100,KINGSWOOD UNIVERSITY,,E4E 5L2,Foreign-Private,7,8,33400,13,33400,7,8,22600,13,22600,-,-, -,-, -,1,1,3400,2,3400,-,-, -,-, -
02104400,SPA TECH INSTITUTE,ME,040920000,Proprietary,499,523,1213898,1011,1213898,501,531,1589554,1033,1587554,-,-, -,-, -,40,41,340285,81,340285,-,-, -,-, -
02104900,SUMNER COLLEGE,OR,972206809,Proprietary,480,615,2127308,1619,2127308,510,664,3135748,1753,3135748,-,-, -,-, -,17,21,228641,57,228641,-,-, -,-, -
02105900,BRITTANY BEAUTY ACADEMY,NY,112095409,Proprietary,60,60,138116,110,138116,60,60,203939,112,203939,-,-, -,-, -,3,3,7686,6,7686,-,-, -,-, -
02106600,AMERICAN INSTITUTE,CT,061101922,Proprietary,2155,2543,6750531,4716,6743531,1764,2003,7380920,3741,7373932,-,-, -,-, -,49,58,406449,115,406449,-,-, -,-, -
02107300,PENNSYLVANIA ACADEMY OF THE FINE ARTS,PA,191021424,Private-Nonprofit,52,52,227986,97,227986,57,58,207764,108,207764,24,25,466375,50,466375,11,12,366821,22,366821,7,8,108828,12,108828
02107700,TRUCKEE MEADOWS COMMUNITY COLLEGE,NV,895123999,Public,288,298,955858,548,955858,282,301,1074916,557,1074916,-,-, -,-, -,3,3,28683,5,28683,-,-, -,-, -
02107800,UNIVERSITY OF HAWAII - WEST OAHU,HI,967074507,Public,574,602,2274795,966,2274795,523,542,2563154,869,2563154,-,-, -,-, -,8,8,124123,12,124123,-,-, -,-, -
02108600,LONDON ACADEMY OF MUSIC & DRAMATIC ART,,W14 9DA,Foreign-Private,3,3,12500,9,12500,5,5,23000,15,23000,37,37,730924,125,730924,4,4,141509,13,141509,26,26,1152149,86,1152149
02110200,COLUMBIA COLLEGE HOLLYWOOD,CA,900152205,Private-Nonprofit,73,73,294770,133,294770,74,77,285963,137,285963,-,-, -,-, -,18,20,300151,40,300151,-,-, -,-, -
02110900,CATTARAUGUS/ALLEGANY/ERIE/WYOMING BOCES,NY,147609303,Public,18,18,65466,32,65466,18,18,80425,32,80425,-,-, -,-, -,-,-, -,-, -,-,-, -,-, -
02111100,UNIVERSITY OF ARKANSAS COMMUNITY COLLEGE RICH MOUNTAIN,AR,719532500,Public,68,68,221513,126,221513,81,82,301707,155,301707,-,-, -,-, -,7,7,72650,14,72650,-,-, -,-, -
02111300,CUYAMACA COLLEGE,CA,920194369,Public,229,229,849222,457,849222,201,201,893676,408,893676,-,-, -,-, -,-,-, -,-, -,-,-, -,-, -
02111600,SOVAH SCHOOL OF HEALTH PROFESSIONS,VA,245412922,Proprietary,15,15,49652,19,49652,13,13,53083,18,53083,-,-, -,-, -,-,-, -,-, -,-,-, -,-, -
02112200,GREAT LAKES INSTITUTE OF TECHNOLOGY,PA,165092482,Proprietary,282,327,862571,697,862571,276,311,933425,682,933425,-,-, -,-, -,34,36,269554,87,269554,-,-, -,-, -
02112700,PAUL MITCHELL THE SCHOOL NORTH HAVEN,CT,064733108,Proprietary,148,161,419426,315,419426,150,163,474677,332,474677,-,-, -,-, -,31,31,257528,67,257528,-,-, -,-, -
02113600,AMERICAN INTERCONTINENTAL UNIVERSITY SYSTEM,AZ,852861585,Proprietary,9695,12659,38798572,29005,38770080,9678,12605,51506206,28563,51464456,1470,2108,26229900,4299,26212519,60,79,684578,216,684578,100,118,1454501,270,1454501
02113800,ROBERTO-VENN SCHOOL OF LUTHIERY,AZ,850072514,Proprietary,11,11,29612,22,29612,12,12,48841,24,48841,-,-, -,-, -,2,2,16782,4,16782,-,-, -,-, -
02114200,JOHNSON COLLEGE,PA,185081495,Private-Nonprofit,391,391,1354725,695,1354725,432,446,1463998,795,1463998,-,-, -,-, -,74,80,897236,137,897236,-,-, -,-, -
02115900,UNIVERSITY OF PORTSMOUTH,,PO1 2UP,Foreign-Private,3,3,14000,6,14000,3,3,6000,6,6000,6,6,116552,12,116552,3,3,103910,6,103910,6,6,123216,11,123216
02116300,PUEBLO COMMUNITY COLLEGE,CO,810041499,Public,1322,1357,4004848,2262,4004848,480,493,1949594,872,1949594,-,-, -,-, -,5,6,51800,12,51800,-,-, -,-, -
02116700,UNIVERSITY OF CAMBRIDGE - LUCY CAVENDISH COLLEGE,,CB3   0BU,Foreign-Private,-,-, -,-, -,-,-, -,-, -,13,13,252000,26,252000,-,-, -,-, -,9,9,368226,18,368226
02116900,UPPER VALLEY CAREER CENTER,OH,453569237,Public,70,88,223635,158,223635,59,74,303753,143,303753,-,-, -,-, -,-,-, -,-, -,-,-, -,-, -
02117100,ART INSTITUTE OF HOUSTON (THE),TX,770277311,Private-Nonprofit,75,75,142770,83,102695,80,80,187526,91,140392,-,-, -,-, -,9,9,50648,13,46472,-,-, -,-, -
02117300,GREAT OAKS CAREER CAMPUSES-SCARLET OAKS,OH,452411581,Public,61,61,184535,112,168420,55,55,203104,98,177290,-,-, -,-, -,5,5,46243,9,40313,-,-, -,-, -
02117400,BECK SCHOOL OF PRACTICAL NURSING,IL,622783368,Public,68,80,208589,136,206839,69,81,289331,136,288331,-,-, -,-, -,1,1,5976,2,5976,-,-, -,-, -
02117500,NAROPA UNIVERSITY,CO,803026697,Private-Nonprofit,212,212,841098,357,841098,206,206,1118508,348,1118508,463,510,9584124,1112,9584124,21,21,485377,47,485377,339,362,7127209,850,7127209
02117800,AVEDA ARTS & SCIENCES INSTITUTE LAFAYETTE,LA,705033246,Proprietary,301,319,879145,620,879145,305,330,1001427,649,1001427,-,-, -,-, -,26,26,287980,58,287980,-,-, -,-, -
02119100,MISSION COLLEGE,CA,950541897,Public,25,25,77750,78,77750,24,24,107401,72,107401,-,-, -,-, -,-,-, -,-, -,-,-, -,-, -
02120000,"UNIVERSITY OF LONDON, THE COURTAULD INSTITUTE OF ART",,WC1X 9EW,Foreign-Private,-,-, -,-, -,-,-, -,-, -,11,11,214071,33,214071,-,-, -,-, -,6,6,285145,19,285145
02120600,SAYBROOK UNIVERSITY,CA,911033606,Private-Nonprofit,-,-, -,-, -,-,-, -,-, -,701,910,14871977,1644,14871613,-,-, -,-, -,568,747,24054671,1609,24054671
02120700,SAN JOAQUIN VALLEY COLLEGE,CA,932919283,Proprietary,7544,9825,27058487,18844,27058487,7247,9224,34066005,17714,34066005,-,-, -,-, -,1198,1442,11249858,2784,11249858,-,-, -,-, -
02121100,MIDWEST INSTITUTE,MO,630451210,Proprietary,118,132,444454,251,444454,116,138,600505,265,600505,-,-, -,-, -,20,26,189996,49,189996,-,-, -,-, -
02122000,NEW ENGLAND HAIR ACADEMY,MA,021485118,Proprietary,40,41,113521,74,113521,33,34,148661,75,148661,-,-, -,-, -,28,28,265314,57,265314,-,-, -,-, -
02123200,AVEDA ARTS & SCIENCES INSTITUTE MINNEAPOLIS,MN,554141004,Proprietary,347,393,1017055,751,1017055,399,472,1429135,904,1429135,-,-, -,-, -,26,29,353836,57,353836,-,-, -,-, -
02124000,ORANGE ULSTER BOCES SCHOOL OF PRACTICAL NURSING,NY,109242410,Public,49,70,149010,153,149010,48,75,269655,157,269655,-,-, -,-, -,5,5,42657,10,42657,-,-, -,-, -
02124400,UNIVERSITY OF SPA & COSMETOLOGY ARTS,IL,627040000,Proprietary,104,104,242804,193,240179,102,102,241281,189,239781,-,-, -,-, -,6,6,71971,14,71971,-,-, -,-, -
02124500,FRANKLIN TECHNOLOGY CENTER,MO,648011595,Public,32,32,99750,61,99750,31,31,149800,59,149800,-,-, -,-, -,-,-, -,-, -,-,-, -,-, -
02125000,CAREER ACADEMY OF BEAUTY,CA,928452032,Proprietary,197,210,502085,405,502085,192,205,632185,398,632185,-,-, -,-, -,7,7,64886,14,64886,-,-, -,-, -
02125200,MARGARET H. ROLLINS SCHOOL OF NURSING AT BEEBE MEDICAL CENTER,DE,199581462,Private-Nonprofit,12,12,44500,24,44500,8,8,38500,16,38500,-,-, -,-, -,-,-, -,-, -,-,-, -,-, -
02125500,CIRCLE IN THE SQUARE THEATRE SCHOOL,NY,100196795,Private-Nonprofit,20,20,77500,40,77500,21,21,87500,42,87500,-,-, -,-, -,9,9,255764,18,255764,-,-, -,-, -
02125600,MICHIGAN COLLEGE OF BEAUTY-TROY,MI,480835210,Proprietary,183,190,475230,359,461234,188,202,611091,382,589091,-,-, -,-, -,17,18,142226,36,142226,-,-, -,-, -
02126300,MADISON ONEIDA BOCES PRACTICAL NURSING PROGRAM,NY,134783526,Public,46,61,127495,149,127495,43,58,179500,139,179500,-,-, -,-, -,-,-, -,-, -,-,-, -,-, -
02126500,FORMATIONS INSTITUTE,OK,737034767,Proprietary,38,41,102179,78,102179,34,37,111567,69,111567,-,-, -,-, -,1,1,9595,2,9595,-,-, -,-, -
02127400,YTI CAREER INSTITUTE,PA,174029017,Proprietary,623,786,2216914,1848,2215748,628,789,2691979,1868,2689979,-,-, -,-, -,41,54,271911,132,271911,-,-, -,-, -
02128200,BRIDGES BEAUTY COLLEGE,CA,923953821,Proprietary,70,74,170237,143,170237,58,60,77847,123,77847,-,-, -,-, -,1,1,4685,2,4685,-,-, -,-, -
02128300,INSTITUTE FOR BUSINESS & TECHNOLOGY,CA,951340000,Proprietary,1191,1224,3776419,2417,3776419,1189,1236,5192149,2424,5192149,-,-, -,-, -,66,67,598587,135,598587,-,-, -,-, -
02129000,TRIANGLE TECH,PA,156013304,Proprietary,98,133,509479,258,507229,107,153,512379,295,511254,-,-, -,-, -,40,55,528047,108,528047,-,-, -,-, -
02131600,PENNCO TECH,NJ,080129961,Proprietary,828,997,2602176,1963,2602176,797,961,3177498,1915,3177498,-,-, -,-, -,104,125,886595,247,886595,-,-, -,-, -
02132300,FORTIS INSTITUTE,NJ,074707041,Proprietary,1426,1681,4425486,4023,4397223,1427,1759,5798554,4191,5759156,-,-, -,-, -,170,194,1018319,474,1018319,-,-, -,-, -
02132800,NATIONAL CONSERVATORY OF DRAMATIC ARTS,DC,200072758,Private-Nonprofit,8,10,34018,19,34018,6,7,28232,13,28232,-,-, -,-, -,-,-, -,-, -,-,-, -,-, -
02133400,UNIVERSITY OF CAMBRIDGE - SIDNEY SUSSEX COLLEGE,,CB2   3HU,Foreign-Private,-,-, -,-, -,-,-, -,-, -,2,2,41000,4,41000,-,-, -,-, -,2,2,55083,4,55083
02134500,LA' JAMES INTERNATIONAL COLLEGE,IA,528063452,Proprietary,112,120,351358,233,351358,111,118,418939,231,418939,-,-, -,-, -,5,6,61141,12,61141,-,-, -,-, -
02134800,OLD TOWN BARBER  COLLEGE,KS,672111693,Proprietary,102,116,283033,210,283033,100,113,337066,200,337066,-,-, -,-, -,3,3,24804,5,24804,-,-, -,-, -
02136600,WISCONSIN LUTHERAN COLLEGE,WI,532264626,Private-Nonprofit,527,535,2097024,975,2097024,641,660,2200053,1214,2200053,20,23,161845,43,161845,131,144,1985557,253,1968158,-,-, -,-, -
02137000,ROB ROY ACADEMY,MA,027803212,Proprietary,15,15,42535,27,42535,16,16,56965,30,56965,-,-, -,-, -,1,1,4000,2,4000,-,-, -,-, -
02137100,SALON PROFESSIONAL ACADEMY (THE),SD,577011745,Proprietary,38,43,105708,81,105708,39,44,118007,85,118007,-,-, -,-, -,-,-, -,-, -,-,-, -,-, -
02138300,PALO ALTO UNIVERSITY,CA,943041337,Private-Nonprofit,10,10,51383,33,50008,10,10,63171,32,59797,676,678,16430206,2068,16281808,-,-, -,-, -,432,436,18842756,1440,18619298
02139500,HAWAII INSTITUTE OF HAIR DESIGN,HI,968175195,Proprietary,48,58,163254,122,163254,29,35,102936,71,102936,-,-, -,-, -,1,2,40268,4,40268,-,-, -,-, -
02140000,RIVERSIDE COLLEGE OF HEALTH SCIENCES,VA,236013808,Private-Nonprofit,207,214,680923,364,679173,209,214,895733,371,894733,-,-, -,-, -,9,10,144914,22,144914,-,-, -,-, -
02140400,"ST. JOSEPH HOSPITAL OF NASHUA, N.H.",NH,030604161,Private-Nonprofit,64,65,202512,127,202512,72,74,338348,141,338348,-,-, -,-, -,-,-, -,-, -,-,-, -,-, -
02140700,CANTON CITY SCHOOL DISTRICT ADULT CAREER & TECHNICAL EDUCATION,OH,447022019,Public,59,82,210857,153,210857,57,80,304100,148,304100,-,-, -,-, -,-,-, -,-, -,-,-, -,-, -
02140800,MARTIN UNIVERSITY,IN,462183878,Private-Nonprofit,114,114,415450,214,386579,113,113,593880,215,539834,36,36,596133,85,575634,1,1,2754,2,2754,3,3,19341,5,19341
02141500,SAVANNAH COLLEGE OF ART AND DESIGN,GA,314014592,Private-Nonprofit,4321,4963,17415323,11963,17415323,4909,5623,16043501,13859,16043501,853,1203,15416229,2383,15416229,2383,2944,90282999,7069,90282999,367,547,7187124,1079,7187124
02142000,UNIVERSITY OF CAMBRIDGE - HOMERTON COLLEGE,,CB2   8PH,Foreign-Private,1,1,5500,2,5500,2,2,4000,4,4000,4,4,71750,7,71750,2,2,97383,4,97383,4,4,129226,9,129226
02142200,LEX LA RAY TECHNICAL CENTER,MO,640671525,Public,10,18,48247,34,48247,12,21,67161,39,67161,-,-, -,-, -,-,-, -,-, -,-,-, -,-, -
02143400,SALISH KOOTENAI COLLEGE,MT,598550000,Public,85,85,305059,213,305059,59,61,198141,147,198141,3,3,27000,6,27000,-,-, -,-, -,-,-, -,-, -
02143500,STERLING COLLEGE,VT,058270072,Private-Nonprofit,30,55,119501,111,119501,26,51,92349,104,92349,-,-, -,-, -,5,5,50559,10,50559,-,-, -,-, -
02144000,BEAUTY INSTITUTE (THE),PA,180521629,Proprietary,93,106,295144,199,294269,90,103,375897,194,373565,-,-, -,-, -,21,22,100503,42,100503,-,-, -,-, -
02144800,VET TECH INSTITUTE OF HOUSTON,TX,770279881,Proprietary,183,220,776057,402,776057,191,352,964514,659,964514,-,-, -,-, -,60,75,643297,140,643297,-,-, -,-, -
02145800,CAYUGA ONONDAGA BOCES,NY,130219430,Public,29,46,111379,87,111379,26,40,150636,76,150636,-,-, -,-, -,-,-, -,-, -,-,-, -,-, -
02146000,WAYNE - FINGER LAKES BOCES,NY,145131863,Public,32,51,118051,95,118051,32,53,165941,100,165941,-,-, -,-, -,-,-, -,-, -,-,-, -,-, -
02146600,SOUTH MOUNTAIN COMMUNITY COLLEGE,AZ,850425898,Public,439,512,1362224,946,1362224,165,221,619723,418,619723,-,-, -,-, -,-,-, -,-, -,-,-, -,-, -
02149700,UNIVERSITY OF WINCHESTER (THE),,S022 4NR,Foreign-Private,11,11,45750,21,45750,11,11,34500,22,34500,6,6,104000,17,104000,7,8,222770,16,222770,4,5,86885,13,86885
02149900,PAUL MITCHELL THE SCHOOL JACKSONVILLE,FL,322464737,Proprietary,101,111,295605,207,293855,105,114,352029,215,352029,-,-, -,-, -,14,16,113390,30,113390,-,-, -,-, -
02150600,COSMETOLOGY AND SPA ACADEMY,IL,600144003,Proprietary,427,485,1470358,889,1386762,446,518,2024370,957,1906121,-,-, -,-, -,54,60,490136,112,488252,-,-, -,-, -
02151500,CENTRAL SUSQUEHANNA LPN CAREER CENTER,PA,178479756,Public,57,75,224873,146,224873,64,89,355115,173,355115,-,-, -,-, -,13,18,135631,33,135631,-,-, -,-, -
02151900,KEISER UNIVERSITY,FL,333093700,Private-Nonprofit,14907,19517,64155613,36907,64155613,14667,19021,80527436,35867,80527436,1994,2866,43756174,5511,43756174,1684,2138,24777451,4109,24777451,827,1127,28088454,2187,28088454
02153100,PAUL MITCHELL THE SCHOOL MURFREESBORO,TN,371293382,Proprietary,323,351,959097,640,959097,319,348,1116523,642,1116523,-,-, -,-, -,35,35,326024,72,326024,-,-, -,-, -
02153600,BROOME DELAWARE TIOGA BOCES PROGRAM OF PRACTICAL NURSING,NY,139051699,Public,41,41,91353,76,91353,38,39,129481,74,129481,-,-, -,-, -,-,-, -,-, -,-,-, -,-, -
02154400,BEAU MONDE ACADEMY OF BARBERING AND COSMETOLOGY,OR,972321315,Proprietary,43,43,114258,76,114258,41,41,163260,78,163260,-,-, -,-, -,1,1,7853,2,7853,-,-, -,-, -
02155300,CHICAGO SCHOOL OF PROFESSIONAL PSYCHOLOGY,CA,900173830,Private-Nonprofit,366,506,1612675,868,1612675,349,464,2077964,803,2077964,4090,5528,104102346,10664,104101953,5,5,79355,10,79355,2688,3639,103401552,8146,103401552
02156800,UNIVERSITY OF OTAGO,,9016,Foreign-Private,4,4,20000,8,20000,7,7,31500,14,31500,7,7,80840,12,80840,4,4,64647,8,64647,4,4,31753,6,31753
02157100,CONCORDE CAREER COLLEGE,TN,381370132,Proprietary,1805,2147,6431169,4760,6430919,1755,2039,9098286,4640,9097858,-,-, -,-, -,96,104,1540676,236,1540676,-,-, -,-, -
02157900,ROCHESTER GENERAL-ISABELLA GRAHAM HART SCHOOL OF PRACTICAL NURSING,NY,146222477,Private-Nonprofit,82,98,195944,163,195944,49,55,127526,94,127526,-,-, -,-, -,2,2,14918,3,14918,-,-, -,-, -
02158200,WASHINGTON SARATOGA WARREN HAMILTON ESSEX BOCES,NY,128391053,Public,32,59,142436,115,142436,31,56,211082,109,211082,-,-, -,-, -,1,1,15000,2,15000,-,-, -,-, -
02158300,MIFFLIN COUNTY ACADEMY OF SCIENCE AND TECHNOLOGY,PA,170441675,Public,33,33,76088,49,76088,34,34,102874,50,102874,-,-, -,-, -,4,4,33000,8,33000,-,-, -,-, -
02158500,OHIO BUSINESS COLLEGE,OH,440350701,Proprietary,354,393,1138026,1014,1131546,351,389,1545072,975,1538406,-,-, -,-, -,13,13,112251,43,112251,-,-, -,-, -
02159600,BAPTIST UNIVERSITY OF FLORIDA,FL,324403306,Private-Nonprofit,53,62,187108,82,187108,43,51,141505,69,141505,4,5,14825,6,14825,2,3,29500,4,29500,-,-, -,-, -
02159700,NEW HOPE CHRISTIAN COLLEGE,OR,974051194,Private-Nonprofit,35,35,123836,54,123836,32,32,102203,51,102203,-,-, -,-, -,-,-, -,-, -,-,-, -,-, -
02160100,FINGER LAKES- GENEVA GENERAL,NY,144561651,Private-Nonprofit,68,70,201329,121,201329,75,77,384535,134,384535,-,-, -,-, -,-,-, -,-, -,-,-, -,-, -
02160900,PCI ACADEMY,IA,500106062,Proprietary,273,307,865289,581,865289,292,339,966143,649,966143,-,-, -,-, -,70,75,712467,145,712467,-,-, -,-, -
02161800,MUSICIANS INSTITUTE,CA,900286157,Proprietary,243,335,669306,689,669306,254,348,909729,715,909729,-,-, -,-, -,62,78,1625743,170,1625743,-,-, -,-, -
02163300,UNIVERSIDAD CENTRAL DEL CARIBE,PR,009606032,Private-Nonprofit,25,31,107700,61,107700,15,18,20225,36,20225,386,438,16137891,877,16137891,-,-, -,-, -,227,324,4129168,631,4129168
02163600,WILLIAM JAMES COLLEGE,MA,024593211,Private-Nonprofit,15,21,66438,41,66438,9,11,40296,26,40296,436,613,14650712,1409,14650712,-,-, -,-, -,324,525,11591988,865,11591988
02164300,DON ROBERTS SCHOOL OF HAIR DESIGN,IN,463759999,Proprietary,18,18,53962,35,53962,19,20,68620,39,68620,-,-, -,-, -,3,4,28566,7,28566,-,-, -,-, -
02165100,EDP UNIVERSITY OF PUERTO RICO,PR,009192303,Private-Nonprofit,2861,2937,10920291,4444,10920291,2553,2609,13484984,4230,13484984,117,124,1386855,250,1386855,-,-, -,-, -,-,-, -,-, -
02166000,CENTRO DE ESTUDIOS AVANZADOS DE PUERTO RICO Y EL CARIBE,PR,009013970,Private-Nonprofit,-,-, -,-, -,-,-, -,-, -,168,178,1785449,332,1785449,-,-, -,-, -,14,14,224135,26,224135
02166100,ELAINE P. NUNEZ COMMUNITY COLLEGE,LA,700431249,Public,944,1013,3108997,1809,3085711,851,924,4133526,1653,4088526,-,-, -,-, -,3,3,18183,5,18183,-,-, -,-, -
02166200,ITI TECHNICAL COLLEGE,LA,708175927,Proprietary,450,562,1739966,1378,1739966,382,464,1257695,1121,1257695,-,-, -,-, -,64,78,324626,191,324626,-,-, -,-, -
02167400,UNIVERSITY OF CAMBRIDGE - CORPUS CHRISTI COLLEGE,,CB2   1RH,Foreign-Private,-,-, -,-, -,-,-, -,-, -,3,3,61500,6,61500,-,-, -,-, -,3,3,148484,6,148484
02167800,ESTES INSTITUTE OF COSMETOLOGY ARTS & SCIENCES,CA,932916354,Proprietary,32,37,81235,71,75985,25,27,55501,51,51776,-,-, -,-, -,2,2,11800,4,11800,-,-, -,-, -
02168600,EAST-WEST UNIVERSITY,IL,606052185,Private-Nonprofit,358,359,1215358,848,1052838,342,343,749371,812,649846,-,-, -,-, -,6,7,71186,17,67475,-,-, -,-, -
02168900,KANSAS CHRISTIAN COLLEGE,KS,662041975,Private-Nonprofit,99,113,372152,340,372152,97,110,366439,334,366439,-,-, -,-, -,7,7,71782,22,71782,-,-, -,-, -
02169100,DAVIS COLLEGE,NY,137902700,Private-Nonprofit,20,22,80730,38,80730,21,22,78494,39,78494,-,-, -,-, -,3,3,38110,5,38110,-,-, -,-, -
02169600,CLEARFIELD COUNTY CAREER AND TECHNOLOGY CENTER,PA,168309702,Public,21,32,80749,48,80749,22,34,102196,49,102196,-,-, -,-, -,-,-, -,-, -,-,-, -,-, -
02169900,ASSABET VALLEY REGIONAL VOCATIONAL SCHOOL,MA,017521288,Public,27,27,82408,48,82408,23,23,120500,42,120500,-,-, -,-, -,-,-, -,-, -,-,-, -,-, -
02170000,SWEDISH INSTITUTE,NY,100016700,Proprietary,1301,1538,5108217,3369,4637306,1294,1531,6765144,3343,6198257,-,-, -,-, -,26,27,246028,65,237192,-,-, -,-, -
02170200,ALBANY SCHOHARIE SCHENECTADY SARATOGA BOCES PRACTICAL NURSING PROGRAM,NY,122051009,Public,149,242,560347,724,555097,148,241,846334,722,837334,-,-, -,-, -,5,5,73989,20,73989,-,-, -,-, -
02170600,UNITED STATES SPORTS ACADEMY,AL,365267055,Private-Nonprofit,70,70,247033,118,247033,77,77,349426,127,349426,92,92,1350429,172,1350429,4,4,53461,9,53461,5,5,81500,7,81500
02171900,AILEY SCHOOL (THE),NY,100194402,Private-Nonprofit,27,27,108500,49,98250,29,29,105000,54,96000,-,-, -,-, -,13,13,305450,24,277573,-,-, -,-, -
02172700,CONCORDE CAREER INSTITUTE,FL,336074165,Proprietary,467,567,1717978,1243,1717978,461,559,2385112,1253,2385112,-,-, -,-, -,74,80,730970,178,730970,-,-, -,-, -
02172800,DUTCHESS BOCES SCHOOL OF PRACTICAL NURSING,NY,126016599,Public,39,40,129619,104,129619,39,40,180205,104,180205,-,-, -,-, -,1,1,6000,1,6000,-,-, -,-, -
02173200,EMPIRE BEAUTY SCHOOL,NY,100013010,Proprietary,1270,1451,3292114,2575,3292114,1229,1417,4272775,2590,4270775,-,-, -,-, -,175,186,1283443,338,1283443,-,-, -,-, -
02174400,TRIANGLE TECH,PA,158409544,Proprietary,72,102,410778,201,410778,75,105,347000,205,347000,-,-, -,-, -,26,30,237956,59,237956,-,-, -,-, -
02175800,CENTRA COLLEGE,VA,245011109,Private-Nonprofit,185,185,551415,287,551415,186,190,690063,291,690063,-,-, -,-, -,11,12,122331,16,122331,-,-, -,-, -
02177500,RIO SALADO COMMUNITY COLLEGE,AZ,852816948,Public,1057,1385,2754693,2136,2754693,487,660,1583921,1058,1583921,-,-, -,-, -,-,-, -,-, -,-,-, -,-, -
02177700,UNIVERSITY OF CAMBRIDGE - KING'S COLLEGE,,CB2   1ST,Foreign-Private,1,1,3500,2,3500,1,1,2000,2,2000,2,2,41000,4,41000,1,1,45303,2,45303,2,2,147188,5,147188
02178200,CHARLESTON SCHOOL OF BEAUTY CULTURE,WV,253042024,Proprietary,34,35,104029,62,90029,38,39,158498,69,141860,-,-, -,-, -,-,-, -,-, -,-,-, -,-, -
02178500,EAGLE GATE COLLEGE,UT,841235798,Proprietary,810,1038,3997259,1962,3994134,816,1051,4832347,1988,4827847,60,76,1187137,148,1187137,18,23,287272,45,287272,39,50,851210,99,851210
02178700,CITRUS HEIGHTS BEAUTY COLLEGE,CA,956101410,Proprietary,60,67,155373,132,154207,62,71,193305,140,191305,-,-, -,-, -,3,3,38148,6,38148,-,-, -,-, -
02179400,EASTERN SUFFOLK BOCES,NY,117820000,Public,164,164,480712,315,480712,163,169,682007,325,682007,-,-, -,-, -,16,16,182406,32,182406,-,-, -,-, -
02179600,EMPIRE BEAUTY SCHOOLS,NH,038781592,Proprietary,80,96,255371,180,253621,89,111,297320,207,294320,-,-, -,-, -,20,21,180531,42,180531,-,-, -,-, -
02180100,ROSS MEDICAL EDUCATION CENTER,MI,480712565,Proprietary,474,476,1395736,837,1385236,451,464,1812250,830,1793265,-,-, -,-, -,-,-, -,-, -,-,-, -,-, -
02180500,MIDDLESEX UNIVERSITY,,NW4 4BT,Foreign-Private,22,22,93841,43,93841,24,24,93977,46,93977,8,8,164000,24,164000,8,8,260128,17,260128,6,6,191580,18,191580
02181600,ROB ROY ACADEMY,MA,016092038,Proprietary,73,73,215595,129,215595,71,71,313423,130,313423,-,-, -,-, -,8,8,88492,16,88492,-,-, -,-, -
02182900,CAMBRIDGE COLLEGE,MA,021291647,Private-Nonprofit,322,335,1086430,668,1086430,339,368,1651001,728,1649168,752,960,7672150,1796,7666669,1,2,14555,4,14555,16,26,176175,36,176175
02183000,ORLEANS TECHNICAL COLLEGE,PA,191141014,Private-Nonprofit,237,237,773976,451,772226,234,234,932122,449,931122,-,-, -,-, -,42,42,342935,79,339884,-,-, -,-, -
02183500,UNIVERSITY OF OXFORD - WYCLIFFE HALL,,OX2   6PW,Foreign-Private,-,-, -,-, -,-,-, -,-, -,4,4,64000,11,64000,-,-, -,-, -,3,3,117684,11,117684
02184400,JENKS BEAUTY COLLEGE,OK,740373750,Proprietary,90,93,217878,182,217878,80,81,190519,167,190519,-,-, -,-, -,-,-, -,-, -,-,-, -,-, -
02185400,SAINT AUGUSTINE COLLEGE,IL,606403593,Private-Nonprofit,41,41,164925,70,164925,32,32,167868,54,167868,-,-, -,-, -,-,-, -,-, -,-,-, -,-, -
02185800,MOLER BARBER COLLEGE,CA,946071931,Proprietary,353,385,833598,697,828414,342,376,1173446,690,1166446,-,-, -,-, -,23,23,115067,44,115067,-,-, -,-, -
02186000,UNIVERSITY OF CAMBRIDGE - MAGDALENE COLLEGE,,CB3   0AG,Foreign-Private,-,-, -,-, -,-,-, -,-, -,1,1,20500,2,20500,-,-, -,-, -,1,1,39439,2,39439
02186100,UNIVERSITY OF CAMBRIDGE - EMMANUEL COLLEGE,,CB2 3AP,Foreign-Private,-,-, -,-, -,-,-, -,-, -,2,2,27550,4,27550,-,-, -,-, -,1,1,14868,2,14868
02187900,ASHTABULA COUNTY TECHNICAL AND CAREER CAMPUS,OH,440479487,Public,41,58,153704,106,153704,39,56,225726,103,225726,-,-, -,-, -,-,-, -,-, -,-,-, -,-, -
02188300,PENTECOSTAL THEOLOGICAL SEMINARY,TN,373203330,Private-Nonprofit,-,-, -,-, -,-,-, -,-, -,115,156,1359610,265,1359610,-,-, -,-, -,7,7,118287,15,118287
02188900,HOBE SOUND BIBLE COLLEGE,FL,334557734,Private-Nonprofit,6,6,26000,12,26000,5,5,31000,10,31000,-,-, -,-, -,-,-, -,-, -,-,-, -,-, -
02189000,MID-EAST CAREER AND TECHNOLOGY CENTERS - ADULT EDUCATION,OH,437014600,Public,136,136,374890,437,374890,136,136,539281,440,539281,-,-, -,-, -,8,8,57153,30,57153,-,-, -,-, -
02189100,CEM COLLEGE,PR,009261931,Proprietary,57,75,119037,144,103871,35,46,91989,86,82406,-,-, -,-, -,-,-, -,-, -,-,-, -,-, -
02190400,SCHILLING - DOUGLAS SCHOOL OF HAIR DESIGN,DE,197110000,Proprietary,110,120,303129,227,301379,108,117,334444,245,331444,-,-, -,-, -,5,5,28513,11,28513,-,-, -,-, -
02190700,FORTIS COLLEGE,OH,454592712,Proprietary,1252,1668,4370455,3960,4360484,1256,1535,6291256,3690,6277256,-,-, -,-, -,89,104,770748,265,770748,-,-, -,-, -
02192100,BUTLER TECHNOLOGY AND CAREER DEVELOPMENT SCHOOLS,OH,450502299,Public,154,154,403954,401,403954,154,154,544166,398,544166,-,-, -,-, -,9,9,119809,25,119809,-,-, -,-, -
02192200,THOMAS EDISON STATE UNIVERSITY,NJ,086081176,Public,1078,1299,3132595,1906,3132595,1107,1322,4947378,1907,4947378,256,350,3412275,681,3412275,3,3,11500,3,11500,20,27,185606,42,185606
02192800,WALNUT HILL COLLEGE,PA,191043596,Proprietary,91,126,452335,282,387003,96,137,377039,322,335378,-,-, -,-, -,21,33,407341,86,371499,-,-, -,-, -
02194800,"UNIVERSITY OF THE WEST OF ENGLAND, BRISTOL",,BS16 1QY,Foreign-Private,13,13,49750,25,49750,15,15,49500,28,49500,20,21,388167,58,388167,7,7,212294,13,212294,15,15,349349,43,349349
02195100,UNIVERSITY OF WESTMINSTER,,W1B 2HW,Foreign-Private,25,25,114429,50,114429,28,28,116071,56,116071,40,40,757681,115,757681,11,11,359136,27,359136,27,27,906146,87,906146
02195800,LICEO DE ARTE Y TECNOLOGÍA,PR,009183429,Proprietary,101,126,371930,239,371930,69,87,285412,167,285412,-,-, -,-, -,-,-, -,-, -,-,-, -,-, -
02196300,COLLINS CAREER TECHNICAL CENTER,OH,456197962,Public,341,418,1173774,800,1173774,314,384,1618696,741,1618696,-,-, -,-, -,-,-, -,-, -,-,-, -,-, -
02196700,GUILDHALL SCHOOL OF MUSIC & DRAMA,,EC2Y  8DT,Foreign-Private,3,3,12500,9,12500,4,4,20500,12,20500,7,7,135000,27,135000,1,1,51830,3,51830,5,5,169024,19,169024
02197900,NORTH BENNET STREET SCHOOL,MA,021090000,Private-Nonprofit,52,54,187947,104,187947,47,47,244937,91,244937,-,-, -,-, -,3,3,94722,6,94722,-,-, -,-, -
02198900,MICHIGAN SCHOOL OF PSYCHOLOGY,MI,483344512,Private-Nonprofit,-,-, -,-, -,-,-, -,-, -,138,138,3634865,397,3634865,-,-, -,-, -,90,107,4415363,277,4415363
02199300,ORLEANS NIAGARA BOCES,NY,141030000,Public,31,31,100226,61,100226,30,30,155000,57,155000,-,-, -,-, -,-,-, -,-, -,-,-, -,-, -
02199700,HERITAGE CHRISTIAN UNIVERSITY,AL,356306245,Private-Nonprofit,7,8,16875,15,16875,5,6,12500,12,12500,4,5,10694,10,10694,-,-, -,-, -,-,-, -,-, -
02201100,COLUMBIA BIBLE COLLEGE,,V2T   2Z8,Foreign-Private,3,3,6664,5,6664,3,3,15084,5,15084,-,-, -,-, -,-,-, -,-, -,-,-, -,-, -
02202200,STYLEMASTERS COLLEGE OF HAIR DESIGN,WA,986323027,Proprietary,54,60,159517,112,159517,51,55,212118,101,212118,-,-, -,-, -,1,1,9601,2,9601,-,-, -,-, -
02202400,UNIVERSITY OF AESTHETICS & COSMETOLOGY,AR,717303349,Proprietary,43,50,142975,96,142975,47,54,165023,103,165023,-,-, -,-, -,4,4,33614,8,33614,-,-, -,-, -
02202500,NEW ENGLAND TRACTOR TRAILER TRAINING SCHOOL OF CONNECTICUT,CT,060712036,Proprietary,1147,1175,2608185,2117,2608185,1131,1195,4145490,2168,4145490,-,-, -,-, -,71,71,284302,131,283470,-,-, -,-, -
02202600,CANNELLA SCHOOL OF HAIR DESIGN,IL,601811321,Proprietary,19,19,56101,36,56101,-,-, -,-, -,-,-, -,-, -,-,-, -,-, -,-,-, -,-, -
02202700,OZARK CHRISTIAN COLLEGE,MO,648014804,Private-Nonprofit,243,257,914872,477,914872,244,250,857598,470,857598,28,32,325901,67,325901,30,31,310085,54,310085,-,-, -,-, -
02203300,GENE JUAREZ ACADEMY,WA,980035087,Proprietary,82,86,239149,156,239149,69,73,248608,129,248608,-,-, -,-, -,2,2,13604,3,13604,-,-, -,-, -
02203900,ERIE INSTITUTE OF TECHNOLOGY,PA,165651002,Proprietary,139,148,412499,353,412499,137,147,498558,355,498558,-,-, -,-, -,8,8,68275,22,68275,-,-, -,-, -
02204200,"CHATTANOOGA COLLEGE - MEDICAL, DENTAL AND TECHNICAL CAREERS",TN,374156906,Proprietary,585,654,1895970,1582,1852729,548,605,2067323,1560,2022858,-,-, -,-, -,19,20,118596,59,118596,-,-, -,-, -
02205000,COLLEGE OF WILMINGTON,NC,284030000,Proprietary,106,108,255297,193,255297,97,99,314474,183,314474,-,-, -,-, -,10,10,88288,22,88288,-,-, -,-, -
02206000,HUNTER BUSINESS SCHOOL,NY,117561331,Proprietary,731,788,2392577,1535,2378161,725,782,3127645,1527,3106876,-,-, -,-, -,74,75,690443,146,684724,-,-, -,-, -
02206200,BEAUTY INSTITUTE (THE),PA,190024527,Proprietary,147,178,422955,323,418289,137,170,444196,313,437229,-,-, -,-, -,25,27,151186,54,151186,-,-, -,-, -
02206300,BEAUTY INSTITUTE (THE),PA,183601720,Proprietary,31,38,108500,73,106750,29,35,107844,67,106844,-,-, -,-, -,4,4,41943,9,41943,-,-, -,-, -
02207300,UNIVERSITY OF CAMBRIDGE - CHRIST'S COLLEGE,,CB2   3BU,Foreign-Private,-,-, -,-, -,-,-, -,-, -,3,3,61500,6,61500,-,-, -,-, -,2,2,96119,4,96119
02209200,DORSEY SCHOOL OF BEAUTY,MI,481801866,Proprietary,192,212,609953,375,597953,191,212,841640,385,825974,-,-, -,-, -,25,29,121714,54,115714,-,-, -,-, -
02209500,UNIVERSITEIT UTRECHT,,3584 CS,Foreign-Private,14,14,54877,27,54877,15,16,67123,30,67123,31,31,596377,61,596377,4,4,80858,8,80858,18,20,165939,39,165939
02210000,UNIVERSITY OF LONDON - LONDON SCHOOL OF HYGIENE & TROPICAL MEDICINE,,WC1E 7HT,Foreign-Private,-,-, -,-, -,-,-, -,-, -,32,32,630622,96,630622,-,-, -,-, -,23,23,812546,69,812546
02211000,SALON SUCCESS ACADEMY,CA,925064018,Proprietary,173,196,434449,386,433574,166,188,482754,480,482232,-,-, -,-, -,3,4,17993,8,17993,-,-, -,-, -
02211600,PAUL MITCHELL THE SCHOOL PORTSMOUTH,NH,038014084,Proprietary,45,63,193299,124,193299,53,75,217591,152,217591,-,-, -,-, -,7,7,84400,14,84400,-,-, -,-, -
02211900,CHEEKS BEAUTY ACADEMY,WY,820014413,Proprietary,90,103,277988,197,277988,66,77,205285,151,205285,-,-, -,-, -,-,-, -,-, -,-,-, -,-, -
02212300,UNIVERSITY OF CAMBRIDGE - ROBINSON COLLEGE,,CB3   9AN,Foreign-Private,-,-, -,-, -,-,-, -,-, -,1,1,20500,2,20500,-,-, -,-, -,1,1,37913,2,37913
02212700,LANCASTER SCHOOL OF COSMETOLOGY & THERAPEUTIC BODYWORK,PA,176023222,Proprietary,161,165,296682,309,296682,152,159,360081,291,360081,-,-, -,-, -,1,1,989,1,989,-,-, -,-, -
02214100,OAK POINT UNIVERSITY,IL,606221711,Private-Nonprofit,244,258,912180,340,894155,233,250,1053770,322,1041020,30,31,440900,48,440900,7,9,121042,12,121042,1,1,9500,1,9500
02216400,TYNDALE UNIVERSITY,,M2M 3S4,Foreign-Private,2,2,7500,4,7500,3,3,23001,6,23001,-,-, -,-, -,-,-, -,-, -,-,-, -,-, -
02217100,PIMA MEDICAL INSTITUTE,AZ,857122801,Proprietary,7698,8917,30701585,15880,30607745,7696,9182,40739987,16439,40586539,98,134,1314097,242,1308812,992,1057,8251464,1964,8238044,-,-, -,-, -
02218000,CARRINGTON COLLEGE,ID,837040000,Proprietary,926,1128,3589763,2813,3532525,948,1159,4837955,2867,4778076,-,-, -,-, -,69,87,775476,225,757060,-,-, -,-, -
02218300,SOUTHWEST SCHOOL OF BUSINESS & TECHNICAL CAREERS,TX,782211038,Proprietary,72,72,240274,141,240274,71,71,148099,139,148099,-,-, -,-, -,-,-, -,-, -,-,-, -,-, -
02218800,BROOKLINE COLLEGE,AZ,850215815,Proprietary,1350,1736,5972177,3255,5972177,1304,1678,7489536,3144,7489536,18,28,294212,54,294212,56,68,625793,126,625793,-,-, -,-, -
02219500,MILDRED ELLEY,NY,122061513,Proprietary,1642,2013,6027251,3334,6027251,1571,1992,8389293,3330,8389293,-,-, -,-, -,24,31,209699,51,209699,-,-, -,-, -
02220400,CATHERINE HINDS INSTITUTE OF ESTHETICS,MA,018016815,Proprietary,173,173,473418,346,473418,177,178,637426,358,637426,-,-, -,-, -,24,24,239017,51,239017,-,-, -,-, -
02220500,GOD'S BIBLE SCHOOL & COLLEGE,OH,452026899,Private-Nonprofit,25,26,91587,38,91587,15,15,70157,27,70157,3,3,36883,5,36883,-,-, -,-, -,-,-, -,-, -
02220800,CAREER & TECHNOLOGY EDUCATION CENTERS OF LICKING COUNTY,OH,430553399,Public,51,54,157162,99,157162,44,47,183690,86,183690,-,-, -,-, -,-,-, -,-, -,-,-, -,-, -
02222000,AMERICAN FILM INSTITUTE CONSERVATORY,CA,900271625,Private-Nonprofit,-,-, -,-, -,-,-, -,-, -,108,119,2055071,205,2044821,-,-, -,-, -,85,95,5301840,172,5301840
02222900,INTERNATIONAL AIR & HOSPITALITY ACADEMY,WA,986614835,Proprietary,235,236,555277,441,555277,229,231,698988,433,698988,-,-, -,-, -,32,33,245005,61,245005,-,-, -,-, -
02223300,MAGDALEN COLLEGE,NH,032784012,Private-Nonprofit,35,35,148977,66,148977,36,37,100561,71,100561,-,-, -,-, -,5,7,84798,13,84798,-,-, -,-, -
02223700,ROBERT FIANCE BEAUTY SCHOOLS,NJ,070934623,Proprietary,180,195,485194,372,485194,171,186,513779,352,513779,-,-, -,-, -,14,14,130007,27,130007,-,-, -,-, -
02224600,TRI-STATE COSMETOLOGY INSTITUTE,TX,779354904,Proprietary,120,131,290402,260,290402,102,106,281012,213,281012,-,-, -,-, -,5,6,29603,12,29603,-,-, -,-, -
02226000,EAST LOS ANGELES COLLEGE,CA,917546099,Public,190,193,646196,352,646196,156,163,667262,294,667262,-,-, -,-, -,-,-, -,-, -,-,-, -,-, -
02228100,STEVEN PAPAGEORGE HAIR ACADEMY,IL,606255103,Proprietary,13,14,36784,25,34888,17,19,86697,36,84017,-,-, -,-, -,1,1,6296,1,6296,-,-, -,-, -
02228500,LIFE CHIROPRACTIC COLLEGE WEST,CA,945452800,Private-Nonprofit,-,-, -,-, -,-,-, -,-, -,531,694,20391586,1873,20391586,-,-, -,-, -,355,573,10249534,1435,10249534
02229100,UNIVERSITY OF LEICESTER,,LE1 7RH,Foreign-Private,1,1,5500,2,5500,3,3,20000,6,20000,8,8,141487,19,141487,-,-, -,-, -,4,4,90885,7,90885
02229600,TEL AVIV UNIVERSITY SACKLER SCHOOL OF MEDICINE,,6997801,Foreign-Private,-,-, -,-, -,-,-, -,-, -,66,66,1305000,130,1305000,-,-, -,-, -,56,57,2373030,112,2373030
02230500,OGLE SCHOOL HAIR SKIN NAILS,TX,761323638,Proprietary,1166,1259,2771868,2291,2742569,1125,1220,3733551,2233,3700093,-,-, -,-, -,126,129,838791,234,830292,-,-, -,-, -
02230600,OGLE SCHOOL HAIR SKIN NAILS,TX,760534650,Proprietary,1403,1472,3308350,2645,3281862,1340,1417,4606931,2588,4565479,-,-, -,-, -,125,125,848468,235,848468,-,-, -,-, -
02231600,MGH INSTITUTE OF HEALTH PROFESSIONS,MA,021294557,Private-Nonprofit,131,135,619540,259,619540,131,136,961683,257,961683,710,925,17524063,1722,17524063,8,8,311750,16,311750,451,593,20993020,1139,20993020
02231900,GEMOLOGICAL INSTITUTE OF AMERICA,CA,920084602,Private-Nonprofit,35,35,102909,69,102909,33,33,158947,65,158947,-,-, -,-, -,-,-, -,-, -,-,-, -,-, -
02232100,UNIVERSITY OF CAMBRIDGE - HUGHES HALL,,CB1   2EW,Foreign-Private,1,1,5500,2,5500,1,1,7000,2,7000,12,12,236191,24,236191,-,-, -,-, -,9,9,446380,19,446380
02232500,UNION COUNTY VOCATIONAL TECHNICAL SCHOOLS,NJ,070762997,Public,-,-, -,-, -,2,2,5500,2,5500,-,-, -,-, -,-,-, -,-, -,-,-, -,-, -
02233300,"ST.  GEORGE'S UNIVERSITY, SCHOOL OF MEDICINE",,,Foreign-For-Profit,-,-, -,-, -,-,-, -,-, -,3729,4820,81095242,6928,81095242,-,-, -,-, -,3816,7221,302186827,8621,302186827
02234500,BOISE BIBLE COLLEGE,ID,837141220,Private-Nonprofit,38,38,115936,59,115936,40,40,136951,61,136951,-,-, -,-, -,2,2,20423,3,20423,-,-, -,-, -
02234600,SHORE BEAUTY SCHOOL,NJ,082342621,Proprietary,207,248,579772,388,579772,203,244,713471,385,713471,-,-, -,-, -,36,36,254723,64,254723,-,-, -,-, -
02235300,LONDON METROPOLITAN UNIVERSITY,,N7 8DB,Foreign-Private,19,19,88500,38,88500,20,20,51500,39,51500,13,13,245333,37,245333,12,12,402541,24,402541,10,10,310659,28,310659
02235600,ERIE 2 - CHAUTAUQUA - CATTARAUGUS BOCES,NY,140069621,Public,21,21,73500,42,73500,21,21,114000,42,114000,-,-, -,-, -,-,-, -,-, -,-,-, -,-, -
02235900,ACADEMY OF HAIR DESIGN # 4,MS,392083503,Proprietary,38,45,138477,86,138477,36,42,84228,86,84228,-,-, -,-, -,-,-, -,-, -,-,-, -,-, -
02237500,LAS VEGAS COLLEGE,NV,891135391,Proprietary,459,534,1731089,1334,1729589,477,560,2613279,1397,2611279,-,-, -,-, -,4,4,60183,11,60183,-,-, -,-, -
02238100,NOVA ACADEMY OF COSMETOLOGY WOODBURY,MN,551252252,Proprietary,38,43,116092,83,116092,40,47,132256,91,132254,-,-, -,-, -,4,4,40794,8,40794,-,-, -,-, -
02238500,CENTRAL OKLAHOMA COLLEGE,OK,731346007,Proprietary,443,477,1325531,1290,1325531,429,463,1735153,1441,1735153,-,-, -,-, -,17,18,98221,48,98221,-,-, -,-, -
02241700,PJ'S COLLEGE OF COSMETOLOGY,IN,471292204,Proprietary,121,132,368976,252,368976,121,132,436366,255,436366,-,-, -,-, -,16,16,136048,32,136048,-,-, -,-, -
02241800,AMERICAN CAREER COLLEGE,CA,900046818,Proprietary,3564,4355,14466871,9412,14458589,3502,4294,19267544,9320,19259794,-,-, -,-, -,361,435,4797676,954,4797676,-,-, -,-, -
02242400,HENRICO COUNTY-SAINT MARY'S HOSPITAL SCHOOL OF PRACTICAL NURSING,VA,232295513,Public,13,15,58550,29,58550,9,11,31124,22,31124,-,-, -,-, -,-,-, -,-, -,-,-, -,-, -
02242500,BASTYR UNIVERSITY,WA,980284966,Private-Nonprofit,37,42,177846,91,177846,37,41,214258,90,214258,495,735,16862616,1587,16862616,-,-, -,-, -,324,339,13423443,1216,13423443
02242700,BERKELEY CITY COLLEGE,CA,947041183,Public,87,87,321752,248,321752,88,90,441761,252,441761,-,-, -,-, -,1,2,17512,4,17512,-,-, -,-, -
02244300,MISSISSIPPI BARBER ACADEMY,MS,392114052,Proprietary,108,124,371592,237,371592,107,123,340251,239,340251,-,-, -,-, -,-,-, -,-, -,-,-, -,-, -
02244400,AMERICAN UNIVERSITY OF THE CARIBBEAN,,,Foreign-For-Profit,-,-, -,-, -,-,-, -,-, -,1246,2084,29247550,2930,29247550,-,-, -,-, -,1319,2246,107096637,3379,107096637
02244900,GOODWIN UNIVERSITY,CT,061189980,Private-Nonprofit,3068,4034,11253134,6095,11253134,3089,4765,15352669,6718,15352669,88,161,1125225,218,1125225,24,36,163286,41,163286,2,3,70255,5,70255
02245400,KEENE BEAUTY ACADEMY,NH,034311513,Proprietary,37,40,97041,73,97041,40,44,130206,81,127206,-,-, -,-, -,3,3,31175,6,31175,-,-, -,-, -
02245600,WARREN COUNTY CAREER CENTER,OH,450361099,Public,46,49,133066,96,133066,53,58,222275,109,222275,-,-, -,-, -,1,1,8012,2,8012,-,-, -,-, -
02246000,"ROSS UNIVERSITY, SCHOOL OF MEDICINE",,BB11093,Foreign-For-Profit,-,-, -,-, -,-,-, -,-, -,2160,3440,46921658,4748,46921658,-,-, -,-, -,2340,3828,174613266,5801,174613266
02246300,ROSS MEDICAL EDUCATION CENTER,OH,452463317,Proprietary,402,402,1221151,729,1210651,387,389,1699234,717,1686242,-,-, -,-, -,1,1,3611,2,3611,-,-, -,-, -
02247000,NEW ENGLAND SCHOOL OF HAIR DESIGN,NH,037842003,Proprietary,3,3,6005,5,6005,3,3,6673,5,6673,-,-, -,-, -,-,-, -,-, -,-,-, -,-, -
02248200,MILAN INSTITUTE OF COSMETOLOGY,NV,895025031,Proprietary,1110,1204,2856247,2227,2783297,1044,1134,3224454,2118,3146965,-,-, -,-, -,82,83,517833,160,517567,-,-, -,-, -
02251200,SCHUYLKILL TECHNOLOGY CENTERS,PA,179312100,Public,33,33,96183,57,87220,34,34,144667,61,138190,-,-, -,-, -,1,1,9000,2,9000,-,-, -,-, -
02251600,ACADEMY OF HAIR DESIGN #6,MS,394017549,Proprietary,45,50,141169,87,141169,43,48,151651,83,151651,-,-, -,-, -,1,1,3877,2,3877,-,-, -,-, -
02251700,FOSTER'S COSMETOLOGY AND BARBER COLLEGE,MS,386630066,Proprietary,19,21,67562,42,67562,10,11,24396,22,24396,-,-, -,-, -,-,-, -,-, -,-,-, -,-, -
02253700,INTELLITEC COLLEGE,CO,809096096,Proprietary,610,709,1869746,1312,1869746,584,686,2464534,1280,2464534,-,-, -,-, -,1,1,6039,1,6039,-,-, -,-, -
02255400,TONI&GUY HAIRDRESSING ACADEMY,CA,900363901,Proprietary,26,26,25756,37,25756,25,25,36904,35,36904,-,-, -,-, -,3,3,11289,4,11289,-,-, -,-, -
02256200,BROKEN ARROW BEAUTY COLLEGE,OK,741332549,Proprietary,69,77,202273,143,192357,66,71,208314,134,195314,-,-, -,-, -,2,2,4364,3,4364,-,-, -,-, -
02257400,ARNOLD'S BEAUTY SCHOOL,TN,383582713,Proprietary,15,22,60263,42,60263,17,25,72147,49,72147,-,-, -,-, -,-,-, -,-, -,-,-, -,-, -
02257700,HAYS ACADEMY OF HAIR DESIGN,KS,676013685,Proprietary,91,125,366736,241,366736,82,119,380495,232,380495,-,-, -,-, -,3,5,66124,11,66124,-,-, -,-, -
02257900,INTERNATIONAL ACADEMY,FL,321193541,Proprietary,144,148,310744,242,310744,137,142,494085,237,494085,-,-, -,-, -,3,3,23401,6,23401,-,-, -,-, -
02258400,AVEDA ARTS & SCIENCES INSTITUTE BATON ROUGE,LA,708162246,Proprietary,164,200,571506,384,571506,166,199,604767,390,604767,-,-, -,-, -,10,10,105495,20,105495,-,-, -,-, -
02259400,AMBERTON UNIVERSITY,TX,750414707,Private-Nonprofit,25,33,113791,92,113791,24,32,134099,87,134099,236,325,3397043,919,3331845,-,-, -,-, -,4,7,95002,19,95002
02260200,DIESEL DRIVING ACADEMY,LA,711095209,Proprietary,229,240,415773,407,414607,179,186,591332,346,589332,-,-, -,-, -,6,6,12049,10,12049,-,-, -,-, -
02260600,NUC UNIVERSITY,PR,009602036,Proprietary,14667,17881,57514136,54647,57506443,13241,16114,71849373,48392,71835163,1507,1928,28260041,6412,28260041,198,206,1211425,592,1211425,11,15,223639,49,223639
02260800,HUERTAS COLLEGE,PR,007260000,Proprietary,118,121,417500,227,417500,110,113,525398,211,525398,-,-, -,-, -,1,1,12630,3,12630,-,-, -,-, -
02261200,G SKIN & BEAUTY INSTITUTE,IL,601953112,Proprietary,372,379,933789,700,932685,375,382,1357572,721,1355679,-,-, -,-, -,51,52,437431,102,437431,-,-, -,-, -
02262100,HAIR PROFESSIONALS SCHOOL OF COSMETOLOGY,IL,605439175,Proprietary,90,100,273203,189,273203,89,100,380786,192,380786,-,-, -,-, -,5,6,50879,12,50879,-,-, -,-, -
02262500,FAUST INSTITUTE OF COSMETOLOGY,IA,513601649,Proprietary,12,17,42147,29,42147,11,15,31128,25,31128,-,-, -,-, -,2,4,28102,8,28102,-,-, -,-, -
02263700,MIAMI VALLEY CAREER TECHNOLOGY CENTER,OH,453154531,Public,19,19,41058,19,41058,20,20,53446,20,53446,-,-, -,-, -,-,-, -,-, -,-,-, -,-, -
02266400,CENTRAL CHRISTIAN COLLEGE OF THE BIBLE,MO,652701997,Private-Nonprofit,69,69,259090,132,259090,63,64,220060,117,220060,6,6,57601,10,57601,15,16,121385,31,121385,-,-, -,-, -
02266600,ST GEORGE'S HOSPITAL MEDICAL SCHOOL,,SW17  0RE,Foreign-Private,-,-, -,-, -,-,-, -,-, -,5,5,102500,15,102500,-,-, -,-, -,5,5,158825,15,158825
02267100,EXPOSITO SCHOOL OF HAIR DESIGN,TX,791093208,Proprietary,11,11,31466,20,29716,8,8,27666,14,24666,-,-, -,-, -,1,1,6838,2,6838,-,-, -,-, -
02267600,SOFIA UNIVERSITY,CA,943034624,Proprietary,4,4,12833,9,12833,7,7,35003,16,35003,143,143,2407243,441,2407243,-,-, -,-, -,99,99,3750586,337,3750586
02269700,AVEDA INSTITUTE MARYLAND,MD,210143639,Proprietary,82,90,226403,170,226403,93,105,329002,203,329002,-,-, -,-, -,23,24,254088,48,254088,-,-, -,-, -
02269900,PENNSYLVANIA COLLEGE OF ART & DESIGN,PA,176033528,Private-Nonprofit,214,216,891744,423,891744,221,221,675714,431,675714,-,-, -,-, -,58,60,1170826,118,1170826,-,-, -,-, -
02270500,BUCKS COUNTY SCHOOL OF BEAUTY CULTURE,PA,190537368,Proprietary,42,47,111895,91,111895,39,45,106551,88,106551,-,-, -,-, -,1,1,12220,2,12220,-,-, -,-, -
02270600,LIFE PACIFIC UNIVERSITY,CA,917733298,Private-Nonprofit,264,264,1094042,501,1094042,251,251,1062979,476,1062979,72,72,1020190,139,1020190,38,39,533684,78,533684,-,-, -,-, -
02270800,JOYCE UNIVERSITY OF NURSING AND HEALTH SCIENCES,UT,840206545,Proprietary,1757,2539,8366816,4090,8313548,1844,2569,11602743,4246,11538439,12,15,145041,21,145041,78,102,1230284,190,1223390,-,-, -,-, -
02271300,WISCONSIN SCHOOL OF PROFESSIONAL PSYCHOLOGY,WI,532254960,Private-Nonprofit,-,-, -,-, -,-,-, -,-, -,50,50,1388258,108,1388258,-,-, -,-, -,17,18,238792,25,238792
02271700,UNIVERSITY OF CAMBRIDGE - CLARE HALL,,CB3   9AL,Foreign-Private,-,-, -,-, -,-,-, -,-, -,7,7,133000,14,133000,-,-, -,-, -,5,5,214119,10,214119
02271900,UNIVERSITY OF OXFORD - BLACKFRIARS,,OX1   3LY,Foreign-Private,-,-, -,-, -,-,-, -,-, -,5,5,102500,18,102500,-,-, -,-, -,4,4,191096,14,191096
02272200,UNIVERSITY OF CAMBRIDGE - MURRAY EDWARDS COLLEGE,,CB3   0DF,Foreign-Private,-,-, -,-, -,-,-, -,-, -,2,2,23585,3,23585,-,-, -,-, -,1,1,60112,2,60112
02272700,COLUMBIANA COUNTY VOCATIONAL SCHOOL DISTRICT,OH,444329585,Public,118,120,323397,226,323397,145,149,565607,284,565607,-,-, -,-, -,4,4,15159,8,15159,-,-, -,-, -
02272900,ROCKLAND COUNTY BOCES ADULT EDUCATION,NY,109941025,Public,20,30,67060,54,67060,19,25,86655,44,86655,-,-, -,-, -,1,1,35279,2,35279,-,-, -,-, -
02273400,RECONSTRUCTIONIST RABBINICAL COLLEGE,PA,190951898,Private-Nonprofit,-,-, -,-, -,-,-, -,-, -,29,29,442390,58,442390,-,-, -,-, -,9,13,174625,25,174625
02273600,QUEEN'S UNIVERSITY OF BELFAST (THE),,BT7 1NN,Foreign-Private,13,13,57500,26,57500,17,17,67098,34,67098,49,49,928141,135,928141,11,11,339344,24,339344,34,34,904950,98,904950
02273900,HERIOT-WATT UNIVERSITY,,EH14 4AS,Foreign-Private,2,2,11000,4,11000,3,3,10500,6,10500,6,6,115730,17,115730,2,2,58000,4,58000,3,3,106561,7,106561
02274100,LA' JAMES INTERNATIONAL COLLEGE - DES MOINES,IA,501318813,Proprietary,89,102,293786,199,293786,80,89,267073,174,267073,-,-, -,-, -,4,5,41852,10,41852,-,-, -,-, -
02274300,CONWAY SCHOOL OF LANDSCAPE DESIGN,MA,010603687,Private-Nonprofit,-,-, -,-, -,-,-, -,-, -,13,13,266500,26,266500,-,-, -,-, -,9,9,257660,18,257660
02275000,JENNY LEA ACADEMY OF COSMETOLOGY,TN,376014626,Proprietary,84,98,259824,183,258658,74,86,252555,167,251889,-,-, -,-, -,-,-, -,-, -,-,-, -,-, -
02275100,CONCORDE CAREER INSTITUTE,FL,330250000,Proprietary,404,488,1474873,1078,1474873,392,465,1969280,1033,1969280,-,-, -,-, -,76,94,704699,212,704699,-,-, -,-, -
02275500,PAUL MITCHELL THE SCHOOL KNOXVILLE,TN,379192117,Proprietary,74,79,209058,144,209058,72,78,278613,143,277885,-,-, -,-, -,-,-, -,-, -,-,-, -,-, -
02275900,MODERN WELDING SCHOOL,NY,123042033,Proprietary,49,49,151737,96,151737,53,55,193329,107,193329,-,-, -,-, -,14,16,181542,30,181542,-,-, -,-, -
02276800,WESTMINSTER THEOLOGICAL SEMINARY IN CALIFORNIA,CA,920274128,Private-Nonprofit,-,-, -,-, -,-,-, -,-, -,25,27,392607,53,392607,-,-, -,-, -,2,2,42932,4,42932
02276900,COMMUNITY COLLEGE OF AURORA,CO,800119036,Public,669,669,1827243,1102,1827243,593,593,2279770,961,2279770,-,-, -,-, -,8,8,64629,14,64629,-,-, -,-, -
02277400,SOUTH COAST COLLEGE,CA,928688124,Proprietary,189,216,857892,662,806724,208,237,1120334,706,1062687,-,-, -,-, -,1,1,11017,3,11017,-,-, -,-, -
02277500,HOUSE OF HEAVILIN BEAUTY COLLEGE,MO,640143953,Proprietary,81,92,266333,174,266333,81,93,293109,189,293109,-,-, -,-, -,9,10,67141,22,67141,-,-, -,-, -
02277900,ROSS UNIVERSITY SCHOOL OF VETERINARY MEDICINE,,,Foreign-For-Profit,-,-, -,-, -,-,-, -,-, -,1416,2343,34531937,3402,34531937,-,-, -,-, -,1431,2366,98965330,3449,98965330
02278100,SANTA FE COMMUNITY COLLEGE,NM,875084887,Public,49,50,165706,91,165706,41,42,195482,76,195482,-,-, -,-, -,-,-, -,-, -,-,-, -,-, -
02278700,MISTER WAYNE'S SCHOOL OF UNISEX HAIR DESIGN,TN,385013139,Proprietary,23,30,92432,58,92432,23,30,116317,58,116317,-,-, -,-, -,3,3,26930,6,26930,-,-, -,-, -
02278800,SOUTHERN TECHNICAL COLLEGE,FL,339071157,Proprietary,1040,1211,3024365,2852,3024365,1030,1200,4141479,2839,4141479,-,-, -,-, -,11,13,109802,35,109802,-,-, -,-, -
02279600,CORTIVA INSTITUTE,FL,337133614,Proprietary,221,223,561379,411,561379,210,212,830018,415,830018,-,-, -,-, -,13,13,79765,24,79765,-,-, -,-, -
02280500,CHARLES OF ITALY BEAUTY COLLEGE,AZ,864035770,Proprietary,72,77,213789,142,213789,73,78,189853,143,189853,-,-, -,-, -,3,3,15000,6,15000,-,-, -,-, -
02280900,MID-ATLANTIC CHRISTIAN UNIVERSITY,NC,279094054,Private-Nonprofit,84,84,295794,149,295794,86,86,271676,152,271676,-,-, -,-, -,16,17,208719,31,208719,-,-, -,-, -
02282500,LENAPE TECHNICAL SCHOOL,PA,162261608,Public,48,68,178244,107,178244,47,66,241497,110,241497,-,-, -,-, -,-,-, -,-, -,-,-, -,-, -
02282700,INTER AMERICAN UNIVERSITY OF PUERTO RICO - GUAYAMA CAMPUS,PR,007854004,Private-Nonprofit,515,570,1633383,911,1633383,384,433,1662776,694,1662776,70,72,620004,166,620004,-,-, -,-, -,-,-, -,-, -
02282800,INTER AMERICAN UNIVERSITY OF PUERTO RICO - FAJARDO CAMPUS,PR,007387003,Private-Nonprofit,150,158,555110,245,555110,39,41,156914,62,156914,59,65,456663,139,456663,-,-, -,-, -,-,-, -,-, -
02284200,NEW TYLER BARBER COLLEGE,AR,721144973,Proprietary,31,31,97762,64,97762,30,30,109459,60,109459,-,-, -,-, -,-,-, -,-, -,-,-, -,-, -
02284300,INTERACTIVE COLLEGE OF TECHNOLOGY,GA,303412818,Proprietary,580,696,2102241,1189,1945484,502,592,1693942,971,1536702,-,-, -,-, -,6,6,42176,12,42176,-,-, -,-, -
02285000,PAUL MITCHELL THE SCHOOL HUNTSVILLE,AL,357580000,Proprietary,57,66,192294,121,192294,57,65,192809,118,192809,-,-, -,-, -,4,4,20388,7,20388,-,-, -,-, -
02285900,UCAS UNIVERSITY OF COSMETOLOGY ARTS & SCIENCES,TX,785040391,Proprietary,438,443,1246260,815,1167826,415,417,1496023,764,1400192,-,-, -,-, -,39,39,173078,75,169910,-,-, -,-, -
02287100,LA BELLE BEAUTY SCHOOL,FL,330123224,Proprietary,121,121,320351,234,313935,121,121,202035,234,198171,-,-, -,-, -,-,-, -,-, -,-,-, -,-, -
02287900,RAPHAEL'S SCHOOL OF BEAUTY CULTURE,OH,444464622,Proprietary,197,218,660356,412,654065,193,214,757601,436,740240,-,-, -,-, -,3,4,39236,8,39236,-,-, -,-, -
02288400,GWINNETT TECHNICAL COLLEGE,GA,300435702,Public,2577,3007,7173135,4258,7173135,2070,2374,7872231,3341,7872231,-,-, -,-, -,-,-, -,-, -,-,-, -,-, -
02289000,AMERICAN HAIR ACADEMY,IA,526411856,Proprietary,17,25,80874,47,80874,14,22,68110,42,68110,-,-, -,-, -,3,6,19464,12,19464,-,-, -,-, -
02290400,ALTOONA BEAUTY SCHOOL,PA,166026039,Proprietary,67,71,146080,134,146080,76,81,196224,158,196224,-,-, -,-, -,10,10,75418,19,75418,-,-, -,-, -
02292700,LANSDALE SCHOOL OF COSMETOLOGY,PA,194462003,Proprietary,8,8,23640,16,23640,9,9,24458,18,24458,-,-, -,-, -,2,4,26129,8,26129,-,-, -,-, -
02296300,UNIVERSITY OF CAMBRIDGE - JESUS COLLEGE,,CB5   8BL,Foreign-Private,-,-, -,-, -,-,-, -,-, -,5,5,102500,10,102500,-,-, -,-, -,5,5,180077,11,180077
02297500,OEHRLEIN SCHOOL OF COSMETOLOGY,IL,616112804,Proprietary,39,46,125727,84,125727,45,57,180245,108,180245,-,-, -,-, -,4,4,19911,7,19911,-,-, -,-, -
02297700,AUTOMECA TECHNICAL COLLEGE,PR,009570000,Proprietary,166,166,447937,409,447937,47,48,166966,125,166966,-,-, -,-, -,-,-, -,-, -,-,-, -,-, -
02297800,PAUL MITCHELL THE SCHOOL RAPID CITY,SD,577012733,Proprietary,59,66,159555,120,159555,58,64,197609,117,197609,-,-, -,-, -,2,2,12497,6,12497,-,-, -,-, -
02298000,DESIGN INSTITUTE OF SAN DIEGO,CA,921212685,Proprietary,55,66,277924,121,277924,56,68,317210,123,317210,13,18,283754,30,283754,13,17,335029,30,335029,10,14,316596,27,316596
02299300,TRINITY ANGLICAN SEMINARY,PA,150032397,Private-Nonprofit,-,-, -,-, -,1,1,7500,1,7500,4,5,37260,5,37260,-,-, -,-, -,-,-, -,-, -
02301400,EAST OHIO COLLEGE,OH,439209139,Proprietary,120,127,412211,311,412211,110,115,456597,275,456597,-,-, -,-, -,2,2,14092,6,14092,-,-, -,-, -
02302800,HATFIELD'S MISSISSIPPI COLLEGE OF BEAUTY CULTURE,MS,394406605,Proprietary,36,40,123355,77,123355,21,24,65741,47,65741,-,-, -,-, -,2,3,12000,6,12000,-,-, -,-, -
02304700,TRI-RIVERS CAREER CENTER,OH,433028913,Public,76,92,226365,268,226365,75,91,320192,261,320192,-,-, -,-, -,-,-, -,-, -,-,-, -,-, -
02304800,PJ'S COLLEGE OF COSMETOLOGY,IN,473743103,Proprietary,37,41,110690,75,110690,38,42,127414,76,127414,-,-, -,-, -,4,5,48300,10,48300,-,-, -,-, -
02305300,PARKER UNIVERSITY,TX,752295609,Private-Nonprofit,461,606,1630003,815,1563378,476,611,2423711,813,2302254,1476,2129,53891770,3366,52946304,3,3,28783,4,28783,826,1410,18084215,1940,17954498
02305800,FLORIDA CAREER COLLEGE,FL,331742521,Proprietary,114,114,92523,228,92523,78,78,64993,156,64993,-,-, -,-, -,13,13,20903,26,20903,-,-, -,-, -
02306200,VENANGO COUNTY AREA VOCATIONAL TECHNICAL SCHOOL,PA,163013501,Public,55,79,211543,119,211543,53,76,289286,115,289286,-,-, -,-, -,5,5,34500,10,34500,-,-, -,-, -
02306700,FORT WORTH BEAUTY SCHOOL,TX,760487601,Proprietary,11,11,35778,19,30528,11,13,37282,22,31978,-,-, -,-, -,-,-, -,-, -,-,-, -,-, -
02306800,MILLER-MOTTE COLLEGE,TN,374110000,Proprietary,11012,15117,41109149,36095,41109149,10577,14434,50195774,34772,50195774,-,-, -,-, -,409,525,2160831,1325,2160831,-,-, -,-, -
02310500,DE MONTFORT UNIVERSITY,,LE1 9BH,Foreign-Private,1,1,4500,3,4500,2,2,12500,6,12500,4,4,67943,11,67943,-,-, -,-, -,2,2,64102,6,64102
02310800,LANCASTER COUNTY CAREER AND TECHNOLOGY CENTER,PA,175840527,Public,236,288,848077,538,848077,240,292,1118793,549,1118793,-,-, -,-, -,9,11,92730,22,92730,-,-, -,-, -
02312000,BERGEN COUNTY TECHNICAL SCHOOLS,NJ,076016195,Public,23,23,70712,43,70712,23,23,90788,41,90788,-,-, -,-, -,3,3,18049,5,18049,-,-, -,-, -
02313000,CASS CAREER CENTER,MO,647012087,Public,15,23,65011,44,65011,16,26,91257,49,91257,-,-, -,-, -,-,-, -,-, -,-,-, -,-, -
02314000,NATHAN LAYNE INSTITUTE OF COSMETOLOGY,ID,832023110,Proprietary,48,57,172503,110,172503,49,58,210092,110,210092,-,-, -,-, -,-,-, -,-, -,-,-, -,-, -
02314100,SCHILLER INTERNATIONAL UNIVERSITY,FL,336024719,Proprietary,9,10,36632,19,36632,12,14,76882,28,76882,2,3,53081,6,53081,1,1,2000,2,2000,1,1,20500,2,20500
02314200,EMPIRE BEAUTY SCHOOL,NY,105663805,Proprietary,45,49,107129,92,107129,50,58,155596,115,155596,-,-, -,-, -,4,4,36967,8,36967,-,-, -,-, -
02315400,NORTHEAST TEXAS COMMUNITY COLLEGE,TX,754560000,Public,338,338,995940,1052,995940,397,397,1772026,1256,1772026,1,1,10500,4,10500,-,-, -,-, -,-,-, -,-, -
02315500,TOLEDO ACADEMY OF BEAUTY,OH,436163313,Proprietary,10,10,23330,19,22164,10,10,32002,19,30002,-,-, -,-, -,-,-, -,-, -,-,-, -,-, -
02316600,CORTIVA INSTITUTE,CT,064161649,Proprietary,232,257,560517,487,560517,235,254,790700,480,790700,-,-, -,-, -,16,16,105011,32,105011,-,-, -,-, -
02317200,MARANATHA BAPTIST UNIVERSITY,WI,530947638,Private-Nonprofit,178,178,692685,293,692685,126,126,350054,215,350054,20,21,188917,35,188917,16,16,352566,28,352566,-,-, -,-, -
02317300,TRICOCI UNIVERSITY OF BEAUTY CULTURE,IL,618013214,Proprietary,183,193,494195,356,492445,175,185,568745,345,565745,-,-, -,-, -,22,22,174531,43,174531,-,-, -,-, -
02318200,KD CONSERVATORY COLLEGE OF FILM AND DRAMATIC ARTS,TX,752072111,Proprietary,63,89,321396,167,321396,64,117,408911,223,408911,-,-, -,-, -,9,14,197365,32,197365,-,-, -,-, -
02319200,LAKE FOREST GRADUATE SCHOOL OF MANAGEMENT,IL,600454824,Private-Nonprofit,-,-, -,-, -,-,-, -,-, -,20,20,165030,50,165030,-,-, -,-, -,1,1,2787,1,2787
02320500,ROYAL NORTHERN COLLEGE OF MUSIC,,M13 9RD,Foreign-Private,5,5,25500,15,25500,6,6,17500,18,17500,5,5,102500,15,102500,4,4,162089,12,162089,4,4,65672,12,65672
02320900,TIDEWATER TECH,VA,235021613,Proprietary,615,741,1956795,1354,1956795,578,692,2601793,1261,2601793,-,-, -,-, -,67,79,536084,153,536084,-,-, -,-, -
02323000,MISSIO THEOLOGICAL SEMINARY,PA,191310000,Private-Nonprofit,-,-, -,-, -,-,-, -,-, -,4,4,74792,8,74792,-,-, -,-, -,2,2,52148,4,52148
02323300,PROFESSIONAL'S CHOICE HAIR DESIGN ACADEMY,IL,604356434,Proprietary,25,29,77167,57,75417,23,27,60504,53,59504,-,-, -,-, -,2,2,22600,4,22600,-,-, -,-, -
02324500,MICHIGAN COLLEGE OF BEAUTY-MONROE,MI,481613901,Proprietary,88,98,242681,182,226851,93,108,259435,200,245586,-,-, -,-, -,-,-, -,-, -,-,-, -,-, -
02325100,KEY COLLEGE,FL,333061801,Proprietary,7,10,24141,18,24141,7,7,16009,12,16009,-,-, -,-, -,-,-, -,-, -,-,-, -,-, -
02326000,UCAS UNIVERSITY OF COSMETOLOGY ARTS & SCIENCES,TX,782016530,Proprietary,19,19,46557,31,43059,18,18,63160,30,57160,-,-, -,-, -,1,1,3733,2,3733,-,-, -,-, -
02326800,MERIDIAN COLLEGE,FL,342408478,Proprietary,400,435,1295309,906,1255765,398,438,1778411,904,1721783,-,-, -,-, -,21,23,116987,49,111553,-,-, -,-, -
02326900,AVEDA INSTITUTE - FORT MYERS,FL,339071415,Proprietary,198,220,530157,374,530157,193,214,599438,374,599438,-,-, -,-, -,21,21,126695,42,126695,-,-, -,-, -
02328500,MOLER - PICKENS BEAUTY COLLEGE,OH,450144260,Proprietary,33,34,81677,62,73708,31,31,101337,54,88509,-,-, -,-, -,-,-, -,-, -,-,-, -,-, -
02328900,EMMAUS BIBLE COLLEGE,IA,520013096,Private-Nonprofit,45,45,175961,87,175961,38,39,120248,74,120248,-,-, -,-, -,9,10,122050,20,122050,-,-, -,-, -
02330300,LEBANON COUNTY CAREER AND TECHNOLOGY CENTER,PA,170429197,Public,30,37,100084,71,100084,30,39,132550,75,132550,-,-, -,-, -,-,-, -,-, -,-,-, -,-, -
02330500,LAGUNA COLLEGE OF ART AND DESIGN,CA,926511136,Private-Nonprofit,301,316,1209915,561,1209915,295,300,992859,540,992859,13,13,235750,23,235750,136,150,4101290,268,4101290,7,7,161214,11,161214
02330600,PENNSYLVANIA GUNSMITH SCHOOL,PA,152022637,Proprietary,24,27,110953,54,110953,26,29,119240,57,119240,-,-, -,-, -,7,8,148135,16,148135,-,-, -,-, -
02330800,JEFFERSON REGIONAL SCHOOL OF NURSING,AR,716036301,Private-Nonprofit,49,56,190233,106,190233,35,39,152595,71,152595,-,-, -,-, -,-,-, -,-, -,-,-, -,-, -
02331000,MARYLAND BEAUTY ACADEMY OF ESSEX,MD,212242148,Proprietary,20,22,70934,42,67434,18,20,85502,38,80297,-,-, -,-, -,1,1,11950,2,11950,-,-, -,-, -
02331200,BAPTIST MISSIONARY ASSOCIATION THEOLOGICAL SEMINARY,TX,757665407,Private-Nonprofit,2,2,10000,8,10000,2,2,11104,8,11104,2,2,9100,8,9100,-,-, -,-, -,-,-, -,-, -
02331300,INTERACTIVE COLLEGE OF TECHNOLOGY,TX,775021201,Proprietary,133,164,440763,277,433388,90,105,264656,164,259091,-,-, -,-, -,1,2,9736,3,9736,-,-, -,-, -
02332200,HAIR PROFESSIONALS CAREER COLLEGE,IL,601783164,Proprietary,30,31,83892,58,83892,32,34,115910,65,115910,-,-, -,-, -,2,2,19889,4,19889,-,-, -,-, -
02332800,CENTER FOR EMPLOYMENT TRAINING,CA,951102940,Private-Nonprofit,599,602,1914509,1152,1905759,577,580,2370136,1142,2360151,-,-, -,-, -,94,94,491399,187,488937,-,-, -,-, -
02333000,HAIR ACADEMY,MD,207843002,Proprietary,283,294,596091,475,596091,266,277,898047,451,898047,-,-, -,-, -,16,18,62000,31,62000,-,-, -,-, -
02334300,EMPIRE BEAUTY SCHOOL,OH,452393926,Proprietary,192,215,604739,385,604739,176,197,701173,358,701173,-,-, -,-, -,20,25,167267,47,167267,-,-, -,-, -
02334400,CENTURA COLLEGE,VA,233202882,Proprietary,1157,1653,4689933,3059,4689933,1132,1548,5751454,2848,5751454,-,-, -,-, -,86,122,953756,225,953756,-,-, -,-, -
02335100,UNIVERSITY OF CAMBRIDGE - TRINITY HALL,,CB2   1TJ,Foreign-Private,-,-, -,-, -,-,-, -,-, -,2,2,41000,4,41000,-,-, -,-, -,2,2,72350,4,72350
02335500,THEOLOGICAL UNIVERSITY OF THE CARIBBEAN,PR,009780901,Private-Nonprofit,68,68,246713,150,246713,3,3,4000,5,4000,59,59,394219,132,394219,-,-, -,-, -,-,-, -,-, -
02335700,BATON ROUGE GENERAL MEDICAL CENTER,LA,708063820,Private-Nonprofit,115,136,331480,194,331480,123,143,516546,202,516546,-,-, -,-, -,4,4,55888,6,55888,-,-, -,-, -
02336300,KNOX COUNTY CAREER CENTER,OH,430504298,Public,44,44,128127,136,128127,44,44,190844,143,190844,-,-, -,-, -,1,1,15835,4,15835,-,-, -,-, -
02336700,CUYAHOGA VALLEY CAREER CENTER,OH,441411296,Public,56,71,165218,130,165218,56,71,201909,122,201909,-,-, -,-, -,2,2,5200,4,5200,-,-, -,-, -
02337200,PJ'S COLLEGE OF COSMETOLOGY,KY,421013759,Proprietary,217,233,655857,436,654357,218,236,801922,445,799922,-,-, -,-, -,18,18,128519,38,128519,-,-, -,-, -
02337400,BANCROFT SCHOOL OF MASSAGE THERAPY,MA,016044614,Proprietary,24,24,56290,44,56290,19,19,78903,37,78903,-,-, -,-, -,-,-, -,-, -,-,-, -,-, -
02337700,PROFESSIONAL SKILLS INSTITUTE,OH,435372901,Proprietary,545,625,1588208,1231,1588208,567,652,2408414,1290,2408414,-,-, -,-, -,10,10,57095,19,57095,-,-, -,-, -
02337900,COLLEGE OF HAIR DESIGN CAREERS,OR,973011952,Proprietary,37,41,129092,80,122615,36,40,163126,77,153581,-,-, -,-, -,2,2,15600,4,15600,-,-, -,-, -
02338400,FORT PIERCE BEAUTY ACADEMY,FL,349820000,Proprietary,158,163,391491,293,391491,156,163,592276,310,592276,-,-, -,-, -,6,6,42624,14,42624,-,-, -,-, -
02338500,GLENDALE CAREER COLLEGE,CA,912031207,Proprietary,2424,2854,9576439,4997,9399539,2363,2791,13220058,4939,12992434,-,-, -,-, -,178,210,3060840,361,2961196,-,-, -,-, -
02338600,CHARZANNE BEAUTY COLLEGE,SC,296498520,Proprietary,31,33,100356,54,88106,32,34,100102,55,83102,-,-, -,-, -,1,1,9200,2,9200,-,-, -,-, -
02338900,UNIVERSITY FOR THE CREATIVE ARTS,,GU9 7DS,Foreign-Private,13,13,62500,39,62500,11,11,41000,33,41000,1,1,20500,3,20500,6,6,219315,18,219315,1,1,21500,3,21500
02339400,ROB ROY ACADEMY,MA,027462114,Proprietary,14,14,33326,21,33326,12,12,44484,19,44484,-,-, -,-, -,1,1,6206,1,6206,-,-, -,-, -
02339600,ROGERS ACADEMY OF HAIR DESIGN,IN,477081445,Proprietary,68,87,261437,168,261437,75,94,330166,180,330166,-,-, -,-, -,10,15,105989,30,105989,-,-, -,-, -
02339700,ROSS MEDICAL EDUCATION CENTER,MI,481167402,Proprietary,2120,2421,6168022,4604,6099251,1806,1966,7964207,3777,7881091,-,-, -,-, -,2,2,22676,4,22676,-,-, -,-, -
02340500,ST. LOUIS COLLEGE OF HEALTH CAREERS,MO,630261909,Proprietary,556,630,2004499,1098,1996819,527,594,2543317,1320,2538216,30,36,435588,70,423478,13,14,133581,27,133581,-,-, -,-, -
02340800,PAUL MITCHELL THE SCHOOL LEXINGTON,KY,405141545,Proprietary,117,141,412862,259,412862,119,143,426768,262,426768,-,-, -,-, -,14,15,187834,31,187834,-,-, -,-, -
02341000,FORTIS COLLEGE,AL,366083712,Proprietary,1398,1763,4401973,3957,4371164,1379,1687,6200867,3802,6152044,-,-, -,-, -,123,135,633599,321,630847,-,-, -,-, -
02341100,KENNETH SHULER SCHOOL OF COSMETOLOGY & NAILS,SC,292107306,Proprietary,487,507,1270936,952,1269186,445,458,1494701,929,1491777,-,-, -,-, -,95,96,607786,189,607786,-,-, -,-, -
02341300,PALO ALTO COLLEGE,TX,782242499,Public,298,370,886947,574,886947,257,372,942142,576,942142,-,-, -,-, -,3,3,18434,4,18434,-,-, -,-, -
02341700,CAREER ACADEMY OF HAIR DESIGN,AR,727647128,Proprietary,195,220,578748,407,578748,198,230,676432,423,676432,-,-, -,-, -,14,17,81548,33,81548,-,-, -,-, -
02343400,BELLUS ACADEMY,CA,920640000,Proprietary,417,497,1341067,934,1341067,410,488,1498645,920,1498645,-,-, -,-, -,67,80,575136,152,575136,-,-, -,-, -
02343800,MONTGOMERY BEAUTY SCHOOL,MD,209013905,Proprietary,393,418,1109193,698,946114,371,393,1624259,663,1367868,-,-, -,-, -,20,20,74804,34,64804,-,-, -,-, -
02348500,LAMAR STATE COLLEGE PORT ARTHUR,TX,776406604,Public,318,323,1056406,577,1056406,285,290,1250893,516,1250893,-,-, -,-, -,-,-, -,-, -,-,-, -,-, -
02349200,HEADMASTERS SCHOOL OF HAIR DESIGN,ID,835011834,Proprietary,35,42,117775,159,117775,35,44,134106,163,134106,-,-, -,-, -,-,-, -,-, -,-,-, -,-, -
02349500,CANNELLA SCHOOL OF HAIR DESIGN,IL,606322549,Proprietary,37,40,102925,71,102925,-,-, -,-, -,-,-, -,-, -,-,-, -,-, -,-,-, -,-, -
02350100,WESTERN AREA CAREER & TECHNOLOGY CENTER,PA,153171445,Public,31,35,101990,64,101990,25,29,145784,58,145784,-,-, -,-, -,-,-, -,-, -,-,-, -,-, -
02350200,INDIANA COUNTY TECHNOLOGY CENTER,PA,157011465,Public,69,79,193313,135,193313,68,80,315115,138,315115,-,-, -,-, -,-,-, -,-, -,-,-, -,-, -
02351500,NORTHERN CAREER INSTITUTE,OH,440952604,Public,126,126,360706,223,360706,138,138,668295,243,668295,-,-, -,-, -,-,-, -,-, -,-,-, -,-, -
02351700,PAUL MITCHELL THE SCHOOL - LOUISVILLE,KY,402220000,Proprietary,162,195,559328,362,559328,161,191,504274,356,504274,-,-, -,-, -,23,24,179507,49,179507,-,-, -,-, -
02351800,UNIVERSIDAD IBEROAMERICANA (UNIBE),,,Foreign-Private,35,52,193500,90,193500,34,53,142000,94,142000,131,172,3248875,333,3248875,24,41,1203600,76,1203600,121,162,3337316,315,3337316
02352100,UNIVERSITY OF PLYMOUTH,,PL4 8AA,Foreign-Private,7,7,32500,14,32500,7,7,22000,14,22000,3,3,61500,8,61500,3,3,118226,6,118226,3,3,64645,9,64645
02352800,POLARIS CAREER CENTER - ADULT EDUCATION DEPARTMENT,OH,441303342,Public,83,83,198258,156,198258,76,76,221249,145,221249,-,-, -,-, -,4,4,36259,8,36259,-,-, -,-, -
02353100,NORTHERN TIER CAREER CENTER,PA,188488095,Public,26,43,118465,66,118465,29,50,178453,74,178453,-,-, -,-, -,8,14,119906,22,119906,-,-, -,-, -
02354200,SCIOTO COUNTY CAREER TECHNICAL CENTER,OH,456480000,Public,107,107,336373,203,334623,97,97,415218,185,414468,-,-, -,-, -,1,1,6000,1,6000,-,-, -,-, -
02356600,CHARLESTON COSMETOLOGY INSTITUTE,SC,294207319,Proprietary,58,62,156331,112,156331,52,54,149330,95,149330,-,-, -,-, -,1,1,4000,2,4000,-,-, -,-, -
02357700,PAUL MITCHELL THE SCHOOL HOUSTON,TX,770433412,Proprietary,351,393,873429,600,873429,336,401,1071164,617,1071164,-,-, -,-, -,20,22,152084,42,152084,-,-, -,-, -
02358000,THOMAS AQUINAS COLLEGE,CA,930609622,Private-Nonprofit,280,280,1198899,549,1198899,126,127,480147,247,480147,-,-, -,-, -,16,17,297292,34,297292,-,-, -,-, -
02358200,LAMAR STATE COLLEGE - ORANGE,TX,776305899,Public,317,325,984902,580,984902,315,316,1284008,590,1284008,-,-, -,-, -,-,-, -,-, -,-,-, -,-, -
02358500,BON SECOURS ST MARY'S HOSPITAL SCHOOL OF MEDICAL IMAGING,VA,232274612,Private-Nonprofit,17,21,59049,46,59049,14,16,66130,34,66130,-,-, -,-, -,1,1,5000,3,5000,-,-, -,-, -
02358600,STAGE ONE THE HAIR SCHOOL,LA,706051625,Proprietary,52,65,173892,120,173892,41,49,80205,90,80205,-,-, -,-, -,4,6,29356,12,29356,-,-, -,-, -
02359300,SHASTA BIBLE COLLEGE AND GRADUATE SCHOOL,CA,960021544,Private-Nonprofit,4,5,17797,9,17797,4,5,16757,7,16757,1,1,14500,4,14500,-,-, -,-, -,-,-, -,-, -
02360800,PROVO COLLEGE,UT,846011305,Proprietary,733,918,3504189,1728,3504189,748,960,3888602,1817,3888602,18,28,461250,56,461250,21,28,268430,56,268430,17,23,353500,46,353500
02361300,THE LANDING SCHOOL OF BOATBUILDING & DESIGN,ME,040461490,Private-Nonprofit,9,9,30750,17,30750,14,14,58000,27,58000,-,-, -,-, -,3,3,109085,6,109085,-,-, -,-, -
02361400,COLLIN COUNTY COMMUNITY COLLEGE DISTRICT,TX,750690000,Public,3232,3471,10114785,6126,10114785,1318,1523,5041083,2756,5041083,-,-, -,-, -,40,46,503949,87,503949,-,-, -,-, -
02361600,CONCORDE CAREER COLLEGE,MO,641144855,Proprietary,1464,1771,5727196,4051,5727196,1451,1754,8031001,4070,8031001,-,-, -,-, -,153,181,1830771,413,1830771,-,-, -,-, -
02362000,UNIVERSAL TECHNICAL INSTITUTE,TX,770739982,Proprietary,5368,7185,23540485,13834,23537569,5338,7159,23942086,13919,23942086,-,-, -,-, -,2115,2950,26637818,6229,26637818,-,-, -,-, -
02362100,FULL SAIL UNIVERSITY,FL,327927427,Proprietary,20553,25192,90084956,45949,90071456,20171,24614,103645215,44690,103622206,1137,1420,25149424,2270,25149424,1558,1949,41310821,3754,41310821,178,202,3311123,364,3311123
02363500,ARTHUR'S BEAUTY COLLEGE,AR,724016198,Proprietary,56,64,186573,116,186573,55,65,224518,116,224518,-,-, -,-, -,1,1,1386,1,1386,-,-, -,-, -
02453500,MEDICAL COLLEGE OF WISCONSIN,WI,532260509,Private-Nonprofit,-,-, -,-, -,-,-, -,-, -,100,153,1672138,189,1672138,-,-, -,-, -,112,137,1368043,160,1368043
02454400,NORTHEAST OHIO MEDICAL UNIVERSITY,OH,442729621,Public,-,-, -,-, -,-,-, -,-, -,744,1992,25612832,1992,25612832,-,-, -,-, -,536,1267,18581386,1267,18581386
02460000,UNIVERSITY OF PUERTO RICO - MEDICAL SCIENCE CAMPUS,PR,009360000,Public,64,64,291943,122,291943,26,26,93500,54,93500,1136,1143,30579255,2653,30579255,-,-, -,-, -,160,160,3061964,356,3061964
02482100,MOREHOUSE SCHOOL OF MEDICINE,GA,303101495,Private-Nonprofit,-,-, -,-, -,-,-, -,-, -,797,935,25278105,1895,25214123,-,-, -,-, -,674,757,25174949,1518,25144317
02482400,PONCE HEALTH SCIENCES UNIVERSITY,PR,007162347,Proprietary,17,17,61401,33,61401,7,7,22000,15,22000,1699,1728,52283273,3413,52283273,1,1,6600,3,6600,1035,1072,34270833,2164,34270833
02482700,WESTERN UNIVERSITY OF HEALTH SCIENCES,CA,917661854,Private-Nonprofit,-,-, -,-, -,-,-, -,-, -,2358,2748,95526194,5894,95526194,-,-, -,-, -,2089,3325,109694658,7146,109694658
02491000,WEST MICHIGAN COLLEGE OF BARBERING AND BEAUTY,MI,490080000,Proprietary,2,2,6500,2,3250,2,2,9902,2,4951,-,-, -,-, -,-,-, -,-, -,-,-, -,-, -
02491100,BECKFIELD COLLEGE,KY,410421466,Proprietary,595,704,2108233,1704,2082237,599,707,2859673,1686,2825546,-,-, -,-, -,11,14,182012,38,182012,-,-, -,-, -
02492600,EASTERN CENTER FOR ARTS AND TECHNOLOGY-PRACTICAL NURSING,PA,190901488,Public,107,130,383861,243,382111,91,111,475624,208,472624,-,-, -,-, -,-,-, -,-, -,-,-, -,-, -
02494700,BALTIMORE STUDIO OF HAIR DESIGN,MD,212013420,Proprietary,45,47,120366,71,120366,44,46,167194,69,167194,-,-, -,-, -,-,-, -,-, -,-,-, -,-, -
02494800,CR'U INSTITUTE OF COSMETOLOGY AND BARBERING,CA,928454321,Proprietary,107,131,315494,257,314744,97,118,257458,241,256353,-,-, -,-, -,7,8,32033,15,32033,-,-, -,-, -
02495500,ALL-STATE CAREER SCHOOL,PA,190290000,Proprietary,1021,1161,2704038,2520,2702380,1000,1133,4101113,2467,4099113,-,-, -,-, -,76,78,428811,176,428811,-,-, -,-, -
02496700,NATIONAL FILM & TELEVISION SCHOOL,,HP9 1LG,Foreign-Private,-,-, -,-, -,-,-, -,-, -,10,10,194750,19,194750,-,-, -,-, -,10,10,368181,19,368181
02497300,MILAN INSTITUTE,CA,932779535,Proprietary,831,882,2178819,1621,2143191,774,822,2490353,1518,2456342,-,-, -,-, -,64,65,344193,120,338032,-,-, -,-, -
02497500,CLINTON TECHNICAL SCHOOL,MO,647352966,Public,7,7,13163,14,13163,6,6,14411,12,14411,-,-, -,-, -,-,-, -,-, -,-,-, -,-, -
02497800,GREENE COUNTY CAREER CENTER,OH,453859545,Public,5,5,13299,9,13222,5,5,20113,9,15731,-,-, -,-, -,-,-, -,-, -,-,-, -,-, -
02498200,G SKIN & BEAUTY INSTITUTE,IL,605231805,Proprietary,263,266,654501,475,653042,257,260,896229,463,891436,-,-, -,-, -,35,35,283848,64,278624,-,-, -,-, -
02499000,ACADEMY OF COSMETOLOGY,FL,329533311,Proprietary,45,45,107547,85,107547,43,43,136537,81,136537,-,-, -,-, -,-,-, -,-, -,-,-, -,-, -
02500000,SAN JOAQUIN COLLEGE OF LAW,CA,936121312,Private-Nonprofit,-,-, -,-, -,-,-, -,-, -,97,115,2074274,265,2074274,-,-, -,-, -,59,69,1722625,162,1722625
02503400,AMRIDGE UNIVERSITY,AL,361173553,Private-Nonprofit,239,239,791749,652,791749,253,253,1227007,678,1227007,262,262,4008151,720,4008151,3,3,30140,6,30140,125,126,2868645,343,2868645
02503900,WARREN COUNTY COMMUNITY COLLEGE,NJ,078824343,Public,22,23,62203,33,62203,44,47,149258,68,149258,-,-, -,-, -,-,-, -,-, -,-,-, -,-, -
02504200,WALDEN UNIVERSITY,MN,554012511,Proprietary,7751,9125,28580396,21653,28544753,7438,8819,41383329,20910,41344420,32798,39834,609739377,96976,609538363,10,12,129737,27,129737,6516,9427,166189552,20457,166137787
02505400,ATLANTIC UNIVERSITY,PR,009700000,Private-Nonprofit,93,100,269791,233,269791,9,10,29375,25,29375,15,19,101441,45,101441,22,24,135414,58,135414,18,19,104511,49,104511
02508300,SOUTHEAST COMMUNITY COLLEGE,NE,685201299,Public,1213,1237,2962156,2203,2962156,1305,1328,3937146,2417,3937146,-,-, -,-, -,69,71,470133,133,470133,-,-, -,-, -
02515400,CITY COLLEGE,FL,330244045,Proprietary,117,149,401756,318,401756,115,141,515043,308,515043,-,-, -,-, -,8,10,65308,23,65308,-,-, -,-, -
02516200,WESLEY BIBLICAL SEMINARY,MS,391571920,Private-Nonprofit,-,-, -,-, -,-,-, -,-, -,24,38,218808,38,218808,-,-, -,-, -,-,-, -,-, -
02517100,SARASOTA SCHOOL OF MASSAGE THERAPY,FL,342436130,Proprietary,48,48,127787,91,127787,44,44,212997,86,212997,-,-, -,-, -,1,1,16200,2,16200,-,-, -,-, -
02518300,LASALLE TECH,LA,703635173,Proprietary,263,268,731277,452,620283,265,271,1052250,467,881690,-,-, -,-, -,3,3,30944,4,17972,-,-, -,-, -
02519300,OHIO STATE SCHOOL OF COSMETOLOGY,OH,431102754,Proprietary,42,47,151930,89,151930,35,38,102617,74,102617,-,-, -,-, -,7,7,59100,14,59100,-,-, -,-, -
02520000,INTERNATIONAL SCHOOL OF SKIN AND NAILCARE,GA,303501003,Proprietary,232,244,502471,447,499554,225,238,556822,455,554479,-,-, -,-, -,11,11,63027,21,57975,-,-, -,-, -
02520300,INTERIOR DESIGNERS INSTITUTE,CA,926603228,Proprietary,44,47,143873,104,139205,42,44,159769,98,151404,4,4,74184,11,74184,7,7,87246,26,87246,1,1,10000,3,10000
02520400,ADRIANS BEAUTY COLLEGE OF TURLOCK,CA,953805116,Proprietary,54,54,150105,107,150105,53,53,136513,105,136513,-,-, -,-, -,8,8,59355,16,59355,-,-, -,-, -
02520800,MERRELL UNIVERSITY OF BEAUTY ARTS & SCIENCE,MO,651092534,Proprietary,55,69,198399,129,198399,57,71,200221,141,200221,-,-, -,-, -,6,6,34433,12,34433,-,-, -,-, -
02521200,ARLINGTON CAREER INSTITUTE,TX,760060000,Proprietary,451,507,1336253,1267,1336253,404,488,1671001,1206,1671001,-,-, -,-, -,4,4,25263,9,25263,-,-, -,-, -
02521800,SEGUIN BEAUTY SCHOOL,TX,781555704,Proprietary,32,39,86384,60,86384,32,38,91148,59,91148,-,-, -,-, -,10,10,43268,19,43268,-,-, -,-, -
02522700,EASTLAND-FAIRFIELD CAREER AND TECHNICAL SCHOOLS,OH,431259236,Public,57,59,156028,100,156028,60,62,206871,103,206871,-,-, -,-, -,2,2,12468,3,12468,-,-, -,-, -
02522800,FOX COLLEGE,IL,604774451,Proprietary,221,291,831873,485,831873,214,425,932019,697,932019,-,-, -,-, -,16,20,161701,33,161701,-,-, -,-, -
02523700,OCEAN COUNTY VOCATIONAL - TECHNICAL SCHOOLS,NJ,087532703,Public,72,72,197269,125,197269,75,75,312171,134,312171,-,-, -,-, -,-,-, -,-, -,-,-, -,-, -
02524000,JONES TECHNICAL INSTITUTE,FL,322560367,Private-Nonprofit,501,573,1717618,1366,1717618,492,565,1870752,1361,1868918,-,-, -,-, -,56,64,360616,162,360616,-,-, -,-, -
02525900,ARTISTIC ACADEMY OF HAIR DESIGN (THE),NJ,079501409,Proprietary,45,45,118599,87,118599,55,55,150135,106,150135,-,-, -,-, -,16,16,179112,32,179112,-,-, -,-, -
02528200,ROBERT FIANCE BEAUTY SCHOOLS,NJ,070604840,Proprietary,128,137,333561,228,333561,120,126,371293,217,371293,-,-, -,-, -,11,11,66962,22,66962,-,-, -,-, -
02529500,HAMRICK SCHOOL,OH,442560000,Proprietary,49,49,94773,94,94773,49,49,158675,93,158675,-,-, -,-, -,1,1,4221,2,4221,-,-, -,-, -
02529800,WILKES BARRE AREA CAREER AND TECHNICAL CENTER PRACTICAL NURSING PRGM,PA,187050699,Public,69,86,273190,156,273190,71,89,405081,163,405081,-,-, -,-, -,2,2,5101,2,5101,-,-, -,-, -
02530600,SAINT CHARLES COMMUNITY COLLEGE,MO,633760975,Public,317,347,949562,471,949562,342,380,995585,536,995585,-,-, -,-, -,-,-, -,-, -,-,-, -,-, -
02531200,FORMATIONS INSTITUTE,OK,738013336,Proprietary,35,39,99948,68,99948,32,36,87222,61,87222,-,-, -,-, -,-,-, -,-, -,-,-, -,-, -
02531800,PAUL MITCHELL THE SCHOOL COSTA MESA,CA,926263804,Proprietary,818,917,2179100,1506,2179100,836,981,2701346,1610,2701346,-,-, -,-, -,70,79,626775,143,626775,-,-, -,-, -
02532600,LANDMARK COLLEGE,VT,053460000,Private-Nonprofit,120,120,460228,225,460228,119,119,408104,208,408104,-,-, -,-, -,68,73,2314036,139,2314036,-,-, -,-, -
02533200,SCHOOL OF ARCHITECTURE (THE),AZ,852531826,Private-Nonprofit,-,-, -,-, -,-,-, -,-, -,5,5,76276,9,76276,-,-, -,-, -,4,5,117278,8,117278
02533600,ROSS MEDICAL EDUCATION CENTER,MI,489172108,Proprietary,731,734,2253940,1344,2224794,689,706,2618756,1307,2584330,-,-, -,-, -,-,-, -,-, -,-,-, -,-, -
02534000,NATIONAL UNIVERSITY OF NATURAL MEDICINE,OR,972014878,Private-Nonprofit,16,16,63896,42,63896,10,12,71957,32,71957,257,271,8506458,815,8506458,-,-, -,-, -,217,289,7647589,745,7647589
02536400,LOUISIANA ACADEMY OF BEAUTY,LA,705353512,Proprietary,15,21,59750,42,59750,8,9,22154,18,22154,-,-, -,-, -,1,1,8500,2,8500,-,-, -,-, -
02537200,PALOMAR INSTITUTE OF COSMETOLOGY,CA,920782644,Proprietary,148,167,390705,287,390705,137,153,297974,263,297974,-,-, -,-, -,11,14,70007,23,70007,-,-, -,-, -
02538300,DELTA COLLEGE OF ARTS & TECHNOLOGY,LA,708061529,Proprietary,397,419,1311683,782,1309933,355,374,1057846,708,1055914,-,-, -,-, -,4,4,28407,8,28407,-,-, -,-, -
02538500,ARTHUR'S BEAUTY COLLEGE,AR,720322320,Proprietary,84,101,302927,189,302927,79,97,341696,181,341696,-,-, -,-, -,3,5,24186,9,24186,-,-, -,-, -
02539500,IRVINE VALLEY COLLEGE,CA,926184399,Public,154,164,461401,252,461401,138,147,557637,224,557637,-,-, -,-, -,-,-, -,-, -,-,-, -,-, -
02539800,QUEEN CITY COLLEGE,TN,370423545,Proprietary,64,68,176007,129,176007,64,65,168936,127,168936,-,-, -,-, -,-,-, -,-, -,-,-, -,-, -
02541000,ALASKA CAREER COLLEGE,AK,995071033,Proprietary,90,93,300976,177,299226,84,85,341487,159,340487,-,-, -,-, -,2,2,17501,4,17501,-,-, -,-, -
02541900,BJ'S BEAUTY & BARBER COLLEGE,WA,984094318,Proprietary,36,37,82474,65,82474,32,33,110761,58,110761,-,-, -,-, -,-,-, -,-, -,-,-, -,-, -
02542300,NATIONAL HOLISTIC INSTITUTE,CA,946082020,Proprietary,932,986,2958134,1858,2952559,896,944,4307171,1798,4293547,-,-, -,-, -,6,7,71878,14,71878,-,-, -,-, -
02543400,BROWNSON TECHNICAL SCHOOL,CA,928056329,Proprietary,173,173,582385,341,582385,170,170,791292,340,791292,-,-, -,-, -,29,29,237796,57,237796,-,-, -,-, -
02544300,BUTLER BEAUTY ACADEMY,PA,160015925,Proprietary,41,45,139378,79,127128,36,39,107174,70,96424,-,-, -,-, -,1,1,2800,1,2800,-,-, -,-, -
02545400,NORTH AMERICAN TRADE SCHOOLS,MD,212440069,Proprietary,494,542,1221613,1219,1152402,556,620,1672316,1388,1591054,-,-, -,-, -,22,25,128745,60,128030,-,-, -,-, -
02545700,GLASGOW SCHOOL OF ART,,G3 6RQ,Foreign-Private,4,4,18380,8,18380,8,8,37000,16,37000,15,15,291035,39,291035,3,3,91430,6,91430,8,9,287282,22,287282
02545900,HYPNOSIS MOTIVATION INSTITUTE,CA,913560000,Private-Nonprofit,487,487,1731922,929,1681658,503,503,2990833,958,2922993,-,-, -,-, -,5,5,20660,9,18594,-,-, -,-, -
02546200,LAUREL TECHNICAL INSTITUTE,PA,154010877,Proprietary,440,562,1854831,1056,1852581,453,578,2401715,1109,2389847,-,-, -,-, -,42,53,441270,109,441270,-,-, -,-, -
02547600,FLORIDA NATIONAL UNIVERSITY,FL,330124108,Proprietary,2398,3228,10688085,6060,10688085,2323,3286,10804342,6165,10804342,344,510,5482742,1008,5482742,189,231,1032855,435,1032855,5,5,67381,10,67381
02548500,COSMETOLOGY TRAINING CENTER,LA,705035138,Proprietary,79,81,240812,156,240812,74,79,197996,152,197996,-,-, -,-, -,-,-, -,-, -,-,-, -,-, -
02551100,PJ'S COLLEGE OF COSMETOLOGY,KY,421412434,Proprietary,32,36,110596,69,109096,31,35,130431,68,129765,-,-, -,-, -,1,1,10000,2,10000,-,-, -,-, -
02552400,ACADEMY OF HAIR TECHNOLOGY,SC,296152363,Proprietary,31,31,47479,49,46729,15,15,51964,28,51964,-,-, -,-, -,-,-, -,-, -,-,-, -,-, -
02553000,MODERN COLLEGE OF DESIGN (THE),OH,454401612,Proprietary,163,219,793989,400,793989,165,226,693627,416,693627,-,-, -,-, -,84,114,1994848,214,1994848,-,-, -,-, -
02553600,DIVERSIFIED VOCATIONAL COLLEGE,CA,900171604,Proprietary,166,166,426143,244,419143,162,162,631373,237,623173,-,-, -,-, -,-,-, -,-, -,-,-, -,-, -
02554500,HAZLETON AREA CAREER CENTER,PA,182021597,Public,4,4,12250,5,12250,5,5,23750,7,23750,-,-, -,-, -,-,-, -,-, -,-,-, -,-, -
02554800,PAUL MITCHELL THE SCHOOL NEW ORLEANS,LA,700024705,Proprietary,401,461,1282757,861,1281257,406,469,1529079,882,1527079,-,-, -,-, -,59,61,592840,118,592840,-,-, -,-, -
02555400,UNIVERSITY OF TEXAS M.D. ANDERSON CANCER CENTER,TX,770300240,Public,100,102,465730,255,465730,75,78,462518,202,462518,8,9,143944,22,143944,5,5,99580,14,99580,2,2,21614,5,21614
02556100,ETI SCHOOL OF SKILLED TRADES,IL,605275627,Proprietary,261,261,870734,506,868984,246,246,1111829,480,1108829,-,-, -,-, -,31,31,280163,61,280163,-,-, -,-, -
02556500,YUKON BEAUTY COLLEGE,OK,730994108,Proprietary,22,29,84185,55,84185,26,33,118247,60,118247,-,-, -,-, -,1,1,10344,2,10344,-,-, -,-, -
02556600,JOHN AMICO SCHOOL OF HAIR DESIGN 2,IL,607142827,Proprietary,23,26,82000,50,82000,23,26,78665,50,78665,-,-, -,-, -,1,1,1000,1,1000,-,-, -,-, -
02556800,PAUL MITCHELL THE SCHOOL SALT LAKE CITY,UT,841177204,Proprietary,149,157,435280,273,435280,153,168,467500,288,467500,-,-, -,-, -,2,2,17756,4,17756,-,-, -,-, -
02558700,PRISM CAREER INSTITUTE,PA,191522923,Proprietary,1008,1099,3294747,2084,3293347,980,1062,4688697,2022,4686297,-,-, -,-, -,80,84,430446,162,430446,-,-, -,-, -
02559000,UNIVERSITY OF ADVANCING COMPUTER TECHNOLOGY,AZ,852831056,Proprietary,712,1052,3456403,1875,3456403,741,1036,4065539,1826,4065539,79,97,1611951,172,1611951,168,257,3419722,476,3419722,-,-, -,-, -
02559300,UNITED EDUCATION INSTITUTE,CA,902552933,Proprietary,9545,9607,30781361,18049,30769111,9147,9193,44138307,17565,44121307,-,-, -,-, -,769,770,7427369,1467,7427369,-,-, -,-, -
02559400,INTERCOAST COLLEGES,CA,917911540,Proprietary,866,1066,2722286,2024,2722286,841,1047,3580114,2002,3580114,-,-, -,-, -,63,73,497042,145,497042,-,-, -,-, -
02559500,SALON PROFESSIONAL ACADEMY (THE),ID,836865104,Proprietary,70,74,207690,139,207690,59,64,213785,122,213785,-,-, -,-, -,1,2,8871,3,8871,-,-, -,-, -
02560000,CASAL AVEDA INSTITUTE,OH,444464693,Proprietary,118,132,337393,253,337393,121,135,348676,266,348676,-,-, -,-, -,9,9,60100,18,60100,-,-, -,-, -
02560200,PHILLIPS THEOLOGICAL SEMINARY,OK,741165612,Private-Nonprofit,-,-, -,-, -,-,-, -,-, -,13,16,126175,40,126175,-,-, -,-, -,-,-, -,-, -
02560600,PINNACLE INSTITUTE OF COSMETOLOGY,NC,281158020,Proprietary,53,64,201607,125,200107,59,70,195907,137,195907,-,-, -,-, -,8,8,84804,15,84804,-,-, -,-, -
02560700,PICKAWAY ROSS COUNTY JOINT VOCATIONAL SCHOOL DISTRICT,OH,456013977,Public,132,132,390573,247,388823,136,136,614326,257,611326,-,-, -,-, -,-,-, -,-, -,-,-, -,-, -
02561600,SOLENT UNIVERSITY,,SO14 0YN,Foreign-Private,5,5,17250,9,17250,4,4,13000,7,13000,3,3,61500,9,61500,2,2,48396,4,48396,1,1,33275,3,33275
02562300,APOLLO CAREER CENTER,OH,458061497,Public,85,91,228801,160,228801,76,88,293126,156,293126,-,-, -,-, -,-,-, -,-, -,-,-, -,-, -
02563000,RAPHAEL'S SCHOOL OF BEAUTY CULTURE,OH,446015602,Proprietary,322,357,956134,636,956134,313,349,1190920,657,1190920,-,-, -,-, -,4,4,51452,8,51452,-,-, -,-, -
02568100,TEXAS BARBER COLLEGE,TX,770367450,Proprietary,424,424,1193551,670,1042128,398,399,1808859,639,1579998,-,-, -,-, -,15,15,70052,25,58492,-,-, -,-, -
02568500,GRABBER SCHOOL OF HAIR DESIGN,MO,631263933,Proprietary,160,183,577610,347,572360,176,199,771847,381,764783,-,-, -,-, -,26,30,184207,59,184207,-,-, -,-, -
02568600,MAHONING COUNTY CAREER AND TECHNICAL CENTER,OH,444069710,Public,10,10,25217,19,25217,8,8,30785,15,30785,-,-, -,-, -,-,-, -,-, -,-,-, -,-, -
02568800,SUSSEX COUNTY COMMUNITY COLLEGE,NJ,078601149,Public,250,250,734632,410,734632,306,308,1010870,526,1010870,-,-, -,-, -,35,35,285476,57,285476,-,-, -,-, -
02569600,SEARCY BEAUTY COLLEGE,AR,721430000,Proprietary,45,48,124062,80,124062,39,40,135851,67,135851,-,-, -,-, -,1,1,14000,2,14000,-,-, -,-, -
02573100,EVANS HAIRSTYLING COLLEGE OF CEDAR CITY,UT,847202523,Proprietary,6,6,18500,11,18500,21,21,92000,41,92000,-,-, -,-, -,-,-, -,-, -,-,-, -,-, -
02573200,LA BELLE BEAUTY ACADEMY,FL,331352827,Proprietary,69,69,169468,132,167817,68,68,109084,130,108313,-,-, -,-, -,-,-, -,-, -,-,-, -,-, -
02573700,INSTITUTE FOR CLINICAL SOCIAL WORK,IL,606401229,Private-Nonprofit,-,-, -,-, -,-,-, -,-, -,28,29,525138,70,525138,-,-, -,-, -,14,14,304993,30,304993
02576900,CHARTER COLLEGE,AK,995084103,Proprietary,2915,3881,10673977,8286,10673977,2838,3813,14269871,8124,14269871,-,-, -,-, -,54,67,722566,170,722566,-,-, -,-, -
02577000,PAUL MITCHELL THE SCHOOL - ESANI,GA,300761507,Proprietary,284,334,808710,632,807210,309,364,1130533,688,1129867,-,-, -,-, -,23,26,201230,55,201230,-,-, -,-, -
02578200,NOSSI COLLEGE OF ART AND DESIGN,TN,371155138,Proprietary,190,269,999613,509,997863,163,226,837759,424,831509,-,-, -,-, -,71,108,957753,210,957753,-,-, -,-, -
02578400,MARYLAND UNIVERSITY OF INTEGRATIVE HEALTH,MD,207236010,Private-Nonprofit,-,-, -,-, -,1,1,3631,1,3631,341,349,5037078,775,5037078,-,-, -,-, -,112,124,2911242,281,2893743
02579600,MURDOCH UNIVERSITY,,6150,Foreign-Private,1,1,3500,1,3500,1,1,6000,1,6000,4,4,60655,7,60655,-,-, -,-, -,4,4,111841,10,111841
02580200,ATLANTA SCHOOL OF MASSAGE,GA,303386704,Proprietary,221,233,416231,403,416231,213,225,580696,389,580696,-,-, -,-, -,3,3,30225,6,30225,-,-, -,-, -
02582200,BELBO BEAUTY INSTITUTE,LA,711052404,Proprietary,96,103,266168,175,266168,95,100,324394,172,324394,-,-, -,-, -,4,4,34572,8,34572,-,-, -,-, -
02584400,NEW ENGLAND TRACTOR TRAILER TRAINING SCHOOL OF MASSACHUSETTS,RI,028601752,Proprietary,1318,1353,3173824,2494,3173824,1302,1376,4628998,2550,4628998,-,-, -,-, -,71,74,412018,145,412018,-,-, -,-, -
02584900,FIRST INSTITUTE,IL,600147489,Proprietary,163,163,529096,312,527346,163,165,734599,324,731599,-,-, -,-, -,9,9,59691,17,59691,-,-, -,-, -
02587500,UNIVERSIDAD ANA G. MÉNDEZ - CUPEY CAMPUS,PR,009262602,Private-Nonprofit,1741,2690,5836014,2694,5836014,1407,2234,5975960,2234,5975960,1249,2532,17908176,2532,17908176,-,-, -,-, -,22,31,285406,31,285406
02587600,ORLO SCHOOL OF HAIR DESIGN AND COSMETOLOGY (THE),NY,122061723,Proprietary,37,39,126268,76,126268,41,43,114951,84,114951,-,-, -,-, -,15,15,158617,30,158617,-,-, -,-, -
02587700,HAIR PROFESSIONALS CAREER COLLEGE,IL,604651929,Proprietary,57,67,181989,123,181989,59,67,213752,122,213752,-,-, -,-, -,10,12,79832,22,79832,-,-, -,-, -
02588000,UNIVERSITY OF ULSTER,,BT52 1SA,Foreign-Private,5,5,21500,10,21500,5,5,19000,10,19000,6,6,122343,12,122343,2,2,36485,4,36485,6,6,151127,12,151127
02588200,DOUGLAS J AVEDA INSTITUTE,MI,488234351,Proprietary,654,779,2159614,1495,2156364,685,816,2379187,1624,2378187,-,-, -,-, -,80,105,1021512,210,1019012,-,-, -,-, -
02588500,OHIO STATE SCHOOL OF COSMETOLOGY,OH,430562300,Proprietary,63,76,229080,147,229080,46,55,149001,105,149001,-,-, -,-, -,6,6,52000,12,52000,-,-, -,-, -
02588600,SEMINARIO EVANGELICO DE PUERTO RICO,PR,009252207,Private-Nonprofit,-,-, -,-, -,1,1,7500,1,7500,25,43,236750,43,236750,-,-, -,-, -,-,-, -,-, -
02591600,NORTH-WEST COLLEGE,CA,914111611,Proprietary,242,267,906845,510,905095,233,258,1286622,507,1286622,-,-, -,-, -,16,17,162346,33,162346,-,-, -,-, -
02593800,CONCORDIA UNIVERSITY OF EDMONTON,,T5B 4E4,Foreign-Private,2,2,7750,3,7750,3,3,12031,7,12031,-,-, -,-, -,1,1,10000,2,10000,-,-, -,-, -
02595000,HAIR ACADEMY THE,TN,373342909,Proprietary,50,55,152252,102,152252,53,57,121535,107,121535,-,-, -,-, -,4,4,22385,8,22385,-,-, -,-, -
02595700,HILLSDALE BEAUTY COLLEGE,MI,492420000,Proprietary,21,26,73720,48,73720,22,27,76518,48,74518,-,-, -,-, -,-,-, -,-, -,-,-, -,-, -
02596400,SPARTAN COLLEGE OF AERONAUTICS AND TECHNOLOGY,CA,903012904,Proprietary,596,840,2928637,1624,2928637,580,817,3444919,1587,3444919,-,-, -,-, -,126,183,3103094,359,3103094,-,-, -,-, -
02597300,SOUTH BAYLO UNIVERSITY,CA,928011701,Private-Nonprofit,-,-, -,-, -,19,23,125319,30,125319,69,85,1237048,203,1237048,-,-, -,-, -,4,6,79658,12,79658
02600100,NEW YORK ACADEMY OF ART (THE),NY,100132911,Private-Nonprofit,-,-, -,-, -,-,-, -,-, -,42,42,810419,81,810419,-,-, -,-, -,37,37,1540330,87,1540330
02600200,OCEAN CORPORATION (THE),TX,770993479,Proprietary,133,138,447128,265,445378,134,150,539647,294,536647,-,-, -,-, -,58,67,1090888,127,1090888,-,-, -,-, -
02600900,AVEDA ARTS & SCIENCES INSTITUTE COVINGTON,LA,704332922,Proprietary,1900,2088,5842913,4012,5842913,1927,2114,6929652,4131,6929652,-,-, -,-, -,188,189,1635564,391,1635564,-,-, -,-, -
02601100,OPELOUSAS SCHOOL OF COSMETOLOGY,LA,705706156,Proprietary,20,23,70041,45,70041,13,17,71240,34,71240,-,-, -,-, -,-,-, -,-, -,-,-, -,-, -
02602100,NORTHWEST COLLEGE OF ART & DESIGN,WA,984024333,Proprietary,57,89,326823,174,326823,47,73,213235,143,213235,-,-, -,-, -,13,15,234294,28,234294,-,-, -,-, -
02602300,CENTRAL COAST COLLEGE,CA,939013301,Proprietary,420,466,1753934,1083,1736759,407,448,2037394,1031,2021316,-,-, -,-, -,92,97,824802,222,820869,-,-, -,-, -
02603100,CRAVE BEAUTY ACADEMY,KS,672035428,Proprietary,174,204,490218,382,490218,179,212,586822,396,586822,-,-, -,-, -,8,8,62362,16,62362,-,-, -,-, -
02603700,OREGON COLLEGE OF ORIENTAL MEDICINE,OR,972092859,Private-Nonprofit,-,-, -,-, -,1,1,13666,2,13666,101,163,2077819,313,2077819,-,-, -,-, -,93,195,3319211,344,3319211
02603800,LORAIN COUNTY JVS ADULT CAREER CENTER,OH,440749799,Public,16,16,36470,29,36470,9,9,23988,16,23988,-,-, -,-, -,-,-, -,-, -,-,-, -,-, -
02604700,CENTER FOR ADVANCED LEGAL STUDIES,TX,770421912,Proprietary,236,254,823403,472,821153,216,229,1145990,425,1142990,-,-, -,-, -,-,-, -,-, -,-,-, -,-, -
02606300,PAUL MITCHELL THE SCHOOL WICHITA,KS,672261321,Proprietary,152,182,483783,340,483783,152,184,511276,343,511276,-,-, -,-, -,5,5,47004,10,47004,-,-, -,-, -
02607000,TRICOCI UNIVERSITY OF BEAUTY CULTURE,IN,474042419,Proprietary,98,106,289981,208,289981,92,100,296415,200,296415,-,-, -,-, -,15,15,129851,30,129851,-,-, -,-, -
02607100,PAUL MITCHELL THE SCHOOL BOISE,ID,837091662,Proprietary,316,358,995540,665,995540,305,342,1024249,637,1024249,-,-, -,-, -,8,8,92144,15,92144,-,-, -,-, -
02608000,NEOSHO BEAUTY COLLEGE,MO,648501525,Proprietary,18,20,58293,38,58293,18,19,62645,33,62645,-,-, -,-, -,-,-, -,-, -,-,-, -,-, -
02609000,EMPEROR'S COLLEGE OF TRADITIONAL ORIENTAL MEDICINE,CA,902300000,Proprietary,-,-, -,-, -,-,-, -,-, -,68,79,1357351,212,1357351,-,-, -,-, -,34,36,883090,100,883090
02609400,VALLEY COLLEGE,WV,254045711,Proprietary,1360,1470,4439817,2606,4255835,1303,1469,6790615,2636,6584037,-,-, -,-, -,70,78,685075,144,631715,-,-, -,-, -
02610500,XENON A STEPHANIE MOSS ACADEMY,NE,681273522,Proprietary,156,183,590782,350,590782,144,172,584578,344,584578,-,-, -,-, -,20,22,180229,44,180229,-,-, -,-, -
02611700,DUBLIN CITY UNIVERSITY,,D09 V209,Foreign-Private,2,2,10000,4,10000,1,1,2000,2,2000,10,10,191500,29,191500,-,-, -,-, -,3,3,61238,9,61238
02612700,"SALON PROFESSIONAL ACADEMY - MELBOURNE, THE",FL,329043919,Proprietary,180,194,397026,324,397026,175,188,485202,318,485202,-,-, -,-, -,13,14,59567,24,59567,-,-, -,-, -
02615800,COLLEGE OF COURT REPORTING,IN,463855529,Proprietary,143,169,517613,298,517613,141,167,831635,300,831635,-,-, -,-, -,-,-, -,-, -,-,-, -,-, -
02616100,JEAN MADELINE AVEDA INSTITUTE,PA,191471542,Proprietary,180,214,506875,384,506875,188,230,607322,427,607322,-,-, -,-, -,15,19,103685,38,103685,-,-, -,-, -
02616600,SHEAR EGO INTERNATIONAL SCHOOL OF HAIR DESIGN,NY,146173501,Proprietary,77,77,217840,150,217840,81,81,308867,159,308867,-,-, -,-, -,11,11,94812,21,94812,-,-, -,-, -
02619200,DENHAM SPRINGS BEAUTY COLLEGE,LA,707263829,Proprietary,39,46,127992,93,127992,44,52,171718,102,171718,-,-, -,-, -,2,2,6261,4,6261,-,-, -,-, -
02620000,SANDUSKY CAREER CENTER,OH,448701630,Public,108,113,276053,217,276053,115,119,459614,229,459614,-,-, -,-, -,1,1,9291,2,9291,-,-, -,-, -
02621300,ACADEMY OF COSMETOLOGY,MT,597153544,Proprietary,23,29,84236,54,84236,25,33,113477,60,113477,-,-, -,-, -,3,3,18000,6,18000,-,-, -,-, -
02621500,CAREER COLLEGE OF NORTHERN NEVADA,NV,894347905,Proprietary,144,144,423694,413,290655,144,144,537674,418,364843,-,-, -,-, -,5,5,53456,19,49210,-,-, -,-, -
02623600,PARADISE VALLEY COMMUNITY COLLEGE,AZ,850321210,Public,431,467,1181855,811,1181855,156,189,482733,327,482733,-,-, -,-, -,-,-, -,-, -,-,-, -,-, -
03001800,WELCH COLLEGE,TN,370668460,Private-Nonprofit,66,66,241321,114,241321,69,70,219584,119,219584,5,5,39660,8,39660,10,10,82259,14,82259,-,-, -,-, -
03002000,HAIRMASTERS INSTITUTE OF COSMETOLOGY,IL,617015547,Proprietary,12,12,32731,19,26602,8,8,12397,14,10647,-,-, -,-, -,-,-, -,-, -,-,-, -,-, -
03002100,KENTUCKY MOUNTAIN BIBLE COLLEGE,KY,413399433,Private-Nonprofit,18,18,60539,31,60539,14,14,46537,23,46537,-,-, -,-, -,-,-, -,-, -,-,-, -,-, -
03005100,ARKANSAS BEAUTY SCHOOL- LITTLE ROCK,AR,722095116,Proprietary,80,81,178328,143,178328,77,78,249047,141,249047,-,-, -,-, -,-,-, -,-, -,-,-, -,-, -
03005400,GEORGIA CAREER INSTITUTE,GA,300945912,Proprietary,546,598,1360736,1103,1353694,529,594,1729608,1098,1725041,-,-, -,-, -,33,39,187810,76,187810,-,-, -,-, -
03005700,DETROIT BUSINESS INSTITUTE - DOWNRIVER,MI,481936761,Proprietary,160,191,516764,269,509764,161,193,737644,291,727644,-,-, -,-, -,3,3,18451,4,18451,-,-, -,-, -
03006300,IBMC COLLEGE,CO,805253044,Proprietary,450,522,1480906,1078,1480906,455,517,1755529,1067,1755529,-,-, -,-, -,25,30,200276,56,200276,-,-, -,-, -
03007000,FRONTIER NURSING UNIVERSITY,KY,403830000,Private-Nonprofit,-,-, -,-, -,1,1,12378,3,12378,2366,2900,47324574,7451,47324574,-,-, -,-, -,127,155,2025179,387,2025179
03007100,HOT SPRINGS BEAUTY COLLEGE,AR,719015432,Proprietary,77,88,251701,161,251701,73,81,231403,146,231403,-,-, -,-, -,-,-, -,-, -,-,-, -,-, -
03008600,CORTIVA INSTITUTE,FL,327517233,Proprietary,227,251,530830,467,530830,224,247,668970,465,668970,-,-, -,-, -,11,11,59667,20,59667,-,-, -,-, -
03008800,BRILLARE BEAUTY INSTITUTE,TN,373123939,Private-Nonprofit,199,219,610097,418,610097,184,199,650405,377,650405,-,-, -,-, -,7,8,65582,14,65582,-,-, -,-, -
03009500,WINSTON - SALEM BARBER SCHOOL,NC,271273757,Proprietary,125,140,419619,263,419619,116,127,453910,243,453910,-,-, -,-, -,-,-, -,-, -,-,-, -,-, -
03010400,CRESCENT CITY SCHOOL OF GAMING & BARTENDING,LA,701195507,Proprietary,75,75,219895,145,219895,75,75,364389,145,364389,-,-, -,-, -,-,-, -,-, -,-,-, -,-, -
03010700,PAUL MITCHELL THE SCHOOL ROANOKE,VA,240152255,Proprietary,119,140,396083,252,396083,119,137,421125,236,421125,-,-, -,-, -,15,19,126357,37,126357,-,-, -,-, -
03011300,"CALIFORNIA STATE UNIVERSITY, SAN MARCOS",CA,920960001,Public,3753,3945,15661055,6725,15661055,3502,3721,15580654,6473,15580654,442,535,7115864,890,7115864,337,363,4937095,674,4937095,232,306,3364248,488,3364248
03011600,FORTIS INSTITUTE,PA,185092902,Proprietary,394,465,1295010,1078,1291594,394,467,1835019,1075,1832474,-,-, -,-, -,36,43,266510,100,266510,-,-, -,-, -
03011800,UCAS UNIVERSITY OF COSMETOLOGY ARTS & SCIENCES,TX,782149903,Proprietary,33,33,87527,61,84027,31,31,119974,57,116381,-,-, -,-, -,3,3,10320,6,10320,-,-, -,-, -
03014900,PLATT COLLEGE,CO,801112417,Proprietary,154,220,793951,542,793951,174,238,1141608,596,1141608,-,-, -,-, -,11,15,194971,39,194971,-,-, -,-, -
03015300,EHOVE CAREER CENTER,OH,448469500,Public,186,189,456721,353,456721,191,196,670442,368,670442,-,-, -,-, -,1,1,14313,2,14313,-,-, -,-, -
03016000,UNIVERSITY OF PUERTO RICO - CAROLINA,PR,009874807,Public,85,85,295667,183,295667,-,-, -,-, -,-,-, -,-, -,-,-, -,-, -,-,-, -,-, -
03018500,BENE'S CAREER ACADEMY,FL,346521636,Proprietary,293,298,672737,558,672737,290,297,951854,561,951854,-,-, -,-, -,20,20,99208,39,99208,-,-, -,-, -
03019800,PCI HEALTH TRAINING CENTER,TX,752474720,Proprietary,240,242,737365,640,737365,226,245,802041,646,802041,-,-, -,-, -,25,26,149018,73,149018,-,-, -,-, -
03019900,CAPSTONE COLLEGE,CA,911034201,Proprietary,107,108,351288,201,347788,100,101,461668,190,454715,-,-, -,-, -,23,23,150918,43,150918,-,-, -,-, -
03021500,NUVANI INSTITUTE,TX,788524859,Proprietary,67,67,178661,121,177112,65,65,214055,118,211398,-,-, -,-, -,1,1,12247,2,12247,-,-, -,-, -
03023400,ARKANSAS TECHNICAL SCHOOL,AR,721145615,Proprietary,91,97,255995,173,254499,86,92,358784,168,356220,-,-, -,-, -,-,-, -,-, -,-,-, -,-, -
03023700,MADISON ADULT CAREER CENTER,OH,449052718,Public,23,23,51316,74,51316,21,21,56621,60,56621,-,-, -,-, -,-,-, -,-, -,-,-, -,-, -
03025000,TEXAS COLLEGE OF COSMETOLOGY,TX,796052001,Proprietary,203,206,517916,360,517916,197,201,626229,354,626229,-,-, -,-, -,10,10,115049,17,115049,-,-, -,-, -
03025500,MECH TECH COLLEGE,PR,007256118,Proprietary,301,384,737327,681,736161,170,224,405933,406,405933,-,-, -,-, -,10,15,58281,26,58281,-,-, -,-, -
03025800,DAWN CAREER INSTITUTE,DE,197025436,Proprietary,303,314,805415,738,805415,300,309,1119693,735,1119693,-,-, -,-, -,29,30,136181,78,136181,-,-, -,-, -
03026500,REMINGTON COLLEGE,TX,750419935,Private-Nonprofit,2721,3081,8370400,6396,8311365,2577,2910,12219942,6119,12149109,-,-, -,-, -,129,146,971866,312,957705,-,-, -,-, -
03027300,BLALOCK'S PROFESSIONAL BEAUTY COLLEGE,LA,711050000,Proprietary,23,25,71622,45,71622,23,25,67736,45,67736,-,-, -,-, -,2,2,10882,3,10882,-,-, -,-, -
03027400,AVALON INSTITUTE,CO,800141193,Proprietary,193,208,516253,391,507173,184,195,539918,363,525999,-,-, -,-, -,3,4,22022,8,22022,-,-, -,-, -
03027700,PACIFIC COLLEGE OF HEALTH AND SCIENCE,CA,921084408,Proprietary,335,393,1209057,634,1209057,351,408,1808132,662,1808132,771,1049,16867782,1915,16867782,8,8,131244,16,131244,242,320,8688518,563,8688518
03028200,TRINITY COLLEGE OF FLORIDA,FL,346554401,Private-Nonprofit,101,101,382430,177,382430,108,113,456600,199,456600,-,-, -,-, -,15,17,198942,30,198942,-,-, -,-, -
03029400,UNIVERSITY OF KEELE,,ST5 5BG,Foreign-Private,3,3,16500,6,16500,3,3,16000,6,16000,1,1,20500,1,20500,1,1,10000,2,10000,-,-, -,-, -
03029500,UNIVERSITY OF NORTHUMBRIA AT NEWCASTLE,,NE1 8ST,Foreign-Private,80,80,340250,159,340250,83,83,208000,165,208000,9,9,138477,23,138477,57,64,2413101,121,2413101,5,5,139847,14,139847
03030900,DIESEL DRIVING ACADEMY,LA,708158109,Proprietary,273,282,532156,474,492001,223,230,766094,404,698397,-,-, -,-, -,11,12,46028,22,44571,-,-, -,-, -
03032300,SCHOOL OF AUTOMOTIVE MACHINISTS & TECHNOLOGY,TX,770551803,Proprietary,42,48,164302,95,164302,46,51,204062,101,204062,-,-, -,-, -,17,20,287919,39,287919,-,-, -,-, -
03032400,KC'S SCHOOL OF HAIR DESIGN,MS,388630000,Proprietary,36,39,112000,70,112000,19,19,62330,36,62330,-,-, -,-, -,-,-, -,-, -,-,-, -,-, -
03033300,MANCHESTER METROPOLITAN UNIVERSITY (THE),,M15 6BX,Foreign-Private,13,13,57750,25,57750,14,14,60500,28,60500,20,20,378616,58,378616,4,4,116500,8,116500,11,11,173500,33,173500
03034400,CONSERVATORY OF RECORDING ARTS & SCIENCES,AZ,852821707,Proprietary,468,601,1485509,1162,1485509,515,675,1870171,1312,1870171,-,-, -,-, -,132,170,1932497,331,1932497,-,-, -,-, -
03034500,OWENSBORO COMMUNITY & TECHNICAL COLLEGE,KY,423031899,Public,427,497,1280797,880,1280797,393,536,1386764,946,1386764,-,-, -,-, -,-,-, -,-, -,-,-, -,-, -
03035200,TINT SCHOOL OF MAKEUP & COSMETOLOGY,TX,750514891,Proprietary,277,295,632144,525,632144,266,285,907296,508,907296,-,-, -,-, -,14,14,59963,25,59963,-,-, -,-, -
03035300,SOUTHERN CAREERS INSTITUTE,TX,787047667,Proprietary,4085,4335,10803990,7635,10802240,3841,4269,16435250,7566,16432250,-,-, -,-, -,276,296,1661576,532,1658648,-,-, -,-, -
03035700,LAS POSITAS COLLEGE,CA,945516750,Public,25,25,92112,48,88612,18,18,96000,34,90000,-,-, -,-, -,-,-, -,-, -,-,-, -,-, -
03035900,NATIONAL AVIATION ACADEMY,FL,337603931,Proprietary,589,830,2721107,1593,2715832,607,853,2829315,1639,2821129,-,-, -,-, -,188,265,2144915,516,2144915,-,-, -,-, -
03037500,HODGES UNIVERSITY,FL,339661018,Private-Nonprofit,65,67,170373,85,170373,67,72,231321,92,231321,24,27,313600,33,313600,3,3,13700,5,13700,-,-, -,-, -
03039900,FREMONT UNIVERSITY,CA,907035342,Proprietary,146,186,611516,461,611516,136,172,825912,434,825912,19,21,288108,51,288108,2,2,12897,6,12897,-,-, -,-, -
03042500,CARRINGTON COLLEGE,OR,972321302,Proprietary,681,826,1962367,2890,1932700,665,799,2485681,2831,2439753,-,-, -,-, -,43,49,288881,204,283193,-,-, -,-, -
03043100,THOMAS MORE COLLEGE OF LIBERAL ARTS,NH,030544818,Private-Nonprofit,59,59,244709,116,244709,59,59,182716,116,182716,-,-, -,-, -,10,10,142737,19,142737,-,-, -,-, -
03043900,NEWSCHOOL OF ARCHITECTURE AND DESIGN,CA,921010000,Proprietary,118,126,555537,344,554371,115,122,568210,335,567836,35,44,724333,111,724333,22,23,527054,63,527054,20,25,552877,63,552877
03045000,UNIVERSITY OF EAST LONDON,,E16 2RD,Foreign-Private,27,27,129570,54,129570,27,27,75500,53,75500,31,31,589256,57,589256,25,27,795134,53,795134,20,20,576353,37,576353
03051400,AUBURN CAREER CENTER,OH,440779723,Public,49,49,126446,94,124696,57,57,219067,108,219067,-,-, -,-, -,-,-, -,-, -,-,-, -,-, -
03051900,ADLER GRADUATE SCHOOL,MN,553434638,Private-Nonprofit,-,-, -,-, -,-,-, -,-, -,218,227,3145774,616,3145774,-,-, -,-, -,28,29,504545,80,504545
03052300,KENNETH SHULER SCHOOL OF COSMETOLOGY & HAIR DESIGN,SC,298412013,Proprietary,301,310,837637,582,837637,269,274,920083,518,916083,-,-, -,-, -,49,50,414026,94,414026,-,-, -,-, -
03061100,GENESIS CAREER COLLEGE,TN,370872718,Proprietary,81,82,236385,164,216416,68,69,229755,148,209423,-,-, -,-, -,2,2,13335,5,13335,-,-, -,-, -
03061200,MIDWEST COLLEGE OF ACUPUNCTURE AND HERBAL MEDICINE,WI,534039747,Proprietary,2,3,16500,9,16500,3,4,27045,11,27045,74,105,1765032,281,1758199,-,-, -,-, -,15,22,555528,59,555528
03062700,PLATT COLLEGE,CA,918039998,Proprietary,1772,3252,8748265,6927,8748265,1650,2480,7738143,5913,7738143,-,-, -,-, -,239,319,2324681,852,2324681,-,-, -,-, -
03063300,NORTHWEST ARKANSAS COMMUNITY COLLEGE,AR,727125190,Public,897,1050,2754221,2552,2754221,836,961,3061377,2438,3061377,-,-, -,-, -,12,12,95635,24,95635,-,-, -,-, -
03063400,MODERN TECHNOLOGY SCHOOL,CA,927080000,Proprietary,118,137,387084,265,371334,103,116,463148,224,444148,-,-, -,-, -,17,20,155555,38,152410,-,-, -,-, -
03064600,TEXAS SOUTHMOST COLLEGE,TX,785204993,Public,530,592,1647017,866,1647017,239,296,953569,423,953569,-,-, -,-, -,8,8,56446,12,56446,-,-, -,-, -
03065000,PAUL MITCHELL THE SCHOOL RICHLAND,WA,993529700,Proprietary,309,355,944134,629,944134,295,339,1036330,606,1036330,-,-, -,-, -,11,12,120339,26,120339,-,-, -,-, -
03065300,PAUL MITCHELL THE SCHOOL TINLEY PARK,IL,604776273,Proprietary,166,184,532045,347,530586,171,193,620105,373,620105,-,-, -,-, -,36,36,376489,71,376489,-,-, -,-, -
03066300,BRYAN UNIVERSITY,MO,658044921,Proprietary,168,246,605913,566,605913,159,219,683859,523,683859,8,14,121930,32,121930,-,-, -,-, -,-,-, -,-, -
03066900,INTELLITEC COLLEGE,CO,815063994,Proprietary,1123,1329,3885232,2478,3885232,1106,1307,4634409,2490,4634409,-,-, -,-, -,40,55,305301,110,305301,-,-, -,-, -
03067200,UNIVERSITY OF SYDNEY,,2006,Foreign-Private,9,9,35693,16,35693,8,8,36000,15,36000,83,84,1585865,156,1585865,7,7,291889,12,291889,76,78,3193521,186,3193521
03067500,INSTITUTE OF TECHNOLOGY,CA,936123217,Proprietary,1258,1452,4291032,2748,4291032,1224,1436,5716749,2736,5716749,-,-, -,-, -,177,207,1882554,405,1882554,-,-, -,-, -
03067600,RAPHAEL'S SCHOOL OF BEAUTY CULTURE,OH,445124748,Proprietary,92,102,303458,187,303458,93,104,297405,207,297405,-,-, -,-, -,6,6,45362,12,45362,-,-, -,-, -
03068200,OHIO MEDIA SCHOOL,OH,441256273,Proprietary,384,393,1107666,697,1086084,370,379,1717775,687,1683775,-,-, -,-, -,18,18,190075,36,190075,-,-, -,-, -
03068600,SPECIAL SCHOOL DISTRICT OF ST. LOUIS COUNTY,MO,631271324,Public,157,200,549852,381,549852,158,205,884633,396,884633,-,-, -,-, -,5,6,25471,12,25471,-,-, -,-, -
03069100,ALLEN COLLEGE,IA,507030000,Private-Nonprofit,125,133,565715,255,565715,129,137,528768,262,528768,114,174,2881596,373,2881596,6,6,104872,11,104872,21,32,603118,71,603118
03070900,SOUTHEAST MISSOURI HOSPITAL COLLEGE OF NURSING AND HEALTH SCIENCES,MO,637034507,Private-Nonprofit,95,119,387921,208,387921,91,116,542693,205,542693,-,-, -,-, -,5,5,30870,8,30870,-,-, -,-, -
03071600,CBT TECHNOLOGY INSTITUTE,FL,331442028,Proprietary,1374,1417,3855955,2189,3855955,1364,1398,3878460,2165,3878460,-,-, -,-, -,29,29,52214,37,52214,-,-, -,-, -
03071900,MOUNT CARMEL COLLEGE OF NURSING,OH,432221598,Private-Nonprofit,309,363,1610599,720,1586101,313,378,1834134,742,1807810,83,132,2200183,280,2179684,33,39,713532,64,713532,13,18,191871,32,186807
03072200,CHANDLER - GILBERT COMMUNITY COLLEGE,AZ,852252499,Public,822,896,2277084,1563,2277084,352,423,1117668,762,1117668,-,-, -,-, -,15,23,480113,42,480113,-,-, -,-, -
03074500,EAST WEST COLLEGE OF THE HEALING ARTS,OR,972015446,Proprietary,198,210,489518,463,460355,199,216,851118,475,795119,-,-, -,-, -,-,-, -,-, -,-,-, -,-, -
03075200,TWIN CITY BEAUTY COLLEGE,MI,490853305,Proprietary,121,135,401262,256,401262,120,136,408003,255,408003,-,-, -,-, -,28,28,252660,59,252660,-,-, -,-, -
03076100,SOUTHWESTERN COLLEGE,NM,875070000,Private-Nonprofit,-,-, -,-, -,1,1,10526,2,10526,230,231,3812539,1330,3812539,-,-, -,-, -,69,69,1150717,463,1150717
03076300,BEULAH HEIGHTS UNIVERSITY,GA,303161873,Private-Nonprofit,58,67,195197,142,195197,57,63,331983,136,331983,56,57,915130,111,915130,-,-, -,-, -,10,10,203860,23,203860
03077200,PAUL MITCHELL THE SCHOOL MISSOURI COLUMBIA,MO,652036520,Proprietary,121,140,389286,258,389286,126,147,446096,276,446096,-,-, -,-, -,9,9,86489,18,86489,-,-, -,-, -
03078000,MIAMI MEDIA SCHOOL,FL,331261823,Proprietary,210,218,605290,373,562979,192,200,898252,351,841252,-,-, -,-, -,5,6,36094,12,36094,-,-, -,-, -
03078300,VANCOUVER SCHOOL OF THEOLOGY,,V6T 1Z1,Foreign-Private,-,-, -,-, -,-,-, -,-, -,1,2,41000,4,41000,-,-, -,-, -,-,-, -,-, -
03078400,CAMEO BEAUTY ACADEMY,IL,604533196,Proprietary,54,59,166006,108,166006,52,57,142177,106,142177,-,-, -,-, -,1,1,9500,2,9500,-,-, -,-, -
03078700,UNIVERSITA COMMERCIALE LUIGI BOCCONI,,20136,Foreign-Private,3,3,10500,4,10500,3,3,6000,4,6000,9,9,184500,18,184500,1,1,30000,2,30000,7,7,278838,14,278838
03079000,ETI TECHNICAL COLLEGE OF NILES,OH,444464398,Proprietary,235,395,812552,881,812552,235,397,1195370,886,1195370,-,-, -,-, -,15,15,91832,34,91832,-,-, -,-, -
03079100,NORTH CENTRAL INSTITUTE,TN,370423116,Proprietary,13,15,48793,29,48793,14,16,61882,33,61882,-,-, -,-, -,1,1,3989,2,3989,-,-, -,-, -
03079900,CITY COLLEGE,FL,327143129,Proprietary,178,222,586929,473,586929,181,228,869673,489,869673,-,-, -,-, -,9,11,53475,19,53475,-,-, -,-, -
03081600,DELAWARE CHENANGO MADISON OTSEGO BOCES,NY,138159554,Public,25,25,71199,42,71199,22,38,98540,70,98540,-,-, -,-, -,1,1,9455,2,9455,-,-, -,-, -
03081900,YTI CAREER INSTITUTE - ALTOONA,PA,166024310,Proprietary,97,151,552523,376,552523,99,147,701417,369,701417,-,-, -,-, -,2,2,11153,4,11153,-,-, -,-, -
03082100,MYOTHERAPY MASSAGE COLLEGE,UT,841072173,Proprietary,45,45,111428,87,111428,46,46,192849,90,192849,-,-, -,-, -,-,-, -,-, -,-,-, -,-, -
03083000,OZARKS TECHNICAL COMMUNITY COLLEGE,MO,658023601,Public,2255,2519,6714691,4427,6714691,1232,1564,4837141,2819,4837141,-,-, -,-, -,-,-, -,-, -,-,-, -,-, -
03083700,GALEN HEALTH INSTITUTES,KY,402455396,Proprietary,13694,16660,51677839,37377,51617764,14193,17502,76813407,39342,76719661,107,137,2203180,260,2203180,341,408,4695969,978,4682977,1,1,3740,2,3740
03083800,HEARTLAND COMMUNITY COLLEGE,IL,617619446,Public,293,310,880231,542,880231,301,314,964068,570,964068,-,-, -,-, -,14,15,88128,29,88128,-,-, -,-, -
03084300,UNIVERSITY OF LIMERICK,,V94 T9PX,Foreign-Private,11,11,47666,21,47666,15,15,52334,28,52334,20,20,404200,50,404200,10,10,217184,18,217184,9,9,271462,24,271462
03084400,VALLEY COLLEGE,WV,258012643,Proprietary,165,184,553104,342,536444,161,187,816469,346,798589,-,-, -,-, -,3,3,25641,5,25641,-,-, -,-, -
03084700,VENTURA ADULT AND CONTINUING EDUCATION,CA,930037313,Public,7,7,17156,12,17156,6,6,29145,10,29145,-,-, -,-, -,-,-, -,-, -,-,-, -,-, -
03085100,UNIVERSITY OF WOLVERHAMPTON,,WV1 1LY,Foreign-Private,2,2,5881,4,5881,2,2,9119,4,9119,-,-, -,-, -,-,-, -,-, -,2,2,62907,6,62907
03088700,ROYAL CONSERVATOIRE OF SCOTLAND,,G2 3DB,Foreign-Private,10,10,44000,30,44000,10,10,34500,30,34500,8,8,148625,26,148625,7,7,204244,21,204244,8,8,224788,28,224788
03089100,GEORGIA INSTITUTE OF COSMETOLOGY,GA,306063152,Proprietary,149,160,429370,274,405120,145,158,520829,266,490829,-,-, -,-, -,15,16,123949,30,117699,-,-, -,-, -
03089300,HERITAGE BIBLE COLLEGE,NC,283340000,Private-Nonprofit,14,14,46525,46,46525,13,13,81795,49,81795,2,3,61500,13,61500,-,-, -,-, -,-,-, -,-, -
03090000,SHARP'S ACADEMY OF HAIRSTYLING,MI,484391838,Proprietary,7,7,18876,14,18876,4,4,14254,7,14254,-,-, -,-, -,-,-, -,-, -,-,-, -,-, -
03090800,LAKE ERIE COLLEGE OF OSTEOPATHIC MEDICINE,PA,165091025,Private-Nonprofit,7,7,38500,14,38500,10,10,67901,19,67901,2579,3456,134860411,6749,134671747,-,-, -,-, -,2253,3104,87544918,6047,87402242
03091300,REGENT UNIVERSITY,VA,234649800,Private-Nonprofit,3323,3389,10598467,5999,10598467,3122,3197,14000761,5694,14000761,4104,4207,63435835,8740,63435835,186,196,2774190,356,2774190,1316,1486,28018858,3091,28018858
03091400,UNIVERSITY OF WOLLONGONG,,2522,Foreign-Private,3,3,14077,6,14077,2,2,5500,3,5500,1,1,18878,1,18878,-,-, -,-, -,-,-, -,-, -
03092500,NOTTINGHAM TRENT UNIVERSITY,,NG1 4FQ,Foreign-Private,26,26,101500,52,101500,28,28,123596,56,123596,16,16,304717,31,304717,10,10,300716,20,300716,6,6,146606,14,146606
03092600,MESSENGER COLLEGE,TX,760214299,Private-Nonprofit,24,27,92272,49,92272,20,20,50500,37,50500,-,-, -,-, -,3,3,23683,7,23683,-,-, -,-, -
03094800,INDUSTRIAL MANAGEMENT & TRAINING INSTITUTE,CT,067061211,Proprietary,41,41,136246,78,134496,41,41,140261,79,139261,-,-, -,-, -,5,5,87466,10,87466,-,-, -,-, -
03095400,BOND UNIVERSITY,,4229,Foreign-Private,3,4,16000,7,16000,3,4,8000,7,8000,20,21,417500,41,417500,2,2,35818,4,35818,20,22,443990,45,443990
03095600,VANTAGE CAREER CENTER,OH,458911378,Public,15,22,60544,42,60544,16,22,91367,41,91367,-,-, -,-, -,-,-, -,-, -,-,-, -,-, -
03095900,ESSEC BUSINESS SCHOOL,,F-95021,Foreign-Private,-,-, -,-, -,-,-, -,-, -,2,2,25500,4,25500,-,-, -,-, -,1,1,30000,2,30000
03097000,MERCY COLLEGE OF OHIO,OH,436041132,Private-Nonprofit,363,440,1293947,793,1293947,404,497,2230785,871,2230785,82,84,1375368,193,1375368,15,16,201535,26,201535,57,62,2053654,138,2053654
03097700,CENTRAL CALIFORNIA SCHOOL OF CONTINUING EDUCATION,CA,934016739,Proprietary,65,76,223855,150,223855,47,53,158354,105,158354,-,-, -,-, -,1,2,7650,5,7650,-,-, -,-, -
03098000,ST. JOHN'S COLLEGE,IL,627025321,Private-Nonprofit,33,38,200064,71,189064,37,41,193630,76,184630,10,10,196866,20,196866,4,5,40513,8,40513,4,4,35946,6,35946
03098200,YO SAN UNIVERSITY OF TRADITIONAL CHINESE MEDICINE,CA,900661103,Private-Nonprofit,-,-, -,-, -,-,-, -,-, -,69,91,1465380,179,1465380,-,-, -,-, -,33,40,1042240,79,1042240
03098600,CAREER TECHNOLOGY CENTER OF LACKAWANNA COUNTY,PA,185080000,Public,88,115,366755,328,366755,87,113,546972,329,546972,-,-, -,-, -,2,3,11484,4,11484,-,-, -,-, -
03098700,MILAN INSTITUTE,CA,922116030,Proprietary,484,520,1271901,953,1271582,448,479,1403186,885,1402640,-,-, -,-, -,25,27,125825,55,125825,-,-, -,-, -
03100100,PARAMOUNT BEAUTY ACADEMY,OH,456624136,Proprietary,39,51,147800,94,141050,39,53,196645,101,186979,-,-, -,-, -,8,10,84963,17,77969,-,-, -,-, -
03100400,COCONINO COUNTY COMMUNITY COLLEGE,AZ,860052701,Public,192,192,558515,350,558515,203,207,638862,371,638862,-,-, -,-, -,26,27,324823,49,324823,-,-, -,-, -
03100700,CARROLL COMMUNITY COLLEGE,MD,211576913,Public,102,102,263678,178,263678,138,138,580055,248,580055,-,-, -,-, -,-,-, -,-, -,-,-, -,-, -
03100900,LUTHER RICE COLLEGE & SEMINARY,GA,300382454,Private-Nonprofit,83,113,321395,208,316145,74,99,459379,188,452047,116,142,1836146,267,1788311,-,-, -,-, -,-,-, -,-, -
03101000,NEW DIMENSION SCHOOL OF HAIR DESIGN,MO,648015017,Proprietary,27,30,87748,57,87748,28,31,106492,59,106492,-,-, -,-, -,1,1,3000,2,3000,-,-, -,-, -
03101800,ILLINOIS MEDIA SCHOOL,IL,606312802,Proprietary,215,230,640256,414,640256,212,226,1017800,412,1017800,-,-, -,-, -,6,6,56887,13,56887,-,-, -,-, -
03101900,TRINITY BAPTIST COLLEGE,FL,322211398,Private-Nonprofit,188,228,724632,680,724632,192,234,691175,686,691175,8,8,110241,25,110241,27,27,338226,112,338226,-,-, -,-, -
03102000,"RIVERTOWN SCHOOL OF BEAUTY, BARBER, SKIN CARE AND NAILS",GA,319093625,Proprietary,130,137,378197,249,378197,126,136,500325,250,500325,-,-, -,-, -,-,-, -,-, -,-,-, -,-, -
03102100,MORGANTOWN BEAUTY COLLEGE,WV,265055430,Proprietary,67,76,201010,149,201010,66,70,177845,141,177845,-,-, -,-, -,8,10,78430,21,78430,-,-, -,-, -
03102500,AMERICAN UNIVERSITY OF ROME,,00153,Foreign-Private,63,63,283671,113,283671,73,73,263289,130,263289,20,20,335557,32,335557,43,44,1092432,81,1092432,9,9,130427,16,130427
03102800,ROBERT GORDON UNIVERSITY,,AB10 7QB,Foreign-Private,2,2,8000,4,8000,3,3,18000,6,18000,2,2,41000,6,41000,1,1,17000,2,17000,2,2,64000,6,64000
03103300,JNA INSTITUTE OF CULINARY ARTS,PA,191463119,Proprietary,27,30,105500,53,103750,30,33,84524,58,84524,-,-, -,-, -,-,-, -,-, -,-,-, -,-, -
03103800,SOUTHERN SCHOOL OF BEAUTY,OK,747015008,Proprietary,5,5,15750,9,15750,4,4,19000,7,19000,-,-, -,-, -,-,-, -,-, -,-,-, -,-, -
03104000,SHAWSHEEN VALLEY SCHOOL OF PRACTICAL NURSING,MA,018215499,Public,24,24,64570,38,64570,24,24,100819,36,100819,-,-, -,-, -,1,1,16000,2,16000,-,-, -,-, -
03104200,CAROLINAS COLLEGE OF HEALTH SCIENCES,NC,282172861,Public,277,277,875287,518,751361,249,249,1252728,483,1091803,-,-, -,-, -,7,7,143017,16,125232,-,-, -,-, -
03104300,CAREER TECHNICAL INSTITUTE,DC,200053521,Proprietary,196,222,629970,398,564043,229,247,1085287,438,939848,-,-, -,-, -,16,17,82015,32,79606,-,-, -,-, -
03104500,ATLANTA INSTITUTE OF MUSIC AND MEDIA,GA,300964988,Proprietary,186,213,562296,486,562296,184,212,623516,484,623516,-,-, -,-, -,22,23,417048,58,417048,-,-, -,-, -
03105200,BAPTIST HEALTH COLLEGE LITTLE ROCK,AR,722102820,Private-Nonprofit,418,430,1041974,813,1041974,454,481,1640791,907,1640791,-,-, -,-, -,14,18,176654,26,176654,-,-, -,-, -
03106000,MISSOURI STATE UNIVERSITY - WEST PLAINS,MO,657752715,Public,166,178,416788,327,416788,146,155,477655,284,477655,-,-, -,-, -,3,3,17085,5,17085,-,-, -,-, -
03106200,FRANCISCAN MISSIONARIES OF OUR LADY UNIVERSITY,LA,708084345,Private-Nonprofit,388,413,1435729,681,1435729,436,468,1941647,782,1941647,293,317,5417615,683,5417615,40,45,595155,76,595155,205,276,6851895,518,6851895
03106500,SENTARA COLLEGE OF HEALTH SCIENCES,VA,233202843,Private-Nonprofit,184,184,824971,304,824971,173,173,938219,287,938219,42,73,752790,113,752790,20,21,243117,28,243117,34,36,937497,81,937497
03107000,SONORAN UNIVERSITY OF HEALTH SCIENCES,AZ,852821751,Private-Nonprofit,-,-, -,-, -,-,-, -,-, -,483,978,15453085,1467,15453085,-,-, -,-, -,278,779,7472932,906,7472932
03108100,SUMMIT CAREER COLLEGE,CA,924082815,Proprietary,861,890,2884583,1693,2884583,858,899,3725876,1715,3725876,-,-, -,-, -,115,121,953241,233,953241,-,-, -,-, -
03108500,EVERGLADES UNIVERSITY,FL,334310000,Private-Nonprofit,1634,2229,7856854,4169,7856854,1592,2103,10750711,3948,10750711,263,338,5389120,650,5389120,116,147,1704599,283,1704599,27,28,454352,53,454352
03108600,COMPU-MED VOCATIONAL CAREERS,FL,330124861,Proprietary,540,718,2248735,1296,2248735,541,710,3072314,1250,3072314,-,-, -,-, -,14,18,142722,35,142722,-,-, -,-, -
03109100,ASPIRA CITY COLLEGE,PA,191402302,Private-Nonprofit,7,7,23016,19,23016,7,7,15786,18,15786,-,-, -,-, -,-,-, -,-, -,-,-, -,-, -
03109500,DONGGUK UNIVERSITY LOS ANGELES,CA,900201765,Private-Nonprofit,-,-, -,-, -,-,-, -,-, -,40,42,701440,129,643960,-,-, -,-, -,4,4,67500,15,67500
03109800,PONCA CITY BEAUTY COLLEGE,OK,746011029,Proprietary,32,40,115532,76,114039,34,44,190831,83,188271,-,-, -,-, -,2,2,22765,4,22765,-,-, -,-, -
03110400,PAUL MITCHELL THE SCHOOL ST. GEORGE,UT,847705233,Proprietary,35,39,99163,64,99163,27,31,98784,54,98784,-,-, -,-, -,-,-, -,-, -,-,-, -,-, -
03110700,AVIATION INSTITUTE OF MAINTENANCE,PA,191141017,Proprietary,353,534,1862174,1024,1862174,347,486,2034683,923,2034683,-,-, -,-, -,63,88,504363,162,504363,-,-, -,-, -
03110800,BAKKE GRADUATE UNIVERSITY,TX,752437039,Private-Nonprofit,-,-, -,-, -,-,-, -,-, -,4,4,60973,12,60973,-,-, -,-, -,-,-, -,-, -
03110900,ACADEMY OF BEAUTY PROFESSIONALS,MO,640839195,Proprietary,161,172,408498,319,408498,156,168,504694,326,504694,-,-, -,-, -,18,19,143902,37,143902,-,-, -,-, -
03112100,DEWEY UNIVERSITY,PR,009159538,Private-Nonprofit,360,362,1411610,709,1049967,314,324,1465358,586,1021072,143,144,2205116,349,1878401,-,-, -,-, -,-,-, -,-, -
03113300,UEI COLLEGE,CA,937265398,Proprietary,2958,2975,9645471,5655,9645471,2844,2860,13572907,5527,13572907,-,-, -,-, -,263,263,2508990,503,2508990,-,-, -,-, -
03113600,SOUTHERN CALIFORNIA INSTITUTE OF TECHNOLOGY,CA,928015454,Proprietary,458,596,1418707,1250,1418707,457,590,1871453,1233,1871453,-,-, -,-, -,42,51,346015,127,346015,-,-, -,-, -
03114700,PRAXIS INSTITUTE,FL,331742523,Proprietary,388,393,1187359,753,1184443,353,358,1702167,694,1697167,-,-, -,-, -,50,51,259072,101,259072,-,-, -,-, -
03115000,ARIZONA COLLEGE,AZ,852821840,Proprietary,7568,11068,37172385,21691,37171559,7627,10243,50557925,20063,50556509,-,-, -,-, -,631,775,10129062,1571,10129062,-,-, -,-, -
03115200,MOTORING TECHNICAL TRAINING INSTITUTE,MA,027715933,Proprietary,346,347,1144269,671,1144269,360,360,1528093,708,1528093,-,-, -,-, -,99,99,1112570,195,1112570,-,-, -,-, -
03115300,GENESEE-LIVINGSTON-STEUBEN-WYOMING BOCES,NY,140201099,Public,69,83,158810,161,158810,65,80,229861,157,229861,-,-, -,-, -,1,1,5465,2,5465,-,-, -,-, -
03115500,ADVENTHEALTH UNIVERSITY,FL,328031237,Private-Nonprofit,737,772,2535184,1526,2535184,747,796,3093130,1583,3093130,353,357,6345703,760,6345703,53,64,812448,152,812448,275,306,9397299,727,9397299
03117000,ASHLAND COUNTY - WEST HOLMES CAREER CENTER - ADULT EDUCATION,OH,448050000,Public,19,19,48022,35,48022,16,16,42510,30,42510,-,-, -,-, -,-,-, -,-, -,-,-, -,-, -
03120700,NEW YORK CONSERVATORY FOR DRAMATIC ARTS (THE),NY,100114225,Proprietary,242,242,899194,461,899194,247,250,774325,474,774325,-,-, -,-, -,118,127,4256604,253,4256604,-,-, -,-, -
03122600,EASTERN INTERNATIONAL COLLEGE,NJ,073063906,Proprietary,436,536,2087722,935,1944535,428,518,2656304,897,2457095,-,-, -,-, -,36,49,583304,83,544834,-,-, -,-, -
03122900,YORK COUNTY COMMUNITY COLLEGE,ME,040900529,Public,101,102,289779,165,289779,103,105,394631,173,394631,-,-, -,-, -,1,1,5000,1,5000,-,-, -,-, -
03123900,SOUTHEASTERN COLLEGE,FL,334090000,Proprietary,1043,1307,3881739,2391,3881739,1040,1282,5110799,2337,5110799,-,-, -,-, -,116,143,1213794,273,1213794,-,-, -,-, -
03124000,NORTHWESTERN TECHNOLOGICAL INSTITUTE,MI,480752412,Proprietary,502,504,1566311,930,1564561,492,493,2099629,916,2099629,-,-, -,-, -,6,6,77979,12,77979,-,-, -,-, -
03124900,PAUL MITCHELL THE SCHOOL - LITTLE ROCK,AR,721172516,Proprietary,305,336,912290,620,911481,301,333,1074589,627,1073589,-,-, -,-, -,33,34,287471,70,287471,-,-, -,-, -
03125300,JOHN WESLEY INTERNATIONAL BARBER AND BEAUTY COLLEGE,CA,908134592,Proprietary,47,53,123345,90,121905,36,38,97898,80,96898,-,-, -,-, -,-,-, -,-, -,-,-, -,-, -
03125600,MIAMI AD SCHOOL,FL,331373800,Proprietary,69,81,246429,200,246429,68,82,381628,206,381628,-,-, -,-, -,1,1,40000,3,40000,-,-, -,-, -
03125800,PREMIERE CAREER COLLEGE,CA,917063746,Proprietary,61,69,250622,125,232018,56,64,287850,119,269700,-,-, -,-, -,5,7,29650,12,28150,-,-, -,-, -
03126300,AVIATION INSTITUTE OF MAINTENANCE,VA,235183205,Proprietary,173,248,882554,474,882554,172,240,1041584,459,1041584,-,-, -,-, -,42,53,482187,104,482187,-,-, -,-, -
03126800,PACIFICA GRADUATE INSTITUTE,CA,930133019,Proprietary,-,-, -,-, -,-,-, -,-, -,510,530,9431592,1700,9431592,-,-, -,-, -,378,429,12450888,1464,12450888
03127500,ADVANCED TECHNOLOGY INSTITUTE,VA,234622409,Proprietary,179,253,836195,483,836195,181,257,772395,489,772395,-,-, -,-, -,43,53,203690,100,203690,-,-, -,-, -
03128100,COLLEGE OF HEALTH CARE PROFESSIONS (THE),TX,770928541,Proprietary,6769,7400,23056784,14052,22922240,6112,6615,23687508,12687,23543085,-,-, -,-, -,262,277,1762093,550,1748193,-,-, -,-, -
03128400,DELAWARE COUNTY TECHNICAL SCHOOL,PA,190081928,Public,90,119,333321,220,333321,92,124,538820,230,538820,-,-, -,-, -,-,-, -,-, -,-,-, -,-, -
03129100,FOND DU LAC TRIBAL & COMMUNITY COLLEGE,MN,557202984,Public,218,266,723791,479,723791,205,240,856067,429,856067,-,-, -,-, -,1,1,5167,2,5167,-,-, -,-, -
03130500,URBAN COLLEGE OF BOSTON,MA,021161093,Private-Nonprofit,4,5,3172,7,3172,1,1,3000,1,3000,-,-, -,-, -,-,-, -,-, -,-,-, -,-, -
03131300,FIVE BRANCHES UNIVERSITY,CA,950624669,Proprietary,-,-, -,-, -,-,-, -,-, -,70,90,1482626,164,1482626,-,-, -,-, -,56,76,1448522,137,1448522
03144400,AMERICAN COLLEGE OF HEALTHCARE AND TECHNOLOGY,CA,925053038,Proprietary,413,439,1420745,831,1418995,407,443,1799430,828,1796430,-,-, -,-, -,98,107,803884,211,803884,-,-, -,-, -
03150400,UNIVERSITY OF TECHNOLOGY SYDNEY,,2007,Foreign-Private,1,1,3500,2,3500,1,1,6000,2,6000,4,5,102500,10,102500,-,-, -,-, -,3,4,61180,8,61180
03153300,AMERICAN COLLEGE OF ACUPUNCTURE & ORIENTAL MEDICINE,TX,770634104,Proprietary,-,-, -,-, -,-,-, -,-, -,31,40,604306,101,604306,-,-, -,-, -,3,3,33916,5,33916
03156300,ESTRELLA MOUNTAIN COMMUNITY COLLEGE,AZ,853921010,Public,815,884,2237727,1530,2237727,261,286,752553,499,752553,-,-, -,-, -,-,-, -,-, -,-,-, -,-, -
03156400,AOMA GRADUATE SCHOOL OF INTEGRATIVE MEDICINE,TX,787451479,Proprietary,-,-, -,-, -,-,-, -,-, -,51,53,609065,101,609065,-,-, -,-, -,36,38,815004,68,815004
03160300,ALASKA VOCATIONAL TECHNICAL CENTER,AK,996640889,Public,7,7,19352,14,19352,10,10,39652,18,39652,-,-, -,-, -,1,1,5100,1,5100,-,-, -,-, -
03169300,STUDIO JEWELERS,NY,100164112,Proprietary,16,16,33065,31,33065,16,16,80419,31,80419,-,-, -,-, -,-,-, -,-, -,-,-, -,-, -
03170300,TEXAS A & M UNIVERSITY - TEXARKANA,TX,755035518,Public,732,783,2853515,1277,2853515,731,788,3391539,1283,3391539,177,217,2517884,322,2517884,39,44,381900,65,381900,2,2,2796,2,2796
03171300,UNIVERSITY OF ST. AUGUSTINE FOR HEALTH SCIENCES,CA,920690000,Proprietary,-,-, -,-, -,-,-, -,-, -,3775,3858,74129980,9952,74043751,-,-, -,-, -,3014,3475,115833014,8664,115717301
03173300,ATLANTA LAW CENTER,GA,303031226,Private-Nonprofit,-,-, -,-, -,-,-, -,-, -,299,304,5916162,580,5916162,-,-, -,-, -,285,491,13195836,760,13195836
03176300,AVIATION INSTITUTE OF MAINTENANCE,IN,462411445,Proprietary,474,754,2380170,1427,2380170,461,670,2756522,1265,2756522,-,-, -,-, -,79,102,829650,192,829650,-,-, -,-, -
03177300,SAN JUAN BAUTISTA SCHOOL OF  MEDICINE,PR,007250000,Private-Nonprofit,12,12,41266,23,41266,6,6,16000,12,16000,260,311,9557656,758,9557656,-,-, -,-, -,187,223,5889656,574,5889656
03179500,TEXAS HEALTH AND SCIENCE UNIVERSITY,TX,787046748,Proprietary,-,-, -,-, -,-,-, -,-, -,29,41,758981,79,758981,-,-, -,-, -,10,13,178062,25,178062
03180400,PENNSYLVANIA HIGHLANDS COMMUNITY COLLEGE,PA,159042949,Public,298,332,827585,513,827585,284,335,1085988,520,1085988,-,-, -,-, -,6,6,32490,9,32490,-,-, -,-, -
03185300,PHAGANS' GRANTS PASS COLLEGE OF BEAUTY,OR,975267902,Proprietary,44,49,129946,181,129946,39,44,133680,163,133680,-,-, -,-, -,-,-, -,-, -,-,-, -,-, -
03191300,CUNY SCHOOL OF LAW,NY,111014356,Public,-,-, -,-, -,-,-, -,-, -,432,547,8323300,1072,8319800,-,-, -,-, -,302,353,6476091,687,6476091
03193300,MANHATTAN SCHOOL OF COMPUTER TECHNOLOGY,NY,112301617,Private-Nonprofit,5,5,14661,10,14661,3,3,9500,6,9500,-,-, -,-, -,-,-, -,-, -,-,-, -,-, -
03194300,BOSTON GRADUATE SCHOOL OF PSYCHOANALYSIS,MA,024464602,Private-Nonprofit,-,-, -,-, -,-,-, -,-, -,32,34,526551,59,526551,-,-, -,-, -,14,19,441981,25,441981
03203300,NEW YORK INSTITUTE OF MASSAGE,NY,142216021,Proprietary,60,65,137236,120,137236,63,67,210783,128,210783,-,-, -,-, -,1,1,12900,2,12900,-,-, -,-, -
03206300,MESALANDS COMMUNITY COLLEGE,NM,884013352,Public,10,10,34313,36,34313,10,10,26250,36,26250,-,-, -,-, -,-,-, -,-, -,-,-, -,-, -
03214300,VELVATEX COLLEGE OF BEAUTY CULTURE,AR,722025452,Proprietary,11,12,29250,17,29250,12,13,42083,17,42083,-,-, -,-, -,-,-, -,-, -,-,-, -,-, -
03216300,HJ INTERNATIONAL GRADUATE SCHOOL FOR PEACE AND PUBLIC LEADERSHIP,NY,100367408,Private-Nonprofit,-,-, -,-, -,-,-, -,-, -,13,13,227165,26,227165,-,-, -,-, -,1,1,7749,2,7749
03218300,UNIVERSITY OF THE POTOMAC,DC,200059997,Proprietary,86,99,285486,173,285486,68,77,239288,138,239288,27,33,246376,64,246376,-,-, -,-, -,3,3,70929,6,70929
03220300,"PROFESSIONAL HAIR DESIGN ACADEMY, THE",WI,547017633,Proprietary,42,51,171311,96,171311,40,50,174261,95,171261,-,-, -,-, -,-,-, -,-, -,-,-, -,-, -
03224300,NEW PROFESSIONS TECHNICAL INSTITUTE,FL,331341640,Proprietary,453,594,1918269,1525,1910938,443,582,2285950,1529,2275757,-,-, -,-, -,7,8,12805,20,12805,-,-, -,-, -
03225300,AMERICAN UNIVERSITY OF HEALTH SCIENCES,CA,907553612,Proprietary,312,388,1670003,1099,1668169,317,397,2121291,1119,2120624,116,143,3133373,406,3124411,22,25,438563,93,438563,53,54,1325783,155,1307657
03234300,CHARTER OAK STATE COLLEGE,CT,060512150,Public,783,889,2943896,1346,2943896,799,1016,4240297,1501,4240297,63,78,750840,108,750840,2,3,25215,5,25215,1,2,5300,2,5300
03235300,MASSACHUSETTS SCHOOL OF LAW AT ANDOVER,MA,018101094,Private-Nonprofit,-,-, -,-, -,-,-, -,-, -,204,204,3433444,322,3433444,-,-, -,-, -,81,82,1593323,142,1593323
03238300,FLORIDA COLLEGE OF INTEGRATIVE MEDICINE,FL,328095721,Proprietary,-,-, -,-, -,-,-, -,-, -,35,35,629339,65,629339,-,-, -,-, -,20,21,353053,37,353053
03240300,COLLECTIV ACADEMY,MA,016052213,Proprietary,200,252,472643,371,472643,222,282,635974,407,633224,-,-, -,-, -,41,41,343483,77,343483,-,-, -,-, -
03242300,CAREER NETWORKS INSTITUTE,CA,927054931,Proprietary,1005,1406,5540159,2817,5533064,1004,1400,6785001,2964,6777440,2,4,27242,8,27242,50,63,1486192,131,1480170,-,-, -,-, -
03248300,BOSTON BAPTIST COLLEGE,MA,021364030,Private-Nonprofit,12,12,43172,20,43172,4,4,12650,7,12650,-,-, -,-, -,1,1,15900,3,15900,-,-, -,-, -
03250300,CBD COLLEGE,CA,900102777,Private-Nonprofit,1252,1473,4996430,3563,4891483,1266,1485,6882913,3581,6749646,-,-, -,-, -,26,38,426854,91,426854,-,-, -,-, -
03253300,PAUL MITCHELL THE SCHOOL MEMPHIS,TN,381114067,Proprietary,142,156,424063,273,424063,134,148,503723,258,503723,-,-, -,-, -,4,4,47214,7,47214,-,-, -,-, -
03255300,FLORIDA GULF COAST UNIVERSITY,FL,339656565,Public,2394,2422,8967990,4266,8967990,2931,2981,11908733,5299,11908733,800,859,11329344,1368,11329344,435,497,8409941,847,8409941,135,172,2085054,241,2085054
03260300,"CALIFORNIA STATE UNIVERSITY, MONTEREY BAY",CA,939558001,Public,1603,1699,6535222,2926,6535222,727,868,2916159,1442,2916159,423,629,5416180,880,5416180,193,212,2980988,394,2980988,120,175,2393830,242,2393830
03263300,TRAXLER'S SCHOOL OF HAIR,MS,392122529,Proprietary,83,89,259468,160,259468,84,91,371754,161,371754,-,-, -,-, -,-,-, -,-, -,-,-, -,-, -
03264300,SOUTH FLORIDA BIBLE COLLEGE AND THEOLOGICAL SEMINARY,FL,334425768,Private-Nonprofit,62,73,200450,149,200450,53,59,260474,125,260474,23,24,269741,46,269741,1,1,7911,2,7911,-,-, -,-, -
03266300,BETHESDA UNIVERSITY,CA,928014132,Private-Nonprofit,46,47,165576,90,165576,32,32,122600,63,122600,9,10,122700,19,122700,-,-, -,-, -,-,-, -,-, -
03267300,CAPELLA UNIVERSITY,MN,554023389,Proprietary,13722,16238,41699218,38849,41590662,13873,16130,58551309,40250,58494709,25966,28164,322559753,81864,322258962,2,2,19000,6,19000,2345,2855,28887982,7537,28867153
03273300,CANADIAN COLLEGE OF NATUROPATHIC MEDICINE,,M2K 1E2,Foreign-Private,-,-, -,-, -,-,-, -,-, -,29,35,667394,78,667394,-,-, -,-, -,26,31,693276,72,693276
03276300,ACADEMY OF HAIR DESIGN,TX,759014900,Proprietary,83,89,250405,145,200887,80,86,387917,140,309752,-,-, -,-, -,4,4,35791,8,35791,-,-, -,-, -
03277300,PATHWAY VOCATIONAL ACADEMY,TX,777014650,Proprietary,7,7,17989,11,13904,6,6,21912,9,16595,-,-, -,-, -,-,-, -,-, -,-,-, -,-, -
03279300,MYOTHERAPY INSTITUTE,NE,685102601,Proprietary,2,2,4464,4,4464,3,4,19148,9,19148,-,-, -,-, -,1,1,3230,3,3230,-,-, -,-, -
03280300,SEATTLE INSTITUTE OF EAST ASIAN MEDICINE,WA,981082407,Private-Nonprofit,-,-, -,-, -,-,-, -,-, -,27,27,525374,78,525374,-,-, -,-, -,22,22,897703,66,897703
03283300,NORTHWEST HVAC/R ASSOCIATION & TRAINING,WA,992072336,Private-Nonprofit,28,28,96250,55,96250,33,33,168661,65,168661,-,-, -,-, -,2,2,13480,4,13480,-,-, -,-, -
03287300,LIVERPOOL INSTITUTE FOR PERFORMING ARTS (THE),,L1 9HF,Foreign-Private,12,12,49000,36,49000,16,16,40000,47,40000,6,6,123000,18,123000,14,14,403447,42,403447,1,1,6500,3,6500
03288300,ACADEMY OF CHINESE CULTURE AND HEALTH SCIENCES,CA,946122168,Private-Nonprofit,-,-, -,-, -,-,-, -,-, -,47,48,802720,113,792470,-,-, -,-, -,42,43,946985,103,885401
03293300,STRAND COLLEGE OF HAIR DESIGN,SC,295724310,Proprietary,39,45,128334,90,128334,40,45,131719,84,131719,-,-, -,-, -,1,1,2700,2,2700,-,-, -,-, -
03294300,BLUE CLIFF COLLEGE,LA,700023458,Proprietary,1437,1657,4011905,3316,4011905,1384,1617,5625175,3260,5625175,-,-, -,-, -,71,87,547525,194,547525,-,-, -,-, -
03296300,CORTIVA INSTITUTE,MD,210902261,Proprietary,202,203,494700,368,494700,197,202,698282,384,698282,-,-, -,-, -,7,7,56861,16,56861,-,-, -,-, -
03299300,PACIFIC COLLEGE,CA,926263402,Proprietary,212,261,1009061,484,947764,210,259,1322578,483,1236158,6,7,130688,14,130688,9,10,321874,16,277111,-,-, -,-, -
03300400,"CHARLES UNIVERSITY, FIRST FACULTY OF MEDICINE",,121 08,Foreign-Private,-,-, -,-, -,-,-, -,-, -,6,6,123000,12,123000,-,-, -,-, -,-,-, -,-, -
03306300,MONTESSORI EDUCATION CENTER OF THE ROCKIES,CO,802054972,Private-Nonprofit,4,4,14000,8,14000,5,5,19461,10,19461,-,-, -,-, -,-,-, -,-, -,-,-, -,-, -
03316400,FINE MORTUARY COLLEGE,MA,020624766,Proprietary,163,225,619706,555,619706,165,227,751748,548,751748,-,-, -,-, -,7,11,46331,21,46331,-,-, -,-, -
03319300,CREATIVE IMAGES INSTITUTE OF COSMETOLOGY,OH,454142557,Proprietary,194,225,676504,428,676504,195,271,604448,514,604448,-,-, -,-, -,20,24,152949,48,152949,-,-, -,-, -
03327300,HAIR ACADEMY II,MD,207481401,Proprietary,261,276,546734,452,546734,249,264,880980,432,880980,-,-, -,-, -,7,7,24825,13,24825,-,-, -,-, -
03327400,"ACUPUNCTURE AND INTEGRATIVE MEDICINE COLLEGE, BERKELEY",CA,947042724,Private-Nonprofit,-,-, -,-, -,-,-, -,-, -,85,103,1629588,190,1611838,-,-, -,-, -,44,51,1022716,98,1022716
03329300,JOHN CABOT UNIVERSITY,,00165,Foreign-Private,84,84,345750,143,345750,93,93,312325,159,312325,12,12,215250,21,215250,61,64,1592186,112,1592186,11,11,190040,20,190040
03332300,SOUTHERN CALIFORNIA SEMINARY,CA,920191109,Private-Nonprofit,16,16,53348,35,53348,16,16,47598,37,47598,58,58,634159,136,634159,1,1,12500,2,12500,6,6,50115,10,50115
03332600,DELTA COLLEGE,LA,704338514,Proprietary,277,280,770700,515,762804,217,219,634904,399,627883,-,-, -,-, -,1,1,9300,2,9300,-,-, -,-, -
03333300,MEDICAL UNIVERSITY OF LUBLIN,,20-059,Foreign-Public,-,-, -,-, -,-,-, -,-, -,29,29,532000,57,532000,-,-, -,-, -,30,32,1264857,64,1232176
03334300,UNIVERSIDAD CATÓLICA NORDESTANA,,31000,Foreign-Private,-,-, -,-, -,-,-, -,-, -,5,6,101000,12,101000,-,-, -,-, -,5,9,138480,18,138480
03335400,BURMAN UNIVERSITY,,T4L 2E5,Foreign-Private,1,1,3500,2,3500,1,1,2000,2,2000,-,-, -,-, -,-,-, -,-, -,-,-, -,-, -
03339400,WESTERN GOVERNORS UNIVERSITY,UT,841070000,Private-Nonprofit,66383,67405,204718089,119274,204682611,64464,65615,298890489,116275,298838392,31500,32435,310029358,56694,309970950,130,131,542738,225,542738,133,137,1176565,244,1176565
03342300,GLASGOW CALEDONIAN UNIVERSITY,,G4 0BA,Foreign-Private,4,4,20000,8,20000,4,4,17000,8,17000,12,12,225000,36,225000,2,2,30400,4,30400,5,5,123290,15,123290
03346300,ACADEMY FOR NURSING AND HEALTH OCCUPATIONS,FL,334174574,Private-Nonprofit,470,595,2136684,1180,2109424,483,615,2652304,1215,2619564,-,-, -,-, -,21,24,131963,47,126675,-,-, -,-, -
03347300,INTERNATIONAL BAPTIST COLLEGE AND SEMINARY,AZ,852866799,Private-Nonprofit,5,5,22050,10,22050,2,2,4000,4,4000,-,-, -,-, -,-,-, -,-, -,-,-, -,-, -
03348500,REDEEMER UNIVERSITY,,L9K 1J4,Foreign-Private,3,3,11500,6,11500,4,5,24000,10,24000,-,-, -,-, -,1,1,15000,2,15000,-,-, -,-, -
03349400,"QUEEN MARGARET UNIVERSITY, EDINBURGH",,EH21 6UU,Foreign-Private,5,5,20500,10,20500,6,6,26500,12,26500,7,7,140500,16,140500,2,2,63020,4,63020,5,5,121500,11,121500
03350300,BOURNEMOUTH UNIVERSITY,,BH12 5BB,Foreign-Private,4,4,18000,8,18000,6,6,16500,12,16500,10,10,192066,29,192066,4,4,125278,8,125278,5,6,120475,18,120475
03352300,LONDON SOUTH BANK UNIVERSITY,,SE1 0AA,Foreign-Private,7,7,27470,14,27470,8,8,37530,16,37530,4,4,82000,12,82000,3,3,112758,6,112758,2,2,39635,6,39635
03355400,RICHMONT GRADUATE UNIVERSITY,TN,374043026,Private-Nonprofit,-,-, -,-, -,-,-, -,-, -,179,179,2741561,384,2741561,-,-, -,-, -,49,49,1111338,90,1111338
03356300,DELTA COLLEGE SOUTH,LA,708168190,Proprietary,147,147,390061,280,390061,110,110,270610,207,270610,-,-, -,-, -,-,-, -,-, -,-,-, -,-, -
03358300,ALLEN SCHOOL,NY,114324901,Proprietary,713,721,2045692,1236,2035192,677,688,2816303,1172,2811303,-,-, -,-, -,61,61,363292,113,363292,-,-, -,-, -
03361300,GWINNETT COLLEGE,NC,276162811,Proprietary,137,154,388446,346,386114,144,161,684480,366,678647,-,-, -,-, -,8,8,39012,25,39012,-,-, -,-, -
03361400,FORTIS COLLEGE,AL,363037859,Proprietary,1173,1439,3492450,3240,3489534,1154,1382,5137677,3126,5132011,-,-, -,-, -,86,93,499530,227,499530,-,-, -,-, -
03367300,PROFESSIONAL GOLFERS CAREER COLLEGE,CA,925916013,Proprietary,27,33,119438,62,119438,28,35,144812,66,144812,-,-, -,-, -,8,10,213216,20,213216,-,-, -,-, -
03367400,COMMUNITY CARE COLLEGE,OK,741456420,Private-Nonprofit,849,987,2755150,1879,2755150,762,842,2648899,1529,2648899,-,-, -,-, -,24,24,209361,46,209361,-,-, -,-, -
03368300,MIDWEST TECHNICAL INSTITUTE,IL,627078805,Proprietary,3475,3638,10360184,6761,10340602,3376,3535,14258046,6658,14233880,-,-, -,-, -,235,258,1566897,498,1566897,-,-, -,-, -
03371300,TONI&GUY HAIRDRESSING ACADEMY,TX,750935235,Proprietary,48,49,83284,88,83284,52,53,122258,96,122258,-,-, -,-, -,11,12,72091,21,72091,-,-, -,-, -
03372300,NORTHWEST VISTA COLLEGE,TX,782514217,Public,510,606,1471140,944,1471140,499,633,1698537,996,1698537,-,-, -,-, -,26,28,163500,42,163500,-,-, -,-, -
03373300,BEACON COLLEGE,FL,347485224,Private-Nonprofit,157,157,629650,288,629650,183,187,670236,336,670236,-,-, -,-, -,103,108,2803228,194,2803228,-,-, -,-, -
03377300,CARDIFF METROPOLITAN UNIVERSITY,,CF5  2YB,Foreign-Private,9,9,35500,18,35500,12,12,34250,23,34250,4,4,71750,10,71750,5,5,138180,9,138180,3,3,70701,9,70701
03403300,EPIC BIBLE COLLEGE,CA,958413546,Private-Nonprofit,45,50,129166,120,126833,43,47,188105,108,183105,10,10,144301,28,144301,-,-, -,-, -,-,-, -,-, -
03409500,CHESTER CAREER COLLEGE,VA,238362516,Proprietary,137,168,509320,309,490468,123,150,561566,306,539511,-,-, -,-, -,4,4,14734,7,14734,-,-, -,-, -
03409600,BENNETT CAREER INSTITUTE,DC,200171754,Proprietary,85,87,213635,149,213635,51,51,153372,106,153372,-,-, -,-, -,-,-, -,-, -,-,-, -,-, -
03412300,ADVANCED BARBER COLLEGE & HAIR DESIGN,TX,785960000,Proprietary,66,67,206871,124,206871,65,67,140187,125,140187,-,-, -,-, -,-,-, -,-, -,-,-, -,-, -
03414500,ACUPUNCTURE AND MASSAGE COLLEGE,FL,331761509,Proprietary,65,73,228906,129,219206,62,74,307340,132,293800,59,85,967594,142,901597,-,-, -,-, -,6,7,107656,9,64328
03418300,GWINNETT COLLEGE-SANDY SPRINGS,GA,300762129,Proprietary,286,322,938912,740,836045,271,306,1288925,704,1165444,-,-, -,-, -,3,3,26875,8,26875,-,-, -,-, -
03418400,EDINBURGH NAPIER UNIVERSITY,,EH14 1DJ,Foreign-Private,13,13,57500,26,57500,13,13,54500,26,54500,23,23,446498,62,446498,4,4,91000,8,91000,22,23,592241,59,592241
03419400,NORTHEASTERN SEMINARY,NY,146241997,Private-Nonprofit,-,-, -,-, -,-,-, -,-, -,79,87,1322815,165,1322815,-,-, -,-, -,7,13,193009,18,193009
03422300,MILAN INSTITUTE,TX,782384103,Proprietary,2091,2272,5288469,4152,5276057,2001,2171,6173677,4030,6156941,-,-, -,-, -,156,174,794679,338,794679,-,-, -,-, -
03422400,COLLEGE OF BIBLICAL STUDIES-HOUSTON,TX,770363211,Private-Nonprofit,121,123,401836,196,401836,113,118,578486,188,578486,-,-, -,-, -,1,1,15350,2,15350,-,-, -,-, -
03424500,NEW COMMUNITY CAREER AND TECHNICAL INSTITUTE,NJ,071032419,Private-Nonprofit,38,39,78761,72,74950,3,4,4171,7,4171,-,-, -,-, -,-,-, -,-, -,-,-, -,-, -
03425300,ROSEDALE BIBLE COLLEGE,OH,430299501,Private-Nonprofit,8,8,23882,16,23882,10,10,39867,22,39867,-,-, -,-, -,-,-, -,-, -,-,-, -,-, -
03426300,COLLEGE OF HEALTH CARE PROFESSIONS (THE),TX,787239802,Proprietary,1309,1420,4494720,2668,4456266,1245,1345,5648682,2563,5596824,-,-, -,-, -,42,46,315801,93,315801,-,-, -,-, -
03427500,UNIVERSITY OF ANTELOPE VALLEY,CA,935343324,Proprietary,215,215,734707,223,404295,185,185,660367,193,372506,14,14,141832,18,91420,19,19,120590,22,68149,-,-, -,-, -
03428300,KLAMATH COMMUNITY COLLEGE,OR,976037121,Public,457,541,1662802,1256,1534118,374,433,1761675,1027,1571747,-,-, -,-, -,-,-, -,-, -,-,-, -,-, -
03429600,ATLANTIC INSTITUTE OF ORIENTAL MEDICINE,FL,333013510,Private-Nonprofit,-,-, -,-, -,1,1,6833,2,6833,54,58,925823,147,925823,-,-, -,-, -,20,22,677164,59,677164
03429700,EAST WEST COLLEGE OF NATURAL MEDICINE,FL,342345362,Proprietary,-,-, -,-, -,-,-, -,-, -,40,57,1010133,94,897383,-,-, -,-, -,12,16,272690,27,233290
03433400,NEW CONCEPT MASSAGE & BEAUTY SCHOOL,FL,331440000,Proprietary,155,155,409033,296,407283,144,145,433416,278,433416,-,-, -,-, -,-,-, -,-, -,-,-, -,-, -
03433500,LIA SCHORR INSTITUTE OF COSMETIC SKIN CARE TRAINING (THE),NY,100192813,Proprietary,34,34,78739,68,78739,34,34,90305,69,90305,-,-, -,-, -,3,3,10795,6,10795,-,-, -,-, -
03434300,FORTIS COLLEGE,FL,320655813,Proprietary,371,490,1238960,998,1235461,369,465,1801175,965,1796508,-,-, -,-, -,22,24,190032,54,190032,-,-, -,-, -
03435300,ANGLIA  RUSKIN UNIVERSITY,,CM1 1SQ,Foreign-Private,23,23,105500,45,105500,21,21,91000,41,91000,16,16,317000,42,317000,4,4,145039,8,145039,9,9,196558,25,196558
03437300,UPPER VALLEY EDUCATORS INSTITUTE,NH,037661358,Private-Nonprofit,12,13,58453,26,58453,11,12,66115,24,66115,-,-, -,-, -,-,-, -,-, -,-,-, -,-, -
03438300,PACIFIC ISLANDS UNIVERSITY,GU,969132619,Private-Nonprofit,4,4,11989,8,11989,5,5,28916,11,28916,-,-, -,-, -,-,-, -,-, -,-,-, -,-, -
03440300,BAPTIST MEMORIAL COLLEGE OF HEALTH SCIENCES,TN,381043104,Private-Nonprofit,489,714,2261457,1004,2261457,524,787,3018465,1091,3018465,25,36,519796,58,519796,59,76,609741,107,609741,1,2,24218,3,24218
03440400,MARIAN HEALTH CAREERS CENTER,CA,900104108,Proprietary,183,199,621940,385,620190,177,193,735288,381,731336,-,-, -,-, -,12,12,121616,25,121616,-,-, -,-, -
03441300,IOWA SCHOOL OF BEAUTY,IA,511065111,Proprietary,41,50,170380,95,170380,40,51,158298,97,158298,-,-, -,-, -,6,9,85270,18,85270,-,-, -,-, -
03442300,AMERICAN UNIVERSITY IN BULGARIA,,2700,Foreign-Private,11,12,49949,22,49949,11,11,28551,20,28551,-,-, -,-, -,4,4,36753,7,36753,-,-, -,-, -
03443300,NEW YORK COLLEGE OF TRADITIONAL CHINESE MEDICINE,NY,115014005,Private-Nonprofit,-,-, -,-, -,1,1,6315,1,6315,53,75,868759,106,858509,-,-, -,-, -,2,3,59557,4,43546
03445300,HDS TRUCK DRIVING INSTITUTE,AZ,857569278,Proprietary,26,26,62397,43,58140,23,23,86925,37,79626,-,-, -,-, -,-,-, -,-, -,-,-, -,-, -
03453400,SHAWNEE BEAUTY COLLEGE,OK,748043141,Proprietary,67,79,218793,156,218793,65,79,276123,157,276123,-,-, -,-, -,4,4,20499,8,20499,-,-, -,-, -
03460300,KATHOLISCHE HOCHSCHULE ITI,,2521,Foreign-Private,3,3,13500,3,13500,3,3,10000,3,10000,3,3,45500,3,45500,-,-, -,-, -,-,-, -,-, -
03463300,CAREERS UNLIMITED,UT,840584905,Proprietary,119,161,735081,244,735081,123,168,933073,254,933073,-,-, -,-, -,11,13,247485,24,247485,-,-, -,-, -
03466400,SEATTLE SCHOOL OF THEOLOGY AND PSYCHOLOGY (THE),WA,981211177,Private-Nonprofit,-,-, -,-, -,-,-, -,-, -,162,176,2873876,451,2873876,-,-, -,-, -,29,36,502691,76,502691
03468500,MDT COLLEGE OF HEALTH SCIENCES,IL,606021708,Proprietary,552,645,1867420,1143,1866350,551,645,2874249,1145,2872415,-,-, -,-, -,23,25,489980,48,489980,-,-, -,-, -
03473300,UNIVERSITY OF THE ARTS LONDON,,WC1V 7EY,Foreign-Private,92,92,404051,183,404051,90,90,309612,179,309612,55,55,1082798,126,1082798,44,44,2049971,87,2049971,50,50,2010069,133,2010069
03475400,TRI-STATE BIBLE COLLEGE,OH,456808402,Private-Nonprofit,1,1,3500,2,3500,2,2,6822,3,6822,-,-, -,-, -,-,-, -,-, -,-,-, -,-, -
03478300,ROYAL WELSH COLLEGE OF MUSIC AND DRAMA,,CF10 3ER,Foreign-Private,2,2,8000,6,8000,3,3,11500,9,11500,7,7,114700,21,114700,-,-, -,-, -,5,5,103214,17,103214
03479300,PCI COLLEGE,CA,907032522,Proprietary,154,212,768690,403,764178,79,102,224349,195,224339,-,-, -,-, -,-,-, -,-, -,-,-, -,-, -
03480300,FORTIS COLLEGE,LA,708176244,Proprietary,2069,2620,6738791,6163,6736458,2047,2536,9536597,6002,9532264,-,-, -,-, -,189,214,1435470,549,1435470,-,-, -,-, -
03483500,CASCADIA COLLEGE,WA,980119510,Public,33,36,105920,68,105920,41,46,173012,92,173012,-,-, -,-, -,1,1,9000,2,9000,-,-, -,-, -
03490300,PAUL MITCHELL THE SCHOOL CHICAGO,IL,606070000,Proprietary,158,195,557222,364,557222,158,197,677870,366,677870,-,-, -,-, -,26,28,354822,59,354822,-,-, -,-, -
03491400,AMERICAN ADVANCED TECHNICIANS INSTITUTE,FL,330144430,Proprietary,31,31,72331,60,72331,31,31,91438,59,91438,-,-, -,-, -,-,-, -,-, -,-,-, -,-, -
03492300,UNIVERSITY OF OXFORD - GREEN TEMPLETON COLLEGE,,OX2 6HG,Foreign-Private,-,-, -,-, -,-,-, -,-, -,11,11,205595,42,205595,-,-, -,-, -,6,6,321548,24,321548
03492400,UNIVERSITY OF CAMBRIDGE - ST. CATHARINE'S COLLEGE,,CB2 1RL,Foreign-Private,-,-, -,-, -,-,-, -,-, -,4,4,82000,8,82000,-,-, -,-, -,4,4,237631,8,237631
03493300,ALL-STATE CAREER,MD,212246614,Proprietary,2014,2240,5467873,5020,5453403,1982,2208,8216972,4961,8194639,-,-, -,-, -,187,208,1106746,515,1105553,-,-, -,-, -
03494400,UNIVERSITY OF CAMBRIDGE - SELWYN COLLEGE,,CB3 9DQ,Foreign-Private,-,-, -,-, -,-,-, -,-, -,3,3,61500,6,61500,-,-, -,-, -,3,3,129142,6,129142
03494600,UNIVERSITY OF OXFORD - HARRIS MANCHESTER COLLEGE,,OX1 3TD,Foreign-Private,2,2,8000,5,8000,1,1,6000,2,6000,3,3,61000,10,61000,-,-, -,-, -,3,3,118163,9,118163
03498400,OMEGA INSTITUTE OF COSMETOLOGY,LA,703600000,Proprietary,12,12,36214,24,36214,9,10,46566,20,46566,-,-, -,-, -,-,-, -,-, -,-,-, -,-, -
03501400,LEEDS BECKETT UNIVERSITY,,LS1 3HB,Foreign-Private,22,22,78276,42,78276,24,24,78224,46,78224,18,18,357813,53,357813,9,9,309890,18,309890,15,15,355945,45,355945
03507300,UNIVERSITY OF SUNDERLAND,,SR1 3SD,Foreign-Private,3,3,15500,6,15500,6,6,29350,12,29350,5,5,102500,10,102500,1,1,13330,2,13330,6,6,161855,12,161855
03510300,ERIKSON INSTITUTE,IL,606544510,Private-Nonprofit,-,-, -,-, -,-,-, -,-, -,146,149,2427777,341,2427777,-,-, -,-, -,68,75,1154297,168,1154297
03513500,WILLIAMSON CHRISTIAN COLLEGE,TN,370678237,Private-Nonprofit,5,5,19489,7,19489,5,5,8385,6,8385,3,3,40373,7,40373,-,-, -,-, -,-,-, -,-, -
03515300,UNIVERSITY OF CENTRAL LANCASHIRE,,PR1 2HE,Foreign-Private,30,30,124891,88,124891,32,32,84466,96,84466,-,-, -,-, -,24,25,661349,71,661349,1,2,33495,2,33495
03516300,KING'S UNIVERSITY (THE),TX,760926507,Private-Nonprofit,136,165,508984,268,508984,121,136,683000,234,683000,123,135,1839902,252,1839902,1,1,25834,2,25834,13,13,217949,31,217949
03517300,UNIVERSITY OF BRIGHTON,,BN2 4AT,Foreign-Private,27,27,122200,54,122200,25,25,86756,50,86756,10,10,187206,19,187206,22,22,772600,44,772600,11,11,339352,20,339352
03523300,AVIATION INSTITUTE OF MAINTENANCE,GA,300965038,Proprietary,909,1459,4656330,2773,4656330,887,1298,5064717,2464,5064717,-,-, -,-, -,71,91,890621,177,890621,-,-, -,-, -
03532400,ATA COLLEGE,CA,920200918,Proprietary,105,116,330735,221,330735,98,109,362023,209,362023,-,-, -,-, -,2,2,16028,4,16028,-,-, -,-, -
03533300,BATH SPA UNIVERSITY,,BA2 9BN,Foreign-Private,3,3,15500,6,15500,4,4,12500,8,12500,5,5,102500,14,102500,3,3,53308,6,53308,4,7,149583,17,149583
03534400,AMERICAN INSTITUTE OF ALTERNATIVE MEDICINE,OH,432291113,Proprietary,320,368,768751,642,768751,305,354,1217039,638,1217039,11,15,300666,44,300666,3,3,18100,6,18100,3,4,61475,11,61475
03537300,NEW YORK AUTOMOTIVE & DIESEL INSTITUTE,NY,114331433,Proprietary,440,603,1997485,1243,1997485,424,571,1900173,1110,1900173,-,-, -,-, -,60,81,599271,162,599271,-,-, -,-, -
03542300,CONCORDE CAREER COLLEGE,TX,750523831,Proprietary,893,1088,3223046,2343,3223046,846,995,4488831,2198,4488831,-,-, -,-, -,105,112,1278608,271,1278608,-,-, -,-, -
03542400,COPPER MOUNTAIN COLLEGE,CA,922526102,Public,51,51,193633,93,193633,34,34,168372,63,168372,-,-, -,-, -,-,-, -,-, -,-,-, -,-, -
03544300,ATENAS UNIVERSITY DR. MARIA LUISA HERNANDEZ,PR,006740000,Private-Nonprofit,68,68,212087,158,212087,56,56,201010,125,201010,31,33,278931,79,278931,-,-, -,-, -,-,-, -,-, -
03547300,UNIVERSITY OF SOUTH WALES,,CF37 1DL,Foreign-Private,7,7,36500,14,36500,7,7,23000,14,23000,2,2,36500,6,36500,2,2,34985,4,34985,-,-, -,-, -
03549300,ULTIMATE MEDICAL ACADEMY,FL,337564917,Private-Nonprofit,26984,42920,108409375,82608,108355491,26482,52837,120223659,99654,120157932,-,-, -,-, -,2,2,19000,4,19000,-,-, -,-, -
03555300,SOUTHEASTERN COLLEGE,NC,282170000,Proprietary,402,461,1309548,834,1309548,393,456,1872924,819,1872924,-,-, -,-, -,30,33,324312,56,324312,-,-, -,-, -
03555400,SOUTHEASTERN COLLEGE,SC,294060000,Proprietary,348,397,1220174,722,1218424,343,403,1820944,738,1813194,-,-, -,-, -,36,43,446353,82,446353,-,-, -,-, -
03557300,NORTH FLORIDA COSMETOLOGY INSTITUTE,FL,323122603,Proprietary,83,87,196992,160,196992,74,77,209805,140,209805,-,-, -,-, -,3,3,30974,5,30974,-,-, -,-, -
03559300,APPALACHIAN SCHOOL OF LAW,VA,246140000,Private-Nonprofit,-,-, -,-, -,-,-, -,-, -,85,106,2067519,245,2067519,-,-, -,-, -,79,103,5381049,280,5377740
03561400,SUSQUEHANNA COUNTY CAREER & TECHNOLOGY CENTER,PA,188440000,Public,11,11,32350,19,32350,17,17,67250,29,67250,-,-, -,-, -,-,-, -,-, -,-,-, -,-, -
03565300,MASARYKOVA UNIVERZITA,,601 77,Foreign-Private,9,9,41800,16,41800,10,10,36200,19,36200,6,6,94089,11,94089,-,-, -,-, -,-,-, -,-, -
03568300,LEON STUDIO ONE SCHOOL OF BEAUTY KNOWLEDGE,NY,142215323,Proprietary,22,25,56513,45,56513,24,28,80272,52,80272,-,-, -,-, -,5,5,43100,8,43100,-,-, -,-, -
03570300,CAROLINA CHRISTIAN COLLEGE,NC,271053241,Private-Nonprofit,50,51,149000,81,149000,50,50,159950,81,159950,11,11,202289,21,202289,3,3,20000,6,20000,-,-, -,-, -
03570500,NORTHPOINT BIBLE COLLEGE,MA,018350000,Private-Nonprofit,46,52,192301,95,192301,43,44,155196,81,155196,11,11,74012,21,74012,1,1,14000,2,14000,-,-, -,-, -
03572300,EAST VALLEY INSTITUTE OF TECHNOLOGY,AZ,852016910,Public,15,15,44410,28,44410,16,16,68802,31,68802,-,-, -,-, -,-,-, -,-, -,-,-, -,-, -
03573300,AVIATION INSTITUTE OF MAINTENANCE,TX,750626303,Proprietary,448,693,2233017,1278,2233017,424,628,2684191,1159,2684191,-,-, -,-, -,71,97,746090,187,746090,-,-, -,-, -
03577300,COBA ACADEMY,CA,928014622,Proprietary,119,140,300949,278,300949,117,138,398170,278,398170,-,-, -,-, -,16,16,114755,34,114755,-,-, -,-, -
03579300,TEXAS COUNTY TECHNICAL COLLEGE,MO,654832700,Proprietary,89,137,357829,270,357829,82,101,428924,198,428924,-,-, -,-, -,-,-, -,-, -,-,-, -,-, -
03580300,LIVERPOOL JOHN MOORES UNIVERSITY,,L3 5AH,Foreign-Private,6,6,29000,18,29000,7,7,17500,21,17500,5,5,102500,15,102500,7,7,210513,21,210513,5,5,88573,15,88573
03583300,OHIO INSTITUTE OF ALLIED HEALTH,OH,454243646,Private-Nonprofit,125,147,434522,347,434522,129,150,675475,356,675475,-,-, -,-, -,-,-, -,-, -,-,-, -,-, -
03584400,COLORADO SCHOOL OF HEALING ARTS,CO,802264332,Proprietary,37,37,92505,69,92505,35,35,144394,68,144394,-,-, -,-, -,1,1,9600,2,9600,-,-, -,-, -
03588300,IRENE'S MYOMASSOLOGY INSTITUTE,MI,480332404,Proprietary,137,137,332041,247,317801,141,141,596622,258,570574,-,-, -,-, -,1,1,7170,2,7170,-,-, -,-, -
03589400,ARTS UNIVERSITY BOURNEMOUTH,,BH12 5HH,Foreign-Private,15,15,63500,45,63500,16,16,53000,48,53000,2,2,41000,6,41000,10,10,299662,30,299662,2,2,49536,6,49536
03590400,NTMA MACHINIST CAREER COLLEGE,CA,906703722,Private-Nonprofit,25,25,79607,47,79607,24,24,114227,45,114227,-,-, -,-, -,-,-, -,-, -,-,-, -,-, -
03593300,SOUTHWEST INSTITUTE OF HEALING ARTS,AZ,852825687,Proprietary,400,412,1083866,740,1083866,393,404,1798061,740,1798061,-,-, -,-, -,23,23,215106,49,215106,-,-, -,-, -
03594300,GRENOBLE ECOLE DE MANAGEMENT,,38000,Foreign-Private,5,5,23354,10,23354,5,6,22646,12,22646,14,14,256404,28,256404,2,2,46593,4,46593,8,8,93046,15,93046
03597300,JAGIELLONIAN UNIVERSITY,,31-007,Foreign-Private,2,2,8000,3,8000,4,4,21000,8,21000,6,6,80227,12,80227,-,-, -,-, -,-,-, -,-, -
03611400,FLORIDA BARBER ACADEMY,FL,333173127,Proprietary,209,218,593569,423,593569,207,216,902966,416,902966,-,-, -,-, -,4,4,43516,8,43516,-,-, -,-, -
03612400,VALLEY GRANDE INSTITUTE FOR ACADEMIC STUDIES,TX,785960000,Private-Nonprofit,58,63,173785,122,173785,54,57,177753,111,177753,-,-, -,-, -,1,1,6000,2,6000,-,-, -,-, -
03613300,UNIVERSITY OF NORTHERN BRITISH COLUMBIA,,V2N 4Z9,Foreign-Private,2,2,7250,3,7250,2,2,8000,3,8000,-,-, -,-, -,-,-, -,-, -,-,-, -,-, -
03616300,AVIATION INSTITUTE OF MAINTENANCE,MO,641291811,Proprietary,246,366,1255374,688,1255374,232,328,1472454,621,1472454,-,-, -,-, -,59,78,633635,150,633635,-,-, -,-, -
03617300,HEALING MOUNTAIN MASSAGE SCHOOL,UT,841024006,Proprietary,73,73,234748,138,234748,76,85,361347,164,361347,-,-, -,-, -,4,4,33816,8,33816,-,-, -,-, -
03617500,PHOENIX INSTITUTE OF HERBAL MEDICINE & ACUPUNCTURE,AZ,850121275,Proprietary,-,-, -,-, -,-,-, -,-, -,71,73,1151707,136,1151707,-,-, -,-, -,46,48,1350820,93,1350820
03619300,UNIVERSITY OF GREENWICH,,SE10 9LS,Foreign-Private,42,42,186408,126,186408,51,51,183996,151,183996,29,29,564300,85,564300,27,27,879000,80,879000,20,20,560700,59,560700
03626300,BROWN AVEDA INSTITUTE,OH,440606212,Proprietary,183,216,592322,421,592322,201,238,725885,470,725885,-,-, -,-, -,21,25,167142,50,167142,-,-, -,-, -
03627300,LAMAR INSTITUTE OF TECHNOLOGY,TX,777054142,Public,706,733,2231141,1262,2231141,645,656,2776155,1134,2776155,-,-, -,-, -,-,-, -,-, -,-,-, -,-, -
03627600,FLORIDA EDUCATION INSTITUTE,FL,331445036,Proprietary,363,367,1197864,697,1197864,356,359,1911820,687,1911820,-,-, -,-, -,27,27,167149,50,167149,-,-, -,-, -
03639300,SMITH CHASON COLLEGE,CA,900102502,Proprietary,2424,2897,10296343,7238,10275427,2506,3005,13720332,7520,13691834,-,-, -,-, -,166,196,1937406,516,1917893,-,-, -,-, -
03642300,INSTITUTE OF TECHNOLOGY,OR,973020000,Proprietary,261,336,803380,695,803380,239,283,1123890,594,1123890,-,-, -,-, -,13,14,117961,28,117961,-,-, -,-, -
03645400,"RUDY & KELLY ACADEMY, A PAUL MITCHELL PARTNER SCHOOL",VA,234646857,Proprietary,118,145,430856,276,424106,122,156,523747,296,516247,-,-, -,-, -,15,16,153843,31,153843,-,-, -,-, -
03646300,DESIGN'S SCHOOL OF COSMETOLOGY,CA,934469530,Proprietary,71,78,180363,150,180363,75,78,203121,154,203121,-,-, -,-, -,5,5,31679,9,31679,-,-, -,-, -
03650600,PC AGE,NJ,073063936,Proprietary,231,260,662533,496,662533,236,265,1017127,505,1017127,-,-, -,-, -,13,13,125952,24,125952,-,-, -,-, -
03653400,UNIVERSIDAD DE IBEROAMÉRICA UNIBE S.C.,,11870-1000,Foreign-Private,1,1,5500,2,5500,1,1,2000,2,2000,5,7,119701,13,119701,1,1,11616,2,11616,2,2,7391,4,7391
03654300,EASTERN VIRGINIA CAREER COLLEGE,VA,224088605,Proprietary,175,203,589997,381,589997,177,203,801155,381,801155,-,-, -,-, -,15,17,132491,33,132491,-,-, -,-, -
03661400,SOUTH FLORIDA INSTITUTE OF TECHNOLOGY,FL,331253013,Proprietary,7208,7219,24906825,14288,24894575,7157,7168,41044483,14189,41027483,-,-, -,-, -,-,-, -,-, -,-,-, -,-, -
03663300,HOOD THEOLOGICAL SEMINARY,NC,281445768,Private-Nonprofit,-,-, -,-, -,-,-, -,-, -,100,190,1352579,190,1352579,-,-, -,-, -,2,2,18750,2,18750
03666300,PILLAR COLLEGE,NJ,071025511,Private-Nonprofit,212,247,805804,672,804929,211,240,1061447,655,1059947,50,66,983538,188,978413,-,-, -,-, -,6,6,167586,22,167586
03670300,TIGI HAIRDRESSING ACADEMY LEGACY,CO,809184001,Proprietary,99,109,299418,205,299418,104,116,378384,220,378384,-,-, -,-, -,5,5,70805,10,70805,-,-, -,-, -
03674300,ABERTAY UNIVERSITY,,DD1 1HG,Foreign-Private,8,8,36513,16,36513,10,10,40623,19,40623,3,3,61500,9,61500,1,1,26082,2,26082,4,4,65203,11,65203
03676300,FAMILY OF FAITH CHRISTIAN UNIVERSITY,OK,748049526,Private-Nonprofit,9,9,30735,17,30735,8,8,38634,12,38634,36,37,317189,114,317189,-,-, -,-, -,-,-, -,-, -
03678300,PIMA MEDICAL INSTITUTE,NM,871103935,Proprietary,583,679,2348463,1201,2345080,561,669,2904989,1185,2901189,-,-, -,-, -,82,86,820853,160,820853,-,-, -,-, -
03680300,JAY'S TECHNICAL INSTITUTE,TX,770713509,Proprietary,43,43,136923,80,136923,42,42,217173,78,217173,-,-, -,-, -,-,-, -,-, -,-,-, -,-, -
03681300,CALIFORNIA HEALING ARTS COLLEGE,CA,907463207,Proprietary,235,237,755313,443,753563,224,227,1077598,430,1074598,-,-, -,-, -,33,33,244002,62,244002,-,-, -,-, -
03682400,DALLAS BARBER & STYLIST COLLEGE,TX,752436017,Proprietary,13,13,35844,22,29857,11,11,56039,18,45503,-,-, -,-, -,-,-, -,-, -,-,-, -,-, -
03684400,UNIVERSITY OF LINCOLN,,LN6 7TS,Foreign-Private,2,2,9000,4,9000,3,3,15500,6,15500,8,8,164000,22,164000,1,1,33123,2,33123,5,5,99294,15,99294
03686300,COLORADO CHINESE MEDICINE UNIVERSITY,CO,802062127,Proprietary,-,-, -,-, -,-,-, -,-, -,43,53,811637,96,801387,-,-, -,-, -,13,16,147092,31,147092
03689400,FAITH INTERNATIONAL UNIVERSITY,WA,984072607,Private-Nonprofit,80,96,278480,234,278480,66,73,323210,176,323210,73,81,1021678,224,1021678,-,-, -,-, -,4,4,70636,10,70636
03691400,AVE MARIA SCHOOL OF LAW,FL,341191376,Private-Nonprofit,-,-, -,-, -,-,-, -,-, -,188,188,3641197,359,3641197,-,-, -,-, -,159,245,6815015,380,6815015
03694300,UNIVERSITY OF CHICHESTER,,PO19 6PE,Foreign-Private,5,5,23500,10,23500,7,7,32000,14,32000,4,4,82000,11,82000,3,3,45191,5,45191,4,4,61065,11,61065
03695300,COMMUNITY ENHANCEMENT SERVICES,CA,915022750,Private-Nonprofit,127,158,480255,302,480255,126,154,669874,307,669874,-,-, -,-, -,1,1,13000,2,13000,-,-, -,-, -
03695500,ARIZONA SCHOOL OF ACUPUNCTURE AND ORIENTAL MEDICINE,AZ,857161518,Proprietary,-,-, -,-, -,-,-, -,-, -,15,17,316082,33,316082,-,-, -,-, -,2,2,26568,4,26568
03695700,SANTIAGO CANYON COLLEGE,CA,928694512,Public,94,94,269077,245,269077,73,73,292645,195,292645,-,-, -,-, -,-,-, -,-, -,-,-, -,-, -
03696300,UNIVERSITY OF THE WEST,CA,917703709,Private-Nonprofit,10,10,41765,19,41765,8,8,21130,15,21130,21,23,384808,44,384808,1,1,10000,2,10000,3,3,79410,6,79410
03696400,SABER COLLEGE,FL,331341604,Private-Nonprofit,330,399,1545096,756,1545096,331,399,2117324,756,2117324,-,-, -,-, -,16,21,114264,41,114264,-,-, -,-, -
03698300,WEST COAST UNIVERSITY,TX,750802712,Proprietary,10195,12575,51079887,24333,51079887,10398,12362,61728881,23843,61728881,2638,3792,47589563,7213,47589563,1304,1583,39715031,3067,39715031,660,1208,19453089,2371,19453089
03702300,SALON PROFESSIONAL ACADEMY (THE),DE,199399759,Proprietary,62,66,181443,130,181443,67,72,213570,143,213570,-,-, -,-, -,8,8,65095,16,65095,-,-, -,-, -
03706300,HOLLYWOOD INSTITUTE,FL,330633901,Proprietary,182,198,466059,379,466059,181,193,541915,375,541915,-,-, -,-, -,16,17,55007,32,55007,-,-, -,-, -
03709300,EDWARD VIA VIRGINIA COLLEGE OF OSTEOPATHIC MEDICINE,VA,240606360,Private-Nonprofit,-,-, -,-, -,-,-, -,-, -,2002,2079,84175042,4090,84175042,-,-, -,-, -,1679,1878,63418295,3672,63418295
03714300,TREND BARBER COLLEGE,TX,770712104,Proprietary,110,123,233139,221,233139,111,125,334672,224,334672,-,-, -,-, -,1,1,8300,2,8300,-,-, -,-, -
03720300,CARLSON COLLEGE OF MASSAGE THERAPY,IA,522057519,Proprietary,15,15,38639,28,38639,14,14,67269,26,67269,-,-, -,-, -,-,-, -,-, -,-,-, -,-, -
03723300,CULINARY INSTITUTE LENOTRE,TX,770224322,Proprietary,277,410,1203297,1032,1203297,272,410,1376743,1016,1376743,-,-, -,-, -,54,90,589341,228,589341,-,-, -,-, -
03724300,DIGIPEN INSTITUTE OF TECHNOLOGY,WA,980525170,Proprietary,371,435,1630706,774,1630706,405,432,1536466,789,1536466,8,8,160848,16,160848,166,184,5619953,329,5619953,4,4,91510,8,91510
03727500,MOORE CAREER COLLEGE,LA,708174182,Proprietary,58,62,195747,99,156798,56,59,227983,94,182117,-,-, -,-, -,-,-, -,-, -,-,-, -,-, -
03727600,AUGUSTE ESCOFFIER SCHOOL OF CULINARY ARTS,TX,787520000,Proprietary,168,237,862499,443,862499,170,242,912096,451,912096,-,-, -,-, -,58,89,987719,179,987719,-,-, -,-, -
03728300,UNIVERSITY OF DERBY,,DE22 1GB,Foreign-Private,5,5,22500,10,22500,5,5,10000,10,10000,4,4,71018,11,71018,5,5,122169,10,122169,3,3,51740,9,51740
03729300,NEW HAMPSHIRE INSTITUTE FOR THERAPEUTIC ARTS,NH,030604906,Proprietary,9,9,22949,16,22949,9,9,39339,16,39339,-,-, -,-, -,-,-, -,-, -,-,-, -,-, -
03730300,BATON ROUGE COMMUNITY COLLEGE,LA,708064129,Public,4100,4232,13846097,7132,12391856,3894,4015,17183018,6776,15311593,-,-, -,-, -,18,19,133398,32,133398,-,-, -,-, -
03732300,IYRS SCHOOL OF TECHNOLOGY & TRADES,RI,028406720,Private-Nonprofit,25,26,78172,48,78172,25,27,95553,50,95553,-,-, -,-, -,-,-, -,-, -,-,-, -,-, -
03733300,BAPTIST UNIVERSITY OF THE AMERICAS,TX,782241443,Private-Nonprofit,3,3,13500,5,11750,3,3,15300,5,12300,-,-, -,-, -,-,-, -,-, -,-,-, -,-, -
03734300,JOHN D. ROCKEFELLER IV CAREER CENTER,WV,260479424,Public,8,13,33925,23,33925,6,10,35933,18,35933,-,-, -,-, -,-,-, -,-, -,-,-, -,-, -
03735300,INSTITUTE OF CLINICAL ACUPUNCTURE AND ORIENTAL MEDICINE,HI,968174724,Proprietary,-,-, -,-, -,1,1,13666,2,13666,21,22,338100,55,338100,-,-, -,-, -,3,3,18324,6,18324
03740400,ATI COLLEGE,CA,906032139,Proprietary,147,205,706469,414,705437,135,184,507897,450,502462,-,-, -,-, -,14,18,66126,42,66126,-,-, -,-, -
03746300,LEGRAND INSTITUTE OF COSMETOLOGY,SC,290200000,Proprietary,22,28,84588,53,84588,23,28,60387,53,60387,-,-, -,-, -,3,3,13779,6,13779,-,-, -,-, -
03746400,SOUTHEASTERN COLLEGE,SC,292230000,Proprietary,382,445,1295852,798,1295852,378,443,1872069,789,1872069,-,-, -,-, -,50,59,593518,108,593518,-,-, -,-, -
03747300,BEXLEY SEABURY SEMINARY FEDERATION,IL,606372920,Private-Nonprofit,-,-, -,-, -,-,-, -,-, -,5,5,75025,10,75025,-,-, -,-, -,1,1,28360,2,28360
03751300,ESCUELA HOTELERA DE SAN JUAN,PR,009170091,Proprietary,62,66,203046,128,203046,43,46,154700,90,154700,-,-, -,-, -,-,-, -,-, -,-,-, -,-, -
03752400,SUM BIBLE COLLEGE & THEOLOGICAL SEMINARY,CA,987625711,Private-Nonprofit,111,111,387000,280,387000,96,96,389889,237,389889,23,23,280809,61,280809,2,2,6854,4,6854,-,-, -,-, -
03757300,ADVANCE SCIENCE INTERNATIONAL COLLEGE,FL,330140000,Proprietary,17,19,72537,29,65537,14,16,71771,23,59771,-,-, -,-, -,1,1,6000,2,6000,-,-, -,-, -
03759300,STELLAR CAREER COLLEGE,CA,953569327,Proprietary,232,297,879843,565,879843,223,276,1057436,519,1057436,-,-, -,-, -,14,14,59692,26,59692,-,-, -,-, -
03764300,ST. MATTHEW'S UNIVERSITY SCHOOL OF MEDICINE,,,Foreign-For-Profit,-,-, -,-, -,-,-, -,-, -,111,176,2164373,332,2164373,-,-, -,-, -,127,209,8362941,402,8362941
03766300,CORTIVA INSTITUTE,PA,194063101,Proprietary,59,59,152981,102,152981,57,57,252202,100,252202,-,-, -,-, -,4,4,27642,7,27642,-,-, -,-, -
03770300,NAZARENE THEOLOGICAL COLLEGE,,M2O 2GU,Foreign-Private,2,2,8000,4,8000,2,2,12000,4,12000,2,2,30750,3,30750,-,-, -,-, -,1,1,16083,1,16083
03776300,AUGUSTE ESCOFFIER SCHOOL OF CULINARY ARTS,CO,803055961,Proprietary,7004,7939,22427532,14318,22361709,6940,7883,31946855,14484,31853818,-,-, -,-, -,73,94,1135457,185,1135457,-,-, -,-, -
03776400,ORION INSTITUTE,OH,435513138,Proprietary,30,30,74717,54,74717,29,29,111200,53,111200,-,-, -,-, -,1,1,5800,1,5800,-,-, -,-, -
03776500,"UNIVERSIDAD DE LA SALLE BAJIO, A.C.",,37150,Foreign-Private,5,5,27500,10,27500,6,6,32500,12,32500,114,114,2286745,224,2286745,2,2,79392,4,79392,110,147,7197111,290,7197111
03777300,PAUL MITCHELL THE SCHOOL CHARLOTTE,NC,282042509,Proprietary,146,171,488321,317,488321,152,179,574212,340,574212,-,-, -,-, -,15,20,124678,36,124678,-,-, -,-, -
03780300,SABA UNIVERSITY SCHOOL OF MEDICINE,,,Foreign-For-Profit,-,-, -,-, -,-,-, -,-, -,136,195,2419834,369,2419834,-,-, -,-, -,145,216,7209969,406,7209969
03781300,PITC INSTITUTE,PA,190951221,Proprietary,408,473,1574503,811,1486301,382,444,1674843,781,1591903,-,-, -,-, -,6,6,36492,11,36492,-,-, -,-, -
03783300,BLUE CLIFF CAREER COLLEGE,AL,366064749,Proprietary,68,89,234729,170,234729,65,81,236584,158,236584,-,-, -,-, -,1,1,10100,2,10100,-,-, -,-, -
03784300,MEDICAL UNIVERSITY OF BIALYSTOK,,PL 15-089,Foreign-Private,-,-, -,-, -,-,-, -,-, -,4,4,71750,7,71750,-,-, -,-, -,1,1,3498,1,3498
03789300,UNITECH TRAINING ACADEMY,LA,705067215,Proprietary,1205,1210,2961699,2062,2939626,859,872,3039787,1485,3018220,-,-, -,-, -,119,120,516253,206,516253,-,-, -,-, -
03789400,RIVER PARISHES COMMUNITY COLLEGE,LA,707378134,Public,683,710,2108692,1248,2073188,673,703,2765399,1234,2717564,-,-, -,-, -,-,-, -,-, -,-,-, -,-, -
03797400,CAREER CARE INSTITUTE,CA,935344765,Proprietary,608,660,2026250,1232,2006933,575,626,2490401,1180,2469752,-,-, -,-, -,57,64,707506,116,704781,-,-, -,-, -
03801400,BEAUTY INSTITUTE (THE),FL,334092972,Proprietary,15,16,36849,31,36849,15,16,56592,31,56592,-,-, -,-, -,-,-, -,-, -,-,-, -,-, -
03803300,HEALTHCARE TRAINING INSTITUTE,NJ,070833504,Proprietary,110,115,353409,209,353409,104,107,471619,211,467619,-,-, -,-, -,12,12,88824,28,88824,-,-, -,-, -
03804400,GWINNETT COLLEGE,GA,300676040,Proprietary,258,312,821531,717,820364,247,296,1132106,672,1129877,-,-, -,-, -,1,1,2900,2,2900,-,-, -,-, -
03807300,ROSE BRUFORD COLLEGE OF THEATRE AND PERFORMANCE,,DA15 9DF,Foreign-Private,1,1,4500,3,4500,1,1,6000,3,6000,11,11,220000,32,220000,-,-, -,-, -,10,10,276725,28,276725
03808300,INSTITUTE OF BEAUTY AND WELLNESS (THE),WI,532025715,Proprietary,189,216,544615,408,542865,212,245,813324,465,812324,-,-, -,-, -,18,18,157957,35,157957,-,-, -,-, -
03811300,EASTERN SCHOOL OF ACUPUNCTURE AND TRADITIONAL MEDICINE,NJ,070033426,Proprietary,-,-, -,-, -,-,-, -,-, -,24,30,481878,48,471628,-,-, -,-, -,-,-, -,-, -
03813300,NORTHCENTRAL UNIVERSITY,CA,920371013,Private-Nonprofit,32,33,135871,191,130372,33,34,165775,208,153202,5671,5908,82150483,36347,79187484,1,1,15098,4,15098,1655,1774,36336781,11160,34829516
03814300,TURNING POINT BEAUTY COLLEGE,AZ,852253447,Proprietary,110,116,254027,212,254027,108,114,315542,209,315542,-,-, -,-, -,2,2,27000,4,27000,-,-, -,-, -
03814400,SOKA UNIVERSITY OF AMERICA,CA,926568081,Private-Nonprofit,75,77,297745,151,297745,77,82,288685,162,288685,1,1,20432,2,20432,34,37,511821,73,511821,-,-, -,-, -
03816300,ARTISTIC NAILS & BEAUTY ACADEMY,FL,336055919,Proprietary,406,417,901722,733,899972,384,395,1273141,725,1270141,-,-, -,-, -,5,5,24000,10,24000,-,-, -,-, -
03816400,AMERICAN GRADUATE SCHOOL IN PARIS,,75006,Foreign-Private,-,-, -,-, -,-,-, -,-, -,16,16,295957,28,295957,-,-, -,-, -,12,12,293179,20,293179
03818300,HHL LEIPZIG GRADUATE SCHOOL OF MANAGEMENT,,D-04109,Foreign-Private,-,-, -,-, -,-,-, -,-, -,2,2,27500,4,27500,-,-, -,-, -,2,2,57763,3,57763
03819300,AMERICAN PUBLIC UNIVERSITY SYSTEM,WV,254141621,Proprietary,6254,8112,24515400,17238,24505901,6480,8395,32493032,17572,32471069,2754,3821,39203490,6982,39196891,21,26,226474,59,226474,192,270,3205375,522,3205375
03821400,UNIVERSAL COLLEGE OF HEALING ARTS,NE,681121810,Proprietary,26,32,92087,63,92087,26,32,140779,63,140779,-,-, -,-, -,-,-, -,-, -,-,-, -,-, -
03822300,PAUL MITCHELL THE SCHOOL - MADISON,WI,537170000,Proprietary,49,58,147204,99,147204,52,62,176684,109,176684,-,-, -,-, -,3,4,25500,7,25500,-,-, -,-, -
03823300,FLORIDA ACADEMY OF HEALTH & BEAUTY,FL,333111243,Proprietary,35,35,92743,66,92743,20,20,44103,40,44103,-,-, -,-, -,-,-, -,-, -,-,-, -,-, -
03824300,"ROYAL VETERINARY COLLEGE (THE), UNIVERSITY OF LONDON",,NW1 0TU,Foreign-Private,-,-, -,-, -,-,-, -,-, -,305,305,6124168,721,6124168,-,-, -,-, -,301,301,18995717,762,18995717
03827300,CHARLOTTE CHRISTIAN COLLEGE AND THEOLOGICAL SEMINARY,NC,282271648,Private-Nonprofit,24,24,69371,40,69371,29,30,129141,58,129141,31,36,437751,102,437751,-,-, -,-, -,12,13,212136,40,212136
03829500,SKINWORKS SCHOOL OF ADVANCED SKINCARE,UT,841152844,Proprietary,99,115,283101,192,283101,107,128,381084,213,381084,-,-, -,-, -,-,-, -,-, -,-,-, -,-, -
03830300,SAE INSTITUTE OF TECHNOLOGY,TN,372034310,Proprietary,1432,1785,5425803,3175,5210041,1408,1761,6978896,3156,6685732,-,-, -,-, -,165,214,2323356,403,2250391,-,-, -,-, -
03832400,COSMETOLOGY SCHOOL OF ARTS & SCIENCES,ID,833184901,Proprietary,44,46,104346,72,104346,40,41,139607,65,139607,-,-, -,-, -,-,-, -,-, -,-,-, -,-, -
03833300,AMERICAN ACADEMY OF HEALTH AND WELLNESS,MN,551130000,Proprietary,-,-, -,-, -,-,-, -,-, -,7,7,131666,20,131666,-,-, -,-, -,3,3,117645,9,117645
03837300,AVEDA FREDRIC'S INSTITUTE,OH,450692794,Proprietary,342,386,1111394,728,1108436,351,400,1218676,757,1218009,-,-, -,-, -,52,52,658888,100,658888,-,-, -,-, -
03838300,NIGHTINGALE COLLEGE,UT,841110000,Proprietary,4872,7239,26685274,12483,26685274,5043,7133,38918123,12533,38918123,19,31,420362,62,420362,50,58,738575,107,738575,-,-, -,-, -
03838500,NORTHWEST CAREER COLLEGE,NV,891280255,Proprietary,1863,1914,5558935,4313,5526777,1764,1812,7424498,4110,7405498,-,-, -,-, -,25,25,222615,58,222615,-,-, -,-, -
03839300,AVEDA ARTS & SCIENCES INSTITUTE NEW YORK,NY,112010000,Proprietary,175,175,457034,321,455284,171,171,557904,318,554904,-,-, -,-, -,12,12,130948,26,130948,-,-, -,-, -
03840300,OMEGA GRADUATE SCHOOL,TN,373216736,Private-Nonprofit,-,-, -,-, -,-,-, -,-, -,5,5,83688,10,83688,-,-, -,-, -,2,2,41000,4,41000
03841300,LAWRENCEBURG TECHNICAL COLLEGE,TN,384643634,Proprietary,73,77,190197,151,190197,47,48,133621,102,133621,-,-, -,-, -,1,1,3416,2,3416,-,-, -,-, -
03842500,CAMBRIDGE COLLEGE OF HEALTHCARE & TECHNOLOGY,FL,327010000,Proprietary,361,582,1624144,964,1624144,359,481,1933823,819,1933823,-,-, -,-, -,19,20,161323,34,161323,-,-, -,-, -
03847300,CRANDALL UNIVERSITY,,E1G 3H9,Foreign-Private,4,4,12251,6,12251,4,4,17499,6,17499,-,-, -,-, -,-,-, -,-, -,-,-, -,-, -
03853300,KECK GRADUATE INSTITUTE OF APPLIED LIFE SCIENCES,CA,917114817,Private-Nonprofit,3,3,16500,6,16500,14,14,143500,28,143500,351,366,7281297,812,7281297,1,1,7000,1,7000,299,340,12972553,729,12972553
03855300,ECCLESIA COLLEGE,AR,727628159,Private-Nonprofit,67,67,263408,125,263408,59,59,192114,106,192114,-,-, -,-, -,8,8,85436,14,85436,-,-, -,-, -
03856500,FLORIDA SCHOOL OF TRADITIONAL MIDWIFERY,FL,326015507,Private-Nonprofit,35,51,161513,91,159763,35,50,230064,90,229064,-,-, -,-, -,-,-, -,-, -,-,-, -,-, -
03859300,EINE ELECTROLOGY/ESTHETICS INSTITUTE OF NE,MA,018764709,Proprietary,28,28,68017,56,68017,29,30,109235,60,109235,-,-, -,-, -,-,-, -,-, -,-,-, -,-, -
03859400,FALMOUTH UNIVERSITY,,TR11 4RH,Foreign-Private,18,18,76000,36,76000,16,16,52500,32,52500,3,3,61000,7,61000,11,11,335082,22,335082,3,3,98070,6,98070
03862600,VERITAS BAPTIST COLLEGE,IN,470250000,Private-Nonprofit,14,17,54635,34,52605,13,14,60697,24,54393,10,12,45630,26,45630,-,-, -,-, -,-,-, -,-, -
03868300,WORLD MISSION UNIVERSITY,CA,900201789,Private-Nonprofit,5,5,21629,10,21629,5,5,27121,9,27121,7,7,37000,13,37000,-,-, -,-, -,-,-, -,-, -
03868400,LOS ANGELES COLLEGE OF MUSIC,CA,911052540,Proprietary,70,90,342122,204,342122,77,101,337142,234,337142,4,4,53517,10,53517,43,56,896175,125,896175,1,1,19000,3,19000
03871300,FOLSOM LAKE COLLEGE,CA,956306798,Public,265,267,882607,483,882607,252,253,1170127,460,1170127,-,-, -,-, -,-,-, -,-, -,-,-, -,-, -
03872400,DIVINE MERCY UNIVERSITY,VA,201663609,Private-Nonprofit,-,-, -,-, -,-,-, -,-, -,223,306,4914275,608,4903884,-,-, -,-, -,84,107,2138377,201,2138377
03873300,COPENHAGEN BUSINESS SCHOOL,,DK-2000,Foreign-Private,-,-, -,-, -,-,-, -,-, -,5,5,99925,10,99925,-,-, -,-, -,2,2,56685,4,56685
03874300,SUTTER COUNTY CAREER TRAINING CENTER,CA,959934002,Public,21,21,68250,39,68250,21,21,55896,39,55896,-,-, -,-, -,-,-, -,-, -,-,-, -,-, -
03874400,COMMUNITY CHRISTIAN COLLEGE,AZ,853460000,Private-Nonprofit,541,607,1742684,1477,1740351,545,612,1511107,1462,1509774,-,-, -,-, -,25,31,276382,80,276382,-,-, -,-, -
03876300,CULPEPER COSMETOLOGY TRAINING CENTER,VA,227013105,Public,22,26,79440,50,79440,26,31,86472,59,86472,-,-, -,-, -,2,3,12100,7,12100,-,-, -,-, -
03881400,EUROPEAN MASSAGE THERAPY SCHOOL  (THE),NV,891178826,Proprietary,134,134,314461,266,314461,131,131,402710,261,402710,-,-, -,-, -,1,1,2291,2,2291,-,-, -,-, -
03883400,AVIATION INSTITUTE OF MAINTENANCE,VA,201094156,Proprietary,225,331,1147749,623,1147749,224,316,1293737,589,1293737,-,-, -,-, -,32,40,352049,76,352049,-,-, -,-, -
03885300,EMPLOYMENT SOLUTIONS,KY,405173260,Private-Nonprofit,189,222,565609,414,564109,188,222,778176,431,776176,-,-, -,-, -,3,3,21412,8,21412,-,-, -,-, -
03888300,DRAGON RISES COLLEGE OF ORIENTAL MEDICINE,FL,326015089,Private-Nonprofit,-,-, -,-, -,1,1,11120,2,11120,45,56,969934,109,969934,-,-, -,-, -,19,26,306274,52,306274
03889300,STANBRIDGE UNIVERSITY,CA,926121105,Proprietary,2137,2731,10624190,7080,10476332,2042,2604,12850604,6708,12654881,266,376,6790699,751,6790699,196,261,4901191,685,4859679,194,282,3998070,585,3998070
03891300,SOMA INSTITUTE - THE NATIONAL SCHOOL OF CLINICAL MASSAGE THERAPY,IL,606044110,Proprietary,173,177,473319,311,431309,169,174,787484,308,715443,-,-, -,-, -,-,-, -,-, -,-,-, -,-, -
03894300,HUNTSVILLE BIBLE COLLEGE,AL,358111632,Private-Nonprofit,42,44,141706,79,141706,41,45,208874,81,208874,17,18,208855,35,208855,-,-, -,-, -,-,-, -,-, -
03900300,MEDICAL UNIVERSITY OF THE AMERICAS,,,Foreign-For-Profit,-,-, -,-, -,-,-, -,-, -,121,184,2230663,359,2230663,-,-, -,-, -,130,202,6866797,399,6866797
03903400,AMERICAN BEAUTY SCHOOL,NY,104628003,Proprietary,77,83,215073,154,215073,75,80,203849,148,203849,-,-, -,-, -,2,2,4966,3,4966,-,-, -,-, -
03903500,SOUTHERN TECHNICAL COLLEGE,FL,328090000,Proprietary,2091,2534,6108479,6197,6107229,2039,2450,8038204,6015,8037648,-,-, -,-, -,79,92,601136,256,601136,-,-, -,-, -
03907300,PAUL MITCHELL THE SCHOOL GREAT LAKES,MI,480600000,Proprietary,108,135,334872,224,333122,115,142,332508,234,329508,-,-, -,-, -,12,13,80871,24,80871,-,-, -,-, -
03909300,PAUL MITCHELL THE SCHOOL LOGAN,UT,843410000,Proprietary,62,68,191044,128,191044,54,58,166617,113,166617,-,-, -,-, -,1,2,25000,4,25000,-,-, -,-, -
03910400,NATIONAL POLYTECHNIC COLLEGE,CA,907121043,Proprietary,316,366,1339498,713,1330748,287,327,1279955,642,1256839,-,-, -,-, -,24,26,161087,52,153587,-,-, -,-, -
03914300,"CALC, INSTITUTE OF TECHNOLOGY",IL,620025946,Proprietary,47,51,136517,94,136517,45,48,158432,92,158432,-,-, -,-, -,-,-, -,-, -,-,-, -,-, -
03917300,EVERGREEN BEAUTY AND BARBER COLLEGE,WA,982083759,Proprietary,841,914,2483414,1730,2483414,825,892,3035861,1617,3035861,-,-, -,-, -,43,43,419072,88,419072,-,-, -,-, -
03921300,CAMEO COLLEGE OF ESSENTIAL BEAUTY,UT,841076134,Proprietary,106,107,281360,204,281360,96,97,320896,183,320896,-,-, -,-, -,-,-, -,-, -,-,-, -,-, -
03935300,CALIFORNIA NURSES EDUCATIONAL INSTITUTE,CA,922702703,Proprietary,150,191,716667,377,716667,149,192,969254,386,969254,-,-, -,-, -,18,18,273375,36,265875,-,-, -,-, -
03939600,DAYTONA COLLEGE,FL,321748449,Proprietary,185,223,573546,417,573546,140,166,532083,302,532083,-,-, -,-, -,7,7,38158,13,38158,-,-, -,-, -
03941300,AVE MARIA UNIVERSITY,FL,341429505,Private-Nonprofit,371,382,1539388,709,1539388,547,558,2165291,1037,2165291,19,21,265535,41,265535,87,101,1670400,171,1670400,1,1,35654,3,35654
03945300,UNIVERSITY OF WEST LONDON (THE),,W5 5RF,Foreign-Private,19,19,87500,39,87500,21,21,70000,43,70000,17,17,313201,44,313201,15,16,415190,32,415190,17,17,376865,44,376865
03946300,FRANKLIN W. OLIN COLLEGE OF ENGINEERING,MA,024921200,Private-Nonprofit,63,64,197533,119,197533,74,75,336408,141,336408,-,-, -,-, -,9,9,241973,16,241973,-,-, -,-, -
03948300,HARRISBURG UNIVERSITY OF SCIENCE AND TECHNOLOGY,PA,171012116,Private-Nonprofit,342,456,1319509,887,1319509,395,509,1576265,984,1576265,46,86,559183,170,559183,33,35,390791,71,390791,5,5,37879,11,37879
03949300,WON INSTITUTE OF GRADUATE STUDIES,PA,189744836,Private-Nonprofit,-,-, -,-, -,-,-, -,-, -,75,79,1393270,218,1393270,-,-, -,-, -,36,45,979122,116,979122
03956300,SOUTH LOUISIANA COMMUNITY COLLEGE,LA,705060000,Public,2502,2565,7588629,4229,7588629,2313,2345,9024534,3856,9024534,-,-, -,-, -,16,17,146657,30,146657,-,-, -,-, -
03957300,BLUE RIDGE COMMUNITY AND TECHNICAL COLLEGE,WV,254036043,Public,415,415,1141259,1136,1141259,409,411,1237964,1217,1237964,-,-, -,-, -,2,2,7850,3,7850,-,-, -,-, -
03957400,NEW COLLEGE OF FLORIDA,FL,342432109,Public,78,80,234961,142,234961,130,211,509125,389,509125,6,6,78986,8,78986,20,22,208473,36,208473,1,1,5025,1,5025
03960300,NEW RIVER COMMUNITY AND TECHNICAL COLLEGE,WV,258132636,Public,147,163,421645,290,421645,150,168,490723,299,490723,-,-, -,-, -,-,-, -,-, -,-,-, -,-, -
03964400,INTERNATIONAL SCHOOL OF BEAUTY,CA,922602740,Proprietary,121,121,360744,234,360744,101,101,307046,196,307046,-,-, -,-, -,5,5,33647,10,33647,-,-, -,-, -
03965400,MYRANGEL BEAUTY INSTITUTE,PR,007543917,Proprietary,44,44,138750,73,118750,42,45,154485,74,134180,-,-, -,-, -,-,-, -,-, -,-,-, -,-, -
03965500,HAIR EXPRESSIONS ACADEMY -  PAUL MITCHELL THE SCHOOL - JESSUP,MD,207940000,Proprietary,97,101,244912,178,244912,94,97,266597,179,266597,-,-, -,-, -,3,3,30150,6,30150,-,-, -,-, -
03966300,VIRGINIA BEACH THEOLOGICAL SEMINARY,VA,234646847,Private-Nonprofit,-,-, -,-, -,-,-, -,-, -,1,2,20499,4,20499,-,-, -,-, -,-,-, -,-, -
03968300,LAKEWOOD SCHOOL OF THERAPEUTIC MASSAGE,MI,480605347,Proprietary,13,13,34529,24,34529,11,11,34996,22,34996,-,-, -,-, -,-,-, -,-, -,-,-, -,-, -
03969600,UEI COLLEGE,CA,902474201,Proprietary,5045,5100,16206914,9542,16196414,4768,4811,24410225,9193,24395225,-,-, -,-, -,205,205,2588891,398,2588891,-,-, -,-, -
03970300,HANDS ON THERAPY,TX,751492294,Proprietary,32,32,94253,60,94253,31,31,151962,59,151962,-,-, -,-, -,-,-, -,-, -,-,-, -,-, -
03970400,WELLSPRING SCHOOL OF ALLIED HEALTH,MO,641143313,Proprietary,377,457,1239798,771,1239104,313,390,1346101,664,1344193,-,-, -,-, -,6,7,74017,13,74017,-,-, -,-, -
03971300,AMERICAN CAREER COLLEGE,CA,917644906,Proprietary,2076,2483,8042299,5348,8039811,2050,2479,10664822,5382,10663253,-,-, -,-, -,154,184,1952674,393,1952674,-,-, -,-, -
03974300,"ST. GEORGE'S UNIVERSITY, SCHOOL OF VETERINARY MEDICINE",,,Foreign-For-Profit,-,-, -,-, -,-,-, -,-, -,985,1250,21253246,1931,21253246,-,-, -,-, -,958,1962,53348805,1962,53348805
03974500,CALIFORNIA CAREER COLLEGE,CA,913032006,Proprietary,137,168,689696,333,689696,122,144,855986,284,855986,-,-, -,-, -,3,3,27600,6,27600,-,-, -,-, -
03980300,CALIFORNIA STATE UNIVERSITY CHANNEL ISLANDS,CA,930128599,Public,1246,1301,5364955,2183,5364955,1027,1084,4757304,1862,4757304,85,100,1413665,161,1413665,149,154,1987811,302,1987811,1,1,12342,2,12342
03982300,VISIBLE MUSIC COLLEGE,TN,381032710,Private-Nonprofit,97,101,376579,191,376579,100,100,373827,195,373827,7,7,100218,13,100218,23,23,410611,50,410611,1,1,8753,2,8753
03983300,"SCHOOL OF PROFESSIONAL HORTICULTURE, N. Y. BOTANICAL GARDEN",NY,104585126,Private-Nonprofit,3,3,13500,3,13500,3,3,14250,3,14250,-,-, -,-, -,-,-, -,-, -,-,-, -,-, -
03986300,AVIATOR COLLEGE OF AERONAUTICAL SCIENCE & TECHNOLOGY,FL,349469022,Proprietary,157,174,605393,317,603143,166,182,742655,336,739655,-,-, -,-, -,23,24,416494,45,416494,-,-, -,-, -
03987300,TEXAS HEALTH SCHOOL,TX,770792106,Proprietary,152,197,581411,394,581411,139,179,769684,366,769684,-,-, -,-, -,9,11,75920,24,75920,-,-, -,-, -
03995300,UNIVERSITY OF EAST-WEST MEDICINE,CA,940853922,Proprietary,-,-, -,-, -,-,-, -,-, -,15,18,269860,32,269860,-,-, -,-, -,-,-, -,-, -
03997300,ARKANSAS BEAUTY COLLEGE,AR,728013741,Proprietary,35,37,94980,68,91480,33,35,101499,63,94749,-,-, -,-, -,-,-, -,-, -,-,-, -,-, -
03999300,BEAUMONT ADULT SCHOOL,CA,922235121,Public,104,104,387438,205,387438,99,99,454133,195,454133,-,-, -,-, -,1,1,3176,1,3176,-,-, -,-, -
04001300,LOS ANGELES COLLEGE OF AESTHETICS,CA,900064233,Proprietary,64,66,152677,125,150927,62,64,187463,140,185001,-,-, -,-, -,-,-, -,-, -,-,-, -,-, -
04002400,ECUMENICAL THEOLOGICAL SEMINARY,MI,482013035,Private-Nonprofit,-,-, -,-, -,-,-, -,-, -,33,41,415619,95,415619,-,-, -,-, -,2,2,35500,6,35500
04003300,BLAKE AUSTIN COLLEGE,CA,956884647,Proprietary,198,244,799028,471,799028,196,240,1095027,464,1095027,-,-, -,-, -,33,46,449595,89,449595,-,-, -,-, -
04005300,UNITED STATES UNIVERSITY,CA,921084429,Proprietary,26,33,124846,54,124846,28,34,167069,53,167069,429,592,8607006,1023,8607006,-,-, -,-, -,32,36,509716,63,509716
04006300,NUVO COLLEGE OF COSMETOLOGY,MI,494413822,Proprietary,23,24,66019,44,66019,22,23,76915,42,76915,-,-, -,-, -,2,2,15575,3,15575,-,-, -,-, -
04014300,P&A SCHOLARS BEAUTY SCHOOL,MI,482040000,Proprietary,154,160,349703,253,349703,146,151,494646,247,494646,-,-, -,-, -,1,1,4000,2,4000,-,-, -,-, -
04014400,PALLADIUM TECHNICAL ACADEMY,CA,917804027,Proprietary,46,46,155750,89,155750,46,46,240660,98,240660,-,-, -,-, -,-,-, -,-, -,-,-, -,-, -
04015300,FRANKFURT SCHOOL OF FINANCE & MANAGEMENT GGMBH,,60322,Foreign-Private,2,2,8000,4,8000,2,2,4000,4,4000,1,1,20500,2,20500,1,1,8500,2,8500,1,1,13573,2,13573
04016500,AMERICAN INSTITUTE OF BEAUTY,FL,337715901,Proprietary,376,392,947411,667,829323,371,390,1385840,685,1202491,-,-, -,-, -,27,27,132364,48,115851,-,-, -,-, -
04021300,AUGUSTA SCHOOL OF MASSAGE,GA,309070000,Proprietary,25,25,53067,46,52345,27,27,88344,50,87712,-,-, -,-, -,-,-, -,-, -,-,-, -,-, -
04021400,"AMERICAN COLLEGE, DUBLIN LIMITED (THE)",,,Foreign-Private,7,7,33500,14,33500,7,7,27711,13,27711,3,3,61500,6,61500,-,-, -,-, -,1,1,29500,3,29500
04028300,MOUNTAIN STATE SCHOOL OF MASSAGE,WV,253042025,Proprietary,21,21,55022,37,55022,21,21,96879,37,96879,-,-, -,-, -,-,-, -,-, -,-,-, -,-, -
04029300,TRENDSETTERS OF FL. SCHOOL OF BEAUTY & BARBERING,FL,322054737,Proprietary,11,11,25742,19,25742,11,11,37575,19,37575,-,-, -,-, -,-,-, -,-, -,-,-, -,-, -
04031300,SALON PROFESSIONAL ACADEMY (THE),ND,581033337,Proprietary,112,138,432715,266,432715,131,167,577183,325,577183,-,-, -,-, -,7,8,58045,16,58045,-,-, -,-, -
04032300,YORK ST JOHN UNIVERSITY,,Y031 7EX,Foreign-Private,41,41,190744,82,190744,48,48,164006,95,164006,2,2,41000,6,41000,36,36,1496765,72,1496765,2,2,39173,6,39173
04036300,SOUTHEAST TEXAS CAREER INSTITUTE,TX,776568601,Proprietary,58,62,136348,114,136348,54,60,159994,111,159994,-,-, -,-, -,-,-, -,-, -,-,-, -,-, -
04037300,LOS ANGELES FILM SCHOOL (THE),CA,900287300,Proprietary,4699,6167,22213667,11512,22213667,4675,6220,29589902,11546,29586902,-,-, -,-, -,353,428,5513480,826,5513480,-,-, -,-, -
04037500,ACADEMY OF HAIR DESIGN,MO,658042303,Proprietary,280,308,689369,568,677411,264,291,825535,534,811035,-,-, -,-, -,7,7,33032,16,33032,-,-, -,-, -
04038300,ATA COLLEGE,KY,402233832,Proprietary,1319,2143,5195151,4908,5195151,1306,1796,7137247,4266,7137247,-,-, -,-, -,16,17,114446,42,114446,-,-, -,-, -
04038400,AVI CAREER TRAINING,VA,221820000,Proprietary,98,103,266907,198,266907,86,90,302466,172,302466,-,-, -,-, -,3,3,30321,6,30321,-,-, -,-, -
04038500,PIERPONT COMMUNITY & TECHNICAL COLLEGE,WV,265548887,Public,259,279,749079,479,749079,251,256,1016539,439,1016539,-,-, -,-, -,2,2,29376,3,29376,-,-, -,-, -
04038600,BRIDGEVALLEY COMMUNITY AND TECHNICAL COLLEGE,WV,253032735,Public,400,422,1183605,769,1183605,405,433,1600440,778,1600440,-,-, -,-, -,4,4,19326,8,19326,-,-, -,-, -
04038700,IDEAL BEAUTY ACADEMY,KY,402235606,Proprietary,8,8,21387,15,20145,8,8,36659,15,34529,-,-, -,-, -,-,-, -,-, -,-,-, -,-, -
04040300,COMPASS CAREER COLLEGE,LA,704030653,Proprietary,147,161,404674,279,404674,127,141,409373,247,409373,-,-, -,-, -,-,-, -,-, -,-,-, -,-, -
04041300,BERKS CAREER & TECHNOLOGY CENTER,PA,195339112,Public,11,11,25500,18,25500,14,14,39753,25,39753,-,-, -,-, -,-,-, -,-, -,-,-, -,-, -
04041400,MOUNTWEST COMMUNITY AND TECHNICAL COLLEGE,WV,257019311,Public,379,418,989325,736,989325,218,244,824306,433,824306,-,-, -,-, -,6,9,77182,19,77182,-,-, -,-, -
04043300,ACE INSTITUTE OF TECHNOLOGY,NY,100186473,Proprietary,162,168,522755,315,522755,159,162,510553,312,510553,-,-, -,-, -,-,-, -,-, -,-,-, -,-, -
04044300,HAZELDEN BETTY FORD GRADUATE SCHOOL,MN,550120011,Private-Nonprofit,-,-, -,-, -,2,2,20500,2,20500,117,162,2563809,287,2563809,-,-, -,-, -,38,55,542443,92,531627
04055300,CREATIVE HAIR SCHOOL OF COSMETOLOGY,MI,485071227,Proprietary,38,46,135283,83,135283,25,32,138262,60,138262,-,-, -,-, -,-,-, -,-, -,-,-, -,-, -
04057300,ASHER COLLEGE,CA,958254025,Proprietary,451,475,1362309,866,1362309,432,456,1952525,856,1952525,-,-, -,-, -,20,23,152755,43,152755,-,-, -,-, -
04059300,TUCSON COLLEGE OF BEAUTY,AZ,857052451,Proprietary,104,118,297926,221,296176,103,118,322461,220,321683,-,-, -,-, -,4,5,21205,10,21205,-,-, -,-, -
04060300,ATA COLLEGE,OK,741465201,Proprietary,276,450,1143944,1070,1142778,276,390,1406309,944,1404309,-,-, -,-, -,9,10,71480,27,71480,-,-, -,-, -
04065300,ROSEMAN UNIVERSITY OF HEALTH SCIENCES,NV,890142333,Private-Nonprofit,505,638,2614911,1059,2614911,522,665,3291662,1089,3291662,671,802,29957470,1576,29957470,66,145,1949478,164,1949478,705,1475,52636171,1934,52636171
04066300,CARDIAC AND VASCULAR INSTITUTE OF ULTRASOUND,AL,366061411,Proprietary,52,73,276677,146,276677,50,67,327629,135,327629,-,-, -,-, -,3,4,30550,8,30550,-,-, -,-, -
04070300,"RAPHAEL RECANATI INTERNATIONAL SCHOOL, THE INTERDISCIPLINARY CENTER",,4610101,Foreign-Private,21,21,97000,37,97000,23,23,85000,39,85000,4,4,82000,8,82000,6,6,164175,9,164175,-,-, -,-, -
04072300,AVEDA INSTITUTE PROVO,UT,846011008,Proprietary,78,97,262530,184,262530,80,101,301628,193,301628,-,-, -,-, -,8,9,48316,16,48316,-,-, -,-, -
04073300,JUNG TAO SCHOOL OF CLASSICAL CHINESE MEDICINE,NC,286799657,Private-Nonprofit,-,-, -,-, -,-,-, -,-, -,43,43,758604,94,758604,-,-, -,-, -,3,3,45770,8,45770
04074300,HONDROS COLLEGE OF NURSING,OH,432290000,Proprietary,4222,5283,12500751,9503,12499641,4262,5426,18831884,9824,18830550,-,-, -,-, -,48,51,440244,114,440244,-,-, -,-, -
04076400,GNOMON,CA,916060000,Proprietary,104,118,507783,321,507783,108,124,524764,334,524764,-,-, -,-, -,41,43,1365549,118,1365549,-,-, -,-, -
04080300,ASPEN UNIVERSITY,AZ,850401930,Proprietary,242,296,1071390,469,1071390,272,332,1729880,517,1729880,281,363,5274353,558,5274353,-,-, -,-, -,52,63,1132284,111,1132284
04083400,CAMBRIDGE COLLEGE OF HEALTHCARE & TECHNOLOGY,FL,334846543,Proprietary,1211,1718,5077916,2883,5077916,1225,1589,6847171,2697,6844171,-,-, -,-, -,86,100,710217,185,710217,-,-, -,-, -
04085400,NEW ZEALAND COLLEGE OF CHIROPRACTIC,,1060,Foreign-Private,-,-, -,-, -,-,-, -,-, -,3,3,61500,6,61500,-,-, -,-, -,2,2,30000,4,30000
04089400,CCI TRAINING CENTER,TX,760114857,Proprietary,233,236,644300,451,639923,226,246,353436,473,351540,-,-, -,-, -,1,1,1853,2,1853,-,-, -,-, -
04093300,ACADEMY OF NATURAL THERAPY,CO,806313425,Proprietary,30,31,79373,56,77915,30,30,118336,55,115836,-,-, -,-, -,1,1,11961,2,11961,-,-, -,-, -
04096300,CHARLESTON SCHOOL OF LAW,SC,294036248,Proprietary,-,-, -,-, -,-,-, -,-, -,538,541,10677341,1039,10677341,-,-, -,-, -,472,648,15419841,1078,15419841
04100300,DENMARK COLLEGE,IN,464105310,Proprietary,157,176,485014,324,485014,142,164,295360,293,295360,-,-, -,-, -,3,4,16998,6,16998,-,-, -,-, -
04100400,TAFT UNIVERSITY SYSTEM (THE),CO,802223317,Proprietary,-,-, -,-, -,-,-, -,-, -,95,100,1504216,181,1504216,-,-, -,-, -,37,38,1989259,74,1989259
04104300,ACADEMY DI CAPELLI,CT,064920000,Proprietary,200,208,483004,387,468420,206,216,606757,404,594090,-,-, -,-, -,15,16,111865,28,111865,-,-, -,-, -
04105400,PENSACOLA SCHOOL OF MASSAGE THERAPY & HEALTH CAREERS,FL,325047337,Proprietary,30,30,72541,53,72541,30,30,93869,52,93869,-,-, -,-, -,-,-, -,-, -,-,-, -,-, -
04106300,PALM BEACH ACADEMY OF HEALTH & BEAUTY,FL,334152130,Proprietary,62,64,157868,103,127757,59,61,214550,93,171258,-,-, -,-, -,1,1,6830,2,6830,-,-, -,-, -
04110300,UNIVERSITY OF MANAGEMENT AND TECHNOLOGY (THE),VA,222091609,Proprietary,18,23,80512,55,80512,20,26,108191,54,108191,19,22,187399,49,187399,-,-, -,-, -,-,-, -,-, -
04111300,LEMOORE COLLEGE,CA,932459248,Public,49,49,176631,138,176631,39,39,146556,108,146556,-,-, -,-, -,-,-, -,-, -,-,-, -,-, -
04112300,LOUISIANA CULINARY INSTITUTE,LA,708164109,Proprietary,52,80,287132,154,287132,54,76,310100,149,310100,-,-, -,-, -,18,26,359483,51,359483,-,-, -,-, -
04113300,LEBANESE AMERICAN UNIVERSITY,,1102-2801,Foreign-Private,28,28,137600,56,137600,21,21,65000,42,65000,1,1,12600,2,12600,4,4,58988,8,58988,-,-, -,-, -
04114300,NEVADA STATE UNIVERSITY,NV,890029776,Public,882,1007,3435221,1554,3435221,815,935,4192836,1450,4192836,26,36,437323,61,437323,13,14,205401,21,205401,1,1,4300,1,4300
04114400,INSTITUTE OF WORLD POLITICS (THE),DC,200361464,Private-Nonprofit,-,-, -,-, -,-,-, -,-, -,45,51,631182,69,631182,-,-, -,-, -,28,36,431611,48,431611
04114500,VALLEY COLLEGE OF MEDICAL CAREERS,CA,913042354,Proprietary,14,14,41814,22,34814,13,13,46156,21,36364,-,-, -,-, -,1,1,3920,2,3920,-,-, -,-, -
04115300,COACHELLA VALLEY BEAUTY COLLEGE,CA,922534501,Proprietary,214,242,458253,451,458253,155,173,360640,328,360640,-,-, -,-, -,1,1,401,1,401,-,-, -,-, -
04115600,MAYFIELD COLLEGE,CA,922347032,Proprietary,276,276,911796,526,903046,270,270,1260009,514,1245009,-,-, -,-, -,72,72,519410,154,519410,-,-, -,-, -
04115900,LIVERPOOL HOPE UNIVERSITY,,L16 9JD,Foreign-Private,4,4,18000,8,18000,5,5,17500,10,17500,-,-, -,-, -,2,2,47716,4,47716,-,-, -,-, -
04116300,EDHEC BUSINESS SCHOOL,,59057,Foreign-Private,-,-, -,-, -,-,-, -,-, -,12,12,246000,23,246000,-,-, -,-, -,10,10,191600,25,191600
04116600,TAYLOR COLLEGE,FL,344700000,Proprietary,388,460,1605003,810,1605003,389,464,2208094,813,2208094,-,-, -,-, -,15,16,99279,26,99279,-,-, -,-, -
04116900,DIGRIGOLI SCHOOL OF COSMETOLOGY,MA,010894623,Proprietary,54,65,120318,126,116818,52,63,146997,123,142997,-,-, -,-, -,2,2,14624,4,14624,-,-, -,-, -
04117300,DAYTON SCHOOL OF MEDICAL MASSAGE,OH,454291111,Proprietary,649,771,1759965,1341,1759965,635,761,2693926,1366,2693926,-,-, -,-, -,25,30,140590,56,140590,-,-, -,-, -
04117400,MILWAUKEE CAREER COLLEGE,WI,532224305,Proprietary,126,137,363074,238,363074,122,133,450600,233,450600,-,-, -,-, -,-,-, -,-, -,-,-, -,-, -
04117600,LARRY'S BARBER COLLEGE,IL,606282322,Proprietary,61,63,212556,125,212556,43,43,170099,85,170099,-,-, -,-, -,-,-, -,-, -,-,-, -,-, -
04117900,CHAMPION BEAUTY COLLEGE,TX,770683569,Proprietary,10,10,16437,14,16187,9,9,24989,13,24655,-,-, -,-, -,-,-, -,-, -,-,-, -,-, -
04118600,TRICOCI UNIVERSITY OF BEAUTY CULTURE,WI,535483307,Proprietary,91,95,243046,177,243046,89,93,280250,176,280250,-,-, -,-, -,9,10,63638,19,63638,-,-, -,-, -
04118800,NEW YORK FILM ACADEMY,CA,915054068,Proprietary,262,346,1325784,603,1325784,270,356,1205311,628,1205311,46,66,1223592,108,1223592,132,182,5375512,314,5375512,40,55,1347954,97,1347954
04119000,EASTERN WEST VIRGINIA COMMUNITY & TECHNICAL COLLEGE,WV,268360000,Public,54,60,117494,107,117494,26,28,96336,51,96336,-,-, -,-, -,-,-, -,-, -,-,-, -,-, -
04119400,AVEDA INSTITUTE - SOUTH FLORIDA,FL,333280000,Proprietary,763,849,2062076,1656,2062076,735,805,2443422,1595,2443422,-,-, -,-, -,79,80,580518,158,580518,-,-, -,-, -
04120300,HEALTH AND STYLE INSTITUTE,NC,274074751,Proprietary,836,862,2273805,1417,1878642,809,835,3131769,1406,2557716,-,-, -,-, -,63,66,341024,118,305040,-,-, -,-, -
04120400,PAUL MITCHELL THE SCHOOL MIAMI,FL,331560000,Proprietary,61,61,115832,98,115832,58,58,117788,93,117788,-,-, -,-, -,-,-, -,-, -,-,-, -,-, -
04120900,ARIZONA CULINARY INSTITUTE,AZ,852594939,Proprietary,69,69,232732,136,232732,72,72,312891,142,312891,-,-, -,-, -,20,20,417867,40,417867,-,-, -,-, -
04121000,MYCOMPUTERCAREER AT INDIANAPOLIS,IN,462415544,Proprietary,947,963,2873605,1773,2873605,897,915,4736977,1697,4736977,-,-, -,-, -,18,18,179415,35,179415,-,-, -,-, -
04121100,ELEVATE SALON INSTITUTE,MI,480732428,Proprietary,137,169,463759,324,463759,143,175,443005,332,443005,-,-, -,-, -,5,5,57768,10,57768,-,-, -,-, -
04121200,INSTITUTE OF TAOIST EDUCATION AND ACUPUNCTURE,CO,800271028,Private-Nonprofit,-,-, -,-, -,-,-, -,-, -,19,19,307095,64,307095,-,-, -,-, -,13,13,380242,48,380242
04121500,COLUMBIA SOUTHERN UNIVERSITY,AL,365613815,Proprietary,4098,6031,16603028,15620,16602651,4624,6680,27478030,18020,27478030,2435,3651,38026937,10205,38026937,8,9,54030,24,54030,81,111,1390353,333,1390353
04121800,CRISWELL COLLEGE,TX,752461537,Private-Nonprofit,18,19,68508,37,68508,14,15,71054,29,71054,4,4,44716,7,44716,-,-, -,-, -,-,-, -,-, -
04122300,UNIVERSITY OF ARKANSAS - GRANTHAM,AR,722073608,Public,2314,3597,6805848,9919,6804723,2011,3241,8601182,8900,8599703,299,475,2671898,1406,2671898,4,8,27084,20,27084,11,14,97988,44,97988
04122600,LEHIGH CAREER & TECHNICAL INSTITUTE,PA,180782599,Public,7,7,19250,12,19250,7,7,23000,12,23000,-,-, -,-, -,-,-, -,-, -,-,-, -,-, -
04122800,CALIFORNIA PRESTIGE UNIVERSITY,CA,906705611,Private-Nonprofit,3,3,7500,6,7500,3,3,11999,6,11999,8,8,116950,12,116950,-,-, -,-, -,-,-, -,-, -
04123900,LEXINGTON HEALING ARTS ACADEMY,KY,405031932,Proprietary,46,46,123007,89,123007,44,44,195600,87,195600,-,-, -,-, -,-,-, -,-, -,-,-, -,-, -
04124100,ELITE COLLEGE OF COSMETOLOGY,TN,383511431,Proprietary,33,37,89547,65,89547,30,37,80166,66,80166,-,-, -,-, -,-,-, -,-, -,-,-, -,-, -
04124200,CATHOLIC DISTANCE UNIVERSITY,WV,254141621,Private-Nonprofit,25,29,89070,95,89070,19,19,88658,67,88658,5,5,62641,10,62641,-,-, -,-, -,-,-, -,-, -
04124500,MYCOMPUTERCAREER AT COLUMBUS,OH,432196170,Proprietary,266,270,768337,503,768337,258,263,1260662,495,1260662,-,-, -,-, -,4,4,52987,8,52987,-,-, -,-, -
04124700,AMBRIA COLLEGE OF NURSING,IL,601923712,Proprietary,127,166,501015,222,501015,128,163,730563,217,727813,-,-, -,-, -,3,5,40680,6,40680,-,-, -,-, -
04125400,PAUL MITCHELL THE SCHOOL AUSTIN,TX,787595690,Proprietary,140,144,325463,251,323713,125,127,371027,226,371027,-,-, -,-, -,11,12,89117,23,89117,-,-, -,-, -
04125500,MANUEL & THERESA'S SCHOOL OF HAIR DESIGN,TX,778033236,Proprietary,38,46,99472,90,99472,45,56,106335,111,106335,-,-, -,-, -,11,13,22546,27,22546,-,-, -,-, -
04125600,CAREER SCHOOL OF NY,NY,103012416,Private-Nonprofit,75,75,225244,135,197042,68,68,175418,121,153442,-,-, -,-, -,4,4,24927,9,24927,-,-, -,-, -
04126000,PAUL MITCHELL THE SCHOOL CLEVELAND,OH,440873107,Proprietary,182,204,585410,381,585410,181,202,630926,374,630926,-,-, -,-, -,9,9,94872,18,94872,-,-, -,-, -
04126900,ACADEMY OF CAREER TRAINING,FL,347414644,Proprietary,31,31,85412,57,85412,31,32,89341,59,89341,-,-, -,-, -,-,-, -,-, -,-,-, -,-, -
04127100,"UNIVERSITY OF CALIFORNIA, MERCED",CA,953435001,Public,2169,2233,8638603,4136,8638603,1509,1538,4837514,2873,4837514,47,47,645622,88,645622,591,653,9666497,1200,9666497,7,9,136554,18,136554
04127200,VICTORIA'S ACADEMY OF COSMETOLOGY,WA,993363826,Proprietary,83,103,281520,201,281520,89,109,393573,213,393573,-,-, -,-, -,2,2,20580,4,20580,-,-, -,-, -
04127300,COLUMBIA COLLEGE,VA,221822214,Proprietary,48,73,105403,146,105403,44,65,100654,130,100654,-,-, -,-, -,-,-, -,-, -,-,-, -,-, -
04127500,CDE CAREER INSTITUTE,PA,183720000,Proprietary,300,300,970712,461,774712,278,278,1584800,434,1258800,-,-, -,-, -,-,-, -,-, -,-,-, -,-, -
04128400,MIAMI REGIONAL UNIVERSITY,FL,331665473,Proprietary,642,780,2860341,1363,2860341,583,706,2712638,1263,2712638,1764,2286,28530792,4017,28530792,16,21,127914,38,127914,80,95,1239237,111,1239237
04128600,UNIVERSITY OF WORCESTER,,WR2 6AJ,Foreign-Private,8,8,39000,16,39000,8,8,21000,16,21000,4,4,69200,12,69200,5,5,112185,10,112185,3,3,69302,9,69302
04128700,HERTIE SCHOOL,,10117,Foreign-Private,-,-, -,-, -,-,-, -,-, -,23,23,383900,45,383900,-,-, -,-, -,6,6,78574,14,78574
04128800,BRANFORD ACADEMY OF HAIR & COSMETOLOGY,CT,064056066,Proprietary,58,59,138352,104,138352,54,55,180709,99,180709,-,-, -,-, -,8,8,43327,20,43327,-,-, -,-, -
04129400,CENTER FOR MASSAGE & NATURAL HEALTH,NC,288018331,Proprietary,32,33,76070,64,76070,31,32,117847,62,117847,-,-, -,-, -,-,-, -,-, -,-,-, -,-, -
04129800,MEDIATECH INSTITUTE,TX,752345738,Proprietary,224,281,959604,512,959604,231,294,1225349,536,1225349,-,-, -,-, -,24,30,252344,60,252344,-,-, -,-, -
04129900,FLORIDA SCHOOL OF MASSAGE,FL,326085419,Proprietary,50,50,126391,97,126391,51,51,209575,100,209575,-,-, -,-, -,-,-, -,-, -,-,-, -,-, -
04130100,LOUISIANA DELTA COMMUNITY COLLEGE,LA,712033618,Public,1498,1631,4283520,2867,4283520,1419,1552,5331792,2738,5331792,-,-, -,-, -,14,16,75364,27,75364,-,-, -,-, -
04130400,SHEAR EXCELLENCE HAIR ACADEMY,FL,336142783,Proprietary,132,140,368160,267,368160,128,135,494552,272,494552,-,-, -,-, -,3,3,29604,6,29604,-,-, -,-, -
04130500,PACIFIC NORTHWEST UNIVERSITY OF HEALTH SCIENCES,WA,989011471,Private-Nonprofit,-,-, -,-, -,-,-, -,-, -,431,569,20462473,1130,20462473,-,-, -,-, -,402,527,23116386,1289,23116386
04130600,HEALING ARTS CENTER,MO,631222104,Proprietary,75,75,152078,136,152078,73,73,230689,134,230689,-,-, -,-, -,-,-, -,-, -,-,-, -,-, -
04130700,ACADEMY OF MASSAGE AND BODYWORK,DE,197011344,Proprietary,66,66,145552,128,145552,66,66,228463,130,228463,-,-, -,-, -,5,5,24733,10,24733,-,-, -,-, -
04130900,TRICOCI UNIVERSITY OF BEAUTY CULTURE,IN,462563317,Proprietary,429,456,1032723,829,1027069,404,432,1251376,801,1245684,-,-, -,-, -,34,35,249681,68,249681,-,-, -,-, -
04131200,TOTAL IMAGE BEAUTY ACADEMY,NJ,070872943,Proprietary,171,177,434935,336,434935,162,168,370302,318,370302,-,-, -,-, -,-,-, -,-, -,-,-, -,-, -
04131300,CORINTH ACADEMY OF COSMETOLOGY,MS,388344813,Proprietary,57,66,173568,135,173568,46,49,138082,102,138082,-,-, -,-, -,-,-, -,-, -,-,-, -,-, -
04131700,SOUTHWEST UNIVERSITY AT EL PASO,TX,799256230,Proprietary,2205,2840,10344888,5279,9977225,2143,2789,13305575,5223,12806391,52,52,950267,88,860592,223,244,1012318,451,964155,6,6,125020,11,113013
04132400,ACADEMY OF ESTHETICS AND COSMETOLOGY,CA,913403373,Proprietary,32,34,65645,68,65645,27,29,45722,63,45722,-,-, -,-, -,1,1,1714,2,1714,-,-, -,-, -
04132600,ENTOURAGE INSTITUTE OF BEAUTY AND ESTHETICS,NE,685162306,Proprietary,70,80,210607,149,210607,65,73,226767,140,226767,-,-, -,-, -,4,6,54870,13,54870,-,-, -,-, -
04132700,HEALTHCARE CAREER COLLEGE,CA,907235579,Proprietary,247,268,965844,497,903904,226,247,1168806,468,1113156,-,-, -,-, -,34,41,374052,78,370582,-,-, -,-, -
04132900,Z HAIR ACADEMY,KS,660464040,Proprietary,190,237,718075,454,718075,208,269,750610,514,750610,-,-, -,-, -,24,24,225751,47,225751,-,-, -,-, -
04133300,TREND SETTERS SCHOOL,MO,637037607,Proprietary,70,92,242145,176,242145,65,85,284371,162,284371,-,-, -,-, -,2,3,42985,9,42985,-,-, -,-, -
04133500,ACADEMY FOR FIVE ELEMENT ACUPUNCTURE,FL,326016811,Private-Nonprofit,-,-, -,-, -,-,-, -,-, -,31,49,765444,95,765444,-,-, -,-, -,5,7,77139,13,77139
04133700,NEW YORK MEDICAL CAREER TRAINING CENTER,NY,113544232,Proprietary,422,517,1801849,1009,1767478,456,555,2483633,1080,2425675,-,-, -,-, -,33,42,234079,84,234079,-,-, -,-, -
04134100,JERSEY COLLEGE,NJ,076081104,Proprietary,4156,5579,16098966,11545,16050731,4185,5123,23924567,10756,23851876,-,-, -,-, -,151,192,1605231,389,1603451,-,-, -,-, -
04134200,LONDON CONTEMPORARY DANCE SCHOOL,,WC1H 9PY,Foreign-Private,4,4,17500,11,17500,7,7,27834,20,27834,4,4,47038,7,47038,5,5,213213,14,213213,1,1,25000,2,25000
04134300,EVANS HAIRSTYLING COLLEGE,ID,834405277,Proprietary,23,29,97710,58,97710,23,27,104267,55,104267,-,-, -,-, -,2,2,11650,4,11650,-,-, -,-, -
04134800,AVEDA INSTITUTE  - TAMPA BAY,FL,337612622,Proprietary,537,602,1439346,1151,1438179,530,591,1830801,1137,1830801,-,-, -,-, -,53,55,501255,111,501255,-,-, -,-, -
04135000,COZMO BEAUTY SCHOOL,FL,341354810,Proprietary,28,30,74000,56,74000,27,29,85830,53,85830,-,-, -,-, -,-,-, -,-, -,-,-, -,-, -
04136400,AMERICAN INSTITUTE OF MEDICAL SCIENCES & EDUCATION,NJ,088543870,Proprietary,264,265,844113,508,844113,210,210,899063,407,897688,-,-, -,-, -,15,15,118678,29,118678,-,-, -,-, -
04136900,UNIVERSITY OF AESTHETICS & COSMETOLOGY,IL,606222151,Proprietary,46,46,122610,86,122610,45,45,170182,84,166224,-,-, -,-, -,1,1,3625,2,3625,-,-, -,-, -
04137000,UNIVERSITY OF AESTHETICS & COSMETOLOGY (THE),IL,605154607,Proprietary,34,34,95233,67,95233,39,39,132057,77,132057,-,-, -,-, -,3,3,38100,6,38100,-,-, -,-, -
04137300,CAYCE/REILLY SCHOOL OF MASSAGE,VA,234512061,Private-Nonprofit,17,17,44913,33,44913,16,17,61852,33,61852,-,-, -,-, -,-,-, -,-, -,-,-, -,-, -
04137500,TRICOCI UNIVERSITY OF BEAUTY CULTURE,IL,606561805,Proprietary,207,235,633708,444,631958,204,233,732662,445,729662,-,-, -,-, -,17,19,152669,37,152669,-,-, -,-, -
04137600,MEDICAL CAREER COLLEGE OF NORTHERN CALIFORNIA,CA,956785133,Proprietary,24,24,53599,40,53599,20,20,52810,34,52810,-,-, -,-, -,2,2,37500,4,37500,-,-, -,-, -
04137800,AVEDA INSTITUTE COLUMBUS,OH,432141903,Proprietary,220,239,629220,446,629220,220,238,808502,457,808502,-,-, -,-, -,32,32,393877,62,393877,-,-, -,-, -
04138200,SALON PROFESSIONAL ACADEMY (THE),WI,549143921,Proprietary,52,68,219331,133,219331,53,75,275649,145,275649,-,-, -,-, -,3,3,36244,6,36244,-,-, -,-, -
04138400,SALON PROFESSIONAL ACADEMY (THE),MI,490152853,Proprietary,53,55,154461,101,142168,52,55,176344,101,159267,-,-, -,-, -,-,-, -,-, -,-,-, -,-, -
04138500,HOUSTON INTERNATIONAL COLLEGE CARDIOTECH ULTRASOUND SCHOOL,TX,770991440,Proprietary,2,2,4179,4,4179,2,2,14821,4,14821,-,-, -,-, -,-,-, -,-, -,-,-, -,-, -
04138700,PAUL MITCHELL THE SCHOOL - PASADENA,CA,911010000,Proprietary,99,106,279438,186,279438,101,109,351071,191,351071,-,-, -,-, -,3,3,34030,6,34030,-,-, -,-, -
04139000,MIDWESTERN CAREER COLLEGE,IL,606011201,Proprietary,522,639,1982151,1238,1982151,511,634,2527927,1223,2527927,-,-, -,-, -,17,22,170004,45,170004,-,-, -,-, -
04139100,UNIVERSITA DEGLI STUDI DI SCIENZE GASTRONOMICHE,,12042,Foreign-Private,1,1,5500,2,5500,1,1,7000,2,7000,5,5,88000,10,88000,-,-, -,-, -,4,4,62000,6,62000
04139400,HAIR ACADEMY (THE),ND,585014929,Proprietary,26,33,124335,65,124335,19,27,91755,51,91755,-,-, -,-, -,-,-, -,-, -,-,-, -,-, -
04139800,DELAWARE COLLEGE OF ART AND DESIGN,DE,198013007,Private-Nonprofit,77,77,286191,144,276441,83,92,264079,173,259079,-,-, -,-, -,30,30,638900,51,610046,-,-, -,-, -
04140200,"MISSISSIPPI INSTITUTE OF AESTHETICS, NAILS, & COSMETOLOGY",MS,390565628,Proprietary,38,42,106657,84,106657,39,42,112310,84,112310,-,-, -,-, -,7,7,32717,14,32717,-,-, -,-, -
04140500,HORIZON UNIVERSITY,IN,462362622,Private-Nonprofit,3,3,12500,8,12500,1,1,7000,3,7000,-,-, -,-, -,-,-, -,-, -,-,-, -,-, -
04140700,AVEDA INSTITUTE CHAPEL HILL,NC,275147001,Proprietary,124,134,330313,255,328563,131,140,441417,273,440417,-,-, -,-, -,14,14,172099,30,172099,-,-, -,-, -
04141000,DOUGLAS J AVEDA INSTITUTE-CHICAGO,IL,606570000,Proprietary,71,79,233280,160,233280,70,78,283315,159,283315,-,-, -,-, -,9,11,111832,24,111832,-,-, -,-, -
04141100,FRENCH ACADEMY OF COSMETOLOGY,MI,494563207,Proprietary,38,41,104884,80,104884,37,40,119147,82,119147,-,-, -,-, -,-,-, -,-, -,-,-, -,-, -
04141200,COLLECTIV ACADEMY,RI,029200000,Proprietary,88,118,277347,172,277347,94,128,332765,191,332765,-,-, -,-, -,19,19,206516,38,206516,-,-, -,-, -
04141300,SAN FRANCISCO INSTITUTE OF ESTHETICS & COSMETOLOGY,CA,941034083,Proprietary,111,120,243225,236,243225,114,125,336057,247,336057,-,-, -,-, -,13,13,158215,28,158215,-,-, -,-, -
04141400,LAURUS COLLEGE,CA,934015405,Proprietary,359,484,1543022,1217,1505656,373,504,2460732,1276,2398900,-,-, -,-, -,1,2,21673,10,21673,-,-, -,-, -
04141600,OMEGA STUDIOS' SCHOOL OF APPLIED RECORDING ARTS & SCIENCES,MD,208521731,Proprietary,28,33,96064,62,96064,27,30,103873,57,103873,-,-, -,-, -,12,13,387814,25,387814,-,-, -,-, -
04141700,HEALING HANDS SCHOOL OF HOLISTIC HEALTH,CA,920251722,Proprietary,60,60,139991,108,138241,55,55,206210,100,203210,-,-, -,-, -,-,-, -,-, -,-,-, -,-, -
04142000,AUSTIN'S BEAUTY COLLEGE,TN,370403397,Proprietary,109,117,310040,210,310040,93,104,351020,188,351020,-,-, -,-, -,5,6,28514,12,28514,-,-, -,-, -
04142300,AVEDA ARTS & SCIENCES INSTITUTE CORPUS CHRISTI,TX,784043027,Proprietary,206,226,652529,437,652529,210,231,794144,453,794144,-,-, -,-, -,33,34,348804,70,348804,-,-, -,-, -
04142500,TOURO UNIVERSITY WORLDWIDE,CA,900464506,Private-Nonprofit,219,297,948814,644,948814,209,279,1312544,610,1312544,1121,1623,22908487,3234,22908487,2,2,27837,4,27837,206,283,5978176,592,5978176
04142600,TOURO UNIVERSITY,CA,945921118,Private-Nonprofit,19,25,97188,42,97188,25,28,187027,48,187027,1648,2072,62077680,4541,62077680,-,-, -,-, -,1439,2349,68368971,4848,68368971
04142700,PONTIFICAL JOHN PAUL II INSTITUTE FOR STUDIES ON MARRIAGE AND FAMILY,DC,200640001,Private-Nonprofit,-,-, -,-, -,-,-, -,-, -,6,6,77000,8,77000,-,-, -,-, -,-,-, -,-, -
04142900,GEORGIA GWINNETT COLLEGE,GA,300437409,Public,3126,3272,10716793,5750,10716793,2768,3165,9127197,5517,9127197,-,-, -,-, -,336,393,3732010,709,3732010,-,-, -,-, -
04143200,HULT INTERNATIONAL BUSINESS SCHOOL,MA,021411805,Private-Nonprofit,75,85,330896,148,328146,69,69,145803,126,144803,80,86,1544334,221,1516998,19,20,771843,38,771843,59,60,3383618,168,3326994
04143700,"ST MARY'S UNIVERSITY, TWICKENHAM",,TW1 4SX,Foreign-Private,7,7,27617,13,27617,7,7,27500,14,27500,14,15,285595,41,285595,3,3,114971,6,114971,11,13,356961,37,356961
04143800,WOODLAND COMMUNITY COLLEGE,CA,957765156,Public,53,54,179416,102,179416,47,47,245581,88,245581,-,-, -,-, -,-,-, -,-, -,-,-, -,-, -
04144200,CAREER DEVELOPMENT INSTITUTE INC,CA,900354364,Proprietary,196,230,670378,426,668628,188,223,926308,416,925308,-,-, -,-, -,7,9,56779,16,54098,-,-, -,-, -
04144300,INSTITUTE OF CULINARY EDUCATION,NY,102815205,Proprietary,530,574,1479421,1072,1464836,513,561,1756960,1056,1741960,-,-, -,-, -,116,134,3622631,254,3615532,-,-, -,-, -
04144400,ACADEMY OF HAIR DESIGN (THE),OK,731348021,Proprietary,50,73,227278,145,227278,54,82,280658,162,280658,-,-, -,-, -,1,2,22079,5,22079,-,-, -,-, -
04144500,PAUL MITCHELL THE SCHOOL REXBURG,ID,834402600,Proprietary,172,194,550047,369,548781,149,166,463283,317,462021,-,-, -,-, -,13,13,98886,28,98886,-,-, -,-, -
04144800,INTERNATIONAL ACADEMY OF STYLE,NV,895021559,Proprietary,66,74,205781,145,205781,61,66,181288,130,181288,-,-, -,-, -,3,3,40451,6,40451,-,-, -,-, -
04145400,OXFORD ACADEMY OF HAIR DESIGN,CT,064832911,Proprietary,125,133,338504,253,338504,130,140,421252,264,421252,-,-, -,-, -,10,12,76044,24,76044,-,-, -,-, -
04145500,SKIN SCIENCE INSTITUTE OF LASER & ESTHETICS,UT,840940000,Proprietary,133,153,359245,302,359245,133,158,404904,311,404904,-,-, -,-, -,9,9,84446,19,84446,-,-, -,-, -
04145700,PAUL MITCHELL THE SCHOOL SPRINGFIELD,MO,658075969,Proprietary,216,242,611881,431,611881,218,247,701260,444,701260,-,-, -,-, -,8,8,57500,16,57500,-,-, -,-, -
04145900,CELEBRITY SCHOOL OF BEAUTY,FL,331444203,Proprietary,699,718,1661200,1266,1659450,693,711,1814055,1277,1814055,-,-, -,-, -,34,34,159566,65,159566,-,-, -,-, -
04146000,NATIONAL CAREER COLLEGE,CA,914024222,Proprietary,366,404,1287814,768,1286064,336,375,1497167,739,1494130,-,-, -,-, -,54,57,349765,119,349764,-,-, -,-, -
04146100,URSHAN GRADUATE SCHOOL OF THEOLOGY,MO,633857526,Private-Nonprofit,-,-, -,-, -,-,-, -,-, -,16,16,169336,27,169336,-,-, -,-, -,-,-, -,-, -
04146400,DAOIST TRADITIONS COLLEGE OF CHINESE MEDICAL ARTS,NC,288011060,Proprietary,-,-, -,-, -,-,-, -,-, -,69,69,1239737,133,1239737,-,-, -,-, -,48,48,1121507,101,1121507
04146500,PORTLAND ACTORS CONSERVATORY,OR,972094160,Private-Nonprofit,6,6,24000,12,24000,6,6,36500,12,36500,-,-, -,-, -,-,-, -,-, -,-,-, -,-, -
04146700,AVIATION INSTITUTE OF MAINTENANCE,TX,770614004,Proprietary,301,443,1633879,862,1633879,298,414,1762163,807,1762163,-,-, -,-, -,52,60,466442,118,466442,-,-, -,-, -
04146800,SOUTH TEXAS TRAINING CENTER,TX,785867721,Proprietary,200,201,624263,387,624263,177,178,271022,373,271022,-,-, -,-, -,7,7,16797,13,16797,-,-, -,-, -
04146900,ADVANCED WELDING INSTITUTE,VT,054030000,Proprietary,57,57,168317,109,168317,55,55,127909,110,127909,-,-, -,-, -,20,22,382754,43,382754,-,-, -,-, -
04147000,PAUL MITCHELL THE SCHOOL ATLANTA,GA,303185241,Proprietary,218,231,627201,398,627201,210,227,742949,390,742949,-,-, -,-, -,9,9,68562,14,68562,-,-, -,-, -
04147100,TRICOCI UNIVERSITY OF BEAUTY CULTURE,IL,600482906,Proprietary,298,320,839963,609,839963,303,327,1054808,624,1054808,-,-, -,-, -,32,32,241535,62,241535,-,-, -,-, -
04147200,TRICOCI UNIVERSITY OF BEAUTY CULTURE,IL,604551824,Proprietary,473,492,1235667,899,1235667,450,468,1493199,865,1490199,-,-, -,-, -,34,34,272877,63,272877,-,-, -,-, -
04147300,TRICOCI UNIVERSITY OF BEAUTY CULTURE,IL,601393119,Proprietary,271,284,700603,518,699661,269,280,888968,528,885353,-,-, -,-, -,16,16,97759,27,97759,-,-, -,-, -
04147400,TRICOCI UNIVERSITY OF BEAUTY CULTURE,IL,616144831,Proprietary,195,211,513679,376,510179,197,212,578932,386,574932,-,-, -,-, -,22,23,143239,43,143239,-,-, -,-, -
04147500,TRICOCI UNIVERSITY OF BEAUTY CULTURE,IL,611082337,Proprietary,170,177,430297,310,424374,161,169,516367,301,508214,-,-, -,-, -,11,12,104671,23,104671,-,-, -,-, -
04147600,AVEDA INSTITUTE LAS VEGAS,NV,891196103,Proprietary,291,325,886458,623,886458,289,340,967876,651,967876,-,-, -,-, -,27,32,171830,63,171830,-,-, -,-, -
04148200,BEYOND 21ST CENTURY BEAUTY ACADEMY,CA,906706316,Proprietary,40,40,106733,80,106733,25,25,85485,50,85485,-,-, -,-, -,-,-, -,-, -,-,-, -,-, -
04148300,DENVER COLLEGE OF NURSING,CO,802021213,Proprietary,745,953,3415785,2408,3415785,753,930,4604185,2392,4604185,25,31,365569,83,365569,34,46,846368,124,846368,-,-, -,-, -
04148400,TIGI HAIRDRESSING ACADEMY GUILFORD,CT,064370000,Proprietary,44,50,147275,98,147275,57,68,223730,134,223730,-,-, -,-, -,11,15,76675,30,76675,-,-, -,-, -
04148500,MEDICAL INSTITUTE OF PALM BEACH,FL,334633276,Proprietary,177,186,520243,344,511493,168,176,700650,327,689432,-,-, -,-, -,9,9,55279,17,50884,-,-, -,-, -
04149100,PAUL MITCHELL THE SCHOOL CINCINNATI,OH,452411702,Proprietary,319,383,1116094,708,1113689,326,392,1356467,746,1354065,-,-, -,-, -,38,38,361192,74,361192,-,-, -,-, -
04149200,XCELL ACADEMY A PAUL MITCHELL SCHOOL,AL,352164990,Proprietary,73,83,243267,151,243267,77,89,251308,159,251308,-,-, -,-, -,9,11,72302,22,72302,-,-, -,-, -
04149400,GARY MANUEL AVEDA INSTITUTE,WA,981223815,Proprietary,90,96,288507,185,288507,102,110,445869,214,445869,-,-, -,-, -,6,6,89069,14,89069,-,-, -,-, -
04149700,HOMESTEAD SCHOOLS,CA,905055945,Private-Nonprofit,173,197,702154,390,696904,175,198,938730,391,929730,-,-, -,-, -,14,14,217200,28,217200,-,-, -,-, -
04149800,SOMERSET COUNTY TECHNOLOGY CENTER,PA,155011444,Public,22,32,87279,89,87279,22,31,108322,85,108322,-,-, -,-, -,1,1,2375,1,2375,-,-, -,-, -
04149900,PROFILE INSTITUTE OF BARBER-STYLING,GA,303158295,Proprietary,35,41,128065,80,128065,34,40,155832,77,155832,-,-, -,-, -,-,-, -,-, -,-,-, -,-, -
04150600,URBAN 113 SCHOOL OF COSMETOLOGY,ID,833016229,Proprietary,50,57,153617,110,153617,47,54,160318,105,160318,-,-, -,-, -,1,1,3541,2,3541,-,-, -,-, -
04150900,KEUNE ACADEMY BY 124,GA,300437346,Proprietary,70,88,274946,173,274946,83,107,320782,210,320782,-,-, -,-, -,2,4,21978,8,21978,-,-, -,-, -
04151200,SALON PROFESSIONAL ACADEMY (THE),NY,141509200,Proprietary,109,111,245661,213,245411,110,114,282285,222,281952,-,-, -,-, -,23,26,200820,50,200820,-,-, -,-, -
04151500,AMERICAN ACADEMY OF COSMETOLOGY,FL,320658026,Proprietary,113,116,224980,191,224980,106,111,258068,186,258068,-,-, -,-, -,9,10,39998,15,39998,-,-, -,-, -
04151700,BELLA CAPELLI ACADEMY A PAUL MITCHELL PARTNER SCHOOL,PA,151462388,Proprietary,151,199,495355,370,495355,166,222,588909,417,588909,-,-, -,-, -,29,29,298032,58,298032,-,-, -,-, -
04151800,TEMPLE (THE): A PAUL MITCHELL PARTNER SCHOOL,MD,217015409,Proprietary,223,245,667370,459,667370,250,280,860354,538,860354,-,-, -,-, -,41,47,326895,96,326895,-,-, -,-, -
04151900,COLUMBIA GORGE COMMUNITY COLLEGE,OR,970583434,Public,89,104,321265,249,321265,91,110,433024,262,433024,-,-, -,-, -,-,-, -,-, -,-,-, -,-, -
04152200,CARTHAGE R-9 SCHOOL DISTRICT/CARTHAGE TECHNICAL CENTER,MO,648361332,Public,22,22,61125,42,61125,21,21,80886,40,80886,-,-, -,-, -,-,-, -,-, -,-,-, -,-, -
04152400,INTERNATIONAL INSTITUTE OF COSMETOLOGY,CT,061090000,Proprietary,104,136,422891,265,422891,112,145,369561,286,369561,-,-, -,-, -,18,25,113890,48,113890,-,-, -,-, -
04152800,PAUL MITCHELL THE SCHOOL SACRAMENTO,CA,958252276,Proprietary,333,355,782448,689,782448,330,352,1030846,681,1030846,-,-, -,-, -,9,9,83797,18,83797,-,-, -,-, -
04152900,STUDIO ACADEMY OF BEAUTY (THE),AZ,852243600,Proprietary,589,628,1543076,1191,1519831,537,567,1572499,1130,1552937,-,-, -,-, -,55,59,298196,132,298196,-,-, -,-, -
04153000,RENAISSANCE ACADEMIE,UT,846040000,Proprietary,59,71,171874,138,171874,52,61,151267,124,151267,-,-, -,-, -,5,6,50640,16,50640,-,-, -,-, -
04153200,SOUTHERN WORCESTER COUNTY REGIONAL VOC SCHOOL DISTRICT,MA,015071331,Public,18,18,48615,30,48615,15,15,65049,24,65049,-,-, -,-, -,-,-, -,-, -,-,-, -,-, -
04153300,PAUL MITCHELL THE SCHOOL COLUMBUS,OH,432316038,Proprietary,152,190,552098,346,552098,147,186,583626,345,583626,-,-, -,-, -,16,17,169252,33,169252,-,-, -,-, -
04153800,ASCENT COLLEGE,VA,201553122,Private-Nonprofit,34,40,124853,126,124853,34,42,149625,126,149625,-,-, -,-, -,-,-, -,-, -,-,-, -,-, -
04153900,PROVIDENCE CHRISTIAN COLLEGE,CA,911011632,Private-Nonprofit,68,69,312120,140,312120,69,69,181130,133,181130,-,-, -,-, -,18,18,308060,37,308060,-,-, -,-, -
04154200,CAROLINA COLLEGE OF BIBLICAL STUDIES,NC,283035157,Private-Nonprofit,44,44,154328,75,154328,54,55,326468,93,326468,24,24,370572,44,370572,-,-, -,-, -,-,-, -,-, -
04154800,DUVALL'S SCHOOL OF COSMETOLOGY,TX,760214159,Proprietary,82,90,207304,169,207304,82,91,282347,173,282347,-,-, -,-, -,12,13,65501,26,65501,-,-, -,-, -
04154900,NATIONAL CAREER INSTITUTE,NJ,070182011,Proprietary,111,111,313842,202,289384,109,109,485194,200,448043,-,-, -,-, -,10,10,27475,18,24859,-,-, -,-, -
04155000,NORTHWEST SCHOOL OF WOODEN BOAT BUILDING,WA,983398706,Private-Nonprofit,25,26,61715,65,61715,26,28,108259,68,108259,-,-, -,-, -,-,-, -,-, -,-,-, -,-, -
04155100,INSTITUTE OF MEDICAL AND BUSINESS CAREERS,PA,152351013,Proprietary,983,1309,3432764,3140,3432764,931,1273,3845236,3024,3845236,-,-, -,-, -,31,33,179743,92,179743,-,-, -,-, -
04155200,OLIVER FINLEY ACADEMY OF COSMETOLOGY,ID,837142900,Proprietary,180,199,574639,391,574639,190,212,659112,415,659112,-,-, -,-, -,3,4,37845,10,37845,-,-, -,-, -
04155500,ACADEMY FOR JEWISH RELIGION CALIFORNIA,CA,900452659,Private-Nonprofit,-,-, -,-, -,-,-, -,-, -,18,18,355400,36,355400,-,-, -,-, -,1,1,30000,2,30000
04155900,AVEDA FREDRIC'S INSTITUTE,IN,460323215,Proprietary,184,209,601025,400,601025,194,219,684822,423,684822,-,-, -,-, -,44,44,490238,89,490238,-,-, -,-, -
04156000,PAUL MITCHELL THE SCHOOL NYC,NY,103063003,Proprietary,35,35,97687,64,97687,36,36,114312,66,114312,-,-, -,-, -,3,3,8431,5,8431,-,-, -,-, -
04156200,INSTITUTE OF ADVANCED MEDICAL ESTHETICS,VA,230052111,Proprietary,15,25,37369,47,37369,14,24,58362,44,58362,-,-, -,-, -,14,21,197463,39,197463,-,-, -,-, -
04156300,UNIVERSITY OF FORT LAUDERDALE,FL,333135809,Private-Nonprofit,158,169,611247,587,577132,129,135,435684,476,409559,14,16,273190,54,262940,21,21,285465,75,269146,-,-, -,-, -
04156400,AVIATION INSTITUTE OF MAINTENANCE,FL,327072905,Proprietary,654,983,3492788,1885,3492788,628,896,3818710,1715,3818710,-,-, -,-, -,117,174,1390808,333,1390808,-,-, -,-, -
04156700,AMBROSE UNIVERSITY,,T3H0L5,Foreign-Private,1,1,5500,2,5500,1,1,7000,2,7000,-,-, -,-, -,-,-, -,-, -,-,-, -,-, -
04157200,LOVE BEAUTY SCHOOL,TN,373552950,Proprietary,49,51,140702,100,140702,53,57,213604,110,213062,-,-, -,-, -,4,4,28529,8,28529,-,-, -,-, -
04157400,CRESTPOINT UNIVERSITY,AZ,850141561,Proprietary,252,285,890426,1777,889801,240,267,1169123,1645,1168189,36,36,641602,206,641602,-,-, -,-, -,-,-, -,-, -
04157600,NOVA ACADEMY OF COSMETOLOGY,MN,559018754,Proprietary,173,235,651530,454,642780,180,248,670722,484,658822,-,-, -,-, -,16,16,238274,32,238274,-,-, -,-, -
04157700,SALON PROFESSIONAL ACADEMY (THE),WI,546508699,Proprietary,54,68,240581,135,240581,59,76,224719,150,224719,-,-, -,-, -,9,9,114630,17,114630,-,-, -,-, -
04158000,METRO BEAUTY ACADEMY,PA,181069693,Proprietary,83,117,290648,227,290648,91,129,318744,255,318744,-,-, -,-, -,10,15,80880,30,80880,-,-, -,-, -
04158200,PAUL MITCHELL THE SCHOOL SHERMAN OAKS,CA,914035882,Proprietary,206,231,658961,431,654211,205,228,807028,434,802028,-,-, -,-, -,10,10,92143,19,92143,-,-, -,-, -
04158400,L'ESPRIT ACADEMY,MI,481870000,Proprietary,304,312,731107,577,725966,283,293,970052,560,963348,-,-, -,-, -,21,22,198146,43,190158,-,-, -,-, -
04158800,THEATRE OF ARTS,CA,900286111,Proprietary,13,13,44666,32,44666,14,14,56500,35,54500,-,-, -,-, -,4,4,47667,12,47667,-,-, -,-, -
04158900,FLAIR BEAUTY COLLEGE,CA,913552196,Proprietary,5,5,10333,8,6833,5,5,12889,8,8889,-,-, -,-, -,1,1,12846,1,6423,-,-, -,-, -
04159300,MARKETTI ACADEMY OF COSMETOLOGY,MI,483293506,Proprietary,14,15,39186,26,39186,8,8,24599,16,24599,-,-, -,-, -,1,1,3600,2,3600,-,-, -,-, -
04159600,GALAXY MEDICAL COLLEGE,CA,916061593,Proprietary,92,92,332250,183,332250,94,96,563000,192,563000,-,-, -,-, -,-,-, -,-, -,-,-, -,-, -
04159700,AMERICAN MEDICAL SCIENCES CENTER,CA,912045108,Proprietary,302,368,1307884,731,1306832,212,251,650782,511,650463,-,-, -,-, -,13,13,72491,26,72491,-,-, -,-, -
04159800,RENNES SCHOOL OF BUSINESS,,35065,Foreign-Private,9,9,43500,18,43500,10,10,31750,19,31750,11,11,225180,22,225180,3,3,44335,6,44335,4,4,20770,8,20770
04160400,ANGELES COLLEGE,CA,900102100,Proprietary,410,494,2022169,1217,1998419,404,487,2780377,1204,2747377,-,-, -,-, -,18,23,334727,57,334727,-,-, -,-, -
04160600,PAUL MITCHELL THE SCHOOL NORMAL,IL,617610000,Proprietary,39,46,117934,79,116184,35,42,100101,69,94351,-,-, -,-, -,2,2,16780,4,16780,-,-, -,-, -
04160700,AVENUE FIVE INSTITUTE,TX,787577000,Proprietary,375,408,961405,793,961405,376,417,1325369,811,1325369,-,-, -,-, -,19,19,157878,37,157878,-,-, -,-, -
04161700,SHASTA SCHOOL OF COSMETOLOGY,CA,960030000,Proprietary,52,54,133338,107,133338,50,52,159065,102,159065,-,-, -,-, -,1,1,23178,2,23178,-,-, -,-, -
04161800,UNIVERSITY OF MASSACHUSETTS GLOBAL,CA,926183801,Private-Nonprofit,1651,1693,6340311,3203,6306532,1569,1605,8214159,3016,8169173,2758,2810,46379920,6045,46330536,1,1,6600,2,6600,792,811,16042208,2047,16037816
04161900,MANDALYN ACADEMY,UT,840032161,Proprietary,36,46,94087,92,94087,36,44,103579,88,103579,-,-, -,-, -,1,1,14500,2,14500,-,-, -,-, -
04162000,JOSE MARIA VARGAS UNIVERSITY,FL,330263978,Proprietary,62,62,237098,543,237098,64,64,339007,561,339007,11,11,174250,85,174250,-,-, -,-, -,-,-, -,-, -
04162400,PAUL MITCHELL THE SCHOOL ALBUQUERQUE,NM,871104404,Proprietary,115,119,315140,225,313390,120,124,382739,242,379739,-,-, -,-, -,6,6,41300,12,41300,-,-, -,-, -
04162500,HOLLYWOOD INSTITUTE OF BEAUTY CAREERS,FL,330236720,Proprietary,663,703,1552880,1285,1551130,642,660,1954312,1230,1951312,-,-, -,-, -,41,41,171153,77,171153,-,-, -,-, -
04162700,ERIC FISHER ACADEMY,KS,672123376,Proprietary,127,150,472705,295,472705,133,159,424296,312,424296,-,-, -,-, -,11,15,90276,29,90276,-,-, -,-, -
04162800,PAUL MITCHELL THE SCHOOL MODESTO,CA,953501440,Proprietary,284,324,654215,628,654215,282,325,825631,642,825631,-,-, -,-, -,38,38,401430,75,401430,-,-, -,-, -
04163000,SUMMIT SALON ACADEMY,FL,336246321,Proprietary,149,177,488109,347,488109,157,183,547147,361,547147,-,-, -,-, -,22,23,207923,44,207923,-,-, -,-, -
04163100,SUMMIT SALON ACADEMY - GAINESVILLE,FL,326071672,Proprietary,90,101,237954,195,237954,86,98,278722,193,278722,-,-, -,-, -,4,6,40245,12,40245,-,-, -,-, -
04163200,TENAJ SALON INSTITUTE,FL,321629311,Proprietary,59,77,176218,112,176218,57,73,231568,108,231568,-,-, -,-, -,8,8,75384,14,75384,-,-, -,-, -
04164100,MONTANA ACADEMY OF SALONS,MT,594051800,Proprietary,102,126,343777,240,343777,105,131,429237,247,429237,-,-, -,-, -,5,7,44820,14,44820,-,-, -,-, -
04164400,ANGELES INSTITUTE,CA,907016610,Proprietary,148,190,637560,371,635810,146,188,844320,371,844320,-,-, -,-, -,23,28,250845,61,250845,-,-, -,-, -
04165000,MERIDIAN INSTITUTE OF SURGICAL ASSISTING,TN,372180000,Proprietary,368,368,855878,717,855878,355,355,1408530,689,1408530,-,-, -,-, -,-,-, -,-, -,-,-, -,-, -
04165200,MAUNA LOA HELICOPTERS,HI,967402650,Proprietary,2,2,3888,4,3888,2,2,2222,4,2222,-,-, -,-, -,3,3,205180,5,205180,-,-, -,-, -
04165300,PAUL MITCHELL THE SCHOOL MILWAUKEE,WI,532220000,Proprietary,79,91,227124,155,227124,75,93,263705,161,263705,-,-, -,-, -,2,3,18921,6,18921,-,-, -,-, -
04165500,ACAYDIA SCHOOL OF AESTHETICS,UT,846040000,Proprietary,92,105,247626,208,247626,105,121,299984,243,299984,-,-, -,-, -,12,12,148756,26,148756,-,-, -,-, -
04165800,SALON PROFESSIONAL ACADEMY (THE),TX,750672348,Proprietary,112,127,270287,241,270287,116,131,323288,250,323288,-,-, -,-, -,30,35,194463,71,194463,-,-, -,-, -
04165900,PAUL MITCHELL THE SCHOOL FRESNO,CA,937107617,Proprietary,174,206,393241,404,392991,157,189,465590,372,465590,-,-, -,-, -,16,17,88600,34,88600,-,-, -,-, -
04166700,SUMMIT SALON ACADEMY,IN,460132832,Proprietary,108,122,348404,235,346654,111,125,347451,240,346451,-,-, -,-, -,4,4,49447,8,49447,-,-, -,-, -
04166800,SUMMIT SALON ACADEMY,OH,455510000,Proprietary,54,61,189447,115,189447,62,72,256504,137,256504,-,-, -,-, -,6,6,65172,12,65172,-,-, -,-, -
04167000,PAUL MITCHELL THE SCHOOL TEMECULA,CA,925914663,Proprietary,264,333,662739,512,662739,280,365,813679,548,813679,-,-, -,-, -,43,46,510370,90,510370,-,-, -,-, -
04167100,AVEDA INSTITUTE DENVER,CO,802040000,Proprietary,231,270,749720,523,746803,237,285,913248,553,910248,-,-, -,-, -,15,20,156349,40,151830,-,-, -,-, -
04167200,GEISINGER COMMONWEALTH SCHOOL OF MEDICINE,PA,185093240,Private-Nonprofit,51,77,234382,118,234382,52,77,266507,117,266507,337,423,11685173,812,11685173,3,3,48184,5,48184,237,310,9365593,603,9365593
04167300,SALON PROFESSIONAL ACADEMY (THE),FL,339071015,Proprietary,64,68,166083,103,166083,71,79,213754,122,213754,-,-, -,-, -,10,10,117745,19,117745,-,-, -,-, -
04167400,SAGE SCHOOL OF MASSAGE & ESTHETICS,OR,977034082,Proprietary,7,7,18314,14,18314,7,7,34270,14,34270,-,-, -,-, -,-,-, -,-, -,-,-, -,-, -
04167500,WORLD A CUTS BARBER INSTITUTE,PA,174011105,Proprietary,45,59,146700,115,146700,45,59,198523,118,198523,-,-, -,-, -,-,-, -,-, -,-,-, -,-, -
04168000,AMERICAN COLLEGE OF GREECE (THE),,15342,Foreign-Private,37,37,153042,65,153042,40,40,172723,74,172723,6,6,88166,15,88166,16,16,267880,31,267880,-,-, -,-, -
04168600,COLLEGE OF MASSAGE THERAPY,ID,832211758,Proprietary,10,10,22330,18,22330,11,11,33931,20,33931,-,-, -,-, -,-,-, -,-, -,-,-, -,-, -
04168700,PELOTON COLLEGE,TX,752311077,Proprietary,111,117,359058,215,359058,101,107,563763,215,563763,-,-, -,-, -,5,5,26748,10,26748,-,-, -,-, -
04168900,HOLISTIC MASSAGE TRAINING INSTITUTE,MD,212184220,Proprietary,13,13,36874,21,29909,13,14,62754,22,50814,-,-, -,-, -,-,-, -,-, -,-,-, -,-, -
04169000,SALON & SPA INSTITUTE,TX,785208809,Proprietary,72,72,163657,132,163657,71,71,198060,136,198060,-,-, -,-, -,13,13,47132,24,47132,-,-, -,-, -
04169100,DIAMONDS COLLEGE,TX,750902657,Proprietary,44,44,120260,78,120260,43,43,170918,76,170918,-,-, -,-, -,3,3,16341,6,16341,-,-, -,-, -
04169400,NORTHERN VIRGINIA SCHOOL OF THERAPEUTIC MASSAGE,VA,220424302,Proprietary,59,59,126269,112,126269,64,64,232940,123,232940,-,-, -,-, -,4,4,19370,8,19370,-,-, -,-, -
04169700,UNITEK COLLEGE,CA,945383185,Proprietary,3907,4774,17370023,9216,17361103,3984,4886,21553114,9419,21547829,-,-, -,-, -,322,412,5788886,803,5788886,-,-, -,-, -
04169800,GURNICK ACADEMY OF MEDICAL ARTS,CA,951120000,Proprietary,2613,3259,11352349,6427,11335474,2646,3314,14983046,6525,14958438,5,6,56208,11,56208,198,236,2971569,467,2971569,-,-, -,-, -
04169900,AMERICAN BEAUTY ACADEMY,UT,846510000,Proprietary,69,74,214811,120,198407,61,65,196772,99,183908,-,-, -,-, -,-,-, -,-, -,-,-, -,-, -
04170100,SUMMIT SALON ACADEMY,WA,984097321,Proprietary,92,114,400591,227,400591,92,111,456114,220,456114,-,-, -,-, -,7,10,54081,18,54081,-,-, -,-, -
04170200,PAUL MITCHELL THE SCHOOL COLORADO SPRINGS,CO,809030000,Proprietary,144,160,375710,286,374566,140,154,526253,283,524291,-,-, -,-, -,8,8,61560,16,61560,-,-, -,-, -
04170300,BEAUTY ACADEMY OF SOUTH FLORIDA,FL,330162421,Proprietary,388,415,1096041,796,1088457,382,385,1761663,743,1749996,-,-, -,-, -,13,13,56978,27,56978,-,-, -,-, -
04170600,SALON PROFESSIONAL ACADEMY (THE),MO,633011021,Proprietary,100,115,373825,223,373825,101,117,383276,224,383276,-,-, -,-, -,12,12,141072,23,141072,-,-, -,-, -
04170700,PAUL MITCHELL THE SCHOOL ST LOUIS,MO,631081554,Proprietary,144,173,501813,318,501813,152,199,580507,365,580507,-,-, -,-, -,14,15,115477,28,115477,-,-, -,-, -
04170900,UNIVERSITY OF CHESTER,,CH1 4BJ,Foreign-Private,30,30,137000,60,137000,34,34,113500,68,113500,5,5,97500,10,97500,22,22,541940,44,541940,5,5,127517,10,127517
04171000,ADVANCED TRAINING INSTITUTE,NV,891181519,Proprietary,430,443,1126321,836,1126321,429,446,1371701,846,1369501,-,-, -,-, -,16,16,188835,31,188835,-,-, -,-, -
04171100,PAUL MITCHELL THE SCHOOL - DELAWARE,DE,197025108,Proprietary,107,126,356302,231,355135,116,138,427270,255,425270,-,-, -,-, -,8,8,65794,15,65794,-,-, -,-, -
04171400,AVEDA INSTITUTE PORTLAND,OR,972093144,Proprietary,233,252,672616,485,672616,226,243,799987,502,799987,-,-, -,-, -,20,20,154285,42,154285,-,-, -,-, -
04172500,DR. IDA ROLF INSTITUTE,CO,803010000,Private-Nonprofit,16,16,43547,32,43547,19,19,96655,38,96655,-,-, -,-, -,-,-, -,-, -,-,-, -,-, -
04172700,SALON PROFESSIONAL ACADEMY (THE),IN,477157822,Proprietary,107,128,361043,250,361043,114,142,479125,277,479125,-,-, -,-, -,11,12,98717,24,98717,-,-, -,-, -
04173000,SHEPHERDS THEOLOGICAL SEMINARY,NC,275189316,Private-Nonprofit,-,-, -,-, -,-,-, -,-, -,14,14,165107,26,165107,-,-, -,-, -,-,-, -,-, -
04173200,TAYLOR ANDREWS ACADEMY OF HAIR DESIGN,UT,840886577,Proprietary,245,290,856059,559,844406,235,273,873344,524,856594,-,-, -,-, -,15,15,135796,29,131677,-,-, -,-, -
04173500,MORENO VALLEY COLLEGE,CA,925512204,Public,100,100,322472,187,322472,79,79,346219,147,346219,-,-, -,-, -,-,-, -,-, -,-,-, -,-, -
04173700,MANNA UNIVERSITY,NC,283142343,Private-Nonprofit,30,34,108107,64,104595,25,28,117779,52,117779,6,7,97644,16,97644,1,1,5100,1,5100,-,-, -,-, -
04173800,SALON PROFESSIONAL ACADEMY (THE),CO,809182932,Proprietary,128,150,349854,275,349854,122,144,395212,267,395212,-,-, -,-, -,2,2,11110,4,11110,-,-, -,-, -
04173900,EVOLVE BEAUTY ACADEMY,MO,630904507,Proprietary,12,17,46863,34,46863,17,20,63529,40,63529,-,-, -,-, -,3,3,15450,6,15450,-,-, -,-, -
04174000,SKIN INSTITUTE,MO,631263552,Proprietary,52,52,180903,104,180903,58,58,213242,116,213242,-,-, -,-, -,15,15,119750,30,119750,-,-, -,-, -
04174100,PAUL MITCHELL THE SCHOOL PHOENIX,AZ,850171919,Proprietary,113,126,318101,235,318101,114,123,340350,228,340350,-,-, -,-, -,5,5,25246,10,25246,-,-, -,-, -
04174500,AVEDA INSTITUTE OF NEW MEXICO (THE),NM,871041160,Proprietary,95,101,288842,201,288842,77,80,261687,165,261687,-,-, -,-, -,2,2,15379,5,15379,-,-, -,-, -
04174800,AMERICAN TRADE SCHOOL,MO,630741807,Proprietary,99,119,389069,336,389069,100,124,549370,351,549370,-,-, -,-, -,9,13,84765,39,84765,-,-, -,-, -
04174900,ESTELLE SKIN CARE AND SPA INSTITUTE,IL,600779945,Proprietary,96,96,260748,182,260748,92,92,351917,179,351917,-,-, -,-, -,7,7,65708,17,65708,-,-, -,-, -
04175000,UNIVERSAL SPA TRAINING ACADEMY,IL,605153985,Proprietary,102,102,277820,194,271988,111,115,441865,220,429365,-,-, -,-, -,14,14,180794,27,180794,-,-, -,-, -
04175200,PAUL MITCHELL THE SCHOOL EAST BAY,CA,945235515,Proprietary,159,179,364696,291,364696,168,190,455432,300,455432,-,-, -,-, -,14,14,154496,25,154496,-,-, -,-, -
04175300,PENROSE ACADEMY,AZ,852544065,Proprietary,187,206,471932,376,471932,196,219,576223,400,576223,-,-, -,-, -,17,17,219823,35,219823,-,-, -,-, -
04175400,ELITE COSMETOLOGY SCHOOL,CA,922603324,Proprietary,135,140,279466,265,279466,128,134,351466,256,351466,-,-, -,-, -,7,8,29652,16,29652,-,-, -,-, -
04176100,NORCO COLLEGE,CA,928602600,Public,48,48,145528,82,145528,46,46,190196,81,190196,-,-, -,-, -,-,-, -,-, -,-,-, -,-, -
04176300,BERGIN UNIVERSITY OF CANINE STUDIES,CA,949519671,Private-Nonprofit,3,3,16500,7,16500,3,3,16000,6,16000,-,-, -,-, -,2,2,62408,5,62408,-,-, -,-, -
04176500,ESMT EUROPEAN SCHOOL OF MANAGEMENT AND TECHNOLOGY,,10178,Foreign-Private,-,-, -,-, -,-,-, -,-, -,1,1,6000,1,6000,-,-, -,-, -,-,-, -,-, -
04176700,AVEDA INSTITUTE BOISE,ID,837044406,Proprietary,60,61,156426,117,156426,60,62,200399,118,195871,-,-, -,-, -,7,7,76755,14,76755,-,-, -,-, -
04177100,PIMA MEDICAL INSTITUTE,CO,800123690,Proprietary,941,1026,3275775,1881,3269697,910,1025,3905365,1870,3895742,-,-, -,-, -,140,146,1131791,283,1131327,-,-, -,-, -
04177300,OHIO MEDICAL CAREER COLLEGE,OH,454174094,Proprietary,322,418,1305818,1027,1305818,328,423,1790517,1042,1790517,-,-, -,-, -,-,-, -,-, -,-,-, -,-, -
04177400,CAPILO SCHOOL OF HAIR DESIGN,ME,043300000,Proprietary,100,106,281488,198,281488,94,97,276560,190,276560,-,-, -,-, -,7,7,61107,15,61107,-,-, -,-, -
04177500,PURE AESTHETICS NATURAL SKINCARE SCHOOL,AZ,857163823,Proprietary,30,30,71818,61,71818,33,33,130515,67,130515,-,-, -,-, -,8,8,87151,17,87151,-,-, -,-, -
04177600,LINDSEY INSTITUTE OF COSMETOLOGY,KY,421038036,Proprietary,14,15,48596,29,48596,14,14,39217,27,39217,-,-, -,-, -,-,-, -,-, -,-,-, -,-, -
04177900,INVICTUS CAREER COLLEGE,TX,752171775,Proprietary,51,55,116175,93,116175,51,55,183910,93,183910,-,-, -,-, -,3,3,14000,6,14000,-,-, -,-, -
04178000,SIMMONS COLLEGE OF KENTUCKY,KY,402033322,Private-Nonprofit,73,74,295520,143,295520,73,73,340831,140,340831,-,-, -,-, -,-,-, -,-, -,-,-, -,-, -
04178100,CAROLINA COLLEGE OF HAIR DESIGN,NC,288062711,Proprietary,23,24,77775,46,76025,9,10,40332,18,40332,-,-, -,-, -,-,-, -,-, -,-,-, -,-, -
04178200,VOGUE COLLEGE - SAN ANTONIO,TX,782015035,Proprietary,107,111,247160,197,247160,105,109,323253,194,323253,-,-, -,-, -,2,2,6592,3,6592,-,-, -,-, -
04178300,VOGUE COLLEGE OF COSMETOLOGY,TX,782384402,Proprietary,104,111,229611,205,229611,97,104,275985,197,275985,-,-, -,-, -,6,7,43541,13,43541,-,-, -,-, -
04178400,VOGUE COLLEGE OF COSMETOLOGY,TX,785011945,Proprietary,414,432,961834,781,961834,382,399,1121303,740,1121303,-,-, -,-, -,24,24,131010,45,131010,-,-, -,-, -
04178500,VOGUE COLLEGE OF COSMETOLOGY,NM,875057636,Proprietary,36,40,109526,77,109526,35,39,135955,84,135955,-,-, -,-, -,-,-, -,-, -,-,-, -,-, -
04178700,ATELIER ESTHETIQUE INSTITUTE OF ESTHETICS,NY,100016700,Proprietary,254,261,550684,504,542278,243,250,807321,488,794905,-,-, -,-, -,9,9,82136,20,82136,-,-, -,-, -
04179100,VERVE COLLEGE,IL,605231234,Proprietary,276,276,674829,488,653504,268,268,1078502,481,1044777,-,-, -,-, -,-,-, -,-, -,-,-, -,-, -
04179200,ADVANCED COLLEGE OF COSMETOLOGY,WI,539630000,Proprietary,18,24,68748,41,68748,18,24,74081,42,74081,-,-, -,-, -,2,2,24624,4,24624,-,-, -,-, -
04179500,NORTH AMERICAN UNIVERSITY,TX,774772451,Private-Nonprofit,200,200,653364,378,653364,182,189,509484,328,509484,17,17,227097,30,227097,22,22,255695,47,255695,-,-, -,-, -
04179800,SOTHEBY'S INSTITUTE OF ART - NY,NY,100226717,Proprietary,-,-, -,-, -,-,-, -,-, -,5,5,102500,9,92250,-,-, -,-, -,5,5,225070,9,203986
04179900,TOMORROW'S IMAGE BARBER & BEAUTY ACADEMY OF VIRGINIA,VA,236083900,Proprietary,90,95,286407,172,276157,85,93,343530,166,333682,-,-, -,-, -,-,-, -,-, -,-,-, -,-, -
04180000,CINTA AVEDA INSTITUTE,CA,941083204,Proprietary,183,185,461441,325,455838,184,186,662155,334,653122,-,-, -,-, -,17,17,153463,40,153463,-,-, -,-, -
04180200,LONG ISLAND NAIL SKIN & HAIR INSTITUTE,NY,117143596,Proprietary,106,106,232641,204,232641,106,106,295073,207,295073,-,-, -,-, -,17,17,96376,33,96376,-,-, -,-, -
04180600,APPALACHIAN COLLEGE OF PHARMACY,VA,246319210,Private-Nonprofit,-,-, -,-, -,-,-, -,-, -,112,155,4717957,298,4717957,-,-, -,-, -,74,96,1057915,178,1057915
04181200,SOUTHERN CALIFORNIA HEALTH INSTITUTE (SOCHI),CA,916012028,Proprietary,142,143,397742,250,397742,133,134,601164,236,601164,-,-, -,-, -,4,4,14844,7,14844,-,-, -,-, -
04181400,BEST CARE COLLEGE,NJ,070181703,Proprietary,85,96,294167,171,288667,106,130,775868,239,767868,-,-, -,-, -,1,1,10000,1,10000,-,-, -,-, -
04181600,INTEGRITY COLLEGE OF HEALTH,CA,911042300,Proprietary,177,189,620460,355,620460,164,173,706922,329,706922,-,-, -,-, -,23,23,204730,45,204730,-,-, -,-, -
04182100,FIRST CLASS COSMETOLOGY SCHOOL,WI,525110000,Proprietary,72,87,250431,166,250431,77,94,275226,181,275226,-,-, -,-, -,6,7,50173,14,50173,-,-, -,-, -
04182200,HAWAII MEDICAL COLLEGE,HI,968143518,Proprietary,259,336,906479,762,897268,253,329,1109818,749,1085652,-,-, -,-, -,1,1,1485,1,1485,-,-, -,-, -
04182500,MILLENNIA ATLANTIC UNIVERSITY,FL,331782995,Proprietary,38,46,136874,97,136874,27,34,70319,63,70319,4,4,24433,7,24433,5,7,42734,12,42734,-,-, -,-, -
04182600,HCI COLLEGE,FL,334095189,Proprietary,775,941,3054945,1665,3050945,784,949,4213540,1693,4210540,-,-, -,-, -,74,83,454185,149,454185,-,-, -,-, -
04183100,WASHINGTON BARBER COLLEGE,AR,722093820,Proprietary,56,72,189333,122,189333,56,71,241000,124,239000,-,-, -,-, -,-,-, -,-, -,-,-, -,-, -
04183300,ABCOTT INSTITUTE,MI,480755227,Proprietary,215,237,589992,422,589992,211,233,875541,414,875541,-,-, -,-, -,23,25,129271,40,129271,-,-, -,-, -
04183400,SALON PROFESSIONAL ACADEMY (THE),AR,721202404,Proprietary,63,76,214094,148,214094,68,88,252026,171,252026,-,-, -,-, -,9,11,60106,22,60106,-,-, -,-, -
04183600,SALON PROFESSIONAL ACADEMY OF KENOSHA (THE),WI,531424950,Proprietary,77,87,250108,160,246608,77,88,329575,165,323575,-,-, -,-, -,7,8,87668,16,87668,-,-, -,-, -
04183900,CETYS UNIVERSIDAD,,21259,Foreign-Private,100,100,408174,186,408174,102,102,253470,190,253470,7,7,50397,22,50397,-,-, -,-, -,-,-, -,-, -
04184000,PAUL MITCHELL THE SCHOOL INDIANAPOLIS,IN,462276252,Proprietary,102,124,358449,231,358449,103,128,371084,244,371084,-,-, -,-, -,6,7,41590,14,41590,-,-, -,-, -
04184200,TAYLOR ANDREWS ACADEMY-ST. GEORGE,UT,847902636,Proprietary,69,76,185355,149,185355,61,69,166710,137,166710,-,-, -,-, -,4,5,42415,10,42415,-,-, -,-, -
04184500,CHRISTINE VALMY INTERNATIONAL SCHOOL OF ESTHETICS & COSMETOLOGY,NJ,070589589,Proprietary,164,164,390760,324,390760,163,163,468122,327,468122,-,-, -,-, -,4,4,35209,8,35209,-,-, -,-, -
04184700,PROTEGE ACADEMY,MI,488238660,Proprietary,93,109,315099,206,310433,107,130,419197,247,406447,-,-, -,-, -,9,10,61822,19,61822,-,-, -,-, -
04185000,COLORADO ACADEMY OF VETERINARY TECHNOLOGY,CO,809064944,Proprietary,22,28,85484,69,85484,24,27,117737,69,117737,-,-, -,-, -,1,1,7500,4,7500,-,-, -,-, -
04185100,NORTHEAST TECHNICAL INSTITUTE,ME,040740000,Proprietary,139,140,430069,264,430069,142,144,694150,273,694150,-,-, -,-, -,6,6,51490,12,51490,-,-, -,-, -
04185500,BEVERLY HILLS DESIGN INSTITUTE,CA,902113219,Proprietary,6,6,18000,16,18000,6,6,31000,16,31000,-,-, -,-, -,-,-, -,-, -,-,-, -,-, -
04185600,MEDICAL ALLIED CAREER CENTER,CA,906704710,Proprietary,56,56,186910,110,186910,56,56,265150,110,265150,-,-, -,-, -,6,6,62550,12,62550,-,-, -,-, -
04185900,ELITE SCHOOL OF COSMETOLOGY,OH,448572714,Proprietary,129,132,322923,227,322923,105,107,318026,195,315526,-,-, -,-, -,3,3,10702,5,10702,-,-, -,-, -
04186300,PAUL MITCHELL THE SCHOOL LAS VEGAS,NV,891238014,Proprietary,145,173,523832,332,522101,147,191,617027,366,614060,-,-, -,-, -,12,16,101246,32,101246,-,-, -,-, -
04186600,SUMMIT SALON ACADEMY KOKOMO,IN,469016248,Proprietary,96,110,308027,205,308027,96,109,311972,207,311972,-,-, -,-, -,10,10,80638,19,80638,-,-, -,-, -
04186900,INTERNATIONAL COLLEGE OF BEAUTY ARTS & SCIENCES,CA,900391012,Proprietary,81,89,221073,175,221073,83,91,300403,181,300403,-,-, -,-, -,2,2,8598,4,8598,-,-, -,-, -
04187200,NEW BEGINNING COLLEGE OF COSMETOLOGY,AL,359510000,Proprietary,69,76,201776,140,201776,58,62,145143,125,145143,-,-, -,-, -,-,-, -,-, -,-,-, -,-, -
04187400,JOHN AMICO SCHOOL OF HAIR DESIGN,IL,604522501,Proprietary,132,147,430134,279,430134,132,147,523370,282,523370,-,-, -,-, -,4,5,38067,10,38067,-,-, -,-, -
04187700,CREVIER'S SCHOOL OF COSMETOLOGY,MT,599014402,Proprietary,34,46,134286,88,132036,37,48,191409,92,188409,-,-, -,-, -,2,2,21550,4,21550,-,-, -,-, -
04187800,CYBERTEX INSTITUTE OF TECHNOLOGY,TX,787523825,Proprietary,268,272,799104,522,797354,256,260,1037319,506,1034319,-,-, -,-, -,25,26,134938,53,134938,-,-, -,-, -
04188300,FLORIDA ACADEMY,FL,339661155,Proprietary,338,341,749396,625,748565,334,350,1028596,644,1027170,-,-, -,-, -,4,4,22500,7,22500,-,-, -,-, -
04188700,ASI CAREER INSTITUTE,NJ,080121043,Proprietary,46,46,102796,89,102796,44,44,152810,86,152810,-,-, -,-, -,3,3,15142,6,15142,-,-, -,-, -
04188800,INSTITUTE FOR DOCTORAL STUDIES IN THE VISUAL ARTS,ME,041010000,Private-Nonprofit,-,-, -,-, -,-,-, -,-, -,47,47,725075,125,725075,-,-, -,-, -,47,51,1620166,134,1620166
04189000,BARBER & BEAUTY INSTITUTE OF NEW YORK,NY,115506317,Proprietary,30,30,68219,59,68219,30,30,92131,59,92131,-,-, -,-, -,1,1,8000,2,8000,-,-, -,-, -
04189100,SALON INSTITUTE - TOLEDO CAMPUS,OH,436151731,Proprietary,110,121,386749,224,382749,123,138,459318,257,452652,-,-, -,-, -,7,7,80048,12,77448,-,-, -,-, -
04189400,REFLECTIONS ACADEMY OF BEAUTY,IL,625262425,Proprietary,34,41,113764,80,113764,33,40,139693,78,139693,-,-, -,-, -,1,1,5964,2,5964,-,-, -,-, -
04189600,STATE CAREER COLLEGE,IL,600313774,Proprietary,142,142,398650,256,398650,132,133,590475,249,590475,-,-, -,-, -,2,2,15379,4,15379,-,-, -,-, -
04189700,CALIFORNIA MIRAMAR UNIVERSITY,CA,921081737,Proprietary,54,72,268248,254,268248,56,72,273416,262,273416,15,17,196724,57,196724,6,6,70776,22,70776,-,-, -,-, -
04189800,ACADEMY FOR SALON PROFESSIONALS,CA,913242305,Proprietary,132,145,332220,277,330720,131,146,393783,294,392449,-,-, -,-, -,3,4,20170,8,20170,-,-, -,-, -
04190500,NEW YORK SCHOOL OF ESTHETICS & DAY SPA,NY,106063232,Proprietary,91,91,204516,179,204516,86,86,299258,168,299258,-,-, -,-, -,3,3,10780,6,10780,-,-, -,-, -
04191300,ANNENBERG SCHOOL OF NURSING,CA,913353711,Private-Nonprofit,16,26,88108,50,88108,18,29,105621,54,105621,-,-, -,-, -,1,1,18864,2,18864,-,-, -,-, -
04191900,PAUL MITCHELL THE SCHOOL SPOKANE,WA,990375041,Proprietary,167,193,527028,329,527028,155,176,596866,303,596866,-,-, -,-, -,-,-, -,-, -,-,-, -,-, -
04192100,AMERICAN MEDICAL ACADEMY,FL,331864830,Proprietary,65,73,231640,140,229890,64,72,274161,140,274161,-,-, -,-, -,4,4,22120,8,22120,-,-, -,-, -
04192200,ATHENA CAREER ACADEMY,OH,436156800,Proprietary,442,498,1310522,947,1310522,444,504,2206976,982,2202226,-,-, -,-, -,10,10,75162,21,75162,-,-, -,-, -
04192700,BARBER SCHOOL (THE) BY TIM HITE,UT,840473723,Proprietary,119,133,304170,244,304170,117,127,410671,235,410671,-,-, -,-, -,8,8,68236,16,68236,-,-, -,-, -
04193000,RIO GRANDE VALLEY COLLEGE,TX,785779627,Proprietary,700,807,2845218,1569,2845218,693,805,2648144,1573,2648144,-,-, -,-, -,32,39,228688,77,228688,-,-, -,-, -
04193100,ALEXANDER ACADEMY,MA,014620000,Proprietary,35,35,89602,62,89602,34,34,121535,63,121535,-,-, -,-, -,7,7,46450,13,46450,-,-, -,-, -
04193200,ROCKY MOUNTAIN UNIVERSITY OF HEALTH PROFESSIONS,UT,846066101,Proprietary,-,-, -,-, -,-,-, -,-, -,1188,1532,29070079,2898,29070079,-,-, -,-, -,712,896,26099611,1753,26099611
04193700,JOHN PAUL THE GREAT CATHOLIC UNIVERSITY,CA,920252601,Private-Nonprofit,123,191,664766,515,664766,134,203,641858,558,641858,-,-, -,-, -,36,57,721934,143,721934,-,-, -,-, -
04194400,AMERICAN COLLEGE OF HEALTHCARE SCIENCES,OR,972393914,Proprietary,744,1177,3051975,2219,3051975,669,1072,3704827,2047,3704827,194,352,3320922,677,3320922,3,7,68952,14,68952,11,20,246649,38,246649
04194500,AVEDA INSTITUTE TUCSON,AZ,857014876,Proprietary,487,553,1486178,1073,1486178,503,575,1801150,1126,1801150,-,-, -,-, -,61,71,601798,148,601798,-,-, -,-, -
04194900,TILLAMOOK BAY COMMUNITY COLLEGE,OR,971412807,Public,22,32,114778,78,114778,20,29,134773,72,134773,-,-, -,-, -,-,-, -,-, -,-,-, -,-, -
04195300,ELEVATE SALON INSTITUTE,CO,800316458,Proprietary,14,14,36330,23,28663,14,14,46266,22,33765,-,-, -,-, -,-,-, -,-, -,-,-, -,-, -
04195400,UNITEK COLLEGE,CA,945417026,Proprietary,391,430,1425221,827,1422292,395,438,1754120,847,1753320,-,-, -,-, -,45,53,603614,102,591381,-,-, -,-, -
04197500,UNIVERSITY ACADEMY OF HAIR DESIGN,AL,354015621,Proprietary,21,24,70424,44,70424,21,27,93325,51,93325,-,-, -,-, -,-,-, -,-, -,-,-, -,-, -
04197600,"FLORIDA INSTITUTE OF RECORDING, SOUND AND TECHNOLOGY",FL,328106121,Proprietary,639,808,1981350,1551,1981350,669,852,2591039,1637,2591039,-,-, -,-, -,75,76,855315,149,855315,-,-, -,-, -
04203100,PAUL MITCHELL THE SCHOOL RENO,NV,895023356,Proprietary,125,139,395417,260,391917,119,134,430808,251,423612,-,-, -,-, -,2,3,22500,6,22500,-,-, -,-, -
04203200,BOISE BARBER COLLEGE A D.MARTIN ACADEMY,ID,837091695,Proprietary,63,68,215541,127,212041,54,55,207963,103,203963,-,-, -,-, -,1,1,5581,2,5581,-,-, -,-, -
04203300,AVEDA INSTITUTE DES MOINES,IA,502668137,Proprietary,130,163,469260,303,469260,132,166,484575,321,484575,-,-, -,-, -,23,26,210986,49,210986,-,-, -,-, -
04203400,ARKANSAS STATE UNIVERSITY - NEWPORT,AR,721129073,Public,456,472,1268700,710,1268700,165,168,701833,255,701833,-,-, -,-, -,-,-, -,-, -,-,-, -,-, -
04203500,AUSTIN KADE ACADEMY,ID,834045540,Proprietary,88,91,232777,176,231027,90,93,307752,180,304752,-,-, -,-, -,-,-, -,-, -,-,-, -,-, -
04203600,FRANKLIN HAIR ACADEMY SCHOOL OF COSMETOLOGY,TN,370642126,Proprietary,25,26,69613,49,69613,30,33,113661,62,113661,-,-, -,-, -,2,2,8024,4,8024,-,-, -,-, -
04203800,WOODRUFF MEDICAL AND WELLNESS TRAINING,GA,300845865,Proprietary,69,69,194900,121,188411,68,68,311825,121,300700,-,-, -,-, -,-,-, -,-, -,-,-, -,-, -
04204000,ASPEN BEAUTY ACADEMY - LAUREL,MD,207242013,Proprietary,84,95,276612,183,276612,78,89,336336,174,336336,-,-, -,-, -,3,3,25200,6,25200,-,-, -,-, -
04204300,"AESTHETIC SCIENCE INSTITUTE, (THE)",NY,121101095,Proprietary,69,75,176695,150,176695,67,72,215469,144,215469,-,-, -,-, -,12,12,75905,24,75905,-,-, -,-, -
04204500,ELAINE STERLING INSTITUTE (THE),GA,303260000,Proprietary,681,810,1682074,1505,1682074,674,805,2386561,1518,2380561,-,-, -,-, -,59,64,362180,128,362180,-,-, -,-, -
04204700,PAUL MITCHELL THE SCHOOL RALEIGH,NC,276127358,Proprietary,97,103,286431,177,283431,95,101,317563,175,314896,-,-, -,-, -,11,14,77695,25,77695,-,-, -,-, -
04204800,AMERICAN COLLEGE OF BARBERING,KY,402292862,Proprietary,81,95,267038,175,267038,81,94,335515,175,335515,-,-, -,-, -,1,2,10186,3,10186,-,-, -,-, -
04205200,WADE GORDON HAIRDRESSING ACADEMY,TX,791091708,Proprietary,221,235,507197,443,507197,222,237,587410,481,587410,-,-, -,-, -,5,5,32964,9,32964,-,-, -,-, -
04205300,Y'S HAIR INTERNATIONAL,KS,662121457,Proprietary,111,132,328151,247,328151,113,133,420353,250,420353,-,-, -,-, -,3,3,14617,6,14617,-,-, -,-, -
04205500,LIL LOU'S BEAUTY AND BARBER COLLEGE,IN,464092404,Proprietary,74,76,200657,136,198907,68,70,241888,127,238888,-,-, -,-, -,-,-, -,-, -,-,-, -,-, -
04206200,DIGITAL FILM ACADEMY,NY,100363708,Proprietary,3,3,11250,5,11250,3,3,15000,5,15000,-,-, -,-, -,1,1,19548,2,19548,-,-, -,-, -
04206300,FVI SCHOOL OF NURSING AND TECHNOLOGY,FL,331543762,Proprietary,1049,1199,4105241,2266,4105241,1045,1178,4997165,2378,4997165,-,-, -,-, -,111,120,465504,239,465504,-,-, -,-, -
04206400,HELMS COLLEGE,GA,309073835,Private-Nonprofit,136,168,414969,348,414969,137,168,580279,352,580279,-,-, -,-, -,15,17,173724,40,173724,-,-, -,-, -
04206500,MYCOMPUTERCAREER AT RALEIGH,NC,276063365,Proprietary,1343,1355,4194902,2499,4194902,1309,1322,6877863,2462,6877863,-,-, -,-, -,38,39,383752,74,383752,-,-, -,-, -
04206700,ELITE WELDING ACADEMY,OH,452461013,Proprietary,61,61,194732,115,194732,65,65,241130,122,241130,-,-, -,-, -,15,15,143700,32,143700,-,-, -,-, -
04206800,ADVANCE BEAUTY TECHS ACADEMY,CA,928796572,Proprietary,104,108,226496,199,224400,101,102,269585,196,268585,-,-, -,-, -,11,12,49817,22,44630,-,-, -,-, -
04207000,SCHOOL OF MISSIONARY AVIATION TECHNOLOGY,MI,488467412,Private-Nonprofit,14,25,99500,50,99500,15,27,130998,53,130998,-,-, -,-, -,1,2,11750,3,11750,-,-, -,-, -
04207500,MEDICAL CAREER INSTITUTE,NJ,077127202,Proprietary,93,114,376477,223,376477,97,118,465400,231,465400,-,-, -,-, -,6,6,76300,12,76300,-,-, -,-, -
04208400,RIVERSIDE COUNTY OFFICE OF EDUCATION,CA,925082321,Public,66,66,169534,129,169534,61,61,128492,122,128492,-,-, -,-, -,2,2,13555,4,13555,-,-, -,-, -
04208600,RELAY GRADUATE SCHOOL OF EDUCATION,NY,100041061,Private-Nonprofit,-,-, -,-, -,-,-, -,-, -,781,1544,9056300,1544,9056300,-,-, -,-, -,-,-, -,-, -
04208700,COLORADO STATE UNIVERSITY - GLOBAL CAMPUS,CO,802020000,Public,3075,4188,12912965,11984,12900730,3202,4354,20563924,12435,20542869,1730,2334,27492983,6619,27447082,12,16,115842,46,115842,50,63,716333,179,716333
04208900,ADVANCED CAREER INSTITUTE,CA,932910000,Proprietary,303,303,788666,566,785710,289,291,1047762,550,1044385,-,-, -,-, -,48,48,261324,89,259392,-,-, -,-, -
04209300,PAUL MITCHELL THE SCHOOL OVERLAND PARK,KS,662124050,Proprietary,154,200,526907,388,526907,153,200,518315,386,518315,-,-, -,-, -,20,26,198738,54,198738,-,-, -,-, -
04209500,SHEAR FINESSE BEAUTY ACADEMY,FL,322080000,Proprietary,19,19,50290,37,50290,18,18,76628,38,76628,-,-, -,-, -,1,1,8000,2,8000,-,-, -,-, -
04209600,INSTITUTE OF HEALTH SCIENCES,MD,210311408,Proprietary,70,70,145116,130,145116,72,72,226208,134,226208,-,-, -,-, -,-,-, -,-, -,-,-, -,-, -
04209800,HINTON BARBER AND BEAUTY COLLEGE,CA,945904547,Proprietary,31,39,79872,78,79872,28,36,109389,71,109389,-,-, -,-, -,-,-, -,-, -,-,-, -,-, -
04210100,STELLA AND CHARLES GUTTMAN COMMUNITY COLLEGE,NY,100182602,Public,28,31,92330,61,92330,21,26,71560,51,71560,-,-, -,-, -,1,1,2400,2,2400,-,-, -,-, -
04210300,NIMA NATIONAL INSTITUTE OF MEDICAL AESTHETICS,UT,840953519,Proprietary,309,356,1032717,707,1030967,324,374,1346149,741,1344149,-,-, -,-, -,78,78,954365,156,954365,-,-, -,-, -
04210700,NEW YORK INSTITUTE OF BEAUTY,NY,117491479,Proprietary,149,150,387575,287,386408,152,153,455517,296,453517,-,-, -,-, -,22,22,169908,46,169908,-,-, -,-, -
04210800,NRI INSTITUTE OF HEALTH SCIENCES,FL,334114221,Proprietary,133,168,614441,322,614441,134,167,798287,318,798287,-,-, -,-, -,3,4,27797,6,27797,-,-, -,-, -
04211000,SALON PROFESSIONAL ACADEMY (THE),AL,358161849,Proprietary,30,31,94823,59,94823,37,39,142905,76,142905,-,-, -,-, -,-,-, -,-, -,-,-, -,-, -
04211200,BRIGHTON INSTITUTE OF COSMETOLOGY,MI,481168360,Proprietary,12,15,40794,28,40794,13,17,40646,33,40646,-,-, -,-, -,1,1,13000,2,13000,-,-, -,-, -
04211800,COLLEGE OF WESTERN IDAHO,ID,836875505,Public,1387,1569,3948563,2347,3948563,618,681,2073029,1020,2073029,-,-, -,-, -,12,12,91671,21,91671,-,-, -,-, -
04211900,XAVIER COLLEGE SCHOOL OF NURSING,CA,952021332,Proprietary,114,114,405833,226,401333,115,115,536974,226,532974,-,-, -,-, -,2,2,24000,4,24000,-,-, -,-, -
04212000,LAWRENCE & COMPANY COLLEGE OF COSMETOLOGY,CA,932304102,Proprietary,21,26,48939,47,48439,22,27,44361,47,43584,-,-, -,-, -,1,1,4408,2,4408,-,-, -,-, -
04212100,ACADEMY OF SALON PROFESSIONALS,MO,653016910,Proprietary,38,45,122493,86,122493,37,46,133616,85,133616,-,-, -,-, -,1,1,5634,2,5634,-,-, -,-, -
04213200,KAIZEN BEAUTY ACADEMY,FL,330246609,Proprietary,24,24,52428,47,52428,15,15,36209,30,36209,-,-, -,-, -,-,-, -,-, -,-,-, -,-, -
04213300,SOUTHERN TEXAS CAREERS ACADEMY,TX,785722427,Proprietary,11,11,22668,22,22668,10,11,19599,22,19599,-,-, -,-, -,-,-, -,-, -,-,-, -,-, -
04213400,ACCESS CAREERS,NY,115500000,Proprietary,30,30,96371,57,96371,30,30,72135,57,72135,-,-, -,-, -,-,-, -,-, -,-,-, -,-, -
04213500,SHARP EDGEZ BARBER INSTITUTE,NY,146150000,Proprietary,101,101,215972,187,215972,101,101,332199,188,332199,-,-, -,-, -,5,5,17754,10,17754,-,-, -,-, -
04213800,SALON PROFESSIONAL ACADEMY (THE),TN,372142163,Proprietary,24,33,100943,63,100943,26,37,97015,69,97015,-,-, -,-, -,2,2,17551,4,17551,-,-, -,-, -
04214500,PRESTIGE HEALTH & BEAUTY SCIENCES ACADEMY,FL,330094660,Proprietary,17,17,45830,34,45830,18,18,68527,38,68527,-,-, -,-, -,-,-, -,-, -,-,-, -,-, -
04214700,LUCKES BEAUTY ACADEMY,VA,236011303,Proprietary,14,15,40454,25,40454,13,14,49147,24,49147,-,-, -,-, -,-,-, -,-, -,-,-, -,-, -
04215000,TOTAL TRANSFORMATION INSTITUTE OF COSMETOLOGY,TX,786668115,Proprietary,65,65,145010,113,145010,61,61,189601,109,189601,-,-, -,-, -,9,10,85401,18,85401,-,-, -,-, -
04215100,CALIFORNIA CAREER INSTITUTE,CA,928065100,Proprietary,532,570,1896956,1112,1887774,529,567,2804385,1112,2793635,-,-, -,-, -,8,8,64087,16,64087,-,-, -,-, -
04215200,VIBE BARBER COLLEGE,TN,381072538,Proprietary,25,25,75000,43,72625,25,25,85813,43,82430,-,-, -,-, -,-,-, -,-, -,-,-, -,-, -
04215400,GRACE SCHOOL OF THEOLOGY,TX,773844894,Private-Nonprofit,12,12,35919,33,35919,12,12,58020,35,58020,14,14,174234,48,174234,-,-, -,-, -,1,1,20000,6,20000
04215500,CHAMP'S BARBER SCHOOL,PA,176033809,Proprietary,54,56,145031,101,145031,55,57,200486,98,200486,-,-, -,-, -,-,-, -,-, -,-,-, -,-, -
04216000,UNIVERSAL TRAINING INSTITUTE,NJ,088614106,Proprietary,129,129,350204,246,350204,129,129,560572,245,560572,-,-, -,-, -,6,6,22309,10,22309,-,-, -,-, -
04216500,CENTER FOR THE HEALING ARTS,NJ,080431911,Proprietary,27,27,59936,52,59936,24,24,86866,47,86866,-,-, -,-, -,-,-, -,-, -,-,-, -,-, -
04216800,BONNIE JOSEPH ACADEMY OF COSMETOLOGY & BARBERING,UT,840322044,Proprietary,6,7,22500,14,22500,6,7,32223,14,32223,-,-, -,-, -,-,-, -,-, -,-,-, -,-, -
04216900,SAN IGNACIO UNIVERSITY,FL,331782785,Proprietary,6,7,28030,13,28030,6,7,33535,13,33535,1,1,20500,2,20500,-,-, -,-, -,-,-, -,-, -
04217000,HEALTHCARE TRAINING INSTITUTE,LA,700627630,Proprietary,77,77,246821,131,243321,149,149,915723,248,902223,-,-, -,-, -,3,3,18000,5,15000,-,-, -,-, -
04217400,HIGH TECH HIGH GRADUATE SCHOOL OF EDUCATION,CA,921066025,Private-Nonprofit,-,-, -,-, -,1,1,2000,1,2000,38,42,486587,109,486587,-,-, -,-, -,-,-, -,-, -
04217500,J D ACADEMY OF SALON AND SPA,CA,945264012,Proprietary,60,66,140038,131,140038,74,83,183953,166,183953,-,-, -,-, -,11,11,150163,22,150163,-,-, -,-, -
04217600,SESSIONS COLLEGE FOR PROFESSIONAL DESIGN,AZ,852812863,Proprietary,111,151,443903,269,443903,113,155,591904,279,591904,-,-, -,-, -,3,4,8274,6,8274,-,-, -,-, -
04217800,BOCA BEAUTY ACADEMY,FL,334344178,Proprietary,333,377,871576,718,870312,340,385,1001843,748,1001122,-,-, -,-, -,26,27,164922,52,164922,-,-, -,-, -
04218300,MIDWIVES COLLEGE OF UTAH,UT,841062671,Private-Nonprofit,103,103,336283,177,334033,87,87,429549,155,426549,1,1,9922,1,9922,-,-, -,-, -,-,-, -,-, -
04218400,CITY POINTE BEAUTY ACADEMY,MO,648702502,Proprietary,78,89,260404,173,260404,68,78,220100,153,220100,-,-, -,-, -,4,5,30073,10,30073,-,-, -,-, -
04218500,INNOVATE SALON ACADEMY,NJ,070800000,Proprietary,461,510,1312357,1002,1312357,471,521,1528865,1032,1528865,-,-, -,-, -,39,39,344375,78,344375,-,-, -,-, -
04218900,ROCKY VISTA UNIVERSITY,CO,801349498,Proprietary,-,-, -,-, -,-,-, -,-, -,1096,1411,55030614,2711,55030614,-,-, -,-, -,1041,1676,70845025,2888,70845025
04219000,WASHINGTON UNIVERSITY OF SCIENCE AND TECHNOLOGY,VA,223140000,Proprietary,7,7,23770,20,23770,6,6,31470,18,31470,3,3,32931,8,32931,-,-, -,-, -,-,-, -,-, -
04219100,ALEXANDER PAUL INSTITUTE OF HAIR DESIGN,NC,278583344,Proprietary,38,50,138670,95,138670,39,54,135528,104,135528,-,-, -,-, -,4,5,46818,9,46818,-,-, -,-, -
04219300,EAST-WEST HEALING ARTS INSTITUTE,WI,537191133,Proprietary,11,11,27931,19,27931,12,12,51018,21,51018,-,-, -,-, -,-,-, -,-, -,-,-, -,-, -
04220000,DESIGNER BARBER & STYLIST SCHOOL,AR,729033753,Proprietary,59,66,187450,127,187450,50,57,152197,110,152197,-,-, -,-, -,-,-, -,-, -,-,-, -,-, -
04220200,MORE TECH INSTITUTE,FL,330122165,Proprietary,93,93,281909,175,280159,91,91,407338,179,404685,-,-, -,-, -,-,-, -,-, -,-,-, -,-, -
04220400,CHRYSM INSTITUTE OF ESTHETICS (THE),VA,234528503,Proprietary,210,234,472116,454,472116,208,229,685116,446,685116,-,-, -,-, -,22,23,131755,46,131755,-,-, -,-, -
04220500,BUTTE COUNTY REGIONAL OCCUPATIONAL PROGRAM,CA,959287191,Public,7,7,14456,10,14456,5,5,12557,7,12557,-,-, -,-, -,-,-, -,-, -,-,-, -,-, -
04221000,"STANDARD HEALTHCARE SERVICES, COLLEGE OF NURSING",VA,220430000,Proprietary,596,715,2113079,1402,2111329,579,691,3267638,1355,3264638,-,-, -,-, -,1,2,15663,4,15663,-,-, -,-, -
04221300,PHILADELPHIA TECHNICIAN TRAINING INSTITUTE,PA,191381324,Private-Nonprofit,795,844,2250579,1474,2248829,753,802,3242328,1429,3241328,-,-, -,-, -,22,23,214884,41,214884,-,-, -,-, -
04221400,PAUL MITCHELL THE SCHOOL DENVER,CO,802267395,Proprietary,146,153,375323,281,375323,156,167,509863,310,509863,-,-, -,-, -,27,29,154035,54,154035,-,-, -,-, -
04221700,ZMS THE ACADEMY,CA,900331878,Proprietary,53,57,148091,109,141675,39,41,102696,80,98607,-,-, -,-, -,-,-, -,-, -,-,-, -,-, -
04222000,ARCLABS,SC,296736729,Proprietary,635,648,2006499,1204,2006499,595,604,2378846,1171,2378846,-,-, -,-, -,159,163,1664177,317,1664177,-,-, -,-, -
04222200,FAB SCHOOL (THE),CA,917309114,Proprietary,70,73,186296,145,186296,77,81,216763,161,216763,-,-, -,-, -,46,48,1171404,96,1171404,-,-, -,-, -
04223100,ARROJO ACADEMY,NY,100144960,Proprietary,107,124,285342,227,269594,82,108,302850,207,292850,-,-, -,-, -,4,4,46910,7,46910,-,-, -,-, -
04223400,INTERAMERICAN TECHNICAL INSTITUTE,FL,331742900,Proprietary,423,424,1445503,835,1445503,420,421,2364242,828,2364242,-,-, -,-, -,-,-, -,-, -,-,-, -,-, -
04223500,LYNNES WELDING TRAINING,ND,581024018,Proprietary,48,48,84575,94,84575,48,49,99384,96,99384,-,-, -,-, -,9,9,101677,18,101677,-,-, -,-, -
04223600,ACADEMY OF INTERACTIVE ENTERTAINMENT,WA,981094623,Private-Nonprofit,29,41,160519,80,160519,33,46,198841,91,198841,-,-, -,-, -,7,8,166328,16,166328,-,-, -,-, -
04223700,BAY AREA MEDICAL ACADEMY,CA,941083623,Proprietary,43,43,136523,82,136523,35,35,126327,66,126327,-,-, -,-, -,3,3,20780,5,20780,-,-, -,-, -
04223800,ELECTRICAL AND HVAC/R TRAINING CENTER,NY,117262701,Proprietary,137,137,318056,270,313392,133,133,340859,262,334193,-,-, -,-, -,24,25,199902,50,199902,-,-, -,-, -
04223900,MIND BODY INSTITUTE,TN,371152120,Proprietary,19,19,48875,37,48875,32,32,165257,63,165257,-,-, -,-, -,-,-, -,-, -,-,-, -,-, -
04224100,COSMETOLOGY ACADEMY OF TEXARKANA,TX,755034855,Proprietary,55,66,147504,114,147504,54,64,172385,119,172385,-,-, -,-, -,1,1,740,1,740,-,-, -,-, -
04224200,BELLE ACADEMY OF COSMETOLOGY,CT,067040135,Proprietary,13,16,46000,29,46000,12,14,54303,28,54303,-,-, -,-, -,3,3,12356,6,12356,-,-, -,-, -
04224300,VALOR CHRISTIAN COLLEGE,OH,431100000,Private-Nonprofit,286,369,1223503,1039,1223503,270,335,1596370,956,1596370,-,-, -,-, -,10,10,132905,21,132905,-,-, -,-, -
04224400,NETWORKS BARBER COLLEGE,IL,604093401,Proprietary,47,54,162274,103,162274,47,52,190381,138,190381,-,-, -,-, -,-,-, -,-, -,-,-, -,-, -
04224500,TRENZ BEAUTY ACADEMY,IL,604090000,Proprietary,54,55,171226,90,139829,52,53,219053,85,172893,-,-, -,-, -,-,-, -,-, -,-,-, -,-, -
04224600,BARBER SCHOOL OF PITTSBURGH,PA,152165537,Proprietary,80,97,239524,188,239524,78,97,291080,189,291080,-,-, -,-, -,6,9,68896,18,68896,-,-, -,-, -
04224700,JB'S HAIR DESIGN AND BARBER COLLEGE,OK,731391602,Proprietary,66,84,257716,157,257716,67,85,384396,159,384396,-,-, -,-, -,3,3,3942,6,3942,-,-, -,-, -
04225000,PARISIAN SPA INSTITUTE,FL,322044127,Proprietary,135,138,227279,258,227279,138,142,382595,270,382595,-,-, -,-, -,10,10,35738,20,35738,-,-, -,-, -
04225300,CREATIVE TOUCH COSMETOLOGY SCHOOL,IL,622981609,Proprietary,15,21,58668,39,58668,15,20,61177,37,61177,-,-, -,-, -,3,3,20372,5,20372,-,-, -,-, -
04225500,WESTCHESTER SCHOOL FOR MEDICAL & DENTAL ASSISTANTS,NY,105021047,Proprietary,44,44,120660,86,120660,44,44,74712,85,74712,-,-, -,-, -,-,-, -,-, -,-,-, -,-, -
04225700,LABARBERIA INSTITUTE OF HAIR,OH,441240000,Proprietary,209,235,785325,438,785325,207,235,1074615,446,1074615,-,-, -,-, -,5,5,43516,9,43516,-,-, -,-, -
04226000,BOS-MAN'S BARBER COLLEGE,LA,711082653,Proprietary,38,44,142765,86,142765,38,44,121285,86,121285,-,-, -,-, -,-,-, -,-, -,-,-, -,-, -
04226100,LAWRENCE & COMPANY COLLEGE OF COSMETOLOGY,CA,936623509,Proprietary,51,57,150440,102,150440,41,44,134741,79,133963,-,-, -,-, -,3,4,35117,8,35117,-,-, -,-, -
04226300,BARBER AND BEAUTY ACADEMY OF PENNSYLVANIA,PA,171092103,Proprietary,58,60,107835,117,106085,57,59,145728,116,142728,-,-, -,-, -,4,4,23515,8,23515,-,-, -,-, -
04226400,MT TRAINING CENTER,TX,751150000,Proprietary,244,285,701237,518,678796,243,284,1128701,517,1094637,-,-, -,-, -,3,4,22160,7,20308,-,-, -,-, -
04226700,ALABAMA COLLEGE OF OSTEOPATHIC MEDICINE,AL,363032251,Private-Nonprofit,-,-, -,-, -,-,-, -,-, -,636,647,28046972,1270,28046972,-,-, -,-, -,571,686,22349762,1352,22349762
04227100,AMERICA EVANGELICAL UNIVERSITY,CA,902474432,Private-Nonprofit,41,41,115364,89,107490,35,35,126229,74,121184,-,-, -,-, -,-,-, -,-, -,-,-, -,-, -
04227500,MERRYFIELD SCHOOL OF PET GROOMING,FL,333344925,Proprietary,52,52,132972,99,132972,51,51,213941,98,213941,-,-, -,-, -,1,1,15009,2,15009,-,-, -,-, -
04227800,BETHANY GLOBAL UNIVERSITY,MN,554382849,Private-Nonprofit,65,65,227833,114,227833,72,72,265343,125,265343,-,-, -,-, -,5,5,49796,9,49796,-,-, -,-, -
04228100,HIGH DESERT MEDICAL COLLEGE,CA,935341134,Proprietary,1650,1880,6859070,4393,6846112,1640,1872,8640013,4406,8623733,-,-, -,-, -,356,406,3325834,988,3315300,-,-, -,-, -
04228300,PAUL MITCHELL THE SCHOOL SCHENECTADY,NY,123052303,Proprietary,173,208,479438,395,479438,171,210,532705,403,532705,-,-, -,-, -,16,17,216262,36,216262,-,-, -,-, -
04228400,BEYOND MEASURE BARBERING INSTITUTE,NC,273022323,Proprietary,44,46,127048,77,123548,33,35,128268,64,122268,-,-, -,-, -,1,1,6000,3,6000,-,-, -,-, -
04228600,TOP OF THE LINE BARBER COLLEGE,SC,294034814,Proprietary,67,74,202391,127,200641,68,76,268601,131,267601,-,-, -,-, -,-,-, -,-, -,-,-, -,-, -
04229000,BARBER INSTITUTE OF TEXAS,TX,756023456,Proprietary,5,5,15750,5,8750,5,5,27000,5,15000,-,-, -,-, -,-,-, -,-, -,-,-, -,-, -
04229100,ADVANTAGE CAREER INSTITUTE,NJ,077240000,Proprietary,93,93,193497,179,193497,104,106,304865,201,304865,-,-, -,-, -,18,19,117280,33,117280,-,-, -,-, -
04229200,JUPITER BEAUTY ACADEMY,MA,021222834,Proprietary,41,42,95054,78,95054,35,36,66739,70,66739,-,-, -,-, -,-,-, -,-, -,-,-, -,-, -
04229300,MEDQUEST COLLEGE,KY,402233836,Proprietary,570,632,1728972,1277,1728972,535,593,2062064,1320,2062064,-,-, -,-, -,24,24,165660,46,165660,-,-, -,-, -
04229400,MIDFIELD INSTITUTE OF COSMETOLOGY,AL,352282233,Private-Nonprofit,2,2,5250,3,5250,2,2,9000,3,9000,-,-, -,-, -,-,-, -,-, -,-,-, -,-, -
04229500,TEXAS A&M UNIVERSITY - CENTRAL TEXAS,TX,765495901,Public,740,798,2861427,1219,2861427,674,767,3621125,1163,3621125,359,479,4679536,680,4679536,21,23,160509,34,160509,4,4,24373,5,24373
04229700,FIRST COAST BARBER ACADEMY,FL,322028054,Proprietary,78,84,166994,145,166411,78,84,227692,144,222692,-,-, -,-, -,-,-, -,-, -,-,-, -,-, -
04229900,DEBUTANTES SCHOOL OF BEAUTY,IL,601153301,Proprietary,34,36,106521,66,105021,36,40,130485,74,129819,-,-, -,-, -,-,-, -,-, -,-,-, -,-, -
04230200,PAUL MITCHELL THE SCHOOL FARMINGTON HILLS,MI,483345224,Proprietary,72,92,272384,172,272384,73,93,262162,177,262162,-,-, -,-, -,11,11,117205,24,117205,-,-, -,-, -
04230300,PAUL MITCHELL THE SCHOOL MERRILLVILLE,IN,464105540,Proprietary,80,93,284514,177,284514,85,98,268498,186,268498,-,-, -,-, -,4,5,43581,9,43581,-,-, -,-, -
04230500,PAUL MITCHELL THE SCHOOL  GRAND RAPIDS,MI,495121781,Proprietary,55,65,202367,128,202367,60,71,182883,136,182883,-,-, -,-, -,15,17,128000,34,128000,-,-, -,-, -
04230700,UNIVERSITY OF THE HIGHLANDS AND ISLANDS,,IV2 3JH,Foreign-Private,1,1,2983,2,2983,3,3,17000,6,17000,1,1,20500,2,20500,2,2,39814,4,39814,1,1,26855,2,26855
04230900,TIGI HAIRDRESSING ACADEMY NEWTOWN,CT,064700000,Proprietary,66,89,248513,173,248513,73,97,301546,193,301546,-,-, -,-, -,14,21,116397,42,116397,-,-, -,-, -
04231000,STUDIO BEAUTY SCHOOL,WA,992063646,Proprietary,95,99,249078,192,246453,88,93,311694,183,310194,-,-, -,-, -,-,-, -,-, -,-,-, -,-, -
04231200,NEECEE'S BARBER COLLEGE,TX,796027835,Proprietary,38,44,102122,77,95122,36,41,143018,76,130018,-,-, -,-, -,4,4,5982,7,5982,-,-, -,-, -
04231900,ALAMO CITY BARBER COLLEGE,TX,782503227,Proprietary,155,178,347317,336,343817,134,143,176529,305,174519,-,-, -,-, -,6,6,17472,12,17472,-,-, -,-, -
04232000,STUDIO INCAMMINATI,PA,191482384,Private-Nonprofit,9,9,33332,16,33332,8,8,44902,16,44902,-,-, -,-, -,-,-, -,-, -,-,-, -,-, -
04232300,HVAC TECHNICAL INSTITUTE,IL,606324457,Proprietary,136,136,332117,265,329591,137,137,397903,267,393572,-,-, -,-, -,-,-, -,-, -,-,-, -,-, -
04232800,JOHN PATRICK UNIVERSITY OF HEALTH AND APPLIED SCIENCES,IN,466012352,Proprietary,317,401,1592113,760,1530363,293,373,2210084,701,2101971,56,68,1289364,122,1186864,5,5,132500,8,102500,29,37,637514,65,578510
04233100,ARIZONA SCHOOL OF INTEGRATIVE STUDIES,AZ,852107311,Proprietary,116,136,360895,236,326886,117,139,638698,246,583948,-,-, -,-, -,1,1,8000,2,8000,-,-, -,-, -
04233200,UNITED INTERNATIONAL COLLEGE,FL,330253943,Proprietary,-,-, -,-, -,-,-, -,-, -,1,1,10000,1,5000,-,-, -,-, -,-,-, -,-, -
04233400,LEE PROFESSIONAL INSTITUTE,FL,339169320,Proprietary,103,103,237568,203,236402,102,103,335220,204,333802,-,-, -,-, -,12,12,24073,24,24073,-,-, -,-, -
04233700,"CHRISTINE VALMY INTERNATIONAL SCHOOL FORESTHETICS, SKIN CARE & MAKE-UP",NY,100365501,Proprietary,383,383,837305,731,837305,375,375,986484,737,986484,-,-, -,-, -,29,29,118267,55,118267,-,-, -,-, -
04233900,ATLANTIS UNIVERSITY,FL,331360000,Proprietary,108,136,454587,244,454587,79,95,227686,173,227686,129,162,2324909,343,2324909,9,11,64137,23,64137,5,5,47195,10,47195
04234000,SAN FRANCISCO FILM SCHOOL,CA,941042835,Proprietary,48,58,157096,95,157096,49,60,255083,98,255083,-,-, -,-, -,1,1,8279,2,8279,-,-, -,-, -
04234200,CENTER FOR ULTRASOUND RESEARCH & EDUCATION,NY,106045104,Proprietary,181,195,669970,373,669970,181,195,770368,374,770368,-,-, -,-, -,24,25,253510,50,253510,-,-, -,-, -
04234300,CULINARY TECH CENTER,NY,100229502,Proprietary,12,12,27996,13,15170,12,12,45333,13,24667,-,-, -,-, -,1,1,2810,1,1405,-,-, -,-, -
04234600,PARK PLACE PREMIER BARBER SCHOOL,LA,701223808,Proprietary,29,32,90236,55,90236,28,31,111065,56,111065,-,-, -,-, -,-,-, -,-, -,-,-, -,-, -
04234900,AMG SCHOOL OF NURSING,NY,112011728,Proprietary,647,788,2632532,1340,2595020,653,798,3548446,1364,3481937,-,-, -,-, -,22,23,196926,39,195214,-,-, -,-, -
04235000,FELBRY COLLEGE-SCHOOL OF NURSING,OH,432312256,Proprietary,186,208,628141,361,628141,175,196,868078,334,868078,-,-, -,-, -,5,6,45500,11,45500,-,-, -,-, -
04235400,SAINT MICHAEL COLLEGE OF ALLIED HEALTH,DC,200022512,Proprietary,116,116,361916,232,266188,114,114,580007,231,438121,-,-, -,-, -,2,2,50000,3,23334,-,-, -,-, -
04235900,BELLA COSMETOLOGY AND BARBER COLLEGE,TX,754020000,Proprietary,73,78,145977,266,145977,74,81,200952,276,200952,-,-, -,-, -,2,2,20500,12,20500,-,-, -,-, -
04236400,SANDRA ACADEMY OF SALON SERVICES,TN,378257239,Proprietary,85,90,237554,165,235804,83,88,302221,163,299221,-,-, -,-, -,1,1,5000,2,5000,-,-, -,-, -
04236800,FOUNTAIN OF YOUTH ACADEMY OF COSMETOLOGY,PA,152171602,Proprietary,99,103,220633,167,204598,98,102,366283,169,335951,-,-, -,-, -,2,2,17429,4,17429,-,-, -,-, -
04237100,SALON PROFESSIONAL ACADEMY (THE),CA,951295101,Proprietary,121,130,335043,252,335043,118,127,397653,254,397653,-,-, -,-, -,9,9,84800,21,84800,-,-, -,-, -
04237200,MONTEFIORE SCHOOL OF NURSING,NY,105502009,Private-Nonprofit,104,104,347339,157,347339,104,109,608369,168,608369,-,-, -,-, -,1,1,10000,1,10000,-,-, -,-, -
04237600,CALIFORNIA JAZZ CONSERVATORY,CA,947041268,Private-Nonprofit,8,8,32750,15,32750,4,4,22000,7,22000,-,-, -,-, -,2,2,13646,4,13646,-,-, -,-, -
04237800,CALIFORNIA BARBER & BEAUTY COLLEGE,CA,921154730,Proprietary,15,16,39337,30,39337,7,8,29692,16,29692,-,-, -,-, -,1,1,1983,1,1983,-,-, -,-, -
04238400,FLORIDA INTERNATIONAL TRAINING INSTITUTE,FL,331221507,Proprietary,262,263,788704,511,785716,217,217,495095,475,494635,-,-, -,-, -,-,-, -,-, -,-,-, -,-, -
04238600,GOULD'S ACADEMY,TN,381195317,Proprietary,278,303,824539,589,820039,280,308,983476,627,980142,-,-, -,-, -,37,41,262073,91,262073,-,-, -,-, -
04238700,DERMAL SCIENCE INTERNATIONAL AESTHETICS & NAIL ACADEMY,VA,201905226,Proprietary,22,37,64127,74,64127,25,41,112284,82,112284,-,-, -,-, -,1,1,9522,2,9522,-,-, -,-, -
04239500,VIRGINIA UNIVERSITY OF INTEGRATIVE MEDICINE,VA,221823913,Private-Nonprofit,-,-, -,-, -,5,5,41501,10,41501,206,256,4100104,681,4100104,-,-, -,-, -,-,-, -,-, -
04239600,KENTUCKY HORSESHOEING SCHOOL,KY,404751810,Proprietary,27,36,86099,69,86099,29,39,100895,74,100895,-,-, -,-, -,10,15,217818,31,217818,-,-, -,-, -
04239700,VOCATIONAL NURSING INSTITUTE,TX,770655399,Private-Nonprofit,14,14,27907,25,27907,15,15,46967,27,46967,-,-, -,-, -,-,-, -,-, -,-,-, -,-, -
04240100,AMERICAN UNIVERSITY OF ANTIGUA COLLEGE OF MEDICINE,,,Foreign-For-Profit,-,-, -,-, -,-,-, -,-, -,436,446,8536501,779,7811208,-,-, -,-, -,448,486,30169937,846,27636817
04240200,AVIATION INSTITUTE OF MAINTENANCE,CA,945397663,Proprietary,306,416,1513611,800,1513611,314,412,1745929,787,1745929,-,-, -,-, -,61,75,666182,143,666182,-,-, -,-, -
04240400,ANA G. MENDEZ UNIVERSITY,FL,328221733,Private-Nonprofit,4048,4157,13456387,8377,13447469,3918,4026,18991915,8147,18977247,3688,3755,59533266,8228,59505931,1,1,11500,1,11500,133,161,2335347,279,2335347
04240500,PAUL MITCHELL THE SCHOOL TULSA,OK,741341410,Proprietary,184,217,586955,410,586955,177,235,603613,439,603613,-,-, -,-, -,19,21,138238,40,138238,-,-, -,-, -
04240700,IMAGE MAKER BEAUTY INSTITUTE,TN,370754488,Proprietary,42,47,138236,90,138236,48,53,168039,105,168039,-,-, -,-, -,10,10,74955,18,74955,-,-, -,-, -
04241200,MARY IMMACULATE COLLEGE,,,Foreign-Public,2,2,8999,3,8999,2,2,9001,3,9001,-,-, -,-, -,-,-, -,-, -,-,-, -,-, -
04241800,ACADEMY OF PROFESSIONAL COSMETOLOGY,AR,727562084,Proprietary,91,92,221052,172,221052,92,94,276842,179,273842,-,-, -,-, -,2,2,24777,4,24777,-,-, -,-, -
04241900,RIVER VALLEY SCHOOL OF MASSAGE,AR,728022310,Proprietary,13,13,27035,23,24022,13,13,37584,23,32418,-,-, -,-, -,-,-, -,-, -,-,-, -,-, -
04242000,LATIN BEAUTY ACADEMY,FL,334156104,Proprietary,228,238,538773,466,537023,226,237,837615,466,834615,-,-, -,-, -,-,-, -,-, -,-,-, -,-, -
04242100,UNIVERSITY OF NORTH TEXAS AT DALLAS,TX,752414600,Public,964,1060,3835112,1677,3746752,837,948,3996997,1487,3890885,466,566,8116671,954,8085645,41,50,468617,78,461035,122,158,2390122,251,2390122
04242300,DALTON INSTITUTE OF ESTHETICS AND COSMETOLOGY,GA,307208402,Proprietary,41,46,94958,86,94958,41,47,101657,90,101657,-,-, -,-, -,-,-, -,-, -,-,-, -,-, -
04242500,ASSOCIATED BARBER COLLEGE OF SAN DIEGO,CA,921014210,Proprietary,93,113,339236,217,339236,92,111,480004,217,480004,-,-, -,-, -,-,-, -,-, -,-,-, -,-, -
04242600,ABCO TECHNOLOGY,CA,900432808,Proprietary,30,36,97181,85,97181,27,33,140070,78,140070,-,-, -,-, -,-,-, -,-, -,-,-, -,-, -
04242800,COALITION OF AFRICAN AMERICAN NURSES,IL,604433821,Private-Nonprofit,79,79,232115,118,207615,87,87,417578,130,361078,-,-, -,-, -,-,-, -,-, -,-,-, -,-, -
04243100,ALHAMBRA MEDICAL UNIVERSITY,CA,918031310,Proprietary,-,-, -,-, -,-,-, -,-, -,20,21,274057,63,274057,-,-, -,-, -,-,-, -,-, -
04243300,GARDEN STATE SCIENCE AND TECHNOLOGY INSTITUTE,NJ,073062714,Proprietary,622,622,2026709,1096,1815737,604,604,3090378,1060,2756769,-,-, -,-, -,5,5,34659,11,34659,-,-, -,-, -
04243400,LIONEL UNIVERSITY,CA,930132912,Proprietary,229,240,644080,531,644080,200,206,803729,472,803729,22,22,275907,48,275907,-,-, -,-, -,-,-, -,-, -
04243500,BARBER TECH ACADEMY,SC,291156069,Proprietary,76,78,199063,117,195563,75,77,291011,117,285011,-,-, -,-, -,-,-, -,-, -,-,-, -,-, -
04243800,ABRAHAM LINCOLN UNIVERSITY,CA,912101211,Proprietary,31,39,150663,74,150469,27,34,154733,62,154089,62,67,1027053,124,1016093,-,-, -,-, -,-,-, -,-, -
04244000,CALIFORNIA INTERCONTINENTAL UNIVERSITY,SD,571037045,Proprietary,194,218,593609,381,593609,159,182,603397,322,603397,206,239,3601373,535,3601373,-,-, -,-, -,51,59,955109,143,955109
04244300,ANTIOCH COLLEGE,OH,453871683,Private-Nonprofit,94,94,342484,251,342484,65,65,175873,175,175873,-,-, -,-, -,6,6,59364,17,59364,-,-, -,-, -
04244500,NORWICH UNIVERSITY OF THE ARTS,,NR2 4SN,Foreign-Private,19,19,78168,55,78168,16,16,46334,46,46334,3,3,47667,7,47667,12,13,337513,37,337513,1,1,20500,3,20500
04244600,AMERICARE TECHNICAL SCHOOL,IL,600683143,Proprietary,85,86,230126,144,228376,77,78,326560,126,323560,-,-, -,-, -,-,-, -,-, -,-,-, -,-, -
04244700,MED COLLEGE,FL,330184937,Proprietary,379,471,1624616,1291,1623450,369,427,1993837,1177,1993837,-,-, -,-, -,39,48,301480,140,301480,-,-, -,-, -
04244900,SONORAN DESERT INSTITUTE,AZ,852813376,Proprietary,1896,2350,6005343,4281,6005343,1757,2204,8199204,4055,8199204,-,-, -,-, -,-,-, -,-, -,-,-, -,-, -
04245400,INFINITY COLLEGE,LA,705010000,Proprietary,154,179,566417,311,513229,151,178,844029,317,764178,-,-, -,-, -,4,4,29031,7,24434,-,-, -,-, -
04245800,NATURAL IMAGES BEAUTY COLLEGE,TX,775313603,Proprietary,67,72,158130,132,154922,67,72,243565,137,238065,-,-, -,-, -,3,3,25804,6,25804,-,-, -,-, -
04246100,NASHVILLE FILM INSTITUTE,TN,372104225,Proprietary,22,25,82750,45,78750,22,25,99000,45,93000,-,-, -,-, -,5,7,79405,14,79405,-,-, -,-, -
04246200,CALIFORNIA INSTITUTE OF MEDICAL SCIENCE,CA,936120000,Proprietary,16,16,38870,29,38870,16,16,59780,30,59780,-,-, -,-, -,1,1,9500,2,9500,-,-, -,-, -
04246500,MASSAGE INSTITUTE OF MEMPHIS (THE),TN,381044138,Proprietary,11,11,28592,18,24509,10,10,41234,16,35788,-,-, -,-, -,-,-, -,-, -,-,-, -,-, -
04246600,TEXTURES INSTITUTE OF COSMETOLOGY,IN,462683635,Proprietary,25,26,54331,41,54331,25,26,76666,41,76666,-,-, -,-, -,-,-, -,-, -,-,-, -,-, -
04246700,WILLIAMS TECHNICAL COLLEGE,LA,703602816,Proprietary,60,61,173270,113,170660,60,61,291869,115,288729,-,-, -,-, -,2,2,6500,4,6500,-,-, -,-, -
04246900,PIBERRY INSTITUTE,FL,330333215,Proprietary,18,20,54000,37,52250,19,21,75500,38,72500,-,-, -,-, -,2,2,6871,3,6871,-,-, -,-, -
04247200,WESTERN MARICOPA EDUCATION CENTER,AZ,853070000,Public,36,36,93170,67,93170,31,31,97646,59,97646,-,-, -,-, -,-,-, -,-, -,-,-, -,-, -
04247400,EA LA MAR'S COSMETOLOGY & BARBER COLLEGE,MO,641271912,Proprietary,28,35,104919,66,104919,28,34,129381,67,129381,-,-, -,-, -,-,-, -,-, -,-,-, -,-, -
04247600,NEW BEGINNINGS BEAUTY ACADEMY,AR,716015257,Proprietary,52,78,208212,141,205637,46,50,231892,96,228892,-,-, -,-, -,-,-, -,-, -,-,-, -,-, -
04247700,REGINA WEBB ACADEMY,KY,421044457,Proprietary,14,15,43501,27,43501,14,15,51876,27,51876,-,-, -,-, -,-,-, -,-, -,-,-, -,-, -
04248000,"RECORDING CONSERVATORY OF AUSTIN, (THE)",TX,787303004,Proprietary,32,34,127372,62,119872,36,38,174282,71,166282,-,-, -,-, -,8,8,130904,15,122210,-,-, -,-, -
04248200,DEHART TECHNICAL SCHOOL,CA,953569292,Proprietary,57,57,185601,107,183851,54,54,225178,105,222178,-,-, -,-, -,5,5,71538,10,71538,-,-, -,-, -
04248300,LOS ANGELES ACADEMY OF FIGURATIVE ART,CA,914062127,Proprietary,3,3,16500,9,16500,3,3,16000,9,16000,-,-, -,-, -,-,-, -,-, -,-,-, -,-, -
04248400,ACADEMY OF INTERACTIVE ENTERTAINMENT,LA,705064293,Private-Nonprofit,46,67,210273,124,210273,51,75,168997,134,168997,-,-, -,-, -,16,24,345989,47,345989,-,-, -,-, -
04248500,TEXAS A&M UNIVERSITY-SAN ANTONIO,TX,782243134,Public,2360,2425,9544566,4089,9544566,1982,2072,9505919,3421,9505919,460,545,6702304,882,6702304,51,56,566126,95,566126,17,18,188301,26,188301
04248800,WONGU UNIVERSITY OF ORIENTAL MEDICINE,NV,891232836,Private-Nonprofit,-,-, -,-, -,-,-, -,-, -,14,16,267933,42,260488,-,-, -,-, -,8,10,261569,41,251735
04248900,VH BARBER & STYLING ACADEMY,LA,711114409,Proprietary,19,19,54329,34,54329,19,19,63752,36,63752,-,-, -,-, -,-,-, -,-, -,-,-, -,-, -
04249000,MEDICAL CAREER AND TECHNICAL COLLEGE,KY,404752614,Proprietary,146,148,434483,288,434483,150,152,708414,302,708414,-,-, -,-, -,1,1,31684,2,31684,-,-, -,-, -
04249300,SALON BOUTIQUE ACADEMY,TX,750014399,Proprietary,129,134,343038,259,343038,122,129,486969,252,486969,-,-, -,-, -,20,21,125176,40,125176,-,-, -,-, -
04249400,CENTER FOR NEUROSOMATIC STUDIES,FL,337603712,Proprietary,5,5,10863,8,10863,4,4,14077,7,14077,-,-, -,-, -,-,-, -,-, -,-,-, -,-, -
04249600,WESTCLIFF UNIVERSITY,CA,926145236,Proprietary,127,179,597080,319,586645,132,178,563708,310,552458,306,325,5999903,620,5992216,33,35,559510,63,559510,191,242,6077874,465,6060513
04249800,DOLCE THE ACADEMY,CT,067053271,Proprietary,45,49,130418,94,130418,43,47,103570,101,103570,-,-, -,-, -,-,-, -,-, -,-,-, -,-, -
04250100,SANTA BARBARA AND VENTURA COLLEGES OF LAW (THE),CA,930037774,Private-Nonprofit,9,10,49987,19,49987,7,8,50750,17,50750,271,365,6498499,696,6498499,-,-, -,-, -,50,60,1474751,122,1474751
04250200,FOCUS PERSONAL TRAINING INSTITUTE,NY,100016217,Proprietary,26,26,58326,50,58326,26,26,75997,50,75997,-,-, -,-, -,2,2,22492,4,22492,-,-, -,-, -
04250300,HAIR ACADEMY SCHOOL OF BARBERING & BEAUTY,DE,197132305,Proprietary,27,33,101160,64,101160,29,36,124953,70,124953,-,-, -,-, -,-,-, -,-, -,-,-, -,-, -
04250400,FOSBRE ACADEMY OF HAIR DESIGN,WA,985021018,Proprietary,15,15,37423,30,37423,15,15,45351,30,45351,-,-, -,-, -,-,-, -,-, -,-,-, -,-, -
04250500,NATIONAL PERSONAL TRAINING INSTITUTE,FL,328171478,Proprietary,35,40,86848,78,86848,37,43,153527,84,153527,-,-, -,-, -,-,-, -,-, -,-,-, -,-, -
04250800,MISSION BEAUTY INSTITUTE,TX,785724404,Proprietary,27,28,71325,55,69575,21,21,68044,41,67044,-,-, -,-, -,-,-, -,-, -,-,-, -,-, -
04250900,INTER AMERICAN UNIVERSITY OF PUERTO RICO - SCHOOL OF LAW,PR,009368351,Private-Nonprofit,-,-, -,-, -,2,2,21000,4,21000,569,645,10643131,1144,10643131,-,-, -,-, -,363,571,4938727,868,4938727
04251000,INTER AMERICAN UNIVERSITY OF PUERTO RICO - SCHOOL OF OPTOMETRY,PR,009576257,Private-Nonprofit,-,-, -,-, -,-,-, -,-, -,192,193,7277525,376,7277525,-,-, -,-, -,141,162,2184879,304,2184879
04251400,ELIM BIBLE COLLEGE,NY,144859704,Private-Nonprofit,21,21,77957,40,77957,19,19,68737,32,68737,-,-, -,-, -,2,2,20091,4,20091,-,-, -,-, -
04251700,HOPE COLLEGE OF ARTS AND SCIENCES,FL,330693240,Proprietary,61,71,190323,130,190323,60,69,231663,127,231663,-,-, -,-, -,-,-, -,-, -,-,-, -,-, -
04251800,GRADUATE INSTITUTE OF INTERNATIONAL AND DEVELOPMENT STUDIES (THE),,1202,Foreign-Private,-,-, -,-, -,-,-, -,-, -,22,22,394549,43,394549,-,-, -,-, -,10,11,161199,23,161199
04252200,EDGE HILL UNIVERSITY,,L39 4QP,Foreign-Private,1,1,5500,2,5500,1,1,7000,2,7000,2,2,34166,5,34166,-,-, -,-, -,2,2,17129,5,17129
04252300,PREMIER BARBER INSTITUTE,PA,194015163,Proprietary,84,101,257403,195,257403,85,103,356008,197,356008,-,-, -,-, -,-,-, -,-, -,-,-, -,-, -
04252400,WORLDCLASS ACADEMY OF BEAUTY CAREERS,FL,323106831,Proprietary,18,19,54336,35,54336,18,19,33380,35,33380,-,-, -,-, -,-,-, -,-, -,-,-, -,-, -
04252700,PACIFIC RIM CHRISTIAN UNIVERSITY,HI,968192228,Private-Nonprofit,54,57,204946,88,204946,46,47,216787,76,216787,19,22,319713,36,319713,2,2,19378,4,19378,2,2,51132,3,51132
04252900,INTERNATIONAL BEAUTY EDUCATION CENTER,WA,990010000,Proprietary,124,129,313208,239,313208,125,132,472719,248,472719,-,-, -,-, -,2,2,11550,3,11550,-,-, -,-, -
04253100,ALLIED HEALTH CAREERS INSTITUTE,TN,371305996,Proprietary,11,11,33653,21,33653,6,6,24134,12,24134,-,-, -,-, -,-,-, -,-, -,-,-, -,-, -
04253400,CLOVIS COMMUNITY COLLEGE,CA,937305401,Public,19,21,46969,41,46969,11,11,36077,26,36077,-,-, -,-, -,-,-, -,-, -,-,-, -,-, -
04253500,RAVENSBOURNE UNIVERSITY LONDON,,SE10 0EW,Foreign-Private,7,7,29500,14,29500,6,6,21500,12,21500,1,1,20500,3,20500,7,7,267366,14,267366,1,1,40128,3,40128
04253600,CLAREMONT LINCOLN UNIVERSITY,CA,917114744,Private-Nonprofit,15,15,44094,47,44094,13,15,60633,44,60633,131,151,1666405,408,1666405,-,-, -,-, -,-,-, -,-, -
04253700,SACRAMENTO ULTRASOUND INSTITUTE,CA,958155097,Proprietary,67,67,215528,153,215528,66,66,297593,155,297593,-,-, -,-, -,3,3,29240,6,29240,-,-, -,-, -
04253800,CHICAGO PROFESSIONAL CENTER,IL,600704755,Proprietary,2,2,2334,3,1751,1,1,2000,2,2000,-,-, -,-, -,-,-, -,-, -,-,-, -,-, -
04254000,PHIPPS ACADEMY OF BARBERING,IL,604711404,Proprietary,43,48,141017,100,141017,36,39,62685,73,62685,-,-, -,-, -,-,-, -,-, -,-,-, -,-, -
04254100,TECHNOLOGY LEARNING CENTER,MA,015401411,Proprietary,12,12,20034,24,20034,13,13,25182,26,25182,-,-, -,-, -,4,4,22990,8,22990,-,-, -,-, -
04254200,INTER AMERICAN UNIVERSITY OF PUERTO RICO - SAN GERMAN CAMPUS,PR,006839801,Private-Nonprofit,322,345,1149941,500,1149941,21,22,69992,30,69992,303,323,2791310,563,2791310,24,29,142454,37,142454,3,3,40600,5,40600
04254300,PETS PLAYGROUND GROOMING SCHOOL,FL,330623705,Proprietary,12,12,23329,21,23329,12,12,35500,21,35500,-,-, -,-, -,-,-, -,-, -,-,-, -,-, -
04254400,ARKANSAS STATE UNIVERSITY - MOUNTAIN HOME,AR,726535326,Public,353,377,1058078,659,1058078,326,351,1367511,606,1367511,-,-, -,-, -,1,1,10739,2,10739,-,-, -,-, -
04254900,CINCINNATI SCHOOL OF BARBERING & HAIR DESIGN,OH,452395538,Proprietary,6,6,17750,12,17750,3,3,13622,6,13622,-,-, -,-, -,-,-, -,-, -,-,-, -,-, -
04255100,U.S. TRUCK DRIVER TRAINING SCHOOL,MI,483124518,Proprietary,55,55,124383,104,119703,54,54,198981,102,190957,-,-, -,-, -,-,-, -,-, -,-,-, -,-, -
04255300,HOSS LEE ACADEMY,CA,956615233,Proprietary,75,85,172541,168,170791,80,91,233219,180,230219,-,-, -,-, -,12,12,121114,26,121114,-,-, -,-, -
04255400,REGAN CAREER INSTITUTE,CA,917333254,Proprietary,46,49,135583,94,135583,45,47,161867,93,161867,-,-, -,-, -,-,-, -,-, -,-,-, -,-, -
04255500,ALABAMA SCHOOL OF NAIL TECHNOLOGY & COSMETOLOGY,AL,365452718,Proprietary,123,137,407021,262,407021,121,136,528821,263,528821,-,-, -,-, -,8,10,76494,20,76494,-,-, -,-, -
04255700,BOLIVAR TECHNICAL COLLEGE,MO,656138095,Private-Nonprofit,158,180,605801,337,605801,159,191,780018,355,780018,-,-, -,-, -,4,5,46500,10,46500,-,-, -,-, -
04256100,INDIANA COLLEGE OF SPORTS & MEDICAL MASSAGE,IN,462901006,Proprietary,88,88,261147,169,261147,89,98,399629,189,399629,-,-, -,-, -,7,7,85833,15,85833,-,-, -,-, -
04256200,KENNY'S ACADEMY OF BARBERING,IN,462222327,Proprietary,153,164,410920,273,410920,140,152,503772,261,503772,-,-, -,-, -,1,1,1524,2,1524,-,-, -,-, -
04256400,SAN BERNARDINO BEAUTY COLLEGE,CA,924104414,Proprietary,11,11,31979,21,31155,3,3,8823,5,7411,-,-, -,-, -,-,-, -,-, -,-,-, -,-, -
04256600,MAK BEAUTY INSTITUTE,GA,300402783,Proprietary,11,16,50094,33,50094,6,6,23043,12,23043,-,-, -,-, -,-,-, -,-, -,-,-, -,-, -
04256800,ARKANSAS COLLEGES OF HEALTH EDUCATION,AR,729166024,Private-Nonprofit,-,-, -,-, -,-,-, -,-, -,747,790,26087881,1417,26087881,-,-, -,-, -,658,762,18407065,1371,18407065
04257100,UNIVERSITEIT MAASTRICHT,,6211 LK,Foreign-Private,21,21,88426,42,88426,29,29,108224,58,108224,16,16,304940,32,304940,12,12,188858,24,188858,10,10,148914,20,148914
04257800,MOBILE TECHNICAL TRAINING,NJ,076060000,Proprietary,58,58,144875,113,143703,58,68,152962,132,152292,-,-, -,-, -,14,14,100967,28,100967,-,-, -,-, -
04257900,AMERICAN BARBER AND BEAUTY ACADEMY,PA,196071602,Proprietary,84,105,250735,203,250735,83,104,268163,203,268163,-,-, -,-, -,8,9,26301,18,26301,-,-, -,-, -
04258000,SEATTLE FILM INSTITUTE,WA,981191707,Proprietary,28,40,143550,103,143550,27,38,146169,97,146169,13,22,388789,50,388789,-,-, -,-, -,10,12,211917,32,211917
04258200,CHRISTINA AND COMPANY EDUCATION CENTER,IN,479054633,Proprietary,22,24,66192,47,66192,24,26,69930,51,69930,-,-, -,-, -,-,-, -,-, -,-,-, -,-, -
04258500,PREMIERE INTERNATIONAL COLLEGE,FL,339013916,Proprietary,98,98,381020,289,371230,109,109,650035,318,627434,-,-, -,-, -,-,-, -,-, -,-,-, -,-, -
04258900,MASTER'S BARBER & STYLING COLLEGE,TN,371384676,Proprietary,3,3,6905,5,6905,5,5,29500,10,29500,-,-, -,-, -,-,-, -,-, -,-,-, -,-, -
04259300,BURRELL COLLEGE OF OSTEOPATHIC MEDICINE,NM,880016056,Proprietary,-,-, -,-, -,-,-, -,-, -,560,560,22600825,1098,22600825,-,-, -,-, -,489,492,23250545,1048,23250545
04259500,UNIVERSITY OF THE WEST OF SCOTLAND,,PA1 2BE,Foreign-Private,1,1,5500,2,5500,1,1,2000,2,2000,3,3,61500,9,61500,1,1,16711,2,16711,3,3,35393,9,35393
04259700,UNIVERSITY OF SAINT KATHERINE,CA,920692971,Private-Nonprofit,126,151,590096,296,590096,103,106,335259,211,335259,18,18,306331,34,213829,38,39,872100,81,872100,5,5,139345,10,117039
04259800,CALIFORNIA INSTITUTE OF APPLIED TECHNOLOGY,CA,919506610,Proprietary,984,1303,3620840,2404,3619090,968,1270,5271296,2352,5268296,-,-, -,-, -,21,24,164343,47,164343,-,-, -,-, -
04260000,INSTITUTE OF MEDICAL ULTRASOUND,GA,303033030,Proprietary,65,77,240637,196,240637,66,77,328346,199,328346,-,-, -,-, -,10,10,164532,27,164532,-,-, -,-, -
04260200,"ELITE COSMETOLOGY, BARBER & SPA ACADEMY",WA,989025105,Proprietary,97,99,209342,166,209342,85,88,271560,146,271560,-,-, -,-, -,-,-, -,-, -,-,-, -,-, -
04260400,CUTTING EDGE ACADEMY,NJ,078761311,Proprietary,47,47,135372,91,135372,44,47,156633,91,156633,-,-, -,-, -,2,2,18050,4,18050,-,-, -,-, -
04260500,DIGITAL MEDIA INSTITUTE,LA,711033600,Private-Nonprofit,7,7,19250,11,19250,7,7,31000,11,31000,-,-, -,-, -,1,1,8024,1,8024,-,-, -,-, -
04260900,MYSTROS BARBER ACADEMY,TX,770903300,Private-Nonprofit,35,35,88408,61,88408,36,38,112743,67,112743,-,-, -,-, -,1,1,28753,2,28753,-,-, -,-, -
04261000,TECHNOLOGICAL UNIVERSITY OF THE SHANNON: MIDLANDS MIDWEST,,V94 EC5T,Foreign-Private,4,4,20000,8,20000,4,4,27000,8,27000,1,1,20500,2,20500,-,-, -,-, -,1,1,15886,2,15886
04261300,EUROPEAN MEDICAL SCHOOL OF MASSAGE,PA,196081680,Proprietary,26,26,56317,51,56317,28,28,98061,54,98061,-,-, -,-, -,3,3,22295,6,22295,-,-, -,-, -
04262300,LEEDS ARTS UNIVERSITY,,LS2 9AQ,Foreign-Private,7,7,32500,14,32500,9,9,33000,17,33000,2,2,41000,6,41000,5,5,184178,12,184178,3,3,73861,9,73861
04262900,WESTERN MICHIGAN UNIVERSITY HOMER STRYKER M.D. SCHOOL OF MEDICINE,MI,490078010,Private-Nonprofit,-,-, -,-, -,-,-, -,-, -,212,277,11820337,547,11806746,-,-, -,-, -,173,231,7698690,459,7698690
04263000,HARMONY HEALTH CARE INSTITUTE,NH,030540000,Proprietary,106,118,286764,232,286764,105,117,454860,224,454860,-,-, -,-, -,-,-, -,-, -,-,-, -,-, -
04263400,FLORIDA POLYTECHNIC UNIVERSITY,FL,338058531,Public,286,292,1126108,534,1126108,303,308,1020291,561,1020291,6,7,69376,11,69376,39,39,331754,71,331754,-,-, -,-, -
04263500,AMERICAN BEAUTY & TRADE SCHOOL,FL,331440000,Proprietary,44,47,123159,93,123159,40,40,106415,74,106415,-,-, -,-, -,-,-, -,-, -,-,-, -,-, -
04263600,NORTHEAST LAKEVIEW COLLEGE,TX,781483789,Public,235,280,667590,502,667590,239,308,907170,560,907170,-,-, -,-, -,20,25,174691,48,174691,-,-, -,-, -
04264600,HOGAN INSTITUTE OF COSMETOLOGY AND ESTHETICS,GA,300473717,Proprietary,61,68,151511,129,151511,61,68,189343,130,189343,-,-, -,-, -,5,5,57000,10,57000,-,-, -,-, -
04264800,J'S BARBER COLLEGE,LA,705606138,Proprietary,27,35,112945,68,112945,29,37,135192,71,135192,-,-, -,-, -,6,7,81812,15,81812,-,-, -,-, -
04265400,ANN WEBB SKIN INSTITUTE,TX,787593936,Proprietary,58,59,154964,114,154964,61,62,235004,119,235004,-,-, -,-, -,3,3,28199,6,28199,-,-, -,-, -
04265500,ICOHS COLLEGE,CA,921012927,Private-Nonprofit,81,83,219161,154,209011,76,77,314762,145,298762,-,-, -,-, -,-,-, -,-, -,-,-, -,-, -
04265700,SAN DIEGO GLOBAL KNOWLEDGE UNIVERSITY,CA,921017446,Proprietary,10,10,36370,20,36370,10,10,64500,20,64500,-,-, -,-, -,-,-, -,-, -,-,-, -,-, -
04266100,APEX ACADEMY HAIR SKIN NAILS SCHOOL OF COSMETOLOGY,OH,449061793,Proprietary,20,25,70968,48,70968,16,19,58769,37,58769,-,-, -,-, -,-,-, -,-, -,-,-, -,-, -
04266300,JOHNNY MATTHEW'S HAIRDRESSING TRAINING SCHOOL,OR,973019531,Proprietary,57,64,170139,125,170139,59,66,185584,123,185584,-,-, -,-, -,3,3,33000,6,33000,-,-, -,-, -
04267100,UNLIMITED COSMETOLOGY SCHOOL,MS,394013601,Proprietary,10,12,40000,23,38250,10,12,57000,23,56000,-,-, -,-, -,-,-, -,-, -,-,-, -,-, -
04267200,ALLGOOD BEAUTY INSTITUTE,TX,750349998,Proprietary,25,25,83419,39,83419,27,29,157826,50,157826,-,-, -,-, -,-,-, -,-, -,-,-, -,-, -
04267300,LEHIGH VALLEY BARBER & BEAUTY ACADEMY,PA,180175405,Proprietary,110,143,387735,267,368670,112,145,559888,270,533808,-,-, -,-, -,-,-, -,-, -,-,-, -,-, -
04267500,INTERNATIONAL BARBER COLLEGE,AZ,852263205,Proprietary,36,43,114750,82,109500,36,43,155169,84,148169,-,-, -,-, -,2,2,32260,4,32260,-,-, -,-, -
04267700,ESTHETIC INSTITUTE (THE),VA,221823818,Proprietary,63,65,146477,129,145311,66,68,227972,134,225972,-,-, -,-, -,1,1,19889,2,19889,-,-, -,-, -
04267900,BROWN BEAUTY BARBER SCHOOL,AL,350205016,Proprietary,39,39,101200,76,101200,37,37,127368,72,127368,-,-, -,-, -,-,-, -,-, -,-,-, -,-, -
04268000,KOR BEAUTY ACADEMY,AZ,853824958,Proprietary,15,15,42553,25,42553,15,15,41726,25,41726,-,-, -,-, -,-,-, -,-, -,-,-, -,-, -
04268100,RAY J'S COLLEGE OF HAIR,LA,708061522,Proprietary,39,40,118719,74,118719,39,40,133911,73,133911,-,-, -,-, -,-,-, -,-, -,-,-, -,-, -
04268300,REXBURG COLLEGE OF MASSAGE THERAPY,ID,834403873,Proprietary,24,24,57864,46,55454,22,22,79306,41,73108,-,-, -,-, -,-,-, -,-, -,-,-, -,-, -
04269000,GLOBAL TECH COLLEGE,OH,436154234,Proprietary,43,48,95728,100,94228,20,23,58719,44,58719,-,-, -,-, -,-,-, -,-, -,-,-, -,-, -
04269400,CROWN CUTZ ACADEMY BRISTOL,VA,242013323,Proprietary,15,15,34083,23,34083,11,11,33667,16,33667,-,-, -,-, -,1,1,7046,2,7046,-,-, -,-, -
04269500,GOSHEN SCHOOL OF COSMETOLOGY,MS,387320000,Proprietary,8,8,20500,12,20500,8,8,32000,12,32000,-,-, -,-, -,-,-, -,-, -,-,-, -,-, -
04269600,IBS SCHOOL OF COSMETOLOGY AND MASSAGE,HI,967322118,Proprietary,21,25,72284,50,72284,20,24,89677,48,89677,-,-, -,-, -,2,2,25000,6,25000,-,-, -,-, -
04269700,UR BEAUTY & BARBER ACADEMY,FL,338701220,Proprietary,43,45,96159,87,96159,43,44,127846,88,127846,-,-, -,-, -,-,-, -,-, -,-,-, -,-, -
04269800,L MAKEUP INSTITUTE,NV,891456247,Proprietary,86,112,242945,218,242945,94,124,276564,240,276564,-,-, -,-, -,40,52,559179,103,559179,-,-, -,-, -
04270000,URBAN BARBER COLLEGE,CA,945202522,Proprietary,243,278,603574,529,603574,239,275,877439,534,877439,-,-, -,-, -,3,3,13762,6,13762,-,-, -,-, -
04270400,TRANSITIONS CAREER INSTITUTE SCHOOL OF NURSING,NY,113541964,Proprietary,73,73,177575,144,177575,71,71,231810,141,231810,-,-, -,-, -,-,-, -,-, -,-,-, -,-, -
04270700,MCALLEN CAREERS INSTITUTE,TX,785012702,Proprietary,142,142,462386,265,462386,140,140,694909,267,694909,-,-, -,-, -,8,8,45643,14,45643,-,-, -,-, -
04270900,D&S SCHOOL OF COSMETOLOGY,MI,483282918,Proprietary,4,4,12250,7,12250,5,5,21333,9,21333,-,-, -,-, -,-,-, -,-, -,-,-, -,-, -
04271000,STACEY JAMES INSTITUTE,CO,801343358,Proprietary,83,93,270992,184,269242,85,95,298494,188,297494,-,-, -,-, -,15,15,156210,30,156210,-,-, -,-, -
04271100,MERIDIAN UNIVERSITY,CA,949523092,Proprietary,-,-, -,-, -,-,-, -,-, -,168,171,2947908,554,2925700,-,-, -,-, -,96,98,3185027,333,3138090
04271400,CENTRAL PENNSYLVANIA DIESEL INSTITUTE,PA,170459201,Proprietary,7,7,17150,13,15925,7,7,18200,13,16100,-,-, -,-, -,3,3,64136,6,64136,-,-, -,-, -
04271600,"AVENUE ACADEMY, A COSMETOLOGY INSTITUTE (THE)",NM,871123449,Proprietary,74,85,230665,169,230665,64,73,223929,158,223929,-,-, -,-, -,-,-, -,-, -,-,-, -,-, -
04271700,SALON PROFESSIONAL ACADEMY OF SAN ANTONIO (THE),TX,782322242,Proprietary,98,119,252580,230,252580,110,132,311731,251,311731,-,-, -,-, -,30,36,198893,70,198893,-,-, -,-, -
04272100,PRINCESS INSTITUTE OF BEAUTY,CA,936542455,Proprietary,45,55,117414,107,117414,44,53,133387,119,133387,-,-, -,-, -,1,1,3286,2,3286,-,-, -,-, -
04272400,NORTHERN TECHNICAL COLLEGE,AR,716016835,Proprietary,23,27,82881,50,81131,23,27,109118,50,106118,-,-, -,-, -,-,-, -,-, -,-,-, -,-, -
04272600,VOGUE INTERNATIONAL ACADEMY,TX,770825300,Proprietary,6,6,21000,18,21000,6,6,15340,18,15340,-,-, -,-, -,-,-, -,-, -,-,-, -,-, -
04272800,INDEPENDENT TRAINING & APPRENTICESHIP PROGRAM,CA,958271741,Proprietary,82,82,279556,164,279556,80,80,343042,167,343042,-,-, -,-, -,18,18,173251,37,173251,-,-, -,-, -
04273200,BERKOWITS SCHOOL OF ELECTROLYSIS,NY,113756820,Proprietary,30,30,67054,58,67054,29,29,89997,57,89997,-,-, -,-, -,-,-, -,-, -,-,-, -,-, -
04273300,VICTORY CAREER COLLEGE,CA,907463205,Proprietary,78,78,169832,145,169832,72,73,224398,138,224398,-,-, -,-, -,2,2,18916,4,18916,-,-, -,-, -
04273400,SAN FRANCISCO SCHOOL OF MASSAGE & BODYWORK,CA,941033416,Proprietary,26,26,51224,45,51224,23,23,76129,40,76129,-,-, -,-, -,-,-, -,-, -,-,-, -,-, -
04273500,WINONAH'S INTERNATIONAL SCHOOL OF COSMETOLOGY,AL,352447103,Proprietary,70,74,191161,128,191161,64,68,257016,120,257016,-,-, -,-, -,1,2,23000,4,23000,-,-, -,-, -
04273900,SOUTHEASTERN ESTHETICS INSTITUTE,SC,290450000,Proprietary,243,247,543242,485,543242,245,249,713564,489,713564,-,-, -,-, -,32,38,293919,75,293919,-,-, -,-, -
04274000,SOUTHEASTERN FREE WILL BAPTIST BIBLE COLLEGE,NC,275919072,Private-Nonprofit,12,12,44399,22,44399,11,11,31514,18,31514,-,-, -,-, -,1,1,1779,1,1779,-,-, -,-, -
04274100,ARKANSAS WELDING ACADEMY,AR,720762302,Proprietary,58,60,190750,116,190750,58,58,207174,113,207174,-,-, -,-, -,28,28,688942,56,688942,-,-, -,-, -
04274200,INSTALLER INSTITUTE,FL,321642220,Proprietary,2,2,3112,4,3112,2,2,5334,4,5334,-,-, -,-, -,-,-, -,-, -,-,-, -,-, -
04274300,CARIS COLLEGE,IN,471308293,Proprietary,162,172,551358,382,551358,157,166,662748,373,662748,-,-, -,-, -,34,36,267281,83,267281,-,-, -,-, -
04274400,PMCA PITTSBURGH MULTICULTURAL COSMETOLOGY ACADEMY,PA,152222245,Proprietary,12,15,38140,29,38140,12,15,48395,29,48395,-,-, -,-, -,-,-, -,-, -,-,-, -,-, -
04274500,STRAND INSTITUTE OF BEAUTY & ESTHETICS (THE),TX,784090000,Proprietary,53,54,139011,103,139011,54,55,178188,108,178188,-,-, -,-, -,4,4,31986,8,31986,-,-, -,-, -
04274700,CENTRALIA BEAUTY COLLEGE,WA,985314016,Proprietary,31,32,100125,58,100125,25,26,84608,51,84608,-,-, -,-, -,1,1,12000,2,12000,-,-, -,-, -
04274900,CONTRA COSTA MEDICAL CAREER COLLEGE,CA,945316208,Proprietary,264,271,844457,531,844457,227,237,806494,500,806494,-,-, -,-, -,3,3,26392,6,26392,-,-, -,-, -
04275200,DSDT,MI,482160000,Proprietary,41,41,87081,73,87081,43,43,147176,76,147176,-,-, -,-, -,-,-, -,-, -,-,-, -,-, -
04275300,ZION MASSAGE COLLEGE,UT,847708819,Proprietary,20,20,68915,40,68915,18,18,98055,35,98055,-,-, -,-, -,-,-, -,-, -,-,-, -,-, -
04275400,MAKANA ESTHETICS WELLNESS ACADEMY,HI,968175327,Proprietary,48,48,109652,94,109652,48,48,136853,94,136853,-,-, -,-, -,2,2,15536,4,15536,-,-, -,-, -
04275600,G.A. BEAUTY & BARBER SCHOOL,TX,785013309,Proprietary,69,69,170470,132,169422,7,7,17654,14,17654,-,-, -,-, -,-,-, -,-, -,-,-, -,-, -
04275700,STAFFORDSHIRE UNIVERSITY,,ST4 2DE,Foreign-Private,5,5,21500,10,21500,4,4,21000,8,21000,3,3,61500,7,61500,2,2,53385,4,53385,2,2,49766,5,49766
04275900,ANOTHER LEVEL BARBERING AND COSMETOLOGY SCHOOL,VA,238033245,Proprietary,72,73,198424,125,198424,68,69,258214,125,258214,-,-, -,-, -,1,1,5200,2,5200,-,-, -,-, -
04276000,GLITZ SCHOOL OF COSMETOLOGY,NM,880114531,Proprietary,182,202,531619,397,531619,183,203,624556,402,624556,-,-, -,-, -,1,1,4990,2,4990,-,-, -,-, -
04276100,CHAMPION CHRISTIAN COLLEGE,AR,719133531,Private-Nonprofit,83,89,327689,167,327689,88,93,294622,181,294622,-,-, -,-, -,24,24,237163,49,237163,-,-, -,-, -
04276300,AMERICAN MASSAGE & BODYWORK INSTITUTE,VA,221822245,Proprietary,79,79,169376,127,169376,76,76,293347,126,293347,-,-, -,-, -,1,1,4000,2,4000,-,-, -,-, -
04276400,CULINARY SCHOOL OF FORT WORTH (THE),TX,761164353,Proprietary,36,36,105027,64,105027,34,34,130837,61,130837,-,-, -,-, -,1,1,7000,1,7000,-,-, -,-, -
04276500,GLOBAL MEDICAL & TECHNICAL TRAINING INSTITUTE,FL,331253562,Proprietary,520,520,1273924,759,1273924,522,522,1960328,763,1960328,-,-, -,-, -,-,-, -,-, -,-,-, -,-, -
04276700,SALON PROFESSIONAL ACADEMY (THE),TX,786265470,Proprietary,63,84,166495,165,166495,79,105,253617,207,253617,-,-, -,-, -,21,22,199728,44,199728,-,-, -,-, -
04276800,KCK BEAUTY & BARBER ACADEMY,FL,321185578,Proprietary,24,33,71275,65,71275,24,33,99345,65,99345,-,-, -,-, -,-,-, -,-, -,-,-, -,-, -
04277100,YOUNG AMERICANS COLLEGE OF THE PERFORMING ARTS (THE),CA,928813390,Private-Nonprofit,9,9,32064,17,32064,8,9,18976,17,18976,-,-, -,-, -,4,4,77254,9,77254,-,-, -,-, -
04277400,ELITE ACADEMY OF HAIR DESIGN,OH,439122513,Proprietary,57,65,180556,122,180556,56,68,112545,127,112545,-,-, -,-, -,11,11,66903,22,66903,-,-, -,-, -
04277700,CALIFORNIA COLLEGE OF BARBERING AND COSMETOLOGY,CA,952103514,Proprietary,277,326,842156,629,842156,266,314,888848,632,888848,-,-, -,-, -,33,36,190046,72,190046,-,-, -,-, -
04277800,PRO BEAUTY ACADEMY (THE),NJ,088202843,Proprietary,59,60,132029,116,132029,52,53,165327,103,165327,-,-, -,-, -,-,-, -,-, -,-,-, -,-, -
04278400,MONTANA BARBER INSTITUTE,TX,799384655,Proprietary,6,6,21000,9,10503,6,6,16842,9,7617,-,-, -,-, -,-,-, -,-, -,-,-, -,-, -
04278800,LOS ANGELES PACIFIC UNIVERSITY,CA,917731741,Private-Nonprofit,1621,2177,6447493,4003,6447493,1565,2139,9175259,3900,9175259,232,335,4360468,617,4355343,10,10,190880,26,190880,15,17,335001,37,335001
04278900,PROFESSIONAL UNIVERSITY DR. CARLOS J. BORRERO RÍOS,PR,009180000,Proprietary,1,1,4500,3,4500,1,1,4227,3,4227,119,119,1944350,255,1944350,-,-, -,-, -,21,22,506400,52,506400
04279000,AMERICAN INSTITUTE OF HEALTHCARE & TECHNOLOGY,CT,066157149,Proprietary,53,58,189946,107,189946,46,50,194668,92,194668,-,-, -,-, -,2,2,13269,4,13269,-,-, -,-, -
04279300,PREMIER ACADEMY OF COSMETOLOGY,OK,745014143,Proprietary,24,25,77500,46,77500,24,25,108333,46,108333,-,-, -,-, -,1,1,3016,1,3016,-,-, -,-, -
04279500,HARTPURY UNIVERSITY,,GL 19 3BE,Foreign-Private,5,5,23500,15,23500,5,5,14000,15,14000,1,1,20500,1,20500,2,2,20000,4,20000,-,-, -,-, -
04279700,ALBERT EINSTEIN COLLEGE OF MEDICINE,NY,104611900,Private-Nonprofit,-,-, -,-, -,-,-, -,-, -,275,370,10697122,734,10697122,-,-, -,-, -,102,129,2977321,251,2977321
04279800,MAINE MEDIA COLLEGE,ME,048565952,Private-Nonprofit,1,1,3500,2,3500,2,2,16000,4,16000,5,5,95000,10,95000,-,-, -,-, -,-,-, -,-, -
04279900,ESTEEM ACADEMY OF BEAUTY,UT,844034374,Proprietary,31,35,99998,66,98248,26,29,117330,55,116330,-,-, -,-, -,-,-, -,-, -,-,-, -,-, -
04280000,MARINE TRADES INSTITUTE,MI,497199790,Private-Nonprofit,14,36,72050,51,72050,14,38,66186,55,66186,-,-, -,-, -,2,4,5366,8,5366,-,-, -,-, -
04280400,KC BEAUTY ACADEMY,CA,900124303,Proprietary,57,66,136987,126,136987,52,58,135261,120,135261,-,-, -,-, -,4,4,29222,8,29222,-,-, -,-, -
04280600,GOODFELLAS BARBER COLLEGE,AR,722046332,Proprietary,37,39,119531,74,119531,37,39,179914,76,179914,-,-, -,-, -,-,-, -,-, -,-,-, -,-, -
04280800,TEXAS TECH UNIVERSITY HEALTH SCIENCES CENTER EL PASO,TX,799052827,Public,151,240,1198697,463,1180359,132,202,1149522,384,1127852,410,510,18305386,1089,18298552,1,2,71432,4,71432,238,324,5683625,669,5674251
04280900,HOUSTON BARBER SCHOOL,TX,770734400,Proprietary,270,304,633417,567,633417,267,301,1056092,566,1056092,-,-, -,-, -,2,2,16500,4,16500,-,-, -,-, -
04281100,MIXED INSTITUTE OF COSMETOLOGY & BARBER,CA,958232370,Proprietary,114,138,277778,269,277778,113,137,340006,297,340006,-,-, -,-, -,6,8,25107,15,25107,-,-, -,-, -
04281300,REISS-DAVIS GRADUATE SCHOOL (THE),CA,900343710,Private-Nonprofit,-,-, -,-, -,-,-, -,-, -,15,15,281443,60,281443,-,-, -,-, -,5,6,63953,24,63953
04281400,CALIFORNIA HEALTH SCIENCES UNIVERSITY,CA,936120303,Proprietary,-,-, -,-, -,-,-, -,-, -,9,9,224463,21,224463,-,-, -,-, -,8,10,226826,23,226826
04281500,VSKI COSMETOLOGY SCHOOL,SC,294074610,Proprietary,19,22,55053,44,55053,20,24,73622,48,73622,-,-, -,-, -,2,2,15642,4,15642,-,-, -,-, -
04281700,COMPTON COLLEGE,CA,902215393,Public,177,185,465099,269,465099,178,184,775726,270,775726,-,-, -,-, -,-,-, -,-, -,-,-, -,-, -
04281900,PERSONAL TOUCH BEAUTY AND BARBER COLLEGE,SC,295563346,Proprietary,11,14,45500,28,45500,12,15,63666,30,63666,-,-, -,-, -,-,-, -,-, -,-,-, -,-, -
04282300,ANTIGUA COLLEGE INTERNATIONAL,FL,330161511,Proprietary,263,352,1223328,780,1223328,227,293,1029441,741,1029441,-,-, -,-, -,8,10,48874,27,48874,-,-, -,-, -
04282400,VAUGHN BEAUTY COLLEGE,MS,397303238,Proprietary,14,15,43460,29,43460,6,7,19333,14,19333,-,-, -,-, -,-,-, -,-, -,-,-, -,-, -
04282500,AUSTIN CAREER INSTITUTE,TX,787522911,Proprietary,145,145,468403,273,468403,141,141,664437,271,664437,-,-, -,-, -,15,15,129703,30,129703,-,-, -,-, -
04282700,URSHAN UNIVERSITY,MO,633857526,Private-Nonprofit,195,197,781164,360,781164,213,215,613286,395,613286,-,-, -,-, -,18,18,154200,36,154200,-,-, -,-, -
04282800,GLASGOW CALEDONIAN NEW YORK COLLEGE,NY,100124350,Private-Nonprofit,-,-, -,-, -,-,-, -,-, -,9,9,132790,22,132790,-,-, -,-, -,-,-, -,-, -
04283000,AMERICAN COLLEGE OF THE BUILDING ARTS,SC,294034223,Private-Nonprofit,45,45,203497,89,203497,52,52,247758,103,247758,-,-, -,-, -,4,4,97000,8,97000,-,-, -,-, -
04283100,TEXAS HEALTHTECH INSTITUTE,TX,777072604,Proprietary,119,121,365147,229,365147,108,110,531489,214,531489,-,-, -,-, -,-,-, -,-, -,-,-, -,-, -
04283200,DELUXE BARBER COLLEGE,TX,782172118,Proprietary,97,106,238876,197,238876,95,103,348301,187,348301,-,-, -,-, -,1,1,5900,2,5900,-,-, -,-, -
04283300,A BETTER U BEAUTY BARBER ACADEMY,NM,871103128,Proprietary,47,56,135413,110,135413,46,55,155140,109,155140,-,-, -,-, -,-,-, -,-, -,-,-, -,-, -
04283500,FALCON INSTITUTE OF HEALTH AND SCIENCE,PA,180172113,Proprietary,306,345,1078933,658,1078933,303,344,1609965,659,1606965,-,-, -,-, -,1,1,8500,2,8500,-,-, -,-, -
04283600,COLLEGE UNBOUND,RI,029050000,Private-Nonprofit,265,265,1052506,942,986796,229,229,1253250,739,1173515,-,-, -,-, -,-,-, -,-, -,-,-, -,-, -
04283700,OREGON COAST COMMUNITY COLLEGE,OR,973664100,Public,94,102,295276,242,295276,84,87,360488,207,360488,-,-, -,-, -,-,-, -,-, -,-,-, -,-, -
04283800,PROFESSIONAL CULINARY ACADEMY,NY,142221433,Proprietary,10,10,23330,20,23330,10,10,30571,20,30571,-,-, -,-, -,-,-, -,-, -,-,-, -,-, -
04284000,PACIFIC NORTHWEST CHRISTIAN COLLEGE,WA,993365144,Private-Nonprofit,67,67,186495,103,186495,68,68,160879,103,160879,-,-, -,-, -,1,1,10000,2,10000,-,-, -,-, -
04284300,LATIN AMERICAN BIBLE INSTITUTE,CA,917463099,Private-Nonprofit,22,22,61372,48,61372,15,15,48199,38,48199,-,-, -,-, -,-,-, -,-, -,-,-, -,-, -
04284500,MIDWEST BARBER COLLEGE,KS,666112358,Proprietary,29,33,96916,60,96916,29,33,118649,61,118649,-,-, -,-, -,-,-, -,-, -,-,-, -,-, -
04285000,LOTUS PROFESSIONAL COLLEGE,VA,232296323,Proprietary,95,102,213311,194,213311,99,106,330353,204,330353,5,5,92250,10,92250,4,4,21287,7,21287,-,-, -,-, -
04285300,HOLLYWOOD CULTURAL COLLEGE,CA,900102214,Proprietary,9,9,31500,18,31500,9,9,45893,18,45893,-,-, -,-, -,-,-, -,-, -,-,-, -,-, -
04285500,MARIANO MORENO CULINARY INSTITUTE,FL,331452627,Proprietary,75,83,239092,195,239092,73,81,280418,190,280418,-,-, -,-, -,-,-, -,-, -,-,-, -,-, -
04285600,BURLINGTON COUNTY INSTITUTE OF TECHNOLOGY - ADULT EDUCATION,NJ,080603826,Public,27,39,98219,70,98219,25,39,143290,71,143290,-,-, -,-, -,-,-, -,-, -,-,-, -,-, -
04285700,APEX COLLEGE OF VETERINARY TECHNOLOGY,CO,809033737,Proprietary,17,17,46606,44,46606,17,17,53418,44,53418,-,-, -,-, -,1,1,2382,3,2382,-,-, -,-, -
04285900,TUANA EUROPEAN BEAUTY ACADEMY,CO,805243302,Proprietary,27,28,71587,53,71587,27,28,99509,53,99509,-,-, -,-, -,-,-, -,-, -,-,-, -,-, -
04286100,HAIR ACADEMY,OH,456012667,Proprietary,23,23,71235,43,67735,23,23,70513,43,66513,-,-, -,-, -,-,-, -,-, -,-,-, -,-, -
04286300,XTYLO BEAUTY COLLEGE,AZ,850081303,Proprietary,9,11,22250,21,22250,3,3,4464,5,4464,-,-, -,-, -,-,-, -,-, -,-,-, -,-, -
04286500,TONSORIAL ARTS BARBER COLLEGE,TX,755013264,Proprietary,194,230,548824,410,515324,192,227,859487,403,810487,-,-, -,-, -,5,5,68999,9,68999,-,-, -,-, -
04287000,ALDER GRADUATE SCHOOL OF EDUCATION,CA,940621510,Private-Nonprofit,-,-, -,-, -,-,-, -,-, -,75,85,1238448,238,1238448,-,-, -,-, -,9,10,88148,25,88148
04287100,WEBB'S BARBER SCHOOL OF ARTS,GA,312064118,Proprietary,18,22,70468,43,70468,18,22,107957,43,107957,-,-, -,-, -,-,-, -,-, -,-,-, -,-, -
04287200,EVVAYLOIS ACADEMY SCHOOL OF BEAUTY,TX,778335873,Private-Nonprofit,12,12,36750,22,36750,12,12,43000,22,43000,-,-, -,-, -,-,-, -,-, -,-,-, -,-, -
04287300,MICHAEL'S BARBER & HAIR STYLIST ACADEMY,TX,750626016,Proprietary,53,55,107363,97,107363,53,55,165252,103,165252,-,-, -,-, -,2,2,2594,4,2594,-,-, -,-, -
04287400,ADRIAN H. WALLACE BARBER ACADEMY (THE),FL,325032802,Proprietary,28,28,92484,53,92484,28,28,134005,56,134005,-,-, -,-, -,-,-, -,-, -,-,-, -,-, -
04287800,ST. LOUIS MED TECH,MO,631233107,Private-Nonprofit,13,13,30485,26,30485,12,12,45560,24,45560,-,-, -,-, -,-,-, -,-, -,-,-, -,-, -
04288000,RAPHA SCHOOL (THE),PA,157479615,Proprietary,22,34,108264,67,108264,22,34,165782,66,165782,-,-, -,-, -,-,-, -,-, -,-,-, -,-, -
04288100,TOTAL BEAUTY INSTITUTE,FL,322085119,Private-Nonprofit,17,20,45418,35,45418,16,19,45089,34,45089,-,-, -,-, -,-,-, -,-, -,-,-, -,-, -
04288900,PEARLANDS INNOVATIVE SCHOOL OF BEAUTY,TX,775847891,Proprietary,58,58,178336,113,178336,58,58,270513,117,270513,-,-, -,-, -,2,2,12068,4,12068,-,-, -,-, -
04289600,DURANT INSTITUTE OF HAIR DESIGN,OK,747013089,Proprietary,18,21,59871,43,59871,16,19,56061,37,56061,-,-, -,-, -,-,-, -,-, -,-,-, -,-, -
04290500,PAUL MITCHELL THE SCHOOL SAN JOSE,CA,951221409,Proprietary,128,147,279039,281,277289,133,156,347136,319,344301,-,-, -,-, -,46,53,250108,107,250108,-,-, -,-, -
04290700,PREMIERE AESTHETICS INSTITUTE,OR,977031964,Proprietary,47,47,100373,90,100373,47,47,137537,90,137537,-,-, -,-, -,1,1,13243,2,13243,-,-, -,-, -
04290800,CALIFORNIA UNIVERSITY OF SCIENCE AND MEDICINE,CA,923241603,Private-Nonprofit,-,-, -,-, -,-,-, -,-, -,375,386,15309450,763,15309450,-,-, -,-, -,314,397,13212026,782,13212026
04291100,COMMERCIAL DIVERS INTERNATIONAL,AZ,853383693,Proprietary,37,37,91335,72,91335,38,38,131604,77,131604,-,-, -,-, -,11,11,213353,24,213353,-,-, -,-, -
04291600,RIGGINS URBAN BARBER COLLEGE,CA,921143618,Proprietary,75,78,214622,145,212872,74,77,278576,142,275576,-,-, -,-, -,2,2,36592,4,36592,-,-, -,-, -
04291700,HAIR ARTS INSTITUTE,OK,731345076,Proprietary,26,31,91856,62,91856,25,30,123027,60,123027,-,-, -,-, -,-,-, -,-, -,-,-, -,-, -
04291900,FLORIDA PROFESSIONAL INSTITUTE,FL,331550000,Proprietary,83,83,189684,164,189684,82,82,320933,163,320933,-,-, -,-, -,-,-, -,-, -,-,-, -,-, -
04292100,RUBEN'S FIVE STAR ACADEMY,FL,338590000,Proprietary,24,24,55161,46,55161,19,19,30704,38,30704,-,-, -,-, -,-,-, -,-, -,-,-, -,-, -
04292300,"FLORIDA ACADEMY OF NURSING, THE",FL,330257000,Proprietary,1,1,2334,2,2334,2,2,12500,3,8250,-,-, -,-, -,-,-, -,-, -,-,-, -,-, -
04292400,BODY WISDOM MASSAGE THERAPY SCHOOL,IA,503222903,Proprietary,22,22,69350,42,69350,22,23,118607,46,118607,-,-, -,-, -,-,-, -,-, -,-,-, -,-, -
04293000,CALIFORNIA COLLEGE OF MUSIC,CA,911062403,Proprietary,1,1,2333,1,2333,1,1,4000,1,4000,-,-, -,-, -,-,-, -,-, -,-,-, -,-, -
04293200,PROFESSIONAL COSMETOLOGY ACADEMY (THE),TX,780400000,Proprietary,4,4,3389,8,3389,2,2,889,4,889,-,-, -,-, -,-,-, -,-, -,-,-, -,-, -
04293300,HACKENSACK MERIDIAN SCHOOL OF MEDICINE,NJ,071101912,Private-Nonprofit,-,-, -,-, -,-,-, -,-, -,369,370,16347386,751,16347386,-,-, -,-, -,264,279,11378744,625,11378744
04293500,CAL NORTHERN SCHOOL OF LAW,CA,959738682,Proprietary,-,-, -,-, -,-,-, -,-, -,24,29,411532,64,411532,-,-, -,-, -,11,11,196216,33,196216
04293600,ACADEMY FOR JEWISH RELIGION,NY,107017045,Private-Nonprofit,-,-, -,-, -,-,-, -,-, -,12,14,212033,21,212033,-,-, -,-, -,3,4,120417,6,120417
04293700,SALON PROFESSIONAL ACADEMY OF HOLLAND (THE),MI,494247521,Proprietary,27,31,95088,62,95088,30,34,86239,68,86239,-,-, -,-, -,2,2,9823,4,9823,-,-, -,-, -
04293800,MOTION PICTURE INSTITUTE,MI,480845505,Proprietary,34,34,96473,65,96473,36,37,128827,73,128827,-,-, -,-, -,10,10,139001,19,139001,-,-, -,-, -
04293900,LAKEWOOD UNIVERSITY,OH,441123044,Private-Nonprofit,8,8,24750,12,23000,8,8,40000,12,37000,1,1,13117,2,13117,-,-, -,-, -,-,-, -,-, -
04294200,ACADEMY OF ALLIED HEALTH CAREERS,TN,374115336,Proprietary,86,86,218914,155,218914,80,80,318026,152,318026,-,-, -,-, -,6,6,44690,11,44690,-,-, -,-, -
04294300,RCCGNA SEMINARY,TX,754017614,Private-Nonprofit,-,-, -,-, -,-,-, -,-, -,6,6,112750,13,112750,-,-, -,-, -,-,-, -,-, -
04294500,CALCOPA MASSAGE SCHOOL,CA,926482071,Proprietary,18,18,36164,31,36164,17,17,57667,29,57667,-,-, -,-, -,-,-, -,-, -,-,-, -,-, -
04294900,CTK HEALTHCARE & CAREER INSTITUTE,TX,750627861,Proprietary,85,85,293094,168,291344,79,79,446259,156,443259,-,-, -,-, -,-,-, -,-, -,-,-, -,-, -
04295000,BUCKINGHAMSHIRE NEW UNIVERSITY,,HP11 2JZ,Foreign-Private,1,1,3500,3,3500,1,1,2000,3,2000,-,-, -,-, -,1,1,38130,3,38130,-,-, -,-, -
04295100,AESTHETICS INSTITUTE,MO,631233107,Private-Nonprofit,9,9,29731,18,29731,8,8,28179,16,28179,-,-, -,-, -,3,3,32024,6,32024,-,-, -,-, -
04295500,ZEN SHIATSU CHICAGO,IL,602014317,Proprietary,8,8,21898,16,21898,8,8,37528,16,37528,-,-, -,-, -,-,-, -,-, -,-,-, -,-, -
04296000,INSTITUTE OF ALLIED HEALTHCARE (THE),TX,782300000,Proprietary,25,25,67314,48,67314,21,21,51501,40,51501,-,-, -,-, -,-,-, -,-, -,-,-, -,-, -
04296100,MADERA COMMUNITY COLLEGE,CA,936388321,Public,19,19,60007,35,60007,8,8,22065,14,22065,-,-, -,-, -,-,-, -,-, -,-,-, -,-, -
04296200,MEI BARBER SCHOOL,TX,785205472,Proprietary,12,14,38250,27,38250,12,14,47412,27,47412,-,-, -,-, -,-,-, -,-, -,-,-, -,-, -
04296300,MEDICAL SOLUTIONS ACADEMY,VA,245411054,Proprietary,45,45,113189,80,113189,18,18,72988,32,72988,-,-, -,-, -,-,-, -,-, -,-,-, -,-, -
04296600,CHANCELLOR INSTITUTE,FL,333091715,Proprietary,90,94,249175,159,243988,86,90,396908,155,389071,-,-, -,-, -,-,-, -,-, -,-,-, -,-, -
04296700,SIERRA ACADEMY OF STYLE,NV,897016324,Proprietary,86,99,276897,191,273981,75,83,296124,160,295124,-,-, -,-, -,5,5,45300,9,39350,-,-, -,-, -
04296800,JACKSON THEOLOGICAL SEMINARY,AR,721140000,Private-Nonprofit,1,1,1000,2,1000,1,1,1000,2,1000,8,8,135738,28,135738,-,-, -,-, -,-,-, -,-, -
04297000,SALON PROFESSIONAL ACADEMY (THE),PA,194262025,Proprietary,22,25,66500,49,66500,24,28,75306,55,75306,-,-, -,-, -,2,2,22501,4,22501,-,-, -,-, -
04297100,ELITE BEAUTY COLLEGE,OK,744012104,Proprietary,10,10,34250,17,34250,10,10,43000,16,43000,-,-, -,-, -,-,-, -,-, -,-,-, -,-, -
04297200,SAMI HALASEH INSTITUTE,KS,670028746,Proprietary,24,36,82004,74,82004,25,39,86372,79,86372,-,-, -,-, -,-,-, -,-, -,-,-, -,-, -
04297300,HELLO GORGEOUS BARBERS STILLWATER'S SCHOOL OF BARBERING,OK,740744104,Proprietary,13,18,54762,34,54762,11,15,58154,30,58154,-,-, -,-, -,-,-, -,-, -,-,-, -,-, -
04297400,STUDIO 75 HAIR ACADEMY,TN,380532066,Proprietary,10,10,22017,16,22017,5,5,9395,7,9395,-,-, -,-, -,-,-, -,-, -,-,-, -,-, -
04297500,GREAT NORTHERN UNIVERSITY,WA,992072550,Private-Nonprofit,11,11,49250,20,49250,5,5,16500,9,16500,-,-, -,-, -,-,-, -,-, -,-,-, -,-, -
04297700,COMMERCIAL DIVING TECHNOLOGIES INSTITUTE,FL,346676613,Proprietary,70,70,181750,126,181750,69,69,220821,129,220821,-,-, -,-, -,28,28,787198,56,787198,-,-, -,-, -
04298200,SOUTHERN CALIFORNIA COLLEGE OF BARBER AND BEAUTY,CA,920251801,Proprietary,62,70,158487,136,158487,50,56,170437,116,170437,-,-, -,-, -,-,-, -,-, -,-,-, -,-, -
04298800,SALON PROFESSIONAL ACADEMY (THE),NJ,077313385,Proprietary,66,74,175416,145,175416,59,64,153636,128,153636,-,-, -,-, -,5,5,65432,10,65432,-,-, -,-, -
04299100,NATIONAL INSTITUTE FOR MEDICAL ASSISTANT ADVANCEMENT,CO,802041597,Private-Nonprofit,27,28,89952,54,89952,21,22,94619,42,94619,-,-, -,-, -,-,-, -,-, -,-,-, -,-, -
04299200,KINO COLLEGE,AZ,857047802,Proprietary,35,35,90535,63,87735,33,33,117600,60,110400,-,-, -,-, -,7,7,32940,12,32940,-,-, -,-, -
04299600,BEAVER BEAUTY ACADEMY,GA,300324281,Proprietary,132,154,372762,283,372762,131,156,569036,286,569036,-,-, -,-, -,-,-, -,-, -,-,-, -,-, -
04299700,UPPER KUTZ BARBER & STYLE COLLEGE,MS,387015962,Proprietary,32,34,102250,63,102250,32,34,148333,63,148333,-,-, -,-, -,-,-, -,-, -,-,-, -,-, -
04299800,ALL IN THE WRIST BARBER ACADEMY,DE,199770000,Proprietary,9,9,26185,18,26185,7,7,24197,12,24197,-,-, -,-, -,-,-, -,-, -,-,-, -,-, -
04300300,ZORGANICS INSTITUTE OF BEAUTY AND WELLNESS,WA,982268184,Proprietary,17,17,48980,32,48980,17,17,75813,31,75813,-,-, -,-, -,-,-, -,-, -,-,-, -,-, -
04300400,EDGE ACADEMY OF BEAUTY,KY,409628700,Proprietary,35,41,129105,79,128618,28,31,116850,60,116200,-,-, -,-, -,-,-, -,-, -,-,-, -,-, -
04300500,TOP OF THE LINE BARBER SCHOOL,TX,782182109,Proprietary,65,72,169560,133,169560,65,73,231251,137,231251,-,-, -,-, -,-,-, -,-, -,-,-, -,-, -
04300600,SOUTHEAST NEW MEXICO COLLEGE,NM,882203509,Public,23,24,80171,50,80171,14,14,73592,31,73592,-,-, -,-, -,-,-, -,-, -,-,-, -,-, -
04300700,KANSAS HEALTH SCIENCE UNIVERSITY,KS,672021003,Private-Nonprofit,-,-, -,-, -,-,-, -,-, -,177,179,7346074,525,7346074,-,-, -,-, -,157,158,7632032,495,7632032
04300900,SWEETWATER INSTITUTE OF COSMETOLOGY,TN,378743026,Proprietary,9,11,29743,21,29743,10,13,22963,24,22963,-,-, -,-, -,1,1,9688,2,9688,-,-, -,-, -
04302400,GRAHAM'S BARBER COLLEGE,TX,752151701,Proprietary,3,3,4250,5,4250,3,3,7334,6,7334,-,-, -,-, -,-,-, -,-, -,-,-, -,-, -
04302500,EAST TEXAS COSMETOLOGY COLLEGE,TX,759047137,Proprietary,8,8,22059,14,22059,7,7,31837,13,31837,-,-, -,-, -,2,2,22645,4,22645,-,-, -,-, -
04302900,BARBERS TRADE SCHOOL,TX,777013308,Proprietary,37,37,107743,63,107743,38,38,160148,65,160148,-,-, -,-, -,2,2,14300,4,14300,-,-, -,-, -
04303000,ACADEMIA MEDICAL INSTITUTE,OH,432040000,Proprietary,211,243,644378,460,643403,201,231,864746,446,861746,-,-, -,-, -,-,-, -,-, -,-,-, -,-, -
04303200,CUTTING EDGE BARBER ACADEMY,PA,176034229,Proprietary,37,43,108646,83,108646,36,41,125731,80,125731,-,-, -,-, -,-,-, -,-, -,-,-, -,-, -
04303400,AUSTIN MEDICAL ASSISTANT TRAINING,NY,113750000,Proprietary,84,87,287195,176,287195,73,76,246737,146,246737,-,-, -,-, -,-,-, -,-, -,-,-, -,-, -
04303600,JT'S CUTS ACADEMY,FL,333342765,Proprietary,27,29,85247,56,85247,25,26,103500,52,103500,-,-, -,-, -,1,1,10000,2,10000,-,-, -,-, -
04304100,NURSE ACADEMY (THE),CA,919502964,Proprietary,50,62,204445,120,202695,50,62,295326,119,292326,-,-, -,-, -,4,5,57000,10,57000,-,-, -,-, -
04304400,PREMIER BARBER SCHOOL,TX,770882518,Proprietary,46,56,125352,106,125352,47,56,192385,116,192385,-,-, -,-, -,1,1,9000,2,9000,-,-, -,-, -
04304500,HEARTLAND WELDING ACADEMY,KS,670029778,Proprietary,41,41,103195,76,103195,40,41,112080,78,112080,-,-, -,-, -,8,8,64970,14,64970,-,-, -,-, -
04304600,LEGENDS BARBER COLLEGE,TX,759043105,Proprietary,23,23,74598,43,74598,22,29,85389,56,85389,-,-, -,-, -,-,-, -,-, -,-,-, -,-, -
04304800,JAZZ BARBER AND HAIRSTYLING ACADEMY,VA,238033508,Proprietary,46,49,134500,98,134500,48,51,204416,101,204416,-,-, -,-, -,1,1,17700,3,17700,-,-, -,-, -
04304900,RENAISSANCE BEAUTY ACADEMY,MO,637034918,Proprietary,22,24,66929,43,65429,24,27,78455,49,77455,-,-, -,-, -,-,-, -,-, -,-,-, -,-, -
04305100,DYMOND DESIGNS BEAUTY SCHOOL,MI,482074236,Proprietary,77,92,234503,166,234503,77,96,281553,175,281553,-,-, -,-, -,-,-, -,-, -,-,-, -,-, -
04305500,CENTRAL VALLEY BARBER COLLEGE,CA,953672024,Proprietary,88,94,251458,183,249708,78,84,262097,164,260597,-,-, -,-, -,6,6,33850,12,33850,-,-, -,-, -
04305600,JAMA'S BEAUTY & BARBER COLLEGE,CA,913043023,Proprietary,1,1,3500,2,3500,1,1,6000,2,6000,-,-, -,-, -,-,-, -,-, -,-,-, -,-, -
04305900,ONE STOP ACADEMY,NC,283068490,Proprietary,26,31,93662,58,90162,23,27,82102,50,78102,-,-, -,-, -,2,2,15821,4,15821,-,-, -,-, -
04306200,ALBANY BEAUTY ACADEMY,GA,317073200,Proprietary,12,14,37679,23,37679,11,12,42612,20,42612,-,-, -,-, -,-,-, -,-, -,-,-, -,-, -
04307100,I.M. BEAUTY SCHOOL,IL,600255655,Proprietary,1,1,3500,2,3500,-,-, -,-, -,-,-, -,-, -,-,-, -,-, -,-,-, -,-, -
04308400,C N K BARBER COLLEGE,MS,388014902,Proprietary,15,17,52448,34,52448,16,17,64974,34,64974,-,-, -,-, -,-,-, -,-, -,-,-, -,-, -
04308500,SALON PROFESSIONAL ACADEMY MAPLEWOOD (THE),MN,551090000,Proprietary,33,38,110931,73,110931,38,46,123096,87,123096,-,-, -,-, -,1,2,10039,4,10039,-,-, -,-, -
04309500,PETRA COLLEGE,LA,704011551,Proprietary,8,8,28000,16,28000,7,7,42000,14,42000,-,-, -,-, -,-,-, -,-, -,-,-, -,-, -
04309600,BRIGHTON BARBER INSTITUTE,TX,760543058,Proprietary,8,8,24500,14,24500,8,8,38000,14,38000,-,-, -,-, -,-,-, -,-, -,-,-, -,-, -
04309800,AVEDA INSTITUTE MONTANA,MT,591023805,Proprietary,28,34,95582,62,95582,29,37,106764,69,106764,-,-, -,-, -,1,1,9000,2,9000,-,-, -,-, -
04310900,PRECISION WELDING ACADEMY,TX,774497605,Proprietary,23,25,67489,45,67489,23,25,72523,43,72523,-,-, -,-, -,3,3,32723,6,32723,-,-, -,-, -
04311300,MIAMI BARBER INSTITUTE,FL,331654434,Proprietary,11,11,31498,22,31498,12,12,53666,24,53666,-,-, -,-, -,-,-, -,-, -,-,-, -,-, -
04311800,ART22 ACADEMY,IN,468040000,Proprietary,13,14,36003,24,36003,15,15,50520,24,50520,-,-, -,-, -,1,1,10176,2,10176,-,-, -,-, -
04312300,SOUTHWEST MICHIGAN BEAUTY SCHOOL,MI,490912061,Proprietary,2,2,7000,4,7000,2,2,8000,4,8000,-,-, -,-, -,-,-, -,-, -,-,-, -,-, -
04312500,METROPOLITAN BARBER ACADEMY,PA,170259998,Proprietary,1,1,3500,2,3500,1,1,6000,2,6000,-,-, -,-, -,-,-, -,-, -,-,-, -,-, -
04312600,SOUTHWEST UNIVERSITY OF NAPRAPATHIC MEDICINE,NM,875055764,Proprietary,-,-, -,-, -,-,-, -,-, -,9,9,167450,33,167450,-,-, -,-, -,-,-, -,-, -
04312900,ICR FLORIDA EDUCATION,FL,331622447,Proprietary,18,18,46197,36,46197,12,12,48400,24,48400,-,-, -,-, -,-,-, -,-, -,-,-, -,-, -
04313000,BEREA BEAUTY ACADEMY,KY,404038004,Proprietary,4,5,9903,7,9903,2,3,10168,4,10168,-,-, -,-, -,-,-, -,-, -,-,-, -,-, -
04313800,MOSLEY SCHOOL OF COSMETOLOGY,MI,495085272,Proprietary,2,2,6500,4,6500,3,3,11666,6,11666,-,-, -,-, -,-,-, -,-, -,-,-, -,-, -
